date,T2M,T2M_MAX,T2M_MIN,PRECTOTCORR,ALLSKY_SFC_SW_DWN,lat,lon
2004-10-01,14.92,23.69,8.05,0.15,16.44,40.092215238863254,40.35312929727827
2004-10-02,11.9,19.98,4.83,2.4,12.55,40.092215238863254,40.35312929727827
2004-10-03,8.39,13.64,2.66,3.06,9.65,40.092215238863254,40.35312929727827
2004-10-04,6.2,13.72,0.51,0.5,10.06,40.092215238863254,40.35312929727827
2004-10-05,6.69,16.53,-1.38,0.01,17.19,40.092215238863254,40.35312929727827
2004-10-06,9.02,19.09,0.38,0.43,17.52,40.092215238863254,40.35312929727827
2004-10-07,11.56,21.24,3.56,0.01,16.39,40.092215238863254,40.35312929727827
2004-10-08,11.72,19.68,4.8,3.17,14.2,40.092215238863254,40.35312929727827
2004-10-09,10.67,17.23,5.85,1.91,9.6,40.092215238863254,40.35312929727827
2004-10-10,9.14,15.64,3.44,0.15,13.06,40.092215238863254,40.35312929727827
2004-10-11,9.34,17.41,3.49,0.0,17.38,40.092215238863254,40.35312929727827
2004-10-12,8.95,17.68,2.1,0.83,14.78,40.092215238863254,40.35312929727827
2004-10-13,5.29,13.02,-0.62,1.61,7.6,40.092215238863254,40.35312929727827
2004-10-14,7.28,14.64,0.67,0.16,13.91,40.092215238863254,40.35312929727827
2004-10-15,9.24,15.91,4.71,0.57,14.26,40.092215238863254,40.35312929727827
2004-10-16,9.25,15.93,4.18,0.47,13.14,40.092215238863254,40.35312929727827
2004-10-17,9.95,16.53,4.92,0.0,14.29,40.092215238863254,40.35312929727827
2004-10-18,11.24,18.11,5.15,0.0,14.36,40.092215238863254,40.35312929727827
2004-10-19,11.52,19.59,5.78,0.08,11.68,40.092215238863254,40.35312929727827
2004-10-20,11.51,18.96,5.92,0.08,12.01,40.092215238863254,40.35312929727827
2004-10-21,3.31,7.95,-2.88,6.34,6.15,40.092215238863254,40.35312929727827
2004-10-22,0.47,6.93,-3.94,0.47,10.64,40.092215238863254,40.35312929727827
2004-10-23,3.14,12.81,-4.87,0.04,14.81,40.092215238863254,40.35312929727827
2004-10-24,5.44,13.74,-0.15,0.0,13.2,40.092215238863254,40.35312929727827
2004-10-25,7.01,14.69,1.0,0.0,14.61,40.092215238863254,40.35312929727827
2004-10-26,8.12,15.8,3.28,0.0,14.44,40.092215238863254,40.35312929727827
2004-10-27,9.47,17.48,2.85,0.0,13.29,40.092215238863254,40.35312929727827
2004-10-28,10.19,16.4,4.56,0.03,11.22,40.092215238863254,40.35312929727827
2004-10-29,10.47,17.36,5.81,0.41,11.81,40.092215238863254,40.35312929727827
2004-10-30,7.03,10.76,4.82,6.3,3.9,40.092215238863254,40.35312929727827
2004-10-31,7.47,12.63,4.12,0.54,10.35,40.092215238863254,40.35312929727827
2004-11-01,8.02,15.05,3.09,0.0,11.34,40.092215238863254,40.35312929727827
2004-11-02,8.08,14.55,3.56,0.05,9.73,40.092215238863254,40.35312929727827
2004-11-03,5.94,11.49,2.17,1.08,7.27,40.092215238863254,40.35312929727827
2004-11-04,0.38,5.28,-5.59,2.35,7.75,40.092215238863254,40.35312929727827
2004-11-05,0.68,8.37,-5.64,0.0,9.77,40.092215238863254,40.35312929727827
2004-11-06,2.24,9.47,-1.83,0.07,11.76,40.092215238863254,40.35312929727827
2004-11-07,3.63,10.1,-0.86,0.08,7.95,40.092215238863254,40.35312929727827
2004-11-08,4.47,11.14,0.64,0.29,9.22,40.092215238863254,40.35312929727827
2004-11-09,5.03,11.58,1.33,0.22,9.33,40.092215238863254,40.35312929727827
2004-11-10,5.01,11.27,1.79,0.01,8.86,40.092215238863254,40.35312929727827
2004-11-11,5.44,10.99,1.72,0.0,9.24,40.092215238863254,40.35312929727827
2004-11-12,5.31,12.6,0.22,0.0,10.21,40.092215238863254,40.35312929727827
2004-11-13,4.26,11.48,-1.52,0.0,11.34,40.092215238863254,40.35312929727827
2004-11-14,4.42,10.89,0.14,0.0,11.09,40.092215238863254,40.35312929727827
2004-11-15,4.07,11.73,-1.11,0.62,10.29,40.092215238863254,40.35312929727827
2004-11-16,1.83,6.91,-0.61,3.29,3.65,40.092215238863254,40.35312929727827
2004-11-17,1.79,6.13,-1.98,5.48,2.18,40.092215238863254,40.35312929727827
2004-11-18,-3.14,1.28,-7.46,3.19,5.99,40.092215238863254,40.35312929727827
2004-11-19,-2.56,6.04,-7.53,0.02,9.07,40.092215238863254,40.35312929727827
2004-11-20,-1.67,3.66,-5.85,0.2,8.36,40.092215238863254,40.35312929727827
2004-11-21,0.11,2.43,-1.74,12.73,1.66,40.092215238863254,40.35312929727827
2004-11-22,-2.91,-0.06,-10.17,21.44,1.85,40.092215238863254,40.35312929727827
2004-11-23,-12.46,-9.18,-18.65,0.39,3.23,40.092215238863254,40.35312929727827
2004-11-24,-14.44,-6.19,-19.64,0.17,4.28,40.092215238863254,40.35312929727827
2004-11-25,-10.77,-5.85,-16.79,1.85,4.1,40.092215238863254,40.35312929727827
2004-11-26,-7.99,-5.71,-9.91,10.82,1.62,40.092215238863254,40.35312929727827
2004-11-27,-12.19,-7.32,-17.38,2.19,5.59,40.092215238863254,40.35312929727827
2004-11-28,-11.8,-3.49,-17.1,0.0,5.55,40.092215238863254,40.35312929727827
2004-11-29,-10.19,-3.88,-15.15,0.04,5.14,40.092215238863254,40.35312929727827
2004-11-30,-9.7,-2.47,-14.61,0.0,8.04,40.092215238863254,40.35312929727827
2004-12-01,-10.01,-2.93,-14.28,1.43,3.41,40.092215238863254,40.35312929727827
2004-12-02,-10.8,-3.25,-15.51,0.06,9.13,40.092215238863254,40.35312929727827
2004-12-03,-6.59,-0.56,-12.45,0.0,5.94,40.092215238863254,40.35312929727827
2004-12-04,-4.84,-0.29,-7.92,0.05,7.43,40.092215238863254,40.35312929727827
2004-12-05,-5.9,-1.48,-11.77,3.29,4.2,40.092215238863254,40.35312929727827
2004-12-06,-11.06,-3.52,-15.95,0.37,5.95,40.092215238863254,40.35312929727827
2004-12-07,-10.72,-3.84,-15.52,0.33,9.61,40.092215238863254,40.35312929727827
2004-12-08,-9.9,-2.4,-15.85,0.34,7.89,40.092215238863254,40.35312929727827
2004-12-09,-12.3,-4.57,-17.5,0.08,8.12,40.092215238863254,40.35312929727827
2004-12-10,-13.77,-7.65,-18.18,1.19,5.78,40.092215238863254,40.35312929727827
2004-12-11,-13.44,-8.78,-16.89,1.21,5.52,40.092215238863254,40.35312929727827
2004-12-12,-14.36,-8.06,-18.1,1.74,5.73,40.092215238863254,40.35312929727827
2004-12-13,-12.75,-6.61,-18.12,0.66,5.52,40.092215238863254,40.35312929727827
2004-12-14,-12.47,-6.97,-16.18,2.13,3.32,40.092215238863254,40.35312929727827
2004-12-15,-16.44,-10.76,-20.5,0.94,7.96,40.092215238863254,40.35312929727827
2004-12-16,-18.73,-10.8,-22.47,0.75,8.52,40.092215238863254,40.35312929727827
2004-12-17,-17.08,-9.13,-23.05,0.04,9.01,40.092215238863254,40.35312929727827
2004-12-18,-15.48,-6.3,-20.67,0.0,9.15,40.092215238863254,40.35312929727827
2004-12-19,-13.9,-6.56,-20.58,0.02,6.71,40.092215238863254,40.35312929727827
2004-12-20,-9.38,-4.74,-12.83,0.53,4.54,40.092215238863254,40.35312929727827
2004-12-21,-8.3,-2.5,-12.84,0.3,3.71,40.092215238863254,40.35312929727827
2004-12-22,-7.75,-0.77,-11.62,0.06,7.57,40.092215238863254,40.35312929727827
2004-12-23,-6.71,-1.18,-12.0,4.16,3.12,40.092215238863254,40.35312929727827
2004-12-24,-5.73,-1.1,-9.49,4.71,2.88,40.092215238863254,40.35312929727827
2004-12-25,-7.03,-0.01,-12.56,0.44,5.47,40.092215238863254,40.35312929727827
2004-12-26,-9.46,-1.25,-16.09,0.0,7.48,40.092215238863254,40.35312929727827
2004-12-27,-4.67,1.71,-10.83,0.0,7.75,40.092215238863254,40.35312929727827
2004-12-28,-1.85,2.78,-6.05,0.0,8.61,40.092215238863254,40.35312929727827
2004-12-29,-2.92,1.0,-6.33,0.0,6.64,40.092215238863254,40.35312929727827
2004-12-30,-4.21,0.32,-8.04,0.0,6.98,40.092215238863254,40.35312929727827
2004-12-31,-4.38,0.09,-7.45,0.0,8.61,40.092215238863254,40.35312929727827
2005-01-01,-4.14,0.49,-6.95,0.0,9.26,40.092215238863254,40.35312929727827
2005-01-02,-4.43,-1.17,-7.13,4.04,1.69,40.092215238863254,40.35312929727827
2005-01-03,-8.02,-3.64,-14.06,1.97,7.11,40.092215238863254,40.35312929727827
2005-01-04,-11.93,-4.52,-17.74,1.04,7.61,40.092215238863254,40.35312929727827
2005-01-05,-9.18,-5.26,-15.93,6.65,4.57,40.092215238863254,40.35312929727827
2005-01-06,-13.06,-6.88,-17.84,0.48,8.4,40.092215238863254,40.35312929727827
2005-01-07,-9.95,-3.54,-15.07,0.07,7.79,40.092215238863254,40.35312929727827
2005-01-08,-10.38,-2.79,-15.35,0.0,9.81,40.092215238863254,40.35312929727827
2005-01-09,-11.53,-3.7,-18.68,0.0,10.14,40.092215238863254,40.35312929727827
2005-01-10,-9.22,-2.54,-13.45,1.16,6.74,40.092215238863254,40.35312929727827
2005-01-11,-10.13,-5.72,-13.52,1.34,5.0,40.092215238863254,40.35312929727827
2005-01-12,-8.55,-1.57,-13.51,0.0,5.89,40.092215238863254,40.35312929727827
2005-01-13,-8.22,-1.59,-12.95,0.0,6.26,40.092215238863254,40.35312929727827
2005-01-14,-9.08,-1.69,-13.81,0.0,10.53,40.092215238863254,40.35312929727827
2005-01-15,-10.41,-2.93,-15.44,0.01,8.34,40.092215238863254,40.35312929727827
2005-01-16,-8.69,-2.19,-13.1,0.0,9.57,40.092215238863254,40.35312929727827
2005-01-17,-7.7,-1.01,-11.86,0.0,9.87,40.092215238863254,40.35312929727827
2005-01-18,-7.7,-1.99,-12.11,0.64,8.88,40.092215238863254,40.35312929727827
2005-01-19,-9.49,-3.41,-13.37,0.49,9.75,40.092215238863254,40.35312929727827
2005-01-20,-10.76,-4.61,-14.81,0.14,9.92,40.092215238863254,40.35312929727827
2005-01-21,-9.87,-3.66,-14.43,0.02,9.08,40.092215238863254,40.35312929727827
2005-01-22,-6.44,-1.86,-10.27,0.08,7.01,40.092215238863254,40.35312929727827
2005-01-23,-6.92,-1.88,-11.55,1.5,8.8,40.092215238863254,40.35312929727827
2005-01-24,-9.66,-6.98,-15.75,10.92,7.41,40.092215238863254,40.35312929727827
2005-01-25,-14.18,-5.29,-21.85,0.04,11.4,40.092215238863254,40.35312929727827
2005-01-26,-9.24,-2.87,-15.09,0.0,7.82,40.092215238863254,40.35312929727827
2005-01-27,-8.15,-0.86,-12.17,0.0,7.55,40.092215238863254,40.35312929727827
2005-01-28,-5.79,-0.12,-9.79,0.0,8.66,40.092215238863254,40.35312929727827
2005-01-29,-5.65,-0.26,-10.89,0.02,6.51,40.092215238863254,40.35312929727827
2005-01-30,-5.27,-1.26,-11.3,10.47,4.75,40.092215238863254,40.35312929727827
2005-01-31,-5.14,-0.56,-10.04,6.78,5.11,40.092215238863254,40.35312929727827
2005-02-01,-7.07,-1.32,-11.23,3.59,6.19,40.092215238863254,40.35312929727827
2005-02-02,-9.98,-2.89,-16.31,0.07,12.66,40.092215238863254,40.35312929727827
2005-02-03,-10.19,-3.61,-15.94,0.24,13.03,40.092215238863254,40.35312929727827
2005-02-04,-9.24,-2.85,-15.92,0.21,12.25,40.092215238863254,40.35312929727827
2005-02-05,-7.01,-2.91,-10.25,1.6,9.05,40.092215238863254,40.35312929727827
2005-02-06,-10.13,-4.35,-18.27,0.53,9.17,40.092215238863254,40.35312929727827
2005-02-07,-13.59,-6.26,-19.97,0.34,12.27,40.092215238863254,40.35312929727827
2005-02-08,-13.53,-8.64,-17.3,1.08,10.88,40.092215238863254,40.35312929727827
2005-02-09,-15.33,-8.83,-20.93,0.91,9.61,40.092215238863254,40.35312929727827
2005-02-10,-16.53,-9.22,-23.8,0.09,13.07,40.092215238863254,40.35312929727827
2005-02-11,-14.99,-8.46,-19.92,0.04,13.7,40.092215238863254,40.35312929727827
2005-02-12,-15.68,-9.68,-20.14,0.0,14.61,40.092215238863254,40.35312929727827
2005-02-13,-16.83,-9.3,-22.53,0.0,15.26,40.092215238863254,40.35312929727827
2005-02-14,-13.44,-4.59,-20.79,0.0,13.78,40.092215238863254,40.35312929727827
2005-02-15,-8.42,-0.36,-15.54,0.0,15.91,40.092215238863254,40.35312929727827
2005-02-16,-5.61,0.36,-12.71,0.0,14.78,40.092215238863254,40.35312929727827
2005-02-17,-4.29,0.18,-9.71,0.0,14.24,40.092215238863254,40.35312929727827
2005-02-18,-3.72,0.55,-9.81,0.0,8.82,40.092215238863254,40.35312929727827
2005-02-19,-2.44,-0.63,-5.81,5.17,12.01,40.092215238863254,40.35312929727827
2005-02-20,-2.06,-0.14,-5.85,8.14,8.69,40.092215238863254,40.35312929727827
2005-02-21,-6.73,-2.99,-10.47,0.26,14.57,40.092215238863254,40.35312929727827
2005-02-22,-7.7,-1.64,-13.47,0.0,16.25,40.092215238863254,40.35312929727827
2005-02-23,-6.24,-1.36,-9.7,0.0,17.03,40.092215238863254,40.35312929727827
2005-02-24,-6.34,-1.16,-10.69,0.0,16.29,40.092215238863254,40.35312929727827
2005-02-25,-5.42,-0.96,-9.79,0.0,15.45,40.092215238863254,40.35312929727827
2005-02-26,-4.57,0.37,-10.25,0.13,15.63,40.092215238863254,40.35312929727827
2005-02-27,-3.14,0.28,-7.54,2.17,7.88,40.092215238863254,40.35312929727827
2005-02-28,-1.46,0.8,-4.47,3.18,7.89,40.092215238863254,40.35312929727827
2005-03-01,-0.29,1.53,-2.34,4.85,7.5,40.092215238863254,40.35312929727827
2005-03-02,0.56,2.22,-1.43,2.15,4.68,40.092215238863254,40.35312929727827
2005-03-03,0.5,2.2,-2.13,3.85,3.4,40.092215238863254,40.35312929727827
2005-03-04,-3.76,-0.28,-10.77,8.78,4.43,40.092215238863254,40.35312929727827
2005-03-05,-7.35,0.96,-15.64,0.02,15.94,40.092215238863254,40.35312929727827
2005-03-06,-2.68,0.99,-6.34,0.87,7.43,40.092215238863254,40.35312929727827
2005-03-07,-3.38,2.35,-7.87,0.19,12.25,40.092215238863254,40.35312929727827
2005-03-08,-1.18,2.65,-5.6,3.13,6.05,40.092215238863254,40.35312929727827
2005-03-09,-1.68,1.88,-6.83,4.09,10.62,40.092215238863254,40.35312929727827
2005-03-10,-3.19,0.67,-6.1,5.6,11.76,40.092215238863254,40.35312929727827
2005-03-11,-5.3,-1.58,-10.66,2.44,11.88,40.092215238863254,40.35312929727827
2005-03-12,-5.57,-0.39,-10.98,3.01,10.98,40.092215238863254,40.35312929727827
2005-03-13,-5.61,1.0,-12.08,0.0,21.31,40.092215238863254,40.35312929727827
2005-03-14,-3.84,2.82,-9.57,0.0,20.96,40.092215238863254,40.35312929727827
2005-03-15,-3.27,3.65,-9.78,0.0,19.03,40.092215238863254,40.35312929727827
2005-03-16,-2.91,4.17,-8.5,0.0,19.75,40.092215238863254,40.35312929727827
2005-03-17,-3.23,3.18,-8.26,0.0,19.29,40.092215238863254,40.35312929727827
2005-03-18,0.46,7.44,-4.67,0.02,20.2,40.092215238863254,40.35312929727827
2005-03-19,1.2,6.31,-2.69,0.3,15.69,40.092215238863254,40.35312929727827
2005-03-20,-1.12,1.63,-6.32,3.76,8.82,40.092215238863254,40.35312929727827
2005-03-21,-3.8,2.36,-7.18,0.51,13.23,40.092215238863254,40.35312929727827
2005-03-22,-2.26,3.49,-7.01,0.73,16.56,40.092215238863254,40.35312929727827
2005-03-23,-4.94,-0.34,-11.09,0.59,13.89,40.092215238863254,40.35312929727827
2005-03-24,-9.4,-4.44,-14.08,0.54,17.02,40.092215238863254,40.35312929727827
2005-03-25,-8.47,-3.96,-11.45,0.68,11.0,40.092215238863254,40.35312929727827
2005-03-26,-4.39,4.08,-13.34,0.0,18.47,40.092215238863254,40.35312929727827
2005-03-27,-0.48,4.67,-4.8,0.31,10.75,40.092215238863254,40.35312929727827
2005-03-28,1.78,6.6,-1.82,2.76,6.77,40.092215238863254,40.35312929727827
2005-03-29,2.36,5.98,0.56,2.49,9.94,40.092215238863254,40.35312929727827
2005-03-30,2.79,7.03,0.3,8.12,7.18,40.092215238863254,40.35312929727827
2005-03-31,3.01,8.46,-1.19,13.03,8.81,40.092215238863254,40.35312929727827
2005-04-01,3.34,8.99,-0.76,11.69,7.28,40.092215238863254,40.35312929727827
2005-04-02,1.1,5.31,-1.49,5.81,7.59,40.092215238863254,40.35312929727827
2005-04-03,-1.22,2.73,-6.72,5.19,5.89,40.092215238863254,40.35312929727827
2005-04-04,-4.19,1.83,-8.79,1.12,9.26,40.092215238863254,40.35312929727827
2005-04-05,-2.13,5.04,-8.64,0.07,11.62,40.092215238863254,40.35312929727827
2005-04-06,0.08,7.44,-5.47,0.0,22.02,40.092215238863254,40.35312929727827
2005-04-07,2.31,10.32,-3.91,0.0,23.5,40.092215238863254,40.35312929727827
2005-04-08,5.83,12.66,-1.27,0.0,17.99,40.092215238863254,40.35312929727827
2005-04-09,5.25,14.91,0.36,0.0,20.09,40.092215238863254,40.35312929727827
2005-04-10,5.84,13.02,-0.3,0.0,21.23,40.092215238863254,40.35312929727827
2005-04-11,6.4,14.18,0.61,0.0,23.85,40.092215238863254,40.35312929727827
2005-04-12,8.85,17.13,1.84,0.0,23.89,40.092215238863254,40.35312929727827
2005-04-13,9.96,19.22,3.09,0.0,22.68,40.092215238863254,40.35312929727827
2005-04-14,8.66,16.56,2.08,0.25,10.35,40.092215238863254,40.35312929727827
2005-04-15,7.54,12.79,2.53,8.66,8.26,40.092215238863254,40.35312929727827
2005-04-16,3.57,7.67,-1.8,0.37,15.26,40.092215238863254,40.35312929727827
2005-04-17,4.25,10.72,-1.34,0.54,16.54,40.092215238863254,40.35312929727827
2005-04-18,6.17,12.96,-1.45,0.02,14.18,40.092215238863254,40.35312929727827
2005-04-19,7.52,13.12,3.0,1.14,13.97,40.092215238863254,40.35312929727827
2005-04-20,7.6,15.02,1.11,0.24,19.59,40.092215238863254,40.35312929727827
2005-04-21,8.36,16.68,1.43,0.0,20.75,40.092215238863254,40.35312929727827
2005-04-22,6.99,12.65,1.11,0.68,8.04,40.092215238863254,40.35312929727827
2005-04-23,9.68,14.97,3.56,2.38,8.92,40.092215238863254,40.35312929727827
2005-04-24,7.06,10.48,3.6,15.83,5.46,40.092215238863254,40.35312929727827
2005-04-25,5.41,8.89,0.99,4.54,7.79,40.092215238863254,40.35312929727827
2005-04-26,6.28,14.28,-0.06,0.47,15.5,40.092215238863254,40.35312929727827
2005-04-27,6.75,14.58,-0.13,0.07,23.53,40.092215238863254,40.35312929727827
2005-04-28,4.8,9.85,-0.38,7.67,6.48,40.092215238863254,40.35312929727827
2005-04-29,6.14,12.51,0.7,0.18,19.49,40.092215238863254,40.35312929727827
2005-04-30,6.74,13.49,-1.56,1.32,15.7,40.092215238863254,40.35312929727827
2005-05-01,6.53,11.97,2.1,1.18,17.68,40.092215238863254,40.35312929727827
2005-05-02,4.38,10.15,-1.81,2.73,18.28,40.092215238863254,40.35312929727827
2005-05-03,0.24,3.76,-3.26,5.66,9.13,40.092215238863254,40.35312929727827
2005-05-04,1.74,8.78,-4.39,0.65,17.83,40.092215238863254,40.35312929727827
2005-05-05,3.22,9.74,-3.15,0.13,16.91,40.092215238863254,40.35312929727827
2005-05-06,6.34,13.62,-1.77,0.24,23.08,40.092215238863254,40.35312929727827
2005-05-07,10.16,17.28,4.12,2.12,20.78,40.092215238863254,40.35312929727827
2005-05-08,9.12,14.41,4.08,7.31,12.75,40.092215238863254,40.35312929727827
2005-05-09,6.43,11.56,2.68,3.92,14.52,40.092215238863254,40.35312929727827
2005-05-10,10.3,17.92,1.72,0.0,27.83,40.092215238863254,40.35312929727827
2005-05-11,12.04,19.47,4.48,0.0,25.62,40.092215238863254,40.35312929727827
2005-05-12,12.53,19.21,5.37,0.01,24.97,40.092215238863254,40.35312929727827
2005-05-13,11.73,17.74,6.27,0.87,19.41,40.092215238863254,40.35312929727827
2005-05-14,7.0,12.36,0.63,2.85,6.74,40.092215238863254,40.35312929727827
2005-05-15,6.52,14.23,-0.8,0.14,15.65,40.092215238863254,40.35312929727827
2005-05-16,9.35,16.0,1.83,0.01,23.11,40.092215238863254,40.35312929727827
2005-05-17,10.06,16.42,4.23,0.32,24.28,40.092215238863254,40.35312929727827
2005-05-18,9.01,13.42,4.31,0.02,25.29,40.092215238863254,40.35312929727827
2005-05-19,10.66,17.23,2.76,0.86,27.86,40.092215238863254,40.35312929727827
2005-05-20,12.33,19.73,3.47,0.0,28.71,40.092215238863254,40.35312929727827
2005-05-21,14.18,22.18,4.97,0.05,27.98,40.092215238863254,40.35312929727827
2005-05-22,13.77,18.08,9.06,3.29,20.49,40.092215238863254,40.35312929727827
2005-05-23,13.22,20.71,6.69,3.35,19.29,40.092215238863254,40.35312929727827
2005-05-24,11.66,17.5,6.51,9.18,13.68,40.092215238863254,40.35312929727827
2005-05-25,11.55,17.01,6.19,1.67,17.02,40.092215238863254,40.35312929727827
2005-05-26,11.46,16.68,6.21,3.23,13.63,40.092215238863254,40.35312929727827
2005-05-27,10.74,15.13,5.37,2.77,20.31,40.092215238863254,40.35312929727827
2005-05-28,12.14,18.4,4.9,1.18,23.22,40.092215238863254,40.35312929727827
2005-05-29,12.72,19.46,5.2,0.04,20.26,40.092215238863254,40.35312929727827
2005-05-30,12.0,18.03,5.04,0.06,19.97,40.092215238863254,40.35312929727827
2005-05-31,11.36,16.94,5.33,0.41,25.83,40.092215238863254,40.35312929727827
2005-06-01,9.88,15.46,4.66,4.24,18.68,40.092215238863254,40.35312929727827
2005-06-02,9.66,13.77,5.39,5.21,12.33,40.092215238863254,40.35312929727827
2005-06-03,9.49,15.12,3.57,1.3,11.93,40.092215238863254,40.35312929727827
2005-06-04,8.43,12.4,4.54,9.16,10.5,40.092215238863254,40.35312929727827
2005-06-05,8.52,13.99,4.37,10.7,11.41,40.092215238863254,40.35312929727827
2005-06-06,8.6,14.31,3.82,1.58,13.35,40.092215238863254,40.35312929727827
2005-06-07,11.31,18.99,2.92,0.0,31.93,40.092215238863254,40.35312929727827
2005-06-08,14.41,22.3,6.89,0.0,31.49,40.092215238863254,40.35312929727827
2005-06-09,15.69,22.88,5.61,0.0,31.94,40.092215238863254,40.35312929727827
2005-06-10,16.53,23.53,7.84,0.0,28.99,40.092215238863254,40.35312929727827
2005-06-11,17.32,24.3,9.57,0.02,25.92,40.092215238863254,40.35312929727827
2005-06-12,14.77,22.48,6.53,0.27,18.39,40.092215238863254,40.35312929727827
2005-06-13,13.56,20.52,5.14,1.22,15.66,40.092215238863254,40.35312929727827
2005-06-14,14.8,21.42,7.53,0.21,22.67,40.092215238863254,40.35312929727827
2005-06-15,15.11,21.67,7.23,1.28,17.66,40.092215238863254,40.35312929727827
2005-06-16,13.88,20.09,7.1,0.23,18.66,40.092215238863254,40.35312929727827
2005-06-17,12.32,20.55,4.58,0.0,28.88,40.092215238863254,40.35312929727827
2005-06-18,13.01,22.73,2.67,0.0,29.36,40.092215238863254,40.35312929727827
2005-06-19,15.11,22.63,8.23,0.0,30.75,40.092215238863254,40.35312929727827
2005-06-20,11.41,17.76,4.21,3.24,12.82,40.092215238863254,40.35312929727827
2005-06-21,10.27,18.01,1.67,0.09,20.39,40.092215238863254,40.35312929727827
2005-06-22,9.52,15.67,3.06,0.37,18.67,40.092215238863254,40.35312929727827
2005-06-23,8.96,17.62,-0.37,0.03,29.38,40.092215238863254,40.35312929727827
2005-06-24,13.55,23.78,2.33,0.01,31.63,40.092215238863254,40.35312929727827
2005-06-25,14.0,24.17,4.46,0.46,22.6,40.092215238863254,40.35312929727827
2005-06-26,10.76,16.98,5.14,1.66,8.35,40.092215238863254,40.35312929727827
2005-06-27,12.14,19.8,4.12,0.2,16.27,40.092215238863254,40.35312929727827
2005-06-28,15.04,23.4,5.22,0.0,24.76,40.092215238863254,40.35312929727827
2005-06-29,16.81,24.55,7.56,0.98,19.82,40.092215238863254,40.35312929727827
2005-06-30,16.3,22.69,8.64,0.36,20.58,40.092215238863254,40.35312929727827
2005-07-01,17.42,25.66,8.44,0.02,27.57,40.092215238863254,40.35312929727827
2005-07-02,17.55,25.36,9.24,0.53,27.84,40.092215238863254,40.35312929727827
2005-07-03,18.69,26.24,10.86,1.12,29.92,40.092215238863254,40.35312929727827
2005-07-04,19.74,28.09,10.11,0.13,27.91,40.092215238863254,40.35312929727827
2005-07-05,18.02,25.16,10.29,0.88,20.13,40.092215238863254,40.35312929727827
2005-07-06,14.3,21.05,9.13,2.46,15.69,40.092215238863254,40.35312929727827
2005-07-07,17.33,26.54,7.62,0.0,28.13,40.092215238863254,40.35312929727827
2005-07-08,19.9,28.87,10.37,0.0,28.15,40.092215238863254,40.35312929727827
2005-07-09,20.19,29.41,11.05,0.08,27.03,40.092215238863254,40.35312929727827
2005-07-10,20.03,29.38,11.43,0.0,24.62,40.092215238863254,40.35312929727827
2005-07-11,19.59,28.66,11.58,0.05,21.66,40.092215238863254,40.35312929727827
2005-07-12,18.77,29.37,8.72,0.0,30.37,40.092215238863254,40.35312929727827
2005-07-13,18.54,27.91,8.36,0.0,30.69,40.092215238863254,40.35312929727827
2005-07-14,21.23,30.13,11.54,0.0,26.47,40.092215238863254,40.35312929727827
2005-07-15,21.05,29.51,13.41,0.08,23.0,40.092215238863254,40.35312929727827
2005-07-16,19.06,26.96,11.35,0.02,25.12,40.092215238863254,40.35312929727827
2005-07-17,18.54,27.29,10.64,0.44,18.57,40.092215238863254,40.35312929727827
2005-07-18,17.62,27.79,7.6,0.0,26.03,40.092215238863254,40.35312929727827
2005-07-19,18.32,27.26,9.66,0.0,21.59,40.092215238863254,40.35312929727827
2005-07-20,19.38,29.06,9.35,0.0,26.42,40.092215238863254,40.35312929727827
2005-07-21,20.13,29.03,10.75,0.01,24.12,40.092215238863254,40.35312929727827
2005-07-22,20.9,29.85,11.62,0.0,24.95,40.092215238863254,40.35312929727827
2005-07-23,21.01,29.92,12.56,0.03,28.22,40.092215238863254,40.35312929727827
2005-07-24,21.44,29.77,12.28,2.19,25.35,40.092215238863254,40.35312929727827
2005-07-25,22.02,31.0,12.82,0.15,19.81,40.092215238863254,40.35312929727827
2005-07-26,20.3,30.51,10.98,0.16,17.33,40.092215238863254,40.35312929727827
2005-07-27,21.06,31.23,11.77,1.05,20.09,40.092215238863254,40.35312929727827
2005-07-28,21.86,32.44,13.09,4.95,19.22,40.092215238863254,40.35312929727827
2005-07-29,22.02,31.64,13.13,0.27,22.56,40.092215238863254,40.35312929727827
2005-07-30,22.74,31.67,13.41,0.0,22.55,40.092215238863254,40.35312929727827
2005-07-31,23.36,32.01,14.6,0.01,22.19,40.092215238863254,40.35312929727827
2005-08-01,22.29,30.68,13.98,0.2,17.48,40.092215238863254,40.35312929727827
2005-08-02,19.27,26.03,13.66,2.17,17.97,40.092215238863254,40.35312929727827
2005-08-03,17.51,23.72,11.44,0.58,14.95,40.092215238863254,40.35312929727827
2005-08-04,17.82,23.85,11.89,1.14,15.96,40.092215238863254,40.35312929727827
2005-08-05,19.99,27.17,13.77,0.0,21.21,40.092215238863254,40.35312929727827
2005-08-06,21.57,30.13,12.54,0.0,27.2,40.092215238863254,40.35312929727827
2005-08-07,23.08,30.85,14.53,0.01,25.05,40.092215238863254,40.35312929727827
2005-08-08,21.91,28.86,14.99,0.26,16.93,40.092215238863254,40.35312929727827
2005-08-09,21.9,32.02,12.55,0.05,19.53,40.092215238863254,40.35312929727827
2005-08-10,21.02,30.17,14.18,5.44,15.39,40.092215238863254,40.35312929727827
2005-08-11,17.42,24.54,11.2,3.74,18.5,40.092215238863254,40.35312929727827
2005-08-12,17.77,27.2,9.87,0.65,18.18,40.092215238863254,40.35312929727827
2005-08-13,18.92,28.93,9.86,0.0,21.48,40.092215238863254,40.35312929727827
2005-08-14,19.83,29.58,10.65,0.07,24.87,40.092215238863254,40.35312929727827
2005-08-15,20.35,29.6,11.68,0.0,27.2,40.092215238863254,40.35312929727827
2005-08-16,21.98,30.98,12.29,0.0,26.49,40.092215238863254,40.35312929727827
2005-08-17,23.23,32.25,15.09,0.0,24.42,40.092215238863254,40.35312929727827
2005-08-18,23.42,32.11,14.31,0.0,25.96,40.092215238863254,40.35312929727827
2005-08-19,22.54,32.04,14.39,0.0,21.45,40.092215238863254,40.35312929727827
2005-08-20,21.22,31.03,12.24,0.31,19.15,40.092215238863254,40.35312929727827
2005-08-21,17.84,26.11,11.26,2.09,13.86,40.092215238863254,40.35312929727827
2005-08-22,16.46,25.86,8.35,0.22,21.47,40.092215238863254,40.35312929727827
2005-08-23,19.38,29.34,8.25,0.0,26.24,40.092215238863254,40.35312929727827
2005-08-24,22.04,30.23,14.8,0.0,26.29,40.092215238863254,40.35312929727827
2005-08-25,22.16,30.17,14.58,0.0,23.66,40.092215238863254,40.35312929727827
2005-08-26,20.03,29.5,10.91,0.04,18.94,40.092215238863254,40.35312929727827
2005-08-27,20.05,29.04,11.62,0.43,17.48,40.092215238863254,40.35312929727827
2005-08-28,16.05,21.8,11.07,1.29,13.84,40.092215238863254,40.35312929727827
2005-08-29,15.88,24.25,9.29,0.15,18.26,40.092215238863254,40.35312929727827
2005-08-30,13.99,23.53,6.8,0.71,16.13,40.092215238863254,40.35312929727827
2005-08-31,14.5,23.67,6.53,0.35,20.77,40.092215238863254,40.35312929727827
2005-09-01,14.73,21.54,8.63,0.23,17.03,40.092215238863254,40.35312929727827
2005-09-02,14.39,22.09,8.12,0.62,10.43,40.092215238863254,40.35312929727827
2005-09-03,13.03,21.68,5.72,4.7,11.64,40.092215238863254,40.35312929727827
2005-09-04,10.64,17.05,5.23,4.3,6.74,40.092215238863254,40.35312929727827
2005-09-05,7.56,13.46,1.34,1.46,13.56,40.092215238863254,40.35312929727827
2005-09-06,8.83,20.15,-0.86,0.0,23.13,40.092215238863254,40.35312929727827
2005-09-07,11.82,23.65,0.38,0.0,22.23,40.092215238863254,40.35312929727827
2005-09-08,13.42,23.07,4.81,0.0,14.84,40.092215238863254,40.35312929727827
2005-09-09,14.56,24.83,5.64,0.02,16.09,40.092215238863254,40.35312929727827
2005-09-10,15.69,23.87,7.02,0.07,12.99,40.092215238863254,40.35312929727827
2005-09-11,13.74,21.93,7.38,0.14,14.93,40.092215238863254,40.35312929727827
2005-09-12,12.0,20.89,4.83,0.0,19.35,40.092215238863254,40.35312929727827
2005-09-13,12.61,22.73,4.04,0.0,19.91,40.092215238863254,40.35312929727827
2005-09-14,13.06,22.85,4.53,0.0,20.71,40.092215238863254,40.35312929727827
2005-09-15,15.24,24.6,5.65,0.0,20.84,40.092215238863254,40.35312929727827
2005-09-16,16.44,24.58,9.08,0.0,21.87,40.092215238863254,40.35312929727827
2005-09-17,17.36,25.44,10.91,0.0,18.99,40.092215238863254,40.35312929727827
2005-09-18,16.76,24.98,10.18,0.0,19.48,40.092215238863254,40.35312929727827
2005-09-19,15.58,24.89,7.61,0.0,17.96,40.092215238863254,40.35312929727827
2005-09-20,15.7,24.29,7.63,0.04,18.74,40.092215238863254,40.35312929727827
2005-09-21,15.99,23.52,9.82,0.0,18.96,40.092215238863254,40.35312929727827
2005-09-22,16.6,24.23,10.65,0.02,16.6,40.092215238863254,40.35312929727827
2005-09-23,13.97,22.82,6.86,0.01,18.98,40.092215238863254,40.35312929727827
2005-09-24,12.88,21.92,6.12,0.12,17.09,40.092215238863254,40.35312929727827
2005-09-25,11.66,17.99,5.55,1.47,13.05,40.092215238863254,40.35312929727827
2005-09-26,11.03,17.8,5.98,1.44,15.39,40.092215238863254,40.35312929727827
2005-09-27,11.46,19.55,4.82,0.02,17.5,40.092215238863254,40.35312929727827
2005-09-28,11.13,17.54,5.91,0.71,15.03,40.092215238863254,40.35312929727827
2005-09-29,9.92,15.49,5.99,3.02,12.93,40.092215238863254,40.35312929727827
2005-09-30,8.78,14.73,3.15,0.63,10.57,40.092215238863254,40.35312929727827
2005-10-01,11.49,18.23,5.61,0.0,15.65,40.092215238863254,40.35312929727827
2005-10-02,12.23,19.59,6.26,0.0,16.4,40.092215238863254,40.35312929727827
2005-10-03,10.66,18.79,4.52,6.85,12.22,40.092215238863254,40.35312929727827
2005-10-04,9.33,16.23,4.92,1.0,6.54,40.092215238863254,40.35312929727827
2005-10-05,6.59,14.29,0.81,0.5,15.12,40.092215238863254,40.35312929727827
2005-10-06,6.06,14.92,-0.01,0.25,14.43,40.092215238863254,40.35312929727827
2005-10-07,4.46,12.49,-2.9,0.68,9.79,40.092215238863254,40.35312929727827
2005-10-08,2.31,11.43,-4.29,0.41,11.54,40.092215238863254,40.35312929727827
2005-10-09,4.48,14.48,-3.25,0.0,16.34,40.092215238863254,40.35312929727827
2005-10-10,7.72,16.29,0.06,0.0,16.94,40.092215238863254,40.35312929727827
2005-10-11,10.93,19.23,2.75,0.0,15.47,40.092215238863254,40.35312929727827
2005-10-12,12.35,20.73,5.08,0.0,14.08,40.092215238863254,40.35312929727827
2005-10-13,12.44,20.5,5.45,0.0,14.33,40.092215238863254,40.35312929727827
2005-10-14,12.4,18.58,8.58,1.77,4.88,40.092215238863254,40.35312929727827
2005-10-15,10.12,16.36,4.47,0.8,8.62,40.092215238863254,40.35312929727827
2005-10-16,8.42,14.86,2.44,4.55,10.13,40.092215238863254,40.35312929727827
2005-10-17,5.86,10.99,2.31,10.45,7.8,40.092215238863254,40.35312929727827
2005-10-18,6.02,11.19,1.58,1.2,5.49,40.092215238863254,40.35312929727827
2005-10-19,2.83,6.29,-2.55,22.73,4.55,40.092215238863254,40.35312929727827
2005-10-20,-2.53,0.33,-5.07,1.93,4.99,40.092215238863254,40.35312929727827
2005-10-21,-2.49,2.9,-6.85,0.75,6.8,40.092215238863254,40.35312929727827
2005-10-22,-0.17,6.87,-6.93,0.0,11.0,40.092215238863254,40.35312929727827
2005-10-23,3.42,10.41,-1.95,0.0,12.39,40.092215238863254,40.35312929727827
2005-10-24,5.19,13.39,-0.24,0.0,12.83,40.092215238863254,40.35312929727827
2005-10-25,4.63,13.09,0.07,0.08,11.56,40.092215238863254,40.35312929727827
2005-10-26,6.44,15.06,-1.13,0.13,12.76,40.092215238863254,40.35312929727827
2005-10-27,7.2,14.55,2.44,0.02,13.79,40.092215238863254,40.35312929727827
2005-10-28,3.23,8.83,-1.01,4.67,4.59,40.092215238863254,40.35312929727827
2005-10-29,-0.77,1.82,-3.0,23.11,3.78,40.092215238863254,40.35312929727827
2005-10-30,1.19,5.55,-2.98,12.58,2.16,40.092215238863254,40.35312929727827
2005-10-31,3.12,7.92,-0.45,12.97,2.08,40.092215238863254,40.35312929727827
2005-11-01,0.38,5.46,-3.24,0.72,8.13,40.092215238863254,40.35312929727827
2005-11-02,0.69,7.59,-3.39,0.31,8.63,40.092215238863254,40.35312929727827
2005-11-03,0.79,5.65,-2.67,1.11,5.82,40.092215238863254,40.35312929727827
2005-11-04,1.93,8.16,-2.76,0.13,8.29,40.092215238863254,40.35312929727827
2005-11-05,0.59,4.68,-3.45,5.93,3.39,40.092215238863254,40.35312929727827
2005-11-06,1.17,7.45,-4.45,0.22,6.89,40.092215238863254,40.35312929727827
2005-11-07,1.52,6.08,-1.4,0.56,5.55,40.092215238863254,40.35312929727827
2005-11-08,-0.74,4.08,-4.49,1.92,7.63,40.092215238863254,40.35312929727827
2005-11-09,-1.01,5.83,-4.76,0.13,7.22,40.092215238863254,40.35312929727827
2005-11-10,-0.08,8.19,-4.51,0.05,11.46,40.092215238863254,40.35312929727827
2005-11-11,-1.23,4.81,-4.71,0.62,9.3,40.092215238863254,40.35312929727827
2005-11-12,-2.05,3.69,-4.88,0.19,8.35,40.092215238863254,40.35312929727827
2005-11-13,-0.48,4.71,-4.37,0.0,9.9,40.092215238863254,40.35312929727827
2005-11-14,0.54,5.61,-2.67,0.0,10.95,40.092215238863254,40.35312929727827
2005-11-15,0.5,6.3,-4.57,0.0,9.61,40.092215238863254,40.35312929727827
2005-11-16,1.08,6.17,-1.65,0.0,9.14,40.092215238863254,40.35312929727827
2005-11-17,-0.36,5.95,-4.03,0.0,9.76,40.092215238863254,40.35312929727827
2005-11-18,-1.4,4.85,-5.56,0.0,10.67,40.092215238863254,40.35312929727827
2005-11-19,0.05,5.06,-2.89,0.22,7.79,40.092215238863254,40.35312929727827
2005-11-20,-0.6,3.16,-2.67,2.26,5.56,40.092215238863254,40.35312929727827
2005-11-21,-0.45,4.25,-4.86,10.1,2.68,40.092215238863254,40.35312929727827
2005-11-22,-4.71,-0.99,-9.25,1.89,3.85,40.092215238863254,40.35312929727827
2005-11-23,-6.59,-0.07,-11.45,0.25,8.74,40.092215238863254,40.35312929727827
2005-11-24,-2.71,3.63,-7.26,0.0,9.32,40.092215238863254,40.35312929727827
2005-11-25,-0.7,5.91,-4.6,0.0,9.79,40.092215238863254,40.35312929727827
2005-11-26,2.44,7.98,-1.41,0.0,6.55,40.092215238863254,40.35312929727827
2005-11-27,2.28,6.07,0.73,0.0,5.19,40.092215238863254,40.35312929727827
2005-11-28,3.04,10.57,-0.38,0.0,9.03,40.092215238863254,40.35312929727827
2005-11-29,2.16,7.01,-0.29,0.1,4.99,40.092215238863254,40.35312929727827
2005-11-30,1.17,6.05,-1.59,2.67,6.67,40.092215238863254,40.35312929727827
2005-12-01,1.43,6.63,-1.68,0.48,6.83,40.092215238863254,40.35312929727827
2005-12-02,3.63,10.07,-0.04,0.0,4.79,40.092215238863254,40.35312929727827
2005-12-03,2.4,7.05,0.45,0.33,3.4,40.092215238863254,40.35312929727827
2005-12-04,2.13,9.25,-1.13,0.0,8.1,40.092215238863254,40.35312929727827
2005-12-05,2.11,7.65,-0.39,0.0,6.74,40.092215238863254,40.35312929727827
2005-12-06,1.07,8.31,-2.95,0.0,9.26,40.092215238863254,40.35312929727827
2005-12-07,1.0,8.7,-2.8,0.0,8.76,40.092215238863254,40.35312929727827
2005-12-08,1.9,9.21,-1.49,0.0,7.27,40.092215238863254,40.35312929727827
2005-12-09,2.58,9.05,-1.02,0.07,6.19,40.092215238863254,40.35312929727827
2005-12-10,2.4,8.95,-1.07,0.06,6.39,40.092215238863254,40.35312929727827
2005-12-11,2.82,8.69,-0.42,0.4,6.38,40.092215238863254,40.35312929727827
2005-12-12,-1.06,4.82,-4.41,0.51,5.17,40.092215238863254,40.35312929727827
2005-12-13,-0.54,6.31,-4.48,0.02,8.83,40.092215238863254,40.35312929727827
2005-12-14,-1.09,5.96,-4.95,0.0,8.62,40.092215238863254,40.35312929727827
2005-12-15,-0.97,5.21,-4.55,3.65,5.68,40.092215238863254,40.35312929727827
2005-12-16,-1.95,1.5,-5.59,14.52,2.93,40.092215238863254,40.35312929727827
2005-12-17,-2.09,1.06,-5.08,3.1,5.31,40.092215238863254,40.35312929727827
2005-12-18,-1.77,1.81,-4.63,1.04,5.6,40.092215238863254,40.35312929727827
2005-12-19,-0.54,1.49,-2.12,1.54,2.92,40.092215238863254,40.35312929727827
2005-12-20,-2.88,0.64,-9.06,8.63,2.75,40.092215238863254,40.35312929727827
2005-12-21,-6.25,-0.78,-9.27,1.72,3.27,40.092215238863254,40.35312929727827
2005-12-22,-7.0,-1.75,-10.27,0.49,6.45,40.092215238863254,40.35312929727827
2005-12-23,-5.84,-0.95,-9.29,4.31,3.94,40.092215238863254,40.35312929727827
2005-12-24,-7.82,-4.25,-10.54,7.61,3.37,40.092215238863254,40.35312929727827
2005-12-25,-10.11,-5.24,-14.38,4.83,4.13,40.092215238863254,40.35312929727827
2005-12-26,-12.82,-7.42,-16.39,0.33,7.25,40.092215238863254,40.35312929727827
2005-12-27,-13.76,-6.53,-18.47,0.0,9.19,40.092215238863254,40.35312929727827
2005-12-28,-11.38,-3.08,-16.41,0.0,9.86,40.092215238863254,40.35312929727827
2005-12-29,-8.9,-1.48,-14.49,0.0,9.87,40.092215238863254,40.35312929727827
2005-12-30,-9.78,-1.91,-15.95,0.0,10.1,40.092215238863254,40.35312929727827
2005-12-31,-9.57,-1.63,-17.13,0.11,5.38,40.092215238863254,40.35312929727827
2006-01-01,-5.95,-0.82,-9.75,0.12,8.14,40.092215238863254,40.35312929727827
2006-01-02,-7.28,-2.46,-11.63,0.0,7.97,40.092215238863254,40.35312929727827
2006-01-03,-7.62,-0.68,-12.38,0.0,9.38,40.092215238863254,40.35312929727827
2006-01-04,-7.0,-0.51,-11.01,0.0,9.1,40.092215238863254,40.35312929727827
2006-01-05,-5.45,-0.1,-9.72,1.08,6.4,40.092215238863254,40.35312929727827
2006-01-06,-5.45,-0.64,-8.78,1.41,6.78,40.092215238863254,40.35312929727827
2006-01-07,-5.4,-0.68,-8.64,0.6,7.37,40.092215238863254,40.35312929727827
2006-01-08,-7.04,-3.46,-9.63,0.63,5.85,40.092215238863254,40.35312929727827
2006-01-09,-10.45,-4.19,-15.47,0.25,7.42,40.092215238863254,40.35312929727827
2006-01-10,-11.64,-4.5,-17.28,0.5,7.53,40.092215238863254,40.35312929727827
2006-01-11,-8.06,-2.61,-13.77,2.05,6.84,40.092215238863254,40.35312929727827
2006-01-12,-9.56,-4.22,-14.48,0.01,6.85,40.092215238863254,40.35312929727827
2006-01-13,-8.09,-2.84,-11.95,0.22,8.2,40.092215238863254,40.35312929727827
2006-01-14,-11.7,-5.07,-16.16,0.41,8.18,40.092215238863254,40.35312929727827
2006-01-15,-14.1,-7.06,-19.01,0.3,8.55,40.092215238863254,40.35312929727827
2006-01-16,-14.4,-6.3,-20.69,0.03,10.13,40.092215238863254,40.35312929727827
2006-01-17,-14.06,-7.53,-18.51,0.02,10.46,40.092215238863254,40.35312929727827
2006-01-18,-13.97,-6.87,-18.88,0.06,10.73,40.092215238863254,40.35312929727827
2006-01-19,-11.22,-5.99,-16.7,0.32,8.53,40.092215238863254,40.35312929727827
2006-01-20,-9.39,-5.9,-17.51,6.4,6.25,40.092215238863254,40.35312929727827
2006-01-21,-18.75,-13.14,-24.15,0.75,9.89,40.092215238863254,40.35312929727827
2006-01-22,-13.46,-4.13,-21.52,0.06,8.0,40.092215238863254,40.35312929727827
2006-01-23,-10.72,-6.39,-15.13,8.71,5.91,40.092215238863254,40.35312929727827
2006-01-24,-10.27,-4.15,-15.38,2.88,7.25,40.092215238863254,40.35312929727827
2006-01-25,-6.23,-0.41,-11.78,4.56,5.91,40.092215238863254,40.35312929727827
2006-01-26,-6.7,-1.92,-11.2,4.0,5.26,40.092215238863254,40.35312929727827
2006-01-27,-10.25,-3.5,-16.68,2.12,8.64,40.092215238863254,40.35312929727827
2006-01-28,-14.04,-7.41,-18.09,0.62,9.02,40.092215238863254,40.35312929727827
2006-01-29,-15.09,-7.86,-19.33,0.12,12.03,40.092215238863254,40.35312929727827
2006-01-30,-15.14,-9.61,-19.33,0.23,10.8,40.092215238863254,40.35312929727827
2006-01-31,-14.36,-8.17,-18.8,0.22,10.4,40.092215238863254,40.35312929727827
2006-02-01,-12.05,-6.73,-16.09,0.59,6.66,40.092215238863254,40.35312929727827
2006-02-02,-8.13,-4.01,-15.31,2.96,4.4,40.092215238863254,40.35312929727827
2006-02-03,-5.56,-0.13,-10.54,1.59,7.2,40.092215238863254,40.35312929727827
2006-02-04,-8.59,-1.72,-13.53,0.47,10.95,40.092215238863254,40.35312929727827
2006-02-05,-9.3,-2.6,-14.7,0.56,11.82,40.092215238863254,40.35312929727827
2006-02-06,-5.74,-0.55,-10.28,2.12,5.39,40.092215238863254,40.35312929727827
2006-02-07,-5.3,-0.53,-9.25,2.3,5.72,40.092215238863254,40.35312929727827
2006-02-08,-4.03,0.15,-8.29,4.29,6.1,40.092215238863254,40.35312929727827
2006-02-09,-5.95,-2.38,-10.15,7.66,5.72,40.092215238863254,40.35312929727827
2006-02-10,-7.51,-2.69,-12.91,0.16,10.9,40.092215238863254,40.35312929727827
2006-02-11,-4.17,-0.75,-8.65,0.43,8.49,40.092215238863254,40.35312929727827
2006-02-12,-5.46,-0.98,-8.53,1.58,7.26,40.092215238863254,40.35312929727827
2006-02-13,-5.01,-0.94,-8.95,9.23,6.79,40.092215238863254,40.35312929727827
2006-02-14,-6.16,-2.11,-9.63,4.37,7.62,40.092215238863254,40.35312929727827
2006-02-15,-7.76,-2.57,-16.04,5.47,7.44,40.092215238863254,40.35312929727827
2006-02-16,-14.5,-10.56,-18.54,2.84,10.36,40.092215238863254,40.35312929727827
2006-02-17,-16.75,-9.74,-21.85,0.01,16.22,40.092215238863254,40.35312929727827
2006-02-18,-11.7,-3.25,-20.23,0.24,12.92,40.092215238863254,40.35312929727827
2006-02-19,-8.2,-2.22,-12.0,2.24,14.91,40.092215238863254,40.35312929727827
2006-02-20,-5.87,-0.02,-13.83,0.0,12.2,40.092215238863254,40.35312929727827
2006-02-21,-5.23,0.32,-11.42,0.0,16.99,40.092215238863254,40.35312929727827
2006-02-22,-6.9,0.31,-14.41,0.0,16.99,40.092215238863254,40.35312929727827
2006-02-23,-4.21,0.34,-8.04,0.0,16.51,40.092215238863254,40.35312929727827
2006-02-24,-5.29,0.15,-8.69,0.0,16.92,40.092215238863254,40.35312929727827
2006-02-25,-4.69,0.09,-9.03,0.0,14.16,40.092215238863254,40.35312929727827
2006-02-26,-4.3,-0.05,-10.58,0.02,14.82,40.092215238863254,40.35312929727827
2006-02-27,-2.49,0.81,-6.67,0.1,12.34,40.092215238863254,40.35312929727827
2006-02-28,-1.84,1.75,-5.24,0.41,13.62,40.092215238863254,40.35312929727827
2006-03-01,-1.36,1.88,-5.1,1.31,8.05,40.092215238863254,40.35312929727827
2006-03-02,-2.43,2.37,-5.93,0.03,16.62,40.092215238863254,40.35312929727827
2006-03-03,-1.17,2.32,-4.92,2.97,13.93,40.092215238863254,40.35312929727827
2006-03-04,-5.11,0.44,-10.0,0.36,17.65,40.092215238863254,40.35312929727827
2006-03-05,-3.26,4.0,-9.15,0.0,19.1,40.092215238863254,40.35312929727827
2006-03-06,0.11,8.33,-5.11,0.0,18.09,40.092215238863254,40.35312929727827
2006-03-07,0.7,7.69,-4.52,0.01,16.57,40.092215238863254,40.35312929727827
2006-03-08,1.29,4.38,-0.86,13.48,10.71,40.092215238863254,40.35312929727827
2006-03-09,-0.69,1.6,-4.35,8.94,11.27,40.092215238863254,40.35312929727827
2006-03-10,-4.5,-0.99,-7.94,1.95,12.92,40.092215238863254,40.35312929727827
2006-03-11,-4.2,1.81,-9.45,0.0,18.99,40.092215238863254,40.35312929727827
2006-03-12,-2.03,5.48,-7.59,0.0,11.21,40.092215238863254,40.35312929727827
2006-03-13,-0.9,5.41,-6.08,0.0,15.84,40.092215238863254,40.35312929727827
2006-03-14,0.97,7.99,-4.12,0.01,19.04,40.092215238863254,40.35312929727827
2006-03-15,0.07,3.49,-2.97,4.37,15.03,40.092215238863254,40.35312929727827
2006-03-16,-0.83,3.39,-3.96,0.28,11.14,40.092215238863254,40.35312929727827
2006-03-17,-1.21,1.98,-3.57,1.87,17.79,40.092215238863254,40.35312929727827
2006-03-18,-1.64,1.97,-4.77,2.71,15.77,40.092215238863254,40.35312929727827
2006-03-19,-1.79,1.63,-5.95,5.2,7.91,40.092215238863254,40.35312929727827
2006-03-20,-4.61,-0.52,-8.11,0.28,18.61,40.092215238863254,40.35312929727827
2006-03-21,-2.09,4.36,-8.43,0.29,20.86,40.092215238863254,40.35312929727827
2006-03-22,0.74,4.92,-2.37,0.23,16.34,40.092215238863254,40.35312929727827
2006-03-23,2.41,10.61,-2.03,0.0,16.35,40.092215238863254,40.35312929727827
2006-03-24,4.75,13.55,-1.55,0.25,17.25,40.092215238863254,40.35312929727827
2006-03-25,2.52,8.77,-1.83,5.29,8.84,40.092215238863254,40.35312929727827
2006-03-26,0.66,5.11,-3.16,1.84,11.91,40.092215238863254,40.35312929727827
2006-03-27,0.7,5.45,-3.11,1.97,17.18,40.092215238863254,40.35312929727827
2006-03-28,1.75,6.37,-2.99,0.0,22.81,40.092215238863254,40.35312929727827
2006-03-29,3.13,9.03,-0.99,0.0,23.62,40.092215238863254,40.35312929727827
2006-03-30,4.06,9.1,-1.24,0.0,21.5,40.092215238863254,40.35312929727827
2006-03-31,3.93,10.18,-0.62,1.13,17.38,40.092215238863254,40.35312929727827
2006-04-01,4.25,8.89,1.03,1.87,17.83,40.092215238863254,40.35312929727827
2006-04-02,4.16,10.22,0.38,1.09,13.15,40.092215238863254,40.35312929727827
2006-04-03,1.37,5.9,-1.49,8.46,7.59,40.092215238863254,40.35312929727827
2006-04-04,1.01,6.03,-1.84,2.56,9.66,40.092215238863254,40.35312929727827
2006-04-05,0.76,5.62,-2.75,5.99,9.92,40.092215238863254,40.35312929727827
2006-04-06,2.26,6.82,-2.57,0.58,17.04,40.092215238863254,40.35312929727827
2006-04-07,5.35,11.48,-0.21,0.0,16.4,40.092215238863254,40.35312929727827
2006-04-08,6.73,13.29,1.68,0.53,15.51,40.092215238863254,40.35312929727827
2006-04-09,6.61,11.03,2.67,4.28,9.82,40.092215238863254,40.35312929727827
2006-04-10,7.21,15.18,0.48,0.1,16.02,40.092215238863254,40.35312929727827
2006-04-11,6.06,12.84,0.46,1.17,11.38,40.092215238863254,40.35312929727827
2006-04-12,7.46,13.9,1.75,0.0,18.88,40.092215238863254,40.35312929727827
2006-04-13,6.96,12.38,1.93,1.98,17.64,40.092215238863254,40.35312929727827
2006-04-14,7.63,13.69,1.61,0.41,17.41,40.092215238863254,40.35312929727827
2006-04-15,8.48,16.08,2.51,0.93,6.7,40.092215238863254,40.35312929727827
2006-04-16,7.43,13.15,2.39,8.06,11.09,40.092215238863254,40.35312929727827
2006-04-17,7.26,13.19,0.06,0.25,18.26,40.092215238863254,40.35312929727827
2006-04-18,6.49,13.39,0.87,0.03,22.04,40.092215238863254,40.35312929727827
2006-04-19,7.1,14.17,0.27,0.0,21.26,40.092215238863254,40.35312929727827
2006-04-20,7.6,12.95,2.98,1.25,15.3,40.092215238863254,40.35312929727827
2006-04-21,8.3,13.32,3.42,2.75,13.67,40.092215238863254,40.35312929727827
2006-04-22,7.98,12.87,2.3,4.39,13.15,40.092215238863254,40.35312929727827
2006-04-23,6.93,12.7,2.09,5.61,14.8,40.092215238863254,40.35312929727827
2006-04-24,7.23,15.32,-0.11,6.78,12.67,40.092215238863254,40.35312929727827
2006-04-25,1.08,6.44,-5.19,11.64,7.95,40.092215238863254,40.35312929727827
2006-04-26,-2.97,3.02,-7.57,1.37,15.4,40.092215238863254,40.35312929727827
2006-04-27,-0.51,6.9,-7.55,0.01,18.63,40.092215238863254,40.35312929727827
2006-04-28,2.09,8.11,-3.54,0.3,17.75,40.092215238863254,40.35312929727827
2006-04-29,3.85,8.59,-1.84,4.88,8.78,40.092215238863254,40.35312929727827
2006-04-30,6.76,11.74,2.89,7.36,13.75,40.092215238863254,40.35312929727827
2006-05-01,7.67,13.17,2.33,1.56,12.22,40.092215238863254,40.35312929727827
2006-05-02,7.64,12.63,3.52,4.99,8.78,40.092215238863254,40.35312929727827
2006-05-03,6.65,13.92,0.99,7.47,12.6,40.092215238863254,40.35312929727827
2006-05-04,6.53,13.39,-0.67,3.24,16.28,40.092215238863254,40.35312929727827
2006-05-05,7.83,14.76,1.32,7.5,8.97,40.092215238863254,40.35312929727827
2006-05-06,8.25,12.99,4.75,8.71,11.36,40.092215238863254,40.35312929727827
2006-05-07,9.13,13.58,4.96,1.92,8.03,40.092215238863254,40.35312929727827
2006-05-08,8.32,13.13,4.11,10.76,6.44,40.092215238863254,40.35312929727827
2006-05-09,7.91,14.14,1.33,0.94,17.03,40.092215238863254,40.35312929727827
2006-05-10,6.91,13.55,0.17,0.27,21.22,40.092215238863254,40.35312929727827
2006-05-11,8.52,15.07,2.32,0.0,21.63,40.092215238863254,40.35312929727827
2006-05-12,9.84,17.61,2.09,0.0,25.14,40.092215238863254,40.35312929727827
2006-05-13,9.89,17.12,3.03,1.7,15.37,40.092215238863254,40.35312929727827
2006-05-14,6.04,12.0,0.63,0.99,15.95,40.092215238863254,40.35312929727827
2006-05-15,7.68,14.56,-0.59,0.79,24.42,40.092215238863254,40.35312929727827
2006-05-16,10.57,17.9,3.05,0.02,26.72,40.092215238863254,40.35312929727827
2006-05-17,11.62,18.19,5.2,0.12,17.68,40.092215238863254,40.35312929727827
2006-05-18,7.57,12.65,3.56,1.52,12.9,40.092215238863254,40.35312929727827
2006-05-19,8.6,15.86,1.8,0.0,18.12,40.092215238863254,40.35312929727827
2006-05-20,10.62,17.43,3.88,0.08,24.6,40.092215238863254,40.35312929727827
2006-05-21,10.9,17.57,3.31,0.01,27.91,40.092215238863254,40.35312929727827
2006-05-22,11.5,18.34,5.0,0.0,28.53,40.092215238863254,40.35312929727827
2006-05-23,10.63,17.99,4.04,0.01,27.86,40.092215238863254,40.35312929727827
2006-05-24,12.76,21.12,3.45,0.0,29.91,40.092215238863254,40.35312929727827
2006-05-25,14.5,21.35,5.44,0.0,30.52,40.092215238863254,40.35312929727827
2006-05-26,15.08,21.96,6.76,0.01,25.99,40.092215238863254,40.35312929727827
2006-05-27,13.15,18.62,7.31,4.25,15.08,40.092215238863254,40.35312929727827
2006-05-28,9.41,14.36,5.39,1.44,18.96,40.092215238863254,40.35312929727827
2006-05-29,12.04,19.07,4.98,0.0,30.28,40.092215238863254,40.35312929727827
2006-05-30,16.13,22.04,9.33,0.0,30.43,40.092215238863254,40.35312929727827
2006-05-31,16.74,23.61,10.02,0.0,31.08,40.092215238863254,40.35312929727827
2006-06-01,18.61,24.7,11.12,0.53,29.02,40.092215238863254,40.35312929727827
2006-06-02,18.38,26.39,10.71,3.17,23.86,40.092215238863254,40.35312929727827
2006-06-03,16.64,24.59,7.4,0.0,30.2,40.092215238863254,40.35312929727827
2006-06-04,18.52,25.54,10.87,0.0,30.48,40.092215238863254,40.35312929727827
2006-06-05,19.6,25.77,13.21,0.01,28.64,40.092215238863254,40.35312929727827
2006-06-06,18.47,25.47,10.82,0.52,21.01,40.092215238863254,40.35312929727827
2006-06-07,17.54,24.74,10.16,0.1,21.34,40.092215238863254,40.35312929727827
2006-06-08,16.23,22.94,7.86,0.1,22.53,40.092215238863254,40.35312929727827
2006-06-09,14.94,21.87,7.76,0.0,25.66,40.092215238863254,40.35312929727827
2006-06-10,13.32,20.64,4.12,0.04,24.13,40.092215238863254,40.35312929727827
2006-06-11,14.74,22.12,6.32,0.27,24.25,40.092215238863254,40.35312929727827
2006-06-12,12.99,20.43,4.5,0.24,20.39,40.092215238863254,40.35312929727827
2006-06-13,14.94,23.14,4.77,0.0,29.12,40.092215238863254,40.35312929727827
2006-06-14,16.14,23.28,7.87,0.01,28.06,40.092215238863254,40.35312929727827
2006-06-15,15.31,22.48,8.1,0.02,25.45,40.092215238863254,40.35312929727827
2006-06-16,15.24,22.82,6.86,0.06,27.11,40.092215238863254,40.35312929727827
2006-06-17,14.24,22.73,4.24,0.56,23.47,40.092215238863254,40.35312929727827
2006-06-18,14.48,23.03,5.18,0.04,23.86,40.092215238863254,40.35312929727827
2006-06-19,15.77,24.21,6.22,0.0,26.07,40.092215238863254,40.35312929727827
2006-06-20,17.87,25.76,7.94,0.09,28.65,40.092215238863254,40.35312929727827
2006-06-21,18.56,26.49,9.47,0.0,27.26,40.092215238863254,40.35312929727827
2006-06-22,19.39,26.72,11.33,0.02,20.74,40.092215238863254,40.35312929727827
2006-06-23,19.1,27.77,9.96,0.07,18.31,40.092215238863254,40.35312929727827
2006-06-24,18.4,26.42,9.59,0.47,19.62,40.092215238863254,40.35312929727827
2006-06-25,18.29,26.42,9.06,0.55,21.45,40.092215238863254,40.35312929727827
2006-06-26,17.82,24.58,11.28,2.61,17.87,40.092215238863254,40.35312929727827
2006-06-27,17.8,25.52,9.6,0.16,17.81,40.092215238863254,40.35312929727827
2006-06-28,18.32,26.23,10.83,3.21,17.86,40.092215238863254,40.35312929727827
2006-06-29,18.1,24.88,11.22,0.14,20.71,40.092215238863254,40.35312929727827
2006-06-30,16.62,22.44,10.37,1.18,19.58,40.092215238863254,40.35312929727827
2006-07-01,16.0,21.49,10.6,1.9,13.95,40.092215238863254,40.35312929727827
2006-07-02,15.29,19.52,9.57,0.43,16.69,40.092215238863254,40.35312929727827
2006-07-03,14.66,21.92,7.72,4.19,15.91,40.092215238863254,40.35312929727827
2006-07-04,14.07,20.37,8.5,1.57,16.02,40.092215238863254,40.35312929727827
2006-07-05,15.98,23.15,8.72,0.49,15.38,40.092215238863254,40.35312929727827
2006-07-06,16.24,24.57,7.76,0.4,16.37,40.092215238863254,40.35312929727827
2006-07-07,15.97,23.85,8.35,1.52,14.79,40.092215238863254,40.35312929727827
2006-07-08,14.91,21.85,8.13,2.62,16.83,40.092215238863254,40.35312929727827
2006-07-09,16.13,24.7,7.48,0.0,25.22,40.092215238863254,40.35312929727827
2006-07-10,17.72,27.36,8.09,0.0,23.01,40.092215238863254,40.35312929727827
2006-07-11,18.56,27.96,9.23,0.0,19.45,40.092215238863254,40.35312929727827
2006-07-12,19.87,29.29,9.83,0.0,23.68,40.092215238863254,40.35312929727827
2006-07-13,20.38,29.22,10.23,0.0,25.54,40.092215238863254,40.35312929727827
2006-07-14,21.27,29.7,11.31,0.09,20.52,40.092215238863254,40.35312929727827
2006-07-15,17.65,24.48,11.0,0.85,19.4,40.092215238863254,40.35312929727827
2006-07-16,16.27,24.77,7.76,0.14,24.93,40.092215238863254,40.35312929727827
2006-07-17,18.78,27.37,8.84,0.07,24.31,40.092215238863254,40.35312929727827
2006-07-18,19.51,28.56,11.9,0.63,17.71,40.092215238863254,40.35312929727827
2006-07-19,17.71,28.5,9.7,0.4,16.42,40.092215238863254,40.35312929727827
2006-07-20,18.78,29.4,9.18,0.1,20.02,40.092215238863254,40.35312929727827
2006-07-21,21.14,31.88,11.76,0.02,19.7,40.092215238863254,40.35312929727827
2006-07-22,21.13,31.12,11.5,0.01,21.45,40.092215238863254,40.35312929727827
2006-07-23,21.04,29.86,11.59,0.06,23.0,40.092215238863254,40.35312929727827
2006-07-24,19.84,29.05,11.75,0.0,16.92,40.092215238863254,40.35312929727827
2006-07-25,19.08,27.92,9.63,0.0,22.33,40.092215238863254,40.35312929727827
2006-07-26,21.04,29.69,12.31,0.0,19.48,40.092215238863254,40.35312929727827
2006-07-27,21.15,29.86,13.23,0.05,18.07,40.092215238863254,40.35312929727827
2006-07-28,17.9,25.63,11.64,0.71,14.19,40.092215238863254,40.35312929727827
2006-07-29,13.53,19.9,7.53,5.6,14.44,40.092215238863254,40.35312929727827
2006-07-30,15.12,25.58,4.72,0.0,23.21,40.092215238863254,40.35312929727827
2006-07-31,18.59,27.98,7.2,0.0,27.18,40.092215238863254,40.35312929727827
2006-08-01,20.15,28.16,11.97,0.87,20.67,40.092215238863254,40.35312929727827
2006-08-02,20.23,28.11,12.22,0.0,19.76,40.092215238863254,40.35312929727827
2006-08-03,20.79,29.23,12.56,0.0,26.91,40.092215238863254,40.35312929727827
2006-08-04,21.96,30.63,12.61,0.0,26.58,40.092215238863254,40.35312929727827
2006-08-05,23.33,32.0,15.23,0.0,27.01,40.092215238863254,40.35312929727827
2006-08-06,22.64,32.39,13.89,0.0,28.2,40.092215238863254,40.35312929727827
2006-08-07,23.34,31.83,13.14,0.0,27.44,40.092215238863254,40.35312929727827
2006-08-08,24.37,32.51,17.01,0.0,21.13,40.092215238863254,40.35312929727827
2006-08-09,22.88,31.25,14.96,0.12,20.72,40.092215238863254,40.35312929727827
2006-08-10,21.57,31.84,11.26,0.0,24.93,40.092215238863254,40.35312929727827
2006-08-11,23.31,33.53,12.34,0.0,27.08,40.092215238863254,40.35312929727827
2006-08-12,25.02,33.99,16.78,0.0,24.5,40.092215238863254,40.35312929727827
2006-08-13,24.88,34.58,13.95,0.0,23.02,40.092215238863254,40.35312929727827
2006-08-14,24.37,34.37,13.87,0.0,23.61,40.092215238863254,40.35312929727827
2006-08-15,22.9,33.01,12.44,0.0,21.45,40.092215238863254,40.35312929727827
2006-08-16,22.79,32.14,13.11,0.0,22.44,40.092215238863254,40.35312929727827
2006-08-17,22.62,31.0,14.07,0.46,20.43,40.092215238863254,40.35312929727827
2006-08-18,19.98,27.4,14.72,1.39,14.37,40.092215238863254,40.35312929727827
2006-08-19,19.19,26.15,13.18,0.49,16.09,40.092215238863254,40.35312929727827
2006-08-20,18.98,27.73,11.39,0.0,19.0,40.092215238863254,40.35312929727827
2006-08-21,16.21,20.06,12.36,0.11,18.63,40.092215238863254,40.35312929727827
2006-08-22,19.2,27.82,10.63,0.02,23.35,40.092215238863254,40.35312929727827
2006-08-23,19.03,28.2,11.03,1.32,25.13,40.092215238863254,40.35312929727827
2006-08-24,20.31,29.81,10.82,0.06,22.01,40.092215238863254,40.35312929727827
2006-08-25,20.54,30.41,11.11,0.03,20.32,40.092215238863254,40.35312929727827
2006-08-26,21.05,29.04,14.98,0.02,17.67,40.092215238863254,40.35312929727827
2006-08-27,22.24,29.24,14.56,0.12,21.45,40.092215238863254,40.35312929727827
2006-08-28,21.69,30.76,14.34,0.0,20.81,40.092215238863254,40.35312929727827
2006-08-29,21.1,29.58,12.92,0.13,20.98,40.092215238863254,40.35312929727827
2006-08-30,21.98,30.56,12.45,0.05,24.05,40.092215238863254,40.35312929727827
2006-08-31,22.79,32.19,15.48,0.03,24.49,40.092215238863254,40.35312929727827
2006-09-01,21.13,30.91,12.94,0.13,18.66,40.092215238863254,40.35312929727827
2006-09-02,19.58,28.01,10.78,0.08,17.4,40.092215238863254,40.35312929727827
2006-09-03,18.13,26.55,10.81,1.05,16.68,40.092215238863254,40.35312929727827
2006-09-04,16.11,25.66,8.51,0.24,14.79,40.092215238863254,40.35312929727827
2006-09-05,14.27,22.99,7.44,0.09,19.34,40.092215238863254,40.35312929727827
2006-09-06,13.96,23.63,6.02,0.63,19.5,40.092215238863254,40.35312929727827
2006-09-07,11.3,19.73,3.92,0.29,19.93,40.092215238863254,40.35312929727827
2006-09-08,14.61,24.97,3.08,0.0,23.03,40.092215238863254,40.35312929727827
2006-09-09,16.36,25.39,9.21,0.0,23.25,40.092215238863254,40.35312929727827
2006-09-10,15.11,26.14,6.36,0.06,19.44,40.092215238863254,40.35312929727827
2006-09-11,16.18,26.09,7.24,0.12,16.54,40.092215238863254,40.35312929727827
2006-09-12,12.93,22.21,6.18,1.84,10.37,40.092215238863254,40.35312929727827
2006-09-13,11.67,21.63,3.48,0.17,16.41,40.092215238863254,40.35312929727827
2006-09-14,11.52,20.63,4.18,0.46,14.29,40.092215238863254,40.35312929727827
2006-09-15,8.84,16.22,3.06,0.21,15.26,40.092215238863254,40.35312929727827
2006-09-16,7.88,16.46,1.13,0.11,17.13,40.092215238863254,40.35312929727827
2006-09-17,9.35,19.63,1.2,0.15,21.87,40.092215238863254,40.35312929727827
2006-09-18,13.44,23.88,2.41,0.0,22.6,40.092215238863254,40.35312929727827
2006-09-19,15.4,23.85,8.67,0.0,21.57,40.092215238863254,40.35312929727827
2006-09-20,15.27,23.85,8.09,0.0,19.94,40.092215238863254,40.35312929727827
2006-09-21,13.91,22.07,6.96,0.13,14.69,40.092215238863254,40.35312929727827
2006-09-22,11.92,17.19,7.23,7.84,9.1,40.092215238863254,40.35312929727827
2006-09-23,11.12,15.73,7.11,4.28,13.78,40.092215238863254,40.35312929727827
2006-09-24,11.52,18.23,5.61,2.57,17.43,40.092215238863254,40.35312929727827
2006-09-25,11.98,19.14,5.94,0.19,13.92,40.092215238863254,40.35312929727827
2006-09-26,9.77,15.34,6.22,4.2,9.27,40.092215238863254,40.35312929727827
2006-09-27,10.01,17.38,5.0,0.37,10.56,40.092215238863254,40.35312929727827
2006-09-28,12.38,20.26,5.28,0.0,19.68,40.092215238863254,40.35312929727827
2006-09-29,13.03,20.32,7.85,0.95,14.11,40.092215238863254,40.35312929727827
2006-09-30,12.31,18.22,6.99,0.59,13.94,40.092215238863254,40.35312929727827
2006-10-01,12.33,19.94,7.22,1.49,9.09,40.092215238863254,40.35312929727827
2006-10-02,10.69,15.31,7.4,10.54,9.87,40.092215238863254,40.35312929727827
2006-10-03,10.97,15.6,6.16,11.96,10.31,40.092215238863254,40.35312929727827
2006-10-04,11.34,17.96,5.88,0.05,16.58,40.092215238863254,40.35312929727827
2006-10-05,11.78,21.49,4.6,0.0,18.96,40.092215238863254,40.35312929727827
2006-10-06,12.79,21.57,4.41,0.0,17.8,40.092215238863254,40.35312929727827
2006-10-07,13.27,21.44,6.41,0.0,18.74,40.092215238863254,40.35312929727827
2006-10-08,13.39,21.52,7.75,0.0,17.77,40.092215238863254,40.35312929727827
2006-10-09,12.97,20.03,7.67,0.0,14.72,40.092215238863254,40.35312929727827
2006-10-10,12.91,19.9,8.24,0.39,12.71,40.092215238863254,40.35312929727827
2006-10-11,10.93,17.76,6.73,0.71,9.6,40.092215238863254,40.35312929727827
2006-10-12,9.39,14.67,4.79,3.21,7.03,40.092215238863254,40.35312929727827
2006-10-13,8.44,15.08,3.7,2.87,6.47,40.092215238863254,40.35312929727827
2006-10-14,8.77,15.03,4.47,1.96,4.17,40.092215238863254,40.35312929727827
2006-10-15,7.22,10.22,4.65,12.65,6.13,40.092215238863254,40.35312929727827
2006-10-16,4.58,9.2,0.67,3.25,6.66,40.092215238863254,40.35312929727827
2006-10-17,5.87,11.07,0.27,3.51,7.22,40.092215238863254,40.35312929727827
2006-10-18,7.82,13.2,4.15,1.73,8.39,40.092215238863254,40.35312929727827
2006-10-19,8.54,15.29,3.95,1.33,13.86,40.092215238863254,40.35312929727827
2006-10-20,6.99,14.1,1.76,8.25,8.36,40.092215238863254,40.35312929727827
2006-10-21,6.82,11.01,3.92,2.38,9.08,40.092215238863254,40.35312929727827
2006-10-22,7.31,13.39,2.58,0.0,12.21,40.092215238863254,40.35312929727827
2006-10-23,7.46,13.5,3.1,0.0,10.94,40.092215238863254,40.35312929727827
2006-10-24,8.0,12.72,3.84,0.06,12.47,40.092215238863254,40.35312929727827
2006-10-25,7.87,15.06,2.99,0.87,12.93,40.092215238863254,40.35312929727827
2006-10-26,7.37,13.19,3.25,0.03,11.19,40.092215238863254,40.35312929727827
2006-10-27,5.94,10.7,1.45,0.81,7.14,40.092215238863254,40.35312929727827
2006-10-28,4.86,12.2,0.52,2.13,5.46,40.092215238863254,40.35312929727827
2006-10-29,5.66,11.23,2.32,4.69,5.34,40.092215238863254,40.35312929727827
2006-10-30,4.22,8.58,1.87,3.44,6.81,40.092215238863254,40.35312929727827
2006-10-31,5.45,10.31,2.06,0.83,7.75,40.092215238863254,40.35312929727827
2006-11-01,6.76,12.29,3.23,6.03,7.22,40.092215238863254,40.35312929727827
2006-11-02,5.07,7.87,1.01,10.58,6.03,40.092215238863254,40.35312929727827
2006-11-03,4.31,10.05,0.37,1.19,10.46,40.092215238863254,40.35312929727827
2006-11-04,6.33,9.36,4.34,11.3,5.18,40.092215238863254,40.35312929727827
2006-11-05,2.07,5.44,-4.96,33.21,1.91,40.092215238863254,40.35312929727827
2006-11-06,-5.38,0.95,-10.63,0.1,7.68,40.092215238863254,40.35312929727827
2006-11-07,-6.13,-1.43,-8.91,0.06,7.63,40.092215238863254,40.35312929727827
2006-11-08,-5.55,-0.02,-10.61,0.88,6.22,40.092215238863254,40.35312929727827
2006-11-09,-2.56,4.07,-7.1,0.0,8.85,40.092215238863254,40.35312929727827
2006-11-10,-0.62,6.29,-4.36,0.0,11.03,40.092215238863254,40.35312929727827
2006-11-11,-1.22,5.16,-4.6,0.21,11.02,40.092215238863254,40.35312929727827
2006-11-12,-1.14,3.79,-4.07,1.4,7.12,40.092215238863254,40.35312929727827
2006-11-13,0.42,5.73,-3.15,0.04,6.04,40.092215238863254,40.35312929727827
2006-11-14,-1.36,1.86,-4.72,4.1,1.88,40.092215238863254,40.35312929727827
2006-11-15,-3.75,0.5,-6.13,0.6,4.7,40.092215238863254,40.35312929727827
2006-11-16,-3.13,2.3,-6.59,0.31,6.37,40.092215238863254,40.35312929727827
2006-11-17,-1.53,4.74,-5.41,0.41,4.37,40.092215238863254,40.35312929727827
2006-11-18,-1.96,2.12,-6.53,1.02,4.69,40.092215238863254,40.35312929727827
2006-11-19,-6.26,-1.14,-9.57,0.09,6.37,40.092215238863254,40.35312929727827
2006-11-20,-3.42,4.25,-9.96,0.0,10.52,40.092215238863254,40.35312929727827
2006-11-21,-0.58,5.84,-4.7,0.0,8.1,40.092215238863254,40.35312929727827
2006-11-22,-0.01,5.77,-3.03,0.0,8.63,40.092215238863254,40.35312929727827
2006-11-23,-0.04,4.94,-3.53,0.0,8.72,40.092215238863254,40.35312929727827
2006-11-24,0.58,6.74,-3.23,0.0,9.81,40.092215238863254,40.35312929727827
2006-11-25,-0.14,6.54,-3.85,0.0,9.43,40.092215238863254,40.35312929727827
2006-11-26,-0.48,6.9,-4.27,0.0,9.14,40.092215238863254,40.35312929727827
2006-11-27,-1.72,4.26,-6.24,0.0,5.78,40.092215238863254,40.35312929727827
2006-11-28,-1.75,3.98,-5.09,0.18,5.04,40.092215238863254,40.35312929727827
2006-11-29,-2.96,1.9,-6.6,0.37,6.33,40.092215238863254,40.35312929727827
2006-11-30,-4.54,1.76,-9.38,0.28,6.3,40.092215238863254,40.35312929727827
2006-12-01,-5.21,1.36,-9.64,0.34,5.97,40.092215238863254,40.35312929727827
2006-12-02,-5.27,-0.45,-8.78,2.03,3.29,40.092215238863254,40.35312929727827
2006-12-03,-4.43,2.76,-10.36,0.04,5.55,40.092215238863254,40.35312929727827
2006-12-04,-2.08,4.38,-5.83,0.0,7.25,40.092215238863254,40.35312929727827
2006-12-05,-3.24,3.25,-6.55,0.0,9.19,40.092215238863254,40.35312929727827
2006-12-06,-3.27,2.48,-7.66,0.0,7.27,40.092215238863254,40.35312929727827
2006-12-07,-2.49,4.55,-7.26,0.0,7.76,40.092215238863254,40.35312929727827
2006-12-08,-2.6,4.25,-7.58,0.0,8.0,40.092215238863254,40.35312929727827
2006-12-09,-2.48,3.14,-6.14,0.0,8.49,40.092215238863254,40.35312929727827
2006-12-10,-2.56,5.23,-6.75,0.0,8.78,40.092215238863254,40.35312929727827
2006-12-11,-4.0,3.62,-8.82,0.0,8.15,40.092215238863254,40.35312929727827
2006-12-12,-2.69,3.82,-7.32,0.0,8.35,40.092215238863254,40.35312929727827
2006-12-13,-3.87,1.09,-8.43,0.01,6.49,40.092215238863254,40.35312929727827
2006-12-14,-5.43,0.35,-9.5,1.16,4.45,40.092215238863254,40.35312929727827
2006-12-15,-7.36,-3.97,-12.04,1.33,3.76,40.092215238863254,40.35312929727827
2006-12-16,-6.78,1.74,-13.67,0.0,7.97,40.092215238863254,40.35312929727827
2006-12-17,-0.95,7.62,-6.51,0.0,8.73,40.092215238863254,40.35312929727827
2006-12-18,0.96,6.16,-1.46,0.0,8.2,40.092215238863254,40.35312929727827
2006-12-19,1.05,7.78,-1.62,0.0,8.43,40.092215238863254,40.35312929727827
2006-12-20,-1.66,3.95,-4.86,0.0,7.0,40.092215238863254,40.35312929727827
2006-12-21,-1.85,3.0,-5.01,0.82,6.5,40.092215238863254,40.35312929727827
2006-12-22,-6.69,-3.48,-10.96,1.7,5.05,40.092215238863254,40.35312929727827
2006-12-23,-10.31,-3.9,-14.67,0.12,7.87,40.092215238863254,40.35312929727827
2006-12-24,-10.05,-4.09,-13.83,0.47,5.71,40.092215238863254,40.35312929727827
2006-12-25,-7.99,-0.34,-12.57,0.19,8.96,40.092215238863254,40.35312929727827
2006-12-26,-8.38,-6.32,-11.28,2.44,2.84,40.092215238863254,40.35312929727827
2006-12-27,-13.92,-11.26,-17.66,1.05,8.58,40.092215238863254,40.35312929727827
2006-12-28,-14.95,-8.59,-19.34,0.15,8.2,40.092215238863254,40.35312929727827
2006-12-29,-11.34,-4.41,-16.01,0.0,9.55,40.092215238863254,40.35312929727827
2006-12-30,-9.84,-3.81,-14.31,0.22,6.12,40.092215238863254,40.35312929727827
2006-12-31,-10.51,-4.9,-14.59,0.57,7.39,40.092215238863254,40.35312929727827
2007-01-01,-11.04,-3.17,-15.79,0.0,9.1,40.092215238863254,40.35312929727827
2007-01-02,-8.69,-2.53,-13.51,0.0,8.21,40.092215238863254,40.35312929727827
2007-01-03,-7.71,-0.21,-11.63,0.0,5.83,40.092215238863254,40.35312929727827
2007-01-04,-6.15,-0.07,-10.18,0.0,7.19,40.092215238863254,40.35312929727827
2007-01-05,-6.17,-2.54,-8.68,2.17,4.15,40.092215238863254,40.35312929727827
2007-01-06,-7.18,-3.11,-11.12,3.85,4.59,40.092215238863254,40.35312929727827
2007-01-07,-8.89,-4.07,-12.99,0.46,8.33,40.092215238863254,40.35312929727827
2007-01-08,-9.29,-3.34,-14.63,0.0,8.57,40.092215238863254,40.35312929727827
2007-01-09,-8.51,-2.45,-12.73,0.0,5.69,40.092215238863254,40.35312929727827
2007-01-10,-8.07,-1.45,-12.2,0.0,9.13,40.092215238863254,40.35312929727827
2007-01-11,-7.71,-0.61,-13.35,0.0,10.01,40.092215238863254,40.35312929727827
2007-01-12,-8.06,-0.63,-12.24,0.01,10.01,40.092215238863254,40.35312929727827
2007-01-13,-8.07,-0.95,-12.43,0.02,9.77,40.092215238863254,40.35312929727827
2007-01-14,-7.67,-1.99,-11.48,1.5,3.79,40.092215238863254,40.35312929727827
2007-01-15,-6.44,-1.86,-10.12,0.49,6.82,40.092215238863254,40.35312929727827
2007-01-16,-9.68,-6.28,-13.59,2.33,6.4,40.092215238863254,40.35312929727827
2007-01-17,-9.43,-3.68,-12.93,0.46,6.97,40.092215238863254,40.35312929727827
2007-01-18,-7.44,0.03,-12.95,0.0,10.91,40.092215238863254,40.35312929727827
2007-01-19,-7.07,-2.03,-12.04,0.18,8.32,40.092215238863254,40.35312929727827
2007-01-20,-6.67,-3.38,-8.84,5.98,2.42,40.092215238863254,40.35312929727827
2007-01-21,-7.42,-2.74,-12.91,1.35,8.46,40.092215238863254,40.35312929727827
2007-01-22,-6.99,-0.59,-13.2,0.0,10.55,40.092215238863254,40.35312929727827
2007-01-23,-3.63,2.63,-7.24,0.0,11.41,40.092215238863254,40.35312929727827
2007-01-24,-3.7,3.73,-7.59,0.0,9.1,40.092215238863254,40.35312929727827
2007-01-25,-3.17,4.55,-8.26,0.0,10.3,40.092215238863254,40.35312929727827
2007-01-26,-2.96,3.58,-7.4,0.0,8.67,40.092215238863254,40.35312929727827
2007-01-27,-3.23,3.23,-7.15,0.0,9.69,40.092215238863254,40.35312929727827
2007-01-28,-4.9,-1.3,-10.03,7.59,3.95,40.092215238863254,40.35312929727827
2007-01-29,-12.87,-9.07,-17.67,2.16,11.95,40.092215238863254,40.35312929727827
2007-01-30,-11.98,-7.72,-18.13,3.67,7.54,40.092215238863254,40.35312929727827
2007-01-31,-11.66,-8.57,-14.17,3.05,9.06,40.092215238863254,40.35312929727827
2007-02-01,-14.36,-7.06,-19.49,0.17,12.88,40.092215238863254,40.35312929727827
2007-02-02,-13.36,-6.87,-18.93,0.06,10.08,40.092215238863254,40.35312929727827
2007-02-03,-8.65,-1.28,-14.41,1.31,5.2,40.092215238863254,40.35312929727827
2007-02-04,-6.99,-1.71,-10.49,0.83,9.63,40.092215238863254,40.35312929727827
2007-02-05,-6.23,-1.33,-11.48,4.24,5.79,40.092215238863254,40.35312929727827
2007-02-06,-3.84,-0.6,-7.91,8.25,3.95,40.092215238863254,40.35312929727827
2007-02-07,-7.47,-2.32,-10.93,0.73,9.1,40.092215238863254,40.35312929727827
2007-02-08,-7.57,-0.28,-13.61,0.0,10.54,40.092215238863254,40.35312929727827
2007-02-09,-6.61,-0.57,-11.8,0.0,12.86,40.092215238863254,40.35312929727827
2007-02-10,-5.44,0.55,-9.65,0.0,12.4,40.092215238863254,40.35312929727827
2007-02-11,-5.38,1.59,-9.47,0.0,14.52,40.092215238863254,40.35312929727827
2007-02-12,-6.05,0.78,-10.68,0.0,14.22,40.092215238863254,40.35312929727827
2007-02-13,-4.34,1.41,-8.59,0.04,13.01,40.092215238863254,40.35312929727827
2007-02-14,-4.43,2.08,-8.45,0.15,13.87,40.092215238863254,40.35312929727827
2007-02-15,-3.07,1.55,-7.32,1.49,6.95,40.092215238863254,40.35312929727827
2007-02-16,-2.68,1.35,-6.42,1.55,7.61,40.092215238863254,40.35312929727827
2007-02-17,-3.72,2.4,-9.89,0.1,13.92,40.092215238863254,40.35312929727827
2007-02-18,-4.48,0.61,-8.43,0.88,7.84,40.092215238863254,40.35312929727827
2007-02-19,-4.92,2.42,-11.53,0.0,15.32,40.092215238863254,40.35312929727827
2007-02-20,-3.88,2.55,-10.43,0.01,8.96,40.092215238863254,40.35312929727827
2007-02-21,-1.97,3.28,-5.68,0.42,8.65,40.092215238863254,40.35312929727827
2007-02-22,-1.39,3.12,-4.46,1.37,8.84,40.092215238863254,40.35312929727827
2007-02-23,-0.35,4.42,-4.44,1.15,7.98,40.092215238863254,40.35312929727827
2007-02-24,-4.62,0.83,-17.3,7.31,8.39,40.092215238863254,40.35312929727827
2007-02-25,-12.89,-3.54,-20.86,0.25,17.64,40.092215238863254,40.35312929727827
2007-02-26,-7.39,2.15,-16.76,0.0,17.55,40.092215238863254,40.35312929727827
2007-02-27,-5.24,1.52,-11.18,0.0,17.74,40.092215238863254,40.35312929727827
2007-02-28,-3.08,3.21,-8.11,0.15,14.69,40.092215238863254,40.35312929727827
2007-03-01,-1.69,2.04,-5.36,1.06,8.88,40.092215238863254,40.35312929727827
2007-03-02,-1.12,2.61,-4.66,1.26,9.66,40.092215238863254,40.35312929727827
2007-03-03,-0.6,4.85,-5.42,0.7,7.39,40.092215238863254,40.35312929727827
2007-03-04,0.64,5.05,-1.67,3.07,9.23,40.092215238863254,40.35312929727827
2007-03-05,0.18,3.36,-3.3,16.01,8.29,40.092215238863254,40.35312929727827
2007-03-06,-5.19,-1.96,-11.66,2.83,2.88,40.092215238863254,40.35312929727827
2007-03-07,-4.15,2.87,-11.64,0.06,7.02,40.092215238863254,40.35312929727827
2007-03-08,-1.16,4.55,-6.72,0.0,10.64,40.092215238863254,40.35312929727827
2007-03-09,-1.22,5.39,-5.55,0.0,14.66,40.092215238863254,40.35312929727827
2007-03-10,-0.21,7.58,-7.73,0.0,19.7,40.092215238863254,40.35312929727827
2007-03-11,2.72,9.55,-1.69,0.0,19.04,40.092215238863254,40.35312929727827
2007-03-12,0.58,5.57,-3.21,0.2,16.2,40.092215238863254,40.35312929727827
2007-03-13,-0.35,4.6,-3.78,4.45,10.12,40.092215238863254,40.35312929727827
2007-03-14,0.27,4.71,-3.77,1.19,11.8,40.092215238863254,40.35312929727827
2007-03-15,-0.82,2.46,-4.57,3.52,12.5,40.092215238863254,40.35312929727827
2007-03-16,-4.95,-1.25,-9.25,2.43,14.73,40.092215238863254,40.35312929727827
2007-03-17,-7.12,-3.3,-9.9,0.9,14.79,40.092215238863254,40.35312929727827
2007-03-18,-3.67,1.68,-9.26,0.86,14.27,40.092215238863254,40.35312929727827
2007-03-19,-2.49,2.07,-7.52,0.79,15.92,40.092215238863254,40.35312929727827
2007-03-20,-0.45,4.71,-5.0,0.01,17.54,40.092215238863254,40.35312929727827
2007-03-21,0.99,5.41,-2.63,0.02,17.31,40.092215238863254,40.35312929727827
2007-03-22,2.37,8.26,-1.93,0.0,19.31,40.092215238863254,40.35312929727827
2007-03-23,2.34,8.67,-2.57,0.0,18.76,40.092215238863254,40.35312929727827
2007-03-24,2.78,8.15,-1.34,5.95,9.55,40.092215238863254,40.35312929727827
2007-03-25,-0.25,3.52,-2.85,2.05,16.75,40.092215238863254,40.35312929727827
2007-03-26,-1.67,2.67,-4.72,1.31,8.3,40.092215238863254,40.35312929727827
2007-03-27,-2.1,2.91,-5.69,1.03,13.75,40.092215238863254,40.35312929727827
2007-03-28,-0.41,5.28,-4.86,0.24,14.99,40.092215238863254,40.35312929727827
2007-03-29,-1.48,1.75,-4.02,1.05,13.47,40.092215238863254,40.35312929727827
2007-03-30,-0.5,4.26,-4.09,0.01,20.06,40.092215238863254,40.35312929727827
2007-03-31,1.02,7.57,-3.33,0.02,19.95,40.092215238863254,40.35312929727827
2007-04-01,0.42,3.23,-2.11,0.61,15.72,40.092215238863254,40.35312929727827
2007-04-02,-0.08,3.86,-3.48,1.62,10.84,40.092215238863254,40.35312929727827
2007-04-03,-2.01,0.93,-4.46,6.17,9.38,40.092215238863254,40.35312929727827
2007-04-04,-2.95,0.2,-5.91,1.13,19.64,40.092215238863254,40.35312929727827
2007-04-05,-0.24,6.63,-6.0,0.78,22.9,40.092215238863254,40.35312929727827
2007-04-06,1.49,7.74,-2.12,2.64,7.98,40.092215238863254,40.35312929727827
2007-04-07,2.57,8.15,-1.41,0.29,22.33,40.092215238863254,40.35312929727827
2007-04-08,3.17,10.86,-3.35,0.01,24.04,40.092215238863254,40.35312929727827
2007-04-09,0.73,6.61,-3.95,0.42,16.78,40.092215238863254,40.35312929727827
2007-04-10,1.78,7.52,-2.56,1.39,17.98,40.092215238863254,40.35312929727827
2007-04-11,3.05,9.22,-1.73,0.93,16.71,40.092215238863254,40.35312929727827
2007-04-12,0.57,3.87,-2.07,5.14,17.31,40.092215238863254,40.35312929727827
2007-04-13,0.76,5.6,-2.76,0.57,14.36,40.092215238863254,40.35312929727827
2007-04-14,-0.29,5.49,-6.21,1.53,16.64,40.092215238863254,40.35312929727827
2007-04-15,-0.62,4.9,-6.07,0.27,21.09,40.092215238863254,40.35312929727827
2007-04-16,-1.84,2.19,-4.32,0.99,19.4,40.092215238863254,40.35312929727827
2007-04-17,-0.2,5.0,-4.46,1.73,20.38,40.092215238863254,40.35312929727827
2007-04-18,0.17,4.64,-3.1,12.71,13.99,40.092215238863254,40.35312929727827
2007-04-19,-2.22,1.79,-7.08,6.05,7.16,40.092215238863254,40.35312929727827
2007-04-20,-3.68,0.66,-7.46,2.03,10.43,40.092215238863254,40.35312929727827
2007-04-21,-0.26,7.44,-8.18,0.01,27.25,40.092215238863254,40.35312929727827
2007-04-22,4.26,11.91,-2.36,0.01,27.47,40.092215238863254,40.35312929727827
2007-04-23,1.83,7.12,-4.23,4.29,13.9,40.092215238863254,40.35312929727827
2007-04-24,-2.28,2.82,-5.25,3.23,14.83,40.092215238863254,40.35312929727827
2007-04-25,1.24,8.0,-6.23,0.03,19.69,40.092215238863254,40.35312929727827
2007-04-26,4.79,12.03,-2.26,0.0,21.17,40.092215238863254,40.35312929727827
2007-04-27,4.54,8.23,0.52,1.15,16.59,40.092215238863254,40.35312929727827
2007-04-28,5.62,10.92,-0.32,0.02,20.49,40.092215238863254,40.35312929727827
2007-04-29,5.44,11.27,0.57,8.79,12.12,40.092215238863254,40.35312929727827
2007-04-30,3.39,7.46,-1.14,9.1,9.38,40.092215238863254,40.35312929727827
2007-05-01,4.56,11.99,-2.7,0.01,17.62,40.092215238863254,40.35312929727827
2007-05-02,6.51,11.86,0.36,0.79,7.06,40.092215238863254,40.35312929727827
2007-05-03,6.53,11.82,1.6,4.1,13.88,40.092215238863254,40.35312929727827
2007-05-04,5.06,12.26,0.02,6.28,11.26,40.092215238863254,40.35312929727827
2007-05-05,8.42,16.14,-1.69,0.0,24.58,40.092215238863254,40.35312929727827
2007-05-06,11.33,18.21,5.02,0.0,25.55,40.092215238863254,40.35312929727827
2007-05-07,13.37,20.64,5.1,0.02,25.88,40.092215238863254,40.35312929727827
2007-05-08,13.41,21.11,5.81,0.39,23.76,40.092215238863254,40.35312929727827
2007-05-09,9.4,13.71,5.9,5.75,11.03,40.092215238863254,40.35312929727827
2007-05-10,10.48,17.38,4.89,0.01,22.64,40.092215238863254,40.35312929727827
2007-05-11,10.44,16.51,4.89,1.53,15.88,40.092215238863254,40.35312929727827
2007-05-12,10.87,16.7,4.57,2.07,14.05,40.092215238863254,40.35312929727827
2007-05-13,12.03,19.1,6.51,3.95,13.46,40.092215238863254,40.35312929727827
2007-05-14,9.34,17.12,1.01,2.82,22.8,40.092215238863254,40.35312929727827
2007-05-15,9.17,19.24,-1.38,0.0,28.74,40.092215238863254,40.35312929727827
2007-05-16,11.8,21.08,1.2,0.0,29.08,40.092215238863254,40.35312929727827
2007-05-17,11.9,20.96,2.25,0.01,27.65,40.092215238863254,40.35312929727827
2007-05-18,12.17,20.16,4.38,0.4,25.21,40.092215238863254,40.35312929727827
2007-05-19,11.55,18.08,5.26,0.36,22.62,40.092215238863254,40.35312929727827
2007-05-20,12.85,19.07,5.69,0.03,25.2,40.092215238863254,40.35312929727827
2007-05-21,14.52,21.77,6.12,0.0,26.12,40.092215238863254,40.35312929727827
2007-05-22,15.0,22.21,6.48,0.0,28.02,40.092215238863254,40.35312929727827
2007-05-23,13.59,21.59,6.44,0.03,17.11,40.092215238863254,40.35312929727827
2007-05-24,15.7,24.09,6.8,0.17,25.43,40.092215238863254,40.35312929727827
2007-05-25,14.97,21.78,8.77,3.28,15.86,40.092215238863254,40.35312929727827
2007-05-26,15.54,24.7,7.11,0.63,21.54,40.092215238863254,40.35312929727827
2007-05-27,14.09,21.16,8.84,3.64,9.07,40.092215238863254,40.35312929727827
2007-05-28,15.0,21.19,9.11,1.64,23.45,40.092215238863254,40.35312929727827
2007-05-29,15.13,22.05,6.67,0.0,27.1,40.092215238863254,40.35312929727827
2007-05-30,14.8,20.77,9.88,1.59,26.24,40.092215238863254,40.35312929727827
2007-05-31,13.25,18.08,8.48,9.58,21.59,40.092215238863254,40.35312929727827
2007-06-01,14.0,19.14,7.57,0.58,20.35,40.092215238863254,40.35312929727827
2007-06-02,14.03,20.71,8.14,1.0,16.52,40.092215238863254,40.35312929727827
2007-06-03,12.44,18.1,7.28,2.15,19.57,40.092215238863254,40.35312929727827
2007-06-04,12.78,20.82,4.83,0.05,26.17,40.092215238863254,40.35312929727827
2007-06-05,12.51,20.53,4.48,0.0,30.28,40.092215238863254,40.35312929727827
2007-06-06,14.39,21.76,6.76,0.0,29.88,40.092215238863254,40.35312929727827
2007-06-07,15.49,22.82,8.46,0.14,24.81,40.092215238863254,40.35312929727827
2007-06-08,13.62,20.87,6.28,0.36,21.59,40.092215238863254,40.35312929727827
2007-06-09,12.24,18.89,5.91,5.87,15.17,40.092215238863254,40.35312929727827
2007-06-10,12.44,17.87,7.3,6.13,21.57,40.092215238863254,40.35312929727827
2007-06-11,12.24,16.96,5.3,5.64,15.29,40.092215238863254,40.35312929727827
2007-06-12,12.1,18.08,6.23,3.85,16.23,40.092215238863254,40.35312929727827
2007-06-13,13.15,20.89,4.82,0.08,27.32,40.092215238863254,40.35312929727827
2007-06-14,16.12,24.4,6.3,2.52,28.85,40.092215238863254,40.35312929727827
2007-06-15,17.1,24.87,9.16,0.01,26.5,40.092215238863254,40.35312929727827
2007-06-16,17.96,25.51,9.42,0.94,25.97,40.092215238863254,40.35312929727827
2007-06-17,16.95,22.85,10.12,3.19,22.15,40.092215238863254,40.35312929727827
2007-06-18,15.38,21.67,9.3,3.06,23.92,40.092215238863254,40.35312929727827
2007-06-19,10.6,13.75,6.55,0.57,9.64,40.092215238863254,40.35312929727827
2007-06-20,11.93,18.92,5.97,0.25,19.92,40.092215238863254,40.35312929727827
2007-06-21,11.7,18.41,5.85,0.66,17.03,40.092215238863254,40.35312929727827
2007-06-22,10.51,18.56,1.93,0.09,26.29,40.092215238863254,40.35312929727827
2007-06-23,14.25,24.99,2.05,0.0,32.68,40.092215238863254,40.35312929727827
2007-06-24,16.11,24.23,8.31,0.0,31.99,40.092215238863254,40.35312929727827
2007-06-25,12.76,19.54,4.97,0.45,24.48,40.092215238863254,40.35312929727827
2007-06-26,12.5,21.64,2.71,0.0,31.09,40.092215238863254,40.35312929727827
2007-06-27,15.85,26.0,4.15,0.0,31.89,40.092215238863254,40.35312929727827
2007-06-28,17.75,26.91,8.04,0.0,31.76,40.092215238863254,40.35312929727827
2007-06-29,17.81,25.36,10.59,0.0,27.73,40.092215238863254,40.35312929727827
2007-06-30,15.63,23.12,8.56,1.5,15.44,40.092215238863254,40.35312929727827
2007-07-01,14.44,22.35,6.97,2.43,17.46,40.092215238863254,40.35312929727827
2007-07-02,15.95,24.69,6.9,0.14,19.77,40.092215238863254,40.35312929727827
2007-07-03,15.33,21.91,8.63,0.06,21.16,40.092215238863254,40.35312929727827
2007-07-04,17.65,26.59,7.34,0.0,29.0,40.092215238863254,40.35312929727827
2007-07-05,20.47,28.17,11.62,0.0,30.78,40.092215238863254,40.35312929727827
2007-07-06,21.14,29.13,11.98,0.0,31.46,40.092215238863254,40.35312929727827
2007-07-07,16.63,25.55,7.63,3.39,14.07,40.092215238863254,40.35312929727827
2007-07-08,14.12,23.14,5.18,0.0,27.28,40.092215238863254,40.35312929727827
2007-07-09,14.85,24.3,6.29,0.0,29.05,40.092215238863254,40.35312929727827
2007-07-10,17.63,28.47,5.26,0.0,30.8,40.092215238863254,40.35312929727827
2007-07-11,20.3,29.28,10.82,0.0,28.84,40.092215238863254,40.35312929727827
2007-07-12,20.79,29.73,11.44,0.0,30.62,40.092215238863254,40.35312929727827
2007-07-13,22.23,31.08,12.35,0.32,25.02,40.092215238863254,40.35312929727827
2007-07-14,18.87,27.44,11.89,4.78,15.94,40.092215238863254,40.35312929727827
2007-07-15,14.14,19.49,9.5,1.6,10.04,40.092215238863254,40.35312929727827
2007-07-16,9.27,14.28,5.25,8.18,7.7,40.092215238863254,40.35312929727827
2007-07-17,10.63,16.98,5.13,3.72,9.38,40.092215238863254,40.35312929727827
2007-07-18,12.95,20.41,5.34,0.04,17.45,40.092215238863254,40.35312929727827
2007-07-19,15.93,25.38,5.91,0.0,27.51,40.092215238863254,40.35312929727827
2007-07-20,18.43,26.88,8.83,0.0,27.1,40.092215238863254,40.35312929727827
2007-07-21,18.4,25.29,11.2,0.0,22.96,40.092215238863254,40.35312929727827
2007-07-22,18.58,26.23,10.45,0.0,24.07,40.092215238863254,40.35312929727827
2007-07-23,18.9,27.12,10.7,0.0,27.33,40.092215238863254,40.35312929727827
2007-07-24,20.17,28.92,10.55,0.0,27.51,40.092215238863254,40.35312929727827
2007-07-25,21.84,30.29,12.24,0.0,29.03,40.092215238863254,40.35312929727827
2007-07-26,21.8,30.34,14.53,1.11,18.29,40.092215238863254,40.35312929727827
2007-07-27,20.1,28.89,12.68,0.0,26.14,40.092215238863254,40.35312929727827
2007-07-28,19.09,28.6,9.67,0.0,26.53,40.092215238863254,40.35312929727827
2007-07-29,19.53,29.17,9.7,0.0,28.02,40.092215238863254,40.35312929727827
2007-07-30,22.11,30.62,11.88,0.0,27.45,40.092215238863254,40.35312929727827
2007-07-31,23.2,30.73,14.14,0.0,24.53,40.092215238863254,40.35312929727827
2007-08-01,22.77,30.02,14.35,0.0,22.7,40.092215238863254,40.35312929727827
2007-08-02,21.66,29.24,13.91,0.89,19.11,40.092215238863254,40.35312929727827
2007-08-03,18.48,25.02,12.44,3.04,17.53,40.092215238863254,40.35312929727827
2007-08-04,19.18,28.14,10.47,0.0,20.46,40.092215238863254,40.35312929727827
2007-08-05,20.78,29.18,11.44,0.01,22.42,40.092215238863254,40.35312929727827
2007-08-06,21.6,28.81,14.27,1.56,21.16,40.092215238863254,40.35312929727827
2007-08-07,22.4,30.45,14.54,0.09,23.89,40.092215238863254,40.35312929727827
2007-08-08,22.39,31.5,13.31,0.22,19.33,40.092215238863254,40.35312929727827
2007-08-09,21.34,30.88,13.37,3.05,17.41,40.092215238863254,40.35312929727827
2007-08-10,20.98,30.31,12.27,0.19,21.2,40.092215238863254,40.35312929727827
2007-08-11,21.81,31.49,12.26,0.22,24.4,40.092215238863254,40.35312929727827
2007-08-12,23.2,31.29,14.94,0.0,27.53,40.092215238863254,40.35312929727827
2007-08-13,23.83,31.92,16.48,0.01,23.25,40.092215238863254,40.35312929727827
2007-08-14,22.01,31.25,12.72,0.04,18.28,40.092215238863254,40.35312929727827
2007-08-15,21.14,30.63,12.6,0.13,18.35,40.092215238863254,40.35312929727827
2007-08-16,19.97,28.21,13.12,0.96,19.08,40.092215238863254,40.35312929727827
2007-08-17,16.86,23.98,11.15,5.47,14.02,40.092215238863254,40.35312929727827
2007-08-18,16.08,22.61,10.23,0.77,17.18,40.092215238863254,40.35312929727827
2007-08-19,17.66,24.83,10.7,0.02,22.13,40.092215238863254,40.35312929727827
2007-08-20,18.68,26.5,11.21,1.16,18.12,40.092215238863254,40.35312929727827
2007-08-21,18.9,26.77,12.86,0.01,25.56,40.092215238863254,40.35312929727827
2007-08-22,18.14,26.17,10.69,0.56,19.84,40.092215238863254,40.35312929727827
2007-08-23,15.79,20.9,11.26,2.01,13.52,40.092215238863254,40.35312929727827
2007-08-24,16.69,23.61,9.86,1.5,17.59,40.092215238863254,40.35312929727827
2007-08-25,18.9,27.57,9.52,0.25,19.85,40.092215238863254,40.35312929727827
2007-08-26,18.68,25.32,13.36,2.08,18.12,40.092215238863254,40.35312929727827
2007-08-27,17.84,26.88,10.77,2.03,13.87,40.092215238863254,40.35312929727827
2007-08-28,16.97,24.12,9.37,1.83,21.38,40.092215238863254,40.35312929727827
2007-08-29,15.63,20.24,11.07,8.66,15.16,40.092215238863254,40.35312929727827
2007-08-30,15.98,23.44,9.45,0.01,21.28,40.092215238863254,40.35312929727827
2007-08-31,16.76,26.28,8.82,0.0,24.33,40.092215238863254,40.35312929727827
2007-09-01,16.98,26.85,8.29,0.0,25.37,40.092215238863254,40.35312929727827
2007-09-02,19.47,28.47,8.82,0.0,23.95,40.092215238863254,40.35312929727827
2007-09-03,20.88,28.83,12.05,0.0,18.39,40.092215238863254,40.35312929727827
2007-09-04,21.24,29.18,14.64,0.0,18.25,40.092215238863254,40.35312929727827
2007-09-05,21.04,28.61,13.26,0.0,22.88,40.092215238863254,40.35312929727827
2007-09-06,20.92,29.78,13.73,0.0,22.31,40.092215238863254,40.35312929727827
2007-09-07,19.97,30.22,10.4,0.0,21.67,40.092215238863254,40.35312929727827
2007-09-08,19.57,29.18,11.48,0.01,23.15,40.092215238863254,40.35312929727827
2007-09-09,16.85,25.83,10.16,2.04,17.2,40.092215238863254,40.35312929727827
2007-09-10,14.95,22.67,8.1,1.72,18.31,40.092215238863254,40.35312929727827
2007-09-11,15.85,24.65,7.33,0.0,21.67,40.092215238863254,40.35312929727827
2007-09-12,16.86,25.22,8.99,0.0,22.99,40.092215238863254,40.35312929727827
2007-09-13,16.47,25.03,9.19,0.54,19.93,40.092215238863254,40.35312929727827
2007-09-14,11.67,19.25,5.32,3.68,15.66,40.092215238863254,40.35312929727827
2007-09-15,13.35,23.23,3.84,0.08,21.23,40.092215238863254,40.35312929727827
2007-09-16,13.84,23.05,7.28,2.41,18.22,40.092215238863254,40.35312929727827
2007-09-17,8.58,16.69,1.91,1.7,17.76,40.092215238863254,40.35312929727827
2007-09-18,10.76,22.96,0.18,0.0,22.63,40.092215238863254,40.35312929727827
2007-09-19,14.74,23.77,5.76,0.0,22.3,40.092215238863254,40.35312929727827
2007-09-20,15.85,23.63,8.24,0.0,21.83,40.092215238863254,40.35312929727827
2007-09-21,16.71,25.22,8.17,0.0,20.49,40.092215238863254,40.35312929727827
2007-09-22,15.41,24.9,6.63,0.2,17.99,40.092215238863254,40.35312929727827
2007-09-23,14.98,25.23,6.27,0.62,15.53,40.092215238863254,40.35312929727827
2007-09-24,14.11,23.34,6.33,0.6,12.17,40.092215238863254,40.35312929727827
2007-09-25,12.38,19.87,6.83,2.35,10.19,40.092215238863254,40.35312929727827
2007-09-26,11.96,20.02,6.02,0.26,17.6,40.092215238863254,40.35312929727827
2007-09-27,12.81,22.86,5.16,0.0,20.64,40.092215238863254,40.35312929727827
2007-09-28,12.96,22.86,6.48,0.0,20.23,40.092215238863254,40.35312929727827
2007-09-29,11.95,21.88,3.79,0.0,19.39,40.092215238863254,40.35312929727827
2007-09-30,13.05,22.03,4.31,0.0,17.28,40.092215238863254,40.35312929727827
2007-10-01,14.18,21.98,7.07,0.0,15.68,40.092215238863254,40.35312929727827
2007-10-02,13.73,20.15,7.82,0.22,13.71,40.092215238863254,40.35312929727827
2007-10-03,14.73,21.86,8.44,0.0,16.17,40.092215238863254,40.35312929727827
2007-10-04,14.46,21.17,9.38,0.04,14.84,40.092215238863254,40.35312929727827
2007-10-05,12.68,21.49,7.34,0.18,9.86,40.092215238863254,40.35312929727827
2007-10-06,9.79,14.36,6.71,3.21,8.77,40.092215238863254,40.35312929727827
2007-10-07,10.55,17.11,6.14,0.01,11.94,40.092215238863254,40.35312929727827
2007-10-08,11.14,19.63,5.99,0.04,17.15,40.092215238863254,40.35312929727827
2007-10-09,11.94,20.05,3.35,0.0,16.77,40.092215238863254,40.35312929727827
2007-10-10,12.64,19.58,7.56,0.0,14.61,40.092215238863254,40.35312929727827
2007-10-11,12.17,19.21,6.23,0.0,14.62,40.092215238863254,40.35312929727827
2007-10-12,11.96,18.75,6.8,0.01,15.12,40.092215238863254,40.35312929727827
2007-10-13,11.93,19.18,5.51,0.19,14.67,40.092215238863254,40.35312929727827
2007-10-14,11.97,17.01,6.78,3.58,8.96,40.092215238863254,40.35312929727827
2007-10-15,10.28,14.75,6.13,5.22,5.78,40.092215238863254,40.35312929727827
2007-10-16,6.01,12.25,-0.77,13.95,4.21,40.092215238863254,40.35312929727827
2007-10-17,0.32,6.48,-5.15,1.72,7.64,40.092215238863254,40.35312929727827
2007-10-18,3.78,13.66,-4.48,0.0,14.58,40.092215238863254,40.35312929727827
2007-10-19,5.6,14.56,-0.03,0.0,14.33,40.092215238863254,40.35312929727827
2007-10-20,6.84,14.96,0.75,0.51,11.22,40.092215238863254,40.35312929727827
2007-10-21,8.19,15.79,2.88,0.0,13.88,40.092215238863254,40.35312929727827
2007-10-22,9.52,15.29,5.2,0.56,12.19,40.092215238863254,40.35312929727827
2007-10-23,9.38,15.45,4.88,0.0,9.12,40.092215238863254,40.35312929727827
2007-10-24,10.17,17.96,5.23,0.0,12.0,40.092215238863254,40.35312929727827
2007-10-25,11.06,17.53,5.31,0.03,8.96,40.092215238863254,40.35312929727827
2007-10-26,8.67,14.0,2.5,4.53,7.97,40.092215238863254,40.35312929727827
2007-10-27,4.39,10.81,-0.57,3.94,8.1,40.092215238863254,40.35312929727827
2007-10-28,4.26,12.46,-2.38,0.0,11.57,40.092215238863254,40.35312929727827
2007-10-29,6.09,13.37,-0.37,0.02,12.38,40.092215238863254,40.35312929727827
2007-10-30,4.44,10.87,0.03,6.41,6.29,40.092215238863254,40.35312929727827
2007-10-31,2.06,6.21,-1.02,7.16,5.85,40.092215238863254,40.35312929727827
2007-11-01,2.9,10.24,-3.5,0.0,12.94,40.092215238863254,40.35312929727827
2007-11-02,4.72,11.53,0.26,1.36,8.67,40.092215238863254,40.35312929727827
2007-11-03,2.09,7.36,-5.49,7.45,5.66,40.092215238863254,40.35312929727827
2007-11-04,-0.36,8.69,-6.62,0.2,11.39,40.092215238863254,40.35312929727827
2007-11-05,2.98,8.58,-1.92,3.47,4.05,40.092215238863254,40.35312929727827
2007-11-06,4.42,5.81,2.95,31.04,1.79,40.092215238863254,40.35312929727827
2007-11-07,4.07,7.73,0.19,21.16,2.0,40.092215238863254,40.35312929727827
2007-11-08,1.81,6.1,-1.83,2.19,5.33,40.092215238863254,40.35312929727827
2007-11-09,-0.98,1.85,-6.53,19.65,2.92,40.092215238863254,40.35312929727827
2007-11-10,-4.75,2.7,-9.88,0.14,7.44,40.092215238863254,40.35312929727827
2007-11-11,-1.02,3.05,-5.35,13.45,2.82,40.092215238863254,40.35312929727827
2007-11-12,-6.63,-0.53,-12.57,0.57,5.82,40.092215238863254,40.35312929727827
2007-11-13,-4.78,3.05,-10.31,0.0,8.45,40.092215238863254,40.35312929727827
2007-11-14,-2.15,3.74,-7.32,2.54,4.67,40.092215238863254,40.35312929727827
2007-11-15,0.13,5.47,-3.48,1.41,7.55,40.092215238863254,40.35312929727827
2007-11-16,2.19,7.02,-1.87,0.0,8.67,40.092215238863254,40.35312929727827
2007-11-17,2.28,8.55,-2.16,0.0,11.1,40.092215238863254,40.35312929727827
2007-11-18,3.39,8.78,-0.05,0.0,10.64,40.092215238863254,40.35312929727827
2007-11-19,1.11,6.55,-1.46,0.02,7.99,40.092215238863254,40.35312929727827
2007-11-20,0.79,4.63,-1.6,3.85,4.69,40.092215238863254,40.35312929727827
2007-11-21,0.22,4.24,-2.31,2.65,4.95,40.092215238863254,40.35312929727827
2007-11-22,-2.3,1.88,-6.09,1.6,5.23,40.092215238863254,40.35312929727827
2007-11-23,-4.61,0.71,-7.43,0.05,6.42,40.092215238863254,40.35312929727827
2007-11-24,-4.36,0.47,-8.4,0.01,7.55,40.092215238863254,40.35312929727827
2007-11-25,-2.99,2.74,-7.44,0.0,9.73,40.092215238863254,40.35312929727827
2007-11-26,-2.44,3.77,-7.13,0.0,8.98,40.092215238863254,40.35312929727827
2007-11-27,-1.35,4.05,-4.87,1.02,7.06,40.092215238863254,40.35312929727827
2007-11-28,-2.9,0.75,-8.59,7.45,4.57,40.092215238863254,40.35312929727827
2007-11-29,-9.11,-4.31,-11.46,2.35,6.07,40.092215238863254,40.35312929727827
2007-11-30,-5.51,3.24,-12.08,0.0,7.39,40.092215238863254,40.35312929727827
2007-12-01,-3.59,2.81,-8.43,0.25,5.8,40.092215238863254,40.35312929727827
2007-12-02,-5.81,-2.97,-10.93,5.62,4.89,40.092215238863254,40.35312929727827
2007-12-03,-8.03,-1.79,-11.64,0.77,8.31,40.092215238863254,40.35312929727827
2007-12-04,-6.81,-0.13,-10.62,0.0,8.54,40.092215238863254,40.35312929727827
2007-12-05,-5.14,1.05,-9.32,0.57,7.51,40.092215238863254,40.35312929727827
2007-12-06,-2.45,2.39,-7.1,4.61,3.34,40.092215238863254,40.35312929727827
2007-12-07,-2.18,0.86,-5.97,4.18,2.72,40.092215238863254,40.35312929727827
2007-12-08,-5.0,0.06,-8.01,2.04,3.78,40.092215238863254,40.35312929727827
2007-12-09,-5.66,0.21,-8.85,0.05,7.01,40.092215238863254,40.35312929727827
2007-12-10,-4.01,1.08,-8.21,1.26,6.27,40.092215238863254,40.35312929727827
2007-12-11,-3.69,1.37,-6.87,1.57,4.9,40.092215238863254,40.35312929727827
2007-12-12,-2.99,2.25,-6.85,1.22,3.04,40.092215238863254,40.35312929727827
2007-12-13,-0.55,1.85,-3.13,7.22,4.2,40.092215238863254,40.35312929727827
2007-12-14,-1.62,0.73,-5.68,13.33,2.28,40.092215238863254,40.35312929727827
2007-12-15,-6.78,-1.79,-10.29,0.41,7.31,40.092215238863254,40.35312929727827
2007-12-16,-8.42,-1.74,-12.32,0.02,8.67,40.092215238863254,40.35312929727827
2007-12-17,-7.5,-2.51,-10.46,0.84,5.71,40.092215238863254,40.35312929727827
2007-12-18,-11.01,-7.97,-16.51,2.34,4.23,40.092215238863254,40.35312929727827
2007-12-19,-16.49,-10.23,-19.77,1.19,6.25,40.092215238863254,40.35312929727827
2007-12-20,-15.3,-8.37,-20.19,1.43,5.16,40.092215238863254,40.35312929727827
2007-12-21,-12.62,-7.3,-15.47,0.37,7.22,40.092215238863254,40.35312929727827
2007-12-22,-12.89,-5.7,-17.01,0.74,5.22,40.092215238863254,40.35312929727827
2007-12-23,-12.57,-4.53,-17.45,0.01,8.65,40.092215238863254,40.35312929727827
2007-12-24,-11.64,-3.78,-15.52,0.0,9.27,40.092215238863254,40.35312929727827
2007-12-25,-12.0,-3.27,-16.39,0.0,9.56,40.092215238863254,40.35312929727827
2007-12-26,-11.88,-4.29,-15.79,0.0,9.31,40.092215238863254,40.35312929727827
2007-12-27,-11.69,-4.15,-15.61,0.0,9.59,40.092215238863254,40.35312929727827
2007-12-28,-10.16,-4.66,-13.98,0.06,7.16,40.092215238863254,40.35312929727827
2007-12-29,-12.43,-6.19,-16.71,0.83,7.15,40.092215238863254,40.35312929727827
2007-12-30,-13.26,-6.78,-17.43,0.2,7.59,40.092215238863254,40.35312929727827
2007-12-31,-14.99,-9.12,-20.18,0.03,6.62,40.092215238863254,40.35312929727827
2008-01-01,-14.86,-6.64,-21.51,0.0,9.74,40.092215238863254,40.35312929727827
2008-01-02,-10.94,-4.11,-14.96,0.0,9.22,40.092215238863254,40.35312929727827
2008-01-03,-10.23,-2.01,-14.55,0.01,8.55,40.092215238863254,40.35312929727827
2008-01-04,-7.38,-2.56,-13.05,4.55,3.11,40.092215238863254,40.35312929727827
2008-01-05,-11.23,-7.78,-14.63,1.72,5.42,40.092215238863254,40.35312929727827
2008-01-06,-13.39,-6.6,-19.25,0.25,7.36,40.092215238863254,40.35312929727827
2008-01-07,-15.48,-6.69,-21.05,0.06,9.37,40.092215238863254,40.35312929727827
2008-01-08,-16.94,-10.29,-21.95,0.24,8.4,40.092215238863254,40.35312929727827
2008-01-09,-16.07,-10.38,-20.18,0.9,6.76,40.092215238863254,40.35312929727827
2008-01-10,-16.19,-8.88,-21.01,0.43,7.92,40.092215238863254,40.35312929727827
2008-01-11,-17.88,-8.61,-23.17,0.03,8.91,40.092215238863254,40.35312929727827
2008-01-12,-18.27,-8.1,-24.1,0.0,10.53,40.092215238863254,40.35312929727827
2008-01-13,-20.07,-8.69,-26.63,0.0,10.22,40.092215238863254,40.35312929727827
2008-01-14,-16.83,-5.84,-25.83,0.0,10.86,40.092215238863254,40.35312929727827
2008-01-15,-12.9,-4.28,-18.96,0.0,11.17,40.092215238863254,40.35312929727827
2008-01-16,-11.53,-4.66,-17.32,0.0,9.23,40.092215238863254,40.35312929727827
2008-01-17,-11.26,-4.1,-16.07,0.0,11.21,40.092215238863254,40.35312929727827
2008-01-18,-10.61,-4.08,-15.18,0.0,9.58,40.092215238863254,40.35312929727827
2008-01-19,-11.23,-3.87,-15.53,0.0,11.1,40.092215238863254,40.35312929727827
2008-01-20,-12.89,-4.49,-19.4,0.0,11.09,40.092215238863254,40.35312929727827
2008-01-21,-10.68,-3.11,-15.21,0.0,10.51,40.092215238863254,40.35312929727827
2008-01-22,-8.3,-0.9,-14.3,0.0,11.1,40.092215238863254,40.35312929727827
2008-01-23,-6.16,0.34,-10.98,0.0,10.47,40.092215238863254,40.35312929727827
2008-01-24,-7.09,0.34,-11.6,1.19,8.94,40.092215238863254,40.35312929727827
2008-01-25,-10.12,-7.1,-14.81,4.34,9.03,40.092215238863254,40.35312929727827
2008-01-26,-12.9,-4.47,-18.11,0.09,9.55,40.092215238863254,40.35312929727827
2008-01-27,-14.29,-4.79,-19.81,0.15,11.87,40.092215238863254,40.35312929727827
2008-01-28,-8.44,-4.76,-15.28,4.61,5.4,40.092215238863254,40.35312929727827
2008-01-29,-3.91,-2.4,-6.07,24.64,1.57,40.092215238863254,40.35312929727827
2008-01-30,-9.59,-3.25,-17.81,7.48,8.88,40.092215238863254,40.35312929727827
2008-01-31,-17.07,-9.25,-22.18,0.68,13.03,40.092215238863254,40.35312929727827
2008-02-01,-15.53,-7.99,-21.04,0.04,12.55,40.092215238863254,40.35312929727827
2008-02-02,-14.22,-7.15,-20.5,0.19,12.4,40.092215238863254,40.35312929727827
2008-02-03,-12.12,-2.95,-19.66,0.0,13.8,40.092215238863254,40.35312929727827
2008-02-04,-9.96,-1.21,-15.86,0.0,13.69,40.092215238863254,40.35312929727827
2008-02-05,-10.69,-2.81,-16.89,0.0,13.72,40.092215238863254,40.35312929727827
2008-02-06,-9.8,-2.25,-15.48,0.0,13.54,40.092215238863254,40.35312929727827
2008-02-07,-11.01,-2.68,-16.11,0.0,13.67,40.092215238863254,40.35312929727827
2008-02-08,-8.57,-1.51,-15.28,0.01,13.35,40.092215238863254,40.35312929727827
2008-02-09,-7.36,-1.22,-11.79,0.01,13.58,40.092215238863254,40.35312929727827
2008-02-10,-8.41,-0.22,-14.43,0.01,14.02,40.092215238863254,40.35312929727827
2008-02-11,-8.52,-1.42,-14.37,0.06,13.17,40.092215238863254,40.35312929727827
2008-02-12,-9.62,-4.16,-14.5,0.56,11.51,40.092215238863254,40.35312929727827
2008-02-13,-9.7,-3.28,-14.98,0.4,11.5,40.092215238863254,40.35312929727827
2008-02-14,-9.92,-4.76,-14.81,2.69,12.36,40.092215238863254,40.35312929727827
2008-02-15,-12.88,-8.74,-17.79,0.27,12.78,40.092215238863254,40.35312929727827
2008-02-16,-12.59,-7.17,-18.65,0.34,11.69,40.092215238863254,40.35312929727827
2008-02-17,-7.09,-3.84,-11.12,3.46,8.18,40.092215238863254,40.35312929727827
2008-02-18,-4.6,-1.65,-7.15,4.38,10.83,40.092215238863254,40.35312929727827
2008-02-19,-10.84,-2.9,-21.6,6.19,5.16,40.092215238863254,40.35312929727827
2008-02-20,-16.59,-8.67,-22.73,1.73,15.82,40.092215238863254,40.35312929727827
2008-02-21,-13.6,-6.51,-19.58,0.0,16.49,40.092215238863254,40.35312929727827
2008-02-22,-9.5,-2.35,-15.43,0.0,16.5,40.092215238863254,40.35312929727827
2008-02-23,-8.53,-2.08,-13.25,0.0,16.97,40.092215238863254,40.35312929727827
2008-02-24,-8.75,-2.21,-15.41,2.88,8.87,40.092215238863254,40.35312929727827
2008-02-25,-8.39,-1.22,-13.72,0.5,15.3,40.092215238863254,40.35312929727827
2008-02-26,-5.98,0.19,-10.83,0.36,15.84,40.092215238863254,40.35312929727827
2008-02-27,-6.42,-1.11,-11.18,0.0,17.7,40.092215238863254,40.35312929727827
2008-02-28,-5.37,-0.17,-9.22,0.0,17.04,40.092215238863254,40.35312929727827
2008-02-29,-3.87,-0.49,-8.24,0.02,11.84,40.092215238863254,40.35312929727827
2008-03-01,-4.27,0.32,-10.06,0.06,16.67,40.092215238863254,40.35312929727827
2008-03-02,-5.03,1.07,-11.99,0.37,15.49,40.092215238863254,40.35312929727827
2008-03-03,-3.63,0.28,-9.71,3.97,7.74,40.092215238863254,40.35312929727827
2008-03-04,-8.08,-0.77,-14.85,0.02,17.72,40.092215238863254,40.35312929727827
2008-03-05,-3.02,3.53,-8.29,0.0,19.5,40.092215238863254,40.35312929727827
2008-03-06,1.31,7.52,-4.26,0.0,18.28,40.092215238863254,40.35312929727827
2008-03-07,2.34,8.82,-1.93,0.0,18.5,40.092215238863254,40.35312929727827
2008-03-08,3.04,12.08,-2.31,0.0,17.89,40.092215238863254,40.35312929727827
2008-03-09,3.28,9.25,-0.7,0.04,10.49,40.092215238863254,40.35312929727827
2008-03-10,2.5,8.18,-0.49,4.35,3.75,40.092215238863254,40.35312929727827
2008-03-11,2.47,7.6,-1.22,3.31,16.24,40.092215238863254,40.35312929727827
2008-03-12,2.36,8.13,-0.91,0.0,14.37,40.092215238863254,40.35312929727827
2008-03-13,1.02,5.72,-1.31,0.68,14.59,40.092215238863254,40.35312929727827
2008-03-14,0.02,4.33,-2.86,3.66,14.1,40.092215238863254,40.35312929727827
2008-03-15,-4.1,-0.63,-7.52,4.01,7.43,40.092215238863254,40.35312929727827
2008-03-16,-2.43,2.02,-6.84,0.71,10.01,40.092215238863254,40.35312929727827
2008-03-17,0.75,7.9,-3.62,0.0,17.33,40.092215238863254,40.35312929727827
2008-03-18,1.86,8.7,-3.26,0.0,17.1,40.092215238863254,40.35312929727827
2008-03-19,2.79,8.98,-1.56,0.0,13.55,40.092215238863254,40.35312929727827
2008-03-20,3.45,9.08,-1.39,0.2,12.45,40.092215238863254,40.35312929727827
2008-03-21,4.04,8.7,0.9,2.2,11.3,40.092215238863254,40.35312929727827
2008-03-22,4.03,8.04,0.54,0.72,9.73,40.092215238863254,40.35312929727827
2008-03-23,7.23,16.71,0.14,0.0,15.51,40.092215238863254,40.35312929727827
2008-03-24,8.24,17.69,1.02,0.0,11.85,40.092215238863254,40.35312929727827
2008-03-25,8.18,15.13,2.56,0.0,17.72,40.092215238863254,40.35312929727827
2008-03-26,4.78,11.56,-1.06,0.01,17.61,40.092215238863254,40.35312929727827
2008-03-27,3.7,11.2,-2.87,0.33,15.42,40.092215238863254,40.35312929727827
2008-03-28,4.09,11.39,-1.53,0.0,18.17,40.092215238863254,40.35312929727827
2008-03-29,3.0,9.39,-2.63,0.02,17.02,40.092215238863254,40.35312929727827
2008-03-30,6.89,15.0,-1.24,0.36,16.67,40.092215238863254,40.35312929727827
2008-03-31,3.8,8.54,-0.14,4.19,12.99,40.092215238863254,40.35312929727827
2008-04-01,2.34,7.66,-2.26,2.32,9.55,40.092215238863254,40.35312929727827
2008-04-02,0.29,4.83,-2.76,2.03,14.67,40.092215238863254,40.35312929727827
2008-04-03,1.22,7.74,-3.72,0.0,17.15,40.092215238863254,40.35312929727827
2008-04-04,1.16,4.59,-2.15,3.9,14.63,40.092215238863254,40.35312929727827
2008-04-05,1.34,5.62,-2.69,3.57,18.32,40.092215238863254,40.35312929727827
2008-04-06,3.7,10.39,-2.37,0.0,15.89,40.092215238863254,40.35312929727827
2008-04-07,4.18,11.02,-1.01,6.96,17.42,40.092215238863254,40.35312929727827
2008-04-08,2.48,7.7,-1.83,1.18,11.7,40.092215238863254,40.35312929727827
2008-04-09,0.89,4.19,-2.08,7.13,12.55,40.092215238863254,40.35312929727827
2008-04-10,2.33,8.44,-3.08,0.0,16.56,40.092215238863254,40.35312929727827
2008-04-11,4.15,10.21,-1.67,0.02,21.97,40.092215238863254,40.35312929727827
2008-04-12,5.83,11.6,0.72,0.59,15.33,40.092215238863254,40.35312929727827
2008-04-13,8.44,17.25,1.53,0.0,21.8,40.092215238863254,40.35312929727827
2008-04-14,11.45,19.07,5.5,0.28,17.06,40.092215238863254,40.35312929727827
2008-04-15,11.29,17.52,5.45,0.49,17.73,40.092215238863254,40.35312929727827
2008-04-16,9.68,16.76,3.73,3.67,11.07,40.092215238863254,40.35312929727827
2008-04-17,1.36,4.95,-4.78,1.48,11.36,40.092215238863254,40.35312929727827
2008-04-18,4.44,11.84,-4.91,0.03,21.57,40.092215238863254,40.35312929727827
2008-04-19,3.9,7.86,-1.47,4.78,8.63,40.092215238863254,40.35312929727827
2008-04-20,5.44,13.02,-2.41,0.01,21.28,40.092215238863254,40.35312929727827
2008-04-21,8.32,14.1,2.44,3.53,18.31,40.092215238863254,40.35312929727827
2008-04-22,10.93,19.01,2.65,0.0,24.06,40.092215238863254,40.35312929727827
2008-04-23,13.67,20.4,7.78,0.32,17.33,40.092215238863254,40.35312929727827
2008-04-24,13.51,21.12,6.02,0.0,19.06,40.092215238863254,40.35312929727827
2008-04-25,13.7,21.52,6.25,0.01,14.9,40.092215238863254,40.35312929727827
2008-04-26,12.95,20.46,5.6,0.02,15.21,40.092215238863254,40.35312929727827
2008-04-27,12.22,20.99,5.98,0.0,14.51,40.092215238863254,40.35312929727827
2008-04-28,10.02,18.04,1.85,0.0,21.31,40.092215238863254,40.35312929727827
2008-04-29,7.18,13.41,1.1,3.06,9.75,40.092215238863254,40.35312929727827
2008-04-30,8.25,13.45,4.22,4.29,15.49,40.092215238863254,40.35312929727827
2008-05-01,6.59,11.92,1.59,0.05,15.93,40.092215238863254,40.35312929727827
2008-05-02,6.08,13.4,-1.71,0.16,19.66,40.092215238863254,40.35312929727827
2008-05-03,4.47,7.64,0.71,0.75,17.18,40.092215238863254,40.35312929727827
2008-05-04,5.89,12.08,0.62,3.24,13.62,40.092215238863254,40.35312929727827
2008-05-05,7.35,13.87,1.07,1.01,13.58,40.092215238863254,40.35312929727827
2008-05-06,2.46,5.86,-3.68,9.52,5.29,40.092215238863254,40.35312929727827
2008-05-07,1.38,6.88,-4.7,0.01,16.39,40.092215238863254,40.35312929727827
2008-05-08,3.96,9.6,-1.31,0.1,21.7,40.092215238863254,40.35312929727827
2008-05-09,2.35,5.71,-1.31,7.23,10.36,40.092215238863254,40.35312929727827
2008-05-10,2.51,8.37,-2.67,2.18,18.5,40.092215238863254,40.35312929727827
2008-05-11,3.84,8.9,-1.45,2.21,14.62,40.092215238863254,40.35312929727827
2008-05-12,4.34,10.53,-0.84,1.81,17.08,40.092215238863254,40.35312929727827
2008-05-13,3.84,9.77,-1.57,2.97,22.5,40.092215238863254,40.35312929727827
2008-05-14,6.37,13.3,-0.94,0.0,29.1,40.092215238863254,40.35312929727827
2008-05-15,6.06,14.44,0.36,4.46,17.23,40.092215238863254,40.35312929727827
2008-05-16,5.87,11.97,0.29,4.89,10.54,40.092215238863254,40.35312929727827
2008-05-17,7.67,14.05,0.85,4.37,18.32,40.092215238863254,40.35312929727827
2008-05-18,7.92,13.51,1.68,2.02,17.21,40.092215238863254,40.35312929727827
2008-05-19,8.58,13.77,2.44,3.46,17.44,40.092215238863254,40.35312929727827
2008-05-20,9.88,16.84,3.69,0.44,25.62,40.092215238863254,40.35312929727827
2008-05-21,11.25,19.08,3.62,0.0,31.33,40.092215238863254,40.35312929727827
2008-05-22,13.26,20.37,5.42,0.0,30.59,40.092215238863254,40.35312929727827
2008-05-23,15.84,22.4,7.85,0.01,24.31,40.092215238863254,40.35312929727827
2008-05-24,15.96,22.86,9.45,0.0,27.13,40.092215238863254,40.35312929727827
2008-05-25,13.79,20.65,5.59,0.13,12.75,40.092215238863254,40.35312929727827
2008-05-26,9.89,16.7,4.64,4.63,12.29,40.092215238863254,40.35312929727827
2008-05-27,7.8,14.13,3.14,0.34,14.3,40.092215238863254,40.35312929727827
2008-05-28,8.95,16.34,1.74,0.01,24.3,40.092215238863254,40.35312929727827
2008-05-29,8.19,17.57,-0.93,2.64,10.01,40.092215238863254,40.35312929727827
2008-05-30,5.54,13.55,-2.89,0.19,21.58,40.092215238863254,40.35312929727827
2008-05-31,8.88,17.07,-0.46,0.0,31.93,40.092215238863254,40.35312929727827
2008-06-01,13.45,20.45,4.97,0.0,28.86,40.092215238863254,40.35312929727827
2008-06-02,13.5,20.94,5.91,0.84,17.15,40.092215238863254,40.35312929727827
2008-06-03,9.46,17.18,2.15,0.19,15.33,40.092215238863254,40.35312929727827
2008-06-04,10.88,19.06,0.27,0.0,31.61,40.092215238863254,40.35312929727827
2008-06-05,14.0,20.74,6.88,0.0,32.2,40.092215238863254,40.35312929727827
2008-06-06,15.83,23.03,9.2,0.12,27.69,40.092215238863254,40.35312929727827
2008-06-07,14.49,22.46,7.76,1.59,18.23,40.092215238863254,40.35312929727827
2008-06-08,11.85,18.78,5.98,0.03,19.92,40.092215238863254,40.35312929727827
2008-06-09,11.65,17.66,5.25,0.19,22.27,40.092215238863254,40.35312929727827
2008-06-10,13.1,20.71,4.2,5.02,18.81,40.092215238863254,40.35312929727827
2008-06-11,10.25,14.46,6.19,9.69,9.53,40.092215238863254,40.35312929727827
2008-06-12,9.25,13.78,5.9,6.3,10.59,40.092215238863254,40.35312929727827
2008-06-13,10.46,16.9,5.12,0.38,17.22,40.092215238863254,40.35312929727827
2008-06-14,12.87,20.23,5.81,0.04,27.16,40.092215238863254,40.35312929727827
2008-06-15,13.79,21.14,6.9,0.0,29.09,40.092215238863254,40.35312929727827
2008-06-16,11.65,18.89,5.7,7.91,13.51,40.092215238863254,40.35312929727827
2008-06-17,11.72,20.05,3.41,0.01,19.94,40.092215238863254,40.35312929727827
2008-06-18,11.13,19.04,3.9,0.0,24.69,40.092215238863254,40.35312929727827
2008-06-19,12.89,22.57,1.82,0.0,30.33,40.092215238863254,40.35312929727827
2008-06-20,14.82,23.65,5.84,0.0,29.63,40.092215238863254,40.35312929727827
2008-06-21,13.78,21.96,6.13,0.15,26.06,40.092215238863254,40.35312929727827
2008-06-22,10.08,15.55,5.68,5.32,16.84,40.092215238863254,40.35312929727827
2008-06-23,11.24,19.14,2.8,0.43,22.95,40.092215238863254,40.35312929727827
2008-06-24,11.98,20.7,3.74,0.26,26.17,40.092215238863254,40.35312929727827
2008-06-25,14.01,23.31,3.6,0.0,31.36,40.092215238863254,40.35312929727827
2008-06-26,16.13,25.11,6.39,0.0,31.29,40.092215238863254,40.35312929727827
2008-06-27,18.73,27.21,8.82,0.0,27.16,40.092215238863254,40.35312929727827
2008-06-28,17.9,25.86,10.48,0.01,26.74,40.092215238863254,40.35312929727827
2008-06-29,16.06,24.04,8.69,0.14,24.14,40.092215238863254,40.35312929727827
2008-06-30,12.39,18.96,4.66,1.62,14.89,40.092215238863254,40.35312929727827
2008-07-01,11.84,20.64,2.73,0.0,28.51,40.092215238863254,40.35312929727827
2008-07-02,13.72,23.77,3.21,0.03,28.14,40.092215238863254,40.35312929727827
2008-07-03,12.88,22.65,4.48,0.62,24.3,40.092215238863254,40.35312929727827
2008-07-04,12.12,21.06,2.44,0.06,28.89,40.092215238863254,40.35312929727827
2008-07-05,16.13,26.02,4.85,0.0,32.01,40.092215238863254,40.35312929727827
2008-07-06,16.55,25.88,7.43,0.01,30.27,40.092215238863254,40.35312929727827
2008-07-07,12.16,19.01,5.71,0.61,20.2,40.092215238863254,40.35312929727827
2008-07-08,12.47,20.86,4.2,0.26,24.49,40.092215238863254,40.35312929727827
2008-07-09,15.45,25.45,4.65,0.0,30.84,40.092215238863254,40.35312929727827
2008-07-10,17.43,26.16,10.02,0.0,28.19,40.092215238863254,40.35312929727827
2008-07-11,17.31,26.69,8.09,0.02,25.14,40.092215238863254,40.35312929727827
2008-07-12,18.17,28.07,8.37,0.04,23.4,40.092215238863254,40.35312929727827
2008-07-13,20.22,29.84,10.31,0.04,20.12,40.092215238863254,40.35312929727827
2008-07-14,19.31,29.75,10.49,0.95,18.79,40.092215238863254,40.35312929727827
2008-07-15,15.14,21.72,9.34,4.03,18.09,40.092215238863254,40.35312929727827
2008-07-16,17.51,26.62,7.95,0.0,28.87,40.092215238863254,40.35312929727827
2008-07-17,19.78,29.15,10.74,0.14,21.37,40.092215238863254,40.35312929727827
2008-07-18,18.52,28.39,10.2,0.62,20.18,40.092215238863254,40.35312929727827
2008-07-19,19.67,29.47,9.35,0.01,25.46,40.092215238863254,40.35312929727827
2008-07-20,21.03,31.39,11.15,0.07,21.2,40.092215238863254,40.35312929727827
2008-07-21,21.62,31.88,11.67,0.97,22.21,40.092215238863254,40.35312929727827
2008-07-22,22.01,30.85,12.44,0.0,23.67,40.092215238863254,40.35312929727827
2008-07-23,21.83,29.3,14.09,0.0,27.89,40.092215238863254,40.35312929727827
2008-07-24,23.77,31.21,15.04,0.0,27.49,40.092215238863254,40.35312929727827
2008-07-25,24.33,31.41,17.87,0.05,19.09,40.092215238863254,40.35312929727827
2008-07-26,22.55,29.77,15.4,0.06,23.08,40.092215238863254,40.35312929727827
2008-07-27,21.59,30.27,14.04,1.17,19.97,40.092215238863254,40.35312929727827
2008-07-28,20.27,29.69,11.95,0.75,19.26,40.092215238863254,40.35312929727827
2008-07-29,19.69,29.52,11.22,0.32,18.06,40.092215238863254,40.35312929727827
2008-07-30,18.76,29.19,11.24,0.01,16.9,40.092215238863254,40.35312929727827
2008-07-31,19.84,31.61,10.76,0.0,18.43,40.092215238863254,40.35312929727827
2008-08-01,21.01,32.8,11.19,0.02,19.28,40.092215238863254,40.35312929727827
2008-08-02,21.83,32.96,11.86,0.24,18.69,40.092215238863254,40.35312929727827
2008-08-03,21.73,32.6,12.1,0.2,20.27,40.092215238863254,40.35312929727827
2008-08-04,21.56,32.34,12.02,0.01,20.2,40.092215238863254,40.35312929727827
2008-08-05,19.94,29.95,11.54,0.03,19.24,40.092215238863254,40.35312929727827
2008-08-06,19.48,29.77,10.98,0.01,18.68,40.092215238863254,40.35312929727827
2008-08-07,18.15,25.96,11.4,0.24,17.82,40.092215238863254,40.35312929727827
2008-08-08,17.94,25.42,12.05,0.03,18.45,40.092215238863254,40.35312929727827
2008-08-09,20.02,28.87,10.53,0.24,22.62,40.092215238863254,40.35312929727827
2008-08-10,18.55,23.53,13.65,1.11,13.52,40.092215238863254,40.35312929727827
2008-08-11,19.56,28.21,10.93,0.17,24.07,40.092215238863254,40.35312929727827
2008-08-12,20.84,29.9,12.04,0.04,18.1,40.092215238863254,40.35312929727827
2008-08-13,18.02,25.97,12.74,0.42,16.16,40.092215238863254,40.35312929727827
2008-08-14,18.24,27.26,10.84,0.15,18.78,40.092215238863254,40.35312929727827
2008-08-15,19.75,29.25,9.98,0.52,18.02,40.092215238863254,40.35312929727827
2008-08-16,20.36,27.66,14.32,1.35,18.23,40.092215238863254,40.35312929727827
2008-08-17,19.97,27.05,13.16,2.41,22.98,40.092215238863254,40.35312929727827
2008-08-18,20.9,29.63,13.02,0.0,25.3,40.092215238863254,40.35312929727827
2008-08-19,21.47,30.58,12.34,0.03,23.08,40.092215238863254,40.35312929727827
2008-08-20,21.0,29.8,13.28,0.48,14.89,40.092215238863254,40.35312929727827
2008-08-21,19.24,27.43,12.31,0.03,19.34,40.092215238863254,40.35312929727827
2008-08-22,19.46,29.4,9.83,0.0,21.14,40.092215238863254,40.35312929727827
2008-08-23,20.55,29.21,13.86,0.0,18.22,40.092215238863254,40.35312929727827
2008-08-24,19.43,26.87,13.7,0.47,18.67,40.092215238863254,40.35312929727827
2008-08-25,18.64,24.41,12.88,0.31,13.21,40.092215238863254,40.35312929727827
2008-08-26,19.88,28.46,11.74,0.01,18.55,40.092215238863254,40.35312929727827
2008-08-27,18.68,25.49,12.87,2.68,13.81,40.092215238863254,40.35312929727827
2008-08-28,20.08,27.95,11.84,0.01,18.45,40.092215238863254,40.35312929727827
2008-08-29,22.29,30.3,15.87,0.01,19.6,40.092215238863254,40.35312929727827
2008-08-30,21.69,29.94,14.14,0.08,19.13,40.092215238863254,40.35312929727827
2008-08-31,17.53,25.5,11.44,3.03,15.17,40.092215238863254,40.35312929727827
2008-09-01,16.61,25.63,9.54,0.86,14.86,40.092215238863254,40.35312929727827
2008-09-02,18.39,28.63,9.02,0.0,21.16,40.092215238863254,40.35312929727827
2008-09-03,19.8,28.61,12.5,0.0,20.6,40.092215238863254,40.35312929727827
2008-09-04,19.13,28.32,10.54,0.0,21.71,40.092215238863254,40.35312929727827
2008-09-05,19.06,28.52,11.76,0.0,21.99,40.092215238863254,40.35312929727827
2008-09-06,16.45,25.29,9.17,0.0,22.06,40.092215238863254,40.35312929727827
2008-09-07,16.42,26.04,8.24,0.16,20.6,40.092215238863254,40.35312929727827
2008-09-08,16.21,25.41,8.49,0.11,15.07,40.092215238863254,40.35312929727827
2008-09-09,14.88,23.93,6.88,0.07,18.04,40.092215238863254,40.35312929727827
2008-09-10,13.16,20.2,7.85,0.65,17.43,40.092215238863254,40.35312929727827
2008-09-11,10.44,17.95,4.31,0.93,12.95,40.092215238863254,40.35312929727827
2008-09-12,12.8,22.87,3.49,0.0,23.3,40.092215238863254,40.35312929727827
2008-09-13,16.07,24.18,8.06,0.0,20.25,40.092215238863254,40.35312929727827
2008-09-14,15.74,24.15,8.48,0.26,20.36,40.092215238863254,40.35312929727827
2008-09-15,13.82,23.14,6.25,2.07,15.98,40.092215238863254,40.35312929727827
2008-09-16,16.21,24.93,8.73,0.0,22.14,40.092215238863254,40.35312929727827
2008-09-17,18.07,25.6,11.7,0.01,19.87,40.092215238863254,40.35312929727827
2008-09-18,16.88,24.58,9.87,0.39,17.15,40.092215238863254,40.35312929727827
2008-09-19,14.57,22.9,7.57,0.43,14.81,40.092215238863254,40.35312929727827
2008-09-20,13.08,20.66,6.38,0.31,16.47,40.092215238863254,40.35312929727827
2008-09-21,14.3,21.26,9.6,0.0,14.4,40.092215238863254,40.35312929727827
2008-09-22,14.04,21.4,7.96,4.37,11.54,40.092215238863254,40.35312929727827
2008-09-23,9.31,13.13,4.92,4.86,6.75,40.092215238863254,40.35312929727827
2008-09-24,10.71,17.36,6.0,0.01,13.54,40.092215238863254,40.35312929727827
2008-09-25,10.67,19.42,3.87,0.0,17.72,40.092215238863254,40.35312929727827
2008-09-26,10.94,19.36,4.66,0.66,14.5,40.092215238863254,40.35312929727827
2008-09-27,8.64,10.9,5.86,14.93,9.03,40.092215238863254,40.35312929727827
2008-09-28,5.31,10.4,1.78,6.07,6.05,40.092215238863254,40.35312929727827
2008-09-29,7.8,16.35,0.31,0.03,17.29,40.092215238863254,40.35312929727827
2008-09-30,6.9,11.47,1.74,11.59,3.93,40.092215238863254,40.35312929727827
2008-10-01,5.77,13.29,0.78,0.54,13.23,40.092215238863254,40.35312929727827
2008-10-02,8.08,16.62,2.16,0.0,17.77,40.092215238863254,40.35312929727827
2008-10-03,10.26,19.47,2.0,0.0,18.96,40.092215238863254,40.35312929727827
2008-10-04,10.67,16.93,5.62,0.01,15.38,40.092215238863254,40.35312929727827
2008-10-05,11.1,18.58,5.61,0.0,17.17,40.092215238863254,40.35312929727827
2008-10-06,12.08,18.9,7.79,1.6,14.55,40.092215238863254,40.35312929727827
2008-10-07,10.71,17.92,5.35,0.37,12.41,40.092215238863254,40.35312929727827
2008-10-08,8.78,14.55,3.37,1.74,12.78,40.092215238863254,40.35312929727827
2008-10-09,6.23,11.51,1.05,3.5,10.52,40.092215238863254,40.35312929727827
2008-10-10,5.74,14.41,-1.26,0.25,13.84,40.092215238863254,40.35312929727827
2008-10-11,6.72,15.58,-0.29,0.99,14.11,40.092215238863254,40.35312929727827
2008-10-12,6.51,14.96,-0.33,0.78,11.27,40.092215238863254,40.35312929727827
2008-10-13,10.04,19.5,0.85,0.0,15.42,40.092215238863254,40.35312929727827
2008-10-14,12.51,20.79,5.66,0.0,16.55,40.092215238863254,40.35312929727827
2008-10-15,13.17,21.25,6.47,0.36,8.57,40.092215238863254,40.35312929727827
2008-10-16,8.56,13.84,4.3,3.46,9.26,40.092215238863254,40.35312929727827
2008-10-17,7.25,13.58,2.22,0.33,11.01,40.092215238863254,40.35312929727827
2008-10-18,7.98,15.41,2.16,0.0,14.61,40.092215238863254,40.35312929727827
2008-10-19,6.84,14.96,0.18,0.28,10.89,40.092215238863254,40.35312929727827
2008-10-20,6.95,15.73,1.09,0.2,15.16,40.092215238863254,40.35312929727827
2008-10-21,6.02,15.45,0.02,0.92,11.82,40.092215238863254,40.35312929727827
2008-10-22,5.23,11.97,0.54,1.07,10.76,40.092215238863254,40.35312929727827
2008-10-23,6.35,12.75,1.39,7.19,8.29,40.092215238863254,40.35312929727827
2008-10-24,5.36,8.48,2.85,5.79,6.64,40.092215238863254,40.35312929727827
2008-10-25,6.2,11.33,2.2,6.84,7.16,40.092215238863254,40.35312929727827
2008-10-26,5.28,12.36,-0.11,1.02,8.76,40.092215238863254,40.35312929727827
2008-10-27,4.38,9.38,0.42,1.06,6.42,40.092215238863254,40.35312929727827
2008-10-28,5.14,10.9,-0.09,0.63,10.34,40.092215238863254,40.35312929727827
2008-10-29,4.69,11.95,-0.9,0.04,9.29,40.092215238863254,40.35312929727827
2008-10-30,4.48,12.93,-2.0,0.01,11.6,40.092215238863254,40.35312929727827
2008-10-31,5.41,12.77,-0.72,0.0,12.68,40.092215238863254,40.35312929727827
2008-11-01,3.99,12.08,-1.57,0.0,12.35,40.092215238863254,40.35312929727827
2008-11-02,4.35,11.71,-2.03,0.0,13.71,40.092215238863254,40.35312929727827
2008-11-03,4.7,11.48,-0.24,0.17,12.64,40.092215238863254,40.35312929727827
2008-11-04,3.52,11.58,-0.68,0.1,12.11,40.092215238863254,40.35312929727827
2008-11-05,2.23,9.26,-3.18,0.54,7.89,40.092215238863254,40.35312929727827
2008-11-06,2.65,9.17,-1.3,0.08,11.94,40.092215238863254,40.35312929727827
2008-11-07,1.25,7.5,-3.01,1.35,6.7,40.092215238863254,40.35312929727827
2008-11-08,1.27,8.9,-5.8,0.19,12.08,40.092215238863254,40.35312929727827
2008-11-09,1.36,8.91,-3.94,0.0,11.25,40.092215238863254,40.35312929727827
2008-11-10,-0.77,6.97,-4.55,0.0,12.25,40.092215238863254,40.35312929727827
2008-11-11,-1.06,4.93,-4.76,0.0,9.63,40.092215238863254,40.35312929727827
2008-11-12,0.68,7.15,-3.96,0.0,11.11,40.092215238863254,40.35312929727827
2008-11-13,2.53,8.51,-1.54,0.0,9.73,40.092215238863254,40.35312929727827
2008-11-14,1.57,8.51,-2.95,0.02,8.82,40.092215238863254,40.35312929727827
2008-11-15,0.78,7.97,-4.01,0.02,10.71,40.092215238863254,40.35312929727827
2008-11-16,-0.24,6.01,-3.09,0.09,9.04,40.092215238863254,40.35312929727827
2008-11-17,0.2,7.5,-3.95,0.0,11.14,40.092215238863254,40.35312929727827
2008-11-18,-0.3,5.55,-3.63,0.03,8.27,40.092215238863254,40.35312929727827
2008-11-19,0.29,5.1,-2.2,4.66,4.56,40.092215238863254,40.35312929727827
2008-11-20,0.07,4.9,-2.6,5.43,3.18,40.092215238863254,40.35312929727827
2008-11-21,-0.95,3.93,-4.25,4.45,6.71,40.092215238863254,40.35312929727827
2008-11-22,0.93,4.43,-2.02,1.84,6.14,40.092215238863254,40.35312929727827
2008-11-23,2.64,6.42,0.59,1.39,3.45,40.092215238863254,40.35312929727827
2008-11-24,3.35,6.59,1.99,0.91,2.69,40.092215238863254,40.35312929727827
2008-11-25,2.74,6.88,-0.45,0.1,6.11,40.092215238863254,40.35312929727827
2008-11-26,2.32,8.2,-1.25,0.0,8.71,40.092215238863254,40.35312929727827
2008-11-27,1.84,7.38,-2.16,0.39,7.03,40.092215238863254,40.35312929727827
2008-11-28,0.41,5.11,-2.5,5.95,3.53,40.092215238863254,40.35312929727827
2008-11-29,0.56,6.37,-2.65,2.42,5.91,40.092215238863254,40.35312929727827
2008-11-30,0.46,6.39,-3.29,0.0,7.41,40.092215238863254,40.35312929727827
2008-12-01,0.73,5.89,-2.15,0.0,6.66,40.092215238863254,40.35312929727827
2008-12-02,0.61,6.97,-3.12,0.0,9.33,40.092215238863254,40.35312929727827
2008-12-03,1.24,8.18,-2.77,0.0,9.25,40.092215238863254,40.35312929727827
2008-12-04,2.26,10.0,-1.29,0.0,9.27,40.092215238863254,40.35312929727827
2008-12-05,2.26,9.69,-2.05,0.0,8.48,40.092215238863254,40.35312929727827
2008-12-06,4.13,9.87,1.56,0.0,7.8,40.092215238863254,40.35312929727827
2008-12-07,3.51,11.15,0.04,0.0,8.53,40.092215238863254,40.35312929727827
2008-12-08,0.95,7.23,-1.9,0.0,8.46,40.092215238863254,40.35312929727827
2008-12-09,-1.95,-0.05,-3.83,5.65,1.11,40.092215238863254,40.35312929727827
2008-12-10,-5.67,-2.93,-10.66,6.74,1.16,40.092215238863254,40.35312929727827
2008-12-11,-7.54,-1.47,-10.94,0.14,6.13,40.092215238863254,40.35312929727827
2008-12-12,-7.63,-0.76,-12.17,0.0,7.33,40.092215238863254,40.35312929727827
2008-12-13,-7.82,0.09,-12.2,0.0,9.24,40.092215238863254,40.35312929727827
2008-12-14,-7.86,-1.04,-11.61,0.1,9.49,40.092215238863254,40.35312929727827
2008-12-15,-8.98,-2.0,-12.61,0.59,7.19,40.092215238863254,40.35312929727827
2008-12-16,-8.74,-1.32,-13.17,0.2,8.23,40.092215238863254,40.35312929727827
2008-12-17,-7.92,0.16,-14.53,0.02,8.95,40.092215238863254,40.35312929727827
2008-12-18,-6.16,0.73,-10.44,0.0,9.36,40.092215238863254,40.35312929727827
2008-12-19,-4.78,-0.05,-8.15,0.07,6.08,40.092215238863254,40.35312929727827
2008-12-20,-5.41,1.75,-10.76,0.04,8.98,40.092215238863254,40.35312929727827
2008-12-21,-6.94,-0.46,-11.58,0.2,5.65,40.092215238863254,40.35312929727827
2008-12-22,-4.92,-0.2,-9.64,0.77,5.34,40.092215238863254,40.35312929727827
2008-12-23,-3.36,1.32,-6.58,3.9,4.26,40.092215238863254,40.35312929727827
2008-12-24,-3.73,-0.13,-8.24,5.53,3.72,40.092215238863254,40.35312929727827
2008-12-25,-7.09,-3.02,-12.72,3.91,5.74,40.092215238863254,40.35312929727827
2008-12-26,-11.12,-4.23,-15.91,0.01,9.29,40.092215238863254,40.35312929727827
2008-12-27,-11.6,-5.68,-15.31,0.55,7.96,40.092215238863254,40.35312929727827
2008-12-28,-12.33,-7.67,-15.6,0.77,7.61,40.092215238863254,40.35312929727827
2008-12-29,-11.19,-6.44,-15.49,8.02,4.99,40.092215238863254,40.35312929727827
2008-12-30,-12.98,-8.04,-17.51,1.89,6.3,40.092215238863254,40.35312929727827
2008-12-31,-15.84,-9.37,-21.94,1.99,7.6,40.092215238863254,40.35312929727827
2009-01-01,-15.97,-10.81,-20.27,0.34,8.04,40.092215238863254,40.35312929727827
2009-01-02,-17.87,-11.29,-23.22,0.0,9.61,40.092215238863254,40.35312929727827
2009-01-03,-14.11,-7.52,-18.56,0.1,5.85,40.092215238863254,40.35312929727827
2009-01-04,-10.17,-3.69,-15.79,1.07,5.09,40.092215238863254,40.35312929727827
2009-01-05,-9.02,-3.08,-14.31,1.65,4.33,40.092215238863254,40.35312929727827
2009-01-06,-7.07,-2.25,-9.9,2.74,4.0,40.092215238863254,40.35312929727827
2009-01-07,-8.21,-4.12,-13.38,3.55,3.68,40.092215238863254,40.35312929727827
2009-01-08,-10.43,-5.1,-16.16,0.14,8.02,40.092215238863254,40.35312929727827
2009-01-09,-15.29,-7.85,-21.89,1.3,6.72,40.092215238863254,40.35312929727827
2009-01-10,-17.19,-8.63,-25.11,0.06,10.37,40.092215238863254,40.35312929727827
2009-01-11,-14.67,-8.5,-18.89,0.49,9.14,40.092215238863254,40.35312929727827
2009-01-12,-15.8,-7.97,-20.27,0.19,10.17,40.092215238863254,40.35312929727827
2009-01-13,-12.98,-3.05,-19.14,0.0,10.5,40.092215238863254,40.35312929727827
2009-01-14,-8.84,-0.5,-15.26,0.0,11.07,40.092215238863254,40.35312929727827
2009-01-15,-5.29,0.01,-11.43,0.0,7.99,40.092215238863254,40.35312929727827
2009-01-16,-3.5,0.76,-7.01,0.01,9.45,40.092215238863254,40.35312929727827
2009-01-17,-4.98,-0.47,-11.08,0.2,7.93,40.092215238863254,40.35312929727827
2009-01-18,-9.37,-2.26,-13.57,1.11,8.47,40.092215238863254,40.35312929727827
2009-01-19,-8.84,-2.39,-13.62,0.0,10.54,40.092215238863254,40.35312929727827
2009-01-20,-7.51,-2.01,-12.24,0.01,8.62,40.092215238863254,40.35312929727827
2009-01-21,-8.36,-2.43,-13.13,0.09,8.23,40.092215238863254,40.35312929727827
2009-01-22,-8.28,-0.14,-14.64,0.0,10.95,40.092215238863254,40.35312929727827
2009-01-23,-5.66,1.2,-10.31,0.0,11.28,40.092215238863254,40.35312929727827
2009-01-24,-7.11,-1.31,-12.2,0.06,8.77,40.092215238863254,40.35312929727827
2009-01-25,-7.3,-1.26,-12.76,1.43,6.4,40.092215238863254,40.35312929727827
2009-01-26,-3.93,-0.67,-5.96,2.02,4.22,40.092215238863254,40.35312929727827
2009-01-27,-4.03,-0.01,-7.42,1.21,5.67,40.092215238863254,40.35312929727827
2009-01-28,-5.04,0.61,-9.67,0.3,9.51,40.092215238863254,40.35312929727827
2009-01-29,-4.85,0.57,-9.99,2.51,4.89,40.092215238863254,40.35312929727827
2009-01-30,-4.4,0.22,-7.22,2.09,7.2,40.092215238863254,40.35312929727827
2009-01-31,-3.97,0.4,-7.31,2.47,6.6,40.092215238863254,40.35312929727827
2009-02-01,-4.64,-1.35,-8.35,2.56,5.66,40.092215238863254,40.35312929727827
2009-02-02,-7.87,-3.13,-11.79,0.14,7.23,40.092215238863254,40.35312929727827
2009-02-03,-7.58,-2.26,-12.02,0.19,6.32,40.092215238863254,40.35312929727827
2009-02-04,-5.76,1.05,-9.76,0.02,5.21,40.092215238863254,40.35312929727827
2009-02-05,-3.23,0.38,-6.86,0.43,6.67,40.092215238863254,40.35312929727827
2009-02-06,-3.33,0.91,-6.5,0.58,6.88,40.092215238863254,40.35312929727827
2009-02-07,-3.6,0.78,-6.93,0.05,7.19,40.092215238863254,40.35312929727827
2009-02-08,-2.46,2.31,-6.45,0.92,8.19,40.092215238863254,40.35312929727827
2009-02-09,-0.9,0.81,-2.42,4.12,4.9,40.092215238863254,40.35312929727827
2009-02-10,-2.11,1.21,-5.67,7.33,3.68,40.092215238863254,40.35312929727827
2009-02-11,-4.9,-0.82,-8.34,1.96,6.42,40.092215238863254,40.35312929727827
2009-02-12,-5.61,-0.09,-10.98,0.06,8.43,40.092215238863254,40.35312929727827
2009-02-13,-2.44,2.75,-6.67,0.28,9.76,40.092215238863254,40.35312929727827
2009-02-14,-1.97,3.39,-5.29,0.12,11.9,40.092215238863254,40.35312929727827
2009-02-15,-1.83,3.37,-6.4,0.57,10.49,40.092215238863254,40.35312929727827
2009-02-16,-1.19,1.04,-3.79,4.22,5.21,40.092215238863254,40.35312929727827
2009-02-17,-5.01,-2.89,-8.76,3.71,5.51,40.092215238863254,40.35312929727827
2009-02-18,-7.75,-2.85,-10.86,0.03,14.0,40.092215238863254,40.35312929727827
2009-02-19,-8.52,-1.97,-14.37,0.03,15.18,40.092215238863254,40.35312929727827
2009-02-20,-5.7,-0.25,-10.91,1.48,8.41,40.092215238863254,40.35312929727827
2009-02-21,-4.0,-0.21,-7.89,3.27,5.01,40.092215238863254,40.35312929727827
2009-02-22,-6.34,-4.41,-8.44,1.27,9.26,40.092215238863254,40.35312929727827
2009-02-23,-7.22,-2.31,-11.52,0.81,8.88,40.092215238863254,40.35312929727827
2009-02-24,-4.82,0.1,-10.13,2.33,6.95,40.092215238863254,40.35312929727827
2009-02-25,-4.1,0.26,-7.8,3.8,5.5,40.092215238863254,40.35312929727827
2009-02-26,-4.32,-0.07,-8.39,0.5,13.7,40.092215238863254,40.35312929727827
2009-02-27,-3.19,1.82,-8.79,3.04,7.23,40.092215238863254,40.35312929727827
2009-02-28,-3.67,-1.23,-6.17,5.18,6.55,40.092215238863254,40.35312929727827
2009-03-01,-7.01,-2.77,-10.83,1.79,10.43,40.092215238863254,40.35312929727827
2009-03-02,-8.28,-3.64,-13.35,0.98,14.47,40.092215238863254,40.35312929727827
2009-03-03,-7.34,-4.43,-12.41,2.83,14.25,40.092215238863254,40.35312929727827
2009-03-04,-8.23,-1.36,-14.93,0.04,18.52,40.092215238863254,40.35312929727827
2009-03-05,-5.3,1.0,-9.72,0.44,17.36,40.092215238863254,40.35312929727827
2009-03-06,-2.7,2.08,-6.95,3.44,5.25,40.092215238863254,40.35312929727827
2009-03-07,-0.05,4.48,-4.16,0.03,10.45,40.092215238863254,40.35312929727827
2009-03-08,1.5,6.37,-2.29,2.29,13.05,40.092215238863254,40.35312929727827
2009-03-09,0.07,3.39,-3.96,25.13,5.85,40.092215238863254,40.35312929727827
2009-03-10,-2.39,2.23,-6.83,0.34,10.98,40.092215238863254,40.35312929727827
2009-03-11,-0.59,3.06,-4.42,2.28,6.37,40.092215238863254,40.35312929727827
2009-03-12,-0.13,4.45,-3.6,0.42,15.71,40.092215238863254,40.35312929727827
2009-03-13,0.91,7.1,-4.13,0.0,14.71,40.092215238863254,40.35312929727827
2009-03-14,0.16,5.02,-6.76,4.69,8.5,40.092215238863254,40.35312929727827
2009-03-15,-4.64,-0.8,-7.18,0.68,18.98,40.092215238863254,40.35312929727827
2009-03-16,-5.77,-2.93,-7.69,1.11,17.51,40.092215238863254,40.35312929727827
2009-03-17,-5.45,-0.46,-10.8,0.0,20.71,40.092215238863254,40.35312929727827
2009-03-18,-5.57,-0.81,-10.51,0.36,16.17,40.092215238863254,40.35312929727827
2009-03-19,-2.99,1.9,-9.01,0.5,18.23,40.092215238863254,40.35312929727827
2009-03-20,-1.58,2.69,-5.92,1.88,15.17,40.092215238863254,40.35312929727827
2009-03-21,-2.99,3.27,-8.59,0.01,21.44,40.092215238863254,40.35312929727827
2009-03-22,-0.63,6.54,-6.64,0.0,21.73,40.092215238863254,40.35312929727827
2009-03-23,-0.03,4.22,-3.23,3.03,15.04,40.092215238863254,40.35312929727827
2009-03-24,-3.1,0.45,-9.72,13.22,9.3,40.092215238863254,40.35312929727827
2009-03-25,-5.66,2.35,-12.58,0.0,23.37,40.092215238863254,40.35312929727827
2009-03-26,-2.69,2.89,-9.21,0.18,15.99,40.092215238863254,40.35312929727827
2009-03-27,-1.15,2.93,-6.4,1.03,10.36,40.092215238863254,40.35312929727827
2009-03-28,-0.98,3.5,-6.19,7.79,6.98,40.092215238863254,40.35312929727827
2009-03-29,-2.72,3.48,-7.11,1.0,15.22,40.092215238863254,40.35312929727827
2009-03-30,0.03,7.95,-6.64,0.0,21.87,40.092215238863254,40.35312929727827
2009-03-31,2.54,10.69,-3.15,0.0,22.62,40.092215238863254,40.35312929727827
2009-04-01,4.65,12.06,-1.26,0.0,18.34,40.092215238863254,40.35312929727827
2009-04-02,4.38,10.62,-0.27,1.2,17.18,40.092215238863254,40.35312929727827
2009-04-03,1.13,7.57,-3.97,3.1,18.22,40.092215238863254,40.35312929727827
2009-04-04,2.62,9.83,-3.94,0.67,17.78,40.092215238863254,40.35312929727827
2009-04-05,3.0,10.73,-3.87,0.0,21.45,40.092215238863254,40.35312929727827
2009-04-06,4.55,12.82,-1.99,0.2,19.75,40.092215238863254,40.35312929727827
2009-04-07,4.1,11.0,-1.28,5.17,14.77,40.092215238863254,40.35312929727827
2009-04-08,1.06,5.01,-2.86,5.65,9.36,40.092215238863254,40.35312929727827
2009-04-09,-1.37,4.76,-7.99,1.58,16.06,40.092215238863254,40.35312929727827
2009-04-10,-1.23,6.98,-7.92,0.1,18.78,40.092215238863254,40.35312929727827
2009-04-11,-0.37,6.93,-5.69,0.0,20.25,40.092215238863254,40.35312929727827
2009-04-12,0.08,8.28,-6.72,0.0,25.04,40.092215238863254,40.35312929727827
2009-04-13,1.09,8.2,-5.52,0.0,25.73,40.092215238863254,40.35312929727827
2009-04-14,2.95,11.85,-4.33,0.07,19.05,40.092215238863254,40.35312929727827
2009-04-15,1.33,4.97,-1.69,8.17,10.27,40.092215238863254,40.35312929727827
2009-04-16,0.76,5.7,-2.64,1.19,11.46,40.092215238863254,40.35312929727827
2009-04-17,0.09,4.53,-4.57,0.48,11.5,40.092215238863254,40.35312929727827
2009-04-18,0.43,6.0,-2.92,1.18,16.32,40.092215238863254,40.35312929727827
2009-04-19,2.2,10.31,-4.02,0.0,23.52,40.092215238863254,40.35312929727827
2009-04-20,3.56,10.66,-3.01,0.0,21.99,40.092215238863254,40.35312929727827
2009-04-21,4.17,10.24,-1.33,0.48,15.52,40.092215238863254,40.35312929727827
2009-04-22,4.81,11.18,-0.02,1.8,22.49,40.092215238863254,40.35312929727827
2009-04-23,4.89,10.29,-0.24,5.83,14.49,40.092215238863254,40.35312929727827
2009-04-24,3.11,8.35,-2.21,3.31,11.53,40.092215238863254,40.35312929727827
2009-04-25,2.94,7.73,-0.62,2.41,17.59,40.092215238863254,40.35312929727827
2009-04-26,3.62,10.44,-2.14,0.76,16.46,40.092215238863254,40.35312929727827
2009-04-27,4.62,12.03,-3.14,0.22,22.47,40.092215238863254,40.35312929727827
2009-04-28,3.84,7.41,-0.58,5.79,9.26,40.092215238863254,40.35312929727827
2009-04-29,6.5,13.98,-1.59,0.97,21.21,40.092215238863254,40.35312929727827
2009-04-30,5.84,11.2,-0.88,1.23,18.53,40.092215238863254,40.35312929727827
2009-05-01,6.88,13.09,0.93,0.44,19.85,40.092215238863254,40.35312929727827
2009-05-02,7.23,13.18,1.0,0.7,19.77,40.092215238863254,40.35312929727827
2009-05-03,6.71,12.77,1.38,0.94,17.99,40.092215238863254,40.35312929727827
2009-05-04,5.94,11.33,0.12,6.35,17.98,40.092215238863254,40.35312929727827
2009-05-05,7.06,10.2,2.54,5.23,13.16,40.092215238863254,40.35312929727827
2009-05-06,5.18,11.02,-0.36,2.5,14.2,40.092215238863254,40.35312929727827
2009-05-07,5.46,10.29,1.19,3.43,10.07,40.092215238863254,40.35312929727827
2009-05-08,4.89,10.61,0.0,1.17,17.99,40.092215238863254,40.35312929727827
2009-05-09,4.2,9.65,-1.26,0.58,17.54,40.092215238863254,40.35312929727827
2009-05-10,4.06,12.02,-3.12,0.27,21.1,40.092215238863254,40.35312929727827
2009-05-11,5.08,11.76,-2.17,0.29,19.77,40.092215238863254,40.35312929727827
2009-05-12,6.17,12.23,0.2,0.02,22.48,40.092215238863254,40.35312929727827
2009-05-13,8.36,15.42,0.64,0.0,24.47,40.092215238863254,40.35312929727827
2009-05-14,9.88,16.95,1.79,0.14,20.36,40.092215238863254,40.35312929727827
2009-05-15,10.13,17.59,3.24,0.0,25.85,40.092215238863254,40.35312929727827
2009-05-16,10.0,18.68,1.89,0.0,29.0,40.092215238863254,40.35312929727827
2009-05-17,11.17,20.36,1.44,0.0,27.49,40.092215238863254,40.35312929727827
2009-05-18,13.29,21.22,5.23,0.0,28.02,40.092215238863254,40.35312929727827
2009-05-19,14.3,21.08,6.12,0.0,27.61,40.092215238863254,40.35312929727827
2009-05-20,14.53,21.81,8.59,0.4,19.57,40.092215238863254,40.35312929727827
2009-05-21,14.57,22.56,7.58,1.12,17.64,40.092215238863254,40.35312929727827
2009-05-22,12.36,19.1,4.78,0.05,22.2,40.092215238863254,40.35312929727827
2009-05-23,11.38,16.93,4.59,6.62,16.66,40.092215238863254,40.35312929727827
2009-05-24,8.83,15.22,1.42,5.67,13.01,40.092215238863254,40.35312929727827
2009-05-25,6.36,13.77,-0.19,0.5,16.62,40.092215238863254,40.35312929727827
2009-05-26,5.42,12.23,-1.31,2.86,23.32,40.092215238863254,40.35312929727827
2009-05-27,4.61,10.88,-1.2,4.81,15.59,40.092215238863254,40.35312929727827
2009-05-28,5.89,13.5,-2.5,1.97,19.17,40.092215238863254,40.35312929727827
2009-05-29,6.84,13.51,-0.32,0.18,23.4,40.092215238863254,40.35312929727827
2009-05-30,10.49,18.59,3.93,0.0,32.29,40.092215238863254,40.35312929727827
2009-05-31,9.58,17.86,1.72,0.0,31.97,40.092215238863254,40.35312929727827
2009-06-01,10.06,19.5,-1.27,0.0,27.84,40.092215238863254,40.35312929727827
2009-06-02,13.11,21.04,2.99,0.45,29.4,40.092215238863254,40.35312929727827
2009-06-03,15.35,22.68,7.62,1.55,28.38,40.092215238863254,40.35312929727827
2009-06-04,15.77,23.15,8.28,0.04,26.02,40.092215238863254,40.35312929727827
2009-06-05,13.88,21.44,6.28,0.32,20.27,40.092215238863254,40.35312929727827
2009-06-06,10.96,17.49,4.63,2.51,17.93,40.092215238863254,40.35312929727827
2009-06-07,10.98,17.97,3.12,0.05,18.91,40.092215238863254,40.35312929727827
2009-06-08,11.62,17.85,4.35,4.28,23.68,40.092215238863254,40.35312929727827
2009-06-09,12.52,16.65,7.35,2.69,21.39,40.092215238863254,40.35312929727827
2009-06-10,14.14,19.92,8.0,0.57,26.36,40.092215238863254,40.35312929727827
2009-06-11,14.48,20.04,9.1,0.91,22.63,40.092215238863254,40.35312929727827
2009-06-12,16.13,23.62,9.65,4.61,22.19,40.092215238863254,40.35312929727827
2009-06-13,16.17,24.12,8.56,4.46,17.35,40.092215238863254,40.35312929727827
2009-06-14,14.28,22.32,7.51,1.44,13.96,40.092215238863254,40.35312929727827
2009-06-15,11.36,17.42,5.25,5.59,13.56,40.092215238863254,40.35312929727827
2009-06-16,13.07,20.77,5.37,6.89,16.05,40.092215238863254,40.35312929727827
2009-06-17,13.33,19.8,6.06,0.99,19.61,40.092215238863254,40.35312929727827
2009-06-18,11.58,17.11,5.82,0.07,14.69,40.092215238863254,40.35312929727827
2009-06-19,10.53,16.14,5.78,1.79,14.86,40.092215238863254,40.35312929727827
2009-06-20,13.12,19.92,5.24,0.0,21.43,40.092215238863254,40.35312929727827
2009-06-21,13.57,18.5,6.65,0.76,18.28,40.092215238863254,40.35312929727827
2009-06-22,16.0,22.37,7.85,0.1,25.08,40.092215238863254,40.35312929727827
2009-06-23,16.68,22.89,10.79,4.72,29.0,40.092215238863254,40.35312929727827
2009-06-24,17.0,23.79,9.29,0.0,27.81,40.092215238863254,40.35312929727827
2009-06-25,17.03,23.23,10.06,1.02,23.3,40.092215238863254,40.35312929727827
2009-06-26,17.13,23.59,9.5,3.95,25.49,40.092215238863254,40.35312929727827
2009-06-27,17.23,23.68,10.06,1.54,23.7,40.092215238863254,40.35312929727827
2009-06-28,16.74,22.0,9.25,1.55,22.2,40.092215238863254,40.35312929727827
2009-06-29,18.7,25.56,11.45,0.31,22.3,40.092215238863254,40.35312929727827
2009-06-30,19.04,26.41,12.0,1.09,25.49,40.092215238863254,40.35312929727827
2009-07-01,16.78,24.51,10.09,0.86,24.6,40.092215238863254,40.35312929727827
2009-07-02,16.69,25.57,7.89,0.0,24.81,40.092215238863254,40.35312929727827
2009-07-03,17.29,25.65,8.78,0.01,23.38,40.092215238863254,40.35312929727827
2009-07-04,16.3,23.92,9.48,0.0,26.58,40.092215238863254,40.35312929727827
2009-07-05,15.23,22.54,7.82,2.14,17.09,40.092215238863254,40.35312929727827
2009-07-06,15.08,21.86,8.17,1.19,19.36,40.092215238863254,40.35312929727827
2009-07-07,16.89,25.06,7.33,0.02,28.28,40.092215238863254,40.35312929727827
2009-07-08,18.14,24.66,10.12,0.01,18.41,40.092215238863254,40.35312929727827
2009-07-09,18.0,25.25,11.34,0.1,23.76,40.092215238863254,40.35312929727827
2009-07-10,17.76,25.81,10.48,0.51,27.83,40.092215238863254,40.35312929727827
2009-07-11,18.57,26.93,9.44,0.0,30.45,40.092215238863254,40.35312929727827
2009-07-12,20.86,29.12,12.12,0.0,26.37,40.092215238863254,40.35312929727827
2009-07-13,21.02,30.17,11.14,0.29,23.19,40.092215238863254,40.35312929727827
2009-07-14,18.84,28.34,12.24,2.86,17.66,40.092215238863254,40.35312929727827
2009-07-15,16.91,24.58,9.5,1.19,15.45,40.092215238863254,40.35312929727827
2009-07-16,16.28,22.84,8.94,0.76,15.49,40.092215238863254,40.35312929727827
2009-07-17,18.93,26.59,9.73,1.34,17.25,40.092215238863254,40.35312929727827
2009-07-18,19.19,26.45,11.3,2.41,16.66,40.092215238863254,40.35312929727827
2009-07-19,18.85,26.01,11.09,2.08,18.34,40.092215238863254,40.35312929727827
2009-07-20,18.3,25.59,11.73,1.17,17.24,40.092215238863254,40.35312929727827
2009-07-21,16.78,23.93,10.7,0.67,19.56,40.092215238863254,40.35312929727827
2009-07-22,16.3,23.28,11.01,5.3,18.27,40.092215238863254,40.35312929727827
2009-07-23,16.94,23.8,11.27,6.16,17.06,40.092215238863254,40.35312929727827
2009-07-24,17.51,24.77,10.52,3.94,15.07,40.092215238863254,40.35312929727827
2009-07-25,14.89,20.05,11.22,2.39,15.92,40.092215238863254,40.35312929727827
2009-07-26,16.38,22.74,10.32,0.0,18.56,40.092215238863254,40.35312929727827
2009-07-27,16.68,24.25,10.01,0.35,19.86,40.092215238863254,40.35312929727827
2009-07-28,12.35,19.06,4.38,5.98,17.28,40.092215238863254,40.35312929727827
2009-07-29,10.56,19.1,2.49,0.59,22.63,40.092215238863254,40.35312929727827
2009-07-30,13.58,24.88,2.37,0.01,28.11,40.092215238863254,40.35312929727827
2009-07-31,14.9,25.3,5.77,3.4,19.18,40.092215238863254,40.35312929727827
2009-08-01,13.48,21.22,7.54,12.14,16.08,40.092215238863254,40.35312929727827
2009-08-02,14.3,22.85,5.59,0.0,21.01,40.092215238863254,40.35312929727827
2009-08-03,15.29,23.02,7.55,0.21,17.2,40.092215238863254,40.35312929727827
2009-08-04,16.96,24.92,8.84,0.0,24.5,40.092215238863254,40.35312929727827
2009-08-05,18.36,27.27,9.42,0.0,26.92,40.092215238863254,40.35312929727827
2009-08-06,19.85,28.46,10.36,0.02,26.06,40.092215238863254,40.35312929727827
2009-08-07,19.97,28.17,13.54,0.39,19.09,40.092215238863254,40.35312929727827
2009-08-08,16.97,24.06,10.96,2.95,17.64,40.092215238863254,40.35312929727827
2009-08-09,13.5,20.41,7.26,2.87,16.62,40.092215238863254,40.35312929727827
2009-08-10,11.02,18.73,5.09,0.59,15.39,40.092215238863254,40.35312929727827
2009-08-11,11.76,21.24,3.66,0.44,18.94,40.092215238863254,40.35312929727827
2009-08-12,12.43,21.41,4.6,0.33,19.74,40.092215238863254,40.35312929727827
2009-08-13,14.76,25.17,3.85,0.0,25.56,40.092215238863254,40.35312929727827
2009-08-14,15.89,25.74,6.8,0.41,18.66,40.092215238863254,40.35312929727827
2009-08-15,17.18,27.45,7.47,0.0,26.24,40.092215238863254,40.35312929727827
2009-08-16,17.25,26.58,8.42,0.0,22.96,40.092215238863254,40.35312929727827
2009-08-17,19.13,28.99,9.14,0.0,24.05,40.092215238863254,40.35312929727827
2009-08-18,19.99,29.65,11.58,0.01,19.78,40.092215238863254,40.35312929727827
2009-08-19,17.55,27.36,8.8,0.07,18.83,40.092215238863254,40.35312929727827
2009-08-20,16.38,24.74,9.83,1.05,17.55,40.092215238863254,40.35312929727827
2009-08-21,12.89,20.64,5.38,0.68,20.09,40.092215238863254,40.35312929727827
2009-08-22,11.54,21.42,2.39,0.37,21.02,40.092215238863254,40.35312929727827
2009-08-23,10.55,20.36,1.8,0.21,23.16,40.092215238863254,40.35312929727827
2009-08-24,14.14,26.49,1.1,0.0,26.37,40.092215238863254,40.35312929727827
2009-08-25,16.39,26.22,7.76,0.0,20.14,40.092215238863254,40.35312929727827
2009-08-26,14.14,23.16,6.23,0.04,18.75,40.092215238863254,40.35312929727827
2009-08-27,13.08,20.99,6.2,0.36,16.3,40.092215238863254,40.35312929727827
2009-08-28,14.11,23.96,5.04,0.0,23.86,40.092215238863254,40.35312929727827
2009-08-29,17.18,26.12,8.77,0.04,23.16,40.092215238863254,40.35312929727827
2009-08-30,17.69,25.56,9.59,0.0,24.16,40.092215238863254,40.35312929727827
2009-08-31,15.61,25.39,6.74,0.29,23.61,40.092215238863254,40.35312929727827
2009-09-01,15.7,23.99,8.07,1.25,16.69,40.092215238863254,40.35312929727827
2009-09-02,15.76,25.04,8.41,0.73,11.4,40.092215238863254,40.35312929727827
2009-09-03,16.32,25.63,7.28,0.02,19.16,40.092215238863254,40.35312929727827
2009-09-04,16.96,25.87,10.01,0.02,22.27,40.092215238863254,40.35312929727827
2009-09-05,15.78,25.36,7.61,0.04,21.79,40.092215238863254,40.35312929727827
2009-09-06,15.69,25.81,6.95,0.37,19.79,40.092215238863254,40.35312929727827
2009-09-07,16.08,25.58,6.73,0.01,17.65,40.092215238863254,40.35312929727827
2009-09-08,16.8,25.25,8.08,0.14,18.3,40.092215238863254,40.35312929727827
2009-09-09,17.61,24.67,11.87,3.2,18.4,40.092215238863254,40.35312929727827
2009-09-10,14.46,20.16,9.59,4.25,13.29,40.092215238863254,40.35312929727827
2009-09-11,13.97,20.9,8.02,0.38,17.31,40.092215238863254,40.35312929727827
2009-09-12,15.99,22.88,9.7,0.05,17.24,40.092215238863254,40.35312929727827
2009-09-13,15.45,21.37,9.97,5.48,10.88,40.092215238863254,40.35312929727827
2009-09-14,14.03,21.22,8.55,0.31,15.12,40.092215238863254,40.35312929727827
2009-09-15,13.37,20.98,8.34,0.69,13.43,40.092215238863254,40.35312929727827
2009-09-16,10.71,17.11,5.04,2.54,11.41,40.092215238863254,40.35312929727827
2009-09-17,8.66,15.92,3.04,0.81,13.56,40.092215238863254,40.35312929727827
2009-09-18,10.31,19.21,2.5,0.0,19.77,40.092215238863254,40.35312929727827
2009-09-19,11.28,17.45,4.59,0.28,15.84,40.092215238863254,40.35312929727827
2009-09-20,8.07,12.11,4.44,8.87,4.43,40.092215238863254,40.35312929727827
2009-09-21,7.48,12.25,2.86,12.74,4.44,40.092215238863254,40.35312929727827
2009-09-22,8.02,13.61,3.6,9.33,11.07,40.092215238863254,40.35312929727827
2009-09-23,6.39,12.57,2.0,4.83,7.24,40.092215238863254,40.35312929727827
2009-09-24,7.16,16.68,-0.57,0.05,18.24,40.092215238863254,40.35312929727827
2009-09-25,9.22,18.01,0.17,0.0,20.65,40.092215238863254,40.35312929727827
2009-09-26,10.06,17.75,3.75,0.2,16.74,40.092215238863254,40.35312929727827
2009-09-27,3.73,10.71,-1.95,4.4,7.36,40.092215238863254,40.35312929727827
2009-09-28,0.0,5.36,-3.91,4.98,8.22,40.092215238863254,40.35312929727827
2009-09-29,2.78,10.15,-3.41,1.01,5.0,40.092215238863254,40.35312929727827
2009-09-30,6.73,14.74,0.47,0.0,18.31,40.092215238863254,40.35312929727827
2009-10-01,7.11,14.55,1.99,0.01,13.86,40.092215238863254,40.35312929727827
2009-10-02,9.77,18.21,2.41,0.0,18.69,40.092215238863254,40.35312929727827
2009-10-03,11.83,20.08,4.95,0.0,18.72,40.092215238863254,40.35312929727827
2009-10-04,13.25,21.17,5.82,0.0,18.65,40.092215238863254,40.35312929727827
2009-10-05,13.64,21.19,7.8,0.02,17.58,40.092215238863254,40.35312929727827
2009-10-06,10.25,16.91,4.79,0.88,10.59,40.092215238863254,40.35312929727827
2009-10-07,9.25,16.18,3.97,0.28,9.93,40.092215238863254,40.35312929727827
2009-10-08,9.64,16.42,2.74,0.18,11.58,40.092215238863254,40.35312929727827
2009-10-09,10.06,16.19,5.25,1.88,9.84,40.092215238863254,40.35312929727827
2009-10-10,8.58,15.9,1.91,0.16,9.98,40.092215238863254,40.35312929727827
2009-10-11,9.43,17.49,2.89,0.0,16.19,40.092215238863254,40.35312929727827
2009-10-12,9.98,18.54,3.16,0.0,16.77,40.092215238863254,40.35312929727827
2009-10-13,10.76,18.38,5.41,0.01,10.62,40.092215238863254,40.35312929727827
2009-10-14,9.72,18.05,4.0,0.0,15.51,40.092215238863254,40.35312929727827
2009-10-15,11.15,18.89,4.89,0.0,14.43,40.092215238863254,40.35312929727827
2009-10-16,11.65,19.49,6.1,0.0,16.23,40.092215238863254,40.35312929727827
2009-10-17,12.13,19.39,6.75,0.0,15.54,40.092215238863254,40.35312929727827
2009-10-18,13.1,20.12,7.56,0.0,16.3,40.092215238863254,40.35312929727827
2009-10-19,13.41,20.72,9.13,0.0,15.89,40.092215238863254,40.35312929727827
2009-10-20,13.18,20.47,7.46,0.0,15.01,40.092215238863254,40.35312929727827
2009-10-21,13.01,19.99,6.49,0.0,15.0,40.092215238863254,40.35312929727827
2009-10-22,9.67,14.76,6.04,0.06,9.88,40.092215238863254,40.35312929727827
2009-10-23,9.48,15.57,5.12,0.21,10.91,40.092215238863254,40.35312929727827
2009-10-24,9.13,15.16,4.49,0.22,12.19,40.092215238863254,40.35312929727827
2009-10-25,8.59,14.54,4.06,0.37,11.94,40.092215238863254,40.35312929727827
2009-10-26,8.88,15.31,4.15,0.0,12.79,40.092215238863254,40.35312929727827
2009-10-27,7.63,15.2,2.25,0.7,12.38,40.092215238863254,40.35312929727827
2009-10-28,5.99,10.77,3.21,5.35,4.97,40.092215238863254,40.35312929727827
2009-10-29,5.11,8.57,2.29,6.78,5.64,40.092215238863254,40.35312929727827
2009-10-30,3.81,7.69,1.07,30.16,3.26,40.092215238863254,40.35312929727827
2009-10-31,1.4,4.95,-1.63,33.32,3.51,40.092215238863254,40.35312929727827
2009-11-01,2.45,6.91,-2.61,12.64,3.1,40.092215238863254,40.35312929727827
2009-11-02,3.1,6.51,1.06,7.43,2.47,40.092215238863254,40.35312929727827
2009-11-03,0.18,2.67,-5.05,7.04,2.74,40.092215238863254,40.35312929727827
2009-11-04,0.31,5.19,-5.37,1.55,5.04,40.092215238863254,40.35312929727827
2009-11-05,2.92,6.87,0.67,1.51,4.53,40.092215238863254,40.35312929727827
2009-11-06,4.49,11.25,-0.33,0.0,11.21,40.092215238863254,40.35312929727827
2009-11-07,5.98,13.02,1.45,0.0,10.39,40.092215238863254,40.35312929727827
2009-11-08,5.02,13.63,0.46,0.0,11.27,40.092215238863254,40.35312929727827
2009-11-09,4.18,10.41,-0.25,1.83,8.04,40.092215238863254,40.35312929727827
2009-11-10,6.18,13.29,0.89,0.0,10.82,40.092215238863254,40.35312929727827
2009-11-11,4.7,13.6,-0.68,0.0,12.19,40.092215238863254,40.35312929727827
2009-11-12,3.48,10.91,-1.37,0.0,9.55,40.092215238863254,40.35312929727827
2009-11-13,2.4,9.3,-1.99,1.36,5.25,40.092215238863254,40.35312929727827
2009-11-14,2.45,7.28,-0.6,7.12,3.62,40.092215238863254,40.35312929727827
2009-11-15,0.34,4.7,-3.44,5.14,2.8,40.092215238863254,40.35312929727827
2009-11-16,-1.39,2.67,-4.33,0.41,7.3,40.092215238863254,40.35312929727827
2009-11-17,-0.57,3.17,-2.59,0.9,5.32,40.092215238863254,40.35312929727827
2009-11-18,-1.71,3.2,-4.77,0.36,6.28,40.092215238863254,40.35312929727827
2009-11-19,-1.81,3.63,-4.65,0.13,6.61,40.092215238863254,40.35312929727827
2009-11-20,-1.79,1.64,-4.54,5.89,3.72,40.092215238863254,40.35312929727827
2009-11-21,-3.62,-0.61,-8.59,6.51,3.73,40.092215238863254,40.35312929727827
2009-11-22,-3.79,1.11,-8.11,0.57,4.67,40.092215238863254,40.35312929727827
2009-11-23,-2.96,2.3,-5.45,0.08,6.4,40.092215238863254,40.35312929727827
2009-11-24,-0.47,5.45,-5.19,0.0,8.82,40.092215238863254,40.35312929727827
2009-11-25,-0.06,4.25,-2.61,0.18,8.18,40.092215238863254,40.35312929727827
2009-11-26,-2.55,1.45,-6.15,1.83,5.21,40.092215238863254,40.35312929727827
2009-11-27,-2.88,3.31,-7.04,0.0,9.69,40.092215238863254,40.35312929727827
2009-11-28,-0.72,6.18,-5.86,0.0,10.08,40.092215238863254,40.35312929727827
2009-11-29,-0.59,5.34,-3.86,0.0,9.28,40.092215238863254,40.35312929727827
2009-11-30,-1.5,2.58,-4.3,0.24,5.62,40.092215238863254,40.35312929727827
2009-12-01,-2.33,3.29,-6.81,0.0,7.38,40.092215238863254,40.35312929727827
2009-12-02,-1.27,5.4,-5.14,0.0,8.78,40.092215238863254,40.35312929727827
2009-12-03,-2.77,4.64,-6.76,0.0,8.19,40.092215238863254,40.35312929727827
2009-12-04,-3.36,2.75,-7.41,0.0,5.61,40.092215238863254,40.35312929727827
2009-12-05,-2.04,3.89,-5.9,0.0,6.95,40.092215238863254,40.35312929727827
2009-12-06,-0.26,3.83,-3.0,0.01,6.19,40.092215238863254,40.35312929727827
2009-12-07,-0.41,2.31,-2.05,0.91,5.74,40.092215238863254,40.35312929727827
2009-12-08,-1.96,1.01,-4.13,2.64,5.33,40.092215238863254,40.35312929727827
2009-12-09,-3.59,0.62,-6.8,0.09,5.67,40.092215238863254,40.35312929727827
2009-12-10,-3.89,0.62,-6.78,0.22,6.46,40.092215238863254,40.35312929727827
2009-12-11,-3.28,2.37,-6.51,0.13,6.23,40.092215238863254,40.35312929727827
2009-12-12,-2.92,1.68,-6.2,1.52,2.86,40.092215238863254,40.35312929727827
2009-12-13,-2.17,2.27,-6.34,7.04,3.26,40.092215238863254,40.35312929727827
2009-12-14,-6.0,-2.28,-10.32,2.59,2.92,40.092215238863254,40.35312929727827
2009-12-15,-9.06,-1.98,-12.76,0.14,5.99,40.092215238863254,40.35312929727827
2009-12-16,-5.64,-0.1,-12.73,0.66,6.09,40.092215238863254,40.35312929727827
2009-12-17,-2.69,0.95,-4.37,3.74,3.16,40.092215238863254,40.35312929727827
2009-12-18,-4.23,0.17,-7.88,1.67,4.83,40.092215238863254,40.35312929727827
2009-12-19,-3.24,0.23,-7.6,5.12,2.46,40.092215238863254,40.35312929727827
2009-12-20,-2.93,0.93,-9.35,0.69,5.36,40.092215238863254,40.35312929727827
2009-12-21,-0.07,2.08,-2.29,1.9,4.59,40.092215238863254,40.35312929727827
2009-12-22,-1.84,2.12,-5.21,1.76,4.84,40.092215238863254,40.35312929727827
2009-12-23,-2.49,2.62,-5.08,0.0,4.66,40.092215238863254,40.35312929727827
2009-12-24,-1.72,1.95,-4.76,0.01,4.88,40.092215238863254,40.35312929727827
2009-12-25,-1.98,3.35,-4.87,0.01,6.42,40.092215238863254,40.35312929727827
2009-12-26,-1.82,1.53,-4.89,2.53,3.76,40.092215238863254,40.35312929727827
2009-12-27,-1.15,4.22,-3.45,0.58,6.47,40.092215238863254,40.35312929727827
2009-12-28,0.06,4.21,-3.05,0.38,4.92,40.092215238863254,40.35312929727827
2009-12-29,0.55,4.0,-1.02,3.57,2.94,40.092215238863254,40.35312929727827
2009-12-30,-2.12,0.18,-5.79,8.84,3.28,40.092215238863254,40.35312929727827
2009-12-31,-4.77,0.46,-7.42,0.64,4.89,40.092215238863254,40.35312929727827
2010-01-01,-3.67,3.05,-8.5,0.05,7.11,40.092215238863254,40.35312929727827
2010-01-02,-0.78,2.92,-4.92,4.36,4.44,40.092215238863254,40.35312929727827
2010-01-03,-2.71,0.47,-6.0,14.77,5.75,40.092215238863254,40.35312929727827
2010-01-04,-3.96,-0.46,-11.5,6.29,2.13,40.092215238863254,40.35312929727827
2010-01-05,-12.13,-5.2,-17.37,0.58,7.71,40.092215238863254,40.35312929727827
2010-01-06,-9.98,-1.86,-16.64,0.0,9.2,40.092215238863254,40.35312929727827
2010-01-07,-4.97,0.4,-8.75,0.0,8.71,40.092215238863254,40.35312929727827
2010-01-08,-3.08,1.67,-6.84,0.0,8.14,40.092215238863254,40.35312929727827
2010-01-09,-5.87,1.82,-10.75,0.0,9.11,40.092215238863254,40.35312929727827
2010-01-10,-3.47,2.8,-8.68,0.0,8.87,40.092215238863254,40.35312929727827
2010-01-11,-3.43,1.57,-8.05,1.29,5.78,40.092215238863254,40.35312929727827
2010-01-12,-3.51,0.3,-5.75,1.25,8.06,40.092215238863254,40.35312929727827
2010-01-13,-3.71,0.75,-6.37,4.05,2.62,40.092215238863254,40.35312929727827
2010-01-14,-2.84,0.63,-6.43,2.15,4.92,40.092215238863254,40.35312929727827
2010-01-15,-2.27,0.83,-4.36,5.15,5.06,40.092215238863254,40.35312929727827
2010-01-16,-2.48,1.43,-5.52,2.71,2.4,40.092215238863254,40.35312929727827
2010-01-17,-1.73,1.14,-3.73,1.71,2.84,40.092215238863254,40.35312929727827
2010-01-18,-0.55,2.21,-2.17,2.18,5.04,40.092215238863254,40.35312929727827
2010-01-19,-1.77,0.92,-4.86,3.56,3.4,40.092215238863254,40.35312929727827
2010-01-20,-2.21,1.42,-5.3,3.26,2.91,40.092215238863254,40.35312929727827
2010-01-21,-4.14,0.27,-7.57,3.75,8.79,40.092215238863254,40.35312929727827
2010-01-22,-7.22,-2.49,-10.99,1.74,7.93,40.092215238863254,40.35312929727827
2010-01-23,-4.16,-1.12,-7.07,2.3,6.54,40.092215238863254,40.35312929727827
2010-01-24,-3.57,-0.2,-5.89,13.67,3.23,40.092215238863254,40.35312929727827
2010-01-25,-10.85,-6.32,-15.39,11.39,3.37,40.092215238863254,40.35312929727827
2010-01-26,-16.41,-12.26,-22.53,1.58,10.71,40.092215238863254,40.35312929727827
2010-01-27,-18.57,-9.5,-26.12,0.09,12.37,40.092215238863254,40.35312929727827
2010-01-28,-13.44,-9.65,-20.92,0.36,3.3,40.092215238863254,40.35312929727827
2010-01-29,-12.57,-5.47,-18.33,0.34,9.92,40.092215238863254,40.35312929727827
2010-01-30,-6.34,-1.83,-12.13,1.19,7.34,40.092215238863254,40.35312929727827
2010-01-31,-3.96,0.21,-7.53,1.01,9.48,40.092215238863254,40.35312929727827
2010-02-01,-4.09,-0.33,-8.08,0.37,10.18,40.092215238863254,40.35312929727827
2010-02-02,-6.42,-0.21,-10.66,0.02,12.04,40.092215238863254,40.35312929727827
2010-02-03,-4.34,0.43,-11.42,1.09,10.11,40.092215238863254,40.35312929727827
2010-02-04,-7.77,-3.45,-13.0,3.51,4.22,40.092215238863254,40.35312929727827
2010-02-05,-11.74,-7.59,-14.22,1.0,5.85,40.092215238863254,40.35312929727827
2010-02-06,-11.39,-6.19,-16.11,0.2,12.44,40.092215238863254,40.35312929727827
2010-02-07,-11.99,-4.33,-17.16,0.0,13.56,40.092215238863254,40.35312929727827
2010-02-08,-9.77,-4.77,-15.93,0.09,6.54,40.092215238863254,40.35312929727827
2010-02-09,-7.69,-3.28,-11.78,0.2,11.21,40.092215238863254,40.35312929727827
2010-02-10,-7.22,-1.12,-11.39,0.0,11.66,40.092215238863254,40.35312929727827
2010-02-11,-6.05,-0.54,-12.07,0.12,5.17,40.092215238863254,40.35312929727827
2010-02-12,-3.8,0.41,-7.1,1.62,6.89,40.092215238863254,40.35312929727827
2010-02-13,-3.98,1.54,-7.68,0.45,11.37,40.092215238863254,40.35312929727827
2010-02-14,-2.12,2.22,-6.35,0.02,11.82,40.092215238863254,40.35312929727827
2010-02-15,0.0,1.69,-3.19,0.36,2.66,40.092215238863254,40.35312929727827
2010-02-16,0.74,2.66,-0.3,2.52,5.32,40.092215238863254,40.35312929727827
2010-02-17,1.01,5.19,-1.63,0.13,7.98,40.092215238863254,40.35312929727827
2010-02-18,1.2,4.79,-0.57,0.1,9.37,40.092215238863254,40.35312929727827
2010-02-19,0.88,4.66,-2.84,1.15,5.08,40.092215238863254,40.35312929727827
2010-02-20,0.12,7.23,-3.86,0.1,14.53,40.092215238863254,40.35312929727827
2010-02-21,1.27,4.03,-1.11,2.02,7.27,40.092215238863254,40.35312929727827
2010-02-22,-3.49,0.06,-9.24,7.87,6.25,40.092215238863254,40.35312929727827
2010-02-23,-5.54,-0.89,-9.84,0.01,10.53,40.092215238863254,40.35312929727827
2010-02-24,-3.91,0.14,-7.6,0.1,7.58,40.092215238863254,40.35312929727827
2010-02-25,-2.31,1.77,-5.31,0.24,9.1,40.092215238863254,40.35312929727827
2010-02-26,-0.75,5.28,-6.57,0.0,13.0,40.092215238863254,40.35312929727827
2010-02-27,-0.42,4.2,-5.11,0.03,14.59,40.092215238863254,40.35312929727827
2010-02-28,-0.21,2.56,-2.79,0.35,13.35,40.092215238863254,40.35312929727827
2010-03-01,0.14,5.35,-4.15,0.02,11.98,40.092215238863254,40.35312929727827
2010-03-02,-0.09,5.39,-3.43,0.74,12.86,40.092215238863254,40.35312929727827
2010-03-03,-0.11,4.49,-4.99,16.46,4.85,40.092215238863254,40.35312929727827
2010-03-04,-5.33,-0.34,-11.4,0.42,12.26,40.092215238863254,40.35312929727827
2010-03-05,-3.11,1.29,-7.67,1.62,5.92,40.092215238863254,40.35312929727827
2010-03-06,-1.36,3.52,-6.27,0.66,9.5,40.092215238863254,40.35312929727827
2010-03-07,0.28,3.99,-2.85,3.38,7.75,40.092215238863254,40.35312929727827
2010-03-08,1.75,7.32,-2.78,0.01,4.76,40.092215238863254,40.35312929727827
2010-03-09,3.44,7.9,1.6,0.38,6.58,40.092215238863254,40.35312929727827
2010-03-10,4.07,10.22,0.69,0.95,11.87,40.092215238863254,40.35312929727827
2010-03-11,3.96,10.25,-0.06,0.03,9.26,40.092215238863254,40.35312929727827
2010-03-12,6.33,13.33,1.24,0.56,15.21,40.092215238863254,40.35312929727827
2010-03-13,3.73,8.71,-1.5,2.98,7.28,40.092215238863254,40.35312929727827
2010-03-14,3.1,7.96,-1.87,0.92,10.32,40.092215238863254,40.35312929727827
2010-03-15,6.42,10.74,1.93,21.78,4.07,40.092215238863254,40.35312929727827
2010-03-16,-2.44,3.62,-9.47,8.03,7.02,40.092215238863254,40.35312929727827
2010-03-17,-3.71,2.8,-9.54,0.11,15.48,40.092215238863254,40.35312929727827
2010-03-18,-6.26,0.06,-13.85,0.96,13.08,40.092215238863254,40.35312929727827
2010-03-19,-7.61,-0.06,-14.27,0.0,18.73,40.092215238863254,40.35312929727827
2010-03-20,-4.79,3.48,-12.67,0.0,19.73,40.092215238863254,40.35312929727827
2010-03-21,0.5,7.29,-5.29,0.0,20.76,40.092215238863254,40.35312929727827
2010-03-22,2.88,8.21,-1.09,0.0,16.89,40.092215238863254,40.35312929727827
2010-03-23,3.27,10.04,-1.98,0.0,16.86,40.092215238863254,40.35312929727827
2010-03-24,5.11,13.55,-2.38,0.0,21.64,40.092215238863254,40.35312929727827
2010-03-25,6.48,11.83,2.02,0.04,21.07,40.092215238863254,40.35312929727827
2010-03-26,5.01,10.21,0.41,1.45,16.55,40.092215238863254,40.35312929727827
2010-03-27,3.8,11.28,-2.07,0.0,14.96,40.092215238863254,40.35312929727827
2010-03-28,3.5,10.26,-2.56,0.12,17.93,40.092215238863254,40.35312929727827
2010-03-29,4.5,9.9,0.54,7.07,17.01,40.092215238863254,40.35312929727827
2010-03-30,2.65,7.84,-1.29,14.53,15.4,40.092215238863254,40.35312929727827
2010-03-31,-0.19,3.68,-3.49,1.89,10.67,40.092215238863254,40.35312929727827
2010-04-01,1.79,7.56,-4.08,0.66,9.88,40.092215238863254,40.35312929727827
2010-04-02,3.23,8.39,-0.89,0.65,14.81,40.092215238863254,40.35312929727827
2010-04-03,3.9,9.28,-0.32,5.0,11.93,40.092215238863254,40.35312929727827
2010-04-04,0.85,6.37,-5.17,0.94,12.48,40.092215238863254,40.35312929727827
2010-04-05,1.77,10.35,-5.68,0.0,22.24,40.092215238863254,40.35312929727827
2010-04-06,4.27,12.88,-2.83,0.0,22.06,40.092215238863254,40.35312929727827
2010-04-07,4.46,10.52,-1.46,1.03,14.61,40.092215238863254,40.35312929727827
2010-04-08,1.36,6.08,-3.25,0.51,16.39,40.092215238863254,40.35312929727827
2010-04-09,1.1,4.91,-1.52,2.81,13.44,40.092215238863254,40.35312929727827
2010-04-10,0.65,4.27,-2.62,0.55,12.95,40.092215238863254,40.35312929727827
2010-04-11,1.05,6.45,-3.72,4.09,16.24,40.092215238863254,40.35312929727827
2010-04-12,4.28,9.54,-0.48,5.39,13.2,40.092215238863254,40.35312929727827
2010-04-13,0.06,2.66,-4.83,5.37,9.95,40.092215238863254,40.35312929727827
2010-04-14,1.81,9.77,-5.08,0.0,21.89,40.092215238863254,40.35312929727827
2010-04-15,3.93,9.5,-0.7,0.0,17.75,40.092215238863254,40.35312929727827
2010-04-16,6.36,13.07,-0.18,0.0,21.0,40.092215238863254,40.35312929727827
2010-04-17,6.24,9.76,2.78,0.06,20.01,40.092215238863254,40.35312929727827
2010-04-18,6.54,12.41,0.31,0.26,14.82,40.092215238863254,40.35312929727827
2010-04-19,5.76,12.4,-2.25,2.08,19.05,40.092215238863254,40.35312929727827
2010-04-20,8.62,16.51,1.84,0.0,24.26,40.092215238863254,40.35312929727827
2010-04-21,6.35,10.5,2.28,5.77,6.17,40.092215238863254,40.35312929727827
2010-04-22,5.87,12.16,0.67,2.18,13.57,40.092215238863254,40.35312929727827
2010-04-23,2.07,8.21,-3.76,4.39,13.14,40.092215238863254,40.35312929727827
2010-04-24,2.15,9.25,-4.3,0.01,21.92,40.092215238863254,40.35312929727827
2010-04-25,5.46,13.52,-1.82,0.0,27.05,40.092215238863254,40.35312929727827
2010-04-26,7.3,12.61,2.22,0.01,22.74,40.092215238863254,40.35312929727827
2010-04-27,6.0,9.29,2.02,5.06,17.13,40.092215238863254,40.35312929727827
2010-04-28,6.09,12.07,0.56,6.12,9.75,40.092215238863254,40.35312929727827
2010-04-29,5.11,9.18,1.54,4.74,11.56,40.092215238863254,40.35312929727827
2010-04-30,5.56,11.4,0.3,2.96,14.58,40.092215238863254,40.35312929727827
2010-05-01,4.75,9.1,1.05,7.08,11.18,40.092215238863254,40.35312929727827
2010-05-02,4.52,8.8,0.47,1.9,14.51,40.092215238863254,40.35312929727827
2010-05-03,3.24,7.33,0.03,6.29,14.06,40.092215238863254,40.35312929727827
2010-05-04,5.36,11.54,-0.84,0.17,20.65,40.092215238863254,40.35312929727827
2010-05-05,6.86,12.52,-0.12,0.73,18.73,40.092215238863254,40.35312929727827
2010-05-06,7.73,13.2,0.96,2.27,19.79,40.092215238863254,40.35312929727827
2010-05-07,9.28,14.88,3.21,0.03,23.32,40.092215238863254,40.35312929727827
2010-05-08,8.83,14.83,3.57,0.55,21.54,40.092215238863254,40.35312929727827
2010-05-09,9.78,14.05,6.24,6.5,16.23,40.092215238863254,40.35312929727827
2010-05-10,8.89,13.53,3.42,5.58,10.09,40.092215238863254,40.35312929727827
2010-05-11,9.14,15.09,2.99,2.06,23.35,40.092215238863254,40.35312929727827
2010-05-12,11.98,17.42,5.86,0.01,23.42,40.092215238863254,40.35312929727827
2010-05-13,11.99,18.46,5.72,0.0,26.31,40.092215238863254,40.35312929727827
2010-05-14,14.26,19.8,7.44,0.03,25.02,40.092215238863254,40.35312929727827
2010-05-15,12.76,17.1,9.12,0.16,21.77,40.092215238863254,40.35312929727827
2010-05-16,13.33,19.17,7.37,1.88,22.41,40.092215238863254,40.35312929727827
2010-05-17,13.61,19.75,7.91,0.09,22.3,40.092215238863254,40.35312929727827
2010-05-18,11.02,18.12,4.18,0.0,27.74,40.092215238863254,40.35312929727827
2010-05-19,8.78,14.7,3.4,1.55,15.84,40.092215238863254,40.35312929727827
2010-05-20,8.38,14.02,3.13,0.62,18.58,40.092215238863254,40.35312929727827
2010-05-21,7.36,12.43,1.93,11.17,14.65,40.092215238863254,40.35312929727827
2010-05-22,8.7,13.83,2.98,3.71,16.24,40.092215238863254,40.35312929727827
2010-05-23,8.47,14.34,2.77,6.71,14.42,40.092215238863254,40.35312929727827
2010-05-24,6.58,11.29,3.21,2.11,15.35,40.092215238863254,40.35312929727827
2010-05-25,8.48,14.55,1.93,0.0,26.27,40.092215238863254,40.35312929727827
2010-05-26,10.63,15.74,5.78,0.01,25.38,40.092215238863254,40.35312929727827
2010-05-27,12.09,17.28,5.48,0.0,25.02,40.092215238863254,40.35312929727827
2010-05-28,11.94,17.17,7.17,1.0,20.14,40.092215238863254,40.35312929727827
2010-05-29,10.87,16.48,4.63,0.0,23.51,40.092215238863254,40.35312929727827
2010-05-30,11.26,18.03,2.58,1.56,25.4,40.092215238863254,40.35312929727827
2010-05-31,14.16,20.2,6.05,0.0,28.42,40.092215238863254,40.35312929727827
2010-06-01,16.01,22.2,9.94,0.0,28.57,40.092215238863254,40.35312929727827
2010-06-02,15.71,22.81,8.74,0.02,16.59,40.092215238863254,40.35312929727827
2010-06-03,16.5,23.87,8.64,0.0,24.79,40.092215238863254,40.35312929727827
2010-06-04,16.51,23.84,8.16,0.07,26.54,40.092215238863254,40.35312929727827
2010-06-05,18.44,25.16,10.83,0.92,25.58,40.092215238863254,40.35312929727827
2010-06-06,18.38,25.11,11.54,3.08,17.72,40.092215238863254,40.35312929727827
2010-06-07,15.93,22.26,8.64,0.39,19.78,40.092215238863254,40.35312929727827
2010-06-08,12.56,18.38,5.69,0.26,22.25,40.092215238863254,40.35312929727827
2010-06-09,12.43,16.9,6.91,3.64,17.43,40.092215238863254,40.35312929727827
2010-06-10,15.17,22.58,6.54,0.04,23.68,40.092215238863254,40.35312929727827
2010-06-11,14.9,21.05,8.15,0.01,24.38,40.092215238863254,40.35312929727827
2010-06-12,15.89,21.82,8.31,0.0,26.95,40.092215238863254,40.35312929727827
2010-06-13,18.44,24.88,11.94,0.0,29.22,40.092215238863254,40.35312929727827
2010-06-14,18.61,26.58,9.59,0.11,28.4,40.092215238863254,40.35312929727827
2010-06-15,18.88,25.79,11.34,3.89,16.09,40.092215238863254,40.35312929727827
2010-06-16,14.93,21.93,10.25,12.19,14.5,40.092215238863254,40.35312929727827
2010-06-17,13.1,18.64,8.59,3.91,15.74,40.092215238863254,40.35312929727827
2010-06-18,13.51,19.6,8.03,1.47,16.84,40.092215238863254,40.35312929727827
2010-06-19,14.88,19.78,9.05,10.2,21.57,40.092215238863254,40.35312929727827
2010-06-20,15.13,19.82,8.22,5.62,21.35,40.092215238863254,40.35312929727827
2010-06-21,15.26,20.01,9.59,1.41,23.46,40.092215238863254,40.35312929727827
2010-06-22,15.75,21.43,9.01,0.22,26.84,40.092215238863254,40.35312929727827
2010-06-23,16.71,22.17,10.37,1.49,20.11,40.092215238863254,40.35312929727827
2010-06-24,10.54,13.48,5.96,7.64,17.01,40.092215238863254,40.35312929727827
2010-06-25,11.37,17.8,4.59,1.17,24.9,40.092215238863254,40.35312929727827
2010-06-26,13.87,19.8,6.42,2.81,17.2,40.092215238863254,40.35312929727827
2010-06-27,14.7,21.42,6.58,0.28,24.74,40.092215238863254,40.35312929727827
2010-06-28,16.17,23.2,7.64,0.39,24.3,40.092215238863254,40.35312929727827
2010-06-29,16.26,22.62,9.01,0.65,22.64,40.092215238863254,40.35312929727827
2010-06-30,16.03,21.32,8.95,1.42,26.32,40.092215238863254,40.35312929727827
2010-07-01,16.79,22.76,10.99,0.85,25.59,40.092215238863254,40.35312929727827
2010-07-02,16.62,23.3,9.91,0.0,23.67,40.092215238863254,40.35312929727827
2010-07-03,18.13,25.69,9.52,0.0,23.18,40.092215238863254,40.35312929727827
2010-07-04,18.61,26.73,9.78,0.03,21.24,40.092215238863254,40.35312929727827
2010-07-05,19.4,27.63,10.23,0.27,20.33,40.092215238863254,40.35312929727827
2010-07-06,19.06,26.37,10.9,2.05,23.67,40.092215238863254,40.35312929727827
2010-07-07,19.41,26.57,11.73,0.0,23.61,40.092215238863254,40.35312929727827
2010-07-08,20.79,28.25,11.85,0.0,25.39,40.092215238863254,40.35312929727827
2010-07-09,19.97,26.73,13.17,0.0,26.66,40.092215238863254,40.35312929727827
2010-07-10,20.08,27.39,12.3,0.0,27.67,40.092215238863254,40.35312929727827
2010-07-11,21.32,28.73,13.71,0.0,26.56,40.092215238863254,40.35312929727827
2010-07-12,20.51,29.4,10.82,0.4,24.51,40.092215238863254,40.35312929727827
2010-07-13,19.28,27.85,11.58,0.48,26.04,40.092215238863254,40.35312929727827
2010-07-14,17.05,25.51,8.35,0.02,25.3,40.092215238863254,40.35312929727827
2010-07-15,17.13,24.5,9.41,0.69,19.24,40.092215238863254,40.35312929727827
2010-07-16,17.75,24.97,10.05,0.04,19.97,40.092215238863254,40.35312929727827
2010-07-17,16.69,22.07,10.46,8.18,11.53,40.092215238863254,40.35312929727827
2010-07-18,16.26,21.52,11.26,17.87,14.03,40.092215238863254,40.35312929727827
2010-07-19,17.41,24.67,9.87,0.08,25.04,40.092215238863254,40.35312929727827
2010-07-20,18.37,25.42,10.55,0.52,21.95,40.092215238863254,40.35312929727827
2010-07-21,18.74,25.64,12.95,20.13,14.77,40.092215238863254,40.35312929727827
2010-07-22,18.25,25.02,11.71,0.71,17.17,40.092215238863254,40.35312929727827
2010-07-23,18.6,25.68,12.01,3.66,15.89,40.092215238863254,40.35312929727827
2010-07-24,16.49,21.83,11.93,6.42,15.02,40.092215238863254,40.35312929727827
2010-07-25,17.8,23.67,10.62,0.72,23.55,40.092215238863254,40.35312929727827
2010-07-26,19.29,24.88,13.45,1.87,24.71,40.092215238863254,40.35312929727827
2010-07-27,20.27,27.73,12.72,0.0,27.77,40.092215238863254,40.35312929727827
2010-07-28,20.73,28.61,13.0,0.0,24.77,40.092215238863254,40.35312929727827
2010-07-29,19.41,27.57,11.13,0.0,21.98,40.092215238863254,40.35312929727827
2010-07-30,19.58,28.35,10.62,0.02,26.81,40.092215238863254,40.35312929727827
2010-07-31,19.37,28.23,10.08,0.14,26.67,40.092215238863254,40.35312929727827
2010-08-01,19.63,28.44,11.0,0.0,28.71,40.092215238863254,40.35312929727827
2010-08-02,19.74,28.53,10.4,0.0,26.32,40.092215238863254,40.35312929727827
2010-08-03,18.96,25.76,12.41,0.01,21.33,40.092215238863254,40.35312929727827
2010-08-04,19.97,27.83,11.43,0.0,26.61,40.092215238863254,40.35312929727827
2010-08-05,21.6,29.3,11.85,0.0,27.12,40.092215238863254,40.35312929727827
2010-08-06,22.56,30.22,14.75,0.0,25.52,40.092215238863254,40.35312929727827
2010-08-07,22.65,30.92,14.85,0.0,24.74,40.092215238863254,40.35312929727827
2010-08-08,22.65,30.09,15.12,0.0,23.96,40.092215238863254,40.35312929727827
2010-08-09,22.51,30.12,14.51,0.0,24.69,40.092215238863254,40.35312929727827
2010-08-10,21.17,29.93,11.2,0.12,24.4,40.092215238863254,40.35312929727827
2010-08-11,21.45,29.61,13.95,0.06,22.92,40.092215238863254,40.35312929727827
2010-08-12,21.03,29.11,13.57,0.04,19.52,40.092215238863254,40.35312929727827
2010-08-13,20.88,29.48,12.74,0.03,23.0,40.092215238863254,40.35312929727827
2010-08-14,20.48,29.5,11.84,2.6,20.19,40.092215238863254,40.35312929727827
2010-08-15,20.12,29.26,11.99,2.46,21.69,40.092215238863254,40.35312929727827
2010-08-16,18.51,27.01,11.71,7.96,18.94,40.092215238863254,40.35312929727827
2010-08-17,17.88,26.36,9.9,1.51,20.6,40.092215238863254,40.35312929727827
2010-08-18,18.07,26.28,11.27,0.0,22.63,40.092215238863254,40.35312929727827
2010-08-19,17.87,26.51,10.56,0.0,27.03,40.092215238863254,40.35312929727827
2010-08-20,18.41,28.34,9.94,0.16,25.4,40.092215238863254,40.35312929727827
2010-08-21,14.83,22.79,8.41,1.24,17.15,40.092215238863254,40.35312929727827
2010-08-22,14.83,24.44,6.58,0.43,20.88,40.092215238863254,40.35312929727827
2010-08-23,18.14,28.37,8.42,0.19,19.86,40.092215238863254,40.35312929727827
2010-08-24,19.08,28.45,10.14,0.0,19.83,40.092215238863254,40.35312929727827
2010-08-25,18.19,25.75,11.09,0.11,18.76,40.092215238863254,40.35312929727827
2010-08-26,14.94,18.24,10.54,3.2,15.63,40.092215238863254,40.35312929727827
2010-08-27,15.09,23.52,7.84,0.38,16.46,40.092215238863254,40.35312929727827
2010-08-28,17.93,26.93,7.75,0.0,24.66,40.092215238863254,40.35312929727827
2010-08-29,20.89,28.61,13.81,0.0,24.52,40.092215238863254,40.35312929727827
2010-08-30,21.25,29.21,14.0,0.0,19.63,40.092215238863254,40.35312929727827
2010-08-31,21.12,29.93,11.95,0.0,19.48,40.092215238863254,40.35312929727827
2010-09-01,19.87,27.8,12.16,0.0,24.33,40.092215238863254,40.35312929727827
2010-09-02,19.38,26.8,11.99,1.26,15.52,40.092215238863254,40.35312929727827
2010-09-03,18.22,28.84,10.09,1.9,15.34,40.092215238863254,40.35312929727827
2010-09-04,19.08,29.35,8.76,0.01,19.73,40.092215238863254,40.35312929727827
2010-09-05,20.65,30.3,11.19,0.0,19.99,40.092215238863254,40.35312929727827
2010-09-06,19.89,29.9,10.84,0.01,16.29,40.092215238863254,40.35312929727827
2010-09-07,19.76,27.6,13.15,0.73,18.19,40.092215238863254,40.35312929727827
2010-09-08,15.99,23.36,10.03,2.7,13.27,40.092215238863254,40.35312929727827
2010-09-09,15.89,25.64,7.78,0.0,17.02,40.092215238863254,40.35312929727827
2010-09-10,16.02,26.09,7.12,0.0,16.55,40.092215238863254,40.35312929727827
2010-09-11,17.65,26.87,8.48,0.0,19.63,40.092215238863254,40.35312929727827
2010-09-12,18.58,27.24,10.74,0.0,22.37,40.092215238863254,40.35312929727827
2010-09-13,17.2,24.96,10.67,1.06,16.49,40.092215238863254,40.35312929727827
2010-09-14,12.79,18.25,7.27,6.23,15.5,40.092215238863254,40.35312929727827
2010-09-15,12.96,22.21,5.58,0.11,19.23,40.092215238863254,40.35312929727827
2010-09-16,14.18,23.33,6.35,0.0,19.73,40.092215238863254,40.35312929727827
2010-09-17,15.95,24.79,7.13,0.0,21.15,40.092215238863254,40.35312929727827
2010-09-18,14.14,21.79,7.97,0.33,12.95,40.092215238863254,40.35312929727827
2010-09-19,13.95,23.22,6.09,0.0,16.33,40.092215238863254,40.35312929727827
2010-09-20,16.22,25.42,8.42,0.0,20.96,40.092215238863254,40.35312929727827
2010-09-21,18.04,25.58,12.82,0.0,21.03,40.092215238863254,40.35312929727827
2010-09-22,16.82,23.94,11.77,0.12,14.13,40.092215238863254,40.35312929727827
2010-09-23,12.58,16.71,8.18,5.73,9.36,40.092215238863254,40.35312929727827
2010-09-24,13.93,21.71,6.0,0.02,17.46,40.092215238863254,40.35312929727827
2010-09-25,14.64,22.86,10.0,0.31,13.88,40.092215238863254,40.35312929727827
2010-09-26,14.64,22.1,5.99,0.01,17.78,40.092215238863254,40.35312929727827
2010-09-27,16.58,23.28,11.2,0.0,18.3,40.092215238863254,40.35312929727827
2010-09-28,17.36,24.24,11.4,0.0,15.79,40.092215238863254,40.35312929727827
2010-09-29,16.69,23.85,10.82,0.01,14.95,40.092215238863254,40.35312929727827
2010-09-30,14.23,20.09,9.22,4.1,9.6,40.092215238863254,40.35312929727827
2010-10-01,12.17,17.08,8.27,4.67,9.21,40.092215238863254,40.35312929727827
2010-10-02,12.06,18.8,6.03,0.06,11.88,40.092215238863254,40.35312929727827
2010-10-03,10.21,14.33,6.53,7.28,7.51,40.092215238863254,40.35312929727827
2010-10-04,8.86,15.04,3.97,5.95,9.98,40.092215238863254,40.35312929727827
2010-10-05,7.53,13.9,2.71,2.11,8.29,40.092215238863254,40.35312929727827
2010-10-06,6.49,13.54,1.69,0.62,7.78,40.092215238863254,40.35312929727827
2010-10-07,6.07,15.29,-0.33,0.03,10.1,40.092215238863254,40.35312929727827
2010-10-08,8.81,14.17,3.34,2.02,6.64,40.092215238863254,40.35312929727827
2010-10-09,8.05,14.5,2.43,0.63,10.58,40.092215238863254,40.35312929727827
2010-10-10,5.79,12.58,1.07,2.82,13.34,40.092215238863254,40.35312929727827
2010-10-11,3.2,9.0,-0.67,1.1,6.9,40.092215238863254,40.35312929727827
2010-10-12,3.9,10.18,-1.84,0.17,16.08,40.092215238863254,40.35312929727827
2010-10-13,5.79,11.42,-0.31,1.8,4.41,40.092215238863254,40.35312929727827
2010-10-14,8.29,14.47,4.1,4.82,2.83,40.092215238863254,40.35312929727827
2010-10-15,9.83,14.63,7.33,15.03,6.53,40.092215238863254,40.35312929727827
2010-10-16,9.31,13.97,6.35,10.05,7.12,40.092215238863254,40.35312929727827
2010-10-17,8.92,13.45,5.58,1.4,10.39,40.092215238863254,40.35312929727827
2010-10-18,9.33,15.32,4.8,0.78,15.23,40.092215238863254,40.35312929727827
2010-10-19,10.1,18.29,4.01,0.0,14.06,40.092215238863254,40.35312929727827
2010-10-20,12.02,20.24,6.32,0.0,13.76,40.092215238863254,40.35312929727827
2010-10-21,12.12,18.33,7.73,0.01,12.62,40.092215238863254,40.35312929727827
2010-10-22,9.19,15.72,4.72,1.59,9.38,40.092215238863254,40.35312929727827
2010-10-23,8.73,16.81,2.62,0.36,10.14,40.092215238863254,40.35312929727827
2010-10-24,8.81,16.44,1.65,0.0,12.1,40.092215238863254,40.35312929727827
2010-10-25,9.54,15.14,5.19,0.0,10.99,40.092215238863254,40.35312929727827
2010-10-26,9.54,16.01,4.71,0.0,14.09,40.092215238863254,40.35312929727827
2010-10-27,7.44,13.07,3.75,0.03,9.89,40.092215238863254,40.35312929727827
2010-10-28,8.54,14.99,4.03,0.08,9.97,40.092215238863254,40.35312929727827
2010-10-29,8.3,14.3,3.53,3.85,6.08,40.092215238863254,40.35312929727827
2010-10-30,1.15,4.9,-5.88,11.3,2.65,40.092215238863254,40.35312929727827
2010-10-31,-2.55,3.84,-6.55,0.44,10.27,40.092215238863254,40.35312929727827
2010-11-01,-1.66,6.67,-6.24,0.0,12.03,40.092215238863254,40.35312929727827
2010-11-02,-0.37,8.87,-5.57,0.0,12.39,40.092215238863254,40.35312929727827
2010-11-03,2.86,12.09,-4.27,0.31,12.54,40.092215238863254,40.35312929727827
2010-11-04,4.79,11.98,0.39,0.0,13.08,40.092215238863254,40.35312929727827
2010-11-05,4.27,11.81,-0.04,0.0,12.78,40.092215238863254,40.35312929727827
2010-11-06,5.87,13.56,0.55,0.0,13.07,40.092215238863254,40.35312929727827
2010-11-07,5.86,13.48,1.52,0.01,12.14,40.092215238863254,40.35312929727827
2010-11-08,4.18,11.86,-0.03,0.0,12.44,40.092215238863254,40.35312929727827
2010-11-09,3.28,11.45,-1.63,0.0,12.39,40.092215238863254,40.35312929727827
2010-11-10,4.3,12.67,-1.21,0.0,12.11,40.092215238863254,40.35312929727827
2010-11-11,6.8,14.73,1.25,0.01,11.87,40.092215238863254,40.35312929727827
2010-11-12,7.39,15.74,2.74,0.0,11.93,40.092215238863254,40.35312929727827
2010-11-13,6.94,14.78,2.21,0.0,12.03,40.092215238863254,40.35312929727827
2010-11-14,6.62,13.62,1.23,0.0,11.53,40.092215238863254,40.35312929727827
2010-11-15,7.74,14.67,3.47,0.0,11.48,40.092215238863254,40.35312929727827
2010-11-16,7.09,14.62,2.04,0.0,11.46,40.092215238863254,40.35312929727827
2010-11-17,5.38,12.35,0.67,0.0,10.78,40.092215238863254,40.35312929727827
2010-11-18,5.34,12.81,0.59,0.0,11.1,40.092215238863254,40.35312929727827
2010-11-19,6.15,13.82,1.92,0.01,10.49,40.092215238863254,40.35312929727827
2010-11-20,5.66,12.81,1.74,0.0,10.81,40.092215238863254,40.35312929727827
2010-11-21,5.74,12.38,1.68,0.02,9.49,40.092215238863254,40.35312929727827
2010-11-22,2.92,8.39,-0.98,0.43,8.33,40.092215238863254,40.35312929727827
2010-11-23,1.72,9.52,-2.79,0.0,10.03,40.092215238863254,40.35312929727827
2010-11-24,0.88,7.82,-2.81,0.0,7.26,40.092215238863254,40.35312929727827
2010-11-25,3.08,7.59,0.29,0.05,2.63,40.092215238863254,40.35312929727827
2010-11-26,2.89,8.56,-0.95,0.04,4.96,40.092215238863254,40.35312929727827
2010-11-27,2.55,9.89,-1.94,0.01,8.61,40.092215238863254,40.35312929727827
2010-11-28,3.76,9.94,-0.6,0.0,8.34,40.092215238863254,40.35312929727827
2010-11-29,4.63,12.67,0.34,0.0,8.88,40.092215238863254,40.35312929727827
2010-11-30,3.63,12.69,-0.88,0.0,6.41,40.092215238863254,40.35312929727827
2010-12-01,3.85,12.34,-0.42,0.01,8.58,40.092215238863254,40.35312929727827
2010-12-02,4.99,12.27,-0.8,0.0,4.72,40.092215238863254,40.35312929727827
2010-12-03,7.19,14.3,2.89,0.0,8.73,40.092215238863254,40.35312929727827
2010-12-04,7.58,16.03,3.44,0.0,9.42,40.092215238863254,40.35312929727827
2010-12-05,5.74,14.49,0.99,0.0,9.03,40.092215238863254,40.35312929727827
2010-12-06,4.15,10.98,0.06,0.9,6.51,40.092215238863254,40.35312929727827
2010-12-07,1.98,6.95,-0.59,0.29,6.98,40.092215238863254,40.35312929727827
2010-12-08,1.53,7.17,-1.34,0.0,9.31,40.092215238863254,40.35312929727827
2010-12-09,1.26,8.01,-3.05,0.0,9.57,40.092215238863254,40.35312929727827
2010-12-10,-0.89,4.25,-3.62,0.21,6.8,40.092215238863254,40.35312929727827
2010-12-11,-0.2,3.75,-2.69,2.4,2.26,40.092215238863254,40.35312929727827
2010-12-12,-1.42,2.17,-4.82,6.02,3.64,40.092215238863254,40.35312929727827
2010-12-13,-5.12,-1.78,-8.31,2.64,2.1,40.092215238863254,40.35312929727827
2010-12-14,-5.39,-2.24,-8.98,2.68,2.28,40.092215238863254,40.35312929727827
2010-12-15,-4.49,-0.87,-8.08,3.82,3.19,40.092215238863254,40.35312929727827
2010-12-16,-6.33,-0.72,-10.12,0.12,5.26,40.092215238863254,40.35312929727827
2010-12-17,-4.87,-0.53,-9.33,0.13,3.89,40.092215238863254,40.35312929727827
2010-12-18,-3.85,0.41,-7.15,1.86,3.85,40.092215238863254,40.35312929727827
2010-12-19,-4.44,0.67,-8.48,0.18,6.06,40.092215238863254,40.35312929727827
2010-12-20,-3.61,1.96,-7.05,0.0,7.36,40.092215238863254,40.35312929727827
2010-12-21,-3.4,2.89,-7.52,0.0,8.42,40.092215238863254,40.35312929727827
2010-12-22,-1.94,5.55,-6.66,0.0,8.33,40.092215238863254,40.35312929727827
2010-12-23,-2.1,4.52,-6.43,0.0,7.96,40.092215238863254,40.35312929727827
2010-12-24,-2.14,4.99,-7.15,0.0,8.43,40.092215238863254,40.35312929727827
2010-12-25,-2.16,3.91,-5.72,0.0,8.5,40.092215238863254,40.35312929727827
2010-12-26,0.22,6.02,-4.08,0.0,6.52,40.092215238863254,40.35312929727827
2010-12-27,2.55,7.94,-0.48,0.0,6.58,40.092215238863254,40.35312929727827
2010-12-28,2.33,8.78,-1.1,0.0,7.37,40.092215238863254,40.35312929727827
2010-12-29,0.95,6.64,-1.33,0.0,6.03,40.092215238863254,40.35312929727827
2010-12-30,-1.26,0.85,-3.14,0.44,4.66,40.092215238863254,40.35312929727827
2010-12-31,-3.18,-1.73,-4.41,3.12,3.13,40.092215238863254,40.35312929727827
2011-01-01,-5.27,-2.74,-8.19,2.83,4.61,40.092215238863254,40.35312929727827
2011-01-02,-6.98,-1.01,-10.48,0.0,8.34,40.092215238863254,40.35312929727827
2011-01-03,-7.29,0.33,-11.6,0.0,6.78,40.092215238863254,40.35312929727827
2011-01-04,-4.99,0.29,-9.83,0.89,6.94,40.092215238863254,40.35312929727827
2011-01-05,-3.31,1.1,-5.89,1.01,4.94,40.092215238863254,40.35312929727827
2011-01-06,-5.08,-0.49,-9.05,0.0,6.3,40.092215238863254,40.35312929727827
2011-01-07,-4.57,1.0,-8.99,0.05,5.99,40.092215238863254,40.35312929727827
2011-01-08,-4.19,0.54,-7.61,0.19,5.64,40.092215238863254,40.35312929727827
2011-01-09,-5.73,-1.44,-10.21,0.2,6.46,40.092215238863254,40.35312929727827
2011-01-10,-7.81,-1.29,-11.85,0.04,6.89,40.092215238863254,40.35312929727827
2011-01-11,-8.87,-2.83,-12.9,0.43,7.48,40.092215238863254,40.35312929727827
2011-01-12,-8.61,-0.98,-13.95,0.0,9.01,40.092215238863254,40.35312929727827
2011-01-13,-7.94,-0.62,-12.07,0.0,9.53,40.092215238863254,40.35312929727827
2011-01-14,-6.78,-2.23,-10.81,0.05,8.17,40.092215238863254,40.35312929727827
2011-01-15,-6.18,-0.64,-9.52,0.12,7.81,40.092215238863254,40.35312929727827
2011-01-16,-6.0,-0.07,-10.61,0.19,7.89,40.092215238863254,40.35312929727827
2011-01-17,-5.66,0.08,-8.91,0.48,7.02,40.092215238863254,40.35312929727827
2011-01-18,-6.09,-0.68,-9.99,1.28,7.48,40.092215238863254,40.35312929727827
2011-01-19,-6.33,-1.45,-9.63,0.91,7.32,40.092215238863254,40.35312929727827
2011-01-20,-5.64,1.35,-10.52,0.03,9.37,40.092215238863254,40.35312929727827
2011-01-21,-4.35,1.74,-8.91,0.0,8.95,40.092215238863254,40.35312929727827
2011-01-22,-2.83,3.4,-6.82,0.0,10.69,40.092215238863254,40.35312929727827
2011-01-23,-4.22,1.91,-8.3,0.0,9.64,40.092215238863254,40.35312929727827
2011-01-24,-4.91,-0.9,-8.42,0.04,5.35,40.092215238863254,40.35312929727827
2011-01-25,-4.01,0.52,-7.85,0.31,7.8,40.092215238863254,40.35312929727827
2011-01-26,-3.56,1.08,-7.62,1.11,5.98,40.092215238863254,40.35312929727827
2011-01-27,-2.85,0.17,-5.95,7.83,4.56,40.092215238863254,40.35312929727827
2011-01-28,-5.42,-1.69,-7.67,0.5,6.02,40.092215238863254,40.35312929727827
2011-01-29,-4.97,-1.54,-8.1,2.17,7.73,40.092215238863254,40.35312929727827
2011-01-30,-3.48,0.45,-5.72,9.69,6.07,40.092215238863254,40.35312929727827
2011-01-31,-8.62,-3.49,-15.07,3.7,2.87,40.092215238863254,40.35312929727827
2011-02-01,-12.72,-8.24,-17.32,3.62,12.05,40.092215238863254,40.35312929727827
2011-02-02,-14.98,-8.84,-19.07,1.01,11.78,40.092215238863254,40.35312929727827
2011-02-03,-13.93,-7.96,-18.38,0.81,9.81,40.092215238863254,40.35312929727827
2011-02-04,-11.87,-6.8,-16.56,1.24,8.01,40.092215238863254,40.35312929727827
2011-02-05,-13.77,-6.51,-19.06,0.24,13.56,40.092215238863254,40.35312929727827
2011-02-06,-11.28,-2.6,-17.09,0.33,9.29,40.092215238863254,40.35312929727827
2011-02-07,-8.91,-1.67,-12.65,2.24,5.79,40.092215238863254,40.35312929727827
2011-02-08,-8.36,-0.83,-14.04,1.52,7.66,40.092215238863254,40.35312929727827
2011-02-09,-8.45,-1.43,-13.73,0.12,13.31,40.092215238863254,40.35312929727827
2011-02-10,-11.12,-6.65,-14.32,0.94,11.81,40.092215238863254,40.35312929727827
2011-02-11,-13.84,-8.92,-18.19,1.71,13.55,40.092215238863254,40.35312929727827
2011-02-12,-13.03,-2.3,-19.72,0.02,11.24,40.092215238863254,40.35312929727827
2011-02-13,-10.15,-2.68,-17.46,2.44,10.0,40.092215238863254,40.35312929727827
2011-02-14,-8.94,-4.4,-15.18,1.69,12.79,40.092215238863254,40.35312929727827
2011-02-15,-4.94,-1.35,-8.97,6.36,10.01,40.092215238863254,40.35312929727827
2011-02-16,-10.81,-5.69,-15.29,1.39,13.85,40.092215238863254,40.35312929727827
2011-02-17,-11.8,-4.79,-18.48,0.0,14.02,40.092215238863254,40.35312929727827
2011-02-18,-8.0,-1.51,-12.62,0.01,6.31,40.092215238863254,40.35312929727827
2011-02-19,-5.64,-0.83,-12.8,1.04,5.72,40.092215238863254,40.35312929727827
2011-02-20,-2.73,0.59,-5.32,5.74,12.01,40.092215238863254,40.35312929727827
2011-02-21,-5.08,-2.01,-10.02,5.72,9.05,40.092215238863254,40.35312929727827
2011-02-22,-6.48,-0.05,-12.75,0.39,15.81,40.092215238863254,40.35312929727827
2011-02-23,-2.23,1.35,-6.6,4.07,12.8,40.092215238863254,40.35312929727827
2011-02-24,-3.01,1.09,-7.57,5.37,8.69,40.092215238863254,40.35312929727827
2011-02-25,-2.14,1.26,-6.67,1.74,9.37,40.092215238863254,40.35312929727827
2011-02-26,-1.96,1.2,-5.08,3.98,4.28,40.092215238863254,40.35312929727827
2011-02-27,-3.8,0.28,-6.97,0.24,9.05,40.092215238863254,40.35312929727827
2011-02-28,-3.13,0.91,-6.84,0.02,15.37,40.092215238863254,40.35312929727827
2011-03-01,-5.21,-1.16,-9.34,0.18,15.25,40.092215238863254,40.35312929727827
2011-03-02,-7.39,-2.01,-12.97,1.2,15.29,40.092215238863254,40.35312929727827
2011-03-03,-8.28,-3.55,-12.2,1.78,16.41,40.092215238863254,40.35312929727827
2011-03-04,-10.74,-4.06,-15.83,0.39,17.83,40.092215238863254,40.35312929727827
2011-03-05,-9.34,-1.61,-17.02,0.03,18.81,40.092215238863254,40.35312929727827
2011-03-06,-5.01,1.42,-13.16,0.49,12.26,40.092215238863254,40.35312929727827
2011-03-07,-2.71,1.39,-5.51,3.85,7.34,40.092215238863254,40.35312929727827
2011-03-08,-1.78,2.76,-5.44,5.0,6.84,40.092215238863254,40.35312929727827
2011-03-09,-1.65,2.51,-6.29,3.75,14.9,40.092215238863254,40.35312929727827
2011-03-10,-4.41,-0.09,-9.0,0.93,7.86,40.092215238863254,40.35312929727827
2011-03-11,-5.63,-1.89,-9.04,4.98,11.82,40.092215238863254,40.35312929727827
2011-03-12,-5.6,-0.45,-9.81,0.16,13.29,40.092215238863254,40.35312929727827
2011-03-13,-7.42,-1.07,-12.11,0.07,12.85,40.092215238863254,40.35312929727827
2011-03-14,-5.89,4.04,-14.97,0.0,21.53,40.092215238863254,40.35312929727827
2011-03-15,-1.91,6.98,-9.59,0.0,20.5,40.092215238863254,40.35312929727827
2011-03-16,1.52,9.05,-4.47,0.0,20.69,40.092215238863254,40.35312929727827
2011-03-17,2.8,7.59,-0.55,0.0,17.52,40.092215238863254,40.35312929727827
2011-03-18,2.73,9.07,-1.66,0.12,10.55,40.092215238863254,40.35312929727827
2011-03-19,2.95,7.91,-1.57,0.08,9.07,40.092215238863254,40.35312929727827
2011-03-20,2.87,8.49,-1.56,0.03,14.59,40.092215238863254,40.35312929727827
2011-03-21,2.54,7.46,-0.55,4.86,9.11,40.092215238863254,40.35312929727827
2011-03-22,1.16,6.36,-4.04,3.59,10.64,40.092215238863254,40.35312929727827
2011-03-23,-2.9,2.33,-6.81,3.05,9.47,40.092215238863254,40.35312929727827
2011-03-24,-3.61,2.27,-7.23,0.24,12.94,40.092215238863254,40.35312929727827
2011-03-25,-3.25,2.83,-7.42,0.0,11.44,40.092215238863254,40.35312929727827
2011-03-26,1.03,9.33,-6.03,0.0,20.44,40.092215238863254,40.35312929727827
2011-03-27,2.69,10.47,-2.72,0.0,19.64,40.092215238863254,40.35312929727827
2011-03-28,3.0,8.04,-0.94,0.0,16.68,40.092215238863254,40.35312929727827
2011-03-29,2.44,6.04,-0.23,0.11,14.05,40.092215238863254,40.35312929727827
2011-03-30,3.54,9.48,-2.06,0.01,17.87,40.092215238863254,40.35312929727827
2011-03-31,3.53,9.0,-0.25,1.18,14.85,40.092215238863254,40.35312929727827
2011-04-01,5.33,11.29,0.44,0.23,18.84,40.092215238863254,40.35312929727827
2011-04-02,5.96,13.02,0.57,0.01,11.05,40.092215238863254,40.35312929727827
2011-04-03,4.01,9.77,0.27,7.51,12.12,40.092215238863254,40.35312929727827
2011-04-04,3.62,8.48,-0.3,17.33,13.79,40.092215238863254,40.35312929727827
2011-04-05,0.79,3.01,-1.04,10.9,6.47,40.092215238863254,40.35312929727827
2011-04-06,0.46,3.62,-2.5,1.96,6.6,40.092215238863254,40.35312929727827
2011-04-07,0.84,6.11,-3.6,0.33,11.67,40.092215238863254,40.35312929727827
2011-04-08,1.76,7.5,-2.85,1.14,19.28,40.092215238863254,40.35312929727827
2011-04-09,3.19,8.4,-0.1,4.49,19.33,40.092215238863254,40.35312929727827
2011-04-10,2.25,6.09,-0.75,9.49,9.57,40.092215238863254,40.35312929727827
2011-04-11,-0.81,5.85,-6.31,7.3,10.44,40.092215238863254,40.35312929727827
2011-04-12,-5.06,1.56,-10.14,16.11,3.32,40.092215238863254,40.35312929727827
2011-04-13,-6.41,-1.23,-12.04,0.48,18.34,40.092215238863254,40.35312929727827
2011-04-14,-1.69,6.12,-8.94,0.0,21.66,40.092215238863254,40.35312929727827
2011-04-15,0.84,6.83,-5.27,0.0,21.57,40.092215238863254,40.35312929727827
2011-04-16,2.67,7.48,-2.74,2.95,15.67,40.092215238863254,40.35312929727827
2011-04-17,4.75,9.63,0.99,6.67,10.51,40.092215238863254,40.35312929727827
2011-04-18,7.47,13.66,1.53,3.07,15.31,40.092215238863254,40.35312929727827
2011-04-19,9.61,16.46,4.56,6.13,12.59,40.092215238863254,40.35312929727827
2011-04-20,5.84,10.7,0.95,18.74,10.89,40.092215238863254,40.35312929727827
2011-04-21,4.08,10.07,-0.9,0.83,11.34,40.092215238863254,40.35312929727827
2011-04-22,3.76,10.44,-1.83,4.35,11.81,40.092215238863254,40.35312929727827
2011-04-23,3.72,8.12,-0.26,3.81,12.46,40.092215238863254,40.35312929727827
2011-04-24,4.08,9.73,-0.94,0.42,15.01,40.092215238863254,40.35312929727827
2011-04-25,5.52,11.2,-0.14,0.73,15.86,40.092215238863254,40.35312929727827
2011-04-26,4.1,9.27,-0.55,3.84,16.19,40.092215238863254,40.35312929727827
2011-04-27,6.27,13.38,-0.4,0.09,20.4,40.092215238863254,40.35312929727827
2011-04-28,7.18,13.71,-0.05,0.02,23.4,40.092215238863254,40.35312929727827
2011-04-29,6.47,11.54,3.25,6.57,10.59,40.092215238863254,40.35312929727827
2011-04-30,6.86,10.88,3.1,0.69,14.69,40.092215238863254,40.35312929727827
2011-05-01,5.21,8.97,1.75,0.88,11.51,40.092215238863254,40.35312929727827
2011-05-02,6.63,12.42,1.0,1.75,20.41,40.092215238863254,40.35312929727827
2011-05-03,7.41,12.16,2.97,0.47,18.04,40.092215238863254,40.35312929727827
2011-05-04,8.93,14.57,1.81,2.13,16.56,40.092215238863254,40.35312929727827
2011-05-05,7.75,12.17,4.25,6.71,14.29,40.092215238863254,40.35312929727827
2011-05-06,5.17,7.95,0.81,5.94,8.05,40.092215238863254,40.35312929727827
2011-05-07,4.1,10.3,-1.22,1.95,12.39,40.092215238863254,40.35312929727827
2011-05-08,4.74,11.09,-2.41,5.09,13.7,40.092215238863254,40.35312929727827
2011-05-09,7.05,13.15,0.75,0.04,24.21,40.092215238863254,40.35312929727827
2011-05-10,7.57,12.72,2.44,1.42,16.7,40.092215238863254,40.35312929727827
2011-05-11,7.99,13.9,1.45,3.8,18.48,40.092215238863254,40.35312929727827
2011-05-12,8.27,15.26,2.7,1.63,15.7,40.092215238863254,40.35312929727827
2011-05-13,4.21,8.08,-0.51,2.37,11.89,40.092215238863254,40.35312929727827
2011-05-14,4.66,9.53,1.0,3.08,12.84,40.092215238863254,40.35312929727827
2011-05-15,5.38,10.67,-0.03,1.18,15.48,40.092215238863254,40.35312929727827
2011-05-16,6.68,11.76,0.97,0.87,22.63,40.092215238863254,40.35312929727827
2011-05-17,9.5,15.6,2.8,0.0,25.81,40.092215238863254,40.35312929727827
2011-05-18,11.93,19.34,4.52,0.0,22.8,40.092215238863254,40.35312929727827
2011-05-19,9.52,14.63,4.92,2.62,16.22,40.092215238863254,40.35312929727827
2011-05-20,8.75,14.52,3.85,1.24,20.17,40.092215238863254,40.35312929727827
2011-05-21,4.91,10.0,1.97,20.93,9.2,40.092215238863254,40.35312929727827
2011-05-22,7.34,14.32,0.33,0.44,16.88,40.092215238863254,40.35312929727827
2011-05-23,6.89,12.85,2.48,9.87,15.88,40.092215238863254,40.35312929727827
2011-05-24,9.22,17.01,2.57,0.28,16.01,40.092215238863254,40.35312929727827
2011-05-25,10.59,17.42,3.94,0.03,21.04,40.092215238863254,40.35312929727827
2011-05-26,10.68,17.08,5.12,0.3,19.56,40.092215238863254,40.35312929727827
2011-05-27,11.16,18.06,3.57,0.11,21.17,40.092215238863254,40.35312929727827
2011-05-28,12.29,17.89,6.91,0.64,19.52,40.092215238863254,40.35312929727827
2011-05-29,10.85,15.88,6.29,1.74,19.73,40.092215238863254,40.35312929727827
2011-05-30,12.97,19.4,5.33,9.84,22.39,40.092215238863254,40.35312929727827
2011-05-31,14.56,21.43,7.9,0.01,22.14,40.092215238863254,40.35312929727827
2011-06-01,15.77,22.62,8.97,4.33,16.76,40.092215238863254,40.35312929727827
2011-06-02,13.49,19.69,7.94,20.72,16.31,40.092215238863254,40.35312929727827
2011-06-03,12.04,17.55,6.49,1.62,18.26,40.092215238863254,40.35312929727827
2011-06-04,12.69,18.06,7.51,4.29,17.69,40.092215238863254,40.35312929727827
2011-06-05,12.1,17.34,7.84,2.42,18.61,40.092215238863254,40.35312929727827
2011-06-06,11.92,17.73,5.5,1.22,20.52,40.092215238863254,40.35312929727827
2011-06-07,12.99,18.86,5.44,0.0,23.02,40.092215238863254,40.35312929727827
2011-06-08,13.73,19.51,7.75,0.0,25.98,40.092215238863254,40.35312929727827
2011-06-09,13.37,21.05,6.17,0.0,32.66,40.092215238863254,40.35312929727827
2011-06-10,13.49,19.67,6.87,0.23,24.07,40.092215238863254,40.35312929727827
2011-06-11,12.29,17.57,7.64,4.09,14.53,40.092215238863254,40.35312929727827
2011-06-12,10.58,15.19,6.38,4.51,15.33,40.092215238863254,40.35312929727827
2011-06-13,10.78,16.38,5.29,3.93,16.13,40.092215238863254,40.35312929727827
2011-06-14,11.28,15.03,7.27,9.27,11.25,40.092215238863254,40.35312929727827
2011-06-15,12.33,17.86,5.22,0.12,18.75,40.092215238863254,40.35312929727827
2011-06-16,14.91,21.04,7.74,0.03,26.3,40.092215238863254,40.35312929727827
2011-06-17,15.9,22.74,9.58,0.56,21.55,40.092215238863254,40.35312929727827
2011-06-18,16.09,23.07,8.1,0.67,20.44,40.092215238863254,40.35312929727827
2011-06-19,15.01,21.89,8.04,1.04,17.99,40.092215238863254,40.35312929727827
2011-06-20,13.08,18.62,6.82,1.46,20.07,40.092215238863254,40.35312929727827
2011-06-21,12.43,20.9,4.48,0.09,29.51,40.092215238863254,40.35312929727827
2011-06-22,11.68,19.5,4.77,0.11,23.2,40.092215238863254,40.35312929727827
2011-06-23,10.79,18.96,3.18,0.0,27.26,40.092215238863254,40.35312929727827
2011-06-24,11.27,19.98,1.6,0.0,29.9,40.092215238863254,40.35312929727827
2011-06-25,15.43,24.17,3.58,0.0,31.19,40.092215238863254,40.35312929727827
2011-06-26,17.71,24.41,9.8,0.31,24.08,40.092215238863254,40.35312929727827
2011-06-27,15.15,22.58,6.68,2.43,20.43,40.092215238863254,40.35312929727827
2011-06-28,16.04,22.64,9.56,1.51,21.68,40.092215238863254,40.35312929727827
2011-06-29,15.85,22.57,8.29,0.39,26.13,40.092215238863254,40.35312929727827
2011-06-30,14.84,22.33,6.88,0.42,19.71,40.092215238863254,40.35312929727827
2011-07-01,14.51,22.95,5.96,0.11,28.93,40.092215238863254,40.35312929727827
2011-07-02,15.67,23.84,7.89,1.48,25.38,40.092215238863254,40.35312929727827
2011-07-03,15.39,23.34,6.68,0.0,27.31,40.092215238863254,40.35312929727827
2011-07-04,17.1,24.94,8.43,0.16,27.84,40.092215238863254,40.35312929727827
2011-07-05,16.26,23.75,8.63,0.0,24.04,40.092215238863254,40.35312929727827
2011-07-06,18.39,26.31,8.82,0.0,28.73,40.092215238863254,40.35312929727827
2011-07-07,20.8,28.05,13.56,0.0,28.15,40.092215238863254,40.35312929727827
2011-07-08,19.41,28.05,10.24,0.0,22.43,40.092215238863254,40.35312929727827
2011-07-09,18.41,27.0,9.77,0.01,20.18,40.092215238863254,40.35312929727827
2011-07-10,17.29,24.53,10.92,0.25,15.79,40.092215238863254,40.35312929727827
2011-07-11,16.85,23.83,9.86,0.15,20.37,40.092215238863254,40.35312929727827
2011-07-12,16.84,22.57,11.7,0.44,18.23,40.092215238863254,40.35312929727827
2011-07-13,18.92,26.16,9.98,0.99,19.32,40.092215238863254,40.35312929727827
2011-07-14,20.02,27.58,11.59,0.0,26.35,40.092215238863254,40.35312929727827
2011-07-15,20.14,28.65,11.71,0.17,19.79,40.092215238863254,40.35312929727827
2011-07-16,17.36,25.02,11.33,3.18,13.94,40.092215238863254,40.35312929727827
2011-07-17,16.27,22.69,9.65,5.94,18.46,40.092215238863254,40.35312929727827
2011-07-18,18.21,25.19,10.14,1.04,22.36,40.092215238863254,40.35312929727827
2011-07-19,16.22,20.34,12.6,6.61,13.2,40.092215238863254,40.35312929727827
2011-07-20,15.98,20.52,11.79,3.11,17.29,40.092215238863254,40.35312929727827
2011-07-21,18.02,23.28,11.42,0.0,25.55,40.092215238863254,40.35312929727827
2011-07-22,19.04,25.17,13.13,0.01,24.64,40.092215238863254,40.35312929727827
2011-07-23,16.37,22.49,10.46,1.79,16.59,40.092215238863254,40.35312929727827
2011-07-24,17.09,24.16,8.27,0.79,23.98,40.092215238863254,40.35312929727827
2011-07-25,19.5,26.78,10.15,0.25,23.83,40.092215238863254,40.35312929727827
2011-07-26,21.55,28.27,14.06,0.02,29.02,40.092215238863254,40.35312929727827
2011-07-27,22.06,30.58,13.16,0.0,27.11,40.092215238863254,40.35312929727827
2011-07-28,22.52,31.46,14.38,0.0,23.49,40.092215238863254,40.35312929727827
2011-07-29,23.34,31.86,14.32,0.0,23.4,40.092215238863254,40.35312929727827
2011-07-30,24.26,32.08,16.85,0.02,22.5,40.092215238863254,40.35312929727827
2011-07-31,23.39,31.08,15.46,0.25,19.74,40.092215238863254,40.35312929727827
2011-08-01,22.2,30.99,12.42,0.02,25.69,40.092215238863254,40.35312929727827
2011-08-02,23.54,31.91,15.2,0.08,23.15,40.092215238863254,40.35312929727827
2011-08-03,21.91,30.86,14.07,0.43,18.12,40.092215238863254,40.35312929727827
2011-08-04,19.46,28.8,11.39,0.32,17.4,40.092215238863254,40.35312929727827
2011-08-05,18.1,27.03,11.55,1.31,17.45,40.092215238863254,40.35312929727827
2011-08-06,17.59,26.43,9.59,0.01,17.89,40.092215238863254,40.35312929727827
2011-08-07,17.94,26.65,10.14,0.07,17.94,40.092215238863254,40.35312929727827
2011-08-08,18.62,27.95,10.01,0.01,20.86,40.092215238863254,40.35312929727827
2011-08-09,19.15,28.43,10.74,0.29,21.62,40.092215238863254,40.35312929727827
2011-08-10,19.49,28.84,10.55,0.0,26.15,40.092215238863254,40.35312929727827
2011-08-11,21.22,29.75,11.61,0.83,24.21,40.092215238863254,40.35312929727827
2011-08-12,20.94,28.34,13.78,0.24,17.79,40.092215238863254,40.35312929727827
2011-08-13,19.1,26.48,11.79,0.47,14.71,40.092215238863254,40.35312929727827
2011-08-14,17.88,26.32,9.7,1.46,19.19,40.092215238863254,40.35312929727827
2011-08-15,18.47,26.75,10.26,0.57,22.29,40.092215238863254,40.35312929727827
2011-08-16,17.81,25.93,10.95,4.6,15.15,40.092215238863254,40.35312929727827
2011-08-17,17.16,25.74,9.63,0.12,18.53,40.092215238863254,40.35312929727827
2011-08-18,16.81,25.54,9.28,0.04,19.98,40.092215238863254,40.35312929727827
2011-08-19,15.57,24.27,7.38,0.79,21.76,40.092215238863254,40.35312929727827
2011-08-20,15.12,22.85,8.22,3.52,20.19,40.092215238863254,40.35312929727827
2011-08-21,15.91,24.2,8.68,0.06,18.56,40.092215238863254,40.35312929727827
2011-08-22,15.91,24.75,8.43,0.52,19.6,40.092215238863254,40.35312929727827
2011-08-23,15.32,24.39,7.79,0.24,18.81,40.092215238863254,40.35312929727827
2011-08-24,14.54,24.45,6.1,0.01,19.15,40.092215238863254,40.35312929727827
2011-08-25,15.18,25.42,6.47,0.0,19.59,40.092215238863254,40.35312929727827
2011-08-26,15.16,24.53,7.51,0.0,19.36,40.092215238863254,40.35312929727827
2011-08-27,14.73,24.67,5.87,0.0,21.54,40.092215238863254,40.35312929727827
2011-08-28,15.12,24.97,6.29,0.0,22.77,40.092215238863254,40.35312929727827
2011-08-29,16.32,27.17,5.58,0.0,26.12,40.092215238863254,40.35312929727827
2011-08-30,18.15,28.06,8.14,0.0,26.0,40.092215238863254,40.35312929727827
2011-08-31,18.33,26.44,11.13,0.04,20.08,40.092215238863254,40.35312929727827
2011-09-01,17.05,25.91,9.63,0.77,16.36,40.092215238863254,40.35312929727827
2011-09-02,15.77,24.21,9.18,1.56,12.85,40.092215238863254,40.35312929727827
2011-09-03,15.02,23.6,8.44,1.3,12.3,40.092215238863254,40.35312929727827
2011-09-04,12.07,17.15,7.18,2.02,11.8,40.092215238863254,40.35312929727827
2011-09-05,11.99,20.46,5.52,1.93,17.27,40.092215238863254,40.35312929727827
2011-09-06,10.92,20.97,3.14,0.02,21.38,40.092215238863254,40.35312929727827
2011-09-07,11.42,23.25,0.43,0.0,23.08,40.092215238863254,40.35312929727827
2011-09-08,14.82,25.0,5.62,0.0,22.91,40.092215238863254,40.35312929727827
2011-09-09,15.62,24.7,7.9,0.02,23.97,40.092215238863254,40.35312929727827
2011-09-10,12.4,20.21,6.2,2.03,14.12,40.092215238863254,40.35312929727827
2011-09-11,11.83,21.88,3.89,0.0,21.69,40.092215238863254,40.35312929727827
2011-09-12,11.19,21.6,3.33,0.0,20.01,40.092215238863254,40.35312929727827
2011-09-13,11.39,22.52,1.81,0.0,22.04,40.092215238863254,40.35312929727827
2011-09-14,13.79,24.6,3.75,0.0,22.1,40.092215238863254,40.35312929727827
2011-09-15,14.95,23.46,7.66,0.0,16.77,40.092215238863254,40.35312929727827
2011-09-16,13.71,23.06,6.15,0.02,17.48,40.092215238863254,40.35312929727827
2011-09-17,13.53,23.46,5.94,0.12,17.85,40.092215238863254,40.35312929727827
2011-09-18,13.67,24.03,4.98,0.0,18.75,40.092215238863254,40.35312929727827
2011-09-19,15.77,25.1,6.23,0.03,18.68,40.092215238863254,40.35312929727827
2011-09-20,14.31,20.67,8.56,1.33,10.76,40.092215238863254,40.35312929727827
2011-09-21,13.83,22.34,5.84,0.0,18.23,40.092215238863254,40.35312929727827
2011-09-22,15.18,23.31,8.17,0.0,19.73,40.092215238863254,40.35312929727827
2011-09-23,11.72,20.66,5.43,0.7,12.61,40.092215238863254,40.35312929727827
2011-09-24,11.65,17.94,6.66,5.45,9.42,40.092215238863254,40.35312929727827
2011-09-25,9.44,15.79,4.27,2.39,7.88,40.092215238863254,40.35312929727827
2011-09-26,9.73,18.2,3.34,0.32,13.83,40.092215238863254,40.35312929727827
2011-09-27,10.15,18.51,3.81,0.0,13.89,40.092215238863254,40.35312929727827
2011-09-28,10.36,19.0,2.59,0.0,17.83,40.092215238863254,40.35312929727827
2011-09-29,10.26,17.56,4.8,0.14,16.35,40.092215238863254,40.35312929727827
2011-09-30,7.91,14.93,2.65,1.37,14.25,40.092215238863254,40.35312929727827
2011-10-01,4.3,10.6,-1.75,1.18,10.93,40.092215238863254,40.35312929727827
2011-10-02,4.82,13.78,-2.06,0.0,18.76,40.092215238863254,40.35312929727827
2011-10-03,3.34,9.33,-2.64,4.0,8.62,40.092215238863254,40.35312929727827
2011-10-04,4.54,12.84,-3.44,0.03,18.27,40.092215238863254,40.35312929727827
2011-10-05,6.69,14.88,1.22,0.0,18.08,40.092215238863254,40.35312929727827
2011-10-06,8.66,17.89,0.94,0.01,18.55,40.092215238863254,40.35312929727827
2011-10-07,10.67,18.48,4.36,0.0,17.62,40.092215238863254,40.35312929727827
2011-10-08,10.82,17.64,4.94,0.0,14.83,40.092215238863254,40.35312929727827
2011-10-09,11.36,18.65,5.47,0.0,16.12,40.092215238863254,40.35312929727827
2011-10-10,12.46,20.1,5.78,0.0,9.62,40.092215238863254,40.35312929727827
2011-10-11,14.01,22.83,8.02,0.0,15.88,40.092215238863254,40.35312929727827
2011-10-12,13.78,21.52,7.5,3.18,11.73,40.092215238863254,40.35312929727827
2011-10-13,7.51,11.23,4.45,5.7,5.8,40.092215238863254,40.35312929727827
2011-10-14,7.26,13.28,1.41,0.93,9.41,40.092215238863254,40.35312929727827
2011-10-15,7.89,13.2,3.6,1.52,9.71,40.092215238863254,40.35312929727827
2011-10-16,9.51,15.32,4.77,0.76,9.92,40.092215238863254,40.35312929727827
2011-10-17,8.39,15.62,1.99,0.36,8.65,40.092215238863254,40.35312929727827
2011-10-18,7.37,13.42,1.68,0.43,9.56,40.092215238863254,40.35312929727827
2011-10-19,2.61,6.57,-4.48,12.83,5.38,40.092215238863254,40.35312929727827
2011-10-20,-2.24,4.6,-6.31,3.13,9.18,40.092215238863254,40.35312929727827
2011-10-21,2.01,12.31,-5.58,0.0,14.39,40.092215238863254,40.35312929727827
2011-10-22,5.86,13.94,-1.05,0.0,13.47,40.092215238863254,40.35312929727827
2011-10-23,6.21,14.05,0.4,0.0,10.01,40.092215238863254,40.35312929727827
2011-10-24,5.18,12.27,-0.38,0.01,12.11,40.092215238863254,40.35312929727827
2011-10-25,3.94,8.84,1.06,2.21,8.12,40.092215238863254,40.35312929727827
2011-10-26,2.06,7.59,-1.69,3.77,7.82,40.092215238863254,40.35312929727827
2011-10-27,1.1,5.99,-4.37,1.39,4.94,40.092215238863254,40.35312929727827
2011-10-28,-0.03,7.29,-4.54,0.04,10.48,40.092215238863254,40.35312929727827
2011-10-29,-0.38,6.54,-4.37,0.23,9.85,40.092215238863254,40.35312929727827
2011-10-30,-0.29,5.08,-4.03,0.22,8.05,40.092215238863254,40.35312929727827
2011-10-31,-0.64,4.79,-4.08,0.57,7.24,40.092215238863254,40.35312929727827
2011-11-01,0.78,7.54,-4.31,0.0,13.15,40.092215238863254,40.35312929727827
2011-11-02,1.41,7.54,-2.73,0.01,11.97,40.092215238863254,40.35312929727827
2011-11-03,0.1,4.25,-3.15,1.19,7.3,40.092215238863254,40.35312929727827
2011-11-04,0.01,4.67,-3.77,3.49,5.53,40.092215238863254,40.35312929727827
2011-11-05,-0.54,4.82,-3.91,3.85,4.58,40.092215238863254,40.35312929727827
2011-11-06,-1.83,4.11,-5.47,0.75,5.77,40.092215238863254,40.35312929727827
2011-11-07,-4.81,1.05,-9.44,0.13,10.14,40.092215238863254,40.35312929727827
2011-11-08,-5.25,1.55,-10.99,0.0,11.3,40.092215238863254,40.35312929727827
2011-11-09,-2.87,4.41,-7.83,0.02,10.75,40.092215238863254,40.35312929727827
2011-11-10,-2.37,1.02,-4.6,4.41,3.85,40.092215238863254,40.35312929727827
2011-11-11,-3.15,-0.08,-5.63,5.83,3.22,40.092215238863254,40.35312929727827
2011-11-12,-8.03,-5.23,-13.63,2.46,4.25,40.092215238863254,40.35312929727827
2011-11-13,-9.92,-3.35,-13.81,0.53,6.87,40.092215238863254,40.35312929727827
2011-11-14,-9.13,-0.27,-16.18,0.09,9.62,40.092215238863254,40.35312929727827
2011-11-15,-3.64,2.43,-10.72,1.26,6.21,40.092215238863254,40.35312929727827
2011-11-16,-2.13,2.02,-5.04,4.56,4.38,40.092215238863254,40.35312929727827
2011-11-17,-2.12,1.46,-4.17,2.48,7.22,40.092215238863254,40.35312929727827
2011-11-18,-2.93,2.32,-6.81,3.15,5.82,40.092215238863254,40.35312929727827
2011-11-19,-3.02,2.41,-7.47,1.26,8.34,40.092215238863254,40.35312929727827
2011-11-20,-3.24,3.74,-7.7,0.36,7.34,40.092215238863254,40.35312929727827
2011-11-21,-4.64,3.05,-10.5,0.09,7.57,40.092215238863254,40.35312929727827
2011-11-22,-3.6,2.97,-7.95,0.0,8.58,40.092215238863254,40.35312929727827
2011-11-23,-4.89,0.4,-7.95,1.22,5.64,40.092215238863254,40.35312929727827
2011-11-24,-8.8,-4.63,-15.05,1.2,6.35,40.092215238863254,40.35312929727827
2011-11-25,-11.74,-2.74,-17.69,0.0,8.68,40.092215238863254,40.35312929727827
2011-11-26,-9.2,-1.52,-15.39,0.1,9.07,40.092215238863254,40.35312929727827
2011-11-27,-7.74,-1.83,-11.26,0.23,7.47,40.092215238863254,40.35312929727827
2011-11-28,-6.32,-0.83,-10.65,0.08,7.43,40.092215238863254,40.35312929727827
2011-11-29,-7.75,-1.7,-12.64,0.65,5.77,40.092215238863254,40.35312929727827
2011-11-30,-9.33,-3.61,-13.48,0.52,5.11,40.092215238863254,40.35312929727827
2011-12-01,-8.88,-3.49,-12.74,0.65,7.22,40.092215238863254,40.35312929727827
2011-12-02,-8.77,-4.39,-12.42,0.19,5.67,40.092215238863254,40.35312929727827
2011-12-03,-7.37,-1.93,-10.98,0.13,7.53,40.092215238863254,40.35312929727827
2011-12-04,-4.37,2.41,-9.56,0.0,9.34,40.092215238863254,40.35312929727827
2011-12-05,-2.24,4.49,-5.63,0.0,9.11,40.092215238863254,40.35312929727827
2011-12-06,-2.71,3.94,-6.0,0.0,9.32,40.092215238863254,40.35312929727827
2011-12-07,-3.04,4.2,-6.92,0.0,8.53,40.092215238863254,40.35312929727827
2011-12-08,-3.91,1.56,-7.77,0.23,6.87,40.092215238863254,40.35312929727827
2011-12-09,-4.46,-1.13,-6.44,1.83,4.2,40.092215238863254,40.35312929727827
2011-12-10,-5.6,-1.23,-8.95,2.51,4.43,40.092215238863254,40.35312929727827
2011-12-11,-6.41,-0.36,-11.54,0.0,8.55,40.092215238863254,40.35312929727827
2011-12-12,-4.56,1.9,-8.53,0.0,5.88,40.092215238863254,40.35312929727827
2011-12-13,-3.86,2.91,-8.76,0.0,8.91,40.092215238863254,40.35312929727827
2011-12-14,-2.66,2.15,-6.21,0.0,6.2,40.092215238863254,40.35312929727827
2011-12-15,-2.8,1.82,-6.19,0.55,6.28,40.092215238863254,40.35312929727827
2011-12-16,-3.9,3.53,-8.07,0.0,7.77,40.092215238863254,40.35312929727827
2011-12-17,-4.34,0.95,-8.19,0.02,6.53,40.092215238863254,40.35312929727827
2011-12-18,-4.19,1.63,-8.34,0.0,6.48,40.092215238863254,40.35312929727827
2011-12-19,-0.74,6.79,-5.42,0.0,7.26,40.092215238863254,40.35312929727827
2011-12-20,-0.68,6.99,-4.85,0.0,7.91,40.092215238863254,40.35312929727827
2011-12-21,-0.47,4.52,-3.21,0.19,4.77,40.092215238863254,40.35312929727827
2011-12-22,-1.56,2.76,-3.96,0.83,5.47,40.092215238863254,40.35312929727827
2011-12-23,-2.67,1.56,-5.35,0.07,4.69,40.092215238863254,40.35312929727827
2011-12-24,-2.98,0.37,-4.73,1.36,2.26,40.092215238863254,40.35312929727827
2011-12-25,-3.26,0.5,-6.09,3.13,3.36,40.092215238863254,40.35312929727827
2011-12-26,-5.61,-0.29,-10.34,1.35,4.84,40.092215238863254,40.35312929727827
2011-12-27,-7.47,-0.89,-11.15,0.02,5.2,40.092215238863254,40.35312929727827
2011-12-28,-5.59,2.98,-10.74,0.0,8.46,40.092215238863254,40.35312929727827
2011-12-29,-4.27,4.65,-9.8,0.0,9.22,40.092215238863254,40.35312929727827
2011-12-30,-6.67,0.78,-11.06,0.0,8.89,40.092215238863254,40.35312929727827
2011-12-31,-6.35,-0.54,-9.65,0.33,6.38,40.092215238863254,40.35312929727827
2012-01-01,-5.62,0.57,-9.62,0.84,6.49,40.092215238863254,40.35312929727827
2012-01-02,-5.92,-2.02,-10.83,1.51,5.13,40.092215238863254,40.35312929727827
2012-01-03,-9.41,-2.77,-13.12,0.01,7.88,40.092215238863254,40.35312929727827
2012-01-04,-5.36,2.02,-12.44,0.0,9.14,40.092215238863254,40.35312929727827
2012-01-05,-4.23,3.21,-9.32,0.0,9.93,40.092215238863254,40.35312929727827
2012-01-06,-7.68,-2.95,-11.73,0.59,6.07,40.092215238863254,40.35312929727827
2012-01-07,-5.62,1.34,-9.45,0.2,8.26,40.092215238863254,40.35312929727827
2012-01-08,-5.01,-0.57,-8.09,0.6,3.28,40.092215238863254,40.35312929727827
2012-01-09,-4.31,-0.72,-7.96,2.82,3.57,40.092215238863254,40.35312929727827
2012-01-10,-4.91,-0.39,-7.82,0.81,4.37,40.092215238863254,40.35312929727827
2012-01-11,-4.99,-0.17,-9.09,0.21,5.98,40.092215238863254,40.35312929727827
2012-01-12,-4.92,-0.38,-8.61,1.58,6.56,40.092215238863254,40.35312929727827
2012-01-13,-5.28,-1.77,-7.38,0.45,8.26,40.092215238863254,40.35312929727827
2012-01-14,-6.93,-1.89,-10.15,0.33,8.93,40.092215238863254,40.35312929727827
2012-01-15,-4.47,-1.12,-8.57,4.65,5.1,40.092215238863254,40.35312929727827
2012-01-16,-3.66,-1.61,-5.59,10.35,3.57,40.092215238863254,40.35312929727827
2012-01-17,-5.93,-2.78,-8.94,8.77,3.14,40.092215238863254,40.35312929727827
2012-01-18,-12.49,-7.87,-19.21,1.63,9.44,40.092215238863254,40.35312929727827
2012-01-19,-16.02,-11.64,-20.49,1.24,7.52,40.092215238863254,40.35312929727827
2012-01-20,-17.64,-11.19,-21.92,0.52,9.94,40.092215238863254,40.35312929727827
2012-01-21,-16.12,-7.74,-24.23,0.38,8.46,40.092215238863254,40.35312929727827
2012-01-22,-11.25,-4.59,-16.18,0.76,7.7,40.092215238863254,40.35312929727827
2012-01-23,-10.63,-5.84,-14.62,1.43,4.61,40.092215238863254,40.35312929727827
2012-01-24,-14.02,-7.55,-18.0,0.21,8.18,40.092215238863254,40.35312929727827
2012-01-25,-11.22,-5.41,-17.24,0.38,7.06,40.092215238863254,40.35312929727827
2012-01-26,-8.15,-3.59,-11.19,0.82,7.86,40.092215238863254,40.35312929727827
2012-01-27,-6.02,-1.45,-9.4,2.81,2.77,40.092215238863254,40.35312929727827
2012-01-28,-11.62,-6.44,-20.02,1.87,10.16,40.092215238863254,40.35312929727827
2012-01-29,-16.99,-7.84,-23.5,0.2,10.81,40.092215238863254,40.35312929727827
2012-01-30,-12.14,-4.52,-21.08,3.01,5.88,40.092215238863254,40.35312929727827
2012-01-31,-8.26,-2.99,-14.34,4.24,5.91,40.092215238863254,40.35312929727827
2012-02-01,-10.67,-7.0,-16.08,4.89,4.91,40.092215238863254,40.35312929727827
2012-02-02,-17.19,-10.66,-23.74,0.5,13.08,40.092215238863254,40.35312929727827
2012-02-03,-12.05,-4.65,-18.31,0.0,11.9,40.092215238863254,40.35312929727827
2012-02-04,-10.22,-1.17,-15.72,0.0,13.81,40.092215238863254,40.35312929727827
2012-02-05,-8.86,-1.02,-15.0,0.0,13.93,40.092215238863254,40.35312929727827
2012-02-06,-9.71,-2.2,-16.44,0.0,14.06,40.092215238863254,40.35312929727827
2012-02-07,-10.23,-4.69,-17.48,3.83,7.86,40.092215238863254,40.35312929727827
2012-02-08,-6.6,-2.59,-9.33,3.5,6.71,40.092215238863254,40.35312929727827
2012-02-09,-8.31,-3.57,-13.71,5.08,9.26,40.092215238863254,40.35312929727827
2012-02-10,-11.58,-7.91,-21.89,5.63,8.29,40.092215238863254,40.35312929727827
2012-02-11,-17.18,-8.3,-24.76,0.64,13.61,40.092215238863254,40.35312929727827
2012-02-12,-11.62,-3.43,-18.42,0.0,14.19,40.092215238863254,40.35312929727827
2012-02-13,-9.61,-1.76,-14.94,0.0,13.56,40.092215238863254,40.35312929727827
2012-02-14,-10.07,-1.46,-15.62,0.0,9.88,40.092215238863254,40.35312929727827
2012-02-15,-8.91,-1.56,-15.67,0.82,7.81,40.092215238863254,40.35312929727827
2012-02-16,-7.52,-3.47,-14.31,5.16,13.26,40.092215238863254,40.35312929727827
2012-02-17,-8.97,-3.67,-18.12,6.02,6.04,40.092215238863254,40.35312929727827
2012-02-18,-9.34,-5.08,-15.88,3.37,8.93,40.092215238863254,40.35312929727827
2012-02-19,-15.41,-9.36,-20.29,0.65,14.75,40.092215238863254,40.35312929727827
2012-02-20,-14.56,-7.13,-19.94,0.17,14.76,40.092215238863254,40.35312929727827
2012-02-21,-13.09,-3.5,-21.85,0.0,17.17,40.092215238863254,40.35312929727827
2012-02-22,-12.2,-5.21,-17.33,0.0,16.52,40.092215238863254,40.35312929727827
2012-02-23,-12.57,-5.65,-17.58,0.0,15.69,40.092215238863254,40.35312929727827
2012-02-24,-11.07,-3.85,-17.05,0.0,17.11,40.092215238863254,40.35312929727827
2012-02-25,-10.53,-5.54,-14.94,0.16,14.78,40.092215238863254,40.35312929727827
2012-02-26,-10.32,-4.17,-14.82,0.62,15.63,40.092215238863254,40.35312929727827
2012-02-27,-6.71,-1.7,-13.1,1.91,8.2,40.092215238863254,40.35312929727827
2012-02-28,-3.91,-0.33,-7.12,1.84,10.98,40.092215238863254,40.35312929727827
2012-02-29,-4.83,-0.52,-10.0,3.11,7.57,40.092215238863254,40.35312929727827
2012-03-01,-8.75,-5.47,-15.06,1.93,14.15,40.092215238863254,40.35312929727827
2012-03-02,-12.78,-7.95,-18.35,1.79,13.6,40.092215238863254,40.35312929727827
2012-03-03,-12.23,-5.63,-19.62,2.64,7.24,40.092215238863254,40.35312929727827
2012-03-04,-12.61,-9.77,-18.84,2.48,10.62,40.092215238863254,40.35312929727827
2012-03-05,-14.55,-8.67,-20.29,0.81,18.05,40.092215238863254,40.35312929727827
2012-03-06,-13.23,-6.15,-22.37,1.28,12.1,40.092215238863254,40.35312929727827
2012-03-07,-9.74,-3.03,-15.74,1.02,15.73,40.092215238863254,40.35312929727827
2012-03-08,-9.96,-3.74,-14.61,0.25,19.33,40.092215238863254,40.35312929727827
2012-03-09,-10.09,-3.63,-17.64,2.08,13.19,40.092215238863254,40.35312929727827
2012-03-10,-14.42,-7.31,-19.38,0.62,18.56,40.092215238863254,40.35312929727827
2012-03-11,-14.38,-5.37,-21.44,0.01,20.93,40.092215238863254,40.35312929727827
2012-03-12,-8.22,-2.97,-15.85,4.33,8.45,40.092215238863254,40.35312929727827
2012-03-13,-6.35,-0.84,-11.84,0.16,16.93,40.092215238863254,40.35312929727827
2012-03-14,-4.04,-0.22,-9.1,2.78,9.61,40.092215238863254,40.35312929727827
2012-03-15,-7.99,-5.18,-12.32,0.87,10.56,40.092215238863254,40.35312929727827
2012-03-16,-12.9,-9.38,-20.68,0.97,12.27,40.092215238863254,40.35312929727827
2012-03-17,-16.58,-9.78,-22.32,0.3,19.96,40.092215238863254,40.35312929727827
2012-03-18,-11.65,-2.44,-22.9,0.0,22.24,40.092215238863254,40.35312929727827
2012-03-19,-5.62,-0.2,-11.88,0.0,22.47,40.092215238863254,40.35312929727827
2012-03-20,-5.0,0.1,-10.94,0.0,22.8,40.092215238863254,40.35312929727827
2012-03-21,-5.89,-0.14,-11.33,0.05,17.93,40.092215238863254,40.35312929727827
2012-03-22,-7.29,-1.04,-13.11,0.4,18.97,40.092215238863254,40.35312929727827
2012-03-23,-6.84,-1.25,-12.42,0.11,20.03,40.092215238863254,40.35312929727827
2012-03-24,-4.54,2.38,-11.64,0.0,23.28,40.092215238863254,40.35312929727827
2012-03-25,-2.09,4.52,-7.23,0.0,20.71,40.092215238863254,40.35312929727827
2012-03-26,-1.3,3.36,-6.43,0.31,17.77,40.092215238863254,40.35312929727827
2012-03-27,-4.13,0.34,-10.61,0.99,14.68,40.092215238863254,40.35312929727827
2012-03-28,-5.41,1.87,-12.39,0.12,24.08,40.092215238863254,40.35312929727827
2012-03-29,-2.22,1.75,-5.18,1.4,21.1,40.092215238863254,40.35312929727827
2012-03-30,-1.96,2.54,-5.87,1.29,22.31,40.092215238863254,40.35312929727827
2012-03-31,-2.43,0.37,-5.19,3.22,12.51,40.092215238863254,40.35312929727827
2012-04-01,-0.4,4.53,-5.87,1.35,15.09,40.092215238863254,40.35312929727827
2012-04-02,0.82,5.55,-2.47,2.74,11.76,40.092215238863254,40.35312929727827
2012-04-03,2.28,9.36,-2.3,0.66,22.17,40.092215238863254,40.35312929727827
2012-04-04,4.4,12.08,-2.36,0.0,22.58,40.092215238863254,40.35312929727827
2012-04-05,6.27,14.58,-0.43,0.0,23.57,40.092215238863254,40.35312929727827
2012-04-06,6.61,15.09,0.2,0.0,23.14,40.092215238863254,40.35312929727827
2012-04-07,5.97,12.97,-0.15,1.08,18.47,40.092215238863254,40.35312929727827
2012-04-08,5.57,11.97,0.38,4.88,17.41,40.092215238863254,40.35312929727827
2012-04-09,5.72,9.92,1.45,1.76,14.38,40.092215238863254,40.35312929727827
2012-04-10,6.8,13.8,0.9,1.59,15.9,40.092215238863254,40.35312929727827
2012-04-11,5.86,12.28,-0.92,8.83,10.75,40.092215238863254,40.35312929727827
2012-04-12,5.0,11.03,0.37,3.53,13.75,40.092215238863254,40.35312929727827
2012-04-13,5.45,12.27,-0.19,0.0,19.36,40.092215238863254,40.35312929727827
2012-04-14,8.15,16.48,-0.17,0.0,25.61,40.092215238863254,40.35312929727827
2012-04-15,7.29,13.98,1.08,0.01,18.47,40.092215238863254,40.35312929727827
2012-04-16,4.99,10.85,-0.91,3.33,16.63,40.092215238863254,40.35312929727827
2012-04-17,4.15,9.99,-1.14,4.29,13.03,40.092215238863254,40.35312929727827
2012-04-18,7.1,17.74,-1.96,0.08,22.92,40.092215238863254,40.35312929727827
2012-04-19,4.88,9.59,0.59,4.64,13.01,40.092215238863254,40.35312929727827
2012-04-20,4.85,10.26,-0.52,0.67,15.43,40.092215238863254,40.35312929727827
2012-04-21,6.69,14.16,0.39,0.05,18.81,40.092215238863254,40.35312929727827
2012-04-22,6.34,12.31,0.52,2.1,17.4,40.092215238863254,40.35312929727827
2012-04-23,6.2,14.04,-0.27,0.0,22.58,40.092215238863254,40.35312929727827
2012-04-24,8.07,16.76,-1.02,0.05,22.1,40.092215238863254,40.35312929727827
2012-04-25,8.71,15.25,2.47,1.02,23.36,40.092215238863254,40.35312929727827
2012-04-26,9.99,16.42,3.02,0.12,22.46,40.092215238863254,40.35312929727827
2012-04-27,8.0,13.69,3.42,0.18,20.6,40.092215238863254,40.35312929727827
2012-04-28,8.27,14.59,1.81,0.03,20.66,40.092215238863254,40.35312929727827
2012-04-29,8.64,14.42,2.56,0.22,22.88,40.092215238863254,40.35312929727827
2012-04-30,9.24,17.6,1.78,0.0,27.41,40.092215238863254,40.35312929727827
2012-05-01,10.04,19.56,0.51,0.0,27.38,40.092215238863254,40.35312929727827
2012-05-02,12.38,20.89,2.54,0.0,27.68,40.092215238863254,40.35312929727827
2012-05-03,11.08,17.19,5.51,4.21,10.55,40.092215238863254,40.35312929727827
2012-05-04,8.72,13.51,5.34,3.86,14.35,40.092215238863254,40.35312929727827
2012-05-05,8.21,12.7,5.49,6.37,13.43,40.092215238863254,40.35312929727827
2012-05-06,8.48,14.06,3.46,2.75,11.79,40.092215238863254,40.35312929727827
2012-05-07,8.12,13.73,2.87,3.49,11.49,40.092215238863254,40.35312929727827
2012-05-08,9.6,15.82,3.2,0.88,18.8,40.092215238863254,40.35312929727827
2012-05-09,10.89,16.47,3.84,1.26,20.11,40.092215238863254,40.35312929727827
2012-05-10,13.27,20.12,4.77,0.01,22.22,40.092215238863254,40.35312929727827
2012-05-11,13.01,18.9,7.49,4.36,16.12,40.092215238863254,40.35312929727827
2012-05-12,11.68,19.26,4.38,0.3,19.45,40.092215238863254,40.35312929727827
2012-05-13,10.67,16.34,5.24,1.8,16.01,40.092215238863254,40.35312929727827
2012-05-14,8.86,13.24,2.93,0.91,15.56,40.092215238863254,40.35312929727827
2012-05-15,9.48,13.68,4.5,2.62,15.97,40.092215238863254,40.35312929727827
2012-05-16,10.57,17.19,3.93,0.61,23.54,40.092215238863254,40.35312929727827
2012-05-17,9.54,13.78,4.95,4.48,15.29,40.092215238863254,40.35312929727827
2012-05-18,10.79,18.35,2.36,0.0,27.51,40.092215238863254,40.35312929727827
2012-05-19,11.19,17.42,4.95,1.2,20.45,40.092215238863254,40.35312929727827
2012-05-20,10.69,16.47,5.5,2.84,12.83,40.092215238863254,40.35312929727827
2012-05-21,11.84,18.83,4.8,0.51,18.03,40.092215238863254,40.35312929727827
2012-05-22,8.36,13.02,2.92,0.66,14.38,40.092215238863254,40.35312929727827
2012-05-23,10.25,18.16,3.69,1.4,22.78,40.092215238863254,40.35312929727827
2012-05-24,9.8,15.45,4.87,0.53,21.33,40.092215238863254,40.35312929727827
2012-05-25,7.95,14.78,2.6,18.87,12.68,40.092215238863254,40.35312929727827
2012-05-26,7.66,11.99,2.26,2.48,18.14,40.092215238863254,40.35312929727827
2012-05-27,10.11,16.05,4.48,1.4,15.35,40.092215238863254,40.35312929727827
2012-05-28,11.09,16.93,5.06,1.73,22.75,40.092215238863254,40.35312929727827
2012-05-29,11.03,17.17,4.21,1.42,21.77,40.092215238863254,40.35312929727827
2012-05-30,12.2,17.77,4.41,3.62,15.16,40.092215238863254,40.35312929727827
2012-05-31,13.21,20.14,6.54,1.49,18.91,40.092215238863254,40.35312929727827
2012-06-01,11.6,18.69,4.97,2.38,18.47,40.092215238863254,40.35312929727827
2012-06-02,10.68,18.37,3.92,0.01,28.52,40.092215238863254,40.35312929727827
2012-06-03,13.0,21.59,3.5,0.0,31.2,40.092215238863254,40.35312929727827
2012-06-04,15.73,24.27,6.4,0.17,29.2,40.092215238863254,40.35312929727827
2012-06-05,15.64,22.08,8.38,0.0,29.46,40.092215238863254,40.35312929727827
2012-06-06,16.74,23.18,10.31,0.02,31.21,40.092215238863254,40.35312929727827
2012-06-07,15.94,22.62,8.43,1.09,20.12,40.092215238863254,40.35312929727827
2012-06-08,11.22,18.1,4.88,8.65,11.35,40.092215238863254,40.35312929727827
2012-06-09,12.48,20.4,3.84,0.0,23.34,40.092215238863254,40.35312929727827
2012-06-10,15.41,24.25,5.22,0.0,29.52,40.092215238863254,40.35312929727827
2012-06-11,17.35,25.03,7.53,0.0,28.71,40.092215238863254,40.35312929727827
2012-06-12,17.72,25.15,9.93,0.0,28.77,40.092215238863254,40.35312929727827
2012-06-13,17.31,24.35,9.63,0.0,29.08,40.092215238863254,40.35312929727827
2012-06-14,19.16,26.63,10.06,0.0,28.16,40.092215238863254,40.35312929727827
2012-06-15,20.53,27.68,13.86,0.34,20.55,40.092215238863254,40.35312929727827
2012-06-16,17.68,25.19,9.75,0.54,26.01,40.092215238863254,40.35312929727827
2012-06-17,13.61,22.13,5.09,0.05,23.36,40.092215238863254,40.35312929727827
2012-06-18,10.65,18.13,2.51,0.39,17.25,40.092215238863254,40.35312929727827
2012-06-19,14.05,23.41,3.63,0.0,30.14,40.092215238863254,40.35312929727827
2012-06-20,15.9,24.74,6.6,0.0,28.71,40.092215238863254,40.35312929727827
2012-06-21,16.19,23.45,7.93,0.0,18.36,40.092215238863254,40.35312929727827
2012-06-22,17.53,25.21,8.36,0.0,25.51,40.092215238863254,40.35312929727827
2012-06-23,18.66,25.76,11.91,0.3,22.04,40.092215238863254,40.35312929727827
2012-06-24,17.18,23.63,10.65,0.07,21.32,40.092215238863254,40.35312929727827
2012-06-25,14.89,19.52,9.85,3.14,16.76,40.092215238863254,40.35312929727827
2012-06-26,15.93,21.64,9.23,0.37,22.4,40.092215238863254,40.35312929727827
2012-06-27,15.58,21.03,10.38,0.4,19.61,40.092215238863254,40.35312929727827
2012-06-28,12.49,17.93,5.91,4.79,9.62,40.092215238863254,40.35312929727827
2012-06-29,11.25,19.06,4.0,0.86,21.69,40.092215238863254,40.35312929727827
2012-06-30,10.57,18.92,2.57,1.28,25.62,40.092215238863254,40.35312929727827
2012-07-01,8.92,15.73,2.73,1.55,19.36,40.092215238863254,40.35312929727827
2012-07-02,10.55,20.95,0.3,1.71,17.54,40.092215238863254,40.35312929727827
2012-07-03,11.84,18.8,3.96,2.83,18.6,40.092215238863254,40.35312929727827
2012-07-04,12.43,19.72,6.4,8.56,15.46,40.092215238863254,40.35312929727827
2012-07-05,13.44,21.25,5.78,0.02,19.26,40.092215238863254,40.35312929727827
2012-07-06,14.88,23.39,7.48,0.01,24.22,40.092215238863254,40.35312929727827
2012-07-07,15.73,24.76,6.22,0.0,27.19,40.092215238863254,40.35312929727827
2012-07-08,15.8,22.79,8.65,0.7,19.87,40.092215238863254,40.35312929727827
2012-07-09,15.66,22.72,8.86,1.49,17.1,40.092215238863254,40.35312929727827
2012-07-10,14.82,20.41,8.96,2.87,20.4,40.092215238863254,40.35312929727827
2012-07-11,15.68,24.75,6.92,0.3,28.51,40.092215238863254,40.35312929727827
2012-07-12,17.75,27.0,7.5,0.04,27.29,40.092215238863254,40.35312929727827
2012-07-13,19.78,28.72,10.38,0.0,26.77,40.092215238863254,40.35312929727827
2012-07-14,19.76,28.69,11.14,0.19,20.94,40.092215238863254,40.35312929727827
2012-07-15,17.28,25.51,10.15,0.35,24.86,40.092215238863254,40.35312929727827
2012-07-16,18.45,27.78,8.8,0.0,29.41,40.092215238863254,40.35312929727827
2012-07-17,19.39,28.92,10.97,0.01,26.44,40.092215238863254,40.35312929727827
2012-07-18,19.83,29.66,9.56,0.08,24.9,40.092215238863254,40.35312929727827
2012-07-19,18.94,27.93,11.35,0.01,24.96,40.092215238863254,40.35312929727827
2012-07-20,19.05,28.48,9.58,0.0,28.73,40.092215238863254,40.35312929727827
2012-07-21,20.79,29.37,11.25,0.0,27.0,40.092215238863254,40.35312929727827
2012-07-22,22.12,30.49,13.01,0.3,24.87,40.092215238863254,40.35312929727827
2012-07-23,23.53,32.45,13.7,0.0,27.69,40.092215238863254,40.35312929727827
2012-07-24,24.14,33.26,14.85,0.0,24.14,40.092215238863254,40.35312929727827
2012-07-25,23.88,32.38,15.83,0.0,24.8,40.092215238863254,40.35312929727827
2012-07-26,23.26,31.89,14.27,0.0,24.12,40.092215238863254,40.35312929727827
2012-07-27,23.49,31.7,15.68,0.0,24.11,40.092215238863254,40.35312929727827
2012-07-28,23.09,31.67,14.66,0.35,22.26,40.092215238863254,40.35312929727827
2012-07-29,19.78,28.94,12.92,0.5,17.57,40.092215238863254,40.35312929727827
2012-07-30,18.64,27.03,11.71,0.24,20.67,40.092215238863254,40.35312929727827
2012-07-31,19.83,27.61,12.77,0.57,19.63,40.092215238863254,40.35312929727827
2012-08-01,19.62,26.61,13.45,10.37,17.39,40.092215238863254,40.35312929727827
2012-08-02,20.85,28.24,12.49,1.37,22.47,40.092215238863254,40.35312929727827
2012-08-03,21.18,29.54,13.53,0.0,25.32,40.092215238863254,40.35312929727827
2012-08-04,20.66,30.72,10.84,0.0,21.72,40.092215238863254,40.35312929727827
2012-08-05,20.96,30.88,12.41,0.14,16.05,40.092215238863254,40.35312929727827
2012-08-06,19.56,28.5,12.25,1.06,16.52,40.092215238863254,40.35312929727827
2012-08-07,19.99,28.98,11.76,0.63,16.71,40.092215238863254,40.35312929727827
2012-08-08,20.13,27.89,12.35,0.63,18.53,40.092215238863254,40.35312929727827
2012-08-09,19.17,26.42,12.9,1.52,16.67,40.092215238863254,40.35312929727827
2012-08-10,18.05,25.0,11.77,0.97,18.13,40.092215238863254,40.35312929727827
2012-08-11,19.98,29.18,11.2,0.01,19.57,40.092215238863254,40.35312929727827
2012-08-12,21.81,30.9,12.17,0.0,23.29,40.092215238863254,40.35312929727827
2012-08-13,21.42,29.34,14.6,0.11,16.95,40.092215238863254,40.35312929727827
2012-08-14,20.53,30.13,12.05,0.13,20.5,40.092215238863254,40.35312929727827
2012-08-15,20.1,30.21,12.21,0.64,18.6,40.092215238863254,40.35312929727827
2012-08-16,19.51,29.98,10.83,0.29,16.67,40.092215238863254,40.35312929727827
2012-08-17,17.3,26.44,9.57,0.05,15.25,40.092215238863254,40.35312929727827
2012-08-18,18.03,28.01,8.75,0.0,16.4,40.092215238863254,40.35312929727827
2012-08-19,18.31,28.21,10.51,0.13,14.89,40.092215238863254,40.35312929727827
2012-08-20,14.51,23.85,8.35,1.35,13.27,40.092215238863254,40.35312929727827
2012-08-21,14.71,23.21,7.43,0.0,21.32,40.092215238863254,40.35312929727827
2012-08-22,14.68,24.55,6.0,0.01,25.63,40.092215238863254,40.35312929727827
2012-08-23,14.99,25.77,5.73,0.02,24.07,40.092215238863254,40.35312929727827
2012-08-24,17.54,29.04,6.15,0.0,23.58,40.092215238863254,40.35312929727827
2012-08-25,19.35,29.9,8.91,0.0,23.66,40.092215238863254,40.35312929727827
2012-08-26,21.46,31.2,10.66,0.0,23.64,40.092215238863254,40.35312929727827
2012-08-27,22.53,30.96,16.18,0.0,22.35,40.092215238863254,40.35312929727827
2012-08-28,20.75,28.64,12.69,0.02,21.47,40.092215238863254,40.35312929727827
2012-08-29,16.36,24.82,9.62,1.33,14.78,40.092215238863254,40.35312929727827
2012-08-30,16.68,26.74,7.53,0.75,16.54,40.092215238863254,40.35312929727827
2012-08-31,15.75,23.51,9.52,1.77,12.54,40.092215238863254,40.35312929727827
2012-09-01,13.4,19.91,8.3,3.09,8.3,40.092215238863254,40.35312929727827
2012-09-02,14.36,21.34,9.28,0.84,12.22,40.092215238863254,40.35312929727827
2012-09-03,15.0,23.22,7.95,0.01,16.94,40.092215238863254,40.35312929727827
2012-09-04,16.25,26.1,7.55,0.0,21.07,40.092215238863254,40.35312929727827
2012-09-05,16.28,26.7,7.53,0.0,21.88,40.092215238863254,40.35312929727827
2012-09-06,17.05,27.86,4.88,0.0,23.47,40.092215238863254,40.35312929727827
2012-09-07,17.48,26.26,9.54,0.0,22.64,40.092215238863254,40.35312929727827
2012-09-08,14.19,24.16,6.08,0.18,15.42,40.092215238863254,40.35312929727827
2012-09-09,13.12,21.6,6.45,2.75,14.78,40.092215238863254,40.35312929727827
2012-09-10,11.96,20.43,5.77,1.76,12.88,40.092215238863254,40.35312929727827
2012-09-11,12.92,22.64,4.32,0.19,16.24,40.092215238863254,40.35312929727827
2012-09-12,14.54,22.18,6.85,0.0,19.97,40.092215238863254,40.35312929727827
2012-09-13,16.23,23.59,9.43,0.0,19.28,40.092215238863254,40.35312929727827
2012-09-14,15.73,23.81,8.89,0.01,19.59,40.092215238863254,40.35312929727827
2012-09-15,14.29,23.93,6.46,0.0,22.34,40.092215238863254,40.35312929727827
2012-09-16,15.77,25.74,6.05,0.0,22.67,40.092215238863254,40.35312929727827
2012-09-17,17.18,26.64,8.3,0.0,22.08,40.092215238863254,40.35312929727827
2012-09-18,17.58,26.3,10.63,0.0,20.78,40.092215238863254,40.35312929727827
2012-09-19,17.14,25.66,9.91,0.0,20.47,40.092215238863254,40.35312929727827
2012-09-20,15.58,23.81,9.42,0.0,18.08,40.092215238863254,40.35312929727827
2012-09-21,15.02,23.38,8.39,0.14,17.06,40.092215238863254,40.35312929727827
2012-09-22,14.83,22.26,8.2,1.75,11.39,40.092215238863254,40.35312929727827
2012-09-23,11.42,18.46,3.37,0.52,13.4,40.092215238863254,40.35312929727827
2012-09-24,11.12,22.44,1.64,0.04,21.13,40.092215238863254,40.35312929727827
2012-09-25,15.22,24.32,6.35,0.0,21.24,40.092215238863254,40.35312929727827
2012-09-26,14.98,23.73,8.81,0.0,20.79,40.092215238863254,40.35312929727827
2012-09-27,13.94,23.67,6.87,0.0,20.74,40.092215238863254,40.35312929727827
2012-09-28,14.51,23.84,6.0,0.0,20.63,40.092215238863254,40.35312929727827
2012-09-29,16.34,24.3,9.53,0.0,19.69,40.092215238863254,40.35312929727827
2012-09-30,16.5,24.62,11.21,0.0,19.31,40.092215238863254,40.35312929727827
2012-10-01,15.67,23.82,10.5,0.0,19.16,40.092215238863254,40.35312929727827
2012-10-02,17.03,24.6,9.7,0.0,17.8,40.092215238863254,40.35312929727827
2012-10-03,15.22,19.62,11.39,0.9,13.74,40.092215238863254,40.35312929727827
2012-10-04,13.28,17.42,8.56,8.54,9.57,40.092215238863254,40.35312929727827
2012-10-05,11.03,16.55,6.53,0.36,10.7,40.092215238863254,40.35312929727827
2012-10-06,10.9,18.54,5.25,0.02,13.82,40.092215238863254,40.35312929727827
2012-10-07,10.35,17.36,4.93,0.11,12.45,40.092215238863254,40.35312929727827
2012-10-08,10.33,14.97,7.02,4.51,8.43,40.092215238863254,40.35312929727827
2012-10-09,9.05,14.02,5.9,3.65,8.19,40.092215238863254,40.35312929727827
2012-10-10,8.78,14.24,5.27,6.11,12.25,40.092215238863254,40.35312929727827
2012-10-11,9.25,14.44,5.67,2.9,7.43,40.092215238863254,40.35312929727827
2012-10-12,6.58,11.6,1.96,3.41,6.59,40.092215238863254,40.35312929727827
2012-10-13,8.28,16.1,1.29,0.0,15.23,40.092215238863254,40.35312929727827
2012-10-14,10.82,17.33,6.08,0.0,16.93,40.092215238863254,40.35312929727827
2012-10-15,11.71,19.37,5.92,0.0,17.02,40.092215238863254,40.35312929727827
2012-10-16,11.44,20.01,5.71,0.0,16.87,40.092215238863254,40.35312929727827
2012-10-17,10.58,19.55,5.06,0.0,16.63,40.092215238863254,40.35312929727827
2012-10-18,8.85,17.11,3.24,0.0,14.61,40.092215238863254,40.35312929727827
2012-10-19,8.5,16.62,0.68,0.0,13.0,40.092215238863254,40.35312929727827
2012-10-20,9.39,16.6,3.61,0.01,11.94,40.092215238863254,40.35312929727827
2012-10-21,7.56,14.19,2.49,0.0,12.56,40.092215238863254,40.35312929727827
2012-10-22,8.14,14.64,1.23,0.02,13.46,40.092215238863254,40.35312929727827
2012-10-23,7.46,12.54,2.82,4.36,6.36,40.092215238863254,40.35312929727827
2012-10-24,6.72,11.58,3.78,2.44,7.35,40.092215238863254,40.35312929727827
2012-10-25,5.64,9.3,2.86,3.07,8.98,40.092215238863254,40.35312929727827
2012-10-26,5.18,9.48,2.44,7.36,4.3,40.092215238863254,40.35312929727827
2012-10-27,5.9,11.7,2.03,0.53,9.71,40.092215238863254,40.35312929727827
2012-10-28,6.44,13.57,0.72,0.0,13.95,40.092215238863254,40.35312929727827
2012-10-29,8.75,16.55,2.67,0.0,13.63,40.092215238863254,40.35312929727827
2012-10-30,7.84,15.34,2.39,0.0,9.94,40.092215238863254,40.35312929727827
2012-10-31,7.86,14.39,1.86,1.26,10.6,40.092215238863254,40.35312929727827
2012-11-01,5.97,8.64,2.74,0.32,4.57,40.092215238863254,40.35312929727827
2012-11-02,7.14,13.85,1.83,0.0,10.99,40.092215238863254,40.35312929727827
2012-11-03,8.32,13.59,4.52,0.1,9.79,40.092215238863254,40.35312929727827
2012-11-04,7.04,12.06,4.03,5.0,9.47,40.092215238863254,40.35312929727827
2012-11-05,5.87,11.71,1.66,0.0,11.48,40.092215238863254,40.35312929727827
2012-11-06,6.67,14.2,1.2,0.0,12.48,40.092215238863254,40.35312929727827
2012-11-07,7.48,14.48,2.02,0.0,11.38,40.092215238863254,40.35312929727827
2012-11-08,5.49,9.28,3.03,3.11,6.02,40.092215238863254,40.35312929727827
2012-11-09,7.08,12.03,4.17,2.34,3.45,40.092215238863254,40.35312929727827
2012-11-10,6.08,10.12,3.48,13.29,5.3,40.092215238863254,40.35312929727827
2012-11-11,5.26,9.83,2.35,11.34,3.44,40.092215238863254,40.35312929727827
2012-11-12,3.87,10.26,0.19,9.36,4.4,40.092215238863254,40.35312929727827
2012-11-13,2.97,9.54,-1.02,0.57,5.82,40.092215238863254,40.35312929727827
2012-11-14,2.42,8.23,-0.57,2.8,6.56,40.092215238863254,40.35312929727827
2012-11-15,3.0,10.3,-2.62,0.17,8.44,40.092215238863254,40.35312929727827
2012-11-16,3.96,10.73,-0.65,0.0,11.13,40.092215238863254,40.35312929727827
2012-11-17,3.42,10.75,-0.77,0.0,10.87,40.092215238863254,40.35312929727827
2012-11-18,2.82,9.75,-1.77,0.0,10.76,40.092215238863254,40.35312929727827
2012-11-19,2.54,9.93,-2.02,0.0,9.32,40.092215238863254,40.35312929727827
2012-11-20,1.85,9.07,-2.56,0.0,9.56,40.092215238863254,40.35312929727827
2012-11-21,2.27,8.64,-2.24,0.0,9.28,40.092215238863254,40.35312929727827
2012-11-22,1.91,6.34,-0.83,0.52,6.66,40.092215238863254,40.35312929727827
2012-11-23,1.78,6.21,-1.73,0.27,7.34,40.092215238863254,40.35312929727827
2012-11-24,1.69,6.12,-1.33,0.71,7.02,40.092215238863254,40.35312929727827
2012-11-25,0.78,4.75,-2.33,3.48,4.83,40.092215238863254,40.35312929727827
2012-11-26,-0.28,4.96,-4.01,0.44,6.49,40.092215238863254,40.35312929727827
2012-11-27,-0.57,5.18,-4.41,0.17,8.29,40.092215238863254,40.35312929727827
2012-11-28,0.13,7.43,-3.65,0.0,9.98,40.092215238863254,40.35312929727827
2012-11-29,-0.02,7.18,-3.8,0.0,8.44,40.092215238863254,40.35312929727827
2012-11-30,0.57,6.85,-2.27,0.0,7.84,40.092215238863254,40.35312929727827
2012-12-01,2.9,9.42,-1.58,0.01,9.28,40.092215238863254,40.35312929727827
2012-12-02,4.72,10.6,1.11,0.0,8.53,40.092215238863254,40.35312929727827
2012-12-03,2.15,7.46,-0.81,0.34,6.9,40.092215238863254,40.35312929727827
2012-12-04,-0.02,3.57,-1.98,4.29,3.37,40.092215238863254,40.35312929727827
2012-12-05,-3.25,-0.81,-7.44,5.29,1.91,40.092215238863254,40.35312929727827
2012-12-06,-4.95,-0.26,-8.5,1.34,5.74,40.092215238863254,40.35312929727827
2012-12-07,-3.76,1.43,-7.28,4.74,2.67,40.092215238863254,40.35312929727827
2012-12-08,-4.1,0.08,-8.72,4.64,2.86,40.092215238863254,40.35312929727827
2012-12-09,-7.83,-0.92,-11.74,0.04,6.0,40.092215238863254,40.35312929727827
2012-12-10,-6.11,0.51,-11.92,0.17,6.95,40.092215238863254,40.35312929727827
2012-12-11,-4.01,-0.98,-6.24,3.14,4.42,40.092215238863254,40.35312929727827
2012-12-12,-5.07,0.62,-8.43,0.31,6.89,40.092215238863254,40.35312929727827
2012-12-13,-3.75,0.31,-7.24,1.53,4.84,40.092215238863254,40.35312929727827
2012-12-14,-8.05,-3.22,-13.96,2.71,5.69,40.092215238863254,40.35312929727827
2012-12-15,-11.27,-4.48,-15.79,0.2,4.96,40.092215238863254,40.35312929727827
2012-12-16,-10.68,-5.89,-15.5,0.25,6.23,40.092215238863254,40.35312929727827
2012-12-17,-9.9,-5.02,-14.29,3.38,4.14,40.092215238863254,40.35312929727827
2012-12-18,-6.83,-4.0,-9.95,7.01,3.1,40.092215238863254,40.35312929727827
2012-12-19,-3.16,-0.41,-5.4,3.39,3.66,40.092215238863254,40.35312929727827
2012-12-20,-3.23,0.41,-7.24,5.64,1.63,40.092215238863254,40.35312929727827
2012-12-21,-4.64,-0.84,-7.65,3.2,3.24,40.092215238863254,40.35312929727827
2012-12-22,-6.71,-1.33,-10.1,1.7,3.64,40.092215238863254,40.35312929727827
2012-12-23,-4.93,-0.3,-9.47,3.01,4.22,40.092215238863254,40.35312929727827
2012-12-24,-4.38,-1.34,-9.67,6.75,2.17,40.092215238863254,40.35312929727827
2012-12-25,-10.21,-3.37,-17.06,0.0,4.26,40.092215238863254,40.35312929727827
2012-12-26,-11.01,-2.39,-17.35,0.0,5.82,40.092215238863254,40.35312929727827
2012-12-27,-6.11,0.27,-9.96,0.0,8.91,40.092215238863254,40.35312929727827
2012-12-28,-4.89,0.29,-9.29,0.0,6.68,40.092215238863254,40.35312929727827
2012-12-29,-5.34,-1.8,-9.54,0.03,6.62,40.092215238863254,40.35312929727827
2012-12-30,-10.22,-4.34,-17.25,2.21,3.68,40.092215238863254,40.35312929727827
2012-12-31,-13.15,-5.73,-18.67,0.0,9.88,40.092215238863254,40.35312929727827
2013-01-01,-10.33,-4.14,-13.46,0.0,9.69,40.092215238863254,40.35312929727827
2013-01-02,-9.81,-3.36,-13.82,0.0,9.71,40.092215238863254,40.35312929727827
2013-01-03,-9.84,-3.12,-13.3,0.0,9.6,40.092215238863254,40.35312929727827
2013-01-04,-10.94,-3.49,-14.88,0.0,9.42,40.092215238863254,40.35312929727827
2013-01-05,-9.89,-5.12,-14.6,4.01,5.4,40.092215238863254,40.35312929727827
2013-01-06,-6.91,-2.49,-10.29,9.03,3.44,40.092215238863254,40.35312929727827
2013-01-07,-4.42,-1.17,-8.28,15.53,3.38,40.092215238863254,40.35312929727827
2013-01-08,-10.48,-4.67,-14.73,4.63,5.96,40.092215238863254,40.35312929727827
2013-01-09,-14.11,-9.12,-18.82,3.81,6.03,40.092215238863254,40.35312929727827
2013-01-10,-14.93,-9.0,-18.99,1.38,8.07,40.092215238863254,40.35312929727827
2013-01-11,-16.49,-8.85,-20.84,0.1,9.97,40.092215238863254,40.35312929727827
2013-01-12,-14.8,-7.45,-19.86,0.05,9.13,40.092215238863254,40.35312929727827
2013-01-13,-11.05,-5.97,-15.19,1.04,4.39,40.092215238863254,40.35312929727827
2013-01-14,-11.93,-5.7,-15.74,2.02,6.36,40.092215238863254,40.35312929727827
2013-01-15,-13.78,-6.68,-18.82,0.0,10.05,40.092215238863254,40.35312929727827
2013-01-16,-10.72,-2.55,-16.28,0.0,9.7,40.092215238863254,40.35312929727827
2013-01-17,-11.15,-4.72,-16.65,0.0,8.68,40.092215238863254,40.35312929727827
2013-01-18,-10.67,-3.65,-15.72,0.0,7.37,40.092215238863254,40.35312929727827
2013-01-19,-10.49,-3.8,-16.84,0.01,7.1,40.092215238863254,40.35312929727827
2013-01-20,-8.46,-3.44,-13.11,0.41,9.07,40.092215238863254,40.35312929727827
2013-01-21,-8.07,-1.2,-13.3,0.01,5.86,40.092215238863254,40.35312929727827
2013-01-22,-5.11,-0.46,-9.03,1.05,8.1,40.092215238863254,40.35312929727827
2013-01-23,-4.96,-0.36,-8.99,0.52,6.89,40.092215238863254,40.35312929727827
2013-01-24,-5.63,-0.84,-9.31,0.79,8.93,40.092215238863254,40.35312929727827
2013-01-25,-4.27,-0.05,-9.02,1.35,4.16,40.092215238863254,40.35312929727827
2013-01-26,-4.08,-0.12,-8.7,0.45,8.22,40.092215238863254,40.35312929727827
2013-01-27,-2.52,0.44,-6.33,6.82,4.32,40.092215238863254,40.35312929727827
2013-01-28,-3.92,0.04,-7.48,0.04,7.88,40.092215238863254,40.35312929727827
2013-01-29,-5.84,-0.2,-9.77,0.93,9.25,40.092215238863254,40.35312929727827
2013-01-30,-7.72,-1.47,-13.54,0.27,6.92,40.092215238863254,40.35312929727827
2013-01-31,-6.74,-2.09,-12.05,2.85,4.43,40.092215238863254,40.35312929727827
2013-02-01,-5.93,-2.98,-8.39,2.64,6.49,40.092215238863254,40.35312929727827
2013-02-02,-10.02,-6.11,-14.24,0.3,11.49,40.092215238863254,40.35312929727827
2013-02-03,-8.98,-1.48,-15.43,0.0,11.84,40.092215238863254,40.35312929727827
2013-02-04,-5.71,-0.19,-10.7,0.0,12.98,40.092215238863254,40.35312929727827
2013-02-05,-5.11,0.16,-11.5,0.0,12.24,40.092215238863254,40.35312929727827
2013-02-06,-4.99,0.28,-11.51,1.14,9.68,40.092215238863254,40.35312929727827
2013-02-07,-5.11,-0.87,-9.34,3.47,9.39,40.092215238863254,40.35312929727827
2013-02-08,-6.52,-0.27,-10.96,0.0,13.9,40.092215238863254,40.35312929727827
2013-02-09,-5.13,0.13,-10.38,0.0,9.99,40.092215238863254,40.35312929727827
2013-02-10,-4.49,0.28,-8.35,0.02,9.15,40.092215238863254,40.35312929727827
2013-02-11,-4.13,0.41,-7.95,2.88,8.83,40.092215238863254,40.35312929727827
2013-02-12,-4.76,-0.32,-10.28,0.86,7.48,40.092215238863254,40.35312929727827
2013-02-13,-6.74,0.32,-13.45,0.01,13.71,40.092215238863254,40.35312929727827
2013-02-14,-4.83,1.56,-11.01,0.0,11.14,40.092215238863254,40.35312929727827
2013-02-15,-3.85,1.46,-9.7,2.87,7.95,40.092215238863254,40.35312929727827
2013-02-16,-3.49,-0.79,-6.18,2.04,10.34,40.092215238863254,40.35312929727827
2013-02-17,-6.03,-1.88,-10.17,0.71,8.56,40.092215238863254,40.35312929727827
2013-02-18,-6.57,-1.85,-11.12,3.31,9.58,40.092215238863254,40.35312929727827
2013-02-19,-7.69,-2.98,-12.59,0.68,7.31,40.092215238863254,40.35312929727827
2013-02-20,-7.73,-2.16,-14.16,1.84,10.21,40.092215238863254,40.35312929727827
2013-02-21,-5.32,-0.78,-9.75,3.79,8.83,40.092215238863254,40.35312929727827
2013-02-22,-6.58,-2.03,-11.49,0.45,8.82,40.092215238863254,40.35312929727827
2013-02-23,-2.86,0.67,-5.28,1.97,7.67,40.092215238863254,40.35312929727827
2013-02-24,-2.98,0.67,-6.16,1.05,7.72,40.092215238863254,40.35312929727827
2013-02-25,-2.81,1.91,-6.04,0.0,11.18,40.092215238863254,40.35312929727827
2013-02-26,-2.96,2.64,-7.07,0.0,14.09,40.092215238863254,40.35312929727827
2013-02-27,-1.89,2.2,-6.38,5.51,12.0,40.092215238863254,40.35312929727827
2013-02-28,-1.09,1.36,-3.5,11.34,6.36,40.092215238863254,40.35312929727827
2013-03-01,-5.23,-2.17,-8.13,4.16,8.27,40.092215238863254,40.35312929727827
2013-03-02,-6.57,-0.53,-11.06,0.31,8.93,40.092215238863254,40.35312929727827
2013-03-03,-4.05,-0.44,-10.39,0.67,7.3,40.092215238863254,40.35312929727827
2013-03-04,-1.56,1.55,-6.51,2.31,7.96,40.092215238863254,40.35312929727827
2013-03-05,-9.73,-5.83,-17.6,2.35,10.5,40.092215238863254,40.35312929727827
2013-03-06,-14.35,-6.8,-19.95,0.51,18.68,40.092215238863254,40.35312929727827
2013-03-07,-11.09,-0.82,-20.22,0.0,20.28,40.092215238863254,40.35312929727827
2013-03-08,-7.01,0.81,-14.99,0.0,19.03,40.092215238863254,40.35312929727827
2013-03-09,-3.81,0.36,-7.06,0.0,16.2,40.092215238863254,40.35312929727827
2013-03-10,-2.51,2.61,-6.6,0.0,18.12,40.092215238863254,40.35312929727827
2013-03-11,-1.23,3.92,-5.28,0.17,17.56,40.092215238863254,40.35312929727827
2013-03-12,2.44,5.91,-0.75,1.47,12.22,40.092215238863254,40.35312929727827
2013-03-13,3.05,6.02,1.23,3.6,8.12,40.092215238863254,40.35312929727827
2013-03-14,3.88,10.16,-0.55,1.67,17.84,40.092215238863254,40.35312929727827
2013-03-15,5.12,11.86,-0.53,0.0,8.7,40.092215238863254,40.35312929727827
2013-03-16,5.58,9.57,1.86,5.39,8.69,40.092215238863254,40.35312929727827
2013-03-17,0.81,5.65,-7.56,7.01,11.36,40.092215238863254,40.35312929727827
2013-03-18,-6.62,-2.44,-9.22,2.3,10.91,40.092215238863254,40.35312929727827
2013-03-19,-2.6,4.75,-8.3,0.0,19.51,40.092215238863254,40.35312929727827
2013-03-20,0.85,6.37,-3.43,0.0,18.19,40.092215238863254,40.35312929727827
2013-03-21,2.48,9.7,-2.6,0.0,20.72,40.092215238863254,40.35312929727827
2013-03-22,2.62,9.78,-2.64,0.0,15.73,40.092215238863254,40.35312929727827
2013-03-23,-0.28,3.62,-6.33,6.24,11.41,40.092215238863254,40.35312929727827
2013-03-24,-4.62,-0.59,-7.46,1.43,10.41,40.092215238863254,40.35312929727827
2013-03-25,-1.14,6.09,-7.35,0.0,17.22,40.092215238863254,40.35312929727827
2013-03-26,1.17,8.7,-3.51,0.0,10.91,40.092215238863254,40.35312929727827
2013-03-27,2.13,7.32,-2.41,0.42,15.4,40.092215238863254,40.35312929727827
2013-03-28,1.72,6.45,-2.33,0.73,16.23,40.092215238863254,40.35312929727827
2013-03-29,1.78,6.97,-1.97,2.21,17.13,40.092215238863254,40.35312929727827
2013-03-30,3.17,10.5,-3.17,0.0,19.41,40.092215238863254,40.35312929727827
2013-03-31,5.99,12.82,-0.14,0.0,23.1,40.092215238863254,40.35312929727827
2013-04-01,6.5,13.86,0.57,0.0,19.31,40.092215238863254,40.35312929727827
2013-04-02,6.35,12.58,1.41,2.17,16.36,40.092215238863254,40.35312929727827
2013-04-03,7.76,15.46,1.51,0.36,20.65,40.092215238863254,40.35312929727827
2013-04-04,7.31,15.68,-0.95,0.24,18.51,40.092215238863254,40.35312929727827
2013-04-05,6.23,12.33,0.01,0.01,14.15,40.092215238863254,40.35312929727827
2013-04-06,8.98,17.5,1.5,0.0,22.62,40.092215238863254,40.35312929727827
2013-04-07,10.73,17.87,4.96,0.01,18.27,40.092215238863254,40.35312929727827
2013-04-08,9.86,17.55,2.47,0.0,20.04,40.092215238863254,40.35312929727827
2013-04-09,6.37,10.97,1.75,0.62,11.93,40.092215238863254,40.35312929727827
2013-04-10,3.87,8.09,0.69,5.76,12.59,40.092215238863254,40.35312929727827
2013-04-11,3.86,8.99,0.31,3.27,11.02,40.092215238863254,40.35312929727827
2013-04-12,2.2,6.52,-1.23,4.66,5.55,40.092215238863254,40.35312929727827
2013-04-13,4.13,11.21,-2.26,0.0,21.7,40.092215238863254,40.35312929727827
2013-04-14,6.59,13.12,1.77,0.02,22.75,40.092215238863254,40.35312929727827
2013-04-15,5.89,12.04,-0.83,0.95,20.09,40.092215238863254,40.35312929727827
2013-04-16,4.35,7.88,0.5,8.83,4.8,40.092215238863254,40.35312929727827
2013-04-17,2.93,8.18,-0.69,1.83,9.18,40.092215238863254,40.35312929727827
2013-04-18,3.05,7.97,-2.51,2.55,10.35,40.092215238863254,40.35312929727827
2013-04-19,2.87,6.19,-0.75,0.59,16.9,40.092215238863254,40.35312929727827
2013-04-20,2.27,6.03,-0.96,2.58,11.01,40.092215238863254,40.35312929727827
2013-04-21,2.33,6.85,-2.22,1.86,12.2,40.092215238863254,40.35312929727827
2013-04-22,1.18,6.66,-3.88,0.93,13.23,40.092215238863254,40.35312929727827
2013-04-23,-0.43,5.95,-5.85,1.54,15.44,40.092215238863254,40.35312929727827
2013-04-24,-1.24,6.02,-6.45,0.0,23.29,40.092215238863254,40.35312929727827
2013-04-25,2.11,10.1,-6.45,0.0,16.49,40.092215238863254,40.35312929727827
2013-04-26,4.56,11.8,-2.21,0.0,16.23,40.092215238863254,40.35312929727827
2013-04-27,8.14,16.5,-2.03,0.0,25.7,40.092215238863254,40.35312929727827
2013-04-28,12.42,19.17,4.93,0.0,28.1,40.092215238863254,40.35312929727827
2013-04-29,12.32,20.12,4.29,0.0,27.56,40.092215238863254,40.35312929727827
2013-04-30,10.77,19.78,1.85,0.0,25.47,40.092215238863254,40.35312929727827
2013-05-01,11.68,18.72,3.67,0.0,23.79,40.092215238863254,40.35312929727827
2013-05-02,11.59,19.79,3.82,0.0,25.54,40.092215238863254,40.35312929727827
2013-05-03,12.12,20.03,3.11,0.0,25.19,40.092215238863254,40.35312929727827
2013-05-04,12.22,19.85,4.15,0.0,22.85,40.092215238863254,40.35312929727827
2013-05-05,11.99,17.06,7.27,0.47,17.69,40.092215238863254,40.35312929727827
2013-05-06,11.31,16.88,5.89,0.09,18.17,40.092215238863254,40.35312929727827
2013-05-07,10.12,16.17,3.62,0.82,17.78,40.092215238863254,40.35312929727827
2013-05-08,10.29,14.72,5.0,0.3,14.92,40.092215238863254,40.35312929727827
2013-05-09,11.99,19.15,4.87,0.97,25.63,40.092215238863254,40.35312929727827
2013-05-10,9.94,14.12,6.14,2.01,11.95,40.092215238863254,40.35312929727827
2013-05-11,7.83,13.18,4.19,3.59,14.09,40.092215238863254,40.35312929727827
2013-05-12,7.43,11.25,4.49,2.9,16.2,40.092215238863254,40.35312929727827
2013-05-13,8.19,13.94,3.67,0.78,16.23,40.092215238863254,40.35312929727827
2013-05-14,7.69,13.41,3.08,1.16,20.94,40.092215238863254,40.35312929727827
2013-05-15,6.88,11.91,1.15,1.23,20.43,40.092215238863254,40.35312929727827
2013-05-16,8.69,14.45,3.52,0.76,15.29,40.092215238863254,40.35312929727827
2013-05-17,9.55,16.64,3.35,0.13,24.83,40.092215238863254,40.35312929727827
2013-05-18,9.45,14.62,5.03,1.32,18.05,40.092215238863254,40.35312929727827
2013-05-19,8.46,13.63,4.21,1.81,14.71,40.092215238863254,40.35312929727827
2013-05-20,9.27,15.32,3.81,2.45,17.11,40.092215238863254,40.35312929727827
2013-05-21,11.0,17.06,4.84,0.77,22.82,40.092215238863254,40.35312929727827
2013-05-22,11.89,18.6,4.49,0.01,26.38,40.092215238863254,40.35312929727827
2013-05-23,14.44,20.87,7.56,0.0,30.41,40.092215238863254,40.35312929727827
2013-05-24,15.24,21.47,8.13,0.79,18.67,40.092215238863254,40.35312929727827
2013-05-25,12.77,17.64,9.2,4.79,13.97,40.092215238863254,40.35312929727827
2013-05-26,11.42,17.86,4.52,0.61,25.72,40.092215238863254,40.35312929727827
2013-05-27,10.11,18.82,0.88,0.0,31.31,40.092215238863254,40.35312929727827
2013-05-28,9.77,16.67,2.9,0.62,24.62,40.092215238863254,40.35312929727827
2013-05-29,11.0,18.76,2.5,0.01,29.73,40.092215238863254,40.35312929727827
2013-05-30,13.34,20.0,6.7,0.0,18.32,40.092215238863254,40.35312929727827
2013-05-31,13.6,18.36,8.18,0.67,22.06,40.092215238863254,40.35312929727827
2013-06-01,13.38,19.57,7.41,2.06,15.38,40.092215238863254,40.35312929727827
2013-06-02,12.59,20.13,5.46,0.09,29.02,40.092215238863254,40.35312929727827
2013-06-03,13.41,20.55,6.11,0.75,21.28,40.092215238863254,40.35312929727827
2013-06-04,12.16,19.72,4.8,0.16,25.21,40.092215238863254,40.35312929727827
2013-06-05,14.1,20.99,6.37,0.5,25.78,40.092215238863254,40.35312929727827
2013-06-06,12.46,20.0,6.33,3.74,17.54,40.092215238863254,40.35312929727827
2013-06-07,9.1,14.52,4.09,0.87,17.91,40.092215238863254,40.35312929727827
2013-06-08,11.36,17.55,3.81,0.2,27.3,40.092215238863254,40.35312929727827
2013-06-09,12.59,17.66,6.78,7.15,22.18,40.092215238863254,40.35312929727827
2013-06-10,9.05,14.23,2.71,3.46,11.99,40.092215238863254,40.35312929727827
2013-06-11,11.86,18.76,4.65,0.31,19.65,40.092215238863254,40.35312929727827
2013-06-12,15.47,21.92,7.76,0.5,28.87,40.092215238863254,40.35312929727827
2013-06-13,17.16,24.1,9.56,0.09,28.64,40.092215238863254,40.35312929727827
2013-06-14,17.59,25.12,9.22,0.02,26.17,40.092215238863254,40.35312929727827
2013-06-15,18.17,26.76,8.28,0.01,24.97,40.092215238863254,40.35312929727827
2013-06-16,16.11,25.13,7.26,1.25,21.03,40.092215238863254,40.35312929727827
2013-06-17,15.06,22.48,7.69,0.45,16.44,40.092215238863254,40.35312929727827
2013-06-18,12.4,19.32,7.18,3.92,13.8,40.092215238863254,40.35312929727827
2013-06-19,11.63,17.63,5.63,1.06,12.14,40.092215238863254,40.35312929727827
2013-06-20,10.97,18.56,3.93,1.59,18.28,40.092215238863254,40.35312929727827
2013-06-21,9.44,17.25,1.43,0.34,29.22,40.092215238863254,40.35312929727827
2013-06-22,11.83,22.81,0.12,0.11,29.33,40.092215238863254,40.35312929727827
2013-06-23,14.74,24.67,3.47,0.0,32.05,40.092215238863254,40.35312929727827
2013-06-24,17.11,25.59,8.24,0.0,30.11,40.092215238863254,40.35312929727827
2013-06-25,15.85,24.14,8.1,0.0,29.4,40.092215238863254,40.35312929727827
2013-06-26,16.24,25.75,5.9,0.0,29.77,40.092215238863254,40.35312929727827
2013-06-27,18.12,27.41,8.18,0.0,30.1,40.092215238863254,40.35312929727827
2013-06-28,18.71,27.46,9.44,0.0,30.39,40.092215238863254,40.35312929727827
2013-06-29,19.54,27.96,10.99,0.0,27.88,40.092215238863254,40.35312929727827
2013-06-30,20.26,28.98,9.84,0.0,32.09,40.092215238863254,40.35312929727827
2013-07-01,20.2,28.7,11.63,1.09,22.55,40.092215238863254,40.35312929727827
2013-07-02,14.84,21.81,7.81,2.47,18.73,40.092215238863254,40.35312929727827
2013-07-03,14.37,22.46,6.23,0.14,20.38,40.092215238863254,40.35312929727827
2013-07-04,16.54,24.81,7.61,0.07,21.01,40.092215238863254,40.35312929727827
2013-07-05,17.82,26.89,8.38,0.02,22.67,40.092215238863254,40.35312929727827
2013-07-06,19.19,28.63,9.63,0.0,23.59,40.092215238863254,40.35312929727827
2013-07-07,19.71,29.07,9.67,0.0,24.36,40.092215238863254,40.35312929727827
2013-07-08,19.59,28.62,10.8,0.0,23.34,40.092215238863254,40.35312929727827
2013-07-09,19.2,27.96,10.42,0.09,25.47,40.092215238863254,40.35312929727827
2013-07-10,19.66,28.62,11.2,0.37,22.5,40.092215238863254,40.35312929727827
2013-07-11,19.04,28.51,11.98,0.99,16.8,40.092215238863254,40.35312929727827
2013-07-12,18.04,27.13,9.99,0.01,22.8,40.092215238863254,40.35312929727827
2013-07-13,18.91,27.95,9.54,0.11,24.24,40.092215238863254,40.35312929727827
2013-07-14,19.59,28.61,11.78,2.43,18.85,40.092215238863254,40.35312929727827
2013-07-15,20.19,29.62,10.92,0.01,23.07,40.092215238863254,40.35312929727827
2013-07-16,20.6,30.37,11.34,0.0,19.75,40.092215238863254,40.35312929727827
2013-07-17,20.42,30.31,10.91,0.07,19.56,40.092215238863254,40.35312929727827
2013-07-18,19.23,28.63,11.14,1.16,18.46,40.092215238863254,40.35312929727827
2013-07-19,14.64,20.66,8.66,2.31,13.93,40.092215238863254,40.35312929727827
2013-07-20,16.58,26.6,6.28,0.0,24.17,40.092215238863254,40.35312929727827
2013-07-21,18.64,28.39,9.35,0.57,19.12,40.092215238863254,40.35312929727827
2013-07-22,16.17,23.3,10.63,2.36,14.55,40.092215238863254,40.35312929727827
2013-07-23,16.99,27.02,9.15,0.2,17.19,40.092215238863254,40.35312929727827
2013-07-24,17.66,28.05,8.27,0.15,19.5,40.092215238863254,40.35312929727827
2013-07-25,16.09,24.9,8.86,1.31,20.0,40.092215238863254,40.35312929727827
2013-07-26,13.71,22.91,4.84,0.0,27.61,40.092215238863254,40.35312929727827
2013-07-27,14.62,24.3,6.03,0.74,21.03,40.092215238863254,40.35312929727827
2013-07-28,12.18,18.38,7.08,1.78,11.64,40.092215238863254,40.35312929727827
2013-07-29,11.55,19.99,4.96,0.68,22.32,40.092215238863254,40.35312929727827
2013-07-30,10.67,19.83,2.58,0.11,23.82,40.092215238863254,40.35312929727827
2013-07-31,13.82,25.2,2.66,0.0,29.73,40.092215238863254,40.35312929727827
2013-08-01,15.72,26.95,4.81,0.0,28.3,40.092215238863254,40.35312929727827
2013-08-02,16.71,26.89,7.36,0.01,23.95,40.092215238863254,40.35312929727827
2013-08-03,16.73,26.84,8.55,0.25,21.85,40.092215238863254,40.35312929727827
2013-08-04,13.15,22.77,6.03,0.65,22.17,40.092215238863254,40.35312929727827
2013-08-05,12.66,20.09,6.6,0.23,20.54,40.092215238863254,40.35312929727827
2013-08-06,14.82,25.68,4.14,0.0,26.0,40.092215238863254,40.35312929727827
2013-08-07,16.76,27.53,6.63,0.0,21.73,40.092215238863254,40.35312929727827
2013-08-08,14.98,23.79,7.38,0.02,22.79,40.092215238863254,40.35312929727827
2013-08-09,14.94,24.72,5.9,0.04,25.18,40.092215238863254,40.35312929727827
2013-08-10,16.91,26.75,7.34,0.0,25.23,40.092215238863254,40.35312929727827
2013-08-11,19.47,28.76,8.94,0.0,27.18,40.092215238863254,40.35312929727827
2013-08-12,21.19,29.68,13.22,0.06,16.06,40.092215238863254,40.35312929727827
2013-08-13,19.12,28.43,10.84,0.06,19.06,40.092215238863254,40.35312929727827
2013-08-14,19.74,28.93,11.1,0.0,20.65,40.092215238863254,40.35312929727827
2013-08-15,21.08,30.75,11.47,0.02,19.42,40.092215238863254,40.35312929727827
2013-08-16,20.73,30.12,11.64,0.05,18.77,40.092215238863254,40.35312929727827
2013-08-17,20.17,29.83,10.89,0.02,19.17,40.092215238863254,40.35312929727827
2013-08-18,17.87,27.03,11.23,0.39,14.85,40.092215238863254,40.35312929727827
2013-08-19,15.75,23.67,9.34,1.32,16.0,40.092215238863254,40.35312929727827
2013-08-20,16.62,24.56,9.12,0.4,19.86,40.092215238863254,40.35312929727827
2013-08-21,16.36,24.39,8.89,0.13,18.14,40.092215238863254,40.35312929727827
2013-08-22,18.5,27.32,8.95,0.0,23.83,40.092215238863254,40.35312929727827
2013-08-23,20.47,28.82,12.1,0.07,21.91,40.092215238863254,40.35312929727827
2013-08-24,19.82,28.28,12.67,1.47,17.35,40.092215238863254,40.35312929727827
2013-08-25,16.82,23.87,10.42,0.38,18.02,40.092215238863254,40.35312929727827
2013-08-26,18.31,27.6,9.13,0.0,23.21,40.092215238863254,40.35312929727827
2013-08-27,18.53,28.15,9.96,0.0,18.99,40.092215238863254,40.35312929727827
2013-08-28,19.46,29.17,10.04,0.0,23.92,40.092215238863254,40.35312929727827
2013-08-29,21.43,30.11,11.99,0.0,21.87,40.092215238863254,40.35312929727827
2013-08-30,21.96,29.55,13.97,0.1,22.49,40.092215238863254,40.35312929727827
2013-08-31,20.67,28.53,13.46,2.03,17.41,40.092215238863254,40.35312929727827
2013-09-01,17.37,26.29,9.67,3.49,14.58,40.092215238863254,40.35312929727827
2013-09-02,16.92,26.98,7.34,0.2,19.32,40.092215238863254,40.35312929727827
2013-09-03,17.06,25.7,9.9,0.52,17.17,40.092215238863254,40.35312929727827
2013-09-04,14.63,23.4,7.38,2.46,18.38,40.092215238863254,40.35312929727827
2013-09-05,8.48,15.74,3.01,1.5,19.58,40.092215238863254,40.35312929727827
2013-09-06,10.97,21.79,1.3,0.0,21.63,40.092215238863254,40.35312929727827
2013-09-07,12.59,22.33,4.78,0.01,22.9,40.092215238863254,40.35312929727827
2013-09-08,12.77,22.79,4.48,0.11,20.4,40.092215238863254,40.35312929727827
2013-09-09,10.82,19.51,4.53,0.47,13.14,40.092215238863254,40.35312929727827
2013-09-10,11.23,20.71,2.7,0.24,21.57,40.092215238863254,40.35312929727827
2013-09-11,12.71,21.14,6.52,0.0,22.22,40.092215238863254,40.35312929727827
2013-09-12,13.31,23.76,4.29,0.0,23.54,40.092215238863254,40.35312929727827
2013-09-13,15.64,24.24,8.06,0.0,23.54,40.092215238863254,40.35312929727827
2013-09-14,18.14,26.77,11.4,0.0,22.38,40.092215238863254,40.35312929727827
2013-09-15,16.95,25.45,8.91,0.91,16.9,40.092215238863254,40.35312929727827
2013-09-16,13.42,21.96,6.19,0.82,17.26,40.092215238863254,40.35312929727827
2013-09-17,14.55,22.98,7.27,0.49,17.69,40.092215238863254,40.35312929727827
2013-09-18,12.11,18.05,7.3,4.64,14.14,40.092215238863254,40.35312929727827
2013-09-19,12.71,17.44,8.88,1.42,12.78,40.092215238863254,40.35312929727827
2013-09-20,14.24,21.16,7.37,0.94,17.23,40.092215238863254,40.35312929727827
2013-09-21,13.74,19.12,8.3,4.4,9.11,40.092215238863254,40.35312929727827
2013-09-22,9.31,12.51,4.64,6.57,5.57,40.092215238863254,40.35312929727827
2013-09-23,7.4,13.57,3.08,1.3,8.51,40.092215238863254,40.35312929727827
2013-09-24,7.35,15.22,1.26,0.1,17.36,40.092215238863254,40.35312929727827
2013-09-25,7.21,14.42,2.25,4.75,13.37,40.092215238863254,40.35312929727827
2013-09-26,8.81,16.26,2.0,2.42,19.52,40.092215238863254,40.35312929727827
2013-09-27,12.46,19.66,5.61,0.0,20.61,40.092215238863254,40.35312929727827
2013-09-28,11.06,18.86,5.47,1.96,12.46,40.092215238863254,40.35312929727827
2013-09-29,9.17,16.75,3.34,0.57,16.64,40.092215238863254,40.35312929727827
2013-09-30,10.56,18.33,4.38,0.06,16.08,40.092215238863254,40.35312929727827
2013-10-01,12.44,21.59,6.01,0.0,18.55,40.092215238863254,40.35312929727827
2013-10-02,10.71,16.39,4.72,0.0,6.67,40.092215238863254,40.35312929727827
2013-10-03,10.23,16.53,4.04,6.75,7.25,40.092215238863254,40.35312929727827
2013-10-04,2.12,7.69,-2.42,5.94,6.96,40.092215238863254,40.35312929727827
2013-10-05,0.85,7.45,-4.09,0.77,9.5,40.092215238863254,40.35312929727827
2013-10-06,-0.76,2.85,-4.05,1.09,7.22,40.092215238863254,40.35312929727827
2013-10-07,-0.7,5.56,-5.45,1.11,9.24,40.092215238863254,40.35312929727827
2013-10-08,0.51,8.75,-5.26,0.1,14.65,40.092215238863254,40.35312929727827
2013-10-09,4.21,15.19,-4.3,0.0,16.3,40.092215238863254,40.35312929727827
2013-10-10,8.0,19.57,-1.45,0.0,16.87,40.092215238863254,40.35312929727827
2013-10-11,9.39,20.21,1.4,0.0,16.74,40.092215238863254,40.35312929727827
2013-10-12,7.83,17.93,0.96,0.0,17.23,40.092215238863254,40.35312929727827
2013-10-13,5.43,14.96,-2.14,0.13,14.16,40.092215238863254,40.35312929727827
2013-10-14,5.69,15.1,-0.75,0.25,12.91,40.092215238863254,40.35312929727827
2013-10-15,7.6,16.81,0.36,0.0,16.51,40.092215238863254,40.35312929727827
2013-10-16,8.1,16.61,1.96,0.0,16.21,40.092215238863254,40.35312929727827
2013-10-17,7.31,15.78,0.9,0.0,14.66,40.092215238863254,40.35312929727827
2013-10-18,9.26,16.68,2.0,0.08,8.04,40.092215238863254,40.35312929727827
2013-10-19,4.01,7.53,-0.64,3.7,5.44,40.092215238863254,40.35312929727827
2013-10-20,0.76,6.79,-4.97,1.63,7.9,40.092215238863254,40.35312929727827
2013-10-21,3.25,13.41,-5.41,0.04,15.23,40.092215238863254,40.35312929727827
2013-10-22,6.91,16.01,1.54,0.0,15.37,40.092215238863254,40.35312929727827
2013-10-23,5.17,13.39,-2.45,0.02,10.89,40.092215238863254,40.35312929727827
2013-10-24,1.87,9.2,-3.73,0.11,11.0,40.092215238863254,40.35312929727827
2013-10-25,3.75,13.19,-2.96,0.0,14.33,40.092215238863254,40.35312929727827
2013-10-26,3.51,13.29,-2.35,0.16,10.83,40.092215238863254,40.35312929727827
2013-10-27,3.16,10.9,-2.93,0.12,11.27,40.092215238863254,40.35312929727827
2013-10-28,3.63,11.41,-1.0,0.0,11.96,40.092215238863254,40.35312929727827
2013-10-29,5.16,13.4,-0.71,0.0,13.87,40.092215238863254,40.35312929727827
2013-10-30,7.08,14.66,1.92,0.0,14.0,40.092215238863254,40.35312929727827
2013-10-31,7.41,14.49,1.93,0.0,13.99,40.092215238863254,40.35312929727827
2013-11-01,6.66,13.71,1.38,0.0,12.71,40.092215238863254,40.35312929727827
2013-11-02,6.73,14.18,0.49,0.0,13.15,40.092215238863254,40.35312929727827
2013-11-03,6.7,12.94,2.71,0.0,13.55,40.092215238863254,40.35312929727827
2013-11-04,6.03,13.11,1.01,0.0,13.22,40.092215238863254,40.35312929727827
2013-11-05,5.41,12.84,1.53,0.0,9.07,40.092215238863254,40.35312929727827
2013-11-06,4.45,10.76,-0.52,0.0,9.26,40.092215238863254,40.35312929727827
2013-11-07,4.71,9.55,1.07,0.01,7.86,40.092215238863254,40.35312929727827
2013-11-08,2.82,7.93,-1.13,3.66,5.5,40.092215238863254,40.35312929727827
2013-11-09,1.27,5.9,-2.88,1.17,6.74,40.092215238863254,40.35312929727827
2013-11-10,3.72,10.01,-1.52,0.33,8.62,40.092215238863254,40.35312929727827
2013-11-11,3.86,9.08,1.03,0.1,8.23,40.092215238863254,40.35312929727827
2013-11-12,3.58,9.8,0.22,0.1,8.4,40.092215238863254,40.35312929727827
2013-11-13,3.68,10.12,-1.1,0.24,7.22,40.092215238863254,40.35312929727827
2013-11-14,4.03,10.36,-0.33,0.0,11.36,40.092215238863254,40.35312929727827
2013-11-15,2.49,8.07,-1.73,1.49,8.02,40.092215238863254,40.35312929727827
2013-11-16,1.07,7.39,-2.94,0.11,9.95,40.092215238863254,40.35312929727827
2013-11-17,1.77,7.19,-1.36,0.7,8.24,40.092215238863254,40.35312929727827
2013-11-18,1.7,7.73,-1.49,0.0,10.94,40.092215238863254,40.35312929727827
2013-11-19,1.77,10.04,-2.82,0.0,11.38,40.092215238863254,40.35312929727827
2013-11-20,2.0,8.92,-2.26,0.0,8.99,40.092215238863254,40.35312929727827
2013-11-21,2.82,8.41,-0.24,0.0,7.12,40.092215238863254,40.35312929727827
2013-11-22,2.98,9.03,-0.97,0.0,10.82,40.092215238863254,40.35312929727827
2013-11-23,2.81,9.52,-0.99,0.0,10.72,40.092215238863254,40.35312929727827
2013-11-24,1.96,8.08,-1.23,0.22,8.84,40.092215238863254,40.35312929727827
2013-11-25,2.41,7.87,-0.01,0.57,4.61,40.092215238863254,40.35312929727827
2013-11-26,2.83,7.05,0.16,0.26,4.01,40.092215238863254,40.35312929727827
2013-11-27,2.21,5.2,-0.1,4.37,1.93,40.092215238863254,40.35312929727827
2013-11-28,0.6,4.52,-2.19,2.0,5.05,40.092215238863254,40.35312929727827
2013-11-29,-1.21,2.51,-3.79,4.61,2.11,40.092215238863254,40.35312929727827
2013-11-30,-4.59,-1.2,-7.12,0.79,4.21,40.092215238863254,40.35312929727827
2013-12-01,-1.79,5.22,-7.42,0.0,9.45,40.092215238863254,40.35312929727827
2013-12-02,0.4,6.25,-2.46,0.29,4.75,40.092215238863254,40.35312929727827
2013-12-03,-5.38,-1.95,-13.44,3.82,5.38,40.092215238863254,40.35312929727827
2013-12-04,-9.13,-1.79,-13.87,0.19,10.03,40.092215238863254,40.35312929727827
2013-12-05,-4.29,1.68,-9.42,0.01,9.48,40.092215238863254,40.35312929727827
2013-12-06,-6.15,0.56,-10.92,0.0,9.99,40.092215238863254,40.35312929727827
2013-12-07,-5.09,0.31,-9.68,0.53,7.11,40.092215238863254,40.35312929727827
2013-12-08,-7.09,-3.32,-13.39,6.72,3.46,40.092215238863254,40.35312929727827
2013-12-09,-12.36,-8.25,-14.9,0.42,6.58,40.092215238863254,40.35312929727827
2013-12-10,-10.68,-6.39,-15.53,2.56,4.16,40.092215238863254,40.35312929727827
2013-12-11,-12.46,-9.66,-15.66,4.12,5.32,40.092215238863254,40.35312929727827
2013-12-12,-14.78,-12.76,-16.53,5.42,3.08,40.092215238863254,40.35312929727827
2013-12-13,-12.36,-6.27,-16.43,0.34,7.43,40.092215238863254,40.35312929727827
2013-12-14,-12.4,-6.23,-16.4,0.33,7.41,40.092215238863254,40.35312929727827
2013-12-15,-12.58,-6.15,-17.57,0.56,6.43,40.092215238863254,40.35312929727827
2013-12-16,-11.04,-3.97,-14.63,0.31,6.02,40.092215238863254,40.35312929727827
2013-12-17,-12.48,-3.02,-18.33,0.09,8.09,40.092215238863254,40.35312929727827
2013-12-18,-13.5,-3.61,-20.27,0.04,9.81,40.092215238863254,40.35312929727827
2013-12-19,-10.88,-3.28,-15.15,0.0,9.45,40.092215238863254,40.35312929727827
2013-12-20,-9.08,-0.65,-15.54,0.0,9.73,40.092215238863254,40.35312929727827
2013-12-21,-7.82,-0.29,-12.17,0.0,9.52,40.092215238863254,40.35312929727827
2013-12-22,-9.93,-2.46,-14.53,0.0,9.55,40.092215238863254,40.35312929727827
2013-12-23,-8.08,0.3,-14.6,0.0,9.7,40.092215238863254,40.35312929727827
2013-12-24,-5.91,0.24,-10.2,0.0,9.6,40.092215238863254,40.35312929727827
2013-12-25,-6.03,1.54,-10.23,0.0,9.58,40.092215238863254,40.35312929727827
2013-12-26,-5.33,1.63,-10.56,0.0,7.68,40.092215238863254,40.35312929727827
2013-12-27,-3.54,1.69,-7.81,0.0,7.07,40.092215238863254,40.35312929727827
2013-12-28,-4.17,3.05,-8.41,0.0,9.47,40.092215238863254,40.35312929727827
2013-12-29,-4.4,3.68,-8.84,0.0,9.22,40.092215238863254,40.35312929727827
2013-12-30,-3.16,1.51,-8.12,0.56,7.16,40.092215238863254,40.35312929727827
2013-12-31,-4.11,1.9,-11.01,0.38,6.62,40.092215238863254,40.35312929727827
2014-01-01,-5.89,1.36,-11.71,0.07,6.73,40.092215238863254,40.35312929727827
2014-01-02,-5.4,0.94,-8.81,0.0,8.15,40.092215238863254,40.35312929727827
2014-01-03,-6.03,0.22,-10.36,0.0,8.41,40.092215238863254,40.35312929727827
2014-01-04,-6.67,1.58,-11.15,0.0,8.29,40.092215238863254,40.35312929727827
2014-01-05,-8.1,0.59,-12.99,0.04,8.32,40.092215238863254,40.35312929727827
2014-01-06,-7.44,2.01,-13.26,0.0,8.66,40.092215238863254,40.35312929727827
2014-01-07,-4.36,2.89,-9.38,0.0,8.25,40.092215238863254,40.35312929727827
2014-01-08,-5.7,1.43,-10.68,0.18,7.21,40.092215238863254,40.35312929727827
2014-01-09,-4.21,2.95,-9.43,0.0,8.77,40.092215238863254,40.35312929727827
2014-01-10,-2.22,4.78,-7.22,0.0,9.82,40.092215238863254,40.35312929727827
2014-01-11,-3.89,1.68,-7.05,0.01,6.82,40.092215238863254,40.35312929727827
2014-01-12,-5.04,1.14,-9.34,0.02,8.15,40.092215238863254,40.35312929727827
2014-01-13,-4.38,0.13,-7.72,2.87,4.97,40.092215238863254,40.35312929727827
2014-01-14,-6.09,-1.27,-10.61,0.18,6.68,40.092215238863254,40.35312929727827
2014-01-15,-4.39,1.85,-8.94,0.0,7.99,40.092215238863254,40.35312929727827
2014-01-16,-4.57,1.51,-9.82,0.0,7.64,40.092215238863254,40.35312929727827
2014-01-17,-3.71,1.33,-6.95,0.0,7.8,40.092215238863254,40.35312929727827
2014-01-18,-3.29,2.63,-8.27,0.0,8.0,40.092215238863254,40.35312929727827
2014-01-19,-1.16,3.22,-4.05,0.0,7.94,40.092215238863254,40.35312929727827
2014-01-20,-1.26,5.87,-5.59,0.01,8.69,40.092215238863254,40.35312929727827
2014-01-21,-1.09,5.35,-4.9,0.01,9.32,40.092215238863254,40.35312929727827
2014-01-22,-0.89,4.03,-3.54,1.03,8.17,40.092215238863254,40.35312929727827
2014-01-23,-1.72,1.36,-4.37,2.94,5.78,40.092215238863254,40.35312929727827
2014-01-24,-3.92,-0.05,-6.36,0.79,5.03,40.092215238863254,40.35312929727827
2014-01-25,-3.78,0.35,-8.21,0.57,7.77,40.092215238863254,40.35312929727827
2014-01-26,-2.53,0.24,-4.08,1.64,5.78,40.092215238863254,40.35312929727827
2014-01-27,-1.67,2.26,-5.01,2.18,3.22,40.092215238863254,40.35312929727827
2014-01-28,-1.39,1.73,-4.71,3.67,5.06,40.092215238863254,40.35312929727827
2014-01-29,-1.96,2.12,-5.66,1.49,6.88,40.092215238863254,40.35312929727827
2014-01-30,-2.72,0.36,-8.65,6.2,5.1,40.092215238863254,40.35312929727827
2014-01-31,-7.5,-2.46,-11.24,0.78,8.99,40.092215238863254,40.35312929727827
2014-02-01,-9.52,-3.81,-15.46,1.69,11.19,40.092215238863254,40.35312929727827
2014-02-02,-14.8,-5.63,-20.82,0.0,13.54,40.092215238863254,40.35312929727827
2014-02-03,-17.31,-7.84,-23.58,0.0,13.51,40.092215238863254,40.35312929727827
2014-02-04,-16.36,-5.84,-23.84,0.0,13.09,40.092215238863254,40.35312929727827
2014-02-05,-10.67,-1.08,-18.14,0.0,13.77,40.092215238863254,40.35312929727827
2014-02-06,-6.87,1.12,-12.96,0.0,13.9,40.092215238863254,40.35312929727827
2014-02-07,-6.63,1.07,-12.15,0.0,13.89,40.092215238863254,40.35312929727827
2014-02-08,-5.27,1.34,-10.44,0.0,13.94,40.092215238863254,40.35312929727827
2014-02-09,-4.16,3.74,-8.95,0.0,12.88,40.092215238863254,40.35312929727827
2014-02-10,-3.96,3.12,-8.27,0.18,11.69,40.092215238863254,40.35312929727827
2014-02-11,-2.47,3.25,-6.08,1.06,9.58,40.092215238863254,40.35312929727827
2014-02-12,-1.0,6.4,-6.64,0.0,14.61,40.092215238863254,40.35312929727827
2014-02-13,-0.76,7.31,-5.33,0.0,14.8,40.092215238863254,40.35312929727827
2014-02-14,-0.66,6.67,-4.83,0.0,13.44,40.092215238863254,40.35312929727827
2014-02-15,-2.32,1.32,-6.4,0.51,13.38,40.092215238863254,40.35312929727827
2014-02-16,-2.16,1.68,-6.08,1.11,8.62,40.092215238863254,40.35312929727827
2014-02-17,-2.55,4.36,-8.92,0.0,14.58,40.092215238863254,40.35312929727827
2014-02-18,-0.38,5.82,-4.97,0.1,12.66,40.092215238863254,40.35312929727827
2014-02-19,-0.12,4.95,-3.05,2.7,14.49,40.092215238863254,40.35312929727827
2014-02-20,1.23,9.33,-3.99,0.0,14.88,40.092215238863254,40.35312929727827
2014-02-21,2.29,9.57,-2.25,0.0,14.71,40.092215238863254,40.35312929727827
2014-02-22,1.86,8.56,-1.81,0.0,14.36,40.092215238863254,40.35312929727827
2014-02-23,2.17,8.92,-1.7,0.0,15.19,40.092215238863254,40.35312929727827
2014-02-24,1.93,8.61,-2.32,0.0,15.42,40.092215238863254,40.35312929727827
2014-02-25,1.3,8.03,-2.75,0.87,12.98,40.092215238863254,40.35312929727827
2014-02-26,-0.1,2.82,-3.27,10.75,8.4,40.092215238863254,40.35312929727827
2014-02-27,-1.46,2.2,-4.49,0.99,11.46,40.092215238863254,40.35312929727827
2014-02-28,-1.75,2.79,-5.25,1.84,13.68,40.092215238863254,40.35312929727827
2014-03-01,-1.96,4.71,-7.01,0.0,14.27,40.092215238863254,40.35312929727827
2014-03-02,-0.47,6.39,-4.07,0.68,13.01,40.092215238863254,40.35312929727827
2014-03-03,1.7,8.67,-3.33,0.03,13.42,40.092215238863254,40.35312929727827
2014-03-04,0.97,4.55,-1.49,9.71,7.72,40.092215238863254,40.35312929727827
2014-03-05,0.91,7.23,-3.04,2.91,13.14,40.092215238863254,40.35312929727827
2014-03-06,1.76,6.54,-2.58,0.13,15.03,40.092215238863254,40.35312929727827
2014-03-07,2.89,8.18,-1.36,2.79,12.15,40.092215238863254,40.35312929727827
2014-03-08,3.14,9.1,-1.44,0.23,11.08,40.092215238863254,40.35312929727827
2014-03-09,4.17,11.14,-1.14,0.18,12.82,40.092215238863254,40.35312929727827
2014-03-10,3.82,9.67,-0.82,0.86,8.58,40.092215238863254,40.35312929727827
2014-03-11,0.91,5.51,-2.3,0.83,10.91,40.092215238863254,40.35312929727827
2014-03-12,-1.18,2.3,-4.66,1.96,8.56,40.092215238863254,40.35312929727827
2014-03-13,-3.1,0.86,-5.46,1.0,13.29,40.092215238863254,40.35312929727827
2014-03-14,-1.09,3.81,-4.76,0.35,11.83,40.092215238863254,40.35312929727827
2014-03-15,0.49,6.58,-3.84,0.0,16.81,40.092215238863254,40.35312929727827
2014-03-16,1.71,7.66,-3.42,0.13,18.61,40.092215238863254,40.35312929727827
2014-03-17,0.25,3.36,-3.13,2.58,9.99,40.092215238863254,40.35312929727827
2014-03-18,0.34,6.55,-3.75,0.92,19.0,40.092215238863254,40.35312929727827
2014-03-19,1.03,7.21,-4.55,0.29,17.3,40.092215238863254,40.35312929727827
2014-03-20,2.89,11.25,-2.98,1.25,16.76,40.092215238863254,40.35312929727827
2014-03-21,-1.48,5.6,-6.5,0.08,16.39,40.092215238863254,40.35312929727827
2014-03-22,2.99,12.16,-6.18,0.0,22.76,40.092215238863254,40.35312929727827
2014-03-23,5.06,13.47,-1.65,0.0,22.37,40.092215238863254,40.35312929727827
2014-03-24,5.8,13.45,0.42,0.0,22.42,40.092215238863254,40.35312929727827
2014-03-25,5.27,13.19,-0.96,0.04,22.43,40.092215238863254,40.35312929727827
2014-03-26,3.95,9.54,-1.51,1.52,14.85,40.092215238863254,40.35312929727827
2014-03-27,4.2,10.41,-0.44,3.81,15.86,40.092215238863254,40.35312929727827
2014-03-28,3.38,9.4,-1.14,0.8,14.95,40.092215238863254,40.35312929727827
2014-03-29,1.56,7.75,-6.2,6.81,11.04,40.092215238863254,40.35312929727827
2014-03-30,-9.93,-8.1,-12.5,3.87,13.75,40.092215238863254,40.35312929727827
2014-03-31,-6.23,1.19,-13.51,0.14,16.25,40.092215238863254,40.35312929727827
2014-04-01,-1.04,5.3,-7.99,0.0,19.87,40.092215238863254,40.35312929727827
2014-04-02,0.07,5.13,-3.64,0.03,20.97,40.092215238863254,40.35312929727827
2014-04-03,-0.94,2.96,-4.49,0.53,17.52,40.092215238863254,40.35312929727827
2014-04-04,0.18,7.74,-5.73,0.0,23.55,40.092215238863254,40.35312929727827
2014-04-05,3.68,10.06,-2.41,0.02,19.7,40.092215238863254,40.35312929727827
2014-04-06,4.21,8.37,0.91,0.59,16.02,40.092215238863254,40.35312929727827
2014-04-07,6.85,13.63,0.24,0.34,15.3,40.092215238863254,40.35312929727827
2014-04-08,6.7,13.88,0.27,1.71,15.96,40.092215238863254,40.35312929727827
2014-04-09,3.03,7.71,-0.69,1.69,13.81,40.092215238863254,40.35312929727827
2014-04-10,2.98,7.36,-0.48,2.25,14.93,40.092215238863254,40.35312929727827
2014-04-11,4.04,12.13,-2.55,0.2,17.69,40.092215238863254,40.35312929727827
2014-04-12,5.37,13.63,-2.47,0.08,20.4,40.092215238863254,40.35312929727827
2014-04-13,3.71,7.04,-0.04,6.47,11.29,40.092215238863254,40.35312929727827
2014-04-14,4.98,11.31,0.09,2.12,17.38,40.092215238863254,40.35312929727827
2014-04-15,5.35,12.73,-0.42,1.67,16.66,40.092215238863254,40.35312929727827
2014-04-16,6.16,11.93,1.61,2.5,11.5,40.092215238863254,40.35312929727827
2014-04-17,7.91,15.52,1.43,1.03,18.48,40.092215238863254,40.35312929727827
2014-04-18,9.01,15.65,4.34,3.35,16.18,40.092215238863254,40.35312929727827
2014-04-19,10.6,18.41,3.89,0.14,21.06,40.092215238863254,40.35312929727827
2014-04-20,7.84,14.81,2.15,0.56,18.27,40.092215238863254,40.35312929727827
2014-04-21,7.16,13.47,2.61,5.28,17.54,40.092215238863254,40.35312929727827
2014-04-22,5.13,11.32,0.55,1.09,16.82,40.092215238863254,40.35312929727827
2014-04-23,5.2,12.7,-1.83,0.19,17.72,40.092215238863254,40.35312929727827
2014-04-24,7.48,16.23,-1.11,0.0,23.95,40.092215238863254,40.35312929727827
2014-04-25,9.32,14.81,4.76,3.25,18.14,40.092215238863254,40.35312929727827
2014-04-26,10.64,16.95,3.95,1.01,17.19,40.092215238863254,40.35312929727827
2014-04-27,11.03,19.47,3.87,0.0,22.58,40.092215238863254,40.35312929727827
2014-04-28,9.76,17.16,1.65,0.45,24.47,40.092215238863254,40.35312929727827
2014-04-29,7.89,14.33,2.62,3.87,16.58,40.092215238863254,40.35312929727827
2014-04-30,8.59,16.51,2.74,0.32,23.8,40.092215238863254,40.35312929727827
2014-05-01,7.68,13.67,0.83,0.31,19.44,40.092215238863254,40.35312929727827
2014-05-02,8.53,16.1,1.75,0.52,18.44,40.092215238863254,40.35312929727827
2014-05-03,6.58,12.24,2.47,0.89,17.48,40.092215238863254,40.35312929727827
2014-05-04,8.55,17.67,1.11,0.0,24.92,40.092215238863254,40.35312929727827
2014-05-05,12.7,21.03,3.44,0.0,19.79,40.092215238863254,40.35312929727827
2014-05-06,13.06,20.63,5.42,1.25,14.42,40.092215238863254,40.35312929727827
2014-05-07,11.89,16.87,7.61,2.84,13.93,40.092215238863254,40.35312929727827
2014-05-08,12.72,19.57,5.07,1.13,13.23,40.092215238863254,40.35312929727827
2014-05-09,11.93,16.66,6.44,4.6,9.57,40.092215238863254,40.35312929727827
2014-05-10,11.51,18.39,6.23,0.33,21.24,40.092215238863254,40.35312929727827
2014-05-11,11.82,19.97,3.1,0.01,22.33,40.092215238863254,40.35312929727827
2014-05-12,10.82,17.95,4.72,1.16,24.02,40.092215238863254,40.35312929727827
2014-05-13,9.57,15.4,4.59,3.76,19.62,40.092215238863254,40.35312929727827
2014-05-14,7.13,11.63,3.71,3.24,10.2,40.092215238863254,40.35312929727827
2014-05-15,10.71,18.69,1.98,2.42,26.83,40.092215238863254,40.35312929727827
2014-05-16,14.28,22.06,5.43,0.0,27.38,40.092215238863254,40.35312929727827
2014-05-17,16.01,23.72,8.89,0.0,26.88,40.092215238863254,40.35312929727827
2014-05-18,14.18,21.53,6.81,0.7,17.74,40.092215238863254,40.35312929727827
2014-05-19,9.3,17.16,2.36,4.14,11.54,40.092215238863254,40.35312929727827
2014-05-20,6.77,12.02,2.04,1.45,12.59,40.092215238863254,40.35312929727827
2014-05-21,7.5,13.16,1.69,5.07,15.4,40.092215238863254,40.35312929727827
2014-05-22,8.76,14.11,2.89,11.22,17.92,40.092215238863254,40.35312929727827
2014-05-23,10.42,16.29,4.91,0.73,18.43,40.092215238863254,40.35312929727827
2014-05-24,10.42,16.25,3.74,6.06,17.04,40.092215238863254,40.35312929727827
2014-05-25,9.63,13.77,6.37,1.96,12.95,40.092215238863254,40.35312929727827
2014-05-26,10.26,16.23,4.73,1.79,16.77,40.092215238863254,40.35312929727827
2014-05-27,10.24,13.61,6.56,1.23,17.15,40.092215238863254,40.35312929727827
2014-05-28,11.27,17.35,4.98,3.03,21.42,40.092215238863254,40.35312929727827
2014-05-29,13.47,18.33,8.16,1.49,24.78,40.092215238863254,40.35312929727827
2014-05-30,14.67,21.51,7.53,0.32,24.63,40.092215238863254,40.35312929727827
2014-05-31,15.94,23.0,7.51,1.97,28.47,40.092215238863254,40.35312929727827
2014-06-01,15.42,22.99,8.15,0.07,21.92,40.092215238863254,40.35312929727827
2014-06-02,12.81,19.97,5.58,1.94,17.42,40.092215238863254,40.35312929727827
2014-06-03,8.7,13.12,3.79,3.71,14.86,40.092215238863254,40.35312929727827
2014-06-04,12.22,19.46,2.16,0.01,26.72,40.092215238863254,40.35312929727827
2014-06-05,12.35,19.37,5.24,1.86,19.34,40.092215238863254,40.35312929727827
2014-06-06,11.88,16.99,5.62,2.31,21.28,40.092215238863254,40.35312929727827
2014-06-07,12.4,19.5,6.29,5.63,21.21,40.092215238863254,40.35312929727827
2014-06-08,12.6,20.45,3.73,0.43,23.99,40.092215238863254,40.35312929727827
2014-06-09,15.03,22.08,7.96,0.41,23.41,40.092215238863254,40.35312929727827
2014-06-10,15.47,23.42,8.01,0.52,24.54,40.092215238863254,40.35312929727827
2014-06-11,12.6,19.51,5.75,1.38,22.34,40.092215238863254,40.35312929727827
2014-06-12,8.95,14.02,2.95,1.51,17.28,40.092215238863254,40.35312929727827
2014-06-13,9.16,16.01,3.73,1.5,18.86,40.092215238863254,40.35312929727827
2014-06-14,13.07,21.36,2.93,0.0,32.21,40.092215238863254,40.35312929727827
2014-06-15,16.26,23.88,9.52,0.0,29.06,40.092215238863254,40.35312929727827
2014-06-16,16.28,24.36,6.99,0.03,27.77,40.092215238863254,40.35312929727827
2014-06-17,17.1,25.03,7.88,0.09,23.32,40.092215238863254,40.35312929727827
2014-06-18,17.43,26.17,8.34,0.0,28.61,40.092215238863254,40.35312929727827
2014-06-19,17.05,25.83,7.45,0.03,29.39,40.092215238863254,40.35312929727827
2014-06-20,19.01,28.03,11.25,0.0,31.46,40.092215238863254,40.35312929727827
2014-06-21,16.87,25.11,9.09,3.81,22.55,40.092215238863254,40.35312929727827
2014-06-22,14.63,23.38,6.41,0.28,23.01,40.092215238863254,40.35312929727827
2014-06-23,14.09,23.23,5.54,0.23,20.15,40.092215238863254,40.35312929727827
2014-06-24,14.21,22.85,5.54,1.71,20.74,40.092215238863254,40.35312929727827
2014-06-25,16.76,25.69,7.19,0.1,19.3,40.092215238863254,40.35312929727827
2014-06-26,16.47,24.67,8.64,0.0,31.82,40.092215238863254,40.35312929727827
2014-06-27,17.08,25.33,9.8,0.0,28.65,40.092215238863254,40.35312929727827
2014-06-28,18.49,27.05,9.87,0.01,26.17,40.092215238863254,40.35312929727827
2014-06-29,16.96,25.12,9.85,2.81,16.07,40.092215238863254,40.35312929727827
2014-06-30,18.29,27.17,8.61,1.42,24.1,40.092215238863254,40.35312929727827
2014-07-01,20.72,29.03,11.31,0.01,28.74,40.092215238863254,40.35312929727827
2014-07-02,19.15,27.74,10.46,0.03,25.48,40.092215238863254,40.35312929727827
2014-07-03,19.08,28.11,9.85,0.04,22.12,40.092215238863254,40.35312929727827
2014-07-04,19.75,28.54,10.12,0.72,20.61,40.092215238863254,40.35312929727827
2014-07-05,18.49,25.03,11.73,7.46,18.07,40.092215238863254,40.35312929727827
2014-07-06,17.94,26.88,10.2,2.66,19.13,40.092215238863254,40.35312929727827
2014-07-07,16.97,26.86,8.25,0.01,21.14,40.092215238863254,40.35312929727827
2014-07-08,15.71,23.94,8.46,0.07,24.63,40.092215238863254,40.35312929727827
2014-07-09,16.14,25.59,6.51,0.0,28.36,40.092215238863254,40.35312929727827
2014-07-10,18.49,26.72,10.18,0.0,31.26,40.092215238863254,40.35312929727827
2014-07-11,20.83,29.56,12.39,0.0,31.88,40.092215238863254,40.35312929727827
2014-07-12,22.19,30.68,13.34,0.0,28.74,40.092215238863254,40.35312929727827
2014-07-13,22.54,31.62,14.29,0.01,20.79,40.092215238863254,40.35312929727827
2014-07-14,20.44,29.32,11.64,0.09,20.59,40.092215238863254,40.35312929727827
2014-07-15,21.77,30.62,12.04,0.06,22.4,40.092215238863254,40.35312929727827
2014-07-16,22.81,31.89,12.77,0.04,27.76,40.092215238863254,40.35312929727827
2014-07-17,23.75,33.14,15.24,0.03,24.61,40.092215238863254,40.35312929727827
2014-07-18,21.2,31.39,11.62,0.37,21.85,40.092215238863254,40.35312929727827
2014-07-19,20.47,29.57,12.47,1.61,22.79,40.092215238863254,40.35312929727827
2014-07-20,19.6,29.58,11.47,4.92,17.94,40.092215238863254,40.35312929727827
2014-07-21,15.28,21.83,10.38,6.46,13.4,40.092215238863254,40.35312929727827
2014-07-22,16.93,25.71,7.99,0.0,25.19,40.092215238863254,40.35312929727827
2014-07-23,20.57,29.31,10.06,0.0,29.03,40.092215238863254,40.35312929727827
2014-07-24,23.14,31.32,14.35,0.0,28.41,40.092215238863254,40.35312929727827
2014-07-25,22.84,31.85,14.76,0.04,21.95,40.092215238863254,40.35312929727827
2014-07-26,23.19,32.26,12.81,0.17,19.01,40.092215238863254,40.35312929727827
2014-07-27,22.24,30.31,15.54,1.44,18.22,40.092215238863254,40.35312929727827
2014-07-28,19.05,26.25,12.95,0.44,20.5,40.092215238863254,40.35312929727827
2014-07-29,19.36,28.64,10.66,0.01,27.13,40.092215238863254,40.35312929727827
2014-07-30,19.69,28.8,10.63,0.01,26.45,40.092215238863254,40.35312929727827
2014-07-31,19.77,28.78,11.07,0.0,25.74,40.092215238863254,40.35312929727827
2014-08-01,20.43,29.74,11.34,0.0,28.88,40.092215238863254,40.35312929727827
2014-08-02,22.23,31.72,12.54,0.0,29.11,40.092215238863254,40.35312929727827
2014-08-03,23.42,32.6,14.36,0.01,23.45,40.092215238863254,40.35312929727827
2014-08-04,21.57,30.57,14.22,0.49,18.4,40.092215238863254,40.35312929727827
2014-08-05,18.26,26.91,12.58,2.22,14.31,40.092215238863254,40.35312929727827
2014-08-06,16.16,22.55,11.31,0.73,15.3,40.092215238863254,40.35312929727827
2014-08-07,18.73,27.86,9.74,0.0,27.88,40.092215238863254,40.35312929727827
2014-08-08,20.73,29.79,13.28,0.0,27.21,40.092215238863254,40.35312929727827
2014-08-09,19.91,30.48,10.44,0.01,21.51,40.092215238863254,40.35312929727827
2014-08-10,19.66,29.64,11.03,0.05,17.41,40.092215238863254,40.35312929727827
2014-08-11,19.95,28.39,12.59,0.05,20.98,40.092215238863254,40.35312929727827
2014-08-12,20.39,29.77,12.11,0.04,18.43,40.092215238863254,40.35312929727827
2014-08-13,20.46,29.56,11.96,0.15,18.88,40.092215238863254,40.35312929727827
2014-08-14,22.79,32.03,12.76,0.0,24.86,40.092215238863254,40.35312929727827
2014-08-15,24.4,33.1,14.69,0.01,21.58,40.092215238863254,40.35312929727827
2014-08-16,22.54,30.29,15.4,0.03,21.45,40.092215238863254,40.35312929727827
2014-08-17,23.1,32.71,12.91,0.0,25.6,40.092215238863254,40.35312929727827
2014-08-18,23.24,30.6,15.9,0.09,22.0,40.092215238863254,40.35312929727827
2014-08-19,22.85,31.3,16.97,7.05,14.57,40.092215238863254,40.35312929727827
2014-08-20,20.52,28.45,13.2,2.89,17.05,40.092215238863254,40.35312929727827
2014-08-21,19.66,28.65,11.56,0.01,20.26,40.092215238863254,40.35312929727827
2014-08-22,19.74,29.85,11.09,1.02,20.58,40.092215238863254,40.35312929727827
2014-08-23,19.75,28.98,11.76,1.51,16.18,40.092215238863254,40.35312929727827
2014-08-24,22.1,31.02,12.66,0.02,21.28,40.092215238863254,40.35312929727827
2014-08-25,22.68,31.07,14.66,0.0,20.52,40.092215238863254,40.35312929727827
2014-08-26,21.8,30.53,12.46,0.0,17.49,40.092215238863254,40.35312929727827
2014-08-27,22.68,31.0,14.48,0.0,23.42,40.092215238863254,40.35312929727827
2014-08-28,23.39,31.84,15.94,0.43,19.86,40.092215238863254,40.35312929727827
2014-08-29,19.65,30.24,12.41,3.6,16.64,40.092215238863254,40.35312929727827
2014-08-30,17.13,26.25,10.31,3.36,16.73,40.092215238863254,40.35312929727827
2014-08-31,19.57,29.26,10.23,0.03,18.54,40.092215238863254,40.35312929727827
2014-09-01,19.09,27.95,11.45,0.06,24.01,40.092215238863254,40.35312929727827
2014-09-02,20.51,29.48,11.58,0.0,22.18,40.092215238863254,40.35312929727827
2014-09-03,21.63,29.8,15.83,0.0,20.84,40.092215238863254,40.35312929727827
2014-09-04,20.26,28.43,13.62,0.0,21.1,40.092215238863254,40.35312929727827
2014-09-05,19.74,27.37,13.46,0.0,20.7,40.092215238863254,40.35312929727827
2014-09-06,20.35,29.04,11.71,0.32,19.65,40.092215238863254,40.35312929727827
2014-09-07,19.11,27.44,12.21,0.01,21.61,40.092215238863254,40.35312929727827
2014-09-08,18.67,26.44,11.42,0.27,18.48,40.092215238863254,40.35312929727827
2014-09-09,16.38,22.94,11.19,10.1,14.12,40.092215238863254,40.35312929727827
2014-09-10,16.38,24.17,10.01,4.88,14.0,40.092215238863254,40.35312929727827
2014-09-11,16.44,24.9,10.41,1.21,17.67,40.092215238863254,40.35312929727827
2014-09-12,15.41,23.64,9.02,0.66,13.7,40.092215238863254,40.35312929727827
2014-09-13,15.26,24.0,8.56,0.01,17.41,40.092215238863254,40.35312929727827
2014-09-14,15.37,24.4,7.72,0.33,14.72,40.092215238863254,40.35312929727827
2014-09-15,14.75,22.13,8.8,0.93,15.17,40.092215238863254,40.35312929727827
2014-09-16,12.29,18.58,7.99,2.49,12.79,40.092215238863254,40.35312929727827
2014-09-17,13.58,21.16,6.27,0.6,17.84,40.092215238863254,40.35312929727827
2014-09-18,13.15,20.45,6.65,5.37,14.21,40.092215238863254,40.35312929727827
2014-09-19,13.65,21.03,6.89,4.36,12.55,40.092215238863254,40.35312929727827
2014-09-20,11.06,16.68,5.5,6.21,10.15,40.092215238863254,40.35312929727827
2014-09-21,10.42,18.22,3.17,0.74,12.6,40.092215238863254,40.35312929727827
2014-09-22,11.38,18.31,5.51,0.39,15.19,40.092215238863254,40.35312929727827
2014-09-23,12.19,20.07,5.45,0.01,18.56,40.092215238863254,40.35312929727827
2014-09-24,10.99,16.17,3.89,10.76,9.53,40.092215238863254,40.35312929727827
2014-09-25,6.37,14.45,1.12,1.51,13.41,40.092215238863254,40.35312929727827
2014-09-26,7.73,15.97,0.52,0.1,19.27,40.092215238863254,40.35312929727827
2014-09-27,11.22,18.56,4.26,2.57,17.3,40.092215238863254,40.35312929727827
2014-09-28,8.97,12.41,3.42,17.11,5.8,40.092215238863254,40.35312929727827
2014-09-29,6.01,12.36,0.89,8.25,7.1,40.092215238863254,40.35312929727827
2014-09-30,5.55,12.54,0.47,2.46,9.01,40.092215238863254,40.35312929727827
2014-10-01,7.17,15.29,1.07,0.11,15.39,40.092215238863254,40.35312929727827
2014-10-02,8.01,17.75,0.89,0.0,15.34,40.092215238863254,40.35312929727827
2014-10-03,10.05,18.75,1.42,0.02,15.46,40.092215238863254,40.35312929727827
2014-10-04,10.92,16.76,5.8,3.37,9.44,40.092215238863254,40.35312929727827
2014-10-05,10.09,17.29,4.38,1.3,11.31,40.092215238863254,40.35312929727827
2014-10-06,10.18,16.66,5.4,0.27,11.59,40.092215238863254,40.35312929727827
2014-10-07,9.22,15.91,3.77,0.05,10.98,40.092215238863254,40.35312929727827
2014-10-08,8.85,17.33,2.03,0.0,14.88,40.092215238863254,40.35312929727827
2014-10-09,9.17,17.17,3.66,0.01,14.06,40.092215238863254,40.35312929727827
2014-10-10,10.42,18.23,3.29,0.0,17.14,40.092215238863254,40.35312929727827
2014-10-11,11.63,18.39,6.25,0.16,16.49,40.092215238863254,40.35312929727827
2014-10-12,9.59,14.68,5.05,2.04,10.53,40.092215238863254,40.35312929727827
2014-10-13,10.17,16.56,5.77,1.21,10.85,40.092215238863254,40.35312929727827
2014-10-14,9.12,15.63,3.86,2.09,11.47,40.092215238863254,40.35312929727827
2014-10-15,8.94,14.04,4.63,7.86,7.89,40.092215238863254,40.35312929727827
2014-10-16,6.93,10.75,3.42,2.43,8.92,40.092215238863254,40.35312929727827
2014-10-17,5.89,12.98,2.98,3.81,6.78,40.092215238863254,40.35312929727827
2014-10-18,4.8,7.06,2.25,10.74,6.0,40.092215238863254,40.35312929727827
2014-10-19,1.67,5.69,-5.45,11.4,7.38,40.092215238863254,40.35312929727827
2014-10-20,-0.86,6.79,-6.7,0.28,12.84,40.092215238863254,40.35312929727827
2014-10-21,3.87,11.5,-2.55,0.0,14.5,40.092215238863254,40.35312929727827
2014-10-22,4.6,13.4,-1.52,0.0,14.91,40.092215238863254,40.35312929727827
2014-10-23,4.27,10.41,-0.09,0.0,7.15,40.092215238863254,40.35312929727827
2014-10-24,5.9,13.09,0.07,0.0,12.94,40.092215238863254,40.35312929727827
2014-10-25,6.29,12.55,1.41,0.07,8.05,40.092215238863254,40.35312929727827
2014-10-26,6.58,11.29,3.24,0.27,9.38,40.092215238863254,40.35312929727827
2014-10-27,6.4,11.45,2.67,0.35,10.18,40.092215238863254,40.35312929727827
2014-10-28,5.88,10.98,1.67,0.27,9.9,40.092215238863254,40.35312929727827
2014-10-29,6.33,11.69,2.46,0.45,10.58,40.092215238863254,40.35312929727827
2014-10-30,5.39,11.35,0.45,2.19,9.59,40.092215238863254,40.35312929727827
2014-10-31,4.3,9.5,1.61,8.39,4.41,40.092215238863254,40.35312929727827
2014-11-01,1.38,4.11,-1.84,6.92,3.9,40.092215238863254,40.35312929727827
2014-11-02,-2.41,1.98,-7.31,5.83,2.45,40.092215238863254,40.35312929727827
2014-11-03,-7.01,-2.01,-10.67,4.01,7.13,40.092215238863254,40.35312929727827
2014-11-04,-8.37,-1.68,-12.02,4.69,4.68,40.092215238863254,40.35312929727827
2014-11-05,-4.29,3.79,-10.91,0.0,10.46,40.092215238863254,40.35312929727827
2014-11-06,-0.76,6.9,-5.6,0.0,10.64,40.092215238863254,40.35312929727827
2014-11-07,2.52,10.08,-2.65,0.0,11.28,40.092215238863254,40.35312929727827
2014-11-08,2.78,9.27,-0.83,0.0,10.96,40.092215238863254,40.35312929727827
2014-11-09,1.48,9.46,-2.41,0.0,11.43,40.092215238863254,40.35312929727827
2014-11-10,3.49,10.78,-2.19,0.0,10.57,40.092215238863254,40.35312929727827
2014-11-11,3.26,9.96,-0.99,0.0,11.33,40.092215238863254,40.35312929727827
2014-11-12,2.81,10.14,-1.44,0.0,10.93,40.092215238863254,40.35312929727827
2014-11-13,1.97,9.05,-2.34,0.0,10.86,40.092215238863254,40.35312929727827
2014-11-14,1.83,7.35,-2.28,0.0,7.99,40.092215238863254,40.35312929727827
2014-11-15,1.84,7.74,-1.08,1.63,4.01,40.092215238863254,40.35312929727827
2014-11-16,2.96,8.18,-0.07,3.84,3.48,40.092215238863254,40.35312929727827
2014-11-17,3.16,8.07,0.19,0.63,5.61,40.092215238863254,40.35312929727827
2014-11-18,2.69,7.52,-0.24,0.35,8.08,40.092215238863254,40.35312929727827
2014-11-19,2.63,8.15,-0.28,0.0,8.69,40.092215238863254,40.35312929727827
2014-11-20,1.58,7.86,-1.98,0.0,8.34,40.092215238863254,40.35312929727827
2014-11-21,0.85,5.25,-1.34,0.3,6.78,40.092215238863254,40.35312929727827
2014-11-22,-1.26,0.85,-3.33,9.3,2.29,40.092215238863254,40.35312929727827
2014-11-23,-4.94,-0.43,-8.01,0.69,4.58,40.092215238863254,40.35312929727827
2014-11-24,-4.53,0.79,-8.44,0.4,5.8,40.092215238863254,40.35312929727827
2014-11-25,-3.0,1.47,-6.21,0.77,6.28,40.092215238863254,40.35312929727827
2014-11-26,-2.6,2.82,-6.88,1.32,2.24,40.092215238863254,40.35312929727827
2014-11-27,-2.7,2.24,-6.35,6.67,3.68,40.092215238863254,40.35312929727827
2014-11-28,-3.57,1.44,-6.79,1.1,4.17,40.092215238863254,40.35312929727827
2014-11-29,-4.04,0.72,-7.63,0.03,6.19,40.092215238863254,40.35312929727827
2014-11-30,-2.51,2.65,-6.56,4.32,6.11,40.092215238863254,40.35312929727827
2014-12-01,-3.11,0.99,-7.46,6.49,2.49,40.092215238863254,40.35312929727827
2014-12-02,-6.37,-2.11,-10.53,3.99,5.46,40.092215238863254,40.35312929727827
2014-12-03,-1.8,0.51,-4.47,3.43,3.81,40.092215238863254,40.35312929727827
2014-12-04,-2.1,1.93,-4.9,0.09,5.87,40.092215238863254,40.35312929727827
2014-12-05,-0.38,2.83,-3.24,2.77,3.37,40.092215238863254,40.35312929727827
2014-12-06,-1.12,4.36,-4.02,0.03,6.31,40.092215238863254,40.35312929727827
2014-12-07,-0.29,4.61,-3.6,0.23,4.21,40.092215238863254,40.35312929727827
2014-12-08,0.61,4.51,-1.85,1.76,3.07,40.092215238863254,40.35312929727827
2014-12-09,1.86,6.15,-0.12,0.35,4.22,40.092215238863254,40.35312929727827
2014-12-10,0.2,4.31,-2.53,1.16,2.78,40.092215238863254,40.35312929727827
2014-12-11,-0.25,4.79,-2.91,0.0,7.37,40.092215238863254,40.35312929727827
2014-12-12,-0.52,5.75,-4.91,1.49,2.6,40.092215238863254,40.35312929727827
2014-12-13,0.24,4.15,-2.41,5.73,1.54,40.092215238863254,40.35312929727827
2014-12-14,-1.32,3.79,-5.2,1.6,4.46,40.092215238863254,40.35312929727827
2014-12-15,-2.51,3.55,-5.91,0.1,6.31,40.092215238863254,40.35312929727827
2014-12-16,-2.48,3.74,-7.52,0.0,7.32,40.092215238863254,40.35312929727827
2014-12-17,-1.9,4.81,-5.37,0.0,8.85,40.092215238863254,40.35312929727827
2014-12-18,-1.27,3.24,-3.37,0.0,6.59,40.092215238863254,40.35312929727827
2014-12-19,-1.92,0.95,-3.58,0.05,5.91,40.092215238863254,40.35312929727827
2014-12-20,-1.79,1.94,-4.66,0.02,5.61,40.092215238863254,40.35312929727827
2014-12-21,-2.7,2.31,-6.78,0.02,7.76,40.092215238863254,40.35312929727827
2014-12-22,-3.74,-0.15,-6.82,3.78,3.71,40.092215238863254,40.35312929727827
2014-12-23,-7.63,-2.74,-10.94,0.96,6.04,40.092215238863254,40.35312929727827
2014-12-24,-5.19,0.83,-9.52,0.23,4.62,40.092215238863254,40.35312929727827
2014-12-25,-3.66,2.3,-7.46,0.0,7.83,40.092215238863254,40.35312929727827
2014-12-26,-5.27,2.26,-8.99,0.0,8.87,40.092215238863254,40.35312929727827
2014-12-27,-4.74,1.16,-8.39,0.14,7.01,40.092215238863254,40.35312929727827
2014-12-28,-3.51,1.08,-6.32,1.87,2.65,40.092215238863254,40.35312929727827
2014-12-29,-2.26,2.28,-5.35,0.16,1.98,40.092215238863254,40.35312929727827
2014-12-30,-1.53,3.11,-3.42,1.27,5.16,40.092215238863254,40.35312929727827
2014-12-31,-1.72,2.08,-3.83,0.96,3.61,40.092215238863254,40.35312929727827
2015-01-01,-1.86,2.02,-4.12,0.79,4.25,40.092215238863254,40.35312929727827
2015-01-02,-3.19,-0.42,-6.24,4.4,3.88,40.092215238863254,40.35312929727827
2015-01-03,-5.01,-0.77,-8.06,1.06,7.83,40.092215238863254,40.35312929727827
2015-01-04,-7.38,-3.56,-10.07,0.84,4.18,40.092215238863254,40.35312929727827
2015-01-05,-4.26,-0.97,-9.18,7.42,2.64,40.092215238863254,40.35312929727827
2015-01-06,-2.25,-0.98,-3.34,6.21,3.13,40.092215238863254,40.35312929727827
2015-01-07,-6.44,-3.23,-13.11,13.86,1.28,40.092215238863254,40.35312929727827
2015-01-08,-13.87,-11.82,-17.5,7.22,5.98,40.092215238863254,40.35312929727827
2015-01-09,-17.68,-11.14,-24.13,2.19,9.49,40.092215238863254,40.35312929727827
2015-01-10,-17.98,-9.84,-25.93,0.0,7.3,40.092215238863254,40.35312929727827
2015-01-11,-16.04,-9.09,-21.04,0.0,8.65,40.092215238863254,40.35312929727827
2015-01-12,-12.21,-5.79,-18.36,0.07,6.28,40.092215238863254,40.35312929727827
2015-01-13,-9.68,-1.88,-15.75,0.11,6.59,40.092215238863254,40.35312929727827
2015-01-14,-6.89,0.26,-12.56,0.0,10.03,40.092215238863254,40.35312929727827
2015-01-15,-7.24,-0.02,-13.93,0.64,9.73,40.092215238863254,40.35312929727827
2015-01-16,-7.17,-1.78,-10.78,1.75,5.46,40.092215238863254,40.35312929727827
2015-01-17,-9.29,-2.88,-13.59,0.57,6.4,40.092215238863254,40.35312929727827
2015-01-18,-10.48,-2.04,-16.67,0.0,9.59,40.092215238863254,40.35312929727827
2015-01-19,-7.18,-0.63,-12.82,0.0,10.04,40.092215238863254,40.35312929727827
2015-01-20,-4.63,-0.41,-7.68,0.0,11.07,40.092215238863254,40.35312929727827
2015-01-21,-5.23,0.36,-8.68,0.0,8.24,40.092215238863254,40.35312929727827
2015-01-22,-7.14,-1.43,-11.61,0.0,8.14,40.092215238863254,40.35312929727827
2015-01-23,-7.88,-0.38,-12.77,0.0,10.61,40.092215238863254,40.35312929727827
2015-01-24,-9.8,-0.97,-15.79,0.0,11.81,40.092215238863254,40.35312929727827
2015-01-25,-9.07,-0.6,-14.46,0.0,11.2,40.092215238863254,40.35312929727827
2015-01-26,-7.58,-0.84,-12.74,1.51,8.74,40.092215238863254,40.35312929727827
2015-01-27,-7.73,-0.96,-14.24,0.67,10.55,40.092215238863254,40.35312929727827
2015-01-28,-8.48,-0.8,-15.81,1.31,7.16,40.092215238863254,40.35312929727827
2015-01-29,-7.81,-2.42,-11.89,0.39,10.45,40.092215238863254,40.35312929727827
2015-01-30,-7.97,-1.26,-13.79,0.0,10.01,40.092215238863254,40.35312929727827
2015-01-31,-6.28,-1.34,-11.32,0.0,10.59,40.092215238863254,40.35312929727827
2015-02-01,-4.84,0.42,-8.06,0.01,8.82,40.092215238863254,40.35312929727827
2015-02-02,-5.43,1.23,-10.36,0.0,12.42,40.092215238863254,40.35312929727827
2015-02-03,-4.57,1.33,-10.82,0.08,10.32,40.092215238863254,40.35312929727827
2015-02-04,-3.9,-0.13,-8.07,8.14,7.03,40.092215238863254,40.35312929727827
2015-02-05,-6.87,-0.68,-11.22,0.0,11.48,40.092215238863254,40.35312929727827
2015-02-06,-5.61,1.58,-10.44,0.0,12.15,40.092215238863254,40.35312929727827
2015-02-07,-4.64,1.26,-10.4,0.36,8.94,40.092215238863254,40.35312929727827
2015-02-08,-3.88,-0.02,-7.13,1.67,9.84,40.092215238863254,40.35312929727827
2015-02-09,-2.72,0.05,-5.88,8.22,4.32,40.092215238863254,40.35312929727827
2015-02-10,-4.82,-0.15,-8.87,2.82,8.53,40.092215238863254,40.35312929727827
2015-02-11,-5.21,-0.79,-8.98,0.68,7.08,40.092215238863254,40.35312929727827
2015-02-12,-7.01,-2.9,-10.09,3.48,8.57,40.092215238863254,40.35312929727827
2015-02-13,-7.13,-2.26,-12.96,0.42,12.96,40.092215238863254,40.35312929727827
2015-02-14,-6.82,-1.96,-11.16,0.08,12.56,40.092215238863254,40.35312929727827
2015-02-15,-8.48,-2.12,-12.92,0.01,14.33,40.092215238863254,40.35312929727827
2015-02-16,-7.66,-2.06,-13.44,0.63,9.97,40.092215238863254,40.35312929727827
2015-02-17,-5.4,-1.79,-8.64,9.97,7.11,40.092215238863254,40.35312929727827
2015-02-18,-7.33,-1.83,-11.15,0.66,8.94,40.092215238863254,40.35312929727827
2015-02-19,-6.5,-0.47,-12.37,1.42,8.72,40.092215238863254,40.35312929727827
2015-02-20,-8.14,-3.17,-15.73,1.63,9.31,40.092215238863254,40.35312929727827
2015-02-21,-11.69,-3.48,-18.99,1.06,11.09,40.092215238863254,40.35312929727827
2015-02-22,-7.66,0.69,-15.15,0.0,16.8,40.092215238863254,40.35312929727827
2015-02-23,-6.5,1.5,-11.78,0.0,17.31,40.092215238863254,40.35312929727827
2015-02-24,-5.38,0.46,-11.0,0.02,12.79,40.092215238863254,40.35312929727827
2015-02-25,-4.69,-0.83,-7.39,0.97,12.11,40.092215238863254,40.35312929727827
2015-02-26,-3.41,1.43,-8.53,0.59,14.52,40.092215238863254,40.35312929727827
2015-02-27,-4.88,3.35,-11.19,0.0,16.57,40.092215238863254,40.35312929727827
2015-02-28,-3.28,2.31,-8.33,0.74,8.11,40.092215238863254,40.35312929727827
2015-03-01,-1.75,1.41,-5.24,0.52,9.3,40.092215238863254,40.35312929727827
2015-03-02,-1.75,1.04,-4.13,1.28,11.83,40.092215238863254,40.35312929727827
2015-03-03,-1.99,1.64,-5.08,0.02,11.19,40.092215238863254,40.35312929727827
2015-03-04,-4.21,0.19,-9.62,3.22,10.58,40.092215238863254,40.35312929727827
2015-03-05,-7.92,-3.44,-11.16,1.33,10.93,40.092215238863254,40.35312929727827
2015-03-06,-3.8,4.69,-12.44,0.0,10.52,40.092215238863254,40.35312929727827
2015-03-07,0.93,8.88,-4.97,0.0,14.65,40.092215238863254,40.35312929727827
2015-03-08,2.01,8.19,-1.68,0.0,12.55,40.092215238863254,40.35312929727827
2015-03-09,0.83,7.07,-2.93,0.0,14.16,40.092215238863254,40.35312929727827
2015-03-10,2.76,10.59,-3.22,0.28,18.73,40.092215238863254,40.35312929727827
2015-03-11,3.61,12.26,-1.98,0.01,15.0,40.092215238863254,40.35312929727827
2015-03-12,3.12,12.02,-1.85,1.84,10.4,40.092215238863254,40.35312929727827
2015-03-13,0.12,6.12,-4.39,0.64,12.86,40.092215238863254,40.35312929727827
2015-03-14,0.76,6.41,-3.65,0.1,16.86,40.092215238863254,40.35312929727827
2015-03-15,1.72,6.58,-2.49,0.02,15.52,40.092215238863254,40.35312929727827
2015-03-16,-0.6,3.32,-4.09,1.6,10.72,40.092215238863254,40.35312929727827
2015-03-17,-1.42,3.06,-4.29,1.11,13.06,40.092215238863254,40.35312929727827
2015-03-18,-0.12,5.45,-4.35,0.03,15.15,40.092215238863254,40.35312929727827
2015-03-19,0.38,6.87,-3.94,1.3,14.26,40.092215238863254,40.35312929727827
2015-03-20,0.43,4.97,-2.46,3.72,15.96,40.092215238863254,40.35312929727827
2015-03-21,-0.97,2.22,-3.59,4.32,13.21,40.092215238863254,40.35312929727827
2015-03-22,-2.95,0.1,-9.58,5.47,10.32,40.092215238863254,40.35312929727827
2015-03-23,-3.46,2.07,-9.55,0.04,15.36,40.092215238863254,40.35312929727827
2015-03-24,-1.77,0.81,-3.92,3.59,11.96,40.092215238863254,40.35312929727827
2015-03-25,-0.28,4.04,-3.69,1.25,13.1,40.092215238863254,40.35312929727827
2015-03-26,2.0,9.72,-4.34,0.0,23.29,40.092215238863254,40.35312929727827
2015-03-27,2.92,11.65,-2.61,0.0,19.3,40.092215238863254,40.35312929727827
2015-03-28,2.08,7.61,-1.4,0.61,11.54,40.092215238863254,40.35312929727827
2015-03-29,4.07,11.08,-1.65,11.6,14.45,40.092215238863254,40.35312929727827
2015-03-30,-0.04,3.73,-2.79,9.16,7.88,40.092215238863254,40.35312929727827
2015-03-31,1.05,6.91,-3.9,0.97,14.17,40.092215238863254,40.35312929727827
2015-04-01,2.38,6.92,-1.67,0.7,14.68,40.092215238863254,40.35312929727827
2015-04-02,2.97,8.09,-1.95,2.85,14.61,40.092215238863254,40.35312929727827
2015-04-03,1.36,8.89,-6.19,1.77,19.53,40.092215238863254,40.35312929727827
2015-04-04,0.77,6.39,-7.04,4.68,9.46,40.092215238863254,40.35312929727827
2015-04-05,0.07,8.94,-7.1,0.0,17.17,40.092215238863254,40.35312929727827
2015-04-06,3.49,11.55,-2.63,0.0,20.3,40.092215238863254,40.35312929727827
2015-04-07,5.69,12.22,-1.76,0.53,15.06,40.092215238863254,40.35312929727827
2015-04-08,5.2,11.26,-0.84,2.36,17.88,40.092215238863254,40.35312929727827
2015-04-09,8.08,15.16,2.81,10.66,11.92,40.092215238863254,40.35312929727827
2015-04-10,3.44,10.06,-5.03,1.88,12.54,40.092215238863254,40.35312929727827
2015-04-11,-0.39,5.77,-5.82,1.15,11.68,40.092215238863254,40.35312929727827
2015-04-12,-0.24,4.16,-4.18,1.04,15.06,40.092215238863254,40.35312929727827
2015-04-13,-0.82,4.69,-4.96,0.56,14.4,40.092215238863254,40.35312929727827
2015-04-14,-1.17,3.91,-5.13,0.23,16.53,40.092215238863254,40.35312929727827
2015-04-15,1.75,9.04,-4.56,0.5,19.71,40.092215238863254,40.35312929727827
2015-04-16,2.8,9.65,-2.25,0.0,24.24,40.092215238863254,40.35312929727827
2015-04-17,5.68,12.54,-1.2,0.0,25.84,40.092215238863254,40.35312929727827
2015-04-18,7.37,14.42,0.81,0.03,23.18,40.092215238863254,40.35312929727827
2015-04-19,7.05,12.7,0.52,0.16,19.25,40.092215238863254,40.35312929727827
2015-04-20,4.45,7.55,2.11,11.09,5.8,40.092215238863254,40.35312929727827
2015-04-21,1.93,4.92,-1.36,10.35,9.75,40.092215238863254,40.35312929727827
2015-04-22,-0.61,2.63,-3.55,3.08,10.3,40.092215238863254,40.35312929727827
2015-04-23,-1.13,2.62,-6.64,7.92,6.25,40.092215238863254,40.35312929727827
2015-04-24,-3.69,1.28,-7.74,2.79,10.88,40.092215238863254,40.35312929727827
2015-04-25,1.16,9.4,-7.45,0.0,22.1,40.092215238863254,40.35312929727827
2015-04-26,4.47,11.85,-2.22,0.0,19.52,40.092215238863254,40.35312929727827
2015-04-27,5.29,10.56,0.05,1.44,18.19,40.092215238863254,40.35312929727827
2015-04-28,7.36,14.35,1.13,0.64,20.54,40.092215238863254,40.35312929727827
2015-04-29,9.45,16.96,1.94,0.01,20.4,40.092215238863254,40.35312929727827
2015-04-30,9.05,16.5,1.4,1.39,13.64,40.092215238863254,40.35312929727827
2015-05-01,8.24,16.95,0.07,0.55,19.42,40.092215238863254,40.35312929727827
2015-05-02,6.07,10.07,2.16,3.08,15.2,40.092215238863254,40.35312929727827
2015-05-03,7.04,14.92,0.46,0.86,21.57,40.092215238863254,40.35312929727827
2015-05-04,5.92,11.29,0.52,8.1,12.45,40.092215238863254,40.35312929727827
2015-05-05,3.89,12.02,-2.49,0.03,19.49,40.092215238863254,40.35312929727827
2015-05-06,3.02,10.38,-2.45,0.0,24.18,40.092215238863254,40.35312929727827
2015-05-07,4.85,12.67,-3.04,0.01,28.44,40.092215238863254,40.35312929727827
2015-05-08,8.87,16.17,0.52,0.36,23.74,40.092215238863254,40.35312929727827
2015-05-09,7.37,12.68,3.87,16.33,10.1,40.092215238863254,40.35312929727827
2015-05-10,5.43,11.52,1.67,2.74,11.78,40.092215238863254,40.35312929727827
2015-05-11,6.33,11.97,1.66,0.17,19.49,40.092215238863254,40.35312929727827
2015-05-12,7.08,12.91,1.62,2.79,11.59,40.092215238863254,40.35312929727827
2015-05-13,6.85,11.45,2.59,2.02,11.64,40.092215238863254,40.35312929727827
2015-05-14,5.86,9.44,2.24,4.93,14.0,40.092215238863254,40.35312929727827
2015-05-15,7.34,13.81,1.79,0.09,26.63,40.092215238863254,40.35312929727827
2015-05-16,9.46,16.01,2.52,0.06,17.32,40.092215238863254,40.35312929727827
2015-05-17,8.94,14.27,4.94,2.71,15.74,40.092215238863254,40.35312929727827
2015-05-18,10.07,16.73,3.95,0.09,25.08,40.092215238863254,40.35312929727827
2015-05-19,12.99,19.03,6.75,0.0,25.5,40.092215238863254,40.35312929727827
2015-05-20,14.9,21.08,7.47,0.0,29.05,40.092215238863254,40.35312929727827
2015-05-21,15.51,22.55,9.1,0.06,22.21,40.092215238863254,40.35312929727827
2015-05-22,12.84,19.83,6.67,0.11,17.58,40.092215238863254,40.35312929727827
2015-05-23,11.21,18.02,5.46,3.65,14.97,40.092215238863254,40.35312929727827
2015-05-24,11.05,15.79,6.69,0.66,18.96,40.092215238863254,40.35312929727827
2015-05-25,11.41,16.16,6.07,2.51,21.8,40.092215238863254,40.35312929727827
2015-05-26,12.85,19.36,5.16,0.78,23.6,40.092215238863254,40.35312929727827
2015-05-27,12.98,19.99,6.69,0.07,20.42,40.092215238863254,40.35312929727827
2015-05-28,12.25,17.8,5.95,2.2,15.96,40.092215238863254,40.35312929727827
2015-05-29,12.18,19.47,4.53,0.14,21.89,40.092215238863254,40.35312929727827
2015-05-30,10.97,16.18,4.49,1.71,17.75,40.092215238863254,40.35312929727827
2015-05-31,11.37,17.6,3.48,2.01,19.46,40.092215238863254,40.35312929727827
2015-06-01,12.88,19.81,5.85,0.01,25.82,40.092215238863254,40.35312929727827
2015-06-02,12.91,19.13,6.03,0.31,17.03,40.092215238863254,40.35312929727827
2015-06-03,15.09,20.91,7.86,11.45,21.59,40.092215238863254,40.35312929727827
2015-06-04,14.07,20.28,7.87,0.19,24.99,40.092215238863254,40.35312929727827
2015-06-05,14.96,22.46,7.34,0.31,23.38,40.092215238863254,40.35312929727827
2015-06-06,15.33,22.08,8.04,0.54,21.31,40.092215238863254,40.35312929727827
2015-06-07,15.03,21.83,8.56,0.02,21.14,40.092215238863254,40.35312929727827
2015-06-08,15.8,23.55,6.28,0.07,23.52,40.092215238863254,40.35312929727827
2015-06-09,16.77,22.6,10.47,1.68,23.98,40.092215238863254,40.35312929727827
2015-06-10,16.4,23.71,8.82,0.57,21.21,40.092215238863254,40.35312929727827
2015-06-11,15.27,21.64,8.63,2.85,17.48,40.092215238863254,40.35312929727827
2015-06-12,13.52,19.43,7.77,1.05,18.84,40.092215238863254,40.35312929727827
2015-06-13,15.01,22.88,6.05,0.34,22.85,40.092215238863254,40.35312929727827
2015-06-14,16.06,23.58,7.91,1.62,17.98,40.092215238863254,40.35312929727827
2015-06-15,14.05,21.72,6.98,5.0,13.7,40.092215238863254,40.35312929727827
2015-06-16,10.46,14.1,7.2,2.07,14.02,40.092215238863254,40.35312929727827
2015-06-17,12.86,20.28,4.94,0.37,27.78,40.092215238863254,40.35312929727827
2015-06-18,14.35,20.63,6.31,7.08,26.63,40.092215238863254,40.35312929727827
2015-06-19,15.97,22.71,8.41,0.23,25.62,40.092215238863254,40.35312929727827
2015-06-20,16.64,22.93,9.83,1.77,18.43,40.092215238863254,40.35312929727827
2015-06-21,16.08,23.65,7.93,5.06,19.36,40.092215238863254,40.35312929727827
2015-06-22,16.71,24.65,8.46,0.28,20.85,40.092215238863254,40.35312929727827
2015-06-23,18.22,26.59,8.59,0.13,21.06,40.092215238863254,40.35312929727827
2015-06-24,18.94,27.27,10.26,1.03,17.05,40.092215238863254,40.35312929727827
2015-06-25,15.97,23.94,9.51,2.72,18.25,40.092215238863254,40.35312929727827
2015-06-26,12.99,19.08,7.99,10.93,9.63,40.092215238863254,40.35312929727827
2015-06-27,13.67,18.53,8.06,7.25,16.91,40.092215238863254,40.35312929727827
2015-06-28,15.25,21.38,8.02,3.63,22.4,40.092215238863254,40.35312929727827
2015-06-29,17.34,24.36,9.85,0.47,20.94,40.092215238863254,40.35312929727827
2015-06-30,17.05,24.42,9.59,0.41,21.87,40.092215238863254,40.35312929727827
2015-07-01,15.17,23.91,6.47,0.13,22.8,40.092215238863254,40.35312929727827
2015-07-02,18.61,28.61,7.21,0.0,23.53,40.092215238863254,40.35312929727827
2015-07-03,17.77,27.16,8.82,0.02,20.72,40.092215238863254,40.35312929727827
2015-07-04,18.71,27.9,8.15,0.0,22.82,40.092215238863254,40.35312929727827
2015-07-05,20.66,29.98,10.42,0.04,22.33,40.092215238863254,40.35312929727827
2015-07-06,18.79,28.92,10.3,0.17,19.34,40.092215238863254,40.35312929727827
2015-07-07,17.54,26.22,9.41,0.35,17.75,40.092215238863254,40.35312929727827
2015-07-08,18.99,28.05,10.33,0.0,20.58,40.092215238863254,40.35312929727827
2015-07-09,21.11,30.09,12.29,0.0,25.17,40.092215238863254,40.35312929727827
2015-07-10,19.12,26.75,12.5,0.0,25.46,40.092215238863254,40.35312929727827
2015-07-11,16.87,24.7,9.38,0.03,27.2,40.092215238863254,40.35312929727827
2015-07-12,15.87,24.73,8.56,0.51,17.43,40.092215238863254,40.35312929727827
2015-07-13,14.52,22.76,8.25,3.9,19.7,40.092215238863254,40.35312929727827
2015-07-14,18.01,27.26,7.26,0.0,25.54,40.092215238863254,40.35312929727827
2015-07-15,18.76,26.49,11.42,0.18,18.97,40.092215238863254,40.35312929727827
2015-07-16,17.51,26.4,10.02,2.99,22.26,40.092215238863254,40.35312929727827
2015-07-17,15.09,23.34,7.3,1.02,20.07,40.092215238863254,40.35312929727827
2015-07-18,14.76,25.08,4.6,0.0,24.94,40.092215238863254,40.35312929727827
2015-07-19,13.33,22.16,4.91,0.0,28.24,40.092215238863254,40.35312929727827
2015-07-20,16.02,26.86,4.78,0.0,30.2,40.092215238863254,40.35312929727827
2015-07-21,18.67,28.68,8.59,0.0,24.98,40.092215238863254,40.35312929727827
2015-07-22,17.92,27.75,9.23,0.0,23.56,40.092215238863254,40.35312929727827
2015-07-23,19.25,28.72,10.06,0.0,26.87,40.092215238863254,40.35312929727827
2015-07-24,21.64,30.35,11.48,0.0,29.61,40.092215238863254,40.35312929727827
2015-07-25,22.92,30.25,15.66,0.0,27.36,40.092215238863254,40.35312929727827
2015-07-26,21.58,29.5,14.48,0.8,21.39,40.092215238863254,40.35312929727827
2015-07-27,19.17,27.92,10.9,2.21,22.59,40.092215238863254,40.35312929727827
2015-07-28,20.24,28.46,12.4,0.0,27.03,40.092215238863254,40.35312929727827
2015-07-29,21.25,29.92,12.46,0.0,27.18,40.092215238863254,40.35312929727827
2015-07-30,22.74,31.52,13.45,0.02,26.92,40.092215238863254,40.35312929727827
2015-07-31,23.39,32.36,14.67,0.02,21.0,40.092215238863254,40.35312929727827
2015-08-01,22.45,31.21,13.22,0.04,23.35,40.092215238863254,40.35312929727827
2015-08-02,21.76,31.71,13.16,3.67,18.55,40.092215238863254,40.35312929727827
2015-08-03,21.71,31.32,13.0,0.94,21.15,40.092215238863254,40.35312929727827
2015-08-04,21.88,30.01,13.66,0.03,24.39,40.092215238863254,40.35312929727827
2015-08-05,22.71,31.16,13.71,0.37,21.88,40.092215238863254,40.35312929727827
2015-08-06,20.54,28.86,13.68,1.58,24.44,40.092215238863254,40.35312929727827
2015-08-07,20.73,29.75,12.04,0.12,19.93,40.092215238863254,40.35312929727827
2015-08-08,20.28,28.65,11.89,0.3,20.91,40.092215238863254,40.35312929727827
2015-08-09,21.29,29.48,12.34,0.85,23.91,40.092215238863254,40.35312929727827
2015-08-10,22.79,31.05,14.05,0.17,21.9,40.092215238863254,40.35312929727827
2015-08-11,23.53,32.34,14.11,0.09,23.45,40.092215238863254,40.35312929727827
2015-08-12,22.95,32.55,14.97,2.61,20.82,40.092215238863254,40.35312929727827
2015-08-13,22.19,32.3,13.52,0.09,22.74,40.092215238863254,40.35312929727827
2015-08-14,22.43,31.9,14.22,0.02,24.33,40.092215238863254,40.35312929727827
2015-08-15,23.05,32.87,13.01,0.09,24.49,40.092215238863254,40.35312929727827
2015-08-16,22.41,30.69,15.25,4.91,20.09,40.092215238863254,40.35312929727827
2015-08-17,18.9,24.43,14.0,11.55,20.87,40.092215238863254,40.35312929727827
2015-08-18,21.2,28.19,13.79,0.0,22.52,40.092215238863254,40.35312929727827
2015-08-19,22.66,30.59,15.66,0.0,22.62,40.092215238863254,40.35312929727827
2015-08-20,22.6,31.23,15.29,0.0,21.67,40.092215238863254,40.35312929727827
2015-08-21,21.15,31.27,12.27,0.73,18.71,40.092215238863254,40.35312929727827
2015-08-22,19.73,27.47,12.88,4.34,18.04,40.092215238863254,40.35312929727827
2015-08-23,20.79,28.48,13.61,0.1,22.13,40.092215238863254,40.35312929727827
2015-08-24,16.52,22.65,9.57,8.84,15.2,40.092215238863254,40.35312929727827
2015-08-25,14.43,22.79,7.74,0.87,19.81,40.092215238863254,40.35312929727827
2015-08-26,13.77,20.78,7.63,1.77,14.46,40.092215238863254,40.35312929727827
2015-08-27,14.83,23.22,6.8,0.07,16.57,40.092215238863254,40.35312929727827
2015-08-28,14.15,20.91,8.27,6.47,15.76,40.092215238863254,40.35312929727827
2015-08-29,14.77,22.29,7.14,1.33,17.32,40.092215238863254,40.35312929727827
2015-08-30,15.69,24.22,7.9,0.0,17.23,40.092215238863254,40.35312929727827
2015-08-31,15.46,24.27,8.29,0.0,18.2,40.092215238863254,40.35312929727827
2015-09-01,14.36,23.63,5.93,0.0,21.68,40.092215238863254,40.35312929727827
2015-09-02,16.39,26.37,6.09,0.0,25.13,40.092215238863254,40.35312929727827
2015-09-03,19.1,28.01,11.34,0.0,24.27,40.092215238863254,40.35312929727827
2015-09-04,19.66,28.83,11.16,0.0,22.67,40.092215238863254,40.35312929727827
2015-09-05,18.98,26.83,11.65,0.02,21.9,40.092215238863254,40.35312929727827
2015-09-06,17.25,25.23,10.13,3.38,17.61,40.092215238863254,40.35312929727827
2015-09-07,17.15,25.95,10.56,0.12,23.31,40.092215238863254,40.35312929727827
2015-09-08,18.97,27.54,10.12,0.01,21.93,40.092215238863254,40.35312929727827
2015-09-09,19.1,27.46,12.38,0.3,17.07,40.092215238863254,40.35312929727827
2015-09-10,20.33,27.9,13.05,0.68,17.55,40.092215238863254,40.35312929727827
2015-09-11,19.43,27.79,13.35,0.0,19.43,40.092215238863254,40.35312929727827
2015-09-12,19.66,28.03,11.74,0.08,20.63,40.092215238863254,40.35312929727827
2015-09-13,19.65,27.23,12.87,1.66,17.18,40.092215238863254,40.35312929727827
2015-09-14,18.1,25.9,11.49,0.57,17.89,40.092215238863254,40.35312929727827
2015-09-15,16.37,24.83,10.01,0.44,16.6,40.092215238863254,40.35312929727827
2015-09-16,14.92,23.85,8.49,0.34,17.0,40.092215238863254,40.35312929727827
2015-09-17,15.28,25.21,7.08,0.0,21.23,40.092215238863254,40.35312929727827
2015-09-18,15.94,25.41,7.51,0.0,20.75,40.092215238863254,40.35312929727827
2015-09-19,17.9,26.13,9.4,0.0,20.95,40.092215238863254,40.35312929727827
2015-09-20,18.64,26.32,12.18,0.0,20.13,40.092215238863254,40.35312929727827
2015-09-21,17.06,25.73,11.83,0.25,16.82,40.092215238863254,40.35312929727827
2015-09-22,16.63,24.37,10.66,0.0,15.71,40.092215238863254,40.35312929727827
2015-09-23,16.25,24.09,9.26,0.0,19.59,40.092215238863254,40.35312929727827
2015-09-24,17.2,24.93,11.57,0.0,19.67,40.092215238863254,40.35312929727827
2015-09-25,16.6,25.38,8.8,0.43,15.91,40.092215238863254,40.35312929727827
2015-09-26,15.71,22.97,10.22,0.26,14.45,40.092215238863254,40.35312929727827
2015-09-27,15.17,22.29,8.15,0.39,16.6,40.092215238863254,40.35312929727827
2015-09-28,16.14,23.29,10.16,0.01,16.18,40.092215238863254,40.35312929727827
2015-09-29,15.25,20.65,10.39,3.92,12.72,40.092215238863254,40.35312929727827
2015-09-30,13.0,17.04,9.48,6.47,11.48,40.092215238863254,40.35312929727827
2015-10-01,14.2,21.04,8.01,0.49,11.83,40.092215238863254,40.35312929727827
2015-10-02,8.76,11.59,6.68,6.76,4.68,40.092215238863254,40.35312929727827
2015-10-03,11.54,16.84,6.92,1.68,12.0,40.092215238863254,40.35312929727827
2015-10-04,9.6,16.39,4.49,1.8,11.2,40.092215238863254,40.35312929727827
2015-10-05,10.03,17.44,3.05,0.0,17.24,40.092215238863254,40.35312929727827
2015-10-06,11.25,17.99,5.44,2.8,13.88,40.092215238863254,40.35312929727827
2015-10-07,8.32,11.17,5.6,24.48,4.13,40.092215238863254,40.35312929727827
2015-10-08,7.0,11.65,3.53,7.84,5.79,40.092215238863254,40.35312929727827
2015-10-09,7.24,11.81,3.96,3.29,7.77,40.092215238863254,40.35312929727827
2015-10-10,5.4,11.32,1.51,3.34,10.15,40.092215238863254,40.35312929727827
2015-10-11,7.8,16.0,0.78,0.0,16.56,40.092215238863254,40.35312929727827
2015-10-12,9.86,16.45,4.16,0.99,6.78,40.092215238863254,40.35312929727827
2015-10-13,10.15,15.68,5.77,5.3,10.46,40.092215238863254,40.35312929727827
2015-10-14,9.02,13.76,6.13,10.93,8.75,40.092215238863254,40.35312929727827
2015-10-15,8.24,14.62,3.89,2.33,10.97,40.092215238863254,40.35312929727827
2015-10-16,6.73,14.01,0.56,0.54,13.27,40.092215238863254,40.35312929727827
2015-10-17,6.17,15.61,-2.15,0.25,17.18,40.092215238863254,40.35312929727827
2015-10-18,8.78,16.44,1.73,0.0,14.59,40.092215238863254,40.35312929727827
2015-10-19,9.87,16.59,4.24,0.0,13.44,40.092215238863254,40.35312929727827
2015-10-20,9.71,16.58,5.13,0.0,10.81,40.092215238863254,40.35312929727827
2015-10-21,9.52,16.56,4.3,0.0,13.78,40.092215238863254,40.35312929727827
2015-10-22,8.54,15.3,3.42,0.62,10.26,40.092215238863254,40.35312929727827
2015-10-23,8.2,13.9,4.31,3.64,6.02,40.092215238863254,40.35312929727827
2015-10-24,9.07,15.14,5.82,1.71,7.43,40.092215238863254,40.35312929727827
2015-10-25,6.71,10.56,4.18,14.39,4.17,40.092215238863254,40.35312929727827
2015-10-26,4.08,7.68,1.37,46.21,4.12,40.092215238863254,40.35312929727827
2015-10-27,3.4,7.37,-0.39,13.01,4.91,40.092215238863254,40.35312929727827
2015-10-28,2.57,8.47,-1.5,2.9,5.32,40.092215238863254,40.35312929727827
2015-10-29,2.53,8.01,-1.42,1.35,7.62,40.092215238863254,40.35312929727827
2015-10-30,3.34,10.53,-1.64,0.67,10.28,40.092215238863254,40.35312929727827
2015-10-31,1.49,8.04,-3.56,0.74,6.89,40.092215238863254,40.35312929727827
2015-11-01,-0.67,6.94,-4.88,1.66,9.66,40.092215238863254,40.35312929727827
2015-11-02,-1.22,4.66,-4.71,1.16,9.25,40.092215238863254,40.35312929727827
2015-11-03,0.79,7.65,-4.16,0.5,12.8,40.092215238863254,40.35312929727827
2015-11-04,3.8,11.02,-1.52,0.0,13.42,40.092215238863254,40.35312929727827
2015-11-05,5.31,12.13,0.74,0.0,13.21,40.092215238863254,40.35312929727827
2015-11-06,4.53,12.01,-0.02,0.0,13.23,40.092215238863254,40.35312929727827
2015-11-07,3.82,11.75,-1.01,0.02,12.72,40.092215238863254,40.35312929727827
2015-11-08,2.3,9.33,-1.42,2.41,10.75,40.092215238863254,40.35312929727827
2015-11-09,0.38,4.27,-2.32,4.14,6.85,40.092215238863254,40.35312929727827
2015-11-10,-2.01,2.04,-5.38,4.72,5.86,40.092215238863254,40.35312929727827
2015-11-11,-1.46,2.78,-5.32,8.16,2.81,40.092215238863254,40.35312929727827
2015-11-12,0.79,3.66,-1.97,7.67,3.61,40.092215238863254,40.35312929727827
2015-11-13,0.26,5.05,-2.94,2.29,5.53,40.092215238863254,40.35312929727827
2015-11-14,-2.4,3.58,-7.46,0.13,8.82,40.092215238863254,40.35312929727827
2015-11-15,-0.03,7.51,-3.77,2.38,9.7,40.092215238863254,40.35312929727827
2015-11-16,-0.02,6.32,-3.82,0.99,9.76,40.092215238863254,40.35312929727827
2015-11-17,-2.66,1.09,-8.09,1.68,6.29,40.092215238863254,40.35312929727827
2015-11-18,-3.49,2.03,-8.16,0.01,8.78,40.092215238863254,40.35312929727827
2015-11-19,-1.37,3.56,-4.63,0.05,8.74,40.092215238863254,40.35312929727827
2015-11-20,-0.7,3.8,-3.32,0.08,7.35,40.092215238863254,40.35312929727827
2015-11-21,-0.79,6.14,-4.2,0.0,8.71,40.092215238863254,40.35312929727827
2015-11-22,0.05,8.43,-4.93,0.0,9.51,40.092215238863254,40.35312929727827
2015-11-23,2.81,9.84,-0.61,0.0,10.24,40.092215238863254,40.35312929727827
2015-11-24,2.63,10.38,-2.66,0.0,8.54,40.092215238863254,40.35312929727827
2015-11-25,1.41,8.1,-1.54,0.0,6.65,40.092215238863254,40.35312929727827
2015-11-26,0.2,5.48,-2.03,0.06,7.94,40.092215238863254,40.35312929727827
2015-11-27,0.47,5.54,-2.34,1.33,3.19,40.092215238863254,40.35312929727827
2015-11-28,1.31,7.17,-1.66,0.06,6.68,40.092215238863254,40.35312929727827
2015-11-29,-0.29,2.11,-2.98,6.94,2.33,40.092215238863254,40.35312929727827
2015-11-30,-0.91,3.23,-4.24,8.68,5.21,40.092215238863254,40.35312929727827
2015-12-01,-3.48,0.03,-7.62,5.95,5.05,40.092215238863254,40.35312929727827
2015-12-02,-5.54,-0.87,-9.6,6.08,2.94,40.092215238863254,40.35312929727827
2015-12-03,-11.99,-7.09,-15.11,3.72,3.11,40.092215238863254,40.35312929727827
2015-12-04,-11.83,-7.37,-16.27,4.92,4.98,40.092215238863254,40.35312929727827
2015-12-05,-14.94,-5.34,-20.26,0.76,7.77,40.092215238863254,40.35312929727827
2015-12-06,-13.28,-3.88,-20.54,0.1,7.04,40.092215238863254,40.35312929727827
2015-12-07,-8.82,-0.52,-15.93,0.02,8.45,40.092215238863254,40.35312929727827
2015-12-08,-7.45,-0.24,-12.6,0.0,9.83,40.092215238863254,40.35312929727827
2015-12-09,-9.62,-0.17,-14.96,0.0,9.85,40.092215238863254,40.35312929727827
2015-12-10,-6.88,1.67,-14.45,0.0,10.11,40.092215238863254,40.35312929727827
2015-12-11,-4.93,1.22,-8.58,0.0,9.04,40.092215238863254,40.35312929727827
2015-12-12,-5.47,0.75,-9.43,0.0,9.14,40.092215238863254,40.35312929727827
2015-12-13,-6.26,0.21,-11.18,0.0,8.39,40.092215238863254,40.35312929727827
2015-12-14,-6.37,1.86,-11.77,0.15,9.22,40.092215238863254,40.35312929727827
2015-12-15,-7.69,-1.07,-12.05,0.53,6.89,40.092215238863254,40.35312929727827
2015-12-16,-6.99,-1.13,-10.33,0.0,8.61,40.092215238863254,40.35312929727827
2015-12-17,-6.29,-0.08,-11.54,0.0,8.86,40.092215238863254,40.35312929727827
2015-12-18,-7.46,0.12,-13.46,0.0,9.72,40.092215238863254,40.35312929727827
2015-12-19,-5.77,0.41,-9.37,0.0,9.57,40.092215238863254,40.35312929727827
2015-12-20,-6.96,-0.79,-10.35,0.08,9.14,40.092215238863254,40.35312929727827
2015-12-21,-7.38,-0.57,-11.81,0.57,6.59,40.092215238863254,40.35312929727827
2015-12-22,-4.21,3.04,-9.97,0.02,9.59,40.092215238863254,40.35312929727827
2015-12-23,-4.83,-0.34,-9.44,0.28,7.11,40.092215238863254,40.35312929727827
2015-12-24,-7.15,0.2,-11.36,0.03,8.05,40.092215238863254,40.35312929727827
2015-12-25,-5.57,0.77,-9.66,0.01,8.57,40.092215238863254,40.35312929727827
2015-12-26,-4.63,1.54,-9.25,0.11,7.68,40.092215238863254,40.35312929727827
2015-12-27,-4.39,1.32,-7.6,0.16,8.36,40.092215238863254,40.35312929727827
2015-12-28,-3.67,1.85,-7.26,0.0,9.26,40.092215238863254,40.35312929727827
2015-12-29,-2.79,3.81,-6.57,0.0,8.62,40.092215238863254,40.35312929727827
2015-12-30,-6.67,-2.98,-11.82,7.63,6.28,40.092215238863254,40.35312929727827
2015-12-31,-12.12,-8.17,-15.04,6.76,6.17,40.092215238863254,40.35312929727827
2016-01-01,-13.93,-10.44,-16.04,5.7,5.62,40.092215238863254,40.35312929727827
2016-01-02,-16.08,-12.74,-21.12,2.22,8.55,40.092215238863254,40.35312929727827
2016-01-03,-18.77,-12.38,-23.91,0.01,8.4,40.092215238863254,40.35312929727827
2016-01-04,-13.42,-10.21,-18.86,1.03,4.47,40.092215238863254,40.35312929727827
2016-01-05,-8.25,-3.35,-14.3,3.57,5.12,40.092215238863254,40.35312929727827
2016-01-06,-5.37,-0.59,-10.33,3.38,5.22,40.092215238863254,40.35312929727827
2016-01-07,-2.32,-0.01,-4.73,2.51,3.12,40.092215238863254,40.35312929727827
2016-01-08,-2.09,-0.02,-7.37,8.81,2.29,40.092215238863254,40.35312929727827
2016-01-09,-7.83,-3.44,-12.12,1.07,6.3,40.092215238863254,40.35312929727827
2016-01-10,-11.07,-4.71,-15.65,0.03,8.79,40.092215238863254,40.35312929727827
2016-01-11,-8.49,-3.59,-13.92,0.08,5.02,40.092215238863254,40.35312929727827
2016-01-12,-7.07,-0.76,-11.11,0.11,8.64,40.092215238863254,40.35312929727827
2016-01-13,-5.55,-0.73,-10.18,0.09,8.96,40.092215238863254,40.35312929727827
2016-01-14,-3.41,-1.37,-7.31,11.68,1.67,40.092215238863254,40.35312929727827
2016-01-15,-9.64,-4.54,-17.23,0.48,10.11,40.092215238863254,40.35312929727827
2016-01-16,-9.48,-1.92,-14.97,0.0,10.09,40.092215238863254,40.35312929727827
2016-01-17,-7.32,-0.27,-12.74,0.0,9.58,40.092215238863254,40.35312929727827
2016-01-18,-4.32,0.11,-8.68,2.45,8.94,40.092215238863254,40.35312929727827
2016-01-19,-5.23,-2.13,-10.36,6.48,4.55,40.092215238863254,40.35312929727827
2016-01-20,-12.94,-7.05,-17.36,0.5,9.63,40.092215238863254,40.35312929727827
2016-01-21,-10.83,-3.69,-16.11,0.08,9.99,40.092215238863254,40.35312929727827
2016-01-22,-7.73,-2.1,-11.28,0.95,6.62,40.092215238863254,40.35312929727827
2016-01-23,-6.62,-2.09,-10.83,6.44,7.78,40.092215238863254,40.35312929727827
2016-01-24,-10.41,-6.39,-13.72,9.8,9.37,40.092215238863254,40.35312929727827
2016-01-25,-15.85,-13.78,-18.92,4.33,9.99,40.092215238863254,40.35312929727827
2016-01-26,-18.51,-13.99,-23.76,0.93,10.7,40.092215238863254,40.35312929727827
2016-01-27,-20.07,-12.5,-27.04,0.0,11.99,40.092215238863254,40.35312929727827
2016-01-28,-16.47,-10.52,-22.62,0.14,10.29,40.092215238863254,40.35312929727827
2016-01-29,-10.57,-4.23,-16.36,1.29,6.68,40.092215238863254,40.35312929727827
2016-01-30,-5.77,-1.56,-8.93,0.65,6.73,40.092215238863254,40.35312929727827
2016-01-31,-6.8,-1.14,-11.57,0.0,11.46,40.092215238863254,40.35312929727827
2016-02-01,-6.99,-2.07,-12.18,0.85,5.83,40.092215238863254,40.35312929727827
2016-02-02,-9.24,-5.49,-16.89,3.98,11.31,40.092215238863254,40.35312929727827
2016-02-03,-10.96,-3.47,-17.64,0.0,13.38,40.092215238863254,40.35312929727827
2016-02-04,-6.1,0.51,-10.12,0.0,12.93,40.092215238863254,40.35312929727827
2016-02-05,-6.31,0.11,-10.46,0.04,7.95,40.092215238863254,40.35312929727827
2016-02-06,-5.42,-0.04,-10.23,3.19,4.03,40.092215238863254,40.35312929727827
2016-02-07,-7.03,-3.86,-11.58,5.15,3.67,40.092215238863254,40.35312929727827
2016-02-08,-9.32,-2.15,-15.5,0.97,7.65,40.092215238863254,40.35312929727827
2016-02-09,-10.9,-3.26,-17.01,0.0,11.82,40.092215238863254,40.35312929727827
2016-02-10,-11.13,-2.8,-16.03,0.0,14.73,40.092215238863254,40.35312929727827
2016-02-11,-10.31,-2.46,-16.41,0.0,13.58,40.092215238863254,40.35312929727827
2016-02-12,-6.23,-1.06,-10.22,0.0,9.62,40.092215238863254,40.35312929727827
2016-02-13,-3.89,-0.08,-8.33,0.02,14.56,40.092215238863254,40.35312929727827
2016-02-14,-3.19,-0.47,-6.25,0.36,8.27,40.092215238863254,40.35312929727827
2016-02-15,-3.05,-0.17,-6.56,0.0,14.24,40.092215238863254,40.35312929727827
2016-02-16,-0.48,0.98,-1.96,0.0,10.54,40.092215238863254,40.35312929727827
2016-02-17,-0.62,2.12,-4.28,0.0,14.7,40.092215238863254,40.35312929727827
2016-02-18,-2.5,2.11,-6.07,0.0,14.66,40.092215238863254,40.35312929727827
2016-02-19,-2.19,5.24,-7.97,1.55,15.24,40.092215238863254,40.35312929727827
2016-02-20,-2.13,1.07,-5.94,4.01,11.72,40.092215238863254,40.35312929727827
2016-02-21,-0.98,3.43,-6.15,3.45,6.41,40.092215238863254,40.35312929727827
2016-02-22,-0.03,2.33,-2.66,9.7,6.7,40.092215238863254,40.35312929727827
2016-02-23,0.31,6.62,-4.49,2.0,7.75,40.092215238863254,40.35312929727827
2016-02-24,0.45,5.78,-2.72,0.0,13.47,40.092215238863254,40.35312929727827
2016-02-25,-0.3,4.36,-3.15,1.51,5.18,40.092215238863254,40.35312929727827
2016-02-26,0.82,6.54,-2.65,0.11,15.96,40.092215238863254,40.35312929727827
2016-02-27,1.76,8.93,-2.54,0.07,16.97,40.092215238863254,40.35312929727827
2016-02-28,1.11,6.13,-2.65,0.46,11.32,40.092215238863254,40.35312929727827
2016-02-29,2.28,9.48,-2.75,0.02,17.72,40.092215238863254,40.35312929727827
2016-03-01,4.03,13.92,-1.8,0.0,17.38,40.092215238863254,40.35312929727827
2016-03-02,3.89,13.67,-1.91,0.0,15.18,40.092215238863254,40.35312929727827
2016-03-03,2.8,8.68,-0.36,0.18,9.43,40.092215238863254,40.35312929727827
2016-03-04,2.15,6.61,-1.55,5.28,9.09,40.092215238863254,40.35312929727827
2016-03-05,1.08,5.74,-2.59,6.05,10.2,40.092215238863254,40.35312929727827
2016-03-06,-1.45,2.41,-4.06,3.84,8.28,40.092215238863254,40.35312929727827
2016-03-07,0.11,6.88,-5.32,0.0,17.82,40.092215238863254,40.35312929727827
2016-03-08,2.12,9.19,-3.7,0.0,17.33,40.092215238863254,40.35312929727827
2016-03-09,2.96,9.57,-1.95,0.0,19.23,40.092215238863254,40.35312929727827
2016-03-10,2.36,9.13,-2.97,0.13,17.35,40.092215238863254,40.35312929727827
2016-03-11,2.83,7.31,-1.01,2.24,13.57,40.092215238863254,40.35312929727827
2016-03-12,1.27,6.01,-2.11,0.58,12.41,40.092215238863254,40.35312929727827
2016-03-13,2.58,8.53,-2.06,0.0,18.27,40.092215238863254,40.35312929727827
2016-03-14,0.87,6.08,-2.75,5.54,9.34,40.092215238863254,40.35312929727827
2016-03-15,-3.15,1.22,-7.72,2.51,14.93,40.092215238863254,40.35312929727827
2016-03-16,-6.2,-0.72,-11.18,1.17,14.57,40.092215238863254,40.35312929727827
2016-03-17,-8.11,-2.75,-12.53,0.39,12.8,40.092215238863254,40.35312929727827
2016-03-18,-4.47,1.75,-10.98,0.0,15.13,40.092215238863254,40.35312929727827
2016-03-19,-1.41,3.35,-6.45,1.98,12.07,40.092215238863254,40.35312929727827
2016-03-20,-3.28,1.11,-9.92,7.16,15.32,40.092215238863254,40.35312929727827
2016-03-21,-5.05,1.24,-10.74,0.0,18.76,40.092215238863254,40.35312929727827
2016-03-22,-3.2,1.65,-8.11,0.0,15.69,40.092215238863254,40.35312929727827
2016-03-23,1.49,7.63,-4.46,0.3,14.81,40.092215238863254,40.35312929727827
2016-03-24,3.74,9.55,-0.85,0.0,11.6,40.092215238863254,40.35312929727827
2016-03-25,2.93,8.53,-1.36,1.24,14.53,40.092215238863254,40.35312929727827
2016-03-26,2.08,7.23,-2.16,4.11,11.92,40.092215238863254,40.35312929727827
2016-03-27,1.47,5.3,-1.83,4.61,11.83,40.092215238863254,40.35312929727827
2016-03-28,-0.08,3.03,-5.05,5.35,8.76,40.092215238863254,40.35312929727827
2016-03-29,-3.47,1.72,-7.56,2.44,10.9,40.092215238863254,40.35312929727827
2016-03-30,-3.19,2.56,-7.98,0.22,19.8,40.092215238863254,40.35312929727827
2016-03-31,-2.8,0.94,-6.06,1.35,13.9,40.092215238863254,40.35312929727827
2016-04-01,0.56,8.12,-7.0,0.0,23.41,40.092215238863254,40.35312929727827
2016-04-02,3.77,10.13,-1.39,0.55,17.97,40.092215238863254,40.35312929727827
2016-04-03,-0.82,4.66,-6.26,1.16,17.65,40.092215238863254,40.35312929727827
2016-04-04,0.22,7.34,-6.57,0.0,21.77,40.092215238863254,40.35312929727827
2016-04-05,4.72,11.61,-1.35,0.0,21.6,40.092215238863254,40.35312929727827
2016-04-06,7.02,14.44,0.18,0.28,21.81,40.092215238863254,40.35312929727827
2016-04-07,6.47,13.68,0.44,0.52,23.34,40.092215238863254,40.35312929727827
2016-04-08,8.24,15.14,1.84,0.01,23.38,40.092215238863254,40.35312929727827
2016-04-09,8.25,14.68,2.59,2.87,16.24,40.092215238863254,40.35312929727827
2016-04-10,6.55,12.15,2.84,9.33,13.41,40.092215238863254,40.35312929727827
2016-04-11,5.95,11.88,1.96,4.09,17.99,40.092215238863254,40.35312929727827
2016-04-12,5.69,11.38,0.98,1.29,13.69,40.092215238863254,40.35312929727827
2016-04-13,4.82,11.15,-0.9,0.31,12.59,40.092215238863254,40.35312929727827
2016-04-14,5.02,11.42,-1.14,0.0,16.75,40.092215238863254,40.35312929727827
2016-04-15,6.26,14.02,-0.1,0.59,20.3,40.092215238863254,40.35312929727827
2016-04-16,3.61,8.71,-3.29,4.09,17.51,40.092215238863254,40.35312929727827
2016-04-17,3.98,12.68,-4.0,0.0,25.32,40.092215238863254,40.35312929727827
2016-04-18,5.0,12.48,-1.29,0.0,25.49,40.092215238863254,40.35312929727827
2016-04-19,7.15,13.85,0.06,0.0,24.14,40.092215238863254,40.35312929727827
2016-04-20,10.17,18.07,3.05,0.02,23.79,40.092215238863254,40.35312929727827
2016-04-21,6.6,14.06,-4.68,5.62,11.22,40.092215238863254,40.35312929727827
2016-04-22,0.64,8.46,-8.18,0.01,22.79,40.092215238863254,40.35312929727827
2016-04-23,6.8,15.26,-0.91,0.0,27.76,40.092215238863254,40.35312929727827
2016-04-24,8.85,16.36,1.88,0.0,22.97,40.092215238863254,40.35312929727827
2016-04-25,8.46,14.35,3.31,1.07,15.91,40.092215238863254,40.35312929727827
2016-04-26,8.56,15.09,2.44,3.64,20.16,40.092215238863254,40.35312929727827
2016-04-27,10.07,16.38,4.02,0.92,14.07,40.092215238863254,40.35312929727827
2016-04-28,7.94,14.78,2.12,4.81,14.83,40.092215238863254,40.35312929727827
2016-04-29,5.92,11.61,0.32,0.08,14.81,40.092215238863254,40.35312929727827
2016-04-30,6.28,12.12,2.19,3.77,15.3,40.092215238863254,40.35312929727827
2016-05-01,6.74,12.46,2.4,0.74,16.97,40.092215238863254,40.35312929727827
2016-05-02,8.3,14.89,-0.13,0.01,24.64,40.092215238863254,40.35312929727827
2016-05-03,9.26,15.33,2.64,0.52,16.37,40.092215238863254,40.35312929727827
2016-05-04,7.79,12.11,2.42,4.54,17.24,40.092215238863254,40.35312929727827
2016-05-05,6.64,12.71,-0.06,2.02,16.77,40.092215238863254,40.35312929727827
2016-05-06,5.06,9.24,0.91,6.8,10.74,40.092215238863254,40.35312929727827
2016-05-07,4.17,8.75,0.74,8.95,10.84,40.092215238863254,40.35312929727827
2016-05-08,5.72,11.45,0.28,0.14,20.24,40.092215238863254,40.35312929727827
2016-05-09,8.33,15.02,0.53,0.0,24.39,40.092215238863254,40.35312929727827
2016-05-10,8.84,14.14,2.01,1.45,17.84,40.092215238863254,40.35312929727827
2016-05-11,9.37,15.08,3.47,3.49,18.53,40.092215238863254,40.35312929727827
2016-05-12,9.07,14.69,4.97,0.64,21.07,40.092215238863254,40.35312929727827
2016-05-13,10.5,15.43,5.69,4.28,9.45,40.092215238863254,40.35312929727827
2016-05-14,12.39,18.68,5.96,1.65,22.5,40.092215238863254,40.35312929727827
2016-05-15,13.52,18.37,9.13,1.58,17.6,40.092215238863254,40.35312929727827
2016-05-16,11.64,16.36,6.82,2.94,17.68,40.092215238863254,40.35312929727827
2016-05-17,13.0,19.77,6.27,0.07,26.41,40.092215238863254,40.35312929727827
2016-05-18,11.99,17.99,5.51,1.87,16.16,40.092215238863254,40.35312929727827
2016-05-19,7.35,13.22,1.94,3.91,11.99,40.092215238863254,40.35312929727827
2016-05-20,7.91,15.42,0.15,0.0,21.83,40.092215238863254,40.35312929727827
2016-05-21,10.38,17.67,2.56,0.0,25.57,40.092215238863254,40.35312929727827
2016-05-22,12.67,18.53,6.57,0.02,27.38,40.092215238863254,40.35312929727827
2016-05-23,11.65,17.5,5.76,2.72,14.24,40.092215238863254,40.35312929727827
2016-05-24,6.95,10.58,2.42,2.6,14.93,40.092215238863254,40.35312929727827
2016-05-25,9.16,17.48,1.74,0.63,28.52,40.092215238863254,40.35312929727827
2016-05-26,8.38,12.91,3.8,5.59,14.62,40.092215238863254,40.35312929727827
2016-05-27,8.4,12.91,2.51,7.91,10.57,40.092215238863254,40.35312929727827
2016-05-28,9.52,14.15,3.14,6.88,14.28,40.092215238863254,40.35312929727827
2016-05-29,7.82,11.16,3.79,3.42,15.91,40.092215238863254,40.35312929727827
2016-05-30,7.57,11.36,4.37,1.81,14.67,40.092215238863254,40.35312929727827
2016-05-31,9.21,15.75,4.23,0.49,23.82,40.092215238863254,40.35312929727827
2016-06-01,9.76,15.82,4.13,2.27,13.36,40.092215238863254,40.35312929727827
2016-06-02,11.22,17.79,5.59,0.03,27.11,40.092215238863254,40.35312929727827
2016-06-03,12.45,17.68,6.86,0.01,26.98,40.092215238863254,40.35312929727827
2016-06-04,13.05,18.95,6.5,2.12,23.06,40.092215238863254,40.35312929727827
2016-06-05,11.77,17.57,7.15,6.82,18.2,40.092215238863254,40.35312929727827
2016-06-06,12.11,18.32,4.5,0.26,24.87,40.092215238863254,40.35312929727827
2016-06-07,10.0,13.13,5.49,12.34,8.21,40.092215238863254,40.35312929727827
2016-06-08,8.79,15.01,2.86,4.47,15.47,40.092215238863254,40.35312929727827
2016-06-09,8.75,12.72,5.03,11.03,8.86,40.092215238863254,40.35312929727827
2016-06-10,9.26,15.28,3.46,6.87,18.53,40.092215238863254,40.35312929727827
2016-06-11,10.23,15.94,4.59,0.32,27.11,40.092215238863254,40.35312929727827
2016-06-12,9.92,17.38,1.6,0.01,33.12,40.092215238863254,40.35312929727827
2016-06-13,13.16,19.56,5.38,0.0,32.18,40.092215238863254,40.35312929727827
2016-06-14,15.28,21.97,7.65,0.0,28.47,40.092215238863254,40.35312929727827
2016-06-15,14.95,21.77,9.46,4.11,17.81,40.092215238863254,40.35312929727827
2016-06-16,10.97,15.31,4.99,6.9,10.0,40.092215238863254,40.35312929727827
2016-06-17,10.4,16.62,4.2,2.16,11.87,40.092215238863254,40.35312929727827
2016-06-18,11.96,17.7,6.19,2.48,18.71,40.092215238863254,40.35312929727827
2016-06-19,12.86,18.22,6.73,1.14,20.91,40.092215238863254,40.35312929727827
2016-06-20,14.52,21.02,6.82,0.0,23.93,40.092215238863254,40.35312929727827
2016-06-21,15.02,20.54,9.37,0.41,24.3,40.092215238863254,40.35312929727827
2016-06-22,15.65,22.6,7.46,0.0,26.1,40.092215238863254,40.35312929727827
2016-06-23,16.33,23.15,8.84,0.06,22.81,40.092215238863254,40.35312929727827
2016-06-24,16.34,22.38,9.76,0.51,22.21,40.092215238863254,40.35312929727827
2016-06-25,16.83,23.26,10.13,0.01,24.08,40.092215238863254,40.35312929727827
2016-06-26,17.77,24.75,9.46,0.0,28.42,40.092215238863254,40.35312929727827
2016-06-27,19.19,25.7,10.95,0.42,24.53,40.092215238863254,40.35312929727827
2016-06-28,19.6,26.01,12.98,1.16,19.69,40.092215238863254,40.35312929727827
2016-06-29,18.21,23.55,11.67,11.62,22.61,40.092215238863254,40.35312929727827
2016-06-30,18.84,24.69,11.6,2.15,21.26,40.092215238863254,40.35312929727827
2016-07-01,15.46,22.0,9.7,3.6,18.27,40.092215238863254,40.35312929727827
2016-07-02,15.07,21.46,8.38,0.41,22.27,40.092215238863254,40.35312929727827
2016-07-03,16.28,23.03,8.97,0.37,22.61,40.092215238863254,40.35312929727827
2016-07-04,16.37,23.53,9.66,2.65,20.86,40.092215238863254,40.35312929727827
2016-07-05,15.09,21.37,9.84,6.5,18.01,40.092215238863254,40.35312929727827
2016-07-06,14.62,19.65,10.56,0.15,19.29,40.092215238863254,40.35312929727827
2016-07-07,16.96,23.55,9.16,2.14,25.07,40.092215238863254,40.35312929727827
2016-07-08,14.02,18.76,7.64,10.67,14.45,40.092215238863254,40.35312929727827
2016-07-09,13.34,20.87,5.61,4.63,19.95,40.092215238863254,40.35312929727827
2016-07-10,14.69,23.4,7.1,0.08,18.89,40.092215238863254,40.35312929727827
2016-07-11,11.04,17.63,4.95,0.34,24.46,40.092215238863254,40.35312929727827
2016-07-12,12.42,20.68,3.69,0.0,27.63,40.092215238863254,40.35312929727827
2016-07-13,16.18,25.43,6.13,0.0,31.39,40.092215238863254,40.35312929727827
2016-07-14,17.82,25.86,7.8,0.0,28.24,40.092215238863254,40.35312929727827
2016-07-15,18.81,26.11,10.91,0.0,26.55,40.092215238863254,40.35312929727827
2016-07-16,19.88,27.12,12.85,0.0,28.3,40.092215238863254,40.35312929727827
2016-07-17,20.85,28.16,12.52,0.0,28.21,40.092215238863254,40.35312929727827
2016-07-18,22.57,29.49,15.33,0.02,21.64,40.092215238863254,40.35312929727827
2016-07-19,20.26,27.35,13.96,4.57,16.4,40.092215238863254,40.35312929727827
2016-07-20,20.94,28.57,12.04,2.18,20.1,40.092215238863254,40.35312929727827
2016-07-21,20.93,27.86,13.89,0.79,22.37,40.092215238863254,40.35312929727827
2016-07-22,18.93,26.1,11.86,2.25,17.64,40.092215238863254,40.35312929727827
2016-07-23,16.6,24.58,10.39,1.57,21.18,40.092215238863254,40.35312929727827
2016-07-24,14.59,23.3,7.39,0.1,22.14,40.092215238863254,40.35312929727827
2016-07-25,13.71,22.45,4.47,0.02,26.76,40.092215238863254,40.35312929727827
2016-07-26,16.83,26.73,6.9,0.01,25.73,40.092215238863254,40.35312929727827
2016-07-27,17.97,27.74,8.92,0.3,20.13,40.092215238863254,40.35312929727827
2016-07-28,17.67,26.87,9.93,0.01,19.09,40.092215238863254,40.35312929727827
2016-07-29,17.78,26.7,9.6,0.0,25.53,40.092215238863254,40.35312929727827
2016-07-30,18.96,28.1,10.23,0.42,19.17,40.092215238863254,40.35312929727827
2016-07-31,18.16,25.89,11.22,2.44,20.78,40.092215238863254,40.35312929727827
2016-08-01,19.13,27.26,12.27,1.44,22.72,40.092215238863254,40.35312929727827
2016-08-02,18.82,27.2,10.34,0.0,27.18,40.092215238863254,40.35312929727827
2016-08-03,19.44,28.3,10.92,0.0,27.06,40.092215238863254,40.35312929727827
2016-08-04,20.1,29.55,11.04,0.26,25.2,40.092215238863254,40.35312929727827
2016-08-05,20.52,30.0,12.02,0.82,17.95,40.092215238863254,40.35312929727827
2016-08-06,20.97,30.11,12.07,2.46,23.48,40.092215238863254,40.35312929727827
2016-08-07,19.27,26.42,12.79,6.69,16.13,40.092215238863254,40.35312929727827
2016-08-08,18.1,25.25,11.72,3.86,19.83,40.092215238863254,40.35312929727827
2016-08-09,19.73,28.5,11.33,0.0,24.37,40.092215238863254,40.35312929727827
2016-08-10,22.44,30.94,12.46,0.0,22.17,40.092215238863254,40.35312929727827
2016-08-11,21.39,29.11,14.31,0.15,19.88,40.092215238863254,40.35312929727827
2016-08-12,20.67,28.64,12.17,0.21,22.85,40.092215238863254,40.35312929727827
2016-08-13,21.39,28.33,13.93,1.0,17.6,40.092215238863254,40.35312929727827
2016-08-14,18.86,27.44,11.92,1.19,16.09,40.092215238863254,40.35312929727827
2016-08-15,17.73,26.8,10.1,2.51,17.13,40.092215238863254,40.35312929727827
2016-08-16,20.67,28.79,12.43,0.47,17.19,40.092215238863254,40.35312929727827
2016-08-17,19.37,28.27,10.78,1.24,13.1,40.092215238863254,40.35312929727827
2016-08-18,18.25,26.52,10.69,0.15,17.8,40.092215238863254,40.35312929727827
2016-08-19,20.96,30.63,10.77,0.0,23.29,40.092215238863254,40.35312929727827
2016-08-20,22.76,30.74,14.34,0.0,23.26,40.092215238863254,40.35312929727827
2016-08-21,22.82,31.22,14.52,0.04,21.02,40.092215238863254,40.35312929727827
2016-08-22,21.29,30.33,13.18,1.04,18.35,40.092215238863254,40.35312929727827
2016-08-23,21.02,29.72,12.52,0.0,23.62,40.092215238863254,40.35312929727827
2016-08-24,20.42,29.33,12.0,0.42,22.78,40.092215238863254,40.35312929727827
2016-08-25,21.25,29.25,12.63,0.94,18.7,40.092215238863254,40.35312929727827
2016-08-26,22.04,29.26,15.02,1.71,18.99,40.092215238863254,40.35312929727827
2016-08-27,21.66,29.51,14.87,1.06,19.56,40.092215238863254,40.35312929727827
2016-08-28,20.63,29.02,12.91,0.0,21.43,40.092215238863254,40.35312929727827
2016-08-29,19.88,29.0,11.64,0.0,22.65,40.092215238863254,40.35312929727827
2016-08-30,20.49,29.79,12.47,0.0,21.29,40.092215238863254,40.35312929727827
2016-08-31,19.39,28.45,12.33,0.22,18.66,40.092215238863254,40.35312929727827
2016-09-01,14.38,22.27,8.95,0.97,14.28,40.092215238863254,40.35312929727827
2016-09-02,14.69,23.46,6.53,0.34,19.23,40.092215238863254,40.35312929727827
2016-09-03,17.29,25.74,8.49,0.45,14.98,40.092215238863254,40.35312929727827
2016-09-04,16.24,22.32,10.48,10.89,10.78,40.092215238863254,40.35312929727827
2016-09-05,14.84,21.48,8.19,0.89,18.36,40.092215238863254,40.35312929727827
2016-09-06,13.99,21.45,7.08,2.88,22.67,40.092215238863254,40.35312929727827
2016-09-07,11.87,21.0,3.71,0.0,23.23,40.092215238863254,40.35312929727827
2016-09-08,13.45,24.0,3.97,0.0,23.01,40.092215238863254,40.35312929727827
2016-09-09,15.44,25.09,7.37,0.0,21.23,40.092215238863254,40.35312929727827
2016-09-10,14.49,24.83,6.17,0.0,22.27,40.092215238863254,40.35312929727827
2016-09-11,15.06,24.04,8.44,0.0,22.22,40.092215238863254,40.35312929727827
2016-09-12,14.74,23.69,7.68,0.0,22.52,40.092215238863254,40.35312929727827
2016-09-13,16.29,25.33,6.87,0.06,19.05,40.092215238863254,40.35312929727827
2016-09-14,15.95,23.19,9.78,5.52,15.13,40.092215238863254,40.35312929727827
2016-09-15,12.94,18.61,8.11,3.11,12.91,40.092215238863254,40.35312929727827
2016-09-16,8.53,14.47,5.22,17.62,5.33,40.092215238863254,40.35312929727827
2016-09-17,9.29,16.75,4.23,0.35,13.82,40.092215238863254,40.35312929727827
2016-09-18,10.26,18.99,2.85,0.0,22.7,40.092215238863254,40.35312929727827
2016-09-19,12.64,20.21,6.03,0.0,21.92,40.092215238863254,40.35312929727827
2016-09-20,14.28,22.46,7.19,0.01,21.12,40.092215238863254,40.35312929727827
2016-09-21,11.73,15.63,8.07,6.02,6.21,40.092215238863254,40.35312929727827
2016-09-22,10.87,17.03,4.6,8.43,10.15,40.092215238863254,40.35312929727827
2016-09-23,9.41,16.0,2.86,24.01,6.11,40.092215238863254,40.35312929727827
2016-09-24,3.98,8.49,-0.94,6.26,11.77,40.092215238863254,40.35312929727827
2016-09-25,4.81,13.18,-2.46,0.11,16.8,40.092215238863254,40.35312929727827
2016-09-26,7.72,15.64,-0.23,0.01,19.48,40.092215238863254,40.35312929727827
2016-09-27,9.52,16.51,2.87,0.4,15.91,40.092215238863254,40.35312929727827
2016-09-28,5.07,11.93,0.34,3.2,12.22,40.092215238863254,40.35312929727827
2016-09-29,4.86,11.81,0.0,4.32,10.91,40.092215238863254,40.35312929727827
2016-09-30,3.51,9.77,-1.14,1.67,7.07,40.092215238863254,40.35312929727827
2016-10-01,7.39,18.66,-2.12,0.0,19.12,40.092215238863254,40.35312929727827
2016-10-02,10.54,19.75,0.5,0.0,19.72,40.092215238863254,40.35312929727827
2016-10-03,12.16,19.13,5.67,0.0,19.43,40.092215238863254,40.35312929727827
2016-10-04,11.68,18.79,6.2,0.0,18.33,40.092215238863254,40.35312929727827
2016-10-05,12.61,20.11,6.23,0.0,18.7,40.092215238863254,40.35312929727827
2016-10-06,12.93,20.23,7.04,0.01,15.72,40.092215238863254,40.35312929727827
2016-10-07,12.37,19.92,7.08,0.0,17.32,40.092215238863254,40.35312929727827
2016-10-08,11.27,19.76,5.15,0.0,18.31,40.092215238863254,40.35312929727827
2016-10-09,10.8,18.94,4.9,3.66,13.59,40.092215238863254,40.35312929727827
2016-10-10,9.36,17.62,3.04,0.91,12.14,40.092215238863254,40.35312929727827
2016-10-11,10.08,16.37,5.71,0.0,14.5,40.092215238863254,40.35312929727827
2016-10-12,9.66,15.43,4.63,2.21,12.68,40.092215238863254,40.35312929727827
2016-10-13,10.55,17.74,4.44,0.2,12.81,40.092215238863254,40.35312929727827
2016-10-14,7.9,13.9,2.23,7.41,6.24,40.092215238863254,40.35312929727827
2016-10-15,2.99,9.61,-2.45,2.09,9.72,40.092215238863254,40.35312929727827
2016-10-16,3.43,11.04,-3.22,0.52,14.16,40.092215238863254,40.35312929727827
2016-10-17,4.19,10.82,0.33,9.0,4.55,40.092215238863254,40.35312929727827
2016-10-18,4.13,10.05,-0.63,7.93,7.14,40.092215238863254,40.35312929727827
2016-10-19,5.17,10.54,0.32,0.86,9.8,40.092215238863254,40.35312929727827
2016-10-20,5.35,12.96,0.38,0.72,10.69,40.092215238863254,40.35312929727827
2016-10-21,4.77,12.94,-2.53,0.45,12.45,40.092215238863254,40.35312929727827
2016-10-22,7.18,13.91,1.5,0.0,15.13,40.092215238863254,40.35312929727827
2016-10-23,7.24,13.74,3.23,0.0,15.15,40.092215238863254,40.35312929727827
2016-10-24,4.33,9.21,0.68,2.91,5.9,40.092215238863254,40.35312929727827
2016-10-25,2.85,9.52,-1.82,6.38,7.59,40.092215238863254,40.35312929727827
2016-10-26,2.5,8.9,-2.46,2.02,10.33,40.092215238863254,40.35312929727827
2016-10-27,3.55,10.98,-2.4,0.0,8.81,40.092215238863254,40.35312929727827
2016-10-28,4.78,8.37,1.15,0.21,8.61,40.092215238863254,40.35312929727827
2016-10-29,3.43,6.98,1.48,4.13,4.87,40.092215238863254,40.35312929727827
2016-10-30,4.16,9.1,1.13,3.99,5.02,40.092215238863254,40.35312929727827
2016-10-31,2.44,7.32,-0.94,1.26,3.85,40.092215238863254,40.35312929727827
2016-11-01,-2.28,1.67,-7.15,13.94,5.66,40.092215238863254,40.35312929727827
2016-11-02,-5.77,-2.56,-9.42,4.05,8.6,40.092215238863254,40.35312929727827
2016-11-03,-3.28,5.13,-9.81,0.01,12.64,40.092215238863254,40.35312929727827
2016-11-04,0.78,7.11,-5.44,0.0,11.97,40.092215238863254,40.35312929727827
2016-11-05,2.13,7.53,-1.38,0.0,11.08,40.092215238863254,40.35312929727827
2016-11-06,2.01,7.28,-0.92,0.0,10.57,40.092215238863254,40.35312929727827
2016-11-07,2.65,9.24,-1.22,0.0,10.83,40.092215238863254,40.35312929727827
2016-11-08,3.94,11.05,-0.58,0.0,11.89,40.092215238863254,40.35312929727827
2016-11-09,5.85,13.74,1.38,0.0,10.8,40.092215238863254,40.35312929727827
2016-11-10,4.77,12.72,-0.13,0.0,7.34,40.092215238863254,40.35312929727827
2016-11-11,3.91,11.78,-0.39,0.0,11.63,40.092215238863254,40.35312929727827
2016-11-12,4.79,10.4,1.01,0.0,9.9,40.092215238863254,40.35312929727827
2016-11-13,4.29,10.65,0.54,0.51,8.35,40.092215238863254,40.35312929727827
2016-11-14,4.87,10.51,0.88,0.14,9.58,40.092215238863254,40.35312929727827
2016-11-15,4.37,9.68,1.57,2.79,8.0,40.092215238863254,40.35312929727827
2016-11-16,1.37,5.17,-5.36,15.41,3.33,40.092215238863254,40.35312929727827
2016-11-17,-5.55,0.54,-9.48,2.04,4.8,40.092215238863254,40.35312929727827
2016-11-18,-6.34,0.28,-10.67,0.1,7.75,40.092215238863254,40.35312929727827
2016-11-19,-3.11,5.02,-7.77,0.0,7.95,40.092215238863254,40.35312929727827
2016-11-20,-2.38,5.49,-6.72,0.0,9.82,40.092215238863254,40.35312929727827
2016-11-21,-3.59,5.44,-8.53,0.0,9.7,40.092215238863254,40.35312929727827
2016-11-22,-4.59,4.6,-10.63,0.0,10.07,40.092215238863254,40.35312929727827
2016-11-23,-1.33,6.99,-6.89,0.0,9.27,40.092215238863254,40.35312929727827
2016-11-24,-2.33,5.69,-8.97,0.0,9.45,40.092215238863254,40.35312929727827
2016-11-25,-1.0,5.29,-4.54,0.0,9.78,40.092215238863254,40.35312929727827
2016-11-26,-1.97,3.96,-6.08,0.0,8.23,40.092215238863254,40.35312929727827
2016-11-27,-3.11,3.54,-7.26,0.0,9.07,40.092215238863254,40.35312929727827
2016-11-28,-3.34,4.53,-8.17,0.0,9.2,40.092215238863254,40.35312929727827
2016-11-29,-2.97,3.73,-7.72,0.02,6.07,40.092215238863254,40.35312929727827
2016-11-30,-2.88,0.95,-5.32,5.89,2.25,40.092215238863254,40.35312929727827
2016-12-01,-2.51,1.25,-4.96,11.82,1.52,40.092215238863254,40.35312929727827
2016-12-02,-4.69,0.01,-12.71,12.43,2.28,40.092215238863254,40.35312929727827
2016-12-03,-9.2,-4.89,-13.44,0.79,2.98,40.092215238863254,40.35312929727827
2016-12-04,-7.88,-1.89,-12.86,1.38,3.55,40.092215238863254,40.35312929727827
2016-12-05,-9.54,-3.76,-16.86,3.14,3.18,40.092215238863254,40.35312929727827
2016-12-06,-15.35,-8.92,-18.94,0.69,9.24,40.092215238863254,40.35312929727827
2016-12-07,-12.61,-5.43,-16.61,1.94,6.19,40.092215238863254,40.35312929727827
2016-12-08,-16.67,-11.26,-21.22,1.26,8.68,40.092215238863254,40.35312929727827
2016-12-09,-14.55,-8.73,-20.73,0.16,7.05,40.092215238863254,40.35312929727827
2016-12-10,-10.21,-4.14,-15.47,4.38,2.63,40.092215238863254,40.35312929727827
2016-12-11,-10.14,-4.57,-14.16,1.62,2.26,40.092215238863254,40.35312929727827
2016-12-12,-7.13,-0.77,-11.34,0.11,4.26,40.092215238863254,40.35312929727827
2016-12-13,-5.83,-2.61,-9.79,7.25,2.62,40.092215238863254,40.35312929727827
2016-12-14,-11.78,-5.84,-15.6,10.85,2.44,40.092215238863254,40.35312929727827
2016-12-15,-15.31,-9.97,-19.82,0.41,8.95,40.092215238863254,40.35312929727827
2016-12-16,-14.52,-8.97,-19.29,2.24,5.46,40.092215238863254,40.35312929727827
2016-12-17,-15.82,-8.92,-21.72,2.1,7.24,40.092215238863254,40.35312929727827
2016-12-18,-19.63,-9.81,-25.42,0.11,9.12,40.092215238863254,40.35312929727827
2016-12-19,-18.18,-8.83,-25.3,0.0,8.4,40.092215238863254,40.35312929727827
2016-12-20,-15.43,-10.53,-19.38,0.0,7.69,40.092215238863254,40.35312929727827
2016-12-21,-13.25,-7.55,-19.83,0.0,8.9,40.092215238863254,40.35312929727827
2016-12-22,-13.8,-3.68,-20.06,0.0,9.21,40.092215238863254,40.35312929727827
2016-12-23,-11.19,-2.95,-17.01,0.01,8.76,40.092215238863254,40.35312929727827
2016-12-24,-5.09,0.01,-9.76,1.03,5.9,40.092215238863254,40.35312929727827
2016-12-25,-5.99,-1.14,-10.0,4.24,2.49,40.092215238863254,40.35312929727827
2016-12-26,-7.62,-3.03,-11.52,0.71,6.11,40.092215238863254,40.35312929727827
2016-12-27,-7.58,-2.42,-11.36,0.36,4.56,40.092215238863254,40.35312929727827
2016-12-28,-8.63,-2.84,-11.77,1.1,3.67,40.092215238863254,40.35312929727827
2016-12-29,-8.94,-2.91,-14.62,0.04,5.33,40.092215238863254,40.35312929727827
2016-12-30,-10.42,-2.37,-14.62,0.0,8.26,40.092215238863254,40.35312929727827
2016-12-31,-8.9,-1.35,-14.68,0.87,6.14,40.092215238863254,40.35312929727827
2017-01-01,-10.38,-5.24,-15.18,2.61,6.56,40.092215238863254,40.35312929727827
2017-01-02,-14.49,-7.51,-18.51,0.03,9.66,40.092215238863254,40.35312929727827
2017-01-03,-12.1,-4.74,-18.32,0.03,8.19,40.092215238863254,40.35312929727827
2017-01-04,-13.83,-7.44,-18.53,0.0,9.1,40.092215238863254,40.35312929727827
2017-01-05,-12.68,-5.71,-18.53,0.16,8.06,40.092215238863254,40.35312929727827
2017-01-06,-7.44,-1.51,-10.68,0.25,6.61,40.092215238863254,40.35312929727827
2017-01-07,-8.85,-2.03,-12.94,0.01,9.84,40.092215238863254,40.35312929727827
2017-01-08,-7.73,-1.48,-12.8,0.1,7.65,40.092215238863254,40.35312929727827
2017-01-09,-8.63,-2.6,-13.02,1.78,5.04,40.092215238863254,40.35312929727827
2017-01-10,-11.03,-4.28,-18.51,1.49,9.25,40.092215238863254,40.35312929727827
2017-01-11,-10.47,-3.6,-17.59,0.0,8.95,40.092215238863254,40.35312929727827
2017-01-12,-10.56,-2.49,-14.66,0.0,9.79,40.092215238863254,40.35312929727827
2017-01-13,-11.03,-5.89,-15.37,3.73,5.2,40.092215238863254,40.35312929727827
2017-01-14,-12.76,-3.7,-18.63,0.02,9.62,40.092215238863254,40.35312929727827
2017-01-15,-9.41,-4.37,-14.25,0.0,9.46,40.092215238863254,40.35312929727827
2017-01-16,-9.04,-1.98,-13.28,0.0,10.21,40.092215238863254,40.35312929727827
2017-01-17,-6.76,-1.56,-9.61,0.0,9.95,40.092215238863254,40.35312929727827
2017-01-18,-5.71,-1.32,-10.07,0.05,8.58,40.092215238863254,40.35312929727827
2017-01-19,-8.63,-2.98,-12.64,1.47,5.52,40.092215238863254,40.35312929727827
2017-01-20,-8.71,-3.36,-13.66,1.67,5.03,40.092215238863254,40.35312929727827
2017-01-21,-13.05,-5.89,-17.77,0.8,8.66,40.092215238863254,40.35312929727827
2017-01-22,-14.11,-6.65,-18.19,0.02,9.52,40.092215238863254,40.35312929727827
2017-01-23,-14.07,-5.06,-20.56,0.0,11.88,40.092215238863254,40.35312929727827
2017-01-24,-12.1,-3.04,-18.53,0.01,12.43,40.092215238863254,40.35312929727827
2017-01-25,-8.58,-4.15,-11.99,3.2,3.47,40.092215238863254,40.35312929727827
2017-01-26,-7.89,-3.22,-12.2,6.16,5.38,40.092215238863254,40.35312929727827
2017-01-27,-12.94,-9.9,-15.87,5.85,6.84,40.092215238863254,40.35312929727827
2017-01-28,-16.21,-11.13,-20.57,2.47,6.35,40.092215238863254,40.35312929727827
2017-01-29,-17.66,-12.64,-21.06,1.89,7.57,40.092215238863254,40.35312929727827
2017-01-30,-16.19,-11.16,-19.63,2.64,10.01,40.092215238863254,40.35312929727827
2017-01-31,-14.05,-9.56,-16.94,8.49,7.58,40.092215238863254,40.35312929727827
2017-02-01,-16.23,-10.86,-24.63,3.52,11.57,40.092215238863254,40.35312929727827
2017-02-02,-17.35,-7.79,-24.45,0.11,12.88,40.092215238863254,40.35312929727827
2017-02-03,-13.85,-6.1,-20.17,0.0,13.69,40.092215238863254,40.35312929727827
2017-02-04,-10.3,-3.3,-14.81,0.0,6.03,40.092215238863254,40.35312929727827
2017-02-05,-8.94,-2.96,-13.3,0.1,7.73,40.092215238863254,40.35312929727827
2017-02-06,-8.87,-2.57,-14.03,0.03,6.03,40.092215238863254,40.35312929727827
2017-02-07,-6.94,-1.14,-10.52,0.0,11.81,40.092215238863254,40.35312929727827
2017-02-08,-6.42,-0.53,-9.96,0.01,12.46,40.092215238863254,40.35312929727827
2017-02-09,-6.02,-2.27,-8.71,0.52,10.09,40.092215238863254,40.35312929727827
2017-02-10,-6.64,-2.01,-9.49,1.62,9.46,40.092215238863254,40.35312929727827
2017-02-11,-10.91,-3.82,-18.04,0.05,13.28,40.092215238863254,40.35312929727827
2017-02-12,-14.96,-4.86,-22.7,0.97,13.3,40.092215238863254,40.35312929727827
2017-02-13,-13.61,-6.59,-19.85,1.5,13.1,40.092215238863254,40.35312929727827
2017-02-14,-14.01,-7.83,-20.22,1.71,12.49,40.092215238863254,40.35312929727827
2017-02-15,-14.79,-9.47,-18.2,0.42,12.63,40.092215238863254,40.35312929727827
2017-02-16,-15.75,-10.36,-18.73,2.82,12.76,40.092215238863254,40.35312929727827
2017-02-17,-16.99,-10.71,-22.96,1.3,14.12,40.092215238863254,40.35312929727827
2017-02-18,-14.35,-4.66,-23.89,0.0,16.43,40.092215238863254,40.35312929727827
2017-02-19,-8.98,-2.02,-15.66,0.0,16.55,40.092215238863254,40.35312929727827
2017-02-20,-6.57,-0.31,-10.98,0.0,15.59,40.092215238863254,40.35312929727827
2017-02-21,-7.68,-2.22,-11.89,0.0,15.94,40.092215238863254,40.35312929727827
2017-02-22,-6.21,-1.25,-11.93,1.97,12.72,40.092215238863254,40.35312929727827
2017-02-23,-6.12,-1.76,-10.67,1.23,15.06,40.092215238863254,40.35312929727827
2017-02-24,-6.35,0.38,-10.99,0.0,17.02,40.092215238863254,40.35312929727827
2017-02-25,-5.52,0.28,-10.55,0.05,17.37,40.092215238863254,40.35312929727827
2017-02-26,-4.65,-1.26,-8.28,1.33,11.17,40.092215238863254,40.35312929727827
2017-02-27,-2.9,0.1,-6.07,0.0,14.83,40.092215238863254,40.35312929727827
2017-02-28,-2.28,2.37,-5.69,0.0,17.76,40.092215238863254,40.35312929727827
2017-03-01,-1.95,2.93,-6.52,0.0,12.87,40.092215238863254,40.35312929727827
2017-03-02,-0.55,1.74,-3.07,0.11,12.92,40.092215238863254,40.35312929727827
2017-03-03,-0.6,2.16,-3.53,0.74,10.93,40.092215238863254,40.35312929727827
2017-03-04,-2.58,0.97,-9.02,5.82,8.49,40.092215238863254,40.35312929727827
2017-03-05,-4.76,2.87,-11.79,0.51,14.02,40.092215238863254,40.35312929727827
2017-03-06,-1.25,6.47,-7.28,0.0,18.59,40.092215238863254,40.35312929727827
2017-03-07,-0.09,6.66,-5.4,0.0,16.08,40.092215238863254,40.35312929727827
2017-03-08,0.59,6.58,-4.37,0.0,18.52,40.092215238863254,40.35312929727827
2017-03-09,1.17,7.47,-2.94,0.0,18.16,40.092215238863254,40.35312929727827
2017-03-10,2.08,8.81,-2.66,0.01,16.34,40.092215238863254,40.35312929727827
2017-03-11,0.96,5.76,-2.0,1.19,10.59,40.092215238863254,40.35312929727827
2017-03-12,0.77,5.59,-2.71,1.6,15.34,40.092215238863254,40.35312929727827
2017-03-13,0.56,4.3,-2.82,1.2,11.33,40.092215238863254,40.35312929727827
2017-03-14,0.15,4.79,-3.14,2.49,13.36,40.092215238863254,40.35312929727827
2017-03-15,-2.4,0.16,-5.37,3.06,14.88,40.092215238863254,40.35312929727827
2017-03-16,-3.21,1.96,-6.1,0.47,16.53,40.092215238863254,40.35312929727827
2017-03-17,-2.38,0.81,-5.79,2.03,18.62,40.092215238863254,40.35312929727827
2017-03-18,-2.24,0.85,-7.27,6.19,10.61,40.092215238863254,40.35312929727827
2017-03-19,-2.39,5.19,-8.82,0.07,21.84,40.092215238863254,40.35312929727827
2017-03-20,-3.59,1.7,-9.42,1.81,8.77,40.092215238863254,40.35312929727827
2017-03-21,-5.38,-1.04,-9.56,0.08,14.2,40.092215238863254,40.35312929727827
2017-03-22,-3.81,0.17,-6.99,0.92,18.32,40.092215238863254,40.35312929727827
2017-03-23,-2.67,5.86,-10.26,0.0,21.4,40.092215238863254,40.35312929727827
2017-03-24,0.15,8.39,-7.17,0.0,23.03,40.092215238863254,40.35312929727827
2017-03-25,2.24,9.32,-2.15,0.0,22.84,40.092215238863254,40.35312929727827
2017-03-26,2.09,8.41,-3.14,0.1,20.41,40.092215238863254,40.35312929727827
2017-03-27,2.32,6.84,-0.43,2.23,13.51,40.092215238863254,40.35312929727827
2017-03-28,0.26,5.31,-4.47,1.79,22.25,40.092215238863254,40.35312929727827
2017-03-29,1.32,8.23,-3.62,0.0,24.02,40.092215238863254,40.35312929727827
2017-03-30,3.93,11.27,-1.85,0.0,24.2,40.092215238863254,40.35312929727827
2017-03-31,2.51,7.04,-1.59,1.94,20.52,40.092215238863254,40.35312929727827
2017-04-01,2.37,7.53,-0.73,1.88,17.32,40.092215238863254,40.35312929727827
2017-04-02,0.99,6.93,-3.84,1.97,13.81,40.092215238863254,40.35312929727827
2017-04-03,0.06,4.55,-3.56,1.53,17.37,40.092215238863254,40.35312929727827
2017-04-04,4.55,11.43,-2.53,0.0,24.08,40.092215238863254,40.35312929727827
2017-04-05,5.37,13.43,-0.74,0.0,22.07,40.092215238863254,40.35312929727827
2017-04-06,3.23,12.22,-2.45,0.07,17.94,40.092215238863254,40.35312929727827
2017-04-07,2.24,9.81,-1.72,1.44,16.15,40.092215238863254,40.35312929727827
2017-04-08,1.81,7.24,-2.87,0.92,18.05,40.092215238863254,40.35312929727827
2017-04-09,-1.93,1.13,-8.73,9.74,17.22,40.092215238863254,40.35312929727827
2017-04-10,-2.31,5.15,-9.27,0.03,18.55,40.092215238863254,40.35312929727827
2017-04-11,-0.97,4.21,-4.98,0.0,16.27,40.092215238863254,40.35312929727827
2017-04-12,3.56,12.99,-5.02,1.17,22.45,40.092215238863254,40.35312929727827
2017-04-13,5.54,13.31,0.33,7.86,12.45,40.092215238863254,40.35312929727827
2017-04-14,6.39,11.29,1.63,11.77,8.35,40.092215238863254,40.35312929727827
2017-04-15,3.95,10.07,-0.96,0.23,17.08,40.092215238863254,40.35312929727827
2017-04-16,4.87,11.2,-1.54,0.0,20.08,40.092215238863254,40.35312929727827
2017-04-17,4.95,11.38,-1.54,0.39,19.71,40.092215238863254,40.35312929727827
2017-04-18,4.21,8.78,0.76,4.79,16.62,40.092215238863254,40.35312929727827
2017-04-19,4.61,10.49,0.49,0.87,14.65,40.092215238863254,40.35312929727827
2017-04-20,4.48,10.79,-0.97,0.02,17.13,40.092215238863254,40.35312929727827
2017-04-21,6.02,12.94,-0.95,0.61,15.76,40.092215238863254,40.35312929727827
2017-04-22,8.18,15.36,2.46,1.66,14.28,40.092215238863254,40.35312929727827
2017-04-23,8.29,15.67,-1.01,1.35,15.2,40.092215238863254,40.35312929727827
2017-04-24,1.24,8.38,-4.19,0.85,18.48,40.092215238863254,40.35312929727827
2017-04-25,-0.83,5.66,-6.15,1.18,21.92,40.092215238863254,40.35312929727827
2017-04-26,3.7,13.15,-6.29,0.0,27.42,40.092215238863254,40.35312929727827
2017-04-27,7.34,15.45,-1.64,0.0,27.95,40.092215238863254,40.35312929727827
2017-04-28,8.71,14.84,1.61,0.0,21.63,40.092215238863254,40.35312929727827
2017-04-29,7.04,10.84,2.44,4.9,20.15,40.092215238863254,40.35312929727827
2017-04-30,8.99,15.51,2.69,0.0,25.2,40.092215238863254,40.35312929727827
2017-05-01,10.79,16.99,3.21,0.04,24.24,40.092215238863254,40.35312929727827
2017-05-02,8.58,13.3,4.77,3.54,17.07,40.092215238863254,40.35312929727827
2017-05-03,7.66,13.2,2.7,0.66,16.67,40.092215238863254,40.35312929727827
2017-05-04,7.3,12.11,3.08,1.33,12.39,40.092215238863254,40.35312929727827
2017-05-05,7.95,14.97,2.38,1.32,21.03,40.092215238863254,40.35312929727827
2017-05-06,9.31,16.24,3.53,0.41,23.78,40.092215238863254,40.35312929727827
2017-05-07,7.06,11.82,2.23,4.52,13.58,40.092215238863254,40.35312929727827
2017-05-08,6.84,13.21,-0.91,1.43,14.17,40.092215238863254,40.35312929727827
2017-05-09,9.89,15.52,4.81,0.72,20.53,40.092215238863254,40.35312929727827
2017-05-10,11.62,17.37,5.86,1.15,13.51,40.092215238863254,40.35312929727827
2017-05-11,9.5,17.4,1.73,2.89,13.57,40.092215238863254,40.35312929727827
2017-05-12,7.83,16.48,-0.79,0.01,27.77,40.092215238863254,40.35312929727827
2017-05-13,11.47,17.97,4.38,0.0,28.28,40.092215238863254,40.35312929727827
2017-05-14,13.15,19.34,6.86,3.15,20.4,40.092215238863254,40.35312929727827
2017-05-15,8.39,14.68,1.66,2.37,14.84,40.092215238863254,40.35312929727827
2017-05-16,6.13,12.36,0.41,1.46,15.81,40.092215238863254,40.35312929727827
2017-05-17,8.7,17.15,-1.23,0.01,22.51,40.092215238863254,40.35312929727827
2017-05-18,10.86,15.82,5.33,0.63,19.07,40.092215238863254,40.35312929727827
2017-05-19,11.5,16.88,6.32,6.3,7.87,40.092215238863254,40.35312929727827
2017-05-20,8.93,12.63,5.53,12.54,10.09,40.092215238863254,40.35312929727827
2017-05-21,7.57,13.11,3.22,3.04,22.95,40.092215238863254,40.35312929727827
2017-05-22,7.81,13.92,0.33,1.22,21.07,40.092215238863254,40.35312929727827
2017-05-23,7.02,11.12,3.9,7.69,8.64,40.092215238863254,40.35312929727827
2017-05-24,6.35,12.5,0.77,2.35,19.79,40.092215238863254,40.35312929727827
2017-05-25,8.86,15.24,1.78,0.0,30.71,40.092215238863254,40.35312929727827
2017-05-26,9.62,15.44,4.31,5.26,21.5,40.092215238863254,40.35312929727827
2017-05-27,9.63,14.27,4.23,4.45,21.9,40.092215238863254,40.35312929727827
2017-05-28,10.89,16.94,3.12,3.01,17.59,40.092215238863254,40.35312929727827
2017-05-29,12.63,20.18,4.41,0.02,23.28,40.092215238863254,40.35312929727827
2017-05-30,12.68,20.03,5.26,0.0,29.33,40.092215238863254,40.35312929727827
2017-05-31,10.59,16.01,4.75,0.78,17.73,40.092215238863254,40.35312929727827
2017-06-01,8.39,13.38,2.53,2.2,15.97,40.092215238863254,40.35312929727827
2017-06-02,8.2,15.42,0.69,0.17,16.37,40.092215238863254,40.35312929727827
2017-06-03,10.5,18.72,0.97,0.0,29.75,40.092215238863254,40.35312929727827
2017-06-04,13.52,20.91,5.34,0.0,29.86,40.092215238863254,40.35312929727827
2017-06-05,15.96,23.62,6.87,0.0,29.75,40.092215238863254,40.35312929727827
2017-06-06,17.14,24.66,9.33,0.33,24.61,40.092215238863254,40.35312929727827
2017-06-07,14.79,20.95,8.71,0.01,19.61,40.092215238863254,40.35312929727827
2017-06-08,14.49,21.23,7.44,0.0,29.87,40.092215238863254,40.35312929727827
2017-06-09,17.19,23.48,11.12,0.02,31.35,40.092215238863254,40.35312929727827
2017-06-10,16.49,23.55,8.79,1.71,23.18,40.092215238863254,40.35312929727827
2017-06-11,12.79,20.02,6.6,0.18,18.57,40.092215238863254,40.35312929727827
2017-06-12,12.81,19.61,5.77,0.01,19.03,40.092215238863254,40.35312929727827
2017-06-13,14.91,21.88,6.82,0.0,28.28,40.092215238863254,40.35312929727827
2017-06-14,15.75,22.35,9.31,6.17,11.97,40.092215238863254,40.35312929727827
2017-06-15,11.94,17.41,6.61,2.86,17.45,40.092215238863254,40.35312929727827
2017-06-16,10.58,16.61,4.36,0.87,13.27,40.092215238863254,40.35312929727827
2017-06-17,11.8,20.89,0.94,0.02,32.33,40.092215238863254,40.35312929727827
2017-06-18,15.39,22.05,9.05,0.0,28.82,40.092215238863254,40.35312929727827
2017-06-19,15.96,23.13,8.78,1.07,19.43,40.092215238863254,40.35312929727827
2017-06-20,13.02,18.39,6.92,4.1,13.95,40.092215238863254,40.35312929727827
2017-06-21,12.04,18.9,5.63,0.35,17.92,40.092215238863254,40.35312929727827
2017-06-22,10.83,15.69,5.06,0.97,18.83,40.092215238863254,40.35312929727827
2017-06-23,11.69,20.02,3.28,0.05,27.01,40.092215238863254,40.35312929727827
2017-06-24,13.68,22.5,4.01,0.0,32.11,40.092215238863254,40.35312929727827
2017-06-25,14.5,22.78,5.26,0.38,27.54,40.092215238863254,40.35312929727827
2017-06-26,18.26,27.27,6.73,0.0,30.63,40.092215238863254,40.35312929727827
2017-06-27,20.58,28.84,12.55,0.0,30.03,40.092215238863254,40.35312929727827
2017-06-28,19.54,28.89,9.89,0.0,30.0,40.092215238863254,40.35312929727827
2017-06-29,18.63,26.7,10.47,0.02,28.84,40.092215238863254,40.35312929727827
2017-06-30,16.35,24.68,8.26,0.0,29.72,40.092215238863254,40.35312929727827
2017-07-01,17.84,26.36,8.63,0.0,30.79,40.092215238863254,40.35312929727827
2017-07-02,20.11,29.06,10.16,0.0,31.9,40.092215238863254,40.35312929727827
2017-07-03,22.02,30.41,12.05,0.0,31.22,40.092215238863254,40.35312929727827
2017-07-04,23.42,30.86,15.44,0.02,26.13,40.092215238863254,40.35312929727827
2017-07-05,18.77,26.42,12.2,0.45,19.51,40.092215238863254,40.35312929727827
2017-07-06,18.78,28.94,10.38,0.82,20.79,40.092215238863254,40.35312929727827
2017-07-07,13.9,19.27,7.9,0.68,12.9,40.092215238863254,40.35312929727827
2017-07-08,14.48,24.32,5.0,0.28,23.72,40.092215238863254,40.35312929727827
2017-07-09,16.6,27.02,6.65,0.1,24.21,40.092215238863254,40.35312929727827
2017-07-10,17.76,27.61,7.9,0.0,28.92,40.092215238863254,40.35312929727827
2017-07-11,18.26,28.13,8.36,0.0,27.41,40.092215238863254,40.35312929727827
2017-07-12,18.65,28.46,8.55,0.0,27.94,40.092215238863254,40.35312929727827
2017-07-13,19.37,28.53,11.7,0.1,25.15,40.092215238863254,40.35312929727827
2017-07-14,18.81,27.84,10.31,0.0,26.86,40.092215238863254,40.35312929727827
2017-07-15,19.44,28.81,10.19,0.04,26.5,40.092215238863254,40.35312929727827
2017-07-16,20.88,29.22,10.62,0.07,26.11,40.092215238863254,40.35312929727827
2017-07-17,22.27,31.43,11.69,0.0,27.45,40.092215238863254,40.35312929727827
2017-07-18,23.77,31.21,17.23,0.0,27.36,40.092215238863254,40.35312929727827
2017-07-19,22.51,30.73,14.04,0.04,22.9,40.092215238863254,40.35312929727827
2017-07-20,20.35,30.16,11.22,0.3,18.77,40.092215238863254,40.35312929727827
2017-07-21,21.06,31.08,11.33,0.53,22.44,40.092215238863254,40.35312929727827
2017-07-22,21.75,32.41,12.02,0.08,22.56,40.092215238863254,40.35312929727827
2017-07-23,18.79,27.24,11.53,0.07,23.14,40.092215238863254,40.35312929727827
2017-07-24,18.82,27.95,10.05,1.78,20.87,40.092215238863254,40.35312929727827
2017-07-25,19.02,28.17,10.75,1.95,20.8,40.092215238863254,40.35312929727827
2017-07-26,19.36,28.1,11.5,0.0,29.72,40.092215238863254,40.35312929727827
2017-07-27,21.73,30.35,12.87,0.0,30.16,40.092215238863254,40.35312929727827
2017-07-28,22.04,31.43,12.34,0.04,27.88,40.092215238863254,40.35312929727827
2017-07-29,20.8,29.45,12.68,5.09,20.07,40.092215238863254,40.35312929727827
2017-07-30,19.37,29.42,10.34,0.05,19.33,40.092215238863254,40.35312929727827
2017-07-31,21.25,31.94,11.19,0.04,19.91,40.092215238863254,40.35312929727827
2017-08-01,23.23,33.08,13.01,0.12,24.71,40.092215238863254,40.35312929727827
2017-08-02,24.31,33.23,15.27,0.14,22.13,40.092215238863254,40.35312929727827
2017-08-03,24.0,33.18,13.99,0.0,21.63,40.092215238863254,40.35312929727827
2017-08-04,23.85,33.17,14.84,0.0,24.85,40.092215238863254,40.35312929727827
2017-08-05,23.01,32.28,13.95,0.0,27.28,40.092215238863254,40.35312929727827
2017-08-06,22.56,31.44,13.22,0.0,27.83,40.092215238863254,40.35312929727827
2017-08-07,22.68,31.68,13.77,0.0,28.16,40.092215238863254,40.35312929727827
2017-08-08,22.73,31.36,15.22,0.0,27.04,40.092215238863254,40.35312929727827
2017-08-09,22.34,31.47,14.61,0.0,25.1,40.092215238863254,40.35312929727827
2017-08-10,23.01,32.42,13.36,0.04,24.03,40.092215238863254,40.35312929727827
2017-08-11,24.08,33.06,15.01,0.0,22.04,40.092215238863254,40.35312929727827
2017-08-12,23.59,32.99,14.22,0.27,21.06,40.092215238863254,40.35312929727827
2017-08-13,22.47,30.95,14.28,0.19,24.21,40.092215238863254,40.35312929727827
2017-08-14,21.7,29.78,14.66,0.1,25.45,40.092215238863254,40.35312929727827
2017-08-15,19.31,29.13,10.86,3.32,22.27,40.092215238863254,40.35312929727827
2017-08-16,17.91,26.93,11.84,10.39,16.82,40.092215238863254,40.35312929727827
2017-08-17,18.74,25.9,11.18,0.19,17.61,40.092215238863254,40.35312929727827
2017-08-18,20.04,27.33,11.32,0.15,22.46,40.092215238863254,40.35312929727827
2017-08-19,20.99,29.59,11.67,0.04,21.86,40.092215238863254,40.35312929727827
2017-08-20,21.05,29.38,11.44,0.16,22.55,40.092215238863254,40.35312929727827
2017-08-21,21.09,29.62,13.34,0.01,26.03,40.092215238863254,40.35312929727827
2017-08-22,21.39,30.25,13.98,1.12,21.11,40.092215238863254,40.35312929727827
2017-08-23,18.19,27.11,11.79,3.54,16.85,40.092215238863254,40.35312929727827
2017-08-24,18.19,27.67,10.05,0.2,19.24,40.092215238863254,40.35312929727827
2017-08-25,17.96,28.11,9.69,0.16,17.96,40.092215238863254,40.35312929727827
2017-08-26,18.08,27.71,10.01,0.0,16.9,40.092215238863254,40.35312929727827
2017-08-27,19.9,29.67,9.43,0.01,20.59,40.092215238863254,40.35312929727827
2017-08-28,20.85,29.88,12.5,0.01,20.75,40.092215238863254,40.35312929727827
2017-08-29,19.61,27.16,12.17,0.13,20.17,40.092215238863254,40.35312929727827
2017-08-30,18.87,28.1,11.58,0.66,17.27,40.092215238863254,40.35312929727827
2017-08-31,17.85,26.98,9.25,2.01,17.75,40.092215238863254,40.35312929727827
2017-09-01,17.95,27.99,9.77,2.13,19.19,40.092215238863254,40.35312929727827
2017-09-02,16.47,26.32,8.14,0.05,20.42,40.092215238863254,40.35312929727827
2017-09-03,18.65,28.17,9.97,0.0,24.58,40.092215238863254,40.35312929727827
2017-09-04,20.65,29.11,13.73,0.0,25.2,40.092215238863254,40.35312929727827
2017-09-05,19.97,29.18,11.55,0.0,22.33,40.092215238863254,40.35312929727827
2017-09-06,19.2,27.45,11.08,0.09,19.69,40.092215238863254,40.35312929727827
2017-09-07,11.51,17.01,5.27,6.5,13.25,40.092215238863254,40.35312929727827
2017-09-08,14.8,24.69,4.62,0.0,24.7,40.092215238863254,40.35312929727827
2017-09-09,19.11,27.9,10.67,0.0,23.82,40.092215238863254,40.35312929727827
2017-09-10,18.67,28.06,10.99,0.0,24.09,40.092215238863254,40.35312929727827
2017-09-11,16.84,26.42,9.63,0.0,23.0,40.092215238863254,40.35312929727827
2017-09-12,18.72,27.67,10.03,0.0,23.26,40.092215238863254,40.35312929727827
2017-09-13,19.0,28.0,12.37,0.0,22.01,40.092215238863254,40.35312929727827
2017-09-14,18.16,28.08,9.92,0.0,22.37,40.092215238863254,40.35312929727827
2017-09-15,18.41,28.52,9.48,0.0,21.97,40.092215238863254,40.35312929727827
2017-09-16,19.11,28.25,12.01,0.0,20.68,40.092215238863254,40.35312929727827
2017-09-17,18.58,27.34,11.43,0.0,21.83,40.092215238863254,40.35312929727827
2017-09-18,18.99,27.78,12.62,0.0,20.38,40.092215238863254,40.35312929727827
2017-09-19,19.29,27.06,13.18,0.01,18.71,40.092215238863254,40.35312929727827
2017-09-20,19.85,27.57,13.37,0.0,17.77,40.092215238863254,40.35312929727827
2017-09-21,19.58,28.02,13.11,0.0,17.36,40.092215238863254,40.35312929727827
2017-09-22,17.94,26.6,11.17,0.28,17.09,40.092215238863254,40.35312929727827
2017-09-23,15.69,25.78,8.25,0.6,15.92,40.092215238863254,40.35312929727827
2017-09-24,14.7,23.87,7.87,0.35,14.94,40.092215238863254,40.35312929727827
2017-09-25,15.21,23.36,7.85,0.0,17.63,40.092215238863254,40.35312929727827
2017-09-26,14.6,20.83,7.86,0.0,14.49,40.092215238863254,40.35312929727827
2017-09-27,14.35,22.74,8.27,4.99,12.65,40.092215238863254,40.35312929727827
2017-09-28,10.82,18.69,5.54,1.61,10.98,40.092215238863254,40.35312929727827
2017-09-29,10.96,18.88,3.44,2.46,12.64,40.092215238863254,40.35312929727827
2017-09-30,12.55,19.71,5.72,0.14,12.93,40.092215238863254,40.35312929727827
2017-10-01,10.58,15.51,5.39,4.18,11.3,40.092215238863254,40.35312929727827
2017-10-02,8.2,13.8,1.57,14.63,4.59,40.092215238863254,40.35312929727827
2017-10-03,4.72,12.46,-0.72,0.4,10.02,40.092215238863254,40.35312929727827
2017-10-04,3.17,11.27,-2.84,0.55,14.42,40.092215238863254,40.35312929727827
2017-10-05,5.39,15.29,-4.07,0.0,19.36,40.092215238863254,40.35312929727827
2017-10-06,7.67,16.5,-0.08,0.0,19.14,40.092215238863254,40.35312929727827
2017-10-07,9.0,17.83,1.78,0.0,18.77,40.092215238863254,40.35312929727827
2017-10-08,8.86,17.19,2.6,0.0,18.47,40.092215238863254,40.35312929727827
2017-10-09,9.3,16.01,4.12,4.56,8.15,40.092215238863254,40.35312929727827
2017-10-10,8.18,13.48,4.31,18.36,6.1,40.092215238863254,40.35312929727827
2017-10-11,6.53,13.34,1.79,1.78,8.21,40.092215238863254,40.35312929727827
2017-10-12,5.48,13.39,-0.34,0.46,8.47,40.092215238863254,40.35312929727827
2017-10-13,6.27,14.06,-1.26,0.28,15.48,40.092215238863254,40.35312929727827
2017-10-14,7.08,14.83,2.19,0.14,15.61,40.092215238863254,40.35312929727827
2017-10-15,3.88,10.18,-0.38,1.68,9.39,40.092215238863254,40.35312929727827
2017-10-16,2.22,10.4,-3.02,3.31,4.62,40.092215238863254,40.35312929727827
2017-10-17,1.19,8.98,-4.14,1.1,9.39,40.092215238863254,40.35312929727827
2017-10-18,3.98,13.56,-3.73,0.0,14.62,40.092215238863254,40.35312929727827
2017-10-19,6.41,14.28,-1.14,0.0,15.62,40.092215238863254,40.35312929727827
2017-10-20,8.16,14.45,3.48,0.0,14.09,40.092215238863254,40.35312929727827
2017-10-21,7.58,14.8,2.17,0.0,14.19,40.092215238863254,40.35312929727827
2017-10-22,5.95,13.42,0.89,0.0,14.57,40.092215238863254,40.35312929727827
2017-10-23,6.34,14.45,1.89,0.0,15.02,40.092215238863254,40.35312929727827
2017-10-24,6.97,15.04,0.69,0.0,13.62,40.092215238863254,40.35312929727827
2017-10-25,7.59,15.66,1.5,0.0,9.19,40.092215238863254,40.35312929727827
2017-10-26,8.1,15.91,2.91,1.02,10.81,40.092215238863254,40.35312929727827
2017-10-27,6.43,14.65,2.16,2.22,11.6,40.092215238863254,40.35312929727827
2017-10-28,4.66,13.34,0.01,2.23,9.11,40.092215238863254,40.35312929727827
2017-10-29,5.0,10.92,-0.98,0.92,6.32,40.092215238863254,40.35312929727827
2017-10-30,5.59,8.49,1.05,8.59,3.99,40.092215238863254,40.35312929727827
2017-10-31,1.15,6.86,-3.34,5.63,6.13,40.092215238863254,40.35312929727827
2017-11-01,-1.67,5.48,-6.4,1.02,10.53,40.092215238863254,40.35312929727827
2017-11-02,-1.45,5.7,-6.56,1.56,13.17,40.092215238863254,40.35312929727827
2017-11-03,1.64,8.63,-3.54,0.0,13.64,40.092215238863254,40.35312929727827
2017-11-04,2.12,8.62,-1.48,0.0,12.2,40.092215238863254,40.35312929727827
2017-11-05,2.77,9.1,-2.01,0.02,9.06,40.092215238863254,40.35312929727827
2017-11-06,2.61,8.27,-1.3,9.19,4.84,40.092215238863254,40.35312929727827
2017-11-07,4.95,10.8,1.29,2.15,7.02,40.092215238863254,40.35312929727827
2017-11-08,5.29,10.98,1.26,0.5,6.6,40.092215238863254,40.35312929727827
2017-11-09,4.96,10.66,0.11,1.56,6.21,40.092215238863254,40.35312929727827
2017-11-10,4.01,9.28,1.07,0.05,8.72,40.092215238863254,40.35312929727827
2017-11-11,2.98,8.68,-0.47,0.0,10.93,40.092215238863254,40.35312929727827
2017-11-12,2.2,9.38,-1.92,0.0,10.88,40.092215238863254,40.35312929727827
2017-11-13,3.6,11.13,-1.79,0.0,11.17,40.092215238863254,40.35312929727827
2017-11-14,4.9,12.2,-0.44,0.01,7.56,40.092215238863254,40.35312929727827
2017-11-15,4.4,11.32,-0.38,0.0,9.92,40.092215238863254,40.35312929727827
2017-11-16,3.24,10.75,-2.42,0.0,9.94,40.092215238863254,40.35312929727827
2017-11-17,3.46,10.71,-0.59,0.0,10.81,40.092215238863254,40.35312929727827
2017-11-18,2.58,10.95,-1.99,0.0,10.7,40.092215238863254,40.35312929727827
2017-11-19,1.34,6.56,-1.86,1.97,3.74,40.092215238863254,40.35312929727827
2017-11-20,0.61,5.82,-3.5,0.75,5.34,40.092215238863254,40.35312929727827
2017-11-21,1.82,6.7,-5.3,7.34,2.47,40.092215238863254,40.35312929727827
2017-11-22,-5.23,-2.04,-9.18,4.75,3.6,40.092215238863254,40.35312929727827
2017-11-23,-7.6,-3.45,-10.58,3.97,2.95,40.092215238863254,40.35312929727827
2017-11-24,-9.26,-4.68,-11.94,2.68,5.26,40.092215238863254,40.35312929727827
2017-11-25,-8.4,-3.48,-11.92,1.19,7.79,40.092215238863254,40.35312929727827
2017-11-26,-7.0,0.34,-12.15,0.0,9.51,40.092215238863254,40.35312929727827
2017-11-27,-4.92,2.02,-10.11,0.0,6.93,40.092215238863254,40.35312929727827
2017-11-28,-2.82,2.41,-6.76,0.21,6.07,40.092215238863254,40.35312929727827
2017-11-29,-1.56,1.92,-3.62,7.13,2.27,40.092215238863254,40.35312929727827
2017-11-30,-3.59,0.47,-6.57,0.7,5.93,40.092215238863254,40.35312929727827
2017-12-01,-2.23,3.65,-6.29,0.0,9.89,40.092215238863254,40.35312929727827
2017-12-02,-0.02,6.27,-4.04,0.0,10.06,40.092215238863254,40.35312929727827
2017-12-03,2.62,9.53,-0.88,0.0,9.47,40.092215238863254,40.35312929727827
2017-12-04,2.4,9.3,-1.53,0.0,9.2,40.092215238863254,40.35312929727827
2017-12-05,0.49,5.13,-2.21,0.73,6.28,40.092215238863254,40.35312929727827
2017-12-06,-4.8,-2.41,-8.66,7.5,2.12,40.092215238863254,40.35312929727827
2017-12-07,-8.42,-4.25,-11.42,2.7,4.13,40.092215238863254,40.35312929727827
2017-12-08,-7.15,-1.44,-11.12,3.03,3.72,40.092215238863254,40.35312929727827
2017-12-09,-5.48,0.94,-9.51,0.0,8.02,40.092215238863254,40.35312929727827
2017-12-10,-5.91,1.54,-9.75,0.06,9.16,40.092215238863254,40.35312929727827
2017-12-11,-4.91,1.05,-8.73,2.97,6.25,40.092215238863254,40.35312929727827
2017-12-12,-2.71,3.69,-7.98,0.1,9.57,40.092215238863254,40.35312929727827
2017-12-13,2.14,7.82,-2.34,0.0,9.07,40.092215238863254,40.35312929727827
2017-12-14,1.75,6.46,-1.25,0.0,8.42,40.092215238863254,40.35312929727827
2017-12-15,0.64,5.03,-2.77,0.0,9.29,40.092215238863254,40.35312929727827
2017-12-16,-0.93,5.03,-4.61,0.0,8.64,40.092215238863254,40.35312929727827
2017-12-17,-2.48,3.2,-6.19,0.0,7.9,40.092215238863254,40.35312929727827
2017-12-18,-1.35,4.34,-4.29,0.0,5.41,40.092215238863254,40.35312929727827
2017-12-19,-0.35,3.49,-2.31,0.08,5.79,40.092215238863254,40.35312929727827
2017-12-20,-0.17,1.92,-1.78,6.07,2.92,40.092215238863254,40.35312929727827
2017-12-21,0.15,4.59,-2.2,0.88,6.92,40.092215238863254,40.35312929727827
2017-12-22,0.74,3.49,-1.49,1.83,3.39,40.092215238863254,40.35312929727827
2017-12-23,0.46,2.26,-0.71,5.95,2.37,40.092215238863254,40.35312929727827
2017-12-24,-1.01,2.44,-5.58,5.82,2.52,40.092215238863254,40.35312929727827
2017-12-25,-5.64,-0.87,-8.81,0.0,6.92,40.092215238863254,40.35312929727827
2017-12-26,-4.61,2.54,-9.0,0.0,9.01,40.092215238863254,40.35312929727827
2017-12-27,-2.95,4.82,-7.06,0.0,9.35,40.092215238863254,40.35312929727827
2017-12-28,-2.96,2.74,-6.34,0.0,7.44,40.092215238863254,40.35312929727827
2017-12-29,-2.39,4.18,-6.66,0.01,9.07,40.092215238863254,40.35312929727827
2017-12-30,-0.84,4.85,-4.4,4.09,3.15,40.092215238863254,40.35312929727827
2017-12-31,-1.28,3.57,-5.24,0.64,5.11,40.092215238863254,40.35312929727827
2018-01-01,-1.88,1.65,-7.35,16.18,2.2,40.092215238863254,40.35312929727827
2018-01-02,-6.89,-2.02,-9.99,1.44,5.28,40.092215238863254,40.35312929727827
2018-01-03,-8.08,-0.67,-12.07,0.0,7.1,40.092215238863254,40.35312929727827
2018-01-04,-5.29,0.89,-11.55,1.6,5.23,40.092215238863254,40.35312929727827
2018-01-05,-5.15,0.17,-8.91,2.14,6.49,40.092215238863254,40.35312929727827
2018-01-06,-6.1,0.05,-9.7,3.81,5.2,40.092215238863254,40.35312929727827
2018-01-07,-6.38,0.87,-10.83,0.05,8.43,40.092215238863254,40.35312929727827
2018-01-08,-4.95,1.29,-8.9,0.01,8.62,40.092215238863254,40.35312929727827
2018-01-09,-6.1,-0.38,-9.33,1.16,7.4,40.092215238863254,40.35312929727827
2018-01-10,-8.22,-3.25,-12.39,1.43,6.74,40.092215238863254,40.35312929727827
2018-01-11,-6.1,-0.24,-10.65,1.04,4.67,40.092215238863254,40.35312929727827
2018-01-12,-7.14,-0.34,-12.13,0.22,8.1,40.092215238863254,40.35312929727827
2018-01-13,-5.37,1.04,-9.51,0.32,6.6,40.092215238863254,40.35312929727827
2018-01-14,-5.79,-0.77,-10.54,1.5,6.21,40.092215238863254,40.35312929727827
2018-01-15,-6.68,-1.29,-10.81,4.67,8.31,40.092215238863254,40.35312929727827
2018-01-16,-7.87,-3.02,-13.16,0.69,6.48,40.092215238863254,40.35312929727827
2018-01-17,-7.68,-1.8,-12.26,1.81,5.04,40.092215238863254,40.35312929727827
2018-01-18,-4.35,-0.58,-9.8,3.32,3.5,40.092215238863254,40.35312929727827
2018-01-19,-3.28,0.16,-12.4,5.59,1.75,40.092215238863254,40.35312929727827
2018-01-20,-9.71,-1.79,-13.9,0.22,5.35,40.092215238863254,40.35312929727827
2018-01-21,-9.1,-1.46,-14.69,0.0,7.09,40.092215238863254,40.35312929727827
2018-01-22,-6.37,-1.61,-9.01,0.23,5.27,40.092215238863254,40.35312929727827
2018-01-23,-6.74,-1.05,-12.94,2.1,4.33,40.092215238863254,40.35312929727827
2018-01-24,-5.94,-0.99,-9.35,4.15,4.43,40.092215238863254,40.35312929727827
2018-01-25,-5.09,-0.03,-8.8,7.68,4.3,40.092215238863254,40.35312929727827
2018-01-26,-5.59,-0.44,-10.4,1.56,5.08,40.092215238863254,40.35312929727827
2018-01-27,-9.64,-2.39,-15.25,1.33,3.36,40.092215238863254,40.35312929727827
2018-01-28,-11.37,-2.43,-16.82,1.03,4.19,40.092215238863254,40.35312929727827
2018-01-29,-11.59,-3.94,-17.85,1.55,4.87,40.092215238863254,40.35312929727827
2018-01-30,-11.33,-5.14,-15.37,0.77,5.65,40.092215238863254,40.35312929727827
2018-01-31,-9.01,-2.4,-13.96,1.77,4.96,40.092215238863254,40.35312929727827
2018-02-01,-9.55,-3.77,-13.11,0.13,11.93,40.092215238863254,40.35312929727827
2018-02-02,-7.68,-0.87,-13.57,0.0,12.76,40.092215238863254,40.35312929727827
2018-02-03,-4.72,0.36,-7.27,0.0,11.81,40.092215238863254,40.35312929727827
2018-02-04,-2.99,0.92,-7.59,0.03,5.67,40.092215238863254,40.35312929727827
2018-02-05,-2.35,1.99,-5.97,0.41,6.37,40.092215238863254,40.35312929727827
2018-02-06,-3.06,1.62,-6.39,0.31,10.56,40.092215238863254,40.35312929727827
2018-02-07,-4.17,1.61,-8.04,0.0,12.5,40.092215238863254,40.35312929727827
2018-02-08,-3.79,3.86,-9.73,0.0,11.61,40.092215238863254,40.35312929727827
2018-02-09,-1.8,3.26,-4.43,0.91,7.35,40.092215238863254,40.35312929727827
2018-02-10,-2.2,3.57,-6.16,0.04,12.52,40.092215238863254,40.35312929727827
2018-02-11,-0.18,4.33,-3.91,0.22,8.56,40.092215238863254,40.35312929727827
2018-02-12,-0.15,4.12,-2.76,0.61,7.33,40.092215238863254,40.35312929727827
2018-02-13,-1.62,0.82,-5.11,5.85,6.47,40.092215238863254,40.35312929727827
2018-02-14,-2.77,2.35,-6.19,0.18,11.26,40.092215238863254,40.35312929727827
2018-02-15,-1.73,3.38,-5.36,0.0,10.26,40.092215238863254,40.35312929727827
2018-02-16,-0.03,5.85,-4.93,0.01,13.48,40.092215238863254,40.35312929727827
2018-02-17,0.78,6.06,-2.13,1.71,10.66,40.092215238863254,40.35312929727827
2018-02-18,-2.07,1.84,-6.85,8.29,5.05,40.092215238863254,40.35312929727827
2018-02-19,-2.5,4.69,-8.86,0.08,11.98,40.092215238863254,40.35312929727827
2018-02-20,-2.0,1.75,-5.09,0.46,12.89,40.092215238863254,40.35312929727827
2018-02-21,-1.39,4.05,-5.42,0.72,10.36,40.092215238863254,40.35312929727827
2018-02-22,-0.49,3.57,-3.52,0.2,11.21,40.092215238863254,40.35312929727827
2018-02-23,0.27,5.41,-4.0,0.0,12.31,40.092215238863254,40.35312929727827
2018-02-24,-0.22,3.65,-3.76,0.09,11.65,40.092215238863254,40.35312929727827
2018-02-25,-1.03,3.04,-4.57,5.16,11.34,40.092215238863254,40.35312929727827
2018-02-26,-1.65,2.68,-4.66,1.4,9.78,40.092215238863254,40.35312929727827
2018-02-27,-0.88,3.77,-4.76,0.68,8.98,40.092215238863254,40.35312929727827
2018-02-28,-0.08,6.19,-3.71,0.13,13.39,40.092215238863254,40.35312929727827
2018-03-01,-1.73,2.09,-7.03,6.01,9.16,40.092215238863254,40.35312929727827
2018-03-02,-3.91,3.28,-9.4,0.49,10.47,40.092215238863254,40.35312929727827
2018-03-03,-0.37,3.98,-5.23,0.23,6.82,40.092215238863254,40.35312929727827
2018-03-04,1.79,5.54,-0.32,1.98,6.07,40.092215238863254,40.35312929727827
2018-03-05,1.19,5.68,-1.8,3.49,7.09,40.092215238863254,40.35312929727827
2018-03-06,1.4,7.21,-3.23,0.58,10.75,40.092215238863254,40.35312929727827
2018-03-07,2.39,6.8,-0.53,0.19,12.07,40.092215238863254,40.35312929727827
2018-03-08,2.12,4.6,-0.57,5.09,5.81,40.092215238863254,40.35312929727827
2018-03-09,-0.27,2.41,-6.36,13.42,4.66,40.092215238863254,40.35312929727827
2018-03-10,-1.86,4.5,-6.82,0.1,11.58,40.092215238863254,40.35312929727827
2018-03-11,-0.07,4.53,-3.6,0.0,13.53,40.092215238863254,40.35312929727827
2018-03-12,1.17,6.98,-3.39,0.0,17.77,40.092215238863254,40.35312929727827
2018-03-13,3.27,10.66,-1.87,0.01,15.1,40.092215238863254,40.35312929727827
2018-03-14,2.43,6.95,-1.07,1.55,12.16,40.092215238863254,40.35312929727827
2018-03-15,1.75,7.52,-2.57,1.93,10.46,40.092215238863254,40.35312929727827
2018-03-16,0.07,3.89,-4.08,5.76,3.84,40.092215238863254,40.35312929727827
2018-03-17,0.62,7.41,-5.29,0.04,14.13,40.092215238863254,40.35312929727827
2018-03-18,5.13,14.49,-1.94,0.0,16.52,40.092215238863254,40.35312929727827
2018-03-19,5.93,13.08,0.1,0.0,16.21,40.092215238863254,40.35312929727827
2018-03-20,6.4,13.42,1.09,0.06,14.18,40.092215238863254,40.35312929727827
2018-03-21,4.02,9.67,-0.46,3.49,14.67,40.092215238863254,40.35312929727827
2018-03-22,4.63,12.08,-1.44,0.01,11.08,40.092215238863254,40.35312929727827
2018-03-23,5.51,11.09,1.08,0.0,15.23,40.092215238863254,40.35312929727827
2018-03-24,5.0,11.8,0.37,5.22,5.54,40.092215238863254,40.35312929727827
2018-03-25,2.24,8.66,-2.35,0.27,13.87,40.092215238863254,40.35312929727827
2018-03-26,2.98,8.87,-1.63,0.01,16.93,40.092215238863254,40.35312929727827
2018-03-27,5.4,12.18,0.53,0.0,14.82,40.092215238863254,40.35312929727827
2018-03-28,6.63,14.68,-0.84,0.08,19.35,40.092215238863254,40.35312929727827
2018-03-29,7.49,14.26,0.74,6.88,8.14,40.092215238863254,40.35312929727827
2018-03-30,1.33,5.95,-4.26,3.84,9.0,40.092215238863254,40.35312929727827
2018-03-31,1.51,7.93,-4.26,0.03,17.25,40.092215238863254,40.35312929727827
2018-04-01,5.06,13.23,-1.47,0.0,21.21,40.092215238863254,40.35312929727827
2018-04-02,5.97,13.33,-1.31,3.41,20.38,40.092215238863254,40.35312929727827
2018-04-03,0.55,6.85,-6.95,4.36,12.8,40.092215238863254,40.35312929727827
2018-04-04,-0.49,7.64,-7.86,0.15,21.24,40.092215238863254,40.35312929727827
2018-04-05,3.77,11.69,-3.01,0.0,21.81,40.092215238863254,40.35312929727827
2018-04-06,6.44,14.0,-0.49,0.0,24.46,40.092215238863254,40.35312929727827
2018-04-07,8.98,16.21,2.49,0.0,24.62,40.092215238863254,40.35312929727827
2018-04-08,10.33,17.07,3.7,0.0,21.64,40.092215238863254,40.35312929727827
2018-04-09,10.27,16.95,4.3,0.01,19.98,40.092215238863254,40.35312929727827
2018-04-10,7.18,15.99,1.11,0.38,18.19,40.092215238863254,40.35312929727827
2018-04-11,6.82,12.9,-0.23,0.68,18.29,40.092215238863254,40.35312929727827
2018-04-12,8.23,14.51,1.59,0.04,18.85,40.092215238863254,40.35312929727827
2018-04-13,7.75,14.87,1.9,0.29,17.58,40.092215238863254,40.35312929727827
2018-04-14,4.75,11.4,-1.0,0.23,19.09,40.092215238863254,40.35312929727827
2018-04-15,2.05,10.56,-4.99,0.0,24.71,40.092215238863254,40.35312929727827
2018-04-16,3.77,13.2,-5.22,0.0,25.92,40.092215238863254,40.35312929727827
2018-04-17,5.47,13.47,-1.77,0.0,24.89,40.092215238863254,40.35312929727827
2018-04-18,8.99,16.71,1.39,0.0,19.72,40.092215238863254,40.35312929727827
2018-04-19,8.38,16.29,1.43,0.0,19.84,40.092215238863254,40.35312929727827
2018-04-20,4.75,11.7,-0.7,0.95,18.64,40.092215238863254,40.35312929727827
2018-04-21,1.7,6.6,-3.2,3.33,15.99,40.092215238863254,40.35312929727827
2018-04-22,2.68,11.68,-4.91,0.11,21.96,40.092215238863254,40.35312929727827
2018-04-23,3.73,12.02,-3.98,0.0,24.07,40.092215238863254,40.35312929727827
2018-04-24,6.53,13.57,-1.03,0.0,23.0,40.092215238863254,40.35312929727827
2018-04-25,9.69,16.83,2.17,0.0,23.71,40.092215238863254,40.35312929727827
2018-04-26,10.79,18.0,2.43,0.0,24.24,40.092215238863254,40.35312929727827
2018-04-27,9.77,16.23,3.22,2.61,22.51,40.092215238863254,40.35312929727827
2018-04-28,8.55,14.77,2.57,0.47,18.92,40.092215238863254,40.35312929727827
2018-04-29,8.54,14.49,1.38,0.34,21.08,40.092215238863254,40.35312929727827
2018-04-30,9.91,16.92,2.46,0.04,22.29,40.092215238863254,40.35312929727827
2018-05-01,10.5,17.39,3.01,0.05,21.21,40.092215238863254,40.35312929727827
2018-05-02,11.33,16.8,4.17,0.33,19.7,40.092215238863254,40.35312929727827
2018-05-03,11.7,17.09,5.86,1.29,17.41,40.092215238863254,40.35312929727827
2018-05-04,10.77,14.96,7.91,10.1,12.48,40.092215238863254,40.35312929727827
2018-05-05,10.79,16.41,4.85,2.99,17.01,40.092215238863254,40.35312929727827
2018-05-06,9.27,13.38,5.28,0.62,15.37,40.092215238863254,40.35312929727827
2018-05-07,8.69,15.2,3.37,3.78,15.57,40.092215238863254,40.35312929727827
2018-05-08,7.38,10.96,2.96,6.25,17.1,40.092215238863254,40.35312929727827
2018-05-09,6.44,10.29,2.95,7.21,15.73,40.092215238863254,40.35312929727827
2018-05-10,7.22,12.7,2.73,6.27,12.35,40.092215238863254,40.35312929727827
2018-05-11,7.79,12.94,4.1,3.9,16.03,40.092215238863254,40.35312929727827
2018-05-12,7.14,11.19,2.46,5.66,11.36,40.092215238863254,40.35312929727827
2018-05-13,7.62,11.72,4.15,11.46,8.56,40.092215238863254,40.35312929727827
2018-05-14,7.99,12.01,4.87,3.11,13.62,40.092215238863254,40.35312929727827
2018-05-15,8.67,13.97,3.31,0.53,17.95,40.092215238863254,40.35312929727827
2018-05-16,10.78,16.45,3.65,0.82,23.01,40.092215238863254,40.35312929727827
2018-05-17,12.15,18.44,5.22,1.16,27.81,40.092215238863254,40.35312929727827
2018-05-18,12.93,18.67,6.2,0.02,26.9,40.092215238863254,40.35312929727827
2018-05-19,12.03,15.44,8.56,6.79,15.68,40.092215238863254,40.35312929727827
2018-05-20,12.02,16.96,8.73,14.77,16.31,40.092215238863254,40.35312929727827
2018-05-21,11.85,16.84,7.97,6.94,14.2,40.092215238863254,40.35312929727827
2018-05-22,12.27,18.08,6.02,3.71,21.92,40.092215238863254,40.35312929727827
2018-05-23,12.13,17.7,6.75,1.93,16.41,40.092215238863254,40.35312929727827
2018-05-24,10.92,14.27,6.83,4.08,9.58,40.092215238863254,40.35312929727827
2018-05-25,13.18,18.92,6.6,2.9,20.97,40.092215238863254,40.35312929727827
2018-05-26,13.95,20.19,8.69,0.03,25.21,40.092215238863254,40.35312929727827
2018-05-27,13.6,18.75,7.66,1.38,23.45,40.092215238863254,40.35312929727827
2018-05-28,13.37,20.71,7.61,1.11,17.23,40.092215238863254,40.35312929727827
2018-05-29,12.99,19.09,8.22,16.31,10.51,40.092215238863254,40.35312929727827
2018-05-30,12.75,18.75,7.36,1.26,20.88,40.092215238863254,40.35312929727827
2018-05-31,11.89,17.53,6.86,1.72,16.89,40.092215238863254,40.35312929727827
2018-06-01,11.16,15.42,7.79,5.01,13.26,40.092215238863254,40.35312929727827
2018-06-02,10.46,15.75,5.6,2.15,16.6,40.092215238863254,40.35312929727827
2018-06-03,11.57,17.19,4.22,5.23,17.77,40.092215238863254,40.35312929727827
2018-06-04,11.32,16.11,7.3,6.37,14.48,40.092215238863254,40.35312929727827
2018-06-05,12.28,18.54,5.94,0.28,27.16,40.092215238863254,40.35312929727827
2018-06-06,13.86,20.11,6.63,0.76,24.38,40.092215238863254,40.35312929727827
2018-06-07,14.58,19.92,9.37,3.58,25.94,40.092215238863254,40.35312929727827
2018-06-08,13.46,18.51,7.81,0.51,22.58,40.092215238863254,40.35312929727827
2018-06-09,12.99,20.6,5.47,0.0,28.94,40.092215238863254,40.35312929727827
2018-06-10,13.24,20.04,5.51,0.0,30.29,40.092215238863254,40.35312929727827
2018-06-11,14.32,21.5,6.65,0.01,26.8,40.092215238863254,40.35312929727827
2018-06-12,13.76,20.16,6.25,0.04,23.9,40.092215238863254,40.35312929727827
2018-06-13,14.34,19.78,7.5,1.92,22.13,40.092215238863254,40.35312929727827
2018-06-14,14.5,20.1,8.11,3.54,22.96,40.092215238863254,40.35312929727827
2018-06-15,14.11,20.77,8.97,2.02,19.25,40.092215238863254,40.35312929727827
2018-06-16,14.04,18.51,9.9,1.1,16.27,40.092215238863254,40.35312929727827
2018-06-17,14.88,20.73,8.37,1.22,23.51,40.092215238863254,40.35312929727827
2018-06-18,14.19,18.29,10.12,13.18,18.11,40.092215238863254,40.35312929727827
2018-06-19,14.94,20.24,7.92,0.88,24.82,40.092215238863254,40.35312929727827
2018-06-20,14.84,19.55,10.14,1.73,19.21,40.092215238863254,40.35312929727827
2018-06-21,14.74,20.78,7.19,3.24,22.78,40.092215238863254,40.35312929727827
2018-06-22,14.76,20.1,8.47,1.82,18.19,40.092215238863254,40.35312929727827
2018-06-23,15.18,20.1,10.07,1.47,22.97,40.092215238863254,40.35312929727827
2018-06-24,15.52,21.67,8.71,1.03,19.43,40.092215238863254,40.35312929727827
2018-06-25,17.68,24.22,9.44,0.87,21.0,40.092215238863254,40.35312929727827
2018-06-26,19.15,25.53,10.71,1.37,21.49,40.092215238863254,40.35312929727827
2018-06-27,20.21,26.27,14.25,0.0,29.85,40.092215238863254,40.35312929727827
2018-06-28,20.86,27.69,11.87,0.03,29.54,40.092215238863254,40.35312929727827
2018-06-29,21.42,28.39,14.06,0.05,24.72,40.092215238863254,40.35312929727827
2018-06-30,19.1,27.08,11.35,0.43,26.59,40.092215238863254,40.35312929727827
2018-07-01,19.12,26.82,11.19,0.0,28.97,40.092215238863254,40.35312929727827
2018-07-02,19.79,29.48,9.26,0.03,20.84,40.092215238863254,40.35312929727827
2018-07-03,21.82,31.22,11.06,0.14,20.75,40.092215238863254,40.35312929727827
2018-07-04,22.27,31.02,13.0,0.41,19.64,40.092215238863254,40.35312929727827
2018-07-05,19.83,29.75,11.09,0.2,18.28,40.092215238863254,40.35312929727827
2018-07-06,17.46,26.26,9.89,1.66,16.89,40.092215238863254,40.35312929727827
2018-07-07,15.97,22.66,10.39,3.01,18.25,40.092215238863254,40.35312929727827
2018-07-08,18.67,26.9,9.14,0.0,25.83,40.092215238863254,40.35312929727827
2018-07-09,21.18,27.87,14.52,0.0,31.15,40.092215238863254,40.35312929727827
2018-07-10,21.8,30.51,11.5,1.03,26.84,40.092215238863254,40.35312929727827
2018-07-11,23.21,32.12,13.13,0.0,23.9,40.092215238863254,40.35312929727827
2018-07-12,23.47,32.47,14.19,0.0,21.49,40.092215238863254,40.35312929727827
2018-07-13,20.68,30.58,12.02,0.09,20.41,40.092215238863254,40.35312929727827
2018-07-14,19.89,27.96,12.9,2.66,12.52,40.092215238863254,40.35312929727827
2018-07-15,14.65,21.93,7.61,8.04,10.81,40.092215238863254,40.35312929727827
2018-07-16,14.44,23.26,5.31,0.23,24.34,40.092215238863254,40.35312929727827
2018-07-17,16.02,24.23,8.39,0.0,25.91,40.092215238863254,40.35312929727827
2018-07-18,17.73,26.46,8.5,0.06,27.85,40.092215238863254,40.35312929727827
2018-07-19,18.76,26.23,11.62,0.89,23.86,40.092215238863254,40.35312929727827
2018-07-20,18.1,25.42,12.21,1.61,17.45,40.092215238863254,40.35312929727827
2018-07-21,17.59,25.5,9.9,0.65,22.69,40.092215238863254,40.35312929727827
2018-07-22,17.2,24.32,11.3,3.56,16.99,40.092215238863254,40.35312929727827
2018-07-23,17.25,24.49,10.25,0.03,20.32,40.092215238863254,40.35312929727827
2018-07-24,19.42,27.94,10.64,0.0,28.84,40.092215238863254,40.35312929727827
2018-07-25,20.92,28.65,13.3,0.0,29.1,40.092215238863254,40.35312929727827
2018-07-26,20.53,29.16,11.41,0.51,27.86,40.092215238863254,40.35312929727827
2018-07-27,21.3,30.49,12.9,0.89,25.29,40.092215238863254,40.35312929727827
2018-07-28,21.15,31.33,11.12,1.46,21.52,40.092215238863254,40.35312929727827
2018-07-29,21.71,31.98,11.81,0.77,21.94,40.092215238863254,40.35312929727827
2018-07-30,22.75,31.68,13.41,1.61,21.89,40.092215238863254,40.35312929727827
2018-07-31,22.67,31.99,14.46,1.22,21.61,40.092215238863254,40.35312929727827
2018-08-01,20.33,28.05,13.73,9.76,17.11,40.092215238863254,40.35312929727827
2018-08-02,18.68,25.76,12.66,3.4,20.38,40.092215238863254,40.35312929727827
2018-08-03,18.19,25.35,12.54,2.1,14.8,40.092215238863254,40.35312929727827
2018-08-04,16.96,24.0,11.97,3.51,20.19,40.092215238863254,40.35312929727827
2018-08-05,18.28,27.05,9.94,0.02,20.12,40.092215238863254,40.35312929727827
2018-08-06,19.49,28.21,10.62,0.02,20.68,40.092215238863254,40.35312929727827
2018-08-07,20.04,28.95,11.33,0.21,19.04,40.092215238863254,40.35312929727827
2018-08-08,18.91,27.43,12.36,2.56,13.69,40.092215238863254,40.35312929727827
2018-08-09,16.5,23.16,10.86,2.06,16.03,40.092215238863254,40.35312929727827
2018-08-10,16.23,24.11,9.1,0.62,17.78,40.092215238863254,40.35312929727827
2018-08-11,18.57,28.29,9.07,0.01,20.45,40.092215238863254,40.35312929727827
2018-08-12,17.42,25.31,10.58,0.19,16.78,40.092215238863254,40.35312929727827
2018-08-13,16.07,25.11,8.53,0.03,23.36,40.092215238863254,40.35312929727827
2018-08-14,16.32,25.75,7.0,0.0,21.3,40.092215238863254,40.35312929727827
2018-08-15,18.66,27.86,9.67,0.0,21.96,40.092215238863254,40.35312929727827
2018-08-16,21.05,30.1,12.25,0.0,23.21,40.092215238863254,40.35312929727827
2018-08-17,21.49,30.38,14.24,0.0,23.54,40.092215238863254,40.35312929727827
2018-08-18,19.24,28.49,12.06,0.0,21.18,40.092215238863254,40.35312929727827
2018-08-19,17.43,25.54,9.82,0.07,18.25,40.092215238863254,40.35312929727827
2018-08-20,19.19,27.61,11.23,0.08,20.07,40.092215238863254,40.35312929727827
2018-08-21,19.94,28.26,11.11,0.27,16.87,40.092215238863254,40.35312929727827
2018-08-22,18.03,25.68,11.41,3.52,15.13,40.092215238863254,40.35312929727827
2018-08-23,19.05,27.56,10.49,0.0,20.82,40.092215238863254,40.35312929727827
2018-08-24,21.69,29.76,13.32,0.0,19.03,40.092215238863254,40.35312929727827
2018-08-25,21.25,29.14,14.63,0.0,25.27,40.092215238863254,40.35312929727827
2018-08-26,20.28,29.32,12.16,0.0,24.86,40.092215238863254,40.35312929727827
2018-08-27,19.92,28.63,12.27,0.0,24.52,40.092215238863254,40.35312929727827
2018-08-28,20.01,28.45,11.21,0.0,23.16,40.092215238863254,40.35312929727827
2018-08-29,21.67,30.05,14.64,0.0,20.27,40.092215238863254,40.35312929727827
2018-08-30,20.47,29.08,12.7,0.0,21.3,40.092215238863254,40.35312929727827
2018-08-31,20.67,28.14,14.42,0.05,18.37,40.092215238863254,40.35312929727827
2018-09-01,18.9,27.38,12.01,0.11,19.89,40.092215238863254,40.35312929727827
2018-09-02,19.02,28.73,9.91,0.04,20.73,40.092215238863254,40.35312929727827
2018-09-03,18.93,28.05,10.67,0.16,17.38,40.092215238863254,40.35312929727827
2018-09-04,18.96,27.83,10.84,0.06,19.95,40.092215238863254,40.35312929727827
2018-09-05,19.85,27.6,12.79,0.0,22.73,40.092215238863254,40.35312929727827
2018-09-06,19.26,27.05,12.4,0.38,19.52,40.092215238863254,40.35312929727827
2018-09-07,16.37,22.08,10.95,1.72,13.93,40.092215238863254,40.35312929727827
2018-09-08,14.97,20.9,10.59,0.88,17.13,40.092215238863254,40.35312929727827
2018-09-09,13.47,19.27,8.28,1.39,16.37,40.092215238863254,40.35312929727827
2018-09-10,13.22,18.26,9.29,6.23,7.76,40.092215238863254,40.35312929727827
2018-09-11,13.12,19.2,7.45,1.45,13.31,40.092215238863254,40.35312929727827
2018-09-12,15.65,23.18,8.53,0.0,21.03,40.092215238863254,40.35312929727827
2018-09-13,18.24,26.2,10.46,0.0,21.69,40.092215238863254,40.35312929727827
2018-09-14,17.34,25.25,11.6,3.21,9.09,40.092215238863254,40.35312929727827
2018-09-15,15.73,22.81,9.99,0.34,17.48,40.092215238863254,40.35312929727827
2018-09-16,13.52,20.95,8.09,0.61,16.44,40.092215238863254,40.35312929727827
2018-09-17,12.24,20.75,5.84,0.62,13.34,40.092215238863254,40.35312929727827
2018-09-18,12.62,21.4,4.99,0.76,14.15,40.092215238863254,40.35312929727827
2018-09-19,13.27,22.01,6.01,0.04,15.33,40.092215238863254,40.35312929727827
2018-09-20,14.25,23.59,4.77,0.07,19.12,40.092215238863254,40.35312929727827
2018-09-21,16.59,24.25,9.33,0.47,14.0,40.092215238863254,40.35312929727827
2018-09-22,14.98,20.14,10.97,0.58,14.42,40.092215238863254,40.35312929727827
2018-09-23,14.49,22.05,7.86,0.0,15.75,40.092215238863254,40.35312929727827
2018-09-24,14.39,22.57,6.81,0.0,21.22,40.092215238863254,40.35312929727827
2018-09-25,15.59,23.96,9.17,0.79,20.03,40.092215238863254,40.35312929727827
2018-09-26,11.77,20.13,5.66,6.95,12.64,40.092215238863254,40.35312929727827
2018-09-27,11.39,21.99,3.46,0.06,14.02,40.092215238863254,40.35312929727827
2018-09-28,13.86,23.18,5.38,0.0,16.16,40.092215238863254,40.35312929727827
2018-09-29,13.72,21.02,8.11,0.0,18.1,40.092215238863254,40.35312929727827
2018-09-30,14.86,21.49,8.86,0.0,15.72,40.092215238863254,40.35312929727827
2018-10-01,13.94,20.26,8.87,0.47,14.45,40.092215238863254,40.35312929727827
2018-10-02,14.18,21.13,9.25,0.19,13.84,40.092215238863254,40.35312929727827
2018-10-03,13.82,20.96,7.95,0.05,17.5,40.092215238863254,40.35312929727827
2018-10-04,12.33,19.6,6.46,1.14,15.96,40.092215238863254,40.35312929727827
2018-10-05,6.63,13.5,-0.24,2.36,12.7,40.092215238863254,40.35312929727827
2018-10-06,5.33,16.2,-2.79,0.16,15.88,40.092215238863254,40.35312929727827
2018-10-07,9.68,19.58,0.57,0.02,17.93,40.092215238863254,40.35312929727827
2018-10-08,11.63,17.94,5.99,1.18,13.79,40.092215238863254,40.35312929727827
2018-10-09,10.84,17.08,6.05,4.83,10.08,40.092215238863254,40.35312929727827
2018-10-10,11.49,18.61,5.93,3.43,11.87,40.092215238863254,40.35312929727827
2018-10-11,11.22,16.88,6.61,0.24,12.04,40.092215238863254,40.35312929727827
2018-10-12,12.14,19.13,6.22,0.85,14.34,40.092215238863254,40.35312929727827
2018-10-13,10.97,17.29,4.63,0.07,15.3,40.092215238863254,40.35312929727827
2018-10-14,11.77,18.14,5.48,0.0,13.44,40.092215238863254,40.35312929727827
2018-10-15,12.62,18.72,7.36,0.01,14.44,40.092215238863254,40.35312929727827
2018-10-16,13.33,20.16,7.66,0.0,15.77,40.092215238863254,40.35312929727827
2018-10-17,11.81,19.97,5.02,0.01,16.12,40.092215238863254,40.35312929727827
2018-10-18,11.51,19.58,4.7,0.01,15.87,40.092215238863254,40.35312929727827
2018-10-19,10.76,16.4,5.78,0.24,13.05,40.092215238863254,40.35312929727827
2018-10-20,8.58,14.5,4.08,0.79,8.72,40.092215238863254,40.35312929727827
2018-10-21,7.68,13.74,3.81,5.31,10.0,40.092215238863254,40.35312929727827
2018-10-22,7.41,12.9,3.5,3.34,7.43,40.092215238863254,40.35312929727827
2018-10-23,6.81,12.39,2.97,1.89,8.54,40.092215238863254,40.35312929727827
2018-10-24,7.55,10.84,2.47,14.28,4.78,40.092215238863254,40.35312929727827
2018-10-25,7.53,9.52,6.32,14.96,3.86,40.092215238863254,40.35312929727827
2018-10-26,0.91,5.74,-4.55,12.6,4.04,40.092215238863254,40.35312929727827
2018-10-27,0.85,7.72,-5.16,0.58,11.1,40.092215238863254,40.35312929727827
2018-10-28,4.78,13.45,-1.58,0.0,13.3,40.092215238863254,40.35312929727827
2018-10-29,6.51,16.92,-0.73,0.0,13.0,40.092215238863254,40.35312929727827
2018-10-30,8.85,17.8,2.37,0.0,13.28,40.092215238863254,40.35312929727827
2018-10-31,8.9,16.44,4.22,0.0,13.22,40.092215238863254,40.35312929727827
2018-11-01,7.91,15.67,2.91,0.0,13.25,40.092215238863254,40.35312929727827
2018-11-02,5.87,13.07,0.09,0.0,11.71,40.092215238863254,40.35312929727827
2018-11-03,4.51,11.08,0.81,0.01,12.06,40.092215238863254,40.35312929727827
2018-11-04,5.24,14.07,-0.77,0.0,11.71,40.092215238863254,40.35312929727827
2018-11-05,4.18,10.8,-1.12,2.02,7.96,40.092215238863254,40.35312929727827
2018-11-06,2.96,11.31,-1.85,0.06,10.05,40.092215238863254,40.35312929727827
2018-11-07,2.9,9.7,-2.06,0.0,12.58,40.092215238863254,40.35312929727827
2018-11-08,2.7,8.77,-2.3,0.0,12.14,40.092215238863254,40.35312929727827
2018-11-09,2.85,9.04,-1.37,0.0,12.06,40.092215238863254,40.35312929727827
2018-11-10,2.62,9.77,-2.49,0.0,11.99,40.092215238863254,40.35312929727827
2018-11-11,2.82,8.13,-0.59,0.02,8.7,40.092215238863254,40.35312929727827
2018-11-12,1.82,8.36,-2.75,1.95,7.26,40.092215238863254,40.35312929727827
2018-11-13,1.25,7.63,-2.9,6.56,7.44,40.092215238863254,40.35312929727827
2018-11-14,-0.34,4.39,-3.01,10.89,2.18,40.092215238863254,40.35312929727827
2018-11-15,-3.2,1.31,-7.18,2.62,4.93,40.092215238863254,40.35312929727827
2018-11-16,-2.02,3.88,-7.47,4.67,3.74,40.092215238863254,40.35312929727827
2018-11-17,-4.2,0.58,-7.38,0.69,6.0,40.092215238863254,40.35312929727827
2018-11-18,-1.73,2.53,-5.3,0.0,6.83,40.092215238863254,40.35312929727827
2018-11-19,-0.07,6.58,-3.78,0.0,7.48,40.092215238863254,40.35312929727827
2018-11-20,0.74,5.56,-2.73,0.13,5.3,40.092215238863254,40.35312929727827
2018-11-21,0.89,4.07,-1.36,3.48,6.22,40.092215238863254,40.35312929727827
2018-11-22,1.15,5.48,-0.6,2.78,3.96,40.092215238863254,40.35312929727827
2018-11-23,-0.39,4.34,-4.94,2.8,3.27,40.092215238863254,40.35312929727827
2018-11-24,-1.32,4.88,-5.48,0.8,7.57,40.092215238863254,40.35312929727827
2018-11-25,-0.17,3.92,-3.46,0.86,6.61,40.092215238863254,40.35312929727827
2018-11-26,-1.16,4.97,-4.43,0.01,9.5,40.092215238863254,40.35312929727827
2018-11-27,0.01,5.07,-3.59,0.77,6.09,40.092215238863254,40.35312929727827
2018-11-28,1.7,6.15,-1.51,0.28,5.75,40.092215238863254,40.35312929727827
2018-11-29,2.77,7.03,0.43,1.91,3.8,40.092215238863254,40.35312929727827
2018-11-30,2.06,8.55,-2.26,7.69,3.24,40.092215238863254,40.35312929727827
2018-12-01,1.78,4.75,-0.91,15.18,1.41,40.092215238863254,40.35312929727827
2018-12-02,-0.9,4.04,-3.98,0.56,5.06,40.092215238863254,40.35312929727827
2018-12-03,-0.7,5.09,-4.67,0.0,6.87,40.092215238863254,40.35312929727827
2018-12-04,-1.18,3.6,-5.08,0.87,3.95,40.092215238863254,40.35312929727827
2018-12-05,0.22,5.14,-2.85,5.05,3.34,40.092215238863254,40.35312929727827
2018-12-06,-0.82,3.79,-3.57,2.78,6.06,40.092215238863254,40.35312929727827
2018-12-07,-1.12,3.83,-4.28,5.33,5.58,40.092215238863254,40.35312929727827
2018-12-08,-1.43,1.91,-3.1,4.03,4.42,40.092215238863254,40.35312929727827
2018-12-09,-2.66,1.9,-5.97,0.5,7.87,40.092215238863254,40.35312929727827
2018-12-10,-1.93,2.8,-5.65,1.43,5.08,40.092215238863254,40.35312929727827
2018-12-11,-0.68,2.06,-2.53,12.63,4.17,40.092215238863254,40.35312929727827
2018-12-12,-1.51,0.44,-4.3,20.42,1.55,40.092215238863254,40.35312929727827
2018-12-13,-8.1,-4.28,-14.94,1.81,4.62,40.092215238863254,40.35312929727827
2018-12-14,-10.0,-4.93,-16.79,1.09,2.7,40.092215238863254,40.35312929727827
2018-12-15,-6.5,-1.4,-10.66,0.19,4.57,40.092215238863254,40.35312929727827
2018-12-16,-5.07,-0.25,-8.23,0.0,5.52,40.092215238863254,40.35312929727827
2018-12-17,-5.54,-0.73,-10.05,1.47,2.41,40.092215238863254,40.35312929727827
2018-12-18,-6.7,-0.74,-10.38,0.62,5.14,40.092215238863254,40.35312929727827
2018-12-19,-5.01,0.43,-10.21,0.67,2.7,40.092215238863254,40.35312929727827
2018-12-20,-3.95,0.37,-9.08,2.16,4.91,40.092215238863254,40.35312929727827
2018-12-21,-4.13,-0.04,-7.71,1.29,4.46,40.092215238863254,40.35312929727827
2018-12-22,-5.91,-1.14,-8.4,0.01,4.43,40.092215238863254,40.35312929727827
2018-12-23,-7.48,-1.41,-10.13,0.34,8.1,40.092215238863254,40.35312929727827
2018-12-24,-6.99,-2.68,-12.66,5.31,3.65,40.092215238863254,40.35312929727827
2018-12-25,-8.15,-2.77,-15.1,0.22,5.3,40.092215238863254,40.35312929727827
2018-12-26,-4.06,-1.6,-6.52,8.32,3.06,40.092215238863254,40.35312929727827
2018-12-27,-5.65,-1.97,-8.75,9.73,1.75,40.092215238863254,40.35312929727827
2018-12-28,-11.07,-5.61,-18.06,3.94,3.72,40.092215238863254,40.35312929727827
2018-12-29,-14.88,-4.36,-22.23,0.03,8.0,40.092215238863254,40.35312929727827
2018-12-30,-9.86,-4.9,-14.08,0.87,4.96,40.092215238863254,40.35312929727827
2018-12-31,-8.26,-4.27,-12.58,4.27,4.28,40.092215238863254,40.35312929727827
2019-01-01,-12.74,-6.28,-16.7,0.26,8.0,40.092215238863254,40.35312929727827
2019-01-02,-9.56,-2.59,-13.65,0.26,7.28,40.092215238863254,40.35312929727827
2019-01-03,-7.85,-1.41,-11.59,0.1,3.86,40.092215238863254,40.35312929727827
2019-01-04,-5.16,-0.81,-9.87,3.18,7.23,40.092215238863254,40.35312929727827
2019-01-05,-5.32,-1.46,-11.57,2.61,5.45,40.092215238863254,40.35312929727827
2019-01-06,-6.5,-2.1,-11.27,3.35,2.21,40.092215238863254,40.35312929727827
2019-01-07,-9.82,-5.36,-16.25,2.21,3.84,40.092215238863254,40.35312929727827
2019-01-08,-7.05,-3.32,-13.63,5.99,3.69,40.092215238863254,40.35312929727827
2019-01-09,-9.95,-4.99,-18.65,7.26,4.09,40.092215238863254,40.35312929727827
2019-01-10,-15.08,-6.47,-20.08,0.0,9.13,40.092215238863254,40.35312929727827
2019-01-11,-10.48,-1.32,-17.25,0.0,7.91,40.092215238863254,40.35312929727827
2019-01-12,-10.69,-4.28,-14.03,0.0,9.2,40.092215238863254,40.35312929727827
2019-01-13,-10.78,-5.04,-16.47,0.32,4.16,40.092215238863254,40.35312929727827
2019-01-14,-10.81,-2.94,-15.49,0.6,8.42,40.092215238863254,40.35312929727827
2019-01-15,-5.59,-1.36,-11.37,2.61,3.32,40.092215238863254,40.35312929727827
2019-01-16,-4.56,-2.28,-8.85,4.69,2.43,40.092215238863254,40.35312929727827
2019-01-17,-9.66,-6.91,-14.14,7.95,6.52,40.092215238863254,40.35312929727827
2019-01-18,-13.53,-6.05,-17.49,0.05,10.64,40.092215238863254,40.35312929727827
2019-01-19,-12.45,-5.23,-19.16,0.02,11.14,40.092215238863254,40.35312929727827
2019-01-20,-10.53,-3.71,-15.28,0.0,10.44,40.092215238863254,40.35312929727827
2019-01-21,-11.48,-3.73,-15.61,0.0,10.93,40.092215238863254,40.35312929727827
2019-01-22,-9.16,-3.28,-12.74,0.49,8.59,40.092215238863254,40.35312929727827
2019-01-23,-9.75,-2.48,-14.02,0.06,9.08,40.092215238863254,40.35312929727827
2019-01-24,-7.39,-1.0,-12.15,0.05,6.05,40.092215238863254,40.35312929727827
2019-01-25,-5.81,-1.03,-11.15,1.32,7.85,40.092215238863254,40.35312929727827
2019-01-26,-6.82,-0.9,-11.21,0.12,7.42,40.092215238863254,40.35312929727827
2019-01-27,-3.45,0.18,-7.1,1.11,9.04,40.092215238863254,40.35312929727827
2019-01-28,-4.53,0.0,-9.29,0.0,10.03,40.092215238863254,40.35312929727827
2019-01-29,-7.83,-1.27,-13.17,0.01,11.65,40.092215238863254,40.35312929727827
2019-01-30,-8.98,-1.57,-14.87,0.04,7.29,40.092215238863254,40.35312929727827
2019-01-31,-6.72,-1.13,-10.46,0.73,9.31,40.092215238863254,40.35312929727827
2019-02-01,-4.99,-1.12,-8.5,3.71,3.73,40.092215238863254,40.35312929727827
2019-02-02,-7.74,-2.87,-11.26,0.97,5.69,40.092215238863254,40.35312929727827
2019-02-03,-8.29,-1.67,-13.32,0.03,6.5,40.092215238863254,40.35312929727827
2019-02-04,-7.06,-0.76,-12.44,0.01,13.35,40.092215238863254,40.35312929727827
2019-02-05,-6.52,0.14,-11.2,0.0,11.81,40.092215238863254,40.35312929727827
2019-02-06,-6.48,0.14,-12.54,0.02,11.62,40.092215238863254,40.35312929727827
2019-02-07,-4.4,-0.7,-7.03,3.3,4.78,40.092215238863254,40.35312929727827
2019-02-08,-5.6,-0.76,-11.77,1.98,8.72,40.092215238863254,40.35312929727827
2019-02-09,-5.73,-1.2,-10.36,0.63,8.29,40.092215238863254,40.35312929727827
2019-02-10,-5.48,-1.5,-9.18,2.75,8.3,40.092215238863254,40.35312929727827
2019-02-11,-6.51,-1.78,-10.48,0.46,10.37,40.092215238863254,40.35312929727827
2019-02-12,-8.12,-1.21,-12.6,0.0,13.65,40.092215238863254,40.35312929727827
2019-02-13,-7.53,-1.29,-11.57,0.0,12.86,40.092215238863254,40.35312929727827
2019-02-14,-7.83,-1.5,-15.36,0.98,11.68,40.092215238863254,40.35312929727827
2019-02-15,-6.02,-1.41,-11.79,7.21,8.0,40.092215238863254,40.35312929727827
2019-02-16,-7.87,-2.64,-12.44,1.01,8.2,40.092215238863254,40.35312929727827
2019-02-17,-9.28,-3.57,-14.19,0.09,13.51,40.092215238863254,40.35312929727827
2019-02-18,-9.21,-2.22,-13.9,0.14,12.0,40.092215238863254,40.35312929727827
2019-02-19,-10.05,-4.28,-15.93,0.23,14.79,40.092215238863254,40.35312929727827
2019-02-20,-9.49,-1.42,-16.42,0.0,16.47,40.092215238863254,40.35312929727827
2019-02-21,-7.38,-2.06,-12.64,0.02,14.95,40.092215238863254,40.35312929727827
2019-02-22,-7.54,-2.14,-11.53,0.56,12.32,40.092215238863254,40.35312929727827
2019-02-23,-5.94,-1.12,-10.94,0.12,13.45,40.092215238863254,40.35312929727827
2019-02-24,-5.49,-0.5,-10.13,0.11,13.69,40.092215238863254,40.35312929727827
2019-02-25,-6.74,-1.72,-10.34,0.71,14.48,40.092215238863254,40.35312929727827
2019-02-26,-5.32,-0.21,-11.19,4.25,14.61,40.092215238863254,40.35312929727827
2019-02-27,-4.57,-1.91,-7.57,3.13,12.27,40.092215238863254,40.35312929727827
2019-02-28,-9.49,-6.19,-16.18,5.31,8.86,40.092215238863254,40.35312929727827
2019-03-01,-10.52,-3.36,-16.55,0.24,9.42,40.092215238863254,40.35312929727827
2019-03-02,-5.71,-1.06,-11.29,1.34,8.85,40.092215238863254,40.35312929727827
2019-03-03,-5.18,-2.06,-9.11,3.4,8.38,40.092215238863254,40.35312929727827
2019-03-04,-4.49,0.28,-9.06,0.42,15.11,40.092215238863254,40.35312929727827
2019-03-05,-4.0,1.14,-8.59,0.0,14.76,40.092215238863254,40.35312929727827
2019-03-06,-2.99,1.51,-7.25,0.09,11.43,40.092215238863254,40.35312929727827
2019-03-07,-4.83,-3.34,-8.43,4.24,5.84,40.092215238863254,40.35312929727827
2019-03-08,-6.39,-0.25,-12.9,0.0,17.87,40.092215238863254,40.35312929727827
2019-03-09,-3.67,2.63,-9.58,0.0,17.92,40.092215238863254,40.35312929727827
2019-03-10,-1.06,3.01,-4.35,0.1,17.17,40.092215238863254,40.35312929727827
2019-03-11,-1.19,2.89,-5.22,0.37,13.91,40.092215238863254,40.35312929727827
2019-03-12,-0.97,2.9,-5.56,0.0,14.32,40.092215238863254,40.35312929727827
2019-03-13,0.51,2.91,-1.21,0.88,8.15,40.092215238863254,40.35312929727827
2019-03-14,-0.65,3.29,-3.95,4.86,7.05,40.092215238863254,40.35312929727827
2019-03-15,-0.53,4.45,-4.93,0.68,10.72,40.092215238863254,40.35312929727827
2019-03-16,-0.81,2.33,-3.35,2.76,9.43,40.092215238863254,40.35312929727827
2019-03-17,-2.92,2.17,-7.75,2.09,5.9,40.092215238863254,40.35312929727827
2019-03-18,-5.12,1.11,-10.74,0.05,19.45,40.092215238863254,40.35312929727827
2019-03-19,-2.4,4.05,-8.18,0.0,21.59,40.092215238863254,40.35312929727827
2019-03-20,0.84,7.61,-3.84,0.0,20.89,40.092215238863254,40.35312929727827
2019-03-21,1.36,8.04,-4.03,0.08,14.66,40.092215238863254,40.35312929727827
2019-03-22,-1.02,5.39,-4.87,0.27,11.51,40.092215238863254,40.35312929727827
2019-03-23,0.13,5.88,-4.35,1.16,16.48,40.092215238863254,40.35312929727827
2019-03-24,-3.99,0.18,-7.74,2.36,13.26,40.092215238863254,40.35312929727827
2019-03-25,-2.48,4.14,-8.1,0.73,15.91,40.092215238863254,40.35312929727827
2019-03-26,0.61,6.94,-4.54,0.59,14.36,40.092215238863254,40.35312929727827
2019-03-27,1.45,6.03,-2.35,0.5,16.93,40.092215238863254,40.35312929727827
2019-03-28,-0.13,4.49,-4.31,2.39,13.52,40.092215238863254,40.35312929727827
2019-03-29,-2.39,1.04,-4.79,6.56,15.61,40.092215238863254,40.35312929727827
2019-03-30,-1.38,3.77,-4.73,3.76,13.94,40.092215238863254,40.35312929727827
2019-03-31,0.89,7.29,-3.11,2.93,10.79,40.092215238863254,40.35312929727827
2019-04-01,1.18,5.69,-2.52,0.33,16.8,40.092215238863254,40.35312929727827
2019-04-02,-0.45,2.67,-4.79,6.62,11.7,40.092215238863254,40.35312929727827
2019-04-03,-0.64,4.17,-5.25,1.24,17.27,40.092215238863254,40.35312929727827
2019-04-04,0.08,3.08,-2.43,3.16,13.84,40.092215238863254,40.35312929727827
2019-04-05,2.38,7.41,-2.74,0.0,18.65,40.092215238863254,40.35312929727827
2019-04-06,2.82,7.0,-0.87,0.62,18.01,40.092215238863254,40.35312929727827
2019-04-07,4.7,11.32,-1.71,0.01,20.37,40.092215238863254,40.35312929727827
2019-04-08,4.43,9.52,-0.05,0.18,17.62,40.092215238863254,40.35312929727827
2019-04-09,4.66,11.54,-0.26,0.14,17.85,40.092215238863254,40.35312929727827
2019-04-10,4.12,9.1,-0.84,8.58,13.96,40.092215238863254,40.35312929727827
2019-04-11,2.36,7.95,-2.74,0.98,13.3,40.092215238863254,40.35312929727827
2019-04-12,2.91,7.39,-1.84,1.53,20.73,40.092215238863254,40.35312929727827
2019-04-13,5.23,11.51,-0.84,0.0,20.05,40.092215238863254,40.35312929727827
2019-04-14,5.62,12.46,-0.4,0.44,21.53,40.092215238863254,40.35312929727827
2019-04-15,4.89,10.89,0.61,10.47,21.86,40.092215238863254,40.35312929727827
2019-04-16,3.09,8.21,-0.5,8.38,6.77,40.092215238863254,40.35312929727827
2019-04-17,0.41,3.89,-2.68,15.4,8.27,40.092215238863254,40.35312929727827
2019-04-18,0.67,4.99,-2.76,1.27,10.63,40.092215238863254,40.35312929727827
2019-04-19,-0.47,2.33,-3.67,4.87,11.2,40.092215238863254,40.35312929727827
2019-04-20,-0.18,4.42,-4.09,3.07,13.33,40.092215238863254,40.35312929727827
2019-04-21,0.01,4.92,-3.7,3.92,14.57,40.092215238863254,40.35312929727827
2019-04-22,-0.85,4.34,-5.57,0.9,16.02,40.092215238863254,40.35312929727827
2019-04-23,0.27,6.52,-5.58,0.04,15.34,40.092215238863254,40.35312929727827
2019-04-24,2.12,9.62,-3.92,0.0,22.65,40.092215238863254,40.35312929727827
2019-04-25,3.25,10.54,-2.89,0.0,27.98,40.092215238863254,40.35312929727827
2019-04-26,4.93,11.91,-2.35,0.0,26.71,40.092215238863254,40.35312929727827
2019-04-27,6.45,13.08,-0.17,0.05,23.51,40.092215238863254,40.35312929727827
2019-04-28,6.03,11.38,0.77,1.35,21.22,40.092215238863254,40.35312929727827
2019-04-29,5.14,10.46,1.1,4.25,13.74,40.092215238863254,40.35312929727827
2019-04-30,7.43,15.78,-0.2,0.0,21.24,40.092215238863254,40.35312929727827
2019-05-01,8.39,15.1,2.05,2.26,19.49,40.092215238863254,40.35312929727827
2019-05-02,8.04,11.53,3.78,17.11,8.83,40.092215238863254,40.35312929727827
2019-05-03,7.45,12.42,2.95,2.33,14.22,40.092215238863254,40.35312929727827
2019-05-04,4.01,7.88,0.02,6.89,5.67,40.092215238863254,40.35312929727827
2019-05-05,6.48,14.49,-0.87,0.12,25.23,40.092215238863254,40.35312929727827
2019-05-06,8.32,14.04,2.86,0.44,18.64,40.092215238863254,40.35312929727827
2019-05-07,9.34,15.32,4.04,1.92,20.39,40.092215238863254,40.35312929727827
2019-05-08,8.88,16.3,2.56,0.67,17.23,40.092215238863254,40.35312929727827
2019-05-09,7.91,15.13,1.07,0.17,18.47,40.092215238863254,40.35312929727827
2019-05-10,7.26,12.84,1.3,0.0,22.67,40.092215238863254,40.35312929727827
2019-05-11,8.03,13.6,2.57,0.16,21.66,40.092215238863254,40.35312929727827
2019-05-12,7.42,12.31,2.79,15.32,8.27,40.092215238863254,40.35312929727827
2019-05-13,9.85,16.19,2.89,0.01,26.23,40.092215238863254,40.35312929727827
2019-05-14,12.15,18.32,5.26,0.0,29.01,40.092215238863254,40.35312929727827
2019-05-15,13.94,21.11,6.2,0.0,29.71,40.092215238863254,40.35312929727827
2019-05-16,15.66,22.23,8.57,0.0,28.96,40.092215238863254,40.35312929727827
2019-05-17,15.79,22.88,8.06,0.0,28.64,40.092215238863254,40.35312929727827
2019-05-18,15.66,22.7,8.55,0.02,23.8,40.092215238863254,40.35312929727827
2019-05-19,12.72,19.18,6.31,0.01,27.59,40.092215238863254,40.35312929727827
2019-05-20,8.94,13.5,5.04,1.43,14.18,40.092215238863254,40.35312929727827
2019-05-21,11.58,18.9,3.79,0.0,27.73,40.092215238863254,40.35312929727827
2019-05-22,12.23,16.43,7.9,1.51,16.67,40.092215238863254,40.35312929727827
2019-05-23,10.84,15.23,6.86,1.65,8.38,40.092215238863254,40.35312929727827
2019-05-24,13.0,19.42,7.47,0.44,19.8,40.092215238863254,40.35312929727827
2019-05-25,13.91,20.41,8.1,0.26,20.35,40.092215238863254,40.35312929727827
2019-05-26,10.79,15.84,4.98,0.38,22.14,40.092215238863254,40.35312929727827
2019-05-27,10.19,17.81,2.63,0.0,27.94,40.092215238863254,40.35312929727827
2019-05-28,12.43,19.79,4.71,0.0,31.82,40.092215238863254,40.35312929727827
2019-05-29,13.84,21.06,6.0,0.0,32.25,40.092215238863254,40.35312929727827
2019-05-30,15.01,22.23,8.54,0.0,32.51,40.092215238863254,40.35312929727827
2019-05-31,15.6,22.98,6.49,0.0,30.71,40.092215238863254,40.35312929727827
2019-06-01,15.06,20.49,9.63,0.93,22.98,40.092215238863254,40.35312929727827
2019-06-02,16.89,23.02,9.98,0.01,26.69,40.092215238863254,40.35312929727827
2019-06-03,19.05,25.24,11.37,0.02,25.3,40.092215238863254,40.35312929727827
2019-06-04,18.65,24.68,11.35,0.05,24.54,40.092215238863254,40.35312929727827
2019-06-05,17.6,23.59,12.18,0.0,23.45,40.092215238863254,40.35312929727827
2019-06-06,15.3,19.51,10.82,0.62,19.04,40.092215238863254,40.35312929727827
2019-06-07,17.02,22.49,11.65,1.29,21.21,40.092215238863254,40.35312929727827
2019-06-08,16.97,22.96,9.92,0.94,24.48,40.092215238863254,40.35312929727827
2019-06-09,17.09,23.35,10.38,0.74,25.57,40.092215238863254,40.35312929727827
2019-06-10,16.2,22.06,10.0,1.13,18.98,40.092215238863254,40.35312929727827
2019-06-11,16.94,23.46,9.48,1.56,26.01,40.092215238863254,40.35312929727827
2019-06-12,15.18,21.97,7.14,0.05,26.48,40.092215238863254,40.35312929727827
2019-06-13,15.83,21.2,8.77,0.19,20.36,40.092215238863254,40.35312929727827
2019-06-14,15.91,21.15,9.88,0.2,18.49,40.092215238863254,40.35312929727827
2019-06-15,16.31,22.65,7.88,0.71,25.01,40.092215238863254,40.35312929727827
2019-06-16,17.59,23.9,9.73,0.35,25.67,40.092215238863254,40.35312929727827
2019-06-17,17.07,22.66,10.84,8.14,22.94,40.092215238863254,40.35312929727827
2019-06-18,16.44,22.1,9.99,2.66,19.86,40.092215238863254,40.35312929727827
2019-06-19,16.8,21.96,10.44,0.96,23.83,40.092215238863254,40.35312929727827
2019-06-20,16.09,21.35,10.08,5.48,18.2,40.092215238863254,40.35312929727827
2019-06-21,15.28,19.06,11.07,3.48,20.71,40.092215238863254,40.35312929727827
2019-06-22,17.6,24.08,9.54,1.42,24.39,40.092215238863254,40.35312929727827
2019-06-23,18.66,25.67,10.85,0.45,20.43,40.092215238863254,40.35312929727827
2019-06-24,18.21,25.06,10.84,0.0,18.93,40.092215238863254,40.35312929727827
2019-06-25,19.16,26.7,11.05,0.05,24.52,40.092215238863254,40.35312929727827
2019-06-26,19.75,27.3,11.99,0.61,18.76,40.092215238863254,40.35312929727827
2019-06-27,19.14,26.47,11.87,0.32,20.61,40.092215238863254,40.35312929727827
2019-06-28,18.26,25.96,10.66,0.44,20.46,40.092215238863254,40.35312929727827
2019-06-29,14.13,20.66,7.44,1.28,13.17,40.092215238863254,40.35312929727827
2019-06-30,10.21,17.86,4.09,3.71,19.89,40.092215238863254,40.35312929727827
2019-07-01,9.49,17.38,1.93,1.32,24.62,40.092215238863254,40.35312929727827
2019-07-02,13.61,23.85,1.44,0.01,32.47,40.092215238863254,40.35312929727827
2019-07-03,16.26,24.72,6.69,0.0,27.68,40.092215238863254,40.35312929727827
2019-07-04,17.2,25.41,8.23,0.02,24.66,40.092215238863254,40.35312929727827
2019-07-05,16.7,23.27,10.42,0.05,22.27,40.092215238863254,40.35312929727827
2019-07-06,16.09,23.09,8.83,1.31,19.07,40.092215238863254,40.35312929727827
2019-07-07,16.69,24.85,7.67,1.33,21.06,40.092215238863254,40.35312929727827
2019-07-08,18.32,24.86,10.73,0.33,22.76,40.092215238863254,40.35312929727827
2019-07-09,16.16,23.21,9.88,0.02,27.97,40.092215238863254,40.35312929727827
2019-07-10,16.81,25.37,7.88,0.04,30.22,40.092215238863254,40.35312929727827
2019-07-11,18.93,26.23,10.5,0.03,24.23,40.092215238863254,40.35312929727827
2019-07-12,17.36,23.52,11.1,3.91,18.21,40.092215238863254,40.35312929727827
2019-07-13,14.72,21.06,9.18,1.94,19.66,40.092215238863254,40.35312929727827
2019-07-14,15.17,22.91,8.1,0.3,26.32,40.092215238863254,40.35312929727827
2019-07-15,16.6,24.1,8.49,0.29,22.36,40.092215238863254,40.35312929727827
2019-07-16,16.02,23.19,9.84,0.12,20.38,40.092215238863254,40.35312929727827
2019-07-17,17.38,25.7,8.25,0.07,26.21,40.092215238863254,40.35312929727827
2019-07-18,18.57,25.23,10.94,0.81,18.91,40.092215238863254,40.35312929727827
2019-07-19,17.93,26.77,9.48,0.25,18.58,40.092215238863254,40.35312929727827
2019-07-20,19.52,29.98,9.38,0.11,19.94,40.092215238863254,40.35312929727827
2019-07-21,21.27,32.07,11.65,0.35,18.94,40.092215238863254,40.35312929727827
2019-07-22,19.89,30.08,10.96,0.75,15.53,40.092215238863254,40.35312929727827
2019-07-23,20.13,29.91,11.12,0.07,18.9,40.092215238863254,40.35312929727827
2019-07-24,20.4,28.5,11.1,0.03,20.51,40.092215238863254,40.35312929727827
2019-07-25,18.39,26.32,11.76,1.63,14.04,40.092215238863254,40.35312929727827
2019-07-26,16.9,25.85,9.24,0.03,22.07,40.092215238863254,40.35312929727827
2019-07-27,17.59,27.71,8.02,0.0,25.25,40.092215238863254,40.35312929727827
2019-07-28,17.9,28.21,7.88,0.01,25.74,40.092215238863254,40.35312929727827
2019-07-29,19.8,29.38,9.89,0.0,28.95,40.092215238863254,40.35312929727827
2019-07-30,21.74,30.09,13.58,0.0,29.47,40.092215238863254,40.35312929727827
2019-07-31,22.25,31.03,14.7,0.17,21.44,40.092215238863254,40.35312929727827
2019-08-01,21.34,30.55,12.75,0.77,23.65,40.092215238863254,40.35312929727827
2019-08-02,18.59,27.01,11.92,1.43,22.49,40.092215238863254,40.35312929727827
2019-08-03,18.01,27.63,9.15,0.25,21.84,40.092215238863254,40.35312929727827
2019-08-04,18.83,27.65,11.14,0.93,28.25,40.092215238863254,40.35312929727827
2019-08-05,15.52,23.84,9.28,1.56,19.37,40.092215238863254,40.35312929727827
2019-08-06,15.06,25.08,6.55,0.27,20.22,40.092215238863254,40.35312929727827
2019-08-07,15.72,26.08,7.27,0.02,16.71,40.092215238863254,40.35312929727827
2019-08-08,17.67,27.84,8.43,0.0,22.59,40.092215238863254,40.35312929727827
2019-08-09,18.74,28.57,9.38,0.0,24.18,40.092215238863254,40.35312929727827
2019-08-10,18.87,29.16,10.0,0.0,20.31,40.092215238863254,40.35312929727827
2019-08-11,17.41,26.8,9.64,0.05,23.21,40.092215238863254,40.35312929727827
2019-08-12,18.43,30.16,7.67,0.0,26.74,40.092215238863254,40.35312929727827
2019-08-13,20.68,31.91,9.64,0.0,26.69,40.092215238863254,40.35312929727827
2019-08-14,23.63,33.13,13.18,0.0,26.85,40.092215238863254,40.35312929727827
2019-08-15,24.86,32.97,16.89,0.0,24.26,40.092215238863254,40.35312929727827
2019-08-16,23.64,31.66,16.7,0.33,15.46,40.092215238863254,40.35312929727827
2019-08-17,20.05,30.16,12.0,2.12,16.25,40.092215238863254,40.35312929727827
2019-08-18,20.27,29.9,11.09,0.18,19.95,40.092215238863254,40.35312929727827
2019-08-19,20.43,30.18,10.89,0.36,19.34,40.092215238863254,40.35312929727827
2019-08-20,21.69,30.87,12.52,0.12,19.49,40.092215238863254,40.35312929727827
2019-08-21,21.04,30.75,11.42,0.35,19.33,40.092215238863254,40.35312929727827
2019-08-22,19.86,28.57,12.63,0.37,19.23,40.092215238863254,40.35312929727827
2019-08-23,17.73,25.23,10.49,1.5,13.75,40.092215238863254,40.35312929727827
2019-08-24,17.08,24.13,10.91,3.11,12.59,40.092215238863254,40.35312929727827
2019-08-25,18.08,26.71,10.71,0.14,18.28,40.092215238863254,40.35312929727827
2019-08-26,19.13,27.55,10.38,1.37,19.08,40.092215238863254,40.35312929727827
2019-08-27,18.41,26.96,10.84,4.5,15.37,40.092215238863254,40.35312929727827
2019-08-28,17.69,26.06,10.84,1.51,18.62,40.092215238863254,40.35312929727827
2019-08-29,19.67,27.75,10.83,0.0,21.65,40.092215238863254,40.35312929727827
2019-08-30,18.63,24.74,13.26,5.89,10.43,40.092215238863254,40.35312929727827
2019-08-31,16.38,23.53,11.0,3.28,19.55,40.092215238863254,40.35312929727827
2019-09-01,17.27,25.53,8.18,0.41,20.7,40.092215238863254,40.35312929727827
2019-09-02,15.62,21.61,8.99,10.09,14.63,40.092215238863254,40.35312929727827
2019-09-03,14.85,24.6,6.76,0.05,22.33,40.092215238863254,40.35312929727827
2019-09-04,15.89,25.63,7.41,1.22,19.78,40.092215238863254,40.35312929727827
2019-09-05,16.44,24.41,7.96,1.26,15.64,40.092215238863254,40.35312929727827
2019-09-06,16.1,23.91,9.12,0.04,16.51,40.092215238863254,40.35312929727827
2019-09-07,14.27,22.17,8.21,0.08,16.52,40.092215238863254,40.35312929727827
2019-09-08,13.13,21.51,5.84,0.5,14.06,40.092215238863254,40.35312929727827
2019-09-09,13.29,21.11,6.56,3.5,13.99,40.092215238863254,40.35312929727827
2019-09-10,12.62,20.19,5.78,0.51,15.99,40.092215238863254,40.35312929727827
2019-09-11,13.68,21.42,7.13,0.0,18.72,40.092215238863254,40.35312929727827
2019-09-12,13.59,22.14,5.87,0.01,18.74,40.092215238863254,40.35312929727827
2019-09-13,13.31,22.13,5.58,0.06,19.14,40.092215238863254,40.35312929727827
2019-09-14,14.09,22.36,6.69,0.39,17.06,40.092215238863254,40.35312929727827
2019-09-15,12.6,19.33,6.11,7.04,6.35,40.092215238863254,40.35312929727827
2019-09-16,14.76,22.99,8.34,2.37,13.07,40.092215238863254,40.35312929727827
2019-09-17,13.34,18.54,8.72,5.23,12.16,40.092215238863254,40.35312929727827
2019-09-18,14.31,22.4,7.52,0.0,22.62,40.092215238863254,40.35312929727827
2019-09-19,16.15,23.0,10.62,0.0,21.3,40.092215238863254,40.35312929727827
2019-09-20,15.07,23.52,7.85,0.02,20.1,40.092215238863254,40.35312929727827
2019-09-21,8.41,15.97,0.71,6.3,8.61,40.092215238863254,40.35312929727827
2019-09-22,5.95,16.41,-2.35,0.37,19.4,40.092215238863254,40.35312929727827
2019-09-23,10.48,20.24,1.02,0.0,21.71,40.092215238863254,40.35312929727827
2019-09-24,11.86,20.28,4.17,0.0,21.68,40.092215238863254,40.35312929727827
2019-09-25,13.06,20.32,6.52,0.0,18.16,40.092215238863254,40.35312929727827
2019-09-26,13.63,20.74,7.12,0.0,13.14,40.092215238863254,40.35312929727827
2019-09-27,14.08,21.94,8.73,0.0,16.74,40.092215238863254,40.35312929727827
2019-09-28,11.48,17.38,4.69,4.15,11.03,40.092215238863254,40.35312929727827
2019-09-29,9.68,18.81,2.32,0.98,17.65,40.092215238863254,40.35312929727827
2019-09-30,12.44,20.47,4.71,0.0,19.74,40.092215238863254,40.35312929727827
2019-10-01,12.97,21.77,6.95,0.0,19.64,40.092215238863254,40.35312929727827
2019-10-02,13.41,22.6,5.58,0.0,20.1,40.092215238863254,40.35312929727827
2019-10-03,15.29,21.91,9.34,0.6,11.87,40.092215238863254,40.35312929727827
2019-10-04,13.69,21.41,7.75,0.0,17.24,40.092215238863254,40.35312929727827
2019-10-05,12.55,20.69,6.11,0.03,17.26,40.092215238863254,40.35312929727827
2019-10-06,11.74,18.76,5.23,3.09,12.97,40.092215238863254,40.35312929727827
2019-10-07,9.68,16.76,4.28,1.11,13.02,40.092215238863254,40.35312929727827
2019-10-08,11.55,18.34,5.28,0.18,14.25,40.092215238863254,40.35312929727827
2019-10-09,12.87,19.12,7.85,1.51,12.17,40.092215238863254,40.35312929727827
2019-10-10,13.8,22.31,6.43,0.0,16.24,40.092215238863254,40.35312929727827
2019-10-11,13.3,21.18,7.7,0.25,14.65,40.092215238863254,40.35312929727827
2019-10-12,7.93,15.21,0.61,0.6,10.8,40.092215238863254,40.35312929727827
2019-10-13,8.49,19.41,-1.6,0.0,18.24,40.092215238863254,40.35312929727827
2019-10-14,11.66,20.59,3.97,0.0,17.78,40.092215238863254,40.35312929727827
2019-10-15,13.18,21.3,6.31,0.0,17.34,40.092215238863254,40.35312929727827
2019-10-16,13.26,20.21,7.07,0.0,16.38,40.092215238863254,40.35312929727827
2019-10-17,12.88,19.23,8.48,0.0,14.41,40.092215238863254,40.35312929727827
2019-10-18,11.3,17.99,6.08,0.16,13.15,40.092215238863254,40.35312929727827
2019-10-19,10.86,16.12,5.62,0.31,11.57,40.092215238863254,40.35312929727827
2019-10-20,9.2,13.41,5.98,3.65,6.74,40.092215238863254,40.35312929727827
2019-10-21,7.61,12.8,3.01,6.75,5.88,40.092215238863254,40.35312929727827
2019-10-22,6.96,12.29,3.47,1.53,7.12,40.092215238863254,40.35312929727827
2019-10-23,7.63,15.38,1.88,0.01,12.26,40.092215238863254,40.35312929727827
2019-10-24,7.85,15.73,0.5,0.0,14.58,40.092215238863254,40.35312929727827
2019-10-25,8.52,14.79,2.73,0.01,12.91,40.092215238863254,40.35312929727827
2019-10-26,7.01,14.25,1.72,3.03,9.58,40.092215238863254,40.35312929727827
2019-10-27,5.63,14.22,-0.87,0.71,10.99,40.092215238863254,40.35312929727827
2019-10-28,6.32,12.89,0.82,0.05,12.99,40.092215238863254,40.35312929727827
2019-10-29,5.14,8.37,2.8,4.15,7.05,40.092215238863254,40.35312929727827
2019-10-30,4.86,10.36,1.46,2.03,7.86,40.092215238863254,40.35312929727827
2019-10-31,4.94,11.3,0.77,0.31,10.31,40.092215238863254,40.35312929727827
2019-11-01,3.6,7.69,-0.83,11.21,3.7,40.092215238863254,40.35312929727827
2019-11-02,-2.53,3.11,-7.5,9.99,7.34,40.092215238863254,40.35312929727827
2019-11-03,-0.57,7.25,-7.23,0.01,11.28,40.092215238863254,40.35312929727827
2019-11-04,1.61,9.84,-3.47,0.0,11.07,40.092215238863254,40.35312929727827
2019-11-05,2.93,10.42,-1.7,0.0,10.51,40.092215238863254,40.35312929727827
2019-11-06,5.9,12.81,1.09,0.01,11.94,40.092215238863254,40.35312929727827
2019-11-07,6.97,14.73,1.95,0.0,11.58,40.092215238863254,40.35312929727827
2019-11-08,7.44,15.76,1.23,0.0,12.15,40.092215238863254,40.35312929727827
2019-11-09,7.56,15.55,2.43,0.0,11.91,40.092215238863254,40.35312929727827
2019-11-10,5.82,13.76,0.97,0.0,11.93,40.092215238863254,40.35312929727827
2019-11-11,6.18,12.93,1.96,0.0,11.05,40.092215238863254,40.35312929727827
2019-11-12,5.74,13.5,0.65,0.0,10.72,40.092215238863254,40.35312929727827
2019-11-13,5.32,13.37,0.55,0.0,11.2,40.092215238863254,40.35312929727827
2019-11-14,5.17,13.16,0.76,0.0,11.61,40.092215238863254,40.35312929727827
2019-11-15,5.4,13.34,0.77,0.0,11.69,40.092215238863254,40.35312929727827
2019-11-16,4.19,13.23,-1.62,0.0,11.26,40.092215238863254,40.35312929727827
2019-11-17,1.68,10.1,-3.59,0.0,11.35,40.092215238863254,40.35312929727827
2019-11-18,2.41,10.66,-1.86,0.0,10.88,40.092215238863254,40.35312929727827
2019-11-19,2.18,10.33,-1.39,0.0,10.48,40.092215238863254,40.35312929727827
2019-11-20,2.04,9.38,-1.59,0.0,10.26,40.092215238863254,40.35312929727827
2019-11-21,0.27,6.32,-3.14,0.01,10.17,40.092215238863254,40.35312929727827
2019-11-22,0.66,6.47,-2.4,0.06,10.12,40.092215238863254,40.35312929727827
2019-11-23,0.03,4.43,-2.54,0.0,8.5,40.092215238863254,40.35312929727827
2019-11-24,1.22,6.33,-1.18,0.0,8.54,40.092215238863254,40.35312929727827
2019-11-25,-0.12,5.53,-3.34,0.0,9.55,40.092215238863254,40.35312929727827
2019-11-26,-0.57,5.69,-5.01,0.27,6.68,40.092215238863254,40.35312929727827
2019-11-27,0.13,3.79,-1.4,1.9,1.93,40.092215238863254,40.35312929727827
2019-11-28,-0.45,3.64,-2.9,3.06,4.0,40.092215238863254,40.35312929727827
2019-11-29,-1.0,4.24,-3.54,0.1,7.03,40.092215238863254,40.35312929727827
2019-11-30,0.29,3.6,-1.72,4.1,2.78,40.092215238863254,40.35312929727827
2019-12-01,-0.44,1.47,-2.55,15.02,2.49,40.092215238863254,40.35312929727827
2019-12-02,-6.71,-3.2,-14.58,8.71,2.97,40.092215238863254,40.35312929727827
2019-12-03,-9.48,-1.6,-15.38,0.04,6.4,40.092215238863254,40.35312929727827
2019-12-04,-4.28,-0.02,-7.42,4.71,4.58,40.092215238863254,40.35312929727827
2019-12-05,-7.38,-1.59,-13.84,4.15,5.1,40.092215238863254,40.35312929727827
2019-12-06,-9.75,-0.23,-15.89,0.24,8.75,40.092215238863254,40.35312929727827
2019-12-07,-8.41,0.33,-14.06,0.0,9.01,40.092215238863254,40.35312929727827
2019-12-08,-6.44,-0.15,-11.3,0.0,7.38,40.092215238863254,40.35312929727827
2019-12-09,-8.06,-1.84,-11.89,0.02,7.86,40.092215238863254,40.35312929727827
2019-12-10,-7.22,0.4,-13.31,0.31,8.85,40.092215238863254,40.35312929727827
2019-12-11,-6.44,-0.19,-10.51,0.22,7.0,40.092215238863254,40.35312929727827
2019-12-12,-6.62,-0.02,-12.82,1.14,6.83,40.092215238863254,40.35312929727827
2019-12-13,-3.94,0.79,-7.66,0.85,5.04,40.092215238863254,40.35312929727827
2019-12-14,-3.81,1.02,-7.97,0.85,6.46,40.092215238863254,40.35312929727827
2019-12-15,-2.54,1.2,-4.46,1.08,4.33,40.092215238863254,40.35312929727827
2019-12-16,-4.41,0.58,-9.55,1.74,4.21,40.092215238863254,40.35312929727827
2019-12-17,-5.56,1.29,-12.08,0.0,8.53,40.092215238863254,40.35312929727827
2019-12-18,-2.2,2.92,-5.74,0.0,8.27,40.092215238863254,40.35312929727827
2019-12-19,-0.13,5.32,-4.43,0.0,9.21,40.092215238863254,40.35312929727827
2019-12-20,0.87,5.66,-1.97,0.0,8.79,40.092215238863254,40.35312929727827
2019-12-21,0.06,6.36,-3.16,0.0,7.59,40.092215238863254,40.35312929727827
2019-12-22,-1.89,3.7,-4.92,0.0,6.52,40.092215238863254,40.35312929727827
2019-12-23,-2.95,1.91,-6.05,0.0,4.92,40.092215238863254,40.35312929727827
2019-12-24,-2.62,2.59,-6.26,0.0,5.23,40.092215238863254,40.35312929727827
2019-12-25,-1.88,2.94,-4.05,0.1,3.49,40.092215238863254,40.35312929727827
2019-12-26,-1.75,2.04,-4.82,2.12,2.74,40.092215238863254,40.35312929727827
2019-12-27,-2.6,0.16,-5.95,3.89,4.01,40.092215238863254,40.35312929727827
2019-12-28,-4.32,-0.61,-7.46,0.5,4.19,40.092215238863254,40.35312929727827
2019-12-29,-4.55,-0.25,-8.17,1.71,6.68,40.092215238863254,40.35312929727827
2019-12-30,-3.13,1.13,-7.52,0.83,3.13,40.092215238863254,40.35312929727827
2019-12-31,-3.75,1.22,-7.6,0.25,7.24,40.092215238863254,40.35312929727827
2020-01-01,-5.09,-1.34,-7.59,6.07,5.84,40.092215238863254,40.35312929727827
2020-01-02,-6.67,-2.82,-9.58,2.29,5.36,40.092215238863254,40.35312929727827
2020-01-03,-7.03,-2.26,-11.42,1.21,7.2,40.092215238863254,40.35312929727827
2020-01-04,-5.78,-1.25,-10.15,2.12,3.51,40.092215238863254,40.35312929727827
2020-01-05,-7.36,-2.37,-11.22,0.03,8.34,40.092215238863254,40.35312929727827
2020-01-06,-9.25,-2.14,-12.99,0.18,7.88,40.092215238863254,40.35312929727827
2020-01-07,-7.97,-0.79,-12.37,7.93,4.32,40.092215238863254,40.35312929727827
2020-01-08,-6.3,-0.96,-11.25,1.45,5.31,40.092215238863254,40.35312929727827
2020-01-09,-9.34,-2.34,-13.82,1.93,5.33,40.092215238863254,40.35312929727827
2020-01-10,-11.76,-3.96,-16.93,1.56,5.94,40.092215238863254,40.35312929727827
2020-01-11,-10.99,-3.98,-16.24,0.32,8.31,40.092215238863254,40.35312929727827
2020-01-12,-7.19,-1.93,-11.58,3.0,4.74,40.092215238863254,40.35312929727827
2020-01-13,-11.24,-4.79,-17.99,2.27,5.47,40.092215238863254,40.35312929727827
2020-01-14,-9.98,-1.82,-18.37,0.0,10.4,40.092215238863254,40.35312929727827
2020-01-15,-6.98,-1.7,-12.96,0.09,9.88,40.092215238863254,40.35312929727827
2020-01-16,-12.23,-3.14,-18.38,0.03,10.12,40.092215238863254,40.35312929727827
2020-01-17,-12.29,-3.02,-18.87,0.01,10.38,40.092215238863254,40.35312929727827
2020-01-18,-12.8,-4.04,-17.42,1.24,8.64,40.092215238863254,40.35312929727827
2020-01-19,-9.69,-1.99,-14.97,0.15,7.75,40.092215238863254,40.35312929727827
2020-01-20,-7.98,-1.34,-12.72,1.66,6.6,40.092215238863254,40.35312929727827
2020-01-21,-12.27,-4.97,-17.92,3.02,7.56,40.092215238863254,40.35312929727827
2020-01-22,-13.24,-5.51,-20.01,0.06,8.09,40.092215238863254,40.35312929727827
2020-01-23,-9.68,-3.82,-14.39,3.51,6.07,40.092215238863254,40.35312929727827
2020-01-24,-14.64,-8.24,-20.04,1.91,8.31,40.092215238863254,40.35312929727827
2020-01-25,-14.36,-5.84,-22.17,0.07,11.42,40.092215238863254,40.35312929727827
2020-01-26,-9.74,-3.17,-14.19,0.0,11.45,40.092215238863254,40.35312929727827
2020-01-27,-7.49,0.44,-12.43,0.0,11.73,40.092215238863254,40.35312929727827
2020-01-28,-5.32,0.38,-9.67,0.0,9.62,40.092215238863254,40.35312929727827
2020-01-29,-5.95,-0.83,-10.15,0.06,8.06,40.092215238863254,40.35312929727827
2020-01-30,-4.89,-0.38,-10.35,1.56,4.38,40.092215238863254,40.35312929727827
2020-01-31,-4.35,-1.95,-9.35,14.96,2.22,40.092215238863254,40.35312929727827
2020-02-01,-11.13,-5.74,-16.16,1.4,11.37,40.092215238863254,40.35312929727827
2020-02-02,-12.07,-4.98,-17.04,0.14,8.37,40.092215238863254,40.35312929727827
2020-02-03,-9.16,-2.8,-13.44,0.11,6.86,40.092215238863254,40.35312929727827
2020-02-04,-7.39,-2.89,-10.61,4.34,5.53,40.092215238863254,40.35312929727827
2020-02-05,-5.78,-1.76,-9.61,0.81,3.86,40.092215238863254,40.35312929727827
2020-02-06,-3.36,-0.33,-7.12,0.06,10.49,40.092215238863254,40.35312929727827
2020-02-07,-3.5,-1.24,-8.5,7.84,4.1,40.092215238863254,40.35312929727827
2020-02-08,-10.35,-4.95,-16.95,10.1,3.05,40.092215238863254,40.35312929727827
2020-02-09,-18.71,-14.14,-23.03,3.45,13.53,40.092215238863254,40.35312929727827
2020-02-10,-22.35,-13.9,-28.69,0.22,13.17,40.092215238863254,40.35312929727827
2020-02-11,-19.3,-9.89,-29.8,0.3,14.71,40.092215238863254,40.35312929727827
2020-02-12,-13.91,-9.75,-19.06,4.88,4.91,40.092215238863254,40.35312929727827
2020-02-13,-13.24,-9.67,-17.42,3.31,3.82,40.092215238863254,40.35312929727827
2020-02-14,-14.35,-7.44,-19.88,0.76,14.59,40.092215238863254,40.35312929727827
2020-02-15,-9.69,-3.04,-19.37,0.0,9.37,40.092215238863254,40.35312929727827
2020-02-16,-8.56,-0.26,-15.82,0.0,15.08,40.092215238863254,40.35312929727827
2020-02-17,-10.69,-1.2,-17.75,0.13,14.34,40.092215238863254,40.35312929727827
2020-02-18,-8.01,0.31,-15.72,0.02,14.67,40.092215238863254,40.35312929727827
2020-02-19,-4.73,0.54,-11.77,0.0,13.7,40.092215238863254,40.35312929727827
2020-02-20,-4.7,-0.12,-9.28,0.0,14.53,40.092215238863254,40.35312929727827
2020-02-21,-4.93,0.74,-10.95,0.17,13.62,40.092215238863254,40.35312929727827
2020-02-22,-2.52,1.04,-7.26,2.98,8.22,40.092215238863254,40.35312929727827
2020-02-23,-3.29,0.83,-7.11,0.97,13.58,40.092215238863254,40.35312929727827
2020-02-24,-3.78,1.1,-9.24,0.58,14.03,40.092215238863254,40.35312929727827
2020-02-25,-6.39,-2.34,-15.0,3.51,12.49,40.092215238863254,40.35312929727827
2020-02-26,-7.68,1.57,-16.13,0.0,17.96,40.092215238863254,40.35312929727827
2020-02-27,-3.92,2.41,-9.9,0.0,16.56,40.092215238863254,40.35312929727827
2020-02-28,-2.13,2.12,-4.79,0.18,7.69,40.092215238863254,40.35312929727827
2020-02-29,-1.07,2.89,-3.99,7.02,5.93,40.092215238863254,40.35312929727827
2020-03-01,-3.8,-0.75,-7.8,3.91,10.4,40.092215238863254,40.35312929727827
2020-03-02,-4.46,2.97,-11.59,0.0,14.95,40.092215238863254,40.35312929727827
2020-03-03,-0.18,6.54,-6.16,0.0,17.44,40.092215238863254,40.35312929727827
2020-03-04,1.54,10.08,-3.49,0.0,17.96,40.092215238863254,40.35312929727827
2020-03-05,2.53,10.31,-2.24,0.0,15.2,40.092215238863254,40.35312929727827
2020-03-06,2.85,9.09,-0.51,0.0,12.73,40.092215238863254,40.35312929727827
2020-03-07,4.37,10.98,-1.1,0.0,13.11,40.092215238863254,40.35312929727827
2020-03-08,4.44,11.76,-0.95,0.0,17.37,40.092215238863254,40.35312929727827
2020-03-09,4.04,12.53,-1.71,0.0,18.12,40.092215238863254,40.35312929727827
2020-03-10,3.99,12.03,-2.17,0.0,16.62,40.092215238863254,40.35312929727827
2020-03-11,3.1,9.01,-1.18,1.63,14.34,40.092215238863254,40.35312929727827
2020-03-12,3.61,9.32,-1.47,0.52,15.63,40.092215238863254,40.35312929727827
2020-03-13,3.43,9.4,-0.34,2.03,10.12,40.092215238863254,40.35312929727827
2020-03-14,3.03,7.26,-0.08,3.14,4.46,40.092215238863254,40.35312929727827
2020-03-15,3.76,10.22,-0.98,1.75,13.27,40.092215238863254,40.35312929727827
2020-03-16,0.25,4.02,-3.15,12.87,5.64,40.092215238863254,40.35312929727827
2020-03-17,-0.95,4.22,-6.65,8.16,6.87,40.092215238863254,40.35312929727827
2020-03-18,-0.34,3.54,-3.64,6.39,4.11,40.092215238863254,40.35312929727827
2020-03-19,-1.5,3.33,-4.96,0.91,10.33,40.092215238863254,40.35312929727827
2020-03-20,-1.51,2.13,-5.13,2.82,12.66,40.092215238863254,40.35312929727827
2020-03-21,-1.1,4.08,-5.01,0.01,9.62,40.092215238863254,40.35312929727827
2020-03-22,1.26,8.52,-4.54,0.0,21.03,40.092215238863254,40.35312929727827
2020-03-23,2.71,10.22,-2.79,0.0,18.94,40.092215238863254,40.35312929727827
2020-03-24,1.74,6.1,-2.53,0.09,14.7,40.092215238863254,40.35312929727827
2020-03-25,2.45,8.31,-2.02,1.09,12.71,40.092215238863254,40.35312929727827
2020-03-26,1.91,7.07,-1.43,3.33,14.04,40.092215238863254,40.35312929727827
2020-03-27,2.54,8.43,-2.17,1.57,9.23,40.092215238863254,40.35312929727827
2020-03-28,3.05,8.76,-1.22,1.35,9.1,40.092215238863254,40.35312929727827
2020-03-29,1.12,4.76,-1.86,6.89,8.79,40.092215238863254,40.35312929727827
2020-03-30,-0.28,2.99,-3.26,5.86,9.76,40.092215238863254,40.35312929727827
2020-03-31,0.46,5.95,-3.75,1.22,15.04,40.092215238863254,40.35312929727827
2020-04-01,0.51,5.04,-2.94,15.28,5.47,40.092215238863254,40.35312929727827
2020-04-02,-0.01,5.64,-4.99,1.46,9.66,40.092215238863254,40.35312929727827
2020-04-03,0.31,4.57,-3.83,3.74,11.44,40.092215238863254,40.35312929727827
2020-04-04,2.45,8.08,-2.77,1.61,18.97,40.092215238863254,40.35312929727827
2020-04-05,3.41,10.55,-1.68,0.07,16.38,40.092215238863254,40.35312929727827
2020-04-06,3.44,8.84,-1.12,0.63,11.29,40.092215238863254,40.35312929727827
2020-04-07,2.76,9.56,-3.97,0.08,12.14,40.092215238863254,40.35312929727827
2020-04-08,2.88,12.37,-4.95,0.03,19.55,40.092215238863254,40.35312929727827
2020-04-09,3.3,9.62,-2.41,0.15,16.25,40.092215238863254,40.35312929727827
2020-04-10,2.96,8.75,-2.52,0.44,16.67,40.092215238863254,40.35312929727827
2020-04-11,0.91,8.29,-6.02,0.52,20.84,40.092215238863254,40.35312929727827
2020-04-12,-1.12,6.01,-6.96,0.01,16.98,40.092215238863254,40.35312929727827
2020-04-13,1.78,9.8,-6.97,0.0,26.7,40.092215238863254,40.35312929727827
2020-04-14,4.34,12.25,-2.02,0.0,25.65,40.092215238863254,40.35312929727827
2020-04-15,5.78,13.45,-1.84,0.66,22.12,40.092215238863254,40.35312929727827
2020-04-16,4.78,10.03,-0.61,3.59,17.41,40.092215238863254,40.35312929727827
2020-04-17,6.54,14.08,-1.47,0.01,25.39,40.092215238863254,40.35312929727827
2020-04-18,8.28,15.62,1.46,0.36,25.22,40.092215238863254,40.35312929727827
2020-04-19,7.78,12.73,2.99,1.49,21.09,40.092215238863254,40.35312929727827
2020-04-20,6.48,11.72,0.83,1.34,14.14,40.092215238863254,40.35312929727827
2020-04-21,6.33,9.81,3.63,9.32,9.9,40.092215238863254,40.35312929727827
2020-04-22,5.86,10.45,2.19,5.1,6.63,40.092215238863254,40.35312929727827
2020-04-23,0.69,4.75,-5.14,3.44,7.8,40.092215238863254,40.35312929727827
2020-04-24,2.17,9.51,-5.67,0.09,17.15,40.092215238863254,40.35312929727827
2020-04-25,3.12,9.67,-1.98,5.28,11.21,40.092215238863254,40.35312929727827
2020-04-26,4.11,11.17,-1.12,2.3,26.73,40.092215238863254,40.35312929727827
2020-04-27,5.08,10.91,-0.13,0.12,20.35,40.092215238863254,40.35312929727827
2020-04-28,4.84,9.75,-0.59,0.92,17.78,40.092215238863254,40.35312929727827
2020-04-29,6.53,13.62,-0.8,1.41,24.3,40.092215238863254,40.35312929727827
2020-04-30,6.59,11.67,1.67,0.85,19.56,40.092215238863254,40.35312929727827
2020-05-01,5.33,9.41,1.01,3.85,12.52,40.092215238863254,40.35312929727827
2020-05-02,4.08,6.95,1.31,2.02,12.12,40.092215238863254,40.35312929727827
2020-05-03,6.27,11.86,1.23,1.99,21.38,40.092215238863254,40.35312929727827
2020-05-04,6.74,11.56,3.11,3.85,8.97,40.092215238863254,40.35312929727827
2020-05-05,7.34,12.57,0.81,1.45,13.49,40.092215238863254,40.35312929727827
2020-05-06,5.36,10.58,1.07,7.06,6.23,40.092215238863254,40.35312929727827
2020-05-07,6.78,14.22,-0.23,0.14,25.13,40.092215238863254,40.35312929727827
2020-05-08,7.48,12.26,3.34,6.84,9.27,40.092215238863254,40.35312929727827
2020-05-09,3.35,6.12,-0.3,32.56,8.52,40.092215238863254,40.35312929727827
2020-05-10,2.2,8.44,-3.18,0.76,16.75,40.092215238863254,40.35312929727827
2020-05-11,4.71,11.48,-2.55,0.0,27.92,40.092215238863254,40.35312929727827
2020-05-12,9.15,16.85,0.98,0.0,28.89,40.092215238863254,40.35312929727827
2020-05-13,10.53,17.7,3.8,0.12,22.32,40.092215238863254,40.35312929727827
2020-05-14,10.38,18.23,2.79,0.0,29.03,40.092215238863254,40.35312929727827
2020-05-15,12.78,19.66,6.87,0.0,27.55,40.092215238863254,40.35312929727827
2020-05-16,14.25,21.89,7.44,0.0,24.69,40.092215238863254,40.35312929727827
2020-05-17,10.91,17.3,4.73,0.0,26.83,40.092215238863254,40.35312929727827
2020-05-18,12.86,20.79,6.68,0.02,23.78,40.092215238863254,40.35312929727827
2020-05-19,9.99,17.06,3.53,0.0,28.93,40.092215238863254,40.35312929727827
2020-05-20,12.47,20.38,2.98,0.0,29.86,40.092215238863254,40.35312929727827
2020-05-21,15.42,23.11,8.36,0.0,27.99,40.092215238863254,40.35312929727827
2020-05-22,14.34,19.82,8.78,0.66,20.15,40.092215238863254,40.35312929727827
2020-05-23,9.13,13.24,2.0,4.91,13.11,40.092215238863254,40.35312929727827
2020-05-24,3.59,10.97,-1.58,32.85,5.43,40.092215238863254,40.35312929727827
2020-05-25,4.18,7.94,0.8,4.62,11.13,40.092215238863254,40.35312929727827
2020-05-26,8.62,17.09,0.35,0.0,28.43,40.092215238863254,40.35312929727827
2020-05-27,11.76,19.74,2.77,0.0,26.83,40.092215238863254,40.35312929727827
2020-05-28,13.77,21.76,5.73,0.0,17.7,40.092215238863254,40.35312929727827
2020-05-29,12.79,19.79,4.98,0.0,22.74,40.092215238863254,40.35312929727827
2020-05-30,10.55,17.83,3.95,0.02,26.85,40.092215238863254,40.35312929727827
2020-05-31,11.71,18.79,5.0,0.0,29.01,40.092215238863254,40.35312929727827
2020-06-01,12.28,18.5,5.34,0.01,24.7,40.092215238863254,40.35312929727827
2020-06-02,12.26,18.43,5.89,0.17,26.01,40.092215238863254,40.35312929727827
2020-06-03,11.27,17.29,5.25,0.57,16.35,40.092215238863254,40.35312929727827
2020-06-04,10.8,17.55,3.24,0.03,24.12,40.092215238863254,40.35312929727827
2020-06-05,11.71,17.27,5.3,0.43,28.19,40.092215238863254,40.35312929727827
2020-06-06,14.41,20.45,8.04,0.0,32.05,40.092215238863254,40.35312929727827
2020-06-07,16.19,22.55,7.44,0.0,32.33,40.092215238863254,40.35312929727827
2020-06-08,16.99,23.82,9.8,0.28,24.9,40.092215238863254,40.35312929727827
2020-06-09,17.63,24.12,9.48,0.19,23.57,40.092215238863254,40.35312929727827
2020-06-10,17.34,24.11,10.21,2.61,26.19,40.092215238863254,40.35312929727827
2020-06-11,16.88,23.18,9.32,0.01,24.05,40.092215238863254,40.35312929727827
2020-06-12,15.01,21.62,7.6,0.99,19.35,40.092215238863254,40.35312929727827
2020-06-13,13.92,20.45,8.17,0.65,23.91,40.092215238863254,40.35312929727827
2020-06-14,12.04,16.88,5.38,2.42,19.1,40.092215238863254,40.35312929727827
2020-06-15,13.81,20.43,6.81,0.78,27.49,40.092215238863254,40.35312929727827
2020-06-16,15.72,22.99,7.1,0.09,25.09,40.092215238863254,40.35312929727827
2020-06-17,15.98,23.34,7.75,2.51,24.52,40.092215238863254,40.35312929727827
2020-06-18,15.61,21.59,8.53,3.4,26.52,40.092215238863254,40.35312929727827
2020-06-19,15.12,21.81,7.69,3.02,15.81,40.092215238863254,40.35312929727827
2020-06-20,12.91,17.4,8.46,5.13,13.49,40.092215238863254,40.35312929727827
2020-06-21,11.91,15.43,7.51,2.47,21.9,40.092215238863254,40.35312929727827
2020-06-22,14.78,21.18,7.23,3.1,28.99,40.092215238863254,40.35312929727827
2020-06-23,16.68,23.41,8.88,0.67,29.97,40.092215238863254,40.35312929727827
2020-06-24,16.77,24.19,9.48,0.1,25.67,40.092215238863254,40.35312929727827
2020-06-25,14.9,23.05,6.37,0.55,22.72,40.092215238863254,40.35312929727827
2020-06-26,16.65,25.37,6.31,0.17,24.12,40.092215238863254,40.35312929727827
2020-06-27,16.08,22.37,9.66,1.05,14.8,40.092215238863254,40.35312929727827
2020-06-28,15.47,22.9,8.62,0.09,23.55,40.092215238863254,40.35312929727827
2020-06-29,15.96,24.22,7.05,0.0,24.36,40.092215238863254,40.35312929727827
2020-06-30,15.72,23.36,7.61,0.03,19.23,40.092215238863254,40.35312929727827
2020-07-01,14.68,20.41,8.68,0.31,18.08,40.092215238863254,40.35312929727827
2020-07-02,16.56,24.05,8.33,0.42,22.75,40.092215238863254,40.35312929727827
2020-07-03,18.27,24.59,10.32,0.07,25.43,40.092215238863254,40.35312929727827
2020-07-04,18.63,25.2,11.17,3.65,23.86,40.092215238863254,40.35312929727827
2020-07-05,18.37,25.41,10.97,0.01,22.7,40.092215238863254,40.35312929727827
2020-07-06,19.03,26.2,10.62,0.09,25.69,40.092215238863254,40.35312929727827
2020-07-07,20.58,27.21,12.08,0.2,22.99,40.092215238863254,40.35312929727827
2020-07-08,19.95,27.93,13.35,1.11,19.59,40.092215238863254,40.35312929727827
2020-07-09,16.27,22.08,10.96,1.58,19.65,40.092215238863254,40.35312929727827
2020-07-10,16.43,23.02,10.13,1.37,18.82,40.092215238863254,40.35312929727827
2020-07-11,16.73,23.71,9.46,7.85,18.54,40.092215238863254,40.35312929727827
2020-07-12,17.77,24.4,9.95,0.38,19.33,40.092215238863254,40.35312929727827
2020-07-13,16.31,21.86,10.76,3.46,20.21,40.092215238863254,40.35312929727827
2020-07-14,16.11,23.58,8.32,0.12,21.68,40.092215238863254,40.35312929727827
2020-07-15,17.73,26.11,8.9,0.5,24.1,40.092215238863254,40.35312929727827
2020-07-16,19.04,27.06,9.72,0.29,29.81,40.092215238863254,40.35312929727827
2020-07-17,20.42,27.79,13.14,0.95,22.81,40.092215238863254,40.35312929727827
2020-07-18,21.24,29.71,11.09,0.03,23.6,40.092215238863254,40.35312929727827
2020-07-19,23.2,30.64,15.32,0.07,24.82,40.092215238863254,40.35312929727827
2020-07-20,23.69,31.6,14.92,0.01,28.76,40.092215238863254,40.35312929727827
2020-07-21,19.52,28.36,11.99,1.27,19.11,40.092215238863254,40.35312929727827
2020-07-22,17.77,26.57,10.42,0.22,21.17,40.092215238863254,40.35312929727827
2020-07-23,19.13,27.4,9.85,0.83,22.24,40.092215238863254,40.35312929727827
2020-07-24,21.1,29.37,13.26,0.86,19.46,40.092215238863254,40.35312929727827
2020-07-25,22.0,31.13,12.93,0.07,21.15,40.092215238863254,40.35312929727827
2020-07-26,21.54,29.01,14.69,0.21,22.89,40.092215238863254,40.35312929727827
2020-07-27,22.26,30.59,14.49,0.0,25.53,40.092215238863254,40.35312929727827
2020-07-28,22.37,28.68,15.53,2.01,18.46,40.092215238863254,40.35312929727827
2020-07-29,20.23,27.67,12.75,0.89,20.32,40.092215238863254,40.35312929727827
2020-07-30,18.6,27.85,9.86,0.01,23.66,40.092215238863254,40.35312929727827
2020-07-31,19.96,29.16,10.76,0.19,20.16,40.092215238863254,40.35312929727827
2020-08-01,19.25,28.57,12.17,1.22,17.86,40.092215238863254,40.35312929727827
2020-08-02,17.05,25.29,10.38,3.61,18.01,40.092215238863254,40.35312929727827
2020-08-03,15.83,24.92,7.9,0.26,24.07,40.092215238863254,40.35312929727827
2020-08-04,18.0,27.93,8.2,0.0,25.27,40.092215238863254,40.35312929727827
2020-08-05,18.29,27.89,9.67,0.0,23.56,40.092215238863254,40.35312929727827
2020-08-06,18.17,27.92,8.79,0.0,26.51,40.092215238863254,40.35312929727827
2020-08-07,19.11,28.01,9.89,0.01,25.21,40.092215238863254,40.35312929727827
2020-08-08,20.09,28.54,11.15,0.22,25.33,40.092215238863254,40.35312929727827
2020-08-09,21.19,29.49,12.16,0.09,21.57,40.092215238863254,40.35312929727827
2020-08-10,21.23,29.41,12.84,0.78,17.38,40.092215238863254,40.35312929727827
2020-08-11,17.05,23.77,11.23,5.78,14.26,40.092215238863254,40.35312929727827
2020-08-12,16.81,25.95,8.97,0.29,20.32,40.092215238863254,40.35312929727827
2020-08-13,16.67,24.96,10.29,0.58,17.08,40.092215238863254,40.35312929727827
2020-08-14,14.64,22.87,8.75,3.35,16.73,40.092215238863254,40.35312929727827
2020-08-15,13.89,22.92,6.63,0.29,19.5,40.092215238863254,40.35312929727827
2020-08-16,16.18,27.12,6.15,0.06,19.29,40.092215238863254,40.35312929727827
2020-08-17,16.45,26.02,7.88,0.45,18.27,40.092215238863254,40.35312929727827
2020-08-18,17.97,27.73,8.69,0.0,20.06,40.092215238863254,40.35312929727827
2020-08-19,18.78,27.81,9.86,0.0,21.37,40.092215238863254,40.35312929727827
2020-08-20,19.96,29.06,11.1,0.01,26.6,40.092215238863254,40.35312929727827
2020-08-21,17.91,26.54,11.4,0.78,17.91,40.092215238863254,40.35312929727827
2020-08-22,13.66,20.11,9.96,4.04,15.36,40.092215238863254,40.35312929727827
2020-08-23,12.1,19.05,5.86,5.0,13.25,40.092215238863254,40.35312929727827
2020-08-24,13.0,22.78,4.03,0.05,25.37,40.092215238863254,40.35312929727827
2020-08-25,16.45,25.26,6.15,0.0,26.73,40.092215238863254,40.35312929727827
2020-08-26,17.14,26.33,9.42,0.0,25.28,40.092215238863254,40.35312929727827
2020-08-27,16.51,25.75,7.94,0.0,22.18,40.092215238863254,40.35312929727827
2020-08-28,16.89,25.88,9.22,0.0,22.92,40.092215238863254,40.35312929727827
2020-08-29,17.51,27.87,9.29,0.0,25.47,40.092215238863254,40.35312929727827
2020-08-30,19.09,29.46,8.6,0.0,25.75,40.092215238863254,40.35312929727827
2020-08-31,20.71,30.15,11.48,0.0,23.61,40.092215238863254,40.35312929727827
2020-09-01,21.34,29.71,12.33,0.0,21.17,40.092215238863254,40.35312929727827
2020-09-02,19.86,27.72,13.17,0.02,18.28,40.092215238863254,40.35312929727827
2020-09-03,19.52,28.0,13.08,0.0,24.02,40.092215238863254,40.35312929727827
2020-09-04,19.67,28.34,11.74,0.0,24.4,40.092215238863254,40.35312929727827
2020-09-05,20.37,29.16,12.47,0.41,16.07,40.092215238863254,40.35312929727827
2020-09-06,19.86,28.19,13.46,0.61,16.0,40.092215238863254,40.35312929727827
2020-09-07,18.26,26.21,11.55,0.74,17.83,40.092215238863254,40.35312929727827
2020-09-08,16.75,26.3,9.62,0.1,20.05,40.092215238863254,40.35312929727827
2020-09-09,14.99,24.57,7.6,0.78,17.35,40.092215238863254,40.35312929727827
2020-09-10,17.07,26.73,8.04,0.01,21.49,40.092215238863254,40.35312929727827
2020-09-11,19.0,27.83,11.3,0.02,16.98,40.092215238863254,40.35312929727827
2020-09-12,19.75,27.66,12.29,0.01,20.38,40.092215238863254,40.35312929727827
2020-09-13,20.6,28.56,12.89,0.0,20.72,40.092215238863254,40.35312929727827
2020-09-14,20.38,29.05,13.19,0.08,17.84,40.092215238863254,40.35312929727827
2020-09-15,17.91,27.58,10.5,0.46,17.37,40.092215238863254,40.35312929727827
2020-09-16,16.28,26.61,7.8,0.06,18.75,40.092215238863254,40.35312929727827
2020-09-17,18.13,28.09,9.2,0.0,21.72,40.092215238863254,40.35312929727827
2020-09-18,17.88,26.02,11.63,0.05,20.51,40.092215238863254,40.35312929727827
2020-09-19,13.9,20.81,8.19,5.02,13.05,40.092215238863254,40.35312929727827
2020-09-20,13.64,22.84,6.09,0.58,17.34,40.092215238863254,40.35312929727827
2020-09-21,15.25,23.84,6.6,0.0,14.69,40.092215238863254,40.35312929727827
2020-09-22,15.65,23.21,9.56,0.01,13.54,40.092215238863254,40.35312929727827
2020-09-23,15.19,24.07,6.8,0.0,17.51,40.092215238863254,40.35312929727827
2020-09-24,16.8,23.92,10.19,0.42,17.01,40.092215238863254,40.35312929727827
2020-09-25,15.86,21.25,10.88,8.29,13.86,40.092215238863254,40.35312929727827
2020-09-26,13.73,18.5,8.94,12.57,13.81,40.092215238863254,40.35312929727827
2020-09-27,14.63,22.87,8.43,0.01,19.64,40.092215238863254,40.35312929727827
2020-09-28,15.27,24.06,8.65,0.0,18.7,40.092215238863254,40.35312929727827
2020-09-29,15.49,23.21,8.13,0.0,19.37,40.092215238863254,40.35312929727827
2020-09-30,15.84,21.47,11.46,1.26,13.38,40.092215238863254,40.35312929727827
2020-10-01,13.55,20.84,7.46,1.41,13.94,40.092215238863254,40.35312929727827
2020-10-02,12.04,20.0,5.49,1.33,12.82,40.092215238863254,40.35312929727827
2020-10-03,11.02,19.26,4.66,0.2,15.33,40.092215238863254,40.35312929727827
2020-10-04,10.73,20.03,3.4,0.06,13.68,40.092215238863254,40.35312929727827
2020-10-05,9.36,16.94,3.85,0.43,11.99,40.092215238863254,40.35312929727827
2020-10-06,8.82,17.91,1.36,0.0,17.01,40.092215238863254,40.35312929727827
2020-10-07,8.79,16.88,0.39,0.0,18.25,40.092215238863254,40.35312929727827
2020-10-08,9.1,19.5,0.42,0.0,18.63,40.092215238863254,40.35312929727827
2020-10-09,9.89,20.57,0.37,0.0,17.73,40.092215238863254,40.35312929727827
2020-10-10,11.23,20.19,2.74,0.0,17.51,40.092215238863254,40.35312929727827
2020-10-11,12.16,19.33,5.72,0.0,12.04,40.092215238863254,40.35312929727827
2020-10-12,12.83,20.64,6.86,0.0,17.13,40.092215238863254,40.35312929727827
2020-10-13,13.1,21.52,6.58,0.0,17.26,40.092215238863254,40.35312929727827
2020-10-14,13.33,20.16,7.24,0.0,15.62,40.092215238863254,40.35312929727827
2020-10-15,13.21,21.12,7.18,0.01,14.57,40.092215238863254,40.35312929727827
2020-10-16,12.83,20.85,6.36,0.0,16.74,40.092215238863254,40.35312929727827
2020-10-17,12.98,20.87,7.06,0.0,16.19,40.092215238863254,40.35312929727827
2020-10-18,12.22,19.65,7.47,0.0,16.12,40.092215238863254,40.35312929727827
2020-10-19,10.79,18.58,4.92,0.19,13.3,40.092215238863254,40.35312929727827
2020-10-20,9.22,16.9,3.67,5.46,7.1,40.092215238863254,40.35312929727827
2020-10-21,8.69,15.71,2.74,1.24,11.49,40.092215238863254,40.35312929727827
2020-10-22,10.53,18.46,4.78,0.0,15.39,40.092215238863254,40.35312929727827
2020-10-23,11.36,19.09,5.38,0.0,15.77,40.092215238863254,40.35312929727827
2020-10-24,11.73,19.63,5.6,0.0,14.58,40.092215238863254,40.35312929727827
2020-10-25,10.78,15.92,7.01,0.0,12.51,40.092215238863254,40.35312929727827
2020-10-26,10.03,17.51,5.17,0.0,14.4,40.092215238863254,40.35312929727827
2020-10-27,9.74,18.04,3.76,0.0,13.7,40.092215238863254,40.35312929727827
2020-10-28,9.99,18.34,4.75,0.0,12.32,40.092215238863254,40.35312929727827
2020-10-29,9.59,18.59,3.59,0.01,13.01,40.092215238863254,40.35312929727827
2020-10-30,9.56,16.11,3.62,0.0,12.38,40.092215238863254,40.35312929727827
2020-10-31,9.57,14.55,5.66,0.02,4.94,40.092215238863254,40.35312929727827
2020-11-01,7.12,13.26,2.45,1.46,9.04,40.092215238863254,40.35312929727827
2020-11-02,5.37,10.53,2.52,10.08,2.92,40.092215238863254,40.35312929727827
2020-11-03,4.95,10.44,1.69,1.9,4.69,40.092215238863254,40.35312929727827
2020-11-04,5.64,10.12,1.76,7.39,3.85,40.092215238863254,40.35312929727827
2020-11-05,6.06,11.85,1.82,5.06,6.61,40.092215238863254,40.35312929727827
2020-11-06,3.0,6.82,-0.83,15.71,2.9,40.092215238863254,40.35312929727827
2020-11-07,-0.2,6.39,-4.82,3.37,6.95,40.092215238863254,40.35312929727827
2020-11-08,0.38,9.75,-4.94,0.09,10.44,40.092215238863254,40.35312929727827
2020-11-09,4.03,11.1,-2.8,0.03,10.78,40.092215238863254,40.35312929727827
2020-11-10,3.74,9.77,-0.92,0.27,8.2,40.092215238863254,40.35312929727827
2020-11-11,0.9,8.17,-3.53,0.5,8.69,40.092215238863254,40.35312929727827
2020-11-12,0.86,8.31,-3.74,0.06,11.19,40.092215238863254,40.35312929727827
2020-11-13,1.62,8.06,-2.17,0.03,11.08,40.092215238863254,40.35312929727827
2020-11-14,2.03,8.45,-1.88,0.0,11.1,40.092215238863254,40.35312929727827
2020-11-15,1.2,6.94,-2.16,0.06,9.84,40.092215238863254,40.35312929727827
2020-11-16,0.4,5.76,-2.32,0.08,8.58,40.092215238863254,40.35312929727827
2020-11-17,0.53,5.12,-1.81,0.72,8.13,40.092215238863254,40.35312929727827
2020-11-18,0.74,5.9,-2.35,1.89,7.97,40.092215238863254,40.35312929727827
2020-11-19,0.34,4.71,-2.43,2.33,7.0,40.092215238863254,40.35312929727827
2020-11-20,-0.41,2.63,-2.16,4.87,1.66,40.092215238863254,40.35312929727827
2020-11-21,-1.74,2.88,-6.2,3.35,4.31,40.092215238863254,40.35312929727827
2020-11-22,-3.51,4.31,-7.59,1.15,6.82,40.092215238863254,40.35312929727827
2020-11-23,-5.14,0.04,-9.8,1.04,8.42,40.092215238863254,40.35312929727827
2020-11-24,-1.26,6.3,-5.59,0.0,9.04,40.092215238863254,40.35312929727827
2020-11-25,-1.77,2.72,-5.62,1.08,5.77,40.092215238863254,40.35312929727827
2020-11-26,-4.39,2.57,-8.36,0.33,6.97,40.092215238863254,40.35312929727827
2020-11-27,-3.96,4.67,-10.33,0.0,8.58,40.092215238863254,40.35312929727827
2020-11-28,-2.15,5.37,-8.68,0.06,8.48,40.092215238863254,40.35312929727827
2020-11-29,-0.33,6.31,-4.71,0.0,9.01,40.092215238863254,40.35312929727827
2020-11-30,-1.03,4.53,-4.65,0.07,9.01,40.092215238863254,40.35312929727827
2020-12-01,-0.64,3.21,-3.07,0.89,7.08,40.092215238863254,40.35312929727827
2020-12-02,-0.31,4.01,-3.06,0.07,4.73,40.092215238863254,40.35312929727827
2020-12-03,-0.33,4.37,-3.28,0.0,8.14,40.092215238863254,40.35312929727827
2020-12-04,-1.28,4.1,-5.54,0.0,7.64,40.092215238863254,40.35312929727827
2020-12-05,-1.93,3.71,-6.5,0.0,7.57,40.092215238863254,40.35312929727827
2020-12-06,-3.76,2.2,-8.65,0.74,6.18,40.092215238863254,40.35312929727827
2020-12-07,-4.43,1.23,-9.12,0.03,7.26,40.092215238863254,40.35312929727827
2020-12-08,-3.04,2.07,-6.13,0.55,4.32,40.092215238863254,40.35312929727827
2020-12-09,-2.06,1.75,-4.08,4.34,2.18,40.092215238863254,40.35312929727827
2020-12-10,-3.36,3.48,-7.62,0.0,7.61,40.092215238863254,40.35312929727827
2020-12-11,-4.52,1.81,-9.47,0.0,7.05,40.092215238863254,40.35312929727827
2020-12-12,-3.43,1.96,-6.86,0.05,3.36,40.092215238863254,40.35312929727827
2020-12-13,-1.29,4.05,-5.24,0.47,5.91,40.092215238863254,40.35312929727827
2020-12-14,-0.58,3.66,-4.47,0.68,6.16,40.092215238863254,40.35312929727827
2020-12-15,-0.37,3.46,-3.05,0.42,3.35,40.092215238863254,40.35312929727827
2020-12-16,-0.91,3.18,-3.13,4.15,5.13,40.092215238863254,40.35312929727827
2020-12-17,-3.23,1.9,-7.65,2.36,5.06,40.092215238863254,40.35312929727827
2020-12-18,-4.86,2.54,-10.97,0.03,8.29,40.092215238863254,40.35312929727827
2020-12-19,-3.32,2.89,-7.09,0.54,6.63,40.092215238863254,40.35312929727827
2020-12-20,-5.26,-0.54,-8.3,0.97,6.63,40.092215238863254,40.35312929727827
2020-12-21,-4.9,0.53,-8.54,1.6,5.79,40.092215238863254,40.35312929727827
2020-12-22,-3.62,-0.45,-5.48,5.9,5.21,40.092215238863254,40.35312929727827
2020-12-23,-7.84,-4.86,-12.68,5.65,4.07,40.092215238863254,40.35312929727827
2020-12-24,-11.14,-6.36,-14.21,3.26,3.45,40.092215238863254,40.35312929727827
2020-12-25,-11.04,-3.48,-16.63,0.0,6.31,40.092215238863254,40.35312929727827
2020-12-26,-6.99,0.9,-12.44,0.0,7.79,40.092215238863254,40.35312929727827
2020-12-27,-4.64,2.39,-8.94,0.0,9.28,40.092215238863254,40.35312929727827
2020-12-28,-4.71,2.4,-9.43,0.0,7.06,40.092215238863254,40.35312929727827
2020-12-29,-2.12,3.29,-5.62,0.0,8.99,40.092215238863254,40.35312929727827
2020-12-30,-2.35,4.84,-6.75,0.0,9.08,40.092215238863254,40.35312929727827
2020-12-31,-2.94,4.35,-6.38,0.0,8.82,40.092215238863254,40.35312929727827
2021-01-01,-3.77,3.29,-8.44,0.0,8.8,40.092215238863254,40.35312929727827
2021-01-02,-2.24,3.37,-6.37,0.0,7.36,40.092215238863254,40.35312929727827
2021-01-03,-3.8,3.53,-8.01,0.0,8.42,40.092215238863254,40.35312929727827
2021-01-04,-5.79,3.09,-11.66,0.0,9.1,40.092215238863254,40.35312929727827
2021-01-05,-3.86,4.83,-9.64,0.0,7.93,40.092215238863254,40.35312929727827
2021-01-06,-1.52,3.53,-5.57,0.0,5.46,40.092215238863254,40.35312929727827
2021-01-07,-1.95,4.72,-5.81,0.0,8.49,40.092215238863254,40.35312929727827
2021-01-08,-2.19,4.19,-5.92,0.0,8.15,40.092215238863254,40.35312929727827
2021-01-09,-2.08,4.85,-6.21,0.0,8.78,40.092215238863254,40.35312929727827
2021-01-10,-1.7,4.75,-6.23,0.04,6.73,40.092215238863254,40.35312929727827
2021-01-11,0.09,5.68,-3.23,0.37,5.41,40.092215238863254,40.35312929727827
2021-01-12,1.74,8.12,-0.8,0.95,5.85,40.092215238863254,40.35312929727827
2021-01-13,1.88,4.73,-0.35,0.33,1.82,40.092215238863254,40.35312929727827
2021-01-14,-0.74,1.86,-2.98,4.01,4.38,40.092215238863254,40.35312929727827
2021-01-15,-2.76,0.44,-4.06,6.51,6.46,40.092215238863254,40.35312929727827
2021-01-16,-2.01,1.21,-3.84,4.21,3.82,40.092215238863254,40.35312929727827
2021-01-17,-2.06,0.79,-4.12,5.11,2.18,40.092215238863254,40.35312929727827
2021-01-18,-7.22,-3.38,-12.86,9.15,4.28,40.092215238863254,40.35312929727827
2021-01-19,-14.04,-9.1,-21.18,5.18,6.45,40.092215238863254,40.35312929727827
2021-01-20,-17.45,-8.92,-22.42,2.68,8.96,40.092215238863254,40.35312929727827
2021-01-21,-15.59,-8.09,-21.19,0.13,9.67,40.092215238863254,40.35312929727827
2021-01-22,-13.24,-4.31,-20.33,0.0,11.44,40.092215238863254,40.35312929727827
2021-01-23,-10.28,-2.35,-14.94,0.0,11.64,40.092215238863254,40.35312929727827
2021-01-24,-10.09,-2.1,-15.19,0.0,9.5,40.092215238863254,40.35312929727827
2021-01-25,-9.72,-2.47,-14.99,0.0,11.66,40.092215238863254,40.35312929727827
2021-01-26,-7.94,-0.22,-12.74,0.0,11.13,40.092215238863254,40.35312929727827
2021-01-27,-6.22,-1.62,-11.83,0.32,5.8,40.092215238863254,40.35312929727827
2021-01-28,-4.39,0.0,-8.1,1.76,5.56,40.092215238863254,40.35312929727827
2021-01-29,-6.4,-1.09,-11.34,9.06,3.05,40.092215238863254,40.35312929727827
2021-01-30,-9.33,-3.73,-14.23,0.9,10.55,40.092215238863254,40.35312929727827
2021-01-31,-8.16,-2.66,-14.28,1.59,6.93,40.092215238863254,40.35312929727827
2021-02-01,-9.19,-1.51,-14.65,0.0,12.23,40.092215238863254,40.35312929727827
2021-02-02,-6.9,0.05,-14.55,0.0,12.55,40.092215238863254,40.35312929727827
2021-02-03,-3.83,0.84,-8.03,0.0,12.15,40.092215238863254,40.35312929727827
2021-02-04,-2.45,2.28,-5.16,0.11,9.77,40.092215238863254,40.35312929727827
2021-02-05,-3.24,1.18,-6.31,2.05,6.08,40.092215238863254,40.35312929727827
2021-02-06,-3.82,2.18,-8.05,0.01,12.86,40.092215238863254,40.35312929727827
2021-02-07,-2.05,5.41,-7.08,0.0,11.23,40.092215238863254,40.35312929727827
2021-02-08,-0.27,5.95,-4.9,0.04,11.94,40.092215238863254,40.35312929727827
2021-02-09,0.36,4.71,-2.58,1.0,12.03,40.092215238863254,40.35312929727827
2021-02-10,0.13,4.51,-2.61,0.24,12.63,40.092215238863254,40.35312929727827
2021-02-11,-0.28,6.01,-3.88,0.31,13.74,40.092215238863254,40.35312929727827
2021-02-12,-0.47,5.62,-3.95,0.18,13.49,40.092215238863254,40.35312929727827
2021-02-13,-0.66,4.21,-3.81,4.16,9.96,40.092215238863254,40.35312929727827
2021-02-14,0.29,5.53,-3.33,0.87,10.69,40.092215238863254,40.35312929727827
2021-02-15,1.19,6.08,-1.91,1.74,11.65,40.092215238863254,40.35312929727827
2021-02-16,0.83,4.57,-2.42,4.83,8.15,40.092215238863254,40.35312929727827
2021-02-17,-4.5,0.26,-11.46,12.07,6.73,40.092215238863254,40.35312929727827
2021-02-18,-9.36,-4.93,-12.36,4.2,10.67,40.092215238863254,40.35312929727827
2021-02-19,-10.14,-7.35,-13.51,2.54,6.33,40.092215238863254,40.35312929727827
2021-02-20,-11.44,-7.07,-16.7,1.05,15.06,40.092215238863254,40.35312929727827
2021-02-21,-11.42,-4.15,-17.19,0.0,16.55,40.092215238863254,40.35312929727827
2021-02-22,-8.9,-1.78,-14.73,0.0,16.15,40.092215238863254,40.35312929727827
2021-02-23,-6.85,0.66,-11.83,0.15,14.82,40.092215238863254,40.35312929727827
2021-02-24,-7.23,0.04,-12.19,0.44,14.14,40.092215238863254,40.35312929727827
2021-02-25,-7.76,-0.66,-13.05,0.43,15.52,40.092215238863254,40.35312929727827
2021-02-26,-5.12,3.47,-12.94,0.0,17.04,40.092215238863254,40.35312929727827
2021-02-27,-1.63,4.46,-6.64,0.0,17.94,40.092215238863254,40.35312929727827
2021-02-28,-0.94,4.59,-5.36,2.17,15.76,40.092215238863254,40.35312929727827
2021-03-01,-4.37,-0.25,-8.49,2.24,12.57,40.092215238863254,40.35312929727827
2021-03-02,-4.41,1.85,-10.78,0.19,15.58,40.092215238863254,40.35312929727827
2021-03-03,-3.3,4.12,-7.72,0.15,14.71,40.092215238863254,40.35312929727827
2021-03-04,-2.96,4.49,-10.09,0.32,16.29,40.092215238863254,40.35312929727827
2021-03-05,-1.4,4.98,-7.73,0.0,18.48,40.092215238863254,40.35312929727827
2021-03-06,0.28,7.74,-5.58,0.08,17.78,40.092215238863254,40.35312929727827
2021-03-07,-1.16,1.65,-3.07,5.05,12.59,40.092215238863254,40.35312929727827
2021-03-08,-3.28,-0.04,-8.8,6.21,11.92,40.092215238863254,40.35312929727827
2021-03-09,-4.55,2.17,-10.23,0.0,17.49,40.092215238863254,40.35312929727827
2021-03-10,-1.03,5.77,-6.56,0.66,17.84,40.092215238863254,40.35312929727827
2021-03-11,0.26,3.65,-2.73,11.62,10.7,40.092215238863254,40.35312929727827
2021-03-12,-8.82,-2.83,-15.65,3.96,14.42,40.092215238863254,40.35312929727827
2021-03-13,-6.47,2.1,-16.6,0.0,19.52,40.092215238863254,40.35312929727827
2021-03-14,-0.19,5.69,-6.01,0.0,19.91,40.092215238863254,40.35312929727827
2021-03-15,-0.76,1.99,-2.57,3.18,12.72,40.092215238863254,40.35312929727827
2021-03-16,0.81,5.89,-3.57,3.3,10.43,40.092215238863254,40.35312929727827
2021-03-17,0.83,5.97,-3.5,1.0,19.41,40.092215238863254,40.35312929727827
2021-03-18,-1.88,0.6,-4.1,3.08,14.76,40.092215238863254,40.35312929727827
2021-03-19,-2.88,0.19,-5.7,0.7,12.06,40.092215238863254,40.35312929727827
2021-03-20,-0.64,2.86,-3.24,1.24,9.53,40.092215238863254,40.35312929727827
2021-03-21,0.44,4.82,-3.18,3.56,4.9,40.092215238863254,40.35312929727827
2021-03-22,2.88,8.24,-1.19,2.35,12.87,40.092215238863254,40.35312929727827
2021-03-23,3.31,5.91,1.22,4.55,5.96,40.092215238863254,40.35312929727827
2021-03-24,2.28,5.56,-2.16,15.93,6.65,40.092215238863254,40.35312929727827
2021-03-25,-3.0,-0.44,-7.83,3.71,4.68,40.092215238863254,40.35312929727827
2021-03-26,-4.78,-1.63,-8.87,2.69,7.65,40.092215238863254,40.35312929727827
2021-03-27,-6.64,-3.54,-10.45,4.18,12.59,40.092215238863254,40.35312929727827
2021-03-28,-5.18,1.1,-10.5,0.01,22.34,40.092215238863254,40.35312929727827
2021-03-29,-2.18,3.91,-8.2,0.0,23.55,40.092215238863254,40.35312929727827
2021-03-30,0.26,7.54,-7.08,0.0,23.14,40.092215238863254,40.35312929727827
2021-03-31,2.6,9.88,-3.37,0.06,21.33,40.092215238863254,40.35312929727827
2021-04-01,2.71,9.87,-2.45,0.51,14.14,40.092215238863254,40.35312929727827
2021-04-02,0.44,4.99,-2.95,1.03,14.79,40.092215238863254,40.35312929727827
2021-04-03,0.35,5.06,-3.56,0.28,13.76,40.092215238863254,40.35312929727827
2021-04-04,2.52,8.47,-2.3,0.02,15.1,40.092215238863254,40.35312929727827
2021-04-05,3.01,7.22,-2.04,0.17,6.11,40.092215238863254,40.35312929727827
2021-04-06,4.86,10.51,-0.35,0.86,14.67,40.092215238863254,40.35312929727827
2021-04-07,6.44,13.67,-0.56,0.0,16.73,40.092215238863254,40.35312929727827
2021-04-08,8.2,16.49,1.11,0.0,23.1,40.092215238863254,40.35312929727827
2021-04-09,7.79,15.45,1.3,1.94,14.2,40.092215238863254,40.35312929727827
2021-04-10,4.93,12.32,-1.84,0.31,15.07,40.092215238863254,40.35312929727827
2021-04-11,3.57,9.76,-2.87,0.14,15.46,40.092215238863254,40.35312929727827
2021-04-12,0.5,4.32,-3.51,0.72,12.02,40.092215238863254,40.35312929727827
2021-04-13,1.33,5.75,-2.22,2.77,18.69,40.092215238863254,40.35312929727827
2021-04-14,2.37,10.08,-3.93,0.08,21.88,40.092215238863254,40.35312929727827
2021-04-15,3.68,9.13,-1.21,0.75,21.13,40.092215238863254,40.35312929727827
2021-04-16,4.95,10.75,-0.82,0.09,21.62,40.092215238863254,40.35312929727827
2021-04-17,7.88,14.91,1.22,0.1,19.51,40.092215238863254,40.35312929727827
2021-04-18,9.09,16.81,3.37,0.02,18.72,40.092215238863254,40.35312929727827
2021-04-19,9.71,17.29,3.17,0.13,16.96,40.092215238863254,40.35312929727827
2021-04-20,11.51,16.38,7.01,0.91,12.9,40.092215238863254,40.35312929727827
2021-04-21,10.94,18.05,4.68,2.27,16.09,40.092215238863254,40.35312929727827
2021-04-22,9.11,17.71,0.55,0.0,19.08,40.092215238863254,40.35312929727827
2021-04-23,7.21,14.89,-1.66,0.0,27.86,40.092215238863254,40.35312929727827
2021-04-24,11.43,18.29,5.72,0.0,27.05,40.092215238863254,40.35312929727827
2021-04-25,9.52,16.87,3.37,0.1,17.37,40.092215238863254,40.35312929727827
2021-04-26,12.03,17.92,5.03,1.16,12.84,40.092215238863254,40.35312929727827
2021-04-27,10.87,19.63,1.69,0.22,19.7,40.092215238863254,40.35312929727827
2021-04-28,11.54,18.94,4.22,0.03,27.39,40.092215238863254,40.35312929727827
2021-04-29,10.0,14.23,6.08,3.27,17.21,40.092215238863254,40.35312929727827
2021-04-30,8.85,13.81,4.2,10.44,14.47,40.092215238863254,40.35312929727827
2021-05-01,7.77,14.68,1.5,0.28,24.12,40.092215238863254,40.35312929727827
2021-05-02,9.07,17.77,1.54,0.0,27.96,40.092215238863254,40.35312929727827
2021-05-03,12.15,19.2,4.98,0.0,26.54,40.092215238863254,40.35312929727827
2021-05-04,10.14,16.24,2.93,4.52,14.81,40.092215238863254,40.35312929727827
2021-05-05,6.84,12.8,0.09,2.48,17.51,40.092215238863254,40.35312929727827
2021-05-06,9.88,17.31,2.81,1.04,24.6,40.092215238863254,40.35312929727827
2021-05-07,9.21,16.68,3.78,0.0,23.26,40.092215238863254,40.35312929727827
2021-05-08,12.17,20.48,3.5,0.01,25.71,40.092215238863254,40.35312929727827
2021-05-09,8.49,18.06,-3.97,4.6,10.1,40.092215238863254,40.35312929727827
2021-05-10,1.22,9.98,-6.39,0.19,25.41,40.092215238863254,40.35312929727827
2021-05-11,6.59,16.56,-4.74,0.0,30.59,40.092215238863254,40.35312929727827
2021-05-12,10.72,19.12,1.96,0.0,30.52,40.092215238863254,40.35312929727827
2021-05-13,13.34,21.81,5.48,0.0,30.3,40.092215238863254,40.35312929727827
2021-05-14,14.98,22.79,6.64,0.0,30.0,40.092215238863254,40.35312929727827
2021-05-15,16.25,23.32,8.43,0.0,27.23,40.092215238863254,40.35312929727827
2021-05-16,14.95,21.72,7.46,0.0,24.5,40.092215238863254,40.35312929727827
2021-05-17,12.83,19.08,5.83,0.0,18.53,40.092215238863254,40.35312929727827
2021-05-18,12.19,19.69,5.04,0.0,29.6,40.092215238863254,40.35312929727827
2021-05-19,13.97,22.13,6.27,0.0,22.8,40.092215238863254,40.35312929727827
2021-05-20,15.64,24.25,7.89,0.0,30.89,40.092215238863254,40.35312929727827
2021-05-21,17.39,25.79,7.33,0.0,26.77,40.092215238863254,40.35312929727827
2021-05-22,16.1,23.67,9.7,0.37,12.82,40.092215238863254,40.35312929727827
2021-05-23,13.4,20.56,5.38,0.12,17.61,40.092215238863254,40.35312929727827
2021-05-24,12.37,20.69,3.32,1.19,20.99,40.092215238863254,40.35312929727827
2021-05-25,11.54,20.34,3.45,0.0,19.28,40.092215238863254,40.35312929727827
2021-05-26,10.37,18.89,2.15,0.0,28.83,40.092215238863254,40.35312929727827
2021-05-27,14.39,23.54,4.01,0.0,29.84,40.092215238863254,40.35312929727827
2021-05-28,16.99,22.65,10.51,0.05,23.37,40.092215238863254,40.35312929727827
2021-05-29,15.93,23.05,9.05,1.33,26.15,40.092215238863254,40.35312929727827
2021-05-30,13.19,19.89,7.51,0.71,24.82,40.092215238863254,40.35312929727827
2021-05-31,15.79,23.32,8.07,0.52,27.44,40.092215238863254,40.35312929727827
2021-06-01,16.03,23.56,8.84,0.22,25.02,40.092215238863254,40.35312929727827
2021-06-02,12.76,20.35,5.33,2.0,21.35,40.092215238863254,40.35312929727827
2021-06-03,11.3,19.98,3.73,0.57,29.21,40.092215238863254,40.35312929727827
2021-06-04,11.37,19.63,4.2,0.0,20.27,40.092215238863254,40.35312929727827
2021-06-05,11.16,18.73,2.6,0.22,17.98,40.092215238863254,40.35312929727827
2021-06-06,9.9,16.47,2.49,2.81,15.48,40.092215238863254,40.35312929727827
2021-06-07,11.43,19.41,3.3,0.01,30.14,40.092215238863254,40.35312929727827
2021-06-08,13.83,20.85,7.75,0.62,29.98,40.092215238863254,40.35312929727827
2021-06-09,14.04,20.58,8.6,1.68,17.7,40.092215238863254,40.35312929727827
2021-06-10,14.43,21.67,7.84,1.44,23.0,40.092215238863254,40.35312929727827
2021-06-11,14.08,20.35,8.39,0.27,17.82,40.092215238863254,40.35312929727827
2021-06-12,14.42,21.58,6.78,2.48,16.92,40.092215238863254,40.35312929727827
2021-06-13,14.33,20.18,9.26,2.37,21.68,40.092215238863254,40.35312929727827
2021-06-14,16.63,24.81,8.18,0.0,31.34,40.092215238863254,40.35312929727827
2021-06-15,17.85,26.06,9.09,0.38,31.15,40.092215238863254,40.35312929727827
2021-06-16,18.37,27.98,9.32,0.0,26.94,40.092215238863254,40.35312929727827
2021-06-17,15.16,22.48,9.11,0.86,24.81,40.092215238863254,40.35312929727827
2021-06-18,17.5,28.15,6.57,0.0,30.0,40.092215238863254,40.35312929727827
2021-06-19,20.95,31.45,9.13,0.0,26.46,40.092215238863254,40.35312929727827
2021-06-20,21.53,30.61,11.61,0.0,29.08,40.092215238863254,40.35312929727827
2021-06-21,20.57,29.39,10.99,0.0,27.69,40.092215238863254,40.35312929727827
2021-06-22,20.58,28.37,12.21,0.32,25.26,40.092215238863254,40.35312929727827
2021-06-23,20.97,29.43,12.49,0.17,23.3,40.092215238863254,40.35312929727827
2021-06-24,21.34,29.9,12.14,0.05,21.98,40.092215238863254,40.35312929727827
2021-06-25,21.4,29.91,12.57,0.01,22.32,40.092215238863254,40.35312929727827
2021-06-26,20.18,28.82,11.99,0.19,24.02,40.092215238863254,40.35312929727827
2021-06-27,19.73,29.1,9.52,0.06,18.12,40.092215238863254,40.35312929727827
2021-06-28,20.71,30.38,11.17,0.26,20.89,40.092215238863254,40.35312929727827
2021-06-29,19.17,27.7,11.83,2.59,16.94,40.092215238863254,40.35312929727827
2021-06-30,20.69,29.55,10.88,0.01,25.19,40.092215238863254,40.35312929727827
2021-07-01,22.3,30.86,12.68,0.01,24.78,40.092215238863254,40.35312929727827
2021-07-02,22.23,30.8,14.76,0.0,29.43,40.092215238863254,40.35312929727827
2021-07-03,22.13,30.77,12.82,0.0,30.06,40.092215238863254,40.35312929727827
2021-07-04,20.64,28.92,12.66,0.96,22.57,40.092215238863254,40.35312929727827
2021-07-05,16.98,25.26,8.72,0.1,26.37,40.092215238863254,40.35312929727827
2021-07-06,18.66,26.95,10.48,0.73,21.44,40.092215238863254,40.35312929727827
2021-07-07,17.36,22.21,11.74,0.98,24.77,40.092215238863254,40.35312929727827
2021-07-08,18.97,28.12,8.89,0.0,26.75,40.092215238863254,40.35312929727827
2021-07-09,19.19,27.22,10.81,0.63,16.62,40.092215238863254,40.35312929727827
2021-07-10,18.99,26.33,12.57,1.33,19.96,40.092215238863254,40.35312929727827
2021-07-11,19.9,27.26,13.14,1.64,20.11,40.092215238863254,40.35312929727827
2021-07-12,21.54,30.06,12.51,0.09,21.13,40.092215238863254,40.35312929727827
2021-07-13,20.41,28.87,12.43,0.1,18.44,40.092215238863254,40.35312929727827
2021-07-14,18.65,26.65,12.52,4.29,17.03,40.092215238863254,40.35312929727827
2021-07-15,15.82,19.47,11.4,1.57,18.79,40.092215238863254,40.35312929727827
2021-07-16,19.26,27.36,9.52,0.02,24.05,40.092215238863254,40.35312929727827
2021-07-17,22.37,29.69,13.38,0.53,24.33,40.092215238863254,40.35312929727827
2021-07-18,23.6,31.2,15.09,0.57,25.65,40.092215238863254,40.35312929727827
2021-07-19,24.82,32.95,17.06,0.0,28.03,40.092215238863254,40.35312929727827
2021-07-20,25.14,34.05,15.79,0.0,28.34,40.092215238863254,40.35312929727827
2021-07-21,24.35,34.24,15.11,0.33,21.04,40.092215238863254,40.35312929727827
2021-07-22,19.56,27.52,13.13,4.67,15.33,40.092215238863254,40.35312929727827
2021-07-23,16.99,25.22,11.14,2.19,18.06,40.092215238863254,40.35312929727827
2021-07-24,18.19,28.06,10.23,0.53,18.14,40.092215238863254,40.35312929727827
2021-07-25,20.97,30.27,10.42,0.02,20.79,40.092215238863254,40.35312929727827
2021-07-26,23.27,31.43,15.86,0.08,18.65,40.092215238863254,40.35312929727827
2021-07-27,18.45,27.56,11.33,2.28,15.5,40.092215238863254,40.35312929727827
2021-07-28,16.98,26.24,8.75,0.44,18.39,40.092215238863254,40.35312929727827
2021-07-29,18.66,27.86,9.9,0.0,20.27,40.092215238863254,40.35312929727827
2021-07-30,19.6,28.41,11.11,0.0,20.59,40.092215238863254,40.35312929727827
2021-07-31,20.55,28.46,13.14,0.0,20.06,40.092215238863254,40.35312929727827
2021-08-01,20.71,28.19,14.06,0.02,19.24,40.092215238863254,40.35312929727827
2021-08-02,20.89,29.54,12.35,0.05,21.92,40.092215238863254,40.35312929727827
2021-08-03,21.29,29.4,13.84,0.01,25.16,40.092215238863254,40.35312929727827
2021-08-04,22.19,31.61,12.69,0.22,24.55,40.092215238863254,40.35312929727827
2021-08-05,22.17,31.94,13.02,0.5,20.87,40.092215238863254,40.35312929727827
2021-08-06,20.03,28.67,14.72,0.74,19.9,40.092215238863254,40.35312929727827
2021-08-07,19.76,26.27,12.98,5.2,15.37,40.092215238863254,40.35312929727827
2021-08-08,20.24,27.67,13.28,3.93,14.58,40.092215238863254,40.35312929727827
2021-08-09,19.91,28.13,12.36,1.31,16.07,40.092215238863254,40.35312929727827
2021-08-10,19.57,28.53,11.79,0.8,14.65,40.092215238863254,40.35312929727827
2021-08-11,18.24,24.48,11.8,1.6,13.83,40.092215238863254,40.35312929727827
2021-08-12,18.7,24.81,12.55,2.68,14.21,40.092215238863254,40.35312929727827
2021-08-13,17.93,26.05,10.57,4.85,16.16,40.092215238863254,40.35312929727827
2021-08-14,14.83,21.02,9.83,4.26,11.34,40.092215238863254,40.35312929727827
2021-08-15,16.55,25.47,8.07,2.19,17.35,40.092215238863254,40.35312929727827
2021-08-16,17.62,27.13,9.49,1.31,16.5,40.092215238863254,40.35312929727827
2021-08-17,19.17,28.7,9.92,0.09,19.29,40.092215238863254,40.35312929727827
2021-08-18,20.61,30.27,11.08,0.0,20.77,40.092215238863254,40.35312929727827
2021-08-19,19.99,28.9,12.21,0.09,14.36,40.092215238863254,40.35312929727827
2021-08-20,18.32,26.82,10.82,0.06,18.36,40.092215238863254,40.35312929727827
2021-08-21,19.24,28.56,10.48,0.92,17.23,40.092215238863254,40.35312929727827
2021-08-22,19.95,28.77,10.61,0.25,16.93,40.092215238863254,40.35312929727827
2021-08-23,20.12,28.37,11.78,2.03,13.92,40.092215238863254,40.35312929727827
2021-08-24,20.34,29.03,12.45,0.32,19.21,40.092215238863254,40.35312929727827
2021-08-25,21.48,29.52,13.0,0.0,19.81,40.092215238863254,40.35312929727827
2021-08-26,21.02,28.77,14.13,0.0,22.38,40.092215238863254,40.35312929727827
2021-08-27,21.14,30.09,12.75,0.0,25.01,40.092215238863254,40.35312929727827
2021-08-28,22.34,32.06,12.95,0.0,24.27,40.092215238863254,40.35312929727827
2021-08-29,23.07,32.38,13.72,0.0,24.14,40.092215238863254,40.35312929727827
2021-08-30,22.86,31.28,16.22,0.0,21.56,40.092215238863254,40.35312929727827
2021-08-31,21.18,30.19,13.58,0.05,18.01,40.092215238863254,40.35312929727827
2021-09-01,19.98,29.54,12.22,0.17,21.28,40.092215238863254,40.35312929727827
2021-09-02,16.47,26.7,7.35,6.56,13.07,40.092215238863254,40.35312929727827
2021-09-03,10.59,18.25,5.29,3.02,14.02,40.092215238863254,40.35312929727827
2021-09-04,12.81,24.34,2.41,0.0,21.51,40.092215238863254,40.35312929727827
2021-09-05,14.44,24.89,4.75,0.04,18.75,40.092215238863254,40.35312929727827
2021-09-06,13.82,24.1,5.68,0.95,15.73,40.092215238863254,40.35312929727827
2021-09-07,14.09,23.63,5.84,0.83,15.94,40.092215238863254,40.35312929727827
2021-09-08,15.34,25.43,6.49,0.04,17.76,40.092215238863254,40.35312929727827
2021-09-09,15.87,25.76,6.96,0.03,19.31,40.092215238863254,40.35312929727827
2021-09-10,17.7,26.9,7.68,0.01,20.81,40.092215238863254,40.35312929727827
2021-09-11,16.92,25.61,9.79,1.16,14.74,40.092215238863254,40.35312929727827
2021-09-12,14.86,23.64,7.81,0.16,15.04,40.092215238863254,40.35312929727827
2021-09-13,15.44,23.17,8.33,0.69,14.63,40.092215238863254,40.35312929727827
2021-09-14,16.86,25.39,9.06,0.24,16.03,40.092215238863254,40.35312929727827
2021-09-15,16.61,25.94,8.6,0.24,18.32,40.092215238863254,40.35312929727827
2021-09-16,14.24,21.07,8.42,3.75,12.06,40.092215238863254,40.35312929727827
2021-09-17,11.37,17.86,6.58,2.85,9.63,40.092215238863254,40.35312929727827
2021-09-18,12.98,20.82,5.03,0.0,20.38,40.092215238863254,40.35312929727827
2021-09-19,14.09,21.77,8.2,0.0,19.39,40.092215238863254,40.35312929727827
2021-09-20,13.61,20.79,8.53,0.0,16.71,40.092215238863254,40.35312929727827
2021-09-21,13.97,21.99,8.23,0.08,18.92,40.092215238863254,40.35312929727827
2021-09-22,11.21,18.19,5.1,7.19,8.94,40.092215238863254,40.35312929727827
2021-09-23,10.23,17.18,3.68,21.47,10.67,40.092215238863254,40.35312929727827
2021-09-24,5.3,10.13,1.17,11.62,8.61,40.092215238863254,40.35312929727827
2021-09-25,5.14,13.1,-0.75,2.39,11.03,40.092215238863254,40.35312929727827
2021-09-26,7.46,16.82,0.04,0.25,19.65,40.092215238863254,40.35312929727827
2021-09-27,10.81,19.58,4.21,0.09,19.52,40.092215238863254,40.35312929727827
2021-09-28,9.03,18.67,1.69,0.75,14.2,40.092215238863254,40.35312929727827
2021-09-29,9.27,18.78,1.37,1.31,13.89,40.092215238863254,40.35312929727827
2021-09-30,8.3,14.41,3.55,3.56,5.14,40.092215238863254,40.35312929727827
2021-10-01,8.89,15.72,4.14,1.35,11.15,40.092215238863254,40.35312929727827
2021-10-02,10.75,19.17,3.1,3.42,14.41,40.092215238863254,40.35312929727827
2021-10-03,11.44,20.24,5.15,12.27,4.48,40.092215238863254,40.35312929727827
2021-10-04,7.08,14.75,1.83,3.29,11.82,40.092215238863254,40.35312929727827
2021-10-05,5.32,12.19,-0.19,17.56,8.82,40.092215238863254,40.35312929727827
2021-10-06,3.17,8.69,-0.84,6.39,10.78,40.092215238863254,40.35312929727827
2021-10-07,5.34,13.9,-3.16,0.0,16.61,40.092215238863254,40.35312929727827
2021-10-08,7.92,15.92,0.9,0.0,16.8,40.092215238863254,40.35312929727827
2021-10-09,10.59,19.02,3.25,0.0,18.29,40.092215238863254,40.35312929727827
2021-10-10,11.04,18.72,5.89,0.0,17.17,40.092215238863254,40.35312929727827
2021-10-11,11.25,19.38,5.15,0.0,17.7,40.092215238863254,40.35312929727827
2021-10-12,11.42,20.69,5.51,0.0,17.67,40.092215238863254,40.35312929727827
2021-10-13,9.64,17.21,3.26,0.05,13.57,40.092215238863254,40.35312929727827
2021-10-14,10.27,17.75,4.08,0.09,13.36,40.092215238863254,40.35312929727827
2021-10-15,12.22,19.64,5.69,0.0,12.82,40.092215238863254,40.35312929727827
2021-10-16,12.61,19.54,7.44,0.0,15.91,40.092215238863254,40.35312929727827
2021-10-17,10.28,17.8,3.15,0.33,10.57,40.092215238863254,40.35312929727827
2021-10-18,6.33,10.55,3.63,8.3,6.48,40.092215238863254,40.35312929727827
2021-10-19,4.44,9.76,-0.53,7.21,7.22,40.092215238863254,40.35312929727827
2021-10-20,1.91,9.29,-3.07,0.71,10.76,40.092215238863254,40.35312929727827
2021-10-21,4.67,14.05,-3.86,0.0,16.22,40.092215238863254,40.35312929727827
2021-10-22,6.98,14.77,0.92,0.0,15.69,40.092215238863254,40.35312929727827
2021-10-23,7.11,15.31,1.12,0.0,15.74,40.092215238863254,40.35312929727827
2021-10-24,7.24,14.73,2.16,0.01,15.05,40.092215238863254,40.35312929727827
2021-10-25,0.43,5.01,-6.53,4.27,5.12,40.092215238863254,40.35312929727827
2021-10-26,-0.59,8.63,-6.92,0.16,13.95,40.092215238863254,40.35312929727827
2021-10-27,3.75,11.81,-3.26,0.0,14.77,40.092215238863254,40.35312929727827
2021-10-28,5.44,12.3,0.96,0.34,12.49,40.092215238863254,40.35312929727827
2021-10-29,3.34,8.47,0.1,10.48,2.57,40.092215238863254,40.35312929727827
2021-10-30,4.18,10.42,-0.59,7.86,9.01,40.092215238863254,40.35312929727827
2021-10-31,5.91,11.37,1.84,2.86,6.85,40.092215238863254,40.35312929727827
2021-11-01,6.91,12.56,3.26,2.55,8.48,40.092215238863254,40.35312929727827
2021-11-02,6.99,10.32,4.31,6.34,4.55,40.092215238863254,40.35312929727827
2021-11-03,6.84,11.66,4.16,0.46,8.74,40.092215238863254,40.35312929727827
2021-11-04,5.88,13.5,1.3,0.0,11.99,40.092215238863254,40.35312929727827
2021-11-05,5.58,15.11,-1.72,0.0,13.22,40.092215238863254,40.35312929727827
2021-11-06,5.03,14.41,-1.07,0.0,13.02,40.092215238863254,40.35312929727827
2021-11-07,5.07,13.67,-0.45,0.0,11.84,40.092215238863254,40.35312929727827
2021-11-08,6.92,13.41,2.44,0.0,11.56,40.092215238863254,40.35312929727827
2021-11-09,6.71,13.81,2.22,0.0,12.38,40.092215238863254,40.35312929727827
2021-11-10,0.45,4.06,-6.11,7.36,4.2,40.092215238863254,40.35312929727827
2021-11-11,-2.97,4.43,-6.79,1.1,7.67,40.092215238863254,40.35312929727827
2021-11-12,-0.21,7.31,-5.41,0.0,11.5,40.092215238863254,40.35312929727827
2021-11-13,2.77,10.18,-1.81,0.01,11.93,40.092215238863254,40.35312929727827
2021-11-14,4.07,11.88,0.19,0.0,11.21,40.092215238863254,40.35312929727827
2021-11-15,3.18,10.06,-2.06,0.11,9.9,40.092215238863254,40.35312929727827
2021-11-16,-0.52,6.86,-4.96,0.43,9.75,40.092215238863254,40.35312929727827
2021-11-17,1.19,9.16,-4.37,0.01,11.57,40.092215238863254,40.35312929727827
2021-11-18,2.67,8.62,-1.59,0.0,10.25,40.092215238863254,40.35312929727827
2021-11-19,2.08,5.84,-0.22,1.02,7.22,40.092215238863254,40.35312929727827
2021-11-20,0.93,5.33,-1.54,3.2,5.21,40.092215238863254,40.35312929727827
2021-11-21,0.59,5.67,-2.2,0.01,8.87,40.092215238863254,40.35312929727827
2021-11-22,1.02,7.53,-2.48,0.0,10.39,40.092215238863254,40.35312929727827
2021-11-23,0.43,6.53,-2.23,0.07,7.93,40.092215238863254,40.35312929727827
2021-11-24,0.19,5.08,-2.13,7.38,1.92,40.092215238863254,40.35312929727827
2021-11-25,-0.2,3.71,-2.13,7.97,1.92,40.092215238863254,40.35312929727827
2021-11-26,-0.92,3.74,-4.35,3.67,5.16,40.092215238863254,40.35312929727827
2021-11-27,-0.29,5.59,-4.17,0.07,3.05,40.092215238863254,40.35312929727827
2021-11-28,0.15,2.97,-1.81,1.17,3.6,40.092215238863254,40.35312929727827
2021-11-29,2.59,9.34,-0.01,0.01,7.2,40.092215238863254,40.35312929727827
2021-11-30,3.86,7.51,1.63,0.13,3.96,40.092215238863254,40.35312929727827
2021-12-01,-1.3,2.61,-7.25,13.9,2.39,40.092215238863254,40.35312929727827
2021-12-02,-6.29,-1.17,-9.87,0.27,5.57,40.092215238863254,40.35312929727827
2021-12-03,-3.33,3.72,-7.5,0.0,8.51,40.092215238863254,40.35312929727827
2021-12-04,-3.09,3.22,-6.21,0.0,9.35,40.092215238863254,40.35312929727827
2021-12-05,-1.59,3.83,-5.11,0.0,7.45,40.092215238863254,40.35312929727827
2021-12-06,-1.12,5.3,-4.38,0.01,9.18,40.092215238863254,40.35312929727827
2021-12-07,-1.01,6.11,-5.44,0.0,9.12,40.092215238863254,40.35312929727827
2021-12-08,-0.85,4.01,-4.18,1.92,4.02,40.092215238863254,40.35312929727827
2021-12-09,-1.87,0.85,-4.53,2.87,3.54,40.092215238863254,40.35312929727827
2021-12-10,-3.13,2.57,-6.43,0.31,7.93,40.092215238863254,40.35312929727827
2021-12-11,-1.47,5.34,-4.99,0.0,8.4,40.092215238863254,40.35312929727827
2021-12-12,-0.5,7.05,-4.49,0.0,7.5,40.092215238863254,40.35312929727827
2021-12-13,0.13,6.55,-3.44,0.0,7.69,40.092215238863254,40.35312929727827
2021-12-14,1.13,5.73,-1.42,0.26,3.91,40.092215238863254,40.35312929727827
2021-12-15,0.11,5.71,-2.91,0.2,6.47,40.092215238863254,40.35312929727827
2021-12-16,-1.02,4.75,-4.74,2.94,5.06,40.092215238863254,40.35312929727827
2021-12-17,-1.64,2.49,-4.72,2.02,5.14,40.092215238863254,40.35312929727827
2021-12-18,-2.83,0.67,-5.14,6.42,3.32,40.092215238863254,40.35312929727827
2021-12-19,-2.69,0.86,-5.65,3.96,2.88,40.092215238863254,40.35312929727827
2021-12-20,-3.44,-0.36,-7.23,4.4,3.17,40.092215238863254,40.35312929727827
2021-12-21,-8.42,-4.46,-12.47,4.76,4.99,40.092215238863254,40.35312929727827
2021-12-22,-13.56,-9.3,-16.66,2.16,4.66,40.092215238863254,40.35312929727827
2021-12-23,-13.7,-9.96,-16.88,1.55,4.06,40.092215238863254,40.35312929727827
2021-12-24,-16.38,-9.36,-22.25,0.59,7.39,40.092215238863254,40.35312929727827
2021-12-25,-12.4,-4.87,-18.34,0.0,6.12,40.092215238863254,40.35312929727827
2021-12-26,-9.14,-2.18,-12.55,0.0,8.93,40.092215238863254,40.35312929727827
2021-12-27,-9.8,-3.05,-14.44,0.0,7.4,40.092215238863254,40.35312929727827
2021-12-28,-7.96,0.06,-11.32,0.0,8.9,40.092215238863254,40.35312929727827
2021-12-29,-8.84,-1.7,-12.1,0.0,7.56,40.092215238863254,40.35312929727827
2021-12-30,-9.66,-2.34,-13.65,0.0,7.43,40.092215238863254,40.35312929727827
2021-12-31,-8.63,-1.95,-12.47,0.0,8.47,40.092215238863254,40.35312929727827
2022-01-01,-8.51,-3.42,-11.61,1.74,5.49,40.092215238863254,40.35312929727827
2022-01-02,-8.84,-3.43,-13.09,4.92,3.68,40.092215238863254,40.35312929727827
2022-01-03,-11.92,-5.68,-16.25,1.64,8.84,40.092215238863254,40.35312929727827
2022-01-04,-8.26,-4.25,-12.8,1.45,4.43,40.092215238863254,40.35312929727827
2022-01-05,-8.49,-3.32,-11.21,0.41,8.34,40.092215238863254,40.35312929727827
2022-01-06,-7.27,-0.25,-11.59,0.0,9.83,40.092215238863254,40.35312929727827
2022-01-07,-5.54,-0.45,-9.88,0.0,8.34,40.092215238863254,40.35312929727827
2022-01-08,-7.3,0.26,-12.28,0.0,8.87,40.092215238863254,40.35312929727827
2022-01-09,-7.96,0.15,-15.07,0.96,9.02,40.092215238863254,40.35312929727827
2022-01-10,-6.4,0.27,-10.8,1.9,5.16,40.092215238863254,40.35312929727827
2022-01-11,-5.43,-0.07,-9.15,0.46,5.08,40.092215238863254,40.35312929727827
2022-01-12,-3.43,-0.36,-8.16,4.35,4.5,40.092215238863254,40.35312929727827
2022-01-13,-5.08,-1.58,-12.93,9.7,5.38,40.092215238863254,40.35312929727827
2022-01-14,-14.6,-7.07,-22.52,0.47,9.77,40.092215238863254,40.35312929727827
2022-01-15,-13.79,-7.43,-18.43,3.59,3.14,40.092215238863254,40.35312929727827
2022-01-16,-15.44,-10.25,-18.4,2.38,8.91,40.092215238863254,40.35312929727827
2022-01-17,-15.73,-8.64,-21.57,1.26,9.14,40.092215238863254,40.35312929727827
2022-01-18,-14.32,-9.22,-21.89,2.42,4.56,40.092215238863254,40.35312929727827
2022-01-19,-13.38,-10.03,-16.94,6.28,5.38,40.092215238863254,40.35312929727827
2022-01-20,-16.19,-9.56,-20.87,1.61,8.85,40.092215238863254,40.35312929727827
2022-01-21,-17.18,-8.42,-22.3,0.21,11.5,40.092215238863254,40.35312929727827
2022-01-22,-14.68,-6.29,-22.68,0.03,8.78,40.092215238863254,40.35312929727827
2022-01-23,-11.22,-6.11,-15.93,0.67,4.18,40.092215238863254,40.35312929727827
2022-01-24,-9.38,-5.09,-13.6,6.67,4.24,40.092215238863254,40.35312929727827
2022-01-25,-13.33,-6.43,-18.07,1.39,9.56,40.092215238863254,40.35312929727827
2022-01-26,-9.4,-2.44,-17.06,3.28,4.9,40.092215238863254,40.35312929727827
2022-01-27,-10.03,-6.72,-14.78,3.89,7.26,40.092215238863254,40.35312929727827
2022-01-28,-13.41,-6.98,-18.39,0.09,10.47,40.092215238863254,40.35312929727827
2022-01-29,-13.76,-7.19,-18.6,0.07,10.65,40.092215238863254,40.35312929727827
2022-01-30,-12.87,-6.54,-18.99,0.19,10.45,40.092215238863254,40.35312929727827
2022-01-31,-9.21,-3.58,-14.68,0.8,6.55,40.092215238863254,40.35312929727827
2022-02-01,-7.9,-2.4,-12.95,0.9,8.58,40.092215238863254,40.35312929727827
2022-02-02,-7.41,-1.46,-11.49,0.28,6.67,40.092215238863254,40.35312929727827
2022-02-03,-7.97,-0.82,-14.04,0.25,9.4,40.092215238863254,40.35312929727827
2022-02-04,-6.92,-2.54,-10.75,4.65,8.45,40.092215238863254,40.35312929727827
2022-02-05,-13.41,-9.14,-17.79,0.57,10.58,40.092215238863254,40.35312929727827
2022-02-06,-11.57,-5.84,-16.22,0.06,9.66,40.092215238863254,40.35312929727827
2022-02-07,-12.36,-5.89,-17.71,0.06,11.27,40.092215238863254,40.35312929727827
2022-02-08,-9.48,-2.45,-16.82,0.31,5.37,40.092215238863254,40.35312929727827
2022-02-09,-4.09,-0.19,-8.21,0.69,10.57,40.092215238863254,40.35312929727827
2022-02-10,-6.47,-2.72,-14.72,8.23,5.36,40.092215238863254,40.35312929727827
2022-02-11,-10.17,-1.26,-18.91,0.04,12.92,40.092215238863254,40.35312929727827
2022-02-12,-6.42,-0.91,-11.44,0.0,15.21,40.092215238863254,40.35312929727827
2022-02-13,-6.52,-0.72,-11.07,0.0,14.64,40.092215238863254,40.35312929727827
2022-02-14,-5.81,-0.21,-11.06,0.0,13.84,40.092215238863254,40.35312929727827
2022-02-15,-6.24,-1.17,-11.03,0.01,13.54,40.092215238863254,40.35312929727827
2022-02-16,-8.11,-2.17,-12.78,0.0,13.44,40.092215238863254,40.35312929727827
2022-02-17,-9.35,-1.03,-16.26,0.0,15.68,40.092215238863254,40.35312929727827
2022-02-18,-6.92,-1.58,-10.87,0.1,12.76,40.092215238863254,40.35312929727827
2022-02-19,-4.48,-0.1,-9.82,0.55,13.27,40.092215238863254,40.35312929727827
2022-02-20,-4.66,0.45,-9.97,0.0,15.21,40.092215238863254,40.35312929727827
2022-02-21,-3.14,1.31,-6.67,0.0,12.55,40.092215238863254,40.35312929727827
2022-02-22,-2.8,1.71,-7.85,0.12,13.75,40.092215238863254,40.35312929727827
2022-02-23,-1.72,2.16,-4.51,0.59,10.21,40.092215238863254,40.35312929727827
2022-02-24,-1.05,4.14,-4.77,1.83,14.19,40.092215238863254,40.35312929727827
2022-02-25,-0.48,3.88,-3.69,3.77,7.52,40.092215238863254,40.35312929727827
2022-02-26,-2.36,1.21,-5.17,2.77,10.28,40.092215238863254,40.35312929727827
2022-02-27,-1.71,3.79,-5.33,0.35,10.5,40.092215238863254,40.35312929727827
2022-02-28,-1.08,3.94,-4.71,0.06,12.04,40.092215238863254,40.35312929727827
2022-03-01,-0.12,2.76,-1.71,8.31,8.74,40.092215238863254,40.35312929727827
2022-03-02,0.1,3.81,-3.9,5.29,11.41,40.092215238863254,40.35312929727827
2022-03-03,0.85,5.49,-2.31,12.72,9.4,40.092215238863254,40.35312929727827
2022-03-04,-6.37,-3.17,-9.44,1.97,10.47,40.092215238863254,40.35312929727827
2022-03-05,-6.25,-1.87,-10.05,0.01,13.96,40.092215238863254,40.35312929727827
2022-03-06,-4.51,-0.01,-9.3,0.15,11.38,40.092215238863254,40.35312929727827
2022-03-07,-2.79,3.35,-7.8,0.0,19.31,40.092215238863254,40.35312929727827
2022-03-08,-1.77,1.39,-5.19,2.5,11.28,40.092215238863254,40.35312929727827
2022-03-09,-1.98,0.69,-6.59,11.23,10.99,40.092215238863254,40.35312929727827
2022-03-10,-3.67,0.46,-6.98,7.37,11.16,40.092215238863254,40.35312929727827
2022-03-11,-5.24,-1.51,-13.17,6.6,5.97,40.092215238863254,40.35312929727827
2022-03-12,-10.39,-5.18,-14.76,3.07,18.26,40.092215238863254,40.35312929727827
2022-03-13,-10.35,-6.26,-13.82,2.55,15.92,40.092215238863254,40.35312929727827
2022-03-14,-11.67,-8.01,-14.48,4.66,16.4,40.092215238863254,40.35312929727827
2022-03-15,-13.33,-7.59,-19.93,2.57,19.94,40.092215238863254,40.35312929727827
2022-03-16,-12.51,-5.46,-20.06,2.34,15.23,40.092215238863254,40.35312929727827
2022-03-17,-9.63,-4.72,-15.11,2.46,12.04,40.092215238863254,40.35312929727827
2022-03-18,-8.94,-5.36,-11.98,2.18,15.68,40.092215238863254,40.35312929727827
2022-03-19,-9.36,-4.76,-14.6,5.53,11.38,40.092215238863254,40.35312929727827
2022-03-20,-11.77,-6.66,-16.71,1.53,19.41,40.092215238863254,40.35312929727827
2022-03-21,-9.96,-4.0,-15.28,0.35,18.81,40.092215238863254,40.35312929727827
2022-03-22,-8.92,-0.6,-18.69,0.06,20.3,40.092215238863254,40.35312929727827
2022-03-23,-4.75,-0.14,-10.59,3.05,15.28,40.092215238863254,40.35312929727827
2022-03-24,-5.89,-1.38,-10.34,1.79,13.64,40.092215238863254,40.35312929727827
2022-03-25,-6.41,-1.76,-10.73,0.6,20.68,40.092215238863254,40.35312929727827
2022-03-26,-7.36,-2.54,-12.93,0.02,19.4,40.092215238863254,40.35312929727827
2022-03-27,-6.03,-0.09,-11.31,0.21,21.2,40.092215238863254,40.35312929727827
2022-03-28,-6.57,-1.07,-11.97,0.25,21.78,40.092215238863254,40.35312929727827
2022-03-29,-2.45,5.89,-9.35,0.0,23.24,40.092215238863254,40.35312929727827
2022-03-30,-0.42,4.18,-3.9,0.0,13.25,40.092215238863254,40.35312929727827
2022-03-31,2.17,10.1,-3.28,0.0,22.47,40.092215238863254,40.35312929727827
2022-04-01,4.25,13.64,-1.54,0.0,20.84,40.092215238863254,40.35312929727827
2022-04-02,6.02,14.18,-0.52,0.0,20.48,40.092215238863254,40.35312929727827
2022-04-03,6.94,15.76,-0.8,0.0,22.35,40.092215238863254,40.35312929727827
2022-04-04,4.44,10.91,-0.03,0.0,18.58,40.092215238863254,40.35312929727827
2022-04-05,3.61,8.24,-2.03,0.07,13.54,40.092215238863254,40.35312929727827
2022-04-06,4.0,7.91,0.7,1.46,16.2,40.092215238863254,40.35312929727827
2022-04-07,5.41,12.69,-2.3,0.17,18.35,40.092215238863254,40.35312929727827
2022-04-08,4.77,11.41,-0.57,19.15,13.44,40.092215238863254,40.35312929727827
2022-04-09,2.84,9.02,-3.61,0.48,17.33,40.092215238863254,40.35312929727827
2022-04-10,4.31,12.14,-2.37,0.03,13.36,40.092215238863254,40.35312929727827
2022-04-11,6.28,13.74,-1.41,0.06,21.95,40.092215238863254,40.35312929727827
2022-04-12,1.03,3.71,-4.62,13.78,8.26,40.092215238863254,40.35312929727827
2022-04-13,-4.71,-0.92,-7.77,3.4,8.41,40.092215238863254,40.35312929727827
2022-04-14,-2.82,3.87,-10.02,0.0,17.3,40.092215238863254,40.35312929727827
2022-04-15,1.25,8.28,-3.69,0.0,13.76,40.092215238863254,40.35312929727827
2022-04-16,3.98,11.09,-3.34,0.0,25.06,40.092215238863254,40.35312929727827
2022-04-17,6.96,15.48,0.73,0.0,25.28,40.092215238863254,40.35312929727827
2022-04-18,7.37,13.34,2.08,0.0,16.32,40.092215238863254,40.35312929727827
2022-04-19,8.98,16.07,3.36,0.63,20.42,40.092215238863254,40.35312929727827
2022-04-20,7.85,14.63,2.61,1.84,18.73,40.092215238863254,40.35312929727827
2022-04-21,7.38,15.24,0.58,0.0,20.36,40.092215238863254,40.35312929727827
2022-04-22,6.77,13.87,0.32,0.0,21.45,40.092215238863254,40.35312929727827
2022-04-23,9.64,17.65,2.56,0.0,23.36,40.092215238863254,40.35312929727827
2022-04-24,11.02,18.14,3.61,0.03,23.58,40.092215238863254,40.35312929727827
2022-04-25,12.69,18.76,5.63,0.01,25.48,40.092215238863254,40.35312929727827
2022-04-26,12.56,18.83,5.92,0.29,21.92,40.092215238863254,40.35312929727827
2022-04-27,11.73,16.86,5.64,1.41,23.03,40.092215238863254,40.35312929727827
2022-04-28,8.7,14.29,2.6,0.08,15.09,40.092215238863254,40.35312929727827
2022-04-29,8.03,13.0,1.75,0.05,15.69,40.092215238863254,40.35312929727827
2022-04-30,8.8,15.36,2.84,0.25,18.46,40.092215238863254,40.35312929727827
2022-05-01,7.28,12.91,3.33,6.32,6.52,40.092215238863254,40.35312929727827
2022-05-02,6.63,12.75,0.89,5.23,12.6,40.092215238863254,40.35312929727827
2022-05-03,5.63,10.59,2.32,1.19,17.37,40.092215238863254,40.35312929727827
2022-05-04,7.58,14.57,2.54,4.25,15.68,40.092215238863254,40.35312929727827
2022-05-05,4.79,9.82,0.67,9.52,10.11,40.092215238863254,40.35312929727827
2022-05-06,3.87,9.71,-0.93,5.31,12.59,40.092215238863254,40.35312929727827
2022-05-07,3.53,8.87,-1.05,9.93,11.86,40.092215238863254,40.35312929727827
2022-05-08,3.76,10.2,-2.19,0.23,13.69,40.092215238863254,40.35312929727827
2022-05-09,4.48,10.39,-0.02,0.87,13.33,40.092215238863254,40.35312929727827
2022-05-10,3.63,9.75,-2.63,1.07,19.19,40.092215238863254,40.35312929727827
2022-05-11,5.5,12.85,-1.09,0.08,24.52,40.092215238863254,40.35312929727827
2022-05-12,3.44,8.37,-2.07,1.64,19.67,40.092215238863254,40.35312929727827
2022-05-13,6.97,15.71,-3.61,0.0,29.62,40.092215238863254,40.35312929727827
2022-05-14,10.31,18.53,0.21,0.2,24.69,40.092215238863254,40.35312929727827
2022-05-15,9.81,17.53,4.22,3.39,19.57,40.092215238863254,40.35312929727827
2022-05-16,5.33,11.78,-0.21,17.13,16.22,40.092215238863254,40.35312929727827
2022-05-17,6.4,14.68,-0.92,0.0,28.14,40.092215238863254,40.35312929727827
2022-05-18,9.18,17.48,0.64,0.0,29.99,40.092215238863254,40.35312929727827
2022-05-19,9.85,16.76,2.32,6.4,16.94,40.092215238863254,40.35312929727827
2022-05-20,3.18,8.99,-2.93,0.72,16.51,40.092215238863254,40.35312929727827
2022-05-21,6.39,15.18,-4.04,0.0,31.58,40.092215238863254,40.35312929727827
2022-05-22,10.68,19.14,2.36,0.0,27.57,40.092215238863254,40.35312929727827
2022-05-23,7.59,13.65,1.71,2.24,11.88,40.092215238863254,40.35312929727827
2022-05-24,4.12,10.14,-0.8,3.46,11.89,40.092215238863254,40.35312929727827
2022-05-25,4.96,12.22,-1.64,0.0,24.49,40.092215238863254,40.35312929727827
2022-05-26,8.46,16.26,-0.61,0.0,31.78,40.092215238863254,40.35312929727827
2022-05-27,11.21,18.32,4.83,0.0,28.62,40.092215238863254,40.35312929727827
2022-05-28,13.2,20.82,3.76,0.01,27.13,40.092215238863254,40.35312929727827
2022-05-29,14.17,18.7,8.7,0.83,24.9,40.092215238863254,40.35312929727827
2022-05-30,15.18,21.93,7.41,0.0,29.13,40.092215238863254,40.35312929727827
2022-05-31,15.74,22.13,10.16,5.88,17.86,40.092215238863254,40.35312929727827
2022-06-01,15.82,21.87,9.09,2.49,26.03,40.092215238863254,40.35312929727827
2022-06-02,17.15,24.6,8.49,0.31,21.42,40.092215238863254,40.35312929727827
2022-06-03,17.75,25.61,10.11,0.0,21.97,40.092215238863254,40.35312929727827
2022-06-04,18.05,26.34,10.22,0.23,22.55,40.092215238863254,40.35312929727827
2022-06-05,16.72,23.69,8.24,0.05,28.61,40.092215238863254,40.35312929727827
2022-06-06,15.77,22.98,7.38,0.28,23.35,40.092215238863254,40.35312929727827
2022-06-07,16.03,21.83,8.71,2.85,17.93,40.092215238863254,40.35312929727827
2022-06-08,15.97,20.94,9.96,2.51,17.93,40.092215238863254,40.35312929727827
2022-06-09,14.96,19.47,9.06,3.67,16.89,40.092215238863254,40.35312929727827
2022-06-10,15.34,20.8,10.99,0.16,24.02,40.092215238863254,40.35312929727827
2022-06-11,16.06,21.93,9.6,0.32,27.38,40.092215238863254,40.35312929727827
2022-06-12,16.24,21.66,10.15,8.73,21.08,40.092215238863254,40.35312929727827
2022-06-13,14.82,21.56,8.37,2.39,15.69,40.092215238863254,40.35312929727827
2022-06-14,12.78,15.47,9.43,10.93,14.75,40.092215238863254,40.35312929727827
2022-06-15,12.92,18.38,7.84,2.98,16.38,40.092215238863254,40.35312929727827
2022-06-16,13.5,19.95,5.53,0.06,23.3,40.092215238863254,40.35312929727827
2022-06-17,16.35,22.97,7.87,0.5,19.72,40.092215238863254,40.35312929727827
2022-06-18,17.18,23.74,9.04,0.36,20.59,40.092215238863254,40.35312929727827
2022-06-19,17.88,26.02,8.45,0.0,19.33,40.092215238863254,40.35312929727827
2022-06-20,17.98,25.89,8.52,0.0,25.57,40.092215238863254,40.35312929727827
2022-06-21,18.94,26.21,11.97,0.36,22.08,40.092215238863254,40.35312929727827
2022-06-22,11.71,15.8,6.57,4.52,10.37,40.092215238863254,40.35312929727827
2022-06-23,11.82,18.52,6.13,1.17,17.96,40.092215238863254,40.35312929727827
2022-06-24,12.5,18.36,4.79,0.13,17.4,40.092215238863254,40.35312929727827
2022-06-25,10.54,14.02,7.98,13.86,11.26,40.092215238863254,40.35312929727827
2022-06-26,11.31,16.94,6.78,5.27,11.19,40.092215238863254,40.35312929727827
2022-06-27,13.16,19.32,5.25,0.28,17.86,40.092215238863254,40.35312929727827
2022-06-28,15.57,21.9,8.09,0.0,23.39,40.092215238863254,40.35312929727827
2022-06-29,16.15,23.06,7.5,0.03,22.53,40.092215238863254,40.35312929727827
2022-06-30,17.25,24.84,8.35,0.23,22.95,40.092215238863254,40.35312929727827
2022-07-01,17.19,24.96,9.35,1.06,19.71,40.092215238863254,40.35312929727827
2022-07-02,13.84,20.39,5.62,1.63,20.14,40.092215238863254,40.35312929727827
2022-07-03,11.35,20.45,1.9,0.0,28.89,40.092215238863254,40.35312929727827
2022-07-04,12.73,22.64,1.62,0.0,28.83,40.092215238863254,40.35312929727827
2022-07-05,15.17,24.11,5.51,0.0,26.86,40.092215238863254,40.35312929727827
2022-07-06,16.61,25.11,7.22,0.0,27.9,40.092215238863254,40.35312929727827
2022-07-07,17.98,25.83,8.82,0.03,25.78,40.092215238863254,40.35312929727827
2022-07-08,17.84,23.69,11.66,3.18,21.27,40.092215238863254,40.35312929727827
2022-07-09,18.81,26.4,9.33,0.0,28.09,40.092215238863254,40.35312929727827
2022-07-10,20.21,28.24,11.84,0.06,22.51,40.092215238863254,40.35312929727827
2022-07-11,18.82,26.73,11.61,0.16,19.32,40.092215238863254,40.35312929727827
2022-07-12,17.97,27.36,9.08,0.28,18.27,40.092215238863254,40.35312929727827
2022-07-13,17.69,27.47,8.9,0.28,18.84,40.092215238863254,40.35312929727827
2022-07-14,16.38,24.4,9.42,0.01,18.79,40.092215238863254,40.35312929727827
2022-07-15,20.89,31.53,9.72,0.0,23.3,40.092215238863254,40.35312929727827
2022-07-16,22.2,31.2,13.14,0.0,19.74,40.092215238863254,40.35312929727827
2022-07-17,19.89,30.56,10.14,0.0,18.32,40.092215238863254,40.35312929727827
2022-07-18,19.43,30.17,10.82,0.15,18.13,40.092215238863254,40.35312929727827
2022-07-19,19.43,30.12,10.83,1.07,18.13,40.092215238863254,40.35312929727827
2022-07-20,18.73,28.18,9.98,0.05,20.19,40.092215238863254,40.35312929727827
2022-07-21,16.95,26.72,9.63,0.74,15.59,40.092215238863254,40.35312929727827
2022-07-22,15.28,24.29,8.21,0.1,18.3,40.092215238863254,40.35312929727827
2022-07-23,13.64,23.33,5.07,0.03,28.42,40.092215238863254,40.35312929727827
2022-07-24,12.93,22.35,4.85,0.49,22.06,40.092215238863254,40.35312929727827
2022-07-25,14.37,24.79,3.47,0.0,27.48,40.092215238863254,40.35312929727827
2022-07-26,17.76,28.42,7.47,0.0,23.16,40.092215238863254,40.35312929727827
2022-07-27,17.41,27.0,8.22,0.0,25.52,40.092215238863254,40.35312929727827
2022-07-28,18.56,29.63,7.71,0.01,29.05,40.092215238863254,40.35312929727827
2022-07-29,20.15,30.92,9.49,0.05,27.95,40.092215238863254,40.35312929727827
2022-07-30,21.64,31.54,11.25,0.05,22.47,40.092215238863254,40.35312929727827
2022-07-31,22.07,30.62,12.65,0.0,25.0,40.092215238863254,40.35312929727827
2022-08-01,22.02,31.36,12.6,0.0,25.5,40.092215238863254,40.35312929727827
2022-08-02,21.42,30.44,12.83,0.0,27.07,40.092215238863254,40.35312929727827
2022-08-03,21.56,31.12,12.56,0.11,20.87,40.092215238863254,40.35312929727827
2022-08-04,21.88,30.88,13.34,0.74,20.8,40.092215238863254,40.35312929727827
2022-08-05,21.53,30.99,13.26,0.19,17.94,40.092215238863254,40.35312929727827
2022-08-06,19.98,28.61,12.14,0.3,23.65,40.092215238863254,40.35312929727827
2022-08-07,20.43,30.1,11.62,0.01,23.03,40.092215238863254,40.35312929727827
2022-08-08,19.97,27.4,12.13,0.49,20.47,40.092215238863254,40.35312929727827
2022-08-09,22.3,30.58,13.4,0.02,20.52,40.092215238863254,40.35312929727827
2022-08-10,23.07,31.76,13.92,0.04,18.81,40.092215238863254,40.35312929727827
2022-08-11,21.51,30.67,12.55,0.72,17.8,40.092215238863254,40.35312929727827
2022-08-12,21.11,30.05,13.1,0.62,15.63,40.092215238863254,40.35312929727827
2022-08-13,22.28,31.68,13.2,0.0,20.87,40.092215238863254,40.35312929727827
2022-08-14,22.94,31.87,13.06,0.0,21.1,40.092215238863254,40.35312929727827
2022-08-15,22.72,31.62,14.86,0.0,23.73,40.092215238863254,40.35312929727827
2022-08-16,22.44,31.36,14.93,0.22,21.92,40.092215238863254,40.35312929727827
2022-08-17,21.82,32.81,12.18,0.64,19.77,40.092215238863254,40.35312929727827
2022-08-18,21.19,31.48,11.73,0.29,19.21,40.092215238863254,40.35312929727827
2022-08-19,20.71,30.66,11.49,0.39,17.58,40.092215238863254,40.35312929727827
2022-08-20,21.56,29.72,13.63,0.26,19.74,40.092215238863254,40.35312929727827
2022-08-21,21.76,29.6,12.03,0.0,19.56,40.092215238863254,40.35312929727827
2022-08-22,20.96,29.72,14.27,0.5,16.57,40.092215238863254,40.35312929727827
2022-08-23,21.69,29.93,12.75,0.0,21.26,40.092215238863254,40.35312929727827
2022-08-24,22.66,31.2,14.23,0.07,20.37,40.092215238863254,40.35312929727827
2022-08-25,23.06,31.57,14.21,0.0,19.66,40.092215238863254,40.35312929727827
2022-08-26,22.19,30.53,13.89,0.0,21.88,40.092215238863254,40.35312929727827
2022-08-27,21.4,30.31,12.56,0.0,22.72,40.092215238863254,40.35312929727827
2022-08-28,21.29,30.74,12.24,0.0,23.58,40.092215238863254,40.35312929727827
2022-08-29,20.84,29.64,13.63,0.05,21.56,40.092215238863254,40.35312929727827
2022-08-30,20.59,29.34,11.43,0.0,24.22,40.092215238863254,40.35312929727827
2022-08-31,22.27,31.2,13.64,0.0,22.48,40.092215238863254,40.35312929727827
2022-09-01,22.97,30.59,16.0,0.0,19.88,40.092215238863254,40.35312929727827
2022-09-02,23.58,31.25,15.91,0.02,17.84,40.092215238863254,40.35312929727827
2022-09-03,23.72,31.27,17.03,0.51,19.87,40.092215238863254,40.35312929727827
2022-09-04,21.62,30.23,14.07,3.36,14.32,40.092215238863254,40.35312929727827
2022-09-05,16.8,26.0,10.32,2.63,14.62,40.092215238863254,40.35312929727827
2022-09-06,12.43,21.1,6.58,8.23,11.97,40.092215238863254,40.35312929727827
2022-09-07,10.95,18.64,5.89,0.53,13.24,40.092215238863254,40.35312929727827
2022-09-08,12.58,22.81,3.79,0.02,18.5,40.092215238863254,40.35312929727827
2022-09-09,14.32,23.83,6.33,0.0,23.93,40.092215238863254,40.35312929727827
2022-09-10,16.54,26.19,8.52,0.0,23.76,40.092215238863254,40.35312929727827
2022-09-11,17.68,25.31,11.45,0.0,23.55,40.092215238863254,40.35312929727827
2022-09-12,17.88,27.45,8.84,0.0,22.15,40.092215238863254,40.35312929727827
2022-09-13,17.11,25.28,10.79,7.93,13.73,40.092215238863254,40.35312929727827
2022-09-14,12.02,18.03,6.47,4.16,14.68,40.092215238863254,40.35312929727827
2022-09-15,13.17,21.3,5.41,0.0,22.97,40.092215238863254,40.35312929727827
2022-09-16,15.83,24.64,9.03,0.0,21.78,40.092215238863254,40.35312929727827
2022-09-17,17.88,26.33,10.39,0.0,20.18,40.092215238863254,40.35312929727827
2022-09-18,18.89,28.31,9.89,0.0,21.49,40.092215238863254,40.35312929727827
2022-09-19,18.17,27.25,11.39,0.74,14.93,40.092215238863254,40.35312929727827
2022-09-20,16.87,25.48,8.6,1.53,16.55,40.092215238863254,40.35312929727827
2022-09-21,16.97,23.5,12.25,4.59,7.38,40.092215238863254,40.35312929727827
2022-09-22,13.56,17.92,9.52,3.92,12.38,40.092215238863254,40.35312929727827
2022-09-23,12.32,17.43,8.45,3.27,9.55,40.092215238863254,40.35312929727827
2022-09-24,9.9,17.77,2.69,2.98,6.86,40.092215238863254,40.35312929727827
2022-09-25,7.83,16.4,0.86,0.24,20.16,40.092215238863254,40.35312929727827
2022-09-26,12.38,21.81,4.15,0.0,21.36,40.092215238863254,40.35312929727827
2022-09-27,13.75,24.46,3.93,0.0,21.1,40.092215238863254,40.35312929727827
2022-09-28,15.06,24.24,7.26,0.0,19.86,40.092215238863254,40.35312929727827
2022-09-29,14.7,21.85,9.97,0.0,17.44,40.092215238863254,40.35312929727827
2022-09-30,13.73,21.89,8.02,0.0,19.33,40.092215238863254,40.35312929727827
2022-10-01,12.26,22.23,4.42,0.0,19.68,40.092215238863254,40.35312929727827
2022-10-02,14.42,24.2,4.35,0.0,19.19,40.092215238863254,40.35312929727827
2022-10-03,14.51,21.17,8.3,7.16,10.12,40.092215238863254,40.35312929727827
2022-10-04,14.61,21.86,9.32,0.89,11.31,40.092215238863254,40.35312929727827
2022-10-05,15.09,22.12,9.57,2.01,9.19,40.092215238863254,40.35312929727827
2022-10-06,14.27,22.65,7.71,1.32,13.16,40.092215238863254,40.35312929727827
2022-10-07,13.47,23.46,5.02,0.01,14.22,40.092215238863254,40.35312929727827
2022-10-08,14.44,22.99,8.95,0.81,8.33,40.092215238863254,40.35312929727827
2022-10-09,11.25,15.62,6.09,3.94,8.5,40.092215238863254,40.35312929727827
2022-10-10,8.26,14.78,4.49,0.61,8.17,40.092215238863254,40.35312929727827
2022-10-11,7.91,16.08,1.81,0.2,13.47,40.092215238863254,40.35312929727827
2022-10-12,9.55,17.72,2.82,0.0,16.41,40.092215238863254,40.35312929727827
2022-10-13,8.1,11.85,4.24,0.01,8.98,40.092215238863254,40.35312929727827
2022-10-14,8.3,14.22,3.49,2.97,11.0,40.092215238863254,40.35312929727827
2022-10-15,8.84,13.59,5.13,7.01,6.98,40.092215238863254,40.35312929727827
2022-10-16,9.81,16.52,4.5,0.44,12.53,40.092215238863254,40.35312929727827
2022-10-17,11.59,19.05,5.85,0.39,9.44,40.092215238863254,40.35312929727827
2022-10-18,11.12,17.92,6.11,0.97,12.09,40.092215238863254,40.35312929727827
2022-10-19,10.32,17.26,4.64,0.04,9.48,40.092215238863254,40.35312929727827
2022-10-20,9.04,16.52,3.1,10.42,5.16,40.092215238863254,40.35312929727827
2022-10-21,3.03,8.65,-1.35,4.34,8.95,40.092215238863254,40.35312929727827
2022-10-22,2.94,10.51,-3.54,0.48,12.89,40.092215238863254,40.35312929727827
2022-10-23,5.63,13.44,0.14,0.0,15.42,40.092215238863254,40.35312929727827
2022-10-24,4.89,11.72,0.61,0.82,9.05,40.092215238863254,40.35312929727827
2022-10-25,5.18,13.14,-1.09,0.29,14.76,40.092215238863254,40.35312929727827
2022-10-26,6.7,14.74,0.7,0.02,13.56,40.092215238863254,40.35312929727827
2022-10-27,5.15,12.12,-0.08,0.74,11.39,40.092215238863254,40.35312929727827
2022-10-28,2.41,10.85,-2.82,3.08,10.22,40.092215238863254,40.35312929727827
2022-10-29,2.36,11.8,-4.25,0.02,13.47,40.092215238863254,40.35312929727827
2022-10-30,4.65,13.55,-1.49,0.0,14.29,40.092215238863254,40.35312929727827
2022-10-31,4.41,13.71,-1.56,0.31,13.62,40.092215238863254,40.35312929727827
2022-11-01,1.2,7.17,-3.9,6.54,7.51,40.092215238863254,40.35312929727827
2022-11-02,1.0,9.69,-5.47,0.19,13.4,40.092215238863254,40.35312929727827
2022-11-03,2.48,8.8,-1.83,0.31,8.51,40.092215238863254,40.35312929727827
2022-11-04,3.2,9.14,-0.07,1.02,10.68,40.092215238863254,40.35312929727827
2022-11-05,2.99,10.04,-1.3,0.0,10.4,40.092215238863254,40.35312929727827
2022-11-06,3.18,9.68,-2.24,0.0,9.69,40.092215238863254,40.35312929727827
2022-11-07,5.13,11.74,-0.04,0.06,9.7,40.092215238863254,40.35312929727827
2022-11-08,3.49,8.67,0.02,1.26,4.97,40.092215238863254,40.35312929727827
2022-11-09,2.85,7.59,-0.86,2.22,5.94,40.092215238863254,40.35312929727827
2022-11-10,2.56,8.08,-0.97,0.34,6.13,40.092215238863254,40.35312929727827
2022-11-11,2.29,9.16,-2.49,0.03,8.32,40.092215238863254,40.35312929727827
2022-11-12,1.99,10.07,-2.89,0.0,11.88,40.092215238863254,40.35312929727827
2022-11-13,2.68,10.43,-1.71,0.02,11.91,40.092215238863254,40.35312929727827
2022-11-14,1.78,9.93,-2.28,0.29,8.29,40.092215238863254,40.35312929727827
2022-11-15,1.62,8.88,-2.71,0.1,11.36,40.092215238863254,40.35312929727827
2022-11-16,-0.38,3.97,-3.41,3.37,6.04,40.092215238863254,40.35312929727827
2022-11-17,0.11,6.6,-3.6,1.23,8.4,40.092215238863254,40.35312929727827
2022-11-18,1.07,7.14,-2.52,0.05,4.21,40.092215238863254,40.35312929727827
2022-11-19,2.79,8.27,-0.48,0.41,4.13,40.092215238863254,40.35312929727827
2022-11-20,4.46,12.09,-0.35,0.0,10.26,40.092215238863254,40.35312929727827
2022-11-21,4.21,11.6,-0.07,0.09,7.19,40.092215238863254,40.35312929727827
2022-11-22,3.37,8.26,0.23,0.1,6.68,40.092215238863254,40.35312929727827
2022-11-23,2.49,9.61,-2.1,0.27,9.64,40.092215238863254,40.35312929727827
2022-11-24,2.59,9.53,-2.08,0.25,6.5,40.092215238863254,40.35312929727827
2022-11-25,2.18,6.9,-1.11,4.19,2.94,40.092215238863254,40.35312929727827
2022-11-26,0.73,4.84,-2.94,7.07,3.33,40.092215238863254,40.35312929727827
2022-11-27,-1.28,4.65,-4.63,1.39,5.83,40.092215238863254,40.35312929727827
2022-11-28,-0.65,6.44,-4.85,0.0,9.1,40.092215238863254,40.35312929727827
2022-11-29,0.9,7.75,-4.09,0.09,6.89,40.092215238863254,40.35312929727827
2022-11-30,0.78,4.59,-1.76,2.48,3.71,40.092215238863254,40.35312929727827
2022-12-01,1.56,8.71,-2.01,0.0,6.1,40.092215238863254,40.35312929727827
2022-12-02,1.56,6.35,-1.14,0.25,3.25,40.092215238863254,40.35312929727827
2022-12-03,0.56,5.71,-2.34,3.03,4.5,40.092215238863254,40.35312929727827
2022-12-04,-0.89,4.38,-3.78,1.98,6.08,40.092215238863254,40.35312929727827
2022-12-05,-0.38,4.6,-3.62,0.06,4.94,40.092215238863254,40.35312929727827
2022-12-06,-1.38,2.08,-3.25,0.31,6.37,40.092215238863254,40.35312929727827
2022-12-07,-1.46,3.1,-3.57,0.81,5.9,40.092215238863254,40.35312929727827
2022-12-08,-1.18,3.15,-3.21,0.08,5.73,40.092215238863254,40.35312929727827
2022-12-09,-0.73,3.44,-3.95,0.0,6.73,40.092215238863254,40.35312929727827
2022-12-10,-1.02,4.67,-4.55,0.0,8.21,40.092215238863254,40.35312929727827
2022-12-11,-0.51,5.94,-4.41,0.07,6.63,40.092215238863254,40.35312929727827
2022-12-12,-1.06,2.13,-3.46,0.55,2.91,40.092215238863254,40.35312929727827
2022-12-13,-1.25,3.57,-3.96,1.11,3.23,40.092215238863254,40.35312929727827
2022-12-14,-1.11,4.08,-4.0,2.11,4.99,40.092215238863254,40.35312929727827
2022-12-15,0.4,5.03,-2.01,1.42,5.18,40.092215238863254,40.35312929727827
2022-12-16,0.75,5.3,-1.2,1.71,6.02,40.092215238863254,40.35312929727827
2022-12-17,0.81,7.41,-5.09,0.0,7.6,40.092215238863254,40.35312929727827
2022-12-18,1.68,7.54,-2.05,0.0,8.04,40.092215238863254,40.35312929727827
2022-12-19,0.08,7.19,-3.78,2.29,6.95,40.092215238863254,40.35312929727827
2022-12-20,-3.56,2.08,-6.72,3.2,3.99,40.092215238863254,40.35312929727827
2022-12-21,-3.03,3.33,-8.07,0.0,6.19,40.092215238863254,40.35312929727827
2022-12-22,-2.72,2.88,-7.35,0.0,7.45,40.092215238863254,40.35312929727827
2022-12-23,-3.08,2.64,-8.06,0.0,7.8,40.092215238863254,40.35312929727827
2022-12-24,-2.98,3.35,-8.84,0.0,7.2,40.092215238863254,40.35312929727827
2022-12-25,-3.92,1.8,-8.61,0.02,7.29,40.092215238863254,40.35312929727827
2022-12-26,-3.98,0.56,-7.36,0.08,6.71,40.092215238863254,40.35312929727827
2022-12-27,-3.38,0.65,-6.46,0.16,6.63,40.092215238863254,40.35312929727827
2022-12-28,-3.16,1.56,-6.42,2.09,3.39,40.092215238863254,40.35312929727827
2022-12-29,-4.46,-0.15,-7.68,1.53,7.03,40.092215238863254,40.35312929727827
2022-12-30,-4.58,1.92,-9.66,0.0,8.49,40.092215238863254,40.35312929727827
2022-12-31,-4.48,2.96,-9.49,0.0,8.08,40.092215238863254,40.35312929727827
2023-01-01,-4.0,3.25,-8.66,0.0,7.71,40.092215238863254,40.35312929727827
2023-01-02,-2.14,6.43,-9.0,0.0,8.25,40.092215238863254,40.35312929727827
2023-01-03,-0.26,7.07,-5.18,0.0,8.56,40.092215238863254,40.35312929727827
2023-01-04,-1.21,5.57,-5.81,0.0,8.75,40.092215238863254,40.35312929727827
2023-01-05,-3.75,2.67,-8.94,0.42,6.31,40.092215238863254,40.35312929727827
2023-01-06,-4.05,1.7,-8.95,2.63,5.32,40.092215238863254,40.35312929727827
2023-01-07,-5.05,-2.09,-7.81,3.19,4.19,40.092215238863254,40.35312929727827
2023-01-08,-7.21,-3.84,-9.66,2.95,5.89,40.092215238863254,40.35312929727827
2023-01-09,-9.08,-3.47,-12.86,0.41,6.97,40.092215238863254,40.35312929727827
2023-01-10,-7.55,0.05,-12.97,0.0,9.26,40.092215238863254,40.35312929727827
2023-01-11,-6.49,1.77,-11.43,0.0,8.41,40.092215238863254,40.35312929727827
2023-01-12,-6.06,2.91,-12.52,0.0,7.56,40.092215238863254,40.35312929727827
2023-01-13,-5.99,-0.96,-9.09,0.0,8.47,40.092215238863254,40.35312929727827
2023-01-14,-6.08,-1.2,-10.7,0.37,7.56,40.092215238863254,40.35312929727827
2023-01-15,-4.12,0.65,-8.11,0.12,6.76,40.092215238863254,40.35312929727827
2023-01-16,-4.3,1.16,-8.73,0.12,7.73,40.092215238863254,40.35312929727827
2023-01-17,-2.48,2.43,-6.3,0.11,7.04,40.092215238863254,40.35312929727827
2023-01-18,-2.1,3.4,-6.62,0.0,8.7,40.092215238863254,40.35312929727827
2023-01-19,0.11,6.64,-4.74,0.0,9.46,40.092215238863254,40.35312929727827
2023-01-20,0.35,8.58,-4.02,0.0,10.02,40.092215238863254,40.35312929727827
2023-01-21,0.53,6.7,-4.36,0.0,9.84,40.092215238863254,40.35312929727827
2023-01-22,-0.1,4.89,-3.84,0.0,9.07,40.092215238863254,40.35312929727827
2023-01-23,-1.52,3.77,-6.0,0.0,8.72,40.092215238863254,40.35312929727827
2023-01-24,-3.76,2.34,-9.4,0.05,7.71,40.092215238863254,40.35312929727827
2023-01-25,-4.84,0.55,-10.1,0.08,7.72,40.092215238863254,40.35312929727827
2023-01-26,-4.77,0.44,-10.2,0.0,10.25,40.092215238863254,40.35312929727827
2023-01-27,-4.71,2.49,-11.0,0.0,8.92,40.092215238863254,40.35312929727827
2023-01-28,-5.03,-1.51,-7.63,7.15,2.15,40.092215238863254,40.35312929727827
2023-01-29,-4.78,-0.86,-6.92,2.06,7.38,40.092215238863254,40.35312929727827
2023-01-30,-5.82,-2.51,-9.7,0.72,7.19,40.092215238863254,40.35312929727827
2023-01-31,-5.62,-1.34,-10.74,0.11,8.38,40.092215238863254,40.35312929727827
2023-02-01,-5.77,-1.51,-9.39,1.87,8.75,40.092215238863254,40.35312929727827
2023-02-02,-8.62,-5.81,-14.06,15.73,5.97,40.092215238863254,40.35312929727827
2023-02-03,-14.37,-7.02,-19.81,0.57,12.98,40.092215238863254,40.35312929727827
2023-02-04,-12.68,-5.79,-19.67,0.77,8.85,40.092215238863254,40.35312929727827
2023-02-05,-9.71,-3.93,-16.12,3.02,10.39,40.092215238863254,40.35312929727827
2023-02-06,-4.89,-1.22,-8.98,7.02,5.27,40.092215238863254,40.35312929727827
2023-02-07,-8.8,-4.26,-16.86,4.0,8.09,40.092215238863254,40.35312929727827
2023-02-08,-13.93,-7.55,-19.6,1.39,12.11,40.092215238863254,40.35312929727827
2023-02-09,-13.53,-5.42,-19.84,0.73,12.88,40.092215238863254,40.35312929727827
2023-02-10,-13.4,-4.45,-19.14,0.51,13.34,40.092215238863254,40.35312929727827
2023-02-11,-14.47,-5.95,-19.71,4.92,13.06,40.092215238863254,40.35312929727827
2023-02-12,-15.19,-5.69,-22.45,0.51,14.72,40.092215238863254,40.35312929727827
2023-02-13,-16.42,-8.82,-20.25,2.44,11.0,40.092215238863254,40.35312929727827
2023-02-14,-15.56,-6.0,-24.26,0.1,15.18,40.092215238863254,40.35312929727827
2023-02-15,-13.98,-8.26,-18.43,1.48,11.78,40.092215238863254,40.35312929727827
2023-02-16,-14.37,-9.13,-17.84,4.44,13.18,40.092215238863254,40.35312929727827
2023-02-17,-14.17,-7.31,-18.95,0.78,15.91,40.092215238863254,40.35312929727827
2023-02-18,-9.85,-2.45,-15.71,0.05,15.11,40.092215238863254,40.35312929727827
2023-02-19,-6.4,-1.8,-10.83,2.74,10.73,40.092215238863254,40.35312929727827
2023-02-20,-4.79,-0.67,-9.81,3.73,15.22,40.092215238863254,40.35312929727827
2023-02-21,-7.27,-2.87,-12.78,1.28,14.33,40.092215238863254,40.35312929727827
2023-02-22,-7.32,-1.06,-13.13,0.3,9.52,40.092215238863254,40.35312929727827
2023-02-23,-5.42,-0.21,-9.97,2.77,8.44,40.092215238863254,40.35312929727827
2023-02-24,-10.22,-3.17,-19.26,0.28,18.14,40.092215238863254,40.35312929727827
2023-02-25,-8.85,0.05,-20.09,0.0,15.85,40.092215238863254,40.35312929727827
2023-02-26,-6.38,0.33,-11.64,0.0,16.58,40.092215238863254,40.35312929727827
2023-02-27,-4.01,1.81,-10.06,0.0,17.29,40.092215238863254,40.35312929727827
2023-02-28,-0.62,5.41,-6.59,0.0,14.1,40.092215238863254,40.35312929727827
2023-03-01,0.34,3.49,-2.02,0.04,14.59,40.092215238863254,40.35312929727827
2023-03-02,0.07,3.4,-2.21,4.57,6.35,40.092215238863254,40.35312929727827
2023-03-03,0.09,4.28,-3.27,1.64,5.72,40.092215238863254,40.35312929727827
2023-03-04,1.08,6.48,-2.55,0.85,10.69,40.092215238863254,40.35312929727827
2023-03-05,1.57,4.14,-0.03,2.01,6.95,40.092215238863254,40.35312929727827
2023-03-06,1.43,5.49,-6.16,48.72,7.93,40.092215238863254,40.35312929727827
2023-03-07,-3.52,2.38,-8.62,0.01,14.69,40.092215238863254,40.35312929727827
2023-03-08,-0.03,5.16,-4.33,0.0,16.44,40.092215238863254,40.35312929727827
2023-03-09,0.46,4.72,-5.13,0.0,17.07,40.092215238863254,40.35312929727827
2023-03-10,0.87,4.86,-1.8,0.0,11.71,40.092215238863254,40.35312929727827
2023-03-11,2.02,6.45,-1.71,0.0,14.33,40.092215238863254,40.35312929727827
2023-03-12,2.98,8.41,-1.24,0.01,12.11,40.092215238863254,40.35312929727827
2023-03-13,1.15,5.06,-1.32,2.93,8.33,40.092215238863254,40.35312929727827
2023-03-14,3.21,8.71,-1.38,9.06,8.49,40.092215238863254,40.35312929727827
2023-03-15,5.42,12.26,-0.63,2.77,9.34,40.092215238863254,40.35312929727827
2023-03-16,4.61,10.24,0.78,1.76,6.51,40.092215238863254,40.35312929727827
2023-03-17,3.66,10.34,-0.4,0.31,11.42,40.092215238863254,40.35312929727827
2023-03-18,2.8,8.28,-1.12,0.98,11.8,40.092215238863254,40.35312929727827
2023-03-19,2.41,8.45,-1.79,8.36,8.85,40.092215238863254,40.35312929727827
2023-03-20,0.6,4.48,-2.71,4.8,9.81,40.092215238863254,40.35312929727827
2023-03-21,0.57,6.25,-4.59,0.02,13.37,40.092215238863254,40.35312929727827
2023-03-22,3.72,10.67,-2.85,0.0,19.07,40.092215238863254,40.35312929727827
2023-03-23,4.01,9.52,-0.32,0.54,13.34,40.092215238863254,40.35312929727827
2023-03-24,3.12,7.37,0.21,1.57,11.7,40.092215238863254,40.35312929727827
2023-03-25,2.48,6.75,0.08,13.93,6.63,40.092215238863254,40.35312929727827
2023-03-26,5.25,11.41,0.13,3.64,8.07,40.092215238863254,40.35312929727827
2023-03-27,4.74,9.24,1.36,8.16,9.65,40.092215238863254,40.35312929727827
2023-03-28,4.73,11.78,-2.48,0.35,17.77,40.092215238863254,40.35312929727827
2023-03-29,3.15,7.77,-1.89,10.97,13.95,40.092215238863254,40.35312929727827
2023-03-30,-5.05,0.33,-9.01,3.23,9.65,40.092215238863254,40.35312929727827
2023-03-31,-5.97,-1.46,-9.05,1.88,10.14,40.092215238863254,40.35312929727827
2023-04-01,-3.1,3.65,-9.68,0.0,24.01,40.092215238863254,40.35312929727827
2023-04-02,1.4,7.41,-4.39,0.04,15.34,40.092215238863254,40.35312929727827
2023-04-03,3.55,8.92,-0.21,0.72,14.94,40.092215238863254,40.35312929727827
2023-04-04,5.43,12.52,-0.15,0.01,15.46,40.092215238863254,40.35312929727827
2023-04-05,5.56,11.83,0.33,0.49,10.82,40.092215238863254,40.35312929727827
2023-04-06,2.86,8.2,-0.39,3.92,8.42,40.092215238863254,40.35312929727827
2023-04-07,2.01,6.09,-1.89,6.83,8.35,40.092215238863254,40.35312929727827
2023-04-08,0.8,4.13,-1.93,11.14,11.38,40.092215238863254,40.35312929727827
2023-04-09,3.14,10.24,-2.79,0.69,16.03,40.092215238863254,40.35312929727827
2023-04-10,3.4,7.88,0.52,3.86,7.95,40.092215238863254,40.35312929727827
2023-04-11,4.39,9.1,2.1,8.67,4.07,40.092215238863254,40.35312929727827
2023-04-12,5.73,11.21,0.73,13.26,7.81,40.092215238863254,40.35312929727827
2023-04-13,0.8,4.09,-1.91,6.88,12.87,40.092215238863254,40.35312929727827
2023-04-14,1.5,6.66,-2.8,0.84,16.04,40.092215238863254,40.35312929727827
2023-04-15,5.61,12.36,-2.24,0.0,21.86,40.092215238863254,40.35312929727827
2023-04-16,9.03,15.88,1.62,0.0,22.98,40.092215238863254,40.35312929727827
2023-04-17,8.47,14.17,3.4,0.56,19.24,40.092215238863254,40.35312929727827
2023-04-18,7.83,14.16,0.9,0.09,21.52,40.092215238863254,40.35312929727827
2023-04-19,7.34,14.02,2.13,10.67,16.54,40.092215238863254,40.35312929727827
2023-04-20,7.08,11.57,2.17,18.37,7.7,40.092215238863254,40.35312929727827
2023-04-21,5.06,10.72,1.37,1.08,15.16,40.092215238863254,40.35312929727827
2023-04-22,5.07,11.06,-1.4,0.0,17.89,40.092215238863254,40.35312929727827
2023-04-23,4.32,11.24,-1.26,5.57,10.55,40.092215238863254,40.35312929727827
2023-04-24,5.62,11.86,0.01,1.62,19.95,40.092215238863254,40.35312929727827
2023-04-25,5.37,12.28,0.17,0.06,22.83,40.092215238863254,40.35312929727827
2023-04-26,4.84,10.97,-1.9,0.35,16.55,40.092215238863254,40.35312929727827
2023-04-27,6.44,11.98,0.8,0.65,15.86,40.092215238863254,40.35312929727827
2023-04-28,7.08,13.48,-0.36,2.34,15.69,40.092215238863254,40.35312929727827
2023-04-29,5.62,11.14,0.37,16.76,8.09,40.092215238863254,40.35312929727827
2023-04-30,2.13,6.05,-2.45,3.0,10.37,40.092215238863254,40.35312929727827
2023-05-01,2.08,6.05,-1.56,1.24,13.18,40.092215238863254,40.35312929727827
2023-05-02,2.22,7.36,-1.96,0.21,13.74,40.092215238863254,40.35312929727827
2023-05-03,1.66,7.87,-3.19,0.05,17.57,40.092215238863254,40.35312929727827
2023-05-04,6.71,14.21,-2.59,0.0,24.28,40.092215238863254,40.35312929727827
2023-05-05,9.94,17.36,3.08,0.0,27.15,40.092215238863254,40.35312929727827
2023-05-06,8.5,15.22,1.88,0.82,19.08,40.092215238863254,40.35312929727827
2023-05-07,9.54,15.76,3.94,2.43,17.22,40.092215238863254,40.35312929727827
2023-05-08,6.17,9.69,3.43,3.97,10.42,40.092215238863254,40.35312929727827
2023-05-09,8.07,13.78,1.54,0.11,17.85,40.092215238863254,40.35312929727827
2023-05-10,8.93,15.13,2.56,0.81,14.41,40.092215238863254,40.35312929727827
2023-05-11,10.1,15.86,3.93,1.36,16.61,40.092215238863254,40.35312929727827
2023-05-12,9.57,14.02,5.91,2.05,9.0,40.092215238863254,40.35312929727827
2023-05-13,6.07,12.44,1.07,14.14,10.02,40.092215238863254,40.35312929727827
2023-05-14,4.27,11.27,-0.91,1.26,18.62,40.092215238863254,40.35312929727827
2023-05-15,4.1,10.74,-2.25,0.05,20.42,40.092215238863254,40.35312929727827
2023-05-16,7.74,16.49,-2.64,0.0,28.87,40.092215238863254,40.35312929727827
2023-05-17,11.77,18.97,4.14,0.0,27.34,40.092215238863254,40.35312929727827
2023-05-18,12.43,19.46,4.76,0.0,22.11,40.092215238863254,40.35312929727827
2023-05-19,11.62,19.14,5.04,0.02,22.76,40.092215238863254,40.35312929727827
2023-05-20,9.69,15.73,4.79,2.38,9.11,40.092215238863254,40.35312929727827
2023-05-21,8.37,13.28,4.06,4.77,11.68,40.092215238863254,40.35312929727827
2023-05-22,9.07,15.31,3.33,6.38,18.92,40.092215238863254,40.35312929727827
2023-05-23,11.46,18.02,4.74,7.09,23.75,40.092215238863254,40.35312929727827
2023-05-24,10.91,16.78,4.45,2.0,19.41,40.092215238863254,40.35312929727827
2023-05-25,10.48,17.0,4.5,4.57,16.2,40.092215238863254,40.35312929727827
2023-05-26,10.47,14.64,5.36,7.37,17.93,40.092215238863254,40.35312929727827
2023-05-27,11.26,18.12,3.85,0.46,20.96,40.092215238863254,40.35312929727827
2023-05-28,11.88,18.05,5.87,1.09,12.52,40.092215238863254,40.35312929727827
2023-05-29,11.98,16.66,6.64,19.95,21.84,40.092215238863254,40.35312929727827
2023-05-30,11.79,16.7,7.87,5.2,22.85,40.092215238863254,40.35312929727827
2023-05-31,11.46,16.0,5.39,0.31,19.84,40.092215238863254,40.35312929727827
2023-06-01,12.68,17.87,7.01,0.2,17.53,40.092215238863254,40.35312929727827
2023-06-02,12.39,17.8,5.77,3.27,18.7,40.092215238863254,40.35312929727827
2023-06-03,12.41,18.52,5.54,0.33,21.22,40.092215238863254,40.35312929727827
2023-06-04,14.33,20.48,7.55,0.42,20.69,40.092215238863254,40.35312929727827
2023-06-05,14.44,20.29,7.79,0.43,18.51,40.092215238863254,40.35312929727827
2023-06-06,13.25,19.35,6.01,0.78,17.57,40.092215238863254,40.35312929727827
2023-06-07,12.83,20.04,5.67,0.0,23.65,40.092215238863254,40.35312929727827
2023-06-08,15.55,22.64,5.42,0.0,29.49,40.092215238863254,40.35312929727827
2023-06-09,13.94,18.77,9.97,2.3,9.8,40.092215238863254,40.35312929727827
2023-06-10,14.05,18.73,9.08,4.24,10.6,40.092215238863254,40.35312929727827
2023-06-11,14.54,19.57,7.68,2.32,23.53,40.092215238863254,40.35312929727827
2023-06-12,14.7,18.93,8.24,0.78,19.46,40.092215238863254,40.35312929727827
2023-06-13,15.4,19.8,9.9,0.4,19.04,40.092215238863254,40.35312929727827
2023-06-14,14.9,19.8,7.96,1.83,16.22,40.092215238863254,40.35312929727827
2023-06-15,12.71,17.14,7.54,7.83,12.6,40.092215238863254,40.35312929727827
2023-06-16,13.53,20.35,6.79,0.19,24.38,40.092215238863254,40.35312929727827
2023-06-17,14.73,21.67,7.26,0.01,30.66,40.092215238863254,40.35312929727827
2023-06-18,14.67,21.18,8.63,0.24,19.86,40.092215238863254,40.35312929727827
2023-06-19,14.65,20.24,6.9,4.42,20.6,40.092215238863254,40.35312929727827
2023-06-20,12.13,15.49,8.21,4.43,11.39,40.092215238863254,40.35312929727827
2023-06-21,13.0,19.92,6.3,3.51,17.45,40.092215238863254,40.35312929727827
2023-06-22,12.27,16.96,8.13,9.87,6.19,40.092215238863254,40.35312929727827
2023-06-23,11.61,17.18,7.04,11.95,11.99,40.092215238863254,40.35312929727827
2023-06-24,12.92,20.53,4.98,0.06,25.2,40.092215238863254,40.35312929727827
2023-06-25,16.27,24.24,5.89,0.0,31.21,40.092215238863254,40.35312929727827
2023-06-26,17.69,24.43,8.86,0.42,25.8,40.092215238863254,40.35312929727827
2023-06-27,15.71,21.34,9.31,2.75,20.12,40.092215238863254,40.35312929727827
2023-06-28,16.38,23.59,6.99,0.04,24.88,40.092215238863254,40.35312929727827
2023-06-29,16.29,22.48,10.34,0.08,25.41,40.092215238863254,40.35312929727827
2023-06-30,13.05,19.59,5.93,8.09,15.7,40.092215238863254,40.35312929727827
2023-07-01,11.21,18.81,3.57,0.01,29.35,40.092215238863254,40.35312929727827
2023-07-02,15.29,23.89,4.27,0.0,31.61,40.092215238863254,40.35312929727827
2023-07-03,17.36,24.6,9.96,0.04,30.75,40.092215238863254,40.35312929727827
2023-07-04,17.4,24.49,9.77,1.08,28.58,40.092215238863254,40.35312929727827
2023-07-05,17.91,25.12,9.82,0.0,28.61,40.092215238863254,40.35312929727827
2023-07-06,19.73,27.04,11.15,0.0,25.83,40.092215238863254,40.35312929727827
2023-07-07,20.69,27.91,12.18,1.44,21.4,40.092215238863254,40.35312929727827
2023-07-08,17.75,24.2,12.54,16.68,14.35,40.092215238863254,40.35312929727827
2023-07-09,17.01,21.94,11.25,11.83,10.08,40.092215238863254,40.35312929727827
2023-07-10,12.59,18.4,7.5,3.04,13.04,40.092215238863254,40.35312929727827
2023-07-11,10.9,17.33,5.54,3.73,17.47,40.092215238863254,40.35312929727827
2023-07-12,12.04,20.04,3.77,0.04,31.33,40.092215238863254,40.35312929727827
2023-07-13,14.43,23.36,4.77,0.0,31.32,40.092215238863254,40.35312929727827
2023-07-14,16.95,26.19,6.88,0.0,30.68,40.092215238863254,40.35312929727827
2023-07-15,15.67,23.31,7.89,0.01,29.62,40.092215238863254,40.35312929727827
2023-07-16,14.19,21.94,6.8,0.36,20.04,40.092215238863254,40.35312929727827
2023-07-17,12.53,20.79,4.94,0.01,27.15,40.092215238863254,40.35312929727827
2023-07-18,13.38,23.06,2.84,0.0,29.31,40.092215238863254,40.35312929727827
2023-07-19,16.12,25.59,5.6,0.0,27.77,40.092215238863254,40.35312929727827
2023-07-20,19.22,27.37,8.84,0.0,27.33,40.092215238863254,40.35312929727827
2023-07-21,19.97,27.68,13.08,0.0,26.94,40.092215238863254,40.35312929727827
2023-07-22,19.31,27.86,10.95,0.0,26.34,40.092215238863254,40.35312929727827
2023-07-23,19.23,28.2,11.41,0.06,25.23,40.092215238863254,40.35312929727827
2023-07-24,16.71,23.81,11.18,2.6,17.34,40.092215238863254,40.35312929727827
2023-07-25,15.68,22.4,9.77,3.34,19.36,40.092215238863254,40.35312929727827
2023-07-26,19.25,27.08,9.78,0.0,26.75,40.092215238863254,40.35312929727827
2023-07-27,22.03,28.96,14.49,0.0,27.44,40.092215238863254,40.35312929727827
2023-07-28,19.41,27.51,10.17,1.15,17.96,40.092215238863254,40.35312929727827
2023-07-29,17.0,27.72,6.88,0.05,25.74,40.092215238863254,40.35312929727827
2023-07-30,18.64,28.4,10.02,0.4,20.21,40.092215238863254,40.35312929727827
2023-07-31,20.12,28.16,10.73,0.01,21.73,40.092215238863254,40.35312929727827
2023-08-01,21.15,28.2,13.72,0.0,24.45,40.092215238863254,40.35312929727827
2023-08-02,20.02,28.15,11.75,0.01,23.61,40.092215238863254,40.35312929727827
2023-08-03,19.01,27.74,10.57,0.02,25.39,40.092215238863254,40.35312929727827
2023-08-04,17.59,26.12,9.79,0.32,23.14,40.092215238863254,40.35312929727827
2023-08-05,19.94,28.56,10.74,0.12,25.52,40.092215238863254,40.35312929727827
2023-08-06,22.83,30.2,13.43,1.61,24.47,40.092215238863254,40.35312929727827
2023-08-07,22.6,30.54,15.03,0.0,26.91,40.092215238863254,40.35312929727827
2023-08-08,22.52,31.63,12.55,0.02,26.24,40.092215238863254,40.35312929727827
2023-08-09,23.71,32.47,14.32,0.64,19.71,40.092215238863254,40.35312929727827
2023-08-10,24.61,32.83,16.15,1.68,19.17,40.092215238863254,40.35312929727827
2023-08-11,25.04,32.48,16.52,0.33,17.96,40.092215238863254,40.35312929727827
2023-08-12,24.04,32.82,14.85,0.37,16.54,40.092215238863254,40.35312929727827
2023-08-13,22.63,32.63,13.03,0.36,23.35,40.092215238863254,40.35312929727827
2023-08-14,23.09,32.27,14.92,0.0,26.43,40.092215238863254,40.35312929727827
2023-08-15,22.95,31.74,14.56,0.0,26.41,40.092215238863254,40.35312929727827
2023-08-16,22.58,32.14,12.9,0.0,25.27,40.092215238863254,40.35312929727827
2023-08-17,22.52,32.09,12.92,0.0,22.77,40.092215238863254,40.35312929727827
2023-08-18,22.08,30.76,13.85,0.0,24.19,40.092215238863254,40.35312929727827
2023-08-19,19.14,28.88,10.13,0.0,25.62,40.092215238863254,40.35312929727827
2023-08-20,19.85,29.62,9.9,0.0,24.55,40.092215238863254,40.35312929727827
2023-08-21,21.04,30.26,12.41,0.2,18.46,40.092215238863254,40.35312929727827
2023-08-22,19.36,28.6,12.02,1.07,19.5,40.092215238863254,40.35312929727827
2023-08-23,19.54,29.09,10.7,0.0,23.51,40.092215238863254,40.35312929727827
2023-08-24,19.5,28.54,11.41,0.2,19.78,40.092215238863254,40.35312929727827
2023-08-25,16.18,24.21,9.14,1.66,16.36,40.092215238863254,40.35312929727827
2023-08-26,15.94,26.17,6.54,0.0,22.13,40.092215238863254,40.35312929727827
2023-08-27,19.03,29.33,8.04,0.0,24.76,40.092215238863254,40.35312929727827
2023-08-28,20.69,29.07,11.9,0.17,15.36,40.092215238863254,40.35312929727827
2023-08-29,16.55,21.72,11.86,4.83,11.45,40.092215238863254,40.35312929727827
2023-08-30,18.34,25.93,10.35,0.0,23.03,40.092215238863254,40.35312929727827
2023-08-31,20.86,27.59,13.66,0.0,22.64,40.092215238863254,40.35312929727827
2023-09-01,21.32,28.65,13.5,0.06,20.48,40.092215238863254,40.35312929727827
2023-09-02,20.67,28.92,12.54,0.31,17.75,40.092215238863254,40.35312929727827
2023-09-03,19.84,28.96,12.21,2.31,14.7,40.092215238863254,40.35312929727827
2023-09-04,18.07,25.67,10.91,0.03,17.48,40.092215238863254,40.35312929727827
2023-09-05,19.47,28.93,10.42,0.0,19.91,40.092215238863254,40.35312929727827
2023-09-06,20.86,29.6,13.95,0.76,18.52,40.092215238863254,40.35312929727827
2023-09-07,18.22,27.01,11.21,2.5,16.43,40.092215238863254,40.35312929727827
2023-09-08,17.3,27.04,9.06,0.64,15.72,40.092215238863254,40.35312929727827
2023-09-09,14.66,22.17,7.67,0.5,14.75,40.092215238863254,40.35312929727827
2023-09-10,10.53,18.81,4.03,0.55,18.23,40.092215238863254,40.35312929727827
2023-09-11,11.42,21.84,2.71,2.55,14.78,40.092215238863254,40.35312929727827
2023-09-12,11.43,19.23,5.94,1.63,14.0,40.092215238863254,40.35312929727827
2023-09-13,10.46,18.84,4.44,0.99,14.54,40.092215238863254,40.35312929727827
2023-09-14,11.23,21.2,2.67,0.0,19.67,40.092215238863254,40.35312929727827
2023-09-15,13.58,23.61,3.92,0.0,20.95,40.092215238863254,40.35312929727827
2023-09-16,13.85,22.81,7.72,0.12,16.14,40.092215238863254,40.35312929727827
2023-09-17,12.88,22.96,5.37,1.76,16.69,40.092215238863254,40.35312929727827
2023-09-18,12.13,21.68,5.26,2.3,15.93,40.092215238863254,40.35312929727827
2023-09-19,14.0,23.3,3.78,0.0,20.31,40.092215238863254,40.35312929727827
2023-09-20,17.34,24.79,10.26,0.01,16.26,40.092215238863254,40.35312929727827
2023-09-21,16.18,23.1,9.03,0.11,17.44,40.092215238863254,40.35312929727827
2023-09-22,16.72,24.16,10.38,0.0,20.18,40.092215238863254,40.35312929727827
2023-09-23,16.78,25.79,9.6,0.0,18.2,40.092215238863254,40.35312929727827
2023-09-24,16.72,25.59,8.84,0.41,16.37,40.092215238863254,40.35312929727827
2023-09-25,14.62,23.3,8.13,0.97,14.4,40.092215238863254,40.35312929727827
2023-09-26,14.82,23.44,6.57,0.01,16.38,40.092215238863254,40.35312929727827
2023-09-27,15.85,24.36,6.79,0.0,17.99,40.092215238863254,40.35312929727827
2023-09-28,17.15,24.58,9.78,0.0,17.62,40.092215238863254,40.35312929727827
2023-09-29,15.8,23.66,9.17,0.01,13.94,40.092215238863254,40.35312929727827
2023-09-30,14.29,21.99,7.21,0.43,12.36,40.092215238863254,40.35312929727827
2023-10-01,13.03,18.98,8.53,6.07,11.7,40.092215238863254,40.35312929727827
2023-10-02,10.53,14.56,6.35,11.54,5.29,40.092215238863254,40.35312929727827
2023-10-03,8.14,13.14,5.09,6.81,9.42,40.092215238863254,40.35312929727827
2023-10-04,6.73,12.53,3.26,7.04,7.97,40.092215238863254,40.35312929727827
2023-10-05,8.8,16.79,1.27,0.0,18.14,40.092215238863254,40.35312929727827
2023-10-06,9.28,17.75,2.87,0.25,17.73,40.092215238863254,40.35312929727827
2023-10-07,8.34,16.19,2.37,0.82,16.55,40.092215238863254,40.35312929727827
2023-10-08,9.85,18.94,2.97,0.08,18.68,40.092215238863254,40.35312929727827
2023-10-09,9.04,17.68,3.68,2.43,11.04,40.092215238863254,40.35312929727827
2023-10-10,7.47,15.99,1.99,0.36,11.35,40.092215238863254,40.35312929727827
2023-10-11,5.7,13.54,-0.61,0.99,11.7,40.092215238863254,40.35312929727827
2023-10-12,6.59,17.44,-3.89,0.58,16.31,40.092215238863254,40.35312929727827
2023-10-13,9.13,17.19,2.01,0.0,17.78,40.092215238863254,40.35312929727827
2023-10-14,9.56,17.88,1.87,0.0,17.58,40.092215238863254,40.35312929727827
2023-10-15,9.73,18.09,3.04,0.62,15.76,40.092215238863254,40.35312929727827
2023-10-16,7.61,12.46,4.29,2.34,8.04,40.092215238863254,40.35312929727827
2023-10-17,6.6,12.13,2.61,5.25,8.98,40.092215238863254,40.35312929727827
2023-10-18,7.09,11.73,1.89,4.15,6.15,40.092215238863254,40.35312929727827
2023-10-19,6.54,11.02,1.85,8.29,5.98,40.092215238863254,40.35312929727827
2023-10-20,6.49,14.92,-0.24,0.0,15.17,40.092215238863254,40.35312929727827
2023-10-21,8.53,16.33,2.17,0.0,15.31,40.092215238863254,40.35312929727827
2023-10-22,11.0,18.4,4.97,0.0,14.65,40.092215238863254,40.35312929727827
2023-10-23,10.77,17.3,5.31,0.63,12.47,40.092215238863254,40.35312929727827
2023-10-24,9.47,16.2,4.67,0.83,11.74,40.092215238863254,40.35312929727827
2023-10-25,8.92,15.79,3.77,0.0,12.81,40.092215238863254,40.35312929727827
2023-10-26,9.82,15.93,5.0,0.0,8.36,40.092215238863254,40.35312929727827
2023-10-27,8.36,12.7,4.89,0.09,6.69,40.092215238863254,40.35312929727827
2023-10-28,9.84,17.57,5.51,0.0,12.66,40.092215238863254,40.35312929727827
2023-10-29,11.03,18.1,4.62,0.0,13.24,40.092215238863254,40.35312929727827
2023-10-30,10.33,18.1,3.79,0.0,12.41,40.092215238863254,40.35312929727827
2023-10-31,10.24,18.01,3.56,0.0,12.25,40.092215238863254,40.35312929727827
2023-11-01,9.95,16.83,4.95,0.59,10.24,40.092215238863254,40.35312929727827
2023-11-02,8.44,14.27,4.16,1.14,9.68,40.092215238863254,40.35312929727827
2023-11-03,7.26,10.7,3.94,10.14,5.6,40.092215238863254,40.35312929727827
2023-11-04,7.19,13.38,3.36,0.07,12.05,40.092215238863254,40.35312929727827
2023-11-05,8.63,16.33,2.63,0.0,12.7,40.092215238863254,40.35312929727827
2023-11-06,6.95,13.36,1.85,0.53,7.77,40.092215238863254,40.35312929727827
2023-11-07,6.01,12.05,1.53,1.04,9.53,40.092215238863254,40.35312929727827
2023-11-08,5.34,13.94,-0.58,0.0,12.49,40.092215238863254,40.35312929727827
2023-11-09,5.49,12.39,0.48,1.41,9.43,40.092215238863254,40.35312929727827
2023-11-10,5.16,9.84,2.22,3.26,8.51,40.092215238863254,40.35312929727827
2023-11-11,4.7,12.32,-0.32,0.0,8.11,40.092215238863254,40.35312929727827
2023-11-12,5.46,13.23,-0.28,0.0,7.71,40.092215238863254,40.35312929727827
2023-11-13,5.13,12.83,-0.38,0.0,8.89,40.092215238863254,40.35312929727827
2023-11-14,3.7,5.56,1.89,13.61,3.63,40.092215238863254,40.35312929727827
2023-11-15,3.6,9.88,0.46,1.05,9.51,40.092215238863254,40.35312929727827
2023-11-16,5.34,9.85,2.23,11.75,6.17,40.092215238863254,40.35312929727827
2023-11-17,0.84,5.09,-2.03,2.85,8.31,40.092215238863254,40.35312929727827
2023-11-18,1.45,6.55,-4.09,0.59,6.91,40.092215238863254,40.35312929727827
2023-11-19,5.04,7.75,1.31,18.18,1.46,40.092215238863254,40.35312929727827
2023-11-20,-1.95,0.83,-6.78,26.59,2.02,40.092215238863254,40.35312929727827
2023-11-21,-6.79,-1.72,-10.39,2.76,3.29,40.092215238863254,40.35312929727827
2023-11-22,-7.74,-0.77,-12.32,0.07,3.64,40.092215238863254,40.35312929727827
2023-11-23,-4.56,0.6,-11.09,3.69,2.87,40.092215238863254,40.35312929727827
2023-11-24,-1.0,2.24,-4.02,0.32,6.36,40.092215238863254,40.35312929727827
2023-11-25,0.64,2.87,-0.71,0.48,3.71,40.092215238863254,40.35312929727827
2023-11-26,1.7,4.22,-1.3,2.48,5.29,40.092215238863254,40.35312929727827
2023-11-27,-0.97,3.75,-7.84,19.64,2.85,40.092215238863254,40.35312929727827
2023-11-28,-7.35,-1.99,-10.48,0.35,4.94,40.092215238863254,40.35312929727827
2023-11-29,-3.28,2.94,-9.04,0.0,6.58,40.092215238863254,40.35312929727827
2023-11-30,-1.4,3.25,-5.32,0.06,5.14,40.092215238863254,40.35312929727827
2023-12-01,0.11,5.56,-2.18,0.0,8.2,40.092215238863254,40.35312929727827
2023-12-02,0.8,7.13,-2.82,0.0,9.1,40.092215238863254,40.35312929727827
2023-12-03,1.35,8.01,-1.49,0.0,8.22,40.092215238863254,40.35312929727827
2023-12-04,0.71,7.22,-1.99,0.02,8.32,40.092215238863254,40.35312929727827
2023-12-05,1.6,6.12,-1.53,2.46,4.72,40.092215238863254,40.35312929727827
2023-12-06,-0.04,1.43,-3.4,15.62,3.03,40.092215238863254,40.35312929727827
2023-12-07,-1.37,3.29,-4.43,0.21,5.38,40.092215238863254,40.35312929727827
2023-12-08,1.0,5.04,-1.13,0.47,3.22,40.092215238863254,40.35312929727827
2023-12-09,0.29,3.01,-3.06,3.38,2.43,40.092215238863254,40.35312929727827
2023-12-10,-0.74,3.26,-3.11,1.89,3.55,40.092215238863254,40.35312929727827
2023-12-11,0.24,4.94,-2.5,3.6,3.83,40.092215238863254,40.35312929727827
2023-12-12,0.04,4.44,-2.72,2.7,5.75,40.092215238863254,40.35312929727827
2023-12-13,-1.07,2.1,-3.67,3.49,3.9,40.092215238863254,40.35312929727827
2023-12-14,-2.74,1.63,-5.84,0.13,6.83,40.092215238863254,40.35312929727827
2023-12-15,0.09,6.66,-4.74,0.0,7.69,40.092215238863254,40.35312929727827
2023-12-16,0.81,6.15,-3.09,0.24,6.64,40.092215238863254,40.35312929727827
2023-12-17,-4.7,0.76,-10.84,5.94,3.72,40.092215238863254,40.35312929727827
2023-12-18,-7.09,-0.83,-12.5,0.15,6.12,40.092215238863254,40.35312929727827
2023-12-19,-4.73,1.38,-10.03,0.0,6.29,40.092215238863254,40.35312929727827
2023-12-20,-3.41,2.97,-7.05,0.0,7.95,40.092215238863254,40.35312929727827
2023-12-21,-3.19,1.69,-8.14,0.2,5.28,40.092215238863254,40.35312929727827
2023-12-22,-2.43,1.28,-5.49,1.02,4.05,40.092215238863254,40.35312929727827
2023-12-23,-4.09,0.44,-10.38,7.07,3.12,40.092215238863254,40.35312929727827
2023-12-24,-4.97,-1.89,-8.57,9.52,1.72,40.092215238863254,40.35312929727827
2023-12-25,-4.28,0.18,-9.04,1.75,3.44,40.092215238863254,40.35312929727827
2023-12-26,-2.48,1.83,-5.64,0.05,6.13,40.092215238863254,40.35312929727827
2023-12-27,-2.26,3.08,-5.35,0.14,8.4,40.092215238863254,40.35312929727827
2023-12-28,-3.84,0.71,-7.13,1.49,4.9,40.092215238863254,40.35312929727827
2023-12-29,-4.13,2.52,-9.77,0.0,8.23,40.092215238863254,40.35312929727827
2023-12-30,-1.62,4.64,-5.01,0.0,7.49,40.092215238863254,40.35312929727827
2023-12-31,-1.71,2.86,-5.16,0.0,8.53,40.092215238863254,40.35312929727827
2024-01-01,-2.33,2.87,-5.72,0.0,8.22,40.092215238863254,40.35312929727827
2024-01-02,-2.66,3.06,-6.01,0.1,5.93,40.092215238863254,40.35312929727827
2024-01-03,-1.98,2.25,-4.67,3.54,3.45,40.092215238863254,40.35312929727827
2024-01-04,-2.26,0.36,-4.42,2.29,2.0,40.092215238863254,40.35312929727827
2024-01-05,-2.56,1.48,-7.66,9.15,2.17,40.092215238863254,40.35312929727827
2024-01-06,-6.29,-0.91,-9.07,0.84,7.75,40.092215238863254,40.35312929727827
2024-01-07,-4.21,2.33,-9.11,0.0,5.91,40.092215238863254,40.35312929727827
2024-01-08,-2.18,1.81,-4.73,0.15,5.19,40.092215238863254,40.35312929727827
2024-01-09,-1.96,1.81,-4.07,2.32,4.8,40.092215238863254,40.35312929727827
2024-01-10,-2.63,0.18,-7.51,4.41,4.09,40.092215238863254,40.35312929727827
2024-01-11,-4.38,0.24,-8.82,2.61,6.29,40.092215238863254,40.35312929727827
2024-01-12,-4.96,-1.54,-8.21,5.1,3.61,40.092215238863254,40.35312929727827
2024-01-13,-9.25,-5.88,-12.46,4.99,5.39,40.092215238863254,40.35312929727827
2024-01-14,-12.71,-6.0,-17.74,0.16,9.41,40.092215238863254,40.35312929727827
2024-01-15,-11.77,-2.9,-17.05,0.03,9.21,40.092215238863254,40.35312929727827
2024-01-16,-5.67,0.09,-13.23,1.05,6.48,40.092215238863254,40.35312929727827
2024-01-17,-3.1,-0.01,-5.5,5.16,5.05,40.092215238863254,40.35312929727827
2024-01-18,-4.36,0.84,-9.34,0.01,8.96,40.092215238863254,40.35312929727827
2024-01-19,-3.6,1.69,-9.98,0.0,7.19,40.092215238863254,40.35312929727827
2024-01-20,-1.92,2.63,-5.37,0.28,6.64,40.092215238863254,40.35312929727827
2024-01-21,-0.78,2.43,-3.44,6.76,6.25,40.092215238863254,40.35312929727827
2024-01-22,-4.64,-1.74,-9.71,6.48,5.19,40.092215238863254,40.35312929727827
2024-01-23,-8.03,-1.29,-13.31,1.34,6.61,40.092215238863254,40.35312929727827
2024-01-24,-12.53,-4.45,-19.51,0.68,9.43,40.092215238863254,40.35312929727827
2024-01-25,-10.01,-2.68,-15.6,0.0,10.95,40.092215238863254,40.35312929727827
2024-01-26,-7.12,-3.23,-10.51,5.88,6.56,40.092215238863254,40.35312929727827
2024-01-27,-8.96,-4.81,-12.7,5.83,3.59,40.092215238863254,40.35312929727827
2024-01-28,-10.88,-6.34,-14.91,0.26,10.09,40.092215238863254,40.35312929727827
2024-01-29,-11.08,-6.39,-16.3,0.88,10.45,40.092215238863254,40.35312929727827
2024-01-30,-15.18,-4.51,-22.74,0.39,12.25,40.092215238863254,40.35312929727827
2024-01-31,-15.03,-4.15,-22.1,0.05,13.04,40.092215238863254,40.35312929727827
2024-02-01,-14.15,-3.56,-21.69,0.0,12.55,40.092215238863254,40.35312929727827
2024-02-02,-11.43,-2.12,-18.43,0.0,12.71,40.092215238863254,40.35312929727827
2024-02-03,-9.57,-4.01,-14.27,0.82,9.28,40.092215238863254,40.35312929727827
2024-02-04,-8.5,-2.76,-12.08,0.2,8.4,40.092215238863254,40.35312929727827
2024-02-05,-6.12,-2.23,-10.89,0.85,5.69,40.092215238863254,40.35312929727827
2024-02-06,-3.05,0.68,-7.53,3.87,5.28,40.092215238863254,40.35312929727827
2024-02-07,-3.68,1.76,-7.77,0.11,12.35,40.092215238863254,40.35312929727827
2024-02-08,-2.37,1.72,-5.91,0.07,10.86,40.092215238863254,40.35312929727827
2024-02-09,-1.42,2.53,-3.86,0.53,7.58,40.092215238863254,40.35312929727827
2024-02-10,-1.67,3.3,-4.58,0.77,8.86,40.092215238863254,40.35312929727827
2024-02-11,-1.08,5.29,-4.92,0.0,10.59,40.092215238863254,40.35312929727827
2024-02-12,-0.15,6.2,-3.1,0.0,9.79,40.092215238863254,40.35312929727827
2024-02-13,0.54,5.91,-2.1,0.03,7.69,40.092215238863254,40.35312929727827
2024-02-14,1.51,5.37,-0.74,3.16,7.8,40.092215238863254,40.35312929727827
2024-02-15,0.72,4.7,-1.88,2.26,8.07,40.092215238863254,40.35312929727827
2024-02-16,0.41,4.02,-2.9,0.82,6.89,40.092215238863254,40.35312929727827
2024-02-17,-0.06,3.2,-2.75,5.73,7.8,40.092215238863254,40.35312929727827
2024-02-18,-1.39,2.9,-4.78,1.16,9.3,40.092215238863254,40.35312929727827
2024-02-19,-2.43,2.43,-5.93,0.12,11.53,40.092215238863254,40.35312929727827
2024-02-20,-1.78,2.17,-5.22,0.72,9.33,40.092215238863254,40.35312929727827
2024-02-21,-1.44,2.6,-4.39,0.12,10.05,40.092215238863254,40.35312929727827
2024-02-22,-1.41,2.25,-4.09,2.74,12.5,40.092215238863254,40.35312929727827
2024-02-23,-1.57,1.84,-3.64,1.91,13.62,40.092215238863254,40.35312929727827
2024-02-24,-2.01,4.44,-5.99,0.0,14.03,40.092215238863254,40.35312929727827
2024-02-25,-3.15,3.7,-8.58,0.0,15.01,40.092215238863254,40.35312929727827
2024-02-26,-4.74,2.52,-10.68,0.0,14.91,40.092215238863254,40.35312929727827
2024-02-27,-4.75,3.18,-11.45,0.0,16.66,40.092215238863254,40.35312929727827
2024-02-28,-3.95,4.28,-10.74,0.0,17.1,40.092215238863254,40.35312929727827
2024-02-29,-1.21,6.14,-7.17,0.0,17.56,40.092215238863254,40.35312929727827
2024-03-01,0.86,8.4,-5.07,0.0,15.16,40.092215238863254,40.35312929727827
2024-03-02,0.74,7.57,-3.73,0.0,16.24,40.092215238863254,40.35312929727827
2024-03-03,-0.1,4.39,-3.32,0.0,14.42,40.092215238863254,40.35312929727827
2024-03-04,0.04,3.44,-2.36,0.0,12.38,40.092215238863254,40.35312929727827
2024-03-05,0.22,5.37,-3.04,0.03,15.87,40.092215238863254,40.35312929727827
2024-03-06,0.39,2.58,-2.14,6.31,6.66,40.092215238863254,40.35312929727827
2024-03-07,-1.34,1.23,-4.81,5.66,11.2,40.092215238863254,40.35312929727827
2024-03-08,-2.61,0.71,-5.5,0.25,13.31,40.092215238863254,40.35312929727827
2024-03-09,-2.05,1.47,-4.93,4.53,11.75,40.092215238863254,40.35312929727827
2024-03-10,-3.02,0.8,-6.5,0.8,13.93,40.092215238863254,40.35312929727827
2024-03-11,-2.74,2.46,-7.39,0.0,14.89,40.092215238863254,40.35312929727827
2024-03-12,-0.98,7.05,-6.96,0.0,19.17,40.092215238863254,40.35312929727827
2024-03-13,1.22,8.28,-3.49,0.0,18.78,40.092215238863254,40.35312929727827
2024-03-14,0.82,5.25,-1.43,0.16,7.0,40.092215238863254,40.35312929727827
2024-03-15,0.82,5.43,-2.72,8.24,10.7,40.092215238863254,40.35312929727827
2024-03-16,-0.6,2.74,-3.13,3.18,13.54,40.092215238863254,40.35312929727827
2024-03-17,-0.33,3.75,-4.39,3.08,15.25,40.092215238863254,40.35312929727827
2024-03-18,0.53,4.8,-2.77,5.71,12.72,40.092215238863254,40.35312929727827
2024-03-19,0.12,5.06,-4.52,8.93,5.98,40.092215238863254,40.35312929727827
2024-03-20,-0.15,5.37,-5.34,1.02,9.29,40.092215238863254,40.35312929727827
2024-03-21,0.48,4.37,-2.49,6.24,7.37,40.092215238863254,40.35312929727827
2024-03-22,-0.44,4.14,-4.84,11.04,11.44,40.092215238863254,40.35312929727827
2024-03-23,-3.72,-0.35,-8.18,6.18,8.96,40.092215238863254,40.35312929727827
2024-03-24,-4.31,0.3,-8.6,0.33,11.61,40.092215238863254,40.35312929727827
2024-03-25,-1.92,4.21,-7.42,0.15,18.48,40.092215238863254,40.35312929727827
2024-03-26,-1.5,1.73,-7.13,4.71,8.53,40.092215238863254,40.35312929727827
2024-03-27,-1.94,4.38,-7.43,0.08,17.36,40.092215238863254,40.35312929727827
2024-03-28,3.38,9.6,-1.87,0.02,18.14,40.092215238863254,40.35312929727827
2024-03-29,4.79,11.21,-0.66,0.11,18.9,40.092215238863254,40.35312929727827
2024-03-30,4.94,12.28,0.47,0.0,18.85,40.092215238863254,40.35312929727827
2024-03-31,7.22,15.44,0.05,0.0,21.42,40.092215238863254,40.35312929727827
2024-04-01,7.98,15.13,2.86,0.0,19.53,40.092215238863254,40.35312929727827
2024-04-02,8.02,15.55,0.59,0.0,20.34,40.092215238863254,40.35312929727827
2024-04-03,9.59,17.49,2.01,0.0,22.61,40.092215238863254,40.35312929727827
2024-04-04,7.01,14.84,-0.4,0.01,19.38,40.092215238863254,40.35312929727827
2024-04-05,7.02,14.65,0.52,2.39,16.07,40.092215238863254,40.35312929727827
2024-04-06,4.11,11.23,-2.39,1.39,17.21,40.092215238863254,40.35312929727827
2024-04-07,4.02,9.58,-0.47,4.16,11.74,40.092215238863254,40.35312929727827
2024-04-08,4.32,8.58,1.39,2.7,12.94,40.092215238863254,40.35312929727827
2024-04-09,6.1,12.76,0.18,0.82,18.32,40.092215238863254,40.35312929727827
2024-04-10,5.55,9.82,0.4,1.07,12.57,40.092215238863254,40.35312929727827
2024-04-11,5.46,10.7,0.77,0.4,9.97,40.092215238863254,40.35312929727827
2024-04-12,7.75,15.06,-0.7,0.0,17.13,40.092215238863254,40.35312929727827
2024-04-13,8.12,15.92,0.55,0.08,16.83,40.092215238863254,40.35312929727827
2024-04-14,5.46,10.45,0.9,0.96,14.06,40.092215238863254,40.35312929727827
2024-04-15,5.88,14.1,-2.25,0.0,23.66,40.092215238863254,40.35312929727827
2024-04-16,9.48,17.57,2.39,0.0,25.57,40.092215238863254,40.35312929727827
2024-04-17,10.7,19.18,3.62,0.0,25.34,40.092215238863254,40.35312929727827
2024-04-18,10.88,18.46,4.42,0.83,21.02,40.092215238863254,40.35312929727827
2024-04-19,11.22,18.78,4.06,0.3,17.98,40.092215238863254,40.35312929727827
2024-04-20,10.33,18.29,2.63,0.0,17.94,40.092215238863254,40.35312929727827
2024-04-21,9.66,15.17,4.41,0.0,17.08,40.092215238863254,40.35312929727827
2024-04-22,9.58,16.88,3.1,0.0,24.53,40.092215238863254,40.35312929727827
2024-04-23,10.04,17.47,2.37,0.0,24.05,40.092215238863254,40.35312929727827
2024-04-24,12.89,19.53,5.7,0.0,19.89,40.092215238863254,40.35312929727827
2024-04-25,14.47,20.6,7.82,0.07,22.11,40.092215238863254,40.35312929727827
2024-04-26,14.13,18.19,9.09,1.32,19.32,40.092215238863254,40.35312929727827
2024-04-27,14.11,19.48,7.09,0.51,16.51,40.092215238863254,40.35312929727827
2024-04-28,15.03,22.17,6.89,0.52,20.77,40.092215238863254,40.35312929727827
2024-04-29,15.79,22.47,6.79,0.01,22.03,40.092215238863254,40.35312929727827
2024-04-30,13.95,20.35,6.79,0.47,18.72,40.092215238863254,40.35312929727827
2024-05-01,12.34,17.01,6.32,2.85,14.99,40.092215238863254,40.35312929727827
2024-05-02,10.67,13.74,8.33,6.64,9.29,40.092215238863254,40.35312929727827
2024-05-03,9.3,14.28,5.59,1.64,12.99,40.092215238863254,40.35312929727827
2024-05-04,7.97,13.62,3.96,5.09,15.11,40.092215238863254,40.35312929727827
2024-05-05,5.55,9.0,3.31,8.0,7.84,40.092215238863254,40.35312929727827
2024-05-06,4.98,8.7,2.32,7.86,8.99,40.092215238863254,40.35312929727827
2024-05-07,4.46,9.14,0.01,0.11,13.38,40.092215238863254,40.35312929727827
2024-05-08,5.44,13.38,-1.01,0.13,24.78,40.092215238863254,40.35312929727827
2024-05-09,8.67,16.43,0.76,0.0,26.81,40.092215238863254,40.35312929727827
2024-05-10,9.81,14.06,4.8,0.07,18.21,40.092215238863254,40.35312929727827
2024-05-11,7.77,12.16,3.64,6.75,6.95,40.092215238863254,40.35312929727827
2024-05-12,7.69,13.97,1.29,9.38,10.08,40.092215238863254,40.35312929727827
2024-05-13,4.18,8.71,-0.05,7.65,8.04,40.092215238863254,40.35312929727827
2024-05-14,4.13,9.23,-0.29,3.02,13.2,40.092215238863254,40.35312929727827
2024-05-15,6.59,12.5,-0.12,0.37,19.56,40.092215238863254,40.35312929727827
2024-05-16,5.62,10.81,0.59,6.55,14.97,40.092215238863254,40.35312929727827
2024-05-17,5.26,12.52,-0.8,0.48,25.16,40.092215238863254,40.35312929727827
2024-05-18,7.09,14.42,-0.68,0.0,30.57,40.092215238863254,40.35312929727827
2024-05-19,8.8,14.38,3.94,0.53,19.55,40.092215238863254,40.35312929727827
2024-05-20,9.05,16.38,1.93,0.0,26.69,40.092215238863254,40.35312929727827
2024-05-21,10.36,17.8,2.71,0.02,26.2,40.092215238863254,40.35312929727827
2024-05-22,12.1,19.18,5.12,0.02,28.44,40.092215238863254,40.35312929727827
2024-05-23,11.86,17.24,6.73,1.82,21.21,40.092215238863254,40.35312929727827
2024-05-24,10.6,16.73,6.02,0.65,12.68,40.092215238863254,40.35312929727827
2024-05-25,9.61,13.59,4.51,3.25,10.57,40.092215238863254,40.35312929727827
2024-05-26,9.62,13.35,6.67,6.02,13.28,40.092215238863254,40.35312929727827
2024-05-27,10.62,15.48,4.84,3.62,20.74,40.092215238863254,40.35312929727827
2024-05-28,12.93,19.64,6.42,2.41,23.59,40.092215238863254,40.35312929727827
2024-05-29,13.56,20.03,5.46,0.7,23.37,40.092215238863254,40.35312929727827
2024-05-30,14.24,20.3,6.82,0.83,19.52,40.092215238863254,40.35312929727827
2024-05-31,15.64,22.09,8.12,0.05,23.49,40.092215238863254,40.35312929727827
2024-06-01,11.25,15.96,5.44,0.97,19.78,40.092215238863254,40.35312929727827
2024-06-02,12.46,21.04,3.57,0.0,31.57,40.092215238863254,40.35312929727827
2024-06-03,14.56,23.1,5.67,0.0,31.68,40.092215238863254,40.35312929727827
2024-06-04,16.59,24.09,7.07,0.0,31.14,40.092215238863254,40.35312929727827
2024-06-05,17.18,24.23,9.42,0.0,28.48,40.092215238863254,40.35312929727827
2024-06-06,17.75,24.76,9.93,0.0,30.43,40.092215238863254,40.35312929727827
2024-06-07,16.48,23.2,10.46,0.22,27.31,40.092215238863254,40.35312929727827
2024-06-08,14.82,20.71,9.49,3.96,17.07,40.092215238863254,40.35312929727827
2024-06-09,14.1,20.31,7.89,2.33,13.3,40.092215238863254,40.35312929727827
2024-06-10,11.65,15.6,7.11,0.54,19.43,40.092215238863254,40.35312929727827
2024-06-11,14.37,22.04,6.54,0.0,29.32,40.092215238863254,40.35312929727827
2024-06-12,15.7,23.15,7.61,0.0,31.54,40.092215238863254,40.35312929727827
2024-06-13,16.95,23.15,11.33,0.0,30.15,40.092215238863254,40.35312929727827
2024-06-14,16.65,23.66,9.08,0.0,31.01,40.092215238863254,40.35312929727827
2024-06-15,17.86,23.92,10.25,0.42,22.33,40.092215238863254,40.35312929727827
2024-06-16,18.45,24.48,10.73,2.1,21.82,40.092215238863254,40.35312929727827
2024-06-17,19.93,26.33,12.64,0.01,23.52,40.092215238863254,40.35312929727827
2024-06-18,19.55,27.3,11.78,0.09,22.3,40.092215238863254,40.35312929727827
2024-06-19,20.08,27.13,11.58,0.07,23.34,40.092215238863254,40.35312929727827
2024-06-20,20.64,28.37,13.25,0.53,21.34,40.092215238863254,40.35312929727827
2024-06-21,16.73,24.74,9.36,0.08,26.36,40.092215238863254,40.35312929727827
2024-06-22,16.13,25.05,7.2,0.11,24.72,40.092215238863254,40.35312929727827
2024-06-23,17.8,27.14,7.39,0.0,30.14,40.092215238863254,40.35312929727827
2024-06-24,19.26,28.25,10.24,0.0,30.44,40.092215238863254,40.35312929727827
2024-06-25,18.54,27.57,9.75,0.28,27.49,40.092215238863254,40.35312929727827
2024-06-26,13.62,20.89,6.1,4.55,12.46,40.092215238863254,40.35312929727827
2024-06-27,13.07,21.78,4.81,0.0,30.3,40.092215238863254,40.35312929727827
2024-06-28,14.34,23.62,4.99,0.04,29.81,40.092215238863254,40.35312929727827
2024-06-29,15.1,24.32,5.03,0.21,23.59,40.092215238863254,40.35312929727827
2024-06-30,16.19,23.11,9.76,11.85,18.67,40.092215238863254,40.35312929727827
2024-07-01,14.51,20.69,8.99,3.7,12.43,40.092215238863254,40.35312929727827
2024-07-02,14.09,20.01,8.26,8.11,18.72,40.092215238863254,40.35312929727827
2024-07-03,16.42,22.5,9.69,0.01,28.03,40.092215238863254,40.35312929727827
2024-07-04,19.18,26.76,10.79,0.01,26.86,40.092215238863254,40.35312929727827
2024-07-05,20.49,27.66,12.86,0.0,26.84,40.092215238863254,40.35312929727827
2024-07-06,19.82,28.18,11.99,3.38,14.2,40.092215238863254,40.35312929727827
2024-07-07,17.83,24.05,12.64,24.29,19.7,40.092215238863254,40.35312929727827
2024-07-08,16.83,21.66,11.91,5.99,18.38,40.092215238863254,40.35312929727827
2024-07-09,17.19,22.2,11.68,4.03,20.97,40.092215238863254,40.35312929727827
2024-07-10,17.71,23.78,11.74,13.06,19.7,40.092215238863254,40.35312929727827
2024-07-11,20.04,26.45,11.58,0.06,26.79,40.092215238863254,40.35312929727827
2024-07-12,20.89,27.67,14.3,0.14,20.25,40.092215238863254,40.35312929727827
2024-07-13,19.71,26.62,12.59,1.59,19.49,40.092215238863254,40.35312929727827
2024-07-14,19.49,24.71,14.21,6.61,14.94,40.092215238863254,40.35312929727827
2024-07-15,18.76,24.51,13.21,3.8,15.8,40.092215238863254,40.35312929727827
2024-07-16,19.62,25.26,14.07,0.39,19.47,40.092215238863254,40.35312929727827
2024-07-17,20.73,27.39,14.02,4.31,22.17,40.092215238863254,40.35312929727827
2024-07-18,18.61,24.42,13.6,16.33,17.08,40.092215238863254,40.35312929727827
2024-07-19,16.55,20.61,11.94,4.33,16.24,40.092215238863254,40.35312929727827
2024-07-20,15.99,21.95,10.93,4.62,19.96,40.092215238863254,40.35312929727827
2024-07-21,16.84,24.35,8.82,0.1,24.93,40.092215238863254,40.35312929727827
2024-07-22,18.57,26.37,10.63,0.0,28.41,40.092215238863254,40.35312929727827
2024-07-23,18.59,26.7,10.9,0.08,28.51,40.092215238863254,40.35312929727827
2024-07-24,17.02,24.87,9.74,0.51,22.07,40.092215238863254,40.35312929727827
2024-07-25,17.23,25.26,9.1,0.0,22.63,40.092215238863254,40.35312929727827
2024-07-26,19.09,26.9,10.63,1.66,19.11,40.092215238863254,40.35312929727827
2024-07-27,17.3,23.15,12.09,0.98,16.42,40.092215238863254,40.35312929727827
2024-07-28,14.93,21.45,8.65,3.17,16.63,40.092215238863254,40.35312929727827
2024-07-29,15.75,24.63,6.25,0.0,26.9,40.092215238863254,40.35312929727827
2024-07-30,17.89,26.64,9.04,0.1,22.83,40.092215238863254,40.35312929727827
2024-07-31,16.91,24.53,10.24,1.66,17.96,40.092215238863254,40.35312929727827
