date,T2M,T2M_MAX,T2M_MIN,PRECTOTCORR,ALLSKY_SFC_SW_DWN,lat,lon
2004-10-01,18.77,24.63,13.75,0.0,20.01,38.39725785402992,42.61447621981
2004-10-02,17.1,22.82,12.94,0.02,18.91,38.39725785402992,42.61447621981
2004-10-03,14.42,19.87,10.26,0.18,17.77,38.39725785402992,42.61447621981
2004-10-04,14.04,18.85,9.93,0.15,12.09,38.39725785402992,42.61447621981
2004-10-05,13.57,20.24,7.2,0.03,18.3,38.39725785402992,42.61447621981
2004-10-06,14.69,21.14,8.85,0.06,15.38,38.39725785402992,42.61447621981
2004-10-07,15.84,22.49,9.18,0.0,16.25,38.39725785402992,42.61447621981
2004-10-08,16.53,21.57,12.85,0.71,14.86,38.39725785402992,42.61447621981
2004-10-09,15.64,21.71,9.17,0.08,16.12,38.39725785402992,42.61447621981
2004-10-10,11.79,17.94,7.57,0.0,18.61,38.39725785402992,42.61447621981
2004-10-11,12.82,19.16,9.07,0.0,18.55,38.39725785402992,42.61447621981
2004-10-12,12.92,19.06,9.54,0.12,15.31,38.39725785402992,42.61447621981
2004-10-13,12.21,15.73,9.51,1.92,8.62,38.39725785402992,42.61447621981
2004-10-14,11.67,17.3,6.09,0.61,15.23,38.39725785402992,42.61447621981
2004-10-15,12.69,18.14,9.45,0.08,14.83,38.39725785402992,42.61447621981
2004-10-16,13.09,17.33,9.81,0.18,14.64,38.39725785402992,42.61447621981
2004-10-17,13.35,17.16,10.24,0.01,14.71,38.39725785402992,42.61447621981
2004-10-18,13.9,18.81,9.99,0.0,16.31,38.39725785402992,42.61447621981
2004-10-19,14.21,19.26,10.44,0.0,16.23,38.39725785402992,42.61447621981
2004-10-20,14.28,19.59,9.58,0.0,15.32,38.39725785402992,42.61447621981
2004-10-21,8.65,12.84,3.29,17.93,4.83,38.39725785402992,42.61447621981
2004-10-22,5.65,11.36,-0.11,1.47,11.86,38.39725785402992,42.61447621981
2004-10-23,7.73,13.73,1.82,0.0,15.64,38.39725785402992,42.61447621981
2004-10-24,9.26,15.65,4.66,0.0,15.82,38.39725785402992,42.61447621981
2004-10-25,10.31,14.95,6.88,0.0,14.3,38.39725785402992,42.61447621981
2004-10-26,11.07,16.01,7.1,0.0,15.8,38.39725785402992,42.61447621981
2004-10-27,12.29,17.26,7.97,0.0,14.7,38.39725785402992,42.61447621981
2004-10-28,12.4,15.81,10.07,0.02,10.74,38.39725785402992,42.61447621981
2004-10-29,12.51,17.67,8.72,0.83,12.54,38.39725785402992,42.61447621981
2004-10-30,9.42,10.93,7.15,5.32,3.66,38.39725785402992,42.61447621981
2004-10-31,9.25,12.25,7.17,3.89,8.24,38.39725785402992,42.61447621981
2004-11-01,9.63,14.16,6.34,0.01,11.07,38.39725785402992,42.61447621981
2004-11-02,9.41,13.91,5.79,0.0,11.58,38.39725785402992,42.61447621981
2004-11-03,8.31,12.69,5.47,0.48,11.3,38.39725785402992,42.61447621981
2004-11-04,6.33,10.22,2.75,21.16,2.94,38.39725785402992,42.61447621981
2004-11-05,5.04,10.24,0.78,0.01,11.82,38.39725785402992,42.61447621981
2004-11-06,5.57,10.33,2.47,0.21,10.7,38.39725785402992,42.61447621981
2004-11-07,6.44,10.14,3.19,2.34,7.7,38.39725785402992,42.61447621981
2004-11-08,7.89,11.48,5.5,0.63,7.59,38.39725785402992,42.61447621981
2004-11-09,7.67,11.86,5.38,2.8,4.62,38.39725785402992,42.61447621981
2004-11-10,7.27,10.98,5.12,0.69,9.27,38.39725785402992,42.61447621981
2004-11-11,7.76,11.22,5.26,0.97,8.06,38.39725785402992,42.61447621981
2004-11-12,7.77,11.93,4.53,1.92,10.82,38.39725785402992,42.61447621981
2004-11-13,7.18,11.88,3.02,0.0,10.36,38.39725785402992,42.61447621981
2004-11-14,7.63,11.8,4.34,0.0,11.29,38.39725785402992,42.61447621981
2004-11-15,6.7,11.42,3.94,0.01,11.33,38.39725785402992,42.61447621981
2004-11-16,4.98,9.25,2.75,13.29,2.69,38.39725785402992,42.61447621981
2004-11-17,4.57,8.32,2.12,34.42,3.34,38.39725785402992,42.61447621981
2004-11-18,1.23,3.46,-2.45,14.51,5.46,38.39725785402992,42.61447621981
2004-11-19,2.14,6.56,-2.29,0.0,9.12,38.39725785402992,42.61447621981
2004-11-20,0.53,4.39,-1.47,0.04,7.43,38.39725785402992,42.61447621981
2004-11-21,0.62,4.04,-2.03,2.9,4.26,38.39725785402992,42.61447621981
2004-11-22,-0.49,2.37,-3.99,35.73,2.38,38.39725785402992,42.61447621981
2004-11-23,-7.07,-4.05,-11.66,6.59,3.28,38.39725785402992,42.61447621981
2004-11-24,-10.27,-5.43,-13.19,0.2,4.08,38.39725785402992,42.61447621981
2004-11-25,-8.17,-3.32,-13.13,1.08,4.96,38.39725785402992,42.61447621981
2004-11-26,-5.42,-2.4,-7.94,17.77,1.64,38.39725785402992,42.61447621981
2004-11-27,-9.06,-4.74,-16.87,8.06,2.59,38.39725785402992,42.61447621981
2004-11-28,-12.66,-3.86,-18.89,0.02,5.8,38.39725785402992,42.61447621981
2004-11-29,-9.0,-1.97,-14.03,0.0,6.25,38.39725785402992,42.61447621981
2004-11-30,-10.34,-2.68,-17.5,0.0,5.83,38.39725785402992,42.61447621981
2004-12-01,-8.06,-0.76,-13.56,0.86,5.0,38.39725785402992,42.61447621981
2004-12-02,-11.47,-5.18,-16.14,0.13,9.85,38.39725785402992,42.61447621981
2004-12-03,-6.65,0.11,-13.51,0.0,9.73,38.39725785402992,42.61447621981
2004-12-04,-5.6,0.54,-12.32,0.0,10.13,38.39725785402992,42.61447621981
2004-12-05,-3.45,0.26,-7.38,2.4,4.71,38.39725785402992,42.61447621981
2004-12-06,-7.31,-2.9,-11.17,0.75,8.36,38.39725785402992,42.61447621981
2004-12-07,-6.82,-0.82,-12.05,0.02,7.53,38.39725785402992,42.61447621981
2004-12-08,-8.47,-3.02,-13.09,0.22,6.91,38.39725785402992,42.61447621981
2004-12-09,-9.72,-2.8,-15.61,0.0,9.12,38.39725785402992,42.61447621981
2004-12-10,-12.04,-5.21,-17.89,0.0,9.46,38.39725785402992,42.61447621981
2004-12-11,-9.99,-4.6,-15.72,6.62,6.58,38.39725785402992,42.61447621981
2004-12-12,-14.33,-9.19,-19.17,0.88,8.99,38.39725785402992,42.61447621981
2004-12-13,-13.28,-5.33,-19.7,0.0,8.34,38.39725785402992,42.61447621981
2004-12-14,-10.18,-4.15,-14.99,5.13,6.58,38.39725785402992,42.61447621981
2004-12-15,-12.37,-8.13,-18.79,13.61,5.5,38.39725785402992,42.61447621981
2004-12-16,-16.1,-8.75,-20.53,0.25,6.24,38.39725785402992,42.61447621981
2004-12-17,-19.24,-12.16,-25.92,0.0,8.94,38.39725785402992,42.61447621981
2004-12-18,-13.07,-6.04,-18.26,0.0,8.86,38.39725785402992,42.61447621981
2004-12-19,-9.5,-4.1,-13.75,0.11,6.21,38.39725785402992,42.61447621981
2004-12-20,-10.04,-3.54,-14.51,0.06,4.77,38.39725785402992,42.61447621981
2004-12-21,-6.33,-0.63,-10.55,0.02,6.01,38.39725785402992,42.61447621981
2004-12-22,-6.8,-1.28,-11.89,0.0,9.4,38.39725785402992,42.61447621981
2004-12-23,-6.21,-0.11,-11.16,1.22,6.83,38.39725785402992,42.61447621981
2004-12-24,-3.88,-0.07,-8.26,2.53,3.53,38.39725785402992,42.61447621981
2004-12-25,-5.7,-2.26,-8.8,0.23,7.77,38.39725785402992,42.61447621981
2004-12-26,-7.82,-1.38,-12.83,0.0,9.16,38.39725785402992,42.61447621981
2004-12-27,-8.49,-2.17,-13.45,0.0,9.69,38.39725785402992,42.61447621981
2004-12-28,-6.25,0.4,-12.95,0.0,9.1,38.39725785402992,42.61447621981
2004-12-29,-1.95,1.64,-5.3,0.0,9.9,38.39725785402992,42.61447621981
2004-12-30,-1.59,1.46,-5.41,0.0,8.84,38.39725785402992,42.61447621981
2004-12-31,-0.78,2.18,-3.16,0.0,10.18,38.39725785402992,42.61447621981
2005-01-01,-1.23,1.99,-4.8,0.0,9.81,38.39725785402992,42.61447621981
2005-01-02,-0.32,1.0,-1.85,10.1,7.05,38.39725785402992,42.61447621981
2005-01-03,-4.63,-1.13,-9.81,6.5,5.78,38.39725785402992,42.61447621981
2005-01-04,-8.07,-1.88,-12.13,0.88,5.9,38.39725785402992,42.61447621981
2005-01-05,-4.79,-0.16,-10.23,22.42,2.31,38.39725785402992,42.61447621981
2005-01-06,-9.48,-4.22,-16.74,7.29,5.12,38.39725785402992,42.61447621981
2005-01-07,-11.24,-3.24,-18.32,0.21,5.47,38.39725785402992,42.61447621981
2005-01-08,-10.4,-4.6,-14.65,1.51,8.26,38.39725785402992,42.61447621981
2005-01-09,-11.79,-4.6,-15.79,0.0,8.75,38.39725785402992,42.61447621981
2005-01-10,-13.53,-6.51,-19.71,0.0,9.71,38.39725785402992,42.61447621981
2005-01-11,-12.35,-5.27,-16.65,0.0,10.68,38.39725785402992,42.61447621981
2005-01-12,-9.88,-3.2,-14.89,0.0,11.1,38.39725785402992,42.61447621981
2005-01-13,-9.64,-2.79,-13.57,0.0,9.95,38.39725785402992,42.61447621981
2005-01-14,-8.49,-1.53,-12.4,0.0,9.74,38.39725785402992,42.61447621981
2005-01-15,-10.33,-4.11,-15.93,0.02,9.04,38.39725785402992,42.61447621981
2005-01-16,-6.67,-0.75,-11.62,0.0,10.21,38.39725785402992,42.61447621981
2005-01-17,-6.88,-1.74,-11.79,0.0,10.44,38.39725785402992,42.61447621981
2005-01-18,-6.06,-0.97,-10.83,1.63,8.76,38.39725785402992,42.61447621981
2005-01-19,-6.66,-2.5,-10.21,3.34,8.33,38.39725785402992,42.61447621981
2005-01-20,-7.33,-3.01,-10.82,2.86,7.68,38.39725785402992,42.61447621981
2005-01-21,-7.61,-1.88,-11.99,0.76,9.6,38.39725785402992,42.61447621981
2005-01-22,-8.44,-3.9,-12.47,1.92,6.39,38.39725785402992,42.61447621981
2005-01-23,-6.69,-0.64,-12.35,1.86,10.91,38.39725785402992,42.61447621981
2005-01-24,-5.71,-2.15,-12.12,4.78,6.38,38.39725785402992,42.61447621981
2005-01-25,-10.63,-2.96,-17.04,0.0,10.89,38.39725785402992,42.61447621981
2005-01-26,-6.88,-1.07,-12.48,0.0,10.2,38.39725785402992,42.61447621981
2005-01-27,-5.83,-0.46,-12.31,0.0,11.25,38.39725785402992,42.61447621981
2005-01-28,-4.29,-0.22,-9.23,0.0,10.41,38.39725785402992,42.61447621981
2005-01-29,-1.85,1.01,-4.74,0.0,6.96,38.39725785402992,42.61447621981
2005-01-30,-2.07,0.76,-5.36,10.04,5.01,38.39725785402992,42.61447621981
2005-01-31,-1.72,1.14,-5.36,5.24,8.25,38.39725785402992,42.61447621981
2005-02-01,-2.15,-0.12,-6.48,13.05,3.35,38.39725785402992,42.61447621981
2005-02-02,-5.85,-1.78,-9.33,2.28,9.97,38.39725785402992,42.61447621981
2005-02-03,-5.21,-2.41,-8.38,0.32,7.96,38.39725785402992,42.61447621981
2005-02-04,-5.02,-1.75,-9.06,0.59,8.01,38.39725785402992,42.61447621981
2005-02-05,-5.33,-2.39,-8.11,3.85,4.59,38.39725785402992,42.61447621981
2005-02-06,-7.41,-3.39,-10.77,3.6,4.45,38.39725785402992,42.61447621981
2005-02-07,-8.92,-4.44,-15.25,2.59,11.46,38.39725785402992,42.61447621981
2005-02-08,-10.88,-5.46,-15.17,3.47,9.39,38.39725785402992,42.61447621981
2005-02-09,-11.71,-6.45,-15.78,1.74,9.51,38.39725785402992,42.61447621981
2005-02-10,-13.59,-7.58,-21.94,0.01,12.47,38.39725785402992,42.61447621981
2005-02-11,-12.82,-7.6,-17.2,0.05,13.3,38.39725785402992,42.61447621981
2005-02-12,-13.84,-8.61,-19.53,0.0,12.39,38.39725785402992,42.61447621981
2005-02-13,-14.36,-7.39,-21.64,0.0,13.47,38.39725785402992,42.61447621981
2005-02-14,-11.2,-3.92,-19.23,0.0,14.04,38.39725785402992,42.61447621981
2005-02-15,-6.54,-0.28,-14.69,0.0,15.3,38.39725785402992,42.61447621981
2005-02-16,-2.42,1.52,-8.92,0.0,15.17,38.39725785402992,42.61447621981
2005-02-17,0.01,2.59,-3.26,0.0,13.7,38.39725785402992,42.61447621981
2005-02-18,0.32,2.54,-2.3,0.0,15.12,38.39725785402992,42.61447621981
2005-02-19,0.98,2.68,-0.42,2.94,6.89,38.39725785402992,42.61447621981
2005-02-20,0.51,1.18,-1.18,15.19,10.23,38.39725785402992,42.61447621981
2005-02-21,-2.2,-0.36,-6.44,13.79,12.09,38.39725785402992,42.61447621981
2005-02-22,-4.25,-0.01,-7.71,0.0,16.35,38.39725785402992,42.61447621981
2005-02-23,-3.95,-0.09,-7.68,0.0,15.79,38.39725785402992,42.61447621981
2005-02-24,-1.84,0.52,-4.34,0.0,16.89,38.39725785402992,42.61447621981
2005-02-25,-2.18,0.36,-4.9,0.0,16.33,38.39725785402992,42.61447621981
2005-02-26,-1.19,1.26,-3.78,0.01,14.26,38.39725785402992,42.61447621981
2005-02-27,-1.16,0.97,-4.92,2.3,8.66,38.39725785402992,42.61447621981
2005-02-28,1.08,1.86,0.34,1.72,9.69,38.39725785402992,42.61447621981
2005-03-01,1.05,1.58,0.54,4.75,8.25,38.39725785402992,42.61447621981
2005-03-02,1.59,2.53,-0.17,0.72,11.08,38.39725785402992,42.61447621981
2005-03-03,2.25,4.84,-0.81,1.3,6.2,38.39725785402992,42.61447621981
2005-03-04,0.77,2.41,-2.74,19.64,4.13,38.39725785402992,42.61447621981
2005-03-05,-1.68,2.04,-5.91,2.59,16.47,38.39725785402992,42.61447621981
2005-03-06,0.1,2.9,-1.99,2.51,8.08,38.39725785402992,42.61447621981
2005-03-07,0.95,3.4,-1.07,1.9,15.51,38.39725785402992,42.61447621981
2005-03-08,1.08,3.76,-0.77,10.5,4.27,38.39725785402992,42.61447621981
2005-03-09,1.83,3.3,-0.18,7.09,12.19,38.39725785402992,42.61447621981
2005-03-10,0.13,1.81,-0.91,7.45,5.53,38.39725785402992,42.61447621981
2005-03-11,-1.62,0.06,-4.03,2.21,13.42,38.39725785402992,42.61447621981
2005-03-12,-2.14,1.05,-4.88,8.64,11.94,38.39725785402992,42.61447621981
2005-03-13,-1.86,1.87,-5.42,0.03,17.84,38.39725785402992,42.61447621981
2005-03-14,-1.27,2.41,-4.6,0.0,16.76,38.39725785402992,42.61447621981
2005-03-15,-0.07,3.91,-4.01,0.0,19.68,38.39725785402992,42.61447621981
2005-03-16,1.47,5.75,-2.24,0.0,20.16,38.39725785402992,42.61447621981
2005-03-17,0.48,4.9,-2.98,0.0,20.73,38.39725785402992,42.61447621981
2005-03-18,2.04,6.83,-1.74,0.0,19.97,38.39725785402992,42.61447621981
2005-03-19,1.78,4.6,-0.42,0.01,17.02,38.39725785402992,42.61447621981
2005-03-20,2.42,5.47,-0.27,3.03,11.85,38.39725785402992,42.61447621981
2005-03-21,1.02,3.93,-1.51,7.7,11.64,38.39725785402992,42.61447621981
2005-03-22,0.96,3.3,-1.92,7.54,5.63,38.39725785402992,42.61447621981
2005-03-23,-0.57,1.6,-6.71,7.51,6.74,38.39725785402992,42.61447621981
2005-03-24,-6.28,-3.24,-8.78,2.4,16.66,38.39725785402992,42.61447621981
2005-03-25,-6.1,-3.6,-8.4,0.21,18.21,38.39725785402992,42.61447621981
2005-03-26,-3.52,1.65,-8.84,0.0,20.52,38.39725785402992,42.61447621981
2005-03-27,0.25,4.31,-3.67,0.01,16.21,38.39725785402992,42.61447621981
2005-03-28,2.69,7.2,-0.84,0.03,13.09,38.39725785402992,42.61447621981
2005-03-29,4.37,7.73,0.75,0.11,11.49,38.39725785402992,42.61447621981
2005-03-30,6.3,10.82,2.71,0.68,18.58,38.39725785402992,42.61447621981
2005-03-31,6.77,10.48,2.64,1.2,14.51,38.39725785402992,42.61447621981
2005-04-01,7.48,11.2,4.43,1.75,11.59,38.39725785402992,42.61447621981
2005-04-02,4.62,7.64,1.59,1.3,12.04,38.39725785402992,42.61447621981
2005-04-03,2.39,5.5,-0.84,2.84,8.52,38.39725785402992,42.61447621981
2005-04-04,-0.3,1.68,-1.98,4.65,11.98,38.39725785402992,42.61447621981
2005-04-05,0.98,4.53,-2.75,0.03,15.53,38.39725785402992,42.61447621981
2005-04-06,2.84,7.52,-1.68,0.0,19.25,38.39725785402992,42.61447621981
2005-04-07,4.22,8.18,-0.81,0.0,21.9,38.39725785402992,42.61447621981
2005-04-08,6.98,11.62,3.2,0.0,21.75,38.39725785402992,42.61447621981
2005-04-09,8.42,13.21,4.55,0.19,12.11,38.39725785402992,42.61447621981
2005-04-10,7.82,11.93,3.08,0.38,20.15,38.39725785402992,42.61447621981
2005-04-11,8.64,13.73,2.79,0.0,22.74,38.39725785402992,42.61447621981
2005-04-12,9.97,14.86,4.32,0.0,22.12,38.39725785402992,42.61447621981
2005-04-13,12.02,17.08,7.41,0.0,21.95,38.39725785402992,42.61447621981
2005-04-14,10.39,15.92,7.27,1.05,15.21,38.39725785402992,42.61447621981
2005-04-15,9.38,12.46,4.93,14.76,10.76,38.39725785402992,42.61447621981
2005-04-16,4.45,7.79,1.04,3.09,19.97,38.39725785402992,42.61447621981
2005-04-17,5.14,8.79,1.4,0.08,18.14,38.39725785402992,42.61447621981
2005-04-18,7.54,12.67,2.7,0.01,21.63,38.39725785402992,42.61447621981
2005-04-19,9.68,14.23,5.22,0.08,18.43,38.39725785402992,42.61447621981
2005-04-20,9.15,13.94,3.86,0.0,25.2,38.39725785402992,42.61447621981
2005-04-21,10.14,14.89,5.55,0.0,25.11,38.39725785402992,42.61447621981
2005-04-22,12.11,16.1,8.23,0.02,15.98,38.39725785402992,42.61447621981
2005-04-23,13.77,18.53,9.31,0.77,15.31,38.39725785402992,42.61447621981
2005-04-24,13.61,19.2,9.91,4.23,22.44,38.39725785402992,42.61447621981
2005-04-25,11.84,14.86,9.18,8.81,7.75,38.39725785402992,42.61447621981
2005-04-26,9.32,11.56,7.17,9.17,6.57,38.39725785402992,42.61447621981
2005-04-27,8.09,11.75,5.13,8.71,18.66,38.39725785402992,42.61447621981
2005-04-28,8.38,11.74,4.94,3.29,15.11,38.39725785402992,42.61447621981
2005-04-29,8.61,11.86,4.22,1.14,22.33,38.39725785402992,42.61447621981
2005-04-30,10.0,14.29,5.18,0.0,25.0,38.39725785402992,42.61447621981
2005-05-01,9.83,14.31,5.61,0.01,19.91,38.39725785402992,42.61447621981
2005-05-02,8.24,12.47,4.61,0.79,11.35,38.39725785402992,42.61447621981
2005-05-03,4.36,5.91,2.29,12.1,6.8,38.39725785402992,42.61447621981
2005-05-04,3.87,7.51,1.11,2.57,16.61,38.39725785402992,42.61447621981
2005-05-05,5.87,9.16,2.19,0.11,19.34,38.39725785402992,42.61447621981
2005-05-06,8.92,13.14,5.08,0.01,27.88,38.39725785402992,42.61447621981
2005-05-07,11.72,15.6,7.35,0.12,24.2,38.39725785402992,42.61447621981
2005-05-08,12.54,16.08,8.61,1.29,23.17,38.39725785402992,42.61447621981
2005-05-09,11.11,14.23,8.05,3.68,24.67,38.39725785402992,42.61447621981
2005-05-10,12.92,17.64,7.5,0.0,29.94,38.39725785402992,42.61447621981
2005-05-11,14.37,18.17,9.97,0.0,29.54,38.39725785402992,42.61447621981
2005-05-12,15.58,19.45,12.24,0.0,26.36,38.39725785402992,42.61447621981
2005-05-13,15.82,19.26,11.72,0.1,26.06,38.39725785402992,42.61447621981
2005-05-14,13.67,17.39,9.96,0.99,18.99,38.39725785402992,42.61447621981
2005-05-15,12.67,16.47,8.66,0.51,18.77,38.39725785402992,42.61447621981
2005-05-16,11.36,14.36,8.27,0.13,18.51,38.39725785402992,42.61447621981
2005-05-17,12.38,16.12,9.38,0.41,20.21,38.39725785402992,42.61447621981
2005-05-18,13.17,17.21,8.45,0.06,27.77,38.39725785402992,42.61447621981
2005-05-19,12.28,15.99,8.99,1.61,11.13,38.39725785402992,42.61447621981
2005-05-20,12.54,16.83,7.36,0.15,28.06,38.39725785402992,42.61447621981
2005-05-21,13.91,17.68,9.32,0.1,29.34,38.39725785402992,42.61447621981
2005-05-22,16.21,19.66,12.1,0.31,26.84,38.39725785402992,42.61447621981
2005-05-23,17.09,20.62,13.6,3.34,25.72,38.39725785402992,42.61447621981
2005-05-24,16.04,19.36,12.15,3.48,14.38,38.39725785402992,42.61447621981
2005-05-25,14.02,18.36,10.25,0.11,27.31,38.39725785402992,42.61447621981
2005-05-26,14.32,19.11,10.14,0.22,25.24,38.39725785402992,42.61447621981
2005-05-27,15.22,19.5,10.42,1.38,25.81,38.39725785402992,42.61447621981
2005-05-28,17.13,21.44,12.78,0.11,27.94,38.39725785402992,42.61447621981
2005-05-29,15.58,20.18,11.04,0.0,28.17,38.39725785402992,42.61447621981
2005-05-30,15.46,19.05,12.24,0.28,20.3,38.39725785402992,42.61447621981
2005-05-31,14.5,17.86,11.54,0.26,22.95,38.39725785402992,42.61447621981
2005-06-01,12.67,15.73,10.87,7.4,19.72,38.39725785402992,42.61447621981
2005-06-02,13.23,16.34,9.36,0.67,22.19,38.39725785402992,42.61447621981
2005-06-03,14.27,17.68,10.91,0.49,24.35,38.39725785402992,42.61447621981
2005-06-04,14.04,17.87,10.64,5.48,18.53,38.39725785402992,42.61447621981
2005-06-05,15.04,20.58,11.18,9.31,17.28,38.39725785402992,42.61447621981
2005-06-06,13.57,16.74,10.83,0.16,23.48,38.39725785402992,42.61447621981
2005-06-07,14.97,19.55,10.54,0.02,32.28,38.39725785402992,42.61447621981
2005-06-08,17.02,22.22,10.89,0.0,32.4,38.39725785402992,42.61447621981
2005-06-09,18.53,23.71,11.63,0.0,31.96,38.39725785402992,42.61447621981
2005-06-10,19.59,24.05,13.77,0.0,31.16,38.39725785402992,42.61447621981
2005-06-11,20.62,25.58,15.92,0.0,31.09,38.39725785402992,42.61447621981
2005-06-12,20.05,24.57,16.02,0.0,31.76,38.39725785402992,42.61447621981
2005-06-13,18.8,23.78,14.36,0.09,31.26,38.39725785402992,42.61447621981
2005-06-14,17.35,21.99,12.72,0.07,32.02,38.39725785402992,42.61447621981
2005-06-15,19.54,24.35,14.53,0.27,20.96,38.39725785402992,42.61447621981
2005-06-16,18.98,24.64,13.14,0.0,30.42,38.39725785402992,42.61447621981
2005-06-17,18.64,24.16,12.3,0.0,32.02,38.39725785402992,42.61447621981
2005-06-18,18.52,24.49,10.84,0.0,31.91,38.39725785402992,42.61447621981
2005-06-19,20.45,25.55,15.87,0.0,31.71,38.39725785402992,42.61447621981
2005-06-20,18.4,23.78,13.56,0.07,28.48,38.39725785402992,42.61447621981
2005-06-21,16.47,22.49,9.93,0.02,30.71,38.39725785402992,42.61447621981
2005-06-22,15.96,21.04,11.2,0.03,24.36,38.39725785402992,42.61447621981
2005-06-23,14.21,20.71,6.89,0.0,32.87,38.39725785402992,42.61447621981
2005-06-24,19.46,26.11,11.72,0.0,32.9,38.39725785402992,42.61447621981
2005-06-25,20.6,26.64,13.59,0.04,32.69,38.39725785402992,42.61447621981
2005-06-26,19.29,25.04,12.91,0.45,28.92,38.39725785402992,42.61447621981
2005-06-27,16.61,21.27,12.08,1.07,25.25,38.39725785402992,42.61447621981
2005-06-28,19.5,24.71,12.5,0.05,30.0,38.39725785402992,42.61447621981
2005-06-29,22.14,26.66,17.7,0.1,28.35,38.39725785402992,42.61447621981
2005-06-30,22.2,26.86,18.36,0.09,28.57,38.39725785402992,42.61447621981
2005-07-01,21.09,26.16,15.8,0.0,28.72,38.39725785402992,42.61447621981
2005-07-02,21.68,26.91,15.1,0.05,30.0,38.39725785402992,42.61447621981
2005-07-03,24.29,29.14,20.35,0.21,28.72,38.39725785402992,42.61447621981
2005-07-04,24.17,29.29,17.85,0.0,29.54,38.39725785402992,42.61447621981
2005-07-05,20.67,26.24,15.91,0.03,31.56,38.39725785402992,42.61447621981
2005-07-06,19.81,24.84,15.53,0.03,28.94,38.39725785402992,42.61447621981
2005-07-07,22.17,27.74,14.92,0.0,28.14,38.39725785402992,42.61447621981
2005-07-08,25.44,30.16,21.21,0.0,29.78,38.39725785402992,42.61447621981
2005-07-09,25.5,31.02,18.67,0.0,30.8,38.39725785402992,42.61447621981
2005-07-10,25.83,31.6,18.78,0.0,30.33,38.39725785402992,42.61447621981
2005-07-11,25.79,31.44,20.34,0.0,27.73,38.39725785402992,42.61447621981
2005-07-12,25.43,32.14,19.1,0.0,30.34,38.39725785402992,42.61447621981
2005-07-13,24.59,31.22,17.83,0.0,30.63,38.39725785402992,42.61447621981
2005-07-14,24.75,32.6,18.01,0.0,31.33,38.39725785402992,42.61447621981
2005-07-15,23.44,29.9,17.81,0.0,30.94,38.39725785402992,42.61447621981
2005-07-16,22.38,28.56,16.01,0.0,30.27,38.39725785402992,42.61447621981
2005-07-17,23.88,30.06,17.94,0.0,28.39,38.39725785402992,42.61447621981
2005-07-18,24.0,29.95,19.03,0.0,30.65,38.39725785402992,42.61447621981
2005-07-19,23.58,29.86,17.42,0.0,30.93,38.39725785402992,42.61447621981
2005-07-20,23.67,29.61,16.33,0.0,29.72,38.39725785402992,42.61447621981
2005-07-21,25.36,30.6,20.0,0.02,28.35,38.39725785402992,42.61447621981
2005-07-22,25.75,30.75,20.48,0.01,29.0,38.39725785402992,42.61447621981
2005-07-23,26.56,31.83,22.47,0.08,28.85,38.39725785402992,42.61447621981
2005-07-24,25.68,32.17,18.71,0.15,28.98,38.39725785402992,42.61447621981
2005-07-25,26.5,31.91,21.76,0.02,28.29,38.39725785402992,42.61447621981
2005-07-26,26.35,31.6,22.28,0.09,27.23,38.39725785402992,42.61447621981
2005-07-27,26.13,33.15,18.86,0.02,28.69,38.39725785402992,42.61447621981
2005-07-28,26.98,34.04,20.27,0.51,25.77,38.39725785402992,42.61447621981
2005-07-29,26.71,33.22,20.03,0.36,27.67,38.39725785402992,42.61447621981
2005-07-30,26.64,33.22,19.92,0.03,28.43,38.39725785402992,42.61447621981
2005-07-31,26.56,32.2,20.94,0.0,29.02,38.39725785402992,42.61447621981
2005-08-01,24.94,31.61,20.03,0.02,28.8,38.39725785402992,42.61447621981
2005-08-02,24.35,29.92,20.2,0.0,28.34,38.39725785402992,42.61447621981
2005-08-03,23.12,28.56,17.91,0.58,23.79,38.39725785402992,42.61447621981
2005-08-04,23.56,28.64,19.74,0.18,25.28,38.39725785402992,42.61447621981
2005-08-05,24.16,29.42,19.24,0.0,26.04,38.39725785402992,42.61447621981
2005-08-06,25.17,30.05,19.67,0.0,27.45,38.39725785402992,42.61447621981
2005-08-07,26.21,31.76,21.46,0.0,26.88,38.39725785402992,42.61447621981
2005-08-08,26.26,31.91,21.39,0.06,27.24,38.39725785402992,42.61447621981
2005-08-09,25.95,32.29,19.54,0.0,27.39,38.39725785402992,42.61447621981
2005-08-10,25.14,29.72,20.31,1.34,21.77,38.39725785402992,42.61447621981
2005-08-11,23.14,29.25,18.71,4.41,18.0,38.39725785402992,42.61447621981
2005-08-12,22.52,28.25,17.05,0.0,24.63,38.39725785402992,42.61447621981
2005-08-13,24.34,30.73,17.86,0.02,25.37,38.39725785402992,42.61447621981
2005-08-14,25.13,30.64,20.1,0.07,25.78,38.39725785402992,42.61447621981
2005-08-15,26.11,31.2,22.13,0.0,27.57,38.39725785402992,42.61447621981
2005-08-16,25.89,31.94,19.88,0.0,27.66,38.39725785402992,42.61447621981
2005-08-17,26.2,32.63,20.04,0.0,27.05,38.39725785402992,42.61447621981
2005-08-18,26.29,32.34,21.5,0.0,27.37,38.39725785402992,42.61447621981
2005-08-19,25.85,32.86,20.24,0.0,27.79,38.39725785402992,42.61447621981
2005-08-20,24.79,32.52,16.93,0.0,27.42,38.39725785402992,42.61447621981
2005-08-21,23.8,29.45,19.52,0.15,26.39,38.39725785402992,42.61447621981
2005-08-22,22.44,28.83,14.65,0.03,25.68,38.39725785402992,42.61447621981
2005-08-23,23.93,30.65,17.41,0.0,26.72,38.39725785402992,42.61447621981
2005-08-24,24.75,31.26,19.96,0.0,26.86,38.39725785402992,42.61447621981
2005-08-25,23.89,30.11,19.14,0.0,26.33,38.39725785402992,42.61447621981
2005-08-26,23.51,30.27,18.28,0.05,25.92,38.39725785402992,42.61447621981
2005-08-27,22.97,29.85,17.7,0.0,25.84,38.39725785402992,42.61447621981
2005-08-28,21.89,27.28,17.2,0.0,25.54,38.39725785402992,42.61447621981
2005-08-29,20.89,27.0,15.15,0.03,20.93,38.39725785402992,42.61447621981
2005-08-30,19.41,24.67,14.49,0.33,22.8,38.39725785402992,42.61447621981
2005-08-31,18.84,23.25,14.35,0.94,22.41,38.39725785402992,42.61447621981
2005-09-01,21.13,25.98,17.02,0.13,15.78,38.39725785402992,42.61447621981
2005-09-02,20.1,25.81,15.49,0.13,23.92,38.39725785402992,42.61447621981
2005-09-03,18.9,23.9,14.98,0.79,18.2,38.39725785402992,42.61447621981
2005-09-04,17.12,21.22,12.75,0.18,19.68,38.39725785402992,42.61447621981
2005-09-05,15.49,21.49,10.44,0.01,20.94,38.39725785402992,42.61447621981
2005-09-06,14.85,21.46,8.33,0.0,24.61,38.39725785402992,42.61447621981
2005-09-07,18.35,25.16,10.6,0.0,24.74,38.39725785402992,42.61447621981
2005-09-08,19.57,25.73,13.5,0.0,23.79,38.39725785402992,42.61447621981
2005-09-09,19.25,25.83,12.87,0.0,22.68,38.39725785402992,42.61447621981
2005-09-10,20.17,26.18,15.45,0.0,21.45,38.39725785402992,42.61447621981
2005-09-11,18.27,24.06,13.93,0.0,23.98,38.39725785402992,42.61447621981
2005-09-12,17.48,24.32,11.41,0.0,23.77,38.39725785402992,42.61447621981
2005-09-13,18.0,24.98,11.3,0.0,23.08,38.39725785402992,42.61447621981
2005-09-14,18.36,24.67,11.63,0.0,22.32,38.39725785402992,42.61447621981
2005-09-15,19.17,25.23,14.58,0.0,22.69,38.39725785402992,42.61447621981
2005-09-16,19.11,25.5,14.19,0.0,23.08,38.39725785402992,42.61447621981
2005-09-17,20.34,26.44,15.58,0.0,22.84,38.39725785402992,42.61447621981
2005-09-18,20.45,26.23,14.91,0.0,21.13,38.39725785402992,42.61447621981
2005-09-19,20.07,26.65,14.15,0.0,20.83,38.39725785402992,42.61447621981
2005-09-20,19.67,25.41,15.09,0.06,20.69,38.39725785402992,42.61447621981
2005-09-21,19.11,24.91,14.58,0.02,20.54,38.39725785402992,42.61447621981
2005-09-22,18.57,24.31,14.39,0.03,18.31,38.39725785402992,42.61447621981
2005-09-23,17.44,23.37,12.71,0.0,21.12,38.39725785402992,42.61447621981
2005-09-24,15.79,22.36,10.7,0.0,21.09,38.39725785402992,42.61447621981
2005-09-25,14.72,20.84,10.32,0.0,20.43,38.39725785402992,42.61447621981
2005-09-26,14.69,20.7,10.56,0.03,19.42,38.39725785402992,42.61447621981
2005-09-27,15.77,20.62,10.7,0.0,17.51,38.39725785402992,42.61447621981
2005-09-28,15.57,19.7,12.27,0.47,12.62,38.39725785402992,42.61447621981
2005-09-29,13.58,16.53,11.24,2.81,10.25,38.39725785402992,42.61447621981
2005-09-30,12.24,15.55,9.84,1.37,11.9,38.39725785402992,42.61447621981
2005-10-01,13.59,18.45,9.9,0.0,17.13,38.39725785402992,42.61447621981
2005-10-02,14.68,20.25,10.42,0.0,18.24,38.39725785402992,42.61447621981
2005-10-03,14.51,19.86,10.64,4.39,17.62,38.39725785402992,42.61447621981
2005-10-04,12.48,16.75,8.98,3.47,16.51,38.39725785402992,42.61447621981
2005-10-05,12.21,17.03,8.09,0.97,15.24,38.39725785402992,42.61447621981
2005-10-06,12.25,17.64,8.34,0.09,17.51,38.39725785402992,42.61447621981
2005-10-07,11.77,17.56,7.29,0.0,19.23,38.39725785402992,42.61447621981
2005-10-08,8.56,15.01,3.54,0.0,19.59,38.39725785402992,42.61447621981
2005-10-09,10.08,16.75,5.24,0.0,18.96,38.39725785402992,42.61447621981
2005-10-10,12.62,18.7,7.63,0.0,17.3,38.39725785402992,42.61447621981
2005-10-11,14.94,21.55,10.06,0.0,16.47,38.39725785402992,42.61447621981
2005-10-12,16.1,21.9,11.83,0.0,12.09,38.39725785402992,42.61447621981
2005-10-13,16.43,21.85,12.16,0.0,16.94,38.39725785402992,42.61447621981
2005-10-14,17.06,22.27,13.36,1.31,12.86,38.39725785402992,42.61447621981
2005-10-15,14.54,19.84,9.38,0.01,15.93,38.39725785402992,42.61447621981
2005-10-16,12.57,18.03,7.6,1.62,13.08,38.39725785402992,42.61447621981
2005-10-17,9.58,12.92,4.52,2.67,8.17,38.39725785402992,42.61447621981
2005-10-18,8.29,14.75,3.25,0.1,15.38,38.39725785402992,42.61447621981
2005-10-19,8.09,12.74,4.28,10.75,10.51,38.39725785402992,42.61447621981
2005-10-20,2.63,5.53,-0.01,6.57,8.96,38.39725785402992,42.61447621981
2005-10-21,3.06,7.07,-0.5,1.81,13.0,38.39725785402992,42.61447621981
2005-10-22,4.12,7.27,1.03,0.53,13.3,38.39725785402992,42.61447621981
2005-10-23,5.79,10.98,2.59,0.0,15.55,38.39725785402992,42.61447621981
2005-10-24,7.24,13.32,1.41,0.0,14.73,38.39725785402992,42.61447621981
2005-10-25,7.26,13.58,2.59,0.0,15.61,38.39725785402992,42.61447621981
2005-10-26,8.11,14.63,1.56,0.0,14.98,38.39725785402992,42.61447621981
2005-10-27,8.61,15.11,4.52,0.0,15.7,38.39725785402992,42.61447621981
2005-10-28,6.69,11.88,1.93,1.19,12.99,38.39725785402992,42.61447621981
2005-10-29,6.99,12.22,2.38,2.08,10.86,38.39725785402992,42.61447621981
2005-10-30,8.54,14.74,3.57,0.92,9.62,38.39725785402992,42.61447621981
2005-10-31,8.76,14.25,4.8,0.41,10.51,38.39725785402992,42.61447621981
2005-11-01,5.81,11.31,2.01,0.06,14.52,38.39725785402992,42.61447621981
2005-11-02,4.88,10.81,1.75,0.0,14.11,38.39725785402992,42.61447621981
2005-11-03,5.0,10.53,1.16,0.0,12.91,38.39725785402992,42.61447621981
2005-11-04,6.49,11.89,2.79,0.01,14.04,38.39725785402992,42.61447621981
2005-11-05,4.18,7.95,1.63,9.93,5.88,38.39725785402992,42.61447621981
2005-11-06,4.38,9.95,0.15,0.7,11.0,38.39725785402992,42.61447621981
2005-11-07,5.6,9.32,3.19,0.0,10.16,38.39725785402992,42.61447621981
2005-11-08,3.71,6.5,0.54,0.15,8.83,38.39725785402992,42.61447621981
2005-11-09,2.31,6.57,-1.04,0.0,10.76,38.39725785402992,42.61447621981
2005-11-10,3.16,7.96,-0.68,0.0,13.27,38.39725785402992,42.61447621981
2005-11-11,2.81,8.04,-0.83,0.0,12.45,38.39725785402992,42.61447621981
2005-11-12,2.12,6.11,-1.47,0.08,10.35,38.39725785402992,42.61447621981
2005-11-13,2.41,5.05,-0.4,0.09,8.46,38.39725785402992,42.61447621981
2005-11-14,2.53,7.14,-0.31,0.0,11.95,38.39725785402992,42.61447621981
2005-11-15,4.13,9.28,0.15,0.0,11.69,38.39725785402992,42.61447621981
2005-11-16,3.35,8.2,0.55,0.0,7.48,38.39725785402992,42.61447621981
2005-11-17,2.35,7.4,-0.96,0.0,10.94,38.39725785402992,42.61447621981
2005-11-18,1.17,6.3,-1.58,0.0,10.97,38.39725785402992,42.61447621981
2005-11-19,1.43,5.05,-0.46,0.12,5.63,38.39725785402992,42.61447621981
2005-11-20,1.13,4.48,-0.66,2.55,2.22,38.39725785402992,42.61447621981
2005-11-21,1.72,5.22,-0.79,11.02,2.61,38.39725785402992,42.61447621981
2005-11-22,-0.82,1.33,-4.45,15.48,4.89,38.39725785402992,42.61447621981
2005-11-23,-3.06,0.98,-7.63,0.02,8.37,38.39725785402992,42.61447621981
2005-11-24,0.17,4.99,-3.22,0.0,10.01,38.39725785402992,42.61447621981
2005-11-25,2.99,7.93,-0.49,0.0,9.37,38.39725785402992,42.61447621981
2005-11-26,5.8,10.48,2.5,0.0,7.45,38.39725785402992,42.61447621981
2005-11-27,7.57,11.69,5.12,0.0,8.6,38.39725785402992,42.61447621981
2005-11-28,7.44,12.6,3.42,0.0,9.37,38.39725785402992,42.61447621981
2005-11-29,6.21,10.88,3.79,0.37,5.89,38.39725785402992,42.61447621981
2005-11-30,5.27,9.51,1.82,0.23,8.07,38.39725785402992,42.61447621981
2005-12-01,4.98,9.79,0.9,0.46,10.24,38.39725785402992,42.61447621981
2005-12-02,6.61,11.57,3.61,0.0,9.24,38.39725785402992,42.61447621981
2005-12-03,6.11,12.97,3.6,2.22,5.29,38.39725785402992,42.61447621981
2005-12-04,5.94,11.12,3.06,0.59,10.11,38.39725785402992,42.61447621981
2005-12-05,4.79,10.36,2.07,0.0,10.17,38.39725785402992,42.61447621981
2005-12-06,5.29,9.98,2.14,0.0,10.38,38.39725785402992,42.61447621981
2005-12-07,5.51,10.29,2.8,0.0,10.46,38.39725785402992,42.61447621981
2005-12-08,5.97,10.7,3.65,0.0,10.43,38.39725785402992,42.61447621981
2005-12-09,6.59,10.62,4.36,0.0,9.82,38.39725785402992,42.61447621981
2005-12-10,6.14,11.16,3.51,0.0,9.79,38.39725785402992,42.61447621981
2005-12-11,6.24,11.0,3.16,0.0,9.59,38.39725785402992,42.61447621981
2005-12-12,3.92,9.26,-0.56,0.0,9.74,38.39725785402992,42.61447621981
2005-12-13,2.68,7.96,-1.59,0.0,10.16,38.39725785402992,42.61447621981
2005-12-14,3.18,7.69,0.8,0.0,9.93,38.39725785402992,42.61447621981
2005-12-15,2.56,7.61,-0.48,10.17,6.73,38.39725785402992,42.61447621981
2005-12-16,1.29,3.04,-0.23,16.36,2.38,38.39725785402992,42.61447621981
2005-12-17,-0.48,1.94,-2.02,1.86,3.25,38.39725785402992,42.61447621981
2005-12-18,0.01,3.62,-1.78,1.65,4.64,38.39725785402992,42.61447621981
2005-12-19,-0.28,3.26,-2.78,0.88,5.62,38.39725785402992,42.61447621981
2005-12-20,0.02,3.71,-2.33,2.76,5.3,38.39725785402992,42.61447621981
2005-12-21,0.1,3.1,-1.8,1.83,5.55,38.39725785402992,42.61447621981
2005-12-22,-1.14,1.5,-3.06,1.16,5.79,38.39725785402992,42.61447621981
2005-12-23,-1.74,1.08,-4.93,12.66,3.6,38.39725785402992,42.61447621981
2005-12-24,-3.94,-0.82,-6.56,6.87,4.92,38.39725785402992,42.61447621981
2005-12-25,-4.83,-2.71,-8.65,17.51,1.34,38.39725785402992,42.61447621981
2005-12-26,-9.38,-5.16,-14.66,7.8,4.01,38.39725785402992,42.61447621981
2005-12-27,-13.55,-6.89,-18.27,0.0,3.9,38.39725785402992,42.61447621981
2005-12-28,-15.58,-7.23,-22.13,0.0,6.05,38.39725785402992,42.61447621981
2005-12-29,-12.83,-4.47,-19.29,0.0,5.86,38.39725785402992,42.61447621981
2005-12-30,-13.0,-5.21,-18.69,0.0,8.6,38.39725785402992,42.61447621981
2005-12-31,-9.83,-3.04,-18.5,0.0,6.14,38.39725785402992,42.61447621981
2006-01-01,-4.16,0.17,-9.44,0.0,9.66,38.39725785402992,42.61447621981
2006-01-02,-4.56,-1.75,-7.43,0.85,4.38,38.39725785402992,42.61447621981
2006-01-03,-5.3,-0.12,-10.41,0.0,9.32,38.39725785402992,42.61447621981
2006-01-04,-5.06,-0.58,-10.29,0.0,8.38,38.39725785402992,42.61447621981
2006-01-05,-3.53,0.92,-8.44,0.87,6.65,38.39725785402992,42.61447621981
2006-01-06,-2.24,0.2,-6.75,2.12,3.64,38.39725785402992,42.61447621981
2006-01-07,-1.52,-0.13,-2.93,17.54,2.05,38.39725785402992,42.61447621981
2006-01-08,-2.7,-0.47,-4.96,10.02,4.32,38.39725785402992,42.61447621981
2006-01-09,-6.41,-2.23,-10.81,1.6,3.98,38.39725785402992,42.61447621981
2006-01-10,-8.01,-2.26,-12.79,4.51,3.14,38.39725785402992,42.61447621981
2006-01-11,-8.78,-3.24,-13.31,2.43,6.97,38.39725785402992,42.61447621981
2006-01-12,-9.79,-4.62,-14.52,1.85,3.18,38.39725785402992,42.61447621981
2006-01-13,-8.1,-4.02,-10.95,1.96,4.66,38.39725785402992,42.61447621981
2006-01-14,-10.36,-4.17,-14.05,0.08,5.63,38.39725785402992,42.61447621981
2006-01-15,-13.18,-6.27,-18.38,0.0,9.37,38.39725785402992,42.61447621981
2006-01-16,-15.85,-8.88,-21.89,0.0,10.69,38.39725785402992,42.61447621981
2006-01-17,-12.63,-5.58,-16.8,0.0,11.37,38.39725785402992,42.61447621981
2006-01-18,-12.56,-5.6,-17.61,0.02,10.53,38.39725785402992,42.61447621981
2006-01-19,-10.67,-4.49,-14.75,0.43,8.24,38.39725785402992,42.61447621981
2006-01-20,-7.02,-4.18,-10.28,8.8,2.3,38.39725785402992,42.61447621981
2006-01-21,-13.17,-7.27,-19.09,1.78,9.53,38.39725785402992,42.61447621981
2006-01-22,-11.89,-3.96,-18.49,0.01,9.08,38.39725785402992,42.61447621981
2006-01-23,-8.19,-2.44,-13.18,10.42,3.8,38.39725785402992,42.61447621981
2006-01-24,-6.32,-0.71,-10.22,1.0,5.21,38.39725785402992,42.61447621981
2006-01-25,-3.73,0.39,-8.35,20.61,6.8,38.39725785402992,42.61447621981
2006-01-26,-3.73,-0.39,-6.63,14.91,8.06,38.39725785402992,42.61447621981
2006-01-27,-5.1,-2.25,-9.23,6.87,3.62,38.39725785402992,42.61447621981
2006-01-28,-11.61,-5.61,-16.94,0.37,8.63,38.39725785402992,42.61447621981
2006-01-29,-14.23,-7.22,-19.24,0.06,11.06,38.39725785402992,42.61447621981
2006-01-30,-13.22,-6.11,-17.58,0.23,11.73,38.39725785402992,42.61447621981
2006-01-31,-14.3,-7.12,-19.33,0.78,9.43,38.39725785402992,42.61447621981
2006-02-01,-10.5,-5.21,-17.46,1.21,6.66,38.39725785402992,42.61447621981
2006-02-02,-5.93,-1.5,-12.08,14.83,3.88,38.39725785402992,42.61447621981
2006-02-03,-1.77,0.24,-4.09,11.23,3.72,38.39725785402992,42.61447621981
2006-02-04,-3.27,-0.44,-6.37,7.6,7.46,38.39725785402992,42.61447621981
2006-02-05,-5.04,-0.8,-9.88,0.36,11.68,38.39725785402992,42.61447621981
2006-02-06,-4.66,-0.09,-8.9,0.99,8.88,38.39725785402992,42.61447621981
2006-02-07,-2.94,0.22,-7.11,2.93,5.72,38.39725785402992,42.61447621981
2006-02-08,-1.06,0.58,-3.7,0.95,10.74,38.39725785402992,42.61447621981
2006-02-09,-3.53,-1.63,-6.0,21.96,8.96,38.39725785402992,42.61447621981
2006-02-10,-4.51,-1.5,-7.27,0.46,4.97,38.39725785402992,42.61447621981
2006-02-11,-4.63,-0.44,-7.83,0.1,13.17,38.39725785402992,42.61447621981
2006-02-12,-4.21,-0.69,-6.96,0.33,10.8,38.39725785402992,42.61447621981
2006-02-13,-3.04,0.38,-6.64,6.58,5.0,38.39725785402992,42.61447621981
2006-02-14,-3.16,-0.07,-6.41,9.94,4.95,38.39725785402992,42.61447621981
2006-02-15,-4.35,-0.14,-7.94,11.96,7.86,38.39725785402992,42.61447621981
2006-02-16,-8.21,-6.55,-11.1,4.73,11.7,38.39725785402992,42.61447621981
2006-02-17,-13.37,-7.46,-18.01,1.97,13.09,38.39725785402992,42.61447621981
2006-02-18,-10.07,-3.73,-17.14,0.17,13.96,38.39725785402992,42.61447621981
2006-02-19,-6.38,-1.51,-11.58,0.1,14.42,38.39725785402992,42.61447621981
2006-02-20,-4.5,-0.06,-9.17,0.0,15.29,38.39725785402992,42.61447621981
2006-02-21,-3.34,0.22,-6.42,0.0,15.15,38.39725785402992,42.61447621981
2006-02-22,-4.95,0.33,-10.92,0.0,16.51,38.39725785402992,42.61447621981
2006-02-23,-2.88,0.76,-6.6,0.0,17.41,38.39725785402992,42.61447621981
2006-02-24,-2.9,1.45,-7.27,0.0,16.14,38.39725785402992,42.61447621981
2006-02-25,-2.51,1.47,-6.25,0.0,15.07,38.39725785402992,42.61447621981
2006-02-26,-1.4,1.35,-5.13,0.0,12.3,38.39725785402992,42.61447621981
2006-02-27,1.2,2.01,-2.72,0.05,13.27,38.39725785402992,42.61447621981
2006-02-28,1.18,1.68,0.44,0.27,13.77,38.39725785402992,42.61447621981
2006-03-01,1.01,2.22,-0.59,5.93,9.37,38.39725785402992,42.61447621981
2006-03-02,-0.19,0.6,-1.67,0.37,15.79,38.39725785402992,42.61447621981
2006-03-03,-0.2,1.41,-3.53,2.73,13.47,38.39725785402992,42.61447621981
2006-03-04,-1.01,0.86,-5.3,7.53,17.13,38.39725785402992,42.61447621981
2006-03-05,-0.82,1.59,-5.11,0.0,17.88,38.39725785402992,42.61447621981
2006-03-06,0.78,2.92,-1.67,0.0,18.64,38.39725785402992,42.61447621981
2006-03-07,1.45,4.94,-1.87,0.0,18.73,38.39725785402992,42.61447621981
2006-03-08,2.12,4.87,-2.22,2.86,10.8,38.39725785402992,42.61447621981
2006-03-09,2.09,3.59,-0.72,5.01,6.68,38.39725785402992,42.61447621981
2006-03-10,-1.42,-0.36,-2.9,4.26,6.13,38.39725785402992,42.61447621981
2006-03-11,-0.94,2.18,-3.62,0.32,16.31,38.39725785402992,42.61447621981
2006-03-12,2.06,5.52,-1.65,0.0,16.17,38.39725785402992,42.61447621981
2006-03-13,2.75,6.77,-0.61,0.0,18.85,38.39725785402992,42.61447621981
2006-03-14,4.45,9.39,0.3,0.0,19.22,38.39725785402992,42.61447621981
2006-03-15,2.02,4.43,-0.6,2.46,9.81,38.39725785402992,42.61447621981
2006-03-16,1.33,4.22,-1.0,0.58,15.21,38.39725785402992,42.61447621981
2006-03-17,1.17,3.13,-1.12,4.32,17.95,38.39725785402992,42.61447621981
2006-03-18,0.44,2.47,-1.19,3.51,14.76,38.39725785402992,42.61447621981
2006-03-19,0.32,2.4,-1.41,17.4,6.03,38.39725785402992,42.61447621981
2006-03-20,-2.23,0.78,-4.64,2.73,17.6,38.39725785402992,42.61447621981
2006-03-21,-0.32,4.0,-4.76,0.83,16.27,38.39725785402992,42.61447621981
2006-03-22,2.33,5.2,0.38,4.73,17.73,38.39725785402992,42.61447621981
2006-03-23,5.0,9.22,0.77,0.0,20.05,38.39725785402992,42.61447621981
2006-03-24,7.72,13.26,3.92,0.0,19.2,38.39725785402992,42.61447621981
2006-03-25,6.48,11.79,1.2,1.19,15.51,38.39725785402992,42.61447621981
2006-03-26,2.83,5.44,0.64,1.04,14.0,38.39725785402992,42.61447621981
2006-03-27,3.22,6.77,0.42,3.88,17.67,38.39725785402992,42.61447621981
2006-03-28,4.82,6.9,2.34,0.0,18.98,38.39725785402992,42.61447621981
2006-03-29,5.2,8.25,2.3,0.01,22.79,38.39725785402992,42.61447621981
2006-03-30,5.68,9.24,2.65,0.04,21.8,38.39725785402992,42.61447621981
2006-03-31,5.78,9.46,2.69,0.04,21.13,38.39725785402992,42.61447621981
2006-04-01,6.98,10.7,3.06,0.13,20.12,38.39725785402992,42.61447621981
2006-04-02,6.56,8.4,3.81,3.14,12.46,38.39725785402992,42.61447621981
2006-04-03,4.04,5.86,1.94,5.18,16.87,38.39725785402992,42.61447621981
2006-04-04,2.93,5.89,0.41,4.09,10.67,38.39725785402992,42.61447621981
2006-04-05,3.83,7.8,0.93,20.26,9.7,38.39725785402992,42.61447621981
2006-04-06,3.28,5.7,0.43,6.46,12.03,38.39725785402992,42.61447621981
2006-04-07,6.0,10.68,0.77,0.0,18.96,38.39725785402992,42.61447621981
2006-04-08,8.88,13.92,5.32,0.0,19.9,38.39725785402992,42.61447621981
2006-04-09,9.53,13.63,5.18,0.35,20.82,38.39725785402992,42.61447621981
2006-04-10,11.62,16.27,7.36,0.07,20.93,38.39725785402992,42.61447621981
2006-04-11,11.21,16.49,7.26,0.05,16.82,38.39725785402992,42.61447621981
2006-04-12,9.03,11.06,7.18,0.09,18.1,38.39725785402992,42.61447621981
2006-04-13,10.18,14.39,6.87,1.3,19.55,38.39725785402992,42.61447621981
2006-04-14,10.85,14.81,6.41,0.08,17.75,38.39725785402992,42.61447621981
2006-04-15,13.06,18.03,8.93,0.82,20.04,38.39725785402992,42.61447621981
2006-04-16,11.27,15.4,7.8,2.22,9.2,38.39725785402992,42.61447621981
2006-04-17,11.9,16.8,8.22,7.19,18.61,38.39725785402992,42.61447621981
2006-04-18,9.55,12.87,6.01,3.79,13.51,38.39725785402992,42.61447621981
2006-04-19,8.91,12.72,4.94,1.65,19.44,38.39725785402992,42.61447621981
2006-04-20,10.49,14.34,7.24,0.88,17.69,38.39725785402992,42.61447621981
2006-04-21,10.94,15.01,7.51,2.48,18.39,38.39725785402992,42.61447621981
2006-04-22,11.16,14.93,7.53,0.33,24.41,38.39725785402992,42.61447621981
2006-04-23,7.71,11.21,4.68,3.75,7.82,38.39725785402992,42.61447621981
2006-04-24,10.14,16.42,6.89,4.08,12.73,38.39725785402992,42.61447621981
2006-04-25,7.64,10.26,4.47,8.32,15.88,38.39725785402992,42.61447621981
2006-04-26,6.03,9.33,3.71,3.45,9.08,38.39725785402992,42.61447621981
2006-04-27,4.8,8.85,0.93,2.5,18.95,38.39725785402992,42.61447621981
2006-04-28,4.72,8.36,0.22,0.01,19.35,38.39725785402992,42.61447621981
2006-04-29,6.32,10.17,3.44,0.71,13.31,38.39725785402992,42.61447621981
2006-04-30,8.98,13.47,3.4,2.98,17.32,38.39725785402992,42.61447621981
2006-05-01,10.33,14.39,5.98,0.12,26.08,38.39725785402992,42.61447621981
2006-05-02,9.89,14.37,5.88,0.74,22.67,38.39725785402992,42.61447621981
2006-05-03,9.94,13.97,5.87,15.43,10.38,38.39725785402992,42.61447621981
2006-05-04,10.89,14.47,7.57,0.26,26.38,38.39725785402992,42.61447621981
2006-05-05,10.46,14.43,7.96,2.07,13.7,38.39725785402992,42.61447621981
2006-05-06,11.06,14.48,6.91,6.11,20.57,38.39725785402992,42.61447621981
2006-05-07,10.53,15.12,7.25,3.2,14.22,38.39725785402992,42.61447621981
2006-05-08,11.86,16.33,7.31,1.75,17.95,38.39725785402992,42.61447621981
2006-05-09,11.06,14.54,6.93,0.91,15.84,38.39725785402992,42.61447621981
2006-05-10,10.68,15.14,7.18,0.04,28.91,38.39725785402992,42.61447621981
2006-05-11,11.83,16.05,7.92,0.0,28.65,38.39725785402992,42.61447621981
2006-05-12,13.42,17.63,9.16,0.0,30.39,38.39725785402992,42.61447621981
2006-05-13,13.79,18.59,8.97,0.03,28.58,38.39725785402992,42.61447621981
2006-05-14,11.4,15.97,7.3,0.06,29.61,38.39725785402992,42.61447621981
2006-05-15,11.97,16.52,7.86,0.09,30.89,38.39725785402992,42.61447621981
2006-05-16,14.57,19.24,9.64,0.0,29.48,38.39725785402992,42.61447621981
2006-05-17,15.03,20.28,8.87,0.1,21.76,38.39725785402992,42.61447621981
2006-05-18,10.14,13.44,6.09,0.17,22.35,38.39725785402992,42.61447621981
2006-05-19,12.08,16.32,7.14,0.0,28.86,38.39725785402992,42.61447621981
2006-05-20,15.05,19.19,10.6,0.15,25.73,38.39725785402992,42.61447621981
2006-05-21,15.13,18.92,10.1,0.13,28.47,38.39725785402992,42.61447621981
2006-05-22,15.49,18.85,11.55,0.27,21.97,38.39725785402992,42.61447621981
2006-05-23,13.98,17.62,9.76,0.21,26.25,38.39725785402992,42.61447621981
2006-05-24,15.2,19.98,9.96,0.0,29.98,38.39725785402992,42.61447621981
2006-05-25,15.67,20.15,10.54,0.0,31.56,38.39725785402992,42.61447621981
2006-05-26,16.93,20.65,12.65,0.01,30.95,38.39725785402992,42.61447621981
2006-05-27,16.94,21.26,12.52,0.04,28.18,38.39725785402992,42.61447621981
2006-05-28,14.7,19.41,10.38,0.03,31.63,38.39725785402992,42.61447621981
2006-05-29,14.65,19.88,8.38,0.0,31.87,38.39725785402992,42.61447621981
2006-05-30,17.89,22.08,13.73,0.0,31.85,38.39725785402992,42.61447621981
2006-05-31,19.92,24.89,14.76,0.0,31.92,38.39725785402992,42.61447621981
2006-06-01,20.24,24.57,15.51,0.0,30.4,38.39725785402992,42.61447621981
2006-06-02,21.11,27.76,15.67,0.28,29.52,38.39725785402992,42.61447621981
2006-06-03,20.75,25.97,14.68,0.0,30.51,38.39725785402992,42.61447621981
2006-06-04,21.86,26.79,15.74,0.0,28.49,38.39725785402992,42.61447621981
2006-06-05,21.73,25.9,16.85,0.02,31.4,38.39725785402992,42.61447621981
2006-06-06,22.48,27.15,16.93,0.05,31.43,38.39725785402992,42.61447621981
2006-06-07,21.94,26.79,15.98,0.0,30.81,38.39725785402992,42.61447621981
2006-06-08,19.28,24.64,14.47,0.0,32.42,38.39725785402992,42.61447621981
2006-06-09,18.04,23.8,12.29,0.0,32.29,38.39725785402992,42.61447621981
2006-06-10,17.5,23.84,11.3,0.0,32.31,38.39725785402992,42.61447621981
2006-06-11,19.13,25.66,13.54,0.0,32.4,38.39725785402992,42.61447621981
2006-06-12,19.18,25.37,12.82,0.0,32.51,38.39725785402992,42.61447621981
2006-06-13,20.99,26.68,15.81,0.0,32.94,38.39725785402992,42.61447621981
2006-06-14,20.88,26.08,14.82,0.0,32.36,38.39725785402992,42.61447621981
2006-06-15,19.68,25.78,14.53,0.0,33.09,38.39725785402992,42.61447621981
2006-06-16,19.89,25.75,15.02,0.0,33.03,38.39725785402992,42.61447621981
2006-06-17,20.37,25.69,14.72,0.0,32.37,38.39725785402992,42.61447621981
2006-06-18,21.97,27.05,18.09,0.0,32.31,38.39725785402992,42.61447621981
2006-06-19,21.27,26.67,13.74,0.03,31.91,38.39725785402992,42.61447621981
2006-06-20,22.52,27.37,16.35,0.05,31.45,38.39725785402992,42.61447621981
2006-06-21,23.79,27.72,20.58,0.0,31.66,38.39725785402992,42.61447621981
2006-06-22,24.6,28.59,20.32,0.0,28.55,38.39725785402992,42.61447621981
2006-06-23,23.67,28.79,18.96,0.0,30.18,38.39725785402992,42.61447621981
2006-06-24,23.04,28.59,18.88,0.0,31.48,38.39725785402992,42.61447621981
2006-06-25,23.32,28.58,18.62,0.0,31.17,38.39725785402992,42.61447621981
2006-06-26,23.83,28.95,18.91,0.29,31.28,38.39725785402992,42.61447621981
2006-06-27,23.66,29.6,17.21,0.02,30.66,38.39725785402992,42.61447621981
2006-06-28,23.44,28.64,17.8,0.42,29.35,38.39725785402992,42.61447621981
2006-06-29,22.33,27.24,18.34,0.04,26.6,38.39725785402992,42.61447621981
2006-06-30,21.8,25.65,18.39,0.43,20.73,38.39725785402992,42.61447621981
2006-07-01,20.72,25.41,16.19,0.56,23.39,38.39725785402992,42.61447621981
2006-07-02,20.71,24.07,16.21,1.03,23.45,38.39725785402992,42.61447621981
2006-07-03,21.74,25.86,17.65,1.2,26.42,38.39725785402992,42.61447621981
2006-07-04,21.25,25.93,17.49,1.12,24.64,38.39725785402992,42.61447621981
2006-07-05,21.19,26.49,17.16,0.15,28.43,38.39725785402992,42.61447621981
2006-07-06,21.51,27.54,16.37,0.0,31.99,38.39725785402992,42.61447621981
2006-07-07,20.57,26.6,16.12,0.01,31.82,38.39725785402992,42.61447621981
2006-07-08,19.96,25.2,15.42,0.03,30.87,38.39725785402992,42.61447621981
2006-07-09,21.41,26.72,15.89,0.0,30.51,38.39725785402992,42.61447621981
2006-07-10,24.08,30.18,17.54,0.0,31.22,38.39725785402992,42.61447621981
2006-07-11,23.74,30.06,17.18,0.0,30.71,38.39725785402992,42.61447621981
2006-07-12,23.7,30.84,15.75,0.0,31.44,38.39725785402992,42.61447621981
2006-07-13,24.43,30.68,16.84,0.0,31.2,38.39725785402992,42.61447621981
2006-07-14,25.13,31.66,18.84,0.0,29.23,38.39725785402992,42.61447621981
2006-07-15,22.09,27.5,17.97,0.14,29.31,38.39725785402992,42.61447621981
2006-07-16,21.9,26.49,15.3,0.0,25.05,38.39725785402992,42.61447621981
2006-07-17,24.44,29.01,19.55,0.0,26.85,38.39725785402992,42.61447621981
2006-07-18,26.21,32.09,20.02,0.0,30.44,38.39725785402992,42.61447621981
2006-07-19,26.28,32.32,19.47,0.0,29.92,38.39725785402992,42.61447621981
2006-07-20,25.83,32.94,17.29,0.0,29.55,38.39725785402992,42.61447621981
2006-07-21,27.17,33.78,21.23,0.0,28.96,38.39725785402992,42.61447621981
2006-07-22,26.04,31.56,21.1,0.0,29.56,38.39725785402992,42.61447621981
2006-07-23,24.74,30.68,19.75,0.0,30.36,38.39725785402992,42.61447621981
2006-07-24,24.8,31.5,19.76,0.0,30.42,38.39725785402992,42.61447621981
2006-07-25,23.5,29.88,15.56,0.0,29.42,38.39725785402992,42.61447621981
2006-07-26,24.68,31.74,18.05,0.0,29.56,38.39725785402992,42.61447621981
2006-07-27,25.78,31.86,20.63,0.0,30.19,38.39725785402992,42.61447621981
2006-07-28,24.5,31.43,18.58,0.04,29.57,38.39725785402992,42.61447621981
2006-07-29,20.65,26.55,15.76,6.42,18.54,38.39725785402992,42.61447621981
2006-07-30,19.83,25.08,14.84,0.04,26.46,38.39725785402992,42.61447621981
2006-07-31,22.27,27.35,16.06,0.0,28.84,38.39725785402992,42.61447621981
2006-08-01,24.37,28.66,20.64,0.08,23.61,38.39725785402992,42.61447621981
2006-08-02,23.77,29.28,19.63,0.0,26.97,38.39725785402992,42.61447621981
2006-08-03,24.47,29.56,19.71,0.0,27.4,38.39725785402992,42.61447621981
2006-08-04,25.47,31.08,19.17,0.0,27.73,38.39725785402992,42.61447621981
2006-08-05,25.91,30.87,20.93,0.0,27.8,38.39725785402992,42.61447621981
2006-08-06,25.23,30.61,19.31,0.0,28.85,38.39725785402992,42.61447621981
2006-08-07,26.22,32.87,18.78,0.0,27.57,38.39725785402992,42.61447621981
2006-08-08,26.88,32.63,22.0,0.0,25.77,38.39725785402992,42.61447621981
2006-08-09,25.74,31.91,20.79,0.0,27.46,38.39725785402992,42.61447621981
2006-08-10,26.51,33.5,19.55,0.0,28.04,38.39725785402992,42.61447621981
2006-08-11,28.36,34.74,21.66,0.0,27.1,38.39725785402992,42.61447621981
2006-08-12,29.21,34.9,22.72,0.0,28.07,38.39725785402992,42.61447621981
2006-08-13,28.93,34.9,22.49,0.0,28.38,38.39725785402992,42.61447621981
2006-08-14,26.46,33.37,20.05,0.0,28.25,38.39725785402992,42.61447621981
2006-08-15,25.31,31.81,18.52,0.0,27.99,38.39725785402992,42.61447621981
2006-08-16,25.43,31.69,18.56,0.0,25.8,38.39725785402992,42.61447621981
2006-08-17,24.03,29.79,19.13,0.2,21.14,38.39725785402992,42.61447621981
2006-08-18,22.75,29.73,18.13,0.07,21.65,38.39725785402992,42.61447621981
2006-08-19,24.05,29.74,18.44,0.0,20.04,38.39725785402992,42.61447621981
2006-08-20,25.09,30.27,19.84,0.02,20.74,38.39725785402992,42.61447621981
2006-08-21,24.43,29.1,19.21,0.02,19.92,38.39725785402992,42.61447621981
2006-08-22,24.13,28.61,20.4,0.01,20.22,38.39725785402992,42.61447621981
2006-08-23,24.85,29.33,20.32,0.12,20.66,38.39725785402992,42.61447621981
2006-08-24,25.71,30.64,21.79,0.01,23.78,38.39725785402992,42.61447621981
2006-08-25,25.51,30.7,21.55,0.0,24.83,38.39725785402992,42.61447621981
2006-08-26,25.68,31.54,21.03,0.03,20.06,38.39725785402992,42.61447621981
2006-08-27,25.96,30.95,21.76,0.03,19.38,38.39725785402992,42.61447621981
2006-08-28,24.77,31.05,19.08,0.0,24.77,38.39725785402992,42.61447621981
2006-08-29,23.03,28.74,17.68,0.01,25.2,38.39725785402992,42.61447621981
2006-08-30,24.12,30.52,18.66,0.0,25.27,38.39725785402992,42.61447621981
2006-08-31,25.76,32.14,20.59,0.0,25.1,38.39725785402992,42.61447621981
2006-09-01,25.27,31.47,20.04,0.0,21.42,38.39725785402992,42.61447621981
2006-09-02,23.99,29.76,19.62,0.0,24.5,38.39725785402992,42.61447621981
2006-09-03,21.99,27.45,17.76,0.0,25.27,38.39725785402992,42.61447621981
2006-09-04,20.96,28.13,13.34,0.0,25.14,38.39725785402992,42.61447621981
2006-09-05,19.62,26.0,13.36,0.0,23.65,38.39725785402992,42.61447621981
2006-09-06,19.59,25.67,14.7,0.0,23.85,38.39725785402992,42.61447621981
2006-09-07,18.65,25.08,12.46,0.03,23.22,38.39725785402992,42.61447621981
2006-09-08,19.89,26.41,13.59,0.0,24.41,38.39725785402992,42.61447621981
2006-09-09,21.09,26.68,17.62,0.0,24.09,38.39725785402992,42.61447621981
2006-09-10,21.24,27.72,14.62,0.0,24.11,38.39725785402992,42.61447621981
2006-09-11,20.93,27.81,14.46,0.04,23.13,38.39725785402992,42.61447621981
2006-09-12,20.69,26.47,13.62,0.03,22.54,38.39725785402992,42.61447621981
2006-09-13,17.84,24.6,10.79,0.0,22.19,38.39725785402992,42.61447621981
2006-09-14,18.23,24.9,12.76,0.04,22.66,38.39725785402992,42.61447621981
2006-09-15,16.62,22.79,10.12,0.02,22.51,38.39725785402992,42.61447621981
2006-09-16,13.68,20.41,8.0,0.02,19.73,38.39725785402992,42.61447621981
2006-09-17,12.5,18.12,7.36,0.0,23.33,38.39725785402992,42.61447621981
2006-09-18,15.17,21.31,8.79,0.0,23.46,38.39725785402992,42.61447621981
2006-09-19,17.58,23.37,12.62,0.0,22.99,38.39725785402992,42.61447621981
2006-09-20,17.84,23.95,13.17,0.0,22.48,38.39725785402992,42.61447621981
2006-09-21,16.56,22.6,11.79,0.0,18.75,38.39725785402992,42.61447621981
2006-09-22,15.4,20.45,11.99,0.46,17.01,38.39725785402992,42.61447621981
2006-09-23,15.99,21.44,12.26,0.82,18.78,38.39725785402992,42.61447621981
2006-09-24,16.12,21.32,12.04,0.31,16.54,38.39725785402992,42.61447621981
2006-09-25,15.88,21.79,11.36,0.05,16.67,38.39725785402992,42.61447621981
2006-09-26,12.87,16.91,9.56,0.79,9.95,38.39725785402992,42.61447621981
2006-09-27,14.28,18.9,10.34,0.99,16.49,38.39725785402992,42.61447621981
2006-09-28,16.13,21.2,11.48,0.0,18.93,38.39725785402992,42.61447621981
2006-09-29,17.51,22.99,13.51,0.13,17.8,38.39725785402992,42.61447621981
2006-09-30,16.21,20.84,13.06,0.1,15.43,38.39725785402992,42.61447621981
2006-10-01,16.32,21.25,12.08,0.28,15.22,38.39725785402992,42.61447621981
2006-10-02,15.85,21.28,11.06,1.65,12.61,38.39725785402992,42.61447621981
2006-10-03,16.57,22.53,12.72,1.53,13.64,38.39725785402992,42.61447621981
2006-10-04,12.71,15.1,10.23,20.25,11.28,38.39725785402992,42.61447621981
2006-10-05,13.22,18.24,8.55,0.11,18.53,38.39725785402992,42.61447621981
2006-10-06,13.26,17.8,8.8,0.0,18.61,38.39725785402992,42.61447621981
2006-10-07,14.49,19.49,9.51,0.0,19.0,38.39725785402992,42.61447621981
2006-10-08,15.43,20.46,11.22,0.0,18.64,38.39725785402992,42.61447621981
2006-10-09,15.68,20.7,12.3,0.0,17.37,38.39725785402992,42.61447621981
2006-10-10,15.2,20.17,11.62,0.0,16.02,38.39725785402992,42.61447621981
2006-10-11,13.27,18.47,9.82,0.04,15.75,38.39725785402992,42.61447621981
2006-10-12,12.89,18.09,9.43,0.68,8.02,38.39725785402992,42.61447621981
2006-10-13,11.78,16.09,8.42,0.8,13.06,38.39725785402992,42.61447621981
2006-10-14,11.79,15.26,7.83,2.84,11.43,38.39725785402992,42.61447621981
2006-10-15,11.21,14.85,7.97,11.69,9.66,38.39725785402992,42.61447621981
2006-10-16,8.28,10.69,6.23,7.53,5.97,38.39725785402992,42.61447621981
2006-10-17,8.43,12.17,6.01,6.6,6.2,38.39725785402992,42.61447621981
2006-10-18,9.43,14.17,5.24,0.13,12.26,38.39725785402992,42.61447621981
2006-10-19,11.92,15.68,8.47,0.09,14.9,38.39725785402992,42.61447621981
2006-10-20,10.81,16.49,7.78,7.31,4.51,38.39725785402992,42.61447621981
2006-10-21,9.01,12.89,5.81,0.71,12.01,38.39725785402992,42.61447621981
2006-10-22,9.72,14.35,5.53,1.2,14.16,38.39725785402992,42.61447621981
2006-10-23,9.97,14.71,7.51,0.0,13.07,38.39725785402992,42.61447621981
2006-10-24,10.62,14.33,7.38,0.0,13.25,38.39725785402992,42.61447621981
2006-10-25,9.92,14.78,6.09,7.42,7.81,38.39725785402992,42.61447621981
2006-10-26,7.61,10.72,5.72,3.7,3.82,38.39725785402992,42.61447621981
2006-10-27,8.66,12.12,6.08,1.92,8.17,38.39725785402992,42.61447621981
2006-10-28,9.03,12.31,5.89,5.83,8.98,38.39725785402992,42.61447621981
2006-10-29,7.27,10.89,3.22,63.65,2.28,38.39725785402992,42.61447621981
2006-10-30,4.79,8.17,2.11,3.41,5.84,38.39725785402992,42.61447621981
2006-10-31,7.1,12.02,2.62,1.27,11.34,38.39725785402992,42.61447621981
2006-11-01,9.84,13.11,7.27,26.8,7.47,38.39725785402992,42.61447621981
2006-11-02,6.94,10.3,4.62,20.93,5.34,38.39725785402992,42.61447621981
2006-11-03,5.94,9.19,4.4,2.78,8.25,38.39725785402992,42.61447621981
2006-11-04,7.24,10.27,5.1,2.65,4.82,38.39725785402992,42.61447621981
2006-11-05,7.21,10.24,2.01,9.65,6.13,38.39725785402992,42.61447621981
2006-11-06,2.02,5.96,-1.41,0.45,11.23,38.39725785402992,42.61447621981
2006-11-07,-0.78,3.65,-3.93,0.01,12.15,38.39725785402992,42.61447621981
2006-11-08,-0.61,3.52,-3.84,0.0,13.15,38.39725785402992,42.61447621981
2006-11-09,1.62,5.72,-1.71,0.0,13.2,38.39725785402992,42.61447621981
2006-11-10,3.16,7.35,0.32,0.0,13.33,38.39725785402992,42.61447621981
2006-11-11,1.66,6.4,-1.64,0.0,13.36,38.39725785402992,42.61447621981
2006-11-12,1.23,5.92,-1.62,0.0,11.76,38.39725785402992,42.61447621981
2006-11-13,2.21,6.62,-0.66,0.0,9.23,38.39725785402992,42.61447621981
2006-11-14,1.35,5.0,-0.72,7.28,4.16,38.39725785402992,42.61447621981
2006-11-15,-0.93,2.25,-3.81,9.55,8.15,38.39725785402992,42.61447621981
2006-11-16,-0.86,2.97,-4.44,0.0,9.59,38.39725785402992,42.61447621981
2006-11-17,1.7,5.84,-0.66,0.0,10.07,38.39725785402992,42.61447621981
2006-11-18,0.75,4.74,-2.45,0.01,8.78,38.39725785402992,42.61447621981
2006-11-19,-2.6,-0.76,-4.65,1.02,7.34,38.39725785402992,42.61447621981
2006-11-20,-2.07,1.93,-5.2,0.01,10.32,38.39725785402992,42.61447621981
2006-11-21,0.68,4.69,-2.51,0.0,10.31,38.39725785402992,42.61447621981
2006-11-22,1.72,4.8,-0.01,0.0,9.71,38.39725785402992,42.61447621981
2006-11-23,1.33,4.77,-0.67,0.0,10.09,38.39725785402992,42.61447621981
2006-11-24,1.07,5.29,-2.59,0.0,10.34,38.39725785402992,42.61447621981
2006-11-25,0.91,5.05,-2.96,0.0,10.21,38.39725785402992,42.61447621981
2006-11-26,1.05,5.61,-2.7,0.0,9.74,38.39725785402992,42.61447621981
2006-11-27,0.57,4.75,-2.56,0.0,9.94,38.39725785402992,42.61447621981
2006-11-28,1.04,4.89,-1.41,0.0,9.42,38.39725785402992,42.61447621981
2006-11-29,0.04,3.34,-2.71,0.0,9.34,38.39725785402992,42.61447621981
2006-11-30,-1.2,2.46,-4.71,0.01,8.03,38.39725785402992,42.61447621981
2006-12-01,-1.28,3.63,-5.08,0.0,9.5,38.39725785402992,42.61447621981
2006-12-02,-2.08,1.5,-4.6,0.0,7.56,38.39725785402992,42.61447621981
2006-12-03,-2.39,1.91,-6.62,0.0,9.7,38.39725785402992,42.61447621981
2006-12-04,0.68,4.65,-2.83,0.0,9.44,38.39725785402992,42.61447621981
2006-12-05,0.42,3.54,-2.0,0.0,9.83,38.39725785402992,42.61447621981
2006-12-06,-0.67,2.9,-4.06,0.0,8.74,38.39725785402992,42.61447621981
2006-12-07,-0.25,3.65,-3.9,0.0,8.36,38.39725785402992,42.61447621981
2006-12-08,0.4,4.33,-2.48,0.0,9.17,38.39725785402992,42.61447621981
2006-12-09,0.22,3.92,-1.73,0.0,8.63,38.39725785402992,42.61447621981
2006-12-10,-1.04,3.48,-4.59,0.38,9.44,38.39725785402992,42.61447621981
2006-12-11,-2.47,1.72,-6.43,0.0,9.11,38.39725785402992,42.61447621981
2006-12-12,-2.0,2.3,-6.14,0.0,9.18,38.39725785402992,42.61447621981
2006-12-13,-1.59,2.7,-5.88,0.0,8.49,38.39725785402992,42.61447621981
2006-12-14,-3.54,1.53,-8.42,0.01,8.36,38.39725785402992,42.61447621981
2006-12-15,-5.32,-1.81,-10.08,2.41,4.9,38.39725785402992,42.61447621981
2006-12-16,-8.01,-0.92,-12.64,0.0,8.47,38.39725785402992,42.61447621981
2006-12-17,-5.24,3.29,-11.75,0.0,8.85,38.39725785402992,42.61447621981
2006-12-18,-1.9,3.09,-8.81,0.0,8.49,38.39725785402992,42.61447621981
2006-12-19,1.44,6.1,-2.66,0.0,8.98,38.39725785402992,42.61447621981
2006-12-20,-0.97,3.98,-4.09,0.0,8.32,38.39725785402992,42.61447621981
2006-12-21,-2.07,2.69,-5.14,0.02,8.84,38.39725785402992,42.61447621981
2006-12-22,-2.8,0.65,-5.92,5.62,4.6,38.39725785402992,42.61447621981
2006-12-23,-7.58,-2.4,-12.96,2.25,6.23,38.39725785402992,42.61447621981
2006-12-24,-10.25,-3.3,-14.68,0.0,7.04,38.39725785402992,42.61447621981
2006-12-25,-8.61,-1.28,-12.1,0.0,7.43,38.39725785402992,42.61447621981
2006-12-26,-7.84,-4.42,-12.01,7.35,2.33,38.39725785402992,42.61447621981
2006-12-27,-9.56,-7.31,-11.83,12.01,2.7,38.39725785402992,42.61447621981
2006-12-28,-11.94,-7.69,-16.38,1.38,4.29,38.39725785402992,42.61447621981
2006-12-29,-15.19,-8.79,-21.11,0.56,6.56,38.39725785402992,42.61447621981
2006-12-30,-14.57,-8.65,-19.46,0.0,3.43,38.39725785402992,42.61447621981
2006-12-31,-15.36,-8.28,-20.91,0.0,4.35,38.39725785402992,42.61447621981
2007-01-01,-15.02,-7.63,-19.42,0.0,9.62,38.39725785402992,42.61447621981
2007-01-02,-16.03,-9.45,-22.53,0.0,9.26,38.39725785402992,42.61447621981
2007-01-03,-9.44,-2.6,-12.57,0.0,9.14,38.39725785402992,42.61447621981
2007-01-04,-7.27,-0.56,-13.74,0.0,5.27,38.39725785402992,42.61447621981
2007-01-05,-5.9,-1.92,-8.62,4.43,5.36,38.39725785402992,42.61447621981
2007-01-06,-7.19,-3.55,-10.82,8.43,3.32,38.39725785402992,42.61447621981
2007-01-07,-9.29,-4.23,-13.75,1.59,4.79,38.39725785402992,42.61447621981
2007-01-08,-12.98,-6.39,-17.25,0.0,4.48,38.39725785402992,42.61447621981
2007-01-09,-12.71,-6.59,-16.38,0.0,9.2,38.39725785402992,42.61447621981
2007-01-10,-13.19,-5.57,-19.72,0.0,9.14,38.39725785402992,42.61447621981
2007-01-11,-13.05,-5.99,-17.96,0.0,10.12,38.39725785402992,42.61447621981
2007-01-12,-12.24,-5.09,-17.58,0.01,10.21,38.39725785402992,42.61447621981
2007-01-13,-8.51,-1.77,-13.11,0.0,9.32,38.39725785402992,42.61447621981
2007-01-14,-9.8,-3.43,-14.0,0.01,6.36,38.39725785402992,42.61447621981
2007-01-15,-7.75,-2.26,-12.4,0.36,11.02,38.39725785402992,42.61447621981
2007-01-16,-9.0,-5.8,-12.9,1.69,10.56,38.39725785402992,42.61447621981
2007-01-17,-9.93,-4.46,-14.05,0.0,10.61,38.39725785402992,42.61447621981
2007-01-18,-8.48,-1.79,-12.67,0.0,10.97,38.39725785402992,42.61447621981
2007-01-19,-8.93,-2.78,-13.35,0.11,10.39,38.39725785402992,42.61447621981
2007-01-20,-8.07,-2.54,-11.86,1.38,7.76,38.39725785402992,42.61447621981
2007-01-21,-9.62,-2.44,-15.31,0.41,10.1,38.39725785402992,42.61447621981
2007-01-22,-9.59,-2.16,-15.72,0.0,11.23,38.39725785402992,42.61447621981
2007-01-23,-4.1,1.45,-10.42,0.0,12.05,38.39725785402992,42.61447621981
2007-01-24,-1.27,2.51,-5.19,0.0,11.81,38.39725785402992,42.61447621981
2007-01-25,-0.36,3.94,-3.71,0.0,12.77,38.39725785402992,42.61447621981
2007-01-26,0.34,4.35,-3.35,0.0,11.86,38.39725785402992,42.61447621981
2007-01-27,-0.67,3.02,-4.26,0.0,10.89,38.39725785402992,42.61447621981
2007-01-28,-2.24,1.6,-5.22,2.44,6.09,38.39725785402992,42.61447621981
2007-01-29,-5.85,-2.95,-7.87,7.57,6.96,38.39725785402992,42.61447621981
2007-01-30,-8.17,-5.54,-10.86,2.77,7.46,38.39725785402992,42.61447621981
2007-01-31,-10.49,-7.0,-17.87,5.36,8.92,38.39725785402992,42.61447621981
2007-02-01,-13.8,-7.26,-18.09,0.08,11.47,38.39725785402992,42.61447621981
2007-02-02,-10.84,-4.06,-16.69,0.01,8.93,38.39725785402992,42.61447621981
2007-02-03,-5.61,0.13,-11.23,1.54,8.18,38.39725785402992,42.61447621981
2007-02-04,-4.07,-0.8,-6.81,1.33,3.08,38.39725785402992,42.61447621981
2007-02-05,-3.55,0.26,-8.23,3.26,6.08,38.39725785402992,42.61447621981
2007-02-06,-2.01,0.02,-4.71,10.65,3.72,38.39725785402992,42.61447621981
2007-02-07,-4.46,-1.54,-7.63,2.41,8.37,38.39725785402992,42.61447621981
2007-02-08,-5.47,0.51,-12.78,0.0,11.25,38.39725785402992,42.61447621981
2007-02-09,-2.73,1.15,-7.19,0.0,10.86,38.39725785402992,42.61447621981
2007-02-10,-1.63,1.78,-4.54,0.0,11.8,38.39725785402992,42.61447621981
2007-02-11,-1.42,3.15,-4.61,0.0,12.51,38.39725785402992,42.61447621981
2007-02-12,-1.37,2.58,-4.54,0.0,14.3,38.39725785402992,42.61447621981
2007-02-13,-1.6,0.18,-3.92,3.11,8.33,38.39725785402992,42.61447621981
2007-02-14,-1.3,1.86,-3.61,0.15,9.09,38.39725785402992,42.61447621981
2007-02-15,-0.71,2.59,-3.65,1.24,6.0,38.39725785402992,42.61447621981
2007-02-16,-0.12,1.75,-1.52,0.68,10.77,38.39725785402992,42.61447621981
2007-02-17,-0.83,2.18,-3.75,0.0,12.49,38.39725785402992,42.61447621981
2007-02-18,-0.87,1.89,-2.66,0.0,12.34,38.39725785402992,42.61447621981
2007-02-19,-0.03,3.21,-3.35,0.0,15.22,38.39725785402992,42.61447621981
2007-02-20,-0.75,2.72,-3.03,0.0,14.73,38.39725785402992,42.61447621981
2007-02-21,-0.83,2.54,-3.36,0.0,11.04,38.39725785402992,42.61447621981
2007-02-22,0.39,3.54,-1.67,0.0,14.91,38.39725785402992,42.61447621981
2007-02-23,1.12,4.23,-1.12,0.13,7.83,38.39725785402992,42.61447621981
2007-02-24,0.92,3.31,-1.55,1.9,6.48,38.39725785402992,42.61447621981
2007-02-25,-2.26,2.45,-6.76,0.78,10.7,38.39725785402992,42.61447621981
2007-02-26,0.58,5.1,-2.1,0.67,12.1,38.39725785402992,42.61447621981
2007-02-27,-1.17,2.37,-4.09,0.02,16.42,38.39725785402992,42.61447621981
2007-02-28,-0.02,3.16,-2.12,0.01,11.22,38.39725785402992,42.61447621981
2007-03-01,1.51,5.48,-1.54,0.36,15.18,38.39725785402992,42.61447621981
2007-03-02,2.05,5.7,-0.13,0.04,15.98,38.39725785402992,42.61447621981
2007-03-03,1.79,5.76,-0.65,0.33,13.55,38.39725785402992,42.61447621981
2007-03-04,1.72,4.78,-0.35,6.99,9.42,38.39725785402992,42.61447621981
2007-03-05,1.66,5.47,-0.43,8.72,7.94,38.39725785402992,42.61447621981
2007-03-06,0.5,2.41,-2.98,8.42,10.59,38.39725785402992,42.61447621981
2007-03-07,0.95,6.41,-3.71,0.0,16.35,38.39725785402992,42.61447621981
2007-03-08,2.79,7.32,0.02,0.01,15.89,38.39725785402992,42.61447621981
2007-03-09,1.85,4.57,-2.19,0.05,15.85,38.39725785402992,42.61447621981
2007-03-10,1.21,5.43,-2.65,0.0,18.85,38.39725785402992,42.61447621981
2007-03-11,4.57,9.04,1.57,0.0,19.33,38.39725785402992,42.61447621981
2007-03-12,3.83,7.62,0.44,0.0,17.4,38.39725785402992,42.61447621981
2007-03-13,2.45,5.98,0.04,4.03,12.16,38.39725785402992,42.61447621981
2007-03-14,2.73,5.99,0.18,5.96,11.03,38.39725785402992,42.61447621981
2007-03-15,0.64,4.15,-1.65,11.66,7.86,38.39725785402992,42.61447621981
2007-03-16,-2.56,-1.23,-4.75,5.85,11.7,38.39725785402992,42.61447621981
2007-03-17,-4.61,-2.67,-7.4,3.93,12.76,38.39725785402992,42.61447621981
2007-03-18,-3.27,0.83,-7.32,0.0,18.55,38.39725785402992,42.61447621981
2007-03-19,-0.81,1.14,-3.26,0.81,8.46,38.39725785402992,42.61447621981
2007-03-20,0.3,2.89,-1.7,5.7,8.46,38.39725785402992,42.61447621981
2007-03-21,0.6,3.48,-2.24,2.75,13.6,38.39725785402992,42.61447621981
2007-03-22,1.92,4.73,-0.31,0.29,19.61,38.39725785402992,42.61447621981
2007-03-23,2.52,6.34,-0.45,0.01,14.02,38.39725785402992,42.61447621981
2007-03-24,2.93,6.61,0.34,5.68,10.11,38.39725785402992,42.61447621981
2007-03-25,1.22,4.38,-1.19,3.2,15.13,38.39725785402992,42.61447621981
2007-03-26,1.0,4.34,-1.67,0.73,18.58,38.39725785402992,42.61447621981
2007-03-27,1.75,4.4,-0.83,0.06,18.98,38.39725785402992,42.61447621981
2007-03-28,1.67,5.01,-1.54,0.6,20.48,38.39725785402992,42.61447621981
2007-03-29,1.06,3.08,-0.74,2.1,18.29,38.39725785402992,42.61447621981
2007-03-30,1.72,4.22,-0.19,1.43,19.83,38.39725785402992,42.61447621981
2007-03-31,3.15,7.12,0.01,0.0,23.44,38.39725785402992,42.61447621981
2007-04-01,2.46,4.39,1.54,5.13,7.09,38.39725785402992,42.61447621981
2007-04-02,2.5,5.84,0.21,7.07,8.31,38.39725785402992,42.61447621981
2007-04-03,0.81,3.58,-2.29,16.01,9.39,38.39725785402992,42.61447621981
2007-04-04,-1.37,1.09,-3.29,1.02,14.29,38.39725785402992,42.61447621981
2007-04-05,0.84,5.65,-3.27,0.09,18.84,38.39725785402992,42.61447621981
2007-04-06,4.27,9.39,-0.8,0.09,14.94,38.39725785402992,42.61447621981
2007-04-07,6.05,10.23,2.4,0.53,14.33,38.39725785402992,42.61447621981
2007-04-08,5.41,9.53,1.7,1.87,13.53,38.39725785402992,42.61447621981
2007-04-09,5.3,8.65,2.95,3.84,10.29,38.39725785402992,42.61447621981
2007-04-10,5.39,8.81,2.51,6.25,12.77,38.39725785402992,42.61447621981
2007-04-11,6.09,10.48,2.4,10.88,13.6,38.39725785402992,42.61447621981
2007-04-12,3.47,6.32,1.45,8.28,13.99,38.39725785402992,42.61447621981
2007-04-13,3.1,6.23,0.3,1.61,12.66,38.39725785402992,42.61447621981
2007-04-14,3.88,6.8,0.77,0.18,16.02,38.39725785402992,42.61447621981
2007-04-15,2.26,5.46,0.11,4.4,13.16,38.39725785402992,42.61447621981
2007-04-16,0.89,3.5,-1.65,3.24,8.3,38.39725785402992,42.61447621981
2007-04-17,1.66,5.4,-2.62,2.96,8.9,38.39725785402992,42.61447621981
2007-04-18,5.71,10.9,1.22,7.15,8.18,38.39725785402992,42.61447621981
2007-04-19,1.45,3.92,-2.0,6.64,7.6,38.39725785402992,42.61447621981
2007-04-20,-1.05,1.42,-3.81,8.1,8.87,38.39725785402992,42.61447621981
2007-04-21,1.18,6.46,-4.53,0.06,16.72,38.39725785402992,42.61447621981
2007-04-22,6.04,11.52,0.43,0.0,23.71,38.39725785402992,42.61447621981
2007-04-23,4.88,8.66,1.09,9.37,15.25,38.39725785402992,42.61447621981
2007-04-24,3.27,8.96,-0.21,15.17,9.67,38.39725785402992,42.61447621981
2007-04-25,4.33,9.42,-1.05,0.2,21.01,38.39725785402992,42.61447621981
2007-04-26,6.82,11.1,2.38,0.0,23.51,38.39725785402992,42.61447621981
2007-04-27,7.97,11.29,5.24,0.37,16.79,38.39725785402992,42.61447621981
2007-04-28,7.51,11.47,4.06,0.08,23.08,38.39725785402992,42.61447621981
2007-04-29,8.28,11.44,4.76,8.07,19.0,38.39725785402992,42.61447621981
2007-04-30,5.48,7.4,2.65,18.05,15.7,38.39725785402992,42.61447621981
2007-05-01,6.47,11.54,1.6,0.0,21.7,38.39725785402992,42.61447621981
2007-05-02,8.36,13.14,3.06,0.01,15.47,38.39725785402992,42.61447621981
2007-05-03,8.59,12.29,4.45,0.2,18.16,38.39725785402992,42.61447621981
2007-05-04,9.47,13.39,5.61,3.03,9.98,38.39725785402992,42.61447621981
2007-05-05,11.47,15.73,4.86,1.47,25.12,38.39725785402992,42.61447621981
2007-05-06,14.14,17.66,9.94,0.0,27.51,38.39725785402992,42.61447621981
2007-05-07,15.34,19.76,9.35,0.0,27.77,38.39725785402992,42.61447621981
2007-05-08,16.14,19.92,13.09,0.0,27.58,38.39725785402992,42.61447621981
2007-05-09,14.29,18.27,10.69,0.06,13.26,38.39725785402992,42.61447621981
2007-05-10,12.94,16.56,9.94,0.52,17.33,38.39725785402992,42.61447621981
2007-05-11,13.16,15.48,10.37,1.48,12.9,38.39725785402992,42.61447621981
2007-05-12,13.94,17.83,11.14,4.28,12.76,38.39725785402992,42.61447621981
2007-05-13,14.96,19.34,11.05,4.42,19.92,38.39725785402992,42.61447621981
2007-05-14,13.08,15.54,9.6,2.77,19.84,38.39725785402992,42.61447621981
2007-05-15,12.53,16.98,7.96,0.05,28.49,38.39725785402992,42.61447621981
2007-05-16,13.61,19.68,7.24,0.04,30.33,38.39725785402992,42.61447621981
2007-05-17,13.94,19.72,7.21,0.0,30.24,38.39725785402992,42.61447621981
2007-05-18,13.33,16.31,9.34,0.55,21.67,38.39725785402992,42.61447621981
2007-05-19,11.96,15.19,8.41,1.81,19.08,38.39725785402992,42.61447621981
2007-05-20,13.6,17.43,7.99,0.0,23.75,38.39725785402992,42.61447621981
2007-05-21,17.28,21.14,12.89,0.02,27.83,38.39725785402992,42.61447621981
2007-05-22,17.93,21.57,13.42,0.0,28.74,38.39725785402992,42.61447621981
2007-05-23,17.36,21.44,14.45,0.06,26.79,38.39725785402992,42.61447621981
2007-05-24,19.02,24.56,13.66,0.2,23.87,38.39725785402992,42.61447621981
2007-05-25,18.57,23.19,14.24,0.77,21.28,38.39725785402992,42.61447621981
2007-05-26,18.85,25.29,13.88,0.57,20.29,38.39725785402992,42.61447621981
2007-05-27,18.27,23.42,13.92,1.57,16.8,38.39725785402992,42.61447621981
2007-05-28,18.22,22.39,13.39,0.46,24.26,38.39725785402992,42.61447621981
2007-05-29,17.22,21.39,13.33,0.0,25.44,38.39725785402992,42.61447621981
2007-05-30,18.01,21.29,14.78,0.18,27.81,38.39725785402992,42.61447621981
2007-05-31,15.23,18.27,11.65,1.21,20.05,38.39725785402992,42.61447621981
2007-06-01,16.69,20.72,11.68,0.04,26.78,38.39725785402992,42.61447621981
2007-06-02,16.16,20.18,12.26,1.21,24.5,38.39725785402992,42.61447621981
2007-06-03,14.35,18.22,10.78,0.29,20.81,38.39725785402992,42.61447621981
2007-06-04,15.89,20.48,10.37,0.06,28.11,38.39725785402992,42.61447621981
2007-06-05,17.71,21.66,13.87,0.09,29.9,38.39725785402992,42.61447621981
2007-06-06,18.02,22.62,12.21,0.0,31.69,38.39725785402992,42.61447621981
2007-06-07,19.31,23.63,14.35,0.13,26.62,38.39725785402992,42.61447621981
2007-06-08,17.22,22.51,12.01,0.01,27.89,38.39725785402992,42.61447621981
2007-06-09,15.65,20.86,11.05,0.23,31.2,38.39725785402992,42.61447621981
2007-06-10,15.54,19.36,11.39,0.87,27.34,38.39725785402992,42.61447621981
2007-06-11,16.71,21.42,12.44,0.75,21.5,38.39725785402992,42.61447621981
2007-06-12,16.29,21.36,11.81,0.39,30.89,38.39725785402992,42.61447621981
2007-06-13,18.53,23.2,13.63,0.0,31.54,38.39725785402992,42.61447621981
2007-06-14,20.89,25.99,15.34,0.23,32.1,38.39725785402992,42.61447621981
2007-06-15,22.06,26.86,16.86,0.0,31.99,38.39725785402992,42.61447621981
2007-06-16,22.38,27.21,17.21,0.03,31.49,38.39725785402992,42.61447621981
2007-06-17,22.62,26.7,18.43,0.46,29.39,38.39725785402992,42.61447621981
2007-06-18,20.55,24.78,16.79,1.19,25.82,38.39725785402992,42.61447621981
2007-06-19,18.99,25.31,13.01,2.14,24.21,38.39725785402992,42.61447621981
2007-06-20,17.57,23.8,12.05,0.51,29.31,38.39725785402992,42.61447621981
2007-06-21,17.33,23.14,11.35,0.03,27.71,38.39725785402992,42.61447621981
2007-06-22,16.02,21.11,11.12,0.09,29.09,38.39725785402992,42.61447621981
2007-06-23,18.59,23.81,12.06,0.0,31.09,38.39725785402992,42.61447621981
2007-06-24,19.52,25.59,13.59,0.0,32.74,38.39725785402992,42.61447621981
2007-06-25,18.53,24.56,12.85,0.0,31.85,38.39725785402992,42.61447621981
2007-06-26,18.38,24.89,11.76,0.0,30.91,38.39725785402992,42.61447621981
2007-06-27,19.16,24.89,13.38,0.0,31.12,38.39725785402992,42.61447621981
2007-06-28,20.12,25.95,13.19,0.0,31.58,38.39725785402992,42.61447621981
2007-06-29,20.97,26.55,14.62,0.02,28.78,38.39725785402992,42.61447621981
2007-06-30,21.96,27.75,14.95,0.22,28.96,38.39725785402992,42.61447621981
2007-07-01,21.89,27.19,15.56,0.37,30.53,38.39725785402992,42.61447621981
2007-07-02,21.77,27.87,14.16,0.04,31.4,38.39725785402992,42.61447621981
2007-07-03,21.28,26.56,16.3,0.09,29.67,38.39725785402992,42.61447621981
2007-07-04,20.53,25.22,14.78,0.01,28.55,38.39725785402992,42.61447621981
2007-07-05,22.27,27.24,16.46,0.0,27.85,38.39725785402992,42.61447621981
2007-07-06,24.03,28.39,18.08,0.0,29.64,38.39725785402992,42.61447621981
2007-07-07,24.77,29.87,17.39,0.1,27.91,38.39725785402992,42.61447621981
2007-07-08,22.0,28.07,15.12,0.0,28.53,38.39725785402992,42.61447621981
2007-07-09,21.75,27.88,16.09,0.01,29.35,38.39725785402992,42.61447621981
2007-07-10,23.73,30.21,16.5,0.0,30.98,38.39725785402992,42.61447621981
2007-07-11,25.09,30.3,19.35,0.0,30.15,38.39725785402992,42.61447621981
2007-07-12,26.35,30.76,22.28,0.0,29.95,38.39725785402992,42.61447621981
2007-07-13,26.78,31.86,21.64,0.15,26.28,38.39725785402992,42.61447621981
2007-07-14,25.24,30.53,19.09,0.26,29.46,38.39725785402992,42.61447621981
2007-07-15,22.18,29.16,15.94,0.14,28.41,38.39725785402992,42.61447621981
2007-07-16,20.32,27.6,13.0,2.58,22.53,38.39725785402992,42.61447621981
2007-07-17,14.12,18.49,10.86,5.75,9.74,38.39725785402992,42.61447621981
2007-07-18,16.23,19.56,11.83,1.14,24.05,38.39725785402992,42.61447621981
2007-07-19,18.6,24.57,12.96,0.0,27.04,38.39725785402992,42.61447621981
2007-07-20,20.06,26.46,13.3,0.12,26.24,38.39725785402992,42.61447621981
2007-07-21,21.51,27.2,15.13,0.0,28.67,38.39725785402992,42.61447621981
2007-07-22,21.86,27.37,15.98,0.0,27.59,38.39725785402992,42.61447621981
2007-07-23,22.02,28.19,16.04,0.0,29.13,38.39725785402992,42.61447621981
2007-07-24,22.47,29.07,15.84,0.0,27.31,38.39725785402992,42.61447621981
2007-07-25,23.45,28.91,16.99,0.0,28.63,38.39725785402992,42.61447621981
2007-07-26,25.0,30.45,19.31,0.59,25.35,38.39725785402992,42.61447621981
2007-07-27,23.78,29.9,18.24,0.04,25.89,38.39725785402992,42.61447621981
2007-07-28,22.65,27.74,16.98,0.01,27.49,38.39725785402992,42.61447621981
2007-07-29,22.75,27.24,17.92,0.0,30.11,38.39725785402992,42.61447621981
2007-07-30,23.62,29.05,17.8,0.0,29.47,38.39725785402992,42.61447621981
2007-07-31,24.6,29.89,19.19,0.0,28.36,38.39725785402992,42.61447621981
2007-08-01,25.45,31.33,18.94,0.0,27.49,38.39725785402992,42.61447621981
2007-08-02,26.25,31.57,19.79,0.15,25.51,38.39725785402992,42.61447621981
2007-08-03,26.15,31.28,20.11,1.07,22.77,38.39725785402992,42.61447621981
2007-08-04,22.43,27.16,17.94,0.12,26.69,38.39725785402992,42.61447621981
2007-08-05,23.22,28.37,17.47,0.0,26.66,38.39725785402992,42.61447621981
2007-08-06,25.52,30.81,19.25,0.15,24.48,38.39725785402992,42.61447621981
2007-08-07,25.4,31.24,20.07,0.0,27.73,38.39725785402992,42.61447621981
2007-08-08,25.24,31.54,19.14,0.0,28.45,38.39725785402992,42.61447621981
2007-08-09,26.61,32.72,21.83,0.12,28.53,38.39725785402992,42.61447621981
2007-08-10,26.3,32.51,19.87,0.0,28.55,38.39725785402992,42.61447621981
2007-08-11,26.61,33.09,19.04,0.02,27.69,38.39725785402992,42.61447621981
2007-08-12,26.84,32.71,21.45,0.0,27.34,38.39725785402992,42.61447621981
2007-08-13,26.46,32.88,21.08,0.0,27.58,38.39725785402992,42.61447621981
2007-08-14,26.01,32.59,20.93,0.0,27.78,38.39725785402992,42.61447621981
2007-08-15,24.96,31.42,20.13,0.0,27.52,38.39725785402992,42.61447621981
2007-08-16,23.81,28.96,18.06,0.02,26.21,38.39725785402992,42.61447621981
2007-08-17,19.88,25.85,14.96,2.51,19.07,38.39725785402992,42.61447621981
2007-08-18,20.6,27.07,14.03,1.89,22.37,38.39725785402992,42.61447621981
2007-08-19,20.43,25.57,14.89,0.05,24.28,38.39725785402992,42.61447621981
2007-08-20,21.33,26.08,16.2,0.07,21.06,38.39725785402992,42.61447621981
2007-08-21,22.19,26.1,18.89,0.02,21.28,38.39725785402992,42.61447621981
2007-08-22,20.78,25.58,15.85,0.08,25.26,38.39725785402992,42.61447621981
2007-08-23,20.44,25.26,15.68,0.85,18.36,38.39725785402992,42.61447621981
2007-08-24,21.08,25.92,15.34,0.53,21.12,38.39725785402992,42.61447621981
2007-08-25,23.34,28.68,18.68,0.02,22.52,38.39725785402992,42.61447621981
2007-08-26,21.41,27.09,16.16,1.92,18.01,38.39725785402992,42.61447621981
2007-08-27,22.17,28.17,17.73,0.09,23.33,38.39725785402992,42.61447621981
2007-08-28,21.19,27.03,17.21,0.43,25.19,38.39725785402992,42.61447621981
2007-08-29,21.42,27.18,17.28,0.52,25.02,38.39725785402992,42.61447621981
2007-08-30,21.37,27.17,15.34,0.0,24.71,38.39725785402992,42.61447621981
2007-08-31,21.35,27.0,15.45,0.0,24.32,38.39725785402992,42.61447621981
2007-09-01,21.73,27.3,16.29,0.0,25.5,38.39725785402992,42.61447621981
2007-09-02,23.23,29.38,15.87,0.0,24.92,38.39725785402992,42.61447621981
2007-09-03,24.11,29.77,17.97,0.0,19.24,38.39725785402992,42.61447621981
2007-09-04,24.78,30.46,20.58,0.0,24.26,38.39725785402992,42.61447621981
2007-09-05,24.12,30.3,18.46,0.0,24.38,38.39725785402992,42.61447621981
2007-09-06,24.42,30.92,18.65,0.0,24.58,38.39725785402992,42.61447621981
2007-09-07,24.69,30.9,19.07,0.0,24.45,38.39725785402992,42.61447621981
2007-09-08,23.67,30.29,17.35,0.0,24.87,38.39725785402992,42.61447621981
2007-09-09,20.44,27.31,14.83,0.0,24.63,38.39725785402992,42.61447621981
2007-09-10,17.83,24.0,11.97,0.0,24.78,38.39725785402992,42.61447621981
2007-09-11,19.36,26.56,14.94,0.01,24.86,38.39725785402992,42.61447621981
2007-09-12,19.54,25.77,14.56,0.0,24.3,38.39725785402992,42.61447621981
2007-09-13,19.67,25.88,14.67,0.0,23.86,38.39725785402992,42.61447621981
2007-09-14,18.7,24.7,13.98,0.0,23.57,38.39725785402992,42.61447621981
2007-09-15,17.84,24.49,10.75,0.0,23.53,38.39725785402992,42.61447621981
2007-09-16,18.6,24.41,13.21,0.0,23.18,38.39725785402992,42.61447621981
2007-09-17,15.41,22.04,10.31,0.0,23.07,38.39725785402992,42.61447621981
2007-09-18,18.09,25.14,10.71,0.0,23.36,38.39725785402992,42.61447621981
2007-09-19,19.3,25.1,15.45,0.0,22.51,38.39725785402992,42.61447621981
2007-09-20,19.35,24.63,14.98,0.0,22.78,38.39725785402992,42.61447621981
2007-09-21,20.23,26.22,13.9,0.0,22.2,38.39725785402992,42.61447621981
2007-09-22,20.16,26.31,14.56,0.0,21.89,38.39725785402992,42.61447621981
2007-09-23,20.05,26.31,15.42,0.0,21.55,38.39725785402992,42.61447621981
2007-09-24,19.15,25.57,14.03,0.0,21.01,38.39725785402992,42.61447621981
2007-09-25,15.12,20.48,11.43,0.01,19.82,38.39725785402992,42.61447621981
2007-09-26,16.29,21.52,11.16,0.0,20.21,38.39725785402992,42.61447621981
2007-09-27,17.22,22.75,11.57,0.0,20.24,38.39725785402992,42.61447621981
2007-09-28,17.09,23.06,11.76,0.0,20.25,38.39725785402992,42.61447621981
2007-09-29,15.64,21.66,10.12,0.0,19.94,38.39725785402992,42.61447621981
2007-09-30,16.44,21.35,12.39,0.0,17.2,38.39725785402992,42.61447621981
2007-10-01,17.4,21.41,13.73,0.0,15.03,38.39725785402992,42.61447621981
2007-10-02,17.24,21.15,13.64,0.0,18.19,38.39725785402992,42.61447621981
2007-10-03,17.88,22.53,14.73,0.0,19.06,38.39725785402992,42.61447621981
2007-10-04,17.49,22.08,13.12,0.0,18.69,38.39725785402992,42.61447621981
2007-10-05,15.99,21.29,11.84,0.87,6.62,38.39725785402992,42.61447621981
2007-10-06,15.09,20.56,10.76,1.17,14.33,38.39725785402992,42.61447621981
2007-10-07,13.48,17.28,9.69,0.43,12.63,38.39725785402992,42.61447621981
2007-10-08,14.99,19.29,11.39,0.0,16.7,38.39725785402992,42.61447621981
2007-10-09,16.04,20.55,11.83,0.0,17.56,38.39725785402992,42.61447621981
2007-10-10,15.56,20.35,11.9,0.0,15.35,38.39725785402992,42.61447621981
2007-10-11,14.29,16.74,11.9,0.15,13.98,38.39725785402992,42.61447621981
2007-10-12,14.93,19.62,11.5,0.0,14.62,38.39725785402992,42.61447621981
2007-10-13,14.64,20.15,9.92,0.86,13.5,38.39725785402992,42.61447621981
2007-10-14,12.98,18.66,9.33,0.6,12.81,38.39725785402992,42.61447621981
2007-10-15,13.0,18.15,10.42,0.7,8.01,38.39725785402992,42.61447621981
2007-10-16,12.46,17.83,8.14,2.33,13.6,38.39725785402992,42.61447621981
2007-10-17,7.01,11.42,3.47,0.16,16.97,38.39725785402992,42.61447621981
2007-10-18,8.3,13.9,2.62,0.0,17.48,38.39725785402992,42.61447621981
2007-10-19,10.66,16.23,6.95,0.0,17.04,38.39725785402992,42.61447621981
2007-10-20,9.84,13.65,6.98,2.96,8.44,38.39725785402992,42.61447621981
2007-10-21,10.86,15.47,7.4,0.0,14.87,38.39725785402992,42.61447621981
2007-10-22,12.16,16.47,8.26,0.0,15.19,38.39725785402992,42.61447621981
2007-10-23,12.87,17.37,9.95,0.0,14.0,38.39725785402992,42.61447621981
2007-10-24,12.76,16.78,9.38,0.0,14.76,38.39725785402992,42.61447621981
2007-10-25,13.69,18.17,9.37,0.01,13.41,38.39725785402992,42.61447621981
2007-10-26,12.83,16.22,10.46,2.49,6.84,38.39725785402992,42.61447621981
2007-10-27,11.43,16.56,6.13,1.37,11.63,38.39725785402992,42.61447621981
2007-10-28,9.8,14.46,5.83,0.13,11.79,38.39725785402992,42.61447621981
2007-10-29,9.76,13.88,6.95,0.04,13.27,38.39725785402992,42.61447621981
2007-10-30,8.77,14.05,4.99,0.9,13.87,38.39725785402992,42.61447621981
2007-10-31,5.93,9.86,3.21,6.57,3.37,38.39725785402992,42.61447621981
2007-11-01,6.59,11.04,2.5,2.87,12.16,38.39725785402992,42.61447621981
2007-11-02,8.54,13.3,5.06,0.0,14.16,38.39725785402992,42.61447621981
2007-11-03,6.82,12.0,2.54,0.01,11.64,38.39725785402992,42.61447621981
2007-11-04,4.75,13.01,-0.53,0.0,14.72,38.39725785402992,42.61447621981
2007-11-05,5.06,9.88,1.81,0.39,8.49,38.39725785402992,42.61447621981
2007-11-06,7.63,12.53,3.57,2.06,7.36,38.39725785402992,42.61447621981
2007-11-07,7.41,9.28,4.17,5.16,4.51,38.39725785402992,42.61447621981
2007-11-08,4.68,8.74,1.6,0.4,8.48,38.39725785402992,42.61447621981
2007-11-09,3.4,7.09,0.44,7.95,4.52,38.39725785402992,42.61447621981
2007-11-10,1.48,7.07,-1.65,0.06,10.43,38.39725785402992,42.61447621981
2007-11-11,2.63,7.21,-1.58,5.02,5.43,38.39725785402992,42.61447621981
2007-11-12,1.91,4.94,-1.03,1.5,11.39,38.39725785402992,42.61447621981
2007-11-13,2.13,7.75,-1.03,0.0,12.01,38.39725785402992,42.61447621981
2007-11-14,2.28,7.26,-0.79,0.01,10.76,38.39725785402992,42.61447621981
2007-11-15,4.69,8.71,1.11,0.18,10.07,38.39725785402992,42.61447621981
2007-11-16,6.19,10.7,3.6,0.0,11.41,38.39725785402992,42.61447621981
2007-11-17,5.23,10.01,1.61,0.0,11.49,38.39725785402992,42.61447621981
2007-11-18,5.52,11.28,1.46,0.0,10.76,38.39725785402992,42.61447621981
2007-11-19,4.75,9.05,2.28,0.06,9.67,38.39725785402992,42.61447621981
2007-11-20,4.44,8.88,1.76,0.9,7.16,38.39725785402992,42.61447621981
2007-11-21,3.31,6.87,1.37,11.15,3.24,38.39725785402992,42.61447621981
2007-11-22,1.52,3.86,-0.22,10.83,4.2,38.39725785402992,42.61447621981
2007-11-23,-0.67,0.81,-2.91,12.86,3.16,38.39725785402992,42.61447621981
2007-11-24,-2.47,0.63,-5.21,6.6,7.15,38.39725785402992,42.61447621981
2007-11-25,-4.75,-1.35,-6.86,0.01,8.2,38.39725785402992,42.61447621981
2007-11-26,-3.14,1.51,-7.24,0.0,8.75,38.39725785402992,42.61447621981
2007-11-27,-1.02,3.54,-3.67,0.0,7.05,38.39725785402992,42.61447621981
2007-11-28,-1.77,1.42,-3.2,1.95,5.38,38.39725785402992,42.61447621981
2007-11-29,-4.39,-2.21,-6.98,0.92,7.44,38.39725785402992,42.61447621981
2007-11-30,-2.37,3.68,-7.49,0.0,8.91,38.39725785402992,42.61447621981
2007-12-01,0.56,5.06,-2.26,0.37,6.67,38.39725785402992,42.61447621981
2007-12-02,-1.54,1.06,-6.43,6.43,4.05,38.39725785402992,42.61447621981
2007-12-03,-5.55,-1.02,-10.03,0.02,9.51,38.39725785402992,42.61447621981
2007-12-04,-4.12,1.04,-7.77,0.0,9.17,38.39725785402992,42.61447621981
2007-12-05,-1.88,1.6,-4.62,4.54,2.93,38.39725785402992,42.61447621981
2007-12-06,0.0,3.15,-3.85,17.29,3.82,38.39725785402992,42.61447621981
2007-12-07,0.81,2.41,-1.66,5.87,7.91,38.39725785402992,42.61447621981
2007-12-08,-1.36,1.79,-3.37,0.44,8.29,38.39725785402992,42.61447621981
2007-12-09,-1.95,1.49,-4.21,0.0,8.75,38.39725785402992,42.61447621981
2007-12-10,-1.42,1.94,-4.26,1.94,4.45,38.39725785402992,42.61447621981
2007-12-11,-0.34,2.57,-2.26,1.87,4.0,38.39725785402992,42.61447621981
2007-12-12,0.71,3.79,-1.19,0.55,5.11,38.39725785402992,42.61447621981
2007-12-13,0.89,4.02,-0.82,1.53,3.8,38.39725785402992,42.61447621981
2007-12-14,1.1,3.19,0.06,3.63,5.33,38.39725785402992,42.61447621981
2007-12-15,0.08,2.31,-1.21,0.98,4.83,38.39725785402992,42.61447621981
2007-12-16,0.32,3.61,-2.01,0.0,8.27,38.39725785402992,42.61447621981
2007-12-17,-2.84,-0.6,-6.48,7.91,1.59,38.39725785402992,42.61447621981
2007-12-18,-4.82,-1.46,-8.57,1.93,6.07,38.39725785402992,42.61447621981
2007-12-19,-10.94,-6.85,-17.5,6.17,4.62,38.39725785402992,42.61447621981
2007-12-20,-10.72,-4.26,-17.48,0.0,9.11,38.39725785402992,42.61447621981
2007-12-21,-9.66,-3.92,-13.43,0.0,8.33,38.39725785402992,42.61447621981
2007-12-22,-10.09,-4.61,-13.17,0.0,9.42,38.39725785402992,42.61447621981
2007-12-23,-10.4,-2.75,-15.01,0.0,9.04,38.39725785402992,42.61447621981
2007-12-24,-10.11,-1.91,-15.88,0.0,9.67,38.39725785402992,42.61447621981
2007-12-25,-9.33,-2.58,-14.2,0.0,9.93,38.39725785402992,42.61447621981
2007-12-26,-9.47,-2.7,-14.03,0.0,8.51,38.39725785402992,42.61447621981
2007-12-27,-9.69,-2.89,-14.04,0.0,9.32,38.39725785402992,42.61447621981
2007-12-28,-8.65,-1.03,-12.48,0.0,8.61,38.39725785402992,42.61447621981
2007-12-29,-11.03,-3.07,-16.99,0.0,8.61,38.39725785402992,42.61447621981
2007-12-30,-8.83,-3.87,-12.83,0.03,6.76,38.39725785402992,42.61447621981
2007-12-31,-8.34,-3.3,-12.05,0.48,7.13,38.39725785402992,42.61447621981
2008-01-01,-8.79,-2.92,-15.2,0.77,7.73,38.39725785402992,42.61447621981
2008-01-02,-5.42,0.27,-8.78,0.0,7.14,38.39725785402992,42.61447621981
2008-01-03,-5.87,0.7,-10.52,0.0,9.42,38.39725785402992,42.61447621981
2008-01-04,-4.65,0.28,-8.89,2.24,4.68,38.39725785402992,42.61447621981
2008-01-05,-6.29,-3.54,-10.59,9.28,5.47,38.39725785402992,42.61447621981
2008-01-06,-13.2,-7.28,-19.42,0.2,7.85,38.39725785402992,42.61447621981
2008-01-07,-16.6,-8.98,-23.57,0.0,10.23,38.39725785402992,42.61447621981
2008-01-08,-13.31,-7.58,-18.28,1.04,8.48,38.39725785402992,42.61447621981
2008-01-09,-15.58,-9.91,-21.41,0.35,9.55,38.39725785402992,42.61447621981
2008-01-10,-16.51,-9.18,-22.68,0.0,9.83,38.39725785402992,42.61447621981
2008-01-11,-16.63,-8.11,-21.79,0.0,8.78,38.39725785402992,42.61447621981
2008-01-12,-16.66,-7.21,-23.64,0.0,9.99,38.39725785402992,42.61447621981
2008-01-13,-17.16,-8.24,-22.9,0.0,9.75,38.39725785402992,42.61447621981
2008-01-14,-17.72,-8.27,-23.62,0.0,11.3,38.39725785402992,42.61447621981
2008-01-15,-16.33,-8.02,-24.15,0.0,11.2,38.39725785402992,42.61447621981
2008-01-16,-8.66,-2.4,-13.88,0.0,10.34,38.39725785402992,42.61447621981
2008-01-17,-8.27,-1.75,-13.84,0.0,11.61,38.39725785402992,42.61447621981
2008-01-18,-9.43,-1.73,-15.68,0.0,9.99,38.39725785402992,42.61447621981
2008-01-19,-8.63,-0.4,-15.0,0.0,11.36,38.39725785402992,42.61447621981
2008-01-20,-11.51,-5.65,-16.52,0.0,11.07,38.39725785402992,42.61447621981
2008-01-21,-10.02,-1.98,-16.45,0.0,10.77,38.39725785402992,42.61447621981
2008-01-22,-8.83,-2.01,-16.07,0.0,11.49,38.39725785402992,42.61447621981
2008-01-23,-6.23,-0.87,-11.19,0.0,8.56,38.39725785402992,42.61447621981
2008-01-24,-6.23,-0.51,-13.13,0.0,11.07,38.39725785402992,42.61447621981
2008-01-25,-4.77,0.7,-9.67,0.25,9.8,38.39725785402992,42.61447621981
2008-01-26,-5.75,-1.75,-10.89,0.03,9.9,38.39725785402992,42.61447621981
2008-01-27,-7.17,-2.06,-11.86,0.69,10.21,38.39725785402992,42.61447621981
2008-01-28,-5.91,-3.13,-8.33,2.63,7.66,38.39725785402992,42.61447621981
2008-01-29,-2.38,-0.16,-5.12,13.24,4.18,38.39725785402992,42.61447621981
2008-01-30,-4.61,-1.66,-9.44,11.55,2.77,38.39725785402992,42.61447621981
2008-01-31,-10.26,-4.18,-16.25,1.55,6.17,38.39725785402992,42.61447621981
2008-02-01,-12.84,-3.88,-19.97,0.5,12.69,38.39725785402992,42.61447621981
2008-02-02,-13.88,-6.2,-19.78,0.0,12.1,38.39725785402992,42.61447621981
2008-02-03,-14.22,-5.55,-20.96,0.0,12.67,38.39725785402992,42.61447621981
2008-02-04,-11.13,-2.47,-19.3,0.0,13.81,38.39725785402992,42.61447621981
2008-02-05,-8.4,-1.22,-15.01,0.0,13.5,38.39725785402992,42.61447621981
2008-02-06,-6.57,-0.51,-11.95,0.0,13.48,38.39725785402992,42.61447621981
2008-02-07,-6.56,-0.29,-12.09,0.0,13.98,38.39725785402992,42.61447621981
2008-02-08,-6.25,-1.73,-11.65,9.88,9.19,38.39725785402992,42.61447621981
2008-02-09,-4.77,0.12,-9.92,2.12,11.39,38.39725785402992,42.61447621981
2008-02-10,-4.28,0.35,-8.5,0.01,13.01,38.39725785402992,42.61447621981
2008-02-11,-3.03,1.19,-8.25,1.19,12.46,38.39725785402992,42.61447621981
2008-02-12,-2.84,-0.49,-5.14,6.21,9.39,38.39725785402992,42.61447621981
2008-02-13,-4.35,-1.56,-7.09,2.44,10.88,38.39725785402992,42.61447621981
2008-02-14,-5.1,-1.45,-8.61,3.97,4.97,38.39725785402992,42.61447621981
2008-02-15,-8.09,-5.34,-14.16,6.29,13.49,38.39725785402992,42.61447621981
2008-02-16,-11.71,-4.7,-18.65,0.21,9.76,38.39725785402992,42.61447621981
2008-02-17,-7.04,-1.44,-13.93,1.77,12.27,38.39725785402992,42.61447621981
2008-02-18,-1.61,1.39,-5.79,3.54,6.4,38.39725785402992,42.61447621981
2008-02-19,-4.91,0.52,-10.12,2.88,7.89,38.39725785402992,42.61447621981
2008-02-20,-11.45,-8.0,-16.4,0.65,10.6,38.39725785402992,42.61447621981
2008-02-21,-10.58,-3.5,-17.67,0.0,15.47,38.39725785402992,42.61447621981
2008-02-22,-7.25,-1.41,-14.19,0.0,15.97,38.39725785402992,42.61447621981
2008-02-23,-4.89,0.42,-9.51,0.0,16.05,38.39725785402992,42.61447621981
2008-02-24,-4.55,0.03,-8.64,1.17,13.23,38.39725785402992,42.61447621981
2008-02-25,-1.95,0.65,-5.57,4.99,9.49,38.39725785402992,42.61447621981
2008-02-26,-1.73,0.22,-4.06,7.24,10.33,38.39725785402992,42.61447621981
2008-02-27,-2.28,1.82,-6.54,0.01,15.48,38.39725785402992,42.61447621981
2008-02-28,-0.54,3.8,-3.8,0.0,16.9,38.39725785402992,42.61447621981
2008-02-29,0.8,4.98,-2.67,0.03,16.11,38.39725785402992,42.61447621981
2008-03-01,1.54,5.05,-0.77,0.38,12.72,38.39725785402992,42.61447621981
2008-03-02,1.65,5.62,-0.44,0.37,11.24,38.39725785402992,42.61447621981
2008-03-03,0.88,3.5,-2.3,12.88,5.42,38.39725785402992,42.61447621981
2008-03-04,-1.85,2.35,-6.63,1.25,15.1,38.39725785402992,42.61447621981
2008-03-05,3.1,8.25,-0.75,0.0,16.98,38.39725785402992,42.61447621981
2008-03-06,4.67,8.19,1.8,0.0,14.36,38.39725785402992,42.61447621981
2008-03-07,5.76,10.06,2.99,0.0,17.11,38.39725785402992,42.61447621981
2008-03-08,6.72,11.59,3.19,0.0,15.6,38.39725785402992,42.61447621981
2008-03-09,7.69,12.33,4.12,0.13,15.49,38.39725785402992,42.61447621981
2008-03-10,8.12,13.2,4.62,0.74,14.25,38.39725785402992,42.61447621981
2008-03-11,6.42,10.91,2.46,0.56,14.92,38.39725785402992,42.61447621981
2008-03-12,4.48,8.96,1.4,0.01,17.51,38.39725785402992,42.61447621981
2008-03-13,3.36,6.95,0.9,2.07,12.72,38.39725785402992,42.61447621981
2008-03-14,1.34,3.64,-0.82,9.51,11.13,38.39725785402992,42.61447621981
2008-03-15,-1.53,0.14,-4.93,5.88,11.25,38.39725785402992,42.61447621981
2008-03-16,-1.53,2.42,-5.61,0.0,11.36,38.39725785402992,42.61447621981
2008-03-17,1.56,6.57,-2.91,0.0,19.83,38.39725785402992,42.61447621981
2008-03-18,3.64,8.84,-0.18,0.0,19.83,38.39725785402992,42.61447621981
2008-03-19,4.54,9.22,0.95,0.0,17.6,38.39725785402992,42.61447621981
2008-03-20,4.82,9.62,1.03,0.03,20.58,38.39725785402992,42.61447621981
2008-03-21,5.25,8.32,2.17,0.7,7.5,38.39725785402992,42.61447621981
2008-03-22,7.29,12.57,2.92,0.02,13.02,38.39725785402992,42.61447621981
2008-03-23,9.1,14.44,4.35,0.0,21.13,38.39725785402992,42.61447621981
2008-03-24,10.98,17.4,6.42,0.0,21.32,38.39725785402992,42.61447621981
2008-03-25,10.51,16.15,5.28,0.0,21.91,38.39725785402992,42.61447621981
2008-03-26,8.42,13.62,4.42,0.0,20.53,38.39725785402992,42.61447621981
2008-03-27,8.13,13.7,3.76,0.0,22.7,38.39725785402992,42.61447621981
2008-03-28,7.34,11.53,3.26,0.0,22.91,38.39725785402992,42.61447621981
2008-03-29,7.88,12.6,3.23,0.0,23.14,38.39725785402992,42.61447621981
2008-03-30,10.5,16.93,5.91,0.29,23.94,38.39725785402992,42.61447621981
2008-03-31,7.13,12.39,2.32,3.02,21.62,38.39725785402992,42.61447621981
2008-04-01,5.55,9.72,1.05,1.35,15.84,38.39725785402992,42.61447621981
2008-04-02,1.96,5.4,-0.65,0.25,16.63,38.39725785402992,42.61447621981
2008-04-03,3.13,8.55,-1.2,0.0,19.38,38.39725785402992,42.61447621981
2008-04-04,3.85,7.82,0.39,4.1,9.4,38.39725785402992,42.61447621981
2008-04-05,3.73,7.82,-0.21,1.03,19.17,38.39725785402992,42.61447621981
2008-04-06,6.47,10.76,2.31,0.03,17.88,38.39725785402992,42.61447621981
2008-04-07,6.46,13.36,2.86,8.16,8.51,38.39725785402992,42.61447621981
2008-04-08,6.55,12.09,2.54,0.18,22.22,38.39725785402992,42.61447621981
2008-04-09,3.67,5.62,1.13,5.65,10.82,38.39725785402992,42.61447621981
2008-04-10,4.54,9.07,0.74,0.08,12.21,38.39725785402992,42.61447621981
2008-04-11,6.28,9.63,2.87,0.05,14.21,38.39725785402992,42.61447621981
2008-04-12,7.73,11.51,4.46,0.03,18.42,38.39725785402992,42.61447621981
2008-04-13,10.59,16.01,5.36,0.0,25.0,38.39725785402992,42.61447621981
2008-04-14,13.61,19.16,8.33,0.01,23.11,38.39725785402992,42.61447621981
2008-04-15,13.83,19.76,8.57,0.0,23.04,38.39725785402992,42.61447621981
2008-04-16,13.25,18.47,8.27,0.33,17.23,38.39725785402992,42.61447621981
2008-04-17,7.74,12.63,1.02,0.0,25.82,38.39725785402992,42.61447621981
2008-04-18,6.29,11.95,-0.91,0.0,23.57,38.39725785402992,42.61447621981
2008-04-19,9.06,13.65,4.95,0.58,22.42,38.39725785402992,42.61447621981
2008-04-20,8.23,13.79,1.98,0.0,25.42,38.39725785402992,42.61447621981
2008-04-21,11.39,15.36,7.39,0.28,23.51,38.39725785402992,42.61447621981
2008-04-22,13.94,19.1,8.64,0.02,26.73,38.39725785402992,42.61447621981
2008-04-23,16.54,21.74,11.92,0.01,24.65,38.39725785402992,42.61447621981
2008-04-24,16.85,22.16,12.32,0.0,25.4,38.39725785402992,42.61447621981
2008-04-25,16.47,22.13,10.93,0.0,26.02,38.39725785402992,42.61447621981
2008-04-26,17.34,23.02,12.52,0.0,20.96,38.39725785402992,42.61447621981
2008-04-27,16.54,22.45,12.04,0.0,21.66,38.39725785402992,42.61447621981
2008-04-28,14.63,19.75,10.27,0.0,25.87,38.39725785402992,42.61447621981
2008-04-29,12.0,17.08,8.98,4.56,10.15,38.39725785402992,42.61447621981
2008-04-30,11.1,15.39,7.81,0.4,21.62,38.39725785402992,42.61447621981
2008-05-01,10.7,15.54,7.16,0.0,27.75,38.39725785402992,42.61447621981
2008-05-02,10.05,14.5,5.93,0.28,24.8,38.39725785402992,42.61447621981
2008-05-03,7.22,10.21,4.63,8.51,12.11,38.39725785402992,42.61447621981
2008-05-04,9.47,14.22,4.71,0.6,23.19,38.39725785402992,42.61447621981
2008-05-05,11.93,18.0,6.31,0.0,24.54,38.39725785402992,42.61447621981
2008-05-06,8.19,12.56,3.71,4.71,21.96,38.39725785402992,42.61447621981
2008-05-07,6.62,11.27,2.74,0.39,24.44,38.39725785402992,42.61447621981
2008-05-08,6.88,12.0,3.71,0.06,17.21,38.39725785402992,42.61447621981
2008-05-09,5.23,8.36,3.79,4.71,12.48,38.39725785402992,42.61447621981
2008-05-10,5.56,8.92,2.69,4.05,19.05,38.39725785402992,42.61447621981
2008-05-11,6.7,10.9,2.47,4.36,17.08,38.39725785402992,42.61447621981
2008-05-12,7.21,10.63,2.92,0.51,15.98,38.39725785402992,42.61447621981
2008-05-13,8.16,12.92,3.94,0.36,18.04,38.39725785402992,42.61447621981
2008-05-14,9.37,13.94,4.8,0.84,31.17,38.39725785402992,42.61447621981
2008-05-15,9.65,16.9,4.66,3.32,17.92,38.39725785402992,42.61447621981
2008-05-16,11.78,17.57,4.9,0.69,21.86,38.39725785402992,42.61447621981
2008-05-17,12.15,16.48,6.58,0.62,21.7,38.39725785402992,42.61447621981
2008-05-18,13.61,17.94,9.83,1.47,20.35,38.39725785402992,42.61447621981
2008-05-19,13.76,17.88,9.82,0.77,24.4,38.39725785402992,42.61447621981
2008-05-20,13.55,17.46,9.59,0.16,25.99,38.39725785402992,42.61447621981
2008-05-21,15.13,20.34,8.7,0.0,31.33,38.39725785402992,42.61447621981
2008-05-22,17.18,22.56,10.54,0.0,31.46,38.39725785402992,42.61447621981
2008-05-23,19.06,24.36,13.12,0.0,30.81,38.39725785402992,42.61447621981
2008-05-24,20.64,24.88,15.81,0.0,27.6,38.39725785402992,42.61447621981
2008-05-25,18.05,23.2,13.69,0.0,23.59,38.39725785402992,42.61447621981
2008-05-26,15.81,20.82,10.3,0.48,28.75,38.39725785402992,42.61447621981
2008-05-27,13.58,18.26,9.11,0.02,18.37,38.39725785402992,42.61447621981
2008-05-28,14.69,20.04,9.14,0.01,24.49,38.39725785402992,42.61447621981
2008-05-29,15.32,21.15,9.06,0.69,29.36,38.39725785402992,42.61447621981
2008-05-30,13.29,20.38,7.17,0.37,30.46,38.39725785402992,42.61447621981
2008-05-31,14.43,20.71,7.79,0.0,32.24,38.39725785402992,42.61447621981
2008-06-01,17.08,22.16,12.55,0.0,32.21,38.39725785402992,42.61447621981
2008-06-02,18.02,24.14,11.46,0.0,23.12,38.39725785402992,42.61447621981
2008-06-03,17.56,23.17,11.84,0.0,28.74,38.39725785402992,42.61447621981
2008-06-04,16.56,22.06,10.91,0.0,32.22,38.39725785402992,42.61447621981
2008-06-05,17.9,23.05,13.73,0.0,32.89,38.39725785402992,42.61447621981
2008-06-06,19.31,24.32,14.12,0.0,32.01,38.39725785402992,42.61447621981
2008-06-07,18.5,23.73,13.44,0.0,31.81,38.39725785402992,42.61447621981
2008-06-08,17.43,22.42,12.47,0.02,29.39,38.39725785402992,42.61447621981
2008-06-09,17.55,23.53,12.11,0.12,27.91,38.39725785402992,42.61447621981
2008-06-10,18.5,24.75,12.77,0.27,27.45,38.39725785402992,42.61447621981
2008-06-11,17.4,21.98,12.53,1.81,24.53,38.39725785402992,42.61447621981
2008-06-12,14.13,17.66,10.33,3.51,17.88,38.39725785402992,42.61447621981
2008-06-13,15.98,21.1,10.24,0.01,28.74,38.39725785402992,42.61447621981
2008-06-14,18.91,24.69,13.77,0.04,30.39,38.39725785402992,42.61447621981
2008-06-15,19.13,25.13,11.94,0.16,31.7,38.39725785402992,42.61447621981
2008-06-16,19.33,25.35,12.23,0.74,30.89,38.39725785402992,42.61447621981
2008-06-17,18.23,24.37,11.28,0.0,30.32,38.39725785402992,42.61447621981
2008-06-18,18.42,23.44,13.5,0.8,28.11,38.39725785402992,42.61447621981
2008-06-19,18.93,25.35,12.24,0.0,32.11,38.39725785402992,42.61447621981
2008-06-20,21.57,27.65,14.68,0.0,31.36,38.39725785402992,42.61447621981
2008-06-21,21.64,28.32,14.89,0.06,30.67,38.39725785402992,42.61447621981
2008-06-22,19.31,25.57,13.82,0.66,27.56,38.39725785402992,42.61447621981
2008-06-23,17.73,22.59,12.53,0.05,28.37,38.39725785402992,42.61447621981
2008-06-24,18.18,24.0,12.67,0.01,29.29,38.39725785402992,42.61447621981
2008-06-25,20.59,27.26,13.51,0.0,31.49,38.39725785402992,42.61447621981
2008-06-26,21.97,28.3,15.19,0.0,31.17,38.39725785402992,42.61447621981
2008-06-27,24.15,30.66,16.55,0.0,31.29,38.39725785402992,42.61447621981
2008-06-28,23.37,30.23,17.15,0.02,31.38,38.39725785402992,42.61447621981
2008-06-29,21.92,28.05,15.77,0.0,30.04,38.39725785402992,42.61447621981
2008-06-30,20.21,25.54,15.02,0.02,27.87,38.39725785402992,42.61447621981
2008-07-01,19.08,24.8,13.91,0.0,31.15,38.39725785402992,42.61447621981
2008-07-02,21.6,27.83,14.76,0.04,27.8,38.39725785402992,42.61447621981
2008-07-03,21.05,27.39,14.88,0.07,31.59,38.39725785402992,42.61447621981
2008-07-04,18.72,25.82,11.28,0.0,31.39,38.39725785402992,42.61447621981
2008-07-05,21.39,28.18,14.52,0.0,31.72,38.39725785402992,42.61447621981
2008-07-06,22.23,28.43,16.64,0.0,31.48,38.39725785402992,42.61447621981
2008-07-07,19.59,27.01,12.79,1.43,28.72,38.39725785402992,42.61447621981
2008-07-08,16.54,21.72,12.95,3.61,27.68,38.39725785402992,42.61447621981
2008-07-09,19.89,27.35,11.81,0.0,29.93,38.39725785402992,42.61447621981
2008-07-10,22.62,28.48,16.76,0.0,28.68,38.39725785402992,42.61447621981
2008-07-11,23.73,30.01,16.63,0.0,29.81,38.39725785402992,42.61447621981
2008-07-12,24.04,31.14,16.26,0.04,29.61,38.39725785402992,42.61447621981
2008-07-13,25.09,31.87,18.34,0.01,29.84,38.39725785402992,42.61447621981
2008-07-14,24.94,31.28,19.55,0.0,30.59,38.39725785402992,42.61447621981
2008-07-15,22.41,28.42,16.63,0.44,28.49,38.39725785402992,42.61447621981
2008-07-16,22.98,29.05,15.91,0.04,29.07,38.39725785402992,42.61447621981
2008-07-17,25.24,30.92,20.53,0.06,30.64,38.39725785402992,42.61447621981
2008-07-18,24.75,31.2,18.82,0.0,31.26,38.39725785402992,42.61447621981
2008-07-19,24.85,32.11,15.89,0.01,31.28,38.39725785402992,42.61447621981
2008-07-20,26.91,33.89,19.22,0.0,30.52,38.39725785402992,42.61447621981
2008-07-21,27.07,33.64,20.53,0.09,29.64,38.39725785402992,42.61447621981
2008-07-22,25.35,31.47,19.64,0.0,29.54,38.39725785402992,42.61447621981
2008-07-23,25.37,29.92,20.26,0.0,26.89,38.39725785402992,42.61447621981
2008-07-24,26.31,30.89,20.4,0.0,27.79,38.39725785402992,42.61447621981
2008-07-25,27.44,31.78,23.56,0.14,25.08,38.39725785402992,42.61447621981
2008-07-26,26.23,31.3,21.13,0.0,29.46,38.39725785402992,42.61447621981
2008-07-27,24.94,30.48,18.78,0.0,29.55,38.39725785402992,42.61447621981
2008-07-28,24.47,31.56,18.7,0.0,30.6,38.39725785402992,42.61447621981
2008-07-29,25.17,32.99,17.0,0.0,29.1,38.39725785402992,42.61447621981
2008-07-30,26.72,33.89,18.44,0.0,28.83,38.39725785402992,42.61447621981
2008-07-31,27.75,34.32,19.81,0.0,27.69,38.39725785402992,42.61447621981
2008-08-01,28.58,34.74,22.06,0.0,26.3,38.39725785402992,42.61447621981
2008-08-02,27.83,34.62,20.0,0.0,26.21,38.39725785402992,42.61447621981
2008-08-03,28.11,34.39,22.87,0.0,27.83,38.39725785402992,42.61447621981
2008-08-04,27.54,34.06,22.04,0.0,28.09,38.39725785402992,42.61447621981
2008-08-05,26.38,33.91,19.47,0.0,27.71,38.39725785402992,42.61447621981
2008-08-06,25.3,32.65,18.64,0.0,27.04,38.39725785402992,42.61447621981
2008-08-07,24.15,30.18,18.05,0.33,25.32,38.39725785402992,42.61447621981
2008-08-08,23.86,29.36,18.7,1.13,21.09,38.39725785402992,42.61447621981
2008-08-09,22.55,26.48,18.2,1.25,24.33,38.39725785402992,42.61447621981
2008-08-10,22.0,26.85,15.81,0.09,27.38,38.39725785402992,42.61447621981
2008-08-11,23.97,28.8,18.89,0.01,25.06,38.39725785402992,42.61447621981
2008-08-12,25.06,29.17,20.64,0.0,24.71,38.39725785402992,42.61447621981
2008-08-13,24.82,30.71,18.37,0.94,25.23,38.39725785402992,42.61447621981
2008-08-14,23.98,30.27,16.9,0.01,25.19,38.39725785402992,42.61447621981
2008-08-15,23.91,30.51,17.88,0.0,26.16,38.39725785402992,42.61447621981
2008-08-16,23.2,28.13,19.22,0.09,22.35,38.39725785402992,42.61447621981
2008-08-17,23.38,28.71,19.55,0.05,26.19,38.39725785402992,42.61447621981
2008-08-18,24.41,30.68,18.07,0.0,24.09,38.39725785402992,42.61447621981
2008-08-19,25.0,30.39,18.94,0.0,24.36,38.39725785402992,42.61447621981
2008-08-20,26.34,31.42,20.24,0.23,21.66,38.39725785402992,42.61447621981
2008-08-21,24.8,29.74,20.77,0.24,20.32,38.39725785402992,42.61447621981
2008-08-22,23.63,27.1,19.18,0.1,15.9,38.39725785402992,42.61447621981
2008-08-23,23.42,29.02,18.56,0.31,18.62,38.39725785402992,42.61447621981
2008-08-24,22.87,26.84,18.88,0.67,17.28,38.39725785402992,42.61447621981
2008-08-25,22.1,27.6,16.08,1.5,18.48,38.39725785402992,42.61447621981
2008-08-26,23.35,29.55,17.15,0.02,22.04,38.39725785402992,42.61447621981
2008-08-27,23.79,29.18,19.12,0.03,22.32,38.39725785402992,42.61447621981
2008-08-28,23.76,29.48,18.19,0.0,23.44,38.39725785402992,42.61447621981
2008-08-29,24.63,30.41,19.87,0.01,20.9,38.39725785402992,42.61447621981
2008-08-30,24.82,31.01,18.69,0.01,23.14,38.39725785402992,42.61447621981
2008-08-31,22.78,29.04,17.71,0.0,25.32,38.39725785402992,42.61447621981
2008-09-01,22.45,29.04,16.55,0.0,25.3,38.39725785402992,42.61447621981
2008-09-02,23.26,29.68,17.56,0.0,24.79,38.39725785402992,42.61447621981
2008-09-03,23.58,29.24,18.45,1.25,22.57,38.39725785402992,42.61447621981
2008-09-04,23.31,29.25,18.18,0.0,24.18,38.39725785402992,42.61447621981
2008-09-05,23.24,29.57,17.75,0.0,20.62,38.39725785402992,42.61447621981
2008-09-06,22.6,28.92,17.73,0.0,23.92,38.39725785402992,42.61447621981
2008-09-07,21.06,27.52,16.24,0.0,24.45,38.39725785402992,42.61447621981
2008-09-08,21.07,26.95,16.02,0.43,21.11,38.39725785402992,42.61447621981
2008-09-09,19.72,25.04,14.1,0.03,18.13,38.39725785402992,42.61447621981
2008-09-10,18.11,20.7,15.15,1.87,13.84,38.39725785402992,42.61447621981
2008-09-11,17.89,22.83,13.56,0.17,17.58,38.39725785402992,42.61447621981
2008-09-12,17.51,22.85,12.8,0.01,23.31,38.39725785402992,42.61447621981
2008-09-13,18.45,24.23,13.37,0.0,21.24,38.39725785402992,42.61447621981
2008-09-14,17.75,21.76,14.22,1.2,14.61,38.39725785402992,42.61447621981
2008-09-15,18.82,24.61,12.4,0.04,21.55,38.39725785402992,42.61447621981
2008-09-16,20.37,25.99,15.27,0.0,21.52,38.39725785402992,42.61447621981
2008-09-17,20.71,26.39,16.57,0.0,21.07,38.39725785402992,42.61447621981
2008-09-18,19.08,24.69,15.02,0.0,21.2,38.39725785402992,42.61447621981
2008-09-19,17.71,23.91,13.02,0.0,21.59,38.39725785402992,42.61447621981
2008-09-20,16.41,21.95,11.55,0.0,17.39,38.39725785402992,42.61447621981
2008-09-21,17.9,23.24,13.31,0.0,18.82,38.39725785402992,42.61447621981
2008-09-22,17.92,23.34,13.35,0.0,19.91,38.39725785402992,42.61447621981
2008-09-23,13.15,19.75,10.12,10.3,11.28,38.39725785402992,42.61447621981
2008-09-24,14.25,19.74,10.2,0.5,17.58,38.39725785402992,42.61447621981
2008-09-25,14.06,19.42,10.62,0.0,18.14,38.39725785402992,42.61447621981
2008-09-26,14.07,18.45,11.32,0.58,16.0,38.39725785402992,42.61447621981
2008-09-27,11.35,14.89,8.8,17.81,2.94,38.39725785402992,42.61447621981
2008-09-28,10.23,14.5,7.27,2.58,14.96,38.39725785402992,42.61447621981
2008-09-29,11.42,16.87,8.09,1.33,17.58,38.39725785402992,42.61447621981
2008-09-30,9.39,12.47,6.92,14.84,3.75,38.39725785402992,42.61447621981
2008-10-01,9.69,13.97,5.22,2.22,19.54,38.39725785402992,42.61447621981
2008-10-02,11.72,16.63,8.51,0.0,20.09,38.39725785402992,42.61447621981
2008-10-03,13.67,19.17,8.47,0.0,19.91,38.39725785402992,42.61447621981
2008-10-04,13.5,18.84,9.4,0.0,17.69,38.39725785402992,42.61447621981
2008-10-05,13.37,18.22,9.84,0.0,18.26,38.39725785402992,42.61447621981
2008-10-06,13.77,19.34,9.94,0.14,16.83,38.39725785402992,42.61447621981
2008-10-07,12.92,18.82,9.06,0.0,18.39,38.39725785402992,42.61447621981
2008-10-08,11.69,17.03,8.21,0.0,17.95,38.39725785402992,42.61447621981
2008-10-09,11.3,15.4,7.95,0.17,16.61,38.39725785402992,42.61447621981
2008-10-10,11.08,16.3,5.52,0.0,16.04,38.39725785402992,42.61447621981
2008-10-11,12.52,17.54,8.16,0.0,16.62,38.39725785402992,42.61447621981
2008-10-12,12.87,18.19,6.92,0.0,16.07,38.39725785402992,42.61447621981
2008-10-13,14.82,20.29,11.23,0.0,14.51,38.39725785402992,42.61447621981
2008-10-14,15.66,21.57,10.92,0.0,16.51,38.39725785402992,42.61447621981
2008-10-15,15.95,21.42,12.55,0.01,11.59,38.39725785402992,42.61447621981
2008-10-16,12.27,16.84,8.02,0.89,13.76,38.39725785402992,42.61447621981
2008-10-17,10.41,14.83,7.72,0.74,13.28,38.39725785402992,42.61447621981
2008-10-18,10.57,14.84,7.45,0.88,13.47,38.39725785402992,42.61447621981
2008-10-19,11.5,15.58,7.94,0.0,14.13,38.39725785402992,42.61447621981
2008-10-20,12.48,17.08,7.92,0.0,15.62,38.39725785402992,42.61447621981
2008-10-21,12.23,17.45,8.61,0.0,15.66,38.39725785402992,42.61447621981
2008-10-22,9.28,11.14,7.59,0.92,7.15,38.39725785402992,42.61447621981
2008-10-23,9.99,15.17,6.75,4.96,8.85,38.39725785402992,42.61447621981
2008-10-24,10.77,15.41,7.54,15.34,9.56,38.39725785402992,42.61447621981
2008-10-25,9.52,14.02,4.8,1.49,7.81,38.39725785402992,42.61447621981
2008-10-26,7.72,12.2,4.0,3.45,9.4,38.39725785402992,42.61447621981
2008-10-27,7.66,10.98,5.86,0.58,8.32,38.39725785402992,42.61447621981
2008-10-28,8.54,11.73,6.3,0.39,10.82,38.39725785402992,42.61447621981
2008-10-29,7.94,11.79,5.23,0.0,10.47,38.39725785402992,42.61447621981
2008-10-30,6.15,10.45,2.89,0.0,8.31,38.39725785402992,42.61447621981
2008-10-31,6.3,10.57,2.03,0.0,12.71,38.39725785402992,42.61447621981
2008-11-01,5.68,10.39,0.92,0.01,11.83,38.39725785402992,42.61447621981
2008-11-02,6.02,10.24,1.19,0.0,12.41,38.39725785402992,42.61447621981
2008-11-03,6.41,9.56,3.18,0.21,8.49,38.39725785402992,42.61447621981
2008-11-04,5.61,8.55,2.85,0.06,11.01,38.39725785402992,42.61447621981
2008-11-05,4.93,10.37,-0.23,0.0,12.81,38.39725785402992,42.61447621981
2008-11-06,5.39,10.24,0.89,0.0,12.64,38.39725785402992,42.61447621981
2008-11-07,5.53,10.46,1.82,0.17,12.66,38.39725785402992,42.61447621981
2008-11-08,5.47,10.73,1.99,0.02,12.08,38.39725785402992,42.61447621981
2008-11-09,4.59,9.11,0.84,0.0,11.74,38.39725785402992,42.61447621981
2008-11-10,2.5,8.16,-1.24,0.0,11.5,38.39725785402992,42.61447621981
2008-11-11,2.83,7.59,-1.51,0.0,10.86,38.39725785402992,42.61447621981
2008-11-12,4.52,9.38,0.75,0.0,11.29,38.39725785402992,42.61447621981
2008-11-13,4.57,8.69,-0.02,0.0,10.89,38.39725785402992,42.61447621981
2008-11-14,4.63,7.15,0.91,0.81,8.69,38.39725785402992,42.61447621981
2008-11-15,2.77,7.46,-1.2,0.02,10.51,38.39725785402992,42.61447621981
2008-11-16,3.2,7.26,-0.24,0.0,11.35,38.39725785402992,42.61447621981
2008-11-17,2.81,7.49,-0.26,0.0,10.35,38.39725785402992,42.61447621981
2008-11-18,2.19,7.17,-0.41,0.0,11.46,38.39725785402992,42.61447621981
2008-11-19,2.28,6.27,-0.77,1.29,2.6,38.39725785402992,42.61447621981
2008-11-20,1.84,4.41,0.71,2.81,2.57,38.39725785402992,42.61447621981
2008-11-21,2.32,5.44,0.74,2.46,4.93,38.39725785402992,42.61447621981
2008-11-22,2.55,6.31,0.59,3.98,5.35,38.39725785402992,42.61447621981
2008-11-23,4.22,7.46,2.08,0.56,4.88,38.39725785402992,42.61447621981
2008-11-24,3.94,7.4,1.46,0.44,6.64,38.39725785402992,42.61447621981
2008-11-25,4.43,7.45,1.78,0.0,7.39,38.39725785402992,42.61447621981
2008-11-26,4.55,9.21,0.68,0.0,9.22,38.39725785402992,42.61447621981
2008-11-27,3.8,8.39,0.85,0.0,10.01,38.39725785402992,42.61447621981
2008-11-28,2.87,5.74,0.48,1.85,4.93,38.39725785402992,42.61447621981
2008-11-29,0.95,2.89,-0.52,4.26,4.47,38.39725785402992,42.61447621981
2008-11-30,2.1,7.11,-1.37,0.0,9.1,38.39725785402992,42.61447621981
2008-12-01,2.76,6.85,-0.35,0.0,9.26,38.39725785402992,42.61447621981
2008-12-02,2.22,7.8,-1.21,0.0,9.95,38.39725785402992,42.61447621981
2008-12-03,2.04,7.52,-1.09,0.0,9.48,38.39725785402992,42.61447621981
2008-12-04,2.17,7.77,-1.14,0.0,9.58,38.39725785402992,42.61447621981
2008-12-05,3.02,8.97,-0.87,0.0,9.58,38.39725785402992,42.61447621981
2008-12-06,2.56,8.0,-0.02,0.0,8.61,38.39725785402992,42.61447621981
2008-12-07,3.43,9.91,-0.94,0.0,9.44,38.39725785402992,42.61447621981
2008-12-08,2.48,7.12,-1.54,0.0,9.57,38.39725785402992,42.61447621981
2008-12-09,0.63,4.5,-1.47,0.97,6.61,38.39725785402992,42.61447621981
2008-12-10,-1.49,1.08,-5.36,15.93,4.38,38.39725785402992,42.61447621981
2008-12-11,-5.49,-1.61,-8.32,0.09,6.87,38.39725785402992,42.61447621981
2008-12-12,-5.65,-1.62,-8.07,0.0,5.04,38.39725785402992,42.61447621981
2008-12-13,-5.35,0.75,-10.31,0.0,7.43,38.39725785402992,42.61447621981
2008-12-14,-6.7,-0.48,-11.3,0.0,7.45,38.39725785402992,42.61447621981
2008-12-15,-9.11,-3.7,-13.84,0.01,7.24,38.39725785402992,42.61447621981
2008-12-16,-9.22,-2.66,-14.57,0.01,7.55,38.39725785402992,42.61447621981
2008-12-17,-8.06,-2.47,-13.47,0.0,7.47,38.39725785402992,42.61447621981
2008-12-18,-6.02,-1.36,-8.36,0.0,7.07,38.39725785402992,42.61447621981
2008-12-19,-5.13,0.45,-9.57,0.0,6.23,38.39725785402992,42.61447621981
2008-12-20,-4.99,1.9,-8.94,0.01,9.17,38.39725785402992,42.61447621981
2008-12-21,-5.24,-0.96,-8.95,2.41,3.56,38.39725785402992,42.61447621981
2008-12-22,-4.01,-0.77,-6.81,5.38,1.89,38.39725785402992,42.61447621981
2008-12-23,-2.16,1.83,-6.8,3.02,3.35,38.39725785402992,42.61447621981
2008-12-24,-1.47,1.25,-4.04,4.45,3.32,38.39725785402992,42.61447621981
2008-12-25,-4.59,-1.03,-10.16,7.42,4.27,38.39725785402992,42.61447621981
2008-12-26,-9.9,-3.22,-15.08,0.14,5.24,38.39725785402992,42.61447621981
2008-12-27,-9.43,-2.23,-14.17,0.0,5.57,38.39725785402992,42.61447621981
2008-12-28,-9.58,-1.68,-15.18,0.0,4.74,38.39725785402992,42.61447621981
2008-12-29,-7.47,-1.72,-11.59,3.4,5.0,38.39725785402992,42.61447621981
2008-12-30,-7.45,-2.97,-10.95,6.09,3.45,38.39725785402992,42.61447621981
2008-12-31,-8.12,-4.29,-11.02,8.0,3.31,38.39725785402992,42.61447621981
2009-01-01,-12.93,-9.28,-18.98,6.54,3.31,38.39725785402992,42.61447621981
2009-01-02,-18.48,-12.45,-23.59,0.14,9.13,38.39725785402992,42.61447621981
2009-01-03,-12.89,-6.22,-18.2,0.0,8.4,38.39725785402992,42.61447621981
2009-01-04,-8.92,-1.79,-14.45,0.04,4.42,38.39725785402992,42.61447621981
2009-01-05,-6.27,-1.26,-9.19,0.33,5.4,38.39725785402992,42.61447621981
2009-01-06,-6.36,-0.99,-10.44,0.57,3.66,38.39725785402992,42.61447621981
2009-01-07,-5.74,-1.24,-9.47,0.98,3.51,38.39725785402992,42.61447621981
2009-01-08,-6.35,-1.83,-11.32,0.82,7.83,38.39725785402992,42.61447621981
2009-01-09,-9.64,-2.51,-18.05,0.23,4.71,38.39725785402992,42.61447621981
2009-01-10,-15.67,-6.97,-24.2,0.0,10.26,38.39725785402992,42.61447621981
2009-01-11,-14.51,-6.72,-21.29,0.0,9.08,38.39725785402992,42.61447621981
2009-01-12,-17.85,-9.38,-23.67,0.0,11.16,38.39725785402992,42.61447621981
2009-01-13,-14.85,-6.48,-21.13,0.0,10.05,38.39725785402992,42.61447621981
2009-01-14,-9.13,-0.73,-17.06,0.0,11.2,38.39725785402992,42.61447621981
2009-01-15,-5.54,0.08,-12.17,0.0,10.53,38.39725785402992,42.61447621981
2009-01-16,-3.69,1.66,-9.82,0.0,10.0,38.39725785402992,42.61447621981
2009-01-17,-2.17,0.49,-5.32,0.08,8.07,38.39725785402992,42.61447621981
2009-01-18,-4.76,0.12,-8.77,0.0,10.06,38.39725785402992,42.61447621981
2009-01-19,-5.48,-0.6,-9.33,0.0,10.27,38.39725785402992,42.61447621981
2009-01-20,-5.05,-0.11,-8.67,0.0,10.31,38.39725785402992,42.61447621981
2009-01-21,-4.66,-0.3,-7.74,0.0,11.41,38.39725785402992,42.61447621981
2009-01-22,-9.18,-2.53,-14.59,0.0,11.96,38.39725785402992,42.61447621981
2009-01-23,-4.74,1.34,-10.69,0.0,12.5,38.39725785402992,42.61447621981
2009-01-24,-5.84,-0.8,-9.71,0.37,9.5,38.39725785402992,42.61447621981
2009-01-25,-5.69,-0.29,-9.87,1.22,5.82,38.39725785402992,42.61447621981
2009-01-26,-3.69,0.23,-7.89,2.62,2.69,38.39725785402992,42.61447621981
2009-01-27,-2.71,0.81,-5.05,4.86,7.07,38.39725785402992,42.61447621981
2009-01-28,-2.91,1.56,-6.84,0.0,9.9,38.39725785402992,42.61447621981
2009-01-29,-1.92,2.37,-7.0,1.55,9.64,38.39725785402992,42.61447621981
2009-01-30,-0.79,1.75,-3.22,3.7,6.02,38.39725785402992,42.61447621981
2009-01-31,-2.01,0.85,-4.66,2.06,3.51,38.39725785402992,42.61447621981
2009-02-01,-2.0,1.07,-4.84,1.12,6.07,38.39725785402992,42.61447621981
2009-02-02,-2.78,-0.47,-5.12,0.3,10.22,38.39725785402992,42.61447621981
2009-02-03,-3.47,0.11,-6.0,0.0,8.74,38.39725785402992,42.61447621981
2009-02-04,-2.21,2.33,-5.91,0.0,10.15,38.39725785402992,42.61447621981
2009-02-05,-1.74,1.29,-4.02,0.01,10.27,38.39725785402992,42.61447621981
2009-02-06,-0.43,2.75,-2.75,0.58,9.81,38.39725785402992,42.61447621981
2009-02-07,-0.51,2.38,-2.92,1.01,8.49,38.39725785402992,42.61447621981
2009-02-08,-0.34,3.32,-3.72,2.0,11.64,38.39725785402992,42.61447621981
2009-02-09,0.17,2.07,-1.05,3.3,3.96,38.39725785402992,42.61447621981
2009-02-10,1.59,5.65,-0.89,4.29,5.73,38.39725785402992,42.61447621981
2009-02-11,-1.29,0.42,-2.66,0.06,12.66,38.39725785402992,42.61447621981
2009-02-12,-0.84,3.79,-3.84,0.01,12.94,38.39725785402992,42.61447621981
2009-02-13,1.59,5.41,-1.57,0.24,13.66,38.39725785402992,42.61447621981
2009-02-14,2.58,6.23,0.5,0.0,14.49,38.39725785402992,42.61447621981
2009-02-15,1.91,5.17,-0.48,0.0,11.73,38.39725785402992,42.61447621981
2009-02-16,1.32,5.0,-0.91,0.89,10.68,38.39725785402992,42.61447621981
2009-02-17,-1.67,0.47,-4.22,3.09,11.4,38.39725785402992,42.61447621981
2009-02-18,-3.61,-0.37,-5.51,0.03,13.32,38.39725785402992,42.61447621981
2009-02-19,-3.01,0.54,-6.36,0.1,14.54,38.39725785402992,42.61447621981
2009-02-20,-0.72,2.99,-3.95,1.66,6.67,38.39725785402992,42.61447621981
2009-02-21,-1.23,1.24,-4.25,10.05,2.07,38.39725785402992,42.61447621981
2009-02-22,-4.59,-3.29,-6.26,2.01,11.53,38.39725785402992,42.61447621981
2009-02-23,-4.52,-1.76,-7.32,0.36,11.29,38.39725785402992,42.61447621981
2009-02-24,-2.43,0.89,-5.33,4.17,8.64,38.39725785402992,42.61447621981
2009-02-25,-1.22,1.58,-3.76,8.15,6.27,38.39725785402992,42.61447621981
2009-02-26,-1.24,1.17,-3.25,1.82,8.29,38.39725785402992,42.61447621981
2009-02-27,-0.83,1.31,-3.31,27.41,2.66,38.39725785402992,42.61447621981
2009-02-28,-1.85,-0.5,-3.76,11.31,6.53,38.39725785402992,42.61447621981
2009-03-01,-2.42,-1.08,-4.41,14.36,7.14,38.39725785402992,42.61447621981
2009-03-02,-6.85,-2.92,-11.59,1.78,10.37,38.39725785402992,42.61447621981
2009-03-03,-7.55,-3.55,-11.96,2.99,6.34,38.39725785402992,42.61447621981
2009-03-04,-6.42,-3.12,-9.28,0.5,12.82,38.39725785402992,42.61447621981
2009-03-05,-5.36,-2.37,-7.59,2.08,11.02,38.39725785402992,42.61447621981
2009-03-06,-2.64,0.27,-7.4,2.47,5.91,38.39725785402992,42.61447621981
2009-03-07,0.16,2.37,-2.63,0.0,12.69,38.39725785402992,42.61447621981
2009-03-08,2.69,5.27,0.55,0.51,11.16,38.39725785402992,42.61447621981
2009-03-09,2.78,4.96,-0.39,14.94,2.78,38.39725785402992,42.61447621981
2009-03-10,1.01,4.55,-1.1,0.32,17.28,38.39725785402992,42.61447621981
2009-03-11,1.78,4.77,-1.06,1.6,9.29,38.39725785402992,42.61447621981
2009-03-12,3.26,7.08,0.67,0.08,15.53,38.39725785402992,42.61447621981
2009-03-13,4.45,9.49,1.56,0.09,13.09,38.39725785402992,42.61447621981
2009-03-14,3.15,7.34,-0.18,2.89,10.39,38.39725785402992,42.61447621981
2009-03-15,-1.2,1.4,-2.92,10.32,4.92,38.39725785402992,42.61447621981
2009-03-16,-3.5,-1.48,-5.49,2.82,8.12,38.39725785402992,42.61447621981
2009-03-17,-3.33,-0.69,-5.97,0.17,14.07,38.39725785402992,42.61447621981
2009-03-18,-2.19,0.33,-4.8,0.31,12.86,38.39725785402992,42.61447621981
2009-03-19,0.04,3.86,-3.39,0.31,12.79,38.39725785402992,42.61447621981
2009-03-20,1.16,3.95,-0.74,1.44,10.42,38.39725785402992,42.61447621981
2009-03-21,1.16,5.1,-2.03,0.18,20.27,38.39725785402992,42.61447621981
2009-03-22,1.95,6.66,-1.47,0.0,20.21,38.39725785402992,42.61447621981
2009-03-23,1.65,6.17,-1.47,4.13,12.01,38.39725785402992,42.61447621981
2009-03-24,0.37,2.58,-3.1,14.22,9.79,38.39725785402992,42.61447621981
2009-03-25,-0.99,3.94,-4.11,0.26,17.58,38.39725785402992,42.61447621981
2009-03-26,0.69,4.79,-2.94,0.0,18.98,38.39725785402992,42.61447621981
2009-03-27,1.49,5.07,-0.98,0.53,16.71,38.39725785402992,42.61447621981
2009-03-28,1.55,3.65,-0.06,4.52,10.92,38.39725785402992,42.61447621981
2009-03-29,1.16,3.96,-0.85,0.9,18.78,38.39725785402992,42.61447621981
2009-03-30,3.43,8.98,-0.59,0.28,20.07,38.39725785402992,42.61447621981
2009-03-31,4.75,10.46,-0.2,0.0,22.48,38.39725785402992,42.61447621981
2009-04-01,6.34,11.09,3.12,0.0,20.48,38.39725785402992,42.61447621981
2009-04-02,6.33,10.09,3.07,0.0,19.69,38.39725785402992,42.61447621981
2009-04-03,5.23,8.17,1.76,0.98,13.12,38.39725785402992,42.61447621981
2009-04-04,4.52,7.47,2.15,15.59,8.31,38.39725785402992,42.61447621981
2009-04-05,5.0,10.27,1.19,1.09,21.94,38.39725785402992,42.61447621981
2009-04-06,6.4,11.74,2.33,0.05,22.93,38.39725785402992,42.61447621981
2009-04-07,5.95,10.68,0.68,0.82,17.76,38.39725785402992,42.61447621981
2009-04-08,3.97,6.66,0.76,3.93,13.42,38.39725785402992,42.61447621981
2009-04-09,3.57,6.76,-1.6,0.47,17.96,38.39725785402992,42.61447621981
2009-04-10,3.0,9.2,-2.41,0.0,24.61,38.39725785402992,42.61447621981
2009-04-11,3.64,8.44,-0.54,0.09,22.79,38.39725785402992,42.61447621981
2009-04-12,4.46,8.35,1.05,0.11,20.0,38.39725785402992,42.61447621981
2009-04-13,4.2,7.48,0.96,0.1,23.7,38.39725785402992,42.61447621981
2009-04-14,4.95,10.91,0.02,0.01,24.18,38.39725785402992,42.61447621981
2009-04-15,4.34,8.47,0.62,5.37,7.89,38.39725785402992,42.61447621981
2009-04-16,3.32,6.39,0.7,8.02,8.84,38.39725785402992,42.61447621981
2009-04-17,2.11,4.53,-0.12,10.84,8.08,38.39725785402992,42.61447621981
2009-04-18,2.3,5.18,0.49,7.93,14.43,38.39725785402992,42.61447621981
2009-04-19,4.29,9.15,0.0,0.73,19.23,38.39725785402992,42.61447621981
2009-04-20,6.29,10.95,2.01,0.0,23.59,38.39725785402992,42.61447621981
2009-04-21,6.57,10.24,3.19,0.66,20.21,38.39725785402992,42.61447621981
2009-04-22,6.83,10.39,2.53,3.16,15.93,38.39725785402992,42.61447621981
2009-04-23,7.75,12.28,3.38,2.46,9.71,38.39725785402992,42.61447621981
2009-04-24,6.25,10.73,2.03,1.16,20.11,38.39725785402992,42.61447621981
2009-04-25,5.57,9.04,2.43,2.0,14.57,38.39725785402992,42.61447621981
2009-04-26,5.61,8.73,2.53,0.71,17.72,38.39725785402992,42.61447621981
2009-04-27,7.82,12.0,3.78,0.02,23.55,38.39725785402992,42.61447621981
2009-04-28,7.38,11.92,4.26,0.22,14.97,38.39725785402992,42.61447621981
2009-04-29,8.87,13.59,4.09,0.05,23.82,38.39725785402992,42.61447621981
2009-04-30,9.14,13.53,4.41,0.0,22.33,38.39725785402992,42.61447621981
2009-05-01,9.73,13.97,4.8,0.0,24.22,38.39725785402992,42.61447621981
2009-05-02,9.66,13.71,5.96,0.01,24.67,38.39725785402992,42.61447621981
2009-05-03,9.03,13.8,3.88,0.02,26.17,38.39725785402992,42.61447621981
2009-05-04,9.5,12.99,6.63,3.69,13.0,38.39725785402992,42.61447621981
2009-05-05,9.88,12.77,6.08,0.92,22.23,38.39725785402992,42.61447621981
2009-05-06,7.15,11.75,3.59,1.88,21.12,38.39725785402992,42.61447621981
2009-05-07,7.36,10.63,3.94,1.18,19.7,38.39725785402992,42.61447621981
2009-05-08,7.62,11.88,2.81,1.11,22.84,38.39725785402992,42.61447621981
2009-05-09,8.33,12.02,5.02,0.07,22.18,38.39725785402992,42.61447621981
2009-05-10,9.14,13.71,4.17,0.05,21.46,38.39725785402992,42.61447621981
2009-05-11,9.21,12.34,6.47,1.38,20.6,38.39725785402992,42.61447621981
2009-05-12,9.16,13.41,5.84,0.02,21.53,38.39725785402992,42.61447621981
2009-05-13,10.31,15.17,5.55,0.0,26.18,38.39725785402992,42.61447621981
2009-05-14,12.15,16.71,8.1,0.0,26.99,38.39725785402992,42.61447621981
2009-05-15,13.65,18.68,7.36,0.0,28.01,38.39725785402992,42.61447621981
2009-05-16,15.01,19.61,9.19,1.21,27.52,38.39725785402992,42.61447621981
2009-05-17,14.82,19.54,7.81,0.0,26.99,38.39725785402992,42.61447621981
2009-05-18,16.99,21.04,13.31,0.0,27.78,38.39725785402992,42.61447621981
2009-05-19,17.75,21.53,14.42,0.0,27.64,38.39725785402992,42.61447621981
2009-05-20,18.55,22.96,14.28,0.0,28.54,38.39725785402992,42.61447621981
2009-05-21,17.93,23.54,12.92,0.36,20.57,38.39725785402992,42.61447621981
2009-05-22,15.65,20.43,10.18,0.0,25.84,38.39725785402992,42.61447621981
2009-05-23,16.6,20.12,13.01,3.48,22.31,38.39725785402992,42.61447621981
2009-05-24,15.13,19.75,10.77,0.83,28.42,38.39725785402992,42.61447621981
2009-05-25,12.56,16.46,8.85,2.3,22.75,38.39725785402992,42.61447621981
2009-05-26,12.57,16.95,8.48,0.89,25.22,38.39725785402992,42.61447621981
2009-05-27,11.78,16.7,6.72,0.56,23.07,38.39725785402992,42.61447621981
2009-05-28,12.74,18.01,7.36,0.24,29.7,38.39725785402992,42.61447621981
2009-05-29,12.57,17.37,6.98,0.01,31.46,38.39725785402992,42.61447621981
2009-05-30,14.39,19.69,7.8,0.0,32.6,38.39725785402992,42.61447621981
2009-05-31,14.8,20.68,8.49,0.0,31.69,38.39725785402992,42.61447621981
2009-06-01,14.84,20.52,7.92,0.0,30.36,38.39725785402992,42.61447621981
2009-06-02,15.59,20.38,9.43,0.01,29.13,38.39725785402992,42.61447621981
2009-06-03,18.58,22.52,13.9,0.19,28.85,38.39725785402992,42.61447621981
2009-06-04,18.99,24.54,13.55,0.0,30.18,38.39725785402992,42.61447621981
2009-06-05,17.92,23.46,11.98,0.0,29.71,38.39725785402992,42.61447621981
2009-06-06,16.63,21.87,11.89,0.2,31.0,38.39725785402992,42.61447621981
2009-06-07,13.67,17.13,11.22,0.47,18.53,38.39725785402992,42.61447621981
2009-06-08,12.58,16.77,9.17,0.58,18.52,38.39725785402992,42.61447621981
2009-06-09,15.41,20.38,9.68,0.65,20.59,38.39725785402992,42.61447621981
2009-06-10,17.48,22.1,11.87,0.14,26.86,38.39725785402992,42.61447621981
2009-06-11,19.34,24.46,14.17,0.04,25.06,38.39725785402992,42.61447621981
2009-06-12,19.3,25.35,13.31,0.53,18.52,38.39725785402992,42.61447621981
2009-06-13,19.09,25.39,13.63,2.76,21.04,38.39725785402992,42.61447621981
2009-06-14,19.46,24.24,15.06,0.17,27.26,38.39725785402992,42.61447621981
2009-06-15,19.52,24.51,13.22,1.47,26.96,38.39725785402992,42.61447621981
2009-06-16,20.13,24.94,14.91,1.24,27.44,38.39725785402992,42.61447621981
2009-06-17,16.31,20.07,12.57,1.28,16.1,38.39725785402992,42.61447621981
2009-06-18,16.36,21.03,11.5,0.36,14.56,38.39725785402992,42.61447621981
2009-06-19,15.57,19.96,12.11,1.23,21.49,38.39725785402992,42.61447621981
2009-06-20,14.68,19.19,11.63,4.37,9.53,38.39725785402992,42.61447621981
2009-06-21,16.2,20.59,11.51,1.48,19.33,38.39725785402992,42.61447621981
2009-06-22,19.1,24.78,13.76,0.95,25.39,38.39725785402992,42.61447621981
2009-06-23,19.24,24.0,14.02,0.06,27.78,38.39725785402992,42.61447621981
2009-06-24,19.64,24.85,13.7,0.0,30.12,38.39725785402992,42.61447621981
2009-06-25,19.81,24.93,14.82,2.33,24.79,38.39725785402992,42.61447621981
2009-06-26,20.46,26.68,14.37,2.65,23.94,38.39725785402992,42.61447621981
2009-06-27,22.09,27.81,15.95,0.2,23.45,38.39725785402992,42.61447621981
2009-06-28,20.51,25.32,14.82,0.16,28.91,38.39725785402992,42.61447621981
2009-06-29,22.19,27.98,17.2,0.0,30.76,38.39725785402992,42.61447621981
2009-06-30,22.88,29.37,17.14,0.0,31.38,38.39725785402992,42.61447621981
2009-07-01,22.25,27.15,17.03,0.0,31.63,38.39725785402992,42.61447621981
2009-07-02,22.44,28.84,15.57,0.0,30.97,38.39725785402992,42.61447621981
2009-07-03,22.93,29.5,16.38,0.01,30.46,38.39725785402992,42.61447621981
2009-07-04,21.9,28.0,16.0,0.01,29.25,38.39725785402992,42.61447621981
2009-07-05,21.09,26.9,16.08,0.34,28.21,38.39725785402992,42.61447621981
2009-07-06,19.07,23.04,15.9,1.66,22.94,38.39725785402992,42.61447621981
2009-07-07,19.74,24.65,14.6,0.88,24.98,38.39725785402992,42.61447621981
2009-07-08,20.54,26.57,14.82,0.19,23.57,38.39725785402992,42.61447621981
2009-07-09,21.43,26.48,15.37,0.25,26.62,38.39725785402992,42.61447621981
2009-07-10,23.18,28.48,17.7,0.05,29.77,38.39725785402992,42.61447621981
2009-07-11,23.51,28.99,18.16,0.0,30.37,38.39725785402992,42.61447621981
2009-07-12,24.59,29.82,18.81,0.0,30.79,38.39725785402992,42.61447621981
2009-07-13,25.05,31.28,18.8,0.0,30.38,38.39725785402992,42.61447621981
2009-07-14,23.71,29.87,17.03,0.0,30.55,38.39725785402992,42.61447621981
2009-07-15,20.33,26.34,15.93,0.03,29.62,38.39725785402992,42.61447621981
2009-07-16,20.75,26.61,15.73,0.03,27.36,38.39725785402992,42.61447621981
2009-07-17,22.55,28.78,16.61,0.0,29.29,38.39725785402992,42.61447621981
2009-07-18,23.06,29.05,18.34,0.06,29.19,38.39725785402992,42.61447621981
2009-07-19,23.91,29.74,19.33,0.24,28.9,38.39725785402992,42.61447621981
2009-07-20,24.32,29.3,19.55,0.35,27.51,38.39725785402992,42.61447621981
2009-07-21,23.51,28.63,17.73,0.0,26.84,38.39725785402992,42.61447621981
2009-07-22,23.55,28.73,18.78,0.69,23.97,38.39725785402992,42.61447621981
2009-07-23,22.57,28.79,17.87,1.12,24.69,38.39725785402992,42.61447621981
2009-07-24,21.96,27.9,17.79,1.37,22.24,38.39725785402992,42.61447621981
2009-07-25,21.03,26.13,16.3,2.14,22.45,38.39725785402992,42.61447621981
2009-07-26,21.58,27.12,15.56,0.15,23.02,38.39725785402992,42.61447621981
2009-07-27,22.42,27.5,17.24,0.01,25.89,38.39725785402992,42.61447621981
2009-07-28,21.87,30.01,13.47,0.17,26.97,38.39725785402992,42.61447621981
2009-07-29,17.97,25.6,11.38,0.01,30.1,38.39725785402992,42.61447621981
2009-07-30,20.35,27.78,13.05,0.0,29.96,38.39725785402992,42.61447621981
2009-07-31,21.71,28.58,14.82,0.32,28.59,38.39725785402992,42.61447621981
2009-08-01,21.6,27.37,15.75,1.21,25.72,38.39725785402992,42.61447621981
2009-08-02,20.32,27.0,12.48,0.03,27.3,38.39725785402992,42.61447621981
2009-08-03,22.54,28.13,17.47,0.12,27.33,38.39725785402992,42.61447621981
2009-08-04,21.42,26.7,15.19,0.1,26.53,38.39725785402992,42.61447621981
2009-08-05,22.93,28.45,16.8,0.0,28.13,38.39725785402992,42.61447621981
2009-08-06,24.85,30.49,19.52,0.04,28.29,38.39725785402992,42.61447621981
2009-08-07,23.27,28.53,18.46,0.02,27.84,38.39725785402992,42.61447621981
2009-08-08,22.07,27.56,18.18,0.14,25.76,38.39725785402992,42.61447621981
2009-08-09,19.62,22.81,16.81,0.49,18.57,38.39725785402992,42.61447621981
2009-08-10,19.38,24.38,15.52,0.32,23.58,38.39725785402992,42.61447621981
2009-08-11,19.88,25.96,14.12,0.0,25.31,38.39725785402992,42.61447621981
2009-08-12,19.78,25.86,14.46,0.01,27.8,38.39725785402992,42.61447621981
2009-08-13,21.08,28.17,13.78,0.0,27.56,38.39725785402992,42.61447621981
2009-08-14,22.25,28.52,17.21,0.05,27.75,38.39725785402992,42.61447621981
2009-08-15,21.97,28.4,15.01,0.0,27.46,38.39725785402992,42.61447621981
2009-08-16,22.22,28.67,15.71,0.0,27.39,38.39725785402992,42.61447621981
2009-08-17,23.81,30.87,15.82,0.0,27.17,38.39725785402992,42.61447621981
2009-08-18,24.61,30.46,19.83,0.0,26.75,38.39725785402992,42.61447621981
2009-08-19,25.14,30.95,20.12,0.0,24.72,38.39725785402992,42.61447621981
2009-08-20,23.61,30.0,17.94,0.16,25.78,38.39725785402992,42.61447621981
2009-08-21,21.16,27.99,13.89,0.0,26.54,38.39725785402992,42.61447621981
2009-08-22,21.01,28.38,14.42,0.0,27.25,38.39725785402992,42.61447621981
2009-08-23,19.51,26.6,12.53,0.0,27.49,38.39725785402992,42.61447621981
2009-08-24,20.4,28.26,12.05,0.0,27.39,38.39725785402992,42.61447621981
2009-08-25,21.75,27.44,16.24,0.0,26.53,38.39725785402992,42.61447621981
2009-08-26,20.87,26.41,15.82,0.0,25.76,38.39725785402992,42.61447621981
2009-08-27,20.02,25.62,14.72,0.2,23.24,38.39725785402992,42.61447621981
2009-08-28,20.09,25.79,14.86,0.0,24.88,38.39725785402992,42.61447621981
2009-08-29,20.95,26.07,16.47,0.0,24.9,38.39725785402992,42.61447621981
2009-08-30,21.98,26.56,17.86,0.0,22.87,38.39725785402992,42.61447621981
2009-08-31,22.2,27.03,17.24,0.0,21.39,38.39725785402992,42.61447621981
2009-09-01,22.64,27.19,18.16,0.13,22.47,38.39725785402992,42.61447621981
2009-09-02,21.58,26.66,18.06,0.05,23.49,38.39725785402992,42.61447621981
2009-09-03,20.9,26.86,14.85,0.0,24.59,38.39725785402992,42.61447621981
2009-09-04,22.58,28.29,18.16,0.0,25.11,38.39725785402992,42.61447621981
2009-09-05,22.17,28.31,17.15,0.0,24.36,38.39725785402992,42.61447621981
2009-09-06,20.87,27.23,15.25,0.0,24.6,38.39725785402992,42.61447621981
2009-09-07,21.16,27.09,15.9,0.0,22.2,38.39725785402992,42.61447621981
2009-09-08,20.49,24.66,16.75,0.06,20.71,38.39725785402992,42.61447621981
2009-09-09,20.3,25.92,16.27,0.26,21.44,38.39725785402992,42.61447621981
2009-09-10,19.16,23.96,15.24,0.26,17.99,38.39725785402992,42.61447621981
2009-09-11,17.95,23.37,13.27,0.08,19.63,38.39725785402992,42.61447621981
2009-09-12,18.17,23.91,13.35,0.0,20.39,38.39725785402992,42.61447621981
2009-09-13,18.44,23.58,14.06,0.44,14.15,38.39725785402992,42.61447621981
2009-09-14,17.63,22.98,12.89,0.28,17.74,38.39725785402992,42.61447621981
2009-09-15,18.71,22.83,14.77,0.02,20.04,38.39725785402992,42.61447621981
2009-09-16,17.75,22.65,12.84,1.92,15.08,38.39725785402992,42.61447621981
2009-09-17,12.95,16.77,10.64,3.58,11.86,38.39725785402992,42.61447621981
2009-09-18,15.01,20.81,9.14,0.03,18.62,38.39725785402992,42.61447621981
2009-09-19,14.26,18.77,10.64,0.73,14.68,38.39725785402992,42.61447621981
2009-09-20,11.29,12.8,10.26,3.99,7.79,38.39725785402992,42.61447621981
2009-09-21,11.55,14.95,9.71,2.68,3.84,38.39725785402992,42.61447621981
2009-09-22,11.12,15.4,8.42,3.46,16.3,38.39725785402992,42.61447621981
2009-09-23,11.28,16.08,7.63,0.2,19.08,38.39725785402992,42.61447621981
2009-09-24,11.95,16.45,8.2,0.01,17.86,38.39725785402992,42.61447621981
2009-09-25,13.86,19.14,9.57,0.0,18.52,38.39725785402992,42.61447621981
2009-09-26,14.35,19.18,10.83,0.0,20.39,38.39725785402992,42.61447621981
2009-09-27,12.34,19.01,5.01,0.02,17.2,38.39725785402992,42.61447621981
2009-09-28,6.55,11.08,2.95,0.05,18.42,38.39725785402992,42.61447621981
2009-09-29,6.67,12.17,1.37,2.81,20.34,38.39725785402992,42.61447621981
2009-09-30,9.47,15.39,4.91,0.0,20.7,38.39725785402992,42.61447621981
2009-10-01,11.66,16.47,7.51,0.0,19.46,38.39725785402992,42.61447621981
2009-10-02,13.44,19.04,9.1,0.0,19.65,38.39725785402992,42.61447621981
2009-10-03,13.67,19.57,7.88,0.0,19.94,38.39725785402992,42.61447621981
2009-10-04,15.1,20.72,9.39,0.0,19.59,38.39725785402992,42.61447621981
2009-10-05,16.21,22.5,10.49,0.0,19.43,38.39725785402992,42.61447621981
2009-10-06,15.76,21.27,11.26,0.09,16.29,38.39725785402992,42.61447621981
2009-10-07,13.38,17.36,9.04,0.38,14.89,38.39725785402992,42.61447621981
2009-10-08,13.46,18.19,7.7,0.0,15.01,38.39725785402992,42.61447621981
2009-10-09,14.98,18.92,11.79,0.09,14.65,38.39725785402992,42.61447621981
2009-10-10,13.09,16.45,9.36,1.5,7.35,38.39725785402992,42.61447621981
2009-10-11,12.97,18.66,9.31,0.01,16.59,38.39725785402992,42.61447621981
2009-10-12,13.54,18.74,8.99,0.0,17.91,38.39725785402992,42.61447621981
2009-10-13,14.45,20.04,10.19,0.01,11.42,38.39725785402992,42.61447621981
2009-10-14,12.82,18.63,9.37,0.0,16.24,38.39725785402992,42.61447621981
2009-10-15,13.85,19.33,9.15,0.0,17.24,38.39725785402992,42.61447621981
2009-10-16,15.18,20.31,10.63,0.0,17.17,38.39725785402992,42.61447621981
2009-10-17,15.83,20.19,12.44,0.0,16.71,38.39725785402992,42.61447621981
2009-10-18,15.1,19.83,11.09,0.0,16.64,38.39725785402992,42.61447621981
2009-10-19,14.68,19.88,10.39,0.0,16.59,38.39725785402992,42.61447621981
2009-10-20,15.06,20.13,11.02,0.0,16.27,38.39725785402992,42.61447621981
2009-10-21,15.33,20.04,11.85,0.0,15.98,38.39725785402992,42.61447621981
2009-10-22,15.23,19.97,11.81,0.0,12.45,38.39725785402992,42.61447621981
2009-10-23,12.84,15.43,10.51,0.0,12.23,38.39725785402992,42.61447621981
2009-10-24,12.87,16.77,10.31,0.0,13.39,38.39725785402992,42.61447621981
2009-10-25,12.32,16.5,9.27,0.01,13.61,38.39725785402992,42.61447621981
2009-10-26,11.79,15.84,8.46,0.0,14.22,38.39725785402992,42.61447621981
2009-10-27,11.65,16.03,7.54,0.64,11.76,38.39725785402992,42.61447621981
2009-10-28,8.18,10.17,6.2,7.04,4.14,38.39725785402992,42.61447621981
2009-10-29,7.62,10.4,6.1,8.98,4.12,38.39725785402992,42.61447621981
2009-10-30,7.74,10.99,5.69,13.75,2.38,38.39725785402992,42.61447621981
2009-10-31,7.58,10.57,6.17,24.01,4.04,38.39725785402992,42.61447621981
2009-11-01,7.41,9.84,5.38,71.64,2.64,38.39725785402992,42.61447621981
2009-11-02,6.6,9.22,4.48,11.73,3.78,38.39725785402992,42.61447621981
2009-11-03,3.33,4.61,1.87,14.37,4.35,38.39725785402992,42.61447621981
2009-11-04,3.32,6.85,0.64,0.83,7.17,38.39725785402992,42.61447621981
2009-11-05,4.3,8.55,1.3,0.86,5.85,38.39725785402992,42.61447621981
2009-11-06,4.93,9.96,2.09,0.05,12.27,38.39725785402992,42.61447621981
2009-11-07,7.76,13.47,2.82,0.0,12.15,38.39725785402992,42.61447621981
2009-11-08,8.42,13.53,5.51,0.0,13.06,38.39725785402992,42.61447621981
2009-11-09,7.59,11.41,5.0,0.66,6.79,38.39725785402992,42.61447621981
2009-11-10,6.6,11.43,3.12,0.02,11.54,38.39725785402992,42.61447621981
2009-11-11,7.76,13.07,4.07,0.0,11.88,38.39725785402992,42.61447621981
2009-11-12,7.13,11.85,3.86,0.0,11.87,38.39725785402992,42.61447621981
2009-11-13,6.33,10.87,3.04,0.0,10.86,38.39725785402992,42.61447621981
2009-11-14,5.84,9.17,3.83,1.69,2.76,38.39725785402992,42.61447621981
2009-11-15,3.95,6.98,1.47,0.71,6.67,38.39725785402992,42.61447621981
2009-11-16,2.56,5.66,0.04,0.01,9.43,38.39725785402992,42.61447621981
2009-11-17,2.89,5.09,0.82,0.93,7.06,38.39725785402992,42.61447621981
2009-11-18,1.9,4.26,0.34,1.01,6.73,38.39725785402992,42.61447621981
2009-11-19,1.42,5.08,-1.07,0.21,7.81,38.39725785402992,42.61447621981
2009-11-20,1.15,5.3,-1.24,1.2,6.61,38.39725785402992,42.61447621981
2009-11-21,0.25,3.3,-3.07,0.17,6.82,38.39725785402992,42.61447621981
2009-11-22,0.0,3.48,-2.96,0.73,10.06,38.39725785402992,42.61447621981
2009-11-23,0.49,5.46,-2.11,0.9,9.27,38.39725785402992,42.61447621981
2009-11-24,2.29,6.61,-1.27,0.0,10.03,38.39725785402992,42.61447621981
2009-11-25,1.67,4.33,-0.51,0.73,5.68,38.39725785402992,42.61447621981
2009-11-26,0.01,2.92,-2.05,2.87,7.52,38.39725785402992,42.61447621981
2009-11-27,0.01,4.86,-2.49,0.0,9.97,38.39725785402992,42.61447621981
2009-11-28,0.62,5.12,-2.29,0.0,10.03,38.39725785402992,42.61447621981
2009-11-29,0.93,6.25,-1.98,0.0,10.8,38.39725785402992,42.61447621981
2009-11-30,0.53,3.62,-1.64,0.44,7.61,38.39725785402992,42.61447621981
2009-12-01,-0.01,3.78,-2.56,0.15,8.71,38.39725785402992,42.61447621981
2009-12-02,-0.01,3.89,-2.63,0.0,10.63,38.39725785402992,42.61447621981
2009-12-03,0.3,4.78,-2.52,0.0,10.14,38.39725785402992,42.61447621981
2009-12-04,-1.13,2.8,-3.32,0.0,6.87,38.39725785402992,42.61447621981
2009-12-05,0.65,4.68,-2.74,0.0,9.34,38.39725785402992,42.61447621981
2009-12-06,1.19,3.1,0.18,0.97,5.3,38.39725785402992,42.61447621981
2009-12-07,0.75,2.9,-0.69,4.09,4.19,38.39725785402992,42.61447621981
2009-12-08,-0.05,2.1,-0.89,1.58,4.76,38.39725785402992,42.61447621981
2009-12-09,-0.69,1.65,-1.99,1.99,4.89,38.39725785402992,42.61447621981
2009-12-10,-1.45,1.32,-3.37,1.55,4.95,38.39725785402992,42.61447621981
2009-12-11,-1.09,2.46,-3.25,0.09,5.11,38.39725785402992,42.61447621981
2009-12-12,-1.08,1.43,-3.1,1.05,5.59,38.39725785402992,42.61447621981
2009-12-13,-0.77,2.82,-3.64,6.4,3.36,38.39725785402992,42.61447621981
2009-12-14,-2.53,-0.29,-7.19,7.44,6.47,38.39725785402992,42.61447621981
2009-12-15,-4.74,0.29,-7.53,0.0,7.41,38.39725785402992,42.61447621981
2009-12-16,-3.14,1.44,-6.85,0.48,3.36,38.39725785402992,42.61447621981
2009-12-17,-1.08,1.45,-3.16,8.34,2.04,38.39725785402992,42.61447621981
2009-12-18,-1.71,0.32,-4.12,13.25,2.55,38.39725785402992,42.61447621981
2009-12-19,-0.51,0.76,-2.71,10.16,2.94,38.39725785402992,42.61447621981
2009-12-20,0.66,0.85,0.49,2.77,5.71,38.39725785402992,42.61447621981
2009-12-21,0.79,2.29,-1.02,0.69,3.52,38.39725785402992,42.61447621981
2009-12-22,1.12,2.36,0.28,1.29,4.87,38.39725785402992,42.61447621981
2009-12-23,0.92,3.74,-1.16,0.01,7.21,38.39725785402992,42.61447621981
2009-12-24,0.59,2.98,-1.19,0.0,6.51,38.39725785402992,42.61447621981
2009-12-25,1.03,4.02,-1.39,0.1,6.28,38.39725785402992,42.61447621981
2009-12-26,0.06,2.96,-2.19,2.33,4.96,38.39725785402992,42.61447621981
2009-12-27,1.02,3.96,-0.74,0.48,7.89,38.39725785402992,42.61447621981
2009-12-28,1.44,5.43,-0.67,0.15,7.63,38.39725785402992,42.61447621981
2009-12-29,1.95,4.2,0.56,3.0,5.11,38.39725785402992,42.61447621981
2009-12-30,1.1,3.15,-0.72,6.04,3.22,38.39725785402992,42.61447621981
2009-12-31,0.35,3.32,-1.33,2.43,5.41,38.39725785402992,42.61447621981
2010-01-01,0.42,5.14,-1.84,0.0,9.99,38.39725785402992,42.61447621981
2010-01-02,0.72,4.06,-1.79,4.22,4.9,38.39725785402992,42.61447621981
2010-01-03,0.23,1.71,-2.09,8.13,3.36,38.39725785402992,42.61447621981
2010-01-04,0.28,1.7,-1.13,18.62,2.73,38.39725785402992,42.61447621981
2010-01-05,-4.08,-2.1,-6.4,8.29,2.87,38.39725785402992,42.61447621981
2010-01-06,-4.86,-0.41,-9.59,0.0,9.02,38.39725785402992,42.61447621981
2010-01-07,-1.42,1.88,-4.4,0.0,8.5,38.39725785402992,42.61447621981
2010-01-08,-1.63,2.37,-5.48,0.0,8.81,38.39725785402992,42.61447621981
2010-01-09,-1.78,2.55,-5.86,0.0,10.2,38.39725785402992,42.61447621981
2010-01-10,-0.71,4.61,-6.06,0.0,8.77,38.39725785402992,42.61447621981
2010-01-11,0.02,3.57,-2.54,0.0,7.73,38.39725785402992,42.61447621981
2010-01-12,-0.64,1.87,-3.1,0.42,6.8,38.39725785402992,42.61447621981
2010-01-13,-0.61,1.34,-2.44,4.47,1.82,38.39725785402992,42.61447621981
2010-01-14,-1.46,1.55,-4.32,1.28,4.02,38.39725785402992,42.61447621981
2010-01-15,-0.75,2.38,-4.33,2.55,4.89,38.39725785402992,42.61447621981
2010-01-16,0.53,3.3,-1.19,0.65,4.27,38.39725785402992,42.61447621981
2010-01-17,1.52,4.49,-0.73,0.21,5.48,38.39725785402992,42.61447621981
2010-01-18,2.91,5.64,0.94,0.31,7.54,38.39725785402992,42.61447621981
2010-01-19,0.64,2.82,-1.04,5.28,2.62,38.39725785402992,42.61447621981
2010-01-20,0.28,2.7,-1.72,3.91,3.64,38.39725785402992,42.61447621981
2010-01-21,-0.25,1.7,-1.7,4.19,7.16,38.39725785402992,42.61447621981
2010-01-22,-2.55,-1.06,-4.16,0.83,7.91,38.39725785402992,42.61447621981
2010-01-23,-1.96,0.93,-4.12,3.76,3.41,38.39725785402992,42.61447621981
2010-01-24,-0.96,1.73,-3.09,4.94,4.34,38.39725785402992,42.61447621981
2010-01-25,-2.88,0.5,-9.02,14.08,3.64,38.39725785402992,42.61447621981
2010-01-26,-12.21,-8.42,-20.41,6.22,6.25,38.39725785402992,42.61447621981
2010-01-27,-17.67,-9.94,-25.3,0.12,9.58,38.39725785402992,42.61447621981
2010-01-28,-11.6,-4.84,-18.35,0.32,5.83,38.39725785402992,42.61447621981
2010-01-29,-8.26,-2.67,-12.87,0.33,8.42,38.39725785402992,42.61447621981
2010-01-30,-4.05,-0.03,-10.14,1.49,4.66,38.39725785402992,42.61447621981
2010-01-31,-0.02,1.32,-1.17,3.28,6.57,38.39725785402992,42.61447621981
2010-02-01,-0.36,1.6,-2.72,0.24,8.3,38.39725785402992,42.61447621981
2010-02-02,-1.32,2.2,-4.03,0.16,10.79,38.39725785402992,42.61447621981
2010-02-03,-0.53,2.53,-2.6,2.25,11.61,38.39725785402992,42.61447621981
2010-02-04,-2.13,0.56,-5.57,8.6,7.63,38.39725785402992,42.61447621981
2010-02-05,-7.16,-5.98,-8.22,2.76,4.69,38.39725785402992,42.61447621981
2010-02-06,-7.38,-5.41,-8.89,1.92,9.43,38.39725785402992,42.61447621981
2010-02-07,-6.99,-2.47,-11.84,0.0,12.85,38.39725785402992,42.61447621981
2010-02-08,-6.71,-2.39,-10.83,0.25,11.75,38.39725785402992,42.61447621981
2010-02-09,-5.41,-1.33,-9.27,1.54,7.68,38.39725785402992,42.61447621981
2010-02-10,-3.37,0.64,-6.92,0.56,8.7,38.39725785402992,42.61447621981
2010-02-11,-1.88,1.18,-4.6,0.6,6.29,38.39725785402992,42.61447621981
2010-02-12,-0.64,1.52,-2.62,0.72,3.91,38.39725785402992,42.61447621981
2010-02-13,1.07,3.85,-0.96,0.31,10.5,38.39725785402992,42.61447621981
2010-02-14,2.1,6.37,-0.47,0.0,12.96,38.39725785402992,42.61447621981
2010-02-15,3.04,7.34,0.46,3.1,4.77,38.39725785402992,42.61447621981
2010-02-16,3.56,7.0,0.23,2.15,6.24,38.39725785402992,42.61447621981
2010-02-17,4.45,8.19,2.44,0.02,12.77,38.39725785402992,42.61447621981
2010-02-18,3.69,6.44,1.22,0.01,8.46,38.39725785402992,42.61447621981
2010-02-19,3.62,6.69,1.0,0.29,9.33,38.39725785402992,42.61447621981
2010-02-20,2.96,7.33,-0.57,0.33,15.93,38.39725785402992,42.61447621981
2010-02-21,3.05,6.32,0.8,0.41,12.09,38.39725785402992,42.61447621981
2010-02-22,0.25,2.61,-4.36,5.66,9.5,38.39725785402992,42.61447621981
2010-02-23,-1.52,1.7,-4.6,2.34,13.06,38.39725785402992,42.61447621981
2010-02-24,-2.3,-0.34,-3.56,2.56,14.91,38.39725785402992,42.61447621981
2010-02-25,-0.94,1.17,-3.23,0.05,12.92,38.39725785402992,42.61447621981
2010-02-26,1.73,5.51,-1.45,0.12,14.13,38.39725785402992,42.61447621981
2010-02-27,1.05,3.57,-0.66,1.25,12.51,38.39725785402992,42.61447621981
2010-02-28,0.72,3.05,-1.3,1.0,12.18,38.39725785402992,42.61447621981
2010-03-01,0.74,2.83,-0.94,4.45,6.18,38.39725785402992,42.61447621981
2010-03-02,1.42,5.23,-1.1,0.28,12.21,38.39725785402992,42.61447621981
2010-03-03,1.53,4.87,-1.21,6.88,7.71,38.39725785402992,42.61447621981
2010-03-04,0.5,3.23,-1.8,5.98,11.47,38.39725785402992,42.61447621981
2010-03-05,-0.25,2.61,-1.73,1.61,6.4,38.39725785402992,42.61447621981
2010-03-06,1.71,5.69,-1.68,0.58,12.37,38.39725785402992,42.61447621981
2010-03-07,2.62,5.2,1.12,0.44,5.92,38.39725785402992,42.61447621981
2010-03-08,3.74,6.8,1.12,0.0,7.07,38.39725785402992,42.61447621981
2010-03-09,6.78,11.71,2.79,0.89,8.23,38.39725785402992,42.61447621981
2010-03-10,7.14,11.41,4.02,0.72,15.41,38.39725785402992,42.61447621981
2010-03-11,7.47,12.22,4.46,0.01,12.07,38.39725785402992,42.61447621981
2010-03-12,9.01,13.45,5.28,0.17,11.95,38.39725785402992,42.61447621981
2010-03-13,7.85,9.75,5.72,1.37,9.04,38.39725785402992,42.61447621981
2010-03-14,6.58,9.5,5.08,0.33,6.17,38.39725785402992,42.61447621981
2010-03-15,9.44,12.91,5.54,1.21,8.01,38.39725785402992,42.61447621981
2010-03-16,4.94,9.24,-1.25,0.63,13.51,38.39725785402992,42.61447621981
2010-03-17,1.0,5.78,-3.42,0.0,20.17,38.39725785402992,42.61447621981
2010-03-18,0.89,4.56,-5.2,4.19,9.49,38.39725785402992,42.61447621981
2010-03-19,-2.4,2.19,-6.46,0.92,15.55,38.39725785402992,42.61447621981
2010-03-20,-0.36,3.94,-3.62,0.0,19.93,38.39725785402992,42.61447621981
2010-03-21,1.98,6.33,-2.32,0.0,20.5,38.39725785402992,42.61447621981
2010-03-22,4.75,8.28,1.89,0.0,20.86,38.39725785402992,42.61447621981
2010-03-23,6.54,11.21,2.78,0.0,22.17,38.39725785402992,42.61447621981
2010-03-24,7.6,13.32,2.36,0.0,21.14,38.39725785402992,42.61447621981
2010-03-25,8.5,12.6,4.24,0.0,18.87,38.39725785402992,42.61447621981
2010-03-26,7.72,10.11,4.57,0.14,17.82,38.39725785402992,42.61447621981
2010-03-27,4.41,9.02,0.63,0.09,14.56,38.39725785402992,42.61447621981
2010-03-28,4.16,9.17,-0.64,0.06,18.11,38.39725785402992,42.61447621981
2010-03-29,6.01,9.23,3.43,2.3,13.46,38.39725785402992,42.61447621981
2010-03-30,5.72,9.17,1.82,8.4,7.33,38.39725785402992,42.61447621981
2010-03-31,1.91,4.13,-0.39,2.74,13.35,38.39725785402992,42.61447621981
2010-04-01,3.53,7.41,-0.86,0.1,14.65,38.39725785402992,42.61447621981
2010-04-02,5.73,9.42,2.92,0.33,18.01,38.39725785402992,42.61447621981
2010-04-03,6.18,9.53,2.76,0.33,15.09,38.39725785402992,42.61447621981
2010-04-04,6.9,11.63,2.14,0.4,16.35,38.39725785402992,42.61447621981
2010-04-05,5.21,10.79,-0.67,0.03,23.09,38.39725785402992,42.61447621981
2010-04-06,8.12,13.21,3.57,0.0,21.74,38.39725785402992,42.61447621981
2010-04-07,7.16,11.12,3.13,3.02,7.99,38.39725785402992,42.61447621981
2010-04-08,4.4,8.53,0.93,0.29,11.44,38.39725785402992,42.61447621981
2010-04-09,3.21,6.39,0.85,1.09,16.13,38.39725785402992,42.61447621981
2010-04-10,3.22,6.39,-0.15,5.17,15.56,38.39725785402992,42.61447621981
2010-04-11,2.74,6.21,-0.42,3.06,12.96,38.39725785402992,42.61447621981
2010-04-12,6.92,12.0,2.18,1.7,7.73,38.39725785402992,42.61447621981
2010-04-13,4.64,8.02,0.88,1.9,13.11,38.39725785402992,42.61447621981
2010-04-14,5.23,11.45,-0.73,0.0,24.76,38.39725785402992,42.61447621981
2010-04-15,6.82,10.58,3.23,0.0,19.54,38.39725785402992,42.61447621981
2010-04-16,9.86,14.05,5.34,0.0,20.62,38.39725785402992,42.61447621981
2010-04-17,10.85,14.82,6.74,0.0,21.36,38.39725785402992,42.61447621981
2010-04-18,10.01,12.95,5.54,0.02,20.0,38.39725785402992,42.61447621981
2010-04-19,8.96,13.02,4.55,0.69,16.89,38.39725785402992,42.61447621981
2010-04-20,10.43,14.88,6.07,0.11,24.58,38.39725785402992,42.61447621981
2010-04-21,9.52,11.67,7.77,2.38,12.14,38.39725785402992,42.61447621981
2010-04-22,8.56,11.62,6.88,12.33,8.82,38.39725785402992,42.61447621981
2010-04-23,6.82,10.47,3.33,7.57,18.49,38.39725785402992,42.61447621981
2010-04-24,3.9,6.35,1.8,2.09,15.49,38.39725785402992,42.61447621981
2010-04-25,7.61,12.28,2.88,0.25,20.89,38.39725785402992,42.61447621981
2010-04-26,10.11,14.07,6.82,0.1,21.42,38.39725785402992,42.61447621981
2010-04-27,9.16,13.74,5.77,1.97,18.95,38.39725785402992,42.61447621981
2010-04-28,8.04,13.1,5.37,4.25,13.17,38.39725785402992,42.61447621981
2010-04-29,8.69,11.46,6.09,2.79,14.85,38.39725785402992,42.61447621981
2010-04-30,8.56,11.82,6.1,6.98,13.3,38.39725785402992,42.61447621981
2010-05-01,7.9,10.97,4.97,10.15,17.37,38.39725785402992,42.61447621981
2010-05-02,6.13,8.47,3.51,9.71,4.13,38.39725785402992,42.61447621981
2010-05-03,4.89,7.37,3.11,7.23,10.01,38.39725785402992,42.61447621981
2010-05-04,7.01,9.99,4.05,3.15,18.48,38.39725785402992,42.61447621981
2010-05-05,7.64,10.86,4.99,0.5,18.45,38.39725785402992,42.61447621981
2010-05-06,8.38,10.74,6.18,1.13,18.73,38.39725785402992,42.61447621981
2010-05-07,10.0,13.75,5.79,0.08,23.13,38.39725785402992,42.61447621981
2010-05-08,11.53,14.48,7.94,0.23,21.61,38.39725785402992,42.61447621981
2010-05-09,13.67,17.3,9.6,0.54,21.51,38.39725785402992,42.61447621981
2010-05-10,13.34,16.65,11.27,2.42,17.91,38.39725785402992,42.61447621981
2010-05-11,13.62,16.61,10.27,2.3,15.95,38.39725785402992,42.61447621981
2010-05-12,16.21,20.94,11.04,0.33,25.23,38.39725785402992,42.61447621981
2010-05-13,16.09,19.53,11.29,0.0,25.86,38.39725785402992,42.61447621981
2010-05-14,17.15,20.97,13.31,0.05,27.37,38.39725785402992,42.61447621981
2010-05-15,16.34,19.73,12.85,0.05,24.62,38.39725785402992,42.61447621981
2010-05-16,16.07,19.51,12.16,0.0,25.27,38.39725785402992,42.61447621981
2010-05-17,16.36,20.72,9.94,0.07,27.63,38.39725785402992,42.61447621981
2010-05-18,13.05,17.97,8.79,0.01,30.31,38.39725785402992,42.61447621981
2010-05-19,11.01,14.54,7.72,0.18,24.68,38.39725785402992,42.61447621981
2010-05-20,11.81,16.37,7.58,0.01,28.69,38.39725785402992,42.61447621981
2010-05-21,11.34,14.83,6.92,0.97,24.17,38.39725785402992,42.61447621981
2010-05-22,12.02,15.8,7.96,0.25,27.37,38.39725785402992,42.61447621981
2010-05-23,12.5,17.14,7.54,0.78,17.15,38.39725785402992,42.61447621981
2010-05-24,9.97,14.18,4.82,1.5,25.05,38.39725785402992,42.61447621981
2010-05-25,11.31,16.23,6.61,0.38,30.84,38.39725785402992,42.61447621981
2010-05-26,13.86,17.88,10.29,0.01,29.51,38.39725785402992,42.61447621981
2010-05-27,16.17,20.16,12.15,0.04,29.92,38.39725785402992,42.61447621981
2010-05-28,16.16,18.81,12.07,0.38,12.34,38.39725785402992,42.61447621981
2010-05-29,16.49,22.27,11.24,2.49,24.66,38.39725785402992,42.61447621981
2010-05-30,15.06,17.46,11.12,5.33,25.4,38.39725785402992,42.61447621981
2010-05-31,16.79,20.97,11.6,0.89,28.3,38.39725785402992,42.61447621981
2010-06-01,19.85,23.48,15.62,0.0,30.48,38.39725785402992,42.61447621981
2010-06-02,20.7,25.36,16.47,0.03,30.03,38.39725785402992,42.61447621981
2010-06-03,21.06,26.38,16.46,0.0,28.09,38.39725785402992,42.61447621981
2010-06-04,21.6,26.32,16.47,0.0,31.81,38.39725785402992,42.61447621981
2010-06-05,22.67,26.86,17.92,0.02,25.48,38.39725785402992,42.61447621981
2010-06-06,23.09,27.57,18.52,0.24,24.55,38.39725785402992,42.61447621981
2010-06-07,19.81,24.02,12.85,0.01,29.03,38.39725785402992,42.61447621981
2010-06-08,15.81,20.85,10.43,0.0,30.02,38.39725785402992,42.61447621981
2010-06-09,17.06,21.8,10.44,0.25,28.45,38.39725785402992,42.61447621981
2010-06-10,19.38,24.52,14.28,0.0,29.65,38.39725785402992,42.61447621981
2010-06-11,18.23,23.2,13.43,0.0,31.18,38.39725785402992,42.61447621981
2010-06-12,19.82,24.36,15.43,0.0,31.51,38.39725785402992,42.61447621981
2010-06-13,20.48,25.75,15.14,0.0,31.8,38.39725785402992,42.61447621981
2010-06-14,23.37,29.49,15.6,0.0,30.81,38.39725785402992,42.61447621981
2010-06-15,23.53,28.18,19.83,0.14,23.27,38.39725785402992,42.61447621981
2010-06-16,21.46,27.16,14.72,1.73,27.46,38.39725785402992,42.61447621981
2010-06-17,17.35,21.02,13.75,1.73,23.14,38.39725785402992,42.61447621981
2010-06-18,18.83,23.56,13.6,0.62,25.76,38.39725785402992,42.61447621981
2010-06-19,20.26,23.17,16.59,17.88,19.56,38.39725785402992,42.61447621981
2010-06-20,20.74,25.37,15.68,10.62,21.62,38.39725785402992,42.61447621981
2010-06-21,20.59,23.81,17.61,0.06,27.39,38.39725785402992,42.61447621981
2010-06-22,20.25,24.42,16.84,0.0,28.15,38.39725785402992,42.61447621981
2010-06-23,20.3,25.62,14.13,0.01,23.05,38.39725785402992,42.61447621981
2010-06-24,14.08,18.08,9.63,10.37,17.16,38.39725785402992,42.61447621981
2010-06-25,15.2,19.92,9.35,5.42,28.31,38.39725785402992,42.61447621981
2010-06-26,18.82,23.01,14.22,0.55,26.95,38.39725785402992,42.61447621981
2010-06-27,20.06,24.88,16.69,0.0,30.48,38.39725785402992,42.61447621981
2010-06-28,20.68,26.11,16.2,0.0,31.95,38.39725785402992,42.61447621981
2010-06-29,20.0,25.78,14.72,0.0,31.85,38.39725785402992,42.61447621981
2010-06-30,19.48,25.35,13.72,0.0,31.5,38.39725785402992,42.61447621981
2010-07-01,21.3,26.2,17.26,0.0,32.0,38.39725785402992,42.61447621981
2010-07-02,22.02,27.05,16.37,0.0,31.29,38.39725785402992,42.61447621981
2010-07-03,24.01,29.59,17.84,0.0,31.69,38.39725785402992,42.61447621981
2010-07-04,25.07,30.89,18.56,0.0,31.66,38.39725785402992,42.61447621981
2010-07-05,25.64,30.83,20.86,0.0,31.19,38.39725785402992,42.61447621981
2010-07-06,24.56,29.51,20.35,0.2,30.12,38.39725785402992,42.61447621981
2010-07-07,24.98,30.04,19.63,0.0,30.41,38.39725785402992,42.61447621981
2010-07-08,25.15,32.0,18.99,0.0,31.0,38.39725785402992,42.61447621981
2010-07-09,23.59,29.52,18.94,0.0,31.75,38.39725785402992,42.61447621981
2010-07-10,24.32,30.25,18.97,0.0,31.98,38.39725785402992,42.61447621981
2010-07-11,26.31,31.93,21.71,0.0,31.69,38.39725785402992,42.61447621981
2010-07-12,26.85,33.02,21.05,0.0,31.84,38.39725785402992,42.61447621981
2010-07-13,24.74,31.39,17.24,0.03,31.24,38.39725785402992,42.61447621981
2010-07-14,23.74,29.99,17.06,0.01,28.11,38.39725785402992,42.61447621981
2010-07-15,23.51,28.4,18.44,0.01,26.21,38.39725785402992,42.61447621981
2010-07-16,23.67,28.62,18.73,0.1,27.1,38.39725785402992,42.61447621981
2010-07-17,23.78,28.61,18.76,0.68,23.84,38.39725785402992,42.61447621981
2010-07-18,23.55,28.26,18.61,2.0,26.41,38.39725785402992,42.61447621981
2010-07-19,23.16,28.32,18.03,0.04,27.35,38.39725785402992,42.61447621981
2010-07-20,25.41,30.97,18.84,0.02,27.93,38.39725785402992,42.61447621981
2010-07-21,25.61,31.39,18.86,1.84,25.56,38.39725785402992,42.61447621981
2010-07-22,25.83,31.68,20.03,0.03,26.32,38.39725785402992,42.61447621981
2010-07-23,25.96,30.82,21.3,0.31,25.96,38.39725785402992,42.61447621981
2010-07-24,24.23,29.31,19.57,0.49,26.18,38.39725785402992,42.61447621981
2010-07-25,23.4,27.55,18.52,0.0,23.57,38.39725785402992,42.61447621981
2010-07-26,25.16,30.15,20.86,0.11,26.69,38.39725785402992,42.61447621981
2010-07-27,25.36,31.67,18.92,0.0,29.34,38.39725785402992,42.61447621981
2010-07-28,24.66,30.65,18.7,0.0,29.73,38.39725785402992,42.61447621981
2010-07-29,23.19,30.06,16.68,0.0,30.56,38.39725785402992,42.61447621981
2010-07-30,23.21,29.69,16.62,0.0,30.16,38.39725785402992,42.61447621981
2010-07-31,22.42,29.53,15.42,0.0,30.33,38.39725785402992,42.61447621981
2010-08-01,21.38,27.99,14.85,0.0,30.11,38.39725785402992,42.61447621981
2010-08-02,21.41,28.4,14.04,0.0,30.0,38.39725785402992,42.61447621981
2010-08-03,22.02,28.0,15.2,0.01,26.23,38.39725785402992,42.61447621981
2010-08-04,23.8,29.39,18.0,0.0,23.58,38.39725785402992,42.61447621981
2010-08-05,25.06,30.35,19.43,0.0,23.4,38.39725785402992,42.61447621981
2010-08-06,26.05,31.63,21.2,0.0,23.37,38.39725785402992,42.61447621981
2010-08-07,26.85,32.31,20.64,0.0,23.65,38.39725785402992,42.61447621981
2010-08-08,27.07,32.33,21.84,0.0,23.03,38.39725785402992,42.61447621981
2010-08-09,25.5,31.33,20.62,0.0,28.47,38.39725785402992,42.61447621981
2010-08-10,24.89,30.79,19.86,0.0,27.94,38.39725785402992,42.61447621981
2010-08-11,25.37,30.15,20.45,0.0,27.58,38.39725785402992,42.61447621981
2010-08-12,26.88,31.55,22.59,0.04,24.24,38.39725785402992,42.61447621981
2010-08-13,26.35,31.99,20.47,0.01,25.66,38.39725785402992,42.61447621981
2010-08-14,26.67,31.58,21.43,0.24,26.33,38.39725785402992,42.61447621981
2010-08-15,26.44,31.35,21.88,0.0,26.6,38.39725785402992,42.61447621981
2010-08-16,26.2,31.41,21.53,0.8,24.53,38.39725785402992,42.61447621981
2010-08-17,24.87,30.33,19.39,0.04,25.66,38.39725785402992,42.61447621981
2010-08-18,25.11,30.86,20.23,0.0,26.49,38.39725785402992,42.61447621981
2010-08-19,24.32,31.04,16.87,0.0,27.44,38.39725785402992,42.61447621981
2010-08-20,24.54,32.2,16.18,0.0,27.21,38.39725785402992,42.61447621981
2010-08-21,22.83,30.06,15.87,0.0,27.09,38.39725785402992,42.61447621981
2010-08-22,23.77,31.09,16.19,0.0,26.41,38.39725785402992,42.61447621981
2010-08-23,24.47,30.28,18.59,0.01,26.28,38.39725785402992,42.61447621981
2010-08-24,25.57,31.61,19.99,0.01,24.18,38.39725785402992,42.61447621981
2010-08-25,24.11,29.58,18.68,0.02,21.11,38.39725785402992,42.61447621981
2010-08-26,22.03,26.87,17.71,1.42,13.66,38.39725785402992,42.61447621981
2010-08-27,19.9,24.64,15.29,0.02,21.82,38.39725785402992,42.61447621981
2010-08-28,22.25,28.36,15.4,0.0,24.87,38.39725785402992,42.61447621981
2010-08-29,24.39,29.52,19.94,0.0,24.28,38.39725785402992,42.61447621981
2010-08-30,24.86,29.92,19.45,0.0,22.75,38.39725785402992,42.61447621981
2010-08-31,25.43,30.87,20.72,0.0,20.91,38.39725785402992,42.61447621981
2010-09-01,24.81,29.88,20.45,0.0,24.35,38.39725785402992,42.61447621981
2010-09-02,23.42,28.63,18.99,0.0,19.47,38.39725785402992,42.61447621981
2010-09-03,23.94,30.15,18.69,0.0,24.24,38.39725785402992,42.61447621981
2010-09-04,24.24,30.72,18.04,0.0,24.21,38.39725785402992,42.61447621981
2010-09-05,25.18,31.16,19.01,0.0,23.26,38.39725785402992,42.61447621981
2010-09-06,24.83,30.82,20.35,0.0,23.15,38.39725785402992,42.61447621981
2010-09-07,22.74,27.97,18.05,0.0,24.07,38.39725785402992,42.61447621981
2010-09-08,22.45,28.15,17.68,0.02,22.21,38.39725785402992,42.61447621981
2010-09-09,22.27,28.34,17.04,0.0,23.51,38.39725785402992,42.61447621981
2010-09-10,21.92,28.97,15.84,0.0,22.1,38.39725785402992,42.61447621981
2010-09-11,22.53,27.82,18.6,0.0,22.62,38.39725785402992,42.61447621981
2010-09-12,21.87,28.09,16.28,0.01,22.75,38.39725785402992,42.61447621981
2010-09-13,20.31,25.72,15.41,0.0,22.45,38.39725785402992,42.61447621981
2010-09-14,17.55,22.81,12.66,0.18,18.1,38.39725785402992,42.61447621981
2010-09-15,18.53,24.52,12.52,0.0,19.61,38.39725785402992,42.61447621981
2010-09-16,20.07,25.42,16.6,0.0,22.55,38.39725785402992,42.61447621981
2010-09-17,20.59,26.87,15.96,0.0,21.8,38.39725785402992,42.61447621981
2010-09-18,20.21,26.08,15.99,0.04,19.81,38.39725785402992,42.61447621981
2010-09-19,19.08,24.14,13.33,0.0,21.6,38.39725785402992,42.61447621981
2010-09-20,20.18,25.4,15.26,0.0,20.87,38.39725785402992,42.61447621981
2010-09-21,21.1,26.41,17.1,0.0,21.18,38.39725785402992,42.61447621981
2010-09-22,21.16,26.92,16.35,0.02,18.72,38.39725785402992,42.61447621981
2010-09-23,17.85,22.44,14.11,0.34,10.2,38.39725785402992,42.61447621981
2010-09-24,19.53,24.71,15.55,0.04,16.97,38.39725785402992,42.61447621981
2010-09-25,17.58,23.74,13.41,1.87,12.43,38.39725785402992,42.61447621981
2010-09-26,17.42,23.27,13.11,0.2,18.2,38.39725785402992,42.61447621981
2010-09-27,19.27,24.31,15.3,0.0,18.13,38.39725785402992,42.61447621981
2010-09-28,19.43,24.73,15.41,0.0,17.77,38.39725785402992,42.61447621981
2010-09-29,18.82,24.67,14.39,0.0,18.06,38.39725785402992,42.61447621981
2010-09-30,18.01,23.72,13.6,0.0,18.81,38.39725785402992,42.61447621981
2010-10-01,16.26,20.23,12.2,1.48,12.47,38.39725785402992,42.61447621981
2010-10-02,14.8,20.3,10.28,0.6,18.35,38.39725785402992,42.61447621981
2010-10-03,13.53,17.41,11.11,2.83,8.48,38.39725785402992,42.61447621981
2010-10-04,14.59,18.92,11.3,1.11,12.35,38.39725785402992,42.61447621981
2010-10-05,14.1,18.79,10.44,0.16,13.5,38.39725785402992,42.61447621981
2010-10-06,12.78,17.44,10.06,0.26,13.41,38.39725785402992,42.61447621981
2010-10-07,12.82,18.19,9.0,0.0,17.71,38.39725785402992,42.61447621981
2010-10-08,13.66,18.32,9.87,0.87,8.98,38.39725785402992,42.61447621981
2010-10-09,12.63,17.61,8.61,0.04,12.65,38.39725785402992,42.61447621981
2010-10-10,10.33,14.84,7.17,0.0,12.45,38.39725785402992,42.61447621981
2010-10-11,6.55,11.04,3.38,3.51,9.51,38.39725785402992,42.61447621981
2010-10-12,7.42,11.68,3.87,0.2,17.54,38.39725785402992,42.61447621981
2010-10-13,8.58,13.97,4.02,0.15,12.57,38.39725785402992,42.61447621981
2010-10-14,9.93,14.37,6.44,0.96,4.95,38.39725785402992,42.61447621981
2010-10-15,10.55,13.87,8.55,10.89,3.97,38.39725785402992,42.61447621981
2010-10-16,12.24,17.86,7.63,3.85,12.95,38.39725785402992,42.61447621981
2010-10-17,12.05,17.31,7.94,0.1,15.46,38.39725785402992,42.61447621981
2010-10-18,11.97,16.95,7.68,0.0,16.75,38.39725785402992,42.61447621981
2010-10-19,13.93,18.87,9.35,0.0,16.68,38.39725785402992,42.61447621981
2010-10-20,15.7,21.28,11.34,0.0,16.68,38.39725785402992,42.61447621981
2010-10-21,16.19,21.16,13.41,0.01,15.42,38.39725785402992,42.61447621981
2010-10-22,13.97,19.1,9.27,0.0,15.91,38.39725785402992,42.61447621981
2010-10-23,12.61,19.2,8.06,0.0,14.5,38.39725785402992,42.61447621981
2010-10-24,13.41,17.97,9.5,0.0,14.7,38.39725785402992,42.61447621981
2010-10-25,13.32,17.32,10.81,0.13,11.95,38.39725785402992,42.61447621981
2010-10-26,12.0,15.13,9.53,0.42,12.68,38.39725785402992,42.61447621981
2010-10-27,11.73,16.06,8.63,0.0,13.69,38.39725785402992,42.61447621981
2010-10-28,10.84,16.44,7.27,0.0,14.61,38.39725785402992,42.61447621981
2010-10-29,10.56,16.5,6.65,1.15,12.92,38.39725785402992,42.61447621981
2010-10-30,6.6,10.03,4.05,7.76,9.14,38.39725785402992,42.61447621981
2010-10-31,4.39,8.34,1.48,2.72,13.32,38.39725785402992,42.61447621981
2010-11-01,3.49,8.79,-0.58,0.0,15.09,38.39725785402992,42.61447621981
2010-11-02,3.69,9.94,-0.63,0.0,14.55,38.39725785402992,42.61447621981
2010-11-03,5.33,12.2,-0.21,0.0,14.33,38.39725785402992,42.61447621981
2010-11-04,6.51,12.87,2.76,0.0,13.95,38.39725785402992,42.61447621981
2010-11-05,6.47,12.76,1.59,0.0,14.52,38.39725785402992,42.61447621981
2010-11-06,7.64,14.78,1.83,0.0,14.34,38.39725785402992,42.61447621981
2010-11-07,8.56,13.86,5.9,0.0,13.85,38.39725785402992,42.61447621981
2010-11-08,7.01,12.43,3.9,0.0,13.82,38.39725785402992,42.61447621981
2010-11-09,6.55,11.42,3.39,0.0,13.29,38.39725785402992,42.61447621981
2010-11-10,7.7,13.34,3.99,0.0,12.99,38.39725785402992,42.61447621981
2010-11-11,7.96,13.29,4.58,0.0,13.07,38.39725785402992,42.61447621981
2010-11-12,8.93,14.97,4.95,0.0,12.82,38.39725785402992,42.61447621981
2010-11-13,9.45,14.77,6.09,0.0,12.79,38.39725785402992,42.61447621981
2010-11-14,8.47,14.85,3.9,0.0,13.01,38.39725785402992,42.61447621981
2010-11-15,9.2,16.27,4.6,0.0,12.56,38.39725785402992,42.61447621981
2010-11-16,8.97,14.54,5.3,0.0,12.34,38.39725785402992,42.61447621981
2010-11-17,8.28,13.07,5.61,0.0,12.04,38.39725785402992,42.61447621981
2010-11-18,7.76,12.23,5.18,0.0,12.04,38.39725785402992,42.61447621981
2010-11-19,7.89,12.89,4.47,0.0,12.0,38.39725785402992,42.61447621981
2010-11-20,7.17,12.83,2.55,0.0,11.48,38.39725785402992,42.61447621981
2010-11-21,7.72,13.27,3.5,0.0,11.64,38.39725785402992,42.61447621981
2010-11-22,6.65,11.61,3.36,0.0,11.33,38.39725785402992,42.61447621981
2010-11-23,4.96,9.99,1.76,0.0,10.39,38.39725785402992,42.61447621981
2010-11-24,4.12,9.31,1.2,0.0,9.9,38.39725785402992,42.61447621981
2010-11-25,4.33,9.99,1.25,0.0,8.48,38.39725785402992,42.61447621981
2010-11-26,4.63,10.0,1.62,0.0,10.22,38.39725785402992,42.61447621981
2010-11-27,4.95,10.24,2.09,0.0,10.14,38.39725785402992,42.61447621981
2010-11-28,5.64,9.4,2.83,0.0,10.88,38.39725785402992,42.61447621981
2010-11-29,7.06,12.69,2.87,0.0,9.14,38.39725785402992,42.61447621981
2010-11-30,6.84,13.03,3.69,0.0,10.31,38.39725785402992,42.61447621981
2010-12-01,6.32,11.92,3.24,0.0,10.21,38.39725785402992,42.61447621981
2010-12-02,7.19,11.77,3.77,0.0,9.5,38.39725785402992,42.61447621981
2010-12-03,7.23,12.34,3.93,0.0,10.11,38.39725785402992,42.61447621981
2010-12-04,9.45,15.91,5.06,0.0,10.32,38.39725785402992,42.61447621981
2010-12-05,9.45,15.27,6.02,0.0,10.51,38.39725785402992,42.61447621981
2010-12-06,7.76,12.84,5.42,0.0,8.43,38.39725785402992,42.61447621981
2010-12-07,5.08,9.4,2.39,0.01,9.14,38.39725785402992,42.61447621981
2010-12-08,4.11,7.49,2.27,0.0,10.01,38.39725785402992,42.61447621981
2010-12-09,3.38,8.4,0.02,0.0,9.93,38.39725785402992,42.61447621981
2010-12-10,0.35,4.55,-1.78,0.03,9.55,38.39725785402992,42.61447621981
2010-12-11,0.99,5.01,-1.69,4.72,4.26,38.39725785402992,42.61447621981
2010-12-12,-0.72,2.31,-4.08,12.34,2.14,38.39725785402992,42.61447621981
2010-12-13,-3.94,-1.86,-5.94,1.14,3.63,38.39725785402992,42.61447621981
2010-12-14,-5.04,-1.66,-8.54,1.82,3.59,38.39725785402992,42.61447621981
2010-12-15,-3.17,0.84,-5.76,1.37,4.94,38.39725785402992,42.61447621981
2010-12-16,-2.63,2.09,-5.66,0.0,7.52,38.39725785402992,42.61447621981
2010-12-17,-1.02,3.7,-4.16,0.0,7.13,38.39725785402992,42.61447621981
2010-12-18,-1.19,2.22,-4.83,1.49,4.23,38.39725785402992,42.61447621981
2010-12-19,-1.4,1.87,-5.03,0.13,6.23,38.39725785402992,42.61447621981
2010-12-20,0.09,4.01,-2.54,0.0,7.32,38.39725785402992,42.61447621981
2010-12-21,0.65,5.54,-2.42,0.0,8.2,38.39725785402992,42.61447621981
2010-12-22,0.5,5.07,-1.91,0.0,8.41,38.39725785402992,42.61447621981
2010-12-23,-0.21,3.61,-4.23,0.0,8.58,38.39725785402992,42.61447621981
2010-12-24,0.6,5.44,-2.79,0.0,8.38,38.39725785402992,42.61447621981
2010-12-25,0.17,4.79,-3.05,0.0,8.44,38.39725785402992,42.61447621981
2010-12-26,-0.66,3.44,-4.37,0.0,8.72,38.39725785402992,42.61447621981
2010-12-27,3.19,8.51,-0.36,0.0,8.3,38.39725785402992,42.61447621981
2010-12-28,4.18,9.34,0.64,0.0,7.9,38.39725785402992,42.61447621981
2010-12-29,3.88,7.75,1.88,0.0,8.64,38.39725785402992,42.61447621981
2010-12-30,1.85,5.2,-1.48,0.15,6.97,38.39725785402992,42.61447621981
2010-12-31,-1.18,-0.12,-1.98,5.11,2.33,38.39725785402992,42.61447621981
2011-01-01,-3.27,-2.04,-5.76,2.59,4.6,38.39725785402992,42.61447621981
2011-01-02,-4.55,-1.33,-6.79,0.6,6.49,38.39725785402992,42.61447621981
2011-01-03,-4.98,0.88,-8.9,0.0,6.92,38.39725785402992,42.61447621981
2011-01-04,-4.02,-0.67,-6.8,3.56,5.07,38.39725785402992,42.61447621981
2011-01-05,-2.93,1.5,-7.28,0.68,5.25,38.39725785402992,42.61447621981
2011-01-06,-2.08,1.38,-5.65,0.0,6.55,38.39725785402992,42.61447621981
2011-01-07,-2.01,2.23,-5.93,0.0,6.94,38.39725785402992,42.61447621981
2011-01-08,-2.44,1.83,-7.83,0.01,7.28,38.39725785402992,42.61447621981
2011-01-09,-2.87,0.03,-6.69,0.04,7.05,38.39725785402992,42.61447621981
2011-01-10,-5.12,-0.7,-9.03,0.09,7.22,38.39725785402992,42.61447621981
2011-01-11,-7.86,-3.1,-11.73,0.03,8.27,38.39725785402992,42.61447621981
2011-01-12,-8.97,-2.02,-14.48,0.0,9.22,38.39725785402992,42.61447621981
2011-01-13,-6.45,0.61,-11.77,0.0,9.71,38.39725785402992,42.61447621981
2011-01-14,-4.01,1.25,-7.6,0.0,8.73,38.39725785402992,42.61447621981
2011-01-15,-5.93,-0.28,-9.54,0.02,9.1,38.39725785402992,42.61447621981
2011-01-16,-6.74,-1.03,-12.33,0.0,9.43,38.39725785402992,42.61447621981
2011-01-17,-4.41,0.65,-8.4,0.0,9.76,38.39725785402992,42.61447621981
2011-01-18,-4.99,0.75,-11.2,0.0,10.23,38.39725785402992,42.61447621981
2011-01-19,-4.22,0.78,-8.99,0.0,9.59,38.39725785402992,42.61447621981
2011-01-20,-4.74,0.33,-10.95,0.0,10.33,38.39725785402992,42.61447621981
2011-01-21,-3.07,1.61,-7.2,0.0,10.4,38.39725785402992,42.61447621981
2011-01-22,-1.56,4.2,-7.66,0.0,9.63,38.39725785402992,42.61447621981
2011-01-23,-2.16,2.76,-5.59,0.0,10.53,38.39725785402992,42.61447621981
2011-01-24,-3.82,1.41,-8.29,0.01,9.04,38.39725785402992,42.61447621981
2011-01-25,-3.17,1.11,-6.22,0.17,9.34,38.39725785402992,42.61447621981
2011-01-26,-2.61,2.39,-7.82,0.71,6.62,38.39725785402992,42.61447621981
2011-01-27,-1.55,1.79,-4.96,10.07,7.85,38.39725785402992,42.61447621981
2011-01-28,-2.18,1.33,-5.08,2.18,6.2,38.39725785402992,42.61447621981
2011-01-29,-1.78,0.25,-3.73,2.84,4.35,38.39725785402992,42.61447621981
2011-01-30,-0.93,1.73,-3.25,14.24,3.63,38.39725785402992,42.61447621981
2011-01-31,-1.91,0.27,-5.48,8.14,5.62,38.39725785402992,42.61447621981
2011-02-01,-6.59,-2.73,-10.29,4.81,5.49,38.39725785402992,42.61447621981
2011-02-02,-11.42,-7.57,-18.11,2.72,9.65,38.39725785402992,42.61447621981
2011-02-03,-14.41,-6.44,-21.19,0.0,12.66,38.39725785402992,42.61447621981
2011-02-04,-12.01,-6.83,-17.16,0.98,5.21,38.39725785402992,42.61447621981
2011-02-05,-12.23,-5.22,-17.93,0.0,12.16,38.39725785402992,42.61447621981
2011-02-06,-8.78,-0.89,-13.17,0.0,13.92,38.39725785402992,42.61447621981
2011-02-07,-7.24,-1.15,-13.36,0.0,13.64,38.39725785402992,42.61447621981
2011-02-08,-5.97,-1.15,-12.17,0.0,13.55,38.39725785402992,42.61447621981
2011-02-09,-4.99,0.43,-9.94,0.0,14.7,38.39725785402992,42.61447621981
2011-02-10,-5.79,-1.53,-10.02,0.01,14.15,38.39725785402992,42.61447621981
2011-02-11,-10.52,-5.63,-18.16,0.08,12.65,38.39725785402992,42.61447621981
2011-02-12,-11.31,-1.78,-18.31,0.0,14.77,38.39725785402992,42.61447621981
2011-02-13,-8.5,-2.13,-15.64,0.15,11.62,38.39725785402992,42.61447621981
2011-02-14,-6.05,-1.88,-9.83,0.5,10.9,38.39725785402992,42.61447621981
2011-02-15,-4.17,-0.48,-7.07,7.75,6.51,38.39725785402992,42.61447621981
2011-02-16,-4.64,-0.76,-7.79,3.67,11.42,38.39725785402992,42.61447621981
2011-02-17,-6.27,-1.12,-10.57,0.0,13.19,38.39725785402992,42.61447621981
2011-02-18,-5.06,-0.66,-8.59,0.01,14.62,38.39725785402992,42.61447621981
2011-02-19,-2.83,1.0,-7.09,0.31,8.22,38.39725785402992,42.61447621981
2011-02-20,-0.23,1.97,-2.15,5.58,12.24,38.39725785402992,42.61447621981
2011-02-21,-0.26,1.15,-2.89,3.43,6.57,38.39725785402992,42.61447621981
2011-02-22,-1.39,1.85,-4.03,0.18,12.32,38.39725785402992,42.61447621981
2011-02-23,0.34,3.54,-2.66,0.86,13.02,38.39725785402992,42.61447621981
2011-02-24,1.11,3.79,-0.44,5.97,12.73,38.39725785402992,42.61447621981
2011-02-25,0.95,3.63,-1.16,1.24,6.82,38.39725785402992,42.61447621981
2011-02-26,1.28,4.66,-0.53,9.31,7.24,38.39725785402992,42.61447621981
2011-02-27,-0.17,2.46,-2.2,2.19,9.57,38.39725785402992,42.61447621981
2011-02-28,0.55,3.67,-1.36,3.93,11.19,38.39725785402992,42.61447621981
2011-03-01,-0.27,2.21,-2.98,0.63,13.36,38.39725785402992,42.61447621981
2011-03-02,-1.53,2.18,-3.87,0.0,14.88,38.39725785402992,42.61447621981
2011-03-03,-3.33,-0.37,-5.33,0.01,13.68,38.39725785402992,42.61447621981
2011-03-04,-3.08,0.51,-5.66,0.0,17.52,38.39725785402992,42.61447621981
2011-03-05,-3.09,0.59,-7.94,0.0,16.88,38.39725785402992,42.61447621981
2011-03-06,-0.8,3.41,-5.08,0.06,16.76,38.39725785402992,42.61447621981
2011-03-07,-0.53,1.79,-3.11,3.58,5.36,38.39725785402992,42.61447621981
2011-03-08,1.66,4.36,0.33,8.11,5.48,38.39725785402992,42.61447621981
2011-03-09,1.51,4.45,-0.82,7.2,8.73,38.39725785402992,42.61447621981
2011-03-10,-0.91,1.86,-3.09,2.35,7.84,38.39725785402992,42.61447621981
2011-03-11,-2.85,-0.36,-5.72,5.25,6.57,38.39725785402992,42.61447621981
2011-03-12,-2.94,0.63,-5.68,0.04,11.07,38.39725785402992,42.61447621981
2011-03-13,-2.51,1.66,-5.87,0.82,12.78,38.39725785402992,42.61447621981
2011-03-14,-1.92,1.71,-4.76,0.0,17.12,38.39725785402992,42.61447621981
2011-03-15,-0.56,3.84,-5.36,0.0,17.38,38.39725785402992,42.61447621981
2011-03-16,3.29,7.9,-0.54,0.0,18.57,38.39725785402992,42.61447621981
2011-03-17,4.07,8.34,1.52,0.0,18.63,38.39725785402992,42.61447621981
2011-03-18,5.5,10.25,1.98,0.0,18.57,38.39725785402992,42.61447621981
2011-03-19,5.85,10.59,2.58,0.0,14.0,38.39725785402992,42.61447621981
2011-03-20,6.85,11.81,3.59,0.0,16.27,38.39725785402992,42.61447621981
2011-03-21,4.48,7.65,1.12,0.89,14.83,38.39725785402992,42.61447621981
2011-03-22,4.05,8.07,0.95,3.02,8.36,38.39725785402992,42.61447621981
2011-03-23,1.23,4.02,-1.08,2.6,8.46,38.39725785402992,42.61447621981
2011-03-24,0.1,3.04,-2.02,6.0,13.77,38.39725785402992,42.61447621981
2011-03-25,0.66,5.49,-3.03,0.35,20.62,38.39725785402992,42.61447621981
2011-03-26,3.04,8.59,-3.24,0.0,21.26,38.39725785402992,42.61447621981
2011-03-27,5.89,10.73,2.86,0.0,23.32,38.39725785402992,42.61447621981
2011-03-28,5.35,9.9,2.21,0.0,22.05,38.39725785402992,42.61447621981
2011-03-29,5.47,9.53,3.15,0.0,22.51,38.39725785402992,42.61447621981
2011-03-30,6.62,10.85,2.96,0.0,21.37,38.39725785402992,42.61447621981
2011-03-31,7.51,11.91,4.97,0.0,21.96,38.39725785402992,42.61447621981
2011-04-01,8.59,13.63,4.58,0.0,22.06,38.39725785402992,42.61447621981
2011-04-02,8.49,13.14,5.39,0.03,16.06,38.39725785402992,42.61447621981
2011-04-03,7.59,10.59,4.41,3.36,11.58,38.39725785402992,42.61447621981
2011-04-04,7.1,12.48,3.78,13.7,8.42,38.39725785402992,42.61447621981
2011-04-05,3.98,7.09,1.72,7.0,5.67,38.39725785402992,42.61447621981
2011-04-06,3.54,5.86,2.1,4.22,15.83,38.39725785402992,42.61447621981
2011-04-07,4.13,7.83,1.03,5.35,14.99,38.39725785402992,42.61447621981
2011-04-08,3.46,6.68,1.7,10.56,8.87,38.39725785402992,42.61447621981
2011-04-09,4.24,7.82,1.67,5.52,9.4,38.39725785402992,42.61447621981
2011-04-10,3.78,6.89,2.01,16.35,9.58,38.39725785402992,42.61447621981
2011-04-11,3.82,6.06,2.6,22.73,8.7,38.39725785402992,42.61447621981
2011-04-12,2.77,6.98,-2.2,13.03,8.68,38.39725785402992,42.61447621981
2011-04-13,-1.57,2.29,-4.5,2.09,13.23,38.39725785402992,42.61447621981
2011-04-14,1.2,7.19,-4.09,0.0,23.83,38.39725785402992,42.61447621981
2011-04-15,3.67,9.15,-1.37,0.0,23.27,38.39725785402992,42.61447621981
2011-04-16,5.75,10.73,0.48,0.05,24.42,38.39725785402992,42.61447621981
2011-04-17,7.94,12.7,2.82,0.6,22.81,38.39725785402992,42.61447621981
2011-04-18,10.02,14.7,4.52,0.2,22.93,38.39725785402992,42.61447621981
2011-04-19,11.69,16.68,6.86,0.09,21.94,38.39725785402992,42.61447621981
2011-04-20,7.71,11.5,3.93,4.15,14.58,38.39725785402992,42.61447621981
2011-04-21,7.69,11.92,2.21,3.25,24.83,38.39725785402992,42.61447621981
2011-04-22,6.21,11.08,2.11,44.32,5.63,38.39725785402992,42.61447621981
2011-04-23,5.16,8.22,2.47,18.23,18.25,38.39725785402992,42.61447621981
2011-04-24,5.76,9.69,1.84,0.07,17.69,38.39725785402992,42.61447621981
2011-04-25,8.25,12.79,4.24,0.29,23.93,38.39725785402992,42.61447621981
2011-04-26,6.13,8.88,3.98,2.46,17.97,38.39725785402992,42.61447621981
2011-04-27,7.63,11.76,3.87,0.68,22.27,38.39725785402992,42.61447621981
2011-04-28,9.82,14.46,5.52,0.0,25.89,38.39725785402992,42.61447621981
2011-04-29,8.52,12.91,4.55,4.0,6.96,38.39725785402992,42.61447621981
2011-04-30,7.78,10.61,5.44,6.62,6.61,38.39725785402992,42.61447621981
2011-05-01,6.98,8.58,4.98,6.09,9.09,38.39725785402992,42.61447621981
2011-05-02,7.7,11.78,4.84,6.73,19.45,38.39725785402992,42.61447621981
2011-05-03,7.43,10.79,3.83,0.39,17.15,38.39725785402992,42.61447621981
2011-05-04,10.1,14.29,5.71,0.34,25.99,38.39725785402992,42.61447621981
2011-05-05,10.24,12.8,7.63,4.09,17.6,38.39725785402992,42.61447621981
2011-05-06,9.24,12.8,5.24,0.79,23.99,38.39725785402992,42.61447621981
2011-05-07,9.05,12.21,5.82,0.52,22.15,38.39725785402992,42.61447621981
2011-05-08,8.59,11.24,6.06,0.43,21.81,38.39725785402992,42.61447621981
2011-05-09,9.45,13.75,6.25,0.04,26.89,38.39725785402992,42.61447621981
2011-05-10,10.66,14.42,6.87,0.65,28.03,38.39725785402992,42.61447621981
2011-05-11,12.61,16.64,8.86,0.45,25.88,38.39725785402992,42.61447621981
2011-05-12,11.58,15.53,6.88,0.31,28.94,38.39725785402992,42.61447621981
2011-05-13,8.28,11.57,5.15,2.1,21.67,38.39725785402992,42.61447621981
2011-05-14,7.2,11.73,3.53,2.01,19.08,38.39725785402992,42.61447621981
2011-05-15,6.37,9.71,2.94,1.35,18.97,38.39725785402992,42.61447621981
2011-05-16,9.25,13.1,5.43,0.02,28.31,38.39725785402992,42.61447621981
2011-05-17,11.54,16.41,7.29,0.0,29.74,38.39725785402992,42.61447621981
2011-05-18,14.39,19.23,8.62,0.52,28.1,38.39725785402992,42.61447621981
2011-05-19,13.95,18.23,9.55,13.99,11.09,38.39725785402992,42.61447621981
2011-05-20,11.77,15.06,8.95,2.15,19.76,38.39725785402992,42.61447621981
2011-05-21,11.74,15.78,7.35,2.67,16.77,38.39725785402992,42.61447621981
2011-05-22,11.82,15.79,8.62,0.08,25.05,38.39725785402992,42.61447621981
2011-05-23,11.54,14.22,7.98,2.66,20.05,38.39725785402992,42.61447621981
2011-05-24,12.2,16.56,6.94,0.07,28.68,38.39725785402992,42.61447621981
2011-05-25,14.91,17.98,10.89,2.41,25.83,38.39725785402992,42.61447621981
2011-05-26,15.52,18.62,12.22,0.14,25.27,38.39725785402992,42.61447621981
2011-05-27,15.25,18.4,10.78,0.2,23.79,38.39725785402992,42.61447621981
2011-05-28,14.93,18.35,10.93,0.03,17.11,38.39725785402992,42.61447621981
2011-05-29,14.91,18.8,10.49,4.18,18.89,38.39725785402992,42.61447621981
2011-05-30,17.05,22.23,10.24,7.18,23.46,38.39725785402992,42.61447621981
2011-05-31,18.34,22.51,13.66,0.0,29.93,38.39725785402992,42.61447621981
2011-06-01,19.42,24.23,14.57,0.43,23.2,38.39725785402992,42.61447621981
2011-06-02,17.39,23.56,12.24,3.31,27.32,38.39725785402992,42.61447621981
2011-06-03,16.74,20.34,12.65,0.03,28.16,38.39725785402992,42.61447621981
2011-06-04,16.82,20.28,13.7,0.49,28.23,38.39725785402992,42.61447621981
2011-06-05,16.9,20.79,13.17,0.47,26.11,38.39725785402992,42.61447621981
2011-06-06,15.97,19.66,12.91,2.68,19.9,38.39725785402992,42.61447621981
2011-06-07,17.78,22.09,12.86,0.52,28.53,38.39725785402992,42.61447621981
2011-06-08,18.65,22.99,14.29,0.37,29.72,38.39725785402992,42.61447621981
2011-06-09,17.07,21.33,12.63,0.05,30.2,38.39725785402992,42.61447621981
2011-06-10,17.99,21.79,13.31,0.33,27.61,38.39725785402992,42.61447621981
2011-06-11,17.15,21.93,11.93,0.3,29.79,38.39725785402992,42.61447621981
2011-06-12,14.09,17.63,10.68,5.56,23.13,38.39725785402992,42.61447621981
2011-06-13,14.57,17.97,11.49,6.86,16.82,38.39725785402992,42.61447621981
2011-06-14,14.12,17.41,10.7,2.26,21.64,38.39725785402992,42.61447621981
2011-06-15,16.41,20.75,12.07,0.01,26.89,38.39725785402992,42.61447621981
2011-06-16,19.05,24.32,14.1,0.0,29.79,38.39725785402992,42.61447621981
2011-06-17,20.34,25.35,15.76,0.0,31.71,38.39725785402992,42.61447621981
2011-06-18,21.01,26.13,17.07,0.0,32.05,38.39725785402992,42.61447621981
2011-06-19,20.01,24.94,16.32,0.0,32.17,38.39725785402992,42.61447621981
2011-06-20,19.74,24.4,15.38,0.01,30.24,38.39725785402992,42.61447621981
2011-06-21,18.42,24.49,12.37,0.0,31.52,38.39725785402992,42.61447621981
2011-06-22,18.56,24.9,12.15,0.0,30.65,38.39725785402992,42.61447621981
2011-06-23,18.38,24.53,13.08,0.0,30.06,38.39725785402992,42.61447621981
2011-06-24,17.24,23.17,11.47,0.0,32.23,38.39725785402992,42.61447621981
2011-06-25,21.37,26.91,14.56,0.0,30.7,38.39725785402992,42.61447621981
2011-06-26,22.14,27.38,15.86,0.0,31.27,38.39725785402992,42.61447621981
2011-06-27,20.13,25.83,15.13,0.0,30.74,38.39725785402992,42.61447621981
2011-06-28,20.31,26.56,14.68,0.0,31.58,38.39725785402992,42.61447621981
2011-06-29,20.3,26.12,15.5,0.0,32.02,38.39725785402992,42.61447621981
2011-06-30,20.01,25.68,15.49,0.0,32.09,38.39725785402992,42.61447621981
2011-07-01,20.12,27.61,11.74,0.0,31.67,38.39725785402992,42.61447621981
2011-07-02,21.87,27.06,17.71,0.0,31.26,38.39725785402992,42.61447621981
2011-07-03,21.36,26.55,15.75,0.0,30.32,38.39725785402992,42.61447621981
2011-07-04,22.77,28.51,17.02,0.0,29.63,38.39725785402992,42.61447621981
2011-07-05,22.59,28.69,15.61,0.0,29.55,38.39725785402992,42.61447621981
2011-07-06,23.95,29.66,18.04,0.0,30.77,38.39725785402992,42.61447621981
2011-07-07,25.97,31.81,20.49,0.0,30.86,38.39725785402992,42.61447621981
2011-07-08,25.5,31.19,20.92,0.0,29.17,38.39725785402992,42.61447621981
2011-07-09,25.86,32.54,20.38,0.0,28.75,38.39725785402992,42.61447621981
2011-07-10,24.54,30.99,18.63,0.08,29.59,38.39725785402992,42.61447621981
2011-07-11,23.16,29.33,16.72,0.11,26.87,38.39725785402992,42.61447621981
2011-07-12,24.57,29.67,20.78,0.02,26.28,38.39725785402992,42.61447621981
2011-07-13,23.9,29.02,19.31,0.01,28.84,38.39725785402992,42.61447621981
2011-07-14,25.32,30.38,20.13,0.0,29.68,38.39725785402992,42.61447621981
2011-07-15,26.15,31.96,21.48,0.02,29.17,38.39725785402992,42.61447621981
2011-07-16,24.8,30.16,19.21,0.08,28.63,38.39725785402992,42.61447621981
2011-07-17,22.35,27.25,17.1,2.07,22.09,38.39725785402992,42.61447621981
2011-07-18,22.2,28.56,16.1,0.1,24.98,38.39725785402992,42.61447621981
2011-07-19,22.28,27.58,17.74,0.46,21.01,38.39725785402992,42.61447621981
2011-07-20,21.11,25.62,16.99,3.49,14.85,38.39725785402992,42.61447621981
2011-07-21,22.29,26.45,17.81,0.01,23.74,38.39725785402992,42.61447621981
2011-07-22,23.06,27.37,18.94,0.0,26.07,38.39725785402992,42.61447621981
2011-07-23,21.02,25.56,16.44,0.68,22.43,38.39725785402992,42.61447621981
2011-07-24,21.55,27.21,16.52,0.1,25.29,38.39725785402992,42.61447621981
2011-07-25,24.45,30.13,17.06,0.0,28.49,38.39725785402992,42.61447621981
2011-07-26,26.13,31.88,21.24,0.0,29.97,38.39725785402992,42.61447621981
2011-07-27,26.68,33.7,19.17,0.0,29.53,38.39725785402992,42.61447621981
2011-07-28,27.19,33.83,20.01,0.0,28.48,38.39725785402992,42.61447621981
2011-07-29,27.22,32.45,20.9,0.0,27.01,38.39725785402992,42.61447621981
2011-07-30,28.45,33.43,24.19,0.0,23.74,38.39725785402992,42.61447621981
2011-07-31,27.67,33.49,22.83,0.0,26.68,38.39725785402992,42.61447621981
2011-08-01,27.61,33.27,22.78,0.0,28.85,38.39725785402992,42.61447621981
2011-08-02,28.56,34.1,23.97,0.0,28.23,38.39725785402992,42.61447621981
2011-08-03,28.33,34.28,23.32,0.0,28.68,38.39725785402992,42.61447621981
2011-08-04,25.47,33.19,17.51,0.0,29.2,38.39725785402992,42.61447621981
2011-08-05,25.32,32.3,18.93,0.0,29.21,38.39725785402992,42.61447621981
2011-08-06,24.08,30.98,16.72,0.0,27.6,38.39725785402992,42.61447621981
2011-08-07,25.01,30.75,19.09,0.03,24.81,38.39725785402992,42.61447621981
2011-08-08,24.88,30.65,18.36,0.04,24.65,38.39725785402992,42.61447621981
2011-08-09,24.66,29.22,20.5,0.05,25.98,38.39725785402992,42.61447621981
2011-08-10,23.15,28.56,17.81,0.0,27.51,38.39725785402992,42.61447621981
2011-08-11,24.45,30.1,18.28,0.01,25.68,38.39725785402992,42.61447621981
2011-08-12,23.87,29.03,18.89,0.01,26.18,38.39725785402992,42.61447621981
2011-08-13,22.04,27.89,17.25,0.0,27.07,38.39725785402992,42.61447621981
2011-08-14,22.38,28.45,17.7,0.0,27.9,38.39725785402992,42.61447621981
2011-08-15,23.2,29.43,18.24,0.0,27.54,38.39725785402992,42.61447621981
2011-08-16,23.22,29.49,17.3,0.44,27.31,38.39725785402992,42.61447621981
2011-08-17,22.97,29.37,15.91,0.0,26.68,38.39725785402992,42.61447621981
2011-08-18,24.12,30.59,18.14,0.0,26.08,38.39725785402992,42.61447621981
2011-08-19,23.43,30.05,17.32,0.04,25.12,38.39725785402992,42.61447621981
2011-08-20,22.25,28.01,17.02,0.37,21.71,38.39725785402992,42.61447621981
2011-08-21,22.26,27.33,18.0,0.14,20.0,38.39725785402992,42.61447621981
2011-08-22,22.5,27.55,17.24,0.0,22.87,38.39725785402992,42.61447621981
2011-08-23,22.29,28.38,15.24,0.0,26.2,38.39725785402992,42.61447621981
2011-08-24,22.07,28.85,15.26,0.0,26.23,38.39725785402992,42.61447621981
2011-08-25,22.43,29.15,16.22,0.0,25.28,38.39725785402992,42.61447621981
2011-08-26,22.11,28.11,16.93,0.0,25.47,38.39725785402992,42.61447621981
2011-08-27,21.35,27.98,14.44,0.0,25.34,38.39725785402992,42.61447621981
2011-08-28,20.88,27.37,15.38,0.0,24.11,38.39725785402992,42.61447621981
2011-08-29,18.8,25.27,13.35,0.0,26.6,38.39725785402992,42.61447621981
2011-08-30,21.49,28.58,15.71,0.0,26.58,38.39725785402992,42.61447621981
2011-08-31,21.89,27.78,17.24,0.0,25.84,38.39725785402992,42.61447621981
2011-09-01,22.05,28.33,15.89,0.0,25.75,38.39725785402992,42.61447621981
2011-09-02,21.3,28.68,14.86,0.0,24.81,38.39725785402992,42.61447621981
2011-09-03,20.33,25.19,16.74,0.09,21.19,38.39725785402992,42.61447621981
2011-09-04,20.19,25.34,16.41,0.01,21.34,38.39725785402992,42.61447621981
2011-09-05,19.58,25.93,13.68,0.03,22.05,38.39725785402992,42.61447621981
2011-09-06,18.78,25.52,12.93,0.0,24.85,38.39725785402992,42.61447621981
2011-09-07,19.28,26.28,12.84,0.0,24.19,38.39725785402992,42.61447621981
2011-09-08,19.91,25.81,15.1,0.0,24.72,38.39725785402992,42.61447621981
2011-09-09,18.87,24.73,14.46,0.0,23.8,38.39725785402992,42.61447621981
2011-09-10,19.42,25.1,14.8,0.0,23.73,38.39725785402992,42.61447621981
2011-09-11,19.1,26.26,12.23,0.0,23.64,38.39725785402992,42.61447621981
2011-09-12,18.04,24.72,12.14,0.0,23.21,38.39725785402992,42.61447621981
2011-09-13,18.87,25.43,12.12,0.0,23.14,38.39725785402992,42.61447621981
2011-09-14,19.82,25.57,14.04,0.0,21.48,38.39725785402992,42.61447621981
2011-09-15,20.16,25.41,14.51,0.22,17.64,38.39725785402992,42.61447621981
2011-09-16,19.2,24.5,14.02,0.03,21.77,38.39725785402992,42.61447621981
2011-09-17,20.29,26.19,15.0,0.0,22.0,38.39725785402992,42.61447621981
2011-09-18,19.92,26.39,13.63,0.0,21.71,38.39725785402992,42.61447621981
2011-09-19,20.2,25.88,15.01,0.04,20.88,38.39725785402992,42.61447621981
2011-09-20,17.32,22.03,13.17,0.51,12.96,38.39725785402992,42.61447621981
2011-09-21,17.01,22.24,11.9,0.0,17.94,38.39725785402992,42.61447621981
2011-09-22,18.46,23.57,14.77,0.0,20.09,38.39725785402992,42.61447621981
2011-09-23,17.67,22.31,12.76,0.02,15.54,38.39725785402992,42.61447621981
2011-09-24,17.47,22.49,13.39,3.66,14.67,38.39725785402992,42.61447621981
2011-09-25,13.8,16.9,10.97,9.83,12.64,38.39725785402992,42.61447621981
2011-09-26,13.51,17.06,9.94,0.18,12.66,38.39725785402992,42.61447621981
2011-09-27,13.03,15.22,10.33,1.06,11.41,38.39725785402992,42.61447621981
2011-09-28,12.94,17.57,8.51,0.0,18.76,38.39725785402992,42.61447621981
2011-09-29,13.89,18.42,11.06,1.41,16.86,38.39725785402992,42.61447621981
2011-09-30,9.6,11.76,5.77,5.23,7.26,38.39725785402992,42.61447621981
2011-10-01,8.96,12.01,6.79,6.81,8.42,38.39725785402992,42.61447621981
2011-10-02,9.04,15.08,5.28,0.01,19.55,38.39725785402992,42.61447621981
2011-10-03,8.94,14.49,4.31,0.0,18.03,38.39725785402992,42.61447621981
2011-10-04,8.35,14.06,2.06,0.0,20.15,38.39725785402992,42.61447621981
2011-10-05,11.61,16.28,7.88,0.0,19.85,38.39725785402992,42.61447621981
2011-10-06,12.0,17.79,5.83,0.0,19.54,38.39725785402992,42.61447621981
2011-10-07,13.35,18.04,9.98,0.0,18.46,38.39725785402992,42.61447621981
2011-10-08,12.89,18.18,9.65,0.0,16.73,38.39725785402992,42.61447621981
2011-10-09,13.31,18.49,9.07,0.0,17.64,38.39725785402992,42.61447621981
2011-10-10,14.98,20.19,10.18,0.0,17.63,38.39725785402992,42.61447621981
2011-10-11,17.08,22.52,12.21,0.0,17.72,38.39725785402992,42.61447621981
2011-10-12,16.11,21.64,11.51,0.0,16.54,38.39725785402992,42.61447621981
2011-10-13,9.9,14.46,4.08,8.83,13.31,38.39725785402992,42.61447621981
2011-10-14,10.39,15.51,6.98,0.01,16.02,38.39725785402992,42.61447621981
2011-10-15,11.01,16.89,6.25,0.0,13.74,38.39725785402992,42.61447621981
2011-10-16,13.02,19.11,8.39,0.23,14.38,38.39725785402992,42.61447621981
2011-10-17,12.31,17.53,8.18,0.06,11.75,38.39725785402992,42.61447621981
2011-10-18,10.78,15.91,7.15,0.01,13.89,38.39725785402992,42.61447621981
2011-10-19,7.07,10.4,2.1,18.92,4.4,38.39725785402992,42.61447621981
2011-10-20,1.93,5.21,-0.57,2.08,11.39,38.39725785402992,42.61447621981
2011-10-21,4.3,10.2,-1.47,0.0,16.21,38.39725785402992,42.61447621981
2011-10-22,8.94,14.55,3.92,0.0,16.59,38.39725785402992,42.61447621981
2011-10-23,9.97,14.82,6.91,0.0,15.0,38.39725785402992,42.61447621981
2011-10-24,8.76,12.8,5.51,0.0,12.77,38.39725785402992,42.61447621981
2011-10-25,7.93,11.38,6.25,0.38,7.64,38.39725785402992,42.61447621981
2011-10-26,7.04,9.95,4.43,0.59,10.39,38.39725785402992,42.61447621981
2011-10-27,4.41,6.14,0.94,5.37,2.59,38.39725785402992,42.61447621981
2011-10-28,3.93,7.65,0.9,0.45,10.16,38.39725785402992,42.61447621981
2011-10-29,3.03,6.93,0.43,0.46,6.64,38.39725785402992,42.61447621981
2011-10-30,2.54,5.32,0.57,0.17,8.1,38.39725785402992,42.61447621981
2011-10-31,2.23,4.89,0.04,0.6,8.1,38.39725785402992,42.61447621981
2011-11-01,3.12,6.51,0.16,0.0,12.02,38.39725785402992,42.61447621981
2011-11-02,4.41,8.16,2.02,0.0,14.05,38.39725785402992,42.61447621981
2011-11-03,2.22,5.24,0.15,1.92,6.14,38.39725785402992,42.61447621981
2011-11-04,1.89,5.59,-1.11,1.53,4.84,38.39725785402992,42.61447621981
2011-11-05,3.66,7.95,0.51,2.04,4.93,38.39725785402992,42.61447621981
2011-11-06,1.5,3.88,-2.1,2.15,6.66,38.39725785402992,42.61447621981
2011-11-07,-0.35,4.9,-4.59,0.05,11.9,38.39725785402992,42.61447621981
2011-11-08,-2.26,0.91,-4.72,0.01,12.86,38.39725785402992,42.61447621981
2011-11-09,-0.74,4.52,-3.74,0.0,12.59,38.39725785402992,42.61447621981
2011-11-10,-0.87,3.13,-3.43,0.07,11.22,38.39725785402992,42.61447621981
2011-11-11,-1.03,2.16,-2.67,0.58,4.96,38.39725785402992,42.61447621981
2011-11-12,-2.63,0.43,-7.45,4.1,2.99,38.39725785402992,42.61447621981
2011-11-13,-5.24,-1.27,-8.67,0.0,9.46,38.39725785402992,42.61447621981
2011-11-14,-2.61,1.95,-6.73,0.4,6.91,38.39725785402992,42.61447621981
2011-11-15,0.67,4.4,-1.53,0.5,4.83,38.39725785402992,42.61447621981
2011-11-16,0.74,4.28,-1.36,0.59,6.43,38.39725785402992,42.61447621981
2011-11-17,0.65,3.79,-1.33,1.6,7.51,38.39725785402992,42.61447621981
2011-11-18,-0.19,1.4,-1.5,17.09,2.58,38.39725785402992,42.61447621981
2011-11-19,0.43,3.72,-1.28,3.42,3.05,38.39725785402992,42.61447621981
2011-11-20,0.06,3.57,-2.43,0.16,7.93,38.39725785402992,42.61447621981
2011-11-21,-0.17,3.97,-3.58,0.0,7.24,38.39725785402992,42.61447621981
2011-11-22,0.42,3.92,-1.75,0.0,7.66,38.39725785402992,42.61447621981
2011-11-23,-0.8,2.89,-3.17,0.0,9.25,38.39725785402992,42.61447621981
2011-11-24,-3.05,-1.27,-6.43,0.01,8.2,38.39725785402992,42.61447621981
2011-11-25,-5.51,-2.08,-8.0,0.0,9.36,38.39725785402992,42.61447621981
2011-11-26,-6.69,0.56,-12.67,0.0,9.38,38.39725785402992,42.61447621981
2011-11-27,-4.86,0.59,-8.23,0.0,9.16,38.39725785402992,42.61447621981
2011-11-28,-4.22,-0.25,-7.55,0.0,9.37,38.39725785402992,42.61447621981
2011-11-29,-3.56,1.84,-7.75,0.0,8.24,38.39725785402992,42.61447621981
2011-11-30,-6.19,0.6,-12.52,0.0,8.75,38.39725785402992,42.61447621981
2011-12-01,-6.27,-1.2,-11.26,0.0,9.24,38.39725785402992,42.61447621981
2011-12-02,-6.34,-1.02,-10.19,0.0,6.7,38.39725785402992,42.61447621981
2011-12-03,-5.88,-0.4,-10.25,0.0,7.57,38.39725785402992,42.61447621981
2011-12-04,-4.04,4.04,-9.42,0.0,8.16,38.39725785402992,42.61447621981
2011-12-05,-2.73,4.68,-8.56,0.0,8.17,38.39725785402992,42.61447621981
2011-12-06,-1.07,4.42,-5.27,0.0,9.13,38.39725785402992,42.61447621981
2011-12-07,-1.82,4.07,-5.08,0.0,8.5,38.39725785402992,42.61447621981
2011-12-08,-3.24,3.21,-7.16,0.0,8.03,38.39725785402992,42.61447621981
2011-12-09,-4.25,0.52,-8.43,0.57,5.47,38.39725785402992,42.61447621981
2011-12-10,-4.83,-1.35,-9.42,5.4,4.44,38.39725785402992,42.61447621981
2011-12-11,-6.13,1.54,-12.3,0.04,8.78,38.39725785402992,42.61447621981
2011-12-12,-4.99,1.44,-8.72,0.0,6.39,38.39725785402992,42.61447621981
2011-12-13,-5.4,1.91,-11.37,0.0,9.11,38.39725785402992,42.61447621981
2011-12-14,-2.55,2.44,-7.47,0.01,7.48,38.39725785402992,42.61447621981
2011-12-15,-0.05,4.87,-5.14,0.07,5.42,38.39725785402992,42.61447621981
2011-12-16,-0.89,4.07,-4.19,0.0,5.63,38.39725785402992,42.61447621981
2011-12-17,-2.36,1.03,-4.9,5.59,5.61,38.39725785402992,42.61447621981
2011-12-18,-2.72,2.17,-6.39,0.0,7.29,38.39725785402992,42.61447621981
2011-12-19,-1.92,4.29,-9.06,0.0,8.5,38.39725785402992,42.61447621981
2011-12-20,0.54,6.7,-4.97,0.0,7.55,38.39725785402992,42.61447621981
2011-12-21,-0.49,4.6,-3.4,0.03,7.64,38.39725785402992,42.61447621981
2011-12-22,-0.42,3.32,-2.98,0.16,4.7,38.39725785402992,42.61447621981
2011-12-23,-0.88,2.89,-4.56,0.13,6.47,38.39725785402992,42.61447621981
2011-12-24,-1.48,2.1,-4.76,4.33,3.18,38.39725785402992,42.61447621981
2011-12-25,-2.05,1.44,-5.35,14.69,4.84,38.39725785402992,42.61447621981
2011-12-26,-4.03,-0.56,-7.42,3.88,4.22,38.39725785402992,42.61447621981
2011-12-27,-8.43,-1.92,-12.6,0.0,6.59,38.39725785402992,42.61447621981
2011-12-28,-7.94,-0.52,-13.37,0.0,6.5,38.39725785402992,42.61447621981
2011-12-29,-5.32,0.77,-11.09,0.0,8.42,38.39725785402992,42.61447621981
2011-12-30,-5.45,0.84,-10.12,0.0,7.61,38.39725785402992,42.61447621981
2011-12-31,-5.34,0.25,-10.36,0.67,4.06,38.39725785402992,42.61447621981
2012-01-01,-4.17,0.19,-7.51,0.53,6.94,38.39725785402992,42.61447621981
2012-01-02,-3.38,0.16,-6.03,0.19,7.59,38.39725785402992,42.61447621981
2012-01-03,-5.71,-0.54,-11.21,0.0,9.67,38.39725785402992,42.61447621981
2012-01-04,-6.12,1.04,-11.68,0.0,10.04,38.39725785402992,42.61447621981
2012-01-05,-3.72,2.77,-9.05,0.0,10.32,38.39725785402992,42.61447621981
2012-01-06,-5.9,-0.93,-8.73,0.29,5.45,38.39725785402992,42.61447621981
2012-01-07,-4.27,1.42,-8.91,0.11,8.99,38.39725785402992,42.61447621981
2012-01-08,-3.98,0.66,-8.57,0.4,8.07,38.39725785402992,42.61447621981
2012-01-09,-3.51,1.38,-7.23,1.91,7.56,38.39725785402992,42.61447621981
2012-01-10,-2.57,1.29,-5.52,0.29,9.25,38.39725785402992,42.61447621981
2012-01-11,-3.22,1.01,-6.99,1.69,9.75,38.39725785402992,42.61447621981
2012-01-12,-3.82,-0.73,-6.13,4.39,5.98,38.39725785402992,42.61447621981
2012-01-13,-4.89,-0.71,-7.3,6.25,3.46,38.39725785402992,42.61447621981
2012-01-14,-6.31,-1.74,-9.26,0.99,6.2,38.39725785402992,42.61447621981
2012-01-15,-5.09,-0.27,-9.45,2.4,5.92,38.39725785402992,42.61447621981
2012-01-16,-4.17,-0.8,-6.18,2.1,5.42,38.39725785402992,42.61447621981
2012-01-17,-5.38,-0.91,-10.44,2.8,5.45,38.39725785402992,42.61447621981
2012-01-18,-6.85,-2.28,-10.96,5.6,5.19,38.39725785402992,42.61447621981
2012-01-19,-11.41,-7.38,-15.32,2.44,5.67,38.39725785402992,42.61447621981
2012-01-20,-13.94,-9.19,-19.94,2.49,6.93,38.39725785402992,42.61447621981
2012-01-21,-15.46,-6.76,-22.49,0.04,9.98,38.39725785402992,42.61447621981
2012-01-22,-9.65,-4.26,-15.65,1.62,6.58,38.39725785402992,42.61447621981
2012-01-23,-7.96,-3.38,-11.9,1.75,5.43,38.39725785402992,42.61447621981
2012-01-24,-10.69,-5.03,-15.81,0.03,10.27,38.39725785402992,42.61447621981
2012-01-25,-10.98,-5.0,-16.5,1.06,5.73,38.39725785402992,42.61447621981
2012-01-26,-6.55,-1.03,-11.74,4.68,5.7,38.39725785402992,42.61447621981
2012-01-27,-3.77,-0.15,-7.33,5.08,3.83,38.39725785402992,42.61447621981
2012-01-28,-5.98,-2.32,-14.83,3.52,5.87,38.39725785402992,42.61447621981
2012-01-29,-11.38,-3.47,-17.35,4.7,9.27,38.39725785402992,42.61447621981
2012-01-30,-7.52,-2.72,-11.15,1.22,6.05,38.39725785402992,42.61447621981
2012-01-31,-5.04,-0.62,-8.71,6.67,2.47,38.39725785402992,42.61447621981
2012-02-01,-3.51,0.23,-10.68,29.31,2.25,38.39725785402992,42.61447621981
2012-02-02,-13.97,-8.18,-19.77,2.49,9.01,38.39725785402992,42.61447621981
2012-02-03,-10.84,-1.19,-19.22,0.0,10.9,38.39725785402992,42.61447621981
2012-02-04,-12.32,-4.25,-19.09,0.0,13.14,38.39725785402992,42.61447621981
2012-02-05,-10.74,-2.42,-18.48,0.0,13.53,38.39725785402992,42.61447621981
2012-02-06,-7.51,-1.25,-11.84,0.0,13.28,38.39725785402992,42.61447621981
2012-02-07,-8.18,-4.48,-12.34,4.84,3.46,38.39725785402992,42.61447621981
2012-02-08,-5.11,-1.59,-7.86,2.03,6.85,38.39725785402992,42.61447621981
2012-02-09,-4.7,-0.48,-10.37,7.02,4.14,38.39725785402992,42.61447621981
2012-02-10,-4.24,-1.2,-13.25,10.16,4.78,38.39725785402992,42.61447621981
2012-02-11,-13.79,-5.64,-20.72,0.03,11.34,38.39725785402992,42.61447621981
2012-02-12,-11.61,-3.26,-17.94,0.0,14.4,38.39725785402992,42.61447621981
2012-02-13,-7.35,-0.65,-15.02,0.0,9.76,38.39725785402992,42.61447621981
2012-02-14,-4.49,-0.07,-9.93,0.0,12.81,38.39725785402992,42.61447621981
2012-02-15,-4.29,0.1,-8.47,0.26,7.61,38.39725785402992,42.61447621981
2012-02-16,-3.86,-1.45,-7.98,8.22,6.79,38.39725785402992,42.61447621981
2012-02-17,-5.68,-2.27,-11.45,4.65,9.01,38.39725785402992,42.61447621981
2012-02-18,-6.23,-2.91,-12.18,17.3,7.46,38.39725785402992,42.61447621981
2012-02-19,-10.14,-5.7,-14.4,2.85,7.81,38.39725785402992,42.61447621981
2012-02-20,-14.29,-6.94,-20.91,0.04,12.69,38.39725785402992,42.61447621981
2012-02-21,-11.67,-2.86,-20.03,0.0,13.27,38.39725785402992,42.61447621981
2012-02-22,-9.81,-3.02,-15.49,0.0,15.83,38.39725785402992,42.61447621981
2012-02-23,-9.08,-1.6,-15.2,0.0,15.71,38.39725785402992,42.61447621981
2012-02-24,-8.43,-2.28,-14.57,0.0,17.55,38.39725785402992,42.61447621981
2012-02-25,-6.73,-2.61,-9.94,0.0,16.4,38.39725785402992,42.61447621981
2012-02-26,-6.24,-1.96,-9.56,0.0,16.76,38.39725785402992,42.61447621981
2012-02-27,-4.48,-0.69,-9.02,1.29,7.03,38.39725785402992,42.61447621981
2012-02-28,-2.46,0.83,-5.43,0.9,13.45,38.39725785402992,42.61447621981
2012-02-29,-1.56,0.17,-5.11,8.21,7.04,38.39725785402992,42.61447621981
2012-03-01,-6.01,-1.05,-9.69,8.33,11.28,38.39725785402992,42.61447621981
2012-03-02,-8.77,-6.56,-12.3,2.43,8.93,38.39725785402992,42.61447621981
2012-03-03,-9.62,-6.55,-13.61,3.34,6.97,38.39725785402992,42.61447621981
2012-03-04,-8.76,-3.69,-15.02,5.4,6.07,38.39725785402992,42.61447621981
2012-03-05,-13.28,-7.55,-18.49,0.09,17.17,38.39725785402992,42.61447621981
2012-03-06,-10.47,-5.53,-16.58,1.16,12.38,38.39725785402992,42.61447621981
2012-03-07,-6.97,-1.66,-12.48,2.39,15.09,38.39725785402992,42.61447621981
2012-03-08,-4.61,-1.43,-7.73,0.0,18.12,38.39725785402992,42.61447621981
2012-03-09,-4.55,-1.14,-7.97,0.12,15.94,38.39725785402992,42.61447621981
2012-03-10,-9.77,-5.06,-14.33,0.0,18.83,38.39725785402992,42.61447621981
2012-03-11,-9.92,-4.92,-16.13,0.0,19.78,38.39725785402992,42.61447621981
2012-03-12,-4.94,-1.15,-7.34,1.93,6.44,38.39725785402992,42.61447621981
2012-03-13,-2.39,1.02,-7.27,0.0,18.07,38.39725785402992,42.61447621981
2012-03-14,-0.98,1.47,-5.7,1.98,15.44,38.39725785402992,42.61447621981
2012-03-15,-2.13,0.04,-4.17,4.81,16.57,38.39725785402992,42.61447621981
2012-03-16,-5.75,-4.21,-9.58,7.93,7.22,38.39725785402992,42.61447621981
2012-03-17,-9.51,-6.89,-13.97,0.69,14.38,38.39725785402992,42.61447621981
2012-03-18,-8.99,-2.51,-16.94,0.0,20.11,38.39725785402992,42.61447621981
2012-03-19,-3.29,1.08,-7.77,0.0,19.66,38.39725785402992,42.61447621981
2012-03-20,-1.52,2.5,-5.89,0.0,20.84,38.39725785402992,42.61447621981
2012-03-21,-1.14,3.2,-5.65,0.0,21.9,38.39725785402992,42.61447621981
2012-03-22,-1.9,1.95,-5.77,0.0,21.63,38.39725785402992,42.61447621981
2012-03-23,-1.85,2.3,-6.55,0.0,20.67,38.39725785402992,42.61447621981
2012-03-24,0.64,3.85,-2.23,0.0,21.68,38.39725785402992,42.61447621981
2012-03-25,1.4,4.41,-1.05,0.0,22.09,38.39725785402992,42.61447621981
2012-03-26,1.13,3.51,-1.32,1.26,15.57,38.39725785402992,42.61447621981
2012-03-27,-0.42,1.94,-4.51,4.54,8.03,38.39725785402992,42.61447621981
2012-03-28,-1.85,1.83,-5.48,0.46,18.83,38.39725785402992,42.61447621981
2012-03-29,-0.41,3.18,-2.93,4.23,12.17,38.39725785402992,42.61447621981
2012-03-30,-0.18,2.96,-2.45,2.9,7.95,38.39725785402992,42.61447621981
2012-03-31,-0.21,2.52,-2.63,2.29,7.75,38.39725785402992,42.61447621981
2012-04-01,2.07,6.07,-1.29,0.4,12.28,38.39725785402992,42.61447621981
2012-04-02,3.23,8.01,-0.14,3.53,12.26,38.39725785402992,42.61447621981
2012-04-03,5.62,10.13,1.61,0.77,15.87,38.39725785402992,42.61447621981
2012-04-04,7.31,12.42,2.35,0.0,17.74,38.39725785402992,42.61447621981
2012-04-05,8.04,13.1,2.59,0.0,17.0,38.39725785402992,42.61447621981
2012-04-06,8.35,13.17,4.12,0.0,19.78,38.39725785402992,42.61447621981
2012-04-07,8.56,13.72,3.04,0.01,21.07,38.39725785402992,42.61447621981
2012-04-08,6.08,11.21,3.43,4.94,10.58,38.39725785402992,42.61447621981
2012-04-09,8.89,14.24,3.77,1.97,14.83,38.39725785402992,42.61447621981
2012-04-10,8.03,12.32,4.42,5.77,8.01,38.39725785402992,42.61447621981
2012-04-11,7.14,12.55,3.74,5.95,8.74,38.39725785402992,42.61447621981
2012-04-12,7.43,11.13,4.51,7.67,19.94,38.39725785402992,42.61447621981
2012-04-13,8.7,13.02,5.03,0.0,22.15,38.39725785402992,42.61447621981
2012-04-14,10.63,15.52,4.91,0.0,24.39,38.39725785402992,42.61447621981
2012-04-15,10.61,14.33,7.02,0.06,19.92,38.39725785402992,42.61447621981
2012-04-16,7.39,9.95,5.06,7.53,11.28,38.39725785402992,42.61447621981
2012-04-17,6.71,10.15,4.1,1.54,20.63,38.39725785402992,42.61447621981
2012-04-18,8.5,14.61,2.63,0.0,23.28,38.39725785402992,42.61447621981
2012-04-19,7.92,11.96,3.6,0.66,16.64,38.39725785402992,42.61447621981
2012-04-20,6.52,9.76,3.62,2.44,20.36,38.39725785402992,42.61447621981
2012-04-21,8.57,12.93,4.65,0.0,18.49,38.39725785402992,42.61447621981
2012-04-22,8.92,13.54,5.07,0.0,22.7,38.39725785402992,42.61447621981
2012-04-23,9.78,14.24,4.98,0.0,24.29,38.39725785402992,42.61447621981
2012-04-24,11.24,16.33,5.95,0.04,25.32,38.39725785402992,42.61447621981
2012-04-25,12.36,15.73,9.22,0.15,21.39,38.39725785402992,42.61447621981
2012-04-26,11.24,13.0,9.09,0.06,22.35,38.39725785402992,42.61447621981
2012-04-27,10.16,12.96,7.56,0.25,20.96,38.39725785402992,42.61447621981
2012-04-28,11.94,15.07,7.83,0.04,24.39,38.39725785402992,42.61447621981
2012-04-29,12.45,16.68,9.31,0.13,22.04,38.39725785402992,42.61447621981
2012-04-30,13.07,16.07,9.86,0.14,24.53,38.39725785402992,42.61447621981
2012-05-01,13.48,17.16,8.89,0.0,29.01,38.39725785402992,42.61447621981
2012-05-02,14.77,19.43,11.81,0.2,24.72,38.39725785402992,42.61447621981
2012-05-03,13.68,17.46,9.51,1.16,19.09,38.39725785402992,42.61447621981
2012-05-04,10.7,13.41,8.27,9.19,11.87,38.39725785402992,42.61447621981
2012-05-05,9.72,12.5,7.48,6.13,15.78,38.39725785402992,42.61447621981
2012-05-06,10.45,13.87,7.5,8.84,20.14,38.39725785402992,42.61447621981
2012-05-07,11.07,14.93,7.62,1.31,23.09,38.39725785402992,42.61447621981
2012-05-08,10.39,12.98,7.84,2.25,20.74,38.39725785402992,42.61447621981
2012-05-09,12.61,16.31,8.3,0.43,25.62,38.39725785402992,42.61447621981
2012-05-10,15.62,19.95,10.85,0.03,22.46,38.39725785402992,42.61447621981
2012-05-11,16.22,20.1,13.42,0.63,26.55,38.39725785402992,42.61447621981
2012-05-12,15.2,18.79,11.68,0.68,16.33,38.39725785402992,42.61447621981
2012-05-13,14.4,19.12,8.63,0.76,19.38,38.39725785402992,42.61447621981
2012-05-14,11.92,15.38,8.02,0.26,20.31,38.39725785402992,42.61447621981
2012-05-15,11.34,13.67,8.36,1.36,18.93,38.39725785402992,42.61447621981
2012-05-16,12.8,16.8,8.14,0.13,26.3,38.39725785402992,42.61447621981
2012-05-17,13.23,15.38,10.02,0.75,17.97,38.39725785402992,42.61447621981
2012-05-18,13.83,18.24,9.87,0.0,29.39,38.39725785402992,42.61447621981
2012-05-19,15.69,19.45,11.42,0.02,25.81,38.39725785402992,42.61447621981
2012-05-20,16.65,21.07,12.69,0.73,19.42,38.39725785402992,42.61447621981
2012-05-21,14.41,18.51,10.77,0.02,27.84,38.39725785402992,42.61447621981
2012-05-22,10.01,12.16,7.58,0.98,16.48,38.39725785402992,42.61447621981
2012-05-23,12.43,17.83,7.59,2.6,25.75,38.39725785402992,42.61447621981
2012-05-24,13.05,17.65,9.22,0.25,28.28,38.39725785402992,42.61447621981
2012-05-25,11.82,16.29,7.36,1.86,28.3,38.39725785402992,42.61447621981
2012-05-26,10.43,15.18,5.82,0.27,23.59,38.39725785402992,42.61447621981
2012-05-27,12.66,17.75,7.32,0.01,27.7,38.39725785402992,42.61447621981
2012-05-28,13.76,17.85,9.77,0.03,21.73,38.39725785402992,42.61447621981
2012-05-29,13.24,17.97,8.42,0.58,25.88,38.39725785402992,42.61447621981
2012-05-30,16.44,21.19,11.67,0.59,21.68,38.39725785402992,42.61447621981
2012-05-31,16.46,21.36,10.92,0.0,29.11,38.39725785402992,42.61447621981
2012-06-01,14.39,19.91,9.43,0.0,31.49,38.39725785402992,42.61447621981
2012-06-02,14.25,19.59,8.83,0.0,31.25,38.39725785402992,42.61447621981
2012-06-03,16.47,21.87,9.3,0.0,31.81,38.39725785402992,42.61447621981
2012-06-04,19.33,25.2,12.34,0.0,31.34,38.39725785402992,42.61447621981
2012-06-05,19.33,23.74,14.39,0.0,31.5,38.39725785402992,42.61447621981
2012-06-06,20.06,25.04,15.49,0.0,31.79,38.39725785402992,42.61447621981
2012-06-07,18.69,23.79,13.56,0.0,31.76,38.39725785402992,42.61447621981
2012-06-08,17.72,23.08,13.05,0.01,31.59,38.39725785402992,42.61447621981
2012-06-09,17.63,24.22,9.75,0.0,29.26,38.39725785402992,42.61447621981
2012-06-10,18.84,24.25,13.19,0.0,29.71,38.39725785402992,42.61447621981
2012-06-11,20.03,24.04,15.72,0.0,28.49,38.39725785402992,42.61447621981
2012-06-12,20.41,25.34,15.35,0.0,27.27,38.39725785402992,42.61447621981
2012-06-13,20.23,25.42,14.15,0.32,24.06,38.39725785402992,42.61447621981
2012-06-14,22.3,27.93,14.56,0.02,28.55,38.39725785402992,42.61447621981
2012-06-15,24.28,28.52,19.37,0.16,28.7,38.39725785402992,42.61447621981
2012-06-16,22.91,27.79,18.0,0.04,30.42,38.39725785402992,42.61447621981
2012-06-17,20.77,26.83,13.9,0.0,31.74,38.39725785402992,42.61447621981
2012-06-18,15.94,21.94,9.83,0.0,31.23,38.39725785402992,42.61447621981
2012-06-19,17.83,23.56,12.42,0.0,31.88,38.39725785402992,42.61447621981
2012-06-20,18.96,23.69,13.44,0.0,31.92,38.39725785402992,42.61447621981
2012-06-21,20.93,26.09,15.25,0.0,28.76,38.39725785402992,42.61447621981
2012-06-22,22.0,27.27,15.84,0.01,28.64,38.39725785402992,42.61447621981
2012-06-23,21.45,25.83,16.15,0.04,26.36,38.39725785402992,42.61447621981
2012-06-24,20.19,24.73,15.86,0.07,24.12,38.39725785402992,42.61447621981
2012-06-25,18.54,23.02,14.95,2.29,22.24,38.39725785402992,42.61447621981
2012-06-26,18.77,21.76,16.01,0.18,23.92,38.39725785402992,42.61447621981
2012-06-27,20.5,25.57,15.17,0.36,25.96,38.39725785402992,42.61447621981
2012-06-28,18.92,23.68,13.91,0.53,25.08,38.39725785402992,42.61447621981
2012-06-29,17.83,25.41,12.06,0.53,25.18,38.39725785402992,42.61447621981
2012-06-30,18.07,25.35,11.69,0.93,27.94,38.39725785402992,42.61447621981
2012-07-01,15.02,20.46,9.72,0.11,30.57,38.39725785402992,42.61447621981
2012-07-02,17.8,24.7,10.56,0.03,32.06,38.39725785402992,42.61447621981
2012-07-03,18.61,23.71,12.5,0.15,22.25,38.39725785402992,42.61447621981
2012-07-04,18.52,23.11,14.27,0.76,30.24,38.39725785402992,42.61447621981
2012-07-05,19.45,25.22,12.73,0.0,31.21,38.39725785402992,42.61447621981
2012-07-06,21.07,27.49,13.82,0.0,29.81,38.39725785402992,42.61447621981
2012-07-07,22.42,28.51,15.58,0.0,29.14,38.39725785402992,42.61447621981
2012-07-08,23.38,29.08,17.44,0.22,28.31,38.39725785402992,42.61447621981
2012-07-09,22.84,27.98,17.69,0.03,24.62,38.39725785402992,42.61447621981
2012-07-10,21.73,26.21,17.18,0.13,21.57,38.39725785402992,42.61447621981
2012-07-11,23.11,27.79,17.61,0.02,28.45,38.39725785402992,42.61447621981
2012-07-12,24.28,29.1,19.2,0.06,26.17,38.39725785402992,42.61447621981
2012-07-13,25.61,30.45,20.81,0.04,27.59,38.39725785402992,42.61447621981
2012-07-14,26.53,31.19,21.62,0.01,28.01,38.39725785402992,42.61447621981
2012-07-15,22.93,28.08,17.73,0.19,28.66,38.39725785402992,42.61447621981
2012-07-16,22.63,28.23,16.96,0.0,30.23,38.39725785402992,42.61447621981
2012-07-17,22.92,28.22,17.17,0.0,29.52,38.39725785402992,42.61447621981
2012-07-18,25.11,31.73,17.51,0.04,27.22,38.39725785402992,42.61447621981
2012-07-19,25.73,31.74,18.66,0.01,29.47,38.39725785402992,42.61447621981
2012-07-20,25.22,32.32,18.73,0.02,29.54,38.39725785402992,42.61447621981
2012-07-21,25.51,31.64,18.41,0.0,28.32,38.39725785402992,42.61447621981
2012-07-22,25.56,30.8,20.81,0.02,28.82,38.39725785402992,42.61447621981
2012-07-23,25.78,31.59,19.01,0.0,29.37,38.39725785402992,42.61447621981
2012-07-24,26.67,32.85,20.45,0.0,28.27,38.39725785402992,42.61447621981
2012-07-25,25.7,30.73,21.07,0.0,29.77,38.39725785402992,42.61447621981
2012-07-26,25.17,30.49,18.99,0.0,30.39,38.39725785402992,42.61447621981
2012-07-27,26.51,32.18,20.59,0.0,24.7,38.39725785402992,42.61447621981
2012-07-28,27.69,33.13,22.37,0.06,25.29,38.39725785402992,42.61447621981
2012-07-29,26.11,31.7,18.85,2.43,21.06,38.39725785402992,42.61447621981
2012-07-30,20.69,23.44,18.35,2.17,20.38,38.39725785402992,42.61447621981
2012-07-31,24.49,31.63,18.51,0.7,23.05,38.39725785402992,42.61447621981
2012-08-01,23.43,27.19,20.26,1.84,16.83,38.39725785402992,42.61447621981
2012-08-02,24.39,29.03,20.09,0.27,26.37,38.39725785402992,42.61447621981
2012-08-03,24.7,30.81,20.29,0.0,28.42,38.39725785402992,42.61447621981
2012-08-04,25.66,32.94,19.06,0.0,28.75,38.39725785402992,42.61447621981
2012-08-05,26.4,33.27,19.47,0.0,28.08,38.39725785402992,42.61447621981
2012-08-06,26.12,32.17,21.37,0.0,27.62,38.39725785402992,42.61447621981
2012-08-07,24.78,30.92,19.35,0.0,26.36,38.39725785402992,42.61447621981
2012-08-08,24.97,30.28,20.69,0.05,26.79,38.39725785402992,42.61447621981
2012-08-09,24.59,29.78,20.48,0.08,27.17,38.39725785402992,42.61447621981
2012-08-10,24.51,29.32,19.14,0.01,26.74,38.39725785402992,42.61447621981
2012-08-11,26.06,31.26,21.64,0.0,27.34,38.39725785402992,42.61447621981
2012-08-12,26.12,31.76,21.22,0.0,26.67,38.39725785402992,42.61447621981
2012-08-13,25.13,30.02,20.64,0.0,26.25,38.39725785402992,42.61447621981
2012-08-14,24.9,32.02,18.38,0.0,26.53,38.39725785402992,42.61447621981
2012-08-15,25.14,32.5,18.28,0.0,26.61,38.39725785402992,42.61447621981
2012-08-16,25.09,31.41,20.55,0.0,26.55,38.39725785402992,42.61447621981
2012-08-17,23.75,30.27,17.06,0.0,26.38,38.39725785402992,42.61447621981
2012-08-18,22.53,30.01,14.89,0.0,26.43,38.39725785402992,42.61447621981
2012-08-19,23.26,29.07,19.23,0.0,26.56,38.39725785402992,42.61447621981
2012-08-20,21.97,29.1,15.46,0.09,26.73,38.39725785402992,42.61447621981
2012-08-21,20.68,27.5,13.91,0.0,26.22,38.39725785402992,42.61447621981
2012-08-22,21.4,27.93,15.43,0.0,26.24,38.39725785402992,42.61447621981
2012-08-23,20.98,26.97,14.87,0.0,26.42,38.39725785402992,42.61447621981
2012-08-24,22.38,29.05,15.18,0.0,26.37,38.39725785402992,42.61447621981
2012-08-25,23.52,29.62,16.52,0.0,24.73,38.39725785402992,42.61447621981
2012-08-26,24.85,30.54,18.22,0.0,23.3,38.39725785402992,42.61447621981
2012-08-27,25.87,30.66,21.32,0.0,22.68,38.39725785402992,42.61447621981
2012-08-28,24.77,29.93,20.36,0.0,24.15,38.39725785402992,42.61447621981
2012-08-29,24.72,29.96,19.58,0.01,21.21,38.39725785402992,42.61447621981
2012-08-30,21.69,28.55,14.68,0.1,22.2,38.39725785402992,42.61447621981
2012-08-31,21.97,26.9,18.21,0.14,22.78,38.39725785402992,42.61447621981
2012-09-01,20.07,24.74,15.4,0.39,18.2,38.39725785402992,42.61447621981
2012-09-02,18.97,23.41,14.74,1.82,13.11,38.39725785402992,42.61447621981
2012-09-03,17.77,22.94,13.23,2.07,20.23,38.39725785402992,42.61447621981
2012-09-04,18.23,24.23,12.71,0.0,23.84,38.39725785402992,42.61447621981
2012-09-05,19.75,26.15,13.57,0.0,24.94,38.39725785402992,42.61447621981
2012-09-06,21.2,28.25,13.77,0.0,24.82,38.39725785402992,42.61447621981
2012-09-07,22.5,28.2,18.5,0.0,24.1,38.39725785402992,42.61447621981
2012-09-08,19.97,27.17,13.11,0.01,23.2,38.39725785402992,42.61447621981
2012-09-09,20.06,25.92,15.26,0.07,20.38,38.39725785402992,42.61447621981
2012-09-10,17.55,22.05,12.84,0.13,15.3,38.39725785402992,42.61447621981
2012-09-11,17.39,22.93,13.14,0.06,18.17,38.39725785402992,42.61447621981
2012-09-12,17.08,20.83,13.88,0.07,15.89,38.39725785402992,42.61447621981
2012-09-13,18.97,24.43,14.26,0.03,18.81,38.39725785402992,42.61447621981
2012-09-14,19.67,24.62,15.3,0.0,21.27,38.39725785402992,42.61447621981
2012-09-15,18.75,24.7,13.13,0.0,22.35,38.39725785402992,42.61447621981
2012-09-16,20.09,26.5,12.75,0.0,22.59,38.39725785402992,42.61447621981
2012-09-17,21.29,27.16,16.33,0.0,22.82,38.39725785402992,42.61447621981
2012-09-18,20.76,26.7,16.24,0.0,22.39,38.39725785402992,42.61447621981
2012-09-19,19.66,25.75,15.1,0.0,22.13,38.39725785402992,42.61447621981
2012-09-20,17.99,23.5,13.9,0.0,21.32,38.39725785402992,42.61447621981
2012-09-21,17.5,23.54,13.54,0.0,21.79,38.39725785402992,42.61447621981
2012-09-22,17.07,22.81,12.21,0.0,19.95,38.39725785402992,42.61447621981
2012-09-23,16.66,22.74,10.17,0.0,20.96,38.39725785402992,42.61447621981
2012-09-24,15.63,22.86,8.11,0.0,21.49,38.39725785402992,42.61447621981
2012-09-25,18.72,24.44,13.81,0.0,20.87,38.39725785402992,42.61447621981
2012-09-26,18.69,24.35,14.35,0.0,21.11,38.39725785402992,42.61447621981
2012-09-27,17.76,23.91,12.27,0.0,20.2,38.39725785402992,42.61447621981
2012-09-28,17.23,23.21,11.86,0.0,20.08,38.39725785402992,42.61447621981
2012-09-29,18.35,23.46,13.06,0.0,20.57,38.39725785402992,42.61447621981
2012-09-30,19.3,24.06,15.59,0.0,19.82,38.39725785402992,42.61447621981
2012-10-01,18.96,24.4,14.37,0.0,19.82,38.39725785402992,42.61447621981
2012-10-02,20.14,24.95,16.24,0.0,18.65,38.39725785402992,42.61447621981
2012-10-03,18.53,23.17,15.51,0.49,12.89,38.39725785402992,42.61447621981
2012-10-04,17.5,22.12,13.12,0.75,14.23,38.39725785402992,42.61447621981
2012-10-05,15.04,20.38,10.59,0.03,17.36,38.39725785402992,42.61447621981
2012-10-06,16.17,19.61,12.73,0.0,16.91,38.39725785402992,42.61447621981
2012-10-07,15.96,20.72,12.44,0.32,13.65,38.39725785402992,42.61447621981
2012-10-08,15.08,20.41,10.87,0.81,11.78,38.39725785402992,42.61447621981
2012-10-09,12.75,16.46,9.58,0.2,12.21,38.39725785402992,42.61447621981
2012-10-10,11.91,15.11,9.52,8.56,7.27,38.39725785402992,42.61447621981
2012-10-11,12.81,17.65,8.7,1.24,10.61,38.39725785402992,42.61447621981
2012-10-12,10.58,14.48,7.06,0.39,14.32,38.39725785402992,42.61447621981
2012-10-13,11.62,17.62,5.97,0.01,16.89,38.39725785402992,42.61447621981
2012-10-14,13.08,16.94,10.34,0.0,16.97,38.39725785402992,42.61447621981
2012-10-15,13.06,18.0,8.45,0.0,17.7,38.39725785402992,42.61447621981
2012-10-16,13.36,18.68,8.99,0.0,16.89,38.39725785402992,42.61447621981
2012-10-17,12.82,18.57,7.69,0.0,16.64,38.39725785402992,42.61447621981
2012-10-18,11.8,17.61,6.56,0.0,16.21,38.39725785402992,42.61447621981
2012-10-19,12.37,17.58,7.39,0.01,15.31,38.39725785402992,42.61447621981
2012-10-20,11.95,15.79,8.57,1.31,6.0,38.39725785402992,42.61447621981
2012-10-21,10.4,12.68,8.49,2.14,9.55,38.39725785402992,42.61447621981
2012-10-22,11.75,16.19,7.9,1.11,13.57,38.39725785402992,42.61447621981
2012-10-23,9.81,13.7,6.21,6.91,6.9,38.39725785402992,42.61447621981
2012-10-24,8.96,12.14,6.84,9.18,8.33,38.39725785402992,42.61447621981
2012-10-25,7.51,10.3,2.74,6.45,2.37,38.39725785402992,42.61447621981
2012-10-26,7.58,10.07,4.74,1.21,3.94,38.39725785402992,42.61447621981
2012-10-27,7.65,11.04,5.27,0.22,7.49,38.39725785402992,42.61447621981
2012-10-28,8.96,13.28,6.15,0.01,12.04,38.39725785402992,42.61447621981
2012-10-29,8.88,13.67,5.52,0.0,15.03,38.39725785402992,42.61447621981
2012-10-30,9.79,15.5,6.27,0.0,14.25,38.39725785402992,42.61447621981
2012-10-31,10.16,14.96,5.97,0.0,14.47,38.39725785402992,42.61447621981
2012-11-01,8.96,12.53,5.68,0.22,8.65,38.39725785402992,42.61447621981
2012-11-02,9.71,14.11,6.07,0.02,13.05,38.39725785402992,42.61447621981
2012-11-03,9.53,13.67,7.59,2.57,4.43,38.39725785402992,42.61447621981
2012-11-04,10.05,13.79,7.56,0.05,11.39,38.39725785402992,42.61447621981
2012-11-05,9.87,14.52,7.17,0.0,11.8,38.39725785402992,42.61447621981
2012-11-06,8.69,13.76,5.93,0.0,12.95,38.39725785402992,42.61447621981
2012-11-07,8.55,14.18,5.04,0.0,13.22,38.39725785402992,42.61447621981
2012-11-08,7.85,12.58,4.65,0.0,10.88,38.39725785402992,42.61447621981
2012-11-09,8.96,13.36,4.76,0.88,6.64,38.39725785402992,42.61447621981
2012-11-10,7.57,12.3,4.37,10.6,3.54,38.39725785402992,42.61447621981
2012-11-11,8.38,13.18,5.35,5.47,9.59,38.39725785402992,42.61447621981
2012-11-12,5.18,9.18,2.45,5.92,4.6,38.39725785402992,42.61447621981
2012-11-13,3.86,8.71,1.3,0.28,6.0,38.39725785402992,42.61447621981
2012-11-14,3.77,8.25,0.35,0.0,7.99,38.39725785402992,42.61447621981
2012-11-15,4.58,9.3,1.08,0.0,11.87,38.39725785402992,42.61447621981
2012-11-16,5.95,11.1,2.0,0.0,12.42,38.39725785402992,42.61447621981
2012-11-17,5.97,10.32,2.94,0.0,12.39,38.39725785402992,42.61447621981
2012-11-18,6.15,10.67,2.24,0.0,11.32,38.39725785402992,42.61447621981
2012-11-19,4.13,6.99,1.49,0.01,7.12,38.39725785402992,42.61447621981
2012-11-20,3.99,9.24,0.11,0.03,5.51,38.39725785402992,42.61447621981
2012-11-21,4.1,8.13,1.16,3.55,6.4,38.39725785402992,42.61447621981
2012-11-22,3.73,5.82,1.65,8.33,7.12,38.39725785402992,42.61447621981
2012-11-23,4.09,7.26,1.56,0.23,8.71,38.39725785402992,42.61447621981
2012-11-24,3.06,6.55,0.51,0.37,6.82,38.39725785402992,42.61447621981
2012-11-25,2.28,4.1,0.49,0.83,5.87,38.39725785402992,42.61447621981
2012-11-26,1.35,3.73,-0.12,0.53,7.16,38.39725785402992,42.61447621981
2012-11-27,1.87,6.05,-1.57,0.0,10.88,38.39725785402992,42.61447621981
2012-11-28,3.11,7.42,0.92,0.0,11.09,38.39725785402992,42.61447621981
2012-11-29,3.3,8.78,0.59,0.0,11.02,38.39725785402992,42.61447621981
2012-11-30,2.2,5.23,0.58,0.0,10.22,38.39725785402992,42.61447621981
2012-12-01,3.82,8.68,0.82,0.0,10.91,38.39725785402992,42.61447621981
2012-12-02,5.4,10.56,3.09,0.0,10.37,38.39725785402992,42.61447621981
2012-12-03,4.72,10.52,0.4,0.0,9.55,38.39725785402992,42.61447621981
2012-12-04,0.91,4.23,-1.28,3.01,4.21,38.39725785402992,42.61447621981
2012-12-05,-1.53,1.21,-4.22,10.42,4.01,38.39725785402992,42.61447621981
2012-12-06,-2.71,0.77,-4.82,2.22,5.56,38.39725785402992,42.61447621981
2012-12-07,-0.96,1.74,-3.95,9.73,2.49,38.39725785402992,42.61447621981
2012-12-08,-0.23,1.11,-3.25,10.54,2.41,38.39725785402992,42.61447621981
2012-12-09,-3.15,0.0,-6.03,0.1,6.01,38.39725785402992,42.61447621981
2012-12-10,-2.72,1.11,-5.89,0.14,5.94,38.39725785402992,42.61447621981
2012-12-11,-2.05,0.49,-4.59,3.51,4.24,38.39725785402992,42.61447621981
2012-12-12,-2.39,1.2,-5.53,0.65,6.0,38.39725785402992,42.61447621981
2012-12-13,-1.45,1.63,-4.05,0.06,6.14,38.39725785402992,42.61447621981
2012-12-14,-2.11,1.3,-5.01,0.3,6.13,38.39725785402992,42.61447621981
2012-12-15,-4.81,-1.46,-7.19,1.03,5.53,38.39725785402992,42.61447621981
2012-12-16,-6.81,-3.37,-8.8,0.79,3.84,38.39725785402992,42.61447621981
2012-12-17,-8.68,-4.78,-11.22,4.29,4.13,38.39725785402992,42.61447621981
2012-12-18,-6.54,-1.31,-11.43,8.33,2.69,38.39725785402992,42.61447621981
2012-12-19,-3.25,0.97,-8.76,3.9,3.73,38.39725785402992,42.61447621981
2012-12-20,-0.21,1.29,-2.25,8.81,1.91,38.39725785402992,42.61447621981
2012-12-21,-1.98,0.48,-6.41,11.58,1.99,38.39725785402992,42.61447621981
2012-12-22,-4.92,-0.52,-8.31,2.75,4.38,38.39725785402992,42.61447621981
2012-12-23,-3.95,0.15,-7.99,1.6,3.47,38.39725785402992,42.61447621981
2012-12-24,-1.5,0.15,-3.96,3.01,2.6,38.39725785402992,42.61447621981
2012-12-25,-4.17,-0.21,-9.63,0.0,7.76,38.39725785402992,42.61447621981
2012-12-26,-10.71,-2.99,-16.05,0.0,9.08,38.39725785402992,42.61447621981
2012-12-27,-9.88,-1.17,-17.51,0.0,9.44,38.39725785402992,42.61447621981
2012-12-28,-5.05,0.56,-11.32,0.0,8.95,38.39725785402992,42.61447621981
2012-12-29,-5.29,-0.08,-9.45,0.0,8.15,38.39725785402992,42.61447621981
2012-12-30,-7.2,-1.87,-10.98,0.03,6.91,38.39725785402992,42.61447621981
2012-12-31,-10.7,-4.69,-15.43,0.01,10.21,38.39725785402992,42.61447621981
2013-01-01,-8.46,-2.6,-11.64,0.0,10.24,38.39725785402992,42.61447621981
2013-01-02,-8.5,-1.54,-12.01,0.0,10.04,38.39725785402992,42.61447621981
2013-01-03,-9.85,-2.34,-15.49,0.0,10.49,38.39725785402992,42.61447621981
2013-01-04,-8.01,-0.87,-12.99,0.0,10.24,38.39725785402992,42.61447621981
2013-01-05,-7.65,-3.13,-12.47,2.93,6.76,38.39725785402992,42.61447621981
2013-01-06,-3.84,-0.95,-6.47,5.06,4.04,38.39725785402992,42.61447621981
2013-01-07,-3.08,-0.32,-6.38,8.65,3.05,38.39725785402992,42.61447621981
2013-01-08,-4.91,-3.22,-9.2,6.91,3.83,38.39725785402992,42.61447621981
2013-01-09,-7.11,-5.06,-9.86,26.62,0.98,38.39725785402992,42.61447621981
2013-01-10,-11.68,-7.46,-16.24,6.33,2.18,38.39725785402992,42.61447621981
2013-01-11,-15.18,-8.54,-19.27,0.28,9.77,38.39725785402992,42.61447621981
2013-01-12,-12.96,-6.7,-17.55,0.04,8.84,38.39725785402992,42.61447621981
2013-01-13,-9.76,-3.63,-14.48,0.0,7.0,38.39725785402992,42.61447621981
2013-01-14,-9.08,-3.08,-12.88,0.0,10.21,38.39725785402992,42.61447621981
2013-01-15,-14.04,-8.03,-19.28,0.0,10.4,38.39725785402992,42.61447621981
2013-01-16,-9.37,-2.02,-15.5,0.0,11.04,38.39725785402992,42.61447621981
2013-01-17,-9.78,-2.4,-13.59,0.0,7.26,38.39725785402992,42.61447621981
2013-01-18,-7.99,-1.52,-12.34,0.0,8.93,38.39725785402992,42.61447621981
2013-01-19,-7.16,-0.91,-12.61,0.0,10.35,38.39725785402992,42.61447621981
2013-01-20,-5.1,-0.98,-8.78,0.11,6.3,38.39725785402992,42.61447621981
2013-01-21,-4.87,0.09,-10.67,0.0,9.9,38.39725785402992,42.61447621981
2013-01-22,-3.4,0.15,-7.61,0.17,9.7,38.39725785402992,42.61447621981
2013-01-23,-2.72,0.36,-5.45,0.52,5.63,38.39725785402992,42.61447621981
2013-01-24,-2.42,0.16,-4.54,0.04,5.24,38.39725785402992,42.61447621981
2013-01-25,-1.67,0.47,-4.05,1.01,4.07,38.39725785402992,42.61447621981
2013-01-26,-0.72,0.93,-3.24,0.25,8.3,38.39725785402992,42.61447621981
2013-01-27,1.19,1.46,0.48,27.47,4.02,38.39725785402992,42.61447621981
2013-01-28,-0.47,0.81,-4.18,1.77,7.79,38.39725785402992,42.61447621981
2013-01-29,-2.61,-0.08,-4.14,6.62,4.92,38.39725785402992,42.61447621981
2013-01-30,-3.43,-0.23,-5.73,0.47,5.91,38.39725785402992,42.61447621981
2013-01-31,-3.09,0.08,-6.66,5.72,6.24,38.39725785402992,42.61447621981
2013-02-01,-3.59,-1.53,-6.03,2.78,7.72,38.39725785402992,42.61447621981
2013-02-02,-5.88,-2.7,-10.31,10.19,5.55,38.39725785402992,42.61447621981
2013-02-03,-7.03,-0.94,-12.3,0.0,11.21,38.39725785402992,42.61447621981
2013-02-04,-4.42,-0.16,-9.09,0.0,10.44,38.39725785402992,42.61447621981
2013-02-05,-1.89,0.4,-3.48,0.0,8.54,38.39725785402992,42.61447621981
2013-02-06,-0.65,1.42,-2.85,4.33,11.43,38.39725785402992,42.61447621981
2013-02-07,-1.23,0.27,-3.52,3.36,6.07,38.39725785402992,42.61447621981
2013-02-08,-2.09,0.69,-5.32,0.0,13.0,38.39725785402992,42.61447621981
2013-02-09,-1.93,1.23,-5.37,0.0,9.35,38.39725785402992,42.61447621981
2013-02-10,-0.95,2.11,-3.72,0.06,12.27,38.39725785402992,42.61447621981
2013-02-11,0.34,2.39,-1.31,2.02,11.6,38.39725785402992,42.61447621981
2013-02-12,-1.38,-0.22,-3.53,4.62,5.92,38.39725785402992,42.61447621981
2013-02-13,-2.41,1.41,-6.08,0.0,13.12,38.39725785402992,42.61447621981
2013-02-14,-0.15,3.46,-3.94,0.0,13.8,38.39725785402992,42.61447621981
2013-02-15,0.72,4.4,-2.41,1.72,11.49,38.39725785402992,42.61447621981
2013-02-16,-0.85,0.42,-2.93,4.48,8.3,38.39725785402992,42.61447621981
2013-02-17,-1.47,0.11,-3.18,4.61,5.82,38.39725785402992,42.61447621981
2013-02-18,-2.26,-0.8,-3.98,7.65,9.08,38.39725785402992,42.61447621981
2013-02-19,-3.4,-1.2,-6.51,2.48,10.79,38.39725785402992,42.61447621981
2013-02-20,-4.13,-0.19,-7.34,0.91,11.03,38.39725785402992,42.61447621981
2013-02-21,-2.7,-0.21,-4.78,3.49,13.51,38.39725785402992,42.61447621981
2013-02-22,-2.0,1.86,-5.25,0.02,10.52,38.39725785402992,42.61447621981
2013-02-23,-0.04,2.95,-3.16,2.35,8.3,38.39725785402992,42.61447621981
2013-02-24,0.85,3.41,-1.78,0.25,11.61,38.39725785402992,42.61447621981
2013-02-25,0.42,4.33,-3.12,0.0,13.27,38.39725785402992,42.61447621981
2013-02-26,0.89,4.52,-1.69,0.0,15.61,38.39725785402992,42.61447621981
2013-02-27,0.71,4.31,-2.2,0.01,14.15,38.39725785402992,42.61447621981
2013-02-28,1.02,3.34,-0.98,1.87,9.89,38.39725785402992,42.61447621981
2013-03-01,-0.59,0.5,-1.36,6.6,5.97,38.39725785402992,42.61447621981
2013-03-02,-1.63,0.51,-3.96,1.18,7.11,38.39725785402992,42.61447621981
2013-03-03,-1.69,0.65,-4.2,0.0,9.26,38.39725785402992,42.61447621981
2013-03-04,1.49,4.78,-1.35,0.64,6.9,38.39725785402992,42.61447621981
2013-03-05,-1.95,0.16,-7.99,5.11,3.85,38.39725785402992,42.61447621981
2013-03-06,-6.07,-2.49,-8.23,0.22,9.39,38.39725785402992,42.61447621981
2013-03-07,-4.47,-0.52,-8.28,0.0,14.7,38.39725785402992,42.61447621981
2013-03-08,-1.8,2.06,-5.53,0.0,14.27,38.39725785402992,42.61447621981
2013-03-09,0.02,4.31,-2.86,0.0,18.43,38.39725785402992,42.61447621981
2013-03-10,1.12,3.85,-1.24,0.0,17.16,38.39725785402992,42.61447621981
2013-03-11,2.33,5.87,-0.13,0.0,18.33,38.39725785402992,42.61447621981
2013-03-12,3.56,7.06,0.16,1.59,9.14,38.39725785402992,42.61447621981
2013-03-13,5.51,9.76,2.4,1.39,11.59,38.39725785402992,42.61447621981
2013-03-14,6.59,11.84,2.8,0.2,16.6,38.39725785402992,42.61447621981
2013-03-15,8.14,13.73,2.86,0.01,17.61,38.39725785402992,42.61447621981
2013-03-16,7.94,11.37,4.26,3.34,10.07,38.39725785402992,42.61447621981
2013-03-17,3.17,5.6,-0.48,19.9,9.28,38.39725785402992,42.61447621981
2013-03-18,-2.01,-0.64,-4.52,2.12,8.12,38.39725785402992,42.61447621981
2013-03-19,-0.61,3.76,-5.08,0.0,17.83,38.39725785402992,42.61447621981
2013-03-20,2.49,6.22,-0.92,0.0,15.83,38.39725785402992,42.61447621981
2013-03-21,4.63,8.63,1.77,0.0,19.22,38.39725785402992,42.61447621981
2013-03-22,5.37,10.02,1.85,0.0,17.03,38.39725785402992,42.61447621981
2013-03-23,1.54,4.16,-2.2,10.07,18.16,38.39725785402992,42.61447621981
2013-03-24,-1.96,0.8,-4.13,0.56,10.36,38.39725785402992,42.61447621981
2013-03-25,1.09,6.37,-3.79,0.0,18.49,38.39725785402992,42.61447621981
2013-03-26,4.59,9.89,0.3,0.0,15.4,38.39725785402992,42.61447621981
2013-03-27,4.33,8.73,0.75,0.25,18.15,38.39725785402992,42.61447621981
2013-03-28,4.09,8.37,0.36,0.1,19.35,38.39725785402992,42.61447621981
2013-03-29,4.64,7.84,2.59,0.33,12.51,38.39725785402992,42.61447621981
2013-03-30,5.38,8.99,2.17,0.16,15.61,38.39725785402992,42.61447621981
2013-03-31,7.4,11.65,3.36,0.0,19.14,38.39725785402992,42.61447621981
2013-04-01,9.56,13.98,5.62,0.0,19.63,38.39725785402992,42.61447621981
2013-04-02,10.35,14.16,7.62,0.13,20.75,38.39725785402992,42.61447621981
2013-04-03,10.04,14.47,7.0,0.01,21.22,38.39725785402992,42.61447621981
2013-04-04,10.2,14.9,5.5,0.19,20.03,38.39725785402992,42.61447621981
2013-04-05,9.59,14.22,5.25,4.2,17.96,38.39725785402992,42.61447621981
2013-04-06,11.27,16.16,6.02,0.0,22.41,38.39725785402992,42.61447621981
2013-04-07,13.02,17.72,7.43,0.0,23.21,38.39725785402992,42.61447621981
2013-04-08,12.96,17.85,9.06,0.0,23.04,38.39725785402992,42.61447621981
2013-04-09,8.83,11.84,4.23,0.19,22.01,38.39725785402992,42.61447621981
2013-04-10,5.25,8.77,2.63,4.12,16.54,38.39725785402992,42.61447621981
2013-04-11,5.3,9.51,1.99,0.61,14.63,38.39725785402992,42.61447621981
2013-04-12,6.01,9.45,3.38,0.95,16.41,38.39725785402992,42.61447621981
2013-04-13,7.61,11.79,3.9,0.0,23.1,38.39725785402992,42.61447621981
2013-04-14,9.08,13.35,5.62,0.03,25.15,38.39725785402992,42.61447621981
2013-04-15,9.16,12.46,5.91,0.02,22.17,38.39725785402992,42.61447621981
2013-04-16,7.29,11.57,3.94,3.77,7.35,38.39725785402992,42.61447621981
2013-04-17,4.98,8.87,1.43,0.96,14.33,38.39725785402992,42.61447621981
2013-04-18,5.04,8.75,2.1,1.15,14.18,38.39725785402992,42.61447621981
2013-04-19,5.43,9.0,2.51,2.82,19.47,38.39725785402992,42.61447621981
2013-04-20,4.58,7.68,2.39,8.66,17.79,38.39725785402992,42.61447621981
2013-04-21,3.59,6.26,1.92,1.5,21.13,38.39725785402992,42.61447621981
2013-04-22,3.58,6.7,1.27,8.85,14.74,38.39725785402992,42.61447621981
2013-04-23,3.94,7.71,-0.1,1.44,20.15,38.39725785402992,42.61447621981
2013-04-24,3.32,7.83,-0.7,0.0,27.2,38.39725785402992,42.61447621981
2013-04-25,5.0,11.93,-1.98,0.0,25.56,38.39725785402992,42.61447621981
2013-04-26,8.68,13.9,2.84,0.0,24.61,38.39725785402992,42.61447621981
2013-04-27,10.88,15.32,4.94,0.0,25.5,38.39725785402992,42.61447621981
2013-04-28,13.19,17.28,8.65,0.0,26.75,38.39725785402992,42.61447621981
2013-04-29,14.58,19.24,9.95,0.0,27.12,38.39725785402992,42.61447621981
2013-04-30,14.25,19.95,8.34,0.06,26.26,38.39725785402992,42.61447621981
2013-05-01,13.75,18.9,8.42,0.0,27.51,38.39725785402992,42.61447621981
2013-05-02,13.3,18.83,7.33,0.0,28.05,38.39725785402992,42.61447621981
2013-05-03,13.95,18.45,8.67,0.0,27.04,38.39725785402992,42.61447621981
2013-05-04,14.48,17.74,10.5,0.0,26.02,38.39725785402992,42.61447621981
2013-05-05,15.14,17.8,12.18,0.0,23.81,38.39725785402992,42.61447621981
2013-05-06,14.8,16.92,12.41,0.12,17.73,38.39725785402992,42.61447621981
2013-05-07,13.43,15.03,10.76,0.35,17.17,38.39725785402992,42.61447621981
2013-05-08,12.89,15.05,10.33,3.31,16.69,38.39725785402992,42.61447621981
2013-05-09,12.01,15.46,8.23,1.27,21.89,38.39725785402992,42.61447621981
2013-05-10,12.69,16.03,10.25,0.81,16.65,38.39725785402992,42.61447621981
2013-05-11,12.61,16.61,8.3,12.29,10.4,38.39725785402992,42.61447621981
2013-05-12,9.59,12.14,6.59,4.39,15.28,38.39725785402992,42.61447621981
2013-05-13,9.15,12.88,5.89,4.76,15.62,38.39725785402992,42.61447621981
2013-05-14,8.82,12.55,5.88,7.88,15.98,38.39725785402992,42.61447621981
2013-05-15,9.55,12.99,5.69,2.55,18.16,38.39725785402992,42.61447621981
2013-05-16,9.05,12.42,5.75,3.93,19.72,38.39725785402992,42.61447621981
2013-05-17,10.7,14.37,6.31,1.12,22.37,38.39725785402992,42.61447621981
2013-05-18,12.57,16.21,9.25,0.63,22.24,38.39725785402992,42.61447621981
2013-05-19,11.9,15.43,9.13,0.46,23.26,38.39725785402992,42.61447621981
2013-05-20,11.83,14.97,7.16,1.58,20.25,38.39725785402992,42.61447621981
2013-05-21,9.43,11.61,7.52,5.49,17.6,38.39725785402992,42.61447621981
2013-05-22,12.19,16.06,7.71,0.01,26.77,38.39725785402992,42.61447621981
2013-05-23,15.4,18.84,11.37,0.0,26.47,38.39725785402992,42.61447621981
2013-05-24,18.03,22.1,13.13,0.01,27.57,38.39725785402992,42.61447621981
2013-05-25,15.19,20.45,11.72,1.14,20.08,38.39725785402992,42.61447621981
2013-05-26,15.74,19.81,11.61,3.39,27.62,38.39725785402992,42.61447621981
2013-05-27,13.19,16.43,10.97,4.9,17.21,38.39725785402992,42.61447621981
2013-05-28,12.35,15.67,9.43,8.44,17.93,38.39725785402992,42.61447621981
2013-05-29,12.04,15.41,7.27,1.1,26.09,38.39725785402992,42.61447621981
2013-05-30,14.91,18.81,10.48,0.0,25.98,38.39725785402992,42.61447621981
2013-05-31,15.34,18.8,12.84,0.23,26.36,38.39725785402992,42.61447621981
2013-06-01,16.96,20.95,12.05,1.93,24.27,38.39725785402992,42.61447621981
2013-06-02,14.99,19.77,9.41,0.04,30.88,38.39725785402992,42.61447621981
2013-06-03,17.15,21.55,13.28,0.0,29.6,38.39725785402992,42.61447621981
2013-06-04,16.72,22.14,11.59,0.0,32.26,38.39725785402992,42.61447621981
2013-06-05,17.57,21.88,13.92,0.0,32.2,38.39725785402992,42.61447621981
2013-06-06,15.84,20.78,11.56,0.09,31.8,38.39725785402992,42.61447621981
2013-06-07,13.58,16.53,10.78,1.03,19.81,38.39725785402992,42.61447621981
2013-06-08,14.46,18.91,10.58,0.07,28.03,38.39725785402992,42.61447621981
2013-06-09,16.01,20.38,11.27,0.07,27.16,38.39725785402992,42.61447621981
2013-06-10,16.39,21.52,12.28,1.29,23.51,38.39725785402992,42.61447621981
2013-06-11,16.25,20.18,11.01,0.22,25.23,38.39725785402992,42.61447621981
2013-06-12,19.08,22.99,14.93,0.0,30.12,38.39725785402992,42.61447621981
2013-06-13,20.71,24.85,17.01,0.0,31.37,38.39725785402992,42.61447621981
2013-06-14,22.01,26.62,18.57,0.0,32.0,38.39725785402992,42.61447621981
2013-06-15,22.09,28.4,16.42,0.0,32.63,38.39725785402992,42.61447621981
2013-06-16,21.03,26.57,16.62,0.0,32.19,38.39725785402992,42.61447621981
2013-06-17,19.91,25.04,12.95,0.0,30.89,38.39725785402992,42.61447621981
2013-06-18,18.92,23.98,13.85,3.0,24.54,38.39725785402992,42.61447621981
2013-06-19,16.53,20.83,11.4,3.69,17.65,38.39725785402992,42.61447621981
2013-06-20,17.14,21.82,12.94,0.09,26.78,38.39725785402992,42.61447621981
2013-06-21,16.31,21.36,11.74,0.1,24.85,38.39725785402992,42.61447621981
2013-06-22,18.02,24.57,10.14,0.0,31.6,38.39725785402992,42.61447621981
2013-06-23,20.37,25.8,13.78,0.0,31.53,38.39725785402992,42.61447621981
2013-06-24,22.0,26.78,17.31,0.0,29.13,38.39725785402992,42.61447621981
2013-06-25,21.0,26.58,15.27,0.0,30.15,38.39725785402992,42.61447621981
2013-06-26,21.37,27.24,14.7,0.0,29.06,38.39725785402992,42.61447621981
2013-06-27,21.79,26.3,16.72,0.0,30.18,38.39725785402992,42.61447621981
2013-06-28,20.58,25.77,15.52,0.0,30.86,38.39725785402992,42.61447621981
2013-06-29,21.13,25.46,14.91,0.0,31.89,38.39725785402992,42.61447621981
2013-06-30,24.09,29.04,18.68,0.0,31.69,38.39725785402992,42.61447621981
2013-07-01,23.92,29.62,16.59,0.0,32.3,38.39725785402992,42.61447621981
2013-07-02,20.69,26.55,15.45,0.01,30.4,38.39725785402992,42.61447621981
2013-07-03,20.15,26.35,13.34,0.45,28.61,38.39725785402992,42.61447621981
2013-07-04,21.88,27.57,15.8,0.18,29.07,38.39725785402992,42.61447621981
2013-07-05,23.46,28.59,18.74,0.06,30.26,38.39725785402992,42.61447621981
2013-07-06,23.93,29.74,19.2,0.0,31.46,38.39725785402992,42.61447621981
2013-07-07,24.24,29.49,20.04,0.0,31.71,38.39725785402992,42.61447621981
2013-07-08,24.47,29.48,19.94,0.0,31.17,38.39725785402992,42.61447621981
2013-07-09,23.65,29.54,17.37,0.0,29.72,38.39725785402992,42.61447621981
2013-07-10,24.54,31.04,16.7,0.0,30.67,38.39725785402992,42.61447621981
2013-07-11,25.14,31.63,18.64,0.0,29.78,38.39725785402992,42.61447621981
2013-07-12,23.95,29.69,17.99,0.09,27.46,38.39725785402992,42.61447621981
2013-07-13,24.74,29.21,18.31,0.0,26.1,38.39725785402992,42.61447621981
2013-07-14,25.9,30.85,20.41,0.17,27.78,38.39725785402992,42.61447621981
2013-07-15,25.55,31.9,18.46,0.0,30.41,38.39725785402992,42.61447621981
2013-07-16,26.3,32.0,21.96,0.0,30.62,38.39725785402992,42.61447621981
2013-07-17,24.57,31.54,18.01,0.0,30.59,38.39725785402992,42.61447621981
2013-07-18,24.03,30.57,18.38,0.0,30.74,38.39725785402992,42.61447621981
2013-07-19,22.46,28.74,17.14,0.0,30.33,38.39725785402992,42.61447621981
2013-07-20,21.85,28.15,16.0,0.0,29.17,38.39725785402992,42.61447621981
2013-07-21,23.88,29.86,17.43,0.0,27.37,38.39725785402992,42.61447621981
2013-07-22,24.52,30.74,18.34,0.0,28.92,38.39725785402992,42.61447621981
2013-07-23,24.97,30.63,19.74,0.0,29.41,38.39725785402992,42.61447621981
2013-07-24,24.09,30.42,18.27,0.0,30.11,38.39725785402992,42.61447621981
2013-07-25,23.5,30.72,15.44,0.02,29.62,38.39725785402992,42.61447621981
2013-07-26,21.41,27.32,15.84,0.0,28.53,38.39725785402992,42.61447621981
2013-07-27,23.47,29.95,17.13,0.0,28.68,38.39725785402992,42.61447621981
2013-07-28,21.73,27.54,14.65,0.0,29.17,38.39725785402992,42.61447621981
2013-07-29,18.6,25.03,12.58,0.0,28.29,38.39725785402992,42.61447621981
2013-07-30,17.71,24.69,11.9,0.0,29.58,38.39725785402992,42.61447621981
2013-07-31,20.61,28.32,11.85,0.0,30.2,38.39725785402992,42.61447621981
2013-08-01,22.68,29.56,15.54,0.0,29.98,38.39725785402992,42.61447621981
2013-08-02,23.22,29.97,16.3,0.01,28.6,38.39725785402992,42.61447621981
2013-08-03,23.25,29.89,16.09,0.0,28.08,38.39725785402992,42.61447621981
2013-08-04,22.92,30.75,15.52,0.0,28.68,38.39725785402992,42.61447621981
2013-08-05,19.95,26.62,14.17,0.0,28.85,38.39725785402992,42.61447621981
2013-08-06,20.73,27.3,13.96,0.0,29.04,38.39725785402992,42.61447621981
2013-08-07,22.94,29.31,16.68,0.0,29.02,38.39725785402992,42.61447621981
2013-08-08,21.43,28.52,13.82,0.17,27.43,38.39725785402992,42.61447621981
2013-08-09,20.36,26.03,15.17,0.0,27.42,38.39725785402992,42.61447621981
2013-08-10,21.95,27.43,15.94,0.0,27.02,38.39725785402992,42.61447621981
2013-08-11,24.18,29.39,19.57,0.0,26.23,38.39725785402992,42.61447621981
2013-08-12,24.71,30.54,19.83,0.0,26.17,38.39725785402992,42.61447621981
2013-08-13,24.71,30.94,19.43,0.0,26.36,38.39725785402992,42.61447621981
2013-08-14,24.08,30.44,16.96,0.0,26.75,38.39725785402992,42.61447621981
2013-08-15,25.1,31.51,18.26,0.0,27.12,38.39725785402992,42.61447621981
2013-08-16,25.0,31.51,19.12,0.0,27.37,38.39725785402992,42.61447621981
2013-08-17,25.06,30.43,21.37,0.0,27.03,38.39725785402992,42.61447621981
2013-08-18,24.51,30.23,19.78,0.0,27.04,38.39725785402992,42.61447621981
2013-08-19,22.29,28.96,15.55,0.04,24.02,38.39725785402992,42.61447621981
2013-08-20,22.92,28.06,17.46,0.14,23.74,38.39725785402992,42.61447621981
2013-08-21,20.93,25.39,15.57,0.32,19.67,38.39725785402992,42.61447621981
2013-08-22,21.36,26.63,15.57,0.0,26.05,38.39725785402992,42.61447621981
2013-08-23,23.49,29.09,18.32,0.0,25.96,38.39725785402992,42.61447621981
2013-08-24,23.0,28.53,17.29,0.0,26.01,38.39725785402992,42.61447621981
2013-08-25,21.94,27.58,17.15,0.0,26.14,38.39725785402992,42.61447621981
2013-08-26,22.39,27.94,16.14,0.0,24.8,38.39725785402992,42.61447621981
2013-08-27,24.36,28.94,19.71,0.0,24.87,38.39725785402992,42.61447621981
2013-08-28,23.81,29.13,18.13,0.0,25.34,38.39725785402992,42.61447621981
2013-08-29,24.35,29.82,17.54,0.0,23.18,38.39725785402992,42.61447621981
2013-08-30,24.29,29.76,18.94,0.0,22.47,38.39725785402992,42.61447621981
2013-08-31,22.67,28.56,18.32,0.0,23.75,38.39725785402992,42.61447621981
2013-09-01,22.54,27.81,17.67,0.0,22.29,38.39725785402992,42.61447621981
2013-09-02,23.13,28.62,18.79,0.0,22.98,38.39725785402992,42.61447621981
2013-09-03,21.79,28.03,16.66,0.0,24.31,38.39725785402992,42.61447621981
2013-09-04,20.41,26.07,14.81,0.0,23.52,38.39725785402992,42.61447621981
2013-09-05,17.77,23.36,10.91,0.01,22.63,38.39725785402992,42.61447621981
2013-09-06,16.84,25.13,9.57,0.0,25.37,38.39725785402992,42.61447621981
2013-09-07,18.29,25.23,13.03,0.0,24.8,38.39725785402992,42.61447621981
2013-09-08,18.76,25.77,12.53,0.0,24.61,38.39725785402992,42.61447621981
2013-09-09,18.06,24.66,12.69,0.0,23.63,38.39725785402992,42.61447621981
2013-09-10,17.46,23.32,11.03,0.0,23.4,38.39725785402992,42.61447621981
2013-09-11,19.68,24.58,15.1,0.0,24.08,38.39725785402992,42.61447621981
2013-09-12,19.35,26.11,13.69,0.0,23.84,38.39725785402992,42.61447621981
2013-09-13,19.75,26.32,13.77,0.0,24.05,38.39725785402992,42.61447621981
2013-09-14,20.64,26.72,15.48,0.0,23.46,38.39725785402992,42.61447621981
2013-09-15,19.83,25.59,14.34,0.0,22.9,38.39725785402992,42.61447621981
2013-09-16,18.06,23.82,13.81,0.0,22.15,38.39725785402992,42.61447621981
2013-09-17,17.27,23.28,12.68,0.0,22.36,38.39725785402992,42.61447621981
2013-09-18,14.85,19.46,10.79,0.23,13.41,38.39725785402992,42.61447621981
2013-09-19,15.36,19.98,11.08,0.59,18.07,38.39725785402992,42.61447621981
2013-09-20,16.62,20.43,13.42,0.85,16.26,38.39725785402992,42.61447621981
2013-09-21,16.88,22.04,13.29,0.0,20.15,38.39725785402992,42.61447621981
2013-09-22,14.71,18.2,12.01,4.44,12.12,38.39725785402992,42.61447621981
2013-09-23,13.88,17.5,11.13,1.9,9.72,38.39725785402992,42.61447621981
2013-09-24,11.91,16.84,7.97,0.39,14.68,38.39725785402992,42.61447621981
2013-09-25,11.56,17.35,6.96,0.0,20.91,38.39725785402992,42.61447621981
2013-09-26,13.16,18.7,8.21,0.0,21.62,38.39725785402992,42.61447621981
2013-09-27,15.54,21.57,10.53,0.0,21.43,38.39725785402992,42.61447621981
2013-09-28,14.75,19.98,10.47,0.0,19.62,38.39725785402992,42.61447621981
2013-09-29,13.94,20.08,9.8,0.0,18.8,38.39725785402992,42.61447621981
2013-09-30,14.33,20.4,10.0,0.0,20.35,38.39725785402992,42.61447621981
2013-10-01,15.32,21.79,10.47,0.0,20.1,38.39725785402992,42.61447621981
2013-10-02,14.12,19.91,9.2,0.06,14.99,38.39725785402992,42.61447621981
2013-10-03,14.87,19.96,10.66,1.25,14.62,38.39725785402992,42.61447621981
2013-10-04,11.04,14.32,5.49,10.22,13.78,38.39725785402992,42.61447621981
2013-10-05,7.65,12.71,4.33,0.0,14.56,38.39725785402992,42.61447621981
2013-10-06,5.55,8.88,1.23,1.94,7.18,38.39725785402992,42.61447621981
2013-10-07,5.03,10.32,0.29,1.08,13.47,38.39725785402992,42.61447621981
2013-10-08,4.94,8.73,1.74,0.52,12.83,38.39725785402992,42.61447621981
2013-10-09,6.18,12.85,1.0,0.0,19.03,38.39725785402992,42.61447621981
2013-10-10,7.96,15.39,1.57,0.0,19.08,38.39725785402992,42.61447621981
2013-10-11,9.56,16.46,3.84,0.0,18.84,38.39725785402992,42.61447621981
2013-10-12,10.28,16.78,4.02,0.0,18.68,38.39725785402992,42.61447621981
2013-10-13,10.17,17.03,3.8,0.0,17.39,38.39725785402992,42.61447621981
2013-10-14,10.81,16.36,5.52,0.0,13.95,38.39725785402992,42.61447621981
2013-10-15,11.86,16.98,7.56,0.0,16.42,38.39725785402992,42.61447621981
2013-10-16,11.72,16.89,7.74,0.0,17.18,38.39725785402992,42.61447621981
2013-10-17,10.24,16.26,5.91,0.0,17.27,38.39725785402992,42.61447621981
2013-10-18,11.36,17.45,6.45,0.0,14.65,38.39725785402992,42.61447621981
2013-10-19,7.72,10.73,4.23,2.0,7.7,38.39725785402992,42.61447621981
2013-10-20,5.05,9.38,1.96,3.56,13.72,38.39725785402992,42.61447621981
2013-10-21,5.5,11.49,0.56,0.0,16.3,38.39725785402992,42.61447621981
2013-10-22,7.75,13.77,3.17,0.0,15.95,38.39725785402992,42.61447621981
2013-10-23,9.27,15.03,4.66,0.01,15.86,38.39725785402992,42.61447621981
2013-10-24,7.54,13.7,3.08,1.11,12.97,38.39725785402992,42.61447621981
2013-10-25,6.83,13.28,1.75,0.02,14.63,38.39725785402992,42.61447621981
2013-10-26,6.69,12.36,2.53,2.92,10.84,38.39725785402992,42.61447621981
2013-10-27,5.46,8.84,2.36,0.44,10.29,38.39725785402992,42.61447621981
2013-10-28,6.98,11.3,3.82,0.0,13.0,38.39725785402992,42.61447621981
2013-10-29,6.88,12.13,1.85,0.0,14.97,38.39725785402992,42.61447621981
2013-10-30,7.64,12.62,4.26,0.0,14.47,38.39725785402992,42.61447621981
2013-10-31,8.46,13.58,4.65,0.0,14.54,38.39725785402992,42.61447621981
2013-11-01,8.61,13.58,4.46,0.0,14.3,38.39725785402992,42.61447621981
2013-11-02,7.55,12.99,2.7,0.0,12.57,38.39725785402992,42.61447621981
2013-11-03,7.74,12.24,3.67,0.0,13.86,38.39725785402992,42.61447621981
2013-11-04,8.35,13.11,5.06,0.0,13.79,38.39725785402992,42.61447621981
2013-11-05,8.41,13.19,4.66,0.0,11.79,38.39725785402992,42.61447621981
2013-11-06,7.63,12.02,3.87,0.0,12.47,38.39725785402992,42.61447621981
2013-11-07,7.69,11.44,3.65,0.02,9.64,38.39725785402992,42.61447621981
2013-11-08,6.75,10.5,3.76,7.53,4.56,38.39725785402992,42.61447621981
2013-11-09,5.51,7.16,4.0,14.27,3.71,38.39725785402992,42.61447621981
2013-11-10,6.87,10.39,4.46,2.86,4.92,38.39725785402992,42.61447621981
2013-11-11,6.31,9.14,4.44,3.53,7.48,38.39725785402992,42.61447621981
2013-11-12,6.07,9.33,3.97,1.66,9.75,38.39725785402992,42.61447621981
2013-11-13,5.19,8.84,2.08,0.07,9.98,38.39725785402992,42.61447621981
2013-11-14,6.15,10.64,3.47,0.0,12.3,38.39725785402992,42.61447621981
2013-11-15,4.65,8.23,2.35,0.15,8.8,38.39725785402992,42.61447621981
2013-11-16,5.13,8.77,3.1,0.06,10.56,38.39725785402992,42.61447621981
2013-11-17,4.27,7.76,2.29,0.0,9.67,38.39725785402992,42.61447621981
2013-11-18,4.64,8.58,1.96,0.0,10.78,38.39725785402992,42.61447621981
2013-11-19,4.47,9.8,0.59,0.0,11.31,38.39725785402992,42.61447621981
2013-11-20,4.05,9.17,1.03,0.29,8.83,38.39725785402992,42.61447621981
2013-11-21,3.03,7.04,-0.01,0.09,7.05,38.39725785402992,42.61447621981
2013-11-22,3.57,7.93,-0.29,0.0,10.47,38.39725785402992,42.61447621981
2013-11-23,3.98,8.83,0.1,0.0,11.32,38.39725785402992,42.61447621981
2013-11-24,3.27,8.16,0.06,0.0,10.53,38.39725785402992,42.61447621981
2013-11-25,3.02,6.99,0.63,0.32,5.39,38.39725785402992,42.61447621981
2013-11-26,3.07,8.06,0.75,0.32,6.3,38.39725785402992,42.61447621981
2013-11-27,3.59,5.83,1.37,2.76,4.13,38.39725785402992,42.61447621981
2013-11-28,2.89,4.78,1.08,10.82,4.14,38.39725785402992,42.61447621981
2013-11-29,3.04,5.38,1.15,5.86,2.93,38.39725785402992,42.61447621981
2013-11-30,-0.05,2.67,-3.26,3.33,7.21,38.39725785402992,42.61447621981
2013-12-01,1.78,7.66,-3.44,0.0,9.35,38.39725785402992,42.61447621981
2013-12-02,2.36,7.18,0.25,0.0,6.81,38.39725785402992,42.61447621981
2013-12-03,0.13,3.62,-7.23,0.09,7.66,38.39725785402992,42.61447621981
2013-12-04,-3.7,-0.19,-7.44,0.03,10.25,38.39725785402992,42.61447621981
2013-12-05,-1.3,0.14,-2.38,0.25,4.62,38.39725785402992,42.61447621981
2013-12-06,-1.7,1.12,-3.5,0.0,9.77,38.39725785402992,42.61447621981
2013-12-07,-2.49,0.68,-4.25,0.61,4.15,38.39725785402992,42.61447621981
2013-12-08,-3.35,0.35,-10.6,11.33,2.13,38.39725785402992,42.61447621981
2013-12-09,-12.25,-7.09,-15.56,0.73,7.91,38.39725785402992,42.61447621981
2013-12-10,-11.7,-5.69,-16.59,0.15,6.89,38.39725785402992,42.61447621981
2013-12-11,-9.79,-7.25,-11.69,10.83,3.32,38.39725785402992,42.61447621981
2013-12-12,-8.5,-3.72,-11.25,14.73,2.08,38.39725785402992,42.61447621981
2013-12-13,-10.08,-5.21,-15.14,1.46,5.62,38.39725785402992,42.61447621981
2013-12-14,-11.91,-6.59,-15.92,2.97,7.07,38.39725785402992,42.61447621981
2013-12-15,-12.13,-6.1,-15.88,0.53,9.06,38.39725785402992,42.61447621981
2013-12-16,-12.97,-5.47,-17.98,0.0,8.44,38.39725785402992,42.61447621981
2013-12-17,-12.37,-4.75,-16.97,0.0,9.24,38.39725785402992,42.61447621981
2013-12-18,-13.06,-5.96,-18.25,0.0,9.88,38.39725785402992,42.61447621981
2013-12-19,-13.42,-6.43,-18.01,0.0,8.89,38.39725785402992,42.61447621981
2013-12-20,-14.6,-6.16,-20.91,0.0,9.35,38.39725785402992,42.61447621981
2013-12-21,-12.36,-4.78,-18.99,0.0,9.84,38.39725785402992,42.61447621981
2013-12-22,-11.23,-3.62,-16.33,0.0,10.56,38.39725785402992,42.61447621981
2013-12-23,-10.73,-3.25,-17.2,0.0,9.88,38.39725785402992,42.61447621981
2013-12-24,-6.79,-0.86,-10.58,0.0,10.17,38.39725785402992,42.61447621981
2013-12-25,-10.01,-2.78,-15.98,0.0,10.7,38.39725785402992,42.61447621981
2013-12-26,-6.77,0.59,-13.75,0.0,10.04,38.39725785402992,42.61447621981
2013-12-27,-6.44,-2.01,-10.79,0.0,6.06,38.39725785402992,42.61447621981
2013-12-28,-8.34,-2.13,-14.41,0.0,10.25,38.39725785402992,42.61447621981
2013-12-29,-5.88,0.02,-9.04,0.0,10.55,38.39725785402992,42.61447621981
2013-12-30,-5.18,-1.45,-9.97,4.37,4.68,38.39725785402992,42.61447621981
2013-12-31,-3.51,-0.94,-6.08,3.81,3.24,38.39725785402992,42.61447621981
2014-01-01,-6.55,-1.74,-10.64,0.11,8.51,38.39725785402992,42.61447621981
2014-01-02,-6.31,-1.56,-9.64,0.0,7.13,38.39725785402992,42.61447621981
2014-01-03,-8.45,-2.08,-12.69,0.0,9.15,38.39725785402992,42.61447621981
2014-01-04,-11.57,-4.95,-15.47,0.0,9.47,38.39725785402992,42.61447621981
2014-01-05,-13.68,-5.5,-20.37,0.0,9.32,38.39725785402992,42.61447621981
2014-01-06,-13.11,-4.14,-20.09,0.0,9.91,38.39725785402992,42.61447621981
2014-01-07,-11.02,-3.73,-18.16,0.0,10.81,38.39725785402992,42.61447621981
2014-01-08,-9.38,-2.98,-14.72,0.0,10.65,38.39725785402992,42.61447621981
2014-01-09,-7.8,-0.39,-14.03,0.0,11.17,38.39725785402992,42.61447621981
2014-01-10,-6.94,-1.48,-9.65,0.0,9.86,38.39725785402992,42.61447621981
2014-01-11,-7.65,-0.55,-15.14,0.0,10.59,38.39725785402992,42.61447621981
2014-01-12,-8.56,-1.11,-13.39,0.0,10.6,38.39725785402992,42.61447621981
2014-01-13,-8.19,-1.9,-14.31,0.91,4.47,38.39725785402992,42.61447621981
2014-01-14,-5.2,-2.05,-8.0,0.45,10.4,38.39725785402992,42.61447621981
2014-01-15,-5.73,-0.91,-9.64,0.0,7.71,38.39725785402992,42.61447621981
2014-01-16,-5.98,0.26,-13.23,0.0,10.33,38.39725785402992,42.61447621981
2014-01-17,-4.31,-0.41,-7.25,0.0,8.29,38.39725785402992,42.61447621981
2014-01-18,-6.52,-1.88,-11.27,0.0,11.64,38.39725785402992,42.61447621981
2014-01-19,-2.45,1.4,-6.02,0.0,10.83,38.39725785402992,42.61447621981
2014-01-20,-2.23,2.29,-4.93,0.0,11.45,38.39725785402992,42.61447621981
2014-01-21,-1.71,2.47,-4.58,0.0,10.98,38.39725785402992,42.61447621981
2014-01-22,-2.09,1.58,-4.65,0.9,6.82,38.39725785402992,42.61447621981
2014-01-23,-1.96,0.88,-3.96,4.3,7.12,38.39725785402992,42.61447621981
2014-01-24,-2.39,0.96,-4.81,0.57,10.74,38.39725785402992,42.61447621981
2014-01-25,-2.79,1.39,-6.09,0.09,9.23,38.39725785402992,42.61447621981
2014-01-26,-1.86,1.16,-3.55,0.91,2.89,38.39725785402992,42.61447621981
2014-01-27,-0.05,2.85,-2.79,12.45,3.42,38.39725785402992,42.61447621981
2014-01-28,-0.14,1.94,-2.64,15.12,2.52,38.39725785402992,42.61447621981
2014-01-29,-0.47,1.95,-2.67,1.91,3.98,38.39725785402992,42.61447621981
2014-01-30,-0.64,1.46,-4.48,17.02,2.76,38.39725785402992,42.61447621981
2014-01-31,-4.61,-0.41,-7.86,0.78,6.68,38.39725785402992,42.61447621981
2014-02-01,-7.7,-2.94,-14.21,0.27,7.19,38.39725785402992,42.61447621981
2014-02-02,-14.65,-6.24,-21.08,0.0,9.52,38.39725785402992,42.61447621981
2014-02-03,-16.56,-6.45,-24.64,0.0,10.09,38.39725785402992,42.61447621981
2014-02-04,-15.32,-6.12,-23.09,0.14,7.62,38.39725785402992,42.61447621981
2014-02-05,-13.54,-5.93,-20.98,0.0,10.37,38.39725785402992,42.61447621981
2014-02-06,-7.47,-0.03,-12.21,0.0,10.6,38.39725785402992,42.61447621981
2014-02-07,-7.4,-0.41,-13.81,0.0,10.65,38.39725785402992,42.61447621981
2014-02-08,-6.34,-0.08,-11.82,0.0,10.83,38.39725785402992,42.61447621981
2014-02-09,-3.56,3.21,-10.28,0.0,8.85,38.39725785402992,42.61447621981
2014-02-10,-1.24,2.71,-4.18,0.0,9.69,38.39725785402992,42.61447621981
2014-02-11,-1.22,1.87,-2.78,0.04,9.3,38.39725785402992,42.61447621981
2014-02-12,-0.94,3.64,-5.08,0.0,11.19,38.39725785402992,42.61447621981
2014-02-13,1.64,6.34,-2.02,0.0,11.51,38.39725785402992,42.61447621981
2014-02-14,2.44,6.91,-0.45,0.0,10.13,38.39725785402992,42.61447621981
2014-02-15,0.12,2.37,-1.9,3.66,10.28,38.39725785402992,42.61447621981
2014-02-16,-0.44,1.81,-2.5,3.66,9.24,38.39725785402992,42.61447621981
2014-02-17,-0.24,3.43,-3.82,0.0,9.28,38.39725785402992,42.61447621981
2014-02-18,1.22,4.94,-0.81,0.0,11.29,38.39725785402992,42.61447621981
2014-02-19,2.26,5.56,-0.53,0.0,10.36,38.39725785402992,42.61447621981
2014-02-20,3.2,7.8,0.6,0.0,11.88,38.39725785402992,42.61447621981
2014-02-21,2.76,7.49,0.21,0.0,12.62,38.39725785402992,42.61447621981
2014-02-22,3.3,7.38,0.3,0.0,12.12,38.39725785402992,42.61447621981
2014-02-23,4.7,8.28,1.76,0.0,13.55,38.39725785402992,42.61447621981
2014-02-24,4.84,8.88,1.6,0.0,14.05,38.39725785402992,42.61447621981
2014-02-25,4.5,9.44,1.28,0.19,12.83,38.39725785402992,42.61447621981
2014-02-26,2.09,5.39,-0.11,13.37,4.04,38.39725785402992,42.61447621981
2014-02-27,1.09,3.37,-0.91,2.03,8.15,38.39725785402992,42.61447621981
2014-02-28,0.8,3.68,-1.65,4.24,7.35,38.39725785402992,42.61447621981
2014-03-01,0.0,3.41,-3.13,0.0,10.6,38.39725785402992,42.61447621981
2014-03-02,2.53,6.42,-0.03,0.61,13.96,38.39725785402992,42.61447621981
2014-03-03,4.41,9.18,-0.05,0.23,15.48,38.39725785402992,42.61447621981
2014-03-04,3.39,6.64,1.65,10.74,3.9,38.39725785402992,42.61447621981
2014-03-05,3.58,8.12,0.58,0.31,12.94,38.39725785402992,42.61447621981
2014-03-06,4.36,9.28,1.14,0.0,13.27,38.39725785402992,42.61447621981
2014-03-07,4.97,9.36,1.14,1.68,11.8,38.39725785402992,42.61447621981
2014-03-08,7.03,11.38,3.45,0.0,16.02,38.39725785402992,42.61447621981
2014-03-09,7.28,10.93,3.11,0.09,14.91,38.39725785402992,42.61447621981
2014-03-10,5.7,9.06,3.71,7.27,11.71,38.39725785402992,42.61447621981
2014-03-11,2.66,5.78,0.01,2.11,15.44,38.39725785402992,42.61447621981
2014-03-12,1.55,4.61,-0.34,2.05,13.86,38.39725785402992,42.61447621981
2014-03-13,0.61,3.22,-1.11,2.23,11.58,38.39725785402992,42.61447621981
2014-03-14,1.32,3.37,-0.42,1.2,16.1,38.39725785402992,42.61447621981
2014-03-15,2.26,4.99,-0.45,0.2,19.59,38.39725785402992,42.61447621981
2014-03-16,2.81,6.59,0.01,0.14,16.92,38.39725785402992,42.61447621981
2014-03-17,1.13,3.83,-0.63,10.04,12.27,38.39725785402992,42.61447621981
2014-03-18,1.43,3.66,-0.54,8.45,3.49,38.39725785402992,42.61447621981
2014-03-19,1.88,5.64,-1.76,0.0,12.94,38.39725785402992,42.61447621981
2014-03-20,4.3,9.08,1.23,0.0,18.04,38.39725785402992,42.61447621981
2014-03-21,3.34,8.2,-1.79,0.05,17.78,38.39725785402992,42.61447621981
2014-03-22,3.6,8.84,-2.02,0.0,20.62,38.39725785402992,42.61447621981
2014-03-23,6.84,11.17,2.62,0.0,19.25,38.39725785402992,42.61447621981
2014-03-24,7.84,12.27,4.37,0.0,20.2,38.39725785402992,42.61447621981
2014-03-25,7.8,12.56,4.03,0.0,21.65,38.39725785402992,42.61447621981
2014-03-26,7.23,11.16,4.23,0.11,20.21,38.39725785402992,42.61447621981
2014-03-27,6.25,9.66,2.97,1.39,20.02,38.39725785402992,42.61447621981
2014-03-28,5.93,9.83,2.13,0.01,18.9,38.39725785402992,42.61447621981
2014-03-29,4.35,8.19,2.06,7.92,9.84,38.39725785402992,42.61447621981
2014-03-30,-1.18,3.8,-6.82,8.41,4.41,38.39725785402992,42.61447621981
2014-03-31,-3.92,-0.06,-7.45,1.18,12.9,38.39725785402992,42.61447621981
2014-04-01,0.25,4.41,-3.56,0.0,19.82,38.39725785402992,42.61447621981
2014-04-02,3.36,7.23,-0.09,0.05,20.55,38.39725785402992,42.61447621981
2014-04-03,4.02,8.26,1.11,1.02,21.52,38.39725785402992,42.61447621981
2014-04-04,3.29,8.12,-0.46,0.06,22.9,38.39725785402992,42.61447621981
2014-04-05,5.19,10.15,0.21,0.0,20.62,38.39725785402992,42.61447621981
2014-04-06,6.8,11.36,2.54,0.02,19.06,38.39725785402992,42.61447621981
2014-04-07,8.61,14.38,3.66,0.02,20.74,38.39725785402992,42.61447621981
2014-04-08,8.91,14.72,3.92,0.15,21.44,38.39725785402992,42.61447621981
2014-04-09,5.11,8.63,2.3,5.05,15.07,38.39725785402992,42.61447621981
2014-04-10,4.64,8.55,1.43,18.41,14.47,38.39725785402992,42.61447621981
2014-04-11,5.64,10.36,1.61,0.68,19.16,38.39725785402992,42.61447621981
2014-04-12,8.35,13.13,2.54,0.0,22.56,38.39725785402992,42.61447621981
2014-04-13,7.15,10.3,3.49,4.64,7.79,38.39725785402992,42.61447621981
2014-04-14,7.71,12.95,2.63,1.02,23.46,38.39725785402992,42.61447621981
2014-04-15,7.42,10.94,4.99,2.78,21.0,38.39725785402992,42.61447621981
2014-04-16,6.93,9.81,4.49,3.98,15.18,38.39725785402992,42.61447621981
2014-04-17,9.77,15.23,5.95,7.82,20.68,38.39725785402992,42.61447621981
2014-04-18,11.98,16.74,6.08,1.87,19.61,38.39725785402992,42.61447621981
2014-04-19,12.78,17.53,9.48,0.02,25.19,38.39725785402992,42.61447621981
2014-04-20,10.08,14.56,6.75,9.94,13.37,38.39725785402992,42.61447621981
2014-04-21,9.77,14.15,5.36,6.24,24.1,38.39725785402992,42.61447621981
2014-04-22,9.67,13.3,7.16,5.4,22.51,38.39725785402992,42.61447621981
2014-04-23,9.75,14.02,6.37,0.8,27.38,38.39725785402992,42.61447621981
2014-04-24,9.94,15.35,4.62,0.0,27.94,38.39725785402992,42.61447621981
2014-04-25,11.22,16.38,7.61,0.62,23.52,38.39725785402992,42.61447621981
2014-04-26,12.84,17.72,7.22,0.71,23.17,38.39725785402992,42.61447621981
2014-04-27,12.29,17.9,6.5,0.0,27.39,38.39725785402992,42.61447621981
2014-04-28,12.06,17.38,6.1,5.8,15.2,38.39725785402992,42.61447621981
2014-04-29,10.92,15.03,6.51,0.46,23.05,38.39725785402992,42.61447621981
2014-04-30,10.46,15.85,5.28,0.02,27.04,38.39725785402992,42.61447621981
2014-05-01,10.56,15.24,6.13,2.7,15.47,38.39725785402992,42.61447621981
2014-05-02,10.39,15.21,5.41,0.0,19.51,38.39725785402992,42.61447621981
2014-05-03,10.44,15.1,5.96,0.0,25.27,38.39725785402992,42.61447621981
2014-05-04,11.5,16.07,6.72,0.0,27.47,38.39725785402992,42.61447621981
2014-05-05,15.21,20.29,9.82,0.0,26.33,38.39725785402992,42.61447621981
2014-05-06,16.09,21.27,12.01,0.05,23.18,38.39725785402992,42.61447621981
2014-05-07,15.31,17.62,12.46,0.12,16.06,38.39725785402992,42.61447621981
2014-05-08,15.31,20.56,10.66,0.79,17.16,38.39725785402992,42.61447621981
2014-05-09,14.36,17.93,11.91,5.44,9.64,38.39725785402992,42.61447621981
2014-05-10,13.76,17.11,10.57,3.17,19.01,38.39725785402992,42.61447621981
2014-05-11,14.22,18.95,10.42,0.09,28.85,38.39725785402992,42.61447621981
2014-05-12,12.84,17.43,9.09,1.47,21.27,38.39725785402992,42.61447621981
2014-05-13,11.51,15.74,8.36,3.81,14.8,38.39725785402992,42.61447621981
2014-05-14,11.23,15.31,7.44,0.92,17.93,38.39725785402992,42.61447621981
2014-05-15,12.77,17.28,7.18,0.07,25.56,38.39725785402992,42.61447621981
2014-05-16,16.33,20.11,11.77,0.0,27.54,38.39725785402992,42.61447621981
2014-05-17,18.1,22.21,14.15,0.0,26.75,38.39725785402992,42.61447621981
2014-05-18,16.2,20.64,9.59,0.02,29.12,38.39725785402992,42.61447621981
2014-05-19,12.63,17.17,8.81,4.68,27.53,38.39725785402992,42.61447621981
2014-05-20,10.03,13.49,6.83,0.25,18.53,38.39725785402992,42.61447621981
2014-05-21,10.69,13.74,7.61,0.84,19.4,38.39725785402992,42.61447621981
2014-05-22,11.51,15.5,7.86,3.95,16.72,38.39725785402992,42.61447621981
2014-05-23,13.32,17.17,7.97,1.52,21.94,38.39725785402992,42.61447621981
2014-05-24,15.55,20.16,10.84,8.83,15.19,38.39725785402992,42.61447621981
2014-05-25,14.68,19.3,10.09,1.12,25.05,38.39725785402992,42.61447621981
2014-05-26,13.56,17.4,9.35,2.21,21.76,38.39725785402992,42.61447621981
2014-05-27,14.11,18.49,9.62,0.81,24.12,38.39725785402992,42.61447621981
2014-05-28,13.46,17.37,8.33,0.43,24.78,38.39725785402992,42.61447621981
2014-05-29,15.87,19.61,11.87,0.33,25.86,38.39725785402992,42.61447621981
2014-05-30,17.54,21.86,12.96,0.17,28.65,38.39725785402992,42.61447621981
2014-05-31,19.45,24.2,15.23,1.23,29.04,38.39725785402992,42.61447621981
2014-06-01,18.2,23.9,11.89,0.56,28.19,38.39725785402992,42.61447621981
2014-06-02,15.35,20.54,11.28,1.27,23.56,38.39725785402992,42.61447621981
2014-06-03,12.79,16.88,8.72,1.41,26.91,38.39725785402992,42.61447621981
2014-06-04,14.03,19.17,7.27,0.05,26.73,38.39725785402992,42.61447621981
2014-06-05,14.21,20.45,10.25,0.3,15.52,38.39725785402992,42.61447621981
2014-06-06,16.03,21.78,10.87,3.41,24.1,38.39725785402992,42.61447621981
2014-06-07,15.21,20.75,10.1,0.07,29.12,38.39725785402992,42.61447621981
2014-06-08,16.31,21.62,10.73,0.35,27.08,38.39725785402992,42.61447621981
2014-06-09,17.86,22.97,12.77,0.01,31.65,38.39725785402992,42.61447621981
2014-06-10,20.03,25.35,14.46,0.5,30.96,38.39725785402992,42.61447621981
2014-06-11,19.63,24.32,13.71,0.22,30.58,38.39725785402992,42.61447621981
2014-06-12,14.35,17.88,10.14,5.2,17.07,38.39725785402992,42.61447621981
2014-06-13,13.03,18.25,7.71,0.23,30.95,38.39725785402992,42.61447621981
2014-06-14,16.76,22.41,10.15,0.0,31.49,38.39725785402992,42.61447621981
2014-06-15,19.54,23.91,14.98,0.0,29.46,38.39725785402992,42.61447621981
2014-06-16,19.89,24.19,15.02,0.02,28.84,38.39725785402992,42.61447621981
2014-06-17,20.65,26.25,14.46,0.31,26.79,38.39725785402992,42.61447621981
2014-06-18,19.99,25.7,12.84,0.07,30.72,38.39725785402992,42.61447621981
2014-06-19,22.29,27.89,15.15,0.01,30.48,38.39725785402992,42.61447621981
2014-06-20,23.39,28.56,17.36,0.0,31.95,38.39725785402992,42.61447621981
2014-06-21,20.26,26.59,14.09,0.0,32.88,38.39725785402992,42.61447621981
2014-06-22,19.71,25.71,14.17,0.0,32.82,38.39725785402992,42.61447621981
2014-06-23,19.34,25.65,11.61,0.0,31.74,38.39725785402992,42.61447621981
2014-06-24,20.86,27.0,13.62,0.0,28.44,38.39725785402992,42.61447621981
2014-06-25,21.59,26.93,15.09,0.59,27.78,38.39725785402992,42.61447621981
2014-06-26,21.45,26.4,15.95,0.13,31.1,38.39725785402992,42.61447621981
2014-06-27,20.84,27.16,13.85,0.0,31.87,38.39725785402992,42.61447621981
2014-06-28,22.71,28.88,15.44,0.02,29.6,38.39725785402992,42.61447621981
2014-06-29,22.99,28.74,17.48,0.05,31.37,38.39725785402992,42.61447621981
2014-06-30,22.78,28.63,16.56,0.0,31.7,38.39725785402992,42.61447621981
2014-07-01,24.01,29.09,18.14,0.0,31.81,38.39725785402992,42.61447621981
2014-07-02,23.3,28.9,17.14,0.0,30.57,38.39725785402992,42.61447621981
2014-07-03,22.69,28.41,17.16,0.0,29.94,38.39725785402992,42.61447621981
2014-07-04,22.56,28.32,16.12,0.76,27.75,38.39725785402992,42.61447621981
2014-07-05,20.75,25.21,18.29,4.44,18.0,38.39725785402992,42.61447621981
2014-07-06,23.13,28.33,18.55,0.14,26.77,38.39725785402992,42.61447621981
2014-07-07,23.2,28.36,19.24,0.02,31.18,38.39725785402992,42.61447621981
2014-07-08,21.26,27.44,14.31,0.07,28.91,38.39725785402992,42.61447621981
2014-07-09,22.08,28.34,15.62,0.01,29.21,38.39725785402992,42.61447621981
2014-07-10,23.12,28.62,18.05,0.0,31.18,38.39725785402992,42.61447621981
2014-07-11,24.09,29.46,17.09,0.0,31.27,38.39725785402992,42.61447621981
2014-07-12,26.2,31.8,19.13,0.0,30.57,38.39725785402992,42.61447621981
2014-07-13,26.93,32.21,22.01,0.08,30.1,38.39725785402992,42.61447621981
2014-07-14,25.08,31.17,17.83,0.08,29.86,38.39725785402992,42.61447621981
2014-07-15,25.12,31.52,18.13,0.0,29.53,38.39725785402992,42.61447621981
2014-07-16,26.67,32.49,21.54,0.0,30.97,38.39725785402992,42.61447621981
2014-07-17,27.17,33.62,21.24,0.0,31.41,38.39725785402992,42.61447621981
2014-07-18,26.24,33.74,19.57,0.0,31.65,38.39725785402992,42.61447621981
2014-07-19,25.14,32.54,17.76,0.0,31.38,38.39725785402992,42.61447621981
2014-07-20,24.41,31.12,17.93,0.0,30.67,38.39725785402992,42.61447621981
2014-07-21,20.58,25.61,16.66,2.74,21.85,38.39725785402992,42.61447621981
2014-07-22,21.25,26.35,15.86,0.84,22.62,38.39725785402992,42.61447621981
2014-07-23,23.27,27.76,18.19,0.08,27.24,38.39725785402992,42.61447621981
2014-07-24,24.53,29.59,18.05,0.0,29.9,38.39725785402992,42.61447621981
2014-07-25,26.67,32.82,21.58,0.0,29.84,38.39725785402992,42.61447621981
2014-07-26,26.29,32.46,20.29,0.0,27.95,38.39725785402992,42.61447621981
2014-07-27,23.15,28.96,18.14,0.0,28.68,38.39725785402992,42.61447621981
2014-07-28,22.85,28.38,16.75,0.15,26.95,38.39725785402992,42.61447621981
2014-07-29,23.56,28.93,17.4,0.17,27.65,38.39725785402992,42.61447621981
2014-07-30,25.33,30.57,20.29,0.07,26.66,38.39725785402992,42.61447621981
2014-07-31,25.13,30.82,19.02,0.03,28.94,38.39725785402992,42.61447621981
2014-08-01,26.6,32.46,21.95,0.0,29.6,38.39725785402992,42.61447621981
2014-08-02,26.61,32.95,19.99,0.0,29.47,38.39725785402992,42.61447621981
2014-08-03,26.4,32.51,20.81,0.0,28.63,38.39725785402992,42.61447621981
2014-08-04,25.17,31.38,19.7,0.15,27.52,38.39725785402992,42.61447621981
2014-08-05,22.19,27.17,18.3,2.24,25.63,38.39725785402992,42.61447621981
2014-08-06,20.92,25.49,16.11,0.4,22.31,38.39725785402992,42.61447621981
2014-08-07,23.14,28.7,18.65,0.0,27.8,38.39725785402992,42.61447621981
2014-08-08,24.44,30.82,19.67,0.0,28.91,38.39725785402992,42.61447621981
2014-08-09,25.47,32.48,20.08,0.0,29.24,38.39725785402992,42.61447621981
2014-08-10,23.92,30.88,16.74,0.0,29.19,38.39725785402992,42.61447621981
2014-08-11,24.18,30.28,16.4,0.0,28.57,38.39725785402992,42.61447621981
2014-08-12,24.48,30.97,17.21,0.0,27.89,38.39725785402992,42.61447621981
2014-08-13,24.8,30.58,17.91,0.0,26.2,38.39725785402992,42.61447621981
2014-08-14,25.37,31.76,18.52,0.0,27.25,38.39725785402992,42.61447621981
2014-08-15,25.86,32.55,18.94,0.0,27.26,38.39725785402992,42.61447621981
2014-08-16,26.52,32.49,20.83,0.0,24.89,38.39725785402992,42.61447621981
2014-08-17,25.83,32.83,18.96,0.0,24.51,38.39725785402992,42.61447621981
2014-08-18,24.85,30.44,19.43,0.0,24.03,38.39725785402992,42.61447621981
2014-08-19,25.73,31.79,20.52,0.0,20.44,38.39725785402992,42.61447621981
2014-08-20,24.87,30.13,21.04,1.5,22.83,38.39725785402992,42.61447621981
2014-08-21,23.64,29.62,19.11,0.01,26.56,38.39725785402992,42.61447621981
2014-08-22,24.09,30.0,17.2,0.0,25.47,38.39725785402992,42.61447621981
2014-08-23,24.57,30.15,17.96,0.02,23.25,38.39725785402992,42.61447621981
2014-08-24,25.48,31.19,20.13,0.0,23.58,38.39725785402992,42.61447621981
2014-08-25,25.67,30.81,20.8,0.0,25.03,38.39725785402992,42.61447621981
2014-08-26,26.07,31.2,20.14,0.0,22.74,38.39725785402992,42.61447621981
2014-08-27,25.98,31.28,20.6,0.0,23.47,38.39725785402992,42.61447621981
2014-08-28,26.41,31.98,22.41,0.0,24.41,38.39725785402992,42.61447621981
2014-08-29,25.56,30.77,20.95,0.0,25.26,38.39725785402992,42.61447621981
2014-08-30,23.94,30.96,17.52,0.0,24.43,38.39725785402992,42.61447621981
2014-08-31,23.78,30.06,17.95,0.0,24.78,38.39725785402992,42.61447621981
2014-09-01,24.49,30.25,20.32,0.0,25.49,38.39725785402992,42.61447621981
2014-09-02,24.12,30.28,18.7,0.0,24.98,38.39725785402992,42.61447621981
2014-09-03,23.79,29.6,19.66,0.0,22.99,38.39725785402992,42.61447621981
2014-09-04,23.16,28.77,18.33,0.0,23.24,38.39725785402992,42.61447621981
2014-09-05,22.51,27.48,17.43,0.0,22.73,38.39725785402992,42.61447621981
2014-09-06,23.03,28.0,18.37,0.1,21.08,38.39725785402992,42.61447621981
2014-09-07,21.28,27.11,16.56,0.02,23.53,38.39725785402992,42.61447621981
2014-09-08,20.38,26.74,16.01,0.0,24.36,38.39725785402992,42.61447621981
2014-09-09,19.88,26.07,15.28,0.0,24.09,38.39725785402992,42.61447621981
2014-09-10,20.45,26.81,15.73,0.0,23.68,38.39725785402992,42.61447621981
2014-09-11,20.34,26.9,15.68,0.0,23.61,38.39725785402992,42.61447621981
2014-09-12,20.65,26.97,16.01,0.0,23.75,38.39725785402992,42.61447621981
2014-09-13,19.8,26.66,13.45,0.0,23.06,38.39725785402992,42.61447621981
2014-09-14,20.16,25.37,15.81,0.0,20.5,38.39725785402992,42.61447621981
2014-09-15,19.23,25.35,14.42,0.0,21.86,38.39725785402992,42.61447621981
2014-09-16,18.21,23.43,14.32,0.32,20.21,38.39725785402992,42.61447621981
2014-09-17,17.94,22.97,13.31,0.06,16.63,38.39725785402992,42.61447621981
2014-09-18,16.16,20.87,11.77,0.0,18.21,38.39725785402992,42.61447621981
2014-09-19,17.58,23.16,12.67,0.0,20.08,38.39725785402992,42.61447621981
2014-09-20,16.58,21.26,12.09,0.57,13.31,38.39725785402992,42.61447621981
2014-09-21,16.49,22.49,11.54,0.11,20.01,38.39725785402992,42.61447621981
2014-09-22,15.76,21.05,11.94,0.0,20.83,38.39725785402992,42.61447621981
2014-09-23,14.76,20.49,10.28,0.0,19.96,38.39725785402992,42.61447621981
2014-09-24,14.63,19.03,10.55,1.11,11.92,38.39725785402992,42.61447621981
2014-09-25,13.96,19.88,10.05,0.01,20.78,38.39725785402992,42.61447621981
2014-09-26,12.81,19.18,7.44,0.05,21.57,38.39725785402992,42.61447621981
2014-09-27,14.51,20.38,9.91,0.04,20.66,38.39725785402992,42.61447621981
2014-09-28,13.25,18.95,9.56,41.61,10.06,38.39725785402992,42.61447621981
2014-09-29,12.61,17.09,9.16,3.18,17.22,38.39725785402992,42.61447621981
2014-09-30,12.12,16.44,9.01,1.12,15.7,38.39725785402992,42.61447621981
2014-10-01,12.78,17.35,9.28,0.38,19.12,38.39725785402992,42.61447621981
2014-10-02,14.65,19.39,10.62,0.76,11.8,38.39725785402992,42.61447621981
2014-10-03,15.21,20.11,10.7,0.91,15.34,38.39725785402992,42.61447621981
2014-10-04,13.35,17.68,9.96,9.53,13.23,38.39725785402992,42.61447621981
2014-10-05,12.36,16.91,8.14,0.01,15.8,38.39725785402992,42.61447621981
2014-10-06,13.47,19.17,9.84,0.02,18.2,38.39725785402992,42.61447621981
2014-10-07,13.12,17.92,9.84,0.02,15.96,38.39725785402992,42.61447621981
2014-10-08,12.86,17.27,8.32,0.12,15.67,38.39725785402992,42.61447621981
2014-10-09,13.82,17.86,10.94,0.08,15.75,38.39725785402992,42.61447621981
2014-10-10,14.37,18.74,10.56,0.01,15.29,38.39725785402992,42.61447621981
2014-10-11,13.55,16.52,11.23,0.04,14.06,38.39725785402992,42.61447621981
2014-10-12,13.71,17.15,11.2,1.01,11.98,38.39725785402992,42.61447621981
2014-10-13,12.22,16.79,8.35,1.14,12.26,38.39725785402992,42.61447621981
2014-10-14,12.37,16.24,9.1,0.89,9.89,38.39725785402992,42.61447621981
2014-10-15,11.45,15.65,8.69,5.93,9.15,38.39725785402992,42.61447621981
2014-10-16,9.73,13.61,6.49,2.89,9.84,38.39725785402992,42.61447621981
2014-10-17,8.64,11.17,6.42,0.8,9.01,38.39725785402992,42.61447621981
2014-10-18,7.98,11.97,6.35,6.42,7.46,38.39725785402992,42.61447621981
2014-10-19,5.39,7.47,1.51,25.07,3.44,38.39725785402992,42.61447621981
2014-10-20,2.67,4.21,1.37,6.34,6.64,38.39725785402992,42.61447621981
2014-10-21,6.32,10.97,2.79,0.92,10.01,38.39725785402992,42.61447621981
2014-10-22,6.63,12.03,3.53,0.0,13.5,38.39725785402992,42.61447621981
2014-10-23,7.21,10.99,4.48,0.0,11.0,38.39725785402992,42.61447621981
2014-10-24,8.37,13.69,4.45,0.0,14.98,38.39725785402992,42.61447621981
2014-10-25,8.48,13.78,5.1,0.09,13.41,38.39725785402992,42.61447621981
2014-10-26,9.12,13.14,5.88,0.42,12.87,38.39725785402992,42.61447621981
2014-10-27,9.36,12.4,6.97,0.4,10.93,38.39725785402992,42.61447621981
2014-10-28,9.03,13.12,5.89,0.0,12.96,38.39725785402992,42.61447621981
2014-10-29,8.91,12.03,5.86,0.0,13.4,38.39725785402992,42.61447621981
2014-10-30,9.16,13.14,5.52,0.02,12.93,38.39725785402992,42.61447621981
2014-10-31,6.79,9.61,4.2,5.19,2.01,38.39725785402992,42.61447621981
2014-11-01,4.55,6.86,3.13,7.04,7.48,38.39725785402992,42.61447621981
2014-11-02,3.19,6.46,0.17,3.24,6.62,38.39725785402992,42.61447621981
2014-11-03,-1.11,2.22,-3.9,0.49,10.5,38.39725785402992,42.61447621981
2014-11-04,-1.41,2.93,-4.02,0.15,8.98,38.39725785402992,42.61447621981
2014-11-05,-0.77,3.58,-4.02,0.0,11.38,38.39725785402992,42.61447621981
2014-11-06,1.55,6.35,-1.83,0.0,11.61,38.39725785402992,42.61447621981
2014-11-07,3.39,8.84,-1.04,0.0,12.21,38.39725785402992,42.61447621981
2014-11-08,5.4,10.28,2.48,0.0,12.6,38.39725785402992,42.61447621981
2014-11-09,5.16,10.21,1.82,0.0,12.66,38.39725785402992,42.61447621981
2014-11-10,5.26,10.66,1.66,0.0,12.0,38.39725785402992,42.61447621981
2014-11-11,5.97,11.87,2.13,0.0,11.03,38.39725785402992,42.61447621981
2014-11-12,5.75,11.46,1.73,0.0,11.94,38.39725785402992,42.61447621981
2014-11-13,4.84,9.65,1.75,0.0,11.93,38.39725785402992,42.61447621981
2014-11-14,4.2,8.38,0.88,0.01,7.62,38.39725785402992,42.61447621981
2014-11-15,5.19,9.48,1.65,0.24,7.96,38.39725785402992,42.61447621981
2014-11-16,4.58,8.7,1.26,3.09,2.91,38.39725785402992,42.61447621981
2014-11-17,4.23,8.53,1.06,2.99,4.26,38.39725785402992,42.61447621981
2014-11-18,4.87,8.33,2.4,0.12,9.71,38.39725785402992,42.61447621981
2014-11-19,5.17,9.19,2.6,0.0,11.0,38.39725785402992,42.61447621981
2014-11-20,4.45,8.86,0.89,0.0,10.38,38.39725785402992,42.61447621981
2014-11-21,3.59,7.92,0.52,9.58,9.81,38.39725785402992,42.61447621981
2014-11-22,0.13,1.71,-2.23,10.5,4.83,38.39725785402992,42.61447621981
2014-11-23,-0.14,3.78,-2.7,0.68,6.3,38.39725785402992,42.61447621981
2014-11-24,-0.1,1.38,-1.26,1.32,4.53,38.39725785402992,42.61447621981
2014-11-25,0.63,3.69,-1.13,0.36,6.54,38.39725785402992,42.61447621981
2014-11-26,0.81,3.73,-0.91,7.06,4.43,38.39725785402992,42.61447621981
2014-11-27,-0.09,2.39,-1.88,7.17,2.75,38.39725785402992,42.61447621981
2014-11-28,-1.1,1.87,-3.55,0.47,5.4,38.39725785402992,42.61447621981
2014-11-29,-1.4,1.71,-3.65,0.03,7.74,38.39725785402992,42.61447621981
2014-11-30,-0.34,3.6,-2.37,0.05,7.99,38.39725785402992,42.61447621981
2014-12-01,-1.1,1.17,-2.64,2.01,2.4,38.39725785402992,42.61447621981
2014-12-02,-1.14,2.14,-3.09,2.0,6.0,38.39725785402992,42.61447621981
2014-12-03,0.08,1.89,-1.19,3.39,2.35,38.39725785402992,42.61447621981
2014-12-04,1.02,5.04,-2.02,0.0,8.55,38.39725785402992,42.61447621981
2014-12-05,1.39,3.81,-0.37,0.27,6.66,38.39725785402992,42.61447621981
2014-12-06,1.45,6.07,-1.58,0.06,7.87,38.39725785402992,42.61447621981
2014-12-07,3.31,7.15,0.99,0.62,5.88,38.39725785402992,42.61447621981
2014-12-08,2.81,5.83,0.5,5.03,2.51,38.39725785402992,42.61447621981
2014-12-09,4.17,8.17,1.88,0.14,7.81,38.39725785402992,42.61447621981
2014-12-10,1.98,5.61,-0.12,5.05,2.09,38.39725785402992,42.61447621981
2014-12-11,1.55,6.19,-1.06,0.04,8.37,38.39725785402992,42.61447621981
2014-12-12,1.92,5.31,-1.0,0.0,6.23,38.39725785402992,42.61447621981
2014-12-13,0.86,3.14,-0.57,12.6,2.4,38.39725785402992,42.61447621981
2014-12-14,0.67,4.09,-1.65,7.25,4.71,38.39725785402992,42.61447621981
2014-12-15,-1.64,0.75,-3.69,5.58,4.64,38.39725785402992,42.61447621981
2014-12-16,-2.04,1.95,-4.55,2.1,8.12,38.39725785402992,42.61447621981
2014-12-17,-0.7,3.94,-3.4,0.0,8.89,38.39725785402992,42.61447621981
2014-12-18,-0.39,2.7,-3.89,0.0,7.26,38.39725785402992,42.61447621981
2014-12-19,-1.83,1.1,-4.29,1.29,5.9,38.39725785402992,42.61447621981
2014-12-20,-1.19,1.43,-3.56,1.33,5.64,38.39725785402992,42.61447621981
2014-12-21,-2.33,1.58,-5.72,0.0,8.58,38.39725785402992,42.61447621981
2014-12-22,-2.41,1.38,-5.08,4.15,7.39,38.39725785402992,42.61447621981
2014-12-23,-3.94,-1.85,-6.74,9.79,3.34,38.39725785402992,42.61447621981
2014-12-24,-5.51,0.39,-8.42,0.18,6.82,38.39725785402992,42.61447621981
2014-12-25,-4.47,1.68,-8.75,0.0,8.37,38.39725785402992,42.61447621981
2014-12-26,-4.58,1.18,-7.77,0.0,8.08,38.39725785402992,42.61447621981
2014-12-27,-3.45,1.52,-7.59,0.14,3.99,38.39725785402992,42.61447621981
2014-12-28,-1.06,2.08,-3.27,0.48,5.38,38.39725785402992,42.61447621981
2014-12-29,-0.39,2.89,-2.5,0.02,6.56,38.39725785402992,42.61447621981
2014-12-30,-0.02,3.31,-2.12,0.02,6.04,38.39725785402992,42.61447621981
2014-12-31,-0.63,3.14,-3.02,0.0,8.88,38.39725785402992,42.61447621981
2015-01-01,-1.47,1.56,-3.32,0.37,7.25,38.39725785402992,42.61447621981
2015-01-02,-1.23,1.07,-2.69,2.71,3.42,38.39725785402992,42.61447621981
2015-01-03,-1.41,0.64,-2.75,4.04,4.43,38.39725785402992,42.61447621981
2015-01-04,-3.57,-1.02,-6.16,2.02,8.34,38.39725785402992,42.61447621981
2015-01-05,-3.32,0.18,-7.67,5.65,6.05,38.39725785402992,42.61447621981
2015-01-06,-1.43,0.73,-2.53,6.88,8.23,38.39725785402992,42.61447621981
2015-01-07,-4.53,-2.3,-7.43,6.56,7.76,38.39725785402992,42.61447621981
2015-01-08,-9.29,-7.62,-13.2,5.31,4.42,38.39725785402992,42.61447621981
2015-01-09,-13.03,-8.7,-19.08,1.89,7.79,38.39725785402992,42.61447621981
2015-01-10,-15.75,-7.92,-20.97,0.15,8.85,38.39725785402992,42.61447621981
2015-01-11,-14.31,-6.85,-19.33,0.31,9.45,38.39725785402992,42.61447621981
2015-01-12,-10.61,-3.07,-15.26,0.0,10.08,38.39725785402992,42.61447621981
2015-01-13,-6.72,-0.17,-13.04,0.0,10.89,38.39725785402992,42.61447621981
2015-01-14,-4.39,0.19,-9.51,0.0,10.11,38.39725785402992,42.61447621981
2015-01-15,-4.02,0.57,-8.59,1.31,9.59,38.39725785402992,42.61447621981
2015-01-16,-6.0,-2.27,-9.48,3.78,5.14,38.39725785402992,42.61447621981
2015-01-17,-7.97,-2.7,-11.54,0.35,9.85,38.39725785402992,42.61447621981
2015-01-18,-9.69,-3.13,-14.41,0.0,10.65,38.39725785402992,42.61447621981
2015-01-19,-8.82,-1.65,-14.77,0.0,10.95,38.39725785402992,42.61447621981
2015-01-20,-4.68,0.48,-9.98,0.0,11.34,38.39725785402992,42.61447621981
2015-01-21,-1.97,2.26,-5.9,0.01,10.54,38.39725785402992,42.61447621981
2015-01-22,-4.38,0.45,-8.44,0.02,11.56,38.39725785402992,42.61447621981
2015-01-23,-4.8,0.88,-10.73,0.01,11.71,38.39725785402992,42.61447621981
2015-01-24,-3.03,2.21,-7.09,0.0,11.55,38.39725785402992,42.61447621981
2015-01-25,-1.91,3.08,-6.03,0.0,10.76,38.39725785402992,42.61447621981
2015-01-26,-1.01,3.45,-5.21,0.09,11.53,38.39725785402992,42.61447621981
2015-01-27,-0.31,3.2,-2.67,0.02,11.68,38.39725785402992,42.61447621981
2015-01-28,-1.11,3.29,-3.75,9.3,8.76,38.39725785402992,42.61447621981
2015-01-29,-2.72,0.78,-5.55,2.48,11.36,38.39725785402992,42.61447621981
2015-01-30,-2.89,1.31,-6.38,0.03,11.31,38.39725785402992,42.61447621981
2015-01-31,-2.99,1.63,-7.57,0.0,10.27,38.39725785402992,42.61447621981
2015-02-01,-1.61,2.46,-4.51,0.0,7.46,38.39725785402992,42.61447621981
2015-02-02,0.51,5.35,-2.61,0.0,11.34,38.39725785402992,42.61447621981
2015-02-03,0.86,5.23,-1.94,0.05,10.85,38.39725785402992,42.61447621981
2015-02-04,-0.22,2.51,-2.1,7.56,7.14,38.39725785402992,42.61447621981
2015-02-05,-1.36,2.92,-4.2,0.33,12.43,38.39725785402992,42.61447621981
2015-02-06,-0.48,4.94,-4.68,0.0,11.84,38.39725785402992,42.61447621981
2015-02-07,0.54,4.11,-2.35,0.06,12.06,38.39725785402992,42.61447621981
2015-02-08,0.14,2.2,-1.51,0.49,8.24,38.39725785402992,42.61447621981
2015-02-09,-0.03,2.12,-1.61,5.11,4.98,38.39725785402992,42.61447621981
2015-02-10,-1.08,1.27,-3.3,6.98,7.75,38.39725785402992,42.61447621981
2015-02-11,-1.29,1.63,-3.5,2.25,6.05,38.39725785402992,42.61447621981
2015-02-12,-3.55,-2.25,-4.86,2.49,8.6,38.39725785402992,42.61447621981
2015-02-13,-3.7,-1.51,-5.88,3.44,7.6,38.39725785402992,42.61447621981
2015-02-14,-3.27,-2.2,-4.41,3.63,9.8,38.39725785402992,42.61447621981
2015-02-15,-3.87,-1.91,-5.7,5.27,7.07,38.39725785402992,42.61447621981
2015-02-16,-3.61,-1.36,-5.61,0.41,10.42,38.39725785402992,42.61447621981
2015-02-17,-3.89,-0.64,-6.46,2.28,9.53,38.39725785402992,42.61447621981
2015-02-18,-3.17,-0.1,-5.99,4.25,10.61,38.39725785402992,42.61447621981
2015-02-19,-2.79,0.21,-5.71,5.04,11.12,38.39725785402992,42.61447621981
2015-02-20,-2.25,1.08,-4.51,6.03,6.55,38.39725785402992,42.61447621981
2015-02-21,-6.01,-3.28,-9.33,1.57,8.93,38.39725785402992,42.61447621981
2015-02-22,-4.82,0.4,-9.78,0.0,12.36,38.39725785402992,42.61447621981
2015-02-23,-2.63,1.21,-6.0,0.0,14.69,38.39725785402992,42.61447621981
2015-02-24,-0.71,2.84,-4.29,0.0,13.32,38.39725785402992,42.61447621981
2015-02-25,-1.33,0.09,-2.84,0.64,7.68,38.39725785402992,42.61447621981
2015-02-26,-0.33,3.89,-3.27,0.01,14.64,38.39725785402992,42.61447621981
2015-02-27,1.79,6.78,-2.78,0.0,16.2,38.39725785402992,42.61447621981
2015-02-28,2.19,6.75,-1.38,0.49,15.09,38.39725785402992,42.61447621981
2015-03-01,0.88,3.14,-1.36,0.11,13.89,38.39725785402992,42.61447621981
2015-03-02,0.83,1.82,-0.6,0.29,15.01,38.39725785402992,42.61447621981
2015-03-03,-0.1,1.29,-1.74,3.38,13.45,38.39725785402992,42.61447621981
2015-03-04,-0.94,0.58,-3.15,2.8,12.24,38.39725785402992,42.61447621981
2015-03-05,-3.75,-1.34,-5.48,0.23,10.37,38.39725785402992,42.61447621981
2015-03-06,-0.4,4.57,-5.76,0.0,14.89,38.39725785402992,42.61447621981
2015-03-07,4.07,8.94,0.48,0.0,13.07,38.39725785402992,42.61447621981
2015-03-08,3.8,8.23,0.58,0.0,16.61,38.39725785402992,42.61447621981
2015-03-09,3.73,8.1,0.21,0.0,18.79,38.39725785402992,42.61447621981
2015-03-10,2.73,6.49,0.01,0.0,18.37,38.39725785402992,42.61447621981
2015-03-11,5.8,12.02,0.5,0.0,16.66,38.39725785402992,42.61447621981
2015-03-12,5.98,12.4,-0.28,1.78,13.2,38.39725785402992,42.61447621981
2015-03-13,2.6,7.22,-1.21,2.42,15.57,38.39725785402992,42.61447621981
2015-03-14,4.43,8.7,0.52,1.57,14.22,38.39725785402992,42.61447621981
2015-03-15,4.57,7.88,2.19,0.94,17.43,38.39725785402992,42.61447621981
2015-03-16,1.13,3.55,-1.47,5.33,6.9,38.39725785402992,42.61447621981
2015-03-17,0.08,2.56,-1.56,4.17,8.94,38.39725785402992,42.61447621981
2015-03-18,1.96,5.73,-0.92,0.0,13.62,38.39725785402992,42.61447621981
2015-03-19,4.22,9.09,0.38,0.05,18.49,38.39725785402992,42.61447621981
2015-03-20,1.37,4.14,-0.44,5.86,12.0,38.39725785402992,42.61447621981
2015-03-21,-0.24,2.21,-1.9,4.39,16.25,38.39725785402992,42.61447621981
2015-03-22,-1.63,0.19,-4.51,7.24,10.27,38.39725785402992,42.61447621981
2015-03-23,-0.87,3.71,-4.78,0.44,13.94,38.39725785402992,42.61447621981
2015-03-24,-0.51,2.01,-2.24,3.1,6.83,38.39725785402992,42.61447621981
2015-03-25,0.94,2.55,-1.09,6.06,11.0,38.39725785402992,42.61447621981
2015-03-26,1.91,6.26,-2.17,0.0,15.87,38.39725785402992,42.61447621981
2015-03-27,4.89,10.19,0.43,0.98,17.92,38.39725785402992,42.61447621981
2015-03-28,5.06,9.27,1.72,0.67,15.46,38.39725785402992,42.61447621981
2015-03-29,5.47,11.06,0.25,13.38,12.28,38.39725785402992,42.61447621981
2015-03-30,3.02,5.86,0.82,15.56,10.66,38.39725785402992,42.61447621981
2015-03-31,2.74,6.43,-0.53,0.32,13.2,38.39725785402992,42.61447621981
2015-04-01,3.57,7.24,0.9,0.18,17.32,38.39725785402992,42.61447621981
2015-04-02,4.39,8.54,0.96,0.38,10.57,38.39725785402992,42.61447621981
2015-04-03,4.7,8.6,1.33,0.53,15.19,38.39725785402992,42.61447621981
2015-04-04,4.73,7.54,2.19,2.97,12.11,38.39725785402992,42.61447621981
2015-04-05,4.52,10.72,-0.36,0.0,21.5,38.39725785402992,42.61447621981
2015-04-06,6.08,10.92,0.59,0.0,20.98,38.39725785402992,42.61447621981
2015-04-07,8.29,12.84,4.03,0.03,21.69,38.39725785402992,42.61447621981
2015-04-08,8.24,12.38,5.19,2.72,18.54,38.39725785402992,42.61447621981
2015-04-09,10.56,16.04,4.65,3.04,21.05,38.39725785402992,42.61447621981
2015-04-10,7.58,11.02,2.65,2.93,15.7,38.39725785402992,42.61447621981
2015-04-11,4.02,9.1,0.99,2.11,15.08,38.39725785402992,42.61447621981
2015-04-12,3.75,7.49,-0.24,5.09,18.46,38.39725785402992,42.61447621981
2015-04-13,0.77,2.08,-0.57,8.95,10.07,38.39725785402992,42.61447621981
2015-04-14,0.72,3.0,-0.97,2.24,11.21,38.39725785402992,42.61447621981
2015-04-15,3.08,7.97,-1.02,0.06,21.25,38.39725785402992,42.61447621981
2015-04-16,6.37,11.15,0.92,0.0,23.96,38.39725785402992,42.61447621981
2015-04-17,8.03,12.42,4.05,0.0,25.96,38.39725785402992,42.61447621981
2015-04-18,8.65,13.26,5.22,0.0,23.32,38.39725785402992,42.61447621981
2015-04-19,8.58,12.44,4.59,0.15,24.69,38.39725785402992,42.61447621981
2015-04-20,7.15,9.18,4.5,0.36,16.48,38.39725785402992,42.61447621981
2015-04-21,7.61,10.87,3.79,3.9,16.32,38.39725785402992,42.61447621981
2015-04-22,4.94,7.74,2.34,4.79,16.18,38.39725785402992,42.61447621981
2015-04-23,4.06,7.2,0.9,6.79,16.13,38.39725785402992,42.61447621981
2015-04-24,0.14,1.46,-3.39,12.7,10.33,38.39725785402992,42.61447621981
2015-04-25,2.52,8.19,-3.97,0.07,21.55,38.39725785402992,42.61447621981
2015-04-26,7.07,11.06,2.59,0.0,22.02,38.39725785402992,42.61447621981
2015-04-27,8.38,12.24,4.51,0.01,23.33,38.39725785402992,42.61447621981
2015-04-28,10.16,14.72,5.95,0.01,25.54,38.39725785402992,42.61447621981
2015-04-29,11.94,17.11,7.13,0.0,24.29,38.39725785402992,42.61447621981
2015-04-30,12.54,17.45,8.48,0.0,25.11,38.39725785402992,42.61447621981
2015-05-01,12.35,17.5,7.15,0.05,28.33,38.39725785402992,42.61447621981
2015-05-02,10.26,15.79,3.85,1.69,25.45,38.39725785402992,42.61447621981
2015-05-03,10.09,15.42,4.47,0.01,24.45,38.39725785402992,42.61447621981
2015-05-04,9.0,11.31,5.65,8.06,11.52,38.39725785402992,42.61447621981
2015-05-05,8.63,13.63,3.85,7.34,22.97,38.39725785402992,42.61447621981
2015-05-06,9.95,13.53,5.06,1.91,20.88,38.39725785402992,42.61447621981
2015-05-07,8.69,13.74,2.95,0.16,27.0,38.39725785402992,42.61447621981
2015-05-08,11.8,16.77,7.11,0.0,28.11,38.39725785402992,42.61447621981
2015-05-09,12.52,16.45,8.65,0.29,20.46,38.39725785402992,42.61447621981
2015-05-10,9.81,12.15,7.74,2.8,14.23,38.39725785402992,42.61447621981
2015-05-11,9.83,12.6,6.94,2.31,18.37,38.39725785402992,42.61447621981
2015-05-12,10.1,12.77,7.67,4.92,10.16,38.39725785402992,42.61447621981
2015-05-13,11.54,14.93,7.18,3.62,23.92,38.39725785402992,42.61447621981
2015-05-14,7.79,13.15,2.98,5.08,11.09,38.39725785402992,42.61447621981
2015-05-15,8.44,11.65,5.03,3.76,19.91,38.39725785402992,42.61447621981
2015-05-16,11.94,16.6,6.62,0.0,29.76,38.39725785402992,42.61447621981
2015-05-17,12.88,16.73,9.27,0.04,24.98,38.39725785402992,42.61447621981
2015-05-18,13.49,18.55,8.36,0.0,28.87,38.39725785402992,42.61447621981
2015-05-19,14.99,19.74,9.34,0.0,29.85,38.39725785402992,42.61447621981
2015-05-20,16.96,21.67,10.56,0.0,28.56,38.39725785402992,42.61447621981
2015-05-21,19.13,23.08,14.93,0.0,26.77,38.39725785402992,42.61447621981
2015-05-22,12.52,15.36,10.55,1.35,7.09,38.39725785402992,42.61447621981
2015-05-23,13.74,18.23,9.25,0.69,22.84,38.39725785402992,42.61447621981
2015-05-24,13.74,16.86,10.57,1.56,19.98,38.39725785402992,42.61447621981
2015-05-25,14.08,17.38,10.66,0.68,21.7,38.39725785402992,42.61447621981
2015-05-26,14.96,19.54,9.83,0.07,26.75,38.39725785402992,42.61447621981
2015-05-27,15.52,20.03,11.49,0.12,21.02,38.39725785402992,42.61447621981
2015-05-28,15.36,20.7,10.2,0.8,22.33,38.39725785402992,42.61447621981
2015-05-29,14.75,20.13,9.71,0.04,29.88,38.39725785402992,42.61447621981
2015-05-30,14.57,20.09,8.65,0.0,27.18,38.39725785402992,42.61447621981
2015-05-31,14.66,20.04,8.87,0.0,31.07,38.39725785402992,42.61447621981
2015-06-01,17.02,21.58,12.31,0.01,25.45,38.39725785402992,42.61447621981
2015-06-02,18.5,22.45,14.21,0.55,13.35,38.39725785402992,42.61447621981
2015-06-03,19.51,25.44,14.33,0.86,25.02,38.39725785402992,42.61447621981
2015-06-04,17.72,22.97,11.78,0.01,30.87,38.39725785402992,42.61447621981
2015-06-05,17.71,23.13,14.55,0.08,18.75,38.39725785402992,42.61447621981
2015-06-06,18.4,23.55,14.03,0.0,31.58,38.39725785402992,42.61447621981
2015-06-07,19.06,23.7,13.68,0.0,30.63,38.39725785402992,42.61447621981
2015-06-08,19.38,24.89,13.74,0.0,30.61,38.39725785402992,42.61447621981
2015-06-09,19.7,24.44,14.23,0.0,30.34,38.39725785402992,42.61447621981
2015-06-10,19.74,25.39,13.83,0.0,30.0,38.39725785402992,42.61447621981
2015-06-11,18.19,23.5,13.44,0.0,31.98,38.39725785402992,42.61447621981
2015-06-12,18.12,23.02,13.46,0.13,31.94,38.39725785402992,42.61447621981
2015-06-13,20.24,25.65,13.97,0.0,31.56,38.39725785402992,42.61447621981
2015-06-14,21.14,25.82,17.22,0.0,31.7,38.39725785402992,42.61447621981
2015-06-15,20.05,24.65,15.8,0.03,31.12,38.39725785402992,42.61447621981
2015-06-16,18.65,22.64,15.07,5.18,20.95,38.39725785402992,42.61447621981
2015-06-17,18.18,21.1,14.96,1.16,21.41,38.39725785402992,42.61447621981
2015-06-18,20.22,23.97,16.29,0.45,26.6,38.39725785402992,42.61447621981
2015-06-19,19.63,24.75,14.75,0.0,26.84,38.39725785402992,42.61447621981
2015-06-20,20.17,26.21,15.28,0.02,27.62,38.39725785402992,42.61447621981
2015-06-21,20.43,25.62,15.97,0.0,31.17,38.39725785402992,42.61447621981
2015-06-22,22.2,27.54,16.15,0.0,31.54,38.39725785402992,42.61447621981
2015-06-23,23.71,29.39,16.99,0.0,31.36,38.39725785402992,42.61447621981
2015-06-24,23.76,29.63,17.72,0.01,30.43,38.39725785402992,42.61447621981
2015-06-25,22.93,27.47,19.34,0.16,30.56,38.39725785402992,42.61447621981
2015-06-26,20.6,24.98,16.89,0.99,25.55,38.39725785402992,42.61447621981
2015-06-27,19.24,22.52,16.01,0.86,23.16,38.39725785402992,42.61447621981
2015-06-28,19.78,24.97,14.52,0.02,28.49,38.39725785402992,42.61447621981
2015-06-29,21.19,27.52,15.79,0.0,30.63,38.39725785402992,42.61447621981
2015-06-30,21.97,28.01,16.67,0.0,32.08,38.39725785402992,42.61447621981
2015-07-01,23.27,30.3,15.91,0.0,32.6,38.39725785402992,42.61447621981
2015-07-02,25.21,32.21,17.83,0.0,31.44,38.39725785402992,42.61447621981
2015-07-03,24.92,30.63,19.95,0.0,31.61,38.39725785402992,42.61447621981
2015-07-04,24.24,30.82,15.55,0.0,30.68,38.39725785402992,42.61447621981
2015-07-05,26.12,32.43,20.1,0.0,30.43,38.39725785402992,42.61447621981
2015-07-06,26.3,32.4,22.2,0.0,29.3,38.39725785402992,42.61447621981
2015-07-07,24.31,31.03,16.84,0.0,30.24,38.39725785402992,42.61447621981
2015-07-08,25.21,32.1,17.5,0.0,30.54,38.39725785402992,42.61447621981
2015-07-09,25.88,32.04,19.68,0.0,30.86,38.39725785402992,42.61447621981
2015-07-10,24.91,32.16,19.33,0.0,31.95,38.39725785402992,42.61447621981
2015-07-11,23.87,31.24,16.27,0.0,31.42,38.39725785402992,42.61447621981
2015-07-12,24.62,32.17,16.9,0.0,31.2,38.39725785402992,42.61447621981
2015-07-13,24.37,29.82,20.05,0.05,30.52,38.39725785402992,42.61447621981
2015-07-14,23.44,29.18,17.64,0.0,30.33,38.39725785402992,42.61447621981
2015-07-15,23.98,29.39,19.87,0.99,23.91,38.39725785402992,42.61447621981
2015-07-16,24.74,29.86,18.96,0.1,23.12,38.39725785402992,42.61447621981
2015-07-17,24.85,31.66,18.9,0.05,25.98,38.39725785402992,42.61447621981
2015-07-18,22.04,27.61,17.41,0.01,29.1,38.39725785402992,42.61447621981
2015-07-19,20.86,26.31,15.65,0.02,30.7,38.39725785402992,42.61447621981
2015-07-20,20.74,26.86,15.46,0.0,31.14,38.39725785402992,42.61447621981
2015-07-21,22.75,29.1,15.72,0.01,30.58,38.39725785402992,42.61447621981
2015-07-22,24.31,30.59,16.92,0.0,29.31,38.39725785402992,42.61447621981
2015-07-23,25.01,30.76,19.41,0.0,27.46,38.39725785402992,42.61447621981
2015-07-24,26.46,31.24,21.91,0.0,27.32,38.39725785402992,42.61447621981
2015-07-25,26.66,31.93,21.63,0.0,27.41,38.39725785402992,42.61447621981
2015-07-26,25.26,31.07,19.96,0.0,29.02,38.39725785402992,42.61447621981
2015-07-27,24.03,29.81,18.65,0.0,29.46,38.39725785402992,42.61447621981
2015-07-28,25.21,30.6,20.95,0.0,29.41,38.39725785402992,42.61447621981
2015-07-29,26.49,32.01,20.1,0.0,26.87,38.39725785402992,42.61447621981
2015-07-30,27.31,32.61,21.88,0.1,26.11,38.39725785402992,42.61447621981
2015-07-31,26.25,32.52,21.39,0.29,22.68,38.39725785402992,42.61447621981
2015-08-01,26.29,32.04,21.49,0.0,28.2,38.39725785402992,42.61447621981
2015-08-02,26.41,31.85,22.45,0.0,28.16,38.39725785402992,42.61447621981
2015-08-03,27.25,33.38,21.2,0.0,29.07,38.39725785402992,42.61447621981
2015-08-04,27.06,32.54,22.42,0.0,28.09,38.39725785402992,42.61447621981
2015-08-05,26.81,32.24,22.13,0.0,27.63,38.39725785402992,42.61447621981
2015-08-06,26.57,32.29,22.33,0.0,28.04,38.39725785402992,42.61447621981
2015-08-07,25.9,30.7,21.48,0.06,23.46,38.39725785402992,42.61447621981
2015-08-08,25.47,31.04,20.35,0.03,26.59,38.39725785402992,42.61447621981
2015-08-09,25.27,30.93,19.37,0.02,25.37,38.39725785402992,42.61447621981
2015-08-10,25.71,31.5,18.91,0.0,25.75,38.39725785402992,42.61447621981
2015-08-11,27.49,33.39,22.52,0.0,27.8,38.39725785402992,42.61447621981
2015-08-12,27.65,33.78,23.08,0.0,27.49,38.39725785402992,42.61447621981
2015-08-13,27.71,34.01,22.44,0.0,27.57,38.39725785402992,42.61447621981
2015-08-14,27.6,33.38,23.21,0.0,27.17,38.39725785402992,42.61447621981
2015-08-15,27.09,33.26,21.09,0.0,27.67,38.39725785402992,42.61447621981
2015-08-16,24.82,30.97,19.81,0.0,27.4,38.39725785402992,42.61447621981
2015-08-17,23.97,30.12,18.89,0.25,26.7,38.39725785402992,42.61447621981
2015-08-18,25.07,30.62,20.7,0.0,25.81,38.39725785402992,42.61447621981
2015-08-19,26.02,32.21,21.21,0.0,27.34,38.39725785402992,42.61447621981
2015-08-20,27.28,32.59,22.7,0.0,24.8,38.39725785402992,42.61447621981
2015-08-21,26.97,33.33,21.72,0.0,26.48,38.39725785402992,42.61447621981
2015-08-22,25.1,31.17,18.84,0.02,25.88,38.39725785402992,42.61447621981
2015-08-23,25.14,30.55,19.88,0.04,24.25,38.39725785402992,42.61447621981
2015-08-24,22.92,26.04,19.46,3.42,19.74,38.39725785402992,42.61447621981
2015-08-25,20.31,23.93,17.5,8.0,12.99,38.39725785402992,42.61447621981
2015-08-26,20.08,24.64,17.22,0.53,22.1,38.39725785402992,42.61447621981
2015-08-27,20.24,25.5,15.67,0.04,24.6,38.39725785402992,42.61447621981
2015-08-28,20.85,25.23,17.18,0.5,23.51,38.39725785402992,42.61447621981
2015-08-29,20.71,25.84,14.65,0.57,20.5,38.39725785402992,42.61447621981
2015-08-30,21.0,26.51,14.39,0.01,24.17,38.39725785402992,42.61447621981
2015-08-31,19.53,24.41,16.41,0.03,19.51,38.39725785402992,42.61447621981
2015-09-01,19.0,23.77,14.66,0.02,24.29,38.39725785402992,42.61447621981
2015-09-02,20.59,26.31,14.98,0.0,24.07,38.39725785402992,42.61447621981
2015-09-03,21.41,26.32,17.29,0.0,25.39,38.39725785402992,42.61447621981
2015-09-04,23.09,29.13,17.66,0.0,25.21,38.39725785402992,42.61447621981
2015-09-05,21.48,27.94,17.94,0.05,20.89,38.39725785402992,42.61447621981
2015-09-06,18.15,23.06,14.72,1.49,14.44,38.39725785402992,42.61447621981
2015-09-07,21.31,26.0,16.38,0.66,22.11,38.39725785402992,42.61447621981
2015-09-08,22.37,27.2,18.21,0.04,23.62,38.39725785402992,42.61447621981
2015-09-09,22.88,28.04,17.73,0.0,22.48,38.39725785402992,42.61447621981
2015-09-10,24.22,28.91,19.51,0.0,21.82,38.39725785402992,42.61447621981
2015-09-11,23.72,28.43,18.9,0.0,21.66,38.39725785402992,42.61447621981
2015-09-12,23.63,29.13,18.17,0.0,20.11,38.39725785402992,42.61447621981
2015-09-13,22.69,27.47,18.06,0.0,17.6,38.39725785402992,42.61447621981
2015-09-14,21.38,26.04,16.96,0.0,17.59,38.39725785402992,42.61447621981
2015-09-15,21.44,27.38,17.19,0.0,21.79,38.39725785402992,42.61447621981
2015-09-16,20.43,26.19,15.34,0.0,21.35,38.39725785402992,42.61447621981
2015-09-17,20.72,26.11,15.58,0.0,21.98,38.39725785402992,42.61447621981
2015-09-18,21.45,26.3,16.78,0.03,19.16,38.39725785402992,42.61447621981
2015-09-19,20.5,25.71,15.97,0.0,21.54,38.39725785402992,42.61447621981
2015-09-20,20.64,25.32,15.68,0.0,22.52,38.39725785402992,42.61447621981
2015-09-21,21.29,26.68,17.76,0.0,21.51,38.39725785402992,42.61447621981
2015-09-22,19.92,25.38,15.75,0.0,19.81,38.39725785402992,42.61447621981
2015-09-23,19.26,25.4,15.37,0.0,21.3,38.39725785402992,42.61447621981
2015-09-24,19.71,25.16,15.11,0.0,20.22,38.39725785402992,42.61447621981
2015-09-25,20.19,26.37,15.03,0.0,20.82,38.39725785402992,42.61447621981
2015-09-26,19.93,25.38,15.37,0.01,20.18,38.39725785402992,42.61447621981
2015-09-27,18.64,24.26,14.62,0.01,19.42,38.39725785402992,42.61447621981
2015-09-28,19.47,24.17,15.6,0.04,19.47,38.39725785402992,42.61447621981
2015-09-29,18.96,23.52,15.56,0.14,16.16,38.39725785402992,42.61447621981
2015-09-30,17.32,21.32,14.12,0.73,13.18,38.39725785402992,42.61447621981
2015-10-01,16.77,20.75,13.69,0.36,15.12,38.39725785402992,42.61447621981
2015-10-02,16.82,21.28,13.13,1.62,10.46,38.39725785402992,42.61447621981
2015-10-03,17.05,21.41,14.26,7.11,13.73,38.39725785402992,42.61447621981
2015-10-04,16.32,21.68,13.18,0.02,15.18,38.39725785402992,42.61447621981
2015-10-05,14.74,19.44,11.36,0.0,18.71,38.39725785402992,42.61447621981
2015-10-06,13.95,19.84,11.0,2.25,10.41,38.39725785402992,42.61447621981
2015-10-07,12.12,15.54,8.98,9.01,8.27,38.39725785402992,42.61447621981
2015-10-08,10.25,14.12,7.26,4.19,10.91,38.39725785402992,42.61447621981
2015-10-09,10.4,13.84,7.75,5.55,7.86,38.39725785402992,42.61447621981
2015-10-10,9.77,13.81,6.75,2.43,14.06,38.39725785402992,42.61447621981
2015-10-11,11.92,17.1,8.08,0.01,18.1,38.39725785402992,42.61447621981
2015-10-12,14.04,19.94,10.12,0.01,17.27,38.39725785402992,42.61447621981
2015-10-13,13.62,18.29,10.59,1.36,14.4,38.39725785402992,42.61447621981
2015-10-14,11.56,14.54,9.25,2.17,12.25,38.39725785402992,42.61447621981
2015-10-15,11.58,15.95,8.42,1.6,14.84,38.39725785402992,42.61447621981
2015-10-16,12.17,17.59,8.82,0.0,16.58,38.39725785402992,42.61447621981
2015-10-17,9.82,14.48,5.26,0.02,17.55,38.39725785402992,42.61447621981
2015-10-18,11.89,17.39,6.5,0.0,16.01,38.39725785402992,42.61447621981
2015-10-19,12.58,17.58,9.11,0.0,16.4,38.39725785402992,42.61447621981
2015-10-20,11.15,15.0,9.01,0.16,11.31,38.39725785402992,42.61447621981
2015-10-21,12.47,16.91,9.69,0.04,14.72,38.39725785402992,42.61447621981
2015-10-22,11.84,14.92,9.21,0.77,12.59,38.39725785402992,42.61447621981
2015-10-23,9.94,13.06,8.29,2.98,3.38,38.39725785402992,42.61447621981
2015-10-24,11.37,17.47,7.4,0.09,12.21,38.39725785402992,42.61447621981
2015-10-25,12.31,16.6,8.77,17.09,2.42,38.39725785402992,42.61447621981
2015-10-26,11.38,14.35,8.74,22.49,6.15,38.39725785402992,42.61447621981
2015-10-27,7.19,9.37,4.09,51.83,2.58,38.39725785402992,42.61447621981
2015-10-28,8.08,10.89,6.54,8.28,6.81,38.39725785402992,42.61447621981
2015-10-29,7.15,8.59,5.91,0.49,2.53,38.39725785402992,42.61447621981
2015-10-30,6.88,8.78,5.3,9.51,4.35,38.39725785402992,42.61447621981
2015-10-31,5.54,9.53,2.74,0.65,12.25,38.39725785402992,42.61447621981
2015-11-01,4.18,8.69,0.77,0.0,12.87,38.39725785402992,42.61447621981
2015-11-02,2.01,6.23,-0.98,0.0,13.2,38.39725785402992,42.61447621981
2015-11-03,3.56,7.89,-0.75,0.0,14.47,38.39725785402992,42.61447621981
2015-11-04,6.53,10.86,3.09,0.0,14.33,38.39725785402992,42.61447621981
2015-11-05,6.9,11.98,3.43,0.0,10.59,38.39725785402992,42.61447621981
2015-11-06,7.76,12.07,4.41,0.0,12.59,38.39725785402992,42.61447621981
2015-11-07,7.17,11.94,2.66,0.0,12.58,38.39725785402992,42.61447621981
2015-11-08,6.14,9.67,3.06,2.47,6.68,38.39725785402992,42.61447621981
2015-11-09,3.53,6.19,1.48,1.24,9.01,38.39725785402992,42.61447621981
2015-11-10,1.3,2.49,-1.22,2.3,5.0,38.39725785402992,42.61447621981
2015-11-11,1.59,5.21,-1.72,0.18,9.67,38.39725785402992,42.61447621981
2015-11-12,3.12,8.46,-0.55,0.05,10.04,38.39725785402992,42.61447621981
2015-11-13,3.57,8.24,0.81,0.03,12.58,38.39725785402992,42.61447621981
2015-11-14,1.99,5.6,-1.06,0.0,12.7,38.39725785402992,42.61447621981
2015-11-15,3.1,8.3,-0.42,0.0,12.93,38.39725785402992,42.61447621981
2015-11-16,2.55,7.57,-0.77,3.44,7.58,38.39725785402992,42.61447621981
2015-11-17,1.53,4.75,-2.86,11.26,4.41,38.39725785402992,42.61447621981
2015-11-18,0.54,4.66,-3.1,0.3,8.63,38.39725785402992,42.61447621981
2015-11-19,1.49,5.21,-0.54,2.92,6.09,38.39725785402992,42.61447621981
2015-11-20,1.44,5.02,-1.35,0.51,11.3,38.39725785402992,42.61447621981
2015-11-21,2.7,7.47,0.33,0.0,11.56,38.39725785402992,42.61447621981
2015-11-22,3.62,9.72,-0.16,0.0,11.94,38.39725785402992,42.61447621981
2015-11-23,3.01,8.37,0.54,0.0,11.84,38.39725785402992,42.61447621981
2015-11-24,3.42,8.62,-0.5,0.0,11.98,38.39725785402992,42.61447621981
2015-11-25,4.11,8.53,1.02,0.47,9.21,38.39725785402992,42.61447621981
2015-11-26,2.21,6.64,-0.84,0.01,6.45,38.39725785402992,42.61447621981
2015-11-27,2.29,6.07,-0.64,0.25,5.73,38.39725785402992,42.61447621981
2015-11-28,3.11,7.72,0.22,0.01,9.82,38.39725785402992,42.61447621981
2015-11-29,2.44,5.74,0.17,6.16,2.27,38.39725785402992,42.61447621981
2015-11-30,2.02,5.54,-0.28,0.59,7.28,38.39725785402992,42.61447621981
2015-12-01,1.5,3.96,-1.19,20.54,2.4,38.39725785402992,42.61447621981
2015-12-02,-1.61,0.95,-3.3,0.88,5.37,38.39725785402992,42.61447621981
2015-12-03,-5.06,-2.35,-10.44,13.78,2.77,38.39725785402992,42.61447621981
2015-12-04,-8.57,-5.15,-11.72,1.45,6.92,38.39725785402992,42.61447621981
2015-12-05,-10.28,-5.15,-14.78,0.07,7.67,38.39725785402992,42.61447621981
2015-12-06,-11.77,-3.03,-17.18,0.0,9.01,38.39725785402992,42.61447621981
2015-12-07,-10.35,-3.08,-16.19,0.0,9.14,38.39725785402992,42.61447621981
2015-12-08,-5.85,0.7,-11.59,0.0,9.93,38.39725785402992,42.61447621981
2015-12-09,-6.28,0.47,-11.7,0.0,8.93,38.39725785402992,42.61447621981
2015-12-10,-4.69,1.61,-9.56,0.04,9.89,38.39725785402992,42.61447621981
2015-12-11,-3.77,1.06,-8.22,0.0,8.8,38.39725785402992,42.61447621981
2015-12-12,-3.58,2.1,-7.46,0.0,9.48,38.39725785402992,42.61447621981
2015-12-13,-4.24,1.95,-7.73,0.09,6.08,38.39725785402992,42.61447621981
2015-12-14,-3.32,2.19,-8.21,0.94,5.69,38.39725785402992,42.61447621981
2015-12-15,-3.82,0.5,-8.49,0.0,9.8,38.39725785402992,42.61447621981
2015-12-16,-3.69,0.98,-7.82,0.0,8.69,38.39725785402992,42.61447621981
2015-12-17,-2.97,1.0,-5.17,0.0,5.17,38.39725785402992,42.61447621981
2015-12-18,-3.78,1.31,-8.65,0.0,9.2,38.39725785402992,42.61447621981
2015-12-19,-4.42,1.29,-8.2,0.0,8.96,38.39725785402992,42.61447621981
2015-12-20,-5.89,0.22,-9.91,0.0,9.17,38.39725785402992,42.61447621981
2015-12-21,-6.23,-0.08,-10.77,0.0,9.01,38.39725785402992,42.61447621981
2015-12-22,-3.86,2.12,-10.22,0.0,9.61,38.39725785402992,42.61447621981
2015-12-23,-1.03,3.14,-5.18,0.0,9.73,38.39725785402992,42.61447621981
2015-12-24,-5.16,0.47,-10.2,0.0,9.79,38.39725785402992,42.61447621981
2015-12-25,-3.63,1.39,-7.88,0.0,9.74,38.39725785402992,42.61447621981
2015-12-26,-3.5,3.31,-10.04,0.0,9.33,38.39725785402992,42.61447621981
2015-12-27,-2.26,3.26,-7.06,0.0,9.95,38.39725785402992,42.61447621981
2015-12-28,-1.05,4.09,-5.08,0.0,9.86,38.39725785402992,42.61447621981
2015-12-29,-0.81,3.79,-5.39,0.0,8.57,38.39725785402992,42.61447621981
2015-12-30,-3.41,-0.57,-7.35,4.53,3.3,38.39725785402992,42.61447621981
2015-12-31,-5.62,-2.84,-8.48,15.28,3.01,38.39725785402992,42.61447621981
2016-01-01,-8.08,-4.01,-13.97,21.47,1.17,38.39725785402992,42.61447621981
2016-01-02,-14.46,-11.08,-18.44,5.16,3.73,38.39725785402992,42.61447621981
2016-01-03,-17.5,-12.34,-21.5,0.25,7.7,38.39725785402992,42.61447621981
2016-01-04,-14.32,-6.9,-21.74,0.78,3.03,38.39725785402992,42.61447621981
2016-01-05,-6.11,-2.47,-10.75,4.3,3.12,38.39725785402992,42.61447621981
2016-01-06,-2.71,-0.26,-4.22,2.65,4.0,38.39725785402992,42.61447621981
2016-01-07,-0.71,0.84,-3.35,9.51,1.54,38.39725785402992,42.61447621981
2016-01-08,0.02,0.82,-1.87,20.25,3.88,38.39725785402992,42.61447621981
2016-01-09,-3.75,-1.48,-7.99,5.82,3.77,38.39725785402992,42.61447621981
2016-01-10,-7.84,-1.24,-13.39,0.06,10.6,38.39725785402992,42.61447621981
2016-01-11,-6.85,-1.98,-10.58,0.01,4.6,38.39725785402992,42.61447621981
2016-01-12,-4.05,-0.12,-7.6,0.01,9.48,38.39725785402992,42.61447621981
2016-01-13,-4.32,-0.32,-7.92,0.04,9.1,38.39725785402992,42.61447621981
2016-01-14,-1.59,-0.09,-3.32,2.35,8.11,38.39725785402992,42.61447621981
2016-01-15,-3.69,-1.19,-7.49,3.92,9.55,38.39725785402992,42.61447621981
2016-01-16,-5.77,-0.98,-10.34,0.0,10.81,38.39725785402992,42.61447621981
2016-01-17,-3.3,0.5,-6.49,0.0,10.22,38.39725785402992,42.61447621981
2016-01-18,-2.42,0.93,-9.21,4.31,5.93,38.39725785402992,42.61447621981
2016-01-19,-2.29,0.31,-6.39,9.58,8.52,38.39725785402992,42.61447621981
2016-01-20,-5.25,-2.73,-7.52,2.3,5.75,38.39725785402992,42.61447621981
2016-01-21,-5.77,-2.36,-8.89,0.0,6.96,38.39725785402992,42.61447621981
2016-01-22,-4.93,-1.18,-9.09,0.0,9.44,38.39725785402992,42.61447621981
2016-01-23,-2.29,0.05,-4.55,1.16,6.96,38.39725785402992,42.61447621981
2016-01-24,-1.09,-0.03,-2.47,10.41,5.48,38.39725785402992,42.61447621981
2016-01-25,-8.28,-3.69,-13.76,14.51,3.77,38.39725785402992,42.61447621981
2016-01-26,-15.33,-11.1,-21.82,3.38,8.93,38.39725785402992,42.61447621981
2016-01-27,-20.24,-12.37,-26.15,0.19,10.4,38.39725785402992,42.61447621981
2016-01-28,-17.81,-8.69,-26.13,0.0,11.31,38.39725785402992,42.61447621981
2016-01-29,-10.68,-2.98,-18.03,0.0,11.7,38.39725785402992,42.61447621981
2016-01-30,-4.42,-0.74,-8.59,0.06,10.37,38.39725785402992,42.61447621981
2016-01-31,-3.96,-0.76,-6.5,0.0,10.39,38.39725785402992,42.61447621981
2016-02-01,-4.57,-0.81,-7.84,0.08,10.67,38.39725785402992,42.61447621981
2016-02-02,-3.98,-0.59,-10.48,3.64,5.58,38.39725785402992,42.61447621981
2016-02-03,-8.52,-1.68,-16.27,0.01,12.21,38.39725785402992,42.61447621981
2016-02-04,-3.72,0.82,-8.2,0.0,11.89,38.39725785402992,42.61447621981
2016-02-05,-2.23,0.7,-5.7,0.0,11.42,38.39725785402992,42.61447621981
2016-02-06,-1.85,1.21,-5.81,5.88,7.56,38.39725785402992,42.61447621981
2016-02-07,-1.43,-0.14,-5.81,12.65,4.87,38.39725785402992,42.61447621981
2016-02-08,-5.77,-1.28,-10.3,0.77,10.23,38.39725785402992,42.61447621981
2016-02-09,-5.58,-1.29,-10.55,0.03,10.17,38.39725785402992,42.61447621981
2016-02-10,-5.53,-1.31,-10.88,0.0,13.31,38.39725785402992,42.61447621981
2016-02-11,-5.89,-1.25,-10.22,0.0,12.53,38.39725785402992,42.61447621981
2016-02-12,-3.87,-0.57,-7.4,0.0,11.36,38.39725785402992,42.61447621981
2016-02-13,-2.31,0.66,-5.68,0.0,11.62,38.39725785402992,42.61447621981
2016-02-14,-1.15,0.15,-2.65,1.38,9.01,38.39725785402992,42.61447621981
2016-02-15,-1.28,0.71,-3.08,0.0,13.37,38.39725785402992,42.61447621981
2016-02-16,-0.99,1.19,-3.1,0.0,11.67,38.39725785402992,42.61447621981
2016-02-17,-0.46,1.47,-2.84,0.0,12.93,38.39725785402992,42.61447621981
2016-02-18,0.95,3.66,-2.23,0.0,14.46,38.39725785402992,42.61447621981
2016-02-19,0.93,3.51,-2.25,0.03,12.44,38.39725785402992,42.61447621981
2016-02-20,0.86,2.77,-0.25,0.22,13.06,38.39725785402992,42.61447621981
2016-02-21,2.17,5.75,-0.2,0.7,8.75,38.39725785402992,42.61447621981
2016-02-22,3.58,7.61,1.21,2.22,6.57,38.39725785402992,42.61447621981
2016-02-23,2.83,6.4,0.6,1.01,4.96,38.39725785402992,42.61447621981
2016-02-24,1.1,3.25,-0.27,0.26,8.2,38.39725785402992,42.61447621981
2016-02-25,1.69,5.9,-0.62,0.1,9.31,38.39725785402992,42.61447621981
2016-02-26,4.16,9.18,0.66,0.0,17.21,38.39725785402992,42.61447621981
2016-02-27,5.54,10.28,2.1,0.02,16.38,38.39725785402992,42.61447621981
2016-02-28,3.93,8.09,0.16,1.15,15.24,38.39725785402992,42.61447621981
2016-02-29,3.7,8.4,-0.12,0.0,16.99,38.39725785402992,42.61447621981
2016-03-01,5.42,10.65,0.47,0.0,15.46,38.39725785402992,42.61447621981
2016-03-02,7.97,13.4,4.22,0.0,15.56,38.39725785402992,42.61447621981
2016-03-03,5.27,9.04,1.14,1.76,15.28,38.39725785402992,42.61447621981
2016-03-04,4.12,8.06,0.91,10.1,8.88,38.39725785402992,42.61447621981
2016-03-05,3.46,7.21,-0.08,1.44,17.07,38.39725785402992,42.61447621981
2016-03-06,0.51,2.34,-0.81,2.92,7.88,38.39725785402992,42.61447621981
2016-03-07,2.62,7.01,-1.08,0.0,13.48,38.39725785402992,42.61447621981
2016-03-08,4.9,8.89,0.98,0.0,15.17,38.39725785402992,42.61447621981
2016-03-09,5.45,9.56,2.84,0.0,15.2,38.39725785402992,42.61447621981
2016-03-10,4.73,8.96,2.02,0.45,16.41,38.39725785402992,42.61447621981
2016-03-11,3.82,7.53,1.21,7.57,6.22,38.39725785402992,42.61447621981
2016-03-12,4.72,7.97,2.26,0.66,13.43,38.39725785402992,42.61447621981
2016-03-13,5.26,9.5,2.22,0.0,16.51,38.39725785402992,42.61447621981
2016-03-14,3.55,7.91,0.49,10.64,11.62,38.39725785402992,42.61447621981
2016-03-15,1.32,4.07,-0.49,10.37,9.2,38.39725785402992,42.61447621981
2016-03-16,-0.78,0.33,-2.52,4.99,9.77,38.39725785402992,42.61447621981
2016-03-17,-3.13,0.24,-5.83,0.18,13.91,38.39725785402992,42.61447621981
2016-03-18,-2.52,2.48,-6.25,0.14,15.83,38.39725785402992,42.61447621981
2016-03-19,-1.02,1.71,-3.96,0.11,14.19,38.39725785402992,42.61447621981
2016-03-20,0.21,2.93,-3.5,9.7,6.39,38.39725785402992,42.61447621981
2016-03-21,-0.05,4.18,-4.33,0.22,11.74,38.39725785402992,42.61447621981
2016-03-22,0.43,3.51,-1.76,0.35,15.09,38.39725785402992,42.61447621981
2016-03-23,2.31,6.37,-0.92,0.0,18.74,38.39725785402992,42.61447621981
2016-03-24,4.24,9.18,0.87,0.0,18.02,38.39725785402992,42.61447621981
2016-03-25,4.73,9.08,1.34,0.01,13.27,38.39725785402992,42.61447621981
2016-03-26,3.75,7.6,0.52,0.37,15.95,38.39725785402992,42.61447621981
2016-03-27,3.44,6.67,1.68,1.2,11.85,38.39725785402992,42.61447621981
2016-03-28,1.81,3.26,-1.09,16.02,2.95,38.39725785402992,42.61447621981
2016-03-29,-0.36,2.08,-2.52,10.12,8.29,38.39725785402992,42.61447621981
2016-03-30,-0.85,3.46,-5.42,0.33,15.01,38.39725785402992,42.61447621981
2016-03-31,-0.48,2.05,-2.8,0.55,17.07,38.39725785402992,42.61447621981
2016-04-01,1.67,6.08,-3.51,0.0,19.94,38.39725785402992,42.61447621981
2016-04-02,5.34,9.68,1.85,0.0,21.26,38.39725785402992,42.61447621981
2016-04-03,3.34,6.65,0.74,0.75,11.41,38.39725785402992,42.61447621981
2016-04-04,4.06,9.55,-0.57,0.03,20.27,38.39725785402992,42.61447621981
2016-04-05,6.24,11.49,1.58,0.0,24.08,38.39725785402992,42.61447621981
2016-04-06,8.04,12.91,3.21,0.01,23.59,38.39725785402992,42.61447621981
2016-04-07,8.19,11.85,4.71,0.84,21.35,38.39725785402992,42.61447621981
2016-04-08,9.71,14.0,4.8,0.0,21.96,38.39725785402992,42.61447621981
2016-04-09,10.57,14.33,7.84,0.06,20.8,38.39725785402992,42.61447621981
2016-04-10,9.53,13.24,6.39,3.77,10.49,38.39725785402992,42.61447621981
2016-04-11,6.48,10.48,4.36,24.23,11.15,38.39725785402992,42.61447621981
2016-04-12,7.23,9.68,4.67,2.36,17.13,38.39725785402992,42.61447621981
2016-04-13,7.53,12.43,3.79,0.23,20.63,38.39725785402992,42.61447621981
2016-04-14,7.13,10.24,4.8,0.92,20.61,38.39725785402992,42.61447621981
2016-04-15,8.08,12.7,4.17,0.01,21.14,38.39725785402992,42.61447621981
2016-04-16,7.04,11.52,2.34,4.82,21.75,38.39725785402992,42.61447621981
2016-04-17,6.7,13.16,0.53,0.01,26.07,38.39725785402992,42.61447621981
2016-04-18,8.02,12.61,3.97,0.0,24.61,38.39725785402992,42.61447621981
2016-04-19,8.97,14.15,3.58,0.0,25.33,38.39725785402992,42.61447621981
2016-04-20,11.46,15.89,6.82,0.0,24.22,38.39725785402992,42.61447621981
2016-04-21,11.18,15.84,5.93,0.03,23.27,38.39725785402992,42.61447621981
2016-04-22,7.46,12.34,2.21,0.0,26.21,38.39725785402992,42.61447621981
2016-04-23,10.63,15.3,5.97,0.0,28.0,38.39725785402992,42.61447621981
2016-04-24,11.85,16.66,7.76,0.0,25.15,38.39725785402992,42.61447621981
2016-04-25,12.36,16.24,8.97,0.02,16.45,38.39725785402992,42.61447621981
2016-04-26,11.28,16.48,6.21,0.01,26.68,38.39725785402992,42.61447621981
2016-04-27,12.19,15.83,8.28,3.14,14.5,38.39725785402992,42.61447621981
2016-04-28,11.21,15.24,8.13,11.96,9.83,38.39725785402992,42.61447621981
2016-04-29,10.52,13.71,7.79,1.5,27.78,38.39725785402992,42.61447621981
2016-04-30,10.02,13.5,6.92,0.52,17.94,38.39725785402992,42.61447621981
2016-05-01,10.26,12.83,6.94,2.78,12.57,38.39725785402992,42.61447621981
2016-05-02,11.25,14.74,7.77,5.28,20.21,38.39725785402992,42.61447621981
2016-05-03,11.78,14.75,9.1,3.68,11.15,38.39725785402992,42.61447621981
2016-05-04,11.16,14.46,6.72,4.02,13.77,38.39725785402992,42.61447621981
2016-05-05,9.13,13.95,3.83,0.22,24.99,38.39725785402992,42.61447621981
2016-05-06,9.07,12.65,4.94,3.06,18.42,38.39725785402992,42.61447621981
2016-05-07,6.58,9.36,3.69,3.7,18.02,38.39725785402992,42.61447621981
2016-05-08,8.75,12.69,4.75,0.85,22.55,38.39725785402992,42.61447621981
2016-05-09,11.0,14.85,6.28,0.0,25.48,38.39725785402992,42.61447621981
2016-05-10,10.4,12.36,8.23,1.12,23.7,38.39725785402992,42.61447621981
2016-05-11,10.91,14.71,6.16,1.77,20.36,38.39725785402992,42.61447621981
2016-05-12,10.33,14.74,5.46,1.21,24.44,38.39725785402992,42.61447621981
2016-05-13,12.71,16.15,8.54,2.39,20.26,38.39725785402992,42.61447621981
2016-05-14,14.36,18.29,9.74,6.73,24.64,38.39725785402992,42.61447621981
2016-05-15,15.83,19.47,12.55,0.12,22.6,38.39725785402992,42.61447621981
2016-05-16,14.68,17.56,11.98,0.66,22.51,38.39725785402992,42.61447621981
2016-05-17,14.95,19.61,9.88,1.29,20.2,38.39725785402992,42.61447621981
2016-05-18,15.19,19.73,8.46,4.24,19.31,38.39725785402992,42.61447621981
2016-05-19,11.69,16.37,7.1,0.01,29.77,38.39725785402992,42.61447621981
2016-05-20,12.29,16.93,6.55,0.01,28.45,38.39725785402992,42.61447621981
2016-05-21,14.96,19.28,10.01,0.0,29.56,38.39725785402992,42.61447621981
2016-05-22,16.2,20.06,13.0,0.01,28.75,38.39725785402992,42.61447621981
2016-05-23,15.76,19.99,11.82,1.44,24.6,38.39725785402992,42.61447621981
2016-05-24,12.53,16.23,9.09,0.34,23.42,38.39725785402992,42.61447621981
2016-05-25,12.26,17.08,7.67,0.01,28.86,38.39725785402992,42.61447621981
2016-05-26,11.74,16.4,7.99,0.28,23.51,38.39725785402992,42.61447621981
2016-05-27,11.26,15.03,7.44,11.61,8.42,38.39725785402992,42.61447621981
2016-05-28,13.75,18.58,8.23,0.18,27.53,38.39725785402992,42.61447621981
2016-05-29,10.24,13.41,6.91,4.5,16.0,38.39725785402992,42.61447621981
2016-05-30,10.85,14.22,8.07,1.56,21.22,38.39725785402992,42.61447621981
2016-05-31,12.22,16.25,7.96,2.55,24.33,38.39725785402992,42.61447621981
2016-06-01,12.93,17.6,8.06,1.21,30.92,38.39725785402992,42.61447621981
2016-06-02,14.18,18.4,8.97,0.04,28.64,38.39725785402992,42.61447621981
2016-06-03,15.76,19.86,10.75,0.01,29.88,38.39725785402992,42.61447621981
2016-06-04,16.91,20.97,12.89,0.02,29.24,38.39725785402992,42.61447621981
2016-06-05,16.1,20.96,11.1,0.3,24.32,38.39725785402992,42.61447621981
2016-06-06,17.28,21.68,12.89,0.03,29.81,38.39725785402992,42.61447621981
2016-06-07,14.38,17.98,10.95,4.85,21.62,38.39725785402992,42.61447621981
2016-06-08,13.69,17.42,9.85,4.09,18.56,38.39725785402992,42.61447621981
2016-06-09,15.46,20.97,10.34,0.74,25.79,38.39725785402992,42.61447621981
2016-06-10,14.5,19.32,9.14,0.29,29.32,38.39725785402992,42.61447621981
2016-06-11,15.43,19.61,11.53,0.44,27.53,38.39725785402992,42.61447621981
2016-06-12,13.72,18.21,8.83,0.09,31.36,38.39725785402992,42.61447621981
2016-06-13,15.76,20.34,9.86,0.01,32.59,38.39725785402992,42.61447621981
2016-06-14,19.43,23.52,15.25,0.0,32.51,38.39725785402992,42.61447621981
2016-06-15,19.77,23.91,13.71,0.33,29.18,38.39725785402992,42.61447621981
2016-06-16,14.73,18.11,11.81,4.45,15.97,38.39725785402992,42.61447621981
2016-06-17,14.37,18.25,11.84,6.28,19.45,38.39725785402992,42.61447621981
2016-06-18,14.04,18.14,11.35,2.06,17.7,38.39725785402992,42.61447621981
2016-06-19,15.19,18.6,11.5,3.69,17.45,38.39725785402992,42.61447621981
2016-06-20,17.41,21.91,12.41,0.1,25.56,38.39725785402992,42.61447621981
2016-06-21,18.07,22.81,12.91,0.0,29.69,38.39725785402992,42.61447621981
2016-06-22,18.36,24.61,12.79,0.0,29.87,38.39725785402992,42.61447621981
2016-06-23,19.31,25.23,12.77,0.01,28.88,38.39725785402992,42.61447621981
2016-06-24,20.18,25.64,14.22,0.04,28.88,38.39725785402992,42.61447621981
2016-06-25,20.27,24.86,15.07,0.01,29.19,38.39725785402992,42.61447621981
2016-06-26,20.91,25.78,15.92,0.04,28.26,38.39725785402992,42.61447621981
2016-06-27,22.58,28.17,16.3,0.0,30.06,38.39725785402992,42.61447621981
2016-06-28,23.21,28.17,16.89,0.02,30.53,38.39725785402992,42.61447621981
2016-06-29,22.32,26.99,17.04,0.01,31.72,38.39725785402992,42.61447621981
2016-06-30,22.74,28.01,17.58,0.05,31.15,38.39725785402992,42.61447621981
2016-07-01,21.96,26.98,17.36,0.0,31.29,38.39725785402992,42.61447621981
2016-07-02,22.04,27.76,16.03,0.0,29.17,38.39725785402992,42.61447621981
2016-07-03,22.74,28.46,16.96,0.01,28.59,38.39725785402992,42.61447621981
2016-07-04,23.15,28.79,16.91,0.09,27.83,38.39725785402992,42.61447621981
2016-07-05,21.71,28.44,16.51,1.98,24.95,38.39725785402992,42.61447621981
2016-07-06,20.47,25.02,16.57,0.7,24.2,38.39725785402992,42.61447621981
2016-07-07,20.75,25.34,15.22,0.15,26.09,38.39725785402992,42.61447621981
2016-07-08,22.26,27.18,16.11,4.66,26.88,38.39725785402992,42.61447621981
2016-07-09,21.72,28.03,14.95,0.54,28.2,38.39725785402992,42.61447621981
2016-07-10,23.26,28.24,19.42,0.0,30.36,38.39725785402992,42.61447621981
2016-07-11,18.64,24.28,13.06,0.0,31.05,38.39725785402992,42.61447621981
2016-07-12,18.78,24.29,13.26,0.0,30.87,38.39725785402992,42.61447621981
2016-07-13,20.58,26.71,14.54,0.0,31.07,38.39725785402992,42.61447621981
2016-07-14,21.84,28.74,13.77,0.0,30.91,38.39725785402992,42.61447621981
2016-07-15,23.77,29.89,17.02,0.0,30.44,38.39725785402992,42.61447621981
2016-07-16,24.06,30.0,17.86,0.0,29.04,38.39725785402992,42.61447621981
2016-07-17,24.6,31.2,17.7,0.01,27.86,38.39725785402992,42.61447621981
2016-07-18,25.74,32.13,17.86,0.01,27.91,38.39725785402992,42.61447621981
2016-07-19,24.88,29.58,20.26,0.01,28.73,38.39725785402992,42.61447621981
2016-07-20,25.95,32.37,20.11,0.02,26.37,38.39725785402992,42.61447621981
2016-07-21,24.86,30.85,18.89,0.0,30.04,38.39725785402992,42.61447621981
2016-07-22,24.28,29.72,19.97,0.0,30.05,38.39725785402992,42.61447621981
2016-07-23,22.12,28.39,15.46,0.0,30.07,38.39725785402992,42.61447621981
2016-07-24,23.82,31.55,16.89,0.0,29.17,38.39725785402992,42.61447621981
2016-07-25,22.78,29.16,16.71,0.01,27.06,38.39725785402992,42.61447621981
2016-07-26,24.23,30.31,18.54,0.0,27.95,38.39725785402992,42.61447621981
2016-07-27,24.17,30.39,19.39,0.01,29.77,38.39725785402992,42.61447621981
2016-07-28,24.51,30.28,17.99,0.0,29.31,38.39725785402992,42.61447621981
2016-07-29,23.63,29.76,16.85,0.0,28.09,38.39725785402992,42.61447621981
2016-07-30,24.99,30.33,20.78,0.0,28.05,38.39725785402992,42.61447621981
2016-07-31,24.33,29.57,19.14,0.05,28.0,38.39725785402992,42.61447621981
2016-08-01,24.58,29.8,20.5,0.05,27.94,38.39725785402992,42.61447621981
2016-08-02,25.57,30.64,21.33,0.01,29.38,38.39725785402992,42.61447621981
2016-08-03,25.96,31.03,21.1,0.0,29.04,38.39725785402992,42.61447621981
2016-08-04,25.79,31.8,18.74,0.0,28.49,38.39725785402992,42.61447621981
2016-08-05,26.74,32.99,19.8,0.01,26.06,38.39725785402992,42.61447621981
2016-08-06,26.54,32.99,21.09,0.0,28.29,38.39725785402992,42.61447621981
2016-08-07,25.56,31.05,21.65,0.0,27.16,38.39725785402992,42.61447621981
2016-08-08,24.67,30.58,18.06,0.03,27.8,38.39725785402992,42.61447621981
2016-08-09,25.65,32.01,18.09,0.0,28.1,38.39725785402992,42.61447621981
2016-08-10,26.67,33.14,21.16,0.0,28.25,38.39725785402992,42.61447621981
2016-08-11,25.75,31.87,21.05,0.0,28.12,38.39725785402992,42.61447621981
2016-08-12,25.37,31.31,20.11,0.0,27.77,38.39725785402992,42.61447621981
2016-08-13,25.47,31.27,20.5,0.02,26.89,38.39725785402992,42.61447621981
2016-08-14,24.92,29.72,20.77,0.0,27.37,38.39725785402992,42.61447621981
2016-08-15,24.59,30.94,16.87,0.0,26.65,38.39725785402992,42.61447621981
2016-08-16,26.03,31.93,19.78,0.0,25.46,38.39725785402992,42.61447621981
2016-08-17,24.49,29.89,20.54,0.03,23.78,38.39725785402992,42.61447621981
2016-08-18,23.81,29.85,18.07,0.0,25.66,38.39725785402992,42.61447621981
2016-08-19,24.48,31.57,18.11,0.0,22.8,38.39725785402992,42.61447621981
2016-08-20,25.8,31.41,19.85,0.0,24.61,38.39725785402992,42.61447621981
2016-08-21,25.58,31.0,20.1,0.02,26.76,38.39725785402992,42.61447621981
2016-08-22,25.81,30.99,20.46,0.02,26.26,38.39725785402992,42.61447621981
2016-08-23,25.22,30.81,20.36,0.0,25.95,38.39725785402992,42.61447621981
2016-08-24,25.24,30.72,19.98,0.0,25.15,38.39725785402992,42.61447621981
2016-08-25,25.47,30.62,20.08,0.0,23.63,38.39725785402992,42.61447621981
2016-08-26,25.31,30.91,21.12,0.01,17.46,38.39725785402992,42.61447621981
2016-08-27,25.25,31.35,19.37,0.01,22.49,38.39725785402992,42.61447621981
2016-08-28,25.14,30.98,20.03,0.0,22.41,38.39725785402992,42.61447621981
2016-08-29,24.78,30.72,19.68,0.0,24.73,38.39725785402992,42.61447621981
2016-08-30,25.49,31.38,21.03,0.0,22.67,38.39725785402992,42.61447621981
2016-08-31,25.15,30.79,20.66,0.0,24.01,38.39725785402992,42.61447621981
2016-09-01,22.17,28.99,16.57,0.0,24.82,38.39725785402992,42.61447621981
2016-09-02,21.12,27.67,14.78,0.15,23.29,38.39725785402992,42.61447621981
2016-09-03,21.12,26.89,16.72,0.0,24.43,38.39725785402992,42.61447621981
2016-09-04,20.05,25.22,15.66,0.13,21.79,38.39725785402992,42.61447621981
2016-09-05,18.99,24.67,15.09,0.0,23.15,38.39725785402992,42.61447621981
2016-09-06,19.15,24.28,14.67,0.05,22.05,38.39725785402992,42.61447621981
2016-09-07,18.55,24.23,13.31,0.0,24.31,38.39725785402992,42.61447621981
2016-09-08,18.38,24.35,13.28,0.0,24.41,38.39725785402992,42.61447621981
2016-09-09,20.07,26.2,14.3,0.0,24.69,38.39725785402992,42.61447621981
2016-09-10,20.72,26.8,14.92,0.0,24.16,38.39725785402992,42.61447621981
2016-09-11,21.42,27.15,17.41,0.0,23.41,38.39725785402992,42.61447621981
2016-09-12,20.14,25.82,14.35,0.0,23.5,38.39725785402992,42.61447621981
2016-09-13,20.38,26.45,15.07,0.0,22.45,38.39725785402992,42.61447621981
2016-09-14,18.23,23.62,13.94,0.0,21.67,38.39725785402992,42.61447621981
2016-09-15,16.8,20.41,13.95,2.28,15.13,38.39725785402992,42.61447621981
2016-09-16,17.11,22.43,12.41,0.82,17.52,38.39725785402992,42.61447621981
2016-09-17,14.85,19.57,10.66,1.84,15.93,38.39725785402992,42.61447621981
2016-09-18,16.35,21.99,11.73,0.35,21.94,38.39725785402992,42.61447621981
2016-09-19,17.49,22.57,13.81,0.0,22.55,38.39725785402992,42.61447621981
2016-09-20,17.96,23.57,14.03,0.0,21.97,38.39725785402992,42.61447621981
2016-09-21,15.22,18.73,11.51,1.14,13.6,38.39725785402992,42.61447621981
2016-09-22,14.64,19.5,9.62,1.19,13.62,38.39725785402992,42.61447621981
2016-09-23,14.7,19.53,11.19,4.42,13.9,38.39725785402992,42.61447621981
2016-09-24,10.13,13.76,5.98,3.33,15.67,38.39725785402992,42.61447621981
2016-09-25,11.15,17.98,5.12,0.0,21.65,38.39725785402992,42.61447621981
2016-09-26,12.29,17.44,7.66,0.0,19.98,38.39725785402992,42.61447621981
2016-09-27,13.84,19.43,8.7,0.0,18.19,38.39725785402992,42.61447621981
2016-09-28,13.53,19.79,6.46,0.0,20.01,38.39725785402992,42.61447621981
2016-09-29,9.49,15.36,4.95,0.0,21.38,38.39725785402992,42.61447621981
2016-09-30,9.62,15.21,4.71,0.0,19.39,38.39725785402992,42.61447621981
2016-10-01,11.15,17.68,5.64,0.0,20.68,38.39725785402992,42.61447621981
2016-10-02,13.69,20.33,6.32,0.0,20.62,38.39725785402992,42.61447621981
2016-10-03,15.43,20.96,9.96,0.0,20.4,38.39725785402992,42.61447621981
2016-10-04,15.45,20.78,11.32,0.0,19.49,38.39725785402992,42.61447621981
2016-10-05,15.81,21.4,10.45,0.0,19.18,38.39725785402992,42.61447621981
2016-10-06,16.39,22.4,11.34,0.0,19.53,38.39725785402992,42.61447621981
2016-10-07,16.18,21.69,12.35,0.0,19.3,38.39725785402992,42.61447621981
2016-10-08,15.49,21.23,11.96,0.0,19.04,38.39725785402992,42.61447621981
2016-10-09,15.53,21.0,12.0,0.0,18.51,38.39725785402992,42.61447621981
2016-10-10,15.35,20.56,11.9,0.0,18.02,38.39725785402992,42.61447621981
2016-10-11,14.12,18.55,10.56,0.0,17.37,38.39725785402992,42.61447621981
2016-10-12,13.91,19.48,9.88,0.02,16.71,38.39725785402992,42.61447621981
2016-10-13,15.04,19.95,12.03,0.0,15.41,38.39725785402992,42.61447621981
2016-10-14,13.8,19.08,9.59,0.0,16.38,38.39725785402992,42.61447621981
2016-10-15,10.71,16.41,5.38,0.08,9.75,38.39725785402992,42.61447621981
2016-10-16,10.03,17.07,4.89,0.0,17.87,38.39725785402992,42.61447621981
2016-10-17,10.48,16.61,5.51,0.06,15.45,38.39725785402992,42.61447621981
2016-10-18,11.5,16.52,7.41,0.1,13.15,38.39725785402992,42.61447621981
2016-10-19,9.92,13.39,6.06,0.48,10.38,38.39725785402992,42.61447621981
2016-10-20,10.66,15.81,6.69,0.0,15.78,38.39725785402992,42.61447621981
2016-10-21,10.65,16.04,5.98,0.01,16.08,38.39725785402992,42.61447621981
2016-10-22,10.36,15.36,6.87,0.0,16.02,38.39725785402992,42.61447621981
2016-10-23,10.95,16.04,6.25,0.0,15.96,38.39725785402992,42.61447621981
2016-10-24,10.0,14.89,5.39,1.13,11.8,38.39725785402992,42.61447621981
2016-10-25,7.95,11.97,5.19,2.16,7.66,38.39725785402992,42.61447621981
2016-10-26,6.35,10.8,3.21,6.76,7.38,38.39725785402992,42.61447621981
2016-10-27,8.28,14.01,2.94,0.09,12.58,38.39725785402992,42.61447621981
2016-10-28,7.46,9.02,5.78,16.38,2.88,38.39725785402992,42.61447621981
2016-10-29,8.98,13.68,5.32,0.76,12.94,38.39725785402992,42.61447621981
2016-10-30,7.45,11.33,3.39,7.83,6.75,38.39725785402992,42.61447621981
2016-10-31,8.13,10.44,6.94,11.15,4.75,38.39725785402992,42.61447621981
2016-11-01,5.22,8.3,1.3,38.11,2.63,38.39725785402992,42.61447621981
2016-11-02,-2.39,1.64,-6.15,4.83,7.54,38.39725785402992,42.61447621981
2016-11-03,1.62,7.21,-5.96,0.0,11.54,38.39725785402992,42.61447621981
2016-11-04,4.36,9.41,1.07,0.0,11.65,38.39725785402992,42.61447621981
2016-11-05,3.56,8.93,0.69,0.0,11.74,38.39725785402992,42.61447621981
2016-11-06,3.51,8.84,0.01,0.0,11.89,38.39725785402992,42.61447621981
2016-11-07,5.07,10.28,-0.12,0.0,12.1,38.39725785402992,42.61447621981
2016-11-08,6.81,11.09,4.43,0.0,12.09,38.39725785402992,42.61447621981
2016-11-09,7.53,12.73,4.67,0.0,11.01,38.39725785402992,42.61447621981
2016-11-10,7.2,11.18,4.94,0.0,8.52,38.39725785402992,42.61447621981
2016-11-11,7.23,12.54,4.42,0.0,11.5,38.39725785402992,42.61447621981
2016-11-12,8.15,13.07,4.59,0.0,11.43,38.39725785402992,42.61447621981
2016-11-13,7.87,12.96,5.04,0.01,9.74,38.39725785402992,42.61447621981
2016-11-14,7.62,12.71,4.64,0.0,9.94,38.39725785402992,42.61447621981
2016-11-15,6.96,11.73,4.62,0.0,6.48,38.39725785402992,42.61447621981
2016-11-16,5.9,9.35,3.41,1.43,8.59,38.39725785402992,42.61447621981
2016-11-17,2.75,6.56,-0.68,9.42,9.18,38.39725785402992,42.61447621981
2016-11-18,-0.36,3.23,-2.29,0.0,10.47,38.39725785402992,42.61447621981
2016-11-19,0.57,5.58,-2.31,0.0,11.44,38.39725785402992,42.61447621981
2016-11-20,0.47,5.97,-2.27,0.0,11.12,38.39725785402992,42.61447621981
2016-11-21,-0.82,4.58,-3.93,0.0,11.06,38.39725785402992,42.61447621981
2016-11-22,-1.67,3.38,-4.51,0.0,11.28,38.39725785402992,42.61447621981
2016-11-23,-1.04,3.74,-3.77,0.0,10.73,38.39725785402992,42.61447621981
2016-11-24,-1.67,3.55,-6.0,0.0,11.18,38.39725785402992,42.61447621981
2016-11-25,-0.55,4.09,-4.72,0.0,10.86,38.39725785402992,42.61447621981
2016-11-26,0.26,4.54,-2.34,0.0,10.91,38.39725785402992,42.61447621981
2016-11-27,-0.38,3.66,-3.25,0.0,10.4,38.39725785402992,42.61447621981
2016-11-28,-0.26,4.22,-2.93,0.0,10.4,38.39725785402992,42.61447621981
2016-11-29,-0.53,4.13,-3.71,0.0,10.22,38.39725785402992,42.61447621981
2016-11-30,-0.44,2.97,-2.42,6.02,2.12,38.39725785402992,42.61447621981
2016-12-01,0.36,2.54,-1.3,7.37,2.97,38.39725785402992,42.61447621981
2016-12-02,0.02,1.42,-1.53,11.83,4.1,38.39725785402992,42.61447621981
2016-12-03,-3.08,-1.18,-5.8,1.0,5.03,38.39725785402992,42.61447621981
2016-12-04,-2.94,0.82,-5.62,0.84,5.94,38.39725785402992,42.61447621981
2016-12-05,-1.49,1.24,-3.97,3.62,3.56,38.39725785402992,42.61447621981
2016-12-06,-10.26,-5.4,-15.52,1.46,8.37,38.39725785402992,42.61447621981
2016-12-07,-7.8,-0.79,-11.65,0.0,10.12,38.39725785402992,42.61447621981
2016-12-08,-11.85,-6.96,-16.6,0.09,10.09,38.39725785402992,42.61447621981
2016-12-09,-8.87,-1.41,-16.58,0.0,8.19,38.39725785402992,42.61447621981
2016-12-10,-4.83,0.93,-8.18,2.93,6.65,38.39725785402992,42.61447621981
2016-12-11,-6.24,-0.8,-9.67,0.0,7.21,38.39725785402992,42.61447621981
2016-12-12,-4.45,1.23,-8.83,0.09,7.96,38.39725785402992,42.61447621981
2016-12-13,-2.89,0.24,-5.48,2.81,2.87,38.39725785402992,42.61447621981
2016-12-14,-3.6,0.37,-7.91,26.1,0.81,38.39725785402992,42.61447621981
2016-12-15,-10.88,-6.93,-14.87,4.38,3.28,38.39725785402992,42.61447621981
2016-12-16,-10.72,-5.99,-14.97,5.73,3.64,38.39725785402992,42.61447621981
2016-12-17,-12.09,-7.14,-19.84,2.21,4.59,38.39725785402992,42.61447621981
2016-12-18,-17.76,-10.29,-22.53,0.09,6.77,38.39725785402992,42.61447621981
2016-12-19,-16.44,-9.53,-20.33,0.85,6.04,38.39725785402992,42.61447621981
2016-12-20,-16.86,-10.65,-20.58,0.0,6.66,38.39725785402992,42.61447621981
2016-12-21,-11.36,-6.19,-17.57,0.0,6.04,38.39725785402992,42.61447621981
2016-12-22,-11.63,-4.98,-17.97,0.0,5.47,38.39725785402992,42.61447621981
2016-12-23,-8.56,-2.44,-13.94,0.1,8.88,38.39725785402992,42.61447621981
2016-12-24,-3.53,-0.64,-6.96,10.25,2.23,38.39725785402992,42.61447621981
2016-12-25,-2.61,0.11,-5.42,7.47,2.15,38.39725785402992,42.61447621981
2016-12-26,-4.83,-0.69,-7.14,2.71,4.8,38.39725785402992,42.61447621981
2016-12-27,-7.51,-2.83,-11.71,0.04,7.26,38.39725785402992,42.61447621981
2016-12-28,-7.37,-1.74,-11.25,0.25,8.72,38.39725785402992,42.61447621981
2016-12-29,-8.17,-0.98,-12.66,0.08,7.62,38.39725785402992,42.61447621981
2016-12-30,-9.13,-0.93,-16.38,0.01,9.94,38.39725785402992,42.61447621981
2016-12-31,-7.23,-0.67,-12.42,0.08,9.37,38.39725785402992,42.61447621981
2017-01-01,-7.62,-2.09,-10.86,0.94,8.73,38.39725785402992,42.61447621981
2017-01-02,-9.75,-4.11,-13.58,0.09,9.87,38.39725785402992,42.61447621981
2017-01-03,-9.36,-3.95,-13.46,0.97,6.48,38.39725785402992,42.61447621981
2017-01-04,-9.06,-4.21,-12.92,0.95,8.42,38.39725785402992,42.61447621981
2017-01-05,-10.92,-3.86,-15.75,0.0,9.12,38.39725785402992,42.61447621981
2017-01-06,-6.08,-0.5,-12.34,0.02,8.4,38.39725785402992,42.61447621981
2017-01-07,-5.83,-0.54,-9.58,0.01,10.3,38.39725785402992,42.61447621981
2017-01-08,-6.0,-0.03,-10.84,0.19,9.16,38.39725785402992,42.61447621981
2017-01-09,-6.53,-0.59,-12.96,0.86,8.12,38.39725785402992,42.61447621981
2017-01-10,-6.68,-2.46,-10.99,2.05,9.72,38.39725785402992,42.61447621981
2017-01-11,-10.48,-4.23,-15.0,0.0,10.92,38.39725785402992,42.61447621981
2017-01-12,-10.15,-3.54,-15.71,0.01,10.41,38.39725785402992,42.61447621981
2017-01-13,-9.78,-3.89,-14.77,1.64,8.62,38.39725785402992,42.61447621981
2017-01-14,-11.14,-4.0,-17.33,1.2,9.36,38.39725785402992,42.61447621981
2017-01-15,-8.19,-4.3,-11.26,0.01,8.49,38.39725785402992,42.61447621981
2017-01-16,-7.76,-1.84,-12.64,0.0,9.58,38.39725785402992,42.61447621981
2017-01-17,-3.99,-0.22,-7.3,0.0,9.73,38.39725785402992,42.61447621981
2017-01-18,-2.67,0.3,-5.0,0.0,9.72,38.39725785402992,42.61447621981
2017-01-19,-4.64,-0.5,-7.59,0.0,9.82,38.39725785402992,42.61447621981
2017-01-20,-6.53,-1.13,-12.32,0.08,9.09,38.39725785402992,42.61447621981
2017-01-21,-7.86,-3.43,-12.03,0.15,9.22,38.39725785402992,42.61447621981
2017-01-22,-12.95,-6.35,-17.19,0.0,11.63,38.39725785402992,42.61447621981
2017-01-23,-14.12,-6.3,-19.81,0.0,11.29,38.39725785402992,42.61447621981
2017-01-24,-11.07,-2.84,-17.37,0.0,12.67,38.39725785402992,42.61447621981
2017-01-25,-7.53,-2.89,-11.79,3.53,5.0,38.39725785402992,42.61447621981
2017-01-26,-5.9,-1.9,-10.04,2.34,8.57,38.39725785402992,42.61447621981
2017-01-27,-4.31,-0.96,-7.75,13.15,6.82,38.39725785402992,42.61447621981
2017-01-28,-10.99,-7.45,-15.3,9.89,5.5,38.39725785402992,42.61447621981
2017-01-29,-14.03,-7.79,-18.73,3.08,6.61,38.39725785402992,42.61447621981
2017-01-30,-13.81,-7.71,-18.95,0.28,9.72,38.39725785402992,42.61447621981
2017-01-31,-10.95,-6.49,-15.42,3.48,7.12,38.39725785402992,42.61447621981
2017-02-01,-11.26,-8.31,-13.71,4.15,4.97,38.39725785402992,42.61447621981
2017-02-02,-15.63,-8.41,-22.98,0.01,12.41,38.39725785402992,42.61447621981
2017-02-03,-11.37,-3.39,-17.15,0.0,13.65,38.39725785402992,42.61447621981
2017-02-04,-8.28,-1.94,-13.29,0.0,12.72,38.39725785402992,42.61447621981
2017-02-05,-6.91,-3.09,-9.6,0.32,10.9,38.39725785402992,42.61447621981
2017-02-06,-6.42,-1.78,-10.64,0.16,12.56,38.39725785402992,42.61447621981
2017-02-07,-5.24,-0.84,-9.18,0.0,13.22,38.39725785402992,42.61447621981
2017-02-08,-4.1,-0.54,-8.04,0.01,12.92,38.39725785402992,42.61447621981
2017-02-09,-3.79,-1.31,-6.26,1.96,10.53,38.39725785402992,42.61447621981
2017-02-10,-4.91,-1.56,-7.86,0.0,11.77,38.39725785402992,42.61447621981
2017-02-11,-6.15,-2.29,-9.9,0.0,11.56,38.39725785402992,42.61447621981
2017-02-12,-5.56,-2.07,-8.88,0.16,11.29,38.39725785402992,42.61447621981
2017-02-13,-5.27,-2.95,-6.97,1.54,11.88,38.39725785402992,42.61447621981
2017-02-14,-6.02,-2.95,-8.16,2.42,9.4,38.39725785402992,42.61447621981
2017-02-15,-7.98,-5.3,-14.19,6.58,6.14,38.39725785402992,42.61447621981
2017-02-16,-13.7,-7.98,-19.31,3.22,10.66,38.39725785402992,42.61447621981
2017-02-17,-18.18,-9.99,-25.58,0.09,14.84,38.39725785402992,42.61447621981
2017-02-18,-15.51,-6.19,-25.53,0.0,16.09,38.39725785402992,42.61447621981
2017-02-19,-8.49,-1.36,-15.84,0.0,16.93,38.39725785402992,42.61447621981
2017-02-20,-4.73,0.34,-10.34,0.0,14.82,38.39725785402992,42.61447621981
2017-02-21,-4.25,-0.37,-8.07,0.0,17.5,38.39725785402992,42.61447621981
2017-02-22,-4.12,-0.4,-6.95,0.01,15.51,38.39725785402992,42.61447621981
2017-02-23,-3.81,-0.32,-7.11,0.68,13.05,38.39725785402992,42.61447621981
2017-02-24,-2.31,1.24,-5.6,0.0,17.78,38.39725785402992,42.61447621981
2017-02-25,-1.52,1.35,-4.17,0.0,16.12,38.39725785402992,42.61447621981
2017-02-26,-1.18,1.63,-3.63,0.0,15.51,38.39725785402992,42.61447621981
2017-02-27,0.53,4.1,-3.2,0.0,15.83,38.39725785402992,42.61447621981
2017-02-28,1.54,5.23,-1.46,0.0,16.66,38.39725785402992,42.61447621981
2017-03-01,3.03,8.18,-0.7,0.0,13.58,38.39725785402992,42.61447621981
2017-03-02,2.72,5.35,0.29,0.27,9.81,38.39725785402992,42.61447621981
2017-03-03,2.37,6.08,0.06,1.05,9.15,38.39725785402992,42.61447621981
2017-03-04,1.42,4.19,-1.4,4.3,10.97,38.39725785402992,42.61447621981
2017-03-05,1.55,6.12,-1.91,0.0,16.84,38.39725785402992,42.61447621981
2017-03-06,2.92,6.86,-0.51,0.0,18.85,38.39725785402992,42.61447621981
2017-03-07,3.65,6.98,1.38,0.0,17.68,38.39725785402992,42.61447621981
2017-03-08,3.12,6.21,1.26,0.11,17.47,38.39725785402992,42.61447621981
2017-03-09,3.48,7.02,1.19,0.0,17.52,38.39725785402992,42.61447621981
2017-03-10,5.62,10.44,1.63,0.0,18.07,38.39725785402992,42.61447621981
2017-03-11,4.72,8.7,1.93,3.3,7.23,38.39725785402992,42.61447621981
2017-03-12,2.73,7.14,-0.1,1.3,15.69,38.39725785402992,42.61447621981
2017-03-13,1.72,4.4,-0.19,5.27,6.46,38.39725785402992,42.61447621981
2017-03-14,1.7,6.19,-0.82,1.35,12.47,38.39725785402992,42.61447621981
2017-03-15,0.35,2.38,-1.01,9.9,10.88,38.39725785402992,42.61447621981
2017-03-16,-1.07,-0.13,-3.22,7.59,6.61,38.39725785402992,42.61447621981
2017-03-17,-1.57,0.77,-4.15,3.07,14.08,38.39725785402992,42.61447621981
2017-03-18,-0.78,1.43,-3.24,14.23,9.09,38.39725785402992,42.61447621981
2017-03-19,0.73,4.94,-3.41,0.37,12.39,38.39725785402992,42.61447621981
2017-03-20,0.23,3.27,-4.05,2.44,7.86,38.39725785402992,42.61447621981
2017-03-21,-2.49,0.23,-4.82,0.63,13.0,38.39725785402992,42.61447621981
2017-03-22,-1.94,0.23,-3.74,6.34,6.5,38.39725785402992,42.61447621981
2017-03-23,-0.06,4.34,-4.23,0.06,12.47,38.39725785402992,42.61447621981
2017-03-24,2.18,7.05,-1.92,0.0,14.04,38.39725785402992,42.61447621981
2017-03-25,3.24,6.95,-0.08,0.0,16.92,38.39725785402992,42.61447621981
2017-03-26,4.29,8.68,0.53,0.0,18.27,38.39725785402992,42.61447621981
2017-03-27,3.33,6.4,0.17,0.25,16.55,38.39725785402992,42.61447621981
2017-03-28,3.32,6.65,0.18,1.24,16.7,38.39725785402992,42.61447621981
2017-03-29,4.6,8.82,1.8,1.05,15.67,38.39725785402992,42.61447621981
2017-03-30,5.78,10.32,2.55,0.0,16.45,38.39725785402992,42.61447621981
2017-03-31,4.27,7.27,1.43,1.93,12.23,38.39725785402992,42.61447621981
2017-04-01,3.7,6.75,1.24,2.59,13.52,38.39725785402992,42.61447621981
2017-04-02,2.25,5.38,0.37,4.89,12.15,38.39725785402992,42.61447621981
2017-04-03,0.97,2.64,-0.43,9.58,12.15,38.39725785402992,42.61447621981
2017-04-04,3.24,7.87,-1.82,0.0,20.53,38.39725785402992,42.61447621981
2017-04-05,6.98,12.14,2.47,0.0,22.01,38.39725785402992,42.61447621981
2017-04-06,7.6,12.42,3.99,0.01,22.89,38.39725785402992,42.61447621981
2017-04-07,6.35,10.59,3.57,7.42,10.02,38.39725785402992,42.61447621981
2017-04-08,4.69,8.05,1.82,2.6,15.53,38.39725785402992,42.61447621981
2017-04-09,3.35,7.27,-0.7,8.39,8.51,38.39725785402992,42.61447621981
2017-04-10,2.14,7.88,-2.34,0.09,20.11,38.39725785402992,42.61447621981
2017-04-11,3.25,8.2,-0.93,0.0,17.02,38.39725785402992,42.61447621981
2017-04-12,5.63,11.78,-0.78,0.02,22.37,38.39725785402992,42.61447621981
2017-04-13,9.88,13.37,6.56,8.21,6.59,38.39725785402992,42.61447621981
2017-04-14,8.39,11.72,4.73,14.35,6.39,38.39725785402992,42.61447621981
2017-04-15,6.42,9.86,3.76,2.91,13.47,38.39725785402992,42.61447621981
2017-04-16,6.54,10.51,3.66,0.03,16.58,38.39725785402992,42.61447621981
2017-04-17,7.36,11.47,4.51,0.17,21.77,38.39725785402992,42.61447621981
2017-04-18,7.1,11.52,4.18,3.58,14.88,38.39725785402992,42.61447621981
2017-04-19,6.42,10.56,3.64,1.35,21.08,38.39725785402992,42.61447621981
2017-04-20,7.02,11.25,3.63,0.01,22.45,38.39725785402992,42.61447621981
2017-04-21,8.25,13.69,3.67,0.0,20.7,38.39725785402992,42.61447621981
2017-04-22,10.23,15.54,4.67,0.0,23.98,38.39725785402992,42.61447621981
2017-04-23,11.17,17.58,5.92,3.57,14.13,38.39725785402992,42.61447621981
2017-04-24,6.4,10.8,2.14,0.04,28.28,38.39725785402992,42.61447621981
2017-04-25,5.57,11.09,0.53,0.0,29.15,38.39725785402992,42.61447621981
2017-04-26,8.03,13.48,1.77,0.0,28.22,38.39725785402992,42.61447621981
2017-04-27,10.53,14.78,5.18,0.0,28.52,38.39725785402992,42.61447621981
2017-04-28,12.2,16.49,6.52,0.12,23.07,38.39725785402992,42.61447621981
2017-04-29,10.87,14.51,7.03,0.71,21.26,38.39725785402992,42.61447621981
2017-04-30,11.76,15.63,8.1,0.0,23.96,38.39725785402992,42.61447621981
2017-05-01,13.18,17.9,6.92,1.75,18.39,38.39725785402992,42.61447621981
2017-05-02,9.21,13.35,5.83,4.04,9.4,38.39725785402992,42.61447621981
2017-05-03,8.91,12.44,5.41,0.59,11.28,38.39725785402992,42.61447621981
2017-05-04,9.61,14.06,5.99,0.28,18.78,38.39725785402992,42.61447621981
2017-05-05,10.09,13.39,7.79,3.86,16.82,38.39725785402992,42.61447621981
2017-05-06,10.34,12.65,8.48,1.62,18.82,38.39725785402992,42.61447621981
2017-05-07,9.84,12.8,6.56,9.92,8.74,38.39725785402992,42.61447621981
2017-05-08,10.09,14.21,6.09,0.15,23.2,38.39725785402992,42.61447621981
2017-05-09,11.13,14.75,7.08,0.54,22.22,38.39725785402992,42.61447621981
2017-05-10,13.77,19.0,7.62,0.82,22.31,38.39725785402992,42.61447621981
2017-05-11,14.52,19.82,9.09,0.03,23.96,38.39725785402992,42.61447621981
2017-05-12,12.77,19.0,6.32,0.0,28.63,38.39725785402992,42.61447621981
2017-05-13,14.37,19.88,7.61,0.0,28.85,38.39725785402992,42.61447621981
2017-05-14,16.28,20.59,11.15,0.54,28.02,38.39725785402992,42.61447621981
2017-05-15,12.54,18.42,7.89,14.36,13.39,38.39725785402992,42.61447621981
2017-05-16,11.73,16.89,6.53,0.11,27.63,38.39725785402992,42.61447621981
2017-05-17,13.45,18.2,7.63,0.0,30.46,38.39725785402992,42.61447621981
2017-05-18,15.36,20.8,9.93,0.02,28.68,38.39725785402992,42.61447621981
2017-05-19,15.63,21.09,11.13,2.61,18.53,38.39725785402992,42.61447621981
2017-05-20,12.25,16.19,8.83,2.45,23.51,38.39725785402992,42.61447621981
2017-05-21,8.66,11.46,6.21,11.06,21.24,38.39725785402992,42.61447621981
2017-05-22,10.27,15.3,5.81,0.02,23.95,38.39725785402992,42.61447621981
2017-05-23,8.46,12.9,4.44,8.76,7.71,38.39725785402992,42.61447621981
2017-05-24,10.39,16.05,4.61,2.98,23.65,38.39725785402992,42.61447621981
2017-05-25,11.2,16.06,6.46,0.01,31.28,38.39725785402992,42.61447621981
2017-05-26,12.92,16.95,9.43,0.07,23.23,38.39725785402992,42.61447621981
2017-05-27,14.76,20.14,9.3,0.41,28.2,38.39725785402992,42.61447621981
2017-05-28,13.53,18.18,7.18,0.04,29.98,38.39725785402992,42.61447621981
2017-05-29,16.82,21.84,12.29,0.12,28.52,38.39725785402992,42.61447621981
2017-05-30,15.66,20.97,10.08,0.0,31.4,38.39725785402992,42.61447621981
2017-05-31,14.43,19.94,9.04,0.0,31.73,38.39725785402992,42.61447621981
2017-06-01,12.28,16.59,8.95,0.36,22.21,38.39725785402992,42.61447621981
2017-06-02,12.39,17.41,7.59,0.01,28.33,38.39725785402992,42.61447621981
2017-06-03,15.52,20.68,8.13,0.0,32.3,38.39725785402992,42.61447621981
2017-06-04,18.43,22.42,14.46,0.0,30.09,38.39725785402992,42.61447621981
2017-06-05,19.94,24.52,13.87,0.0,31.48,38.39725785402992,42.61447621981
2017-06-06,21.34,26.46,16.09,0.01,29.35,38.39725785402992,42.61447621981
2017-06-07,19.22,24.15,14.18,0.0,31.32,38.39725785402992,42.61447621981
2017-06-08,20.4,25.09,15.75,0.0,31.66,38.39725785402992,42.61447621981
2017-06-09,21.27,26.33,17.09,0.0,31.97,38.39725785402992,42.61447621981
2017-06-10,20.52,25.72,14.51,0.0,31.34,38.39725785402992,42.61447621981
2017-06-11,18.34,23.77,13.29,0.0,31.79,38.39725785402992,42.61447621981
2017-06-12,19.28,24.19,15.18,0.0,31.85,38.39725785402992,42.61447621981
2017-06-13,19.82,24.89,14.66,0.0,32.34,38.39725785402992,42.61447621981
2017-06-14,19.62,25.17,11.6,0.43,22.89,38.39725785402992,42.61447621981
2017-06-15,16.17,21.77,9.88,0.06,30.29,38.39725785402992,42.61447621981
2017-06-16,17.5,22.0,13.48,0.26,26.47,38.39725785402992,42.61447621981
2017-06-17,17.34,23.45,9.8,0.0,31.57,38.39725785402992,42.61447621981
2017-06-18,18.8,23.4,14.44,0.0,28.35,38.39725785402992,42.61447621981
2017-06-19,19.07,25.2,13.7,0.0,30.27,38.39725785402992,42.61447621981
2017-06-20,17.89,23.42,12.9,0.01,26.73,38.39725785402992,42.61447621981
2017-06-21,17.13,23.04,11.41,0.06,29.47,38.39725785402992,42.61447621981
2017-06-22,16.28,20.68,11.34,1.25,22.74,38.39725785402992,42.61447621981
2017-06-23,17.36,23.59,10.84,0.0,29.15,38.39725785402992,42.61447621981
2017-06-24,19.74,25.54,13.24,0.0,30.33,38.39725785402992,42.61447621981
2017-06-25,20.35,26.16,13.42,0.0,31.22,38.39725785402992,42.61447621981
2017-06-26,22.98,29.07,15.49,0.0,31.76,38.39725785402992,42.61447621981
2017-06-27,25.46,31.04,19.09,0.0,31.95,38.39725785402992,42.61447621981
2017-06-28,26.1,31.49,20.68,0.0,32.44,38.39725785402992,42.61447621981
2017-06-29,23.76,29.64,16.84,0.13,31.35,38.39725785402992,42.61447621981
2017-06-30,22.65,28.03,17.11,0.0,29.29,38.39725785402992,42.61447621981
2017-07-01,21.66,27.06,16.76,0.0,31.49,38.39725785402992,42.61447621981
2017-07-02,22.54,29.19,15.02,0.0,30.94,38.39725785402992,42.61447621981
2017-07-03,24.39,30.22,17.47,0.0,30.13,38.39725785402992,42.61447621981
2017-07-04,26.53,31.8,20.75,0.0,30.44,38.39725785402992,42.61447621981
2017-07-05,26.75,32.79,21.23,0.05,30.91,38.39725785402992,42.61447621981
2017-07-06,24.97,32.1,18.66,0.0,30.63,38.39725785402992,42.61447621981
2017-07-07,23.61,29.45,15.78,0.07,26.34,38.39725785402992,42.61447621981
2017-07-08,21.87,29.47,13.78,0.0,31.12,38.39725785402992,42.61447621981
2017-07-09,23.47,29.89,17.77,0.0,32.03,38.39725785402992,42.61447621981
2017-07-10,24.94,30.99,19.61,0.0,31.93,38.39725785402992,42.61447621981
2017-07-11,23.41,28.96,15.92,0.0,30.52,38.39725785402992,42.61447621981
2017-07-12,23.65,29.12,17.17,0.15,28.05,38.39725785402992,42.61447621981
2017-07-13,25.04,30.17,20.25,0.76,25.37,38.39725785402992,42.61447621981
2017-07-14,24.69,28.74,20.5,0.03,26.84,38.39725785402992,42.61447621981
2017-07-15,25.45,30.3,20.86,0.01,28.98,38.39725785402992,42.61447621981
2017-07-16,25.9,30.86,20.74,0.0,29.68,38.39725785402992,42.61447621981
2017-07-17,26.7,32.63,20.66,0.0,30.94,38.39725785402992,42.61447621981
2017-07-18,26.68,33.03,21.24,0.0,29.96,38.39725785402992,42.61447621981
2017-07-19,26.61,32.39,21.49,0.0,30.27,38.39725785402992,42.61447621981
2017-07-20,26.11,32.65,18.47,0.0,30.65,38.39725785402992,42.61447621981
2017-07-21,26.29,32.94,19.26,0.0,31.11,38.39725785402992,42.61447621981
2017-07-22,27.91,33.58,22.68,0.0,29.62,38.39725785402992,42.61447621981
2017-07-23,26.75,32.18,22.17,0.0,29.91,38.39725785402992,42.61447621981
2017-07-24,24.77,31.11,18.85,0.28,29.92,38.39725785402992,42.61447621981
2017-07-25,24.44,29.91,20.25,0.05,30.12,38.39725785402992,42.61447621981
2017-07-26,25.16,30.46,19.88,0.0,29.46,38.39725785402992,42.61447621981
2017-07-27,25.86,31.91,18.34,0.0,30.03,38.39725785402992,42.61447621981
2017-07-28,26.09,31.97,20.35,0.0,30.03,38.39725785402992,42.61447621981
2017-07-29,25.67,31.11,20.58,0.0,29.29,38.39725785402992,42.61447621981
2017-07-30,25.47,32.45,17.11,0.0,29.39,38.39725785402992,42.61447621981
2017-07-31,26.45,33.68,19.64,0.04,27.9,38.39725785402992,42.61447621981
2017-08-01,26.86,33.84,20.78,0.5,27.25,38.39725785402992,42.61447621981
2017-08-02,26.88,33.01,20.76,0.21,27.39,38.39725785402992,42.61447621981
2017-08-03,27.56,33.26,20.53,0.0,23.88,38.39725785402992,42.61447621981
2017-08-04,27.4,33.33,21.44,0.0,28.63,38.39725785402992,42.61447621981
2017-08-05,25.93,32.17,20.75,0.0,29.5,38.39725785402992,42.61447621981
2017-08-06,25.79,31.91,21.47,0.0,29.46,38.39725785402992,42.61447621981
2017-08-07,25.84,32.66,19.54,0.0,29.34,38.39725785402992,42.61447621981
2017-08-08,26.15,32.86,19.99,0.0,29.63,38.39725785402992,42.61447621981
2017-08-09,26.65,33.46,18.94,0.0,28.18,38.39725785402992,42.61447621981
2017-08-10,27.24,33.37,20.67,0.0,25.65,38.39725785402992,42.61447621981
2017-08-11,26.65,32.13,19.88,0.0,26.81,38.39725785402992,42.61447621981
2017-08-12,27.67,33.15,22.84,0.0,26.17,38.39725785402992,42.61447621981
2017-08-13,25.67,31.67,20.21,0.0,27.51,38.39725785402992,42.61447621981
2017-08-14,25.06,31.04,19.92,0.0,26.45,38.39725785402992,42.61447621981
2017-08-15,24.42,29.57,18.14,0.01,22.09,38.39725785402992,42.61447621981
2017-08-16,24.47,27.46,21.01,1.03,15.34,38.39725785402992,42.61447621981
2017-08-17,24.83,30.68,20.12,1.49,23.19,38.39725785402992,42.61447621981
2017-08-18,24.12,29.84,19.21,0.2,26.38,38.39725785402992,42.61447621981
2017-08-19,24.5,30.54,18.77,0.0,27.22,38.39725785402992,42.61447621981
2017-08-20,24.59,30.5,20.03,0.0,27.58,38.39725785402992,42.61447621981
2017-08-21,24.71,30.37,20.25,0.0,27.41,38.39725785402992,42.61447621981
2017-08-22,24.88,31.58,20.25,0.0,26.76,38.39725785402992,42.61447621981
2017-08-23,24.6,30.86,19.47,0.0,27.2,38.39725785402992,42.61447621981
2017-08-24,23.97,31.59,16.65,0.0,27.53,38.39725785402992,42.61447621981
2017-08-25,24.36,31.89,16.81,0.0,27.28,38.39725785402992,42.61447621981
2017-08-26,24.12,31.48,16.36,0.0,26.13,38.39725785402992,42.61447621981
2017-08-27,24.34,31.09,17.47,0.0,25.77,38.39725785402992,42.61447621981
2017-08-28,23.77,29.65,18.78,0.0,25.52,38.39725785402992,42.61447621981
2017-08-29,22.7,28.23,18.11,0.0,25.48,38.39725785402992,42.61447621981
2017-08-30,22.53,28.4,18.03,0.0,26.1,38.39725785402992,42.61447621981
2017-08-31,22.53,28.48,16.9,0.0,25.69,38.39725785402992,42.61447621981
2017-09-01,24.04,30.01,19.27,0.0,23.94,38.39725785402992,42.61447621981
2017-09-02,23.1,29.03,18.74,0.0,24.95,38.39725785402992,42.61447621981
2017-09-03,22.2,28.35,15.62,0.0,25.07,38.39725785402992,42.61447621981
2017-09-04,23.73,29.68,17.77,0.0,24.44,38.39725785402992,42.61447621981
2017-09-05,23.7,29.91,17.91,0.0,24.68,38.39725785402992,42.61447621981
2017-09-06,22.78,28.9,17.08,0.0,22.38,38.39725785402992,42.61447621981
2017-09-07,19.0,24.99,12.44,0.0,24.33,38.39725785402992,42.61447621981
2017-09-08,18.13,25.43,10.62,0.0,24.89,38.39725785402992,42.61447621981
2017-09-09,21.91,28.77,14.7,0.0,24.81,38.39725785402992,42.61447621981
2017-09-10,23.26,29.69,18.02,0.0,24.81,38.39725785402992,42.61447621981
2017-09-11,21.89,28.29,14.08,0.0,24.26,38.39725785402992,42.61447621981
2017-09-12,22.38,28.54,16.01,0.0,24.11,38.39725785402992,42.61447621981
2017-09-13,22.58,27.96,17.47,0.0,23.32,38.39725785402992,42.61447621981
2017-09-14,22.93,29.34,15.84,0.0,23.0,38.39725785402992,42.61447621981
2017-09-15,23.25,29.49,17.72,0.0,21.68,38.39725785402992,42.61447621981
2017-09-16,23.41,29.0,18.57,0.0,20.38,38.39725785402992,42.61447621981
2017-09-17,21.41,26.99,16.08,0.0,21.45,38.39725785402992,42.61447621981
2017-09-18,21.62,27.27,16.76,0.0,21.29,38.39725785402992,42.61447621981
2017-09-19,22.28,27.83,17.07,0.0,20.25,38.39725785402992,42.61447621981
2017-09-20,22.92,28.23,18.11,0.0,19.13,38.39725785402992,42.61447621981
2017-09-21,23.05,28.44,19.37,0.03,16.68,38.39725785402992,42.61447621981
2017-09-22,21.49,27.31,17.41,0.0,19.29,38.39725785402992,42.61447621981
2017-09-23,20.13,25.17,15.44,0.0,21.16,38.39725785402992,42.61447621981
2017-09-24,18.03,24.69,12.84,0.0,21.31,38.39725785402992,42.61447621981
2017-09-25,18.59,23.88,14.6,0.0,20.32,38.39725785402992,42.61447621981
2017-09-26,18.73,23.0,14.73,0.01,16.62,38.39725785402992,42.61447621981
2017-09-27,17.11,23.11,12.77,0.0,20.01,38.39725785402992,42.61447621981
2017-09-28,16.26,21.94,12.27,0.0,18.46,38.39725785402992,42.61447621981
2017-09-29,15.93,21.09,12.5,0.0,17.67,38.39725785402992,42.61447621981
2017-09-30,15.55,20.2,11.61,0.04,15.74,38.39725785402992,42.61447621981
2017-10-01,14.96,20.3,10.7,0.01,18.37,38.39725785402992,42.61447621981
2017-10-02,12.48,17.22,9.38,1.94,12.08,38.39725785402992,42.61447621981
2017-10-03,11.25,16.03,6.24,1.24,13.05,38.39725785402992,42.61447621981
2017-10-04,8.04,13.0,4.48,0.68,13.29,38.39725785402992,42.61447621981
2017-10-05,8.26,14.21,3.51,0.0,19.44,38.39725785402992,42.61447621981
2017-10-06,9.86,15.56,4.24,0.0,19.8,38.39725785402992,42.61447621981
2017-10-07,11.78,16.98,8.21,0.0,19.77,38.39725785402992,42.61447621981
2017-10-08,12.12,17.64,8.43,0.0,18.84,38.39725785402992,42.61447621981
2017-10-09,12.77,17.63,8.46,0.04,12.59,38.39725785402992,42.61447621981
2017-10-10,12.84,17.59,8.9,1.23,12.63,38.39725785402992,42.61447621981
2017-10-11,11.58,16.1,8.26,0.37,13.99,38.39725785402992,42.61447621981
2017-10-12,11.79,16.45,8.8,0.01,12.41,38.39725785402992,42.61447621981
2017-10-13,10.79,15.36,6.37,0.01,16.77,38.39725785402992,42.61447621981
2017-10-14,11.08,16.16,8.08,0.0,17.89,38.39725785402992,42.61447621981
2017-10-15,10.39,15.87,5.95,0.0,17.67,38.39725785402992,42.61447621981
2017-10-16,8.95,15.59,2.11,0.0,16.87,38.39725785402992,42.61447621981
2017-10-17,4.83,10.69,-0.18,0.0,17.95,38.39725785402992,42.61447621981
2017-10-18,8.89,15.13,2.45,0.0,17.26,38.39725785402992,42.61447621981
2017-10-19,10.66,15.5,5.97,0.0,16.71,38.39725785402992,42.61447621981
2017-10-20,10.8,15.22,7.11,0.0,16.33,38.39725785402992,42.61447621981
2017-10-21,10.62,15.76,6.75,0.0,15.0,38.39725785402992,42.61447621981
2017-10-22,9.56,14.65,6.28,0.0,15.26,38.39725785402992,42.61447621981
2017-10-23,9.63,15.4,5.41,0.0,16.3,38.39725785402992,42.61447621981
2017-10-24,10.36,15.61,6.58,0.0,14.56,38.39725785402992,42.61447621981
2017-10-25,11.75,17.32,7.85,0.0,14.39,38.39725785402992,42.61447621981
2017-10-26,11.86,17.42,8.27,0.0,14.12,38.39725785402992,42.61447621981
2017-10-27,10.86,16.48,6.81,0.0,14.64,38.39725785402992,42.61447621981
2017-10-28,8.88,14.18,3.71,13.4,3.92,38.39725785402992,42.61447621981
2017-10-29,8.29,12.37,4.27,0.53,7.56,38.39725785402992,42.61447621981
2017-10-30,7.94,12.06,4.8,0.81,7.52,38.39725785402992,42.61447621981
2017-10-31,6.33,9.83,4.03,7.65,5.45,38.39725785402992,42.61447621981
2017-11-01,5.72,8.94,1.85,8.95,8.4,38.39725785402992,42.61447621981
2017-11-02,4.3,9.5,0.12,0.04,12.81,38.39725785402992,42.61447621981
2017-11-03,6.6,10.76,3.4,0.01,11.31,38.39725785402992,42.61447621981
2017-11-04,5.96,10.27,2.87,0.0,9.96,38.39725785402992,42.61447621981
2017-11-05,7.27,11.88,3.91,0.0,11.86,38.39725785402992,42.61447621981
2017-11-06,6.81,10.53,3.71,2.65,4.55,38.39725785402992,42.61447621981
2017-11-07,8.87,11.59,6.65,0.78,8.56,38.39725785402992,42.61447621981
2017-11-08,7.65,10.79,5.09,4.65,4.15,38.39725785402992,42.61447621981
2017-11-09,6.59,9.22,4.85,5.92,7.19,38.39725785402992,42.61447621981
2017-11-10,7.14,11.57,4.5,0.49,10.9,38.39725785402992,42.61447621981
2017-11-11,5.94,9.27,3.43,0.44,9.39,38.39725785402992,42.61447621981
2017-11-12,4.71,9.55,1.71,0.04,12.61,38.39725785402992,42.61447621981
2017-11-13,6.49,11.38,1.9,0.0,12.74,38.39725785402992,42.61447621981
2017-11-14,7.63,13.13,4.8,0.0,12.27,38.39725785402992,42.61447621981
2017-11-15,6.56,11.09,3.32,0.0,12.05,38.39725785402992,42.61447621981
2017-11-16,6.2,11.96,1.48,0.0,12.35,38.39725785402992,42.61447621981
2017-11-17,6.55,11.27,2.8,0.0,12.06,38.39725785402992,42.61447621981
2017-11-18,6.46,11.6,3.68,0.0,11.67,38.39725785402992,42.61447621981
2017-11-19,4.84,9.56,1.29,1.64,2.96,38.39725785402992,42.61447621981
2017-11-20,3.73,7.08,0.23,3.08,5.64,38.39725785402992,42.61447621981
2017-11-21,5.1,7.67,1.48,4.58,5.01,38.39725785402992,42.61447621981
2017-11-22,-0.7,1.15,-3.34,2.65,4.82,38.39725785402992,42.61447621981
2017-11-23,-3.27,-0.04,-5.08,2.68,7.35,38.39725785402992,42.61447621981
2017-11-24,-5.25,-2.9,-7.59,4.1,6.5,38.39725785402992,42.61447621981
2017-11-25,-4.21,-0.48,-7.35,0.06,7.48,38.39725785402992,42.61447621981
2017-11-26,-2.34,0.99,-5.02,0.0,7.32,38.39725785402992,42.61447621981
2017-11-27,-0.93,2.82,-3.77,0.0,7.72,38.39725785402992,42.61447621981
2017-11-28,-0.54,3.43,-3.53,0.04,4.48,38.39725785402992,42.61447621981
2017-11-29,0.39,3.77,-1.66,2.09,4.81,38.39725785402992,42.61447621981
2017-11-30,-0.13,2.79,-1.88,2.14,7.04,38.39725785402992,42.61447621981
2017-12-01,-0.63,3.82,-3.67,0.36,9.38,38.39725785402992,42.61447621981
2017-12-02,0.87,5.7,-2.32,0.0,9.81,38.39725785402992,42.61447621981
2017-12-03,1.2,5.76,-2.12,0.0,9.71,38.39725785402992,42.61447621981
2017-12-04,3.51,8.88,-0.24,0.0,9.45,38.39725785402992,42.61447621981
2017-12-05,2.21,6.9,-0.11,0.0,6.67,38.39725785402992,42.61447621981
2017-12-06,-0.39,2.36,-2.6,8.2,3.1,38.39725785402992,42.61447621981
2017-12-07,-5.58,-3.42,-7.36,3.23,4.32,38.39725785402992,42.61447621981
2017-12-08,-4.75,0.21,-9.47,0.0,6.0,38.39725785402992,42.61447621981
2017-12-09,-3.36,1.55,-6.96,0.0,7.52,38.39725785402992,42.61447621981
2017-12-10,-3.28,1.96,-6.54,0.0,7.41,38.39725785402992,42.61447621981
2017-12-11,-2.68,2.72,-6.89,0.0,6.64,38.39725785402992,42.61447621981
2017-12-12,-1.62,4.11,-6.33,0.01,6.83,38.39725785402992,42.61447621981
2017-12-13,0.38,6.48,-4.92,0.0,7.66,38.39725785402992,42.61447621981
2017-12-14,2.42,4.62,1.09,0.0,7.31,38.39725785402992,42.61447621981
2017-12-15,1.96,6.09,-0.96,0.0,7.05,38.39725785402992,42.61447621981
2017-12-16,1.34,6.25,-2.41,0.07,7.78,38.39725785402992,42.61447621981
2017-12-17,0.59,4.34,-2.36,0.14,7.68,38.39725785402992,42.61447621981
2017-12-18,0.26,4.85,-3.16,0.0,5.81,38.39725785402992,42.61447621981
2017-12-19,0.77,3.85,-0.97,0.3,3.26,38.39725785402992,42.61447621981
2017-12-20,1.53,3.16,-0.17,2.38,4.07,38.39725785402992,42.61447621981
2017-12-21,2.96,7.04,0.34,0.19,7.71,38.39725785402992,42.61447621981
2017-12-22,2.21,5.38,0.39,0.48,2.71,38.39725785402992,42.61447621981
2017-12-23,2.73,5.87,0.98,2.79,3.9,38.39725785402992,42.61447621981
2017-12-24,0.49,2.14,-0.43,7.45,3.11,38.39725785402992,42.61447621981
2017-12-25,0.14,3.09,-2.98,0.41,7.3,38.39725785402992,42.61447621981
2017-12-26,-0.31,3.47,-2.87,0.0,8.98,38.39725785402992,42.61447621981
2017-12-27,2.0,7.28,-0.59,0.0,8.75,38.39725785402992,42.61447621981
2017-12-28,2.07,5.2,0.25,0.0,8.59,38.39725785402992,42.61447621981
2017-12-29,2.02,5.86,0.24,0.11,8.38,38.39725785402992,42.61447621981
2017-12-30,2.87,8.08,0.54,2.36,5.13,38.39725785402992,42.61447621981
2017-12-31,1.87,6.65,-0.67,2.04,7.0,38.39725785402992,42.61447621981
2018-01-01,0.92,4.06,-1.34,4.69,2.41,38.39725785402992,42.61447621981
2018-01-02,-1.59,1.09,-3.58,2.03,4.5,38.39725785402992,42.61447621981
2018-01-03,-2.18,1.95,-4.23,0.0,10.44,38.39725785402992,42.61447621981
2018-01-04,-1.13,2.6,-3.9,1.41,5.77,38.39725785402992,42.61447621981
2018-01-05,-1.06,1.45,-3.14,1.6,5.88,38.39725785402992,42.61447621981
2018-01-06,-1.88,1.61,-4.39,0.0,9.03,38.39725785402992,42.61447621981
2018-01-07,-2.45,2.38,-6.03,0.0,9.65,38.39725785402992,42.61447621981
2018-01-08,-1.33,3.31,-4.34,0.0,10.88,38.39725785402992,42.61447621981
2018-01-09,-1.11,4.42,-4.21,0.0,10.39,38.39725785402992,42.61447621981
2018-01-10,-1.02,2.5,-4.26,0.0,10.74,38.39725785402992,42.61447621981
2018-01-11,-1.88,1.88,-4.75,0.09,6.23,38.39725785402992,42.61447621981
2018-01-12,-1.94,2.26,-5.47,0.0,9.75,38.39725785402992,42.61447621981
2018-01-13,-1.69,3.36,-6.16,0.06,10.31,38.39725785402992,42.61447621981
2018-01-14,-1.23,2.27,-3.5,0.72,6.62,38.39725785402992,42.61447621981
2018-01-15,-1.98,1.11,-5.4,0.37,6.83,38.39725785402992,42.61447621981
2018-01-16,-3.76,-0.27,-7.76,4.49,5.2,38.39725785402992,42.61447621981
2018-01-17,-5.28,0.19,-10.04,0.81,5.59,38.39725785402992,42.61447621981
2018-01-18,-2.57,0.93,-6.34,5.1,4.8,38.39725785402992,42.61447621981
2018-01-19,-0.43,2.41,-2.98,8.55,5.92,38.39725785402992,42.61447621981
2018-01-20,-3.3,0.64,-7.51,2.19,8.98,38.39725785402992,42.61447621981
2018-01-21,-3.57,1.09,-8.67,0.0,8.77,38.39725785402992,42.61447621981
2018-01-22,-2.48,1.89,-6.18,0.0,8.8,38.39725785402992,42.61447621981
2018-01-23,-3.45,2.39,-9.2,0.46,9.35,38.39725785402992,42.61447621981
2018-01-24,-1.08,1.96,-3.86,2.49,4.13,38.39725785402992,42.61447621981
2018-01-25,-0.28,2.02,-2.05,2.57,2.79,38.39725785402992,42.61447621981
2018-01-26,-0.89,2.84,-2.74,2.48,3.18,38.39725785402992,42.61447621981
2018-01-27,-2.14,0.76,-6.32,0.86,8.89,38.39725785402992,42.61447621981
2018-01-28,-6.67,-0.62,-11.07,0.0,11.44,38.39725785402992,42.61447621981
2018-01-29,-8.26,-1.38,-14.53,0.0,12.16,38.39725785402992,42.61447621981
2018-01-30,-7.51,-2.75,-11.84,0.0,13.09,38.39725785402992,42.61447621981
2018-01-31,-6.02,0.01,-11.13,0.0,10.86,38.39725785402992,42.61447621981
2018-02-01,-4.05,0.46,-7.93,0.0,12.81,38.39725785402992,42.61447621981
2018-02-02,-2.01,3.48,-6.05,0.0,13.41,38.39725785402992,42.61447621981
2018-02-03,0.04,3.75,-2.76,0.0,12.29,38.39725785402992,42.61447621981
2018-02-04,0.94,3.5,-0.75,0.02,11.97,38.39725785402992,42.61447621981
2018-02-05,1.93,6.71,-0.8,0.01,9.94,38.39725785402992,42.61447621981
2018-02-06,1.62,6.16,-0.74,0.0,13.37,38.39725785402992,42.61447621981
2018-02-07,1.48,5.69,-1.2,0.0,13.65,38.39725785402992,42.61447621981
2018-02-08,2.66,7.99,-1.54,0.0,13.94,38.39725785402992,42.61447621981
2018-02-09,2.48,5.52,0.42,0.01,10.58,38.39725785402992,42.61447621981
2018-02-10,2.22,5.52,-0.27,0.01,14.41,38.39725785402992,42.61447621981
2018-02-11,2.51,7.48,0.38,0.97,10.66,38.39725785402992,42.61447621981
2018-02-12,1.19,3.92,-0.41,4.34,5.81,38.39725785402992,42.61447621981
2018-02-13,0.16,2.48,-1.34,1.27,7.33,38.39725785402992,42.61447621981
2018-02-14,0.06,4.44,-2.54,0.2,13.61,38.39725785402992,42.61447621981
2018-02-15,0.77,5.3,-2.61,0.0,14.03,38.39725785402992,42.61447621981
2018-02-16,3.43,7.38,0.22,0.03,13.68,38.39725785402992,42.61447621981
2018-02-17,3.3,7.27,0.42,4.35,10.91,38.39725785402992,42.61447621981
2018-02-18,0.73,2.11,-1.07,17.48,3.77,38.39725785402992,42.61447621981
2018-02-19,0.18,3.4,-2.55,0.85,13.56,38.39725785402992,42.61447621981
2018-02-20,0.06,3.41,-2.95,0.23,8.96,38.39725785402992,42.61447621981
2018-02-21,1.33,5.69,-0.75,0.39,9.38,38.39725785402992,42.61447621981
2018-02-22,0.98,2.89,-0.18,1.33,10.42,38.39725785402992,42.61447621981
2018-02-23,2.03,5.14,-0.59,0.05,14.2,38.39725785402992,42.61447621981
2018-02-24,1.41,4.05,-0.46,0.75,12.78,38.39725785402992,42.61447621981
2018-02-25,0.68,3.91,-1.39,4.39,9.3,38.39725785402992,42.61447621981
2018-02-26,0.13,3.4,-2.76,5.68,12.91,38.39725785402992,42.61447621981
2018-02-27,0.44,4.07,-2.86,1.06,9.79,38.39725785402992,42.61447621981
2018-02-28,1.46,6.21,-1.44,0.33,15.81,38.39725785402992,42.61447621981
2018-03-01,1.17,5.17,-1.1,2.38,6.75,38.39725785402992,42.61447621981
2018-03-02,-0.26,4.12,-2.69,1.79,10.74,38.39725785402992,42.61447621981
2018-03-03,1.78,5.43,-1.75,0.1,6.68,38.39725785402992,42.61447621981
2018-03-04,4.33,8.26,1.11,1.33,7.61,38.39725785402992,42.61447621981
2018-03-05,4.51,7.97,1.83,1.08,11.51,38.39725785402992,42.61447621981
2018-03-06,4.76,8.5,1.51,1.43,7.75,38.39725785402992,42.61447621981
2018-03-07,4.61,8.84,1.58,0.57,12.76,38.39725785402992,42.61447621981
2018-03-08,4.36,7.68,1.51,0.93,8.2,38.39725785402992,42.61447621981
2018-03-09,2.54,5.41,-1.51,9.31,5.86,38.39725785402992,42.61447621981
2018-03-10,2.02,7.5,-3.06,0.03,16.89,38.39725785402992,42.61447621981
2018-03-11,3.82,8.13,0.3,0.0,15.12,38.39725785402992,42.61447621981
2018-03-12,4.4,8.5,0.85,0.0,15.07,38.39725785402992,42.61447621981
2018-03-13,5.02,10.09,1.55,0.0,14.33,38.39725785402992,42.61447621981
2018-03-14,4.06,7.46,1.1,0.14,8.16,38.39725785402992,42.61447621981
2018-03-15,4.52,8.99,1.27,0.22,12.43,38.39725785402992,42.61447621981
2018-03-16,3.17,7.0,0.74,2.48,9.62,38.39725785402992,42.61447621981
2018-03-17,3.19,8.18,-1.79,0.64,18.26,38.39725785402992,42.61447621981
2018-03-18,6.98,12.95,1.8,0.0,18.3,38.39725785402992,42.61447621981
2018-03-19,7.75,13.15,4.05,0.0,19.31,38.39725785402992,42.61447621981
2018-03-20,7.88,14.37,3.16,0.0,20.8,38.39725785402992,42.61447621981
2018-03-21,7.02,11.11,3.56,0.02,19.99,38.39725785402992,42.61447621981
2018-03-22,6.95,12.55,2.88,0.0,16.77,38.39725785402992,42.61447621981
2018-03-23,7.81,14.19,3.07,0.0,20.23,38.39725785402992,42.61447621981
2018-03-24,8.09,14.93,3.73,5.2,8.97,38.39725785402992,42.61447621981
2018-03-25,5.59,10.75,1.29,0.43,20.62,38.39725785402992,42.61447621981
2018-03-26,6.54,12.19,2.02,0.0,19.98,38.39725785402992,42.61447621981
2018-03-27,7.77,13.51,2.89,0.0,19.62,38.39725785402992,42.61447621981
2018-03-28,9.32,14.34,4.14,1.05,15.74,38.39725785402992,42.61447621981
2018-03-29,9.78,17.09,5.17,4.62,7.55,38.39725785402992,42.61447621981
2018-03-30,4.77,7.13,1.37,3.94,13.35,38.39725785402992,42.61447621981
2018-03-31,5.08,9.88,0.43,0.02,16.17,38.39725785402992,42.61447621981
2018-04-01,7.86,12.5,2.62,0.0,24.11,38.39725785402992,42.61447621981
2018-04-02,8.7,14.04,4.6,0.0,24.15,38.39725785402992,42.61447621981
2018-04-03,7.52,12.26,2.27,0.07,17.15,38.39725785402992,42.61447621981
2018-04-04,3.95,10.24,-2.24,0.05,26.05,38.39725785402992,42.61447621981
2018-04-05,8.33,14.36,2.02,0.0,24.08,38.39725785402992,42.61447621981
2018-04-06,10.33,14.86,5.83,0.0,24.78,38.39725785402992,42.61447621981
2018-04-07,12.08,16.49,8.51,0.0,22.95,38.39725785402992,42.61447621981
2018-04-08,12.72,17.04,8.76,0.0,20.9,38.39725785402992,42.61447621981
2018-04-09,13.11,16.44,9.38,0.0,21.08,38.39725785402992,42.61447621981
2018-04-10,10.35,15.16,5.85,2.42,12.15,38.39725785402992,42.61447621981
2018-04-11,8.5,11.67,7.06,8.06,12.14,38.39725785402992,42.61447621981
2018-04-12,10.57,13.66,7.43,0.83,17.05,38.39725785402992,42.61447621981
2018-04-13,9.24,12.03,6.85,1.23,14.42,38.39725785402992,42.61447621981
2018-04-14,9.23,13.98,5.32,0.16,22.74,38.39725785402992,42.61447621981
2018-04-15,7.71,13.13,3.31,0.0,25.9,38.39725785402992,42.61447621981
2018-04-16,6.86,11.39,1.37,0.0,27.31,38.39725785402992,42.61447621981
2018-04-17,8.83,14.37,3.28,0.0,25.33,38.39725785402992,42.61447621981
2018-04-18,10.85,16.24,6.22,0.0,24.04,38.39725785402992,42.61447621981
2018-04-19,11.31,16.65,5.7,0.04,24.61,38.39725785402992,42.61447621981
2018-04-20,8.7,13.49,4.45,1.03,14.52,38.39725785402992,42.61447621981
2018-04-21,4.94,8.53,1.63,9.64,5.7,38.39725785402992,42.61447621981
2018-04-22,5.42,10.35,1.06,2.55,14.7,38.39725785402992,42.61447621981
2018-04-23,7.67,13.61,1.46,0.0,25.69,38.39725785402992,42.61447621981
2018-04-24,10.07,14.93,5.36,0.0,24.09,38.39725785402992,42.61447621981
2018-04-25,11.96,16.48,8.03,0.0,24.32,38.39725785402992,42.61447621981
2018-04-26,13.63,17.95,9.43,0.0,25.17,38.39725785402992,42.61447621981
2018-04-27,11.11,14.68,8.1,1.37,12.94,38.39725785402992,42.61447621981
2018-04-28,10.44,14.3,6.48,2.06,15.76,38.39725785402992,42.61447621981
2018-04-29,11.02,14.54,7.81,0.9,20.81,38.39725785402992,42.61447621981
2018-04-30,12.24,16.6,7.91,0.1,21.63,38.39725785402992,42.61447621981
2018-05-01,12.78,17.62,9.1,0.04,24.37,38.39725785402992,42.61447621981
2018-05-02,13.43,17.35,9.82,0.08,22.48,38.39725785402992,42.61447621981
2018-05-03,13.28,16.77,10.67,1.4,19.5,38.39725785402992,42.61447621981
2018-05-04,12.49,15.25,10.6,2.48,14.25,38.39725785402992,42.61447621981
2018-05-05,13.32,17.19,10.2,1.52,18.78,38.39725785402992,42.61447621981
2018-05-06,11.94,16.04,8.27,3.37,14.03,38.39725785402992,42.61447621981
2018-05-07,11.76,16.34,8.29,6.75,12.12,38.39725785402992,42.61447621981
2018-05-08,10.74,14.46,8.12,8.24,6.27,38.39725785402992,42.61447621981
2018-05-09,8.5,11.92,5.95,6.31,11.24,38.39725785402992,42.61447621981
2018-05-10,8.58,12.36,5.52,3.16,17.67,38.39725785402992,42.61447621981
2018-05-11,8.95,12.81,5.84,4.78,15.26,38.39725785402992,42.61447621981
2018-05-12,8.43,11.34,6.79,6.01,13.17,38.39725785402992,42.61447621981
2018-05-13,9.8,13.89,6.51,1.31,17.58,38.39725785402992,42.61447621981
2018-05-14,10.35,14.05,7.59,0.86,17.71,38.39725785402992,42.61447621981
2018-05-15,10.33,14.15,7.32,1.84,18.47,38.39725785402992,42.61447621981
2018-05-16,13.06,17.72,7.91,0.03,28.16,38.39725785402992,42.61447621981
2018-05-17,14.61,18.73,9.74,0.03,29.56,38.39725785402992,42.61447621981
2018-05-18,16.4,20.65,11.13,0.0,26.87,38.39725785402992,42.61447621981
2018-05-19,17.4,20.24,13.38,0.08,22.87,38.39725785402992,42.61447621981
2018-05-20,16.57,19.96,13.09,2.19,23.89,38.39725785402992,42.61447621981
2018-05-21,15.58,19.79,11.35,3.86,22.07,38.39725785402992,42.61447621981
2018-05-22,15.3,19.01,11.73,2.51,19.83,38.39725785402992,42.61447621981
2018-05-23,13.93,17.62,10.8,3.34,19.74,38.39725785402992,42.61447621981
2018-05-24,13.09,16.36,11.13,3.0,15.5,38.39725785402992,42.61447621981
2018-05-25,15.45,18.87,12.02,1.47,22.15,38.39725785402992,42.61447621981
2018-05-26,16.77,20.16,12.93,0.08,25.98,38.39725785402992,42.61447621981
2018-05-27,17.68,21.68,14.49,0.12,23.97,38.39725785402992,42.61447621981
2018-05-28,18.21,23.09,14.37,0.46,23.99,38.39725785402992,42.61447621981
2018-05-29,16.7,19.34,13.46,2.22,19.74,38.39725785402992,42.61447621981
2018-05-30,15.54,19.44,12.09,5.63,24.11,38.39725785402992,42.61447621981
2018-05-31,15.46,20.16,12.28,6.8,21.52,38.39725785402992,42.61447621981
2018-06-01,15.55,19.34,11.18,2.42,24.6,38.39725785402992,42.61447621981
2018-06-02,15.67,19.8,12.15,4.61,22.61,38.39725785402992,42.61447621981
2018-06-03,15.85,18.64,12.99,0.38,23.26,38.39725785402992,42.61447621981
2018-06-04,16.25,20.61,11.33,1.35,26.67,38.39725785402992,42.61447621981
2018-06-05,16.61,20.88,13.29,0.53,24.4,38.39725785402992,42.61447621981
2018-06-06,17.48,22.78,12.63,0.0,30.54,38.39725785402992,42.61447621981
2018-06-07,19.13,24.16,15.01,0.57,30.93,38.39725785402992,42.61447621981
2018-06-08,19.43,24.32,14.12,0.13,29.27,38.39725785402992,42.61447621981
2018-06-09,17.88,23.08,12.48,0.03,29.07,38.39725785402992,42.61447621981
2018-06-10,18.84,23.85,13.45,0.0,28.76,38.39725785402992,42.61447621981
2018-06-11,19.82,24.72,14.85,0.01,29.23,38.39725785402992,42.61447621981
2018-06-12,19.09,23.74,14.61,0.26,22.99,38.39725785402992,42.61447621981
2018-06-13,19.11,23.73,14.79,0.76,25.03,38.39725785402992,42.61447621981
2018-06-14,19.09,22.8,15.47,3.26,20.77,38.39725785402992,42.61447621981
2018-06-15,18.64,23.56,15.14,2.94,15.96,38.39725785402992,42.61447621981
2018-06-16,17.84,21.93,14.79,3.21,23.2,38.39725785402992,42.61447621981
2018-06-17,18.71,23.74,13.93,0.1,28.7,38.39725785402992,42.61447621981
2018-06-18,18.25,23.85,12.58,0.26,31.74,38.39725785402992,42.61447621981
2018-06-19,19.06,23.77,14.85,0.21,27.94,38.39725785402992,42.61447621981
2018-06-20,20.16,25.01,15.31,0.03,27.9,38.39725785402992,42.61447621981
2018-06-21,20.49,25.6,14.66,0.05,27.41,38.39725785402992,42.61447621981
2018-06-22,21.54,25.8,18.01,0.04,27.42,38.39725785402992,42.61447621981
2018-06-23,21.8,26.09,17.8,0.9,27.95,38.39725785402992,42.61447621981
2018-06-24,23.31,28.44,18.23,0.01,29.82,38.39725785402992,42.61447621981
2018-06-25,24.03,29.36,19.56,0.0,31.0,38.39725785402992,42.61447621981
2018-06-26,23.52,29.27,19.23,0.0,31.39,38.39725785402992,42.61447621981
2018-06-27,24.15,29.22,19.41,0.0,31.62,38.39725785402992,42.61447621981
2018-06-28,25.87,31.56,18.47,0.0,31.38,38.39725785402992,42.61447621981
2018-06-29,26.32,31.81,19.55,0.0,31.32,38.39725785402992,42.61447621981
2018-06-30,24.0,29.83,18.49,0.0,32.68,38.39725785402992,42.61447621981
2018-07-01,25.02,30.72,18.44,0.0,33.17,38.39725785402992,42.61447621981
2018-07-02,27.42,34.38,20.31,0.0,31.49,38.39725785402992,42.61447621981
2018-07-03,27.89,33.83,21.97,0.0,30.79,38.39725785402992,42.61447621981
2018-07-04,27.84,33.75,20.74,0.0,28.54,38.39725785402992,42.61447621981
2018-07-05,27.63,33.23,22.02,0.0,30.52,38.39725785402992,42.61447621981
2018-07-06,24.82,29.54,20.66,0.01,28.55,38.39725785402992,42.61447621981
2018-07-07,23.98,29.74,18.28,0.06,28.29,38.39725785402992,42.61447621981
2018-07-08,23.92,29.65,19.14,0.0,30.28,38.39725785402992,42.61447621981
2018-07-09,25.42,30.87,19.72,0.0,30.61,38.39725785402992,42.61447621981
2018-07-10,27.9,34.18,21.09,0.02,31.43,38.39725785402992,42.61447621981
2018-07-11,28.79,35.31,22.2,0.0,30.37,38.39725785402992,42.61447621981
2018-07-12,29.04,35.56,23.28,0.0,29.98,38.39725785402992,42.61447621981
2018-07-13,27.76,34.46,20.78,0.0,27.89,38.39725785402992,42.61447621981
2018-07-14,26.36,32.79,21.45,0.03,28.73,38.39725785402992,42.61447621981
2018-07-15,23.25,28.17,18.51,0.89,23.76,38.39725785402992,42.61447621981
2018-07-16,21.74,27.87,15.58,0.58,25.49,38.39725785402992,42.61447621981
2018-07-17,23.23,29.02,17.76,0.0,26.92,38.39725785402992,42.61447621981
2018-07-18,24.18,30.52,17.68,0.0,30.23,38.39725785402992,42.61447621981
2018-07-19,24.28,30.56,19.01,0.0,31.74,38.39725785402992,42.61447621981
2018-07-20,23.09,29.45,17.5,0.0,31.31,38.39725785402992,42.61447621981
2018-07-21,22.95,29.03,15.04,0.02,29.8,38.39725785402992,42.61447621981
2018-07-22,22.92,29.0,17.08,0.15,26.39,38.39725785402992,42.61447621981
2018-07-23,23.22,28.26,16.95,0.32,25.16,38.39725785402992,42.61447621981
2018-07-24,25.11,30.27,20.69,0.0,28.75,38.39725785402992,42.61447621981
2018-07-25,25.24,31.23,19.87,0.0,30.1,38.39725785402992,42.61447621981
2018-07-26,24.96,31.46,19.67,0.01,30.68,38.39725785402992,42.61447621981
2018-07-27,25.92,33.5,18.65,0.0,30.64,38.39725785402992,42.61447621981
2018-07-28,27.24,33.83,21.17,0.01,29.34,38.39725785402992,42.61447621981
2018-07-29,27.4,33.77,21.97,0.0,28.91,38.39725785402992,42.61447621981
2018-07-30,26.78,33.29,21.14,0.0,28.08,38.39725785402992,42.61447621981
2018-07-31,26.82,33.95,20.93,0.0,27.81,38.39725785402992,42.61447621981
2018-08-01,25.89,31.99,21.0,0.1,27.47,38.39725785402992,42.61447621981
2018-08-02,25.59,31.95,18.76,0.06,28.12,38.39725785402992,42.61447621981
2018-08-03,25.26,31.08,19.42,0.19,25.42,38.39725785402992,42.61447621981
2018-08-04,23.44,27.26,20.12,1.24,20.77,38.39725785402992,42.61447621981
2018-08-05,24.55,30.03,19.67,0.03,26.87,38.39725785402992,42.61447621981
2018-08-06,25.71,31.08,20.67,0.0,28.13,38.39725785402992,42.61447621981
2018-08-07,25.92,32.18,19.8,0.0,29.2,38.39725785402992,42.61447621981
2018-08-08,25.18,31.79,19.07,0.01,28.68,38.39725785402992,42.61447621981
2018-08-09,24.46,31.12,17.6,0.04,25.39,38.39725785402992,42.61447621981
2018-08-10,24.12,30.8,17.85,0.0,25.4,38.39725785402992,42.61447621981
2018-08-11,24.59,31.49,18.11,0.06,28.29,38.39725785402992,42.61447621981
2018-08-12,23.6,29.69,17.93,0.0,28.77,38.39725785402992,42.61447621981
2018-08-13,21.99,28.34,15.21,0.0,27.96,38.39725785402992,42.61447621981
2018-08-14,22.81,29.2,16.23,0.03,25.73,38.39725785402992,42.61447621981
2018-08-15,23.83,29.73,16.72,0.0,26.7,38.39725785402992,42.61447621981
2018-08-16,25.55,31.62,19.93,0.0,27.13,38.39725785402992,42.61447621981
2018-08-17,26.2,32.28,20.79,0.0,27.56,38.39725785402992,42.61447621981
2018-08-18,25.39,31.86,20.08,0.0,27.27,38.39725785402992,42.61447621981
2018-08-19,23.7,29.52,17.77,0.32,25.79,38.39725785402992,42.61447621981
2018-08-20,23.36,28.94,17.29,0.0,24.07,38.39725785402992,42.61447621981
2018-08-21,24.47,29.69,19.75,0.0,25.93,38.39725785402992,42.61447621981
2018-08-22,24.72,30.17,19.95,0.0,26.2,38.39725785402992,42.61447621981
2018-08-23,23.46,29.13,17.33,0.06,25.42,38.39725785402992,42.61447621981
2018-08-24,25.35,30.52,20.24,0.0,25.46,38.39725785402992,42.61447621981
2018-08-25,26.24,31.47,20.79,0.0,26.34,38.39725785402992,42.61447621981
2018-08-26,26.12,31.81,21.02,0.0,26.12,38.39725785402992,42.61447621981
2018-08-27,25.08,30.63,20.65,0.0,24.68,38.39725785402992,42.61447621981
2018-08-28,23.78,29.07,19.83,0.0,23.3,38.39725785402992,42.61447621981
2018-08-29,24.68,30.83,20.16,0.0,25.94,38.39725785402992,42.61447621981
2018-08-30,24.35,30.58,19.89,0.0,26.32,38.39725785402992,42.61447621981
2018-08-31,24.18,29.91,19.62,0.0,25.38,38.39725785402992,42.61447621981
2018-09-01,23.44,29.27,16.73,0.0,24.4,38.39725785402992,42.61447621981
2018-09-02,24.29,29.76,18.27,0.0,24.48,38.39725785402992,42.61447621981
2018-09-03,24.68,29.88,19.94,0.13,22.91,38.39725785402992,42.61447621981
2018-09-04,23.83,28.33,19.45,0.0,22.41,38.39725785402992,42.61447621981
2018-09-05,23.45,28.69,19.69,0.0,22.77,38.39725785402992,42.61447621981
2018-09-06,21.96,27.19,17.38,0.0,23.93,38.39725785402992,42.61447621981
2018-09-07,19.17,24.59,14.5,0.0,23.02,38.39725785402992,42.61447621981
2018-09-08,18.6,23.34,14.65,0.41,20.33,38.39725785402992,42.61447621981
2018-09-09,18.89,23.33,14.32,0.31,18.96,38.39725785402992,42.61447621981
2018-09-10,18.28,22.76,14.33,0.24,18.76,38.39725785402992,42.61447621981
2018-09-11,18.32,23.26,14.47,0.07,20.78,38.39725785402992,42.61447621981
2018-09-12,19.84,25.62,14.74,0.0,23.44,38.39725785402992,42.61447621981
2018-09-13,21.53,26.28,16.8,0.0,21.13,38.39725785402992,42.61447621981
2018-09-14,22.16,28.12,17.0,0.04,17.9,38.39725785402992,42.61447621981
2018-09-15,19.94,25.75,15.38,0.0,22.58,38.39725785402992,42.61447621981
2018-09-16,19.33,25.51,15.17,0.0,22.81,38.39725785402992,42.61447621981
2018-09-17,18.43,23.98,11.87,0.0,19.86,38.39725785402992,42.61447621981
2018-09-18,19.3,25.04,14.27,0.0,20.44,38.39725785402992,42.61447621981
2018-09-19,19.79,25.35,15.67,0.0,20.84,38.39725785402992,42.61447621981
2018-09-20,20.03,26.02,14.43,0.0,18.48,38.39725785402992,42.61447621981
2018-09-21,20.52,25.01,17.45,0.01,20.01,38.39725785402992,42.61447621981
2018-09-22,19.15,24.27,14.59,0.25,14.26,38.39725785402992,42.61447621981
2018-09-23,18.23,23.4,13.4,0.06,19.2,38.39725785402992,42.61447621981
2018-09-24,18.49,23.43,13.32,0.0,21.65,38.39725785402992,42.61447621981
2018-09-25,19.67,25.05,16.19,0.0,21.33,38.39725785402992,42.61447621981
2018-09-26,18.54,25.2,12.35,0.0,20.4,38.39725785402992,42.61447621981
2018-09-27,18.49,25.1,12.33,0.0,20.27,38.39725785402992,42.61447621981
2018-09-28,19.01,25.48,13.94,0.0,20.86,38.39725785402992,42.61447621981
2018-09-29,18.8,24.68,14.76,0.0,20.46,38.39725785402992,42.61447621981
2018-09-30,18.38,23.6,14.6,0.0,19.83,38.39725785402992,42.61447621981
2018-10-01,18.8,23.32,14.53,0.04,15.22,38.39725785402992,42.61447621981
2018-10-02,17.24,22.52,12.91,0.01,15.17,38.39725785402992,42.61447621981
2018-10-03,16.52,21.59,11.98,0.0,19.7,38.39725785402992,42.61447621981
2018-10-04,16.71,22.66,12.95,0.0,18.4,38.39725785402992,42.61447621981
2018-10-05,13.74,19.69,8.95,0.0,19.24,38.39725785402992,42.61447621981
2018-10-06,12.92,19.45,7.79,0.0,19.25,38.39725785402992,42.61447621981
2018-10-07,14.59,20.51,8.52,0.03,17.3,38.39725785402992,42.61447621981
2018-10-08,15.54,19.3,12.06,0.19,14.56,38.39725785402992,42.61447621981
2018-10-09,15.04,20.0,9.51,1.27,12.48,38.39725785402992,42.61447621981
2018-10-10,14.57,19.16,11.32,3.59,8.13,38.39725785402992,42.61447621981
2018-10-11,14.05,19.06,8.64,0.43,13.56,38.39725785402992,42.61447621981
2018-10-12,13.81,16.96,10.68,0.12,11.36,38.39725785402992,42.61447621981
2018-10-13,14.19,18.72,10.39,0.56,15.54,38.39725785402992,42.61447621981
2018-10-14,15.07,19.25,10.99,0.11,11.74,38.39725785402992,42.61447621981
2018-10-15,15.26,18.39,12.64,0.0,14.97,38.39725785402992,42.61447621981
2018-10-16,15.84,20.08,12.11,0.09,15.37,38.39725785402992,42.61447621981
2018-10-17,14.94,19.13,11.46,0.0,14.9,38.39725785402992,42.61447621981
2018-10-18,15.22,19.39,11.47,0.0,14.44,38.39725785402992,42.61447621981
2018-10-19,13.88,16.65,11.68,0.46,11.08,38.39725785402992,42.61447621981
2018-10-20,11.78,14.37,9.35,1.41,9.89,38.39725785402992,42.61447621981
2018-10-21,10.39,11.75,8.96,3.71,5.53,38.39725785402992,42.61447621981
2018-10-22,9.67,12.8,7.53,3.4,6.99,38.39725785402992,42.61447621981
2018-10-23,8.77,12.36,6.82,5.21,7.54,38.39725785402992,42.61447621981
2018-10-24,9.14,11.69,6.82,20.25,5.01,38.39725785402992,42.61447621981
2018-10-25,9.57,11.42,8.46,13.46,4.0,38.39725785402992,42.61447621981
2018-10-26,6.58,9.81,0.48,33.41,3.07,38.39725785402992,42.61447621981
2018-10-27,3.88,8.51,0.06,0.1,14.77,38.39725785402992,42.61447621981
2018-10-28,5.77,11.49,1.35,0.0,15.37,38.39725785402992,42.61447621981
2018-10-29,6.71,13.87,0.63,0.0,15.4,38.39725785402992,42.61447621981
2018-10-30,8.0,14.3,2.45,0.0,15.56,38.39725785402992,42.61447621981
2018-10-31,9.19,14.87,4.99,0.0,15.0,38.39725785402992,42.61447621981
2018-11-01,8.66,14.15,4.27,0.0,14.63,38.39725785402992,42.61447621981
2018-11-02,7.26,10.85,4.68,0.0,10.75,38.39725785402992,42.61447621981
2018-11-03,7.52,11.01,4.34,0.0,11.25,38.39725785402992,42.61447621981
2018-11-04,6.32,10.37,2.99,0.09,9.75,38.39725785402992,42.61447621981
2018-11-05,4.71,6.71,3.38,5.5,2.94,38.39725785402992,42.61447621981
2018-11-06,5.24,9.51,2.17,0.27,8.28,38.39725785402992,42.61447621981
2018-11-07,4.12,6.48,2.97,1.8,6.26,38.39725785402992,42.61447621981
2018-11-08,4.97,8.44,2.11,0.93,8.0,38.39725785402992,42.61447621981
2018-11-09,5.17,8.74,2.47,0.06,9.9,38.39725785402992,42.61447621981
2018-11-10,5.75,9.9,2.31,0.0,11.07,38.39725785402992,42.61447621981
2018-11-11,5.54,8.79,2.81,0.0,8.39,38.39725785402992,42.61447621981
2018-11-12,5.68,8.62,3.53,0.26,8.18,38.39725785402992,42.61447621981
2018-11-13,5.11,9.14,1.55,0.03,11.49,38.39725785402992,42.61447621981
2018-11-14,3.31,5.25,1.76,7.08,3.7,38.39725785402992,42.61447621981
2018-11-15,2.65,5.83,0.16,12.21,3.49,38.39725785402992,42.61447621981
2018-11-16,3.41,6.67,1.49,1.86,6.21,38.39725785402992,42.61447621981
2018-11-17,3.06,6.5,0.81,2.35,8.67,38.39725785402992,42.61447621981
2018-11-18,2.62,7.13,-1.11,0.0,7.26,38.39725785402992,42.61447621981
2018-11-19,4.44,9.05,0.8,0.0,10.48,38.39725785402992,42.61447621981
2018-11-20,5.34,10.03,2.73,0.0,9.57,38.39725785402992,42.61447621981
2018-11-21,3.58,6.81,2.03,0.75,8.03,38.39725785402992,42.61447621981
2018-11-22,2.5,4.34,1.11,8.24,2.99,38.39725785402992,42.61447621981
2018-11-23,2.27,5.03,0.35,1.73,4.55,38.39725785402992,42.61447621981
2018-11-24,2.37,6.22,-0.27,0.09,7.74,38.39725785402992,42.61447621981
2018-11-25,1.79,5.79,-1.88,0.22,9.07,38.39725785402992,42.61447621981
2018-11-26,0.86,4.38,-1.58,1.5,9.06,38.39725785402992,42.61447621981
2018-11-27,1.24,5.43,-1.33,0.14,3.45,38.39725785402992,42.61447621981
2018-11-28,3.23,7.58,0.73,0.06,5.77,38.39725785402992,42.61447621981
2018-11-29,3.83,8.08,1.23,5.99,8.72,38.39725785402992,42.61447621981
2018-11-30,4.07,7.2,0.91,12.89,2.47,38.39725785402992,42.61447621981
2018-12-01,3.97,6.2,2.04,18.07,2.56,38.39725785402992,42.61447621981
2018-12-02,3.03,6.18,1.12,1.52,9.42,38.39725785402992,42.61447621981
2018-12-03,2.63,6.84,0.06,0.0,10.05,38.39725785402992,42.61447621981
2018-12-04,1.67,5.56,-0.76,1.31,4.95,38.39725785402992,42.61447621981
2018-12-05,2.62,4.96,1.27,12.05,2.56,38.39725785402992,42.61447621981
2018-12-06,2.1,5.69,-0.24,0.01,6.7,38.39725785402992,42.61447621981
2018-12-07,1.29,4.16,-0.67,0.51,6.47,38.39725785402992,42.61447621981
2018-12-08,0.89,3.98,-0.95,2.48,5.64,38.39725785402992,42.61447621981
2018-12-09,-0.42,2.15,-2.75,2.48,6.62,38.39725785402992,42.61447621981
2018-12-10,-0.53,3.47,-2.84,0.4,3.91,38.39725785402992,42.61447621981
2018-12-11,0.65,3.33,-1.81,6.26,3.94,38.39725785402992,42.61447621981
2018-12-12,0.96,2.81,-0.84,20.99,3.74,38.39725785402992,42.61447621981
2018-12-13,-2.07,0.38,-5.81,6.77,4.17,38.39725785402992,42.61447621981
2018-12-14,-4.87,-1.64,-6.53,0.08,5.34,38.39725785402992,42.61447621981
2018-12-15,-1.88,2.42,-5.95,0.0,6.31,38.39725785402992,42.61447621981
2018-12-16,-0.57,2.18,-2.39,0.0,7.74,38.39725785402992,42.61447621981
2018-12-17,-0.17,2.51,-1.34,0.68,4.76,38.39725785402992,42.61447621981
2018-12-18,-0.78,2.2,-2.38,1.65,3.61,38.39725785402992,42.61447621981
2018-12-19,-0.25,3.09,-2.45,0.58,7.21,38.39725785402992,42.61447621981
2018-12-20,-0.88,2.33,-2.97,2.61,3.52,38.39725785402992,42.61447621981
2018-12-21,-1.23,2.16,-3.22,0.09,7.02,38.39725785402992,42.61447621981
2018-12-22,-1.29,2.5,-4.14,0.05,7.99,38.39725785402992,42.61447621981
2018-12-23,-1.61,2.34,-3.51,0.14,8.94,38.39725785402992,42.61447621981
2018-12-24,-3.52,-0.85,-8.33,17.22,1.14,38.39725785402992,42.61447621981
2018-12-25,-7.77,-1.38,-12.57,0.07,4.96,38.39725785402992,42.61447621981
2018-12-26,-4.98,0.03,-10.54,0.64,3.15,38.39725785402992,42.61447621981
2018-12-27,-2.21,1.2,-6.1,4.46,3.91,38.39725785402992,42.61447621981
2018-12-28,-5.63,-3.02,-10.96,6.93,2.91,38.39725785402992,42.61447621981
2018-12-29,-8.23,-0.96,-13.42,0.4,3.19,38.39725785402992,42.61447621981
2018-12-30,-8.44,-3.39,-13.35,1.07,4.16,38.39725785402992,42.61447621981
2018-12-31,-6.26,-1.09,-9.5,6.37,2.7,38.39725785402992,42.61447621981
2019-01-01,-8.75,-3.8,-12.64,0.33,5.96,38.39725785402992,42.61447621981
2019-01-02,-6.28,-0.71,-10.66,0.26,7.68,38.39725785402992,42.61447621981
2019-01-03,-6.52,-0.78,-11.91,2.89,5.74,38.39725785402992,42.61447621981
2019-01-04,-5.12,-0.17,-10.02,0.07,3.87,38.39725785402992,42.61447621981
2019-01-05,-4.0,-0.22,-7.86,0.01,8.93,38.39725785402992,42.61447621981
2019-01-06,-4.47,-0.18,-9.56,2.06,7.66,38.39725785402992,42.61447621981
2019-01-07,-6.27,-3.35,-10.52,4.05,8.41,38.39725785402992,42.61447621981
2019-01-08,-4.97,-2.18,-10.13,6.39,7.24,38.39725785402992,42.61447621981
2019-01-09,-7.5,-4.22,-12.9,10.39,3.18,38.39725785402992,42.61447621981
2019-01-10,-11.05,-4.25,-16.4,0.0,9.87,38.39725785402992,42.61447621981
2019-01-11,-12.12,-5.35,-18.21,0.0,9.56,38.39725785402992,42.61447621981
2019-01-12,-8.2,-2.69,-11.82,0.0,6.96,38.39725785402992,42.61447621981
2019-01-13,-7.77,-1.54,-12.73,1.69,5.55,38.39725785402992,42.61447621981
2019-01-14,-6.57,-1.16,-9.56,1.96,5.0,38.39725785402992,42.61447621981
2019-01-15,-4.63,-0.44,-9.36,3.61,2.93,38.39725785402992,42.61447621981
2019-01-16,-4.81,-1.35,-7.5,0.66,8.9,38.39725785402992,42.61447621981
2019-01-17,-7.02,-4.92,-9.93,2.41,6.33,38.39725785402992,42.61447621981
2019-01-18,-11.44,-5.68,-15.56,0.03,9.65,38.39725785402992,42.61447621981
2019-01-19,-12.32,-4.04,-18.32,0.0,11.31,38.39725785402992,42.61447621981
2019-01-20,-10.11,-3.12,-14.36,0.0,10.92,38.39725785402992,42.61447621981
2019-01-21,-9.05,-2.23,-13.19,0.0,10.69,38.39725785402992,42.61447621981
2019-01-22,-6.53,-1.41,-10.57,0.0,8.84,38.39725785402992,42.61447621981
2019-01-23,-6.61,-0.59,-12.07,0.0,9.76,38.39725785402992,42.61447621981
2019-01-24,-5.11,0.21,-9.52,0.08,10.46,38.39725785402992,42.61447621981
2019-01-25,-3.2,0.09,-7.19,2.21,5.64,38.39725785402992,42.61447621981
2019-01-26,-3.95,0.35,-7.56,0.06,11.99,38.39725785402992,42.61447621981
2019-01-27,-1.19,1.39,-5.39,1.93,8.0,38.39725785402992,42.61447621981
2019-01-28,0.69,1.39,-0.46,10.5,5.44,38.39725785402992,42.61447621981
2019-01-29,-2.63,-0.43,-5.79,2.07,9.89,38.39725785402992,42.61447621981
2019-01-30,-4.72,-0.54,-7.8,0.07,7.44,38.39725785402992,42.61447621981
2019-01-31,-4.32,-0.14,-8.64,0.86,4.47,38.39725785402992,42.61447621981
2019-02-01,-2.04,0.42,-5.52,3.33,5.04,38.39725785402992,42.61447621981
2019-02-02,-4.0,-1.95,-9.19,3.26,10.15,38.39725785402992,42.61447621981
2019-02-03,-7.56,-2.45,-11.76,0.0,12.54,38.39725785402992,42.61447621981
2019-02-04,-6.85,-0.97,-12.88,0.0,12.78,38.39725785402992,42.61447621981
2019-02-05,-5.21,-0.39,-10.8,0.0,13.43,38.39725785402992,42.61447621981
2019-02-06,-2.31,0.75,-7.07,0.0,13.19,38.39725785402992,42.61447621981
2019-02-07,-0.85,0.64,-3.89,1.0,6.11,38.39725785402992,42.61447621981
2019-02-08,-1.73,-0.05,-5.34,8.7,3.74,38.39725785402992,42.61447621981
2019-02-09,-1.57,0.03,-3.08,1.57,7.06,38.39725785402992,42.61447621981
2019-02-10,-2.27,0.04,-4.79,0.39,8.19,38.39725785402992,42.61447621981
2019-02-11,-2.62,0.5,-5.17,0.0,7.91,38.39725785402992,42.61447621981
2019-02-12,-3.08,1.35,-6.98,0.0,12.52,38.39725785402992,42.61447621981
2019-02-13,-1.88,1.71,-5.12,0.0,12.53,38.39725785402992,42.61447621981
2019-02-14,-1.37,2.7,-4.58,3.07,11.74,38.39725785402992,42.61447621981
2019-02-15,-1.21,1.03,-2.88,5.58,9.0,38.39725785402992,42.61447621981
2019-02-16,-2.78,-0.53,-5.11,1.48,12.38,38.39725785402992,42.61447621981
2019-02-17,-3.09,-0.43,-5.02,0.44,12.81,38.39725785402992,42.61447621981
2019-02-18,-2.47,1.96,-5.98,0.0,14.63,38.39725785402992,42.61447621981
2019-02-19,-3.45,-0.39,-6.1,0.0,14.38,38.39725785402992,42.61447621981
2019-02-20,-1.57,2.52,-5.71,0.0,15.01,38.39725785402992,42.61447621981
2019-02-21,-1.9,0.12,-3.71,0.09,12.96,38.39725785402992,42.61447621981
2019-02-22,-1.68,0.47,-3.69,0.29,13.96,38.39725785402992,42.61447621981
2019-02-23,-0.97,1.46,-3.0,0.77,12.54,38.39725785402992,42.61447621981
2019-02-24,-0.07,3.57,-3.53,0.0,14.55,38.39725785402992,42.61447621981
2019-02-25,0.5,4.02,-1.66,0.0,15.56,38.39725785402992,42.61447621981
2019-02-26,-0.21,2.68,-2.17,2.28,13.23,38.39725785402992,42.61447621981
2019-02-27,-0.77,0.78,-2.57,13.92,8.39,38.39725785402992,42.61447621981
2019-02-28,-2.29,-0.14,-6.55,11.81,4.67,38.39725785402992,42.61447621981
2019-03-01,-5.25,-0.41,-9.24,0.1,17.58,38.39725785402992,42.61447621981
2019-03-02,-4.16,-0.75,-8.15,0.14,9.64,38.39725785402992,42.61447621981
2019-03-03,-2.38,0.06,-5.21,6.13,10.55,38.39725785402992,42.61447621981
2019-03-04,-1.2,1.11,-2.84,3.39,5.44,38.39725785402992,42.61447621981
2019-03-05,-1.39,0.68,-3.56,0.09,9.07,38.39725785402992,42.61447621981
2019-03-06,0.31,3.83,-2.63,0.0,18.15,38.39725785402992,42.61447621981
2019-03-07,0.03,1.94,-1.28,7.08,6.66,38.39725785402992,42.61447621981
2019-03-08,-0.38,2.88,-2.78,0.17,16.99,38.39725785402992,42.61447621981
2019-03-09,0.88,4.7,-3.14,0.0,19.19,38.39725785402992,42.61447621981
2019-03-10,2.13,5.82,0.1,0.0,17.96,38.39725785402992,42.61447621981
2019-03-11,2.48,7.06,-0.13,0.0,18.48,38.39725785402992,42.61447621981
2019-03-12,3.03,7.71,0.0,0.0,17.89,38.39725785402992,42.61447621981
2019-03-13,2.56,5.97,0.22,0.02,13.33,38.39725785402992,42.61447621981
2019-03-14,1.31,2.79,-0.04,8.33,3.81,38.39725785402992,42.61447621981
2019-03-15,1.93,5.37,-0.73,0.65,8.11,38.39725785402992,42.61447621981
2019-03-16,0.74,3.22,-1.1,5.61,4.77,38.39725785402992,42.61447621981
2019-03-17,-0.03,2.78,-3.63,7.29,5.78,38.39725785402992,42.61447621981
2019-03-18,-1.92,2.65,-5.68,0.64,20.11,38.39725785402992,42.61447621981
2019-03-19,-1.69,0.81,-3.02,0.58,20.76,38.39725785402992,42.61447621981
2019-03-20,0.81,4.37,-2.36,0.0,19.01,38.39725785402992,42.61447621981
2019-03-21,3.1,6.99,-0.28,0.0,20.86,38.39725785402992,42.61447621981
2019-03-22,3.54,7.39,1.22,0.01,21.25,38.39725785402992,42.61447621981
2019-03-23,1.94,4.51,0.0,3.0,19.75,38.39725785402992,42.61447621981
2019-03-24,0.7,3.24,-1.38,15.75,9.88,38.39725785402992,42.61447621981
2019-03-25,0.47,3.25,-1.32,12.79,4.9,38.39725785402992,42.61447621981
2019-03-26,1.96,4.34,-0.04,0.81,11.31,38.39725785402992,42.61447621981
2019-03-27,1.63,4.84,-0.3,0.77,7.94,38.39725785402992,42.61447621981
2019-03-28,0.8,3.01,-0.89,2.83,11.7,38.39725785402992,42.61447621981
2019-03-29,0.93,3.65,-1.08,4.17,10.36,38.39725785402992,42.61447621981
2019-03-30,1.42,4.62,-1.21,8.59,10.97,38.39725785402992,42.61447621981
2019-03-31,4.04,7.85,0.7,11.55,14.58,38.39725785402992,42.61447621981
2019-04-01,2.44,5.1,0.0,1.21,13.23,38.39725785402992,42.61447621981
2019-04-02,1.97,5.04,-0.47,2.05,9.68,38.39725785402992,42.61447621981
2019-04-03,1.99,5.84,-0.66,1.67,10.75,38.39725785402992,42.61447621981
2019-04-04,2.58,6.36,-0.95,1.25,14.29,38.39725785402992,42.61447621981
2019-04-05,4.88,7.97,1.89,2.02,17.84,38.39725785402992,42.61447621981
2019-04-06,4.35,7.78,1.77,6.08,6.76,38.39725785402992,42.61447621981
2019-04-07,5.75,9.09,2.28,0.0,15.51,38.39725785402992,42.61447621981
2019-04-08,6.13,8.64,4.03,0.04,11.99,38.39725785402992,42.61447621981
2019-04-09,6.74,10.42,4.11,0.32,15.3,38.39725785402992,42.61447621981
2019-04-10,6.57,10.44,3.31,11.88,8.98,38.39725785402992,42.61447621981
2019-04-11,5.59,9.57,2.36,0.12,16.58,38.39725785402992,42.61447621981
2019-04-12,6.47,11.45,2.79,0.01,21.27,38.39725785402992,42.61447621981
2019-04-13,7.62,12.41,2.01,0.0,23.49,38.39725785402992,42.61447621981
2019-04-14,9.65,14.0,6.04,0.14,20.54,38.39725785402992,42.61447621981
2019-04-15,8.53,13.47,4.58,1.23,21.0,38.39725785402992,42.61447621981
2019-04-16,5.73,8.4,2.96,9.43,10.43,38.39725785402992,42.61447621981
2019-04-17,4.29,7.26,2.1,9.1,10.99,38.39725785402992,42.61447621981
2019-04-18,3.73,6.8,1.43,1.98,13.45,38.39725785402992,42.61447621981
2019-04-19,2.52,5.12,0.85,5.54,10.69,38.39725785402992,42.61447621981
2019-04-20,2.06,4.96,-0.4,6.37,15.68,38.39725785402992,42.61447621981
2019-04-21,2.46,5.56,-0.36,12.81,12.03,38.39725785402992,42.61447621981
2019-04-22,1.16,3.2,-1.26,5.02,9.6,38.39725785402992,42.61447621981
2019-04-23,1.86,5.34,-2.37,0.1,15.99,38.39725785402992,42.61447621981
2019-04-24,4.15,8.42,-0.51,0.0,18.9,38.39725785402992,42.61447621981
2019-04-25,5.11,9.25,0.64,0.0,22.26,38.39725785402992,42.61447621981
2019-04-26,6.43,10.95,1.29,0.0,25.54,38.39725785402992,42.61447621981
2019-04-27,8.46,11.88,5.9,0.0,24.41,38.39725785402992,42.61447621981
2019-04-28,7.66,10.92,5.18,0.03,17.34,38.39725785402992,42.61447621981
2019-04-29,7.34,10.97,4.41,1.93,14.44,38.39725785402992,42.61447621981
2019-04-30,9.56,15.09,4.13,0.01,23.79,38.39725785402992,42.61447621981
2019-05-01,10.66,14.73,6.99,0.19,21.56,38.39725785402992,42.61447621981
2019-05-02,11.18,13.94,8.4,8.22,15.05,38.39725785402992,42.61447621981
2019-05-03,10.01,13.43,3.55,9.67,22.94,38.39725785402992,42.61447621981
2019-05-04,6.66,11.21,2.23,23.19,11.34,38.39725785402992,42.61447621981
2019-05-05,7.39,12.16,2.85,0.16,26.25,38.39725785402992,42.61447621981
2019-05-06,9.93,14.06,5.45,0.41,17.51,38.39725785402992,42.61447621981
2019-05-07,11.05,15.34,7.22,2.25,19.68,38.39725785402992,42.61447621981
2019-05-08,12.14,16.13,7.85,0.0,27.29,38.39725785402992,42.61447621981
2019-05-09,9.89,13.59,5.8,0.0,20.08,38.39725785402992,42.61447621981
2019-05-10,9.1,13.02,5.29,0.01,24.45,38.39725785402992,42.61447621981
2019-05-11,9.66,13.37,6.56,0.06,24.22,38.39725785402992,42.61447621981
2019-05-12,10.99,14.53,7.3,0.56,20.75,38.39725785402992,42.61447621981
2019-05-13,13.59,17.5,8.85,0.0,28.31,38.39725785402992,42.61447621981
2019-05-14,15.49,19.15,11.56,0.0,29.93,38.39725785402992,42.61447621981
2019-05-15,15.96,20.32,10.02,0.0,30.5,38.39725785402992,42.61447621981
2019-05-16,17.44,21.88,12.06,0.0,30.5,38.39725785402992,42.61447621981
2019-05-17,18.87,22.6,14.07,0.0,28.89,38.39725785402992,42.61447621981
2019-05-18,18.5,22.87,13.73,0.84,20.73,38.39725785402992,42.61447621981
2019-05-19,15.67,19.37,11.12,0.8,25.91,38.39725785402992,42.61447621981
2019-05-20,12.97,16.65,9.55,0.16,27.01,38.39725785402992,42.61447621981
2019-05-21,12.83,16.15,8.68,0.28,25.72,38.39725785402992,42.61447621981
2019-05-22,15.15,18.33,11.77,0.15,23.95,38.39725785402992,42.61447621981
2019-05-23,15.79,19.61,12.38,0.26,23.24,38.39725785402992,42.61447621981
2019-05-24,17.17,21.76,11.31,0.05,26.14,38.39725785402992,42.61447621981
2019-05-25,17.01,21.65,12.66,0.05,18.67,38.39725785402992,42.61447621981
2019-05-26,15.34,19.42,11.17,0.0,30.69,38.39725785402992,42.61447621981
2019-05-27,14.89,19.53,9.05,0.0,31.26,38.39725785402992,42.61447621981
2019-05-28,16.95,21.27,12.17,0.03,31.21,38.39725785402992,42.61447621981
2019-05-29,16.98,21.57,11.72,0.0,31.09,38.39725785402992,42.61447621981
2019-05-30,17.59,21.95,12.77,0.0,31.36,38.39725785402992,42.61447621981
2019-05-31,18.13,21.73,13.0,0.0,30.86,38.39725785402992,42.61447621981
2019-06-01,19.18,22.68,15.19,0.02,23.22,38.39725785402992,42.61447621981
2019-06-02,19.75,23.31,15.75,0.0,29.57,38.39725785402992,42.61447621981
2019-06-03,22.36,25.98,17.89,0.0,30.09,38.39725785402992,42.61447621981
2019-06-04,22.77,26.75,17.78,0.0,29.85,38.39725785402992,42.61447621981
2019-06-05,20.75,25.39,16.56,0.0,29.43,38.39725785402992,42.61447621981
2019-06-06,19.49,24.0,15.05,0.01,25.64,38.39725785402992,42.61447621981
2019-06-07,17.99,20.18,15.28,0.01,20.02,38.39725785402992,42.61447621981
2019-06-08,20.02,23.38,16.68,0.0,26.34,38.39725785402992,42.61447621981
2019-06-09,19.93,24.64,16.78,0.0,28.81,38.39725785402992,42.61447621981
2019-06-10,20.13,25.2,15.31,5.11,22.32,38.39725785402992,42.61447621981
2019-06-11,21.3,26.74,14.84,0.55,24.64,38.39725785402992,42.61447621981
2019-06-12,18.4,23.77,13.44,0.0,32.34,38.39725785402992,42.61447621981
2019-06-13,18.51,23.1,14.09,0.0,29.26,38.39725785402992,42.61447621981
2019-06-14,19.6,23.22,15.65,0.78,26.8,38.39725785402992,42.61447621981
2019-06-15,20.48,24.79,15.46,0.09,25.6,38.39725785402992,42.61447621981
2019-06-16,21.86,25.76,17.7,0.08,26.94,38.39725785402992,42.61447621981
2019-06-17,21.41,26.67,15.57,0.56,28.15,38.39725785402992,42.61447621981
2019-06-18,19.08,23.89,13.82,0.34,27.22,38.39725785402992,42.61447621981
2019-06-19,20.16,23.61,16.88,0.09,25.95,38.39725785402992,42.61447621981
2019-06-20,20.6,24.4,17.68,0.26,27.89,38.39725785402992,42.61447621981
2019-06-21,20.99,24.38,17.44,0.1,27.56,38.39725785402992,42.61447621981
2019-06-22,22.67,27.49,17.71,0.0,30.47,38.39725785402992,42.61447621981
2019-06-23,23.93,28.92,20.28,0.0,31.88,38.39725785402992,42.61447621981
2019-06-24,24.08,29.01,19.33,0.0,31.73,38.39725785402992,42.61447621981
2019-06-25,24.97,29.57,20.13,0.0,31.34,38.39725785402992,42.61447621981
2019-06-26,25.81,30.52,20.44,0.0,30.85,38.39725785402992,42.61447621981
2019-06-27,25.26,29.57,20.67,0.07,31.49,38.39725785402992,42.61447621981
2019-06-28,25.21,29.91,20.29,0.14,28.81,38.39725785402992,42.61447621981
2019-06-29,23.09,27.8,15.86,0.44,27.67,38.39725785402992,42.61447621981
2019-06-30,19.23,26.87,11.82,0.07,30.64,38.39725785402992,42.61447621981
2019-07-01,16.63,23.39,9.72,0.0,32.3,38.39725785402992,42.61447621981
2019-07-02,18.79,25.56,12.03,0.0,32.7,38.39725785402992,42.61447621981
2019-07-03,20.21,26.3,12.91,0.0,30.14,38.39725785402992,42.61447621981
2019-07-04,22.08,27.65,16.29,0.0,30.32,38.39725785402992,42.61447621981
2019-07-05,22.6,28.76,16.21,0.05,30.19,38.39725785402992,42.61447621981
2019-07-06,22.38,28.29,16.6,0.53,29.42,38.39725785402992,42.61447621981
2019-07-07,22.21,27.64,15.35,0.03,29.39,38.39725785402992,42.61447621981
2019-07-08,23.36,27.6,19.06,0.7,23.53,38.39725785402992,42.61447621981
2019-07-09,21.21,25.58,16.95,0.06,28.09,38.39725785402992,42.61447621981
2019-07-10,22.88,28.61,15.82,0.0,30.36,38.39725785402992,42.61447621981
2019-07-11,24.39,29.69,20.2,0.0,31.17,38.39725785402992,42.61447621981
2019-07-12,22.87,28.48,17.48,0.0,30.52,38.39725785402992,42.61447621981
2019-07-13,20.77,26.79,14.84,0.06,31.15,38.39725785402992,42.61447621981
2019-07-14,20.59,27.21,15.1,0.13,31.35,38.39725785402992,42.61447621981
2019-07-15,21.08,27.16,15.51,0.0,31.33,38.39725785402992,42.61447621981
2019-07-16,20.84,27.3,14.97,0.0,31.29,38.39725785402992,42.61447621981
2019-07-17,22.26,28.34,16.96,0.0,29.48,38.39725785402992,42.61447621981
2019-07-18,22.47,28.31,17.61,0.0,29.78,38.39725785402992,42.61447621981
2019-07-19,23.34,29.46,17.61,0.0,31.41,38.39725785402992,42.61447621981
2019-07-20,25.44,33.3,16.39,0.0,31.49,38.39725785402992,42.61447621981
2019-07-21,27.71,34.31,20.77,0.0,28.94,38.39725785402992,42.61447621981
2019-07-22,27.82,33.87,22.25,0.0,29.39,38.39725785402992,42.61447621981
2019-07-23,25.89,32.73,19.01,0.0,29.17,38.39725785402992,42.61447621981
2019-07-24,24.17,29.95,18.93,0.0,29.92,38.39725785402992,42.61447621981
2019-07-25,23.06,28.96,18.08,0.0,30.87,38.39725785402992,42.61447621981
2019-07-26,21.92,28.79,14.57,0.0,29.3,38.39725785402992,42.61447621981
2019-07-27,23.24,29.39,16.98,0.0,29.77,38.39725785402992,42.61447621981
2019-07-28,24.0,30.44,17.55,0.19,28.44,38.39725785402992,42.61447621981
2019-07-29,24.14,29.98,19.22,0.0,28.71,38.39725785402992,42.61447621981
2019-07-30,24.85,31.23,18.98,0.0,30.08,38.39725785402992,42.61447621981
2019-07-31,25.86,32.58,19.83,0.0,29.93,38.39725785402992,42.61447621981
2019-08-01,26.33,33.49,19.07,0.0,30.21,38.39725785402992,42.61447621981
2019-08-02,25.14,31.04,19.25,0.0,27.42,38.39725785402992,42.61447621981
2019-08-03,24.38,30.55,17.94,0.0,27.45,38.39725785402992,42.61447621981
2019-08-04,25.35,30.86,20.27,0.0,28.51,38.39725785402992,42.61447621981
2019-08-05,22.85,29.89,15.65,0.0,29.1,38.39725785402992,42.61447621981
2019-08-06,22.86,29.49,15.71,0.0,28.51,38.39725785402992,42.61447621981
2019-08-07,24.31,31.31,17.9,0.0,29.23,38.39725785402992,42.61447621981
2019-08-08,23.05,29.8,16.45,0.0,28.5,38.39725785402992,42.61447621981
2019-08-09,22.56,29.46,16.22,0.0,28.01,38.39725785402992,42.61447621981
2019-08-10,24.19,31.07,17.4,0.0,27.83,38.39725785402992,42.61447621981
2019-08-11,23.7,30.33,17.86,0.0,27.8,38.39725785402992,42.61447621981
2019-08-12,24.58,31.4,17.85,0.0,28.03,38.39725785402992,42.61447621981
2019-08-13,24.72,31.34,17.79,0.0,28.35,38.39725785402992,42.61447621981
2019-08-14,26.35,32.91,18.77,0.0,27.88,38.39725785402992,42.61447621981
2019-08-15,27.53,32.59,22.51,0.0,22.45,38.39725785402992,42.61447621981
2019-08-16,26.85,32.56,21.06,0.0,23.96,38.39725785402992,42.61447621981
2019-08-17,25.4,30.9,21.06,0.0,26.19,38.39725785402992,42.61447621981
2019-08-18,25.59,31.05,21.58,0.0,26.05,38.39725785402992,42.61447621981
2019-08-19,25.67,31.2,21.29,0.0,25.9,38.39725785402992,42.61447621981
2019-08-20,26.65,31.96,22.95,0.06,24.99,38.39725785402992,42.61447621981
2019-08-21,26.14,31.98,20.11,0.0,27.24,38.39725785402992,42.61447621981
2019-08-22,23.46,29.9,18.21,0.0,27.85,38.39725785402992,42.61447621981
2019-08-23,23.29,29.32,19.31,0.0,27.06,38.39725785402992,42.61447621981
2019-08-24,23.03,28.8,18.22,0.06,26.23,38.39725785402992,42.61447621981
2019-08-25,24.57,29.82,20.52,0.0,24.88,38.39725785402992,42.61447621981
2019-08-26,24.44,30.72,18.38,0.0,24.77,38.39725785402992,42.61447621981
2019-08-27,24.05,29.28,19.83,0.0,26.1,38.39725785402992,42.61447621981
2019-08-28,22.22,27.69,15.13,0.04,25.92,38.39725785402992,42.61447621981
2019-08-29,24.45,29.23,20.72,0.0,21.76,38.39725785402992,42.61447621981
2019-08-30,23.91,28.38,20.47,2.45,14.84,38.39725785402992,42.61447621981
2019-08-31,22.17,27.09,17.59,0.1,24.25,38.39725785402992,42.61447621981
2019-09-01,21.09,27.08,15.43,0.0,23.76,38.39725785402992,42.61447621981
2019-09-02,21.81,27.06,17.7,0.1,22.87,38.39725785402992,42.61447621981
2019-09-03,21.36,27.39,14.64,0.02,25.1,38.39725785402992,42.61447621981
2019-09-04,22.43,27.68,18.61,0.0,24.13,38.39725785402992,42.61447621981
2019-09-05,21.96,27.39,18.08,0.0,23.96,38.39725785402992,42.61447621981
2019-09-06,21.9,27.1,18.71,0.0,21.75,38.39725785402992,42.61447621981
2019-09-07,20.44,25.37,14.62,0.11,19.86,38.39725785402992,42.61447621981
2019-09-08,20.26,25.96,16.0,0.2,20.38,38.39725785402992,42.61447621981
2019-09-09,19.64,24.71,15.37,0.1,20.01,38.39725785402992,42.61447621981
2019-09-10,18.28,23.33,13.08,0.02,20.5,38.39725785402992,42.61447621981
2019-09-11,18.41,23.5,13.96,0.0,18.53,38.39725785402992,42.61447621981
2019-09-12,16.86,22.11,11.94,0.0,20.3,38.39725785402992,42.61447621981
2019-09-13,16.59,21.88,10.94,0.0,22.21,38.39725785402992,42.61447621981
2019-09-14,18.34,23.66,12.69,0.0,22.3,38.39725785402992,42.61447621981
2019-09-15,20.23,25.19,15.7,1.22,16.91,38.39725785402992,42.61447621981
2019-09-16,19.32,24.47,13.91,0.18,21.63,38.39725785402992,42.61447621981
2019-09-17,17.06,22.52,12.43,0.05,20.84,38.39725785402992,42.61447621981
2019-09-18,18.73,24.74,13.7,0.0,22.86,38.39725785402992,42.61447621981
2019-09-19,19.55,25.77,14.98,0.0,23.22,38.39725785402992,42.61447621981
2019-09-20,19.25,25.57,13.92,0.0,21.87,38.39725785402992,42.61447621981
2019-09-21,17.41,23.55,8.74,0.0,21.91,38.39725785402992,42.61447621981
2019-09-22,13.79,22.05,6.66,0.0,22.85,38.39725785402992,42.61447621981
2019-09-23,16.39,22.71,12.54,0.0,22.72,38.39725785402992,42.61447621981
2019-09-24,15.73,22.07,11.13,0.0,22.5,38.39725785402992,42.61447621981
2019-09-25,16.07,22.44,11.25,0.0,21.53,38.39725785402992,42.61447621981
2019-09-26,16.74,23.01,11.07,0.0,20.45,38.39725785402992,42.61447621981
2019-09-27,17.03,23.3,12.71,0.0,20.82,38.39725785402992,42.61447621981
2019-09-28,16.17,22.53,10.79,0.67,19.8,38.39725785402992,42.61447621981
2019-09-29,16.05,23.14,10.29,0.0,20.28,38.39725785402992,42.61447621981
2019-09-30,16.33,23.47,9.97,0.0,20.86,38.39725785402992,42.61447621981
2019-10-01,17.06,23.08,12.93,0.0,20.73,38.39725785402992,42.61447621981
2019-10-02,17.97,24.01,12.11,0.0,20.56,38.39725785402992,42.61447621981
2019-10-03,18.26,24.27,14.24,0.02,15.69,38.39725785402992,42.61447621981
2019-10-04,17.44,22.17,13.58,0.0,18.34,38.39725785402992,42.61447621981
2019-10-05,17.62,22.7,13.31,0.0,18.45,38.39725785402992,42.61447621981
2019-10-06,14.99,19.55,10.09,0.34,17.16,38.39725785402992,42.61447621981
2019-10-07,13.93,19.01,9.4,0.23,15.99,38.39725785402992,42.61447621981
2019-10-08,14.16,20.06,8.75,0.0,17.18,38.39725785402992,42.61447621981
2019-10-09,16.82,21.92,12.31,0.06,12.8,38.39725785402992,42.61447621981
2019-10-10,17.41,22.97,12.03,0.0,17.68,38.39725785402992,42.61447621981
2019-10-11,17.62,22.58,13.75,0.0,17.22,38.39725785402992,42.61447621981
2019-10-12,14.68,18.81,10.12,0.0,15.67,38.39725785402992,42.61447621981
2019-10-13,12.93,19.6,7.8,0.0,18.64,38.39725785402992,42.61447621981
2019-10-14,14.23,20.81,8.52,0.0,18.96,38.39725785402992,42.61447621981
2019-10-15,15.17,21.42,9.21,0.0,18.53,38.39725785402992,42.61447621981
2019-10-16,15.53,20.92,10.22,0.0,18.0,38.39725785402992,42.61447621981
2019-10-17,16.1,20.45,12.56,0.0,15.39,38.39725785402992,42.61447621981
2019-10-18,14.95,19.37,10.64,0.17,14.72,38.39725785402992,42.61447621981
2019-10-19,13.76,16.83,11.1,1.52,9.02,38.39725785402992,42.61447621981
2019-10-20,11.65,15.26,8.43,0.93,8.47,38.39725785402992,42.61447621981
2019-10-21,10.63,12.62,8.78,1.45,8.8,38.39725785402992,42.61447621981
2019-10-22,10.12,12.45,8.37,3.51,9.99,38.39725785402992,42.61447621981
2019-10-23,10.17,13.57,7.78,0.17,12.0,38.39725785402992,42.61447621981
2019-10-24,11.03,14.78,7.64,0.0,12.93,38.39725785402992,42.61447621981
2019-10-25,10.79,13.6,8.2,0.0,12.17,38.39725785402992,42.61447621981
2019-10-26,10.94,13.5,8.92,0.0,12.51,38.39725785402992,42.61447621981
2019-10-27,10.17,14.35,6.16,0.0,13.82,38.39725785402992,42.61447621981
2019-10-28,9.94,13.0,7.72,0.08,10.23,38.39725785402992,42.61447621981
2019-10-29,7.93,11.8,5.84,6.03,4.98,38.39725785402992,42.61447621981
2019-10-30,7.89,11.4,5.56,3.83,9.68,38.39725785402992,42.61447621981
2019-10-31,8.04,13.41,4.99,0.0,14.05,38.39725785402992,42.61447621981
2019-11-01,6.84,11.17,4.23,0.25,11.01,38.39725785402992,42.61447621981
2019-11-02,4.68,7.48,2.84,13.2,5.95,38.39725785402992,42.61447621981
2019-11-03,5.61,10.47,1.69,0.0,14.02,38.39725785402992,42.61447621981
2019-11-04,6.7,12.46,2.81,0.0,14.55,38.39725785402992,42.61447621981
2019-11-05,6.99,12.67,3.35,0.0,13.66,38.39725785402992,42.61447621981
2019-11-06,6.77,12.33,2.12,0.0,13.88,38.39725785402992,42.61447621981
2019-11-07,7.48,13.53,2.77,0.0,13.65,38.39725785402992,42.61447621981
2019-11-08,8.17,14.68,3.14,0.0,14.17,38.39725785402992,42.61447621981
2019-11-09,8.69,15.11,4.44,0.0,13.87,38.39725785402992,42.61447621981
2019-11-10,8.17,14.47,4.07,0.0,13.76,38.39725785402992,42.61447621981
2019-11-11,7.76,13.67,3.23,0.0,13.22,38.39725785402992,42.61447621981
2019-11-12,7.28,12.87,2.15,0.0,11.95,38.39725785402992,42.61447621981
2019-11-13,7.94,13.03,3.94,0.0,11.51,38.39725785402992,42.61447621981
2019-11-14,7.52,12.84,4.28,0.0,12.2,38.39725785402992,42.61447621981
2019-11-15,6.07,11.87,2.04,0.0,12.9,38.39725785402992,42.61447621981
2019-11-16,4.08,10.28,0.04,0.0,12.75,38.39725785402992,42.61447621981
2019-11-17,1.41,6.57,-2.2,0.0,12.92,38.39725785402992,42.61447621981
2019-11-18,1.63,6.21,-1.53,0.0,12.21,38.39725785402992,42.61447621981
2019-11-19,2.34,7.56,-1.01,0.0,11.85,38.39725785402992,42.61447621981
2019-11-20,2.69,7.83,-1.02,0.0,11.82,38.39725785402992,42.61447621981
2019-11-21,2.58,7.82,-0.63,0.0,12.01,38.39725785402992,42.61447621981
2019-11-22,2.16,6.79,-0.8,0.0,11.25,38.39725785402992,42.61447621981
2019-11-23,2.84,6.69,0.53,0.0,10.79,38.39725785402992,42.61447621981
2019-11-24,3.25,6.95,1.24,0.0,10.93,38.39725785402992,42.61447621981
2019-11-25,2.37,5.61,0.62,0.0,9.47,38.39725785402992,42.61447621981
2019-11-26,2.28,6.78,-0.5,0.03,8.65,38.39725785402992,42.61447621981
2019-11-27,2.16,5.41,0.42,2.73,2.6,38.39725785402992,42.61447621981
2019-11-28,2.19,5.23,0.35,6.01,3.05,38.39725785402992,42.61447621981
2019-11-29,1.88,5.4,0.05,1.74,7.26,38.39725785402992,42.61447621981
2019-11-30,2.57,5.32,0.51,4.94,3.76,38.39725785402992,42.61447621981
2019-12-01,3.11,5.86,1.37,4.25,3.08,38.39725785402992,42.61447621981
2019-12-02,2.25,4.99,-1.47,11.94,3.98,38.39725785402992,42.61447621981
2019-12-03,0.39,5.67,-3.06,0.42,8.46,38.39725785402992,42.61447621981
2019-12-04,0.72,5.23,-1.73,0.79,7.48,38.39725785402992,42.61447621981
2019-12-05,0.19,2.18,-0.99,2.23,3.75,38.39725785402992,42.61447621981
2019-12-06,0.12,4.35,-1.97,1.73,6.28,38.39725785402992,42.61447621981
2019-12-07,-0.55,4.17,-3.4,0.33,6.58,38.39725785402992,42.61447621981
2019-12-08,-0.35,3.44,-2.24,3.26,6.04,38.39725785402992,42.61447621981
2019-12-09,-1.57,0.68,-2.99,3.56,5.54,38.39725785402992,42.61447621981
2019-12-10,-0.64,2.26,-2.67,4.03,3.03,38.39725785402992,42.61447621981
2019-12-11,-1.01,2.03,-3.27,2.82,4.85,38.39725785402992,42.61447621981
2019-12-12,-1.37,2.01,-4.09,1.67,4.72,38.39725785402992,42.61447621981
2019-12-13,-0.37,2.27,-2.11,3.04,3.89,38.39725785402992,42.61447621981
2019-12-14,-0.2,3.01,-2.26,0.79,3.97,38.39725785402992,42.61447621981
2019-12-15,0.24,2.57,-1.04,1.0,5.54,38.39725785402992,42.61447621981
2019-12-16,-0.08,3.35,-2.46,0.11,8.11,38.39725785402992,42.61447621981
2019-12-17,-0.95,3.35,-3.94,0.0,9.87,38.39725785402992,42.61447621981
2019-12-18,-0.57,3.78,-4.12,0.0,10.1,38.39725785402992,42.61447621981
2019-12-19,1.1,5.42,-2.88,0.0,10.62,38.39725785402992,42.61447621981
2019-12-20,5.07,9.68,2.31,0.0,10.01,38.39725785402992,42.61447621981
2019-12-21,4.14,7.95,1.25,0.0,9.96,38.39725785402992,42.61447621981
2019-12-22,1.08,5.23,-1.05,0.0,7.31,38.39725785402992,42.61447621981
2019-12-23,0.82,5.86,-1.91,0.0,8.48,38.39725785402992,42.61447621981
2019-12-24,0.34,5.19,-2.96,0.0,8.64,38.39725785402992,42.61447621981
2019-12-25,0.19,3.63,-2.78,0.63,1.62,38.39725785402992,42.61447621981
2019-12-26,-0.45,1.85,-2.5,2.78,4.52,38.39725785402992,42.61447621981
2019-12-27,-0.8,1.86,-3.09,9.97,3.27,38.39725785402992,42.61447621981
2019-12-28,-2.37,0.71,-4.74,1.85,3.11,38.39725785402992,42.61447621981
2019-12-29,-2.23,1.36,-4.92,0.75,4.4,38.39725785402992,42.61447621981
2019-12-30,-1.59,2.28,-4.42,0.17,7.49,38.39725785402992,42.61447621981
2019-12-31,-1.46,2.39,-5.13,2.43,5.46,38.39725785402992,42.61447621981
2020-01-01,-2.8,-0.57,-6.2,4.28,4.1,38.39725785402992,42.61447621981
2020-01-02,-4.51,-0.57,-8.73,3.26,5.01,38.39725785402992,42.61447621981
2020-01-03,-3.8,0.31,-7.01,1.75,3.71,38.39725785402992,42.61447621981
2020-01-04,-4.63,-0.84,-6.79,0.13,7.59,38.39725785402992,42.61447621981
2020-01-05,-5.27,-1.44,-8.43,0.5,5.91,38.39725785402992,42.61447621981
2020-01-06,-5.75,-0.09,-10.13,0.03,8.3,38.39725785402992,42.61447621981
2020-01-07,-4.36,1.22,-8.92,0.16,8.91,38.39725785402992,42.61447621981
2020-01-08,-5.19,-0.72,-7.73,0.35,5.85,38.39725785402992,42.61447621981
2020-01-09,-5.76,-0.55,-11.02,0.36,5.93,38.39725785402992,42.61447621981
2020-01-10,-7.11,-0.9,-12.77,0.04,8.27,38.39725785402992,42.61447621981
2020-01-11,-8.23,-2.08,-13.34,0.0,10.42,38.39725785402992,42.61447621981
2020-01-12,-5.05,0.65,-9.7,1.42,6.88,38.39725785402992,42.61447621981
2020-01-13,-7.22,-3.37,-13.58,3.06,7.42,38.39725785402992,42.61447621981
2020-01-14,-9.19,-2.0,-14.87,0.0,10.11,38.39725785402992,42.61447621981
2020-01-15,-4.69,1.19,-8.65,0.0,10.24,38.39725785402992,42.61447621981
2020-01-16,-7.17,0.08,-12.84,0.0,9.89,38.39725785402992,42.61447621981
2020-01-17,-6.03,-0.33,-11.24,2.99,4.17,38.39725785402992,42.61447621981
2020-01-18,-4.54,-0.41,-8.38,4.17,5.56,38.39725785402992,42.61447621981
2020-01-19,-4.29,-0.47,-7.83,1.38,3.58,38.39725785402992,42.61447621981
2020-01-20,-3.72,0.11,-5.93,4.55,4.3,38.39725785402992,42.61447621981
2020-01-21,-7.73,-1.75,-12.66,0.0,8.35,38.39725785402992,42.61447621981
2020-01-22,-9.95,-2.01,-15.81,0.0,10.83,38.39725785402992,42.61447621981
2020-01-23,-8.02,-1.57,-13.59,1.86,10.85,38.39725785402992,42.61447621981
2020-01-24,-8.38,-5.44,-13.43,9.79,4.3,38.39725785402992,42.61447621981
2020-01-25,-13.26,-5.96,-20.44,0.02,11.04,38.39725785402992,42.61447621981
2020-01-26,-7.85,-1.17,-13.82,0.0,11.4,38.39725785402992,42.61447621981
2020-01-27,-6.53,-0.66,-13.24,0.0,12.06,38.39725785402992,42.61447621981
2020-01-28,-2.81,1.42,-6.65,0.0,10.79,38.39725785402992,42.61447621981
2020-01-29,-3.57,0.07,-6.87,0.01,9.1,38.39725785402992,42.61447621981
2020-01-30,-4.07,0.33,-8.75,0.75,6.23,38.39725785402992,42.61447621981
2020-01-31,-1.76,0.58,-5.36,15.09,3.65,38.39725785402992,42.61447621981
2020-02-01,-7.98,-4.95,-11.46,6.4,5.57,38.39725785402992,42.61447621981
2020-02-02,-9.33,-2.96,-15.52,0.01,12.84,38.39725785402992,42.61447621981
2020-02-03,-8.5,-2.33,-12.91,0.05,9.93,38.39725785402992,42.61447621981
2020-02-04,-6.83,-2.18,-10.65,2.27,5.51,38.39725785402992,42.61447621981
2020-02-05,-4.17,-0.03,-9.33,1.28,2.82,38.39725785402992,42.61447621981
2020-02-06,-3.98,1.21,-9.69,0.0,12.59,38.39725785402992,42.61447621981
2020-02-07,-1.44,1.13,-3.94,6.38,4.89,38.39725785402992,42.61447621981
2020-02-08,-4.05,-1.23,-12.3,6.9,3.9,38.39725785402992,42.61447621981
2020-02-09,-14.65,-11.7,-18.29,2.13,6.7,38.39725785402992,42.61447621981
2020-02-10,-15.07,-11.02,-18.94,0.19,5.97,38.39725785402992,42.61447621981
2020-02-11,-17.79,-8.41,-24.67,0.31,14.69,38.39725785402992,42.61447621981
2020-02-12,-12.79,-8.36,-18.0,6.76,8.42,38.39725785402992,42.61447621981
2020-02-13,-11.07,-5.71,-15.76,7.11,3.18,38.39725785402992,42.61447621981
2020-02-14,-13.48,-7.23,-18.38,0.09,15.43,38.39725785402992,42.61447621981
2020-02-15,-7.21,-0.67,-17.55,0.98,12.14,38.39725785402992,42.61447621981
2020-02-16,-3.44,-0.41,-8.55,0.81,7.67,38.39725785402992,42.61447621981
2020-02-17,-2.31,0.18,-3.92,4.64,4.59,38.39725785402992,42.61447621981
2020-02-18,-2.9,0.69,-6.99,0.09,15.26,38.39725785402992,42.61447621981
2020-02-19,-1.17,0.81,-4.22,2.31,3.84,38.39725785402992,42.61447621981
2020-02-20,-1.37,0.75,-3.21,2.67,13.04,38.39725785402992,42.61447621981
2020-02-21,-0.85,2.79,-3.52,0.08,13.82,38.39725785402992,42.61447621981
2020-02-22,0.04,2.93,-2.45,3.48,8.85,38.39725785402992,42.61447621981
2020-02-23,0.47,4.12,-2.4,0.17,14.13,38.39725785402992,42.61447621981
2020-02-24,0.87,4.32,-1.35,0.12,9.7,38.39725785402992,42.61447621981
2020-02-25,-0.16,3.27,-3.95,1.32,7.15,38.39725785402992,42.61447621981
2020-02-26,-0.76,3.71,-5.61,0.0,15.69,38.39725785402992,42.61447621981
2020-02-27,2.46,7.45,-1.29,0.0,16.11,38.39725785402992,42.61447621981
2020-02-28,1.89,5.33,-0.33,0.22,11.81,38.39725785402992,42.61447621981
2020-02-29,1.41,3.75,0.0,12.62,5.22,38.39725785402992,42.61447621981
2020-03-01,0.67,2.85,-1.72,13.86,4.09,38.39725785402992,42.61447621981
2020-03-02,0.2,4.34,-3.14,1.16,11.18,38.39725785402992,42.61447621981
2020-03-03,1.14,5.12,-1.64,0.0,13.88,38.39725785402992,42.61447621981
2020-03-04,4.1,9.52,-0.62,0.0,15.93,38.39725785402992,42.61447621981
2020-03-05,6.02,11.09,2.11,0.0,16.38,38.39725785402992,42.61447621981
2020-03-06,6.1,10.02,3.14,0.03,12.64,38.39725785402992,42.61447621981
2020-03-07,4.81,9.17,0.91,0.35,8.44,38.39725785402992,42.61447621981
2020-03-08,4.84,10.01,0.2,0.0,16.27,38.39725785402992,42.61447621981
2020-03-09,6.51,12.19,0.82,0.0,17.37,38.39725785402992,42.61447621981
2020-03-10,6.84,12.13,2.98,0.0,18.97,38.39725785402992,42.61447621981
2020-03-11,7.0,11.22,3.53,0.11,16.41,38.39725785402992,42.61447621981
2020-03-12,8.22,12.31,3.68,0.15,18.48,38.39725785402992,42.61447621981
2020-03-13,5.95,7.54,3.64,3.26,10.29,38.39725785402992,42.61447621981
2020-03-14,4.64,7.83,1.48,3.21,5.81,38.39725785402992,42.61447621981
2020-03-15,5.75,10.08,2.45,0.2,15.08,38.39725785402992,42.61447621981
2020-03-16,5.0,8.77,2.28,7.94,6.83,38.39725785402992,42.61447621981
2020-03-17,5.34,9.23,2.83,16.15,4.47,38.39725785402992,42.61447621981
2020-03-18,3.28,7.29,-0.5,25.22,4.59,38.39725785402992,42.61447621981
2020-03-19,1.26,5.07,-1.45,1.68,11.29,38.39725785402992,42.61447621981
2020-03-20,0.61,3.2,-1.06,9.41,7.42,38.39725785402992,42.61447621981
2020-03-21,1.93,5.0,-0.53,0.29,18.01,38.39725785402992,42.61447621981
2020-03-22,3.15,7.16,-1.08,0.0,18.79,38.39725785402992,42.61447621981
2020-03-23,4.66,9.67,0.11,0.0,21.78,38.39725785402992,42.61447621981
2020-03-24,4.45,7.46,2.57,0.03,18.27,38.39725785402992,42.61447621981
2020-03-25,4.23,6.43,1.57,3.86,13.96,38.39725785402992,42.61447621981
2020-03-26,4.2,8.17,0.83,1.66,16.88,38.39725785402992,42.61447621981
2020-03-27,5.41,8.65,2.33,4.18,7.1,38.39725785402992,42.61447621981
2020-03-28,5.96,9.35,2.87,5.01,7.44,38.39725785402992,42.61447621981
2020-03-29,2.9,4.5,0.47,8.14,13.04,38.39725785402992,42.61447621981
2020-03-30,0.94,3.59,-1.27,2.62,14.51,38.39725785402992,42.61447621981
2020-03-31,2.46,6.79,-1.05,0.24,20.6,38.39725785402992,42.61447621981
2020-04-01,2.57,5.35,-0.3,16.71,6.8,38.39725785402992,42.61447621981
2020-04-02,2.57,6.16,-0.32,2.37,12.95,38.39725785402992,42.61447621981
2020-04-03,2.08,6.0,-0.47,10.59,8.34,38.39725785402992,42.61447621981
2020-04-04,3.16,6.43,-0.2,1.76,17.94,38.39725785402992,42.61447621981
2020-04-05,6.23,11.35,2.03,0.02,19.4,38.39725785402992,42.61447621981
2020-04-06,7.52,11.74,3.52,0.91,10.32,38.39725785402992,42.61447621981
2020-04-07,6.44,8.87,3.95,0.34,13.09,38.39725785402992,42.61447621981
2020-04-08,6.36,10.68,1.53,0.0,21.05,38.39725785402992,42.61447621981
2020-04-09,7.12,10.94,3.34,1.88,18.19,38.39725785402992,42.61447621981
2020-04-10,5.04,8.67,2.86,6.49,8.21,38.39725785402992,42.61447621981
2020-04-11,3.93,6.62,1.93,0.63,15.04,38.39725785402992,42.61447621981
2020-04-12,4.22,8.42,0.39,1.35,19.78,38.39725785402992,42.61447621981
2020-04-13,4.93,9.13,-0.5,0.0,21.93,38.39725785402992,42.61447621981
2020-04-14,7.3,11.02,4.83,0.0,24.86,38.39725785402992,42.61447621981
2020-04-15,7.2,11.99,3.62,0.0,24.93,38.39725785402992,42.61447621981
2020-04-16,6.43,9.72,3.13,0.47,14.99,38.39725785402992,42.61447621981
2020-04-17,8.96,13.63,5.22,0.04,23.93,38.39725785402992,42.61447621981
2020-04-18,10.17,14.98,6.35,0.0,24.2,38.39725785402992,42.61447621981
2020-04-19,9.03,12.15,5.99,6.72,17.38,38.39725785402992,42.61447621981
2020-04-20,9.02,12.5,6.04,0.48,18.85,38.39725785402992,42.61447621981
2020-04-21,8.61,12.18,4.42,1.19,13.46,38.39725785402992,42.61447621981
2020-04-22,10.37,13.51,7.16,5.65,14.59,38.39725785402992,42.61447621981
2020-04-23,9.38,12.47,4.52,7.76,14.73,38.39725785402992,42.61447621981
2020-04-24,6.54,11.63,2.37,1.15,17.07,38.39725785402992,42.61447621981
2020-04-25,4.71,8.12,2.16,22.63,6.93,38.39725785402992,42.61447621981
2020-04-26,5.4,8.23,2.6,7.68,16.21,38.39725785402992,42.61447621981
2020-04-27,6.58,10.73,2.29,1.99,23.44,38.39725785402992,42.61447621981
2020-04-28,6.72,9.45,3.41,1.63,19.26,38.39725785402992,42.61447621981
2020-04-29,8.87,12.58,5.15,0.03,24.13,38.39725785402992,42.61447621981
2020-04-30,9.47,12.56,6.79,0.03,22.24,38.39725785402992,42.61447621981
2020-05-01,7.48,12.73,3.82,5.34,13.69,38.39725785402992,42.61447621981
2020-05-02,7.41,10.84,4.45,1.2,20.15,38.39725785402992,42.61447621981
2020-05-03,7.89,11.7,4.8,0.57,16.59,38.39725785402992,42.61447621981
2020-05-04,9.76,15.05,5.11,0.15,21.53,38.39725785402992,42.61447621981
2020-05-05,11.57,15.52,6.7,2.03,9.86,38.39725785402992,42.61447621981
2020-05-06,9.54,13.71,4.09,11.78,8.85,38.39725785402992,42.61447621981
2020-05-07,7.25,11.82,3.96,0.87,21.92,38.39725785402992,42.61447621981
2020-05-08,9.08,12.01,5.6,1.71,15.48,38.39725785402992,42.61447621981
2020-05-09,11.36,15.14,6.71,8.81,10.12,38.39725785402992,42.61447621981
2020-05-10,8.89,11.93,6.37,5.35,9.01,38.39725785402992,42.61447621981
2020-05-11,8.66,12.77,5.17,0.29,24.14,38.39725785402992,42.61447621981
2020-05-12,10.68,15.09,6.45,0.0,28.38,38.39725785402992,42.61447621981
2020-05-13,13.9,19.19,8.88,1.69,25.78,38.39725785402992,42.61447621981
2020-05-14,13.07,17.68,7.69,0.0,28.52,38.39725785402992,42.61447621981
2020-05-15,14.86,20.22,9.16,0.0,28.49,38.39725785402992,42.61447621981
2020-05-16,16.31,21.39,10.72,0.0,27.51,38.39725785402992,42.61447621981
2020-05-17,15.4,20.08,11.12,0.0,29.4,38.39725785402992,42.61447621981
2020-05-18,16.06,21.83,10.63,0.0,26.63,38.39725785402992,42.61447621981
2020-05-19,14.57,19.78,9.71,0.0,30.19,38.39725785402992,42.61447621981
2020-05-20,15.31,20.22,9.07,0.0,30.42,38.39725785402992,42.61447621981
2020-05-21,18.35,22.68,12.99,0.07,29.32,38.39725785402992,42.61447621981
2020-05-22,17.75,22.04,13.63,0.09,28.55,38.39725785402992,42.61447621981
2020-05-23,14.88,17.87,11.03,0.64,19.22,38.39725785402992,42.61447621981
2020-05-24,13.92,18.02,9.97,11.53,14.66,38.39725785402992,42.61447621981
2020-05-25,9.47,12.89,5.26,3.4,18.07,38.39725785402992,42.61447621981
2020-05-26,13.32,20.24,5.69,0.0,31.68,38.39725785402992,42.61447621981
2020-05-27,16.99,21.49,12.0,0.0,30.83,38.39725785402992,42.61447621981
2020-05-28,17.98,23.46,14.13,0.02,23.59,38.39725785402992,42.61447621981
2020-05-29,16.68,22.16,8.76,0.0,30.25,38.39725785402992,42.61447621981
2020-05-30,13.67,19.71,8.55,0.0,32.77,38.39725785402992,42.61447621981
2020-05-31,14.77,20.77,9.73,0.0,32.65,38.39725785402992,42.61447621981
2020-06-01,15.78,21.04,10.04,0.0,29.77,38.39725785402992,42.61447621981
2020-06-02,16.36,21.0,12.41,0.0,23.3,38.39725785402992,42.61447621981
2020-06-03,14.9,20.51,10.57,0.32,16.31,38.39725785402992,42.61447621981
2020-06-04,14.23,19.69,9.27,0.0,32.01,38.39725785402992,42.61447621981
2020-06-05,14.81,19.93,9.42,0.0,30.53,38.39725785402992,42.61447621981
2020-06-06,16.35,20.75,11.43,0.0,32.36,38.39725785402992,42.61447621981
2020-06-07,18.66,23.24,13.61,0.0,32.78,38.39725785402992,42.61447621981
2020-06-08,19.1,23.69,13.64,0.0,32.4,38.39725785402992,42.61447621981
2020-06-09,20.75,25.67,13.71,0.02,29.3,38.39725785402992,42.61447621981
2020-06-10,21.43,25.98,16.76,0.37,25.39,38.39725785402992,42.61447621981
2020-06-11,20.66,25.6,15.91,1.5,22.3,38.39725785402992,42.61447621981
2020-06-12,18.12,23.01,13.33,0.01,31.77,38.39725785402992,42.61447621981
2020-06-13,16.41,22.06,11.4,0.0,32.15,38.39725785402992,42.61447621981
2020-06-14,17.09,22.47,11.25,0.03,28.03,38.39725785402992,42.61447621981
2020-06-15,16.58,20.54,12.02,2.3,21.43,38.39725785402992,42.61447621981
2020-06-16,20.73,26.57,13.69,0.16,30.49,38.39725785402992,42.61447621981
2020-06-17,21.88,26.24,18.33,0.39,31.1,38.39725785402992,42.61447621981
2020-06-18,21.13,26.14,14.98,0.08,28.35,38.39725785402992,42.61447621981
2020-06-19,19.3,24.1,14.27,0.02,28.01,38.39725785402992,42.61447621981
2020-06-20,17.07,21.23,13.19,0.41,24.47,38.39725785402992,42.61447621981
2020-06-21,15.96,19.08,13.34,5.88,16.91,38.39725785402992,42.61447621981
2020-06-22,18.16,23.01,13.28,0.01,29.54,38.39725785402992,42.61447621981
2020-06-23,20.95,25.9,15.76,0.06,31.34,38.39725785402992,42.61447621981
2020-06-24,22.21,27.84,17.44,0.0,32.75,38.39725785402992,42.61447621981
2020-06-25,20.58,27.29,13.6,0.0,31.77,38.39725785402992,42.61447621981
2020-06-26,22.81,28.97,15.46,0.0,31.75,38.39725785402992,42.61447621981
2020-06-27,23.11,27.62,18.14,0.51,28.64,38.39725785402992,42.61447621981
2020-06-28,20.35,25.78,14.72,0.35,28.34,38.39725785402992,42.61447621981
2020-06-29,20.69,25.75,14.68,0.95,30.27,38.39725785402992,42.61447621981
2020-06-30,21.24,25.14,16.46,2.49,23.37,38.39725785402992,42.61447621981
2020-07-01,16.86,21.59,13.77,4.12,15.8,38.39725785402992,42.61447621981
2020-07-02,19.11,24.32,13.86,0.0,26.68,38.39725785402992,42.61447621981
2020-07-03,21.65,27.45,15.03,0.01,29.16,38.39725785402992,42.61447621981
2020-07-04,22.62,27.76,17.12,0.59,24.92,38.39725785402992,42.61447621981
2020-07-05,21.73,26.83,16.34,0.12,29.34,38.39725785402992,42.61447621981
2020-07-06,21.88,27.77,15.46,0.0,30.6,38.39725785402992,42.61447621981
2020-07-07,22.67,27.73,16.2,0.0,28.3,38.39725785402992,42.61447621981
2020-07-08,24.0,29.49,20.15,0.04,23.82,38.39725785402992,42.61447621981
2020-07-09,22.45,27.99,16.63,0.19,25.39,38.39725785402992,42.61447621981
2020-07-10,21.77,27.11,16.84,0.5,23.15,38.39725785402992,42.61447621981
2020-07-11,21.66,26.79,15.88,0.25,25.47,38.39725785402992,42.61447621981
2020-07-12,23.14,27.98,17.74,0.33,24.95,38.39725785402992,42.61447621981
2020-07-13,19.81,22.6,16.12,3.98,20.38,38.39725785402992,42.61447621981
2020-07-14,20.45,25.68,14.97,0.22,27.67,38.39725785402992,42.61447621981
2020-07-15,23.7,28.68,18.52,0.01,28.72,38.39725785402992,42.61447621981
2020-07-16,24.58,29.73,18.57,0.27,28.07,38.39725785402992,42.61447621981
2020-07-17,25.49,30.08,20.84,0.49,28.16,38.39725785402992,42.61447621981
2020-07-18,26.31,31.49,20.15,0.0,29.43,38.39725785402992,42.61447621981
2020-07-19,27.03,32.49,22.81,0.0,30.47,38.39725785402992,42.61447621981
2020-07-20,27.15,33.92,21.58,0.0,30.9,38.39725785402992,42.61447621981
2020-07-21,27.03,34.58,20.01,0.01,29.99,38.39725785402992,42.61447621981
2020-07-22,24.7,31.7,18.85,0.06,29.19,38.39725785402992,42.61447621981
2020-07-23,25.01,30.98,18.78,0.14,27.09,38.39725785402992,42.61447621981
2020-07-24,25.79,30.42,21.09,0.05,24.87,38.39725785402992,42.61447621981
2020-07-25,26.3,32.61,20.01,0.09,28.75,38.39725785402992,42.61447621981
2020-07-26,24.73,30.99,19.08,0.0,29.82,38.39725785402992,42.61447621981
2020-07-27,25.83,31.96,19.65,0.01,28.71,38.39725785402992,42.61447621981
2020-07-28,25.68,30.04,20.36,0.25,13.22,38.39725785402992,42.61447621981
2020-07-29,25.89,32.01,20.17,0.02,27.61,38.39725785402992,42.61447621981
2020-07-30,24.12,30.57,16.43,0.01,30.06,38.39725785402992,42.61447621981
2020-07-31,25.21,31.03,18.19,0.0,28.48,38.39725785402992,42.61447621981
2020-08-01,25.79,31.53,20.94,0.02,28.03,38.39725785402992,42.61447621981
2020-08-02,24.32,29.65,19.27,0.28,23.53,38.39725785402992,42.61447621981
2020-08-03,22.87,28.75,17.28,0.29,25.98,38.39725785402992,42.61447621981
2020-08-04,23.44,28.56,17.91,0.0,26.06,38.39725785402992,42.61447621981
2020-08-05,22.04,27.69,16.71,0.0,29.05,38.39725785402992,42.61447621981
2020-08-06,22.41,28.16,16.38,0.0,29.2,38.39725785402992,42.61447621981
2020-08-07,21.93,27.06,16.68,0.0,28.8,38.39725785402992,42.61447621981
2020-08-08,21.39,26.82,15.96,0.0,29.15,38.39725785402992,42.61447621981
2020-08-09,23.14,29.39,15.88,0.0,28.88,38.39725785402992,42.61447621981
2020-08-10,24.15,29.94,19.15,0.0,26.46,38.39725785402992,42.61447621981
2020-08-11,23.09,28.71,17.25,0.07,27.98,38.39725785402992,42.61447621981
2020-08-12,22.14,28.18,15.49,0.01,26.45,38.39725785402992,42.61447621981
2020-08-13,24.01,29.63,19.33,0.12,24.46,38.39725785402992,42.61447621981
2020-08-14,22.91,29.61,16.69,0.13,23.37,38.39725785402992,42.61447621981
2020-08-15,21.79,27.45,16.21,0.06,25.85,38.39725785402992,42.61447621981
2020-08-16,23.04,29.19,17.06,0.19,25.07,38.39725785402992,42.61447621981
2020-08-17,23.54,29.74,17.72,0.01,25.68,38.39725785402992,42.61447621981
2020-08-18,23.34,29.24,17.04,0.0,26.34,38.39725785402992,42.61447621981
2020-08-19,23.67,29.9,17.04,0.0,26.73,38.39725785402992,42.61447621981
2020-08-20,24.68,30.64,20.53,0.0,27.2,38.39725785402992,42.61447621981
2020-08-21,24.0,29.84,19.59,0.0,27.0,38.39725785402992,42.61447621981
2020-08-22,19.51,24.34,15.5,2.59,14.4,38.39725785402992,42.61447621981
2020-08-23,15.62,20.21,12.16,3.55,23.16,38.39725785402992,42.61447621981
2020-08-24,17.33,22.85,11.85,0.0,25.95,38.39725785402992,42.61447621981
2020-08-25,18.72,24.26,13.18,0.0,26.7,38.39725785402992,42.61447621981
2020-08-26,19.45,24.88,12.98,0.0,27.27,38.39725785402992,42.61447621981
2020-08-27,21.16,26.95,14.83,0.0,25.2,38.39725785402992,42.61447621981
2020-08-28,22.53,27.89,16.29,0.0,25.73,38.39725785402992,42.61447621981
2020-08-29,21.98,28.59,15.76,0.0,26.06,38.39725785402992,42.61447621981
2020-08-30,23.11,29.53,16.33,0.0,26.12,38.39725785402992,42.61447621981
2020-08-31,23.41,29.57,16.56,0.0,25.82,38.39725785402992,42.61447621981
2020-09-01,24.0,30.13,17.93,0.0,20.8,38.39725785402992,42.61447621981
2020-09-02,23.85,29.32,18.65,0.0,20.24,38.39725785402992,42.61447621981
2020-09-03,21.92,27.78,17.0,0.0,24.09,38.39725785402992,42.61447621981
2020-09-04,21.49,26.32,16.38,0.0,25.07,38.39725785402992,42.61447621981
2020-09-05,23.08,28.75,17.34,0.0,23.78,38.39725785402992,42.61447621981
2020-09-06,23.39,29.07,18.18,0.0,23.23,38.39725785402992,42.61447621981
2020-09-07,22.46,28.3,17.16,0.0,24.03,38.39725785402992,42.61447621981
2020-09-08,22.21,28.3,17.26,0.0,24.16,38.39725785402992,42.61447621981
2020-09-09,20.65,27.54,13.96,0.0,23.18,38.39725785402992,42.61447621981
2020-09-10,21.58,27.9,14.82,0.0,22.63,38.39725785402992,42.61447621981
2020-09-11,23.03,28.26,18.17,0.0,21.93,38.39725785402992,42.61447621981
2020-09-12,22.3,27.52,15.79,0.0,21.38,38.39725785402992,42.61447621981
2020-09-13,23.12,28.53,18.89,0.0,21.86,38.39725785402992,42.61447621981
2020-09-14,23.58,29.1,19.46,0.0,20.4,38.39725785402992,42.61447621981
2020-09-15,23.45,28.77,19.07,0.0,22.13,38.39725785402992,42.61447621981
2020-09-16,22.48,28.28,16.17,0.0,21.91,38.39725785402992,42.61447621981
2020-09-17,23.19,28.71,17.61,0.0,22.18,38.39725785402992,42.61447621981
2020-09-18,20.92,27.0,16.33,0.0,22.39,38.39725785402992,42.61447621981
2020-09-19,20.54,25.6,15.85,0.0,21.86,38.39725785402992,42.61447621981
2020-09-20,19.91,25.96,14.72,0.0,20.01,38.39725785402992,42.61447621981
2020-09-21,20.66,25.95,16.73,0.0,18.92,38.39725785402992,42.61447621981
2020-09-22,20.42,26.21,15.94,0.0,17.9,38.39725785402992,42.61447621981
2020-09-23,20.15,25.48,16.4,0.0,19.14,38.39725785402992,42.61447621981
2020-09-24,19.72,25.43,15.88,0.0,19.89,38.39725785402992,42.61447621981
2020-09-25,19.39,24.63,15.81,0.15,19.65,38.39725785402992,42.61447621981
2020-09-26,18.01,23.3,13.9,0.57,17.46,38.39725785402992,42.61447621981
2020-09-27,18.03,23.2,14.23,0.01,19.94,38.39725785402992,42.61447621981
2020-09-28,17.76,23.77,12.32,0.0,20.38,38.39725785402992,42.61447621981
2020-09-29,17.08,22.0,11.96,0.0,20.27,38.39725785402992,42.61447621981
2020-09-30,17.64,23.36,12.93,0.0,18.06,38.39725785402992,42.61447621981
2020-10-01,16.75,21.81,12.5,0.0,18.76,38.39725785402992,42.61447621981
2020-10-02,16.24,21.75,11.86,0.4,15.76,38.39725785402992,42.61447621981
2020-10-03,16.72,22.17,12.45,0.0,18.86,38.39725785402992,42.61447621981
2020-10-04,16.62,21.67,12.38,0.01,17.7,38.39725785402992,42.61447621981
2020-10-05,14.47,20.81,9.58,0.9,18.06,38.39725785402992,42.61447621981
2020-10-06,12.38,18.2,7.78,0.02,17.63,38.39725785402992,42.61447621981
2020-10-07,11.64,16.76,6.69,0.07,15.29,38.39725785402992,42.61447621981
2020-10-08,10.95,15.57,6.77,0.0,17.47,38.39725785402992,42.61447621981
2020-10-09,11.56,17.68,5.99,0.0,19.03,38.39725785402992,42.61447621981
2020-10-10,14.05,20.71,7.85,0.0,18.98,38.39725785402992,42.61447621981
2020-10-11,15.44,20.51,10.88,0.0,16.9,38.39725785402992,42.61447621981
2020-10-12,15.62,20.98,10.64,0.0,18.23,38.39725785402992,42.61447621981
2020-10-13,16.17,21.9,11.15,0.0,18.25,38.39725785402992,42.61447621981
2020-10-14,16.29,21.66,10.87,0.0,18.09,38.39725785402992,42.61447621981
2020-10-15,16.45,21.79,12.04,0.0,17.74,38.39725785402992,42.61447621981
2020-10-16,15.87,21.28,10.96,0.0,17.3,38.39725785402992,42.61447621981
2020-10-17,15.93,21.56,11.0,0.0,17.52,38.39725785402992,42.61447621981
2020-10-18,15.23,21.07,11.36,0.0,17.16,38.39725785402992,42.61447621981
2020-10-19,13.6,18.9,10.05,0.0,16.71,38.39725785402992,42.61447621981
2020-10-20,13.98,19.26,9.85,0.0,14.78,38.39725785402992,42.61447621981
2020-10-21,13.13,17.14,9.37,0.0,16.23,38.39725785402992,42.61447621981
2020-10-22,14.42,19.43,11.16,0.0,16.34,38.39725785402992,42.61447621981
2020-10-23,13.8,19.59,8.93,0.0,16.85,38.39725785402992,42.61447621981
2020-10-24,14.57,21.28,8.61,0.0,16.3,38.39725785402992,42.61447621981
2020-10-25,14.5,19.88,10.18,0.0,11.45,38.39725785402992,42.61447621981
2020-10-26,13.54,18.77,10.35,0.0,15.25,38.39725785402992,42.61447621981
2020-10-27,13.04,18.01,9.05,0.0,15.02,38.39725785402992,42.61447621981
2020-10-28,12.71,18.32,8.91,0.87,14.05,38.39725785402992,42.61447621981
2020-10-29,13.85,19.62,8.81,0.01,12.44,38.39725785402992,42.61447621981
2020-10-30,13.77,19.14,10.05,0.0,12.88,38.39725785402992,42.61447621981
2020-10-31,13.13,17.61,9.51,0.0,10.14,38.39725785402992,42.61447621981
2020-11-01,10.84,16.29,7.33,0.03,11.25,38.39725785402992,42.61447621981
2020-11-02,9.2,12.9,6.12,3.06,3.79,38.39725785402992,42.61447621981
2020-11-03,8.58,12.05,6.23,3.22,7.17,38.39725785402992,42.61447621981
2020-11-04,7.65,13.32,2.5,4.44,8.76,38.39725785402992,42.61447621981
2020-11-05,8.18,12.39,5.83,9.12,4.33,38.39725785402992,42.61447621981
2020-11-06,6.11,8.55,3.86,5.04,5.64,38.39725785402992,42.61447621981
2020-11-07,5.83,9.67,1.84,0.11,8.86,38.39725785402992,42.61447621981
2020-11-08,4.81,10.98,-0.37,0.0,13.75,38.39725785402992,42.61447621981
2020-11-09,7.37,11.62,3.97,0.01,11.2,38.39725785402992,42.61447621981
2020-11-10,7.22,10.94,4.75,0.15,9.65,38.39725785402992,42.61447621981
2020-11-11,5.29,9.34,2.36,0.21,10.64,38.39725785402992,42.61447621981
2020-11-12,5.12,9.16,2.42,0.05,10.28,38.39725785402992,42.61447621981
2020-11-13,5.17,9.51,2.02,0.0,13.26,38.39725785402992,42.61447621981
2020-11-14,4.75,9.22,1.79,0.0,12.13,38.39725785402992,42.61447621981
2020-11-15,4.51,8.82,1.57,0.01,11.35,38.39725785402992,42.61447621981
2020-11-16,2.16,4.34,0.73,1.28,4.54,38.39725785402992,42.61447621981
2020-11-17,3.17,6.22,0.7,0.51,8.89,38.39725785402992,42.61447621981
2020-11-18,3.89,8.07,1.13,0.0,10.48,38.39725785402992,42.61447621981
2020-11-19,3.98,8.12,1.73,0.01,10.66,38.39725785402992,42.61447621981
2020-11-20,2.91,6.87,0.37,0.38,6.49,38.39725785402992,42.61447621981
2020-11-21,2.54,6.26,-1.36,4.32,3.61,38.39725785402992,42.61447621981
2020-11-22,2.38,7.92,-1.52,0.0,10.25,38.39725785402992,42.61447621981
2020-11-23,-0.47,3.31,-2.93,0.0,11.86,38.39725785402992,42.61447621981
2020-11-24,2.21,8.43,-1.88,0.0,11.89,38.39725785402992,42.61447621981
2020-11-25,2.31,4.89,0.32,0.02,7.66,38.39725785402992,42.61447621981
2020-11-26,0.4,2.99,-2.79,0.96,5.91,38.39725785402992,42.61447621981
2020-11-27,-0.64,4.13,-3.79,0.0,11.48,38.39725785402992,42.61447621981
2020-11-28,1.22,6.22,-2.29,0.37,9.57,38.39725785402992,42.61447621981
2020-11-29,0.62,4.34,-1.84,0.02,8.01,38.39725785402992,42.61447621981
2020-11-30,0.56,4.37,-1.23,0.07,7.93,38.39725785402992,42.61447621981
2020-12-01,0.6,4.16,-2.39,0.28,6.74,38.39725785402992,42.61447621981
2020-12-02,1.88,5.84,-0.44,0.05,9.61,38.39725785402992,42.61447621981
2020-12-03,1.58,6.1,-0.81,0.0,10.51,38.39725785402992,42.61447621981
2020-12-04,1.28,5.54,-1.54,0.0,10.08,38.39725785402992,42.61447621981
2020-12-05,0.02,4.21,-2.72,0.0,10.17,38.39725785402992,42.61447621981
2020-12-06,-0.86,3.35,-3.71,0.02,8.98,38.39725785402992,42.61447621981
2020-12-07,-0.43,2.87,-2.3,1.56,9.24,38.39725785402992,42.61447621981
2020-12-08,-1.44,2.48,-4.3,0.03,6.95,38.39725785402992,42.61447621981
2020-12-09,-0.68,1.08,-2.06,6.01,2.35,38.39725785402992,42.61447621981
2020-12-10,-1.95,1.37,-4.31,0.97,8.31,38.39725785402992,42.61447621981
2020-12-11,-0.97,2.83,-3.68,0.0,6.41,38.39725785402992,42.61447621981
2020-12-12,-0.84,2.94,-3.31,0.22,6.36,38.39725785402992,42.61447621981
2020-12-13,0.69,4.23,-1.3,1.06,3.72,38.39725785402992,42.61447621981
2020-12-14,0.72,2.18,-0.52,0.97,2.21,38.39725785402992,42.61447621981
2020-12-15,1.62,4.99,-0.53,1.06,3.89,38.39725785402992,42.61447621981
2020-12-16,0.74,3.89,-0.96,0.78,3.81,38.39725785402992,42.61447621981
2020-12-17,0.71,4.49,-1.75,0.34,8.88,38.39725785402992,42.61447621981
2020-12-18,-2.29,1.5,-6.19,1.06,10.48,38.39725785402992,42.61447621981
2020-12-19,-0.97,3.65,-3.12,0.01,10.46,38.39725785402992,42.61447621981
2020-12-20,-2.08,1.62,-4.25,0.12,9.45,38.39725785402992,42.61447621981
2020-12-21,-2.36,1.81,-5.78,0.03,10.03,38.39725785402992,42.61447621981
2020-12-22,-1.28,1.83,-3.33,9.8,2.52,38.39725785402992,42.61447621981
2020-12-23,-3.55,-0.47,-8.19,5.3,3.93,38.39725785402992,42.61447621981
2020-12-24,-9.72,-5.63,-13.43,1.53,6.5,38.39725785402992,42.61447621981
2020-12-25,-9.61,-3.21,-14.22,0.0,8.26,38.39725785402992,42.61447621981
2020-12-26,-6.05,2.11,-11.56,0.0,8.28,38.39725785402992,42.61447621981
2020-12-27,-4.49,2.35,-10.08,0.0,8.82,38.39725785402992,42.61447621981
2020-12-28,-2.33,4.24,-8.55,0.0,8.95,38.39725785402992,42.61447621981
2020-12-29,0.12,5.39,-2.58,0.0,5.03,38.39725785402992,42.61447621981
2020-12-30,-1.55,3.61,-6.87,0.0,9.43,38.39725785402992,42.61447621981
2020-12-31,-0.69,5.28,-5.97,0.0,9.73,38.39725785402992,42.61447621981
2021-01-01,-0.59,4.79,-5.5,0.0,8.73,38.39725785402992,42.61447621981
2021-01-02,-1.14,4.45,-5.93,0.0,8.63,38.39725785402992,42.61447621981
2021-01-03,-1.52,2.41,-4.66,0.0,9.23,38.39725785402992,42.61447621981
2021-01-04,-3.94,2.67,-10.29,0.0,9.31,38.39725785402992,42.61447621981
2021-01-05,-3.47,4.49,-10.18,0.0,9.81,38.39725785402992,42.61447621981
2021-01-06,-0.97,4.54,-4.77,0.0,10.21,38.39725785402992,42.61447621981
2021-01-07,-0.79,4.88,-5.37,0.0,10.15,38.39725785402992,42.61447621981
2021-01-08,-0.51,4.75,-5.62,0.0,9.15,38.39725785402992,42.61447621981
2021-01-09,0.76,5.06,-2.41,0.0,10.25,38.39725785402992,42.61447621981
2021-01-10,-0.33,4.41,-4.05,0.0,9.96,38.39725785402992,42.61447621981
2021-01-11,0.67,5.57,-2.84,0.0,10.01,38.39725785402992,42.61447621981
2021-01-12,2.89,6.54,0.91,0.01,8.19,38.39725785402992,42.61447621981
2021-01-13,3.19,7.21,1.21,0.02,4.31,38.39725785402992,42.61447621981
2021-01-14,0.43,3.17,-2.18,3.4,4.05,38.39725785402992,42.61447621981
2021-01-15,-1.58,0.75,-3.68,7.12,5.69,38.39725785402992,42.61447621981
2021-01-16,-0.92,2.26,-2.61,1.4,4.97,38.39725785402992,42.61447621981
2021-01-17,-1.28,1.27,-4.04,5.93,3.8,38.39725785402992,42.61447621981
2021-01-18,-2.12,-0.55,-3.92,8.4,6.3,38.39725785402992,42.61447621981
2021-01-19,-4.15,-1.39,-7.9,17.0,2.85,38.39725785402992,42.61447621981
2021-01-20,-8.6,-3.93,-16.24,5.74,4.76,38.39725785402992,42.61447621981
2021-01-21,-16.15,-8.14,-22.28,0.07,10.48,38.39725785402992,42.61447621981
2021-01-22,-16.25,-7.43,-24.4,0.0,11.75,38.39725785402992,42.61447621981
2021-01-23,-11.97,-3.92,-18.77,0.0,12.1,38.39725785402992,42.61447621981
2021-01-24,-6.62,-0.26,-11.45,0.0,12.28,38.39725785402992,42.61447621981
2021-01-25,-5.62,-0.16,-10.26,0.0,12.46,38.39725785402992,42.61447621981
2021-01-26,-4.67,-0.27,-8.41,0.0,12.65,38.39725785402992,42.61447621981
2021-01-27,-3.24,0.95,-7.38,0.09,10.11,38.39725785402992,42.61447621981
2021-01-28,-2.23,0.91,-5.3,2.57,4.94,38.39725785402992,42.61447621981
2021-01-29,-2.5,0.73,-6.47,2.93,5.23,38.39725785402992,42.61447621981
2021-01-30,-4.93,-2.41,-7.96,0.93,11.07,38.39725785402992,42.61447621981
2021-01-31,-5.87,-1.18,-8.88,1.35,3.48,38.39725785402992,42.61447621981
2021-02-01,-4.19,-0.44,-8.25,0.0,10.06,38.39725785402992,42.61447621981
2021-02-02,-2.8,2.41,-7.04,0.0,10.97,38.39725785402992,42.61447621981
2021-02-03,0.23,4.62,-3.91,0.0,10.71,38.39725785402992,42.61447621981
2021-02-04,2.25,5.19,0.32,0.75,7.03,38.39725785402992,42.61447621981
2021-02-05,0.71,3.92,-1.93,2.08,4.05,38.39725785402992,42.61447621981
2021-02-06,0.8,5.36,-2.64,0.0,13.69,38.39725785402992,42.61447621981
2021-02-07,2.45,7.08,-0.54,0.0,12.42,38.39725785402992,42.61447621981
2021-02-08,2.16,7.01,-0.55,0.0,13.12,38.39725785402992,42.61447621981
2021-02-09,2.42,7.54,-0.13,0.02,13.79,38.39725785402992,42.61447621981
2021-02-10,2.47,6.84,-1.27,1.09,12.56,38.39725785402992,42.61447621981
2021-02-11,3.36,7.65,0.87,0.41,12.79,38.39725785402992,42.61447621981
2021-02-12,2.9,8.28,-0.54,0.0,13.84,38.39725785402992,42.61447621981
2021-02-13,1.67,5.71,-0.86,0.01,13.37,38.39725785402992,42.61447621981
2021-02-14,2.03,7.38,-1.24,0.0,14.5,38.39725785402992,42.61447621981
2021-02-15,3.0,8.62,-1.29,0.03,14.23,38.39725785402992,42.61447621981
2021-02-16,2.93,7.0,0.42,2.4,8.55,38.39725785402992,42.61447621981
2021-02-17,0.55,3.94,-3.79,16.39,4.66,38.39725785402992,42.61447621981
2021-02-18,-4.05,-1.48,-5.6,4.27,5.58,38.39725785402992,42.61447621981
2021-02-19,-5.53,-3.42,-7.62,3.97,6.56,38.39725785402992,42.61447621981
2021-02-20,-6.11,-3.44,-8.79,4.46,6.64,38.39725785402992,42.61447621981
2021-02-21,-7.05,-4.53,-8.73,0.7,10.4,38.39725785402992,42.61447621981
2021-02-22,-6.09,-2.35,-9.71,0.0,13.31,38.39725785402992,42.61447621981
2021-02-23,-2.62,2.26,-6.52,0.0,15.71,38.39725785402992,42.61447621981
2021-02-24,-2.49,2.2,-6.53,0.0,15.44,38.39725785402992,42.61447621981
2021-02-25,-2.05,2.25,-5.84,0.0,15.56,38.39725785402992,42.61447621981
2021-02-26,-1.6,2.6,-6.09,0.0,16.39,38.39725785402992,42.61447621981
2021-02-27,0.57,5.28,-2.83,0.0,17.42,38.39725785402992,42.61447621981
2021-02-28,0.65,4.85,-1.69,0.0,16.56,38.39725785402992,42.61447621981
2021-03-01,0.19,3.02,-1.89,4.62,11.0,38.39725785402992,42.61447621981
2021-03-02,-0.12,3.37,-2.17,2.96,12.13,38.39725785402992,42.61447621981
2021-03-03,-0.22,3.33,-2.61,0.55,6.6,38.39725785402992,42.61447621981
2021-03-04,0.48,3.93,-2.17,6.88,12.96,38.39725785402992,42.61447621981
2021-03-05,0.43,4.78,-2.92,3.15,14.27,38.39725785402992,42.61447621981
2021-03-06,1.3,6.35,-2.0,0.0,18.39,38.39725785402992,42.61447621981
2021-03-07,1.13,4.27,-1.43,0.35,14.14,38.39725785402992,42.61447621981
2021-03-08,0.53,4.43,-2.92,2.32,10.32,38.39725785402992,42.61447621981
2021-03-09,-1.13,3.1,-4.02,0.0,16.68,38.39725785402992,42.61447621981
2021-03-10,0.93,4.78,-2.29,0.71,12.22,38.39725785402992,42.61447621981
2021-03-11,3.72,8.31,0.02,6.12,14.43,38.39725785402992,42.61447621981
2021-03-12,-1.82,1.05,-7.46,17.78,3.46,38.39725785402992,42.61447621981
2021-03-13,-2.29,3.48,-8.85,0.0,18.69,38.39725785402992,42.61447621981
2021-03-14,1.49,5.32,-1.56,0.0,16.56,38.39725785402992,42.61447621981
2021-03-15,1.26,3.41,-0.74,2.49,8.6,38.39725785402992,42.61447621981
2021-03-16,3.86,8.91,-0.58,2.85,15.16,38.39725785402992,42.61447621981
2021-03-17,4.17,8.73,0.81,0.63,18.57,38.39725785402992,42.61447621981
2021-03-18,0.78,3.66,-1.36,3.65,14.21,38.39725785402992,42.61447621981
2021-03-19,-0.54,2.26,-2.99,1.81,11.53,38.39725785402992,42.61447621981
2021-03-20,0.2,3.94,-3.03,0.01,13.51,38.39725785402992,42.61447621981
2021-03-21,2.27,6.52,-1.85,0.02,10.92,38.39725785402992,42.61447621981
2021-03-22,4.45,9.09,0.63,0.54,13.47,38.39725785402992,42.61447621981
2021-03-23,4.62,8.18,2.91,11.95,4.78,38.39725785402992,42.61447621981
2021-03-24,4.27,6.71,0.51,13.55,15.31,38.39725785402992,42.61447621981
2021-03-25,0.09,2.35,-3.19,5.19,10.8,38.39725785402992,42.61447621981
2021-03-26,-0.73,2.81,-4.08,6.03,7.83,38.39725785402992,42.61447621981
2021-03-27,-3.17,-1.31,-6.51,2.2,11.31,38.39725785402992,42.61447621981
2021-03-28,-1.62,3.88,-7.04,0.0,19.4,38.39725785402992,42.61447621981
2021-03-29,1.42,6.37,-2.86,0.0,22.06,38.39725785402992,42.61447621981
2021-03-30,4.28,8.77,-0.63,0.0,21.68,38.39725785402992,42.61447621981
2021-03-31,6.71,12.08,1.87,0.0,21.6,38.39725785402992,42.61447621981
2021-04-01,6.61,12.01,0.42,0.01,18.59,38.39725785402992,42.61447621981
2021-04-02,2.7,6.51,-0.46,0.32,15.63,38.39725785402992,42.61447621981
2021-04-03,1.78,5.28,-0.46,0.67,15.92,38.39725785402992,42.61447621981
2021-04-04,4.25,9.18,-0.04,0.0,15.67,38.39725785402992,42.61447621981
2021-04-05,4.89,9.66,0.64,0.0,11.76,38.39725785402992,42.61447621981
2021-04-06,6.62,12.09,1.14,0.0,14.29,38.39725785402992,42.61447621981
2021-04-07,9.33,15.43,3.74,0.0,20.12,38.39725785402992,42.61447621981
2021-04-08,11.23,16.86,6.51,0.0,19.34,38.39725785402992,42.61447621981
2021-04-09,11.64,16.3,7.41,0.01,17.54,38.39725785402992,42.61447621981
2021-04-10,9.64,13.71,6.26,0.45,15.1,38.39725785402992,42.61447621981
2021-04-11,6.53,11.34,-0.1,0.16,19.9,38.39725785402992,42.61447621981
2021-04-12,2.88,6.6,-1.25,0.14,18.5,38.39725785402992,42.61447621981
2021-04-13,3.81,8.62,0.29,4.18,15.42,38.39725785402992,42.61447621981
2021-04-14,4.77,10.43,0.6,0.77,21.41,38.39725785402992,42.61447621981
2021-04-15,7.34,12.76,2.4,0.02,23.59,38.39725785402992,42.61447621981
2021-04-16,9.57,13.68,5.78,0.0,21.16,38.39725785402992,42.61447621981
2021-04-17,11.55,15.57,7.17,0.0,23.54,38.39725785402992,42.61447621981
2021-04-18,13.41,18.07,9.94,0.0,19.96,38.39725785402992,42.61447621981
2021-04-19,13.82,18.46,9.76,0.0,19.63,38.39725785402992,42.61447621981
2021-04-20,11.92,15.41,9.7,0.36,13.98,38.39725785402992,42.61447621981
2021-04-21,15.47,20.83,10.68,0.4,20.85,38.39725785402992,42.61447621981
2021-04-22,14.15,19.88,7.17,0.05,25.24,38.39725785402992,42.61447621981
2021-04-23,12.28,17.74,6.6,0.03,28.56,38.39725785402992,42.61447621981
2021-04-24,14.64,20.22,10.09,0.0,27.61,38.39725785402992,42.61447621981
2021-04-25,14.63,20.3,9.46,0.0,19.4,38.39725785402992,42.61447621981
2021-04-26,16.07,20.83,10.85,0.25,15.41,38.39725785402992,42.61447621981
2021-04-27,15.28,20.1,11.16,0.19,17.38,38.39725785402992,42.61447621981
2021-04-28,14.46,18.57,11.32,0.0,22.54,38.39725785402992,42.61447621981
2021-04-29,14.89,20.01,10.67,2.19,23.62,38.39725785402992,42.61447621981
2021-04-30,14.1,18.94,9.91,1.53,21.92,38.39725785402992,42.61447621981
2021-05-01,11.01,13.97,7.97,2.12,14.69,38.39725785402992,42.61447621981
2021-05-02,11.53,16.41,6.76,0.26,23.49,38.39725785402992,42.61447621981
2021-05-03,14.18,18.37,8.51,0.0,27.79,38.39725785402992,42.61447621981
2021-05-04,14.95,19.38,11.75,7.02,22.01,38.39725785402992,42.61447621981
2021-05-05,12.44,16.52,9.09,1.61,20.65,38.39725785402992,42.61447621981
2021-05-06,13.75,18.98,8.65,0.32,24.07,38.39725785402992,42.61447621981
2021-05-07,11.67,13.96,9.7,1.87,17.84,38.39725785402992,42.61447621981
2021-05-08,14.51,19.81,8.2,0.0,28.52,38.39725785402992,42.61447621981
2021-05-09,14.88,20.88,7.79,0.52,20.67,38.39725785402992,42.61447621981
2021-05-10,10.02,18.53,2.94,0.12,30.64,38.39725785402992,42.61447621981
2021-05-11,13.2,19.52,6.73,0.0,31.37,38.39725785402992,42.61447621981
2021-05-12,15.08,20.73,8.81,0.0,29.5,38.39725785402992,42.61447621981
2021-05-13,17.74,23.14,12.73,0.0,29.37,38.39725785402992,42.61447621981
2021-05-14,18.39,23.42,13.26,0.0,28.09,38.39725785402992,42.61447621981
2021-05-15,18.86,23.5,13.04,0.0,27.95,38.39725785402992,42.61447621981
2021-05-16,18.95,23.85,14.08,0.0,28.16,38.39725785402992,42.61447621981
2021-05-17,17.39,22.75,10.84,0.0,26.87,38.39725785402992,42.61447621981
2021-05-18,15.54,21.04,10.06,0.0,30.97,38.39725785402992,42.61447621981
2021-05-19,17.89,23.69,11.94,0.0,30.69,38.39725785402992,42.61447621981
2021-05-20,19.86,25.25,15.38,0.0,30.76,38.39725785402992,42.61447621981
2021-05-21,21.17,27.01,15.42,0.0,30.52,38.39725785402992,42.61447621981
2021-05-22,18.32,25.15,14.3,0.02,17.42,38.39725785402992,42.61447621981
2021-05-23,17.78,23.64,13.43,0.0,26.2,38.39725785402992,42.61447621981
2021-05-24,16.87,22.73,12.57,0.2,24.21,38.39725785402992,42.61447621981
2021-05-25,15.57,19.49,11.69,0.02,24.15,38.39725785402992,42.61447621981
2021-05-26,16.51,22.18,11.0,0.0,30.06,38.39725785402992,42.61447621981
2021-05-27,18.75,24.46,13.9,0.0,31.68,38.39725785402992,42.61447621981
2021-05-28,19.21,25.35,12.96,0.0,29.85,38.39725785402992,42.61447621981
2021-05-29,18.18,24.17,12.78,0.02,29.45,38.39725785402992,42.61447621981
2021-05-30,16.88,22.79,10.28,0.0,31.9,38.39725785402992,42.61447621981
2021-05-31,18.41,24.04,13.3,0.0,31.58,38.39725785402992,42.61447621981
2021-06-01,18.77,24.84,12.9,0.0,31.2,38.39725785402992,42.61447621981
2021-06-02,16.47,22.49,10.84,0.0,31.26,38.39725785402992,42.61447621981
2021-06-03,15.61,22.09,9.62,0.0,32.66,38.39725785402992,42.61447621981
2021-06-04,16.5,21.98,11.61,0.0,32.16,38.39725785402992,42.61447621981
2021-06-05,17.69,22.66,13.1,0.0,29.58,38.39725785402992,42.61447621981
2021-06-06,17.19,21.77,12.71,0.0,29.68,38.39725785402992,42.61447621981
2021-06-07,17.08,23.06,11.94,0.0,32.54,38.39725785402992,42.61447621981
2021-06-08,18.01,23.85,12.26,0.0,31.24,38.39725785402992,42.61447621981
2021-06-09,19.2,24.35,13.68,0.11,28.71,38.39725785402992,42.61447621981
2021-06-10,18.13,23.84,13.07,0.05,30.85,38.39725785402992,42.61447621981
2021-06-11,17.97,24.04,11.95,0.0,31.42,38.39725785402992,42.61447621981
2021-06-12,19.51,25.98,14.3,0.02,31.95,38.39725785402992,42.61447621981
2021-06-13,18.49,23.79,13.35,0.06,27.02,38.39725785402992,42.61447621981
2021-06-14,20.24,26.06,14.55,0.0,31.92,38.39725785402992,42.61447621981
2021-06-15,22.02,28.23,15.86,0.09,31.64,38.39725785402992,42.61447621981
2021-06-16,22.77,29.77,14.82,0.0,32.42,38.39725785402992,42.61447621981
2021-06-17,20.45,27.91,13.49,0.0,33.31,38.39725785402992,42.61447621981
2021-06-18,22.91,30.63,13.06,0.0,32.09,38.39725785402992,42.61447621981
2021-06-19,25.28,32.65,16.58,0.0,31.29,38.39725785402992,42.61447621981
2021-06-20,24.83,31.35,18.72,0.0,31.13,38.39725785402992,42.61447621981
2021-06-21,24.73,30.38,19.23,0.0,31.59,38.39725785402992,42.61447621981
2021-06-22,24.2,30.33,18.88,0.0,31.9,38.39725785402992,42.61447621981
2021-06-23,24.17,30.24,19.26,0.0,31.94,38.39725785402992,42.61447621981
2021-06-24,24.33,30.77,19.44,0.0,32.27,38.39725785402992,42.61447621981
2021-06-25,24.82,31.16,19.6,0.0,32.52,38.39725785402992,42.61447621981
2021-06-26,24.4,30.48,19.65,0.0,32.04,38.39725785402992,42.61447621981
2021-06-27,24.62,29.98,19.78,0.02,27.91,38.39725785402992,42.61447621981
2021-06-28,26.65,31.41,21.78,0.08,28.18,38.39725785402992,42.61447621981
2021-06-29,25.81,30.74,20.82,0.02,29.98,38.39725785402992,42.61447621981
2021-06-30,25.73,31.23,20.3,0.0,30.17,38.39725785402992,42.61447621981
2021-07-01,25.6,31.62,18.55,0.0,26.88,38.39725785402992,42.61447621981
2021-07-02,26.32,31.22,22.09,0.02,26.86,38.39725785402992,42.61447621981
2021-07-03,25.95,31.8,20.49,0.06,29.95,38.39725785402992,42.61447621981
2021-07-04,24.01,30.15,18.34,0.0,31.41,38.39725785402992,42.61447621981
2021-07-05,21.82,28.13,15.95,0.0,31.95,38.39725785402992,42.61447621981
2021-07-06,22.57,28.01,17.21,0.01,31.39,38.39725785402992,42.61447621981
2021-07-07,23.13,28.48,17.35,0.01,27.39,38.39725785402992,42.61447621981
2021-07-08,23.79,30.56,15.75,0.0,30.15,38.39725785402992,42.61447621981
2021-07-09,25.45,31.2,20.0,0.01,28.49,38.39725785402992,42.61447621981
2021-07-10,25.21,31.11,19.24,0.04,29.42,38.39725785402992,42.61447621981
2021-07-11,25.34,30.03,21.11,0.03,28.8,38.39725785402992,42.61447621981
2021-07-12,25.69,31.15,19.92,0.0,29.95,38.39725785402992,42.61447621981
2021-07-13,26.19,31.87,19.75,0.25,29.39,38.39725785402992,42.61447621981
2021-07-14,25.41,32.04,18.26,0.06,25.49,38.39725785402992,42.61447621981
2021-07-15,23.07,28.85,17.9,3.05,20.54,38.39725785402992,42.61447621981
2021-07-16,23.06,28.25,17.16,0.03,23.9,38.39725785402992,42.61447621981
2021-07-17,24.41,28.98,18.48,0.01,25.83,38.39725785402992,42.61447621981
2021-07-18,26.61,30.57,21.89,0.01,26.0,38.39725785402992,42.61447621981
2021-07-19,27.94,32.85,22.75,0.0,28.63,38.39725785402992,42.61447621981
2021-07-20,29.52,34.04,25.09,0.0,29.17,38.39725785402992,42.61447621981
2021-07-21,28.6,34.18,22.76,0.0,29.94,38.39725785402992,42.61447621981
2021-07-22,26.52,32.29,21.17,0.01,28.12,38.39725785402992,42.61447621981
2021-07-23,24.81,31.27,18.88,0.07,25.05,38.39725785402992,42.61447621981
2021-07-24,25.17,30.79,20.22,0.0,29.37,38.39725785402992,42.61447621981
2021-07-25,25.27,30.64,20.25,0.0,29.62,38.39725785402992,42.61447621981
2021-07-26,26.4,31.73,22.21,0.0,30.03,38.39725785402992,42.61447621981
2021-07-27,25.94,31.48,20.68,0.0,27.36,38.39725785402992,42.61447621981
2021-07-28,24.14,30.35,18.77,0.05,27.7,38.39725785402992,42.61447621981
2021-07-29,23.04,28.64,17.46,0.07,28.05,38.39725785402992,42.61447621981
2021-07-30,22.59,28.47,16.59,0.0,27.8,38.39725785402992,42.61447621981
2021-07-31,23.86,29.3,17.45,0.09,24.35,38.39725785402992,42.61447621981
2021-08-01,23.56,27.24,19.59,0.25,20.78,38.39725785402992,42.61447621981
2021-08-02,22.71,27.74,17.55,0.8,26.15,38.39725785402992,42.61447621981
2021-08-03,22.79,27.83,17.33,0.0,28.65,38.39725785402992,42.61447621981
2021-08-04,23.9,28.83,18.42,0.0,28.99,38.39725785402992,42.61447621981
2021-08-05,24.8,30.55,18.73,0.0,26.08,38.39725785402992,42.61447621981
2021-08-06,23.41,29.94,18.94,0.24,21.07,38.39725785402992,42.61447621981
2021-08-07,23.01,27.31,19.65,2.83,17.32,38.39725785402992,42.61447621981
2021-08-08,24.53,29.79,19.93,0.05,22.62,38.39725785402992,42.61447621981
2021-08-09,23.76,29.41,18.62,0.14,25.16,38.39725785402992,42.61447621981
2021-08-10,23.85,29.53,19.3,0.0,28.22,38.39725785402992,42.61447621981
2021-08-11,22.2,27.62,17.07,0.01,25.99,38.39725785402992,42.61447621981
2021-08-12,23.63,29.17,17.9,0.12,23.39,38.39725785402992,42.61447621981
2021-08-13,23.94,29.34,17.34,0.07,25.56,38.39725785402992,42.61447621981
2021-08-14,24.75,29.72,20.61,0.08,24.55,38.39725785402992,42.61447621981
2021-08-15,23.62,29.27,17.24,0.02,25.91,38.39725785402992,42.61447621981
2021-08-16,24.77,30.35,18.61,0.01,25.63,38.39725785402992,42.61447621981
2021-08-17,24.95,30.75,18.66,0.0,24.92,38.39725785402992,42.61447621981
2021-08-18,25.26,31.16,20.24,0.0,26.16,38.39725785402992,42.61447621981
2021-08-19,24.64,29.54,20.2,0.0,26.03,38.39725785402992,42.61447621981
2021-08-20,23.6,28.55,18.63,0.0,24.25,38.39725785402992,42.61447621981
2021-08-21,24.28,29.44,18.87,0.0,21.73,38.39725785402992,42.61447621981
2021-08-22,24.67,29.8,19.62,0.0,23.12,38.39725785402992,42.61447621981
2021-08-23,24.99,29.59,19.23,0.04,20.01,38.39725785402992,42.61447621981
2021-08-24,24.47,29.53,19.12,0.0,23.89,38.39725785402992,42.61447621981
2021-08-25,23.24,29.07,17.9,0.0,25.85,38.39725785402992,42.61447621981
2021-08-26,24.01,29.8,19.74,0.0,26.0,38.39725785402992,42.61447621981
2021-08-27,24.64,30.45,17.96,0.0,25.85,38.39725785402992,42.61447621981
2021-08-28,26.14,32.23,18.92,0.0,25.65,38.39725785402992,42.61447621981
2021-08-29,26.1,32.31,20.2,0.0,25.05,38.39725785402992,42.61447621981
2021-08-30,25.94,31.8,20.78,0.0,24.54,38.39725785402992,42.61447621981
2021-08-31,23.97,30.19,19.08,0.0,25.62,38.39725785402992,42.61447621981
2021-09-01,23.21,29.49,18.73,0.0,25.83,38.39725785402992,42.61447621981
2021-09-02,21.82,28.48,16.06,0.0,24.54,38.39725785402992,42.61447621981
2021-09-03,18.47,24.72,12.11,0.0,22.57,38.39725785402992,42.61447621981
2021-09-04,20.04,26.35,14.27,0.0,23.92,38.39725785402992,42.61447621981
2021-09-05,19.65,25.92,15.1,0.0,24.89,38.39725785402992,42.61447621981
2021-09-06,20.29,26.32,15.83,0.0,24.63,38.39725785402992,42.61447621981
2021-09-07,20.65,27.21,14.01,0.0,24.06,38.39725785402992,42.61447621981
2021-09-08,21.82,27.99,15.71,0.0,24.07,38.39725785402992,42.61447621981
2021-09-09,21.23,27.78,14.47,0.0,23.39,38.39725785402992,42.61447621981
2021-09-10,21.52,27.91,15.56,0.0,23.18,38.39725785402992,42.61447621981
2021-09-11,20.18,26.45,15.69,0.0,23.57,38.39725785402992,42.61447621981
2021-09-12,19.85,25.85,15.71,0.0,23.42,38.39725785402992,42.61447621981
2021-09-13,20.09,25.35,16.21,0.01,21.97,38.39725785402992,42.61447621981
2021-09-14,20.01,26.3,15.94,0.0,22.72,38.39725785402992,42.61447621981
2021-09-15,19.65,26.38,14.77,0.0,22.94,38.39725785402992,42.61447621981
2021-09-16,17.28,22.99,12.82,0.0,21.83,38.39725785402992,42.61447621981
2021-09-17,16.48,21.43,12.77,0.03,18.51,38.39725785402992,42.61447621981
2021-09-18,17.41,22.85,13.29,0.0,19.75,38.39725785402992,42.61447621981
2021-09-19,17.95,23.89,13.98,0.0,22.27,38.39725785402992,42.61447621981
2021-09-20,18.15,23.59,13.61,0.0,19.8,38.39725785402992,42.61447621981
2021-09-21,18.48,24.75,12.17,0.0,21.91,38.39725785402992,42.61447621981
2021-09-22,18.58,24.72,13.8,0.01,20.05,38.39725785402992,42.61447621981
2021-09-23,16.94,20.95,12.77,0.25,14.45,38.39725785402992,42.61447621981
2021-09-24,13.77,17.59,9.71,6.05,10.75,38.39725785402992,42.61447621981
2021-09-25,11.79,17.71,7.47,1.16,20.08,38.39725785402992,42.61447621981
2021-09-26,11.41,18.03,4.78,0.0,22.2,38.39725785402992,42.61447621981
2021-09-27,15.88,22.82,9.36,0.0,21.91,38.39725785402992,42.61447621981
2021-09-28,16.0,21.86,10.4,0.0,21.23,38.39725785402992,42.61447621981
2021-09-29,15.67,20.84,12.04,0.01,18.74,38.39725785402992,42.61447621981
2021-09-30,15.41,20.8,12.09,0.09,18.26,38.39725785402992,42.61447621981
2021-10-01,14.96,20.04,10.57,0.07,15.1,38.39725785402992,42.61447621981
2021-10-02,16.17,21.29,11.43,0.07,17.37,38.39725785402992,42.61447621981
2021-10-03,17.0,23.78,12.18,0.01,16.86,38.39725785402992,42.61447621981
2021-10-04,14.3,19.74,10.46,0.03,17.54,38.39725785402992,42.61447621981
2021-10-05,12.59,17.47,9.32,0.14,15.84,38.39725785402992,42.61447621981
2021-10-06,10.12,15.07,5.95,0.3,16.25,38.39725785402992,42.61447621981
2021-10-07,10.79,16.64,5.11,0.0,18.32,38.39725785402992,42.61447621981
2021-10-08,12.63,18.64,7.23,0.0,18.87,38.39725785402992,42.61447621981
2021-10-09,13.76,20.47,6.47,0.0,18.46,38.39725785402992,42.61447621981
2021-10-10,14.76,20.46,9.41,0.0,19.32,38.39725785402992,42.61447621981
2021-10-11,13.95,20.04,7.81,0.0,19.03,38.39725785402992,42.61447621981
2021-10-12,14.68,21.48,9.39,0.0,16.81,38.39725785402992,42.61447621981
2021-10-13,12.17,15.47,8.73,0.43,10.49,38.39725785402992,42.61447621981
2021-10-14,14.13,19.45,9.6,0.0,15.54,38.39725785402992,42.61447621981
2021-10-15,15.89,21.49,11.24,0.09,14.4,38.39725785402992,42.61447621981
2021-10-16,15.43,21.23,11.47,0.0,16.77,38.39725785402992,42.61447621981
2021-10-17,12.91,18.32,9.05,0.15,16.94,38.39725785402992,42.61447621981
2021-10-18,10.27,14.33,7.17,6.18,10.92,38.39725785402992,42.61447621981
2021-10-19,9.58,12.46,7.43,4.72,10.37,38.39725785402992,42.61447621981
2021-10-20,8.3,12.09,5.29,0.05,13.03,38.39725785402992,42.61447621981
2021-10-21,8.37,13.98,3.5,0.0,16.41,38.39725785402992,42.61447621981
2021-10-22,9.97,15.2,5.56,0.0,16.8,38.39725785402992,42.61447621981
2021-10-23,9.37,14.06,4.05,0.0,15.64,38.39725785402992,42.61447621981
2021-10-24,10.26,15.91,6.68,0.0,16.52,38.39725785402992,42.61447621981
2021-10-25,9.11,14.72,5.41,0.0,14.16,38.39725785402992,42.61447621981
2021-10-26,5.91,11.24,1.09,0.0,15.17,38.39725785402992,42.61447621981
2021-10-27,8.67,13.42,4.67,0.0,15.0,38.39725785402992,42.61447621981
2021-10-28,9.53,13.64,6.78,0.16,12.06,38.39725785402992,42.61447621981
2021-10-29,7.21,9.63,5.74,12.16,2.31,38.39725785402992,42.61447621981
2021-10-30,6.43,10.09,3.29,9.42,2.56,38.39725785402992,42.61447621981
2021-10-31,8.7,12.93,6.33,5.65,5.69,38.39725785402992,42.61447621981
2021-11-01,8.97,12.38,6.15,1.78,9.49,38.39725785402992,42.61447621981
2021-11-02,9.33,12.93,6.75,4.68,5.61,38.39725785402992,42.61447621981
2021-11-03,9.63,13.77,6.46,2.22,6.96,38.39725785402992,42.61447621981
2021-11-04,8.86,13.74,4.57,0.07,12.26,38.39725785402992,42.61447621981
2021-11-05,8.06,13.88,3.88,0.0,13.34,38.39725785402992,42.61447621981
2021-11-06,6.77,12.29,2.09,0.0,13.83,38.39725785402992,42.61447621981
2021-11-07,6.56,12.1,1.03,0.0,14.25,38.39725785402992,42.61447621981
2021-11-08,8.35,13.49,3.51,0.0,13.5,38.39725785402992,42.61447621981
2021-11-09,9.14,13.8,5.81,0.0,13.26,38.39725785402992,42.61447621981
2021-11-10,6.24,10.55,2.08,0.0,10.54,38.39725785402992,42.61447621981
2021-11-11,3.93,7.88,0.32,0.01,7.39,38.39725785402992,42.61447621981
2021-11-12,2.34,7.12,-1.41,0.0,11.8,38.39725785402992,42.61447621981
2021-11-13,5.4,11.28,0.7,0.0,13.37,38.39725785402992,42.61447621981
2021-11-14,7.07,13.78,1.9,0.0,13.19,38.39725785402992,42.61447621981
2021-11-15,7.07,11.68,4.57,0.0,10.75,38.39725785402992,42.61447621981
2021-11-16,4.36,9.45,0.47,0.0,12.19,38.39725785402992,42.61447621981
2021-11-17,5.19,10.31,1.22,0.0,12.72,38.39725785402992,42.61447621981
2021-11-18,5.98,10.49,2.55,0.0,11.89,38.39725785402992,42.61447621981
2021-11-19,4.92,9.32,2.46,0.0,8.37,38.39725785402992,42.61447621981
2021-11-20,2.46,5.98,1.12,4.77,3.52,38.39725785402992,42.61447621981
2021-11-21,3.39,6.89,0.94,1.99,7.01,38.39725785402992,42.61447621981
2021-11-22,4.04,9.14,0.98,0.0,10.1,38.39725785402992,42.61447621981
2021-11-23,3.02,8.03,-0.08,0.0,10.07,38.39725785402992,42.61447621981
2021-11-24,2.67,6.42,-0.64,0.03,7.01,38.39725785402992,42.61447621981
2021-11-25,3.53,6.77,1.84,0.8,6.47,38.39725785402992,42.61447621981
2021-11-26,3.2,5.81,1.83,6.89,2.49,38.39725785402992,42.61447621981
2021-11-27,3.72,7.85,0.91,0.17,8.31,38.39725785402992,42.61447621981
2021-11-28,2.72,6.07,0.6,2.17,2.95,38.39725785402992,42.61447621981
2021-11-29,5.42,10.76,1.29,0.03,10.11,38.39725785402992,42.61447621981
2021-11-30,7.03,11.67,4.48,0.0,7.11,38.39725785402992,42.61447621981
2021-12-01,4.07,6.46,0.89,7.15,4.79,38.39725785402992,42.61447621981
2021-12-02,-0.95,1.82,-3.58,0.33,8.34,38.39725785402992,42.61447621981
2021-12-03,1.76,6.36,-1.56,0.0,9.61,38.39725785402992,42.61447621981
2021-12-04,1.99,6.64,0.0,0.0,8.36,38.39725785402992,42.61447621981
2021-12-05,2.28,6.15,0.76,0.0,5.42,38.39725785402992,42.61447621981
2021-12-06,1.96,5.77,-0.03,0.0,9.05,38.39725785402992,42.61447621981
2021-12-07,3.12,8.52,0.42,0.0,8.83,38.39725785402992,42.61447621981
2021-12-08,2.31,6.54,-0.06,3.36,6.2,38.39725785402992,42.61447621981
2021-12-09,0.16,2.26,-1.34,3.77,3.42,38.39725785402992,42.61447621981
2021-12-10,0.77,4.66,-1.2,0.08,7.41,38.39725785402992,42.61447621981
2021-12-11,2.07,7.61,-1.08,0.0,8.11,38.39725785402992,42.61447621981
2021-12-12,3.92,9.29,0.65,0.0,7.91,38.39725785402992,42.61447621981
2021-12-13,4.22,8.46,1.87,0.0,8.01,38.39725785402992,42.61447621981
2021-12-14,3.66,5.83,2.3,0.0,5.19,38.39725785402992,42.61447621981
2021-12-15,3.0,7.45,0.72,0.0,8.5,38.39725785402992,42.61447621981
2021-12-16,1.61,6.05,-0.21,2.55,6.58,38.39725785402992,42.61447621981
2021-12-17,0.95,4.12,-1.32,8.8,2.99,38.39725785402992,42.61447621981
2021-12-18,-0.73,2.34,-2.37,2.69,4.44,38.39725785402992,42.61447621981
2021-12-19,-0.48,2.24,-1.96,1.97,3.42,38.39725785402992,42.61447621981
2021-12-20,-1.76,0.96,-3.09,7.65,4.08,38.39725785402992,42.61447621981
2021-12-21,-2.55,-0.26,-4.29,4.54,4.5,38.39725785402992,42.61447621981
2021-12-22,-8.71,-4.96,-14.59,0.52,5.82,38.39725785402992,42.61447621981
2021-12-23,-10.37,-4.24,-14.95,0.17,4.82,38.39725785402992,42.61447621981
2021-12-24,-10.23,-4.94,-13.82,4.8,5.36,38.39725785402992,42.61447621981
2021-12-25,-10.22,-4.49,-14.34,0.0,8.1,38.39725785402992,42.61447621981
2021-12-26,-6.7,0.15,-11.5,0.0,6.4,38.39725785402992,42.61447621981
2021-12-27,-7.03,-0.09,-10.64,0.0,5.73,38.39725785402992,42.61447621981
2021-12-28,-5.82,1.4,-12.14,0.0,7.21,38.39725785402992,42.61447621981
2021-12-29,-3.65,0.88,-7.12,0.0,7.99,38.39725785402992,42.61447621981
2021-12-30,-5.11,0.27,-9.11,0.0,8.69,38.39725785402992,42.61447621981
2021-12-31,-5.91,0.81,-11.31,0.06,9.28,38.39725785402992,42.61447621981
2022-01-01,-6.17,-1.09,-8.78,0.19,3.11,38.39725785402992,42.61447621981
2022-01-02,-4.66,0.5,-8.76,4.43,4.84,38.39725785402992,42.61447621981
2022-01-03,-7.93,-3.52,-12.54,1.18,10.0,38.39725785402992,42.61447621981
2022-01-04,-6.19,-2.43,-9.81,0.12,4.52,38.39725785402992,42.61447621981
2022-01-05,-4.75,0.41,-9.4,0.02,10.33,38.39725785402992,42.61447621981
2022-01-06,-2.32,3.34,-6.5,0.0,10.22,38.39725785402992,42.61447621981
2022-01-07,-1.31,3.49,-5.16,0.0,9.35,38.39725785402992,42.61447621981
2022-01-08,-2.44,2.21,-7.31,0.0,9.26,38.39725785402992,42.61447621981
2022-01-09,-1.6,3.7,-6.74,0.24,9.18,38.39725785402992,42.61447621981
2022-01-10,-2.08,1.24,-3.93,10.36,3.04,38.39725785402992,42.61447621981
2022-01-11,-2.74,1.25,-5.97,0.65,5.6,38.39725785402992,42.61447621981
2022-01-12,-1.27,1.63,-3.49,1.47,4.02,38.39725785402992,42.61447621981
2022-01-13,0.09,0.92,-1.48,20.24,3.34,38.39725785402992,42.61447621981
2022-01-14,-7.93,-2.05,-14.06,8.74,4.78,38.39725785402992,42.61447621981
2022-01-15,-8.87,-3.4,-13.32,1.01,5.69,38.39725785402992,42.61447621981
2022-01-16,-11.45,-8.27,-14.43,1.62,7.32,38.39725785402992,42.61447621981
2022-01-17,-14.71,-8.29,-21.26,0.05,10.93,38.39725785402992,42.61447621981
2022-01-18,-14.99,-7.67,-21.73,0.15,8.65,38.39725785402992,42.61447621981
2022-01-19,-11.96,-7.2,-16.02,5.61,4.24,38.39725785402992,42.61447621981
2022-01-20,-12.39,-9.07,-16.49,4.38,9.62,38.39725785402992,42.61447621981
2022-01-21,-14.72,-6.97,-18.84,0.0,12.14,38.39725785402992,42.61447621981
2022-01-22,-12.88,-4.49,-19.13,0.02,11.24,38.39725785402992,42.61447621981
2022-01-23,-11.28,-3.95,-15.66,0.42,10.96,38.39725785402992,42.61447621981
2022-01-24,-8.61,-2.78,-12.86,7.26,9.29,38.39725785402992,42.61447621981
2022-01-25,-7.67,-3.03,-10.86,1.06,10.97,38.39725785402992,42.61447621981
2022-01-26,-7.23,-1.43,-12.09,1.19,9.22,38.39725785402992,42.61447621981
2022-01-27,-6.83,-2.23,-11.1,4.6,6.23,38.39725785402992,42.61447621981
2022-01-28,-9.16,-4.34,-12.27,2.59,9.84,38.39725785402992,42.61447621981
2022-01-29,-10.03,-5.65,-13.54,1.32,5.76,38.39725785402992,42.61447621981
2022-01-30,-11.59,-5.11,-16.18,0.57,7.63,38.39725785402992,42.61447621981
2022-01-31,-8.08,-2.98,-13.09,0.15,6.9,38.39725785402992,42.61447621981
2022-02-01,-6.98,-1.69,-11.3,0.02,12.23,38.39725785402992,42.61447621981
2022-02-02,-6.12,-1.49,-10.63,0.0,12.27,38.39725785402992,42.61447621981
2022-02-03,-4.33,-0.19,-7.43,0.92,13.35,38.39725785402992,42.61447621981
2022-02-04,-3.68,-0.18,-7.92,3.02,7.59,38.39725785402992,42.61447621981
2022-02-05,-6.14,-3.58,-10.53,2.12,10.23,38.39725785402992,42.61447621981
2022-02-06,-8.19,-3.12,-12.82,0.0,13.43,38.39725785402992,42.61447621981
2022-02-07,-8.47,-2.72,-12.98,0.0,13.48,38.39725785402992,42.61447621981
2022-02-08,-7.34,-0.91,-13.44,0.05,6.75,38.39725785402992,42.61447621981
2022-02-09,-2.93,0.28,-6.59,0.22,11.35,38.39725785402992,42.61447621981
2022-02-10,-1.52,0.23,-4.58,6.58,5.07,38.39725785402992,42.61447621981
2022-02-11,-3.95,-0.93,-6.9,1.26,9.87,38.39725785402992,42.61447621981
2022-02-12,-3.81,0.44,-8.62,0.0,15.04,38.39725785402992,42.61447621981
2022-02-13,-3.9,0.07,-8.01,0.0,13.18,38.39725785402992,42.61447621981
2022-02-14,-0.83,3.05,-4.24,0.0,14.51,38.39725785402992,42.61447621981
2022-02-15,-1.56,1.96,-4.51,0.0,14.11,38.39725785402992,42.61447621981
2022-02-16,-1.82,2.22,-5.17,0.0,12.73,38.39725785402992,42.61447621981
2022-02-17,-1.18,3.22,-5.34,0.0,14.23,38.39725785402992,42.61447621981
2022-02-18,-1.45,-0.13,-3.03,0.33,9.83,38.39725785402992,42.61447621981
2022-02-19,0.27,3.61,-2.89,0.23,13.1,38.39725785402992,42.61447621981
2022-02-20,1.43,5.92,-2.19,0.0,14.13,38.39725785402992,42.61447621981
2022-02-21,2.35,5.85,-0.08,0.24,14.08,38.39725785402992,42.61447621981
2022-02-22,1.21,3.25,-0.27,1.69,14.76,38.39725785402992,42.61447621981
2022-02-23,2.34,5.45,0.43,3.05,13.64,38.39725785402992,42.61447621981
2022-02-24,3.51,8.7,-0.09,0.09,16.38,38.39725785402992,42.61447621981
2022-02-25,2.84,6.82,-1.29,6.05,13.13,38.39725785402992,42.61447621981
2022-02-26,0.25,2.54,-1.42,1.07,11.85,38.39725785402992,42.61447621981
2022-02-27,1.92,6.49,-1.12,0.0,14.73,38.39725785402992,42.61447621981
2022-02-28,1.75,5.87,-0.79,0.02,12.9,38.39725785402992,42.61447621981
2022-03-01,1.47,4.38,-0.65,2.09,9.46,38.39725785402992,42.61447621981
2022-03-02,2.46,6.9,-0.31,4.3,8.09,38.39725785402992,42.61447621981
2022-03-03,2.33,6.25,-1.27,13.51,5.0,38.39725785402992,42.61447621981
2022-03-04,-2.64,-0.5,-5.58,4.44,11.04,38.39725785402992,42.61447621981
2022-03-05,-3.43,-0.93,-5.63,0.08,10.49,38.39725785402992,42.61447621981
2022-03-06,-1.42,1.45,-4.32,0.0,8.35,38.39725785402992,42.61447621981
2022-03-07,0.66,4.56,-2.51,0.0,18.42,38.39725785402992,42.61447621981
2022-03-08,0.45,3.67,-1.79,0.82,13.24,38.39725785402992,42.61447621981
2022-03-09,0.66,3.05,-1.64,10.66,8.44,38.39725785402992,42.61447621981
2022-03-10,0.18,2.7,-2.0,3.62,12.96,38.39725785402992,42.61447621981
2022-03-11,-0.91,2.05,-4.55,7.31,6.23,38.39725785402992,42.61447621981
2022-03-12,-4.97,-2.89,-6.46,1.33,13.53,38.39725785402992,42.61447621981
2022-03-13,-4.74,-3.37,-6.3,4.81,13.07,38.39725785402992,42.61447621981
2022-03-14,-3.58,-0.55,-5.4,4.75,8.26,38.39725785402992,42.61447621981
2022-03-15,-5.43,-3.36,-7.5,4.93,10.4,38.39725785402992,42.61447621981
2022-03-16,-7.23,-4.13,-10.65,0.76,19.81,38.39725785402992,42.61447621981
2022-03-17,-5.89,-2.39,-8.28,0.01,9.61,38.39725785402992,42.61447621981
2022-03-18,-5.38,-2.95,-7.75,0.44,14.2,38.39725785402992,42.61447621981
2022-03-19,-3.52,-0.1,-7.03,5.66,11.5,38.39725785402992,42.61447621981
2022-03-20,-6.28,-3.54,-8.37,2.85,13.92,38.39725785402992,42.61447621981
2022-03-21,-4.2,0.5,-8.32,0.63,12.44,38.39725785402992,42.61447621981
2022-03-22,-0.59,3.65,-4.92,2.0,14.86,38.39725785402992,42.61447621981
2022-03-23,0.98,4.37,-1.05,11.21,7.92,38.39725785402992,42.61447621981
2022-03-24,-1.05,1.09,-4.05,6.3,14.99,38.39725785402992,42.61447621981
2022-03-25,-1.75,-0.06,-2.76,5.18,6.91,38.39725785402992,42.61447621981
2022-03-26,-2.45,-0.46,-4.19,1.63,16.7,38.39725785402992,42.61447621981
2022-03-27,-2.42,0.6,-4.62,2.45,14.5,38.39725785402992,42.61447621981
2022-03-28,-1.34,2.39,-6.23,0.0,20.28,38.39725785402992,42.61447621981
2022-03-29,3.48,9.0,-1.19,0.0,20.39,38.39725785402992,42.61447621981
2022-03-30,5.0,9.31,1.77,0.0,20.3,38.39725785402992,42.61447621981
2022-03-31,6.97,11.45,3.04,0.0,21.44,38.39725785402992,42.61447621981
2022-04-01,8.35,13.39,3.69,0.0,13.34,38.39725785402992,42.61447621981
2022-04-02,9.38,15.11,5.66,0.0,18.01,38.39725785402992,42.61447621981
2022-04-03,9.94,16.44,4.86,0.0,19.4,38.39725785402992,42.61447621981
2022-04-04,8.98,14.31,5.59,0.0,18.97,38.39725785402992,42.61447621981
2022-04-05,8.87,14.17,4.73,0.0,17.46,38.39725785402992,42.61447621981
2022-04-06,7.56,10.34,4.15,0.69,14.46,38.39725785402992,42.61447621981
2022-04-07,6.33,9.96,3.08,4.58,11.77,38.39725785402992,42.61447621981
2022-04-08,5.3,6.95,3.58,2.2,8.9,38.39725785402992,42.61447621981
2022-04-09,6.09,9.8,4.06,5.23,20.28,38.39725785402992,42.61447621981
2022-04-10,7.91,13.03,2.81,0.0,18.19,38.39725785402992,42.61447621981
2022-04-11,9.31,15.1,3.71,0.0,21.57,38.39725785402992,42.61447621981
2022-04-12,5.97,8.68,2.73,0.36,21.22,38.39725785402992,42.61447621981
2022-04-13,1.81,5.7,-2.53,0.19,16.42,38.39725785402992,42.61447621981
2022-04-14,2.46,8.76,-3.48,0.0,26.73,38.39725785402992,42.61447621981
2022-04-15,5.75,11.01,-0.59,0.0,26.25,38.39725785402992,42.61447621981
2022-04-16,8.03,12.28,2.59,0.0,24.65,38.39725785402992,42.61447621981
2022-04-17,10.02,14.05,5.53,0.0,26.42,38.39725785402992,42.61447621981
2022-04-18,11.61,16.49,7.3,0.0,19.09,38.39725785402992,42.61447621981
2022-04-19,13.08,17.71,9.1,0.0,18.53,38.39725785402992,42.61447621981
2022-04-20,10.29,14.88,6.14,0.0,17.25,38.39725785402992,42.61447621981
2022-04-21,11.09,16.02,6.91,0.0,26.82,38.39725785402992,42.61447621981
2022-04-22,12.01,16.87,7.88,0.0,24.26,38.39725785402992,42.61447621981
2022-04-23,13.42,18.98,7.14,0.0,26.3,38.39725785402992,42.61447621981
2022-04-24,13.94,18.67,9.09,0.0,23.93,38.39725785402992,42.61447621981
2022-04-25,12.28,16.81,8.39,0.0,24.02,38.39725785402992,42.61447621981
2022-04-26,11.33,13.14,9.27,0.7,16.5,38.39725785402992,42.61447621981
2022-04-27,12.1,15.18,9.41,1.18,20.63,38.39725785402992,42.61447621981
2022-04-28,11.87,14.36,9.55,0.54,18.15,38.39725785402992,42.61447621981
2022-04-29,10.76,13.54,8.66,0.5,16.16,38.39725785402992,42.61447621981
2022-04-30,11.67,15.31,8.39,0.21,23.05,38.39725785402992,42.61447621981
2022-05-01,9.72,11.67,7.94,7.94,9.2,38.39725785402992,42.61447621981
2022-05-02,10.33,13.83,8.08,1.13,13.23,38.39725785402992,42.61447621981
2022-05-03,9.21,12.52,6.92,4.43,10.53,38.39725785402992,42.61447621981
2022-05-04,10.97,15.12,6.03,0.48,18.11,38.39725785402992,42.61447621981
2022-05-05,9.94,13.33,6.3,3.9,16.45,38.39725785402992,42.61447621981
2022-05-06,7.16,11.34,4.7,3.93,13.04,38.39725785402992,42.61447621981
2022-05-07,7.0,10.22,4.54,4.36,16.68,38.39725785402992,42.61447621981
2022-05-08,6.42,9.67,3.66,1.81,14.07,38.39725785402992,42.61447621981
2022-05-09,7.35,10.85,4.44,2.85,19.06,38.39725785402992,42.61447621981
2022-05-10,7.82,10.76,5.77,2.53,19.07,38.39725785402992,42.61447621981
2022-05-11,8.73,13.76,4.53,0.09,26.86,38.39725785402992,42.61447621981
2022-05-12,6.99,9.47,3.79,6.8,16.56,38.39725785402992,42.61447621981
2022-05-13,8.15,13.22,2.22,1.4,28.69,38.39725785402992,42.61447621981
2022-05-14,12.09,18.15,6.77,0.0,25.9,38.39725785402992,42.61447621981
2022-05-15,12.95,19.06,9.56,0.77,21.08,38.39725785402992,42.61447621981
2022-05-16,11.18,13.5,7.18,7.61,19.75,38.39725785402992,42.61447621981
2022-05-17,11.84,17.39,5.64,0.08,25.06,38.39725785402992,42.61447621981
2022-05-18,12.91,16.59,8.81,4.6,26.56,38.39725785402992,42.61447621981
2022-05-19,14.2,18.84,10.15,0.5,26.08,38.39725785402992,42.61447621981
2022-05-20,11.33,17.12,4.07,0.07,24.93,38.39725785402992,42.61447621981
2022-05-21,9.36,15.49,1.9,0.0,32.51,38.39725785402992,42.61447621981
2022-05-22,13.82,19.63,9.76,0.0,22.25,38.39725785402992,42.61447621981
2022-05-23,11.89,16.52,7.18,0.44,20.79,38.39725785402992,42.61447621981
2022-05-24,9.72,14.22,5.85,0.83,19.49,38.39725785402992,42.61447621981
2022-05-25,9.21,14.72,3.35,0.01,30.95,38.39725785402992,42.61447621981
2022-05-26,11.92,17.83,5.03,0.0,32.52,38.39725785402992,42.61447621981
2022-05-27,15.18,20.08,9.34,0.0,32.1,38.39725785402992,42.61447621981
2022-05-28,17.35,22.79,11.43,0.0,31.25,38.39725785402992,42.61447621981
2022-05-29,17.7,23.34,12.88,0.5,27.44,38.39725785402992,42.61447621981
2022-05-30,18.25,23.38,12.52,0.0,30.65,38.39725785402992,42.61447621981
2022-05-31,19.81,24.29,15.42,0.11,30.15,38.39725785402992,42.61447621981
2022-06-01,20.37,24.81,15.07,1.53,27.87,38.39725785402992,42.61447621981
2022-06-02,21.34,26.56,15.47,0.0,29.6,38.39725785402992,42.61447621981
2022-06-03,22.72,28.45,16.11,0.0,28.41,38.39725785402992,42.61447621981
2022-06-04,22.83,29.53,17.14,0.0,28.86,38.39725785402992,42.61447621981
2022-06-05,21.52,27.66,16.24,0.0,31.03,38.39725785402992,42.61447621981
2022-06-06,20.13,26.1,14.62,0.0,29.28,38.39725785402992,42.61447621981
2022-06-07,18.23,23.69,12.26,0.06,30.81,38.39725785402992,42.61447621981
2022-06-08,19.41,24.44,14.71,0.05,28.16,38.39725785402992,42.61447621981
2022-06-09,19.01,24.36,13.79,0.1,28.06,38.39725785402992,42.61447621981
2022-06-10,19.5,23.57,15.36,0.0,27.89,38.39725785402992,42.61447621981
2022-06-11,20.97,25.8,15.74,0.02,28.13,38.39725785402992,42.61447621981
2022-06-12,21.31,27.25,17.16,0.73,22.95,38.39725785402992,42.61447621981
2022-06-13,19.53,24.17,14.96,0.39,30.35,38.39725785402992,42.61447621981
2022-06-14,17.36,22.15,12.29,1.9,26.17,38.39725785402992,42.61447621981
2022-06-15,17.96,22.59,13.32,0.82,23.3,38.39725785402992,42.61447621981
2022-06-16,19.89,25.52,13.12,0.0,28.76,38.39725785402992,42.61447621981
2022-06-17,22.19,27.33,17.65,0.0,31.15,38.39725785402992,42.61447621981
2022-06-18,23.53,28.72,18.96,0.0,31.85,38.39725785402992,42.61447621981
2022-06-19,24.86,30.15,19.4,0.0,30.3,38.39725785402992,42.61447621981
2022-06-20,24.29,30.7,17.63,0.0,31.65,38.39725785402992,42.61447621981
2022-06-21,23.09,29.48,16.56,0.0,32.15,38.39725785402992,42.61447621981
2022-06-22,18.2,23.53,13.38,0.02,25.74,38.39725785402992,42.61447621981
2022-06-23,18.37,25.3,11.41,0.0,28.17,38.39725785402992,42.61447621981
2022-06-24,19.49,23.97,15.16,0.05,21.24,38.39725785402992,42.61447621981
2022-06-25,19.82,26.37,13.76,2.39,18.27,38.39725785402992,42.61447621981
2022-06-26,18.07,22.1,14.36,1.39,19.77,38.39725785402992,42.61447621981
2022-06-27,18.85,24.01,13.79,0.03,28.2,38.39725785402992,42.61447621981
2022-06-28,19.77,25.49,14.59,0.02,30.33,38.39725785402992,42.61447621981
2022-06-29,21.02,26.8,15.71,0.0,30.48,38.39725785402992,42.61447621981
2022-06-30,23.23,28.55,17.49,0.0,31.34,38.39725785402992,42.61447621981
2022-07-01,23.73,29.01,18.25,0.0,31.21,38.39725785402992,42.61447621981
2022-07-02,21.81,28.21,15.23,0.01,28.41,38.39725785402992,42.61447621981
2022-07-03,19.67,25.22,14.44,0.0,31.11,38.39725785402992,42.61447621981
2022-07-04,19.56,25.27,13.97,0.0,31.2,38.39725785402992,42.61447621981
2022-07-05,20.81,27.19,13.8,0.02,30.88,38.39725785402992,42.61447621981
2022-07-06,20.91,27.07,13.58,0.0,30.86,38.39725785402992,42.61447621981
2022-07-07,21.2,27.02,14.05,0.03,25.04,38.39725785402992,42.61447621981
2022-07-08,22.18,27.63,16.14,0.27,25.88,38.39725785402992,42.61447621981
2022-07-09,24.47,30.35,17.4,0.0,29.19,38.39725785402992,42.61447621981
2022-07-10,25.46,31.89,19.61,0.0,30.46,38.39725785402992,42.61447621981
2022-07-11,24.53,31.59,18.45,0.0,31.86,38.39725785402992,42.61447621981
2022-07-12,24.09,32.02,15.59,0.0,31.4,38.39725785402992,42.61447621981
2022-07-13,25.53,32.54,17.8,0.0,31.13,38.39725785402992,42.61447621981
2022-07-14,26.34,33.62,18.97,0.0,29.72,38.39725785402992,42.61447621981
2022-07-15,27.29,34.93,18.65,0.0,29.14,38.39725785402992,42.61447621981
2022-07-16,27.49,33.93,21.41,0.0,29.31,38.39725785402992,42.61447621981
2022-07-17,27.26,34.18,19.83,0.0,29.6,38.39725785402992,42.61447621981
2022-07-18,27.33,34.27,20.19,0.0,29.54,38.39725785402992,42.61447621981
2022-07-19,26.58,33.0,19.49,0.0,29.27,38.39725785402992,42.61447621981
2022-07-20,26.03,32.98,18.79,0.0,29.98,38.39725785402992,42.61447621981
2022-07-21,24.6,31.75,17.77,0.0,30.22,38.39725785402992,42.61447621981
2022-07-22,23.77,29.3,18.97,0.0,29.67,38.39725785402992,42.61447621981
2022-07-23,22.81,29.71,15.02,0.0,29.98,38.39725785402992,42.61447621981
2022-07-24,22.03,28.79,15.2,0.03,28.94,38.39725785402992,42.61447621981
2022-07-25,22.8,29.23,15.66,0.0,28.82,38.39725785402992,42.61447621981
2022-07-26,24.84,30.49,19.69,0.0,29.03,38.39725785402992,42.61447621981
2022-07-27,24.34,31.13,16.37,0.0,29.81,38.39725785402992,42.61447621981
2022-07-28,24.96,32.21,16.43,0.0,30.03,38.39725785402992,42.61447621981
2022-07-29,26.71,33.27,18.85,0.0,29.65,38.39725785402992,42.61447621981
2022-07-30,27.16,32.98,21.63,0.0,27.24,38.39725785402992,42.61447621981
2022-07-31,26.15,31.33,21.54,0.0,27.67,38.39725785402992,42.61447621981
2022-08-01,26.43,32.08,21.73,0.0,27.92,38.39725785402992,42.61447621981
2022-08-02,26.93,32.37,21.92,0.0,27.77,38.39725785402992,42.61447621981
2022-08-03,27.23,32.63,22.79,0.0,27.99,38.39725785402992,42.61447621981
2022-08-04,26.6,32.37,19.84,0.0,27.72,38.39725785402992,42.61447621981
2022-08-05,27.15,33.48,21.48,0.0,27.84,38.39725785402992,42.61447621981
2022-08-06,26.48,33.16,19.94,0.0,26.43,38.39725785402992,42.61447621981
2022-08-07,25.97,32.27,20.88,0.0,27.51,38.39725785402992,42.61447621981
2022-08-08,25.28,31.37,20.09,0.0,27.22,38.39725785402992,42.61447621981
2022-08-09,25.73,31.5,19.04,0.0,27.35,38.39725785402992,42.61447621981
2022-08-10,26.15,32.34,21.53,0.0,28.05,38.39725785402992,42.61447621981
2022-08-11,26.04,32.43,21.06,0.0,27.86,38.39725785402992,42.61447621981
2022-08-12,26.1,33.47,18.22,0.0,27.7,38.39725785402992,42.61447621981
2022-08-13,27.04,34.15,19.52,0.0,27.78,38.39725785402992,42.61447621981
2022-08-14,26.8,33.47,21.25,0.0,27.49,38.39725785402992,42.61447621981
2022-08-15,25.53,32.21,20.66,0.0,27.37,38.39725785402992,42.61447621981
2022-08-16,25.74,33.55,19.44,0.0,27.58,38.39725785402992,42.61447621981
2022-08-17,26.52,34.02,18.94,0.0,27.65,38.39725785402992,42.61447621981
2022-08-18,26.37,33.83,19.49,0.0,27.63,38.39725785402992,42.61447621981
2022-08-19,25.51,32.07,18.82,0.0,27.32,38.39725785402992,42.61447621981
2022-08-20,24.86,30.24,19.74,0.0,25.76,38.39725785402992,42.61447621981
2022-08-21,24.62,29.51,19.86,0.0,22.79,38.39725785402992,42.61447621981
2022-08-22,22.51,29.66,17.85,0.16,20.67,38.39725785402992,42.61447621981
2022-08-23,23.8,29.96,17.45,0.01,22.55,38.39725785402992,42.61447621981
2022-08-24,24.74,30.7,17.47,0.0,23.73,38.39725785402992,42.61447621981
2022-08-25,26.01,31.77,20.53,0.0,24.03,38.39725785402992,42.61447621981
2022-08-26,25.65,31.51,20.95,0.0,25.04,38.39725785402992,42.61447621981
2022-08-27,24.73,30.72,20.19,0.0,25.28,38.39725785402992,42.61447621981
2022-08-28,24.59,30.96,19.69,0.0,25.36,38.39725785402992,42.61447621981
2022-08-29,24.81,31.23,19.01,0.0,25.86,38.39725785402992,42.61447621981
2022-08-30,24.04,30.75,16.14,0.0,25.36,38.39725785402992,42.61447621981
2022-08-31,25.4,31.38,19.29,0.0,24.59,38.39725785402992,42.61447621981
2022-09-01,25.63,31.18,20.44,0.0,20.77,38.39725785402992,42.61447621981
2022-09-02,25.78,31.25,19.64,0.0,20.89,38.39725785402992,42.61447621981
2022-09-03,26.62,31.83,21.51,0.0,21.89,38.39725785402992,42.61447621981
2022-09-04,25.63,31.76,20.07,0.0,22.84,38.39725785402992,42.61447621981
2022-09-05,23.8,30.64,17.92,0.0,24.23,38.39725785402992,42.61447621981
2022-09-06,21.41,28.65,14.78,0.01,23.46,38.39725785402992,42.61447621981
2022-09-07,20.38,26.32,15.12,0.02,20.38,38.39725785402992,42.61447621981
2022-09-08,20.46,26.45,15.67,0.0,24.02,38.39725785402992,42.61447621981
2022-09-09,20.45,26.32,16.45,0.0,24.54,38.39725785402992,42.61447621981
2022-09-10,20.72,27.01,14.7,0.0,24.7,38.39725785402992,42.61447621981
2022-09-11,21.19,27.06,16.16,0.0,23.72,38.39725785402992,42.61447621981
2022-09-12,21.7,28.38,15.8,0.0,23.24,38.39725785402992,42.61447621981
2022-09-13,20.14,25.99,14.77,0.0,22.29,38.39725785402992,42.61447621981
2022-09-14,18.37,24.51,13.47,0.07,20.39,38.39725785402992,42.61447621981
2022-09-15,17.51,24.19,10.4,0.0,23.25,38.39725785402992,42.61447621981
2022-09-16,19.63,25.69,12.69,0.0,23.13,38.39725785402992,42.61447621981
2022-09-17,20.16,25.78,14.1,0.0,22.31,38.39725785402992,42.61447621981
2022-09-18,21.85,28.27,15.1,0.0,22.3,38.39725785402992,42.61447621981
2022-09-19,21.61,27.66,16.8,0.0,22.05,38.39725785402992,42.61447621981
2022-09-20,20.66,26.63,15.77,0.0,19.97,38.39725785402992,42.61447621981
2022-09-21,20.59,25.52,16.6,0.55,16.43,38.39725785402992,42.61447621981
2022-09-22,17.37,22.11,12.98,4.39,12.58,38.39725785402992,42.61447621981
2022-09-23,15.33,20.57,10.93,0.41,18.79,38.39725785402992,42.61447621981
2022-09-24,14.92,19.55,9.64,0.06,12.79,38.39725785402992,42.61447621981
2022-09-25,13.14,18.21,8.82,0.07,21.43,38.39725785402992,42.61447621981
2022-09-26,15.31,22.02,8.75,0.0,21.65,38.39725785402992,42.61447621981
2022-09-27,17.21,24.83,9.36,0.0,21.45,38.39725785402992,42.61447621981
2022-09-28,18.5,24.85,13.36,0.0,21.24,38.39725785402992,42.61447621981
2022-09-29,19.07,24.99,14.35,0.0,20.7,38.39725785402992,42.61447621981
2022-09-30,17.78,24.14,11.44,0.0,20.28,38.39725785402992,42.61447621981
2022-10-01,17.13,23.83,10.95,0.0,19.61,38.39725785402992,42.61447621981
2022-10-02,17.83,24.67,11.33,0.0,19.99,38.39725785402992,42.61447621981
2022-10-03,17.55,23.17,12.85,0.0,18.64,38.39725785402992,42.61447621981
2022-10-04,16.94,22.81,12.13,0.0,18.02,38.39725785402992,42.61447621981
2022-10-05,18.32,23.89,13.06,0.0,16.82,38.39725785402992,42.61447621981
2022-10-06,18.67,24.38,13.78,0.0,17.95,38.39725785402992,42.61447621981
2022-10-07,18.88,24.31,12.68,0.0,16.82,38.39725785402992,42.61447621981
2022-10-08,19.15,24.71,14.09,0.0,17.41,38.39725785402992,42.61447621981
2022-10-09,15.97,18.49,10.84,3.09,7.46,38.39725785402992,42.61447621981
2022-10-10,13.26,17.98,9.06,0.01,17.59,38.39725785402992,42.61447621981
2022-10-11,13.24,18.19,7.17,0.0,17.71,38.39725785402992,42.61447621981
2022-10-12,14.14,19.09,8.65,0.0,17.98,38.39725785402992,42.61447621981
2022-10-13,15.04,19.36,11.42,0.08,15.4,38.39725785402992,42.61447621981
2022-10-14,12.4,15.45,9.25,2.53,8.38,38.39725785402992,42.61447621981
2022-10-15,13.03,16.57,10.73,0.46,12.04,38.39725785402992,42.61447621981
2022-10-16,14.43,19.67,9.95,0.17,14.28,38.39725785402992,42.61447621981
2022-10-17,14.24,19.87,10.59,0.07,7.39,38.39725785402992,42.61447621981
2022-10-18,13.05,17.94,8.72,0.0,13.74,38.39725785402992,42.61447621981
2022-10-19,14.51,20.59,9.56,0.0,12.47,38.39725785402992,42.61447621981
2022-10-20,14.23,19.3,9.62,0.06,14.62,38.39725785402992,42.61447621981
2022-10-21,9.19,12.48,6.74,20.52,2.08,38.39725785402992,42.61447621981
2022-10-22,7.91,12.36,4.29,8.57,6.92,38.39725785402992,42.61447621981
2022-10-23,9.29,14.69,5.66,0.1,15.62,38.39725785402992,42.61447621981
2022-10-24,8.86,14.36,4.59,0.02,12.91,38.39725785402992,42.61447621981
2022-10-25,8.67,14.76,2.5,0.0,16.39,38.39725785402992,42.61447621981
2022-10-26,9.24,15.0,6.06,0.06,9.92,38.39725785402992,42.61447621981
2022-10-27,9.7,13.55,7.39,0.36,10.67,38.39725785402992,42.61447621981
2022-10-28,8.96,15.1,3.86,0.0,15.11,38.39725785402992,42.61447621981
2022-10-29,8.19,14.45,2.0,0.0,14.87,38.39725785402992,42.61447621981
2022-10-30,8.97,14.05,5.22,0.0,14.91,38.39725785402992,42.61447621981
2022-10-31,6.37,11.15,3.9,0.33,10.31,38.39725785402992,42.61447621981
2022-11-01,6.91,11.82,3.37,0.05,14.5,38.39725785402992,42.61447621981
2022-11-02,5.46,11.09,-0.5,0.0,15.16,38.39725785402992,42.61447621981
2022-11-03,7.73,12.51,4.13,0.0,14.3,38.39725785402992,42.61447621981
2022-11-04,7.08,12.3,3.81,0.0,13.49,38.39725785402992,42.61447621981
2022-11-05,6.31,10.98,3.18,0.0,11.07,38.39725785402992,42.61447621981
2022-11-06,6.63,11.82,3.1,0.0,13.5,38.39725785402992,42.61447621981
2022-11-07,7.45,11.9,3.46,0.0,12.01,38.39725785402992,42.61447621981
2022-11-08,6.94,9.95,4.82,0.0,9.58,38.39725785402992,42.61447621981
2022-11-09,5.98,8.82,3.4,0.3,6.7,38.39725785402992,42.61447621981
2022-11-10,4.17,7.46,1.28,9.11,4.87,38.39725785402992,42.61447621981
2022-11-11,4.89,8.83,1.33,1.96,8.08,38.39725785402992,42.61447621981
2022-11-12,5.16,9.84,1.66,0.0,11.87,38.39725785402992,42.61447621981
2022-11-13,5.82,11.01,0.94,0.06,13.32,38.39725785402992,42.61447621981
2022-11-14,5.47,10.64,1.73,0.0,13.31,38.39725785402992,42.61447621981
2022-11-15,4.35,9.64,1.61,0.0,13.01,38.39725785402992,42.61447621981
2022-11-16,2.98,6.97,1.32,2.11,3.9,38.39725785402992,42.61447621981
2022-11-17,2.26,6.22,-0.04,5.08,3.7,38.39725785402992,42.61447621981
2022-11-18,2.92,7.72,-0.49,0.04,6.02,38.39725785402992,42.61447621981
2022-11-19,4.98,9.55,1.79,0.03,7.85,38.39725785402992,42.61447621981
2022-11-20,5.9,10.84,1.77,0.0,11.49,38.39725785402992,42.61447621981
2022-11-21,6.93,12.13,3.74,0.0,8.65,38.39725785402992,42.61447621981
2022-11-22,5.83,10.36,2.48,0.0,8.22,38.39725785402992,42.61447621981
2022-11-23,4.59,10.11,0.99,0.01,10.73,38.39725785402992,42.61447621981
2022-11-24,5.41,10.04,2.09,0.15,10.17,38.39725785402992,42.61447621981
2022-11-25,3.17,7.05,1.3,7.62,2.04,38.39725785402992,42.61447621981
2022-11-26,1.88,5.18,0.59,15.93,4.01,38.39725785402992,42.61447621981
2022-11-27,2.19,5.94,-0.03,2.52,8.23,38.39725785402992,42.61447621981
2022-11-28,3.05,7.5,0.02,0.0,9.61,38.39725785402992,42.61447621981
2022-11-29,3.89,9.01,0.89,1.22,6.17,38.39725785402992,42.61447621981
2022-11-30,3.03,4.97,1.23,3.89,4.41,38.39725785402992,42.61447621981
2022-12-01,3.2,7.93,-0.19,0.12,7.16,38.39725785402992,42.61447621981
2022-12-02,4.11,8.2,1.69,0.16,5.21,38.39725785402992,42.61447621981
2022-12-03,3.29,7.32,-0.49,0.66,8.67,38.39725785402992,42.61447621981
2022-12-04,1.79,5.52,-1.08,0.02,9.14,38.39725785402992,42.61447621981
2022-12-05,1.93,4.94,0.2,0.4,7.54,38.39725785402992,42.61447621981
2022-12-06,0.98,3.46,-0.33,0.19,6.19,38.39725785402992,42.61447621981
2022-12-07,0.07,3.32,-2.14,0.87,6.43,38.39725785402992,42.61447621981
2022-12-08,0.53,3.49,-2.09,0.06,7.23,38.39725785402992,42.61447621981
2022-12-09,1.34,5.32,-0.69,0.0,8.08,38.39725785402992,42.61447621981
2022-12-10,0.1,4.03,-1.88,0.06,9.63,38.39725785402992,42.61447621981
2022-12-11,0.77,5.52,-2.11,0.0,9.19,38.39725785402992,42.61447621981
2022-12-12,-0.22,2.82,-1.85,0.25,4.66,38.39725785402992,42.61447621981
2022-12-13,0.14,3.26,-1.83,1.37,3.17,38.39725785402992,42.61447621981
2022-12-14,1.28,4.99,-0.56,0.03,6.86,38.39725785402992,42.61447621981
2022-12-15,2.43,5.86,0.3,0.18,5.84,38.39725785402992,42.61447621981
2022-12-16,1.72,5.22,-0.5,0.22,6.52,38.39725785402992,42.61447621981
2022-12-17,0.48,4.68,-1.96,0.0,10.34,38.39725785402992,42.61447621981
2022-12-18,1.5,7.35,-1.58,0.0,9.85,38.39725785402992,42.61447621981
2022-12-19,2.02,7.09,-1.74,0.0,9.75,38.39725785402992,42.61447621981
2022-12-20,1.43,5.31,-1.21,0.0,9.13,38.39725785402992,42.61447621981
2022-12-21,1.2,4.73,-0.98,0.0,7.26,38.39725785402992,42.61447621981
2022-12-22,0.4,4.06,-1.92,0.0,7.95,38.39725785402992,42.61447621981
2022-12-23,0.25,3.64,-1.8,0.08,6.52,38.39725785402992,42.61447621981
2022-12-24,-0.48,2.93,-3.33,0.0,8.19,38.39725785402992,42.61447621981
2022-12-25,-0.9,2.33,-2.98,0.16,7.49,38.39725785402992,42.61447621981
2022-12-26,-1.57,0.97,-3.87,1.08,7.38,38.39725785402992,42.61447621981
2022-12-27,-2.27,-0.07,-3.88,0.06,6.55,38.39725785402992,42.61447621981
2022-12-28,-1.49,2.35,-4.16,0.0,9.33,38.39725785402992,42.61447621981
2022-12-29,-1.1,2.34,-3.5,0.12,10.5,38.39725785402992,42.61447621981
2022-12-30,-2.22,2.61,-5.9,0.0,10.99,38.39725785402992,42.61447621981
2022-12-31,-2.61,2.67,-6.72,0.0,11.08,38.39725785402992,42.61447621981
2023-01-01,-3.16,3.58,-8.97,0.0,10.49,38.39725785402992,42.61447621981
2023-01-02,-4.27,3.18,-10.97,0.0,10.41,38.39725785402992,42.61447621981
2023-01-03,-1.07,6.24,-8.31,0.12,10.71,38.39725785402992,42.61447621981
2023-01-04,-1.12,4.83,-5.13,0.0,10.69,38.39725785402992,42.61447621981
2023-01-05,-2.57,2.71,-9.0,0.0,9.42,38.39725785402992,42.61447621981
2023-01-06,-4.05,1.47,-9.11,0.03,8.27,38.39725785402992,42.61447621981
2023-01-07,-2.92,0.56,-4.96,0.62,4.28,38.39725785402992,42.61447621981
2023-01-08,-4.3,-1.01,-6.98,1.08,7.07,38.39725785402992,42.61447621981
2023-01-09,-6.52,-2.05,-11.45,6.67,8.33,38.39725785402992,42.61447621981
2023-01-10,-9.69,-2.45,-15.79,0.0,10.54,38.39725785402992,42.61447621981
2023-01-11,-6.29,1.21,-12.73,0.0,10.3,38.39725785402992,42.61447621981
2023-01-12,-5.23,2.31,-12.76,0.0,9.77,38.39725785402992,42.61447621981
2023-01-13,-3.37,1.08,-6.79,0.0,8.17,38.39725785402992,42.61447621981
2023-01-14,-3.5,0.46,-7.35,0.04,5.97,38.39725785402992,42.61447621981
2023-01-15,-2.2,2.48,-6.97,0.0,8.85,38.39725785402992,42.61447621981
2023-01-16,-1.44,2.32,-5.07,0.0,7.4,38.39725785402992,42.61447621981
2023-01-17,-0.27,3.17,-4.02,0.0,8.92,38.39725785402992,42.61447621981
2023-01-18,-0.28,3.21,-4.78,0.0,10.0,38.39725785402992,42.61447621981
2023-01-19,0.0,4.17,-4.32,0.0,10.95,38.39725785402992,42.61447621981
2023-01-20,2.0,8.08,-2.6,0.0,11.04,38.39725785402992,42.61447621981
2023-01-21,2.38,6.97,-0.26,0.0,11.5,38.39725785402992,42.61447621981
2023-01-22,1.12,4.87,-1.05,0.0,10.4,38.39725785402992,42.61447621981
2023-01-23,-0.11,3.77,-2.95,0.0,10.54,38.39725785402992,42.61447621981
2023-01-24,-1.93,1.61,-5.42,0.0,10.61,38.39725785402992,42.61447621981
2023-01-25,-1.6,1.84,-4.78,0.0,9.71,38.39725785402992,42.61447621981
2023-01-26,-2.64,-1.04,-4.71,0.0,8.0,38.39725785402992,42.61447621981
2023-01-27,-2.46,1.99,-5.2,0.0,11.89,38.39725785402992,42.61447621981
2023-01-28,-3.28,0.36,-5.67,3.74,3.02,38.39725785402992,42.61447621981
2023-01-29,-2.85,0.66,-5.3,5.24,3.76,38.39725785402992,42.61447621981
2023-01-30,-2.97,-0.51,-5.79,4.53,3.35,38.39725785402992,42.61447621981
2023-01-31,-2.73,0.39,-4.78,7.07,4.11,38.39725785402992,42.61447621981
2023-02-01,-3.95,-0.49,-7.48,2.85,4.63,38.39725785402992,42.61447621981
2023-02-02,-4.63,-1.09,-9.44,9.91,6.77,38.39725785402992,42.61447621981
2023-02-03,-9.92,-5.46,-15.21,0.26,10.39,38.39725785402992,42.61447621981
2023-02-04,-10.49,-4.72,-17.02,2.78,5.15,38.39725785402992,42.61447621981
2023-02-05,-4.84,-1.23,-9.74,6.48,4.49,38.39725785402992,42.61447621981
2023-02-06,-2.43,-0.21,-4.66,11.83,5.27,38.39725785402992,42.61447621981
2023-02-07,-4.51,-2.29,-7.85,9.21,4.38,38.39725785402992,42.61447621981
2023-02-08,-9.16,-6.2,-13.02,3.79,6.5,38.39725785402992,42.61447621981
2023-02-09,-9.69,-4.51,-15.36,0.0,11.42,38.39725785402992,42.61447621981
2023-02-10,-9.99,-3.99,-16.91,0.0,13.13,38.39725785402992,42.61447621981
2023-02-11,-12.79,-5.51,-19.85,0.01,13.59,38.39725785402992,42.61447621981
2023-02-12,-15.05,-6.82,-22.27,0.0,14.06,38.39725785402992,42.61447621981
2023-02-13,-14.41,-5.17,-21.04,0.0,15.03,38.39725785402992,42.61447621981
2023-02-14,-14.39,-4.76,-23.19,0.0,15.49,38.39725785402992,42.61447621981
2023-02-15,-12.06,-6.6,-17.74,3.44,10.49,38.39725785402992,42.61447621981
2023-02-16,-12.76,-7.81,-17.39,0.95,16.12,38.39725785402992,42.61447621981
2023-02-17,-10.68,-4.83,-16.55,0.0,16.27,38.39725785402992,42.61447621981
2023-02-18,-7.9,-1.24,-12.62,0.0,15.55,38.39725785402992,42.61447621981
2023-02-19,-6.94,-1.13,-13.49,0.85,9.39,38.39725785402992,42.61447621981
2023-02-20,-4.54,0.28,-9.83,0.01,13.18,38.39725785402992,42.61447621981
2023-02-21,-3.51,-0.4,-8.83,0.21,12.85,38.39725785402992,42.61447621981
2023-02-22,-5.07,0.06,-10.37,0.0,14.85,38.39725785402992,42.61447621981
2023-02-23,-3.09,0.67,-6.6,0.0,9.72,38.39725785402992,42.61447621981
2023-02-24,-3.69,-0.37,-7.28,0.0,17.71,38.39725785402992,42.61447621981
2023-02-25,-0.93,3.17,-5.32,0.0,15.19,38.39725785402992,42.61447621981
2023-02-26,1.31,5.43,-2.08,0.0,15.86,38.39725785402992,42.61447621981
2023-02-27,1.84,7.34,-1.35,0.0,16.75,38.39725785402992,42.61447621981
2023-02-28,2.77,8.57,-1.49,0.0,17.0,38.39725785402992,42.61447621981
2023-03-01,4.96,11.03,1.2,0.0,13.75,38.39725785402992,42.61447621981
2023-03-02,4.88,9.21,2.0,0.38,15.22,38.39725785402992,42.61447621981
2023-03-03,2.52,6.77,0.57,0.14,11.23,38.39725785402992,42.61447621981
2023-03-04,4.35,8.5,1.02,0.06,14.12,38.39725785402992,42.61447621981
2023-03-05,4.88,8.78,2.17,0.02,15.45,38.39725785402992,42.61447621981
2023-03-06,4.73,7.92,0.54,1.79,10.9,38.39725785402992,42.61447621981
2023-03-07,3.0,8.47,-0.98,0.17,14.61,38.39725785402992,42.61447621981
2023-03-08,4.19,8.36,1.31,0.17,15.73,38.39725785402992,42.61447621981
2023-03-09,2.43,4.31,0.43,0.05,15.02,38.39725785402992,42.61447621981
2023-03-10,3.25,7.1,0.46,0.0,14.08,38.39725785402992,42.61447621981
2023-03-11,3.42,7.74,0.18,0.0,12.62,38.39725785402992,42.61447621981
2023-03-12,4.6,10.43,0.28,0.0,16.26,38.39725785402992,42.61447621981
2023-03-13,5.47,10.29,1.56,0.06,15.35,38.39725785402992,42.61447621981
2023-03-14,6.67,12.12,1.63,5.68,12.52,38.39725785402992,42.61447621981
2023-03-15,8.31,13.39,4.66,7.49,10.12,38.39725785402992,42.61447621981
2023-03-16,4.59,7.07,1.98,6.69,6.52,38.39725785402992,42.61447621981
2023-03-17,4.32,9.15,0.84,0.72,12.46,38.39725785402992,42.61447621981
2023-03-18,5.33,9.4,1.53,0.1,16.15,38.39725785402992,42.61447621981
2023-03-19,4.64,8.7,2.27,10.06,5.84,38.39725785402992,42.61447621981
2023-03-20,2.95,6.94,0.13,2.01,12.69,38.39725785402992,42.61447621981
2023-03-21,3.76,7.55,1.07,2.92,8.04,38.39725785402992,42.61447621981
2023-03-22,5.81,10.49,0.65,0.01,18.24,38.39725785402992,42.61447621981
2023-03-23,5.76,9.49,3.17,0.64,11.95,38.39725785402992,42.61447621981
2023-03-24,6.15,9.81,4.08,0.37,12.32,38.39725785402992,42.61447621981
2023-03-25,6.03,10.41,3.47,4.99,5.74,38.39725785402992,42.61447621981
2023-03-26,6.72,11.62,2.16,3.65,12.09,38.39725785402992,42.61447621981
2023-03-27,5.49,7.97,2.2,3.0,10.68,38.39725785402992,42.61447621981
2023-03-28,6.37,12.14,1.88,0.06,21.86,38.39725785402992,42.61447621981
2023-03-29,5.55,9.84,0.93,2.71,15.45,38.39725785402992,42.61447621981
2023-03-30,1.67,5.51,-2.52,1.69,14.29,38.39725785402992,42.61447621981
2023-03-31,-2.89,-1.3,-5.47,12.21,4.56,38.39725785402992,42.61447621981
2023-04-01,-2.43,2.95,-6.61,0.85,14.5,38.39725785402992,42.61447621981
2023-04-02,1.21,5.81,-4.75,0.01,15.05,38.39725785402992,42.61447621981
2023-04-03,5.25,9.39,1.96,0.02,16.47,38.39725785402992,42.61447621981
2023-04-04,7.3,13.49,3.0,0.0,20.93,38.39725785402992,42.61447621981
2023-04-05,7.93,12.92,3.43,0.13,20.97,38.39725785402992,42.61447621981
2023-04-06,5.24,9.91,1.75,0.15,17.98,38.39725785402992,42.61447621981
2023-04-07,4.53,7.96,1.5,2.08,13.22,38.39725785402992,42.61447621981
2023-04-08,5.86,10.19,2.69,0.66,21.22,38.39725785402992,42.61447621981
2023-04-09,5.24,7.41,2.99,1.2,9.66,38.39725785402992,42.61447621981
2023-04-10,6.75,10.49,3.87,3.1,4.93,38.39725785402992,42.61447621981
2023-04-11,7.52,11.9,4.68,6.53,6.87,38.39725785402992,42.61447621981
2023-04-12,8.27,12.74,3.32,23.31,5.44,38.39725785402992,42.61447621981
2023-04-13,2.93,5.48,0.92,4.28,10.74,38.39725785402992,42.61447621981
2023-04-14,2.9,6.17,0.72,0.63,15.2,38.39725785402992,42.61447621981
2023-04-15,6.35,11.95,0.19,0.0,23.39,38.39725785402992,42.61447621981
2023-04-16,9.89,14.65,3.67,0.0,26.0,38.39725785402992,42.61447621981
2023-04-17,10.82,14.38,7.05,0.02,20.34,38.39725785402992,42.61447621981
2023-04-18,11.63,16.59,6.68,0.21,25.42,38.39725785402992,42.61447621981
2023-04-19,11.52,15.32,8.37,1.79,21.51,38.39725785402992,42.61447621981
2023-04-20,10.65,14.67,7.1,3.94,14.07,38.39725785402992,42.61447621981
2023-04-21,8.98,13.29,5.33,7.12,21.81,38.39725785402992,42.61447621981
2023-04-22,7.86,12.42,2.94,0.01,21.99,38.39725785402992,42.61447621981
2023-04-23,10.23,14.85,5.43,0.33,18.11,38.39725785402992,42.61447621981
2023-04-24,9.62,13.58,6.09,4.09,11.18,38.39725785402992,42.61447621981
2023-04-25,8.66,13.13,5.39,1.12,23.76,38.39725785402992,42.61447621981
2023-04-26,9.07,12.97,5.49,0.04,23.7,38.39725785402992,42.61447621981
2023-04-27,10.31,15.36,6.65,1.51,21.49,38.39725785402992,42.61447621981
2023-04-28,9.64,14.85,6.11,0.13,17.32,38.39725785402992,42.61447621981
2023-04-29,9.2,13.94,5.06,7.13,13.17,38.39725785402992,42.61447621981
2023-04-30,5.74,9.49,1.87,3.78,16.17,38.39725785402992,42.61447621981
2023-05-01,5.08,8.41,3.11,1.64,16.12,38.39725785402992,42.61447621981
2023-05-02,6.33,10.45,3.01,0.1,22.48,38.39725785402992,42.61447621981
2023-05-03,5.72,9.14,2.51,0.17,20.41,38.39725785402992,42.61447621981
2023-05-04,7.94,13.66,0.58,0.0,29.93,38.39725785402992,42.61447621981
2023-05-05,12.09,17.38,7.44,0.0,29.89,38.39725785402992,42.61447621981
2023-05-06,13.19,18.48,9.07,0.0,19.88,38.39725785402992,42.61447621981
2023-05-07,12.22,17.45,6.96,0.05,20.39,38.39725785402992,42.61447621981
2023-05-08,10.22,14.38,6.38,0.4,21.9,38.39725785402992,42.61447621981
2023-05-09,11.33,15.36,6.5,0.05,23.51,38.39725785402992,42.61447621981
2023-05-10,13.16,17.44,9.49,0.0,27.16,38.39725785402992,42.61447621981
2023-05-11,14.09,18.18,8.96,0.0,24.91,38.39725785402992,42.61447621981
2023-05-12,14.81,18.62,9.93,0.26,11.72,38.39725785402992,42.61447621981
2023-05-13,13.92,19.27,8.91,5.11,16.36,38.39725785402992,42.61447621981
2023-05-14,10.34,16.6,4.6,1.99,23.71,38.39725785402992,42.61447621981
2023-05-15,7.66,12.74,2.13,0.05,28.63,38.39725785402992,42.61447621981
2023-05-16,10.88,15.78,4.19,0.0,30.32,38.39725785402992,42.61447621981
2023-05-17,13.86,19.25,8.15,0.0,29.91,38.39725785402992,42.61447621981
2023-05-18,15.45,21.3,8.5,0.0,27.56,38.39725785402992,42.61447621981
2023-05-19,15.21,21.5,8.87,6.92,17.15,38.39725785402992,42.61447621981
2023-05-20,11.0,13.27,7.01,8.11,12.15,38.39725785402992,42.61447621981
2023-05-21,11.47,14.0,8.84,8.09,19.97,38.39725785402992,42.61447621981
2023-05-22,13.1,17.35,8.41,1.57,22.74,38.39725785402992,42.61447621981
2023-05-23,15.31,20.6,10.08,0.52,24.35,38.39725785402992,42.61447621981
2023-05-24,14.56,19.12,11.16,5.31,22.01,38.39725785402992,42.61447621981
2023-05-25,15.56,18.97,12.47,1.92,17.21,38.39725785402992,42.61447621981
2023-05-26,13.61,17.19,9.61,2.49,22.39,38.39725785402992,42.61447621981
2023-05-27,15.73,19.24,11.45,1.14,20.81,38.39725785402992,42.61447621981
2023-05-28,15.74,20.92,12.16,0.18,14.96,38.39725785402992,42.61447621981
2023-05-29,14.45,20.16,10.36,3.8,13.04,38.39725785402992,42.61447621981
2023-05-30,15.04,20.2,9.67,1.16,23.1,38.39725785402992,42.61447621981
2023-05-31,15.26,18.15,12.73,1.64,23.7,38.39725785402992,42.61447621981
2023-06-01,16.37,20.48,12.03,0.02,27.8,38.39725785402992,42.61447621981
2023-06-02,15.29,19.68,10.85,0.06,23.8,38.39725785402992,42.61447621981
2023-06-03,17.06,22.18,11.26,0.89,24.69,38.39725785402992,42.61447621981
2023-06-04,18.09,23.68,13.63,0.43,27.24,38.39725785402992,42.61447621981
2023-06-05,17.83,22.86,13.16,0.0,31.47,38.39725785402992,42.61447621981
2023-06-06,18.06,22.96,12.85,0.09,28.86,38.39725785402992,42.61447621981
2023-06-07,18.83,24.41,13.54,0.0,27.97,38.39725785402992,42.61447621981
2023-06-08,20.05,24.88,14.49,0.0,30.77,38.39725785402992,42.61447621981
2023-06-09,18.71,22.85,16.17,0.16,21.68,38.39725785402992,42.61447621981
2023-06-10,17.44,19.65,15.4,2.41,20.3,38.39725785402992,42.61447621981
2023-06-11,18.13,22.16,13.12,0.76,23.84,38.39725785402992,42.61447621981
2023-06-12,19.75,24.24,15.78,0.02,25.96,38.39725785402992,42.61447621981
2023-06-13,19.35,24.27,14.45,0.01,24.76,38.39725785402992,42.61447621981
2023-06-14,18.52,23.06,14.56,0.22,28.36,38.39725785402992,42.61447621981
2023-06-15,18.4,23.04,14.16,0.41,27.05,38.39725785402992,42.61447621981
2023-06-16,19.57,25.04,14.1,0.0,29.41,38.39725785402992,42.61447621981
2023-06-17,20.13,25.21,16.14,0.0,30.98,38.39725785402992,42.61447621981
2023-06-18,19.36,24.6,14.62,0.12,29.0,38.39725785402992,42.61447621981
2023-06-19,19.43,24.92,14.64,0.03,28.46,38.39725785402992,42.61447621981
2023-06-20,17.63,22.43,12.47,0.04,23.88,38.39725785402992,42.61447621981
2023-06-21,19.32,24.0,14.04,0.07,28.22,38.39725785402992,42.61447621981
2023-06-22,20.65,25.04,16.47,0.85,23.76,38.39725785402992,42.61447621981
2023-06-23,19.53,25.04,14.57,0.43,23.85,38.39725785402992,42.61447621981
2023-06-24,18.85,24.01,13.63,0.01,28.57,38.39725785402992,42.61447621981
2023-06-25,21.5,27.34,14.07,0.02,31.44,38.39725785402992,42.61447621981
2023-06-26,23.65,28.69,18.54,0.0,31.33,38.39725785402992,42.61447621981
2023-06-27,23.01,28.68,17.9,0.44,30.02,38.39725785402992,42.61447621981
2023-06-28,23.2,28.66,17.26,0.2,28.09,38.39725785402992,42.61447621981
2023-06-29,23.04,28.33,17.9,0.0,30.46,38.39725785402992,42.61447621981
2023-06-30,21.36,27.9,15.64,0.08,28.64,38.39725785402992,42.61447621981
2023-07-01,19.35,25.67,13.13,0.0,31.2,38.39725785402992,42.61447621981
2023-07-02,22.04,28.62,14.87,0.0,31.36,38.39725785402992,42.61447621981
2023-07-03,24.37,29.35,18.99,0.01,30.94,38.39725785402992,42.61447621981
2023-07-04,24.97,31.12,19.39,1.03,30.44,38.39725785402992,42.61447621981
2023-07-05,23.52,29.69,17.03,0.0,29.62,38.39725785402992,42.61447621981
2023-07-06,23.67,29.79,16.48,0.0,30.27,38.39725785402992,42.61447621981
2023-07-07,25.97,32.63,18.24,0.0,29.96,38.39725785402992,42.61447621981
2023-07-08,24.69,29.79,19.66,0.31,29.2,38.39725785402992,42.61447621981
2023-07-09,23.69,28.34,19.57,0.2,27.01,38.39725785402992,42.61447621981
2023-07-10,21.53,26.64,16.48,1.25,25.21,38.39725785402992,42.61447621981
2023-07-11,19.88,25.0,15.4,0.23,23.61,38.39725785402992,42.61447621981
2023-07-12,21.33,28.74,13.85,0.0,30.85,38.39725785402992,42.61447621981
2023-07-13,22.52,29.31,14.77,0.0,31.06,38.39725785402992,42.61447621981
2023-07-14,24.2,30.95,16.88,0.0,29.81,38.39725785402992,42.61447621981
2023-07-15,23.9,30.12,17.3,0.0,29.93,38.39725785402992,42.61447621981
2023-07-16,23.86,30.54,17.5,0.0,29.45,38.39725785402992,42.61447621981
2023-07-17,21.7,29.26,15.18,0.0,29.42,38.39725785402992,42.61447621981
2023-07-18,21.76,28.01,15.35,0.0,29.63,38.39725785402992,42.61447621981
2023-07-19,24.08,29.84,16.76,0.0,28.34,38.39725785402992,42.61447621981
2023-07-20,25.85,31.9,19.21,0.0,29.35,38.39725785402992,42.61447621981
2023-07-21,26.5,32.52,20.34,0.0,30.12,38.39725785402992,42.61447621981
2023-07-22,26.49,33.48,18.39,0.0,29.89,38.39725785402992,42.61447621981
2023-07-23,27.39,32.55,21.36,0.0,28.65,38.39725785402992,42.61447621981
2023-07-24,27.38,34.03,20.74,0.04,28.04,38.39725785402992,42.61447621981
2023-07-25,24.57,31.12,19.4,0.14,25.56,38.39725785402992,42.61447621981
2023-07-26,25.1,30.99,18.31,0.0,27.36,38.39725785402992,42.61447621981
2023-07-27,27.1,32.35,21.56,0.0,25.81,38.39725785402992,42.61447621981
2023-07-28,26.69,32.67,21.23,0.0,28.25,38.39725785402992,42.61447621981
2023-07-29,25.41,33.8,16.83,0.0,29.36,38.39725785402992,42.61447621981
2023-07-30,26.55,32.78,21.34,0.01,28.87,38.39725785402992,42.61447621981
2023-07-31,25.01,30.6,20.99,0.0,28.49,38.39725785402992,42.61447621981
2023-08-01,25.39,31.79,20.78,0.0,29.02,38.39725785402992,42.61447621981
2023-08-02,25.22,30.89,20.45,0.0,28.66,38.39725785402992,42.61447621981
2023-08-03,25.39,31.97,17.35,0.0,28.85,38.39725785402992,42.61447621981
2023-08-04,25.84,33.62,18.36,0.0,27.58,38.39725785402992,42.61447621981
2023-08-05,25.59,32.0,17.97,0.01,27.15,38.39725785402992,42.61447621981
2023-08-06,27.14,32.7,21.16,0.03,25.78,38.39725785402992,42.61447621981
2023-08-07,26.96,31.96,22.05,0.0,26.59,38.39725785402992,42.61447621981
2023-08-08,26.92,32.34,21.04,0.0,28.24,38.39725785402992,42.61447621981
2023-08-09,28.14,34.03,20.86,0.0,28.06,38.39725785402992,42.61447621981
2023-08-10,29.8,35.37,24.63,0.0,26.35,38.39725785402992,42.61447621981
2023-08-11,29.03,34.27,23.48,0.0,22.23,38.39725785402992,42.61447621981
2023-08-12,29.11,34.91,23.39,0.0,25.5,38.39725785402992,42.61447621981
2023-08-13,29.07,34.89,22.8,0.0,25.81,38.39725785402992,42.61447621981
2023-08-14,27.06,32.64,20.92,0.05,27.5,38.39725785402992,42.61447621981
2023-08-15,25.6,32.8,18.46,0.0,28.0,38.39725785402992,42.61447621981
2023-08-16,25.52,31.73,18.5,0.0,27.78,38.39725785402992,42.61447621981
2023-08-17,26.51,32.66,20.36,0.0,26.69,38.39725785402992,42.61447621981
2023-08-18,27.06,32.04,23.01,0.2,20.77,38.39725785402992,42.61447621981
2023-08-19,26.28,32.41,20.91,0.0,25.56,38.39725785402992,42.61447621981
2023-08-20,25.3,32.09,18.56,0.0,26.29,38.39725785402992,42.61447621981
2023-08-21,26.01,31.33,21.07,0.0,26.38,38.39725785402992,42.61447621981
2023-08-22,25.42,32.14,19.83,0.0,26.44,38.39725785402992,42.61447621981
2023-08-23,25.35,32.16,18.95,0.06,26.32,38.39725785402992,42.61447621981
2023-08-24,25.19,31.93,18.79,0.0,26.18,38.39725785402992,42.61447621981
2023-08-25,23.74,30.91,17.05,0.01,25.23,38.39725785402992,42.61447621981
2023-08-26,22.64,28.4,17.4,0.0,24.84,38.39725785402992,42.61447621981
2023-08-27,23.84,30.36,16.61,0.0,25.14,38.39725785402992,42.61447621981
2023-08-28,23.67,29.59,18.82,0.01,24.22,38.39725785402992,42.61447621981
2023-08-29,19.21,22.01,15.51,6.82,14.31,38.39725785402992,42.61447621981
2023-08-30,19.46,24.15,14.1,0.36,21.0,38.39725785402992,42.61447621981
2023-08-31,22.39,26.83,18.34,0.0,22.94,38.39725785402992,42.61447621981
2023-09-01,23.78,29.55,18.18,0.0,23.41,38.39725785402992,42.61447621981
2023-09-02,24.98,30.77,19.6,0.0,23.7,38.39725785402992,42.61447621981
2023-09-03,24.17,30.48,18.68,0.0,24.43,38.39725785402992,42.61447621981
2023-09-04,21.61,27.37,15.97,0.0,23.38,38.39725785402992,42.61447621981
2023-09-05,23.53,29.75,17.74,0.0,23.27,38.39725785402992,42.61447621981
2023-09-06,24.4,30.54,19.27,0.0,24.21,38.39725785402992,42.61447621981
2023-09-07,23.6,30.04,17.69,0.0,24.67,38.39725785402992,42.61447621981
2023-09-08,22.23,29.83,16.07,0.01,24.06,38.39725785402992,42.61447621981
2023-09-09,20.42,25.47,15.85,0.14,18.87,38.39725785402992,42.61447621981
2023-09-10,18.42,24.36,13.0,0.0,18.53,38.39725785402992,42.61447621981
2023-09-11,19.27,24.76,14.04,0.13,18.55,38.39725785402992,42.61447621981
2023-09-12,17.84,21.2,14.81,5.13,10.81,38.39725785402992,42.61447621981
2023-09-13,15.71,19.12,12.52,4.72,10.69,38.39725785402992,42.61447621981
2023-09-14,16.09,21.83,10.37,0.0,21.31,38.39725785402992,42.61447621981
2023-09-15,18.24,23.67,12.57,0.0,20.55,38.39725785402992,42.61447621981
2023-09-16,19.29,24.57,14.27,0.0,21.37,38.39725785402992,42.61447621981
2023-09-17,18.33,24.95,11.71,0.0,21.17,38.39725785402992,42.61447621981
2023-09-18,18.26,24.38,11.72,0.03,20.53,38.39725785402992,42.61447621981
2023-09-19,18.63,24.53,12.51,0.0,20.59,38.39725785402992,42.61447621981
2023-09-20,19.74,25.29,14.58,0.0,21.12,38.39725785402992,42.61447621981
2023-09-21,19.82,25.02,14.77,0.0,17.07,38.39725785402992,42.61447621981
2023-09-22,21.0,26.63,15.76,0.0,20.42,38.39725785402992,42.61447621981
2023-09-23,21.41,27.19,15.77,0.0,20.59,38.39725785402992,42.61447621981
2023-09-24,21.05,27.0,15.15,0.0,19.9,38.39725785402992,42.61447621981
2023-09-25,19.56,25.04,14.29,0.32,13.93,38.39725785402992,42.61447621981
2023-09-26,18.45,23.96,12.16,0.0,19.66,38.39725785402992,42.61447621981
2023-09-27,19.53,24.83,13.83,0.0,19.65,38.39725785402992,42.61447621981
2023-09-28,20.26,25.45,15.95,0.0,19.15,38.39725785402992,42.61447621981
2023-09-29,19.48,25.27,15.18,0.0,18.59,38.39725785402992,42.61447621981
2023-09-30,18.62,23.59,14.54,0.01,17.55,38.39725785402992,42.61447621981
2023-10-01,15.57,19.51,12.71,2.77,12.53,38.39725785402992,42.61447621981
2023-10-02,12.26,13.82,9.95,17.93,7.95,38.39725785402992,42.61447621981
2023-10-03,11.88,14.3,10.03,7.29,7.79,38.39725785402992,42.61447621981
2023-10-04,9.41,10.9,6.24,8.31,3.85,38.39725785402992,42.61447621981
2023-10-05,10.68,16.37,4.84,0.24,19.17,38.39725785402992,42.61447621981
2023-10-06,13.51,18.32,9.25,0.0,18.86,38.39725785402992,42.61447621981
2023-10-07,12.69,17.73,6.72,0.06,18.87,38.39725785402992,42.61447621981
2023-10-08,13.4,19.55,9.55,0.0,19.18,38.39725785402992,42.61447621981
2023-10-09,13.14,17.81,8.69,0.19,8.98,38.39725785402992,42.61447621981
2023-10-10,12.62,15.72,9.06,2.47,12.29,38.39725785402992,42.61447621981
2023-10-11,12.23,16.36,8.53,1.03,13.66,38.39725785402992,42.61447621981
2023-10-12,12.61,18.57,6.09,0.15,16.48,38.39725785402992,42.61447621981
2023-10-13,13.24,18.08,9.53,0.0,16.26,38.39725785402992,42.61447621981
2023-10-14,13.59,18.59,9.12,0.0,17.52,38.39725785402992,42.61447621981
2023-10-15,13.71,19.0,9.22,0.28,15.27,38.39725785402992,42.61447621981
2023-10-16,11.52,14.42,9.16,3.59,8.12,38.39725785402992,42.61447621981
2023-10-17,11.46,15.02,9.03,3.5,13.35,38.39725785402992,42.61447621981
2023-10-18,10.36,13.34,8.2,2.99,5.34,38.39725785402992,42.61447621981
2023-10-19,8.48,10.04,4.92,13.62,3.43,38.39725785402992,42.61447621981
2023-10-20,10.43,15.42,6.35,0.01,15.55,38.39725785402992,42.61447621981
2023-10-21,11.36,15.26,8.23,0.0,15.51,38.39725785402992,42.61447621981
2023-10-22,12.0,16.64,6.22,0.0,16.11,38.39725785402992,42.61447621981
2023-10-23,12.31,16.61,8.81,0.0,12.21,38.39725785402992,42.61447621981
2023-10-24,10.05,13.38,7.52,2.2,11.95,38.39725785402992,42.61447621981
2023-10-25,11.11,16.24,7.72,0.29,14.74,38.39725785402992,42.61447621981
2023-10-26,11.04,15.37,7.45,0.0,10.33,38.39725785402992,42.61447621981
2023-10-27,10.9,15.12,7.03,0.0,10.36,38.39725785402992,42.61447621981
2023-10-28,11.88,17.08,7.46,0.0,13.63,38.39725785402992,42.61447621981
2023-10-29,13.16,17.57,9.38,0.0,14.55,38.39725785402992,42.61447621981
2023-10-30,12.73,17.39,8.41,0.0,13.92,38.39725785402992,42.61447621981
2023-10-31,12.58,17.93,6.63,0.0,12.53,38.39725785402992,42.61447621981
2023-11-01,12.46,16.06,9.31,0.08,11.28,38.39725785402992,42.61447621981
2023-11-02,9.7,13.25,7.55,0.64,7.59,38.39725785402992,42.61447621981
2023-11-03,9.01,11.23,7.35,9.81,4.59,38.39725785402992,42.61447621981
2023-11-04,9.18,13.49,5.97,1.04,13.57,38.39725785402992,42.61447621981
2023-11-05,10.31,15.7,5.99,0.0,14.09,38.39725785402992,42.61447621981
2023-11-06,9.27,15.14,5.87,0.0,13.02,38.39725785402992,42.61447621981
2023-11-07,9.52,14.44,5.96,0.0,12.67,38.39725785402992,42.61447621981
2023-11-08,8.65,15.53,2.47,0.0,13.82,38.39725785402992,42.61447621981
2023-11-09,8.71,14.52,5.2,0.0,11.16,38.39725785402992,42.61447621981
2023-11-10,8.63,13.37,4.89,0.53,8.67,38.39725785402992,42.61447621981
2023-11-11,8.92,13.49,5.74,0.0,10.94,38.39725785402992,42.61447621981
2023-11-12,9.07,14.11,5.36,0.0,9.56,38.39725785402992,42.61447621981
2023-11-13,9.0,14.55,5.35,0.0,10.75,38.39725785402992,42.61447621981
2023-11-14,8.11,11.95,4.43,3.01,2.25,38.39725785402992,42.61447621981
2023-11-15,6.09,9.67,3.93,1.91,6.38,38.39725785402992,42.61447621981
2023-11-16,6.76,11.42,4.07,1.16,7.22,38.39725785402992,42.61447621981
2023-11-17,5.21,9.34,2.35,17.93,10.06,38.39725785402992,42.61447621981
2023-11-18,4.84,9.17,2.36,1.73,7.18,38.39725785402992,42.61447621981
2023-11-19,6.85,10.68,4.68,11.84,4.16,38.39725785402992,42.61447621981
2023-11-20,3.89,6.31,-0.06,24.65,3.9,38.39725785402992,42.61447621981
2023-11-21,-1.37,0.48,-4.61,5.86,7.64,38.39725785402992,42.61447621981
2023-11-22,-2.03,2.53,-5.22,0.0,8.83,38.39725785402992,42.61447621981
2023-11-23,1.39,6.4,-1.67,0.0,9.06,38.39725785402992,42.61447621981
2023-11-24,2.89,8.25,-0.49,0.0,9.85,38.39725785402992,42.61447621981
2023-11-25,2.47,7.16,-0.11,0.02,8.74,38.39725785402992,42.61447621981
2023-11-26,3.82,7.68,-0.24,2.62,5.08,38.39725785402992,42.61447621981
2023-11-27,3.55,5.44,-0.11,10.07,3.6,38.39725785402992,42.61447621981
2023-11-28,-1.35,2.85,-4.26,0.04,9.07,38.39725785402992,42.61447621981
2023-11-29,0.59,4.99,-2.44,0.0,8.86,38.39725785402992,42.61447621981
2023-11-30,2.41,6.35,-0.4,0.0,6.94,38.39725785402992,42.61447621981
2023-12-01,3.35,8.37,0.18,0.0,11.38,38.39725785402992,42.61447621981
2023-12-02,3.92,9.67,0.63,0.0,10.03,38.39725785402992,42.61447621981
2023-12-03,4.17,8.93,1.75,0.0,10.09,38.39725785402992,42.61447621981
2023-12-04,4.35,8.58,2.56,0.0,9.57,38.39725785402992,42.61447621981
2023-12-05,5.32,9.96,2.78,0.67,8.8,38.39725785402992,42.61447621981
2023-12-06,3.33,6.25,0.46,6.17,2.32,38.39725785402992,42.61447621981
2023-12-07,2.96,5.76,0.57,3.49,4.77,38.39725785402992,42.61447621981
2023-12-08,3.69,6.01,2.47,0.26,4.74,38.39725785402992,42.61447621981
2023-12-09,2.04,4.54,0.56,7.28,2.58,38.39725785402992,42.61447621981
2023-12-10,2.72,5.04,1.2,1.27,4.1,38.39725785402992,42.61447621981
2023-12-11,3.5,7.19,0.37,2.33,9.37,38.39725785402992,42.61447621981
2023-12-12,3.44,6.99,0.39,7.02,5.58,38.39725785402992,42.61447621981
2023-12-13,1.54,3.65,0.2,6.73,4.95,38.39725785402992,42.61447621981
2023-12-14,1.24,4.84,-1.4,1.01,9.85,38.39725785402992,42.61447621981
2023-12-15,3.42,8.89,-0.37,0.0,9.78,38.39725785402992,42.61447621981
2023-12-16,3.64,7.47,0.91,0.0,7.9,38.39725785402992,42.61447621981
2023-12-17,1.09,5.85,-4.65,2.84,8.22,38.39725785402992,42.61447621981
2023-12-18,-4.04,-0.34,-6.71,0.05,9.58,38.39725785402992,42.61447621981
2023-12-19,-1.97,1.29,-4.6,0.0,9.14,38.39725785402992,42.61447621981
2023-12-20,0.06,3.53,-2.82,0.0,9.22,38.39725785402992,42.61447621981
2023-12-21,-0.35,3.07,-3.66,0.09,9.38,38.39725785402992,42.61447621981
2023-12-22,-0.28,2.86,-2.3,9.75,3.28,38.39725785402992,42.61447621981
2023-12-23,-0.2,1.46,-2.58,14.76,4.37,38.39725785402992,42.61447621981
2023-12-24,-1.62,0.53,-5.74,1.4,3.93,38.39725785402992,42.61447621981
2023-12-25,-1.65,1.04,-4.27,0.15,6.58,38.39725785402992,42.61447621981
2023-12-26,-0.55,2.07,-3.77,0.0,6.49,38.39725785402992,42.61447621981
2023-12-27,0.33,4.23,-2.69,0.0,8.97,38.39725785402992,42.61447621981
2023-12-28,0.11,3.86,-2.65,0.0,9.71,38.39725785402992,42.61447621981
2023-12-29,-1.47,3.71,-5.88,0.0,10.22,38.39725785402992,42.61447621981
2023-12-30,0.48,5.93,-3.52,0.0,10.25,38.39725785402992,42.61447621981
2023-12-31,1.24,4.16,-0.75,0.0,9.47,38.39725785402992,42.61447621981
2024-01-01,1.47,4.97,-1.49,0.0,9.48,38.39725785402992,42.61447621981
2024-01-02,0.28,2.55,-2.12,0.01,8.61,38.39725785402992,42.61447621981
2024-01-03,-0.93,2.49,-3.41,0.72,6.6,38.39725785402992,42.61447621981
2024-01-04,-0.49,2.27,-1.64,7.13,3.6,38.39725785402992,42.61447621981
2024-01-05,-0.09,1.76,-1.85,18.6,4.51,38.39725785402992,42.61447621981
2024-01-06,-4.34,-0.09,-7.94,0.14,9.77,38.39725785402992,42.61447621981
2024-01-07,-2.3,2.77,-5.55,0.0,10.57,38.39725785402992,42.61447621981
2024-01-08,-1.6,2.38,-4.18,0.0,8.19,38.39725785402992,42.61447621981
2024-01-09,0.04,3.16,-2.35,0.83,6.94,38.39725785402992,42.61447621981
2024-01-10,-0.01,2.33,-1.9,5.34,3.91,38.39725785402992,42.61447621981
2024-01-11,-1.18,0.83,-3.5,4.71,5.06,38.39725785402992,42.61447621981
2024-01-12,-2.36,0.27,-4.94,6.76,4.9,38.39725785402992,42.61447621981
2024-01-13,-4.33,-2.15,-6.74,9.88,7.2,38.39725785402992,42.61447621981
2024-01-14,-6.99,-1.3,-11.04,5.39,7.23,38.39725785402992,42.61447621981
2024-01-15,-9.52,-2.66,-13.89,0.02,10.17,38.39725785402992,42.61447621981
2024-01-16,-5.83,-0.11,-12.5,0.4,6.79,38.39725785402992,42.61447621981
2024-01-17,-2.11,0.47,-5.45,0.52,5.48,38.39725785402992,42.61447621981
2024-01-18,-1.37,1.56,-4.15,0.0,9.89,38.39725785402992,42.61447621981
2024-01-19,-1.32,1.7,-3.98,0.0,8.83,38.39725785402992,42.61447621981
2024-01-20,0.38,2.62,-1.23,0.04,7.84,38.39725785402992,42.61447621981
2024-01-21,0.67,2.7,-0.98,0.41,4.22,38.39725785402992,42.61447621981
2024-01-22,0.65,2.75,-0.79,5.17,3.65,38.39725785402992,42.61447621981
2024-01-23,0.28,2.26,-1.5,13.69,4.58,38.39725785402992,42.61447621981
2024-01-24,-4.35,-0.89,-9.35,11.38,3.45,38.39725785402992,42.61447621981
2024-01-25,-6.67,-1.2,-9.69,0.12,11.13,38.39725785402992,42.61447621981
2024-01-26,-4.74,-0.27,-10.0,6.06,3.89,38.39725785402992,42.61447621981
2024-01-27,-3.54,-1.63,-6.3,11.68,7.08,38.39725785402992,42.61447621981
2024-01-28,-7.99,-3.57,-12.47,1.13,6.36,38.39725785402992,42.61447621981
2024-01-29,-8.67,-4.22,-12.57,2.05,4.61,38.39725785402992,42.61447621981
2024-01-30,-11.51,-4.0,-16.41,0.0,9.82,38.39725785402992,42.61447621981
2024-01-31,-11.75,-3.72,-17.9,0.0,10.88,38.39725785402992,42.61447621981
2024-02-01,-10.78,-3.49,-16.62,0.0,11.1,38.39725785402992,42.61447621981
2024-02-02,-11.34,-4.25,-17.35,0.0,12.22,38.39725785402992,42.61447621981
2024-02-03,-7.69,-2.51,-13.35,0.05,9.82,38.39725785402992,42.61447621981
2024-02-04,-6.6,-1.96,-11.75,0.43,9.72,38.39725785402992,42.61447621981
2024-02-05,-5.15,-0.98,-9.42,1.62,9.56,38.39725785402992,42.61447621981
2024-02-06,-3.7,-0.63,-7.34,0.0,10.3,38.39725785402992,42.61447621981
2024-02-07,-2.16,0.36,-4.16,0.03,12.17,38.39725785402992,42.61447621981
2024-02-08,-0.68,1.54,-2.57,0.15,7.07,38.39725785402992,42.61447621981
2024-02-09,0.26,3.04,-1.96,0.04,7.91,38.39725785402992,42.61447621981
2024-02-10,0.74,4.49,-3.14,0.04,11.84,38.39725785402992,42.61447621981
2024-02-11,2.22,5.82,-0.67,0.0,13.42,38.39725785402992,42.61447621981
2024-02-12,2.84,6.9,0.64,0.0,14.77,38.39725785402992,42.61447621981
2024-02-13,3.36,6.58,0.91,0.02,14.03,38.39725785402992,42.61447621981
2024-02-14,2.53,6.19,1.06,4.93,5.9,38.39725785402992,42.61447621981
2024-02-15,3.0,5.86,0.71,5.83,11.01,38.39725785402992,42.61447621981
2024-02-16,2.66,5.18,0.6,0.44,11.47,38.39725785402992,42.61447621981
2024-02-17,0.68,2.05,-0.24,3.87,9.8,38.39725785402992,42.61447621981
2024-02-18,0.69,2.81,-0.57,3.86,11.67,38.39725785402992,42.61447621981
2024-02-19,0.62,2.64,-1.1,2.31,12.84,38.39725785402992,42.61447621981
2024-02-20,0.86,2.65,-1.52,0.2,14.41,38.39725785402992,42.61447621981
2024-02-21,0.53,2.76,-0.84,0.09,13.9,38.39725785402992,42.61447621981
2024-02-22,-0.05,2.05,-1.45,0.81,10.1,38.39725785402992,42.61447621981
2024-02-23,1.07,4.02,-1.48,4.23,8.77,38.39725785402992,42.61447621981
2024-02-24,0.7,4.12,-1.98,0.0,14.77,38.39725785402992,42.61447621981
2024-02-25,-1.05,2.45,-4.24,0.0,16.38,38.39725785402992,42.61447621981
2024-02-26,-3.24,0.64,-6.08,0.0,17.68,38.39725785402992,42.61447621981
2024-02-27,-3.79,-0.43,-7.18,0.0,17.93,38.39725785402992,42.61447621981
2024-02-28,-3.54,0.26,-8.41,0.0,18.26,38.39725785402992,42.61447621981
2024-02-29,-1.7,2.27,-6.42,0.0,18.76,38.39725785402992,42.61447621981
2024-03-01,1.25,6.59,-4.17,0.0,17.12,38.39725785402992,42.61447621981
2024-03-02,1.82,6.08,-0.84,0.0,17.71,38.39725785402992,42.61447621981
2024-03-03,0.75,4.14,-1.95,0.0,14.98,38.39725785402992,42.61447621981
2024-03-04,1.28,3.88,-0.69,0.0,12.69,38.39725785402992,42.61447621981
2024-03-05,1.78,5.96,-1.09,0.09,15.28,38.39725785402992,42.61447621981
2024-03-06,1.37,4.11,-1.17,5.76,11.03,38.39725785402992,42.61447621981
2024-03-07,0.41,2.98,-1.62,9.53,11.27,38.39725785402992,42.61447621981
2024-03-08,-0.56,1.32,-1.82,1.38,11.5,38.39725785402992,42.61447621981
2024-03-09,-0.26,1.97,-2.34,3.09,11.75,38.39725785402992,42.61447621981
2024-03-10,-0.38,1.31,-1.62,3.29,12.38,38.39725785402992,42.61447621981
2024-03-11,0.22,4.34,-2.8,0.06,16.2,38.39725785402992,42.61447621981
2024-03-12,1.69,7.74,-2.58,0.0,17.88,38.39725785402992,42.61447621981
2024-03-13,3.17,8.51,-0.85,0.0,19.57,38.39725785402992,42.61447621981
2024-03-14,4.46,8.87,1.14,0.0,14.37,38.39725785402992,42.61447621981
2024-03-15,4.97,9.01,1.26,1.99,16.01,38.39725785402992,42.61447621981
2024-03-16,1.82,5.24,-0.86,0.96,14.3,38.39725785402992,42.61447621981
2024-03-17,2.23,5.36,-0.09,2.1,13.78,38.39725785402992,42.61447621981
2024-03-18,2.26,4.73,0.66,22.17,4.47,38.39725785402992,42.61447621981
2024-03-19,4.49,7.97,1.12,22.81,6.73,38.39725785402992,42.61447621981
2024-03-20,2.2,4.35,0.59,13.73,12.05,38.39725785402992,42.61447621981
2024-03-21,2.32,5.52,0.29,6.2,10.82,38.39725785402992,42.61447621981
2024-03-22,1.76,4.08,-0.2,12.21,5.17,38.39725785402992,42.61447621981
2024-03-23,-0.9,0.99,-4.5,11.38,9.69,38.39725785402992,42.61447621981
2024-03-24,-0.12,4.29,-4.66,0.03,11.98,38.39725785402992,42.61447621981
2024-03-25,0.72,4.92,-2.34,0.14,16.54,38.39725785402992,42.61447621981
2024-03-26,0.77,3.76,-3.76,9.52,8.85,38.39725785402992,42.61447621981
2024-03-27,-0.36,3.42,-4.02,0.01,17.33,38.39725785402992,42.61447621981
2024-03-28,4.31,9.1,-0.6,0.0,18.82,38.39725785402992,42.61447621981
2024-03-29,7.0,11.9,2.59,0.0,16.44,38.39725785402992,42.61447621981
2024-03-30,7.78,12.99,3.31,0.0,19.98,38.39725785402992,42.61447621981
2024-03-31,9.0,14.21,3.32,0.0,22.92,38.39725785402992,42.61447621981
2024-04-01,10.64,14.88,6.07,0.0,22.26,38.39725785402992,42.61447621981
2024-04-02,10.12,14.9,4.05,0.0,20.93,38.39725785402992,42.61447621981
2024-04-03,11.05,15.49,6.77,0.0,21.37,38.39725785402992,42.61447621981
2024-04-04,11.05,15.06,6.82,0.0,19.75,38.39725785402992,42.61447621981
2024-04-05,10.78,15.18,6.31,0.0,19.61,38.39725785402992,42.61447621981
2024-04-06,10.69,14.85,6.72,0.28,18.06,38.39725785402992,42.61447621981
2024-04-07,8.73,11.05,6.48,5.69,9.11,38.39725785402992,42.61447621981
2024-04-08,8.64,11.39,6.4,11.7,12.79,38.39725785402992,42.61447621981
2024-04-09,9.94,13.94,6.82,15.34,12.07,38.39725785402992,42.61447621981
2024-04-10,7.61,11.2,4.45,10.08,14.1,38.39725785402992,42.61447621981
2024-04-11,6.4,7.82,4.98,1.91,13.44,38.39725785402992,42.61447621981
2024-04-12,8.93,13.19,3.41,0.0,21.45,38.39725785402992,42.61447621981
2024-04-13,10.3,14.0,6.2,0.0,25.13,38.39725785402992,42.61447621981
2024-04-14,10.44,13.12,7.42,0.7,19.95,38.39725785402992,42.61447621981
2024-04-15,8.89,12.05,5.31,0.34,20.7,38.39725785402992,42.61447621981
2024-04-16,11.46,15.36,6.88,0.0,26.0,38.39725785402992,42.61447621981
2024-04-17,12.94,17.78,8.89,0.0,26.22,38.39725785402992,42.61447621981
2024-04-18,12.93,17.7,9.18,0.0,25.81,38.39725785402992,42.61447621981
2024-04-19,13.82,18.72,9.05,0.0,24.15,38.39725785402992,42.61447621981
2024-04-20,13.51,18.05,9.78,0.0,23.58,38.39725785402992,42.61447621981
2024-04-21,11.71,15.4,8.6,0.0,22.15,38.39725785402992,42.61447621981
2024-04-22,12.5,17.39,8.36,0.0,26.93,38.39725785402992,42.61447621981
2024-04-23,12.52,17.25,6.98,0.0,21.89,38.39725785402992,42.61447621981
2024-04-24,13.59,17.39,8.8,0.0,22.78,38.39725785402992,42.61447621981
2024-04-25,15.9,19.52,11.65,0.0,25.64,38.39725785402992,42.61447621981
2024-04-26,17.03,19.67,14.09,0.0,25.5,38.39725785402992,42.61447621981
2024-04-27,17.88,21.78,12.75,0.0,25.81,38.39725785402992,42.61447621981
2024-04-28,17.7,21.61,13.8,0.0,28.12,38.39725785402992,42.61447621981
2024-04-29,18.55,22.18,14.42,0.0,28.07,38.39725785402992,42.61447621981
2024-04-30,15.87,18.23,13.1,2.92,20.03,38.39725785402992,42.61447621981
2024-05-01,14.08,17.47,11.87,2.79,17.69,38.39725785402992,42.61447621981
2024-05-02,12.35,14.23,10.75,7.08,15.24,38.39725785402992,42.61447621981
2024-05-03,11.31,14.22,8.41,11.44,17.01,38.39725785402992,42.61447621981
2024-05-04,10.0,13.21,7.59,5.74,16.53,38.39725785402992,42.61447621981
2024-05-05,9.59,13.37,6.18,2.61,16.77,38.39725785402992,42.61447621981
2024-05-06,7.22,11.81,2.28,5.6,16.84,38.39725785402992,42.61447621981
2024-05-07,6.29,8.51,4.07,8.76,14.7,38.39725785402992,42.61447621981
2024-05-08,7.41,10.29,4.31,3.98,20.19,38.39725785402992,42.61447621981
2024-05-09,10.66,15.67,5.76,0.0,28.05,38.39725785402992,42.61447621981
2024-05-10,12.39,15.91,8.98,0.0,24.29,38.39725785402992,42.61447621981
2024-05-11,12.31,17.46,9.31,2.02,8.35,38.39725785402992,42.61447621981
2024-05-12,12.69,16.86,9.17,2.45,27.33,38.39725785402992,42.61447621981
2024-05-13,9.96,13.08,7.05,3.8,19.29,38.39725785402992,42.61447621981
2024-05-14,7.99,11.23,5.58,4.76,13.87,38.39725785402992,42.61447621981
2024-05-15,8.72,11.81,4.85,0.75,19.49,38.39725785402992,42.61447621981
2024-05-16,10.38,13.87,6.63,2.8,23.49,38.39725785402992,42.61447621981
2024-05-17,9.39,14.04,4.66,1.74,30.1,38.39725785402992,42.61447621981
2024-05-18,10.18,14.45,5.19,0.12,31.41,38.39725785402992,42.61447621981
2024-05-19,12.5,15.02,9.61,3.74,19.9,38.39725785402992,42.61447621981
2024-05-20,13.97,17.99,8.62,0.01,20.6,38.39725785402992,42.61447621981
2024-05-21,14.62,18.08,11.44,0.27,25.77,38.39725785402992,42.61447621981
2024-05-22,13.99,16.64,9.88,1.45,26.75,38.39725785402992,42.61447621981
2024-05-23,14.01,18.22,6.58,3.48,24.89,38.39725785402992,42.61447621981
2024-05-24,14.3,18.89,6.75,0.83,20.81,38.39725785402992,42.61447621981
2024-05-25,14.22,18.02,10.32,0.51,21.4,38.39725785402992,42.61447621981
2024-05-26,11.85,14.54,8.86,5.34,15.46,38.39725785402992,42.61447621981
2024-05-27,14.89,19.33,10.38,0.15,27.95,38.39725785402992,42.61447621981
2024-05-28,17.29,21.86,12.82,0.31,27.62,38.39725785402992,42.61447621981
2024-05-29,16.99,21.51,11.73,0.87,27.41,38.39725785402992,42.61447621981
2024-05-30,18.94,23.28,13.94,12.7,22.71,38.39725785402992,42.61447621981
2024-05-31,18.89,23.73,12.92,0.0,27.51,38.39725785402992,42.61447621981
2024-06-01,15.89,20.48,11.88,0.01,29.18,38.39725785402992,42.61447621981
2024-06-02,15.66,20.97,9.51,0.0,31.79,38.39725785402992,42.61447621981
2024-06-03,18.34,23.08,12.39,0.0,30.96,38.39725785402992,42.61447621981
2024-06-04,18.84,23.12,13.51,0.01,30.64,38.39725785402992,42.61447621981
2024-06-05,18.88,22.55,14.0,0.0,31.52,38.39725785402992,42.61447621981
2024-06-06,19.71,24.45,13.34,0.0,31.58,38.39725785402992,42.61447621981
2024-06-07,21.27,25.89,15.88,0.0,30.07,38.39725785402992,42.61447621981
2024-06-08,20.95,26.47,15.37,1.9,20.31,38.39725785402992,42.61447621981
2024-06-09,20.1,24.33,14.86,2.32,25.22,38.39725785402992,42.61447621981
2024-06-10,18.56,22.9,12.3,1.83,19.35,38.39725785402992,42.61447621981
2024-06-11,19.16,23.9,12.39,0.0,28.03,38.39725785402992,42.61447621981
2024-06-12,20.49,24.61,15.99,0.39,29.82,38.39725785402992,42.61447621981
2024-06-13,19.65,24.32,14.59,0.0,31.42,38.39725785402992,42.61447621981
2024-06-14,19.1,23.76,13.64,0.0,31.53,38.39725785402992,42.61447621981
2024-06-15,21.03,25.62,15.09,0.0,30.53,38.39725785402992,42.61447621981
2024-06-16,23.35,27.53,19.85,0.03,29.66,38.39725785402992,42.61447621981
2024-06-17,23.65,28.25,18.73,0.01,31.14,38.39725785402992,42.61447621981
2024-06-18,24.96,29.16,19.85,0.0,30.97,38.39725785402992,42.61447621981
2024-06-19,23.64,28.63,18.16,0.0,31.24,38.39725785402992,42.61447621981
2024-06-20,25.2,29.94,20.79,0.0,30.85,38.39725785402992,42.61447621981
2024-06-21,23.23,28.52,16.9,0.01,31.04,38.39725785402992,42.61447621981
2024-06-22,22.68,28.67,16.48,0.01,31.48,38.39725785402992,42.61447621981
2024-06-23,22.24,28.8,16.73,0.0,25.24,38.39725785402992,42.61447621981
2024-06-24,24.01,28.43,19.68,0.01,29.65,38.39725785402992,42.61447621981
2024-06-25,23.75,27.96,18.72,0.09,30.16,38.39725785402992,42.61447621981
2024-06-26,22.07,28.81,13.95,0.22,29.97,38.39725785402992,42.61447621981
2024-06-27,17.85,24.89,11.34,0.0,32.24,38.39725785402992,42.61447621981
2024-06-28,20.4,27.03,14.0,0.64,31.65,38.39725785402992,42.61447621981
2024-06-29,21.85,28.82,14.83,0.2,30.54,38.39725785402992,42.61447621981
2024-06-30,22.34,28.55,15.37,0.12,28.56,38.39725785402992,42.61447621981
2024-07-01,21.39,25.95,16.17,1.02,25.41,38.39725785402992,42.61447621981
2024-07-02,19.98,24.18,16.57,1.0,25.74,38.39725785402992,42.61447621981
2024-07-03,21.55,25.29,16.83,0.31,23.39,38.39725785402992,42.61447621981
2024-07-04,23.15,27.43,19.52,0.01,30.51,38.39725785402992,42.61447621981
2024-07-05,24.93,29.86,20.56,0.0,30.21,38.39725785402992,42.61447621981
2024-07-06,24.96,31.18,18.55,0.02,30.04,38.39725785402992,42.61447621981
2024-07-07,24.54,30.87,18.62,0.84,25.99,38.39725785402992,42.61447621981
2024-07-08,21.84,27.29,17.55,1.31,23.72,38.39725785402992,42.61447621981
2024-07-09,22.43,27.64,17.58,2.35,22.12,38.39725785402992,42.61447621981
2024-07-10,23.53,29.67,17.43,0.85,20.3,38.39725785402992,42.61447621981
2024-07-11,25.91,30.98,20.27,0.01,27.79,38.39725785402992,42.61447621981
2024-07-12,25.96,31.58,20.37,0.0,28.35,38.39725785402992,42.61447621981
2024-07-13,25.39,31.6,17.78,0.0,28.79,38.39725785402992,42.61447621981
2024-07-14,26.0,31.46,19.65,0.35,26.37,38.39725785402992,42.61447621981
2024-07-15,24.79,28.72,20.95,0.16,21.87,38.39725785402992,42.61447621981
2024-07-16,25.02,30.2,18.88,0.0,25.52,38.39725785402992,42.61447621981
2024-07-17,27.26,32.69,22.02,0.06,27.17,38.39725785402992,42.61447621981
2024-07-18,25.91,31.0,20.9,0.73,27.71,38.39725785402992,42.61447621981
2024-07-19,25.55,30.27,20.68,0.9,25.67,38.39725785402992,42.61447621981
2024-07-20,24.76,29.74,20.76,0.91,22.65,38.39725785402992,42.61447621981
2024-07-21,23.21,28.54,18.16,0.04,26.95,38.39725785402992,42.61447621981
2024-07-22,24.77,29.82,19.37,0.0,26.72,38.39725785402992,42.61447621981
2024-07-23,26.7,32.68,20.11,0.04,27.72,38.39725785402992,42.61447621981
2024-07-24,25.71,32.68,19.52,0.22,27.36,38.39725785402992,42.61447621981
2024-07-25,24.81,31.9,18.0,0.0,28.08,38.39725785402992,42.61447621981
2024-07-26,25.51,31.29,20.11,0.01,28.91,38.39725785402992,42.61447621981
2024-07-27,24.46,30.2,19.05,0.03,25.86,38.39725785402992,42.61447621981
2024-07-28,22.22,27.2,17.22,0.33,25.99,38.39725785402992,42.61447621981
2024-07-29,21.96,27.28,16.87,0.0,28.9,38.39725785402992,42.61447621981
2024-07-30,23.66,30.63,16.34,0.0,29.64,38.39725785402992,42.61447621981
2024-07-31,24.61,29.97,17.7,0.0,24.9,38.39725785402992,42.61447621981
