date,T2M,T2M_MAX,T2M_MIN,PRECTOTCORR,ALLSKY_SFC_SW_DWN,lat,lon
2004-10-01,13.98,22.36,8.13,0.2,19.22,40.021375925763245,41.512587546578416
2004-10-02,11.01,19.01,5.18,2.73,15.24,40.021375925763245,41.512587546578416
2004-10-03,7.88,13.16,2.62,4.74,8.69,40.021375925763245,41.512587546578416
2004-10-04,5.53,12.75,0.02,0.77,11.73,40.021375925763245,41.512587546578416
2004-10-05,5.5,14.6,-1.44,0.01,16.92,40.021375925763245,41.512587546578416
2004-10-06,7.68,17.6,-0.68,0.55,17.52,40.021375925763245,41.512587546578416
2004-10-07,10.04,19.51,2.2,0.06,16.51,40.021375925763245,41.512587546578416
2004-10-08,10.7,18.54,5.03,4.26,15.2,40.021375925763245,41.512587546578416
2004-10-09,9.48,16.57,4.31,2.0,9.2,40.021375925763245,41.512587546578416
2004-10-10,7.52,14.35,1.93,0.23,13.35,40.021375925763245,41.512587546578416
2004-10-11,7.63,15.99,1.86,0.0,17.69,40.021375925763245,41.512587546578416
2004-10-12,7.4,15.9,0.97,1.07,16.78,40.021375925763245,41.512587546578416
2004-10-13,4.79,13.2,-0.79,2.17,10.69,40.021375925763245,41.512587546578416
2004-10-14,5.57,13.14,-0.95,0.16,12.76,40.021375925763245,41.512587546578416
2004-10-15,7.1,13.7,2.36,0.68,13.32,40.021375925763245,41.512587546578416
2004-10-16,7.28,14.18,1.99,0.78,12.67,40.021375925763245,41.512587546578416
2004-10-17,8.14,14.94,2.57,0.0,14.26,40.021375925763245,41.512587546578416
2004-10-18,9.44,15.93,3.22,0.01,14.15,40.021375925763245,41.512587546578416
2004-10-19,9.84,17.5,4.94,0.04,11.9,40.021375925763245,41.512587546578416
2004-10-20,9.7,16.85,4.1,0.06,12.01,40.021375925763245,41.512587546578416
2004-10-21,2.22,6.79,-4.6,5.97,4.42,40.021375925763245,41.512587546578416
2004-10-22,-1.32,5.3,-5.98,0.67,13.01,40.021375925763245,41.512587546578416
2004-10-23,1.87,11.35,-5.29,0.04,15.66,40.021375925763245,41.512587546578416
2004-10-24,4.12,12.74,-1.06,0.0,14.1,40.021375925763245,41.512587546578416
2004-10-25,5.36,12.76,-0.25,0.0,14.94,40.021375925763245,41.512587546578416
2004-10-26,6.76,14.43,2.2,0.0,14.8,40.021375925763245,41.512587546578416
2004-10-27,7.71,15.51,1.66,0.0,13.88,40.021375925763245,41.512587546578416
2004-10-28,8.01,14.56,3.18,0.07,11.38,40.021375925763245,41.512587546578416
2004-10-29,9.2,16.17,5.23,0.19,12.46,40.021375925763245,41.512587546578416
2004-10-30,5.43,9.27,3.24,7.57,4.26,40.021375925763245,41.512587546578416
2004-10-31,5.88,11.41,2.59,0.3,11.47,40.021375925763245,41.512587546578416
2004-11-01,6.68,13.46,1.88,0.0,11.35,40.021375925763245,41.512587546578416
2004-11-02,6.4,12.82,2.11,0.09,10.03,40.021375925763245,41.512587546578416
2004-11-03,4.53,10.34,0.95,1.65,8.99,40.021375925763245,41.512587546578416
2004-11-04,-0.66,3.33,-6.51,3.25,5.84,40.021375925763245,41.512587546578416
2004-11-05,-0.68,6.37,-6.36,0.03,9.81,40.021375925763245,41.512587546578416
2004-11-06,1.04,8.16,-2.62,0.04,12.07,40.021375925763245,41.512587546578416
2004-11-07,2.48,8.54,-1.89,0.09,8.36,40.021375925763245,41.512587546578416
2004-11-08,3.24,9.44,-0.35,0.38,10.24,40.021375925763245,41.512587546578416
2004-11-09,3.66,10.61,-0.3,0.29,9.39,40.021375925763245,41.512587546578416
2004-11-10,3.67,9.83,0.51,0.08,7.17,40.021375925763245,41.512587546578416
2004-11-11,4.24,10.0,-0.16,0.02,9.55,40.021375925763245,41.512587546578416
2004-11-12,3.65,10.29,-0.76,0.04,10.49,40.021375925763245,41.512587546578416
2004-11-13,3.24,9.97,-1.42,0.0,11.97,40.021375925763245,41.512587546578416
2004-11-14,3.21,9.4,-0.45,0.0,11.06,40.021375925763245,41.512587546578416
2004-11-15,2.87,10.72,-1.17,0.52,11.0,40.021375925763245,41.512587546578416
2004-11-16,0.86,6.25,-1.83,4.52,3.17,40.021375925763245,41.512587546578416
2004-11-17,0.37,4.99,-2.81,5.6,2.96,40.021375925763245,41.512587546578416
2004-11-18,-4.15,-0.23,-7.98,3.57,7.63,40.021375925763245,41.512587546578416
2004-11-19,-3.35,4.91,-8.16,0.01,10.72,40.021375925763245,41.512587546578416
2004-11-20,-2.78,2.4,-6.54,0.12,10.83,40.021375925763245,41.512587546578416
2004-11-21,-1.07,2.05,-3.76,8.04,2.4,40.021375925763245,41.512587546578416
2004-11-22,-3.32,-0.52,-10.28,16.73,1.97,40.021375925763245,41.512587546578416
2004-11-23,-13.25,-10.16,-19.18,0.64,5.6,40.021375925763245,41.512587546578416
2004-11-24,-14.8,-6.68,-19.96,0.19,5.97,40.021375925763245,41.512587546578416
2004-11-25,-11.56,-6.64,-17.48,1.61,6.22,40.021375925763245,41.512587546578416
2004-11-26,-8.83,-6.0,-10.96,12.18,2.77,40.021375925763245,41.512587546578416
2004-11-27,-13.76,-8.39,-19.79,2.54,8.01,40.021375925763245,41.512587546578416
2004-11-28,-12.08,-2.97,-18.63,0.01,8.54,40.021375925763245,41.512587546578416
2004-11-29,-11.4,-3.51,-17.13,0.06,9.15,40.021375925763245,41.512587546578416
2004-11-30,-10.39,-1.9,-15.15,0.01,10.24,40.021375925763245,41.512587546578416
2004-12-01,-10.92,-4.09,-16.27,1.53,5.74,40.021375925763245,41.512587546578416
2004-12-02,-11.55,-3.7,-16.88,0.11,9.07,40.021375925763245,41.512587546578416
2004-12-03,-7.56,-0.8,-11.53,0.0,8.22,40.021375925763245,41.512587546578416
2004-12-04,-5.72,0.32,-9.32,0.1,8.47,40.021375925763245,41.512587546578416
2004-12-05,-6.59,-1.66,-13.05,3.6,4.54,40.021375925763245,41.512587546578416
2004-12-06,-10.87,-3.86,-14.61,0.18,8.46,40.021375925763245,41.512587546578416
2004-12-07,-11.35,-4.01,-15.72,0.26,9.4,40.021375925763245,41.512587546578416
2004-12-08,-10.6,-3.99,-14.33,0.35,9.2,40.021375925763245,41.512587546578416
2004-12-09,-11.35,-2.47,-16.38,0.17,8.88,40.021375925763245,41.512587546578416
2004-12-10,-14.92,-8.47,-19.28,1.67,7.73,40.021375925763245,41.512587546578416
2004-12-11,-13.95,-8.26,-17.76,1.81,6.06,40.021375925763245,41.512587546578416
2004-12-12,-15.72,-9.38,-19.48,1.74,7.92,40.021375925763245,41.512587546578416
2004-12-13,-12.81,-5.34,-17.8,0.68,6.76,40.021375925763245,41.512587546578416
2004-12-14,-13.43,-7.8,-17.23,2.64,7.7,40.021375925763245,41.512587546578416
2004-12-15,-18.08,-12.04,-23.07,1.36,8.1,40.021375925763245,41.512587546578416
2004-12-16,-19.73,-11.97,-23.63,0.7,9.28,40.021375925763245,41.512587546578416
2004-12-17,-17.12,-9.07,-23.31,0.05,9.65,40.021375925763245,41.512587546578416
2004-12-18,-16.17,-6.11,-20.8,0.0,9.32,40.021375925763245,41.512587546578416
2004-12-19,-14.78,-6.87,-20.71,0.01,7.88,40.021375925763245,41.512587546578416
2004-12-20,-10.61,-4.79,-15.54,0.79,4.47,40.021375925763245,41.512587546578416
2004-12-21,-8.18,-1.5,-13.41,0.39,6.98,40.021375925763245,41.512587546578416
2004-12-22,-7.5,-0.68,-11.65,0.13,8.81,40.021375925763245,41.512587546578416
2004-12-23,-8.5,-2.53,-13.42,4.07,8.66,40.021375925763245,41.512587546578416
2004-12-24,-7.41,-1.8,-11.13,4.94,5.18,40.021375925763245,41.512587546578416
2004-12-25,-8.11,-1.62,-12.54,0.37,7.99,40.021375925763245,41.512587546578416
2004-12-26,-9.45,-1.77,-15.37,0.0,8.47,40.021375925763245,41.512587546578416
2004-12-27,-3.4,2.57,-9.16,0.0,8.98,40.021375925763245,41.512587546578416
2004-12-28,-2.02,2.31,-6.42,0.0,9.26,40.021375925763245,41.512587546578416
2004-12-29,-3.6,1.44,-6.74,0.0,8.77,40.021375925763245,41.512587546578416
2004-12-30,-4.74,0.84,-9.03,0.0,8.53,40.021375925763245,41.512587546578416
2004-12-31,-5.09,1.43,-8.82,0.0,9.02,40.021375925763245,41.512587546578416
2005-01-01,-4.5,1.79,-7.52,0.0,9.42,40.021375925763245,41.512587546578416
2005-01-02,-5.19,-1.58,-8.13,4.27,4.49,40.021375925763245,41.512587546578416
2005-01-03,-8.45,-4.61,-13.57,2.42,7.34,40.021375925763245,41.512587546578416
2005-01-04,-11.6,-5.12,-16.23,1.04,7.09,40.021375925763245,41.512587546578416
2005-01-05,-9.54,-5.66,-13.67,8.51,4.41,40.021375925763245,41.512587546578416
2005-01-06,-13.87,-7.56,-18.5,0.62,8.8,40.021375925763245,41.512587546578416
2005-01-07,-9.89,-3.95,-16.28,0.11,8.64,40.021375925763245,41.512587546578416
2005-01-08,-10.85,-4.02,-14.74,0.02,9.86,40.021375925763245,41.512587546578416
2005-01-09,-9.67,-1.68,-16.37,0.0,10.29,40.021375925763245,41.512587546578416
2005-01-10,-8.9,-2.32,-12.98,0.84,8.85,40.021375925763245,41.512587546578416
2005-01-11,-11.31,-6.98,-15.28,1.05,8.45,40.021375925763245,41.512587546578416
2005-01-12,-9.72,-1.36,-15.18,0.01,9.28,40.021375925763245,41.512587546578416
2005-01-13,-8.52,-0.74,-13.87,0.0,9.71,40.021375925763245,41.512587546578416
2005-01-14,-8.96,-1.68,-14.01,0.01,10.36,40.021375925763245,41.512587546578416
2005-01-15,-10.76,-3.21,-15.95,0.05,10.22,40.021375925763245,41.512587546578416
2005-01-16,-9.16,-2.34,-13.47,0.0,9.26,40.021375925763245,41.512587546578416
2005-01-17,-7.83,-1.22,-11.56,0.02,10.51,40.021375925763245,41.512587546578416
2005-01-18,-8.45,-2.78,-12.29,0.66,9.54,40.021375925763245,41.512587546578416
2005-01-19,-9.52,-4.21,-12.82,0.72,9.5,40.021375925763245,41.512587546578416
2005-01-20,-11.34,-4.98,-15.67,0.25,10.08,40.021375925763245,41.512587546578416
2005-01-21,-11.24,-4.19,-16.74,0.12,10.01,40.021375925763245,41.512587546578416
2005-01-22,-8.07,-2.84,-11.78,0.13,7.87,40.021375925763245,41.512587546578416
2005-01-23,-7.69,-2.05,-11.6,1.52,9.82,40.021375925763245,41.512587546578416
2005-01-24,-10.42,-8.23,-16.75,10.56,4.86,40.021375925763245,41.512587546578416
2005-01-25,-14.13,-5.82,-19.04,0.06,11.69,40.021375925763245,41.512587546578416
2005-01-26,-9.32,-2.14,-15.3,0.0,9.86,40.021375925763245,41.512587546578416
2005-01-27,-8.31,-0.56,-12.5,0.0,10.77,40.021375925763245,41.512587546578416
2005-01-28,-6.85,0.23,-11.6,0.0,8.78,40.021375925763245,41.512587546578416
2005-01-29,-6.2,0.08,-10.8,0.01,8.39,40.021375925763245,41.512587546578416
2005-01-30,-6.18,-2.17,-11.6,11.09,7.33,40.021375925763245,41.512587546578416
2005-01-31,-6.35,-0.58,-10.67,5.99,10.04,40.021375925763245,41.512587546578416
2005-02-01,-7.82,-2.38,-12.89,4.19,5.42,40.021375925763245,41.512587546578416
2005-02-02,-10.82,-3.93,-14.58,0.09,12.04,40.021375925763245,41.512587546578416
2005-02-03,-10.78,-4.14,-16.05,0.25,12.9,40.021375925763245,41.512587546578416
2005-02-04,-10.82,-3.9,-16.39,0.18,13.21,40.021375925763245,41.512587546578416
2005-02-05,-8.71,-4.18,-12.02,1.83,11.7,40.021375925763245,41.512587546578416
2005-02-06,-11.44,-6.46,-18.24,0.74,10.13,40.021375925763245,41.512587546578416
2005-02-07,-14.52,-8.44,-19.6,0.51,12.43,40.021375925763245,41.512587546578416
2005-02-08,-14.77,-10.41,-18.7,1.61,12.1,40.021375925763245,41.512587546578416
2005-02-09,-16.07,-10.32,-21.29,1.41,12.52,40.021375925763245,41.512587546578416
2005-02-10,-17.09,-11.29,-22.32,0.12,12.55,40.021375925763245,41.512587546578416
2005-02-11,-16.14,-10.46,-20.21,0.06,13.15,40.021375925763245,41.512587546578416
2005-02-12,-16.57,-10.57,-21.3,0.0,14.36,40.021375925763245,41.512587546578416
2005-02-13,-17.51,-9.93,-22.51,0.03,15.08,40.021375925763245,41.512587546578416
2005-02-14,-14.27,-4.17,-23.34,0.0,14.44,40.021375925763245,41.512587546578416
2005-02-15,-8.75,-0.43,-15.68,0.0,15.63,40.021375925763245,41.512587546578416
2005-02-16,-6.61,0.27,-12.84,0.0,15.61,40.021375925763245,41.512587546578416
2005-02-17,-4.76,1.25,-10.23,0.0,14.88,40.021375925763245,41.512587546578416
2005-02-18,-3.91,1.61,-10.1,0.0,13.56,40.021375925763245,41.512587546578416
2005-02-19,-2.77,0.18,-6.12,3.72,10.25,40.021375925763245,41.512587546578416
2005-02-20,-2.03,0.52,-6.31,6.81,14.13,40.021375925763245,41.512587546578416
2005-02-21,-7.63,-3.16,-12.59,0.45,14.69,40.021375925763245,41.512587546578416
2005-02-22,-8.65,-2.04,-14.22,0.0,16.93,40.021375925763245,41.512587546578416
2005-02-23,-6.9,-1.17,-11.08,0.0,17.34,40.021375925763245,41.512587546578416
2005-02-24,-6.18,-0.58,-9.89,0.0,17.29,40.021375925763245,41.512587546578416
2005-02-25,-6.07,-1.08,-10.01,0.0,16.25,40.021375925763245,41.512587546578416
2005-02-26,-4.96,0.62,-9.58,0.09,16.2,40.021375925763245,41.512587546578416
2005-02-27,-3.71,0.18,-7.95,2.09,12.43,40.021375925763245,41.512587546578416
2005-02-28,-1.97,0.62,-4.54,2.78,11.94,40.021375925763245,41.512587546578416
2005-03-01,-1.1,1.2,-3.87,3.3,10.78,40.021375925763245,41.512587546578416
2005-03-02,-0.22,1.76,-2.78,1.28,7.12,40.021375925763245,41.512587546578416
2005-03-03,0.16,1.82,-2.17,2.66,4.09,40.021375925763245,41.512587546578416
2005-03-04,-4.1,0.19,-10.3,7.41,6.87,40.021375925763245,41.512587546578416
2005-03-05,-7.23,0.47,-15.06,0.04,16.84,40.021375925763245,41.512587546578416
2005-03-06,-3.91,0.12,-8.06,0.91,10.63,40.021375925763245,41.512587546578416
2005-03-07,-4.4,1.17,-9.53,0.23,16.18,40.021375925763245,41.512587546578416
2005-03-08,-2.85,1.07,-7.83,3.56,8.18,40.021375925763245,41.512587546578416
2005-03-09,-2.8,0.56,-9.6,4.52,9.67,40.021375925763245,41.512587546578416
2005-03-10,-5.33,-1.26,-9.41,5.44,6.21,40.021375925763245,41.512587546578416
2005-03-11,-7.02,-3.41,-13.47,2.78,13.61,40.021375925763245,41.512587546578416
2005-03-12,-8.05,-2.35,-13.72,2.58,10.27,40.021375925763245,41.512587546578416
2005-03-13,-7.96,-1.24,-13.62,0.0,21.22,40.021375925763245,41.512587546578416
2005-03-14,-6.81,0.28,-12.81,0.0,21.45,40.021375925763245,41.512587546578416
2005-03-15,-6.22,0.68,-12.66,0.0,20.6,40.021375925763245,41.512587546578416
2005-03-16,-6.04,1.1,-11.59,0.0,20.26,40.021375925763245,41.512587546578416
2005-03-17,-6.51,0.13,-11.84,0.0,20.2,40.021375925763245,41.512587546578416
2005-03-18,-3.18,3.03,-8.74,0.03,20.34,40.021375925763245,41.512587546578416
2005-03-19,-1.54,1.98,-4.48,0.37,18.7,40.021375925763245,41.512587546578416
2005-03-20,-2.63,0.72,-8.05,4.21,18.6,40.021375925763245,41.512587546578416
2005-03-21,-6.7,-1.17,-10.4,0.87,21.01,40.021375925763245,41.512587546578416
2005-03-22,-5.73,0.26,-11.86,1.15,20.93,40.021375925763245,41.512587546578416
2005-03-23,-7.57,-3.28,-14.49,0.75,19.81,40.021375925763245,41.512587546578416
2005-03-24,-12.91,-7.58,-18.2,0.8,21.4,40.021375925763245,41.512587546578416
2005-03-25,-11.99,-7.22,-15.57,0.81,21.42,40.021375925763245,41.512587546578416
2005-03-26,-8.22,0.29,-17.76,0.0,21.92,40.021375925763245,41.512587546578416
2005-03-27,-3.22,1.52,-9.2,0.23,19.56,40.021375925763245,41.512587546578416
2005-03-28,-0.2,3.01,-3.74,1.35,16.63,40.021375925763245,41.512587546578416
2005-03-29,1.12,3.2,-0.2,2.48,17.65,40.021375925763245,41.512587546578416
2005-03-30,0.99,3.32,-1.17,9.47,6.69,40.021375925763245,41.512587546578416
2005-03-31,1.46,3.99,-0.63,15.86,9.16,40.021375925763245,41.512587546578416
2005-04-01,1.78,4.71,-0.87,13.54,11.33,40.021375925763245,41.512587546578416
2005-04-02,-0.19,2.84,-2.99,4.5,11.63,40.021375925763245,41.512587546578416
2005-04-03,-2.45,1.18,-7.99,4.84,6.52,40.021375925763245,41.512587546578416
2005-04-04,-6.58,-0.75,-11.2,1.59,8.26,40.021375925763245,41.512587546578416
2005-04-05,-5.32,2.36,-12.57,0.12,18.26,40.021375925763245,41.512587546578416
2005-04-06,-2.64,4.78,-9.12,0.0,24.39,40.021375925763245,41.512587546578416
2005-04-07,-0.37,6.52,-6.73,0.0,25.14,40.021375925763245,41.512587546578416
2005-04-08,3.06,9.13,-3.06,0.0,19.73,40.021375925763245,41.512587546578416
2005-04-09,4.16,12.26,-0.49,0.0,20.44,40.021375925763245,41.512587546578416
2005-04-10,3.9,10.16,-1.48,0.01,21.14,40.021375925763245,41.512587546578416
2005-04-11,5.02,12.36,-0.46,0.0,25.15,40.021375925763245,41.512587546578416
2005-04-12,7.72,15.31,1.24,0.0,24.81,40.021375925763245,41.512587546578416
2005-04-13,9.3,17.51,2.78,0.0,24.12,40.021375925763245,41.512587546578416
2005-04-14,6.76,15.03,0.47,0.23,10.49,40.021375925763245,41.512587546578416
2005-04-15,5.97,11.49,1.36,5.99,13.79,40.021375925763245,41.512587546578416
2005-04-16,1.97,6.79,-3.1,0.41,14.08,40.021375925763245,41.512587546578416
2005-04-17,2.52,8.53,-2.8,0.63,19.23,40.021375925763245,41.512587546578416
2005-04-18,4.75,11.25,-2.35,0.02,13.58,40.021375925763245,41.512587546578416
2005-04-19,6.13,11.75,0.61,0.85,10.86,40.021375925763245,41.512587546578416
2005-04-20,5.95,13.5,-0.74,0.19,22.71,40.021375925763245,41.512587546578416
2005-04-21,7.08,15.47,0.75,0.0,25.47,40.021375925763245,41.512587546578416
2005-04-22,5.97,11.37,-0.49,0.46,9.93,40.021375925763245,41.512587546578416
2005-04-23,8.54,14.91,2.12,1.85,8.89,40.021375925763245,41.512587546578416
2005-04-24,6.31,10.03,4.01,17.79,5.95,40.021375925763245,41.512587546578416
2005-04-25,5.94,10.57,1.21,6.98,5.6,40.021375925763245,41.512587546578416
2005-04-26,4.4,10.76,-0.18,0.59,11.96,40.021375925763245,41.512587546578416
2005-04-27,5.39,13.31,-1.4,0.35,26.67,40.021375925763245,41.512587546578416
2005-04-28,3.76,9.78,-1.67,6.28,13.71,40.021375925763245,41.512587546578416
2005-04-29,4.54,11.02,-1.03,0.27,22.15,40.021375925763245,41.512587546578416
2005-04-30,5.48,12.24,-2.44,0.76,20.23,40.021375925763245,41.512587546578416
2005-05-01,4.99,9.94,0.69,0.97,16.08,40.021375925763245,41.512587546578416
2005-05-02,3.07,8.88,-2.27,2.78,18.23,40.021375925763245,41.512587546578416
2005-05-03,-0.86,1.94,-4.47,8.55,7.8,40.021375925763245,41.512587546578416
2005-05-04,0.63,7.48,-5.41,0.75,17.48,40.021375925763245,41.512587546578416
2005-05-05,1.94,8.13,-4.2,0.16,16.29,40.021375925763245,41.512587546578416
2005-05-06,4.77,12.82,-3.54,0.21,25.06,40.021375925763245,41.512587546578416
2005-05-07,8.46,15.5,2.02,2.09,24.37,40.021375925763245,41.512587546578416
2005-05-08,7.88,13.27,2.89,7.6,12.48,40.021375925763245,41.512587546578416
2005-05-09,5.37,9.72,1.76,4.86,13.51,40.021375925763245,41.512587546578416
2005-05-10,8.95,16.78,0.27,0.0,27.94,40.021375925763245,41.512587546578416
2005-05-11,10.51,17.7,3.37,0.0,26.79,40.021375925763245,41.512587546578416
2005-05-12,11.17,17.84,4.29,0.01,23.77,40.021375925763245,41.512587546578416
2005-05-13,10.86,16.56,6.22,1.13,22.06,40.021375925763245,41.512587546578416
2005-05-14,6.32,11.51,0.67,4.63,5.82,40.021375925763245,41.512587546578416
2005-05-15,5.44,12.23,-0.77,0.36,14.3,40.021375925763245,41.512587546578416
2005-05-16,8.19,14.04,2.08,0.05,19.5,40.021375925763245,41.512587546578416
2005-05-17,8.89,15.36,2.87,0.32,24.37,40.021375925763245,41.512587546578416
2005-05-18,7.71,11.79,3.4,0.01,23.7,40.021375925763245,41.512587546578416
2005-05-19,8.24,14.11,1.12,1.0,22.92,40.021375925763245,41.512587546578416
2005-05-20,10.65,18.61,1.78,0.0,28.67,40.021375925763245,41.512587546578416
2005-05-21,12.14,20.22,2.95,0.05,28.54,40.021375925763245,41.512587546578416
2005-05-22,11.86,16.03,7.35,4.59,21.43,40.021375925763245,41.512587546578416
2005-05-23,11.84,18.82,5.83,3.6,22.83,40.021375925763245,41.512587546578416
2005-05-24,9.79,15.53,4.4,11.31,14.95,40.021375925763245,41.512587546578416
2005-05-25,10.08,16.38,4.33,1.6,18.29,40.021375925763245,41.512587546578416
2005-05-26,9.89,15.36,4.56,4.06,14.5,40.021375925763245,41.512587546578416
2005-05-27,9.82,14.81,4.33,3.27,19.91,40.021375925763245,41.512587546578416
2005-05-28,10.52,16.34,4.28,1.64,23.27,40.021375925763245,41.512587546578416
2005-05-29,11.25,17.94,3.19,0.04,24.02,40.021375925763245,41.512587546578416
2005-05-30,10.05,14.74,3.9,0.1,18.31,40.021375925763245,41.512587546578416
2005-05-31,9.5,14.93,3.53,0.64,25.18,40.021375925763245,41.512587546578416
2005-06-01,8.64,14.01,4.01,4.51,17.61,40.021375925763245,41.512587546578416
2005-06-02,8.66,13.33,4.22,5.94,15.49,40.021375925763245,41.512587546578416
2005-06-03,8.02,14.03,1.9,2.11,11.42,40.021375925763245,41.512587546578416
2005-06-04,7.45,11.01,3.57,8.63,11.0,40.021375925763245,41.512587546578416
2005-06-05,7.29,11.74,4.13,13.85,8.13,40.021375925763245,41.512587546578416
2005-06-06,7.42,12.86,3.31,1.25,13.47,40.021375925763245,41.512587546578416
2005-06-07,9.66,17.6,0.17,0.01,31.83,40.021375925763245,41.512587546578416
2005-06-08,12.41,20.33,4.54,0.0,32.18,40.021375925763245,41.512587546578416
2005-06-09,13.92,21.23,4.52,0.0,31.78,40.021375925763245,41.512587546578416
2005-06-10,14.88,21.72,6.41,0.0,30.13,40.021375925763245,41.512587546578416
2005-06-11,15.97,22.52,9.64,0.03,26.38,40.021375925763245,41.512587546578416
2005-06-12,13.84,21.26,6.0,0.37,21.96,40.021375925763245,41.512587546578416
2005-06-13,12.26,19.15,4.97,1.78,18.04,40.021375925763245,41.512587546578416
2005-06-14,13.09,19.42,5.9,0.29,23.94,40.021375925763245,41.512587546578416
2005-06-15,13.47,19.73,5.89,1.32,18.38,40.021375925763245,41.512587546578416
2005-06-16,12.86,19.5,5.88,0.26,24.51,40.021375925763245,41.512587546578416
2005-06-17,11.64,19.8,4.47,0.0,28.43,40.021375925763245,41.512587546578416
2005-06-18,11.61,20.73,1.31,0.0,30.77,40.021375925763245,41.512587546578416
2005-06-19,13.58,21.38,6.18,0.0,30.83,40.021375925763245,41.512587546578416
2005-06-20,10.51,17.36,3.74,3.95,16.79,40.021375925763245,41.512587546578416
2005-06-21,9.53,17.53,1.86,0.19,22.22,40.021375925763245,41.512587546578416
2005-06-22,8.54,14.61,2.32,0.57,22.34,40.021375925763245,41.512587546578416
2005-06-23,8.06,16.69,-0.85,0.06,30.94,40.021375925763245,41.512587546578416
2005-06-24,12.22,21.96,1.51,0.01,32.13,40.021375925763245,41.512587546578416
2005-06-25,12.83,22.19,4.92,0.62,25.87,40.021375925763245,41.512587546578416
2005-06-26,9.71,15.59,5.71,1.78,9.82,40.021375925763245,41.512587546578416
2005-06-27,10.78,17.36,4.95,0.27,17.57,40.021375925763245,41.512587546578416
2005-06-28,13.59,21.04,5.91,0.01,27.88,40.021375925763245,41.512587546578416
2005-06-29,14.82,21.82,6.39,1.52,23.64,40.021375925763245,41.512587546578416
2005-06-30,14.34,20.62,7.57,0.68,23.7,40.021375925763245,41.512587546578416
2005-07-01,15.23,22.72,7.04,0.0,26.37,40.021375925763245,41.512587546578416
2005-07-02,15.41,21.96,8.59,1.07,27.47,40.021375925763245,41.512587546578416
2005-07-03,16.59,23.96,8.85,1.68,27.7,40.021375925763245,41.512587546578416
2005-07-04,17.98,25.9,9.41,0.3,28.34,40.021375925763245,41.512587546578416
2005-07-05,16.58,23.66,9.76,0.7,27.21,40.021375925763245,41.512587546578416
2005-07-06,13.11,19.77,8.13,3.04,18.64,40.021375925763245,41.512587546578416
2005-07-07,15.82,24.24,7.6,0.0,29.45,40.021375925763245,41.512587546578416
2005-07-08,18.14,26.55,8.97,0.01,28.17,40.021375925763245,41.512587546578416
2005-07-09,18.51,27.09,10.14,0.12,27.2,40.021375925763245,41.512587546578416
2005-07-10,18.33,26.6,10.7,0.0,27.0,40.021375925763245,41.512587546578416
2005-07-11,18.02,25.94,11.6,0.07,23.66,40.021375925763245,41.512587546578416
2005-07-12,17.43,27.36,8.42,0.0,30.55,40.021375925763245,41.512587546578416
2005-07-13,17.0,25.74,7.76,0.0,31.12,40.021375925763245,41.512587546578416
2005-07-14,19.66,27.9,11.32,0.0,28.87,40.021375925763245,41.512587546578416
2005-07-15,19.27,27.67,11.96,0.08,29.58,40.021375925763245,41.512587546578416
2005-07-16,17.41,25.07,9.65,0.07,29.91,40.021375925763245,41.512587546578416
2005-07-17,17.18,25.42,9.58,0.67,23.67,40.021375925763245,41.512587546578416
2005-07-18,16.55,26.35,7.7,0.0,27.11,40.021375925763245,41.512587546578416
2005-07-19,16.83,25.23,9.35,0.0,21.61,40.021375925763245,41.512587546578416
2005-07-20,17.61,26.63,9.23,0.0,27.46,40.021375925763245,41.512587546578416
2005-07-21,18.19,26.56,9.35,0.08,25.29,40.021375925763245,41.512587546578416
2005-07-22,19.23,27.87,10.33,0.01,25.37,40.021375925763245,41.512587546578416
2005-07-23,19.34,28.12,10.96,0.16,27.38,40.021375925763245,41.512587546578416
2005-07-24,19.2,27.07,10.66,2.95,26.59,40.021375925763245,41.512587546578416
2005-07-25,20.06,29.17,10.75,0.13,25.21,40.021375925763245,41.512587546578416
2005-07-26,19.16,28.66,11.21,0.27,22.34,40.021375925763245,41.512587546578416
2005-07-27,19.61,28.63,11.94,0.75,25.56,40.021375925763245,41.512587546578416
2005-07-28,20.18,29.96,12.15,4.67,23.29,40.021375925763245,41.512587546578416
2005-07-29,19.87,29.11,11.3,0.35,26.62,40.021375925763245,41.512587546578416
2005-07-30,20.66,29.14,11.59,0.0,26.56,40.021375925763245,41.512587546578416
2005-07-31,21.68,30.09,13.35,0.04,23.74,40.021375925763245,41.512587546578416
2005-08-01,20.3,28.15,12.48,0.35,22.05,40.021375925763245,41.512587546578416
2005-08-02,18.13,25.39,12.52,2.6,18.37,40.021375925763245,41.512587546578416
2005-08-03,15.98,21.07,11.47,2.71,15.54,40.021375925763245,41.512587546578416
2005-08-04,16.62,22.55,10.77,1.64,17.68,40.021375925763245,41.512587546578416
2005-08-05,19.06,26.3,12.63,0.0,19.84,40.021375925763245,41.512587546578416
2005-08-06,19.83,27.9,11.65,0.0,26.19,40.021375925763245,41.512587546578416
2005-08-07,20.87,27.87,13.28,0.01,23.31,40.021375925763245,41.512587546578416
2005-08-08,19.85,26.17,13.94,0.6,19.76,40.021375925763245,41.512587546578416
2005-08-09,19.99,29.02,12.15,0.03,25.74,40.021375925763245,41.512587546578416
2005-08-10,19.11,27.49,13.08,7.05,19.2,40.021375925763245,41.512587546578416
2005-08-11,15.9,21.74,11.1,4.94,19.53,40.021375925763245,41.512587546578416
2005-08-12,16.18,24.77,9.52,0.7,23.26,40.021375925763245,41.512587546578416
2005-08-13,17.7,27.13,9.86,0.01,25.0,40.021375925763245,41.512587546578416
2005-08-14,18.43,27.67,9.84,0.41,25.34,40.021375925763245,41.512587546578416
2005-08-15,19.11,28.06,11.18,0.0,27.39,40.021375925763245,41.512587546578416
2005-08-16,20.26,29.12,11.58,0.0,25.64,40.021375925763245,41.512587546578416
2005-08-17,21.82,30.26,13.65,0.0,24.07,40.021375925763245,41.512587546578416
2005-08-18,22.06,30.25,14.19,0.0,25.51,40.021375925763245,41.512587546578416
2005-08-19,20.91,30.28,13.08,0.01,25.7,40.021375925763245,41.512587546578416
2005-08-20,19.59,28.97,11.72,0.44,23.38,40.021375925763245,41.512587546578416
2005-08-21,17.2,25.82,10.83,3.16,15.42,40.021375925763245,41.512587546578416
2005-08-22,15.31,23.97,8.75,0.36,22.13,40.021375925763245,41.512587546578416
2005-08-23,18.03,27.98,7.99,0.0,26.81,40.021375925763245,41.512587546578416
2005-08-24,20.18,28.62,12.95,0.0,25.75,40.021375925763245,41.512587546578416
2005-08-25,20.38,28.56,14.08,0.01,24.01,40.021375925763245,41.512587546578416
2005-08-26,18.36,26.94,10.92,0.2,20.86,40.021375925763245,41.512587546578416
2005-08-27,18.32,26.59,10.65,0.49,18.92,40.021375925763245,41.512587546578416
2005-08-28,14.91,20.69,10.29,1.74,15.6,40.021375925763245,41.512587546578416
2005-08-29,14.52,22.17,9.11,0.3,19.39,40.021375925763245,41.512587546578416
2005-08-30,13.07,21.28,7.08,1.01,17.66,40.021375925763245,41.512587546578416
2005-08-31,13.26,21.33,6.98,0.37,20.65,40.021375925763245,41.512587546578416
2005-09-01,13.77,20.11,7.42,0.62,18.02,40.021375925763245,41.512587546578416
2005-09-02,13.86,21.42,8.26,1.1,12.59,40.021375925763245,41.512587546578416
2005-09-03,11.96,19.29,5.84,7.09,13.81,40.021375925763245,41.512587546578416
2005-09-04,9.89,16.59,4.29,3.66,9.98,40.021375925763245,41.512587546578416
2005-09-05,6.57,12.85,0.85,2.21,15.6,40.021375925763245,41.512587546578416
2005-09-06,7.55,17.63,-0.4,0.0,22.34,40.021375925763245,41.512587546578416
2005-09-07,10.82,21.84,0.13,0.0,23.96,40.021375925763245,41.512587546578416
2005-09-08,11.92,20.74,5.06,0.0,19.06,40.021375925763245,41.512587546578416
2005-09-09,13.15,23.04,5.76,0.02,17.17,40.021375925763245,41.512587546578416
2005-09-10,14.34,22.7,6.15,0.05,13.75,40.021375925763245,41.512587546578416
2005-09-11,13.2,21.48,7.38,0.24,18.68,40.021375925763245,41.512587546578416
2005-09-12,11.41,20.28,4.26,0.0,19.4,40.021375925763245,41.512587546578416
2005-09-13,11.73,20.58,4.9,0.0,20.14,40.021375925763245,41.512587546578416
2005-09-14,12.09,20.87,5.36,0.0,20.88,40.021375925763245,41.512587546578416
2005-09-15,13.92,23.2,5.39,0.0,20.8,40.021375925763245,41.512587546578416
2005-09-16,15.17,23.33,8.24,0.0,22.28,40.021375925763245,41.512587546578416
2005-09-17,15.95,24.18,10.19,0.0,19.19,40.021375925763245,41.512587546578416
2005-09-18,14.95,23.03,8.76,0.0,18.85,40.021375925763245,41.512587546578416
2005-09-19,14.27,22.69,7.3,0.0,18.37,40.021375925763245,41.512587546578416
2005-09-20,14.38,22.6,7.02,0.22,17.71,40.021375925763245,41.512587546578416
2005-09-21,14.54,22.12,8.57,0.03,18.97,40.021375925763245,41.512587546578416
2005-09-22,14.89,22.06,9.07,0.1,16.64,40.021375925763245,41.512587546578416
2005-09-23,12.58,21.57,5.99,0.01,20.84,40.021375925763245,41.512587546578416
2005-09-24,11.5,20.77,5.0,0.11,19.93,40.021375925763245,41.512587546578416
2005-09-25,10.48,17.72,4.21,1.24,15.21,40.021375925763245,41.512587546578416
2005-09-26,9.93,16.55,4.94,1.0,15.05,40.021375925763245,41.512587546578416
2005-09-27,10.31,17.5,4.01,0.03,17.09,40.021375925763245,41.512587546578416
2005-09-28,9.74,15.83,5.0,0.66,14.59,40.021375925763245,41.512587546578416
2005-09-29,8.85,14.71,4.82,1.85,14.85,40.021375925763245,41.512587546578416
2005-09-30,7.8,13.24,2.91,0.83,12.31,40.021375925763245,41.512587546578416
2005-10-01,10.07,17.06,4.02,0.0,15.45,40.021375925763245,41.512587546578416
2005-10-02,11.18,18.5,5.01,0.0,17.04,40.021375925763245,41.512587546578416
2005-10-03,9.87,17.85,3.96,4.14,12.91,40.021375925763245,41.512587546578416
2005-10-04,8.47,14.89,4.34,1.32,7.79,40.021375925763245,41.512587546578416
2005-10-05,5.84,13.63,0.54,0.81,16.01,40.021375925763245,41.512587546578416
2005-10-06,5.14,14.1,-1.05,0.35,15.78,40.021375925763245,41.512587546578416
2005-10-07,3.22,11.95,-3.48,0.95,11.81,40.021375925763245,41.512587546578416
2005-10-08,1.44,10.36,-5.51,0.57,15.96,40.021375925763245,41.512587546578416
2005-10-09,3.89,13.45,-3.54,0.0,17.14,40.021375925763245,41.512587546578416
2005-10-10,6.5,15.28,-0.53,0.0,17.67,40.021375925763245,41.512587546578416
2005-10-11,9.81,17.98,2.51,0.0,14.68,40.021375925763245,41.512587546578416
2005-10-12,10.82,18.59,3.78,0.0,11.48,40.021375925763245,41.512587546578416
2005-10-13,11.26,19.71,4.88,0.0,16.42,40.021375925763245,41.512587546578416
2005-10-14,11.36,17.53,7.47,1.09,8.33,40.021375925763245,41.512587546578416
2005-10-15,9.67,16.45,4.68,0.56,11.3,40.021375925763245,41.512587546578416
2005-10-16,7.1,13.24,1.11,4.55,9.48,40.021375925763245,41.512587546578416
2005-10-17,4.73,8.92,0.87,9.92,7.78,40.021375925763245,41.512587546578416
2005-10-18,4.83,10.08,0.64,0.81,6.32,40.021375925763245,41.512587546578416
2005-10-19,2.53,6.5,-2.99,21.68,1.85,40.021375925763245,41.512587546578416
2005-10-20,-3.29,-0.75,-6.42,2.8,3.86,40.021375925763245,41.512587546578416
2005-10-21,-3.7,2.06,-8.64,1.24,8.42,40.021375925763245,41.512587546578416
2005-10-22,-1.46,4.91,-7.06,0.01,11.98,40.021375925763245,41.512587546578416
2005-10-23,2.44,9.68,-3.36,0.0,12.71,40.021375925763245,41.512587546578416
2005-10-24,4.78,12.45,0.11,0.0,14.75,40.021375925763245,41.512587546578416
2005-10-25,3.56,11.59,-1.24,0.05,13.85,40.021375925763245,41.512587546578416
2005-10-26,4.65,13.0,-2.21,0.14,12.98,40.021375925763245,41.512587546578416
2005-10-27,5.59,13.23,0.25,0.05,13.8,40.021375925763245,41.512587546578416
2005-10-28,2.54,7.48,-0.99,5.21,5.71,40.021375925763245,41.512587546578416
2005-10-29,-1.56,0.76,-4.45,26.12,1.59,40.021375925763245,41.512587546578416
2005-10-30,0.95,4.82,-2.38,8.09,3.88,40.021375925763245,41.512587546578416
2005-10-31,1.93,7.24,-2.91,6.5,7.03,40.021375925763245,41.512587546578416
2005-11-01,-0.33,5.09,-4.55,0.7,10.66,40.021375925763245,41.512587546578416
2005-11-02,-0.1,7.02,-4.26,0.15,12.69,40.021375925763245,41.512587546578416
2005-11-03,-0.04,4.8,-3.76,0.95,9.9,40.021375925763245,41.512587546578416
2005-11-04,1.42,7.47,-2.85,0.01,12.41,40.021375925763245,41.512587546578416
2005-11-05,-0.39,2.76,-4.02,6.42,5.3,40.021375925763245,41.512587546578416
2005-11-06,-0.03,5.56,-4.45,0.28,5.74,40.021375925763245,41.512587546578416
2005-11-07,0.38,4.15,-1.62,0.64,5.96,40.021375925763245,41.512587546578416
2005-11-08,-1.3,2.84,-4.76,2.8,5.48,40.021375925763245,41.512587546578416
2005-11-09,-2.32,3.33,-5.37,0.19,10.77,40.021375925763245,41.512587546578416
2005-11-10,-1.45,5.71,-5.42,0.06,12.07,40.021375925763245,41.512587546578416
2005-11-11,-2.31,3.14,-6.0,0.95,10.65,40.021375925763245,41.512587546578416
2005-11-12,-3.64,1.16,-6.23,0.35,10.78,40.021375925763245,41.512587546578416
2005-11-13,-2.38,2.56,-6.23,0.02,11.04,40.021375925763245,41.512587546578416
2005-11-14,-0.89,3.93,-3.71,0.0,11.78,40.021375925763245,41.512587546578416
2005-11-15,-0.73,4.72,-5.55,0.0,11.24,40.021375925763245,41.512587546578416
2005-11-16,-0.64,4.52,-3.88,0.0,10.27,40.021375925763245,41.512587546578416
2005-11-17,-1.57,4.71,-5.42,0.0,10.9,40.021375925763245,41.512587546578416
2005-11-18,-2.2,4.25,-6.66,0.0,10.36,40.021375925763245,41.512587546578416
2005-11-19,-1.11,3.51,-3.84,0.16,8.29,40.021375925763245,41.512587546578416
2005-11-20,-1.36,2.5,-3.27,2.17,7.1,40.021375925763245,41.512587546578416
2005-11-21,-1.29,2.41,-5.21,9.48,2.77,40.021375925763245,41.512587546578416
2005-11-22,-5.82,-2.09,-9.91,1.52,7.36,40.021375925763245,41.512587546578416
2005-11-23,-8.04,-0.98,-12.71,0.31,10.57,40.021375925763245,41.512587546578416
2005-11-24,-3.85,2.91,-9.34,0.0,10.51,40.021375925763245,41.512587546578416
2005-11-25,-1.72,5.02,-5.7,0.0,9.63,40.021375925763245,41.512587546578416
2005-11-26,1.29,7.86,-2.33,0.0,7.06,40.021375925763245,41.512587546578416
2005-11-27,1.26,6.25,-0.79,0.0,3.74,40.021375925763245,41.512587546578416
2005-11-28,1.98,9.57,-1.62,0.0,9.89,40.021375925763245,41.512587546578416
2005-11-29,1.26,5.35,-0.98,0.27,5.15,40.021375925763245,41.512587546578416
2005-11-30,0.48,4.63,-2.39,2.86,7.63,40.021375925763245,41.512587546578416
2005-12-01,-0.07,6.32,-3.45,0.49,9.42,40.021375925763245,41.512587546578416
2005-12-02,2.13,8.56,-1.86,0.01,5.61,40.021375925763245,41.512587546578416
2005-12-03,1.94,7.69,-0.84,0.33,3.7,40.021375925763245,41.512587546578416
2005-12-04,1.37,8.07,-1.4,0.03,9.15,40.021375925763245,41.512587546578416
2005-12-05,1.15,6.48,-1.61,0.0,8.49,40.021375925763245,41.512587546578416
2005-12-06,0.16,7.11,-3.39,0.0,9.86,40.021375925763245,41.512587546578416
2005-12-07,0.19,8.03,-3.3,0.0,8.96,40.021375925763245,41.512587546578416
2005-12-08,1.06,8.69,-2.24,0.0,9.03,40.021375925763245,41.512587546578416
2005-12-09,1.55,8.09,-1.84,0.1,8.24,40.021375925763245,41.512587546578416
2005-12-10,1.51,7.75,-2.0,0.06,8.68,40.021375925763245,41.512587546578416
2005-12-11,1.9,7.72,-1.71,0.61,8.7,40.021375925763245,41.512587546578416
2005-12-12,-2.21,3.64,-5.54,0.58,7.45,40.021375925763245,41.512587546578416
2005-12-13,-1.93,5.99,-6.29,0.01,9.64,40.021375925763245,41.512587546578416
2005-12-14,-2.4,4.86,-6.24,0.0,9.5,40.021375925763245,41.512587546578416
2005-12-15,-1.99,3.94,-5.64,6.13,6.05,40.021375925763245,41.512587546578416
2005-12-16,-3.04,0.66,-7.35,13.8,2.01,40.021375925763245,41.512587546578416
2005-12-17,-3.85,-0.27,-7.41,2.18,6.15,40.021375925763245,41.512587546578416
2005-12-18,-3.79,0.77,-6.32,0.97,7.73,40.021375925763245,41.512587546578416
2005-12-19,-2.26,0.49,-4.51,1.37,4.08,40.021375925763245,41.512587546578416
2005-12-20,-3.78,0.34,-9.23,6.73,3.21,40.021375925763245,41.512587546578416
2005-12-21,-7.08,-1.13,-10.46,1.62,2.72,40.021375925763245,41.512587546578416
2005-12-22,-8.65,-3.29,-12.22,0.48,5.64,40.021375925763245,41.512587546578416
2005-12-23,-6.82,-2.39,-10.52,4.96,2.48,40.021375925763245,41.512587546578416
2005-12-24,-8.86,-4.98,-12.54,6.3,2.84,40.021375925763245,41.512587546578416
2005-12-25,-10.8,-6.67,-15.45,5.26,3.88,40.021375925763245,41.512587546578416
2005-12-26,-14.11,-8.3,-18.95,0.61,6.91,40.021375925763245,41.512587546578416
2005-12-27,-14.29,-6.61,-19.36,0.0,9.5,40.021375925763245,41.512587546578416
2005-12-28,-11.97,-4.64,-15.89,0.0,9.9,40.021375925763245,41.512587546578416
2005-12-29,-8.67,-1.59,-14.28,0.0,9.89,40.021375925763245,41.512587546578416
2005-12-30,-9.3,-1.56,-15.19,0.0,10.15,40.021375925763245,41.512587546578416
2005-12-31,-10.15,-2.58,-16.11,0.14,7.62,40.021375925763245,41.512587546578416
2006-01-01,-7.33,-0.71,-11.51,0.19,8.66,40.021375925763245,41.512587546578416
2006-01-02,-8.03,-2.91,-12.04,0.01,8.22,40.021375925763245,41.512587546578416
2006-01-03,-7.77,-0.63,-12.55,0.0,8.94,40.021375925763245,41.512587546578416
2006-01-04,-6.95,0.14,-10.4,0.0,9.1,40.021375925763245,41.512587546578416
2006-01-05,-5.98,-0.41,-10.77,1.15,8.15,40.021375925763245,41.512587546578416
2006-01-06,-5.8,-0.13,-9.29,1.6,6.5,40.021375925763245,41.512587546578416
2006-01-07,-6.09,-0.58,-9.44,0.93,7.79,40.021375925763245,41.512587546578416
2006-01-08,-7.56,-4.63,-9.57,1.11,6.74,40.021375925763245,41.512587546578416
2006-01-09,-11.23,-5.83,-15.4,0.39,7.26,40.021375925763245,41.512587546578416
2006-01-10,-11.81,-5.43,-16.38,0.64,7.26,40.021375925763245,41.512587546578416
2006-01-11,-9.35,-3.81,-13.82,1.62,7.97,40.021375925763245,41.512587546578416
2006-01-12,-10.73,-5.69,-15.08,0.03,6.91,40.021375925763245,41.512587546578416
2006-01-13,-9.17,-4.06,-12.41,0.29,8.83,40.021375925763245,41.512587546578416
2006-01-14,-12.42,-6.83,-16.13,0.57,8.28,40.021375925763245,41.512587546578416
2006-01-15,-14.85,-8.23,-20.35,0.43,9.41,40.021375925763245,41.512587546578416
2006-01-16,-15.24,-6.41,-20.39,0.06,10.6,40.021375925763245,41.512587546578416
2006-01-17,-15.54,-7.41,-19.76,0.03,10.75,40.021375925763245,41.512587546578416
2006-01-18,-15.18,-7.85,-19.7,0.08,10.85,40.021375925763245,41.512587546578416
2006-01-19,-12.96,-7.01,-18.81,0.27,10.01,40.021375925763245,41.512587546578416
2006-01-20,-10.26,-6.64,-16.63,6.44,8.11,40.021375925763245,41.512587546578416
2006-01-21,-19.87,-14.41,-25.45,0.97,11.27,40.021375925763245,41.512587546578416
2006-01-22,-13.78,-3.99,-22.64,0.09,9.51,40.021375925763245,41.512587546578416
2006-01-23,-11.52,-6.61,-15.98,8.6,8.02,40.021375925763245,41.512587546578416
2006-01-24,-11.39,-3.94,-16.78,2.83,10.41,40.021375925763245,41.512587546578416
2006-01-25,-7.47,-1.25,-13.72,5.19,8.22,40.021375925763245,41.512587546578416
2006-01-26,-7.78,-2.62,-14.13,4.36,10.13,40.021375925763245,41.512587546578416
2006-01-27,-11.51,-5.07,-16.45,2.37,9.28,40.021375925763245,41.512587546578416
2006-01-28,-15.08,-8.9,-19.64,0.83,9.95,40.021375925763245,41.512587546578416
2006-01-29,-15.37,-7.75,-20.03,0.2,11.95,40.021375925763245,41.512587546578416
2006-01-30,-15.77,-10.15,-20.16,0.33,11.62,40.021375925763245,41.512587546578416
2006-01-31,-15.96,-9.07,-20.86,0.3,11.29,40.021375925763245,41.512587546578416
2006-02-01,-13.33,-7.92,-18.58,0.71,10.02,40.021375925763245,41.512587546578416
2006-02-02,-9.52,-4.7,-18.24,2.99,5.29,40.021375925763245,41.512587546578416
2006-02-03,-5.8,-0.47,-10.67,1.92,7.14,40.021375925763245,41.512587546578416
2006-02-04,-8.31,-2.75,-15.42,0.63,9.94,40.021375925763245,41.512587546578416
2006-02-05,-10.95,-3.47,-16.75,0.54,12.3,40.021375925763245,41.512587546578416
2006-02-06,-7.93,-1.5,-13.41,1.86,7.68,40.021375925763245,41.512587546578416
2006-02-07,-7.01,-1.01,-11.39,1.95,5.65,40.021375925763245,41.512587546578416
2006-02-08,-6.18,-0.48,-10.96,2.78,7.4,40.021375925763245,41.512587546578416
2006-02-09,-7.93,-3.66,-12.63,7.25,4.9,40.021375925763245,41.512587546578416
2006-02-10,-9.29,-4.01,-14.78,0.13,9.79,40.021375925763245,41.512587546578416
2006-02-11,-6.4,-1.21,-11.12,0.27,8.65,40.021375925763245,41.512587546578416
2006-02-12,-7.82,-1.74,-12.56,1.3,6.97,40.021375925763245,41.512587546578416
2006-02-13,-6.26,-1.66,-10.43,7.88,8.18,40.021375925763245,41.512587546578416
2006-02-14,-7.82,-3.28,-11.43,4.0,7.88,40.021375925763245,41.512587546578416
2006-02-15,-8.73,-3.8,-15.48,4.87,6.88,40.021375925763245,41.512587546578416
2006-02-16,-15.49,-11.9,-19.77,3.45,9.86,40.021375925763245,41.512587546578416
2006-02-17,-18.16,-9.91,-22.85,0.05,16.19,40.021375925763245,41.512587546578416
2006-02-18,-12.86,-3.62,-22.73,0.17,15.0,40.021375925763245,41.512587546578416
2006-02-19,-10.19,-3.47,-14.93,1.8,14.4,40.021375925763245,41.512587546578416
2006-02-20,-6.22,-0.07,-14.62,0.0,15.12,40.021375925763245,41.512587546578416
2006-02-21,-6.65,-0.55,-11.68,0.0,17.06,40.021375925763245,41.512587546578416
2006-02-22,-6.83,0.14,-13.75,0.0,17.24,40.021375925763245,41.512587546578416
2006-02-23,-4.89,1.09,-8.7,0.0,17.14,40.021375925763245,41.512587546578416
2006-02-24,-5.92,0.98,-10.65,0.0,17.35,40.021375925763245,41.512587546578416
2006-02-25,-5.4,0.65,-10.06,0.0,14.14,40.021375925763245,41.512587546578416
2006-02-26,-4.41,0.77,-10.63,0.03,14.24,40.021375925763245,41.512587546578416
2006-02-27,-3.1,0.39,-6.14,0.13,13.98,40.021375925763245,41.512587546578416
2006-02-28,-2.6,1.12,-6.02,0.48,15.66,40.021375925763245,41.512587546578416
2006-03-01,-2.53,0.9,-5.96,1.22,9.71,40.021375925763245,41.512587546578416
2006-03-02,-4.35,0.46,-8.25,0.06,16.6,40.021375925763245,41.512587546578416
2006-03-03,-2.46,0.93,-6.15,2.24,10.8,40.021375925763245,41.512587546578416
2006-03-04,-7.45,-2.38,-12.59,0.59,17.89,40.021375925763245,41.512587546578416
2006-03-05,-5.77,1.43,-11.42,0.0,18.96,40.021375925763245,41.512587546578416
2006-03-06,-2.6,3.99,-8.11,0.0,17.96,40.021375925763245,41.512587546578416
2006-03-07,-2.32,4.01,-7.42,0.01,17.99,40.021375925763245,41.512587546578416
2006-03-08,-0.81,2.17,-4.08,7.99,6.16,40.021375925763245,41.512587546578416
2006-03-09,-1.3,0.77,-5.44,5.95,8.66,40.021375925763245,41.512587546578416
2006-03-10,-6.19,-2.92,-9.09,1.71,9.56,40.021375925763245,41.512587546578416
2006-03-11,-6.29,0.17,-11.43,0.0,17.6,40.021375925763245,41.512587546578416
2006-03-12,-3.79,2.86,-9.6,0.0,15.27,40.021375925763245,41.512587546578416
2006-03-13,-3.66,2.9,-9.19,0.0,16.2,40.021375925763245,41.512587546578416
2006-03-14,-2.28,4.24,-7.44,0.0,19.66,40.021375925763245,41.512587546578416
2006-03-15,-2.32,1.67,-5.76,3.35,10.03,40.021375925763245,41.512587546578416
2006-03-16,-3.22,0.74,-7.14,0.38,16.72,40.021375925763245,41.512587546578416
2006-03-17,-2.89,0.4,-5.52,1.6,19.08,40.021375925763245,41.512587546578416
2006-03-18,-3.99,-0.18,-8.02,2.86,15.48,40.021375925763245,41.512587546578416
2006-03-19,-3.64,0.32,-8.88,5.77,9.78,40.021375925763245,41.512587546578416
2006-03-20,-7.91,-3.32,-11.88,0.35,20.1,40.021375925763245,41.512587546578416
2006-03-21,-5.3,1.35,-12.39,0.28,21.69,40.021375925763245,41.512587546578416
2006-03-22,-2.02,2.25,-5.58,0.25,18.66,40.021375925763245,41.512587546578416
2006-03-23,-1.4,5.15,-6.41,0.0,21.79,40.021375925763245,41.512587546578416
2006-03-24,2.16,9.04,-3.66,0.13,18.86,40.021375925763245,41.512587546578416
2006-03-25,1.5,7.03,-2.18,3.73,17.31,40.021375925763245,41.512587546578416
2006-03-26,-0.88,2.92,-4.75,1.91,19.63,40.021375925763245,41.512587546578416
2006-03-27,-0.86,3.08,-3.93,2.05,20.72,40.021375925763245,41.512587546578416
2006-03-28,0.58,4.85,-3.94,0.01,22.8,40.021375925763245,41.512587546578416
2006-03-29,1.61,6.91,-2.25,0.02,23.83,40.021375925763245,41.512587546578416
2006-03-30,2.23,7.05,-2.32,0.01,21.58,40.021375925763245,41.512587546578416
2006-03-31,2.62,8.36,-1.48,1.22,20.8,40.021375925763245,41.512587546578416
2006-04-01,2.94,7.68,-0.68,2.28,17.82,40.021375925763245,41.512587546578416
2006-04-02,3.08,8.13,-0.66,0.95,14.87,40.021375925763245,41.512587546578416
2006-04-03,0.81,5.44,-2.26,8.47,9.84,40.021375925763245,41.512587546578416
2006-04-04,-0.14,4.45,-3.23,2.77,9.34,40.021375925763245,41.512587546578416
2006-04-05,-0.3,4.47,-3.98,6.32,11.91,40.021375925763245,41.512587546578416
2006-04-06,0.84,4.64,-2.78,0.8,16.98,40.021375925763245,41.512587546578416
2006-04-07,3.43,9.95,-2.16,0.0,18.79,40.021375925763245,41.512587546578416
2006-04-08,5.14,12.15,-0.36,0.3,21.38,40.021375925763245,41.512587546578416
2006-04-09,5.23,10.23,0.97,4.8,18.14,40.021375925763245,41.512587546578416
2006-04-10,6.32,14.05,0.1,0.08,22.32,40.021375925763245,41.512587546578416
2006-04-11,5.28,10.63,0.31,0.57,15.95,40.021375925763245,41.512587546578416
2006-04-12,6.25,12.06,1.36,0.01,19.29,40.021375925763245,41.512587546578416
2006-04-13,5.63,11.71,0.55,1.8,19.23,40.021375925763245,41.512587546578416
2006-04-14,6.19,12.65,0.94,0.52,19.57,40.021375925763245,41.512587546578416
2006-04-15,7.17,14.72,0.59,1.59,10.83,40.021375925763245,41.512587546578416
2006-04-16,6.65,13.39,1.11,9.8,14.42,40.021375925763245,41.512587546578416
2006-04-17,6.51,12.36,0.78,0.68,17.25,40.021375925763245,41.512587546578416
2006-04-18,5.71,12.82,0.24,0.24,20.65,40.021375925763245,41.512587546578416
2006-04-19,5.72,12.92,-1.26,0.02,21.82,40.021375925763245,41.512587546578416
2006-04-20,5.94,10.98,1.24,1.79,16.98,40.021375925763245,41.512587546578416
2006-04-21,6.36,10.72,1.93,3.24,17.02,40.021375925763245,41.512587546578416
2006-04-22,6.16,11.53,1.33,5.77,15.92,40.021375925763245,41.512587546578416
2006-04-23,5.19,11.47,-0.16,6.25,14.19,40.021375925763245,41.512587546578416
2006-04-24,5.99,13.66,-0.43,4.8,14.77,40.021375925763245,41.512587546578416
2006-04-25,0.71,6.48,-5.76,11.78,7.24,40.021375925763245,41.512587546578416
2006-04-26,-3.33,2.81,-7.55,1.86,9.56,40.021375925763245,41.512587546578416
2006-04-27,-0.94,6.39,-7.59,0.06,19.91,40.021375925763245,41.512587546578416
2006-04-28,0.59,5.97,-4.16,0.38,17.68,40.021375925763245,41.512587546578416
2006-04-29,2.58,7.17,-3.31,4.44,10.2,40.021375925763245,41.512587546578416
2006-04-30,5.13,10.3,1.38,7.15,15.24,40.021375925763245,41.512587546578416
2006-05-01,6.01,11.23,1.01,0.88,14.26,40.021375925763245,41.512587546578416
2006-05-02,6.34,11.76,2.71,2.62,11.81,40.021375925763245,41.512587546578416
2006-05-03,5.3,12.76,0.43,7.65,16.4,40.021375925763245,41.512587546578416
2006-05-04,5.86,12.77,-0.77,4.9,20.02,40.021375925763245,41.512587546578416
2006-05-05,6.74,13.33,0.34,6.98,14.94,40.021375925763245,41.512587546578416
2006-05-06,6.66,12.14,2.91,9.87,14.55,40.021375925763245,41.512587546578416
2006-05-07,7.8,12.63,3.98,1.73,10.17,40.021375925763245,41.512587546578416
2006-05-08,6.99,12.29,2.55,9.84,8.53,40.021375925763245,41.512587546578416
2006-05-09,6.4,12.25,-0.19,1.06,18.73,40.021375925763245,41.512587546578416
2006-05-10,5.72,12.92,-0.3,0.22,23.82,40.021375925763245,41.512587546578416
2006-05-11,6.65,13.81,-0.1,0.0,24.56,40.021375925763245,41.512587546578416
2006-05-12,8.49,16.53,0.79,0.0,27.06,40.021375925763245,41.512587546578416
2006-05-13,8.64,16.01,1.17,1.38,18.63,40.021375925763245,41.512587546578416
2006-05-14,5.59,12.11,-0.26,1.46,19.38,40.021375925763245,41.512587546578416
2006-05-15,6.61,14.06,-1.57,1.04,26.76,40.021375925763245,41.512587546578416
2006-05-16,9.48,16.75,2.91,0.04,28.78,40.021375925763245,41.512587546578416
2006-05-17,10.24,16.98,3.84,0.22,18.0,40.021375925763245,41.512587546578416
2006-05-18,6.6,11.67,2.0,0.78,16.91,40.021375925763245,41.512587546578416
2006-05-19,8.1,15.27,1.43,0.0,20.07,40.021375925763245,41.512587546578416
2006-05-20,9.37,15.91,2.67,0.12,24.34,40.021375925763245,41.512587546578416
2006-05-21,9.52,15.62,2.69,0.1,26.91,40.021375925763245,41.512587546578416
2006-05-22,10.03,15.78,4.98,0.01,28.63,40.021375925763245,41.512587546578416
2006-05-23,9.32,16.46,2.15,0.04,29.47,40.021375925763245,41.512587546578416
2006-05-24,11.06,19.17,2.17,0.0,30.16,40.021375925763245,41.512587546578416
2006-05-25,12.66,19.85,4.04,0.0,30.35,40.021375925763245,41.512587546578416
2006-05-26,13.26,20.42,5.68,0.0,30.12,40.021375925763245,41.512587546578416
2006-05-27,11.79,17.39,6.16,2.59,20.52,40.021375925763245,41.512587546578416
2006-05-28,8.21,13.83,3.57,1.17,21.41,40.021375925763245,41.512587546578416
2006-05-29,10.44,18.05,2.09,0.0,30.56,40.021375925763245,41.512587546578416
2006-05-30,14.57,20.62,8.12,0.0,30.52,40.021375925763245,41.512587546578416
2006-05-31,15.94,22.3,9.95,0.0,31.45,40.021375925763245,41.512587546578416
2006-06-01,17.67,23.44,12.16,0.2,28.52,40.021375925763245,41.512587546578416
2006-06-02,16.56,24.68,8.77,2.82,21.05,40.021375925763245,41.512587546578416
2006-06-03,15.64,23.23,7.68,0.0,30.1,40.021375925763245,41.512587546578416
2006-06-04,17.21,23.91,9.62,0.0,29.4,40.021375925763245,41.512587546578416
2006-06-05,18.0,24.29,11.82,0.06,30.87,40.021375925763245,41.512587546578416
2006-06-06,17.27,24.13,10.43,0.71,23.31,40.021375925763245,41.512587546578416
2006-06-07,16.26,23.34,8.5,0.11,25.71,40.021375925763245,41.512587546578416
2006-06-08,14.72,21.56,6.37,0.11,28.05,40.021375925763245,41.512587546578416
2006-06-09,13.45,20.83,6.19,0.0,29.98,40.021375925763245,41.512587546578416
2006-06-10,12.03,19.26,2.69,0.05,30.01,40.021375925763245,41.512587546578416
2006-06-11,13.78,21.22,6.35,0.26,30.55,40.021375925763245,41.512587546578416
2006-06-12,12.44,20.17,3.78,0.33,25.85,40.021375925763245,41.512587546578416
2006-06-13,14.14,22.36,5.52,0.0,31.06,40.021375925763245,41.512587546578416
2006-06-14,15.23,22.33,7.62,0.0,31.11,40.021375925763245,41.512587546578416
2006-06-15,14.18,21.49,6.9,0.01,31.35,40.021375925763245,41.512587546578416
2006-06-16,14.44,21.88,6.8,0.08,31.72,40.021375925763245,41.512587546578416
2006-06-17,13.31,21.94,4.46,0.69,30.33,40.021375925763245,41.512587546578416
2006-06-18,13.95,22.5,5.4,0.05,26.58,40.021375925763245,41.512587546578416
2006-06-19,14.31,21.9,6.81,0.0,28.19,40.021375925763245,41.512587546578416
2006-06-20,16.35,24.13,7.33,0.19,28.52,40.021375925763245,41.512587546578416
2006-06-21,17.44,24.83,8.83,0.03,29.34,40.021375925763245,41.512587546578416
2006-06-22,18.15,24.9,10.96,0.06,24.52,40.021375925763245,41.512587546578416
2006-06-23,17.52,26.0,8.95,0.07,22.56,40.021375925763245,41.512587546578416
2006-06-24,16.83,24.82,8.09,0.51,26.81,40.021375925763245,41.512587546578416
2006-06-25,16.99,25.18,8.36,0.79,23.71,40.021375925763245,41.512587546578416
2006-06-26,16.39,23.33,9.78,3.73,21.51,40.021375925763245,41.512587546578416
2006-06-27,16.29,23.12,9.8,0.34,24.37,40.021375925763245,41.512587546578416
2006-06-28,16.63,23.94,9.65,4.9,23.03,40.021375925763245,41.512587546578416
2006-06-29,16.37,22.82,9.95,0.28,23.53,40.021375925763245,41.512587546578416
2006-06-30,14.8,19.81,9.14,2.08,21.64,40.021375925763245,41.512587546578416
2006-07-01,14.47,19.66,9.67,2.96,16.7,40.021375925763245,41.512587546578416
2006-07-02,13.97,17.82,9.52,0.95,17.73,40.021375925763245,41.512587546578416
2006-07-03,13.16,19.61,7.78,6.0,16.22,40.021375925763245,41.512587546578416
2006-07-04,11.96,17.32,7.63,1.63,17.72,40.021375925763245,41.512587546578416
2006-07-05,14.49,21.29,7.79,0.45,18.16,40.021375925763245,41.512587546578416
2006-07-06,15.09,23.09,7.43,0.26,21.86,40.021375925763245,41.512587546578416
2006-07-07,14.96,22.38,8.6,0.84,20.26,40.021375925763245,41.512587546578416
2006-07-08,13.92,20.8,7.77,1.81,18.96,40.021375925763245,41.512587546578416
2006-07-09,15.12,23.35,7.05,0.0,25.7,40.021375925763245,41.512587546578416
2006-07-10,16.3,25.43,8.1,0.0,26.25,40.021375925763245,41.512587546578416
2006-07-11,16.86,25.37,8.86,0.0,24.36,40.021375925763245,41.512587546578416
2006-07-12,17.53,27.05,7.77,0.0,29.36,40.021375925763245,41.512587546578416
2006-07-13,18.22,27.1,8.0,0.0,29.36,40.021375925763245,41.512587546578416
2006-07-14,19.39,28.17,9.09,0.13,24.89,40.021375925763245,41.512587546578416
2006-07-15,16.86,24.19,10.4,1.24,18.29,40.021375925763245,41.512587546578416
2006-07-16,15.28,23.77,6.91,0.22,25.41,40.021375925763245,41.512587546578416
2006-07-17,17.09,24.9,8.61,0.08,26.34,40.021375925763245,41.512587546578416
2006-07-18,17.93,26.73,10.97,0.81,22.79,40.021375925763245,41.512587546578416
2006-07-19,16.69,27.32,9.66,0.55,20.32,40.021375925763245,41.512587546578416
2006-07-20,17.08,27.23,8.53,0.1,21.92,40.021375925763245,41.512587546578416
2006-07-21,19.89,30.38,10.74,0.02,21.66,40.021375925763245,41.512587546578416
2006-07-22,20.01,29.62,10.52,0.01,25.63,40.021375925763245,41.512587546578416
2006-07-23,19.59,28.81,10.13,0.1,28.52,40.021375925763245,41.512587546578416
2006-07-24,18.57,27.93,10.32,0.0,21.38,40.021375925763245,41.512587546578416
2006-07-25,17.15,25.45,8.92,0.0,22.32,40.021375925763245,41.512587546578416
2006-07-26,19.16,27.6,10.98,0.0,22.9,40.021375925763245,41.512587546578416
2006-07-27,19.39,28.28,11.42,0.08,21.8,40.021375925763245,41.512587546578416
2006-07-28,16.39,23.71,10.81,0.93,14.4,40.021375925763245,41.512587546578416
2006-07-29,12.0,16.89,7.32,5.67,14.08,40.021375925763245,41.512587546578416
2006-07-30,13.6,22.99,4.99,0.0,26.5,40.021375925763245,41.512587546578416
2006-07-31,16.98,26.18,6.77,0.0,28.89,40.021375925763245,41.512587546578416
2006-08-01,18.27,25.69,10.77,1.25,20.05,40.021375925763245,41.512587546578416
2006-08-02,18.3,25.73,10.6,0.02,20.02,40.021375925763245,41.512587546578416
2006-08-03,19.13,27.21,11.09,0.02,25.81,40.021375925763245,41.512587546578416
2006-08-04,20.12,28.33,11.36,0.0,26.39,40.021375925763245,41.512587546578416
2006-08-05,21.07,29.52,13.1,0.0,27.28,40.021375925763245,41.512587546578416
2006-08-06,20.48,29.61,12.34,0.0,28.55,40.021375925763245,41.512587546578416
2006-08-07,21.29,29.61,11.51,0.0,27.41,40.021375925763245,41.512587546578416
2006-08-08,22.75,30.79,15.59,0.0,21.35,40.021375925763245,41.512587546578416
2006-08-09,21.72,30.05,14.27,0.19,25.41,40.021375925763245,41.512587546578416
2006-08-10,20.1,30.0,10.83,0.0,25.76,40.021375925763245,41.512587546578416
2006-08-11,22.06,32.47,11.48,0.0,26.89,40.021375925763245,41.512587546578416
2006-08-12,24.06,32.78,15.84,0.0,25.02,40.021375925763245,41.512587546578416
2006-08-13,22.85,32.66,12.92,0.0,26.52,40.021375925763245,41.512587546578416
2006-08-14,22.0,32.07,12.66,0.0,27.15,40.021375925763245,41.512587546578416
2006-08-15,21.03,30.66,11.62,0.0,26.19,40.021375925763245,41.512587546578416
2006-08-16,20.82,29.89,12.31,0.0,24.7,40.021375925763245,41.512587546578416
2006-08-17,20.84,29.14,12.83,0.47,23.79,40.021375925763245,41.512587546578416
2006-08-18,17.1,22.05,12.83,0.69,16.38,40.021375925763245,41.512587546578416
2006-08-19,18.46,26.68,12.09,0.57,19.86,40.021375925763245,41.512587546578416
2006-08-20,17.98,26.25,11.05,0.01,18.21,40.021375925763245,41.512587546578416
2006-08-21,15.15,18.68,11.37,0.26,18.23,40.021375925763245,41.512587546578416
2006-08-22,18.01,25.94,10.04,0.02,23.35,40.021375925763245,41.512587546578416
2006-08-23,17.91,26.8,10.19,1.89,24.51,40.021375925763245,41.512587546578416
2006-08-24,19.15,28.28,10.43,0.1,23.56,40.021375925763245,41.512587546578416
2006-08-25,19.24,28.89,10.19,0.03,21.77,40.021375925763245,41.512587546578416
2006-08-26,20.25,27.49,14.39,0.14,18.54,40.021375925763245,41.512587546578416
2006-08-27,20.27,27.47,12.72,0.2,19.95,40.021375925763245,41.512587546578416
2006-08-28,20.24,29.15,13.43,0.0,22.21,40.021375925763245,41.512587546578416
2006-08-29,19.62,28.05,11.49,0.2,20.49,40.021375925763245,41.512587546578416
2006-08-30,20.49,28.93,11.36,0.07,24.27,40.021375925763245,41.512587546578416
2006-08-31,21.89,30.74,15.46,0.08,24.73,40.021375925763245,41.512587546578416
2006-09-01,20.19,29.75,12.08,0.09,20.73,40.021375925763245,41.512587546578416
2006-09-02,18.64,27.12,10.09,0.1,21.79,40.021375925763245,41.512587546578416
2006-09-03,17.2,25.48,10.11,1.37,22.85,40.021375925763245,41.512587546578416
2006-09-04,14.98,23.64,8.96,0.37,18.2,40.021375925763245,41.512587546578416
2006-09-05,13.65,21.61,7.9,0.13,19.85,40.021375925763245,41.512587546578416
2006-09-06,13.53,22.75,5.52,0.72,21.73,40.021375925763245,41.512587546578416
2006-09-07,10.53,19.24,3.74,0.48,22.1,40.021375925763245,41.512587546578416
2006-09-08,13.64,24.22,3.9,0.0,24.21,40.021375925763245,41.512587546578416
2006-09-09,15.23,24.18,8.49,0.0,23.43,40.021375925763245,41.512587546578416
2006-09-10,14.59,25.2,6.64,0.09,22.1,40.021375925763245,41.512587546578416
2006-09-11,15.08,24.28,7.47,0.21,19.71,40.021375925763245,41.512587546578416
2006-09-12,12.68,22.61,6.35,2.29,13.02,40.021375925763245,41.512587546578416
2006-09-13,10.84,19.48,4.49,0.21,18.54,40.021375925763245,41.512587546578416
2006-09-14,11.33,20.44,5.46,0.83,16.44,40.021375925763245,41.512587546578416
2006-09-15,8.72,15.27,3.11,0.36,14.11,40.021375925763245,41.512587546578416
2006-09-16,6.92,14.55,1.03,0.17,16.28,40.021375925763245,41.512587546578416
2006-09-17,7.73,16.92,0.68,0.23,22.05,40.021375925763245,41.512587546578416
2006-09-18,12.28,22.32,2.43,0.0,22.76,40.021375925763245,41.512587546578416
2006-09-19,14.1,22.59,8.03,0.0,22.47,40.021375925763245,41.512587546578416
2006-09-20,14.02,22.66,7.63,0.0,20.62,40.021375925763245,41.512587546578416
2006-09-21,12.48,20.92,6.17,0.12,16.96,40.021375925763245,41.512587546578416
2006-09-22,10.56,16.18,6.06,8.85,11.22,40.021375925763245,41.512587546578416
2006-09-23,10.15,15.23,6.36,4.64,12.57,40.021375925763245,41.512587546578416
2006-09-24,10.14,16.59,4.49,3.84,17.67,40.021375925763245,41.512587546578416
2006-09-25,10.62,17.76,4.43,0.13,14.28,40.021375925763245,41.512587546578416
2006-09-26,8.71,13.93,5.27,6.07,9.77,40.021375925763245,41.512587546578416
2006-09-27,8.83,15.84,4.18,0.61,11.94,40.021375925763245,41.512587546578416
2006-09-28,10.96,18.84,4.23,0.0,20.02,40.021375925763245,41.512587546578416
2006-09-29,11.79,18.92,6.07,1.27,14.28,40.021375925763245,41.512587546578416
2006-09-30,10.97,16.54,6.13,0.43,14.34,40.021375925763245,41.512587546578416
2006-10-01,11.03,18.16,6.13,1.61,9.67,40.021375925763245,41.512587546578416
2006-10-02,9.94,15.07,5.92,11.11,11.56,40.021375925763245,41.512587546578416
2006-10-03,10.45,15.77,6.41,16.84,4.13,40.021375925763245,41.512587546578416
2006-10-04,10.17,16.36,5.76,0.37,16.76,40.021375925763245,41.512587546578416
2006-10-05,9.89,18.64,3.27,0.01,19.09,40.021375925763245,41.512587546578416
2006-10-06,11.25,19.59,4.63,0.0,18.97,40.021375925763245,41.512587546578416
2006-10-07,11.64,19.81,5.06,0.0,18.79,40.021375925763245,41.512587546578416
2006-10-08,11.96,19.88,5.86,0.0,18.28,40.021375925763245,41.512587546578416
2006-10-09,11.43,18.53,6.36,0.0,15.57,40.021375925763245,41.512587546578416
2006-10-10,11.2,17.64,6.81,0.35,13.53,40.021375925763245,41.512587546578416
2006-10-11,9.29,16.1,4.99,0.96,12.44,40.021375925763245,41.512587546578416
2006-10-12,7.64,12.68,3.19,3.25,8.5,40.021375925763245,41.512587546578416
2006-10-13,6.81,13.5,2.09,3.22,8.12,40.021375925763245,41.512587546578416
2006-10-14,7.08,13.59,2.43,1.68,6.12,40.021375925763245,41.512587546578416
2006-10-15,5.87,9.2,2.65,11.51,7.66,40.021375925763245,41.512587546578416
2006-10-16,4.14,8.46,0.33,3.53,4.61,40.021375925763245,41.512587546578416
2006-10-17,4.81,9.87,0.09,3.68,7.48,40.021375925763245,41.512587546578416
2006-10-18,6.48,11.95,2.93,1.76,8.32,40.021375925763245,41.512587546578416
2006-10-19,7.37,14.25,2.38,1.16,13.83,40.021375925763245,41.512587546578416
2006-10-20,6.13,12.8,0.73,10.44,8.53,40.021375925763245,41.512587546578416
2006-10-21,5.31,9.46,1.63,3.01,10.1,40.021375925763245,41.512587546578416
2006-10-22,6.05,12.55,1.18,0.02,13.12,40.021375925763245,41.512587546578416
2006-10-23,6.07,12.24,2.04,0.0,10.7,40.021375925763245,41.512587546578416
2006-10-24,6.32,11.42,2.46,0.04,12.24,40.021375925763245,41.512587546578416
2006-10-25,6.66,13.1,2.59,0.99,13.06,40.021375925763245,41.512587546578416
2006-10-26,5.58,10.76,2.26,0.11,10.27,40.021375925763245,41.512587546578416
2006-10-27,4.71,9.6,1.02,0.8,7.32,40.021375925763245,41.512587546578416
2006-10-28,4.48,10.77,0.85,1.81,8.0,40.021375925763245,41.512587546578416
2006-10-29,4.27,9.65,0.96,5.21,4.45,40.021375925763245,41.512587546578416
2006-10-30,2.77,7.17,0.64,3.95,5.91,40.021375925763245,41.512587546578416
2006-10-31,3.91,9.37,0.38,0.65,6.99,40.021375925763245,41.512587546578416
2006-11-01,5.75,11.12,2.0,4.69,8.76,40.021375925763245,41.512587546578416
2006-11-02,3.94,6.98,0.13,10.18,6.24,40.021375925763245,41.512587546578416
2006-11-03,2.79,9.07,-1.69,0.88,9.34,40.021375925763245,41.512587546578416
2006-11-04,4.85,8.43,2.07,7.62,4.24,40.021375925763245,41.512587546578416
2006-11-05,2.68,6.64,-4.2,23.18,2.24,40.021375925763245,41.512587546578416
2006-11-06,-4.36,1.36,-8.28,0.17,8.68,40.021375925763245,41.512587546578416
2006-11-07,-5.96,-0.95,-8.79,0.08,9.12,40.021375925763245,41.512587546578416
2006-11-08,-5.18,-0.64,-8.72,1.25,8.04,40.021375925763245,41.512587546578416
2006-11-09,-2.3,3.3,-6.85,0.0,10.01,40.021375925763245,41.512587546578416
2006-11-10,-0.85,6.11,-4.23,0.0,10.66,40.021375925763245,41.512587546578416
2006-11-11,-2.09,4.71,-5.75,0.26,10.87,40.021375925763245,41.512587546578416
2006-11-12,-2.43,2.59,-5.68,1.56,7.62,40.021375925763245,41.512587546578416
2006-11-13,-1.14,4.41,-4.62,0.03,7.16,40.021375925763245,41.512587546578416
2006-11-14,-2.15,2.26,-6.57,3.84,2.83,40.021375925763245,41.512587546578416
2006-11-15,-5.32,-0.78,-8.05,0.9,6.4,40.021375925763245,41.512587546578416
2006-11-16,-4.51,1.3,-8.13,0.4,7.33,40.021375925763245,41.512587546578416
2006-11-17,-2.51,3.39,-7.34,0.5,5.78,40.021375925763245,41.512587546578416
2006-11-18,-3.1,0.32,-7.41,0.76,7.13,40.021375925763245,41.512587546578416
2006-11-19,-8.1,-3.91,-11.39,0.12,6.42,40.021375925763245,41.512587546578416
2006-11-20,-4.95,2.86,-11.73,0.0,8.6,40.021375925763245,41.512587546578416
2006-11-21,-1.72,5.5,-6.66,0.0,8.37,40.021375925763245,41.512587546578416
2006-11-22,-0.82,5.1,-3.98,0.0,7.84,40.021375925763245,41.512587546578416
2006-11-23,-1.21,4.53,-4.82,0.0,7.89,40.021375925763245,41.512587546578416
2006-11-24,-0.74,5.49,-4.25,0.0,8.69,40.021375925763245,41.512587546578416
2006-11-25,-1.72,4.73,-5.64,0.0,8.95,40.021375925763245,41.512587546578416
2006-11-26,-1.99,5.2,-6.21,0.0,8.55,40.021375925763245,41.512587546578416
2006-11-27,-2.97,2.9,-7.57,0.0,6.87,40.021375925763245,41.512587546578416
2006-11-28,-3.3,2.66,-7.48,0.26,7.79,40.021375925763245,41.512587546578416
2006-11-29,-4.77,0.59,-8.33,0.52,8.05,40.021375925763245,41.512587546578416
2006-11-30,-6.42,-0.7,-10.6,0.42,7.49,40.021375925763245,41.512587546578416
2006-12-01,-6.62,-0.02,-10.67,0.5,5.2,40.021375925763245,41.512587546578416
2006-12-02,-6.96,-1.93,-10.24,2.05,7.6,40.021375925763245,41.512587546578416
2006-12-03,-5.41,2.29,-10.82,0.04,10.07,40.021375925763245,41.512587546578416
2006-12-04,-2.93,4.18,-7.21,0.0,8.15,40.021375925763245,41.512587546578416
2006-12-05,-4.1,2.78,-8.3,0.0,9.84,40.021375925763245,41.512587546578416
2006-12-06,-4.26,2.1,-8.96,0.0,9.39,40.021375925763245,41.512587546578416
2006-12-07,-3.71,2.8,-7.8,0.0,9.01,40.021375925763245,41.512587546578416
2006-12-08,-3.92,2.72,-8.7,0.0,9.43,40.021375925763245,41.512587546578416
2006-12-09,-3.65,2.6,-7.1,0.0,9.49,40.021375925763245,41.512587546578416
2006-12-10,-3.28,3.57,-6.76,0.0,9.67,40.021375925763245,41.512587546578416
2006-12-11,-5.32,1.86,-10.14,0.0,9.28,40.021375925763245,41.512587546578416
2006-12-12,-3.55,2.72,-7.32,0.0,9.52,40.021375925763245,41.512587546578416
2006-12-13,-4.74,1.23,-8.85,0.01,8.9,40.021375925763245,41.512587546578416
2006-12-14,-6.22,-1.11,-9.98,1.0,8.19,40.021375925763245,41.512587546578416
2006-12-15,-8.44,-5.8,-12.09,1.45,7.23,40.021375925763245,41.512587546578416
2006-12-16,-7.59,0.14,-13.19,0.0,9.17,40.021375925763245,41.512587546578416
2006-12-17,-2.02,5.96,-7.08,0.0,9.49,40.021375925763245,41.512587546578416
2006-12-18,-0.07,6.75,-2.96,0.0,8.75,40.021375925763245,41.512587546578416
2006-12-19,0.34,7.22,-2.98,0.0,9.03,40.021375925763245,41.512587546578416
2006-12-20,-3.02,2.83,-6.33,0.0,7.96,40.021375925763245,41.512587546578416
2006-12-21,-3.61,1.41,-6.59,0.88,7.89,40.021375925763245,41.512587546578416
2006-12-22,-7.75,-5.11,-11.63,2.58,4.83,40.021375925763245,41.512587546578416
2006-12-23,-11.46,-5.49,-15.13,0.21,8.39,40.021375925763245,41.512587546578416
2006-12-24,-11.49,-5.97,-14.73,0.63,8.21,40.021375925763245,41.512587546578416
2006-12-25,-9.79,-1.63,-14.57,0.2,9.37,40.021375925763245,41.512587546578416
2006-12-26,-9.48,-7.36,-12.64,3.02,4.2,40.021375925763245,41.512587546578416
2006-12-27,-15.28,-13.01,-18.69,1.55,7.88,40.021375925763245,41.512587546578416
2006-12-28,-17.06,-11.34,-20.87,0.17,9.3,40.021375925763245,41.512587546578416
2006-12-29,-13.05,-4.82,-17.79,0.01,9.68,40.021375925763245,41.512587546578416
2006-12-30,-12.3,-5.69,-17.48,0.33,8.08,40.021375925763245,41.512587546578416
2006-12-31,-12.36,-6.67,-15.44,0.85,8.78,40.021375925763245,41.512587546578416
2007-01-01,-12.38,-3.47,-16.56,0.0,8.94,40.021375925763245,41.512587546578416
2007-01-02,-10.43,-3.1,-16.07,0.0,9.02,40.021375925763245,41.512587546578416
2007-01-03,-9.25,-0.8,-13.6,0.0,6.22,40.021375925763245,41.512587546578416
2007-01-04,-8.43,-1.03,-13.47,0.0,7.97,40.021375925763245,41.512587546578416
2007-01-05,-7.68,-3.35,-10.42,2.05,3.63,40.021375925763245,41.512587546578416
2007-01-06,-8.49,-4.42,-13.04,4.15,5.17,40.021375925763245,41.512587546578416
2007-01-07,-10.58,-5.42,-14.41,0.65,7.26,40.021375925763245,41.512587546578416
2007-01-08,-10.78,-4.52,-15.2,0.0,8.5,40.021375925763245,41.512587546578416
2007-01-09,-10.38,-4.01,-15.3,0.0,7.54,40.021375925763245,41.512587546578416
2007-01-10,-9.22,-2.44,-13.33,0.0,7.9,40.021375925763245,41.512587546578416
2007-01-11,-10.42,-3.57,-15.35,0.0,10.09,40.021375925763245,41.512587546578416
2007-01-12,-9.74,-1.61,-13.87,0.09,9.88,40.021375925763245,41.512587546578416
2007-01-13,-10.41,-1.97,-14.52,0.06,9.97,40.021375925763245,41.512587546578416
2007-01-14,-9.36,-3.6,-14.35,1.76,4.61,40.021375925763245,41.512587546578416
2007-01-15,-8.57,-2.77,-13.67,0.53,7.35,40.021375925763245,41.512587546578416
2007-01-16,-11.94,-8.41,-16.46,2.26,8.13,40.021375925763245,41.512587546578416
2007-01-17,-11.52,-5.65,-15.13,0.63,7.0,40.021375925763245,41.512587546578416
2007-01-18,-9.11,-1.03,-14.89,0.0,10.47,40.021375925763245,41.512587546578416
2007-01-19,-8.4,-2.45,-13.71,0.13,9.15,40.021375925763245,41.512587546578416
2007-01-20,-8.19,-4.37,-11.01,4.53,4.33,40.021375925763245,41.512587546578416
2007-01-21,-8.65,-4.32,-13.43,1.64,7.9,40.021375925763245,41.512587546578416
2007-01-22,-7.55,0.0,-13.6,0.0,10.8,40.021375925763245,41.512587546578416
2007-01-23,-4.91,2.07,-8.66,0.0,11.51,40.021375925763245,41.512587546578416
2007-01-24,-4.61,3.1,-8.8,0.0,10.34,40.021375925763245,41.512587546578416
2007-01-25,-4.71,3.5,-10.01,0.0,10.97,40.021375925763245,41.512587546578416
2007-01-26,-4.29,3.36,-9.1,0.0,8.14,40.021375925763245,41.512587546578416
2007-01-27,-4.72,2.12,-9.24,0.01,9.89,40.021375925763245,41.512587546578416
2007-01-28,-6.14,-2.1,-9.82,7.22,5.02,40.021375925763245,41.512587546578416
2007-01-29,-13.95,-10.07,-18.91,2.68,10.65,40.021375925763245,41.512587546578416
2007-01-30,-13.54,-8.41,-20.14,3.87,7.76,40.021375925763245,41.512587546578416
2007-01-31,-13.51,-10.71,-16.66,3.46,9.56,40.021375925763245,41.512587546578416
2007-02-01,-16.34,-9.55,-20.92,0.16,13.0,40.021375925763245,41.512587546578416
2007-02-02,-15.0,-7.21,-21.07,0.05,9.1,40.021375925763245,41.512587546578416
2007-02-03,-10.09,-2.92,-15.7,0.91,7.47,40.021375925763245,41.512587546578416
2007-02-04,-7.88,-2.06,-12.78,0.81,8.11,40.021375925763245,41.512587546578416
2007-02-05,-7.96,-2.68,-13.45,3.05,9.1,40.021375925763245,41.512587546578416
2007-02-06,-4.81,-1.62,-8.53,6.08,7.23,40.021375925763245,41.512587546578416
2007-02-07,-8.57,-2.87,-12.76,0.59,11.82,40.021375925763245,41.512587546578416
2007-02-08,-7.31,0.32,-13.08,0.0,13.18,40.021375925763245,41.512587546578416
2007-02-09,-6.36,0.16,-11.57,0.0,14.07,40.021375925763245,41.512587546578416
2007-02-10,-5.62,0.32,-9.37,0.0,13.63,40.021375925763245,41.512587546578416
2007-02-11,-5.58,1.29,-9.48,0.0,14.59,40.021375925763245,41.512587546578416
2007-02-12,-7.35,-0.03,-12.18,0.0,14.61,40.021375925763245,41.512587546578416
2007-02-13,-6.1,0.04,-10.39,0.05,13.74,40.021375925763245,41.512587546578416
2007-02-14,-6.45,0.46,-10.95,0.08,14.3,40.021375925763245,41.512587546578416
2007-02-15,-5.25,0.42,-11.13,1.53,10.81,40.021375925763245,41.512587546578416
2007-02-16,-4.43,-0.25,-8.0,1.87,12.46,40.021375925763245,41.512587546578416
2007-02-17,-6.16,0.2,-11.05,0.08,14.79,40.021375925763245,41.512587546578416
2007-02-18,-7.65,-2.04,-12.1,1.5,14.44,40.021375925763245,41.512587546578416
2007-02-19,-6.93,0.55,-12.24,0.0,16.23,40.021375925763245,41.512587546578416
2007-02-20,-6.72,0.33,-13.88,0.02,14.41,40.021375925763245,41.512587546578416
2007-02-21,-4.3,0.95,-8.91,0.57,13.72,40.021375925763245,41.512587546578416
2007-02-22,-3.89,0.81,-7.53,1.71,13.7,40.021375925763245,41.512587546578416
2007-02-23,-2.77,2.17,-8.12,1.13,12.52,40.021375925763245,41.512587546578416
2007-02-24,-6.4,-0.37,-21.31,8.38,14.69,40.021375925763245,41.512587546578416
2007-02-25,-16.34,-6.63,-24.33,0.23,18.15,40.021375925763245,41.512587546578416
2007-02-26,-9.68,0.23,-18.61,0.0,18.21,40.021375925763245,41.512587546578416
2007-02-27,-8.26,-0.54,-15.06,0.01,18.31,40.021375925763245,41.512587546578416
2007-02-28,-5.56,1.02,-11.34,0.13,15.75,40.021375925763245,41.512587546578416
2007-03-01,-4.15,0.68,-8.31,0.97,11.7,40.021375925763245,41.512587546578416
2007-03-02,-3.57,1.09,-7.66,1.12,12.27,40.021375925763245,41.512587546578416
2007-03-03,-2.97,3.04,-9.17,0.58,11.36,40.021375925763245,41.512587546578416
2007-03-04,-0.98,2.8,-3.49,2.61,12.33,40.021375925763245,41.512587546578416
2007-03-05,-0.66,2.62,-3.55,11.71,7.36,40.021375925763245,41.512587546578416
2007-03-06,-5.69,-2.74,-11.35,4.39,6.21,40.021375925763245,41.512587546578416
2007-03-07,-5.26,1.18,-11.94,0.11,10.68,40.021375925763245,41.512587546578416
2007-03-08,-3.12,2.81,-8.34,0.0,16.15,40.021375925763245,41.512587546578416
2007-03-09,-4.14,2.08,-8.34,0.0,14.62,40.021375925763245,41.512587546578416
2007-03-10,-2.85,4.37,-9.93,0.0,19.6,40.021375925763245,41.512587546578416
2007-03-11,0.45,6.74,-3.82,0.0,20.03,40.021375925763245,41.512587546578416
2007-03-12,-1.1,3.65,-4.04,0.2,15.74,40.021375925763245,41.512587546578416
2007-03-13,-1.91,2.66,-5.63,4.04,10.77,40.021375925763245,41.512587546578416
2007-03-14,-1.39,2.9,-5.41,1.3,12.3,40.021375925763245,41.512587546578416
2007-03-15,-2.01,1.19,-4.85,2.69,13.53,40.021375925763245,41.512587546578416
2007-03-16,-6.98,-3.64,-11.95,2.92,14.45,40.021375925763245,41.512587546578416
2007-03-17,-9.75,-5.28,-13.2,1.49,13.04,40.021375925763245,41.512587546578416
2007-03-18,-6.14,-0.54,-12.86,1.01,14.73,40.021375925763245,41.512587546578416
2007-03-19,-4.78,-0.49,-9.46,1.03,15.71,40.021375925763245,41.512587546578416
2007-03-20,-2.64,2.37,-7.71,0.07,18.22,40.021375925763245,41.512587546578416
2007-03-21,-1.25,3.31,-5.64,0.11,14.93,40.021375925763245,41.512587546578416
2007-03-22,-0.59,4.97,-4.61,0.0,18.69,40.021375925763245,41.512587546578416
2007-03-23,0.38,6.05,-4.85,0.0,19.31,40.021375925763245,41.512587546578416
2007-03-24,1.78,6.72,-1.27,3.96,7.56,40.021375925763245,41.512587546578416
2007-03-25,-1.11,2.67,-3.62,1.92,15.08,40.021375925763245,41.512587546578416
2007-03-26,-2.66,1.28,-5.73,1.42,14.07,40.021375925763245,41.512587546578416
2007-03-27,-3.45,1.37,-7.0,1.73,16.95,40.021375925763245,41.512587546578416
2007-03-28,-1.99,3.09,-6.18,0.65,16.54,40.021375925763245,41.512587546578416
2007-03-29,-3.12,-0.2,-5.29,0.78,17.31,40.021375925763245,41.512587546578416
2007-03-30,-2.19,2.32,-5.8,0.01,18.46,40.021375925763245,41.512587546578416
2007-03-31,-0.46,5.84,-5.09,0.03,19.77,40.021375925763245,41.512587546578416
2007-04-01,-0.6,2.24,-2.87,0.54,19.61,40.021375925763245,41.512587546578416
2007-04-02,-0.95,2.54,-3.78,1.54,11.63,40.021375925763245,41.512587546578416
2007-04-03,-2.4,0.66,-4.57,5.76,7.37,40.021375925763245,41.512587546578416
2007-04-04,-3.75,-0.21,-7.46,1.5,21.59,40.021375925763245,41.512587546578416
2007-04-05,-1.99,4.71,-8.63,0.68,24.17,40.021375925763245,41.512587546578416
2007-04-06,0.69,6.54,-2.88,2.62,10.15,40.021375925763245,41.512587546578416
2007-04-07,1.38,7.21,-3.04,0.44,22.86,40.021375925763245,41.512587546578416
2007-04-08,1.88,9.45,-4.05,0.02,24.82,40.021375925763245,41.512587546578416
2007-04-09,-0.74,4.59,-4.27,0.48,19.55,40.021375925763245,41.512587546578416
2007-04-10,0.43,6.1,-3.84,1.39,17.23,40.021375925763245,41.512587546578416
2007-04-11,1.62,6.87,-2.43,1.46,19.25,40.021375925763245,41.512587546578416
2007-04-12,-0.25,2.77,-2.61,6.13,20.18,40.021375925763245,41.512587546578416
2007-04-13,-0.14,4.37,-3.75,0.62,17.61,40.021375925763245,41.512587546578416
2007-04-14,-1.37,4.15,-6.65,2.01,20.12,40.021375925763245,41.512587546578416
2007-04-15,-1.75,3.67,-6.68,0.51,23.83,40.021375925763245,41.512587546578416
2007-04-16,-2.68,0.87,-5.46,1.44,18.95,40.021375925763245,41.512587546578416
2007-04-17,-1.46,3.43,-5.77,1.77,20.18,40.021375925763245,41.512587546578416
2007-04-18,-0.36,4.13,-3.39,14.36,12.17,40.021375925763245,41.512587546578416
2007-04-19,-2.52,1.9,-8.48,5.66,12.97,40.021375925763245,41.512587546578416
2007-04-20,-5.05,-1.03,-9.42,2.22,15.45,40.021375925763245,41.512587546578416
2007-04-21,-2.43,5.39,-11.06,0.12,29.23,40.021375925763245,41.512587546578416
2007-04-22,2.72,10.2,-3.61,0.02,27.95,40.021375925763245,41.512587546578416
2007-04-23,1.4,6.87,-5.11,3.99,22.46,40.021375925763245,41.512587546578416
2007-04-24,-2.89,2.91,-6.24,5.08,14.56,40.021375925763245,41.512587546578416
2007-04-25,0.13,7.31,-6.83,0.22,26.64,40.021375925763245,41.512587546578416
2007-04-26,3.65,10.39,-2.64,0.0,27.94,40.021375925763245,41.512587546578416
2007-04-27,3.8,7.62,-0.27,0.95,23.38,40.021375925763245,41.512587546578416
2007-04-28,4.53,10.34,-1.3,0.1,25.63,40.021375925763245,41.512587546578416
2007-04-29,4.32,10.19,-0.47,9.15,13.11,40.021375925763245,41.512587546578416
2007-04-30,1.71,5.48,-3.32,10.53,9.63,40.021375925763245,41.512587546578416
2007-05-01,3.12,9.97,-3.66,0.0,16.35,40.021375925763245,41.512587546578416
2007-05-02,5.14,10.46,-0.28,0.65,13.49,40.021375925763245,41.512587546578416
2007-05-03,4.92,10.47,-0.53,3.77,18.32,40.021375925763245,41.512587546578416
2007-05-04,3.66,10.91,-1.57,7.77,12.97,40.021375925763245,41.512587546578416
2007-05-05,6.82,14.23,-2.03,0.04,23.93,40.021375925763245,41.512587546578416
2007-05-06,9.63,17.09,1.87,0.0,25.54,40.021375925763245,41.512587546578416
2007-05-07,11.91,19.15,4.54,0.01,24.37,40.021375925763245,41.512587546578416
2007-05-08,11.8,19.54,4.26,0.28,25.24,40.021375925763245,41.512587546578416
2007-05-09,8.39,13.19,4.67,6.74,11.12,40.021375925763245,41.512587546578416
2007-05-10,8.98,16.11,3.75,0.03,19.99,40.021375925763245,41.512587546578416
2007-05-11,8.72,14.49,3.97,1.31,13.42,40.021375925763245,41.512587546578416
2007-05-12,9.25,15.16,2.68,2.7,12.96,40.021375925763245,41.512587546578416
2007-05-13,11.03,17.71,5.51,4.32,15.2,40.021375925763245,41.512587546578416
2007-05-14,8.23,15.3,0.18,3.38,22.23,40.021375925763245,41.512587546578416
2007-05-15,7.53,16.87,-2.14,0.0,27.42,40.021375925763245,41.512587546578416
2007-05-16,10.16,19.35,0.64,0.0,28.16,40.021375925763245,41.512587546578416
2007-05-17,10.19,19.1,1.14,0.01,27.45,40.021375925763245,41.512587546578416
2007-05-18,10.27,18.0,3.1,0.36,26.77,40.021375925763245,41.512587546578416
2007-05-19,9.58,15.87,3.29,0.25,21.52,40.021375925763245,41.512587546578416
2007-05-20,11.01,17.04,4.76,0.0,22.78,40.021375925763245,41.512587546578416
2007-05-21,13.39,20.53,5.41,0.01,25.82,40.021375925763245,41.512587546578416
2007-05-22,13.96,20.63,6.34,0.01,26.2,40.021375925763245,41.512587546578416
2007-05-23,12.82,20.66,5.93,0.23,21.19,40.021375925763245,41.512587546578416
2007-05-24,14.29,22.58,5.93,0.19,23.26,40.021375925763245,41.512587546578416
2007-05-25,12.52,19.44,7.09,2.79,15.5,40.021375925763245,41.512587546578416
2007-05-26,13.98,23.11,5.47,0.4,20.04,40.021375925763245,41.512587546578416
2007-05-27,12.55,19.45,6.88,4.67,15.01,40.021375925763245,41.512587546578416
2007-05-28,13.26,19.27,7.6,1.19,21.69,40.021375925763245,41.512587546578416
2007-05-29,13.56,20.5,5.61,0.03,25.81,40.021375925763245,41.512587546578416
2007-05-30,12.53,17.62,8.25,2.08,24.66,40.021375925763245,41.512587546578416
2007-05-31,11.33,15.45,7.31,10.86,17.93,40.021375925763245,41.512587546578416
2007-06-01,12.49,17.48,5.93,0.83,22.17,40.021375925763245,41.512587546578416
2007-06-02,12.72,19.14,7.51,1.62,19.9,40.021375925763245,41.512587546578416
2007-06-03,10.51,15.66,6.22,2.83,21.47,40.021375925763245,41.512587546578416
2007-06-04,11.39,19.53,3.78,0.42,27.13,40.021375925763245,41.512587546578416
2007-06-05,11.47,19.44,4.09,0.0,29.99,40.021375925763245,41.512587546578416
2007-06-06,12.81,20.28,4.48,0.0,30.05,40.021375925763245,41.512587546578416
2007-06-07,13.93,20.67,7.64,0.23,25.0,40.021375925763245,41.512587546578416
2007-06-08,12.41,19.25,4.65,0.22,26.92,40.021375925763245,41.512587546578416
2007-06-09,11.65,18.36,5.17,5.49,20.15,40.021375925763245,41.512587546578416
2007-06-10,11.45,16.52,6.62,8.01,19.38,40.021375925763245,41.512587546578416
2007-06-11,11.04,15.95,4.23,6.37,16.3,40.021375925763245,41.512587546578416
2007-06-12,11.42,17.94,5.93,3.76,18.64,40.021375925763245,41.512587546578416
2007-06-13,12.37,20.18,4.14,0.13,27.01,40.021375925763245,41.512587546578416
2007-06-14,15.03,22.86,5.83,3.27,29.13,40.021375925763245,41.512587546578416
2007-06-15,15.51,22.91,7.75,0.02,26.96,40.021375925763245,41.512587546578416
2007-06-16,16.4,23.64,8.65,1.22,27.03,40.021375925763245,41.512587546578416
2007-06-17,15.23,21.59,8.48,4.37,21.76,40.021375925763245,41.512587546578416
2007-06-18,14.11,20.09,8.89,3.59,22.91,40.021375925763245,41.512587546578416
2007-06-19,9.48,13.56,6.54,0.76,8.01,40.021375925763245,41.512587546578416
2007-06-20,10.78,17.54,4.77,0.41,20.05,40.021375925763245,41.512587546578416
2007-06-21,10.4,16.79,4.15,1.15,19.36,40.021375925763245,41.512587546578416
2007-06-22,9.93,17.09,3.49,0.14,27.56,40.021375925763245,41.512587546578416
2007-06-23,13.31,22.89,2.73,0.0,32.64,40.021375925763245,41.512587546578416
2007-06-24,14.43,22.36,6.86,0.0,32.35,40.021375925763245,41.512587546578416
2007-06-25,11.47,18.29,4.96,0.77,25.25,40.021375925763245,41.512587546578416
2007-06-26,10.8,19.26,1.29,0.0,31.48,40.021375925763245,41.512587546578416
2007-06-27,14.02,23.22,3.65,0.0,32.11,40.021375925763245,41.512587546578416
2007-06-28,15.63,24.14,6.36,0.0,31.86,40.021375925763245,41.512587546578416
2007-06-29,16.03,23.12,9.19,0.02,26.3,40.021375925763245,41.512587546578416
2007-06-30,14.28,21.23,8.42,2.16,18.65,40.021375925763245,41.512587546578416
2007-07-01,13.29,20.66,7.47,3.52,18.02,40.021375925763245,41.512587546578416
2007-07-02,14.42,22.28,7.28,0.54,22.64,40.021375925763245,41.512587546578416
2007-07-03,13.88,20.18,8.49,0.41,23.4,40.021375925763245,41.512587546578416
2007-07-04,15.74,23.64,7.71,0.0,28.9,40.021375925763245,41.512587546578416
2007-07-05,18.34,25.74,10.19,0.0,29.87,40.021375925763245,41.512587546578416
2007-07-06,19.24,26.72,10.84,0.0,31.83,40.021375925763245,41.512587546578416
2007-07-07,15.44,23.08,6.99,4.11,19.7,40.021375925763245,41.512587546578416
2007-07-08,12.54,20.59,5.16,0.01,29.17,40.021375925763245,41.512587546578416
2007-07-09,13.27,21.52,6.54,0.0,29.97,40.021375925763245,41.512587546578416
2007-07-10,16.03,25.86,6.43,0.0,31.55,40.021375925763245,41.512587546578416
2007-07-11,18.45,26.99,9.03,0.0,27.47,40.021375925763245,41.512587546578416
2007-07-12,19.43,27.73,10.86,0.0,28.81,40.021375925763245,41.512587546578416
2007-07-13,20.13,28.21,10.91,0.48,26.66,40.021375925763245,41.512587546578416
2007-07-14,17.41,24.67,11.15,6.05,18.12,40.021375925763245,41.512587546578416
2007-07-15,12.79,17.79,7.97,2.23,11.57,40.021375925763245,41.512587546578416
2007-07-16,7.76,12.78,2.7,8.91,6.12,40.021375925763245,41.512587546578416
2007-07-17,9.21,15.65,2.86,5.15,13.79,40.021375925763245,41.512587546578416
2007-07-18,11.82,18.28,5.7,0.05,20.91,40.021375925763245,41.512587546578416
2007-07-19,14.51,22.67,6.79,0.0,28.08,40.021375925763245,41.512587546578416
2007-07-20,16.22,24.65,6.8,0.0,27.69,40.021375925763245,41.512587546578416
2007-07-21,16.3,22.67,9.8,0.02,24.56,40.021375925763245,41.512587546578416
2007-07-22,16.46,23.15,8.64,0.0,26.26,40.021375925763245,41.512587546578416
2007-07-23,16.98,24.51,9.43,0.0,27.48,40.021375925763245,41.512587546578416
2007-07-24,17.98,26.14,9.11,0.0,28.04,40.021375925763245,41.512587546578416
2007-07-25,19.63,27.8,10.56,0.0,28.96,40.021375925763245,41.512587546578416
2007-07-26,20.32,28.05,13.13,1.12,20.65,40.021375925763245,41.512587546578416
2007-07-27,18.29,26.09,11.27,0.0,27.09,40.021375925763245,41.512587546578416
2007-07-28,17.28,25.99,8.93,0.0,28.03,40.021375925763245,41.512587546578416
2007-07-29,17.78,26.7,9.2,0.0,27.63,40.021375925763245,41.512587546578416
2007-07-30,20.3,28.34,11.23,0.0,27.83,40.021375925763245,41.512587546578416
2007-07-31,21.29,28.62,12.96,0.01,23.2,40.021375925763245,41.512587546578416
2007-08-01,20.64,28.08,12.91,0.01,21.56,40.021375925763245,41.512587546578416
2007-08-02,19.69,27.3,12.16,1.31,19.69,40.021375925763245,41.512587546578416
2007-08-03,16.66,22.6,11.56,4.49,21.69,40.021375925763245,41.512587546578416
2007-08-04,17.1,25.15,10.09,0.03,24.55,40.021375925763245,41.512587546578416
2007-08-05,18.36,26.42,9.79,0.03,25.92,40.021375925763245,41.512587546578416
2007-08-06,19.08,26.02,11.38,2.0,22.9,40.021375925763245,41.512587546578416
2007-08-07,20.42,28.07,13.19,0.1,24.2,40.021375925763245,41.512587546578416
2007-08-08,20.39,29.03,11.67,0.18,24.33,40.021375925763245,41.512587546578416
2007-08-09,19.74,28.61,12.29,2.79,23.12,40.021375925763245,41.512587546578416
2007-08-10,19.41,28.42,11.18,0.32,25.82,40.021375925763245,41.512587546578416
2007-08-11,20.07,29.4,10.82,0.39,23.66,40.021375925763245,41.512587546578416
2007-08-12,21.38,29.41,12.86,0.0,27.3,40.021375925763245,41.512587546578416
2007-08-13,22.26,30.25,15.96,0.02,26.71,40.021375925763245,41.512587546578416
2007-08-14,20.22,29.29,12.03,0.06,22.37,40.021375925763245,41.512587546578416
2007-08-15,19.72,29.08,11.57,0.25,22.88,40.021375925763245,41.512587546578416
2007-08-16,17.9,25.09,12.11,1.3,21.01,40.021375925763245,41.512587546578416
2007-08-17,15.06,20.71,10.43,7.22,8.22,40.021375925763245,41.512587546578416
2007-08-18,14.65,20.4,9.91,0.62,17.22,40.021375925763245,41.512587546578416
2007-08-19,15.21,21.58,9.26,0.02,19.59,40.021375925763245,41.512587546578416
2007-08-20,15.96,23.4,8.84,1.14,17.91,40.021375925763245,41.512587546578416
2007-08-21,16.58,23.67,10.51,0.07,24.01,40.021375925763245,41.512587546578416
2007-08-22,16.32,23.68,10.32,0.73,23.59,40.021375925763245,41.512587546578416
2007-08-23,14.12,18.65,10.24,2.29,14.1,40.021375925763245,41.512587546578416
2007-08-24,14.99,21.53,8.75,1.37,16.88,40.021375925763245,41.512587546578416
2007-08-25,17.06,25.59,8.25,0.16,19.84,40.021375925763245,41.512587546578416
2007-08-26,16.24,22.99,11.09,2.18,18.42,40.021375925763245,41.512587546578416
2007-08-27,16.34,25.16,9.18,2.18,17.69,40.021375925763245,41.512587546578416
2007-08-28,15.8,22.31,8.97,2.43,21.99,40.021375925763245,41.512587546578416
2007-08-29,14.52,19.59,9.9,10.27,15.4,40.021375925763245,41.512587546578416
2007-08-30,14.53,21.41,9.05,0.02,18.94,40.021375925763245,41.512587546578416
2007-08-31,14.82,23.5,8.4,0.01,24.31,40.021375925763245,41.512587546578416
2007-09-01,15.08,24.14,7.61,0.0,25.43,40.021375925763245,41.512587546578416
2007-09-02,17.7,26.43,7.77,0.0,24.42,40.021375925763245,41.512587546578416
2007-09-03,19.0,26.59,10.9,0.0,18.67,40.021375925763245,41.512587546578416
2007-09-04,19.75,27.48,13.58,0.0,18.86,40.021375925763245,41.512587546578416
2007-09-05,19.68,26.92,12.91,0.0,23.57,40.021375925763245,41.512587546578416
2007-09-06,19.49,27.9,12.41,0.04,22.5,40.021375925763245,41.512587546578416
2007-09-07,18.42,28.18,9.33,0.0,22.78,40.021375925763245,41.512587546578416
2007-09-08,18.15,27.82,10.07,0.0,23.62,40.021375925763245,41.512587546578416
2007-09-09,15.41,24.81,8.85,2.08,22.95,40.021375925763245,41.512587546578416
2007-09-10,13.33,21.58,6.05,1.91,21.56,40.021375925763245,41.512587546578416
2007-09-11,14.25,23.51,6.39,0.0,23.44,40.021375925763245,41.512587546578416
2007-09-12,15.66,23.72,8.48,0.0,23.55,40.021375925763245,41.512587546578416
2007-09-13,15.61,23.53,9.51,0.56,22.66,40.021375925763245,41.512587546578416
2007-09-14,10.89,18.51,5.34,4.71,17.56,40.021375925763245,41.512587546578416
2007-09-15,12.59,21.96,4.24,0.23,23.17,40.021375925763245,41.512587546578416
2007-09-16,12.71,21.58,6.7,3.95,21.51,40.021375925763245,41.512587546578416
2007-09-17,8.15,15.9,1.44,2.15,21.04,40.021375925763245,41.512587546578416
2007-09-18,9.47,20.73,-0.69,0.0,23.01,40.021375925763245,41.512587546578416
2007-09-19,13.27,22.1,5.2,0.0,22.34,40.021375925763245,41.512587546578416
2007-09-20,14.28,22.03,7.91,0.0,22.12,40.021375925763245,41.512587546578416
2007-09-21,15.13,23.47,7.94,0.0,21.78,40.021375925763245,41.512587546578416
2007-09-22,14.07,23.54,5.31,0.18,20.73,40.021375925763245,41.512587546578416
2007-09-23,13.74,23.34,5.63,1.04,19.7,40.021375925763245,41.512587546578416
2007-09-24,13.07,21.74,5.59,0.81,15.43,40.021375925763245,41.512587546578416
2007-09-25,11.32,18.51,6.32,3.13,13.72,40.021375925763245,41.512587546578416
2007-09-26,10.55,18.58,4.85,0.45,17.37,40.021375925763245,41.512587546578416
2007-09-27,11.34,20.64,4.16,0.0,20.15,40.021375925763245,41.512587546578416
2007-09-28,11.79,20.77,5.97,0.0,20.3,40.021375925763245,41.512587546578416
2007-09-29,10.2,19.27,2.69,0.0,19.29,40.021375925763245,41.512587546578416
2007-09-30,11.12,19.9,2.69,0.0,17.99,40.021375925763245,41.512587546578416
2007-10-01,12.78,19.85,5.67,0.0,16.97,40.021375925763245,41.512587546578416
2007-10-02,12.23,18.5,6.85,0.16,14.88,40.021375925763245,41.512587546578416
2007-10-03,13.56,20.2,8.14,0.0,16.12,40.021375925763245,41.512587546578416
2007-10-04,12.49,19.29,7.52,0.01,14.17,40.021375925763245,41.512587546578416
2007-10-05,11.08,19.63,5.87,0.3,12.03,40.021375925763245,41.512587546578416
2007-10-06,9.24,14.61,5.24,3.65,10.68,40.021375925763245,41.512587546578416
2007-10-07,9.35,15.71,4.75,0.02,13.91,40.021375925763245,41.512587546578416
2007-10-08,9.75,17.94,4.43,0.06,17.24,40.021375925763245,41.512587546578416
2007-10-09,10.45,18.23,2.64,0.0,16.76,40.021375925763245,41.512587546578416
2007-10-10,11.11,18.1,6.01,0.01,14.63,40.021375925763245,41.512587546578416
2007-10-11,10.1,16.94,4.31,0.0,13.62,40.021375925763245,41.512587546578416
2007-10-12,10.18,16.88,5.37,0.0,14.87,40.021375925763245,41.512587546578416
2007-10-13,10.15,17.57,3.67,0.13,13.89,40.021375925763245,41.512587546578416
2007-10-14,9.9,15.0,5.28,3.95,8.62,40.021375925763245,41.512587546578416
2007-10-15,9.41,14.87,5.37,4.04,11.08,40.021375925763245,41.512587546578416
2007-10-16,5.55,11.88,-1.29,13.66,4.52,40.021375925763245,41.512587546578416
2007-10-17,-0.25,5.24,-5.64,2.71,9.8,40.021375925763245,41.512587546578416
2007-10-18,2.45,11.4,-4.49,0.0,13.99,40.021375925763245,41.512587546578416
2007-10-19,4.22,13.01,-0.78,0.0,15.03,40.021375925763245,41.512587546578416
2007-10-20,5.52,13.52,-0.13,0.51,11.88,40.021375925763245,41.512587546578416
2007-10-21,6.71,14.08,1.52,0.0,14.21,40.021375925763245,41.512587546578416
2007-10-22,8.0,13.8,3.16,0.24,12.29,40.021375925763245,41.512587546578416
2007-10-23,7.92,13.79,4.17,0.0,8.66,40.021375925763245,41.512587546578416
2007-10-24,8.6,16.23,3.57,0.0,12.98,40.021375925763245,41.512587546578416
2007-10-25,9.42,15.49,4.75,0.14,9.36,40.021375925763245,41.512587546578416
2007-10-26,7.7,13.02,2.77,5.77,9.43,40.021375925763245,41.512587546578416
2007-10-27,3.18,8.59,-0.55,5.83,9.79,40.021375925763245,41.512587546578416
2007-10-28,3.2,10.24,-2.34,0.0,10.66,40.021375925763245,41.512587546578416
2007-10-29,4.69,11.61,-0.91,0.03,12.46,40.021375925763245,41.512587546578416
2007-10-30,3.45,9.72,-1.54,6.02,6.14,40.021375925763245,41.512587546578416
2007-10-31,1.01,3.55,-2.23,10.98,3.85,40.021375925763245,41.512587546578416
2007-11-01,1.7,8.79,-4.03,0.04,11.71,40.021375925763245,41.512587546578416
2007-11-02,3.09,10.18,-1.76,1.29,10.98,40.021375925763245,41.512587546578416
2007-11-03,0.79,5.99,-6.59,7.87,7.13,40.021375925763245,41.512587546578416
2007-11-04,-1.42,8.51,-7.79,0.36,12.42,40.021375925763245,41.512587546578416
2007-11-05,1.65,6.96,-3.32,2.58,5.98,40.021375925763245,41.512587546578416
2007-11-06,3.15,4.82,1.38,27.93,2.33,40.021375925763245,41.512587546578416
2007-11-07,2.81,5.66,-0.88,23.53,2.09,40.021375925763245,41.512587546578416
2007-11-08,0.35,4.84,-3.62,2.77,5.18,40.021375925763245,41.512587546578416
2007-11-09,-1.6,2.21,-8.61,21.31,2.4,40.021375925763245,41.512587546578416
2007-11-10,-6.52,1.54,-11.3,0.11,8.32,40.021375925763245,41.512587546578416
2007-11-11,-1.49,2.34,-7.69,11.87,2.89,40.021375925763245,41.512587546578416
2007-11-12,-7.53,-2.33,-13.3,1.34,6.32,40.021375925763245,41.512587546578416
2007-11-13,-6.18,2.15,-11.7,0.0,10.73,40.021375925763245,41.512587546578416
2007-11-14,-3.36,2.69,-9.71,1.93,5.32,40.021375925763245,41.512587546578416
2007-11-15,-0.95,3.95,-4.47,1.45,9.22,40.021375925763245,41.512587546578416
2007-11-16,0.08,4.81,-3.43,0.0,9.03,40.021375925763245,41.512587546578416
2007-11-17,0.69,6.4,-2.82,0.0,11.23,40.021375925763245,41.512587546578416
2007-11-18,1.56,7.21,-1.63,0.0,11.05,40.021375925763245,41.512587546578416
2007-11-19,0.27,5.72,-2.15,0.03,8.05,40.021375925763245,41.512587546578416
2007-11-20,-0.08,3.32,-2.32,3.83,3.5,40.021375925763245,41.512587546578416
2007-11-21,-0.72,3.56,-2.95,3.27,5.83,40.021375925763245,41.512587546578416
2007-11-22,-3.23,0.68,-6.09,2.33,5.21,40.021375925763245,41.512587546578416
2007-11-23,-6.06,-1.96,-8.85,0.28,5.89,40.021375925763245,41.512587546578416
2007-11-24,-5.98,-1.66,-9.08,0.12,7.5,40.021375925763245,41.512587546578416
2007-11-25,-4.59,1.53,-8.78,0.0,9.89,40.021375925763245,41.512587546578416
2007-11-26,-4.07,3.24,-8.93,0.0,10.02,40.021375925763245,41.512587546578416
2007-11-27,-2.45,2.96,-5.92,1.12,6.03,40.021375925763245,41.512587546578416
2007-11-28,-3.68,0.39,-9.22,6.64,4.86,40.021375925763245,41.512587546578416
2007-11-29,-10.54,-5.42,-13.27,2.72,5.46,40.021375925763245,41.512587546578416
2007-11-30,-6.38,2.99,-13.76,0.0,6.66,40.021375925763245,41.512587546578416
2007-12-01,-4.7,2.23,-9.77,0.24,5.43,40.021375925763245,41.512587546578416
2007-12-02,-7.21,-4.47,-12.78,5.97,4.82,40.021375925763245,41.512587546578416
2007-12-03,-9.62,-2.91,-13.17,0.95,9.2,40.021375925763245,41.512587546578416
2007-12-04,-8.31,-0.92,-12.67,0.0,9.7,40.021375925763245,41.512587546578416
2007-12-05,-6.63,0.33,-11.37,0.39,7.94,40.021375925763245,41.512587546578416
2007-12-06,-3.32,1.51,-8.7,4.91,3.59,40.021375925763245,41.512587546578416
2007-12-07,-3.3,-0.43,-7.29,4.16,2.88,40.021375925763245,41.512587546578416
2007-12-08,-6.55,-1.13,-10.65,3.48,5.9,40.021375925763245,41.512587546578416
2007-12-09,-7.64,-1.11,-11.01,0.04,8.35,40.021375925763245,41.512587546578416
2007-12-10,-5.85,0.06,-10.81,1.13,7.04,40.021375925763245,41.512587546578416
2007-12-11,-5.19,0.25,-9.89,1.31,5.13,40.021375925763245,41.512587546578416
2007-12-12,-5.07,1.13,-9.94,0.83,5.5,40.021375925763245,41.512587546578416
2007-12-13,-1.63,1.08,-6.42,6.28,4.37,40.021375925763245,41.512587546578416
2007-12-14,-2.14,0.44,-6.31,10.11,2.54,40.021375925763245,41.512587546578416
2007-12-15,-7.78,-2.36,-12.49,0.42,8.08,40.021375925763245,41.512587546578416
2007-12-16,-9.26,-2.57,-13.07,0.01,9.42,40.021375925763245,41.512587546578416
2007-12-17,-9.09,-4.45,-11.89,1.09,5.58,40.021375925763245,41.512587546578416
2007-12-18,-12.08,-7.86,-18.32,2.75,6.36,40.021375925763245,41.512587546578416
2007-12-19,-17.83,-11.11,-22.23,1.29,8.37,40.021375925763245,41.512587546578416
2007-12-20,-15.87,-8.69,-21.54,1.72,7.65,40.021375925763245,41.512587546578416
2007-12-21,-14.39,-7.06,-17.85,0.61,8.43,40.021375925763245,41.512587546578416
2007-12-22,-13.84,-6.68,-18.58,1.15,7.9,40.021375925763245,41.512587546578416
2007-12-23,-11.89,-3.04,-16.5,0.03,9.38,40.021375925763245,41.512587546578416
2007-12-24,-10.74,-3.2,-15.2,0.0,9.68,40.021375925763245,41.512587546578416
2007-12-25,-11.84,-4.32,-15.6,0.0,9.84,40.021375925763245,41.512587546578416
2007-12-26,-12.53,-4.99,-16.15,0.04,9.61,40.021375925763245,41.512587546578416
2007-12-27,-12.52,-4.84,-16.29,0.0,9.92,40.021375925763245,41.512587546578416
2007-12-28,-11.25,-4.82,-15.49,0.05,9.02,40.021375925763245,41.512587546578416
2007-12-29,-12.98,-7.59,-17.19,1.34,7.65,40.021375925763245,41.512587546578416
2007-12-30,-13.36,-8.81,-16.5,0.33,8.23,40.021375925763245,41.512587546578416
2007-12-31,-15.1,-9.0,-18.89,0.24,7.89,40.021375925763245,41.512587546578416
2008-01-01,-15.34,-8.11,-19.75,0.01,9.68,40.021375925763245,41.512587546578416
2008-01-02,-12.75,-4.89,-17.04,0.0,9.13,40.021375925763245,41.512587546578416
2008-01-03,-11.46,-2.72,-16.01,0.03,8.53,40.021375925763245,41.512587546578416
2008-01-04,-9.18,-3.7,-14.33,3.77,5.23,40.021375925763245,41.512587546578416
2008-01-05,-11.71,-8.96,-15.03,2.6,6.35,40.021375925763245,41.512587546578416
2008-01-06,-14.27,-8.5,-19.27,0.51,8.36,40.021375925763245,41.512587546578416
2008-01-07,-15.55,-7.66,-20.64,0.11,8.66,40.021375925763245,41.512587546578416
2008-01-08,-17.61,-9.39,-22.86,0.16,9.41,40.021375925763245,41.512587546578416
2008-01-09,-16.4,-9.97,-20.79,1.05,9.15,40.021375925763245,41.512587546578416
2008-01-10,-16.98,-10.16,-21.14,0.72,9.78,40.021375925763245,41.512587546578416
2008-01-11,-18.2,-10.69,-22.28,0.05,9.29,40.021375925763245,41.512587546578416
2008-01-12,-19.06,-11.01,-23.2,0.0,10.49,40.021375925763245,41.512587546578416
2008-01-13,-19.99,-10.99,-24.53,0.0,10.47,40.021375925763245,41.512587546578416
2008-01-14,-16.91,-7.28,-23.35,0.0,10.99,40.021375925763245,41.512587546578416
2008-01-15,-13.2,-4.73,-18.14,0.0,11.12,40.021375925763245,41.512587546578416
2008-01-16,-12.63,-5.22,-17.43,0.0,10.01,40.021375925763245,41.512587546578416
2008-01-17,-12.02,-4.67,-16.24,0.0,11.03,40.021375925763245,41.512587546578416
2008-01-18,-11.62,-4.45,-16.17,0.0,10.0,40.021375925763245,41.512587546578416
2008-01-19,-12.04,-4.43,-17.14,0.0,10.93,40.021375925763245,41.512587546578416
2008-01-20,-13.55,-5.33,-19.25,0.0,11.2,40.021375925763245,41.512587546578416
2008-01-21,-11.36,-3.65,-15.29,0.0,11.06,40.021375925763245,41.512587546578416
2008-01-22,-9.25,-0.82,-16.22,0.0,10.88,40.021375925763245,41.512587546578416
2008-01-23,-6.57,0.39,-11.08,0.0,10.81,40.021375925763245,41.512587546578416
2008-01-24,-7.82,-0.47,-12.08,1.48,10.63,40.021375925763245,41.512587546578416
2008-01-25,-11.52,-8.43,-16.22,4.99,8.89,40.021375925763245,41.512587546578416
2008-01-26,-14.09,-6.43,-18.73,0.21,10.4,40.021375925763245,41.512587546578416
2008-01-27,-14.98,-6.06,-19.12,0.24,11.79,40.021375925763245,41.512587546578416
2008-01-28,-10.29,-6.2,-17.32,3.5,8.32,40.021375925763245,41.512587546578416
2008-01-29,-5.02,-3.32,-7.15,16.71,6.45,40.021375925763245,41.512587546578416
2008-01-30,-10.08,-5.41,-17.74,5.95,6.23,40.021375925763245,41.512587546578416
2008-01-31,-17.67,-10.19,-22.88,0.75,13.58,40.021375925763245,41.512587546578416
2008-02-01,-16.35,-7.86,-23.2,0.08,13.31,40.021375925763245,41.512587546578416
2008-02-02,-14.94,-7.75,-21.32,0.14,13.33,40.021375925763245,41.512587546578416
2008-02-03,-12.0,-2.91,-18.84,0.0,14.05,40.021375925763245,41.512587546578416
2008-02-04,-10.41,-2.11,-15.33,0.0,14.0,40.021375925763245,41.512587546578416
2008-02-05,-11.0,-2.45,-17.17,0.0,13.75,40.021375925763245,41.512587546578416
2008-02-06,-10.79,-2.55,-16.88,0.0,13.65,40.021375925763245,41.512587546578416
2008-02-07,-12.11,-3.56,-17.38,0.0,14.18,40.021375925763245,41.512587546578416
2008-02-08,-9.45,-2.47,-15.6,0.08,13.36,40.021375925763245,41.512587546578416
2008-02-09,-7.97,-1.13,-12.73,0.15,13.73,40.021375925763245,41.512587546578416
2008-02-10,-9.01,-1.2,-13.75,0.09,13.79,40.021375925763245,41.512587546578416
2008-02-11,-9.01,-1.76,-14.78,0.09,14.32,40.021375925763245,41.512587546578416
2008-02-12,-10.36,-5.39,-15.82,0.73,11.45,40.021375925763245,41.512587546578416
2008-02-13,-10.81,-5.04,-15.88,0.57,12.36,40.021375925763245,41.512587546578416
2008-02-14,-10.87,-5.59,-15.92,3.05,13.37,40.021375925763245,41.512587546578416
2008-02-15,-14.17,-9.81,-19.34,0.48,13.77,40.021375925763245,41.512587546578416
2008-02-16,-14.69,-7.89,-21.86,0.24,12.08,40.021375925763245,41.512587546578416
2008-02-17,-9.02,-4.48,-14.14,2.5,10.91,40.021375925763245,41.512587546578416
2008-02-18,-6.21,-2.88,-8.94,3.54,7.75,40.021375925763245,41.512587546578416
2008-02-19,-11.94,-5.1,-24.6,5.92,11.87,40.021375925763245,41.512587546578416
2008-02-20,-17.72,-10.03,-26.25,1.36,14.36,40.021375925763245,41.512587546578416
2008-02-21,-15.46,-7.32,-21.94,0.01,16.46,40.021375925763245,41.512587546578416
2008-02-22,-9.73,-2.16,-16.66,0.0,16.7,40.021375925763245,41.512587546578416
2008-02-23,-9.62,-1.91,-15.39,0.0,17.2,40.021375925763245,41.512587546578416
2008-02-24,-9.78,-2.39,-17.41,3.23,12.48,40.021375925763245,41.512587546578416
2008-02-25,-9.13,-2.87,-13.99,0.77,15.49,40.021375925763245,41.512587546578416
2008-02-26,-7.08,-0.87,-11.68,0.32,15.43,40.021375925763245,41.512587546578416
2008-02-27,-6.09,0.87,-12.21,0.0,17.74,40.021375925763245,41.512587546578416
2008-02-28,-5.88,1.21,-10.42,0.0,18.14,40.021375925763245,41.512587546578416
2008-02-29,-4.49,0.32,-10.18,0.04,14.88,40.021375925763245,41.512587546578416
2008-03-01,-4.6,0.47,-9.94,0.1,17.17,40.021375925763245,41.512587546578416
2008-03-02,-5.16,0.81,-11.28,0.3,15.22,40.021375925763245,41.512587546578416
2008-03-03,-3.75,-0.03,-9.72,3.29,7.45,40.021375925763245,41.512587546578416
2008-03-04,-8.87,-0.9,-16.26,0.07,19.45,40.021375925763245,41.512587546578416
2008-03-05,-4.21,2.93,-10.07,0.0,19.52,40.021375925763245,41.512587546578416
2008-03-06,-0.96,4.2,-6.38,0.0,18.72,40.021375925763245,41.512587546578416
2008-03-07,-0.01,4.68,-3.57,0.0,18.69,40.021375925763245,41.512587546578416
2008-03-08,0.28,6.87,-5.03,0.0,18.73,40.021375925763245,41.512587546578416
2008-03-09,1.41,7.41,-2.83,0.1,15.94,40.021375925763245,41.512587546578416
2008-03-10,2.1,7.68,-1.46,4.57,11.21,40.021375925763245,41.512587546578416
2008-03-11,0.98,4.9,-2.14,3.69,16.77,40.021375925763245,41.512587546578416
2008-03-12,0.09,5.25,-2.93,0.0,13.42,40.021375925763245,41.512587546578416
2008-03-13,-0.37,3.98,-3.17,0.28,18.79,40.021375925763245,41.512587546578416
2008-03-14,-1.4,2.62,-4.59,2.45,18.81,40.021375925763245,41.512587546578416
2008-03-15,-5.81,-2.76,-10.21,4.52,18.34,40.021375925763245,41.512587546578416
2008-03-16,-4.54,0.64,-9.83,0.53,18.73,40.021375925763245,41.512587546578416
2008-03-17,-1.27,5.91,-6.4,0.0,20.79,40.021375925763245,41.512587546578416
2008-03-18,0.27,7.51,-5.41,0.0,19.63,40.021375925763245,41.512587546578416
2008-03-19,1.35,6.83,-2.67,0.0,18.58,40.021375925763245,41.512587546578416
2008-03-20,2.08,6.92,-2.03,0.13,18.75,40.021375925763245,41.512587546578416
2008-03-21,2.62,6.9,-0.27,1.5,17.39,40.021375925763245,41.512587546578416
2008-03-22,2.37,6.66,0.02,0.87,15.14,40.021375925763245,41.512587546578416
2008-03-23,5.95,14.93,-0.83,0.0,20.42,40.021375925763245,41.512587546578416
2008-03-24,7.15,16.43,0.59,0.0,17.15,40.021375925763245,41.512587546578416
2008-03-25,6.8,13.98,1.56,0.0,21.34,40.021375925763245,41.512587546578416
2008-03-26,3.77,10.46,-1.33,0.01,23.22,40.021375925763245,41.512587546578416
2008-03-27,2.98,10.58,-3.63,0.35,21.9,40.021375925763245,41.512587546578416
2008-03-28,3.19,9.78,-2.31,0.0,21.9,40.021375925763245,41.512587546578416
2008-03-29,2.06,8.25,-2.93,0.0,16.82,40.021375925763245,41.512587546578416
2008-03-30,5.58,13.53,-1.87,0.12,20.65,40.021375925763245,41.512587546578416
2008-03-31,2.8,7.53,-0.98,4.45,18.11,40.021375925763245,41.512587546578416
2008-04-01,1.45,6.82,-2.76,1.65,13.18,40.021375925763245,41.512587546578416
2008-04-02,-0.67,3.61,-4.22,1.87,15.66,40.021375925763245,41.512587546578416
2008-04-03,-0.18,5.94,-4.76,0.0,17.32,40.021375925763245,41.512587546578416
2008-04-04,-0.19,3.15,-3.17,3.33,12.43,40.021375925763245,41.512587546578416
2008-04-05,0.18,4.4,-3.48,4.82,17.88,40.021375925763245,41.512587546578416
2008-04-06,2.49,8.86,-3.0,0.0,14.61,40.021375925763245,41.512587546578416
2008-04-07,2.74,10.02,-2.31,7.09,14.81,40.021375925763245,41.512587546578416
2008-04-08,1.77,7.59,-2.43,1.47,16.9,40.021375925763245,41.512587546578416
2008-04-09,-0.23,2.88,-3.38,9.25,8.52,40.021375925763245,41.512587546578416
2008-04-10,0.96,6.58,-4.19,0.0,18.73,40.021375925763245,41.512587546578416
2008-04-11,2.67,8.28,-2.95,0.02,20.74,40.021375925763245,41.512587546578416
2008-04-12,4.16,10.19,-1.12,0.28,16.77,40.021375925763245,41.512587546578416
2008-04-13,7.11,15.64,0.18,0.0,23.08,40.021375925763245,41.512587546578416
2008-04-14,9.78,17.66,3.55,0.29,18.84,40.021375925763245,41.512587546578416
2008-04-15,9.97,16.01,4.18,0.5,19.08,40.021375925763245,41.512587546578416
2008-04-16,8.03,14.82,2.41,4.56,12.92,40.021375925763245,41.512587546578416
2008-04-17,0.77,5.4,-6.09,1.55,14.63,40.021375925763245,41.512587546578416
2008-04-18,3.01,10.88,-6.11,0.01,21.08,40.021375925763245,41.512587546578416
2008-04-19,2.77,6.6,-2.13,4.89,10.09,40.021375925763245,41.512587546578416
2008-04-20,4.03,11.72,-3.33,0.01,20.55,40.021375925763245,41.512587546578416
2008-04-21,6.22,12.57,0.04,3.76,15.96,40.021375925763245,41.512587546578416
2008-04-22,8.9,17.09,0.32,0.0,21.96,40.021375925763245,41.512587546578416
2008-04-23,12.05,19.46,5.84,0.44,21.63,40.021375925763245,41.512587546578416
2008-04-24,12.04,19.52,4.66,0.0,18.17,40.021375925763245,41.512587546578416
2008-04-25,12.38,20.08,5.03,0.02,19.25,40.021375925763245,41.512587546578416
2008-04-26,11.74,18.97,3.94,0.03,15.82,40.021375925763245,41.512587546578416
2008-04-27,11.26,19.77,4.92,0.0,17.16,40.021375925763245,41.512587546578416
2008-04-28,9.03,16.93,1.07,0.0,22.05,40.021375925763245,41.512587546578416
2008-04-29,6.99,14.17,0.51,3.24,10.76,40.021375925763245,41.512587546578416
2008-04-30,6.7,11.43,2.89,5.18,14.05,40.021375925763245,41.512587546578416
2008-05-01,5.85,11.89,0.33,0.03,17.31,40.021375925763245,41.512587546578416
2008-05-02,4.75,11.35,-1.56,0.15,20.28,40.021375925763245,41.512587546578416
2008-05-03,3.19,6.64,-0.53,0.87,16.64,40.021375925763245,41.512587546578416
2008-05-04,4.53,10.83,-0.89,2.99,15.49,40.021375925763245,41.512587546578416
2008-05-05,6.14,12.78,-0.51,0.72,14.99,40.021375925763245,41.512587546578416
2008-05-06,1.87,5.53,-4.45,8.41,6.7,40.021375925763245,41.512587546578416
2008-05-07,0.3,5.97,-5.51,0.03,18.15,40.021375925763245,41.512587546578416
2008-05-08,2.78,8.58,-2.27,0.11,23.72,40.021375925763245,41.512587546578416
2008-05-09,1.39,4.52,-2.07,7.85,8.95,40.021375925763245,41.512587546578416
2008-05-10,1.55,6.99,-3.09,3.01,18.37,40.021375925763245,41.512587546578416
2008-05-11,2.52,7.78,-2.04,2.63,15.2,40.021375925763245,41.512587546578416
2008-05-12,2.76,8.54,-2.47,2.16,16.92,40.021375925763245,41.512587546578416
2008-05-13,2.37,8.08,-3.06,3.64,23.0,40.021375925763245,41.512587546578416
2008-05-14,4.81,11.82,-2.23,0.0,28.86,40.021375925763245,41.512587546578416
2008-05-15,5.1,12.68,-0.55,5.26,19.18,40.021375925763245,41.512587546578416
2008-05-16,5.12,10.65,-0.53,4.46,9.25,40.021375925763245,41.512587546578416
2008-05-17,6.75,12.87,0.78,4.66,17.07,40.021375925763245,41.512587546578416
2008-05-18,6.78,10.8,1.14,2.09,21.47,40.021375925763245,41.512587546578416
2008-05-19,7.15,11.79,2.4,4.63,17.83,40.021375925763245,41.512587546578416
2008-05-20,7.99,14.4,1.96,0.65,20.87,40.021375925763245,41.512587546578416
2008-05-21,9.8,17.96,1.88,0.0,31.12,40.021375925763245,41.512587546578416
2008-05-22,11.92,19.58,3.77,0.0,31.03,40.021375925763245,41.512587546578416
2008-05-23,14.64,20.94,7.72,0.0,25.99,40.021375925763245,41.512587546578416
2008-05-24,15.0,21.65,9.28,0.0,26.51,40.021375925763245,41.512587546578416
2008-05-25,12.82,19.09,5.74,0.13,15.4,40.021375925763245,41.512587546578416
2008-05-26,9.21,15.86,4.11,5.98,17.49,40.021375925763245,41.512587546578416
2008-05-27,7.28,12.42,2.89,0.56,15.18,40.021375925763245,41.512587546578416
2008-05-28,8.15,16.04,1.27,0.03,25.26,40.021375925763245,41.512587546578416
2008-05-29,6.89,15.74,-1.52,3.39,15.47,40.021375925763245,41.512587546578416
2008-05-30,4.74,13.02,-3.55,0.33,24.41,40.021375925763245,41.512587546578416
2008-05-31,7.79,16.12,-1.21,0.0,32.31,40.021375925763245,41.512587546578416
2008-06-01,11.36,18.59,3.46,0.0,30.39,40.021375925763245,41.512587546578416
2008-06-02,12.11,19.25,5.04,0.5,21.03,40.021375925763245,41.512587546578416
2008-06-03,9.12,17.18,2.73,0.25,15.83,40.021375925763245,41.512587546578416
2008-06-04,10.06,18.25,0.35,0.0,31.39,40.021375925763245,41.512587546578416
2008-06-05,12.55,19.37,4.95,0.0,32.57,40.021375925763245,41.512587546578416
2008-06-06,14.48,21.25,7.69,0.07,26.02,40.021375925763245,41.512587546578416
2008-06-07,13.24,20.91,5.97,0.86,23.65,40.021375925763245,41.512587546578416
2008-06-08,11.11,17.44,5.54,0.15,20.04,40.021375925763245,41.512587546578416
2008-06-09,10.18,16.5,3.79,1.07,21.01,40.021375925763245,41.512587546578416
2008-06-10,11.73,19.11,3.4,3.03,24.72,40.021375925763245,41.512587546578416
2008-06-11,10.06,14.91,5.9,13.24,12.56,40.021375925763245,41.512587546578416
2008-06-12,8.39,12.58,5.08,6.43,15.62,40.021375925763245,41.512587546578416
2008-06-13,9.64,15.97,3.83,0.4,17.8,40.021375925763245,41.512587546578416
2008-06-14,11.65,19.12,4.59,0.39,27.38,40.021375925763245,41.512587546578416
2008-06-15,12.34,19.79,4.87,0.02,28.77,40.021375925763245,41.512587546578416
2008-06-16,10.95,17.9,4.9,10.18,16.57,40.021375925763245,41.512587546578416
2008-06-17,10.86,18.21,4.44,0.01,19.1,40.021375925763245,41.512587546578416
2008-06-18,10.11,17.11,3.43,0.01,26.3,40.021375925763245,41.512587546578416
2008-06-19,11.27,20.08,1.66,0.0,30.94,40.021375925763245,41.512587546578416
2008-06-20,13.48,21.55,5.23,0.03,27.85,40.021375925763245,41.512587546578416
2008-06-21,12.55,19.82,6.44,0.29,25.64,40.021375925763245,41.512587546578416
2008-06-22,8.97,13.7,5.18,7.41,15.8,40.021375925763245,41.512587546578416
2008-06-23,10.31,16.84,3.52,0.75,20.33,40.021375925763245,41.512587546578416
2008-06-24,11.0,18.89,4.15,0.44,27.39,40.021375925763245,41.512587546578416
2008-06-25,12.33,20.72,3.74,0.0,31.37,40.021375925763245,41.512587546578416
2008-06-26,14.07,22.54,5.01,0.0,31.44,40.021375925763245,41.512587546578416
2008-06-27,16.98,25.15,7.4,0.03,28.4,40.021375925763245,41.512587546578416
2008-06-28,16.32,23.69,9.57,0.11,25.21,40.021375925763245,41.512587546578416
2008-06-29,14.65,21.27,8.83,0.23,26.58,40.021375925763245,41.512587546578416
2008-06-30,11.25,17.12,4.51,2.76,16.91,40.021375925763245,41.512587546578416
2008-07-01,10.27,18.06,2.62,0.0,28.49,40.021375925763245,41.512587546578416
2008-07-02,12.76,22.3,4.21,0.03,29.87,40.021375925763245,41.512587546578416
2008-07-03,11.96,21.2,4.54,1.4,28.0,40.021375925763245,41.512587546578416
2008-07-04,10.97,18.96,3.5,0.09,28.54,40.021375925763245,41.512587546578416
2008-07-05,14.77,24.18,3.74,0.0,31.86,40.021375925763245,41.512587546578416
2008-07-06,15.01,23.69,6.17,0.0,28.28,40.021375925763245,41.512587546578416
2008-07-07,10.8,17.03,4.7,1.34,23.77,40.021375925763245,41.512587546578416
2008-07-08,10.88,18.14,4.77,0.48,25.9,40.021375925763245,41.512587546578416
2008-07-09,14.35,23.43,5.47,0.0,30.72,40.021375925763245,41.512587546578416
2008-07-10,16.45,24.85,9.41,0.0,29.07,40.021375925763245,41.512587546578416
2008-07-11,16.46,25.49,8.48,0.01,28.81,40.021375925763245,41.512587546578416
2008-07-12,16.77,25.31,8.86,0.29,25.8,40.021375925763245,41.512587546578416
2008-07-13,18.46,27.23,9.96,0.1,23.56,40.021375925763245,41.512587546578416
2008-07-14,17.98,27.59,9.71,1.15,22.09,40.021375925763245,41.512587546578416
2008-07-15,13.94,19.25,9.82,5.03,19.49,40.021375925763245,41.512587546578416
2008-07-16,16.37,24.5,8.29,0.0,27.96,40.021375925763245,41.512587546578416
2008-07-17,18.32,27.37,10.21,0.6,26.15,40.021375925763245,41.512587546578416
2008-07-18,17.43,26.79,10.23,1.08,25.16,40.021375925763245,41.512587546578416
2008-07-19,17.95,26.94,9.21,0.06,27.24,40.021375925763245,41.512587546578416
2008-07-20,19.29,28.67,10.53,0.12,26.16,40.021375925763245,41.512587546578416
2008-07-21,19.91,29.4,11.16,1.22,25.24,40.021375925763245,41.512587546578416
2008-07-22,19.82,28.29,10.84,0.0,26.57,40.021375925763245,41.512587546578416
2008-07-23,19.47,26.72,11.89,0.0,27.27,40.021375925763245,41.512587546578416
2008-07-24,21.27,28.63,12.67,0.0,26.8,40.021375925763245,41.512587546578416
2008-07-25,21.98,28.53,16.03,0.43,21.92,40.021375925763245,41.512587546578416
2008-07-26,20.96,28.31,14.2,0.05,27.37,40.021375925763245,41.512587546578416
2008-07-27,20.29,28.54,13.19,1.96,24.56,40.021375925763245,41.512587546578416
2008-07-28,19.04,27.72,11.66,0.97,25.06,40.021375925763245,41.512587546578416
2008-07-29,18.5,28.0,10.87,0.53,22.18,40.021375925763245,41.512587546578416
2008-07-30,17.76,27.78,11.11,0.0,20.93,40.021375925763245,41.512587546578416
2008-07-31,18.65,29.54,10.6,0.0,20.95,40.021375925763245,41.512587546578416
2008-08-01,19.68,31.12,10.31,0.02,22.95,40.021375925763245,41.512587546578416
2008-08-02,20.48,31.02,11.04,0.21,21.36,40.021375925763245,41.512587546578416
2008-08-03,20.2,30.57,11.12,0.34,23.72,40.021375925763245,41.512587546578416
2008-08-04,20.06,30.79,10.67,0.02,26.27,40.021375925763245,41.512587546578416
2008-08-05,18.89,28.61,11.38,0.05,24.48,40.021375925763245,41.512587546578416
2008-08-06,17.86,27.35,10.58,0.02,21.98,40.021375925763245,41.512587546578416
2008-08-07,16.06,22.7,10.33,0.35,22.55,40.021375925763245,41.512587546578416
2008-08-08,15.59,22.56,9.79,0.03,20.66,40.021375925763245,41.512587546578416
2008-08-09,17.52,25.59,9.49,0.23,24.81,40.021375925763245,41.512587546578416
2008-08-10,16.55,22.66,10.42,1.35,17.82,40.021375925763245,41.512587546578416
2008-08-11,17.66,25.83,9.46,0.23,24.32,40.021375925763245,41.512587546578416
2008-08-12,18.7,27.31,10.25,0.17,22.79,40.021375925763245,41.512587546578416
2008-08-13,16.34,23.79,11.64,0.89,17.29,40.021375925763245,41.512587546578416
2008-08-14,16.3,24.62,9.07,0.19,21.79,40.021375925763245,41.512587546578416
2008-08-15,17.59,26.98,8.25,0.35,22.98,40.021375925763245,41.512587546578416
2008-08-16,18.01,25.44,11.78,1.4,19.02,40.021375925763245,41.512587546578416
2008-08-17,18.5,25.69,11.96,1.53,22.49,40.021375925763245,41.512587546578416
2008-08-18,19.29,27.88,12.11,0.0,25.29,40.021375925763245,41.512587546578416
2008-08-19,19.52,28.17,11.19,0.07,23.35,40.021375925763245,41.512587546578416
2008-08-20,19.12,27.97,11.69,0.67,15.73,40.021375925763245,41.512587546578416
2008-08-21,17.64,26.13,10.32,0.22,20.67,40.021375925763245,41.512587546578416
2008-08-22,18.41,27.47,10.12,0.07,22.95,40.021375925763245,41.512587546578416
2008-08-23,18.39,27.11,11.97,0.07,16.66,40.021375925763245,41.512587546578416
2008-08-24,17.62,25.6,10.96,0.58,19.35,40.021375925763245,41.512587546578416
2008-08-25,17.0,23.01,11.2,0.5,14.62,40.021375925763245,41.512587546578416
2008-08-26,17.95,26.02,10.35,0.02,20.93,40.021375925763245,41.512587546578416
2008-08-27,16.67,22.85,11.69,3.52,15.23,40.021375925763245,41.512587546578416
2008-08-28,18.26,25.84,11.25,0.02,21.84,40.021375925763245,41.512587546578416
2008-08-29,20.39,28.21,14.83,0.01,20.28,40.021375925763245,41.512587546578416
2008-08-30,19.94,28.49,12.33,0.07,20.74,40.021375925763245,41.512587546578416
2008-08-31,16.81,25.33,11.01,3.92,18.98,40.021375925763245,41.512587546578416
2008-09-01,15.94,25.17,9.36,0.94,17.31,40.021375925763245,41.512587546578416
2008-09-02,16.98,26.84,8.83,0.0,23.27,40.021375925763245,41.512587546578416
2008-09-03,18.16,26.86,11.38,0.01,23.69,40.021375925763245,41.512587546578416
2008-09-04,17.44,26.97,9.25,0.0,24.33,40.021375925763245,41.512587546578416
2008-09-05,17.48,27.09,10.65,0.0,23.55,40.021375925763245,41.512587546578416
2008-09-06,15.36,23.88,9.1,0.0,22.14,40.021375925763245,41.512587546578416
2008-09-07,15.06,24.2,7.28,0.17,22.17,40.021375925763245,41.512587546578416
2008-09-08,14.94,24.26,7.89,0.16,19.15,40.021375925763245,41.512587546578416
2008-09-09,13.95,22.86,6.81,0.25,18.81,40.021375925763245,41.512587546578416
2008-09-10,12.23,18.98,7.26,0.79,17.95,40.021375925763245,41.512587546578416
2008-09-11,9.51,17.05,3.33,1.23,15.54,40.021375925763245,41.512587546578416
2008-09-12,11.78,21.59,3.29,0.0,23.33,40.021375925763245,41.512587546578416
2008-09-13,14.4,22.46,6.7,0.0,20.27,40.021375925763245,41.512587546578416
2008-09-14,14.25,22.4,7.59,0.22,18.79,40.021375925763245,41.512587546578416
2008-09-15,12.78,22.0,5.85,1.77,18.17,40.021375925763245,41.512587546578416
2008-09-16,15.14,24.01,8.07,0.0,21.87,40.021375925763245,41.512587546578416
2008-09-17,16.84,24.19,10.95,0.03,18.74,40.021375925763245,41.512587546578416
2008-09-18,15.4,23.19,9.17,0.3,18.44,40.021375925763245,41.512587546578416
2008-09-19,13.46,21.59,7.55,0.43,18.1,40.021375925763245,41.512587546578416
2008-09-20,11.65,19.61,4.97,0.14,17.96,40.021375925763245,41.512587546578416
2008-09-21,13.0,20.08,7.88,0.0,15.98,40.021375925763245,41.512587546578416
2008-09-22,12.84,20.41,6.74,4.49,12.97,40.021375925763245,41.512587546578416
2008-09-23,7.94,12.53,3.58,4.95,9.49,40.021375925763245,41.512587546578416
2008-09-24,9.24,16.44,3.83,0.03,17.04,40.021375925763245,41.512587546578416
2008-09-25,9.92,17.9,4.42,0.0,18.53,40.021375925763245,41.512587546578416
2008-09-26,10.13,18.19,4.2,0.37,16.68,40.021375925763245,41.512587546578416
2008-09-27,7.35,10.22,4.07,16.22,11.29,40.021375925763245,41.512587546578416
2008-09-28,4.63,9.54,1.23,8.38,7.28,40.021375925763245,41.512587546578416
2008-09-29,6.54,15.24,-0.46,0.03,18.63,40.021375925763245,41.512587546578416
2008-09-30,5.54,11.07,0.71,10.64,4.09,40.021375925763245,41.512587546578416
2008-10-01,4.55,12.3,-0.54,0.6,13.27,40.021375925763245,41.512587546578416
2008-10-02,6.49,14.93,0.07,0.0,18.92,40.021375925763245,41.512587546578416
2008-10-03,9.01,17.67,1.6,0.0,19.46,40.021375925763245,41.512587546578416
2008-10-04,9.68,16.06,5.09,0.0,15.32,40.021375925763245,41.512587546578416
2008-10-05,9.7,17.02,4.06,0.0,16.76,40.021375925763245,41.512587546578416
2008-10-06,10.48,17.8,5.94,2.03,15.57,40.021375925763245,41.512587546578416
2008-10-07,9.31,17.22,3.85,0.19,15.77,40.021375925763245,41.512587546578416
2008-10-08,7.51,14.15,1.92,1.56,13.95,40.021375925763245,41.512587546578416
2008-10-09,5.35,10.2,0.19,3.93,11.55,40.021375925763245,41.512587546578416
2008-10-10,4.33,12.24,-1.94,0.22,15.42,40.021375925763245,41.512587546578416
2008-10-11,5.97,13.81,0.3,0.75,16.05,40.021375925763245,41.512587546578416
2008-10-12,5.57,13.02,0.61,0.62,13.43,40.021375925763245,41.512587546578416
2008-10-13,8.59,17.97,0.36,0.0,15.74,40.021375925763245,41.512587546578416
2008-10-14,11.17,19.46,4.97,0.0,16.78,40.021375925763245,41.512587546578416
2008-10-15,11.79,19.45,5.82,0.22,9.22,40.021375925763245,41.512587546578416
2008-10-16,7.91,13.41,3.37,4.26,11.35,40.021375925763245,41.512587546578416
2008-10-17,6.18,12.6,0.64,0.63,11.05,40.021375925763245,41.512587546578416
2008-10-18,6.64,14.25,1.16,0.0,14.9,40.021375925763245,41.512587546578416
2008-10-19,5.58,13.34,0.13,0.47,11.51,40.021375925763245,41.512587546578416
2008-10-20,6.49,15.07,0.91,0.14,15.57,40.021375925763245,41.512587546578416
2008-10-21,5.87,14.31,0.74,0.92,13.76,40.021375925763245,41.512587546578416
2008-10-22,4.99,11.25,0.77,1.68,11.22,40.021375925763245,41.512587546578416
2008-10-23,5.48,10.95,2.08,8.77,7.76,40.021375925763245,41.512587546578416
2008-10-24,4.24,7.82,2.08,5.05,5.84,40.021375925763245,41.512587546578416
2008-10-25,5.21,10.23,1.9,8.63,8.73,40.021375925763245,41.512587546578416
2008-10-26,4.18,10.87,-0.68,1.45,9.21,40.021375925763245,41.512587546578416
2008-10-27,3.28,7.21,0.24,1.11,6.1,40.021375925763245,41.512587546578416
2008-10-28,4.42,9.72,0.97,0.59,8.91,40.021375925763245,41.512587546578416
2008-10-29,3.23,9.88,-1.58,0.03,11.73,40.021375925763245,41.512587546578416
2008-10-30,2.84,10.57,-2.53,0.02,11.0,40.021375925763245,41.512587546578416
2008-10-31,3.86,10.41,-1.06,0.0,13.43,40.021375925763245,41.512587546578416
2008-11-01,2.47,9.52,-2.49,0.0,12.89,40.021375925763245,41.512587546578416
2008-11-02,3.16,9.63,-1.81,0.0,13.59,40.021375925763245,41.512587546578416
2008-11-03,3.77,10.01,-0.28,0.14,12.83,40.021375925763245,41.512587546578416
2008-11-04,2.32,9.59,-1.83,0.2,12.88,40.021375925763245,41.512587546578416
2008-11-05,1.1,7.5,-4.07,0.91,10.28,40.021375925763245,41.512587546578416
2008-11-06,1.15,7.42,-2.9,0.1,12.06,40.021375925763245,41.512587546578416
2008-11-07,-0.19,6.11,-4.48,1.75,8.16,40.021375925763245,41.512587546578416
2008-11-08,0.25,7.97,-4.96,0.33,12.65,40.021375925763245,41.512587546578416
2008-11-09,-0.33,6.24,-4.75,0.0,12.22,40.021375925763245,41.512587546578416
2008-11-10,-2.21,4.42,-5.88,0.0,11.75,40.021375925763245,41.512587546578416
2008-11-11,-2.47,3.42,-6.17,0.0,7.47,40.021375925763245,41.512587546578416
2008-11-12,-0.5,5.51,-4.95,0.0,10.86,40.021375925763245,41.512587546578416
2008-11-13,0.99,6.78,-2.8,0.0,10.2,40.021375925763245,41.512587546578416
2008-11-14,0.23,5.8,-3.15,0.02,10.13,40.021375925763245,41.512587546578416
2008-11-15,-0.17,5.14,-3.89,0.03,10.36,40.021375925763245,41.512587546578416
2008-11-16,-0.93,4.3,-3.52,0.13,7.75,40.021375925763245,41.512587546578416
2008-11-17,-0.94,5.82,-4.71,0.0,11.05,40.021375925763245,41.512587546578416
2008-11-18,-1.31,4.5,-4.97,0.03,8.37,40.021375925763245,41.512587546578416
2008-11-19,-0.79,4.21,-4.04,4.43,4.62,40.021375925763245,41.512587546578416
2008-11-20,-0.96,3.16,-4.08,5.11,3.33,40.021375925763245,41.512587546578416
2008-11-21,-2.24,2.31,-4.98,5.34,5.7,40.021375925763245,41.512587546578416
2008-11-22,-0.83,2.7,-4.49,1.55,5.58,40.021375925763245,41.512587546578416
2008-11-23,1.24,4.59,-0.82,1.16,4.46,40.021375925763245,41.512587546578416
2008-11-24,1.39,4.86,-0.39,0.68,2.73,40.021375925763245,41.512587546578416
2008-11-25,1.15,5.47,-1.87,0.06,6.57,40.021375925763245,41.512587546578416
2008-11-26,0.68,6.44,-2.14,0.0,9.55,40.021375925763245,41.512587546578416
2008-11-27,0.37,6.21,-3.15,0.34,9.06,40.021375925763245,41.512587546578416
2008-11-28,-0.76,3.2,-3.52,4.56,4.02,40.021375925763245,41.512587546578416
2008-11-29,-0.77,4.32,-3.16,1.38,4.45,40.021375925763245,41.512587546578416
2008-11-30,-0.28,5.47,-4.38,0.0,8.42,40.021375925763245,41.512587546578416
2008-12-01,-0.65,3.34,-3.12,0.0,9.74,40.021375925763245,41.512587546578416
2008-12-02,-0.19,6.93,-3.92,0.0,10.68,40.021375925763245,41.512587546578416
2008-12-03,0.61,7.26,-2.88,0.0,10.71,40.021375925763245,41.512587546578416
2008-12-04,2.13,8.9,-1.49,0.0,10.59,40.021375925763245,41.512587546578416
2008-12-05,1.48,9.0,-2.9,0.0,9.44,40.021375925763245,41.512587546578416
2008-12-06,3.69,10.24,0.75,0.0,8.11,40.021375925763245,41.512587546578416
2008-12-07,3.31,10.24,-0.43,0.0,9.56,40.021375925763245,41.512587546578416
2008-12-08,0.61,7.27,-3.26,0.0,9.52,40.021375925763245,41.512587546578416
2008-12-09,-2.81,0.01,-4.69,4.24,2.89,40.021375925763245,41.512587546578416
2008-12-10,-5.9,-2.65,-10.7,7.19,0.83,40.021375925763245,41.512587546578416
2008-12-11,-8.77,-2.75,-12.39,0.25,4.75,40.021375925763245,41.512587546578416
2008-12-12,-9.18,-2.15,-13.97,0.0,8.79,40.021375925763245,41.512587546578416
2008-12-13,-8.61,-0.52,-12.42,0.0,9.89,40.021375925763245,41.512587546578416
2008-12-14,-9.17,-1.33,-12.84,0.16,9.98,40.021375925763245,41.512587546578416
2008-12-15,-10.57,-3.86,-14.04,1.06,9.18,40.021375925763245,41.512587546578416
2008-12-16,-10.62,-2.96,-14.71,0.42,9.11,40.021375925763245,41.512587546578416
2008-12-17,-9.94,-1.36,-15.99,0.03,9.71,40.021375925763245,41.512587546578416
2008-12-18,-8.16,0.3,-12.45,0.0,9.67,40.021375925763245,41.512587546578416
2008-12-19,-6.52,-0.26,-10.99,0.11,5.37,40.021375925763245,41.512587546578416
2008-12-20,-6.65,1.41,-12.34,0.07,9.13,40.021375925763245,41.512587546578416
2008-12-21,-8.13,-0.76,-13.06,0.21,7.33,40.021375925763245,41.512587546578416
2008-12-22,-6.44,-1.67,-10.94,0.77,5.78,40.021375925763245,41.512587546578416
2008-12-23,-4.86,0.47,-8.55,3.97,4.22,40.021375925763245,41.512587546578416
2008-12-24,-5.31,-1.3,-10.27,4.76,2.57,40.021375925763245,41.512587546578416
2008-12-25,-8.28,-4.05,-14.2,3.73,7.02,40.021375925763245,41.512587546578416
2008-12-26,-12.04,-5.52,-15.39,0.01,8.66,40.021375925763245,41.512587546578416
2008-12-27,-13.37,-6.0,-17.66,0.94,8.75,40.021375925763245,41.512587546578416
2008-12-28,-14.08,-8.21,-17.79,0.97,8.02,40.021375925763245,41.512587546578416
2008-12-29,-11.71,-6.71,-16.55,8.05,5.12,40.021375925763245,41.512587546578416
2008-12-30,-13.3,-9.09,-16.81,2.23,6.87,40.021375925763245,41.512587546578416
2008-12-31,-15.68,-10.43,-18.92,2.39,7.62,40.021375925763245,41.512587546578416
2009-01-01,-17.04,-12.45,-21.28,0.5,8.3,40.021375925763245,41.512587546578416
2009-01-02,-18.19,-9.82,-21.83,0.0,9.98,40.021375925763245,41.512587546578416
2009-01-03,-15.33,-7.66,-20.04,0.04,8.05,40.021375925763245,41.512587546578416
2009-01-04,-11.22,-3.73,-16.9,0.63,7.63,40.021375925763245,41.512587546578416
2009-01-05,-9.74,-2.94,-15.35,1.29,7.24,40.021375925763245,41.512587546578416
2009-01-06,-8.26,-2.2,-11.79,2.13,5.09,40.021375925763245,41.512587546578416
2009-01-07,-9.32,-4.0,-14.68,3.37,4.98,40.021375925763245,41.512587546578416
2009-01-08,-11.99,-5.49,-18.38,0.22,8.67,40.021375925763245,41.512587546578416
2009-01-09,-16.44,-8.68,-23.72,1.14,8.08,40.021375925763245,41.512587546578416
2009-01-10,-16.91,-6.8,-23.95,0.11,9.92,40.021375925763245,41.512587546578416
2009-01-11,-15.99,-9.57,-20.63,0.81,9.57,40.021375925763245,41.512587546578416
2009-01-12,-17.16,-9.43,-22.13,0.34,10.14,40.021375925763245,41.512587546578416
2009-01-13,-13.13,-3.67,-19.49,0.0,10.34,40.021375925763245,41.512587546578416
2009-01-14,-8.92,-0.93,-13.42,0.0,11.01,40.021375925763245,41.512587546578416
2009-01-15,-6.52,0.35,-12.79,0.0,9.9,40.021375925763245,41.512587546578416
2009-01-16,-4.04,0.86,-8.26,0.01,10.08,40.021375925763245,41.512587546578416
2009-01-17,-5.92,-0.69,-11.99,0.3,7.53,40.021375925763245,41.512587546578416
2009-01-18,-10.31,-3.15,-14.3,1.44,9.14,40.021375925763245,41.512587546578416
2009-01-19,-10.26,-3.46,-15.13,0.0,10.11,40.021375925763245,41.512587546578416
2009-01-20,-9.25,-2.97,-14.33,0.02,9.68,40.021375925763245,41.512587546578416
2009-01-21,-9.49,-2.97,-13.76,0.16,9.91,40.021375925763245,41.512587546578416
2009-01-22,-7.89,-1.06,-12.71,0.0,11.68,40.021375925763245,41.512587546578416
2009-01-23,-5.94,1.18,-11.39,0.0,12.07,40.021375925763245,41.512587546578416
2009-01-24,-8.75,-2.14,-13.0,0.03,8.64,40.021375925763245,41.512587546578416
2009-01-25,-8.23,-2.27,-13.41,0.88,10.23,40.021375925763245,41.512587546578416
2009-01-26,-5.1,-1.52,-7.51,1.79,6.05,40.021375925763245,41.512587546578416
2009-01-27,-5.44,-0.93,-9.89,1.11,8.35,40.021375925763245,41.512587546578416
2009-01-28,-6.57,-0.22,-11.2,0.12,11.58,40.021375925763245,41.512587546578416
2009-01-29,-6.78,-0.36,-12.96,1.33,9.13,40.021375925763245,41.512587546578416
2009-01-30,-5.45,-0.8,-8.57,1.91,8.16,40.021375925763245,41.512587546578416
2009-01-31,-5.67,-0.28,-9.44,1.82,7.86,40.021375925763245,41.512587546578416
2009-02-01,-5.88,-2.17,-8.69,2.16,5.82,40.021375925763245,41.512587546578416
2009-02-02,-9.27,-3.64,-13.49,0.16,11.42,40.021375925763245,41.512587546578416
2009-02-03,-9.75,-3.84,-14.98,0.33,10.92,40.021375925763245,41.512587546578416
2009-02-04,-7.39,0.18,-12.66,0.01,10.82,40.021375925763245,41.512587546578416
2009-02-05,-4.68,-0.01,-9.16,0.43,10.79,40.021375925763245,41.512587546578416
2009-02-06,-4.87,-0.24,-8.23,0.94,10.96,40.021375925763245,41.512587546578416
2009-02-07,-5.91,-0.65,-10.13,0.11,10.88,40.021375925763245,41.512587546578416
2009-02-08,-4.9,0.97,-9.61,0.56,11.37,40.021375925763245,41.512587546578416
2009-02-09,-2.05,0.37,-4.65,3.2,9.87,40.021375925763245,41.512587546578416
2009-02-10,-2.97,1.12,-7.43,6.39,8.36,40.021375925763245,41.512587546578416
2009-02-11,-6.52,-2.51,-11.05,2.28,13.19,40.021375925763245,41.512587546578416
2009-02-12,-7.7,-1.12,-14.02,0.04,10.19,40.021375925763245,41.512587546578416
2009-02-13,-4.09,1.62,-8.94,0.24,13.74,40.021375925763245,41.512587546578416
2009-02-14,-4.43,1.61,-9.18,0.05,14.16,40.021375925763245,41.512587546578416
2009-02-15,-3.92,1.54,-9.02,0.12,12.85,40.021375925763245,41.512587546578416
2009-02-16,-2.93,-0.58,-5.42,2.83,14.41,40.021375925763245,41.512587546578416
2009-02-17,-6.8,-4.16,-12.27,3.23,11.42,40.021375925763245,41.512587546578416
2009-02-18,-11.25,-5.26,-15.61,0.04,15.65,40.021375925763245,41.512587546578416
2009-02-19,-11.15,-3.78,-17.2,0.02,16.24,40.021375925763245,41.512587546578416
2009-02-20,-7.45,-1.33,-13.7,1.25,12.75,40.021375925763245,41.512587546578416
2009-02-21,-5.59,-1.36,-10.31,3.21,13.25,40.021375925763245,41.512587546578416
2009-02-22,-7.7,-5.74,-10.02,1.82,12.79,40.021375925763245,41.512587546578416
2009-02-23,-9.12,-3.77,-13.95,0.63,14.97,40.021375925763245,41.512587546578416
2009-02-24,-6.65,-1.49,-12.16,1.75,13.78,40.021375925763245,41.512587546578416
2009-02-25,-5.75,-0.66,-9.74,3.2,14.05,40.021375925763245,41.512587546578416
2009-02-26,-6.08,-1.54,-9.76,0.43,15.76,40.021375925763245,41.512587546578416
2009-02-27,-4.96,0.66,-11.39,3.54,12.95,40.021375925763245,41.512587546578416
2009-02-28,-5.21,-2.71,-7.9,6.3,13.87,40.021375925763245,41.512587546578416
2009-03-01,-8.24,-3.53,-12.72,2.27,9.83,40.021375925763245,41.512587546578416
2009-03-02,-11.44,-6.09,-17.11,0.94,16.68,40.021375925763245,41.512587546578416
2009-03-03,-9.74,-6.02,-16.55,3.34,13.81,40.021375925763245,41.512587546578416
2009-03-04,-11.79,-4.21,-18.58,0.04,18.78,40.021375925763245,41.512587546578416
2009-03-05,-8.9,-1.95,-13.82,0.38,18.72,40.021375925763245,41.512587546578416
2009-03-06,-4.82,0.53,-11.58,3.13,8.87,40.021375925763245,41.512587546578416
2009-03-07,-1.9,1.99,-5.84,0.11,13.63,40.021375925763245,41.512587546578416
2009-03-08,-0.43,3.44,-5.16,1.77,8.76,40.021375925763245,41.512587546578416
2009-03-09,-0.52,1.62,-6.48,29.14,5.27,40.021375925763245,41.512587546578416
2009-03-10,-4.65,0.28,-9.54,0.2,18.41,40.021375925763245,41.512587546578416
2009-03-11,-2.09,1.28,-6.83,1.62,10.18,40.021375925763245,41.512587546578416
2009-03-12,-2.07,1.91,-5.83,0.3,14.35,40.021375925763245,41.512587546578416
2009-03-13,-2.0,3.76,-7.84,0.0,10.97,40.021375925763245,41.512587546578416
2009-03-14,-1.07,2.79,-6.63,4.0,9.2,40.021375925763245,41.512587546578416
2009-03-15,-7.44,-4.07,-11.05,0.88,14.82,40.021375925763245,41.512587546578416
2009-03-16,-8.26,-5.41,-10.21,1.38,14.25,40.021375925763245,41.512587546578416
2009-03-17,-7.98,-2.93,-12.84,0.0,21.68,40.021375925763245,41.512587546578416
2009-03-18,-8.3,-2.71,-14.06,0.3,18.01,40.021375925763245,41.512587546578416
2009-03-19,-5.51,-0.06,-12.63,0.45,18.21,40.021375925763245,41.512587546578416
2009-03-20,-3.52,0.64,-8.52,1.69,15.78,40.021375925763245,41.512587546578416
2009-03-21,-6.41,-0.12,-13.81,0.01,22.08,40.021375925763245,41.512587546578416
2009-03-22,-4.48,2.46,-10.48,0.0,22.87,40.021375925763245,41.512587546578416
2009-03-23,-2.41,1.92,-7.9,1.96,11.94,40.021375925763245,41.512587546578416
2009-03-24,-3.96,-0.17,-11.36,8.32,8.29,40.021375925763245,41.512587546578416
2009-03-25,-7.49,0.83,-14.13,0.0,23.86,40.021375925763245,41.512587546578416
2009-03-26,-5.06,1.3,-12.07,0.1,18.98,40.021375925763245,41.512587546578416
2009-03-27,-2.88,1.09,-8.55,0.98,17.07,40.021375925763245,41.512587546578416
2009-03-28,-2.46,1.53,-8.5,7.37,9.26,40.021375925763245,41.512587546578416
2009-03-29,-5.15,0.46,-9.63,1.16,13.23,40.021375925763245,41.512587546578416
2009-03-30,-2.4,4.16,-8.47,0.0,19.47,40.021375925763245,41.512587546578416
2009-03-31,-0.36,6.41,-6.73,0.0,23.46,40.021375925763245,41.512587546578416
2009-04-01,1.97,7.64,-2.25,0.0,17.87,40.021375925763245,41.512587546578416
2009-04-02,1.64,7.19,-3.61,0.96,18.57,40.021375925763245,41.512587546578416
2009-04-03,-0.53,4.96,-5.2,3.16,19.92,40.021375925763245,41.512587546578416
2009-04-04,0.74,7.99,-5.34,0.67,19.94,40.021375925763245,41.512587546578416
2009-04-05,1.58,8.86,-5.92,0.03,24.19,40.021375925763245,41.512587546578416
2009-04-06,3.18,11.28,-3.01,0.15,24.49,40.021375925763245,41.512587546578416
2009-04-07,2.55,8.99,-2.29,3.38,17.43,40.021375925763245,41.512587546578416
2009-04-08,0.49,5.51,-3.66,5.04,10.16,40.021375925763245,41.512587546578416
2009-04-09,-2.31,3.67,-8.92,2.76,17.04,40.021375925763245,41.512587546578416
2009-04-10,-1.89,5.88,-8.88,0.15,24.91,40.021375925763245,41.512587546578416
2009-04-11,-1.11,5.87,-6.1,0.0,23.43,40.021375925763245,41.512587546578416
2009-04-12,-1.34,7.23,-8.52,0.0,26.02,40.021375925763245,41.512587546578416
2009-04-13,-0.34,6.37,-6.27,0.0,26.99,40.021375925763245,41.512587546578416
2009-04-14,1.75,11.0,-5.58,0.1,22.87,40.021375925763245,41.512587546578416
2009-04-15,1.02,4.95,-2.01,6.81,10.07,40.021375925763245,41.512587546578416
2009-04-16,0.15,4.45,-3.31,1.64,17.71,40.021375925763245,41.512587546578416
2009-04-17,-1.09,2.67,-4.21,0.63,11.57,40.021375925763245,41.512587546578416
2009-04-18,-0.89,3.96,-3.8,1.16,12.47,40.021375925763245,41.512587546578416
2009-04-19,1.14,9.02,-4.63,0.01,23.79,40.021375925763245,41.512587546578416
2009-04-20,1.92,9.08,-4.5,0.0,22.21,40.021375925763245,41.512587546578416
2009-04-21,2.64,8.93,-2.98,0.6,21.11,40.021375925763245,41.512587546578416
2009-04-22,3.37,9.41,-1.79,1.54,21.95,40.021375925763245,41.512587546578416
2009-04-23,3.5,8.72,-1.02,6.67,11.85,40.021375925763245,41.512587546578416
2009-04-24,1.91,7.46,-2.27,3.75,15.69,40.021375925763245,41.512587546578416
2009-04-25,1.47,6.12,-2.02,2.86,17.81,40.021375925763245,41.512587546578416
2009-04-26,1.54,7.74,-3.44,0.88,17.72,40.021375925763245,41.512587546578416
2009-04-27,2.92,9.83,-3.96,0.19,20.88,40.021375925763245,41.512587546578416
2009-04-28,2.36,5.7,-1.14,4.13,7.58,40.021375925763245,41.512587546578416
2009-04-29,5.17,12.8,-2.39,0.98,20.5,40.021375925763245,41.512587546578416
2009-04-30,4.35,10.15,-1.99,0.66,18.11,40.021375925763245,41.512587546578416
2009-05-01,5.11,11.57,-1.14,0.35,21.82,40.021375925763245,41.512587546578416
2009-05-02,5.82,12.26,-0.11,0.74,24.19,40.021375925763245,41.512587546578416
2009-05-03,4.97,10.79,-0.89,1.2,20.5,40.021375925763245,41.512587546578416
2009-05-04,4.77,10.0,-0.48,6.54,20.75,40.021375925763245,41.512587546578416
2009-05-05,5.86,9.82,1.39,4.92,19.97,40.021375925763245,41.512587546578416
2009-05-06,3.93,9.85,-2.32,1.83,15.9,40.021375925763245,41.512587546578416
2009-05-07,4.47,9.6,-0.21,2.49,14.52,40.021375925763245,41.512587546578416
2009-05-08,4.19,10.0,-1.54,1.04,18.7,40.021375925763245,41.512587546578416
2009-05-09,2.97,8.02,-1.87,1.06,16.14,40.021375925763245,41.512587546578416
2009-05-10,3.25,10.65,-3.99,0.4,20.65,40.021375925763245,41.512587546578416
2009-05-11,3.9,10.34,-2.91,0.36,20.27,40.021375925763245,41.512587546578416
2009-05-12,4.67,10.81,-1.46,0.12,23.99,40.021375925763245,41.512587546578416
2009-05-13,6.65,13.8,-1.59,0.0,27.52,40.021375925763245,41.512587546578416
2009-05-14,8.44,15.18,1.52,0.05,22.97,40.021375925763245,41.512587546578416
2009-05-15,9.17,17.07,1.53,0.0,27.14,40.021375925763245,41.512587546578416
2009-05-16,9.03,17.47,0.84,0.01,28.7,40.021375925763245,41.512587546578416
2009-05-17,9.78,18.35,0.62,0.0,29.01,40.021375925763245,41.512587546578416
2009-05-18,12.31,19.85,5.11,0.0,28.9,40.021375925763245,41.512587546578416
2009-05-19,13.05,19.56,6.2,0.0,29.19,40.021375925763245,41.512587546578416
2009-05-20,13.14,20.58,7.43,0.17,22.93,40.021375925763245,41.512587546578416
2009-05-21,12.86,20.71,5.78,1.54,17.76,40.021375925763245,41.512587546578416
2009-05-22,10.93,17.51,4.89,0.07,23.6,40.021375925763245,41.512587546578416
2009-05-23,10.03,15.29,3.48,8.13,19.92,40.021375925763245,41.512587546578416
2009-05-24,8.24,15.01,0.89,5.84,15.21,40.021375925763245,41.512587546578416
2009-05-25,5.88,13.64,-1.05,0.89,15.86,40.021375925763245,41.512587546578416
2009-05-26,4.11,10.94,-1.33,3.99,20.68,40.021375925763245,41.512587546578416
2009-05-27,3.73,9.54,-2.08,6.47,15.48,40.021375925763245,41.512587546578416
2009-05-28,5.41,12.59,-2.3,2.64,20.27,40.021375925763245,41.512587546578416
2009-05-29,5.75,11.84,-0.69,0.38,21.04,40.021375925763245,41.512587546578416
2009-05-30,8.91,17.52,0.79,0.0,31.94,40.021375925763245,41.512587546578416
2009-05-31,8.69,17.09,0.91,0.0,31.68,40.021375925763245,41.512587546578416
2009-06-01,8.42,17.32,-2.13,0.0,30.07,40.021375925763245,41.512587546578416
2009-06-02,10.95,18.63,1.68,0.61,28.34,40.021375925763245,41.512587546578416
2009-06-03,13.56,20.86,5.92,2.24,28.1,40.021375925763245,41.512587546578416
2009-06-04,14.05,21.37,6.39,0.04,26.91,40.021375925763245,41.512587546578416
2009-06-05,12.53,19.86,5.14,0.19,27.71,40.021375925763245,41.512587546578416
2009-06-06,9.81,15.91,4.83,3.05,20.31,40.021375925763245,41.512587546578416
2009-06-07,9.17,14.59,3.55,0.39,16.79,40.021375925763245,41.512587546578416
2009-06-08,9.81,15.53,4.41,4.99,20.1,40.021375925763245,41.512587546578416
2009-06-09,10.3,14.24,5.54,3.36,19.54,40.021375925763245,41.512587546578416
2009-06-10,12.65,18.31,7.06,0.75,25.02,40.021375925763245,41.512587546578416
2009-06-11,12.76,17.84,7.59,0.83,23.08,40.021375925763245,41.512587546578416
2009-06-12,14.41,21.4,8.26,5.65,21.67,40.021375925763245,41.512587546578416
2009-06-13,14.55,22.47,6.83,4.67,18.68,40.021375925763245,41.512587546578416
2009-06-14,13.29,21.04,7.37,1.63,21.06,40.021375925763245,41.512587546578416
2009-06-15,10.58,15.87,5.8,7.64,13.57,40.021375925763245,41.512587546578416
2009-06-16,12.09,19.42,5.69,9.36,18.34,40.021375925763245,41.512587546578416
2009-06-17,11.85,17.62,6.15,0.88,18.78,40.021375925763245,41.512587546578416
2009-06-18,10.4,14.69,6.17,0.11,18.96,40.021375925763245,41.512587546578416
2009-06-19,9.31,13.96,5.91,2.41,16.28,40.021375925763245,41.512587546578416
2009-06-20,11.76,17.83,5.93,0.06,16.87,40.021375925763245,41.512587546578416
2009-06-21,11.5,16.33,5.82,0.51,16.12,40.021375925763245,41.512587546578416
2009-06-22,14.0,19.8,6.34,0.61,24.59,40.021375925763245,41.512587546578416
2009-06-23,15.06,20.86,10.12,5.66,28.37,40.021375925763245,41.512587546578416
2009-06-24,15.17,21.34,8.03,0.0,27.51,40.021375925763245,41.512587546578416
2009-06-25,15.45,21.0,10.2,1.34,23.36,40.021375925763245,41.512587546578416
2009-06-26,15.06,20.88,7.97,5.01,24.38,40.021375925763245,41.512587546578416
2009-06-27,15.45,21.74,8.59,1.59,21.34,40.021375925763245,41.512587546578416
2009-06-28,14.97,20.15,7.21,1.43,20.46,40.021375925763245,41.512587546578416
2009-06-29,17.17,23.67,10.24,0.18,25.45,40.021375925763245,41.512587546578416
2009-06-30,17.59,24.48,11.02,1.31,29.01,40.021375925763245,41.512587546578416
2009-07-01,15.42,22.68,9.11,1.37,26.87,40.021375925763245,41.512587546578416
2009-07-02,15.01,22.69,7.43,0.0,27.14,40.021375925763245,41.512587546578416
2009-07-03,15.45,22.63,8.37,0.08,25.35,40.021375925763245,41.512587546578416
2009-07-04,14.99,22.3,8.73,0.02,25.2,40.021375925763245,41.512587546578416
2009-07-05,13.6,20.21,7.29,2.95,17.02,40.021375925763245,41.512587546578416
2009-07-06,13.24,19.22,7.92,1.1,20.1,40.021375925763245,41.512587546578416
2009-07-07,14.75,22.13,6.62,0.18,28.77,40.021375925763245,41.512587546578416
2009-07-08,15.64,21.76,8.03,0.04,20.44,40.021375925763245,41.512587546578416
2009-07-09,15.66,22.33,9.33,0.84,22.38,40.021375925763245,41.512587546578416
2009-07-10,15.82,23.31,9.4,0.66,27.07,40.021375925763245,41.512587546578416
2009-07-11,16.94,24.87,9.14,0.0,29.68,40.021375925763245,41.512587546578416
2009-07-12,19.26,26.8,11.39,0.0,27.22,40.021375925763245,41.512587546578416
2009-07-13,19.41,28.06,9.58,0.34,28.73,40.021375925763245,41.512587546578416
2009-07-14,17.58,26.34,11.51,2.93,23.36,40.021375925763245,41.512587546578416
2009-07-15,16.14,23.5,10.2,1.22,20.39,40.021375925763245,41.512587546578416
2009-07-16,15.5,21.84,9.27,0.95,16.11,40.021375925763245,41.512587546578416
2009-07-17,17.6,25.18,8.59,0.62,22.04,40.021375925763245,41.512587546578416
2009-07-18,17.99,24.72,10.37,1.71,19.31,40.021375925763245,41.512587546578416
2009-07-19,17.44,24.59,9.7,2.53,21.66,40.021375925763245,41.512587546578416
2009-07-20,16.95,24.0,10.92,2.25,20.92,40.021375925763245,41.512587546578416
2009-07-21,15.44,21.36,10.42,0.89,22.34,40.021375925763245,41.512587546578416
2009-07-22,14.93,20.87,10.38,6.92,19.8,40.021375925763245,41.512587546578416
2009-07-23,15.29,21.22,10.33,7.66,18.58,40.021375925763245,41.512587546578416
2009-07-24,16.05,22.02,10.72,4.8,18.27,40.021375925763245,41.512587546578416
2009-07-25,13.69,17.32,10.86,2.13,17.13,40.021375925763245,41.512587546578416
2009-07-26,15.04,20.92,9.86,0.01,17.5,40.021375925763245,41.512587546578416
2009-07-27,15.25,21.96,9.78,0.45,22.21,40.021375925763245,41.512587546578416
2009-07-28,11.39,17.17,4.5,7.2,15.9,40.021375925763245,41.512587546578416
2009-07-29,9.79,17.43,3.39,0.82,22.65,40.021375925763245,41.512587546578416
2009-07-30,12.04,22.32,2.61,0.01,29.63,40.021375925763245,41.512587546578416
2009-07-31,13.58,23.09,5.54,5.5,23.12,40.021375925763245,41.512587546578416
2009-08-01,12.41,19.49,7.56,15.14,18.74,40.021375925763245,41.512587546578416
2009-08-02,12.62,20.22,5.87,0.05,20.08,40.021375925763245,41.512587546578416
2009-08-03,13.95,20.9,7.67,0.47,17.6,40.021375925763245,41.512587546578416
2009-08-04,15.09,21.99,8.89,0.0,25.61,40.021375925763245,41.512587546578416
2009-08-05,16.58,24.95,8.64,0.0,26.83,40.021375925763245,41.512587546578416
2009-08-06,18.39,26.3,9.51,0.02,26.25,40.021375925763245,41.512587546578416
2009-08-07,18.72,26.03,12.82,0.75,18.54,40.021375925763245,41.512587546578416
2009-08-08,15.0,20.75,9.81,4.19,20.5,40.021375925763245,41.512587546578416
2009-08-09,12.64,18.92,6.99,4.72,18.6,40.021375925763245,41.512587546578416
2009-08-10,10.0,16.98,4.93,1.01,15.09,40.021375925763245,41.512587546578416
2009-08-11,10.18,18.95,3.48,0.69,17.36,40.021375925763245,41.512587546578416
2009-08-12,11.74,21.13,4.66,0.37,22.24,40.021375925763245,41.512587546578416
2009-08-13,13.7,23.27,3.77,0.0,26.76,40.021375925763245,41.512587546578416
2009-08-14,14.53,23.9,6.37,0.56,19.55,40.021375925763245,41.512587546578416
2009-08-15,15.79,25.17,7.69,0.0,26.52,40.021375925763245,41.512587546578416
2009-08-16,15.33,23.7,7.56,0.0,25.65,40.021375925763245,41.512587546578416
2009-08-17,17.1,26.57,7.89,0.0,25.54,40.021375925763245,41.512587546578416
2009-08-18,17.84,27.58,9.34,0.01,23.08,40.021375925763245,41.512587546578416
2009-08-19,16.49,26.39,8.27,0.11,21.95,40.021375925763245,41.512587546578416
2009-08-20,15.31,22.71,9.95,1.76,17.7,40.021375925763245,41.512587546578416
2009-08-21,12.35,20.48,4.87,0.85,21.37,40.021375925763245,41.512587546578416
2009-08-22,10.88,21.36,2.13,0.61,25.19,40.021375925763245,41.512587546578416
2009-08-23,9.98,19.56,2.26,0.39,24.0,40.021375925763245,41.512587546578416
2009-08-24,12.55,23.98,1.66,0.0,27.39,40.021375925763245,41.512587546578416
2009-08-25,14.96,24.54,6.75,0.0,25.64,40.021375925763245,41.512587546578416
2009-08-26,13.43,21.73,6.64,0.04,19.57,40.021375925763245,41.512587546578416
2009-08-27,11.87,18.68,6.44,0.35,21.24,40.021375925763245,41.512587546578416
2009-08-28,13.16,22.23,5.63,0.0,25.23,40.021375925763245,41.512587546578416
2009-08-29,15.85,24.03,8.23,0.06,23.35,40.021375925763245,41.512587546578416
2009-08-30,16.01,23.63,8.68,0.0,24.4,40.021375925763245,41.512587546578416
2009-08-31,14.37,23.41,5.83,0.38,23.78,40.021375925763245,41.512587546578416
2009-09-01,14.03,21.17,7.71,1.63,19.14,40.021375925763245,41.512587546578416
2009-09-02,14.38,22.98,7.46,1.0,13.96,40.021375925763245,41.512587546578416
2009-09-03,14.98,23.71,7.14,0.03,22.77,40.021375925763245,41.512587546578416
2009-09-04,16.03,24.51,9.69,0.03,23.58,40.021375925763245,41.512587546578416
2009-09-05,14.82,24.14,7.11,0.06,23.27,40.021375925763245,41.512587546578416
2009-09-06,14.6,23.67,6.99,0.27,23.01,40.021375925763245,41.512587546578416
2009-09-07,14.32,23.46,5.83,0.02,20.63,40.021375925763245,41.512587546578416
2009-09-08,14.59,22.9,5.89,0.08,20.89,40.021375925763245,41.512587546578416
2009-09-09,16.36,23.03,10.93,3.63,19.69,40.021375925763245,41.512587546578416
2009-09-10,13.09,18.25,8.66,5.65,14.98,40.021375925763245,41.512587546578416
2009-09-11,12.43,19.17,7.08,0.47,16.18,40.021375925763245,41.512587546578416
2009-09-12,14.12,20.58,7.81,0.01,16.16,40.021375925763245,41.512587546578416
2009-09-13,13.55,19.17,8.44,5.19,9.77,40.021375925763245,41.512587546578416
2009-09-14,12.6,19.87,6.78,0.3,15.74,40.021375925763245,41.512587546578416
2009-09-15,12.01,19.38,6.97,0.9,13.61,40.021375925763245,41.512587546578416
2009-09-16,10.09,15.84,5.13,3.07,11.0,40.021375925763245,41.512587546578416
2009-09-17,7.88,14.15,3.68,1.13,13.51,40.021375925763245,41.512587546578416
2009-09-18,9.42,17.91,2.36,0.0,19.99,40.021375925763245,41.512587546578416
2009-09-19,9.95,15.69,4.45,0.45,16.01,40.021375925763245,41.512587546578416
2009-09-20,7.1,11.18,3.68,10.76,5.26,40.021375925763245,41.512587546578416
2009-09-21,6.46,11.4,2.25,12.39,5.58,40.021375925763245,41.512587546578416
2009-09-22,6.9,12.35,2.35,9.85,13.27,40.021375925763245,41.512587546578416
2009-09-23,5.11,11.09,0.41,4.93,8.54,40.021375925763245,41.512587546578416
2009-09-24,5.57,13.95,-1.17,0.08,16.57,40.021375925763245,41.512587546578416
2009-09-25,8.31,16.62,0.86,0.0,20.7,40.021375925763245,41.512587546578416
2009-09-26,8.66,16.53,3.36,0.23,17.5,40.021375925763245,41.512587546578416
2009-09-27,3.33,10.52,-2.83,4.53,9.38,40.021375925763245,41.512587546578416
2009-09-28,-1.04,4.6,-5.56,3.2,12.31,40.021375925763245,41.512587546578416
2009-09-29,1.04,7.98,-5.09,1.7,7.25,40.021375925763245,41.512587546578416
2009-09-30,4.87,13.06,-1.95,0.0,18.99,40.021375925763245,41.512587546578416
2009-10-01,5.67,12.17,0.62,0.01,13.23,40.021375925763245,41.512587546578416
2009-10-02,8.04,16.42,0.87,0.0,18.81,40.021375925763245,41.512587546578416
2009-10-03,10.46,18.65,4.06,0.0,18.91,40.021375925763245,41.512587546578416
2009-10-04,11.93,19.63,5.68,0.0,18.71,40.021375925763245,41.512587546578416
2009-10-05,12.55,19.91,7.12,0.02,18.07,40.021375925763245,41.512587546578416
2009-10-06,9.22,14.67,5.02,1.11,14.88,40.021375925763245,41.512587546578416
2009-10-07,8.0,13.75,4.21,0.48,9.87,40.021375925763245,41.512587546578416
2009-10-08,8.28,15.02,3.3,0.12,13.78,40.021375925763245,41.512587546578416
2009-10-09,8.98,14.7,4.17,0.88,12.64,40.021375925763245,41.512587546578416
2009-10-10,7.14,12.96,1.78,0.17,10.11,40.021375925763245,41.512587546578416
2009-10-11,8.52,16.36,3.15,0.0,15.7,40.021375925763245,41.512587546578416
2009-10-12,8.57,17.0,1.96,0.0,17.46,40.021375925763245,41.512587546578416
2009-10-13,9.1,15.89,3.84,0.13,10.21,40.021375925763245,41.512587546578416
2009-10-14,8.06,16.69,2.13,0.0,15.88,40.021375925763245,41.512587546578416
2009-10-15,9.86,17.28,3.62,0.0,16.31,40.021375925763245,41.512587546578416
2009-10-16,10.54,17.87,5.37,0.0,16.4,40.021375925763245,41.512587546578416
2009-10-17,10.5,17.77,5.17,0.0,15.38,40.021375925763245,41.512587546578416
2009-10-18,11.67,18.26,7.18,0.0,16.25,40.021375925763245,41.512587546578416
2009-10-19,11.65,18.67,7.3,0.0,16.09,40.021375925763245,41.512587546578416
2009-10-20,11.84,18.71,6.96,0.0,15.49,40.021375925763245,41.512587546578416
2009-10-21,11.55,18.21,6.04,0.0,15.31,40.021375925763245,41.512587546578416
2009-10-22,9.39,14.79,5.66,0.05,12.1,40.021375925763245,41.512587546578416
2009-10-23,7.87,13.48,4.41,0.12,10.31,40.021375925763245,41.512587546578416
2009-10-24,7.51,13.66,3.4,0.09,12.52,40.021375925763245,41.512587546578416
2009-10-25,6.71,12.97,2.41,0.52,11.56,40.021375925763245,41.512587546578416
2009-10-26,7.08,13.45,2.39,0.0,13.25,40.021375925763245,41.512587546578416
2009-10-27,6.53,13.41,2.53,0.44,12.25,40.021375925763245,41.512587546578416
2009-10-28,4.33,8.74,1.69,6.15,4.44,40.021375925763245,41.512587546578416
2009-10-29,3.68,8.15,-0.12,8.32,7.33,40.021375925763245,41.512587546578416
2009-10-30,3.2,7.41,0.63,29.54,2.71,40.021375925763245,41.512587546578416
2009-10-31,0.94,3.91,-2.23,38.23,1.82,40.021375925763245,41.512587546578416
2009-11-01,1.33,5.13,-3.19,11.93,3.45,40.021375925763245,41.512587546578416
2009-11-02,2.13,5.64,0.07,5.32,3.86,40.021375925763245,41.512587546578416
2009-11-03,-0.73,2.12,-6.18,5.22,5.55,40.021375925763245,41.512587546578416
2009-11-04,-0.83,3.99,-6.53,1.02,5.95,40.021375925763245,41.512587546578416
2009-11-05,1.31,5.41,-2.01,1.17,3.84,40.021375925763245,41.512587546578416
2009-11-06,3.06,10.19,-2.97,0.0,11.1,40.021375925763245,41.512587546578416
2009-11-07,5.45,11.64,1.75,0.0,10.72,40.021375925763245,41.512587546578416
2009-11-08,4.21,12.2,-0.64,0.0,11.3,40.021375925763245,41.512587546578416
2009-11-09,2.75,8.81,-1.25,2.08,8.79,40.021375925763245,41.512587546578416
2009-11-10,4.32,11.2,-0.4,0.0,11.43,40.021375925763245,41.512587546578416
2009-11-11,3.65,12.32,-2.35,0.0,11.81,40.021375925763245,41.512587546578416
2009-11-12,2.29,9.68,-2.63,0.0,10.41,40.021375925763245,41.512587546578416
2009-11-13,1.25,8.21,-2.56,0.49,7.26,40.021375925763245,41.512587546578416
2009-11-14,1.36,6.24,-1.54,5.73,3.81,40.021375925763245,41.512587546578416
2009-11-15,-0.52,3.91,-4.25,4.18,3.83,40.021375925763245,41.512587546578416
2009-11-16,-2.09,2.41,-5.16,0.33,7.96,40.021375925763245,41.512587546578416
2009-11-17,-1.32,2.09,-3.21,0.9,7.26,40.021375925763245,41.512587546578416
2009-11-18,-2.05,1.99,-4.69,0.66,6.8,40.021375925763245,41.512587546578416
2009-11-19,-2.64,2.76,-5.43,0.23,5.78,40.021375925763245,41.512587546578416
2009-11-20,-2.68,0.75,-5.85,4.82,5.06,40.021375925763245,41.512587546578416
2009-11-21,-4.31,-1.65,-8.95,5.38,4.59,40.021375925763245,41.512587546578416
2009-11-22,-5.28,0.47,-9.71,0.93,6.42,40.021375925763245,41.512587546578416
2009-11-23,-4.69,1.2,-8.14,0.14,6.46,40.021375925763245,41.512587546578416
2009-11-24,-1.95,4.16,-7.55,0.0,9.79,40.021375925763245,41.512587546578416
2009-11-25,-0.84,3.34,-3.09,0.41,6.86,40.021375925763245,41.512587546578416
2009-11-26,-4.02,0.06,-8.75,2.12,6.31,40.021375925763245,41.512587546578416
2009-11-27,-4.76,2.62,-10.11,0.0,9.95,40.021375925763245,41.512587546578416
2009-11-28,-1.64,5.29,-6.19,0.0,10.34,40.021375925763245,41.512587546578416
2009-11-29,-1.69,4.82,-4.57,0.0,10.23,40.021375925763245,41.512587546578416
2009-11-30,-3.21,0.5,-6.32,0.34,5.97,40.021375925763245,41.512587546578416
2009-12-01,-3.32,2.53,-6.95,0.0,9.29,40.021375925763245,41.512587546578416
2009-12-02,-2.37,4.3,-5.63,0.0,9.8,40.021375925763245,41.512587546578416
2009-12-03,-4.15,3.55,-9.36,0.0,9.73,40.021375925763245,41.512587546578416
2009-12-04,-5.15,2.12,-9.96,0.0,6.31,40.021375925763245,41.512587546578416
2009-12-05,-3.28,3.32,-7.87,0.0,7.28,40.021375925763245,41.512587546578416
2009-12-06,-1.69,2.39,-4.6,0.01,6.4,40.021375925763245,41.512587546578416
2009-12-07,-1.54,1.19,-3.34,0.72,5.57,40.021375925763245,41.512587546578416
2009-12-08,-3.0,-0.35,-4.88,2.34,3.91,40.021375925763245,41.512587546578416
2009-12-09,-4.81,-0.85,-7.88,0.2,4.11,40.021375925763245,41.512587546578416
2009-12-10,-5.6,-0.68,-8.68,0.22,6.31,40.021375925763245,41.512587546578416
2009-12-11,-4.98,1.28,-8.8,0.12,5.63,40.021375925763245,41.512587546578416
2009-12-12,-4.19,0.66,-7.2,1.44,3.75,40.021375925763245,41.512587546578416
2009-12-13,-3.33,1.47,-7.55,5.1,3.29,40.021375925763245,41.512587546578416
2009-12-14,-7.65,-2.71,-13.22,4.05,4.01,40.021375925763245,41.512587546578416
2009-12-15,-10.96,-2.44,-14.8,0.24,5.44,40.021375925763245,41.512587546578416
2009-12-16,-7.11,-0.81,-14.5,0.53,5.37,40.021375925763245,41.512587546578416
2009-12-17,-4.15,-0.12,-5.79,3.35,3.17,40.021375925763245,41.512587546578416
2009-12-18,-5.56,-0.65,-11.32,1.88,4.18,40.021375925763245,41.512587546578416
2009-12-19,-4.97,0.22,-11.49,5.21,3.96,40.021375925763245,41.512587546578416
2009-12-20,-5.02,0.42,-12.7,0.64,5.46,40.021375925763245,41.512587546578416
2009-12-21,-1.48,1.14,-5.36,1.41,4.38,40.021375925763245,41.512587546578416
2009-12-22,-3.43,1.1,-6.96,2.0,4.1,40.021375925763245,41.512587546578416
2009-12-23,-4.03,1.5,-7.94,0.0,5.0,40.021375925763245,41.512587546578416
2009-12-24,-3.55,0.98,-8.06,0.03,5.33,40.021375925763245,41.512587546578416
2009-12-25,-4.11,1.81,-8.58,0.04,6.53,40.021375925763245,41.512587546578416
2009-12-26,-3.05,1.32,-8.7,2.22,4.33,40.021375925763245,41.512587546578416
2009-12-27,-3.02,2.46,-6.41,0.52,5.45,40.021375925763245,41.512587546578416
2009-12-28,-1.53,2.9,-5.33,0.29,5.43,40.021375925763245,41.512587546578416
2009-12-29,-0.43,2.65,-2.84,2.98,5.63,40.021375925763245,41.512587546578416
2009-12-30,-3.08,-0.76,-6.21,8.4,2.68,40.021375925763245,41.512587546578416
2009-12-31,-6.0,-0.03,-10.69,0.5,5.5,40.021375925763245,41.512587546578416
2010-01-01,-5.37,1.9,-11.06,0.04,8.82,40.021375925763245,41.512587546578416
2010-01-02,-2.15,1.7,-6.16,3.28,6.19,40.021375925763245,41.512587546578416
2010-01-03,-3.75,-0.61,-8.21,15.93,6.8,40.021375925763245,41.512587546578416
2010-01-04,-4.73,-1.23,-12.01,5.85,3.34,40.021375925763245,41.512587546578416
2010-01-05,-13.79,-6.32,-17.96,0.7,7.01,40.021375925763245,41.512587546578416
2010-01-06,-10.79,-2.34,-18.36,0.0,9.69,40.021375925763245,41.512587546578416
2010-01-07,-6.08,0.07,-9.35,0.0,9.4,40.021375925763245,41.512587546578416
2010-01-08,-3.89,0.81,-7.94,0.0,7.49,40.021375925763245,41.512587546578416
2010-01-09,-6.21,0.92,-10.43,0.0,9.73,40.021375925763245,41.512587546578416
2010-01-10,-5.02,1.75,-10.28,0.0,9.24,40.021375925763245,41.512587546578416
2010-01-11,-5.25,0.03,-10.39,1.13,5.18,40.021375925763245,41.512587546578416
2010-01-12,-5.42,-1.42,-8.07,1.96,7.05,40.021375925763245,41.512587546578416
2010-01-13,-5.65,-0.51,-9.02,3.37,3.86,40.021375925763245,41.512587546578416
2010-01-14,-4.85,-0.35,-9.43,1.55,4.75,40.021375925763245,41.512587546578416
2010-01-15,-3.62,0.11,-6.25,3.91,4.53,40.021375925763245,41.512587546578416
2010-01-16,-3.67,0.87,-7.66,2.69,4.66,40.021375925763245,41.512587546578416
2010-01-17,-3.05,0.54,-5.83,1.57,3.7,40.021375925763245,41.512587546578416
2010-01-18,-1.19,1.21,-4.06,2.45,5.38,40.021375925763245,41.512587546578416
2010-01-19,-2.85,0.38,-6.61,3.46,2.53,40.021375925763245,41.512587546578416
2010-01-20,-3.64,0.66,-7.58,2.93,2.61,40.021375925763245,41.512587546578416
2010-01-21,-5.81,-0.73,-10.36,3.13,9.29,40.021375925763245,41.512587546578416
2010-01-22,-9.33,-3.82,-12.64,1.84,7.23,40.021375925763245,41.512587546578416
2010-01-23,-6.18,-2.02,-10.2,2.0,5.92,40.021375925763245,41.512587546578416
2010-01-24,-4.89,-0.93,-8.17,13.15,3.71,40.021375925763245,41.512587546578416
2010-01-25,-11.39,-6.42,-17.62,12.2,1.83,40.021375925763245,41.512587546578416
2010-01-26,-18.21,-13.74,-24.31,1.74,10.08,40.021375925763245,41.512587546578416
2010-01-27,-19.35,-10.4,-25.43,0.18,12.33,40.021375925763245,41.512587546578416
2010-01-28,-14.44,-9.34,-22.09,0.25,3.84,40.021375925763245,41.512587546578416
2010-01-29,-13.61,-5.88,-19.49,0.25,10.62,40.021375925763245,41.512587546578416
2010-01-30,-7.87,-2.28,-14.45,0.88,8.49,40.021375925763245,41.512587546578416
2010-01-31,-5.08,-0.27,-9.29,0.86,8.13,40.021375925763245,41.512587546578416
2010-02-01,-5.56,-0.29,-9.58,0.39,10.5,40.021375925763245,41.512587546578416
2010-02-02,-7.84,-0.73,-12.43,0.01,12.44,40.021375925763245,41.512587546578416
2010-02-03,-5.86,-0.44,-12.35,0.75,10.97,40.021375925763245,41.512587546578416
2010-02-04,-8.39,-5.3,-13.53,4.24,4.38,40.021375925763245,41.512587546578416
2010-02-05,-12.85,-9.02,-15.07,1.42,6.03,40.021375925763245,41.512587546578416
2010-02-06,-12.24,-6.74,-16.63,0.3,13.18,40.021375925763245,41.512587546578416
2010-02-07,-13.25,-5.83,-17.99,0.0,13.56,40.021375925763245,41.512587546578416
2010-02-08,-11.22,-5.85,-17.47,0.08,10.92,40.021375925763245,41.512587546578416
2010-02-09,-9.42,-4.04,-13.46,0.17,12.17,40.021375925763245,41.512587546578416
2010-02-10,-8.64,-2.19,-13.27,0.01,13.34,40.021375925763245,41.512587546578416
2010-02-11,-7.65,-1.4,-13.97,0.19,12.26,40.021375925763245,41.512587546578416
2010-02-12,-5.34,-0.35,-9.34,1.55,10.7,40.021375925763245,41.512587546578416
2010-02-13,-5.46,0.55,-9.94,0.58,13.33,40.021375925763245,41.512587546578416
2010-02-14,-3.98,1.38,-8.86,0.02,12.76,40.021375925763245,41.512587546578416
2010-02-15,-1.04,1.2,-5.82,0.37,4.84,40.021375925763245,41.512587546578416
2010-02-16,0.05,1.81,-1.28,2.63,6.17,40.021375925763245,41.512587546578416
2010-02-17,-0.49,2.23,-3.69,0.19,7.3,40.021375925763245,41.512587546578416
2010-02-18,-0.32,2.38,-2.84,0.08,8.65,40.021375925763245,41.512587546578416
2010-02-19,-1.05,2.53,-4.37,1.23,10.87,40.021375925763245,41.512587546578416
2010-02-20,-2.59,3.22,-6.46,0.18,15.55,40.021375925763245,41.512587546578416
2010-02-21,-0.24,2.05,-4.18,1.79,9.44,40.021375925763245,41.512587546578416
2010-02-22,-4.9,-0.75,-12.56,5.64,7.2,40.021375925763245,41.512587546578416
2010-02-23,-8.05,-2.57,-12.79,0.04,11.0,40.021375925763245,41.512587546578416
2010-02-24,-6.52,-2.26,-10.7,0.11,14.69,40.021375925763245,41.512587546578416
2010-02-25,-4.53,0.23,-7.96,0.3,14.17,40.021375925763245,41.512587546578416
2010-02-26,-2.97,2.81,-9.25,0.0,15.45,40.021375925763245,41.512587546578416
2010-02-27,-2.59,1.65,-6.98,0.03,16.2,40.021375925763245,41.512587546578416
2010-02-28,-2.32,0.79,-5.48,0.28,15.08,40.021375925763245,41.512587546578416
2010-03-01,-2.56,2.12,-6.66,0.07,12.28,40.021375925763245,41.512587546578416
2010-03-02,-2.86,2.39,-6.93,0.62,15.03,40.021375925763245,41.512587546578416
2010-03-03,-1.78,2.15,-5.25,17.38,7.67,40.021375925763245,41.512587546578416
2010-03-04,-7.41,-2.7,-12.11,0.62,11.04,40.021375925763245,41.512587546578416
2010-03-05,-5.05,0.2,-11.42,1.2,6.64,40.021375925763245,41.512587546578416
2010-03-06,-3.17,1.29,-9.19,0.56,10.95,40.021375925763245,41.512587546578416
2010-03-07,-1.42,1.83,-5.95,3.49,7.37,40.021375925763245,41.512587546578416
2010-03-08,-0.54,3.28,-5.76,0.01,3.37,40.021375925763245,41.512587546578416
2010-03-09,1.73,4.19,0.58,0.42,5.82,40.021375925763245,41.512587546578416
2010-03-10,1.73,5.35,-1.01,0.72,11.95,40.021375925763245,41.512587546578416
2010-03-11,1.36,7.14,-3.65,0.06,10.55,40.021375925763245,41.512587546578416
2010-03-12,3.88,9.27,-0.25,0.74,15.41,40.021375925763245,41.512587546578416
2010-03-13,2.76,7.22,-2.66,3.1,8.26,40.021375925763245,41.512587546578416
2010-03-14,1.59,6.34,-3.14,0.96,9.59,40.021375925763245,41.512587546578416
2010-03-15,5.17,9.41,0.55,22.74,4.81,40.021375925763245,41.512587546578416
2010-03-16,-2.6,4.3,-9.94,9.2,10.28,40.021375925763245,41.512587546578416
2010-03-17,-4.41,1.88,-10.02,0.21,15.62,40.021375925763245,41.512587546578416
2010-03-18,-7.62,-1.98,-14.77,1.18,14.2,40.021375925763245,41.512587546578416
2010-03-19,-9.59,-2.66,-16.05,0.02,20.3,40.021375925763245,41.512587546578416
2010-03-20,-6.37,1.28,-13.8,0.0,22.58,40.021375925763245,41.512587546578416
2010-03-21,-1.21,5.57,-7.23,0.0,22.71,40.021375925763245,41.512587546578416
2010-03-22,1.37,6.96,-3.09,0.0,17.82,40.021375925763245,41.512587546578416
2010-03-23,2.07,8.95,-2.71,0.0,16.75,40.021375925763245,41.512587546578416
2010-03-24,3.76,11.54,-3.06,0.0,22.58,40.021375925763245,41.512587546578416
2010-03-25,5.03,10.74,0.24,0.1,18.37,40.021375925763245,41.512587546578416
2010-03-26,3.65,8.65,-0.23,1.44,16.44,40.021375925763245,41.512587546578416
2010-03-27,1.8,8.77,-3.29,0.0,15.33,40.021375925763245,41.512587546578416
2010-03-28,2.16,8.98,-3.79,0.09,17.64,40.021375925763245,41.512587546578416
2010-03-29,3.35,8.81,-0.66,4.44,15.81,40.021375925763245,41.512587546578416
2010-03-30,1.32,5.7,-2.77,19.61,13.39,40.021375925763245,41.512587546578416
2010-03-31,-1.74,1.48,-5.6,2.57,10.06,40.021375925763245,41.512587546578416
2010-04-01,-0.04,5.54,-5.87,0.71,12.57,40.021375925763245,41.512587546578416
2010-04-02,1.6,6.42,-2.41,0.72,14.75,40.021375925763245,41.512587546578416
2010-04-03,2.43,7.47,-1.99,5.34,10.66,40.021375925763245,41.512587546578416
2010-04-04,0.17,5.87,-5.75,1.28,11.88,40.021375925763245,41.512587546578416
2010-04-05,0.45,8.44,-6.25,0.0,19.17,40.021375925763245,41.512587546578416
2010-04-06,3.17,11.69,-2.99,0.0,22.78,40.021375925763245,41.512587546578416
2010-04-07,3.14,8.64,-2.36,1.16,11.31,40.021375925763245,41.512587546578416
2010-04-08,0.24,4.58,-3.99,0.53,15.7,40.021375925763245,41.512587546578416
2010-04-09,0.2,4.46,-3.03,3.54,14.05,40.021375925763245,41.512587546578416
2010-04-10,-0.52,3.56,-3.81,1.1,16.79,40.021375925763245,41.512587546578416
2010-04-11,-0.05,5.28,-4.59,4.35,15.57,40.021375925763245,41.512587546578416
2010-04-12,3.03,8.61,-1.42,4.7,6.09,40.021375925763245,41.512587546578416
2010-04-13,-0.68,3.1,-6.46,5.1,9.44,40.021375925763245,41.512587546578416
2010-04-14,0.35,7.95,-7.04,0.0,18.12,40.021375925763245,41.512587546578416
2010-04-15,2.23,7.47,-2.25,0.01,16.68,40.021375925763245,41.512587546578416
2010-04-16,4.72,11.32,-1.86,0.0,22.13,40.021375925763245,41.512587546578416
2010-04-17,5.32,9.3,1.68,0.01,20.32,40.021375925763245,41.512587546578416
2010-04-18,4.99,10.37,-0.52,0.43,18.12,40.021375925763245,41.512587546578416
2010-04-19,4.35,10.52,-2.52,2.77,16.7,40.021375925763245,41.512587546578416
2010-04-20,6.77,14.7,-0.54,0.0,26.8,40.021375925763245,41.512587546578416
2010-04-21,5.12,9.24,1.32,4.01,5.75,40.021375925763245,41.512587546578416
2010-04-22,4.74,11.08,-0.26,2.22,16.19,40.021375925763245,41.512587546578416
2010-04-23,1.43,6.82,-3.52,6.01,13.29,40.021375925763245,41.512587546578416
2010-04-24,1.15,7.26,-4.01,0.09,13.6,40.021375925763245,41.512587546578416
2010-04-25,4.72,12.72,-2.22,0.0,25.3,40.021375925763245,41.512587546578416
2010-04-26,5.88,11.16,1.17,0.03,22.66,40.021375925763245,41.512587546578416
2010-04-27,4.93,9.26,1.27,4.57,11.86,40.021375925763245,41.512587546578416
2010-04-28,4.98,10.81,-0.26,6.52,10.89,40.021375925763245,41.512587546578416
2010-04-29,4.08,8.69,0.71,5.69,10.81,40.021375925763245,41.512587546578416
2010-04-30,4.2,9.96,-1.04,3.06,15.65,40.021375925763245,41.512587546578416
2010-05-01,3.46,7.94,0.1,7.82,12.64,40.021375925763245,41.512587546578416
2010-05-02,3.02,6.76,-0.13,3.27,14.51,40.021375925763245,41.512587546578416
2010-05-03,2.3,7.25,-1.37,7.67,14.84,40.021375925763245,41.512587546578416
2010-05-04,3.82,9.34,-1.9,0.19,18.38,40.021375925763245,41.512587546578416
2010-05-05,5.25,11.35,-0.44,0.89,19.19,40.021375925763245,41.512587546578416
2010-05-06,6.2,11.36,0.85,3.07,21.67,40.021375925763245,41.512587546578416
2010-05-07,7.38,13.1,1.68,0.26,22.59,40.021375925763245,41.512587546578416
2010-05-08,7.4,13.24,1.36,0.46,20.61,40.021375925763245,41.512587546578416
2010-05-09,7.57,11.32,4.41,8.45,19.05,40.021375925763245,41.512587546578416
2010-05-10,7.62,12.06,3.19,5.09,14.69,40.021375925763245,41.512587546578416
2010-05-11,7.06,12.64,1.78,2.8,20.14,40.021375925763245,41.512587546578416
2010-05-12,10.6,16.25,4.44,0.04,21.53,40.021375925763245,41.512587546578416
2010-05-13,10.92,17.36,5.07,0.0,24.39,40.021375925763245,41.512587546578416
2010-05-14,12.48,18.44,6.57,0.02,25.38,40.021375925763245,41.512587546578416
2010-05-15,11.11,16.07,6.7,0.08,20.59,40.021375925763245,41.512587546578416
2010-05-16,11.41,17.52,4.33,0.67,21.72,40.021375925763245,41.512587546578416
2010-05-17,11.65,17.96,5.67,0.39,19.59,40.021375925763245,41.512587546578416
2010-05-18,9.57,16.94,2.48,0.0,27.48,40.021375925763245,41.512587546578416
2010-05-19,7.44,13.53,1.94,1.47,19.15,40.021375925763245,41.512587546578416
2010-05-20,7.02,12.7,1.76,0.49,21.8,40.021375925763245,41.512587546578416
2010-05-21,6.25,11.54,2.24,12.87,15.34,40.021375925763245,41.512587546578416
2010-05-22,7.06,12.04,2.01,3.29,18.52,40.021375925763245,41.512587546578416
2010-05-23,6.98,12.89,1.63,5.87,12.75,40.021375925763245,41.512587546578416
2010-05-24,5.32,10.22,1.05,2.41,17.59,40.021375925763245,41.512587546578416
2010-05-25,6.95,13.45,-0.47,0.01,26.47,40.021375925763245,41.512587546578416
2010-05-26,9.15,14.33,4.35,0.09,24.11,40.021375925763245,41.512587546578416
2010-05-27,10.87,16.18,4.91,0.01,25.38,40.021375925763245,41.512587546578416
2010-05-28,10.85,15.98,6.23,0.49,17.27,40.021375925763245,41.512587546578416
2010-05-29,9.22,14.09,4.06,0.03,21.39,40.021375925763245,41.512587546578416
2010-05-30,9.55,16.43,1.57,1.78,23.81,40.021375925763245,41.512587546578416
2010-05-31,12.92,19.05,5.29,0.04,27.8,40.021375925763245,41.512587546578416
2010-06-01,14.85,20.82,8.91,0.0,26.98,40.021375925763245,41.512587546578416
2010-06-02,14.65,21.59,8.28,0.22,17.98,40.021375925763245,41.512587546578416
2010-06-03,15.29,22.63,7.77,0.0,26.05,40.021375925763245,41.512587546578416
2010-06-04,15.59,22.64,8.01,0.12,30.37,40.021375925763245,41.512587546578416
2010-06-05,17.73,23.87,10.39,0.43,28.53,40.021375925763245,41.512587546578416
2010-06-06,17.23,23.38,11.29,3.79,17.43,40.021375925763245,41.512587546578416
2010-06-07,14.6,21.18,7.22,0.25,20.65,40.021375925763245,41.512587546578416
2010-06-08,11.29,17.29,4.51,0.12,26.84,40.021375925763245,41.512587546578416
2010-06-09,11.3,15.76,5.8,4.13,17.86,40.021375925763245,41.512587546578416
2010-06-10,13.85,20.96,5.57,0.02,26.33,40.021375925763245,41.512587546578416
2010-06-11,13.86,19.84,7.93,0.01,26.65,40.021375925763245,41.512587546578416
2010-06-12,14.63,20.51,8.01,0.02,26.99,40.021375925763245,41.512587546578416
2010-06-13,16.63,23.04,10.78,0.01,29.78,40.021375925763245,41.512587546578416
2010-06-14,17.52,24.85,9.24,0.08,29.97,40.021375925763245,41.512587546578416
2010-06-15,17.55,23.77,11.26,3.99,18.39,40.021375925763245,41.512587546578416
2010-06-16,13.89,21.02,9.25,16.86,16.76,40.021375925763245,41.512587546578416
2010-06-17,11.94,16.93,7.76,3.94,19.46,40.021375925763245,41.512587546578416
2010-06-18,12.55,18.46,7.22,1.5,16.1,40.021375925763245,41.512587546578416
2010-06-19,13.32,18.09,7.54,13.13,22.84,40.021375925763245,41.512587546578416
2010-06-20,13.62,18.05,7.11,4.89,21.83,40.021375925763245,41.512587546578416
2010-06-21,13.8,18.43,8.51,0.85,23.44,40.021375925763245,41.512587546578416
2010-06-22,14.09,19.75,7.85,0.08,27.27,40.021375925763245,41.512587546578416
2010-06-23,14.93,20.25,8.2,0.94,23.26,40.021375925763245,41.512587546578416
2010-06-24,9.57,12.99,5.6,4.28,18.47,40.021375925763245,41.512587546578416
2010-06-25,10.57,16.94,2.9,0.97,21.75,40.021375925763245,41.512587546578416
2010-06-26,12.8,18.61,6.11,3.37,23.83,40.021375925763245,41.512587546578416
2010-06-27,13.56,19.81,6.32,0.3,27.13,40.021375925763245,41.512587546578416
2010-06-28,15.19,21.97,7.45,0.36,27.53,40.021375925763245,41.512587546578416
2010-06-29,15.36,21.67,8.69,0.44,28.17,40.021375925763245,41.512587546578416
2010-06-30,14.76,20.58,8.16,1.04,26.15,40.021375925763245,41.512587546578416
2010-07-01,15.41,21.66,9.29,0.41,26.87,40.021375925763245,41.512587546578416
2010-07-02,15.31,21.65,8.71,0.0,24.15,40.021375925763245,41.512587546578416
2010-07-03,16.82,24.15,9.15,0.0,27.62,40.021375925763245,41.512587546578416
2010-07-04,17.32,25.2,8.88,0.06,27.22,40.021375925763245,41.512587546578416
2010-07-05,18.26,26.15,9.39,0.38,26.71,40.021375925763245,41.512587546578416
2010-07-06,17.72,24.78,10.65,2.69,25.29,40.021375925763245,41.512587546578416
2010-07-07,18.07,25.19,10.59,0.0,24.23,40.021375925763245,41.512587546578416
2010-07-08,19.61,26.61,11.6,0.0,27.51,40.021375925763245,41.512587546578416
2010-07-09,19.02,25.15,13.56,0.0,30.3,40.021375925763245,41.512587546578416
2010-07-10,19.32,25.51,12.97,0.0,30.88,40.021375925763245,41.512587546578416
2010-07-11,20.63,26.86,14.95,0.01,29.95,40.021375925763245,41.512587546578416
2010-07-12,18.94,27.24,10.11,0.25,28.17,40.021375925763245,41.512587546578416
2010-07-13,17.88,25.41,11.33,0.52,25.86,40.021375925763245,41.512587546578416
2010-07-14,15.57,22.92,8.49,0.03,27.55,40.021375925763245,41.512587546578416
2010-07-15,15.27,21.92,9.06,0.95,22.59,40.021375925763245,41.512587546578416
2010-07-16,16.32,23.45,9.67,0.27,20.17,40.021375925763245,41.512587546578416
2010-07-17,14.97,20.19,9.79,12.29,16.27,40.021375925763245,41.512587546578416
2010-07-18,14.99,20.16,9.9,21.96,15.42,40.021375925763245,41.512587546578416
2010-07-19,15.73,22.39,9.46,0.64,24.91,40.021375925763245,41.512587546578416
2010-07-20,16.67,23.04,9.92,1.25,26.46,40.021375925763245,41.512587546578416
2010-07-21,17.04,23.65,11.29,25.27,18.61,40.021375925763245,41.512587546578416
2010-07-22,16.75,23.05,11.29,1.35,20.78,40.021375925763245,41.512587546578416
2010-07-23,17.2,23.59,11.55,5.03,18.46,40.021375925763245,41.512587546578416
2010-07-24,15.42,21.27,10.39,6.39,15.09,40.021375925763245,41.512587546578416
2010-07-25,16.33,21.67,9.96,1.25,24.32,40.021375925763245,41.512587546578416
2010-07-26,17.52,22.86,12.27,1.88,23.07,40.021375925763245,41.512587546578416
2010-07-27,18.32,25.45,11.35,0.0,27.58,40.021375925763245,41.512587546578416
2010-07-28,18.49,26.12,11.28,0.0,28.53,40.021375925763245,41.512587546578416
2010-07-29,17.21,24.98,9.77,0.0,28.68,40.021375925763245,41.512587546578416
2010-07-30,17.42,25.77,9.2,0.0,29.46,40.021375925763245,41.512587546578416
2010-07-31,17.1,25.43,8.63,0.12,29.53,40.021375925763245,41.512587546578416
2010-08-01,17.08,24.99,9.75,0.0,29.59,40.021375925763245,41.512587546578416
2010-08-02,17.18,25.1,9.3,0.0,28.18,40.021375925763245,41.512587546578416
2010-08-03,16.99,23.57,11.34,0.13,21.25,40.021375925763245,41.512587546578416
2010-08-04,17.61,25.45,9.94,0.0,27.38,40.021375925763245,41.512587546578416
2010-08-05,19.23,26.83,10.35,0.0,26.01,40.021375925763245,41.512587546578416
2010-08-06,20.43,27.49,14.28,0.0,25.96,40.021375925763245,41.512587546578416
2010-08-07,20.91,27.89,15.49,0.0,23.71,40.021375925763245,41.512587546578416
2010-08-08,20.64,27.09,14.78,0.0,24.6,40.021375925763245,41.512587546578416
2010-08-09,20.53,27.68,13.43,0.01,24.62,40.021375925763245,41.512587546578416
2010-08-10,19.19,27.49,10.02,0.19,27.12,40.021375925763245,41.512587546578416
2010-08-11,19.42,27.09,12.25,0.16,24.19,40.021375925763245,41.512587546578416
2010-08-12,18.96,26.59,12.12,0.36,21.2,40.021375925763245,41.512587546578416
2010-08-13,18.5,26.54,11.06,0.1,25.59,40.021375925763245,41.512587546578416
2010-08-14,18.54,26.64,11.08,3.4,20.85,40.021375925763245,41.512587546578416
2010-08-15,18.17,26.63,10.57,2.05,23.52,40.021375925763245,41.512587546578416
2010-08-16,17.21,26.12,9.9,11.12,22.01,40.021375925763245,41.512587546578416
2010-08-17,16.64,25.22,9.18,2.05,22.88,40.021375925763245,41.512587546578416
2010-08-18,16.58,24.59,9.92,0.0,22.38,40.021375925763245,41.512587546578416
2010-08-19,15.93,24.24,9.13,0.0,27.1,40.021375925763245,41.512587546578416
2010-08-20,16.42,26.15,8.42,0.28,26.69,40.021375925763245,41.512587546578416
2010-08-21,13.95,21.37,8.39,2.05,18.79,40.021375925763245,41.512587546578416
2010-08-22,13.53,21.98,6.97,0.8,23.64,40.021375925763245,41.512587546578416
2010-08-23,16.51,26.2,8.06,0.29,24.02,40.021375925763245,41.512587546578416
2010-08-24,17.35,26.23,8.92,0.05,21.27,40.021375925763245,41.512587546578416
2010-08-25,16.35,23.11,10.3,0.12,21.43,40.021375925763245,41.512587546578416
2010-08-26,13.13,16.14,9.76,3.73,16.37,40.021375925763245,41.512587546578416
2010-08-27,13.41,20.38,7.75,0.41,17.17,40.021375925763245,41.512587546578416
2010-08-28,16.34,24.64,7.71,0.0,25.08,40.021375925763245,41.512587546578416
2010-08-29,19.28,26.42,12.35,0.0,24.98,40.021375925763245,41.512587546578416
2010-08-30,18.98,26.23,12.61,0.0,21.44,40.021375925763245,41.512587546578416
2010-08-31,19.1,27.43,11.05,0.01,21.31,40.021375925763245,41.512587546578416
2010-09-01,18.32,26.55,10.62,0.0,22.65,40.021375925763245,41.512587546578416
2010-09-02,17.98,24.77,11.01,1.63,15.74,40.021375925763245,41.512587546578416
2010-09-03,16.82,26.4,9.42,1.6,20.02,40.021375925763245,41.512587546578416
2010-09-04,17.52,27.35,7.95,0.01,22.36,40.021375925763245,41.512587546578416
2010-09-05,19.32,28.16,10.74,0.0,21.02,40.021375925763245,41.512587546578416
2010-09-06,18.63,27.85,10.09,0.01,19.86,40.021375925763245,41.512587546578416
2010-09-07,18.23,25.83,12.18,0.98,22.8,40.021375925763245,41.512587546578416
2010-09-08,14.78,22.05,9.32,3.4,15.27,40.021375925763245,41.512587546578416
2010-09-09,14.63,23.54,7.8,0.0,20.62,40.021375925763245,41.512587546578416
2010-09-10,14.71,23.64,7.74,0.0,20.56,40.021375925763245,41.512587546578416
2010-09-11,15.98,24.86,7.68,0.01,20.27,40.021375925763245,41.512587546578416
2010-09-12,16.2,25.0,7.61,0.0,22.41,40.021375925763245,41.512587546578416
2010-09-13,15.39,23.17,8.99,1.6,21.26,40.021375925763245,41.512587546578416
2010-09-14,11.22,16.48,6.42,7.61,14.77,40.021375925763245,41.512587546578416
2010-09-15,11.75,20.82,4.49,0.21,21.4,40.021375925763245,41.512587546578416
2010-09-16,13.1,21.69,6.78,0.0,21.4,40.021375925763245,41.512587546578416
2010-09-17,14.72,23.24,6.57,0.01,21.95,40.021375925763245,41.512587546578416
2010-09-18,12.02,18.47,7.5,0.83,15.1,40.021375925763245,41.512587546578416
2010-09-19,12.46,20.67,6.58,0.0,20.12,40.021375925763245,41.512587546578416
2010-09-20,14.78,23.43,7.65,0.0,21.21,40.021375925763245,41.512587546578416
2010-09-21,16.49,23.61,10.43,0.0,21.61,40.021375925763245,41.512587546578416
2010-09-22,15.4,23.09,10.11,0.12,16.33,40.021375925763245,41.512587546578416
2010-09-23,11.55,16.07,7.59,7.52,9.59,40.021375925763245,41.512587546578416
2010-09-24,12.84,19.42,6.61,0.04,16.46,40.021375925763245,41.512587546578416
2010-09-25,13.14,20.69,8.5,0.67,15.43,40.021375925763245,41.512587546578416
2010-09-26,12.88,20.27,5.16,0.05,17.01,40.021375925763245,41.512587546578416
2010-09-27,14.65,20.85,10.52,0.0,17.16,40.021375925763245,41.512587546578416
2010-09-28,15.43,21.92,10.26,0.05,16.4,40.021375925763245,41.512587546578416
2010-09-29,15.09,22.1,10.05,0.02,15.77,40.021375925763245,41.512587546578416
2010-09-30,12.7,18.86,7.59,2.75,11.87,40.021375925763245,41.512587546578416
2010-10-01,10.98,16.03,7.02,6.56,7.96,40.021375925763245,41.512587546578416
2010-10-02,10.35,17.4,4.3,0.06,13.22,40.021375925763245,41.512587546578416
2010-10-03,8.15,11.61,5.25,6.94,8.38,40.021375925763245,41.512587546578416
2010-10-04,8.05,13.9,4.08,7.28,11.74,40.021375925763245,41.512587546578416
2010-10-05,7.23,13.3,2.69,2.97,10.01,40.021375925763245,41.512587546578416
2010-10-06,5.49,12.27,1.7,1.08,9.5,40.021375925763245,41.512587546578416
2010-10-07,5.62,13.92,0.11,0.05,11.46,40.021375925763245,41.512587546578416
2010-10-08,7.49,12.68,2.15,1.08,8.44,40.021375925763245,41.512587546578416
2010-10-09,7.02,13.43,1.59,0.65,10.43,40.021375925763245,41.512587546578416
2010-10-10,4.89,11.23,-0.38,1.9,15.14,40.021375925763245,41.512587546578416
2010-10-11,1.75,7.8,-2.6,1.61,9.12,40.021375925763245,41.512587546578416
2010-10-12,2.49,9.28,-3.48,0.25,16.59,40.021375925763245,41.512587546578416
2010-10-13,4.18,10.03,-1.73,1.86,7.83,40.021375925763245,41.512587546578416
2010-10-14,6.88,13.01,2.25,5.5,4.16,40.021375925763245,41.512587546578416
2010-10-15,8.55,13.25,6.06,16.38,7.87,40.021375925763245,41.512587546578416
2010-10-16,8.0,12.73,4.13,9.96,6.82,40.021375925763245,41.512587546578416
2010-10-17,7.72,12.7,3.91,0.85,9.84,40.021375925763245,41.512587546578416
2010-10-18,8.01,14.38,3.56,0.25,14.96,40.021375925763245,41.512587546578416
2010-10-19,8.96,17.2,2.91,0.0,15.06,40.021375925763245,41.512587546578416
2010-10-20,10.69,19.02,5.13,0.0,14.92,40.021375925763245,41.512587546578416
2010-10-21,10.77,16.79,6.36,0.09,11.87,40.021375925763245,41.512587546578416
2010-10-22,8.07,14.33,3.71,1.67,11.34,40.021375925763245,41.512587546578416
2010-10-23,8.09,15.64,3.63,0.63,13.1,40.021375925763245,41.512587546578416
2010-10-24,7.7,14.82,1.88,0.01,13.3,40.021375925763245,41.512587546578416
2010-10-25,8.31,13.64,5.11,0.0,12.6,40.021375925763245,41.512587546578416
2010-10-26,7.97,13.72,3.82,0.03,13.88,40.021375925763245,41.512587546578416
2010-10-27,6.0,11.26,2.28,0.01,9.52,40.021375925763245,41.512587546578416
2010-10-28,6.77,13.71,2.47,0.07,12.45,40.021375925763245,41.512587546578416
2010-10-29,6.81,12.8,1.67,3.88,8.06,40.021375925763245,41.512587546578416
2010-10-30,1.01,4.37,-5.9,12.28,2.95,40.021375925763245,41.512587546578416
2010-10-31,-3.83,2.37,-7.72,0.62,10.42,40.021375925763245,41.512587546578416
2010-11-01,-2.73,5.33,-7.38,0.0,12.42,40.021375925763245,41.512587546578416
2010-11-02,-1.64,6.21,-5.94,0.0,13.32,40.021375925763245,41.512587546578416
2010-11-03,1.96,10.44,-4.27,0.21,13.54,40.021375925763245,41.512587546578416
2010-11-04,4.44,11.79,-0.32,0.0,13.31,40.021375925763245,41.512587546578416
2010-11-05,3.12,10.33,-0.8,0.0,13.3,40.021375925763245,41.512587546578416
2010-11-06,4.82,12.23,-0.86,0.0,13.19,40.021375925763245,41.512587546578416
2010-11-07,4.77,12.36,1.02,0.0,12.7,40.021375925763245,41.512587546578416
2010-11-08,3.13,10.42,-1.31,0.0,12.52,40.021375925763245,41.512587546578416
2010-11-09,1.93,9.62,-2.29,0.0,12.45,40.021375925763245,41.512587546578416
2010-11-10,2.79,11.16,-2.17,0.0,12.06,40.021375925763245,41.512587546578416
2010-11-11,5.57,13.41,-0.41,0.0,12.27,40.021375925763245,41.512587546578416
2010-11-12,6.68,14.33,2.15,0.0,12.23,40.021375925763245,41.512587546578416
2010-11-13,5.6,13.37,1.3,0.0,12.19,40.021375925763245,41.512587546578416
2010-11-14,5.74,11.81,1.42,0.0,11.44,40.021375925763245,41.512587546578416
2010-11-15,6.92,13.52,3.38,0.0,11.22,40.021375925763245,41.512587546578416
2010-11-16,6.33,13.11,2.21,0.0,11.58,40.021375925763245,41.512587546578416
2010-11-17,4.19,11.46,-0.54,0.0,11.38,40.021375925763245,41.512587546578416
2010-11-18,3.61,11.46,-0.71,0.0,11.28,40.021375925763245,41.512587546578416
2010-11-19,4.77,12.13,0.09,0.0,11.04,40.021375925763245,41.512587546578416
2010-11-20,4.7,11.52,1.55,0.0,10.94,40.021375925763245,41.512587546578416
2010-11-21,4.61,11.59,1.34,0.02,10.72,40.021375925763245,41.512587546578416
2010-11-22,1.68,7.83,-2.51,0.74,9.46,40.021375925763245,41.512587546578416
2010-11-23,0.4,8.28,-3.28,0.0,9.48,40.021375925763245,41.512587546578416
2010-11-24,0.12,6.82,-3.24,0.0,8.56,40.021375925763245,41.512587546578416
2010-11-25,1.82,6.41,-0.78,0.01,2.25,40.021375925763245,41.512587546578416
2010-11-26,1.37,7.22,-2.38,0.01,6.12,40.021375925763245,41.512587546578416
2010-11-27,1.18,8.23,-2.78,0.0,8.94,40.021375925763245,41.512587546578416
2010-11-28,2.01,8.18,-1.78,0.0,8.3,40.021375925763245,41.512587546578416
2010-11-29,3.24,10.74,-0.62,0.0,9.59,40.021375925763245,41.512587546578416
2010-11-30,2.5,11.35,-1.44,0.0,8.07,40.021375925763245,41.512587546578416
2010-12-01,2.4,10.46,-1.59,0.0,8.86,40.021375925763245,41.512587546578416
2010-12-02,3.26,10.31,-1.76,0.0,5.84,40.021375925763245,41.512587546578416
2010-12-03,6.11,12.2,2.91,0.0,8.71,40.021375925763245,41.512587546578416
2010-12-04,6.4,14.25,3.02,0.0,9.52,40.021375925763245,41.512587546578416
2010-12-05,4.47,12.65,0.43,0.0,9.08,40.021375925763245,41.512587546578416
2010-12-06,3.29,9.32,0.1,0.61,6.61,40.021375925763245,41.512587546578416
2010-12-07,1.24,5.35,-1.56,0.23,6.73,40.021375925763245,41.512587546578416
2010-12-08,0.61,6.2,-1.89,0.0,9.35,40.021375925763245,41.512587546578416
2010-12-09,0.44,6.69,-3.34,0.0,9.58,40.021375925763245,41.512587546578416
2010-12-10,-1.77,3.54,-5.04,0.15,8.27,40.021375925763245,41.512587546578416
2010-12-11,-1.36,2.59,-3.9,2.1,2.97,40.021375925763245,41.512587546578416
2010-12-12,-2.69,0.45,-6.04,6.39,3.33,40.021375925763245,41.512587546578416
2010-12-13,-6.33,-2.85,-9.5,2.9,4.04,40.021375925763245,41.512587546578416
2010-12-14,-7.01,-2.89,-11.38,2.53,3.04,40.021375925763245,41.512587546578416
2010-12-15,-5.81,-1.59,-9.86,3.92,4.59,40.021375925763245,41.512587546578416
2010-12-16,-8.15,-1.74,-11.33,0.05,5.49,40.021375925763245,41.512587546578416
2010-12-17,-6.39,-1.54,-10.59,0.05,4.23,40.021375925763245,41.512587546578416
2010-12-18,-5.36,-0.6,-9.3,1.45,2.96,40.021375925763245,41.512587546578416
2010-12-19,-6.29,-0.23,-10.97,0.18,5.82,40.021375925763245,41.512587546578416
2010-12-20,-4.76,0.84,-8.1,0.0,8.37,40.021375925763245,41.512587546578416
2010-12-21,-4.37,1.92,-8.09,0.0,9.18,40.021375925763245,41.512587546578416
2010-12-22,-2.84,3.69,-6.25,0.0,9.18,40.021375925763245,41.512587546578416
2010-12-23,-3.63,2.39,-7.12,0.0,8.71,40.021375925763245,41.512587546578416
2010-12-24,-3.39,3.56,-7.65,0.0,8.46,40.021375925763245,41.512587546578416
2010-12-25,-3.25,3.47,-6.26,0.0,8.49,40.021375925763245,41.512587546578416
2010-12-26,-1.18,5.76,-6.06,0.0,7.67,40.021375925763245,41.512587546578416
2010-12-27,0.93,6.68,-2.12,0.0,7.66,40.021375925763245,41.512587546578416
2010-12-28,1.32,7.25,-2.01,0.0,7.98,40.021375925763245,41.512587546578416
2010-12-29,-0.01,5.83,-2.56,0.01,7.38,40.021375925763245,41.512587546578416
2010-12-30,-2.4,0.02,-4.34,0.33,4.54,40.021375925763245,41.512587546578416
2010-12-31,-4.39,-2.84,-5.41,3.18,3.58,40.021375925763245,41.512587546578416
2011-01-01,-6.67,-4.58,-10.29,3.58,4.88,40.021375925763245,41.512587546578416
2011-01-02,-8.55,-2.37,-11.9,0.01,8.71,40.021375925763245,41.512587546578416
2011-01-03,-8.79,-0.65,-13.26,0.0,4.81,40.021375925763245,41.512587546578416
2011-01-04,-6.83,-1.53,-11.46,0.77,5.14,40.021375925763245,41.512587546578416
2011-01-05,-5.06,-0.91,-7.55,0.94,5.5,40.021375925763245,41.512587546578416
2011-01-06,-6.07,-1.3,-9.5,0.01,6.37,40.021375925763245,41.512587546578416
2011-01-07,-6.04,-0.55,-9.85,0.03,6.7,40.021375925763245,41.512587546578416
2011-01-08,-6.04,-1.51,-8.72,0.3,6.58,40.021375925763245,41.512587546578416
2011-01-09,-7.68,-3.85,-11.14,0.38,5.23,40.021375925763245,41.512587546578416
2011-01-10,-9.21,-4.11,-12.44,0.09,5.89,40.021375925763245,41.512587546578416
2011-01-11,-10.5,-5.37,-13.53,0.47,6.59,40.021375925763245,41.512587546578416
2011-01-12,-10.05,-3.2,-14.33,0.0,9.66,40.021375925763245,41.512587546578416
2011-01-13,-9.49,-1.91,-13.6,0.0,10.0,40.021375925763245,41.512587546578416
2011-01-14,-8.76,-4.15,-12.66,0.02,8.22,40.021375925763245,41.512587546578416
2011-01-15,-7.75,-1.83,-11.03,0.2,8.41,40.021375925763245,41.512587546578416
2011-01-16,-7.82,-2.12,-11.51,0.33,8.76,40.021375925763245,41.512587546578416
2011-01-17,-7.72,-1.63,-11.42,0.64,7.12,40.021375925763245,41.512587546578416
2011-01-18,-7.82,-2.16,-11.28,1.45,8.48,40.021375925763245,41.512587546578416
2011-01-19,-8.48,-3.22,-11.85,1.57,8.67,40.021375925763245,41.512587546578416
2011-01-20,-7.68,-0.15,-12.07,0.05,9.77,40.021375925763245,41.512587546578416
2011-01-21,-6.95,-0.28,-11.46,0.0,9.64,40.021375925763245,41.512587546578416
2011-01-22,-5.13,2.1,-9.81,0.0,10.44,40.021375925763245,41.512587546578416
2011-01-23,-6.33,0.49,-10.37,0.0,10.16,40.021375925763245,41.512587546578416
2011-01-24,-6.78,-1.72,-10.88,0.04,5.81,40.021375925763245,41.512587546578416
2011-01-25,-5.98,-0.87,-9.78,0.3,7.18,40.021375925763245,41.512587546578416
2011-01-26,-5.38,-0.13,-9.76,1.1,6.9,40.021375925763245,41.512587546578416
2011-01-27,-4.51,-0.91,-8.36,7.32,5.0,40.021375925763245,41.512587546578416
2011-01-28,-7.48,-2.81,-10.39,0.64,7.29,40.021375925763245,41.512587546578416
2011-01-29,-6.35,-2.32,-9.87,1.64,7.84,40.021375925763245,41.512587546578416
2011-01-30,-4.56,-0.74,-6.94,10.64,5.05,40.021375925763245,41.512587546578416
2011-01-31,-8.88,-3.54,-15.28,3.68,3.79,40.021375925763245,41.512587546578416
2011-02-01,-13.9,-10.1,-18.72,4.84,6.99,40.021375925763245,41.512587546578416
2011-02-02,-16.9,-11.08,-20.89,1.53,12.79,40.021375925763245,41.512587546578416
2011-02-03,-16.82,-9.31,-22.28,0.94,12.32,40.021375925763245,41.512587546578416
2011-02-04,-13.86,-8.4,-19.41,1.67,11.51,40.021375925763245,41.512587546578416
2011-02-05,-15.43,-6.22,-20.56,0.44,13.88,40.021375925763245,41.512587546578416
2011-02-06,-12.76,-4.74,-20.26,0.52,13.44,40.021375925763245,41.512587546578416
2011-02-07,-10.46,-3.03,-14.83,2.7,11.49,40.021375925763245,41.512587546578416
2011-02-08,-10.18,-2.22,-16.24,1.49,11.99,40.021375925763245,41.512587546578416
2011-02-09,-10.21,-2.06,-15.21,0.21,13.96,40.021375925763245,41.512587546578416
2011-02-10,-13.76,-8.39,-17.55,1.5,12.53,40.021375925763245,41.512587546578416
2011-02-11,-16.59,-10.44,-21.18,1.99,12.96,40.021375925763245,41.512587546578416
2011-02-12,-15.54,-4.34,-23.75,0.04,13.16,40.021375925763245,41.512587546578416
2011-02-13,-12.17,-4.67,-18.63,2.95,12.94,40.021375925763245,41.512587546578416
2011-02-14,-11.88,-6.57,-19.36,1.52,13.67,40.021375925763245,41.512587546578416
2011-02-15,-6.72,-2.83,-10.6,4.63,11.82,40.021375925763245,41.512587546578416
2011-02-16,-12.47,-6.74,-17.92,1.32,14.37,40.021375925763245,41.512587546578416
2011-02-17,-13.96,-5.43,-20.43,0.0,16.08,40.021375925763245,41.512587546578416
2011-02-18,-10.71,-3.46,-16.17,0.02,13.39,40.021375925763245,41.512587546578416
2011-02-19,-7.24,-2.18,-14.16,0.77,10.39,40.021375925763245,41.512587546578416
2011-02-20,-4.34,-0.74,-7.3,5.53,12.43,40.021375925763245,41.512587546578416
2011-02-21,-6.39,-3.08,-11.86,6.14,12.62,40.021375925763245,41.512587546578416
2011-02-22,-8.33,-1.56,-14.53,0.26,16.28,40.021375925763245,41.512587546578416
2011-02-23,-3.91,0.23,-8.99,3.35,14.1,40.021375925763245,41.512587546578416
2011-02-24,-4.19,0.28,-9.07,3.74,11.45,40.021375925763245,41.512587546578416
2011-02-25,-3.51,0.37,-8.52,1.66,10.88,40.021375925763245,41.512587546578416
2011-02-26,-3.62,-0.12,-7.7,2.84,9.99,40.021375925763245,41.512587546578416
2011-02-27,-5.34,-0.8,-8.76,0.37,10.02,40.021375925763245,41.512587546578416
2011-02-28,-4.62,-0.29,-8.7,0.13,16.14,40.021375925763245,41.512587546578416
2011-03-01,-6.62,-2.55,-10.88,0.36,15.01,40.021375925763245,41.512587546578416
2011-03-02,-9.13,-3.9,-13.74,1.43,16.44,40.021375925763245,41.512587546578416
2011-03-03,-10.57,-5.56,-15.19,2.19,17.28,40.021375925763245,41.512587546578416
2011-03-04,-13.91,-6.5,-20.46,0.68,18.91,40.021375925763245,41.512587546578416
2011-03-05,-12.25,-3.98,-19.79,0.07,19.8,40.021375925763245,41.512587546578416
2011-03-06,-7.68,-0.91,-16.29,0.28,17.86,40.021375925763245,41.512587546578416
2011-03-07,-3.97,0.31,-7.09,2.82,12.17,40.021375925763245,41.512587546578416
2011-03-08,-2.89,1.15,-6.9,4.39,13.11,40.021375925763245,41.512587546578416
2011-03-09,-3.26,1.04,-8.42,2.99,16.45,40.021375925763245,41.512587546578416
2011-03-10,-5.87,-2.02,-11.19,1.02,20.43,40.021375925763245,41.512587546578416
2011-03-11,-7.51,-3.8,-10.35,4.28,14.3,40.021375925763245,41.512587546578416
2011-03-12,-8.21,-3.1,-12.89,0.13,18.76,40.021375925763245,41.512587546578416
2011-03-13,-10.17,-3.86,-14.91,0.13,19.5,40.021375925763245,41.512587546578416
2011-03-14,-8.78,0.0,-17.16,0.0,22.02,40.021375925763245,41.512587546578416
2011-03-15,-4.72,2.71,-11.36,0.0,21.52,40.021375925763245,41.512587546578416
2011-03-16,-1.96,4.34,-7.75,0.0,21.12,40.021375925763245,41.512587546578416
2011-03-17,-0.65,3.54,-4.82,0.0,19.58,40.021375925763245,41.512587546578416
2011-03-18,-0.27,4.78,-5.26,0.15,17.46,40.021375925763245,41.512587546578416
2011-03-19,0.71,5.07,-3.75,0.13,15.3,40.021375925763245,41.512587546578416
2011-03-20,1.12,6.29,-3.99,0.01,19.86,40.021375925763245,41.512587546578416
2011-03-21,1.17,4.98,-1.61,3.45,15.78,40.021375925763245,41.512587546578416
2011-03-22,0.25,4.89,-5.57,3.29,18.66,40.021375925763245,41.512587546578416
2011-03-23,-4.56,0.32,-8.14,3.77,12.61,40.021375925763245,41.512587546578416
2011-03-24,-5.44,-0.03,-9.06,0.37,20.69,40.021375925763245,41.512587546578416
2011-03-25,-5.62,0.33,-10.7,0.0,21.93,40.021375925763245,41.512587546578416
2011-03-26,-1.33,6.84,-9.1,0.0,24.34,40.021375925763245,41.512587546578416
2011-03-27,1.24,8.66,-4.1,0.0,23.37,40.021375925763245,41.512587546578416
2011-03-28,1.43,6.08,-2.05,0.0,21.39,40.021375925763245,41.512587546578416
2011-03-29,1.01,4.7,-2.19,0.14,22.01,40.021375925763245,41.512587546578416
2011-03-30,2.08,8.33,-3.27,0.0,21.78,40.021375925763245,41.512587546578416
2011-03-31,2.21,7.55,-1.45,0.53,20.59,40.021375925763245,41.512587546578416
2011-04-01,3.48,9.33,-1.62,0.14,20.22,40.021375925763245,41.512587546578416
2011-04-02,4.52,11.15,-0.58,0.0,14.32,40.021375925763245,41.512587546578416
2011-04-03,2.79,7.98,-0.45,7.78,9.2,40.021375925763245,41.512587546578416
2011-04-04,2.48,7.59,-1.26,18.82,12.52,40.021375925763245,41.512587546578416
2011-04-05,-0.32,2.3,-2.38,12.46,5.54,40.021375925763245,41.512587546578416
2011-04-06,-0.46,2.8,-4.05,1.97,10.35,40.021375925763245,41.512587546578416
2011-04-07,-0.65,4.45,-5.22,0.43,11.33,40.021375925763245,41.512587546578416
2011-04-08,0.35,5.33,-4.0,1.06,20.23,40.021375925763245,41.512587546578416
2011-04-09,1.87,6.53,-1.22,4.23,19.78,40.021375925763245,41.512587546578416
2011-04-10,1.08,4.31,-1.88,11.39,11.47,40.021375925763245,41.512587546578416
2011-04-11,-1.32,4.18,-6.28,7.82,16.9,40.021375925763245,41.512587546578416
2011-04-12,-4.71,2.08,-11.56,17.4,4.39,40.021375925763245,41.512587546578416
2011-04-13,-8.31,-3.03,-13.45,0.68,22.32,40.021375925763245,41.512587546578416
2011-04-14,-3.48,3.95,-10.99,0.0,24.03,40.021375925763245,41.512587546578416
2011-04-15,-0.54,4.95,-6.63,0.0,21.99,40.021375925763245,41.512587546578416
2011-04-16,1.47,6.19,-3.5,2.48,20.26,40.021375925763245,41.512587546578416
2011-04-17,3.51,8.0,0.27,7.04,10.83,40.021375925763245,41.512587546578416
2011-04-18,5.57,11.37,-0.14,3.31,17.66,40.021375925763245,41.512587546578416
2011-04-19,7.85,15.11,1.3,2.94,15.72,40.021375925763245,41.512587546578416
2011-04-20,4.45,9.22,-0.44,24.84,9.31,40.021375925763245,41.512587546578416
2011-04-21,3.15,9.51,-2.16,0.89,15.78,40.021375925763245,41.512587546578416
2011-04-22,1.86,6.91,-2.34,5.02,9.67,40.021375925763245,41.512587546578416
2011-04-23,2.44,7.16,-1.76,3.11,14.8,40.021375925763245,41.512587546578416
2011-04-24,2.89,8.73,-2.6,0.27,19.89,40.021375925763245,41.512587546578416
2011-04-25,4.25,9.59,-0.89,0.61,19.35,40.021375925763245,41.512587546578416
2011-04-26,2.8,6.77,-1.26,4.77,17.89,40.021375925763245,41.512587546578416
2011-04-27,5.05,11.41,-1.03,0.21,19.21,40.021375925763245,41.512587546578416
2011-04-28,5.97,12.01,-0.66,0.0,26.43,40.021375925763245,41.512587546578416
2011-04-29,5.28,10.11,1.87,6.78,9.65,40.021375925763245,41.512587546578416
2011-04-30,5.56,9.88,1.51,0.5,13.49,40.021375925763245,41.512587546578416
2011-05-01,3.76,6.98,0.37,1.23,13.12,40.021375925763245,41.512587546578416
2011-05-02,5.15,11.26,-1.51,1.12,21.71,40.021375925763245,41.512587546578416
2011-05-03,5.93,10.83,1.27,0.4,19.39,40.021375925763245,41.512587546578416
2011-05-04,7.55,13.02,0.85,1.83,17.46,40.021375925763245,41.512587546578416
2011-05-05,6.45,10.93,2.98,6.53,18.17,40.021375925763245,41.512587546578416
2011-05-06,4.32,7.38,0.67,7.42,9.65,40.021375925763245,41.512587546578416
2011-05-07,2.93,8.95,-2.01,2.1,15.17,40.021375925763245,41.512587546578416
2011-05-08,3.77,9.78,-3.07,4.54,14.08,40.021375925763245,41.512587546578416
2011-05-09,5.84,12.37,-0.27,0.03,24.49,40.021375925763245,41.512587546578416
2011-05-10,6.42,11.42,1.26,0.94,19.85,40.021375925763245,41.512587546578416
2011-05-11,6.89,12.5,1.11,4.18,19.6,40.021375925763245,41.512587546578416
2011-05-12,7.27,14.23,1.47,0.97,21.11,40.021375925763245,41.512587546578416
2011-05-13,3.71,8.54,-1.6,1.85,16.82,40.021375925763245,41.512587546578416
2011-05-14,3.57,7.92,0.12,3.32,15.89,40.021375925763245,41.512587546578416
2011-05-15,4.22,9.11,-0.91,2.08,16.49,40.021375925763245,41.512587546578416
2011-05-16,5.3,10.67,-0.53,0.49,20.3,40.021375925763245,41.512587546578416
2011-05-17,8.42,14.88,1.63,0.0,25.43,40.021375925763245,41.512587546578416
2011-05-18,10.57,17.78,4.11,0.0,23.03,40.021375925763245,41.512587546578416
2011-05-19,7.52,13.32,3.77,2.65,18.31,40.021375925763245,41.512587546578416
2011-05-20,7.24,12.96,2.38,1.49,20.44,40.021375925763245,41.512587546578416
2011-05-21,4.33,9.73,0.29,24.79,9.52,40.021375925763245,41.512587546578416
2011-05-22,6.14,12.98,-0.8,0.44,18.13,40.021375925763245,41.512587546578416
2011-05-23,5.39,10.74,1.1,12.8,17.05,40.021375925763245,41.512587546578416
2011-05-24,8.07,15.29,1.03,0.32,20.81,40.021375925763245,41.512587546578416
2011-05-25,9.4,15.76,2.82,0.25,22.08,40.021375925763245,41.512587546578416
2011-05-26,9.47,15.64,4.12,0.44,20.7,40.021375925763245,41.512587546578416
2011-05-27,9.71,15.97,3.6,0.19,24.41,40.021375925763245,41.512587546578416
2011-05-28,10.94,16.84,5.41,0.29,18.33,40.021375925763245,41.512587546578416
2011-05-29,9.67,14.65,4.96,1.62,20.85,40.021375925763245,41.512587546578416
2011-05-30,11.77,17.88,4.7,11.97,23.62,40.021375925763245,41.512587546578416
2011-05-31,13.41,20.2,7.23,0.01,25.48,40.021375925763245,41.512587546578416
2011-06-01,14.78,21.12,8.3,3.71,20.24,40.021375925763245,41.512587546578416
2011-06-02,12.54,18.58,7.24,26.2,15.68,40.021375925763245,41.512587546578416
2011-06-03,11.15,16.8,6.18,2.21,20.93,40.021375925763245,41.512587546578416
2011-06-04,11.45,16.63,6.54,6.08,22.74,40.021375925763245,41.512587546578416
2011-06-05,10.91,16.48,6.26,3.27,20.26,40.021375925763245,41.512587546578416
2011-06-06,10.28,15.65,4.38,1.41,21.52,40.021375925763245,41.512587546578416
2011-06-07,11.79,17.75,5.27,0.02,26.07,40.021375925763245,41.512587546578416
2011-06-08,12.31,17.87,6.68,0.03,22.72,40.021375925763245,41.512587546578416
2011-06-09,12.11,18.99,5.28,0.0,32.4,40.021375925763245,41.512587546578416
2011-06-10,12.21,18.06,5.78,0.11,25.4,40.021375925763245,41.512587546578416
2011-06-11,11.27,17.07,5.9,3.51,15.84,40.021375925763245,41.512587546578416
2011-06-12,9.14,13.81,5.43,4.02,14.1,40.021375925763245,41.512587546578416
2011-06-13,9.48,15.13,5.05,2.19,19.17,40.021375925763245,41.512587546578416
2011-06-14,9.88,13.83,5.7,8.98,14.35,40.021375925763245,41.512587546578416
2011-06-15,11.37,17.02,4.67,0.3,21.52,40.021375925763245,41.512587546578416
2011-06-16,13.93,19.98,6.93,0.02,27.09,40.021375925763245,41.512587546578416
2011-06-17,14.84,21.48,8.31,0.26,26.66,40.021375925763245,41.512587546578416
2011-06-18,14.99,21.68,7.75,0.43,25.85,40.021375925763245,41.512587546578416
2011-06-19,14.21,20.93,7.79,0.67,26.01,40.021375925763245,41.512587546578416
2011-06-20,12.27,18.15,6.03,1.34,21.14,40.021375925763245,41.512587546578416
2011-06-21,11.39,19.33,3.4,0.15,29.12,40.021375925763245,41.512587546578416
2011-06-22,10.8,17.71,5.14,0.18,25.39,40.021375925763245,41.512587546578416
2011-06-23,9.47,16.68,3.61,0.0,30.14,40.021375925763245,41.512587546578416
2011-06-24,9.8,17.73,1.61,0.0,31.11,40.021375925763245,41.512587546578416
2011-06-25,14.41,22.48,3.8,0.0,31.7,40.021375925763245,41.512587546578416
2011-06-26,16.63,22.67,9.27,0.33,29.01,40.021375925763245,41.512587546578416
2011-06-27,13.98,21.17,6.95,3.07,25.72,40.021375925763245,41.512587546578416
2011-06-28,14.3,21.48,6.93,1.62,27.94,40.021375925763245,41.512587546578416
2011-06-29,14.68,21.43,7.13,0.44,29.71,40.021375925763245,41.512587546578416
2011-06-30,13.93,21.11,6.84,0.39,26.49,40.021375925763245,41.512587546578416
2011-07-01,13.44,21.67,5.29,0.08,28.44,40.021375925763245,41.512587546578416
2011-07-02,14.87,22.47,7.66,0.62,24.97,40.021375925763245,41.512587546578416
2011-07-03,13.68,20.92,5.98,0.0,28.67,40.021375925763245,41.512587546578416
2011-07-04,15.57,23.27,7.33,0.06,27.02,40.021375925763245,41.512587546578416
2011-07-05,14.91,21.83,8.24,0.04,26.62,40.021375925763245,41.512587546578416
2011-07-06,17.29,24.63,8.55,0.0,29.79,40.021375925763245,41.512587546578416
2011-07-07,19.83,26.52,13.2,0.0,30.32,40.021375925763245,41.512587546578416
2011-07-08,18.14,26.44,9.69,0.0,27.07,40.021375925763245,41.512587546578416
2011-07-09,17.17,25.0,9.99,0.02,24.51,40.021375925763245,41.512587546578416
2011-07-10,15.9,22.67,10.54,0.45,14.86,40.021375925763245,41.512587546578416
2011-07-11,14.83,21.14,9.19,0.92,22.5,40.021375925763245,41.512587546578416
2011-07-12,15.76,21.11,10.15,0.31,22.44,40.021375925763245,41.512587546578416
2011-07-13,17.4,24.38,9.6,0.53,21.96,40.021375925763245,41.512587546578416
2011-07-14,18.52,25.63,10.17,0.0,27.41,40.021375925763245,41.512587546578416
2011-07-15,18.67,26.67,10.8,0.31,23.7,40.021375925763245,41.512587546578416
2011-07-16,16.69,24.18,11.1,3.67,18.81,40.021375925763245,41.512587546578416
2011-07-17,14.93,20.43,9.5,5.5,20.92,40.021375925763245,41.512587546578416
2011-07-18,16.52,23.37,8.57,1.37,21.0,40.021375925763245,41.512587546578416
2011-07-19,15.13,20.46,10.47,5.64,15.14,40.021375925763245,41.512587546578416
2011-07-20,14.14,18.55,10.5,4.4,19.46,40.021375925763245,41.512587546578416
2011-07-21,15.92,20.66,10.3,0.01,22.82,40.021375925763245,41.512587546578416
2011-07-22,16.88,23.03,11.39,0.04,25.37,40.021375925763245,41.512587546578416
2011-07-23,14.47,19.14,9.46,2.5,16.68,40.021375925763245,41.512587546578416
2011-07-24,15.39,21.69,8.26,1.4,24.17,40.021375925763245,41.512587546578416
2011-07-25,17.81,24.61,8.89,0.21,25.01,40.021375925763245,41.512587546578416
2011-07-26,19.87,26.45,13.69,0.0,28.74,40.021375925763245,41.512587546578416
2011-07-27,20.07,28.31,11.77,0.0,28.37,40.021375925763245,41.512587546578416
2011-07-28,20.22,28.73,12.47,0.0,27.93,40.021375925763245,41.512587546578416
2011-07-29,21.16,29.09,12.2,0.0,23.32,40.021375925763245,41.512587546578416
2011-07-30,22.92,30.0,16.79,0.02,23.61,40.021375925763245,41.512587546578416
2011-07-31,21.77,28.76,14.96,0.44,25.87,40.021375925763245,41.512587546578416
2011-08-01,20.97,29.18,12.28,0.03,27.38,40.021375925763245,41.512587546578416
2011-08-02,22.12,29.57,13.96,0.12,27.24,40.021375925763245,41.512587546578416
2011-08-03,20.84,29.67,13.25,0.73,24.65,40.021375925763245,41.512587546578416
2011-08-04,17.95,26.61,11.01,0.47,23.17,40.021375925763245,41.512587546578416
2011-08-05,16.66,25.11,10.85,1.66,21.23,40.021375925763245,41.512587546578416
2011-08-06,15.61,23.69,9.09,0.02,22.68,40.021375925763245,41.512587546578416
2011-08-07,16.13,23.72,9.88,0.17,18.6,40.021375925763245,41.512587546578416
2011-08-08,16.68,25.07,9.21,0.01,22.82,40.021375925763245,41.512587546578416
2011-08-09,17.1,25.26,10.17,0.63,23.59,40.021375925763245,41.512587546578416
2011-08-10,17.09,25.76,9.12,0.0,27.39,40.021375925763245,41.512587546578416
2011-08-11,19.08,27.41,9.84,0.46,25.93,40.021375925763245,41.512587546578416
2011-08-12,18.88,26.55,12.08,0.19,22.51,40.021375925763245,41.512587546578416
2011-08-13,17.43,24.79,10.94,0.35,20.01,40.021375925763245,41.512587546578416
2011-08-14,16.62,24.89,9.1,0.75,22.43,40.021375925763245,41.512587546578416
2011-08-15,17.14,25.37,9.43,0.56,23.3,40.021375925763245,41.512587546578416
2011-08-16,16.58,24.6,10.27,6.06,20.38,40.021375925763245,41.512587546578416
2011-08-17,15.88,23.4,10.07,0.19,19.92,40.021375925763245,41.512587546578416
2011-08-18,15.37,23.26,9.11,0.03,21.07,40.021375925763245,41.512587546578416
2011-08-19,13.93,21.86,6.33,0.77,23.49,40.021375925763245,41.512587546578416
2011-08-20,13.48,19.85,7.94,4.28,23.14,40.021375925763245,41.512587546578416
2011-08-21,14.18,21.22,8.17,0.13,20.37,40.021375925763245,41.512587546578416
2011-08-22,14.67,23.24,8.28,0.88,22.95,40.021375925763245,41.512587546578416
2011-08-23,14.25,22.13,8.09,0.43,22.63,40.021375925763245,41.512587546578416
2011-08-24,13.37,22.06,6.79,0.01,23.56,40.021375925763245,41.512587546578416
2011-08-25,13.85,23.22,6.83,0.0,22.71,40.021375925763245,41.512587546578416
2011-08-26,14.01,22.73,7.39,0.0,19.52,40.021375925763245,41.512587546578416
2011-08-27,13.52,22.39,6.77,0.0,24.11,40.021375925763245,41.512587546578416
2011-08-28,13.21,22.15,5.37,0.0,23.89,40.021375925763245,41.512587546578416
2011-08-29,13.67,24.19,3.61,0.0,26.25,40.021375925763245,41.512587546578416
2011-08-30,16.44,25.94,7.62,0.0,26.44,40.021375925763245,41.512587546578416
2011-08-31,16.75,24.84,10.59,0.05,24.44,40.021375925763245,41.512587546578416
2011-09-01,15.34,23.6,8.34,0.78,19.59,40.021375925763245,41.512587546578416
2011-09-02,14.94,22.71,9.36,1.86,17.57,40.021375925763245,41.512587546578416
2011-09-03,14.13,22.21,8.08,1.32,12.39,40.021375925763245,41.512587546578416
2011-09-04,12.1,17.7,7.52,1.64,13.42,40.021375925763245,41.512587546578416
2011-09-05,11.49,19.6,6.24,2.65,19.43,40.021375925763245,41.512587546578416
2011-09-06,10.05,18.94,3.75,0.02,21.34,40.021375925763245,41.512587546578416
2011-09-07,10.14,20.87,0.5,0.0,24.34,40.021375925763245,41.512587546578416
2011-09-08,13.67,23.27,5.12,0.0,23.81,40.021375925763245,41.512587546578416
2011-09-09,14.03,22.7,6.79,0.03,24.07,40.021375925763245,41.512587546578416
2011-09-10,11.13,18.46,5.85,2.55,17.57,40.021375925763245,41.512587546578416
2011-09-11,11.01,20.24,3.78,0.0,21.2,40.021375925763245,41.512587546578416
2011-09-12,10.3,19.29,3.68,0.0,21.65,40.021375925763245,41.512587546578416
2011-09-13,10.13,20.55,1.6,0.0,22.94,40.021375925763245,41.512587546578416
2011-09-14,12.0,22.09,3.09,0.0,22.85,40.021375925763245,41.512587546578416
2011-09-15,12.48,20.63,5.95,0.0,17.23,40.021375925763245,41.512587546578416
2011-09-16,12.03,20.61,5.33,0.02,19.17,40.021375925763245,41.512587546578416
2011-09-17,12.41,21.63,6.1,0.2,20.41,40.021375925763245,41.512587546578416
2011-09-18,12.64,22.11,5.66,0.0,20.82,40.021375925763245,41.512587546578416
2011-09-19,14.22,23.08,5.54,0.15,18.92,40.021375925763245,41.512587546578416
2011-09-20,12.6,19.05,7.38,1.87,11.8,40.021375925763245,41.512587546578416
2011-09-21,11.9,19.48,5.16,0.01,16.89,40.021375925763245,41.512587546578416
2011-09-22,13.53,21.46,7.41,0.0,18.53,40.021375925763245,41.512587546578416
2011-09-23,11.28,19.68,7.16,0.42,14.17,40.021375925763245,41.512587546578416
2011-09-24,10.63,16.31,6.17,4.23,12.28,40.021375925763245,41.512587546578416
2011-09-25,8.62,14.57,4.59,3.01,9.81,40.021375925763245,41.512587546578416
2011-09-26,8.67,15.91,3.69,0.56,15.63,40.021375925763245,41.512587546578416
2011-09-27,8.88,16.37,3.74,0.02,16.8,40.021375925763245,41.512587546578416
2011-09-28,8.99,16.64,2.95,0.0,18.66,40.021375925763245,41.512587546578416
2011-09-29,9.0,16.08,3.9,0.2,17.99,40.021375925763245,41.512587546578416
2011-09-30,6.91,13.4,1.72,2.38,15.47,40.021375925763245,41.512587546578416
2011-10-01,3.31,9.23,-2.37,1.36,13.77,40.021375925763245,41.512587546578416
2011-10-02,3.62,12.01,-2.97,0.0,19.73,40.021375925763245,41.512587546578416
2011-10-03,2.46,8.01,-3.58,4.18,10.48,40.021375925763245,41.512587546578416
2011-10-04,3.13,12.15,-4.5,0.04,18.44,40.021375925763245,41.512587546578416
2011-10-05,5.23,13.14,-0.45,0.0,17.29,40.021375925763245,41.512587546578416
2011-10-06,7.52,16.46,0.71,0.0,18.74,40.021375925763245,41.512587546578416
2011-10-07,9.43,16.98,3.54,0.0,17.84,40.021375925763245,41.512587546578416
2011-10-08,9.3,16.39,3.56,0.0,16.23,40.021375925763245,41.512587546578416
2011-10-09,9.91,17.3,4.74,0.0,16.71,40.021375925763245,41.512587546578416
2011-10-10,11.11,19.27,4.26,0.0,12.06,40.021375925763245,41.512587546578416
2011-10-11,12.72,21.38,6.96,0.0,16.23,40.021375925763245,41.512587546578416
2011-10-12,12.21,20.12,6.18,1.86,11.99,40.021375925763245,41.512587546578416
2011-10-13,6.45,11.44,2.68,6.47,6.71,40.021375925763245,41.512587546578416
2011-10-14,5.66,12.34,0.21,0.72,8.88,40.021375925763245,41.512587546578416
2011-10-15,6.13,12.4,1.34,1.34,11.22,40.021375925763245,41.512587546578416
2011-10-16,8.13,13.82,3.38,0.48,10.28,40.021375925763245,41.512587546578416
2011-10-17,7.28,14.69,1.26,0.2,9.79,40.021375925763245,41.512587546578416
2011-10-18,6.29,12.63,0.46,0.28,10.51,40.021375925763245,41.512587546578416
2011-10-19,1.87,6.26,-4.79,15.38,3.17,40.021375925763245,41.512587546578416
2011-10-20,-3.47,2.24,-6.81,3.21,7.64,40.021375925763245,41.512587546578416
2011-10-21,0.81,10.08,-6.51,0.0,13.39,40.021375925763245,41.512587546578416
2011-10-22,4.89,12.46,-0.9,0.0,14.01,40.021375925763245,41.512587546578416
2011-10-23,4.38,11.5,-0.51,0.0,13.24,40.021375925763245,41.512587546578416
2011-10-24,3.95,11.37,-1.21,0.01,12.32,40.021375925763245,41.512587546578416
2011-10-25,2.92,7.52,0.31,2.49,8.3,40.021375925763245,41.512587546578416
2011-10-26,0.87,6.3,-2.97,4.82,8.26,40.021375925763245,41.512587546578416
2011-10-27,-0.51,3.21,-4.38,1.82,6.12,40.021375925763245,41.512587546578416
2011-10-28,-1.13,4.47,-4.46,0.02,11.84,40.021375925763245,41.512587546578416
2011-10-29,-1.47,4.35,-4.72,0.17,10.73,40.021375925763245,41.512587546578416
2011-10-30,-1.37,3.15,-4.4,0.25,8.51,40.021375925763245,41.512587546578416
2011-10-31,-1.76,2.9,-4.58,0.64,9.03,40.021375925763245,41.512587546578416
2011-11-01,-0.21,6.0,-4.83,0.0,13.93,40.021375925763245,41.512587546578416
2011-11-02,0.32,6.0,-3.2,0.01,13.03,40.021375925763245,41.512587546578416
2011-11-03,-1.07,2.76,-3.7,0.9,9.89,40.021375925763245,41.512587546578416
2011-11-04,-0.9,3.52,-3.99,2.49,6.2,40.021375925763245,41.512587546578416
2011-11-05,-1.2,2.89,-4.66,3.15,6.96,40.021375925763245,41.512587546578416
2011-11-06,-2.71,2.45,-6.63,1.18,7.3,40.021375925763245,41.512587546578416
2011-11-07,-6.72,-1.17,-11.83,0.25,11.21,40.021375925763245,41.512587546578416
2011-11-08,-6.86,-0.67,-11.93,0.0,12.34,40.021375925763245,41.512587546578416
2011-11-09,-4.56,2.51,-10.39,0.04,9.52,40.021375925763245,41.512587546578416
2011-11-10,-3.73,-0.29,-6.42,4.57,5.23,40.021375925763245,41.512587546578416
2011-11-11,-4.56,-1.28,-6.92,4.05,4.6,40.021375925763245,41.512587546578416
2011-11-12,-9.3,-6.7,-15.65,2.94,4.51,40.021375925763245,41.512587546578416
2011-11-13,-11.33,-4.84,-15.56,0.86,7.99,40.021375925763245,41.512587546578416
2011-11-14,-10.14,-1.45,-16.45,0.17,10.58,40.021375925763245,41.512587546578416
2011-11-15,-4.83,1.49,-11.26,1.19,7.51,40.021375925763245,41.512587546578416
2011-11-16,-3.78,1.12,-7.35,4.11,3.56,40.021375925763245,41.512587546578416
2011-11-17,-3.65,0.54,-6.51,2.89,4.44,40.021375925763245,41.512587546578416
2011-11-18,-4.62,0.35,-7.75,2.87,5.84,40.021375925763245,41.512587546578416
2011-11-19,-5.01,0.71,-9.06,1.0,8.14,40.021375925763245,41.512587546578416
2011-11-20,-6.04,0.94,-10.38,0.62,6.52,40.021375925763245,41.512587546578416
2011-11-21,-6.9,1.47,-12.23,0.2,6.92,40.021375925763245,41.512587546578416
2011-11-22,-6.25,1.06,-10.45,0.0,9.34,40.021375925763245,41.512587546578416
2011-11-23,-8.07,-1.95,-11.65,1.48,8.42,40.021375925763245,41.512587546578416
2011-11-24,-11.48,-6.98,-17.67,1.41,7.05,40.021375925763245,41.512587546578416
2011-11-25,-14.04,-6.14,-19.03,0.0,9.66,40.021375925763245,41.512587546578416
2011-11-26,-11.23,-2.76,-16.75,0.19,8.5,40.021375925763245,41.512587546578416
2011-11-27,-10.01,-4.06,-13.02,0.36,7.9,40.021375925763245,41.512587546578416
2011-11-28,-8.9,-2.55,-13.11,0.13,9.03,40.021375925763245,41.512587546578416
2011-11-29,-10.36,-3.38,-16.26,1.04,6.09,40.021375925763245,41.512587546578416
2011-11-30,-11.9,-5.26,-16.59,0.74,7.8,40.021375925763245,41.512587546578416
2011-12-01,-11.43,-5.7,-15.02,0.82,9.65,40.021375925763245,41.512587546578416
2011-12-02,-11.31,-5.54,-15.23,0.28,6.74,40.021375925763245,41.512587546578416
2011-12-03,-10.41,-4.02,-13.75,0.23,9.68,40.021375925763245,41.512587546578416
2011-12-04,-6.35,1.4,-12.54,0.0,10.32,40.021375925763245,41.512587546578416
2011-12-05,-4.04,3.14,-7.83,0.0,10.16,40.021375925763245,41.512587546578416
2011-12-06,-4.81,2.38,-8.07,0.0,10.2,40.021375925763245,41.512587546578416
2011-12-07,-5.15,2.54,-9.07,0.0,9.75,40.021375925763245,41.512587546578416
2011-12-08,-6.13,0.8,-10.66,0.19,7.4,40.021375925763245,41.512587546578416
2011-12-09,-6.44,-2.5,-9.31,1.77,6.34,40.021375925763245,41.512587546578416
2011-12-10,-7.67,-3.97,-11.11,2.53,6.81,40.021375925763245,41.512587546578416
2011-12-11,-8.6,-1.05,-13.85,0.02,9.89,40.021375925763245,41.512587546578416
2011-12-12,-6.62,0.05,-9.88,0.0,8.34,40.021375925763245,41.512587546578416
2011-12-13,-5.55,1.11,-9.86,0.0,9.87,40.021375925763245,41.512587546578416
2011-12-14,-4.22,1.36,-7.88,0.0,8.27,40.021375925763245,41.512587546578416
2011-12-15,-4.27,-0.1,-7.64,0.71,7.88,40.021375925763245,41.512587546578416
2011-12-16,-5.9,1.95,-11.04,0.0,9.35,40.021375925763245,41.512587546578416
2011-12-17,-6.46,-0.4,-11.15,0.06,8.39,40.021375925763245,41.512587546578416
2011-12-18,-6.03,1.05,-10.69,0.0,6.68,40.021375925763245,41.512587546578416
2011-12-19,-2.09,4.77,-6.72,0.0,8.41,40.021375925763245,41.512587546578416
2011-12-20,-2.8,4.65,-6.68,0.0,8.26,40.021375925763245,41.512587546578416
2011-12-21,-2.75,3.18,-5.59,0.18,7.69,40.021375925763245,41.512587546578416
2011-12-22,-3.51,1.51,-6.35,1.28,4.81,40.021375925763245,41.512587546578416
2011-12-23,-4.68,-0.01,-7.67,0.11,6.47,40.021375925763245,41.512587546578416
2011-12-24,-4.61,0.07,-7.46,1.46,3.6,40.021375925763245,41.512587546578416
2011-12-25,-4.98,-0.82,-8.62,2.95,4.62,40.021375925763245,41.512587546578416
2011-12-26,-7.69,-2.97,-11.95,1.53,5.15,40.021375925763245,41.512587546578416
2011-12-27,-9.17,-3.02,-12.44,0.03,8.41,40.021375925763245,41.512587546578416
2011-12-28,-6.81,1.23,-11.63,0.0,9.64,40.021375925763245,41.512587546578416
2011-12-29,-5.87,2.66,-10.51,0.0,10.0,40.021375925763245,41.512587546578416
2011-12-30,-8.83,-0.8,-13.38,0.0,9.91,40.021375925763245,41.512587546578416
2011-12-31,-8.44,-1.65,-13.26,0.34,7.91,40.021375925763245,41.512587546578416
2012-01-01,-7.73,-0.79,-12.35,0.86,6.31,40.021375925763245,41.512587546578416
2012-01-02,-8.2,-3.79,-13.93,1.77,5.6,40.021375925763245,41.512587546578416
2012-01-03,-12.24,-5.24,-16.41,0.01,8.88,40.021375925763245,41.512587546578416
2012-01-04,-7.11,0.94,-14.71,0.0,9.45,40.021375925763245,41.512587546578416
2012-01-05,-6.13,1.68,-11.54,0.0,10.22,40.021375925763245,41.512587546578416
2012-01-06,-9.3,-3.86,-14.24,0.59,7.32,40.021375925763245,41.512587546578416
2012-01-07,-7.68,0.28,-12.1,0.16,8.68,40.021375925763245,41.512587546578416
2012-01-08,-7.27,-2.19,-10.64,0.5,4.98,40.021375925763245,41.512587546578416
2012-01-09,-5.9,-1.33,-10.15,1.87,4.49,40.021375925763245,41.512587546578416
2012-01-10,-6.55,-1.75,-9.63,0.81,6.46,40.021375925763245,41.512587546578416
2012-01-11,-6.8,-1.09,-11.04,0.19,6.9,40.021375925763245,41.512587546578416
2012-01-12,-6.92,-2.15,-10.61,1.92,8.3,40.021375925763245,41.512587546578416
2012-01-13,-7.03,-3.31,-9.1,0.53,8.73,40.021375925763245,41.512587546578416
2012-01-14,-8.83,-3.54,-12.81,0.34,9.14,40.021375925763245,41.512587546578416
2012-01-15,-6.28,-2.42,-10.36,3.72,4.44,40.021375925763245,41.512587546578416
2012-01-16,-5.12,-2.6,-6.93,6.16,5.4,40.021375925763245,41.512587546578416
2012-01-17,-6.57,-3.66,-8.85,5.95,3.16,40.021375925763245,41.512587546578416
2012-01-18,-12.24,-7.83,-18.66,1.95,8.08,40.021375925763245,41.512587546578416
2012-01-19,-16.12,-11.38,-20.02,1.69,8.54,40.021375925763245,41.512587546578416
2012-01-20,-18.2,-12.51,-22.47,0.64,10.34,40.021375925763245,41.512587546578416
2012-01-21,-16.69,-9.01,-22.1,0.15,10.65,40.021375925763245,41.512587546578416
2012-01-22,-12.4,-4.27,-18.14,0.63,9.43,40.021375925763245,41.512587546578416
2012-01-23,-12.01,-6.12,-17.11,1.51,8.06,40.021375925763245,41.512587546578416
2012-01-24,-15.01,-8.35,-19.31,0.11,10.09,40.021375925763245,41.512587546578416
2012-01-25,-12.57,-5.75,-19.01,0.3,10.11,40.021375925763245,41.512587546578416
2012-01-26,-9.11,-3.92,-12.09,0.9,9.63,40.021375925763245,41.512587546578416
2012-01-27,-7.5,-2.72,-11.33,2.36,8.37,40.021375925763245,41.512587546578416
2012-01-28,-12.85,-6.85,-20.59,2.37,10.86,40.021375925763245,41.512587546578416
2012-01-29,-17.02,-7.99,-22.2,0.26,11.68,40.021375925763245,41.512587546578416
2012-01-30,-13.27,-5.48,-21.85,2.28,10.43,40.021375925763245,41.512587546578416
2012-01-31,-9.83,-3.97,-15.36,3.8,9.12,40.021375925763245,41.512587546578416
2012-02-01,-11.39,-5.93,-18.12,6.31,6.19,40.021375925763245,41.512587546578416
2012-02-02,-17.64,-12.11,-21.15,0.88,13.62,40.021375925763245,41.512587546578416
2012-02-03,-12.88,-4.73,-19.27,0.0,12.57,40.021375925763245,41.512587546578416
2012-02-04,-10.17,-1.66,-16.21,0.0,13.98,40.021375925763245,41.512587546578416
2012-02-05,-8.89,-1.18,-13.58,0.0,14.18,40.021375925763245,41.512587546578416
2012-02-06,-10.87,-2.53,-17.76,0.0,14.12,40.021375925763245,41.512587546578416
2012-02-07,-11.58,-5.67,-19.34,4.32,10.48,40.021375925763245,41.512587546578416
2012-02-08,-8.14,-4.16,-11.3,3.97,13.13,40.021375925763245,41.512587546578416
2012-02-09,-9.36,-4.05,-15.85,5.17,12.08,40.021375925763245,41.512587546578416
2012-02-10,-12.22,-7.96,-22.32,5.89,11.15,40.021375925763245,41.512587546578416
2012-02-11,-17.71,-8.6,-24.65,0.88,14.17,40.021375925763245,41.512587546578416
2012-02-12,-12.69,-3.98,-19.74,0.0,14.34,40.021375925763245,41.512587546578416
2012-02-13,-10.42,-2.83,-15.32,0.0,14.08,40.021375925763245,41.512587546578416
2012-02-14,-11.2,-2.42,-16.79,0.0,12.32,40.021375925763245,41.512587546578416
2012-02-15,-10.34,-2.63,-17.65,0.43,11.8,40.021375925763245,41.512587546578416
2012-02-16,-8.89,-5.34,-15.37,4.86,12.22,40.021375925763245,41.512587546578416
2012-02-17,-10.41,-5.15,-18.79,4.67,12.03,40.021375925763245,41.512587546578416
2012-02-18,-9.86,-5.96,-16.17,3.17,12.36,40.021375925763245,41.512587546578416
2012-02-19,-16.6,-10.19,-21.97,1.02,15.54,40.021375925763245,41.512587546578416
2012-02-20,-15.94,-9.0,-21.31,0.29,15.48,40.021375925763245,41.512587546578416
2012-02-21,-13.3,-4.61,-20.01,0.0,17.39,40.021375925763245,41.512587546578416
2012-02-22,-12.82,-5.16,-18.15,0.0,17.03,40.021375925763245,41.512587546578416
2012-02-23,-13.92,-5.24,-19.47,0.0,16.92,40.021375925763245,41.512587546578416
2012-02-24,-12.84,-3.76,-19.56,0.0,16.84,40.021375925763245,41.512587546578416
2012-02-25,-12.16,-6.23,-17.18,0.17,16.38,40.021375925763245,41.512587546578416
2012-02-26,-12.27,-5.32,-18.16,0.56,16.42,40.021375925763245,41.512587546578416
2012-02-27,-8.33,-2.61,-15.0,1.62,13.56,40.021375925763245,41.512587546578416
2012-02-28,-5.46,-1.34,-9.04,1.45,16.62,40.021375925763245,41.512587546578416
2012-02-29,-6.29,-1.38,-10.46,2.37,12.96,40.021375925763245,41.512587546578416
2012-03-01,-10.14,-7.36,-15.98,1.59,13.74,40.021375925763245,41.512587546578416
2012-03-02,-13.8,-9.14,-20.42,1.79,13.84,40.021375925763245,41.512587546578416
2012-03-03,-13.87,-7.18,-21.94,2.77,15.7,40.021375925763245,41.512587546578416
2012-03-04,-14.11,-10.58,-20.42,2.56,10.02,40.021375925763245,41.512587546578416
2012-03-05,-16.59,-10.08,-22.41,0.66,18.52,40.021375925763245,41.512587546578416
2012-03-06,-15.05,-7.5,-24.34,1.31,16.41,40.021375925763245,41.512587546578416
2012-03-07,-11.1,-3.91,-18.11,1.11,17.97,40.021375925763245,41.512587546578416
2012-03-08,-11.91,-4.49,-18.07,0.4,19.99,40.021375925763245,41.512587546578416
2012-03-09,-11.6,-5.01,-19.59,2.18,17.74,40.021375925763245,41.512587546578416
2012-03-10,-16.05,-8.76,-22.22,0.78,19.41,40.021375925763245,41.512587546578416
2012-03-11,-15.02,-5.61,-22.34,0.01,21.84,40.021375925763245,41.512587546578416
2012-03-12,-9.57,-2.93,-18.3,4.36,19.49,40.021375925763245,41.512587546578416
2012-03-13,-7.31,-0.87,-13.7,0.21,17.94,40.021375925763245,41.512587546578416
2012-03-14,-5.53,-0.33,-11.69,2.4,16.22,40.021375925763245,41.512587546578416
2012-03-15,-9.35,-6.01,-14.47,1.04,18.33,40.021375925763245,41.512587546578416
2012-03-16,-13.89,-10.45,-21.54,1.26,19.53,40.021375925763245,41.512587546578416
2012-03-17,-17.72,-11.27,-22.8,0.25,21.48,40.021375925763245,41.512587546578416
2012-03-18,-11.13,-1.81,-22.55,0.0,22.13,40.021375925763245,41.512587546578416
2012-03-19,-5.39,1.12,-12.42,0.0,22.34,40.021375925763245,41.512587546578416
2012-03-20,-3.8,2.22,-8.75,0.0,22.89,40.021375925763245,41.512587546578416
2012-03-21,-4.77,1.58,-9.39,0.05,21.21,40.021375925763245,41.512587546578416
2012-03-22,-6.25,-0.46,-10.64,0.49,21.0,40.021375925763245,41.512587546578416
2012-03-23,-6.93,-1.43,-12.04,0.16,21.77,40.021375925763245,41.512587546578416
2012-03-24,-5.25,1.0,-10.96,0.0,23.75,40.021375925763245,41.512587546578416
2012-03-25,-4.37,1.79,-9.7,0.0,21.0,40.021375925763245,41.512587546578416
2012-03-26,-3.55,1.53,-9.04,0.28,20.85,40.021375925763245,41.512587546578416
2012-03-27,-6.58,-1.9,-14.48,1.21,20.05,40.021375925763245,41.512587546578416
2012-03-28,-8.72,-0.85,-15.48,0.09,24.48,40.021375925763245,41.512587546578416
2012-03-29,-4.52,-0.27,-8.85,1.37,21.0,40.021375925763245,41.512587546578416
2012-03-30,-4.84,-0.05,-8.65,1.42,21.4,40.021375925763245,41.512587546578416
2012-03-31,-4.71,-0.73,-8.61,2.74,19.35,40.021375925763245,41.512587546578416
2012-04-01,-2.44,2.27,-8.18,1.25,16.78,40.021375925763245,41.512587546578416
2012-04-02,-1.0,2.94,-4.37,3.2,13.02,40.021375925763245,41.512587546578416
2012-04-03,0.25,6.03,-4.95,0.41,23.41,40.021375925763245,41.512587546578416
2012-04-04,2.08,8.67,-3.44,0.0,23.19,40.021375925763245,41.512587546578416
2012-04-05,4.29,10.47,-1.16,0.0,23.53,40.021375925763245,41.512587546578416
2012-04-06,4.31,11.63,-1.68,0.0,23.09,40.021375925763245,41.512587546578416
2012-04-07,3.65,10.48,-2.32,1.23,18.82,40.021375925763245,41.512587546578416
2012-04-08,3.99,10.18,-0.62,5.9,16.69,40.021375925763245,41.512587546578416
2012-04-09,4.15,8.74,-0.14,1.27,12.97,40.021375925763245,41.512587546578416
2012-04-10,5.42,11.89,0.62,2.17,15.94,40.021375925763245,41.512587546578416
2012-04-11,4.65,10.97,-1.01,7.39,11.29,40.021375925763245,41.512587546578416
2012-04-12,3.73,9.85,-1.09,2.17,13.77,40.021375925763245,41.512587546578416
2012-04-13,4.27,11.45,-1.51,0.0,20.17,40.021375925763245,41.512587546578416
2012-04-14,7.08,15.24,-0.23,0.0,25.73,40.021375925763245,41.512587546578416
2012-04-15,7.05,14.45,1.25,0.03,21.81,40.021375925763245,41.512587546578416
2012-04-16,4.47,10.78,-0.49,2.1,16.09,40.021375925763245,41.512587546578416
2012-04-17,2.57,7.77,-2.61,4.4,13.44,40.021375925763245,41.512587546578416
2012-04-18,5.93,16.06,-2.91,0.03,26.34,40.021375925763245,41.512587546578416
2012-04-19,3.55,7.82,-0.92,4.23,10.16,40.021375925763245,41.512587546578416
2012-04-20,3.25,8.55,-1.9,0.78,15.18,40.021375925763245,41.512587546578416
2012-04-21,5.21,12.56,-0.98,0.0,18.59,40.021375925763245,41.512587546578416
2012-04-22,5.24,11.56,-0.24,1.28,18.54,40.021375925763245,41.512587546578416
2012-04-23,5.43,13.13,-0.92,0.01,20.14,40.021375925763245,41.512587546578416
2012-04-24,6.94,15.27,-1.93,0.34,24.58,40.021375925763245,41.512587546578416
2012-04-25,7.13,13.53,1.04,1.43,21.46,40.021375925763245,41.512587546578416
2012-04-26,8.49,15.19,1.91,0.14,24.28,40.021375925763245,41.512587546578416
2012-04-27,6.47,11.49,2.35,0.25,17.2,40.021375925763245,41.512587546578416
2012-04-28,6.87,12.51,1.45,0.02,17.36,40.021375925763245,41.512587546578416
2012-04-29,7.13,12.96,1.54,0.34,17.76,40.021375925763245,41.512587546578416
2012-04-30,7.98,15.83,1.25,0.03,23.21,40.021375925763245,41.512587546578416
2012-05-01,8.56,17.39,-0.01,0.0,28.54,40.021375925763245,41.512587546578416
2012-05-02,11.03,19.45,2.53,0.0,27.98,40.021375925763245,41.512587546578416
2012-05-03,9.59,15.57,4.32,4.11,12.6,40.021375925763245,41.512587546578416
2012-05-04,7.5,12.06,4.02,3.42,16.83,40.021375925763245,41.512587546578416
2012-05-05,6.98,11.34,3.61,5.73,15.67,40.021375925763245,41.512587546578416
2012-05-06,7.42,12.95,3.47,2.91,14.47,40.021375925763245,41.512587546578416
2012-05-07,7.21,12.27,2.83,2.48,11.75,40.021375925763245,41.512587546578416
2012-05-08,8.04,14.12,1.96,1.34,20.19,40.021375925763245,41.512587546578416
2012-05-09,9.42,15.35,3.09,1.62,19.7,40.021375925763245,41.512587546578416
2012-05-10,12.1,18.93,4.83,0.0,25.47,40.021375925763245,41.512587546578416
2012-05-11,11.25,16.66,6.38,5.93,13.45,40.021375925763245,41.512587546578416
2012-05-12,10.31,17.59,4.1,0.39,21.01,40.021375925763245,41.512587546578416
2012-05-13,9.25,14.89,4.1,1.67,17.63,40.021375925763245,41.512587546578416
2012-05-14,7.47,12.57,1.23,0.81,17.09,40.021375925763245,41.512587546578416
2012-05-15,8.04,13.15,3.72,2.57,16.69,40.021375925763245,41.512587546578416
2012-05-16,9.47,16.25,2.75,0.37,24.71,40.021375925763245,41.512587546578416
2012-05-17,7.99,12.46,3.66,4.72,16.74,40.021375925763245,41.512587546578416
2012-05-18,9.32,16.83,1.79,0.0,27.25,40.021375925763245,41.512587546578416
2012-05-19,10.22,16.85,3.7,1.2,19.98,40.021375925763245,41.512587546578416
2012-05-20,9.36,14.86,4.42,3.43,15.0,40.021375925763245,41.512587546578416
2012-05-21,10.32,17.63,3.25,0.67,21.73,40.021375925763245,41.512587546578416
2012-05-22,6.94,12.11,2.23,1.17,14.24,40.021375925763245,41.512587546578416
2012-05-23,9.15,17.07,2.46,0.94,23.24,40.021375925763245,41.512587546578416
2012-05-24,8.71,15.03,3.31,0.26,21.69,40.021375925763245,41.512587546578416
2012-05-25,7.24,13.61,2.26,23.46,11.77,40.021375925763245,41.512587546578416
2012-05-26,5.93,9.33,0.63,3.32,19.17,40.021375925763245,41.512587546578416
2012-05-27,8.78,14.89,2.82,1.54,17.36,40.021375925763245,41.512587546578416
2012-05-28,9.68,15.68,4.0,1.43,22.61,40.021375925763245,41.512587546578416
2012-05-29,9.45,15.68,2.36,0.85,22.9,40.021375925763245,41.512587546578416
2012-05-30,10.81,16.07,3.97,2.39,17.28,40.021375925763245,41.512587546578416
2012-05-31,12.49,19.08,6.64,0.96,24.38,40.021375925763245,41.512587546578416
2012-06-01,10.73,17.75,4.27,1.92,24.82,40.021375925763245,41.512587546578416
2012-06-02,9.62,17.29,2.65,0.0,29.06,40.021375925763245,41.512587546578416
2012-06-03,11.08,19.46,2.08,0.0,31.7,40.021375925763245,41.512587546578416
2012-06-04,14.24,22.73,4.52,0.13,30.13,40.021375925763245,41.512587546578416
2012-06-05,14.22,20.5,7.49,0.0,29.19,40.021375925763245,41.512587546578416
2012-06-06,15.37,21.97,8.7,0.01,31.22,40.021375925763245,41.512587546578416
2012-06-07,14.8,21.28,8.38,0.8,26.34,40.021375925763245,41.512587546578416
2012-06-08,10.89,18.34,4.8,4.97,14.97,40.021375925763245,41.512587546578416
2012-06-09,11.05,18.12,3.27,0.0,22.54,40.021375925763245,41.512587546578416
2012-06-10,13.8,22.03,5.87,0.0,29.43,40.021375925763245,41.512587546578416
2012-06-11,15.4,23.12,6.44,0.0,28.22,40.021375925763245,41.512587546578416
2012-06-12,15.67,22.43,8.65,0.0,28.42,40.021375925763245,41.512587546578416
2012-06-13,15.24,21.15,8.47,0.0,28.2,40.021375925763245,41.512587546578416
2012-06-14,17.87,24.99,8.48,0.0,27.36,40.021375925763245,41.512587546578416
2012-06-15,19.23,25.37,13.33,1.54,21.52,40.021375925763245,41.512587546578416
2012-06-16,16.18,23.01,9.03,0.68,27.1,40.021375925763245,41.512587546578416
2012-06-17,12.55,20.83,4.3,0.1,25.58,40.021375925763245,41.512587546578416
2012-06-18,9.69,16.98,2.27,0.65,20.04,40.021375925763245,41.512587546578416
2012-06-19,12.57,20.73,4.21,0.0,30.56,40.021375925763245,41.512587546578416
2012-06-20,14.34,22.44,6.51,0.0,28.91,40.021375925763245,41.512587546578416
2012-06-21,14.49,21.47,6.53,0.01,21.89,40.021375925763245,41.512587546578416
2012-06-22,15.37,22.21,6.97,0.0,27.76,40.021375925763245,41.512587546578416
2012-06-23,16.74,23.94,10.29,0.39,22.89,40.021375925763245,41.512587546578416
2012-06-24,15.36,21.67,9.63,0.04,23.3,40.021375925763245,41.512587546578416
2012-06-25,13.31,18.01,9.32,3.45,17.98,40.021375925763245,41.512587546578416
2012-06-26,14.25,18.76,8.71,0.77,21.09,40.021375925763245,41.512587546578416
2012-06-27,13.6,18.45,9.33,1.37,21.29,40.021375925763245,41.512587546578416
2012-06-28,11.42,16.74,5.54,6.14,13.14,40.021375925763245,41.512587546578416
2012-06-29,9.88,16.75,4.19,1.42,21.44,40.021375925763245,41.512587546578416
2012-06-30,9.51,16.78,3.24,1.58,24.85,40.021375925763245,41.512587546578416
2012-07-01,8.0,14.75,2.04,1.67,22.15,40.021375925763245,41.512587546578416
2012-07-02,10.38,19.7,0.55,1.69,19.28,40.021375925763245,41.512587546578416
2012-07-03,11.63,18.39,3.91,1.53,17.84,40.021375925763245,41.512587546578416
2012-07-04,11.59,19.05,5.55,10.42,15.55,40.021375925763245,41.512587546578416
2012-07-05,12.7,20.3,5.4,0.01,20.55,40.021375925763245,41.512587546578416
2012-07-06,13.82,21.63,7.04,0.01,23.0,40.021375925763245,41.512587546578416
2012-07-07,14.32,22.55,6.01,0.0,26.15,40.021375925763245,41.512587546578416
2012-07-08,13.97,20.44,7.35,1.73,21.91,40.021375925763245,41.512587546578416
2012-07-09,14.21,20.69,8.31,0.85,18.69,40.021375925763245,41.512587546578416
2012-07-10,13.58,18.76,8.67,3.85,19.19,40.021375925763245,41.512587546578416
2012-07-11,14.82,23.68,6.83,0.55,27.11,40.021375925763245,41.512587546578416
2012-07-12,15.92,24.15,7.13,0.27,26.46,40.021375925763245,41.512587546578416
2012-07-13,18.17,26.53,9.53,0.0,27.49,40.021375925763245,41.512587546578416
2012-07-14,18.37,26.7,10.37,0.47,23.53,40.021375925763245,41.512587546578416
2012-07-15,15.61,22.6,9.72,0.41,27.11,40.021375925763245,41.512587546578416
2012-07-16,16.78,24.8,9.33,0.0,29.53,40.021375925763245,41.512587546578416
2012-07-17,17.45,25.95,9.41,0.03,28.71,40.021375925763245,41.512587546578416
2012-07-18,18.53,27.54,10.0,0.38,28.75,40.021375925763245,41.512587546578416
2012-07-19,17.72,26.49,10.5,0.06,27.34,40.021375925763245,41.512587546578416
2012-07-20,17.42,25.73,9.61,0.0,28.93,40.021375925763245,41.512587546578416
2012-07-21,18.37,26.11,10.17,0.01,27.28,40.021375925763245,41.512587546578416
2012-07-22,19.58,27.96,10.73,0.43,24.73,40.021375925763245,41.512587546578416
2012-07-23,21.3,29.98,12.62,0.01,27.64,40.021375925763245,41.512587546578416
2012-07-24,21.64,30.54,13.1,0.0,25.62,40.021375925763245,41.512587546578416
2012-07-25,21.43,29.44,14.32,0.0,28.24,40.021375925763245,41.512587546578416
2012-07-26,20.75,29.25,12.16,0.0,27.5,40.021375925763245,41.512587546578416
2012-07-27,21.0,29.15,13.17,0.0,24.09,40.021375925763245,41.512587546578416
2012-07-28,21.28,29.56,13.16,0.49,24.02,40.021375925763245,41.512587546578416
2012-07-29,17.81,26.11,11.69,0.81,17.27,40.021375925763245,41.512587546578416
2012-07-30,16.5,24.7,10.8,0.34,20.52,40.021375925763245,41.512587546578416
2012-07-31,17.8,25.26,11.06,0.84,20.56,40.021375925763245,41.512587546578416
2012-08-01,17.24,23.64,10.6,13.42,18.59,40.021375925763245,41.512587546578416
2012-08-02,18.82,26.03,10.92,1.92,23.32,40.021375925763245,41.512587546578416
2012-08-03,19.88,27.51,12.93,0.0,26.61,40.021375925763245,41.512587546578416
2012-08-04,19.2,28.57,10.06,0.0,24.57,40.021375925763245,41.512587546578416
2012-08-05,19.6,29.08,11.48,0.13,21.83,40.021375925763245,41.512587546578416
2012-08-06,18.6,27.31,11.62,1.37,19.51,40.021375925763245,41.512587546578416
2012-08-07,18.54,27.15,11.0,0.41,22.18,40.021375925763245,41.512587546578416
2012-08-08,18.42,26.58,9.99,0.64,20.83,40.021375925763245,41.512587546578416
2012-08-09,17.77,25.55,11.28,2.0,18.8,40.021375925763245,41.512587546578416
2012-08-10,16.78,23.37,11.21,1.72,18.9,40.021375925763245,41.512587546578416
2012-08-11,18.73,27.48,10.53,0.04,22.03,40.021375925763245,41.512587546578416
2012-08-12,20.3,28.87,10.98,0.0,24.43,40.021375925763245,41.512587546578416
2012-08-13,20.05,27.74,13.61,0.17,20.71,40.021375925763245,41.512587546578416
2012-08-14,19.05,28.32,11.59,0.18,22.87,40.021375925763245,41.512587546578416
2012-08-15,18.67,28.5,11.11,0.69,22.99,40.021375925763245,41.512587546578416
2012-08-16,18.18,28.41,10.06,0.32,22.44,40.021375925763245,41.512587546578416
2012-08-17,16.41,25.62,9.37,0.04,19.57,40.021375925763245,41.512587546578416
2012-08-18,16.93,26.7,8.7,0.01,20.81,40.021375925763245,41.512587546578416
2012-08-19,17.16,26.86,9.38,0.12,20.54,40.021375925763245,41.512587546578416
2012-08-20,13.89,22.88,8.44,1.64,17.66,40.021375925763245,41.512587546578416
2012-08-21,13.15,21.08,7.11,0.0,23.43,40.021375925763245,41.512587546578416
2012-08-22,13.48,22.56,5.22,0.01,25.9,40.021375925763245,41.512587546578416
2012-08-23,13.1,22.66,6.27,0.03,26.25,40.021375925763245,41.512587546578416
2012-08-24,15.62,26.57,5.04,0.0,25.98,40.021375925763245,41.512587546578416
2012-08-25,17.23,27.27,7.79,0.0,25.74,40.021375925763245,41.512587546578416
2012-08-26,19.69,29.26,10.01,0.0,25.64,40.021375925763245,41.512587546578416
2012-08-27,21.08,29.44,14.74,0.0,21.27,40.021375925763245,41.512587546578416
2012-08-28,19.48,27.2,12.22,0.02,23.99,40.021375925763245,41.512587546578416
2012-08-29,15.8,24.82,9.0,1.9,17.36,40.021375925763245,41.512587546578416
2012-08-30,15.01,24.72,7.48,1.33,18.26,40.021375925763245,41.512587546578416
2012-08-31,14.32,21.65,8.81,2.23,14.26,40.021375925763245,41.512587546578416
2012-09-01,12.28,18.2,8.32,3.1,12.71,40.021375925763245,41.512587546578416
2012-09-02,12.82,18.56,8.64,1.08,12.26,40.021375925763245,41.512587546578416
2012-09-03,13.22,20.65,7.61,0.05,15.13,40.021375925763245,41.512587546578416
2012-09-04,14.21,23.26,6.52,0.0,22.51,40.021375925763245,41.512587546578416
2012-09-05,15.01,24.74,7.23,0.0,23.84,40.021375925763245,41.512587546578416
2012-09-06,15.77,26.08,4.75,0.0,24.65,40.021375925763245,41.512587546578416
2012-09-07,16.61,25.07,9.53,0.01,24.06,40.021375925763245,41.512587546578416
2012-09-08,13.22,21.95,7.01,0.4,20.17,40.021375925763245,41.512587546578416
2012-09-09,11.74,19.33,6.63,3.88,17.93,40.021375925763245,41.512587546578416
2012-09-10,11.21,18.65,6.47,2.25,13.09,40.021375925763245,41.512587546578416
2012-09-11,11.54,20.15,4.54,0.26,19.93,40.021375925763245,41.512587546578416
2012-09-12,12.78,19.96,6.08,0.0,18.66,40.021375925763245,41.512587546578416
2012-09-13,14.6,21.64,8.08,0.0,19.29,40.021375925763245,41.512587546578416
2012-09-14,14.46,22.4,7.96,0.01,20.11,40.021375925763245,41.512587546578416
2012-09-15,12.75,21.75,5.55,0.0,22.59,40.021375925763245,41.512587546578416
2012-09-16,14.38,23.91,5.42,0.0,22.87,40.021375925763245,41.512587546578416
2012-09-17,15.91,24.94,7.77,0.0,22.38,40.021375925763245,41.512587546578416
2012-09-18,16.13,24.59,9.23,0.0,21.51,40.021375925763245,41.512587546578416
2012-09-19,15.95,24.12,9.35,0.0,21.4,40.021375925763245,41.512587546578416
2012-09-20,14.07,22.25,7.64,0.0,19.11,40.021375925763245,41.512587546578416
2012-09-21,13.82,22.1,7.6,0.11,18.72,40.021375925763245,41.512587546578416
2012-09-22,13.11,21.1,6.69,1.09,17.16,40.021375925763245,41.512587546578416
2012-09-23,10.01,17.06,3.07,0.89,15.63,40.021375925763245,41.512587546578416
2012-09-24,9.83,19.82,2.39,0.07,21.45,40.021375925763245,41.512587546578416
2012-09-25,14.05,22.88,6.13,0.0,21.27,40.021375925763245,41.512587546578416
2012-09-26,13.64,22.39,7.44,0.0,20.68,40.021375925763245,41.512587546578416
2012-09-27,12.32,21.53,5.49,0.0,20.55,40.021375925763245,41.512587546578416
2012-09-28,12.67,21.87,4.91,0.0,20.84,40.021375925763245,41.512587546578416
2012-09-29,14.81,22.8,8.13,0.0,20.26,40.021375925763245,41.512587546578416
2012-09-30,14.84,22.72,9.67,0.0,19.25,40.021375925763245,41.512587546578416
2012-10-01,13.93,22.19,8.35,0.0,19.49,40.021375925763245,41.512587546578416
2012-10-02,15.47,22.71,9.24,0.0,18.2,40.021375925763245,41.512587546578416
2012-10-03,13.29,18.41,9.25,0.55,12.2,40.021375925763245,41.512587546578416
2012-10-04,11.17,16.11,6.49,10.12,10.68,40.021375925763245,41.512587546578416
2012-10-05,9.96,15.61,5.63,0.53,10.99,40.021375925763245,41.512587546578416
2012-10-06,9.69,16.87,4.65,0.02,13.22,40.021375925763245,41.512587546578416
2012-10-07,9.14,15.64,4.39,0.09,13.79,40.021375925763245,41.512587546578416
2012-10-08,9.11,14.4,4.88,4.03,9.0,40.021375925763245,41.512587546578416
2012-10-09,7.98,12.93,4.45,2.91,10.02,40.021375925763245,41.512587546578416
2012-10-10,7.56,12.71,4.17,6.7,11.11,40.021375925763245,41.512587546578416
2012-10-11,7.9,12.56,4.23,3.6,7.63,40.021375925763245,41.512587546578416
2012-10-12,5.64,10.64,0.51,4.45,8.9,40.021375925763245,41.512587546578416
2012-10-13,7.2,15.42,0.06,0.0,15.77,40.021375925763245,41.512587546578416
2012-10-14,9.5,16.08,5.17,0.0,16.84,40.021375925763245,41.512587546578416
2012-10-15,10.31,17.49,4.47,0.0,17.25,40.021375925763245,41.512587546578416
2012-10-16,9.99,17.98,4.43,0.0,16.97,40.021375925763245,41.512587546578416
2012-10-17,8.69,17.25,3.15,0.0,16.71,40.021375925763245,41.512587546578416
2012-10-18,6.78,14.91,1.52,0.0,15.76,40.021375925763245,41.512587546578416
2012-10-19,6.92,14.62,0.69,0.0,14.81,40.021375925763245,41.512587546578416
2012-10-20,7.4,14.6,1.7,0.03,12.82,40.021375925763245,41.512587546578416
2012-10-21,6.0,12.37,1.54,0.03,11.05,40.021375925763245,41.512587546578416
2012-10-22,7.16,14.09,0.84,0.01,13.63,40.021375925763245,41.512587546578416
2012-10-23,5.64,8.85,2.48,4.56,8.07,40.021375925763245,41.512587546578416
2012-10-24,5.14,10.1,1.77,2.8,7.99,40.021375925763245,41.512587546578416
2012-10-25,3.93,7.91,1.17,2.72,8.42,40.021375925763245,41.512587546578416
2012-10-26,4.36,9.31,1.23,7.65,5.28,40.021375925763245,41.512587546578416
2012-10-27,4.6,9.62,0.19,0.7,8.14,40.021375925763245,41.512587546578416
2012-10-28,5.25,12.65,0.14,0.0,14.09,40.021375925763245,41.512587546578416
2012-10-29,7.0,14.74,0.35,0.0,14.09,40.021375925763245,41.512587546578416
2012-10-30,7.11,13.88,1.28,0.0,11.13,40.021375925763245,41.512587546578416
2012-10-31,6.66,13.67,0.2,1.14,12.57,40.021375925763245,41.512587546578416
2012-11-01,4.64,8.84,0.68,0.5,5.99,40.021375925763245,41.512587546578416
2012-11-02,5.66,13.28,-0.11,0.0,12.35,40.021375925763245,41.512587546578416
2012-11-03,6.77,12.12,2.88,0.09,12.01,40.021375925763245,41.512587546578416
2012-11-04,5.84,11.21,2.23,6.28,8.56,40.021375925763245,41.512587546578416
2012-11-05,4.38,10.73,0.32,0.0,11.31,40.021375925763245,41.512587546578416
2012-11-06,5.01,12.62,0.03,0.0,12.74,40.021375925763245,41.512587546578416
2012-11-07,5.99,12.74,0.91,0.02,11.45,40.021375925763245,41.512587546578416
2012-11-08,4.13,8.49,1.29,3.12,5.79,40.021375925763245,41.512587546578416
2012-11-09,5.17,9.96,2.33,1.9,3.76,40.021375925763245,41.512587546578416
2012-11-10,4.47,8.68,2.12,13.75,4.12,40.021375925763245,41.512587546578416
2012-11-11,4.05,8.76,1.39,8.98,2.63,40.021375925763245,41.512587546578416
2012-11-12,2.36,7.44,-0.35,9.26,3.56,40.021375925763245,41.512587546578416
2012-11-13,1.29,6.5,-2.36,0.43,7.33,40.021375925763245,41.512587546578416
2012-11-14,0.84,6.53,-2.48,2.75,7.43,40.021375925763245,41.512587546578416
2012-11-15,1.3,8.38,-3.6,0.27,8.86,40.021375925763245,41.512587546578416
2012-11-16,2.3,9.42,-1.72,0.0,11.09,40.021375925763245,41.512587546578416
2012-11-17,2.68,9.9,-0.75,0.0,10.93,40.021375925763245,41.512587546578416
2012-11-18,1.9,8.33,-1.85,0.0,10.77,40.021375925763245,41.512587546578416
2012-11-19,0.96,7.31,-2.77,0.0,9.01,40.021375925763245,41.512587546578416
2012-11-20,0.69,6.83,-2.93,0.0,7.45,40.021375925763245,41.512587546578416
2012-11-21,0.62,6.83,-3.09,0.04,7.59,40.021375925763245,41.512587546578416
2012-11-22,0.68,4.77,-1.8,0.31,6.27,40.021375925763245,41.512587546578416
2012-11-23,0.4,4.54,-2.47,0.19,5.52,40.021375925763245,41.512587546578416
2012-11-24,0.42,5.19,-2.63,1.09,8.07,40.021375925763245,41.512587546578416
2012-11-25,-0.5,3.31,-2.77,3.78,6.36,40.021375925763245,41.512587546578416
2012-11-26,-1.66,2.08,-4.68,0.6,7.06,40.021375925763245,41.512587546578416
2012-11-27,-2.18,3.73,-5.77,0.28,8.67,40.021375925763245,41.512587546578416
2012-11-28,-0.93,6.9,-4.61,0.0,10.52,40.021375925763245,41.512587546578416
2012-11-29,-0.9,6.73,-4.73,0.0,8.84,40.021375925763245,41.512587546578416
2012-11-30,-0.42,5.81,-3.43,0.0,6.86,40.021375925763245,41.512587546578416
2012-12-01,1.99,9.09,-3.02,0.0,9.67,40.021375925763245,41.512587546578416
2012-12-02,3.85,9.58,0.31,0.0,9.18,40.021375925763245,41.512587546578416
2012-12-03,1.04,6.67,-2.0,0.15,7.28,40.021375925763245,41.512587546578416
2012-12-04,-1.1,2.55,-3.0,2.68,2.29,40.021375925763245,41.512587546578416
2012-12-05,-4.19,-1.56,-8.31,4.99,2.01,40.021375925763245,41.512587546578416
2012-12-06,-5.92,-1.14,-9.66,1.25,6.46,40.021375925763245,41.512587546578416
2012-12-07,-4.4,0.44,-8.13,4.57,2.1,40.021375925763245,41.512587546578416
2012-12-08,-4.45,-0.29,-8.48,5.33,2.89,40.021375925763245,41.512587546578416
2012-12-09,-8.64,-1.86,-12.66,0.05,5.84,40.021375925763245,41.512587546578416
2012-12-10,-7.86,-0.31,-13.49,0.13,7.59,40.021375925763245,41.512587546578416
2012-12-11,-5.66,-1.63,-9.07,3.68,2.99,40.021375925763245,41.512587546578416
2012-12-12,-6.61,-0.36,-9.75,0.34,6.34,40.021375925763245,41.512587546578416
2012-12-13,-5.13,-0.26,-9.04,2.01,5.02,40.021375925763245,41.512587546578416
2012-12-14,-9.27,-4.67,-14.56,3.35,3.66,40.021375925763245,41.512587546578416
2012-12-15,-12.73,-6.65,-16.91,0.52,6.23,40.021375925763245,41.512587546578416
2012-12-16,-12.65,-7.43,-16.14,0.28,6.42,40.021375925763245,41.512587546578416
2012-12-17,-12.41,-7.13,-17.15,3.7,4.64,40.021375925763245,41.512587546578416
2012-12-18,-8.38,-4.99,-12.37,5.89,2.49,40.021375925763245,41.512587546578416
2012-12-19,-4.72,-1.19,-7.18,2.44,4.22,40.021375925763245,41.512587546578416
2012-12-20,-5.12,-0.2,-7.96,5.7,2.44,40.021375925763245,41.512587546578416
2012-12-21,-6.12,-1.53,-8.96,2.57,3.84,40.021375925763245,41.512587546578416
2012-12-22,-8.41,-2.21,-12.12,1.58,4.37,40.021375925763245,41.512587546578416
2012-12-23,-6.65,-1.0,-11.83,2.86,5.06,40.021375925763245,41.512587546578416
2012-12-24,-5.58,-2.11,-11.81,5.89,1.62,40.021375925763245,41.512587546578416
2012-12-25,-11.64,-3.68,-17.68,0.0,7.8,40.021375925763245,41.512587546578416
2012-12-26,-10.72,-2.86,-17.52,0.0,7.95,40.021375925763245,41.512587546578416
2012-12-27,-5.72,0.51,-9.63,0.0,9.24,40.021375925763245,41.512587546578416
2012-12-28,-5.9,-0.43,-10.11,0.0,5.29,40.021375925763245,41.512587546578416
2012-12-29,-6.65,-2.04,-11.81,0.03,8.07,40.021375925763245,41.512587546578416
2012-12-30,-11.99,-4.99,-20.88,2.68,6.98,40.021375925763245,41.512587546578416
2012-12-31,-14.18,-5.35,-21.3,0.0,10.04,40.021375925763245,41.512587546578416
2013-01-01,-11.92,-4.59,-15.74,0.0,10.01,40.021375925763245,41.512587546578416
2013-01-02,-10.51,-3.09,-15.51,0.0,9.78,40.021375925763245,41.512587546578416
2013-01-03,-9.26,-2.15,-12.61,0.0,9.92,40.021375925763245,41.512587546578416
2013-01-04,-11.31,-4.1,-15.81,0.0,9.51,40.021375925763245,41.512587546578416
2013-01-05,-11.34,-5.93,-15.84,4.17,8.41,40.021375925763245,41.512587546578416
2013-01-06,-8.06,-3.66,-10.72,8.8,3.87,40.021375925763245,41.512587546578416
2013-01-07,-6.06,-2.23,-10.68,10.22,1.84,40.021375925763245,41.512587546578416
2013-01-08,-10.54,-5.43,-15.16,4.09,6.21,40.021375925763245,41.512587546578416
2013-01-09,-14.43,-10.17,-17.71,3.38,9.26,40.021375925763245,41.512587546578416
2013-01-10,-15.93,-10.26,-21.4,1.8,9.76,40.021375925763245,41.512587546578416
2013-01-11,-17.69,-9.6,-22.7,0.16,10.39,40.021375925763245,41.512587546578416
2013-01-12,-15.58,-7.32,-21.88,0.06,10.42,40.021375925763245,41.512587546578416
2013-01-13,-12.68,-5.84,-17.9,1.22,8.22,40.021375925763245,41.512587546578416
2013-01-14,-13.76,-6.23,-18.92,2.48,8.82,40.021375925763245,41.512587546578416
2013-01-15,-14.98,-6.29,-20.47,0.0,11.01,40.021375925763245,41.512587546578416
2013-01-16,-11.75,-3.19,-17.4,0.0,9.85,40.021375925763245,41.512587546578416
2013-01-17,-12.52,-5.3,-17.97,0.0,10.26,40.021375925763245,41.512587546578416
2013-01-18,-12.02,-3.23,-17.0,0.0,9.21,40.021375925763245,41.512587546578416
2013-01-19,-11.9,-4.62,-18.78,0.01,9.23,40.021375925763245,41.512587546578416
2013-01-20,-9.65,-4.3,-15.26,0.28,9.51,40.021375925763245,41.512587546578416
2013-01-21,-9.0,-0.81,-16.32,0.0,9.35,40.021375925763245,41.512587546578416
2013-01-22,-6.38,-0.52,-11.53,0.96,9.95,40.021375925763245,41.512587546578416
2013-01-23,-6.36,-0.82,-11.61,0.54,9.02,40.021375925763245,41.512587546578416
2013-01-24,-7.18,-1.13,-12.2,0.81,9.8,40.021375925763245,41.512587546578416
2013-01-25,-6.29,-1.03,-12.36,1.07,8.17,40.021375925763245,41.512587546578416
2013-01-26,-5.38,-0.68,-10.88,0.37,9.95,40.021375925763245,41.512587546578416
2013-01-27,-3.72,-0.07,-8.41,7.15,5.91,40.021375925763245,41.512587546578416
2013-01-28,-5.37,-0.75,-9.65,0.3,9.68,40.021375925763245,41.512587546578416
2013-01-29,-6.79,-1.68,-10.24,1.41,8.14,40.021375925763245,41.512587546578416
2013-01-30,-9.11,-2.8,-13.49,0.27,10.67,40.021375925763245,41.512587546578416
2013-01-31,-7.85,-3.36,-12.8,2.61,7.95,40.021375925763245,41.512587546578416
2013-02-01,-6.99,-2.65,-9.79,2.95,8.78,40.021375925763245,41.512587546578416
2013-02-02,-12.01,-7.62,-18.5,0.38,11.61,40.021375925763245,41.512587546578416
2013-02-03,-10.5,-1.46,-18.6,0.0,12.78,40.021375925763245,41.512587546578416
2013-02-04,-6.96,-0.16,-13.15,0.0,13.28,40.021375925763245,41.512587546578416
2013-02-05,-5.83,0.1,-13.32,0.0,12.72,40.021375925763245,41.512587546578416
2013-02-06,-6.35,-0.3,-13.43,1.67,12.78,40.021375925763245,41.512587546578416
2013-02-07,-6.34,-0.67,-11.28,3.35,11.97,40.021375925763245,41.512587546578416
2013-02-08,-8.2,-0.3,-13.95,0.0,14.12,40.021375925763245,41.512587546578416
2013-02-09,-6.0,0.12,-11.57,0.0,12.25,40.021375925763245,41.512587546578416
2013-02-10,-4.67,0.42,-8.45,0.04,12.83,40.021375925763245,41.512587546578416
2013-02-11,-4.91,0.34,-8.55,2.12,12.56,40.021375925763245,41.512587546578416
2013-02-12,-5.32,-1.13,-10.88,1.18,11.79,40.021375925763245,41.512587546578416
2013-02-13,-6.87,0.32,-12.36,0.01,15.01,40.021375925763245,41.512587546578416
2013-02-14,-5.82,1.0,-11.19,0.0,15.34,40.021375925763245,41.512587546578416
2013-02-15,-4.82,0.62,-10.89,1.87,12.87,40.021375925763245,41.512587546578416
2013-02-16,-4.72,-1.74,-7.93,2.24,13.43,40.021375925763245,41.512587546578416
2013-02-17,-7.25,-3.48,-10.44,0.69,13.61,40.021375925763245,41.512587546578416
2013-02-18,-7.98,-3.2,-12.32,3.53,14.02,40.021375925763245,41.512587546578416
2013-02-19,-9.31,-4.73,-14.27,0.68,14.91,40.021375925763245,41.512587546578416
2013-02-20,-9.3,-2.99,-15.89,1.36,14.3,40.021375925763245,41.512587546578416
2013-02-21,-7.11,-2.22,-12.48,4.66,15.11,40.021375925763245,41.512587546578416
2013-02-22,-7.78,-2.46,-12.97,0.32,12.48,40.021375925763245,41.512587546578416
2013-02-23,-3.91,0.37,-6.98,2.09,14.74,40.021375925763245,41.512587546578416
2013-02-24,-4.07,0.55,-7.77,1.13,11.82,40.021375925763245,41.512587546578416
2013-02-25,-4.21,0.93,-8.34,0.0,16.08,40.021375925763245,41.512587546578416
2013-02-26,-4.24,1.21,-8.0,0.0,17.14,40.021375925763245,41.512587546578416
2013-02-27,-3.28,1.05,-7.82,3.67,16.16,40.021375925763245,41.512587546578416
2013-02-28,-1.9,0.65,-4.48,9.28,13.2,40.021375925763245,41.512587546578416
2013-03-01,-6.04,-3.67,-10.59,3.29,10.18,40.021375925763245,41.512587546578416
2013-03-02,-8.72,-2.7,-13.09,0.32,17.39,40.021375925763245,41.512587546578416
2013-03-03,-5.83,-1.93,-13.03,0.58,13.57,40.021375925763245,41.512587546578416
2013-03-04,-2.55,0.97,-7.64,2.49,8.76,40.021375925763245,41.512587546578416
2013-03-05,-10.61,-6.76,-17.53,3.16,10.21,40.021375925763245,41.512587546578416
2013-03-06,-15.46,-8.49,-20.95,0.53,18.93,40.021375925763245,41.512587546578416
2013-03-07,-11.58,-2.84,-19.54,0.0,20.56,40.021375925763245,41.512587546578416
2013-03-08,-8.56,-0.97,-16.3,0.0,20.05,40.021375925763245,41.512587546578416
2013-03-09,-5.52,-0.94,-9.07,0.0,16.53,40.021375925763245,41.512587546578416
2013-03-10,-4.4,0.84,-9.23,0.0,18.58,40.021375925763245,41.512587546578416
2013-03-11,-3.1,1.87,-7.56,0.07,17.32,40.021375925763245,41.512587546578416
2013-03-12,0.74,3.24,-3.32,1.04,16.4,40.021375925763245,41.512587546578416
2013-03-13,1.8,3.51,0.41,3.51,8.65,40.021375925763245,41.512587546578416
2013-03-14,1.84,5.19,-0.99,2.31,18.31,40.021375925763245,41.512587546578416
2013-03-15,2.59,7.15,-1.93,0.0,12.27,40.021375925763245,41.512587546578416
2013-03-16,3.46,5.95,1.07,3.28,10.87,40.021375925763245,41.512587546578416
2013-03-17,0.03,3.65,-7.67,6.63,9.01,40.021375925763245,41.512587546578416
2013-03-18,-8.53,-4.23,-11.12,2.69,8.31,40.021375925763245,41.512587546578416
2013-03-19,-5.14,2.94,-12.01,0.0,21.83,40.021375925763245,41.512587546578416
2013-03-20,-1.35,4.04,-6.54,0.0,19.44,40.021375925763245,41.512587546578416
2013-03-21,0.58,7.16,-3.75,0.0,21.34,40.021375925763245,41.512587546578416
2013-03-22,1.34,8.56,-3.84,0.0,20.93,40.021375925763245,41.512587546578416
2013-03-23,-1.16,2.64,-6.21,4.87,14.37,40.021375925763245,41.512587546578416
2013-03-24,-5.51,-1.85,-9.21,1.84,20.85,40.021375925763245,41.512587546578416
2013-03-25,-2.6,4.27,-9.25,0.0,21.03,40.021375925763245,41.512587546578416
2013-03-26,0.05,7.26,-4.46,0.0,19.33,40.021375925763245,41.512587546578416
2013-03-27,0.9,5.77,-2.9,0.22,18.28,40.021375925763245,41.512587546578416
2013-03-28,0.81,5.4,-2.71,0.4,19.71,40.021375925763245,41.512587546578416
2013-03-29,0.91,5.68,-2.75,1.86,19.41,40.021375925763245,41.512587546578416
2013-03-30,2.2,9.72,-3.64,0.0,24.59,40.021375925763245,41.512587546578416
2013-03-31,4.63,11.21,-2.07,0.0,24.08,40.021375925763245,41.512587546578416
2013-04-01,5.67,12.92,0.38,0.0,19.44,40.021375925763245,41.512587546578416
2013-04-02,4.91,11.34,-0.01,1.87,16.57,40.021375925763245,41.512587546578416
2013-04-03,6.11,13.85,0.32,0.25,19.61,40.021375925763245,41.512587546578416
2013-04-04,6.2,14.51,-1.57,0.2,18.46,40.021375925763245,41.512587546578416
2013-04-05,4.9,11.32,-1.24,0.04,17.35,40.021375925763245,41.512587546578416
2013-04-06,7.87,16.3,0.49,0.0,22.77,40.021375925763245,41.512587546578416
2013-04-07,8.97,15.86,3.24,0.0,17.16,40.021375925763245,41.512587546578416
2013-04-08,8.3,16.33,0.76,0.0,20.36,40.021375925763245,41.512587546578416
2013-04-09,5.62,11.19,0.76,0.72,16.38,40.021375925763245,41.512587546578416
2013-04-10,2.62,6.69,-0.74,7.13,16.59,40.021375925763245,41.512587546578416
2013-04-11,2.17,7.56,-2.06,3.57,15.27,40.021375925763245,41.512587546578416
2013-04-12,0.83,5.66,-3.11,4.0,7.58,40.021375925763245,41.512587546578416
2013-04-13,2.77,9.79,-3.78,0.01,24.74,40.021375925763245,41.512587546578416
2013-04-14,5.11,11.85,0.14,0.18,22.87,40.021375925763245,41.512587546578416
2013-04-15,4.64,10.46,-0.62,0.44,20.08,40.021375925763245,41.512587546578416
2013-04-16,2.36,5.43,-0.62,7.86,3.86,40.021375925763245,41.512587546578416
2013-04-17,1.49,6.04,-2.4,1.57,11.28,40.021375925763245,41.512587546578416
2013-04-18,2.17,6.99,-2.64,3.14,11.48,40.021375925763245,41.512587546578416
2013-04-19,1.79,5.52,-1.83,0.54,14.59,40.021375925763245,41.512587546578416
2013-04-20,1.47,5.9,-2.14,2.25,12.6,40.021375925763245,41.512587546578416
2013-04-21,1.25,5.96,-2.86,1.91,15.34,40.021375925763245,41.512587546578416
2013-04-22,0.4,5.99,-4.15,1.17,14.79,40.021375925763245,41.512587546578416
2013-04-23,-1.41,4.8,-7.06,1.85,18.24,40.021375925763245,41.512587546578416
2013-04-24,-2.5,4.64,-7.33,0.0,23.39,40.021375925763245,41.512587546578416
2013-04-25,0.91,8.58,-6.97,0.0,20.02,40.021375925763245,41.512587546578416
2013-04-26,3.56,10.45,-2.64,0.0,19.95,40.021375925763245,41.512587546578416
2013-04-27,6.9,14.93,-2.37,0.0,27.54,40.021375925763245,41.512587546578416
2013-04-28,11.22,18.0,4.24,0.0,27.89,40.021375925763245,41.512587546578416
2013-04-29,11.18,18.96,3.51,0.0,27.55,40.021375925763245,41.512587546578416
2013-04-30,9.23,17.92,0.96,0.0,27.89,40.021375925763245,41.512587546578416
2013-05-01,10.14,17.61,2.58,0.0,23.56,40.021375925763245,41.512587546578416
2013-05-02,10.16,18.04,3.28,0.0,25.22,40.021375925763245,41.512587546578416
2013-05-03,10.1,18.28,1.88,0.0,26.43,40.021375925763245,41.512587546578416
2013-05-04,10.51,17.77,2.36,0.0,24.49,40.021375925763245,41.512587546578416
2013-05-05,10.58,15.95,5.54,0.32,20.31,40.021375925763245,41.512587546578416
2013-05-06,9.88,15.68,4.11,0.25,18.29,40.021375925763245,41.512587546578416
2013-05-07,8.91,14.39,3.8,1.06,18.58,40.021375925763245,41.512587546578416
2013-05-08,8.2,12.14,4.65,1.04,15.2,40.021375925763245,41.512587546578416
2013-05-09,10.05,16.8,2.92,0.6,24.56,40.021375925763245,41.512587546578416
2013-05-10,8.55,12.23,4.74,2.05,16.13,40.021375925763245,41.512587546578416
2013-05-11,6.97,11.78,3.44,4.79,10.84,40.021375925763245,41.512587546578416
2013-05-12,6.28,10.24,3.45,3.71,15.74,40.021375925763245,41.512587546578416
2013-05-13,7.02,12.62,2.42,0.5,18.1,40.021375925763245,41.512587546578416
2013-05-14,6.45,12.14,1.67,1.34,20.21,40.021375925763245,41.512587546578416
2013-05-15,5.9,11.01,0.91,1.11,21.57,40.021375925763245,41.512587546578416
2013-05-16,7.8,14.01,2.45,1.15,17.08,40.021375925763245,41.512587546578416
2013-05-17,8.53,14.98,2.82,0.43,23.39,40.021375925763245,41.512587546578416
2013-05-18,8.14,13.39,3.06,1.04,20.08,40.021375925763245,41.512587546578416
2013-05-19,7.6,12.44,3.91,1.51,16.17,40.021375925763245,41.512587546578416
2013-05-20,8.03,13.52,3.55,2.91,17.77,40.021375925763245,41.512587546578416
2013-05-21,9.34,15.07,4.13,0.72,22.62,40.021375925763245,41.512587546578416
2013-05-22,10.26,16.23,3.64,0.01,25.02,40.021375925763245,41.512587546578416
2013-05-23,12.75,19.22,5.48,0.0,30.42,40.021375925763245,41.512587546578416
2013-05-24,13.7,20.03,6.86,0.8,21.36,40.021375925763245,41.512587546578416
2013-05-25,11.11,17.26,6.53,4.86,13.5,40.021375925763245,41.512587546578416
2013-05-26,9.63,16.24,3.64,0.97,20.81,40.021375925763245,41.512587546578416
2013-05-27,9.56,17.55,0.52,0.06,29.39,40.021375925763245,41.512587546578416
2013-05-28,8.42,14.89,2.12,1.35,22.56,40.021375925763245,41.512587546578416
2013-05-29,9.62,16.64,2.51,0.17,28.17,40.021375925763245,41.512587546578416
2013-05-30,11.8,18.5,4.94,0.0,22.59,40.021375925763245,41.512587546578416
2013-05-31,11.75,16.23,6.66,0.3,20.81,40.021375925763245,41.512587546578416
2013-06-01,11.53,18.11,6.25,2.01,15.49,40.021375925763245,41.512587546578416
2013-06-02,11.22,18.5,3.59,0.04,29.77,40.021375925763245,41.512587546578416
2013-06-03,12.06,18.45,4.8,0.39,22.32,40.021375925763245,41.512587546578416
2013-06-04,11.14,18.96,3.52,0.07,28.94,40.021375925763245,41.512587546578416
2013-06-05,12.79,19.82,5.23,0.38,28.21,40.021375925763245,41.512587546578416
2013-06-06,12.11,19.38,5.75,2.79,21.68,40.021375925763245,41.512587546578416
2013-06-07,8.24,12.94,3.59,1.14,19.06,40.021375925763245,41.512587546578416
2013-06-08,10.09,16.22,3.55,0.22,26.46,40.021375925763245,41.512587546578416
2013-06-09,11.39,16.69,6.36,7.93,21.71,40.021375925763245,41.512587546578416
2013-06-10,8.61,13.09,4.12,3.55,14.84,40.021375925763245,41.512587546578416
2013-06-11,10.72,17.0,4.45,0.46,19.99,40.021375925763245,41.512587546578416
2013-06-12,13.95,20.42,6.49,0.71,27.67,40.021375925763245,41.512587546578416
2013-06-13,15.91,22.43,8.99,0.1,27.0,40.021375925763245,41.512587546578416
2013-06-14,16.62,23.7,8.82,0.03,28.35,40.021375925763245,41.512587546578416
2013-06-15,17.36,25.44,8.5,0.01,29.81,40.021375925763245,41.512587546578416
2013-06-16,15.19,23.94,6.51,0.86,27.84,40.021375925763245,41.512587546578416
2013-06-17,13.93,20.93,7.61,0.66,20.83,40.021375925763245,41.512587546578416
2013-06-18,11.05,17.78,6.58,4.54,13.86,40.021375925763245,41.512587546578416
2013-06-19,10.75,16.5,5.79,2.14,16.48,40.021375925763245,41.512587546578416
2013-06-20,10.32,17.16,4.14,2.13,19.07,40.021375925763245,41.512587546578416
2013-06-21,8.95,16.15,2.39,0.2,28.38,40.021375925763245,41.512587546578416
2013-06-22,10.62,20.45,0.96,0.24,31.47,40.021375925763245,41.512587546578416
2013-06-23,13.32,22.93,2.74,0.0,31.82,40.021375925763245,41.512587546578416
2013-06-24,15.62,24.2,6.74,0.0,29.5,40.021375925763245,41.512587546578416
2013-06-25,14.55,22.74,6.81,0.05,27.93,40.021375925763245,41.512587546578416
2013-06-26,14.41,23.46,5.15,0.0,30.55,40.021375925763245,41.512587546578416
2013-06-27,16.08,24.8,6.99,0.0,30.72,40.021375925763245,41.512587546578416
2013-06-28,16.72,24.85,8.13,0.0,29.81,40.021375925763245,41.512587546578416
2013-06-29,17.6,25.48,9.56,0.0,26.71,40.021375925763245,41.512587546578416
2013-06-30,18.77,27.34,9.03,0.0,32.07,40.021375925763245,41.512587546578416
2013-07-01,19.3,27.37,11.93,1.04,30.42,40.021375925763245,41.512587546578416
2013-07-02,13.71,20.27,7.35,2.39,20.23,40.021375925763245,41.512587546578416
2013-07-03,12.98,20.9,5.2,0.25,22.51,40.021375925763245,41.512587546578416
2013-07-04,14.55,21.74,7.79,0.4,25.33,40.021375925763245,41.512587546578416
2013-07-05,16.36,24.78,8.3,0.2,24.97,40.021375925763245,41.512587546578416
2013-07-06,17.86,26.83,9.44,0.0,25.88,40.021375925763245,41.512587546578416
2013-07-07,18.46,27.43,9.12,0.0,27.28,40.021375925763245,41.512587546578416
2013-07-08,18.19,26.66,10.1,0.0,25.82,40.021375925763245,41.512587546578416
2013-07-09,17.39,24.75,10.68,0.06,24.7,40.021375925763245,41.512587546578416
2013-07-10,18.03,25.85,10.38,0.38,26.25,40.021375925763245,41.512587546578416
2013-07-11,18.09,27.25,10.77,1.21,18.96,40.021375925763245,41.512587546578416
2013-07-12,16.76,24.47,10.52,0.18,23.64,40.021375925763245,41.512587546578416
2013-07-13,17.44,25.62,9.49,0.33,24.59,40.021375925763245,41.512587546578416
2013-07-14,18.13,26.47,10.88,3.48,20.71,40.021375925763245,41.512587546578416
2013-07-15,18.66,27.45,10.53,0.08,23.52,40.021375925763245,41.512587546578416
2013-07-16,19.46,29.4,10.16,0.0,25.33,40.021375925763245,41.512587546578416
2013-07-17,18.75,27.81,10.67,0.06,25.18,40.021375925763245,41.512587546578416
2013-07-18,17.79,26.51,10.6,1.08,23.11,40.021375925763245,41.512587546578416
2013-07-19,14.36,20.52,8.52,1.85,14.23,40.021375925763245,41.512587546578416
2013-07-20,15.21,24.26,6.64,0.0,28.4,40.021375925763245,41.512587546578416
2013-07-21,16.98,25.6,8.71,0.59,23.91,40.021375925763245,41.512587546578416
2013-07-22,14.92,21.62,9.96,2.32,16.8,40.021375925763245,41.512587546578416
2013-07-23,16.21,26.74,8.54,0.24,20.79,40.021375925763245,41.512587546578416
2013-07-24,16.84,26.94,8.6,0.18,23.04,40.021375925763245,41.512587546578416
2013-07-25,14.59,22.45,8.57,1.64,21.79,40.021375925763245,41.512587546578416
2013-07-26,12.87,21.36,5.44,0.0,28.75,40.021375925763245,41.512587546578416
2013-07-27,13.69,22.47,6.09,0.75,23.71,40.021375925763245,41.512587546578416
2013-07-28,11.89,18.79,6.61,1.92,15.03,40.021375925763245,41.512587546578416
2013-07-29,10.93,18.79,4.78,0.81,22.61,40.021375925763245,41.512587546578416
2013-07-30,9.92,18.64,2.97,0.17,24.73,40.021375925763245,41.512587546578416
2013-07-31,12.39,23.32,1.77,0.0,29.9,40.021375925763245,41.512587546578416
2013-08-01,14.83,25.68,4.38,0.0,28.47,40.021375925763245,41.512587546578416
2013-08-02,15.06,24.77,6.81,0.05,25.17,40.021375925763245,41.512587546578416
2013-08-03,15.61,25.11,8.29,0.35,23.21,40.021375925763245,41.512587546578416
2013-08-04,12.71,22.58,6.3,0.79,25.33,40.021375925763245,41.512587546578416
2013-08-05,11.51,18.86,6.46,0.24,26.08,40.021375925763245,41.512587546578416
2013-08-06,13.55,23.46,5.0,0.0,28.36,40.021375925763245,41.512587546578416
2013-08-07,15.72,26.56,5.72,0.01,25.84,40.021375925763245,41.512587546578416
2013-08-08,13.34,20.76,7.74,0.19,22.11,40.021375925763245,41.512587546578416
2013-08-09,13.54,22.2,6.27,0.05,24.11,40.021375925763245,41.512587546578416
2013-08-10,15.51,24.79,7.15,0.0,25.93,40.021375925763245,41.512587546578416
2013-08-11,18.02,27.44,7.96,0.0,27.54,40.021375925763245,41.512587546578416
2013-08-12,19.72,28.15,11.96,0.05,19.0,40.021375925763245,41.512587546578416
2013-08-13,17.98,27.41,9.94,0.13,21.2,40.021375925763245,41.512587546578416
2013-08-14,18.3,26.74,11.2,0.0,22.26,40.021375925763245,41.512587546578416
2013-08-15,19.38,28.69,10.33,0.02,22.59,40.021375925763245,41.512587546578416
2013-08-16,18.96,28.3,9.83,0.09,21.7,40.021375925763245,41.512587546578416
2013-08-17,18.75,28.19,9.13,0.02,22.43,40.021375925763245,41.512587546578416
2013-08-18,17.25,26.76,10.32,0.48,15.55,40.021375925763245,41.512587546578416
2013-08-19,14.81,21.92,9.42,1.59,14.92,40.021375925763245,41.512587546578416
2013-08-20,15.09,22.47,9.14,0.63,19.68,40.021375925763245,41.512587546578416
2013-08-21,14.68,21.86,8.49,0.43,18.54,40.021375925763245,41.512587546578416
2013-08-22,16.49,25.26,8.41,0.0,24.97,40.021375925763245,41.512587546578416
2013-08-23,18.49,27.06,9.62,0.06,23.01,40.021375925763245,41.512587546578416
2013-08-24,18.82,26.94,11.72,1.2,20.09,40.021375925763245,41.512587546578416
2013-08-25,15.76,22.93,10.24,0.45,16.52,40.021375925763245,41.512587546578416
2013-08-26,16.88,25.85,8.07,0.0,23.62,40.021375925763245,41.512587546578416
2013-08-27,17.27,26.43,8.98,0.01,21.23,40.021375925763245,41.512587546578416
2013-08-28,18.1,27.34,9.52,0.0,23.79,40.021375925763245,41.512587546578416
2013-08-29,19.31,27.93,10.35,0.0,21.68,40.021375925763245,41.512587546578416
2013-08-30,19.82,27.87,11.55,0.06,21.27,40.021375925763245,41.512587546578416
2013-08-31,19.06,27.12,11.71,1.44,20.0,40.021375925763245,41.512587546578416
2013-09-01,16.39,25.0,9.32,3.74,19.17,40.021375925763245,41.512587546578416
2013-09-02,16.15,26.0,7.87,0.19,22.02,40.021375925763245,41.512587546578416
2013-09-03,16.73,25.13,9.45,0.35,20.15,40.021375925763245,41.512587546578416
2013-09-04,14.15,22.45,7.7,2.06,21.02,40.021375925763245,41.512587546578416
2013-09-05,8.0,15.24,2.91,2.02,20.11,40.021375925763245,41.512587546578416
2013-09-06,10.71,21.28,2.55,0.0,24.37,40.021375925763245,41.512587546578416
2013-09-07,11.95,21.67,4.53,0.01,23.92,40.021375925763245,41.512587546578416
2013-09-08,12.28,22.33,3.7,0.12,23.05,40.021375925763245,41.512587546578416
2013-09-09,10.35,18.96,4.43,0.49,15.39,40.021375925763245,41.512587546578416
2013-09-10,10.61,19.82,3.69,0.26,20.52,40.021375925763245,41.512587546578416
2013-09-11,11.67,20.67,5.09,0.0,22.74,40.021375925763245,41.512587546578416
2013-09-12,12.21,23.11,3.08,0.0,23.82,40.021375925763245,41.512587546578416
2013-09-13,14.3,23.49,6.57,0.0,23.67,40.021375925763245,41.512587546578416
2013-09-14,16.85,25.47,10.97,0.0,22.46,40.021375925763245,41.512587546578416
2013-09-15,15.57,24.14,8.87,0.9,21.31,40.021375925763245,41.512587546578416
2013-09-16,12.79,21.15,6.38,0.81,19.11,40.021375925763245,41.512587546578416
2013-09-17,13.53,21.93,6.38,0.31,20.22,40.021375925763245,41.512587546578416
2013-09-18,11.31,17.39,6.36,5.42,12.88,40.021375925763245,41.512587546578416
2013-09-19,11.45,16.51,7.35,1.62,12.83,40.021375925763245,41.512587546578416
2013-09-20,12.83,19.46,6.61,0.94,17.09,40.021375925763245,41.512587546578416
2013-09-21,12.57,18.03,7.62,4.07,13.34,40.021375925763245,41.512587546578416
2013-09-22,8.74,12.88,4.14,6.33,7.0,40.021375925763245,41.512587546578416
2013-09-23,6.74,13.23,2.55,1.82,9.0,40.021375925763245,41.512587546578416
2013-09-24,6.66,13.81,1.03,0.12,18.71,40.021375925763245,41.512587546578416
2013-09-25,5.86,12.68,0.88,4.83,15.47,40.021375925763245,41.512587546578416
2013-09-26,7.46,15.3,0.83,2.35,19.25,40.021375925763245,41.512587546578416
2013-09-27,10.97,18.66,4.68,0.0,20.68,40.021375925763245,41.512587546578416
2013-09-28,10.07,18.08,4.32,1.82,15.4,40.021375925763245,41.512587546578416
2013-09-29,7.91,15.31,2.01,0.59,16.52,40.021375925763245,41.512587546578416
2013-09-30,8.72,16.47,2.04,0.1,15.45,40.021375925763245,41.512587546578416
2013-10-01,11.03,20.27,5.04,0.0,18.67,40.021375925763245,41.512587546578416
2013-10-02,9.05,15.05,3.23,0.02,8.09,40.021375925763245,41.512587546578416
2013-10-03,9.44,15.27,4.54,4.76,8.04,40.021375925763245,41.512587546578416
2013-10-04,2.32,8.32,-3.77,6.64,8.37,40.021375925763245,41.512587546578416
2013-10-05,-0.13,6.15,-4.04,0.82,9.72,40.021375925763245,41.512587546578416
2013-10-06,-1.64,2.63,-5.11,1.11,6.35,40.021375925763245,41.512587546578416
2013-10-07,-1.62,4.13,-5.5,1.1,10.61,40.021375925763245,41.512587546578416
2013-10-08,-0.6,6.44,-5.15,0.14,14.76,40.021375925763245,41.512587546578416
2013-10-09,2.64,12.21,-4.97,0.0,17.01,40.021375925763245,41.512587546578416
2013-10-10,6.39,16.93,-1.68,0.0,17.98,40.021375925763245,41.512587546578416
2013-10-11,8.19,17.78,1.29,0.0,17.71,40.021375925763245,41.512587546578416
2013-10-12,6.43,15.81,0.06,0.0,17.71,40.021375925763245,41.512587546578416
2013-10-13,4.23,12.82,-2.06,0.09,16.46,40.021375925763245,41.512587546578416
2013-10-14,4.61,13.04,-1.16,0.28,15.43,40.021375925763245,41.512587546578416
2013-10-15,6.7,15.67,0.32,0.0,16.6,40.021375925763245,41.512587546578416
2013-10-16,6.68,15.26,0.58,0.0,16.44,40.021375925763245,41.512587546578416
2013-10-17,5.66,14.47,-0.86,0.0,15.06,40.021375925763245,41.512587546578416
2013-10-18,7.4,15.14,0.06,0.01,8.49,40.021375925763245,41.512587546578416
2013-10-19,3.33,6.95,-1.13,4.07,6.29,40.021375925763245,41.512587546578416
2013-10-20,0.04,5.63,-4.77,1.76,8.98,40.021375925763245,41.512587546578416
2013-10-21,2.26,11.34,-5.25,0.04,15.16,40.021375925763245,41.512587546578416
2013-10-22,6.09,14.58,1.02,0.0,15.93,40.021375925763245,41.512587546578416
2013-10-23,4.4,12.38,-1.74,0.18,12.81,40.021375925763245,41.512587546578416
2013-10-24,0.89,6.1,-2.4,0.4,8.68,40.021375925763245,41.512587546578416
2013-10-25,2.27,10.9,-3.51,0.0,14.46,40.021375925763245,41.512587546578416
2013-10-26,2.23,10.82,-3.34,0.28,13.09,40.021375925763245,41.512587546578416
2013-10-27,1.78,8.59,-3.35,0.1,11.8,40.021375925763245,41.512587546578416
2013-10-28,2.39,9.39,-1.38,0.0,10.59,40.021375925763245,41.512587546578416
2013-10-29,4.13,11.62,-1.5,0.0,14.27,40.021375925763245,41.512587546578416
2013-10-30,5.92,12.86,1.4,0.0,13.95,40.021375925763245,41.512587546578416
2013-10-31,6.2,12.96,1.59,0.0,14.18,40.021375925763245,41.512587546578416
2013-11-01,5.63,12.21,0.98,0.0,13.29,40.021375925763245,41.512587546578416
2013-11-02,5.12,12.16,0.08,0.0,13.34,40.021375925763245,41.512587546578416
2013-11-03,5.18,11.62,1.27,0.0,13.61,40.021375925763245,41.512587546578416
2013-11-04,4.4,11.94,-0.4,0.0,13.61,40.021375925763245,41.512587546578416
2013-11-05,4.72,12.17,0.51,0.0,10.24,40.021375925763245,41.512587546578416
2013-11-06,3.14,9.49,-1.5,0.0,9.79,40.021375925763245,41.512587546578416
2013-11-07,3.11,8.61,-0.7,0.02,6.66,40.021375925763245,41.512587546578416
2013-11-08,2.0,6.75,-1.86,4.39,6.16,40.021375925763245,41.512587546578416
2013-11-09,0.1,3.53,-2.85,2.01,5.55,40.021375925763245,41.512587546578416
2013-11-10,2.6,8.52,-1.09,0.35,6.25,40.021375925763245,41.512587546578416
2013-11-11,2.78,8.25,-0.69,0.3,8.0,40.021375925763245,41.512587546578416
2013-11-12,2.14,7.81,-0.82,0.44,6.27,40.021375925763245,41.512587546578416
2013-11-13,2.2,8.02,-1.79,0.26,6.3,40.021375925763245,41.512587546578416
2013-11-14,2.31,9.02,-1.57,0.0,11.1,40.021375925763245,41.512587546578416
2013-11-15,1.23,7.02,-2.32,1.38,9.4,40.021375925763245,41.512587546578416
2013-11-16,0.47,7.09,-3.19,0.14,11.4,40.021375925763245,41.512587546578416
2013-11-17,0.32,5.86,-3.23,0.55,10.45,40.021375925763245,41.512587546578416
2013-11-18,1.15,6.47,-1.76,0.01,11.02,40.021375925763245,41.512587546578416
2013-11-19,0.54,7.95,-3.47,0.0,11.48,40.021375925763245,41.512587546578416
2013-11-20,0.31,6.86,-3.34,0.0,7.36,40.021375925763245,41.512587546578416
2013-11-21,0.98,5.92,-1.67,0.0,4.13,40.021375925763245,41.512587546578416
2013-11-22,1.26,7.31,-2.39,0.0,10.85,40.021375925763245,41.512587546578416
2013-11-23,1.24,7.86,-2.41,0.0,11.01,40.021375925763245,41.512587546578416
2013-11-24,0.7,6.63,-2.5,0.17,8.69,40.021375925763245,41.512587546578416
2013-11-25,0.81,6.37,-1.8,0.5,5.61,40.021375925763245,41.512587546578416
2013-11-26,0.99,5.72,-1.73,0.15,5.49,40.021375925763245,41.512587546578416
2013-11-27,1.02,4.08,-0.91,4.06,2.41,40.021375925763245,41.512587546578416
2013-11-28,-1.11,3.3,-4.26,2.73,6.37,40.021375925763245,41.512587546578416
2013-11-29,-2.06,2.01,-4.68,4.97,2.26,40.021375925763245,41.512587546578416
2013-11-30,-6.0,-2.57,-9.43,1.23,4.62,40.021375925763245,41.512587546578416
2013-12-01,-3.45,4.51,-9.69,0.0,10.16,40.021375925763245,41.512587546578416
2013-12-02,-0.67,5.64,-3.6,0.21,6.01,40.021375925763245,41.512587546578416
2013-12-03,-6.22,-2.29,-13.72,3.77,6.98,40.021375925763245,41.512587546578416
2013-12-04,-10.8,-3.84,-15.72,0.24,10.06,40.021375925763245,41.512587546578416
2013-12-05,-5.4,0.65,-11.14,0.01,9.46,40.021375925763245,41.512587546578416
2013-12-06,-7.5,-0.61,-12.21,0.0,10.01,40.021375925763245,41.512587546578416
2013-12-07,-6.54,-0.93,-11.54,0.41,8.75,40.021375925763245,41.512587546578416
2013-12-08,-8.54,-5.05,-16.26,7.57,3.41,40.021375925763245,41.512587546578416
2013-12-09,-14.5,-10.07,-17.28,0.67,7.68,40.021375925763245,41.512587546578416
2013-12-10,-13.11,-8.26,-18.18,2.36,5.41,40.021375925763245,41.512587546578416
2013-12-11,-13.79,-11.54,-15.91,4.52,4.74,40.021375925763245,41.512587546578416
2013-12-12,-15.79,-14.19,-17.92,6.59,2.32,40.021375925763245,41.512587546578416
2013-12-13,-13.23,-7.73,-17.69,0.47,6.46,40.021375925763245,41.512587546578416
2013-12-14,-13.89,-7.53,-18.51,0.68,8.27,40.021375925763245,41.512587546578416
2013-12-15,-14.71,-7.64,-19.14,0.59,7.71,40.021375925763245,41.512587546578416
2013-12-16,-11.93,-4.52,-16.86,0.31,6.23,40.021375925763245,41.512587546578416
2013-12-17,-12.89,-5.03,-17.13,0.06,7.39,40.021375925763245,41.512587546578416
2013-12-18,-13.82,-5.63,-19.48,0.03,9.55,40.021375925763245,41.512587546578416
2013-12-19,-11.73,-4.07,-15.51,0.0,9.55,40.021375925763245,41.512587546578416
2013-12-20,-9.08,-0.98,-15.17,0.0,9.4,40.021375925763245,41.512587546578416
2013-12-21,-8.19,-0.51,-11.87,0.0,9.53,40.021375925763245,41.512587546578416
2013-12-22,-10.55,-3.36,-14.32,0.0,9.45,40.021375925763245,41.512587546578416
2013-12-23,-8.64,-0.05,-14.01,0.0,9.65,40.021375925763245,41.512587546578416
2013-12-24,-7.67,-0.38,-12.06,0.0,9.5,40.021375925763245,41.512587546578416
2013-12-25,-6.63,0.68,-11.37,0.0,9.75,40.021375925763245,41.512587546578416
2013-12-26,-6.76,0.74,-11.81,0.0,8.75,40.021375925763245,41.512587546578416
2013-12-27,-4.73,0.87,-9.27,0.0,6.76,40.021375925763245,41.512587546578416
2013-12-28,-5.3,1.89,-9.81,0.0,9.34,40.021375925763245,41.512587546578416
2013-12-29,-5.79,1.79,-9.69,0.0,9.56,40.021375925763245,41.512587546578416
2013-12-30,-4.07,1.26,-8.77,0.81,8.37,40.021375925763245,41.512587546578416
2013-12-31,-5.84,-0.42,-11.9,0.53,7.93,40.021375925763245,41.512587546578416
2014-01-01,-7.15,-0.36,-12.22,0.03,8.59,40.021375925763245,41.512587546578416
2014-01-02,-7.23,-0.52,-11.01,0.0,8.95,40.021375925763245,41.512587546578416
2014-01-03,-8.38,-1.14,-12.64,0.0,8.94,40.021375925763245,41.512587546578416
2014-01-04,-8.55,-0.53,-12.63,0.0,9.17,40.021375925763245,41.512587546578416
2014-01-05,-10.27,-2.42,-14.68,0.05,9.23,40.021375925763245,41.512587546578416
2014-01-06,-9.57,-1.43,-15.1,0.0,9.47,40.021375925763245,41.512587546578416
2014-01-07,-6.09,1.32,-10.29,0.0,8.79,40.021375925763245,41.512587546578416
2014-01-08,-8.06,-1.01,-12.97,0.3,9.24,40.021375925763245,41.512587546578416
2014-01-09,-6.36,1.65,-11.32,0.0,10.01,40.021375925763245,41.512587546578416
2014-01-10,-4.08,3.02,-8.1,0.0,10.48,40.021375925763245,41.512587546578416
2014-01-11,-6.31,0.31,-9.9,0.02,8.11,40.021375925763245,41.512587546578416
2014-01-12,-7.47,-0.48,-11.42,0.07,8.96,40.021375925763245,41.512587546578416
2014-01-13,-6.43,-2.0,-10.4,2.95,6.5,40.021375925763245,41.512587546578416
2014-01-14,-8.31,-4.01,-12.88,0.22,8.42,40.021375925763245,41.512587546578416
2014-01-15,-7.29,-0.02,-13.0,0.0,8.77,40.021375925763245,41.512587546578416
2014-01-16,-6.89,-0.17,-12.33,0.0,7.78,40.021375925763245,41.512587546578416
2014-01-17,-5.55,-0.07,-9.16,0.0,7.69,40.021375925763245,41.512587546578416
2014-01-18,-5.46,1.31,-9.77,0.0,9.18,40.021375925763245,41.512587546578416
2014-01-19,-3.41,2.72,-7.58,0.0,8.17,40.021375925763245,41.512587546578416
2014-01-20,-3.66,4.18,-8.91,0.0,9.32,40.021375925763245,41.512587546578416
2014-01-21,-3.28,3.37,-7.7,0.02,9.72,40.021375925763245,41.512587546578416
2014-01-22,-3.17,3.03,-7.65,0.79,8.42,40.021375925763245,41.512587546578416
2014-01-23,-3.8,-0.22,-7.57,3.06,6.71,40.021375925763245,41.512587546578416
2014-01-24,-6.52,-1.7,-9.93,0.94,7.94,40.021375925763245,41.512587546578416
2014-01-25,-6.08,-0.88,-10.64,0.41,8.2,40.021375925763245,41.512587546578416
2014-01-26,-3.95,-0.69,-6.37,1.04,5.79,40.021375925763245,41.512587546578416
2014-01-27,-3.03,1.4,-6.52,2.25,2.89,40.021375925763245,41.512587546578416
2014-01-28,-3.07,1.14,-7.64,3.51,4.42,40.021375925763245,41.512587546578416
2014-01-29,-3.81,1.04,-8.16,1.02,6.23,40.021375925763245,41.512587546578416
2014-01-30,-4.19,-0.36,-10.92,6.13,4.44,40.021375925763245,41.512587546578416
2014-01-31,-9.22,-4.16,-12.87,0.92,7.55,40.021375925763245,41.512587546578416
2014-02-01,-11.93,-6.46,-18.17,1.45,9.49,40.021375925763245,41.512587546578416
2014-02-02,-17.47,-8.95,-23.5,0.0,13.04,40.021375925763245,41.512587546578416
2014-02-03,-20.38,-10.87,-26.78,0.0,13.75,40.021375925763245,41.512587546578416
2014-02-04,-19.09,-9.86,-25.88,0.0,14.13,40.021375925763245,41.512587546578416
2014-02-05,-13.07,-4.13,-20.34,0.0,13.94,40.021375925763245,41.512587546578416
2014-02-06,-9.02,-0.55,-15.24,0.0,14.3,40.021375925763245,41.512587546578416
2014-02-07,-8.46,-0.96,-12.84,0.0,14.34,40.021375925763245,41.512587546578416
2014-02-08,-8.18,-0.64,-13.58,0.0,14.36,40.021375925763245,41.512587546578416
2014-02-09,-6.76,1.35,-11.46,0.0,13.41,40.021375925763245,41.512587546578416
2014-02-10,-6.23,1.26,-11.67,0.15,13.36,40.021375925763245,41.512587546578416
2014-02-11,-4.66,0.95,-8.74,0.88,11.62,40.021375925763245,41.512587546578416
2014-02-12,-2.7,3.98,-7.7,0.0,14.81,40.021375925763245,41.512587546578416
2014-02-13,-2.89,4.96,-7.57,0.0,15.08,40.021375925763245,41.512587546578416
2014-02-14,-3.04,4.57,-7.95,0.0,14.06,40.021375925763245,41.512587546578416
2014-02-15,-4.26,-0.55,-8.56,0.48,14.09,40.021375925763245,41.512587546578416
2014-02-16,-4.14,-0.58,-8.09,1.39,12.0,40.021375925763245,41.512587546578416
2014-02-17,-5.14,1.47,-10.7,0.0,14.31,40.021375925763245,41.512587546578416
2014-02-18,-2.9,3.17,-8.74,0.16,13.52,40.021375925763245,41.512587546578416
2014-02-19,-2.63,2.0,-6.29,3.04,15.4,40.021375925763245,41.512587546578416
2014-02-20,-1.65,6.01,-7.15,0.0,15.33,40.021375925763245,41.512587546578416
2014-02-21,-0.58,6.35,-5.14,0.0,15.1,40.021375925763245,41.512587546578416
2014-02-22,-0.54,6.02,-4.51,0.0,13.61,40.021375925763245,41.512587546578416
2014-02-23,0.03,6.46,-4.04,0.0,15.96,40.021375925763245,41.512587546578416
2014-02-24,0.38,6.72,-3.22,0.0,15.99,40.021375925763245,41.512587546578416
2014-02-25,0.15,6.31,-4.37,0.76,15.39,40.021375925763245,41.512587546578416
2014-02-26,-1.29,2.25,-4.51,10.26,13.02,40.021375925763245,41.512587546578416
2014-02-27,-2.35,1.45,-5.11,0.69,15.1,40.021375925763245,41.512587546578416
2014-02-28,-2.69,1.64,-5.94,1.52,15.33,40.021375925763245,41.512587546578416
2014-03-01,-3.46,2.91,-8.68,0.0,12.92,40.021375925763245,41.512587546578416
2014-03-02,-1.32,5.2,-5.23,0.7,13.95,40.021375925763245,41.512587546578416
2014-03-03,0.7,7.06,-4.1,0.05,12.84,40.021375925763245,41.512587546578416
2014-03-04,0.1,3.38,-2.66,10.5,8.03,40.021375925763245,41.512587546578416
2014-03-05,-0.39,5.28,-4.48,3.61,14.19,40.021375925763245,41.512587546578416
2014-03-06,0.59,5.69,-3.26,0.08,14.18,40.021375925763245,41.512587546578416
2014-03-07,1.36,6.33,-2.11,2.85,12.73,40.021375925763245,41.512587546578416
2014-03-08,2.02,7.85,-1.91,0.11,10.57,40.021375925763245,41.512587546578416
2014-03-09,3.05,8.67,-1.4,0.16,15.02,40.021375925763245,41.512587546578416
2014-03-10,2.93,8.97,-1.51,1.18,13.17,40.021375925763245,41.512587546578416
2014-03-11,0.02,3.95,-3.11,0.48,13.78,40.021375925763245,41.512587546578416
2014-03-12,-1.86,2.06,-4.81,1.35,10.91,40.021375925763245,41.512587546578416
2014-03-13,-4.01,-0.37,-5.8,1.04,12.45,40.021375925763245,41.512587546578416
2014-03-14,-2.67,2.12,-6.35,0.41,13.5,40.021375925763245,41.512587546578416
2014-03-15,-0.95,4.89,-5.65,0.0,19.41,40.021375925763245,41.512587546578416
2014-03-16,0.34,5.83,-4.38,0.08,18.65,40.021375925763245,41.512587546578416
2014-03-17,-0.78,2.23,-4.1,2.48,11.73,40.021375925763245,41.512587546578416
2014-03-18,-1.14,4.52,-5.08,1.02,18.78,40.021375925763245,41.512587546578416
2014-03-19,-0.47,5.33,-5.44,0.36,17.3,40.021375925763245,41.512587546578416
2014-03-20,1.57,9.25,-3.66,1.21,17.96,40.021375925763245,41.512587546578416
2014-03-21,-2.05,4.7,-6.61,0.12,18.55,40.021375925763245,41.512587546578416
2014-03-22,1.32,9.49,-6.19,0.0,22.85,40.021375925763245,41.512587546578416
2014-03-23,3.8,11.35,-1.92,0.0,22.29,40.021375925763245,41.512587546578416
2014-03-24,4.76,11.65,-0.25,0.0,22.56,40.021375925763245,41.512587546578416
2014-03-25,4.21,11.64,-2.44,0.02,22.85,40.021375925763245,41.512587546578416
2014-03-26,2.32,7.63,-2.69,1.47,15.44,40.021375925763245,41.512587546578416
2014-03-27,2.91,8.89,-0.83,3.93,13.98,40.021375925763245,41.512587546578416
2014-03-28,1.74,7.25,-2.16,0.56,15.46,40.021375925763245,41.512587546578416
2014-03-29,0.69,6.26,-5.17,6.88,13.97,40.021375925763245,41.512587546578416
2014-03-30,-11.25,-7.35,-13.53,4.4,11.79,40.021375925763245,41.512587546578416
2014-03-31,-7.83,-0.9,-14.51,0.16,14.99,40.021375925763245,41.512587546578416
2014-04-01,-3.19,3.13,-10.58,0.0,22.16,40.021375925763245,41.512587546578416
2014-04-02,-1.54,3.48,-5.52,0.06,15.54,40.021375925763245,41.512587546578416
2014-04-03,-2.34,1.78,-5.58,0.66,15.57,40.021375925763245,41.512587546578416
2014-04-04,-1.53,5.93,-8.1,0.0,25.01,40.021375925763245,41.512587546578416
2014-04-05,1.7,7.37,-3.97,0.02,15.63,40.021375925763245,41.512587546578416
2014-04-06,2.66,6.29,-0.6,0.83,14.99,40.021375925763245,41.512587546578416
2014-04-07,5.0,11.24,-0.79,0.1,15.58,40.021375925763245,41.512587546578416
2014-04-08,5.03,11.92,-1.19,1.15,17.38,40.021375925763245,41.512587546578416
2014-04-09,1.77,6.51,-1.84,1.46,13.09,40.021375925763245,41.512587546578416
2014-04-10,1.68,6.41,-2.42,2.22,16.68,40.021375925763245,41.512587546578416
2014-04-11,2.75,10.37,-3.1,0.28,17.72,40.021375925763245,41.512587546578416
2014-04-12,4.09,12.64,-3.39,0.01,20.98,40.021375925763245,41.512587546578416
2014-04-13,2.14,5.72,-1.53,6.12,9.22,40.021375925763245,41.512587546578416
2014-04-14,3.59,10.33,-1.78,2.55,18.86,40.021375925763245,41.512587546578416
2014-04-15,4.03,11.13,-1.64,1.83,17.43,40.021375925763245,41.512587546578416
2014-04-16,4.65,10.36,-0.04,2.15,12.5,40.021375925763245,41.512587546578416
2014-04-17,6.65,13.83,0.28,1.17,17.33,40.021375925763245,41.512587546578416
2014-04-18,7.38,14.19,2.9,3.07,14.42,40.021375925763245,41.512587546578416
2014-04-19,9.31,17.22,3.08,0.06,22.48,40.021375925763245,41.512587546578416
2014-04-20,6.71,13.53,1.07,0.96,20.1,40.021375925763245,41.512587546578416
2014-04-21,5.94,13.29,0.03,4.53,20.97,40.021375925763245,41.512587546578416
2014-04-22,3.9,9.23,-0.84,1.4,17.6,40.021375925763245,41.512587546578416
2014-04-23,3.46,10.95,-3.57,0.08,22.53,40.021375925763245,41.512587546578416
2014-04-24,5.72,14.33,-3.63,0.0,26.43,40.021375925763245,41.512587546578416
2014-04-25,7.6,13.28,1.61,3.09,19.5,40.021375925763245,41.512587546578416
2014-04-26,8.88,15.09,2.95,1.0,17.75,40.021375925763245,41.512587546578416
2014-04-27,9.22,17.75,1.19,0.01,23.31,40.021375925763245,41.512587546578416
2014-04-28,8.17,15.49,0.13,0.42,23.11,40.021375925763245,41.512587546578416
2014-04-29,6.59,13.2,0.43,3.09,16.46,40.021375925763245,41.512587546578416
2014-04-30,7.29,15.44,1.2,0.42,23.02,40.021375925763245,41.512587546578416
2014-05-01,6.06,11.75,-0.84,0.72,15.1,40.021375925763245,41.512587546578416
2014-05-02,6.74,14.61,-0.28,0.3,19.72,40.021375925763245,41.512587546578416
2014-05-03,4.93,10.11,0.0,0.75,15.62,40.021375925763245,41.512587546578416
2014-05-04,6.9,15.83,-1.5,0.0,26.48,40.021375925763245,41.512587546578416
2014-05-05,10.98,19.45,1.83,0.0,20.78,40.021375925763245,41.512587546578416
2014-05-06,11.54,19.34,4.0,0.98,16.38,40.021375925763245,41.512587546578416
2014-05-07,10.29,14.47,6.0,2.45,14.14,40.021375925763245,41.512587546578416
2014-05-08,11.15,17.99,3.55,1.17,12.06,40.021375925763245,41.512587546578416
2014-05-09,10.56,15.5,5.74,5.0,9.88,40.021375925763245,41.512587546578416
2014-05-10,9.98,15.76,4.83,0.87,18.77,40.021375925763245,41.512587546578416
2014-05-11,10.62,18.72,2.56,0.03,25.92,40.021375925763245,41.512587546578416
2014-05-12,9.83,16.95,4.42,1.64,21.87,40.021375925763245,41.512587546578416
2014-05-13,8.45,15.46,3.3,4.29,16.74,40.021375925763245,41.512587546578416
2014-05-14,5.92,10.06,2.41,3.87,7.55,40.021375925763245,41.512587546578416
2014-05-15,9.22,16.8,1.27,2.98,25.77,40.021375925763245,41.512587546578416
2014-05-16,12.87,20.18,5.12,0.0,27.04,40.021375925763245,41.512587546578416
2014-05-17,14.56,21.36,8.83,0.02,27.18,40.021375925763245,41.512587546578416
2014-05-18,12.86,20.13,5.79,0.75,22.21,40.021375925763245,41.512587546578416
2014-05-19,8.81,16.58,2.08,3.52,19.81,40.021375925763245,41.512587546578416
2014-05-20,5.4,10.08,1.44,2.27,12.04,40.021375925763245,41.512587546578416
2014-05-21,6.19,11.59,1.5,4.98,12.92,40.021375925763245,41.512587546578416
2014-05-22,7.38,12.74,2.0,13.32,16.63,40.021375925763245,41.512587546578416
2014-05-23,8.94,14.72,3.67,1.07,20.56,40.021375925763245,41.512587546578416
2014-05-24,9.18,14.7,3.31,5.47,16.09,40.021375925763245,41.512587546578416
2014-05-25,8.06,13.5,3.23,2.7,16.05,40.021375925763245,41.512587546578416
2014-05-26,9.02,15.12,3.45,2.44,16.91,40.021375925763245,41.512587546578416
2014-05-27,8.7,13.14,4.68,1.69,16.37,40.021375925763245,41.512587546578416
2014-05-28,9.83,15.92,3.59,3.64,21.05,40.021375925763245,41.512587546578416
2014-05-29,11.27,16.58,5.48,1.83,23.3,40.021375925763245,41.512587546578416
2014-05-30,12.77,19.7,5.61,0.22,26.04,40.021375925763245,41.512587546578416
2014-05-31,13.89,20.95,5.84,2.37,25.96,40.021375925763245,41.512587546578416
2014-06-01,13.89,21.46,7.15,0.24,25.04,40.021375925763245,41.512587546578416
2014-06-02,11.61,19.01,4.22,2.07,25.45,40.021375925763245,41.512587546578416
2014-06-03,7.38,12.09,3.64,3.48,15.78,40.021375925763245,41.512587546578416
2014-06-04,10.96,17.96,2.33,0.0,24.51,40.021375925763245,41.512587546578416
2014-06-05,11.07,18.79,4.43,0.87,18.23,40.021375925763245,41.512587546578416
2014-06-06,10.58,15.74,4.68,2.44,20.28,40.021375925763245,41.512587546578416
2014-06-07,10.89,17.92,4.99,6.35,23.15,40.021375925763245,41.512587546578416
2014-06-08,11.16,19.07,2.47,0.38,25.87,40.021375925763245,41.512587546578416
2014-06-09,13.49,20.61,6.73,0.27,26.42,40.021375925763245,41.512587546578416
2014-06-10,14.09,21.78,6.93,0.8,27.72,40.021375925763245,41.512587546578416
2014-06-11,11.56,18.47,5.25,1.48,21.49,40.021375925763245,41.512587546578416
2014-06-12,8.18,14.65,2.24,2.35,18.99,40.021375925763245,41.512587546578416
2014-06-13,7.94,15.04,1.91,1.29,25.56,40.021375925763245,41.512587546578416
2014-06-14,11.81,20.32,1.93,0.0,32.3,40.021375925763245,41.512587546578416
2014-06-15,14.6,21.94,8.0,0.0,28.82,40.021375925763245,41.512587546578416
2014-06-16,14.51,22.52,5.44,0.01,25.47,40.021375925763245,41.512587546578416
2014-06-17,15.0,22.51,6.21,0.04,22.49,40.021375925763245,41.512587546578416
2014-06-18,15.62,23.93,6.76,0.06,28.41,40.021375925763245,41.512587546578416
2014-06-19,15.31,23.04,6.77,0.27,27.4,40.021375925763245,41.512587546578416
2014-06-20,17.64,26.47,9.85,0.0,29.78,40.021375925763245,41.512587546578416
2014-06-21,15.83,23.85,7.95,3.25,30.77,40.021375925763245,41.512587546578416
2014-06-22,14.09,22.9,6.22,0.21,25.94,40.021375925763245,41.512587546578416
2014-06-23,12.9,20.9,5.99,0.23,25.73,40.021375925763245,41.512587546578416
2014-06-24,12.55,20.03,5.32,1.8,26.51,40.021375925763245,41.512587546578416
2014-06-25,15.2,23.14,6.99,0.23,19.58,40.021375925763245,41.512587546578416
2014-06-26,15.16,23.34,7.83,0.0,31.38,40.021375925763245,41.512587546578416
2014-06-27,15.45,24.0,7.91,0.0,29.49,40.021375925763245,41.512587546578416
2014-06-28,16.87,25.49,8.33,0.03,27.83,40.021375925763245,41.512587546578416
2014-06-29,15.94,24.3,8.81,3.58,20.16,40.021375925763245,41.512587546578416
2014-06-30,16.82,24.97,8.59,1.72,23.07,40.021375925763245,41.512587546578416
2014-07-01,18.38,26.86,8.38,0.02,28.13,40.021375925763245,41.512587546578416
2014-07-02,17.47,25.59,9.01,0.05,27.19,40.021375925763245,41.512587546578416
2014-07-03,17.54,25.75,9.92,0.05,27.88,40.021375925763245,41.512587546578416
2014-07-04,17.87,26.18,8.92,0.66,27.82,40.021375925763245,41.512587546578416
2014-07-05,16.39,22.41,9.99,7.01,19.04,40.021375925763245,41.512587546578416
2014-07-06,16.65,25.17,8.53,1.52,23.2,40.021375925763245,41.512587546578416
2014-07-07,16.4,25.89,8.37,0.02,23.11,40.021375925763245,41.512587546578416
2014-07-08,14.72,21.99,8.79,0.13,21.84,40.021375925763245,41.512587546578416
2014-07-09,15.49,24.91,6.68,0.06,28.98,40.021375925763245,41.512587546578416
2014-07-10,17.18,25.87,8.59,0.01,30.59,40.021375925763245,41.512587546578416
2014-07-11,19.41,28.17,10.64,0.0,31.87,40.021375925763245,41.512587546578416
2014-07-12,20.84,29.09,12.52,0.0,28.0,40.021375925763245,41.512587546578416
2014-07-13,21.03,29.97,12.67,0.1,24.29,40.021375925763245,41.512587546578416
2014-07-14,19.1,27.28,11.53,0.2,21.95,40.021375925763245,41.512587546578416
2014-07-15,20.01,28.52,11.24,0.15,26.15,40.021375925763245,41.512587546578416
2014-07-16,20.87,29.83,10.59,0.07,27.37,40.021375925763245,41.512587546578416
2014-07-17,22.51,31.57,15.32,0.05,29.58,40.021375925763245,41.512587546578416
2014-07-18,20.27,30.51,11.36,0.37,27.78,40.021375925763245,41.512587546578416
2014-07-19,19.35,28.69,10.99,1.66,26.09,40.021375925763245,41.512587546578416
2014-07-20,18.5,28.12,11.07,4.66,23.62,40.021375925763245,41.512587546578416
2014-07-21,15.08,21.88,10.81,6.75,14.33,40.021375925763245,41.512587546578416
2014-07-22,15.8,23.48,8.69,0.03,25.15,40.021375925763245,41.512587546578416
2014-07-23,18.62,27.28,8.91,0.0,28.68,40.021375925763245,41.512587546578416
2014-07-24,20.67,29.06,12.4,0.0,27.61,40.021375925763245,41.512587546578416
2014-07-25,21.42,30.13,13.58,0.06,24.87,40.021375925763245,41.512587546578416
2014-07-26,21.28,30.42,11.62,0.26,24.15,40.021375925763245,41.512587546578416
2014-07-27,20.88,28.71,14.52,1.7,21.38,40.021375925763245,41.512587546578416
2014-07-28,17.62,24.09,11.97,0.81,22.06,40.021375925763245,41.512587546578416
2014-07-29,18.15,27.09,10.14,0.13,26.65,40.021375925763245,41.512587546578416
2014-07-30,18.59,27.82,9.9,0.21,25.56,40.021375925763245,41.512587546578416
2014-07-31,18.72,27.8,9.83,0.03,27.47,40.021375925763245,41.512587546578416
2014-08-01,19.7,29.26,10.31,0.0,28.39,40.021375925763245,41.512587546578416
2014-08-02,21.12,30.34,11.14,0.01,28.2,40.021375925763245,41.512587546578416
2014-08-03,21.55,30.44,12.64,0.16,23.77,40.021375925763245,41.512587546578416
2014-08-04,19.6,28.45,12.3,0.55,18.75,40.021375925763245,41.512587546578416
2014-08-05,17.47,25.6,10.58,1.45,18.85,40.021375925763245,41.512587546578416
2014-08-06,15.52,21.43,10.61,1.63,18.41,40.021375925763245,41.512587546578416
2014-08-07,17.91,26.58,9.31,0.02,27.11,40.021375925763245,41.512587546578416
2014-08-08,20.12,28.68,13.44,0.0,27.54,40.021375925763245,41.512587546578416
2014-08-09,19.01,29.26,9.7,0.01,25.42,40.021375925763245,41.512587546578416
2014-08-10,18.71,28.69,10.12,0.08,21.48,40.021375925763245,41.512587546578416
2014-08-11,18.65,27.25,11.53,0.07,22.08,40.021375925763245,41.512587546578416
2014-08-12,18.87,27.94,11.28,0.19,22.91,40.021375925763245,41.512587546578416
2014-08-13,18.73,27.34,11.46,0.15,21.38,40.021375925763245,41.512587546578416
2014-08-14,20.59,29.8,10.97,0.0,25.23,40.021375925763245,41.512587546578416
2014-08-15,22.29,30.94,12.49,0.01,23.28,40.021375925763245,41.512587546578416
2014-08-16,20.8,28.46,13.27,0.07,22.48,40.021375925763245,41.512587546578416
2014-08-17,21.46,30.68,11.68,0.0,26.03,40.021375925763245,41.512587546578416
2014-08-18,21.69,29.07,15.29,0.06,23.8,40.021375925763245,41.512587546578416
2014-08-19,21.34,29.96,15.37,6.85,16.86,40.021375925763245,41.512587546578416
2014-08-20,19.61,27.35,13.18,1.94,17.58,40.021375925763245,41.512587546578416
2014-08-21,18.71,27.48,10.45,0.01,23.71,40.021375925763245,41.512587546578416
2014-08-22,18.59,28.14,9.91,0.91,23.27,40.021375925763245,41.512587546578416
2014-08-23,18.48,27.07,11.2,1.68,19.57,40.021375925763245,41.512587546578416
2014-08-24,20.45,29.14,11.07,0.07,22.0,40.021375925763245,41.512587546578416
2014-08-25,21.37,29.59,13.75,0.04,21.56,40.021375925763245,41.512587546578416
2014-08-26,20.6,28.75,11.92,0.01,21.43,40.021375925763245,41.512587546578416
2014-08-27,21.42,29.49,13.03,0.0,22.85,40.021375925763245,41.512587546578416
2014-08-28,22.25,29.96,15.95,0.35,20.72,40.021375925763245,41.512587546578416
2014-08-29,18.93,28.85,11.91,2.82,21.52,40.021375925763245,41.512587546578416
2014-08-30,15.93,24.5,9.71,3.48,21.08,40.021375925763245,41.512587546578416
2014-08-31,18.35,27.69,9.56,0.12,20.92,40.021375925763245,41.512587546578416
2014-09-01,18.25,26.97,9.7,0.09,24.68,40.021375925763245,41.512587546578416
2014-09-02,19.04,27.92,10.01,0.0,23.02,40.021375925763245,41.512587546578416
2014-09-03,20.26,28.13,14.12,0.0,22.17,40.021375925763245,41.512587546578416
2014-09-04,18.77,27.06,12.7,0.0,23.51,40.021375925763245,41.512587546578416
2014-09-05,18.08,25.89,11.99,0.0,19.63,40.021375925763245,41.512587546578416
2014-09-06,18.98,27.3,10.59,0.52,19.96,40.021375925763245,41.512587546578416
2014-09-07,17.97,26.14,11.29,0.05,21.85,40.021375925763245,41.512587546578416
2014-09-08,17.5,25.27,11.41,0.49,22.08,40.021375925763245,41.512587546578416
2014-09-09,15.58,22.91,9.87,9.0,16.09,40.021375925763245,41.512587546578416
2014-09-10,15.57,23.14,9.44,3.74,16.12,40.021375925763245,41.512587546578416
2014-09-11,15.64,24.02,9.63,0.9,21.87,40.021375925763245,41.512587546578416
2014-09-12,14.92,23.04,8.66,0.43,16.72,40.021375925763245,41.512587546578416
2014-09-13,14.65,22.66,8.92,0.01,19.09,40.021375925763245,41.512587546578416
2014-09-14,14.28,22.84,7.03,0.61,16.9,40.021375925763245,41.512587546578416
2014-09-15,13.9,21.24,8.39,0.95,17.59,40.021375925763245,41.512587546578416
2014-09-16,11.4,17.53,6.49,2.71,12.96,40.021375925763245,41.512587546578416
2014-09-17,12.19,19.77,5.64,0.67,18.59,40.021375925763245,41.512587546578416
2014-09-18,11.74,19.23,5.42,4.4,16.21,40.021375925763245,41.512587546578416
2014-09-19,12.56,20.18,6.33,4.08,14.78,40.021375925763245,41.512587546578416
2014-09-20,10.62,16.96,5.58,5.13,11.21,40.021375925763245,41.512587546578416
2014-09-21,9.61,16.44,4.16,1.01,14.57,40.021375925763245,41.512587546578416
2014-09-22,10.46,17.24,5.38,0.56,14.49,40.021375925763245,41.512587546578416
2014-09-23,10.88,18.66,4.04,0.0,19.17,40.021375925763245,41.512587546578416
2014-09-24,9.77,14.86,2.42,10.35,11.65,40.021375925763245,41.512587546578416
2014-09-25,5.55,14.26,-0.96,1.76,17.83,40.021375925763245,41.512587546578416
2014-09-26,6.68,15.24,-0.97,0.1,19.5,40.021375925763245,41.512587546578416
2014-09-27,9.95,17.88,3.08,1.98,18.77,40.021375925763245,41.512587546578416
2014-09-28,8.3,12.37,3.14,21.56,5.07,40.021375925763245,41.512587546578416
2014-09-29,5.39,11.39,0.52,9.73,8.1,40.021375925763245,41.512587546578416
2014-09-30,4.34,10.97,-0.74,4.08,6.52,40.021375925763245,41.512587546578416
2014-10-01,6.5,14.46,0.5,0.33,14.82,40.021375925763245,41.512587546578416
2014-10-02,7.32,16.52,1.34,0.0,16.68,40.021375925763245,41.512587546578416
2014-10-03,8.43,16.65,0.65,0.08,17.87,40.021375925763245,41.512587546578416
2014-10-04,9.25,15.35,3.98,4.84,10.16,40.021375925763245,41.512587546578416
2014-10-05,8.41,15.22,2.91,1.76,12.92,40.021375925763245,41.512587546578416
2014-10-06,8.62,15.43,3.41,0.29,13.62,40.021375925763245,41.512587546578416
2014-10-07,7.81,14.67,3.05,0.08,11.06,40.021375925763245,41.512587546578416
2014-10-08,7.33,15.33,0.78,0.0,15.89,40.021375925763245,41.512587546578416
2014-10-09,7.57,15.24,2.19,0.13,14.77,40.021375925763245,41.512587546578416
2014-10-10,9.05,16.43,2.88,0.01,17.52,40.021375925763245,41.512587546578416
2014-10-11,10.5,17.29,5.59,0.05,16.37,40.021375925763245,41.512587546578416
2014-10-12,9.04,13.27,5.67,0.95,12.18,40.021375925763245,41.512587546578416
2014-10-13,8.97,15.24,4.55,1.98,12.18,40.021375925763245,41.512587546578416
2014-10-14,8.12,14.16,3.67,2.09,12.74,40.021375925763245,41.512587546578416
2014-10-15,7.65,12.95,3.57,6.13,8.8,40.021375925763245,41.512587546578416
2014-10-16,6.43,11.01,3.05,1.93,10.15,40.021375925763245,41.512587546578416
2014-10-17,5.28,12.73,1.08,3.26,11.02,40.021375925763245,41.512587546578416
2014-10-18,3.82,8.11,0.61,8.57,8.78,40.021375925763245,41.512587546578416
2014-10-19,0.82,4.86,-6.12,12.01,8.25,40.021375925763245,41.512587546578416
2014-10-20,-1.91,5.97,-7.7,0.33,14.26,40.021375925763245,41.512587546578416
2014-10-21,2.17,10.76,-4.09,0.02,15.11,40.021375925763245,41.512587546578416
2014-10-22,3.27,11.83,-2.47,0.0,15.32,40.021375925763245,41.512587546578416
2014-10-23,3.0,8.61,-0.73,0.0,7.55,40.021375925763245,41.512587546578416
2014-10-24,4.59,12.23,-0.89,0.0,13.14,40.021375925763245,41.512587546578416
2014-10-25,4.58,11.09,-0.48,0.12,8.89,40.021375925763245,41.512587546578416
2014-10-26,5.05,9.94,1.57,0.62,8.8,40.021375925763245,41.512587546578416
2014-10-27,5.05,9.96,1.53,0.31,9.31,40.021375925763245,41.512587546578416
2014-10-28,4.77,9.7,0.69,0.16,9.65,40.021375925763245,41.512587546578416
2014-10-29,5.04,10.24,1.62,0.41,10.81,40.021375925763245,41.512587546578416
2014-10-30,4.35,10.44,0.1,2.05,10.87,40.021375925763245,41.512587546578416
2014-10-31,3.08,8.37,0.31,7.78,6.1,40.021375925763245,41.512587546578416
2014-11-01,0.61,4.46,-2.74,6.6,6.42,40.021375925763245,41.512587546578416
2014-11-02,-3.2,1.63,-8.32,6.32,4.3,40.021375925763245,41.512587546578416
2014-11-03,-8.21,-3.28,-11.97,4.42,8.9,40.021375925763245,41.512587546578416
2014-11-04,-9.03,-3.12,-12.46,5.05,6.04,40.021375925763245,41.512587546578416
2014-11-05,-5.39,2.35,-11.74,0.0,10.41,40.021375925763245,41.512587546578416
2014-11-06,-1.57,5.21,-6.38,0.0,11.98,40.021375925763245,41.512587546578416
2014-11-07,1.06,8.05,-3.03,0.0,11.92,40.021375925763245,41.512587546578416
2014-11-08,1.1,7.8,-2.49,0.0,12.13,40.021375925763245,41.512587546578416
2014-11-09,0.64,8.28,-3.58,0.0,11.88,40.021375925763245,41.512587546578416
2014-11-10,2.46,10.2,-3.55,0.0,11.41,40.021375925763245,41.512587546578416
2014-11-11,2.91,9.22,-1.49,0.0,10.46,40.021375925763245,41.512587546578416
2014-11-12,1.43,8.57,-2.48,0.0,11.18,40.021375925763245,41.512587546578416
2014-11-13,0.93,7.32,-2.97,0.0,11.13,40.021375925763245,41.512587546578416
2014-11-14,0.71,5.87,-2.88,0.0,8.24,40.021375925763245,41.512587546578416
2014-11-15,0.94,6.61,-1.82,2.19,4.9,40.021375925763245,41.512587546578416
2014-11-16,1.34,6.08,-1.06,3.93,2.73,40.021375925763245,41.512587546578416
2014-11-17,1.55,6.07,-1.18,0.49,6.16,40.021375925763245,41.512587546578416
2014-11-18,1.11,5.64,-1.72,0.39,7.64,40.021375925763245,41.512587546578416
2014-11-19,1.17,6.82,-1.87,0.0,8.49,40.021375925763245,41.512587546578416
2014-11-20,0.52,6.25,-2.35,0.0,8.44,40.021375925763245,41.512587546578416
2014-11-21,-0.32,3.95,-2.75,0.27,7.24,40.021375925763245,41.512587546578416
2014-11-22,-1.79,1.37,-4.05,8.14,4.07,40.021375925763245,41.512587546578416
2014-11-23,-5.44,-0.48,-8.85,1.01,6.91,40.021375925763245,41.512587546578416
2014-11-24,-5.64,-0.99,-9.21,0.52,5.28,40.021375925763245,41.512587546578416
2014-11-25,-4.35,0.27,-7.21,0.82,4.64,40.021375925763245,41.512587546578416
2014-11-26,-3.7,1.6,-7.89,1.54,3.08,40.021375925763245,41.512587546578416
2014-11-27,-3.63,0.75,-6.75,5.62,4.44,40.021375925763245,41.512587546578416
2014-11-28,-4.86,-0.06,-7.61,0.98,4.8,40.021375925763245,41.512587546578416
2014-11-29,-6.17,-0.48,-9.74,0.04,6.29,40.021375925763245,41.512587546578416
2014-11-30,-4.4,1.12,-9.17,3.83,6.35,40.021375925763245,41.512587546578416
2014-12-01,-4.63,-0.01,-9.53,6.7,4.26,40.021375925763245,41.512587546578416
2014-12-02,-8.72,-3.27,-14.35,4.07,8.81,40.021375925763245,41.512587546578416
2014-12-03,-3.74,0.15,-8.22,3.0,3.86,40.021375925763245,41.512587546578416
2014-12-04,-3.63,1.7,-8.14,0.09,6.47,40.021375925763245,41.512587546578416
2014-12-05,-1.53,2.48,-5.05,2.17,3.64,40.021375925763245,41.512587546578416
2014-12-06,-2.23,2.97,-4.9,0.04,6.42,40.021375925763245,41.512587546578416
2014-12-07,-1.72,3.33,-4.74,0.29,2.53,40.021375925763245,41.512587546578416
2014-12-08,-0.71,3.28,-3.49,2.2,3.7,40.021375925763245,41.512587546578416
2014-12-09,0.7,4.22,-0.64,0.37,4.14,40.021375925763245,41.512587546578416
2014-12-10,-1.15,2.48,-4.4,0.97,2.23,40.021375925763245,41.512587546578416
2014-12-11,-1.97,3.22,-4.92,0.0,8.52,40.021375925763245,41.512587546578416
2014-12-12,-2.72,3.5,-7.85,0.98,4.07,40.021375925763245,41.512587546578416
2014-12-13,-1.06,2.54,-3.07,8.56,2.86,40.021375925763245,41.512587546578416
2014-12-14,-2.82,1.78,-6.14,2.2,4.48,40.021375925763245,41.512587546578416
2014-12-15,-4.51,0.96,-7.4,0.2,5.95,40.021375925763245,41.512587546578416
2014-12-16,-4.48,1.58,-8.59,0.0,7.2,40.021375925763245,41.512587546578416
2014-12-17,-4.45,3.1,-8.01,0.0,9.6,40.021375925763245,41.512587546578416
2014-12-18,-3.23,1.69,-6.0,0.01,6.22,40.021375925763245,41.512587546578416
2014-12-19,-4.54,-0.2,-7.45,0.05,6.55,40.021375925763245,41.512587546578416
2014-12-20,-4.36,0.19,-7.83,0.0,8.36,40.021375925763245,41.512587546578416
2014-12-21,-5.63,0.7,-9.26,0.01,8.21,40.021375925763245,41.512587546578416
2014-12-22,-5.83,-1.27,-8.59,4.47,4.72,40.021375925763245,41.512587546578416
2014-12-23,-9.74,-4.66,-12.82,1.09,7.07,40.021375925763245,41.512587546578416
2014-12-24,-7.63,-1.16,-12.79,0.38,5.17,40.021375925763245,41.512587546578416
2014-12-25,-6.57,0.52,-10.61,0.0,9.26,40.021375925763245,41.512587546578416
2014-12-26,-7.78,0.85,-12.21,0.0,9.34,40.021375925763245,41.512587546578416
2014-12-27,-7.08,-0.23,-11.4,0.14,6.41,40.021375925763245,41.512587546578416
2014-12-28,-5.3,0.25,-9.11,1.97,3.31,40.021375925763245,41.512587546578416
2014-12-29,-4.36,1.02,-8.61,0.14,4.71,40.021375925763245,41.512587546578416
2014-12-30,-3.43,2.07,-6.83,1.14,6.09,40.021375925763245,41.512587546578416
2014-12-31,-4.09,0.89,-7.79,0.53,4.36,40.021375925763245,41.512587546578416
2015-01-01,-4.02,0.51,-6.49,0.46,5.34,40.021375925763245,41.512587546578416
2015-01-02,-4.86,-1.57,-7.68,4.38,3.69,40.021375925763245,41.512587546578416
2015-01-03,-6.41,-1.82,-9.92,1.41,7.64,40.021375925763245,41.512587546578416
2015-01-04,-9.52,-5.03,-12.9,1.12,5.1,40.021375925763245,41.512587546578416
2015-01-05,-6.11,-2.04,-12.14,4.99,3.94,40.021375925763245,41.512587546578416
2015-01-06,-3.59,-1.96,-5.0,3.18,3.78,40.021375925763245,41.512587546578416
2015-01-07,-7.38,-4.69,-13.17,9.99,2.45,40.021375925763245,41.512587546578416
2015-01-08,-14.98,-12.96,-18.37,4.59,5.18,40.021375925763245,41.512587546578416
2015-01-09,-17.75,-12.78,-22.23,1.56,9.07,40.021375925763245,41.512587546578416
2015-01-10,-18.36,-10.18,-24.18,0.0,6.56,40.021375925763245,41.512587546578416
2015-01-11,-17.1,-8.78,-22.09,0.0,8.9,40.021375925763245,41.512587546578416
2015-01-12,-12.35,-4.82,-19.8,0.03,6.07,40.021375925763245,41.512587546578416
2015-01-13,-10.21,-1.55,-16.66,0.06,8.22,40.021375925763245,41.512587546578416
2015-01-14,-7.46,-0.15,-12.03,0.0,10.6,40.021375925763245,41.512587546578416
2015-01-15,-7.66,-0.75,-13.41,0.69,10.18,40.021375925763245,41.512587546578416
2015-01-16,-7.89,-2.15,-11.48,1.46,4.6,40.021375925763245,41.512587546578416
2015-01-17,-9.92,-3.96,-13.94,0.62,7.36,40.021375925763245,41.512587546578416
2015-01-18,-10.01,-1.62,-15.74,0.0,9.98,40.021375925763245,41.512587546578416
2015-01-19,-6.1,0.48,-11.31,0.0,11.1,40.021375925763245,41.512587546578416
2015-01-20,-4.98,0.64,-8.66,0.0,11.05,40.021375925763245,41.512587546578416
2015-01-21,-5.49,1.01,-9.36,0.01,9.67,40.021375925763245,41.512587546578416
2015-01-22,-7.3,-1.45,-10.89,0.01,9.26,40.021375925763245,41.512587546578416
2015-01-23,-7.32,0.36,-11.25,0.0,10.7,40.021375925763245,41.512587546578416
2015-01-24,-9.99,-1.53,-15.61,0.0,11.58,40.021375925763245,41.512587546578416
2015-01-25,-9.14,-0.37,-14.27,0.0,10.95,40.021375925763245,41.512587546578416
2015-01-26,-8.11,-1.17,-13.38,1.74,9.58,40.021375925763245,41.512587546578416
2015-01-27,-7.84,-0.93,-14.22,0.89,10.26,40.021375925763245,41.512587546578416
2015-01-28,-8.77,-1.67,-15.53,1.85,9.72,40.021375925763245,41.512587546578416
2015-01-29,-8.84,-3.1,-13.29,0.4,10.78,40.021375925763245,41.512587546578416
2015-01-30,-9.01,-2.03,-15.04,0.01,10.67,40.021375925763245,41.512587546578416
2015-01-31,-7.8,-2.12,-13.04,0.0,9.54,40.021375925763245,41.512587546578416
2015-02-01,-5.97,0.13,-10.07,0.0,8.83,40.021375925763245,41.512587546578416
2015-02-02,-7.07,0.74,-12.2,0.0,12.77,40.021375925763245,41.512587546578416
2015-02-03,-6.03,0.31,-12.52,0.1,10.41,40.021375925763245,41.512587546578416
2015-02-04,-4.99,-0.73,-8.81,7.66,5.98,40.021375925763245,41.512587546578416
2015-02-05,-9.05,-2.01,-13.41,0.01,13.09,40.021375925763245,41.512587546578416
2015-02-06,-7.52,0.52,-12.18,0.0,13.69,40.021375925763245,41.512587546578416
2015-02-07,-6.17,0.06,-11.63,0.18,12.74,40.021375925763245,41.512587546578416
2015-02-08,-5.14,-1.61,-8.4,1.82,12.23,40.021375925763245,41.512587546578416
2015-02-09,-3.87,-0.73,-7.98,8.54,5.02,40.021375925763245,41.512587546578416
2015-02-10,-5.9,-1.26,-8.69,2.93,8.2,40.021375925763245,41.512587546578416
2015-02-11,-6.71,-1.95,-10.77,0.69,8.01,40.021375925763245,41.512587546578416
2015-02-12,-8.35,-4.13,-11.12,3.2,9.54,40.021375925763245,41.512587546578416
2015-02-13,-8.77,-3.49,-13.78,0.39,14.03,40.021375925763245,41.512587546578416
2015-02-14,-8.26,-3.1,-12.13,0.19,14.01,40.021375925763245,41.512587546578416
2015-02-15,-10.32,-4.08,-14.82,0.09,14.52,40.021375925763245,41.512587546578416
2015-02-16,-9.5,-3.62,-15.35,0.9,14.35,40.021375925763245,41.512587546578416
2015-02-17,-7.34,-3.42,-10.07,8.28,12.63,40.021375925763245,41.512587546578416
2015-02-18,-8.28,-3.06,-12.47,0.68,13.84,40.021375925763245,41.512587546578416
2015-02-19,-8.13,-2.57,-13.12,1.15,14.51,40.021375925763245,41.512587546578416
2015-02-20,-9.23,-5.19,-14.65,1.21,13.18,40.021375925763245,41.512587546578416
2015-02-21,-11.63,-5.16,-16.77,0.81,13.97,40.021375925763245,41.512587546578416
2015-02-22,-8.2,-0.38,-15.34,0.0,17.14,40.021375925763245,41.512587546578416
2015-02-23,-7.15,0.31,-11.98,0.0,17.5,40.021375925763245,41.512587546578416
2015-02-24,-6.87,-0.31,-12.51,0.01,16.16,40.021375925763245,41.512587546578416
2015-02-25,-6.21,-2.08,-9.42,0.79,14.5,40.021375925763245,41.512587546578416
2015-02-26,-4.8,0.49,-8.94,0.4,15.59,40.021375925763245,41.512587546578416
2015-02-27,-5.04,2.0,-10.28,0.0,17.47,40.021375925763245,41.512587546578416
2015-02-28,-4.62,1.65,-9.74,0.73,14.17,40.021375925763245,41.512587546578416
2015-03-01,-3.98,0.17,-7.7,0.39,13.26,40.021375925763245,41.512587546578416
2015-03-02,-3.96,-0.14,-6.98,0.71,14.19,40.021375925763245,41.512587546578416
2015-03-03,-4.82,-0.63,-8.64,0.0,16.68,40.021375925763245,41.512587546578416
2015-03-04,-6.38,-1.11,-11.98,2.31,13.17,40.021375925763245,41.512587546578416
2015-03-05,-10.81,-5.7,-14.59,1.19,17.56,40.021375925763245,41.512587546578416
2015-03-06,-6.44,1.62,-14.42,0.0,17.21,40.021375925763245,41.512587546578416
2015-03-07,-1.47,5.44,-7.42,0.0,16.97,40.021375925763245,41.512587546578416
2015-03-08,-1.51,4.37,-5.44,0.0,18.51,40.021375925763245,41.512587546578416
2015-03-09,-2.31,3.35,-6.59,0.0,19.87,40.021375925763245,41.512587546578416
2015-03-10,0.05,6.77,-5.48,1.13,20.76,40.021375925763245,41.512587546578416
2015-03-11,1.39,9.03,-3.67,0.0,20.26,40.021375925763245,41.512587546578416
2015-03-12,1.28,8.86,-2.73,0.77,13.69,40.021375925763245,41.512587546578416
2015-03-13,-1.12,4.64,-5.24,0.57,19.29,40.021375925763245,41.512587546578416
2015-03-14,-0.87,4.59,-5.37,0.38,17.71,40.021375925763245,41.512587546578416
2015-03-15,0.2,4.71,-3.63,0.05,18.65,40.021375925763245,41.512587546578416
2015-03-16,-2.11,1.13,-4.98,1.72,11.62,40.021375925763245,41.512587546578416
2015-03-17,-3.21,0.87,-6.29,1.66,14.09,40.021375925763245,41.512587546578416
2015-03-18,-1.82,3.94,-6.34,0.03,20.67,40.021375925763245,41.512587546578416
2015-03-19,-0.57,5.37,-4.71,1.18,20.45,40.021375925763245,41.512587546578416
2015-03-20,-0.91,3.17,-2.79,3.38,16.73,40.021375925763245,41.512587546578416
2015-03-21,-1.93,0.94,-4.27,2.39,16.99,40.021375925763245,41.512587546578416
2015-03-22,-3.59,-0.19,-8.61,4.46,14.37,40.021375925763245,41.512587546578416
2015-03-23,-4.36,2.43,-10.21,0.12,20.74,40.021375925763245,41.512587546578416
2015-03-24,-2.92,0.12,-6.35,3.03,15.45,40.021375925763245,41.512587546578416
2015-03-25,-2.03,2.69,-6.1,1.03,17.4,40.021375925763245,41.512587546578416
2015-03-26,0.28,7.73,-6.38,0.0,23.98,40.021375925763245,41.512587546578416
2015-03-27,2.16,10.89,-3.49,0.0,21.08,40.021375925763245,41.512587546578416
2015-03-28,1.12,6.0,-2.05,0.93,13.15,40.021375925763245,41.512587546578416
2015-03-29,3.04,9.91,-1.55,9.98,20.18,40.021375925763245,41.512587546578416
2015-03-30,-0.49,3.68,-3.5,8.56,11.62,40.021375925763245,41.512587546578416
2015-03-31,-0.03,5.98,-5.35,0.99,16.3,40.021375925763245,41.512587546578416
2015-04-01,1.22,5.62,-2.55,0.49,15.66,40.021375925763245,41.512587546578416
2015-04-02,1.79,7.13,-2.71,1.87,17.83,40.021375925763245,41.512587546578416
2015-04-03,0.62,7.13,-6.22,1.99,18.83,40.021375925763245,41.512587546578416
2015-04-04,0.0,5.19,-7.68,3.63,14.33,40.021375925763245,41.512587546578416
2015-04-05,-0.56,7.97,-7.74,0.0,18.4,40.021375925763245,41.512587546578416
2015-04-06,2.38,9.91,-3.34,0.0,22.84,40.021375925763245,41.512587546578416
2015-04-07,4.31,10.72,-2.77,0.25,17.43,40.021375925763245,41.512587546578416
2015-04-08,4.39,10.72,-1.11,2.17,20.35,40.021375925763245,41.512587546578416
2015-04-09,6.72,13.51,1.36,9.13,14.42,40.021375925763245,41.512587546578416
2015-04-10,2.98,9.07,-4.24,1.9,17.2,40.021375925763245,41.512587546578416
2015-04-11,-0.82,5.74,-6.09,0.91,13.58,40.021375925763245,41.512587546578416
2015-04-12,-0.79,3.38,-4.18,0.86,15.05,40.021375925763245,41.512587546578416
2015-04-13,-1.77,3.19,-5.19,2.06,11.89,40.021375925763245,41.512587546578416
2015-04-14,-1.98,3.17,-5.67,0.32,14.33,40.021375925763245,41.512587546578416
2015-04-15,0.37,7.51,-5.63,0.25,21.53,40.021375925763245,41.512587546578416
2015-04-16,1.83,8.76,-3.56,0.0,24.95,40.021375925763245,41.512587546578416
2015-04-17,4.43,11.77,-2.13,0.0,26.02,40.021375925763245,41.512587546578416
2015-04-18,5.76,13.16,-1.01,0.05,22.44,40.021375925763245,41.512587546578416
2015-04-19,5.22,10.76,-0.87,0.35,17.94,40.021375925763245,41.512587546578416
2015-04-20,3.65,6.62,1.45,10.33,7.51,40.021375925763245,41.512587546578416
2015-04-21,1.87,5.48,-2.05,12.36,10.61,40.021375925763245,41.512587546578416
2015-04-22,-1.08,2.99,-4.51,3.24,10.53,40.021375925763245,41.512587546578416
2015-04-23,-0.99,2.96,-5.81,8.83,8.23,40.021375925763245,41.512587546578416
2015-04-24,-4.63,0.31,-8.72,3.36,10.66,40.021375925763245,41.512587546578416
2015-04-25,0.21,8.22,-8.75,0.0,15.43,40.021375925763245,41.512587546578416
2015-04-26,3.26,9.99,-2.55,0.0,22.88,40.021375925763245,41.512587546578416
2015-04-27,3.88,9.06,-1.6,0.94,21.37,40.021375925763245,41.512587546578416
2015-04-28,5.4,11.95,-0.8,1.22,22.06,40.021375925763245,41.512587546578416
2015-04-29,7.91,15.26,-0.23,0.01,22.6,40.021375925763245,41.512587546578416
2015-04-30,7.91,14.85,1.28,1.31,15.53,40.021375925763245,41.512587546578416
2015-05-01,7.15,15.77,-0.94,0.36,22.06,40.021375925763245,41.512587546578416
2015-05-02,5.42,10.22,1.21,4.14,18.99,40.021375925763245,41.512587546578416
2015-05-03,6.09,14.07,-1.4,0.34,26.26,40.021375925763245,41.512587546578416
2015-05-04,4.88,10.36,0.18,8.43,17.64,40.021375925763245,41.512587546578416
2015-05-05,3.61,11.71,-2.7,0.07,20.43,40.021375925763245,41.512587546578416
2015-05-06,2.54,10.77,-3.35,0.01,24.39,40.021375925763245,41.512587546578416
2015-05-07,3.81,12.05,-4.18,0.0,30.26,40.021375925763245,41.512587546578416
2015-05-08,7.22,15.17,-1.86,0.57,26.33,40.021375925763245,41.512587546578416
2015-05-09,6.57,12.12,2.3,16.95,14.31,40.021375925763245,41.512587546578416
2015-05-10,4.5,8.65,0.34,3.58,12.68,40.021375925763245,41.512587546578416
2015-05-11,4.73,9.54,-0.06,1.35,18.05,40.021375925763245,41.512587546578416
2015-05-12,5.98,11.38,1.27,2.67,10.71,40.021375925763245,41.512587546578416
2015-05-13,6.28,11.31,1.83,1.69,15.93,40.021375925763245,41.512587546578416
2015-05-14,4.7,8.72,1.3,5.38,13.4,40.021375925763245,41.512587546578416
2015-05-15,5.55,12.66,-0.56,0.34,26.29,40.021375925763245,41.512587546578416
2015-05-16,7.76,14.81,0.32,0.11,19.26,40.021375925763245,41.512587546578416
2015-05-17,7.53,13.25,2.88,2.95,17.01,40.021375925763245,41.512587546578416
2015-05-18,8.69,15.13,2.13,0.12,22.97,40.021375925763245,41.512587546578416
2015-05-19,11.15,17.97,4.15,0.0,27.06,40.021375925763245,41.512587546578416
2015-05-20,13.73,19.92,6.99,0.0,28.46,40.021375925763245,41.512587546578416
2015-05-21,14.37,20.72,8.9,0.1,20.05,40.021375925763245,41.512587546578416
2015-05-22,10.72,16.27,5.46,0.25,17.58,40.021375925763245,41.512587546578416
2015-05-23,9.58,16.1,4.71,4.16,15.02,40.021375925763245,41.512587546578416
2015-05-24,9.26,12.79,5.15,0.95,17.13,40.021375925763245,41.512587546578416
2015-05-25,9.72,15.16,4.11,2.9,22.43,40.021375925763245,41.512587546578416
2015-05-26,11.26,17.87,3.94,0.28,23.41,40.021375925763245,41.512587546578416
2015-05-27,11.57,18.78,4.58,0.05,22.83,40.021375925763245,41.512587546578416
2015-05-28,10.45,16.24,4.13,2.22,16.56,40.021375925763245,41.512587546578416
2015-05-29,10.66,18.17,3.65,0.35,25.62,40.021375925763245,41.512587546578416
2015-05-30,9.71,15.37,2.86,1.05,22.14,40.021375925763245,41.512587546578416
2015-05-31,10.02,16.31,2.3,1.08,24.19,40.021375925763245,41.512587546578416
2015-06-01,11.84,18.67,5.18,0.0,28.34,40.021375925763245,41.512587546578416
2015-06-02,12.36,18.21,6.76,0.81,18.43,40.021375925763245,41.512587546578416
2015-06-03,14.13,19.71,7.82,13.66,22.92,40.021375925763245,41.512587546578416
2015-06-04,12.76,19.19,6.45,0.33,28.91,40.021375925763245,41.512587546578416
2015-06-05,12.93,20.0,6.59,0.54,21.42,40.021375925763245,41.512587546578416
2015-06-06,13.62,20.69,5.87,0.81,25.73,40.021375925763245,41.512587546578416
2015-06-07,13.61,20.34,7.66,0.03,25.62,40.021375925763245,41.512587546578416
2015-06-08,14.24,21.46,5.55,0.17,26.02,40.021375925763245,41.512587546578416
2015-06-09,15.32,21.35,9.28,1.94,26.25,40.021375925763245,41.512587546578416
2015-06-10,14.71,22.17,7.57,0.32,24.95,40.021375925763245,41.512587546578416
2015-06-11,14.1,20.43,8.43,1.82,24.86,40.021375925763245,41.512587546578416
2015-06-12,12.75,19.08,6.76,1.31,22.95,40.021375925763245,41.512587546578416
2015-06-13,13.93,21.35,6.55,0.3,27.45,40.021375925763245,41.512587546578416
2015-06-14,14.74,21.98,7.14,1.15,21.51,40.021375925763245,41.512587546578416
2015-06-15,13.05,20.64,4.98,5.82,19.54,40.021375925763245,41.512587546578416
2015-06-16,9.86,13.78,6.45,4.03,12.11,40.021375925763245,41.512587546578416
2015-06-17,11.94,18.66,5.83,0.87,24.59,40.021375925763245,41.512587546578416
2015-06-18,12.85,18.3,5.84,8.47,24.4,40.021375925763245,41.512587546578416
2015-06-19,14.4,21.22,7.35,0.08,26.12,40.021375925763245,41.512587546578416
2015-06-20,14.97,20.76,8.42,1.09,22.95,40.021375925763245,41.512587546578416
2015-06-21,15.28,22.26,7.71,2.76,25.68,40.021375925763245,41.512587546578416
2015-06-22,15.58,23.2,7.93,0.28,26.21,40.021375925763245,41.512587546578416
2015-06-23,17.33,25.0,8.51,0.09,26.44,40.021375925763245,41.512587546578416
2015-06-24,17.89,25.37,9.4,1.61,23.43,40.021375925763245,41.512587546578416
2015-06-25,15.48,22.91,8.91,2.52,20.56,40.021375925763245,41.512587546578416
2015-06-26,12.0,16.77,8.49,7.06,13.96,40.021375925763245,41.512587546578416
2015-06-27,12.56,17.36,7.78,8.6,17.63,40.021375925763245,41.512587546578416
2015-06-28,13.96,20.38,6.65,2.74,25.46,40.021375925763245,41.512587546578416
2015-06-29,16.06,23.24,8.17,0.09,26.05,40.021375925763245,41.512587546578416
2015-06-30,16.42,23.7,9.61,0.12,28.41,40.021375925763245,41.512587546578416
2015-07-01,14.68,23.58,5.89,0.07,28.27,40.021375925763245,41.512587546578416
2015-07-02,17.8,27.72,6.9,0.0,29.5,40.021375925763245,41.512587546578416
2015-07-03,17.01,26.54,8.5,0.04,27.31,40.021375925763245,41.512587546578416
2015-07-04,17.43,26.21,7.44,0.0,25.55,40.021375925763245,41.512587546578416
2015-07-05,19.52,28.22,9.71,0.03,26.48,40.021375925763245,41.512587546578416
2015-07-06,18.11,27.76,10.03,0.33,23.2,40.021375925763245,41.512587546578416
2015-07-07,16.32,24.5,9.4,0.23,22.06,40.021375925763245,41.512587546578416
2015-07-08,17.72,26.24,10.16,0.02,21.73,40.021375925763245,41.512587546578416
2015-07-09,19.46,28.56,10.53,0.0,28.62,40.021375925763245,41.512587546578416
2015-07-10,18.55,26.41,12.14,0.0,28.49,40.021375925763245,41.512587546578416
2015-07-11,16.21,23.41,9.42,0.05,25.61,40.021375925763245,41.512587546578416
2015-07-12,14.93,23.85,8.36,0.81,22.63,40.021375925763245,41.512587546578416
2015-07-13,14.01,23.24,7.85,4.16,18.63,40.021375925763245,41.512587546578416
2015-07-14,16.69,25.65,6.9,0.0,26.32,40.021375925763245,41.512587546578416
2015-07-15,17.31,23.9,10.04,0.4,20.68,40.021375925763245,41.512587546578416
2015-07-16,16.46,24.72,9.75,3.64,23.49,40.021375925763245,41.512587546578416
2015-07-17,14.07,21.76,7.18,0.83,20.77,40.021375925763245,41.512587546578416
2015-07-18,13.02,22.66,3.56,0.0,29.55,40.021375925763245,41.512587546578416
2015-07-19,11.86,19.49,5.85,0.0,30.12,40.021375925763245,41.512587546578416
2015-07-20,14.54,24.35,5.35,0.0,31.1,40.021375925763245,41.512587546578416
2015-07-21,17.14,26.57,8.08,0.0,29.68,40.021375925763245,41.512587546578416
2015-07-22,16.74,25.88,8.6,0.01,26.25,40.021375925763245,41.512587546578416
2015-07-23,17.86,26.78,9.4,0.0,27.29,40.021375925763245,41.512587546578416
2015-07-24,20.28,28.45,11.31,0.0,29.18,40.021375925763245,41.512587546578416
2015-07-25,21.52,28.79,14.6,0.0,24.92,40.021375925763245,41.512587546578416
2015-07-26,20.2,27.95,12.81,0.38,27.18,40.021375925763245,41.512587546578416
2015-07-27,18.28,26.71,10.79,1.25,25.2,40.021375925763245,41.512587546578416
2015-07-28,18.68,26.93,10.98,0.0,26.35,40.021375925763245,41.512587546578416
2015-07-29,19.39,28.01,10.92,0.0,26.82,40.021375925763245,41.512587546578416
2015-07-30,21.08,29.55,12.32,0.06,26.7,40.021375925763245,41.512587546578416
2015-07-31,21.75,30.08,13.65,0.13,19.23,40.021375925763245,41.512587546578416
2015-08-01,21.21,29.56,12.77,0.03,27.12,40.021375925763245,41.512587546578416
2015-08-02,20.59,29.91,11.9,2.17,23.79,40.021375925763245,41.512587546578416
2015-08-03,20.57,29.85,11.8,0.68,24.72,40.021375925763245,41.512587546578416
2015-08-04,20.41,28.81,12.46,0.19,24.25,40.021375925763245,41.512587546578416
2015-08-05,21.37,29.44,13.63,0.33,25.47,40.021375925763245,41.512587546578416
2015-08-06,19.64,27.82,12.98,1.24,24.74,40.021375925763245,41.512587546578416
2015-08-07,19.68,28.16,11.1,0.27,22.55,40.021375925763245,41.512587546578416
2015-08-08,18.74,26.86,10.61,0.49,21.45,40.021375925763245,41.512587546578416
2015-08-09,18.94,27.26,10.38,1.15,24.51,40.021375925763245,41.512587546578416
2015-08-10,20.29,28.51,11.73,0.09,23.56,40.021375925763245,41.512587546578416
2015-08-11,21.61,30.28,12.25,0.02,25.58,40.021375925763245,41.512587546578416
2015-08-12,22.1,31.19,14.38,1.57,25.71,40.021375925763245,41.512587546578416
2015-08-13,21.16,31.04,12.41,0.13,26.52,40.021375925763245,41.512587546578416
2015-08-14,21.57,30.87,13.83,0.03,26.83,40.021375925763245,41.512587546578416
2015-08-15,21.41,31.21,11.93,0.06,27.26,40.021375925763245,41.512587546578416
2015-08-16,21.08,29.44,14.28,3.6,24.52,40.021375925763245,41.512587546578416
2015-08-17,17.32,21.98,12.76,14.62,19.45,40.021375925763245,41.512587546578416
2015-08-18,19.68,26.31,12.79,0.04,21.54,40.021375925763245,41.512587546578416
2015-08-19,21.13,28.84,14.38,0.03,23.33,40.021375925763245,41.512587546578416
2015-08-20,21.04,29.04,14.02,0.0,22.06,40.021375925763245,41.512587546578416
2015-08-21,19.74,29.39,11.22,0.56,23.11,40.021375925763245,41.512587546578416
2015-08-22,18.09,25.5,11.76,3.93,18.85,40.021375925763245,41.512587546578416
2015-08-23,19.02,26.48,12.12,0.12,23.52,40.021375925763245,41.512587546578416
2015-08-24,15.11,21.65,9.0,11.1,17.18,40.021375925763245,41.512587546578416
2015-08-25,13.37,21.1,7.05,1.19,20.05,40.021375925763245,41.512587546578416
2015-08-26,12.31,18.27,7.92,2.35,16.51,40.021375925763245,41.512587546578416
2015-08-27,13.16,20.86,5.8,0.23,18.57,40.021375925763245,41.512587546578416
2015-08-28,12.59,19.08,6.81,7.94,15.16,40.021375925763245,41.512587546578416
2015-08-29,13.38,20.58,7.34,1.72,17.19,40.021375925763245,41.512587546578416
2015-08-30,13.88,21.73,6.32,0.0,20.83,40.021375925763245,41.512587546578416
2015-08-31,14.19,22.06,8.3,0.0,21.97,40.021375925763245,41.512587546578416
2015-09-01,12.67,20.8,6.44,0.0,21.45,40.021375925763245,41.512587546578416
2015-09-02,14.84,24.18,5.12,0.0,25.08,40.021375925763245,41.512587546578416
2015-09-03,17.95,26.24,11.32,0.0,25.35,40.021375925763245,41.512587546578416
2015-09-04,18.42,26.86,11.48,0.0,24.03,40.021375925763245,41.512587546578416
2015-09-05,17.53,25.57,10.97,0.01,22.09,40.021375925763245,41.512587546578416
2015-09-06,15.05,21.95,8.5,4.24,15.51,40.021375925763245,41.512587546578416
2015-09-07,15.62,23.92,9.46,0.06,22.87,40.021375925763245,41.512587546578416
2015-09-08,17.42,25.65,9.91,0.01,21.88,40.021375925763245,41.512587546578416
2015-09-09,18.18,25.87,11.65,0.11,20.41,40.021375925763245,41.512587546578416
2015-09-10,18.73,26.24,12.04,0.3,19.64,40.021375925763245,41.512587546578416
2015-09-11,18.02,26.13,12.33,0.0,20.64,40.021375925763245,41.512587546578416
2015-09-12,18.08,26.21,10.86,0.12,18.91,40.021375925763245,41.512587546578416
2015-09-13,17.94,25.73,11.71,0.6,19.97,40.021375925763245,41.512587546578416
2015-09-14,16.43,24.27,10.37,0.24,20.8,40.021375925763245,41.512587546578416
2015-09-15,15.33,23.79,9.26,0.28,20.19,40.021375925763245,41.512587546578416
2015-09-16,14.06,22.85,7.91,0.26,20.27,40.021375925763245,41.512587546578416
2015-09-17,14.26,23.46,7.37,0.0,22.09,40.021375925763245,41.512587546578416
2015-09-18,14.58,23.77,6.48,0.02,21.16,40.021375925763245,41.512587546578416
2015-09-19,16.09,24.3,8.37,0.0,20.5,40.021375925763245,41.512587546578416
2015-09-20,16.78,24.42,11.05,0.0,20.59,40.021375925763245,41.512587546578416
2015-09-21,16.58,24.03,11.11,0.06,19.05,40.021375925763245,41.512587546578416
2015-09-22,15.33,22.77,9.8,0.0,15.83,40.021375925763245,41.512587546578416
2015-09-23,14.97,22.89,8.46,0.0,19.97,40.021375925763245,41.512587546578416
2015-09-24,15.56,23.6,9.69,0.0,19.39,40.021375925763245,41.512587546578416
2015-09-25,14.86,23.38,7.29,0.27,17.84,40.021375925763245,41.512587546578416
2015-09-26,13.36,20.21,8.29,0.51,14.55,40.021375925763245,41.512587546578416
2015-09-27,13.43,20.31,7.55,0.46,15.95,40.021375925763245,41.512587546578416
2015-09-28,14.43,21.1,8.45,0.06,16.71,40.021375925763245,41.512587546578416
2015-09-29,13.81,19.99,9.5,3.23,14.6,40.021375925763245,41.512587546578416
2015-09-30,11.27,15.37,7.63,8.05,12.99,40.021375925763245,41.512587546578416
2015-10-01,12.5,19.6,6.95,0.57,15.52,40.021375925763245,41.512587546578416
2015-10-02,8.4,11.26,6.77,6.24,6.32,40.021375925763245,41.512587546578416
2015-10-03,10.47,16.01,6.48,2.42,12.37,40.021375925763245,41.512587546578416
2015-10-04,8.92,16.1,4.37,1.25,10.78,40.021375925763245,41.512587546578416
2015-10-05,9.13,16.67,3.83,0.05,16.94,40.021375925763245,41.512587546578416
2015-10-06,10.04,17.19,3.7,5.27,13.77,40.021375925763245,41.512587546578416
2015-10-07,7.31,10.24,4.51,20.44,3.99,40.021375925763245,41.512587546578416
2015-10-08,6.05,10.84,2.86,7.36,7.94,40.021375925763245,41.512587546578416
2015-10-09,6.06,10.66,2.69,2.18,8.98,40.021375925763245,41.512587546578416
2015-10-10,4.5,10.74,0.02,2.42,11.03,40.021375925763245,41.512587546578416
2015-10-11,6.33,14.18,-0.67,0.0,16.77,40.021375925763245,41.512587546578416
2015-10-12,8.81,15.54,3.09,1.15,8.43,40.021375925763245,41.512587546578416
2015-10-13,8.86,14.5,4.27,4.11,10.4,40.021375925763245,41.512587546578416
2015-10-14,7.86,13.0,4.35,8.45,10.52,40.021375925763245,41.512587546578416
2015-10-15,7.33,14.12,2.84,1.26,12.53,40.021375925763245,41.512587546578416
2015-10-16,5.89,13.75,0.28,0.52,14.63,40.021375925763245,41.512587546578416
2015-10-17,4.87,13.05,-2.83,0.08,17.39,40.021375925763245,41.512587546578416
2015-10-18,7.35,15.24,1.2,0.0,13.14,40.021375925763245,41.512587546578416
2015-10-19,8.23,15.34,3.23,0.0,13.35,40.021375925763245,41.512587546578416
2015-10-20,7.79,14.5,3.29,0.0,10.17,40.021375925763245,41.512587546578416
2015-10-21,8.1,15.42,2.92,0.0,13.97,40.021375925763245,41.512587546578416
2015-10-22,7.38,14.35,2.48,1.05,11.35,40.021375925763245,41.512587546578416
2015-10-23,7.01,12.66,3.54,4.26,5.37,40.021375925763245,41.512587546578416
2015-10-24,7.98,14.83,3.99,1.64,9.83,40.021375925763245,41.512587546578416
2015-10-25,5.82,10.28,3.88,14.14,4.74,40.021375925763245,41.512587546578416
2015-10-26,3.52,5.84,1.39,54.18,3.75,40.021375925763245,41.512587546578416
2015-10-27,2.28,5.43,-1.32,16.88,3.54,40.021375925763245,41.512587546578416
2015-10-28,0.9,5.94,-2.13,2.38,5.72,40.021375925763245,41.512587546578416
2015-10-29,1.21,6.06,-1.94,0.9,9.32,40.021375925763245,41.512587546578416
2015-10-30,1.92,8.26,-2.7,0.65,7.72,40.021375925763245,41.512587546578416
2015-10-31,0.41,6.49,-3.7,0.67,8.12,40.021375925763245,41.512587546578416
2015-11-01,-1.57,4.86,-5.21,1.48,9.29,40.021375925763245,41.512587546578416
2015-11-02,-2.37,2.63,-5.1,1.02,9.47,40.021375925763245,41.512587546578416
2015-11-03,-0.14,6.95,-4.71,0.31,13.32,40.021375925763245,41.512587546578416
2015-11-04,2.81,9.89,-2.71,0.0,13.71,40.021375925763245,41.512587546578416
2015-11-05,4.27,11.02,-0.02,0.0,13.15,40.021375925763245,41.512587546578416
2015-11-06,3.43,10.24,-0.68,0.0,13.33,40.021375925763245,41.512587546578416
2015-11-07,2.59,9.73,-1.99,0.0,13.04,40.021375925763245,41.512587546578416
2015-11-08,1.57,8.55,-2.05,1.0,10.89,40.021375925763245,41.512587546578416
2015-11-09,-0.13,3.82,-2.37,3.36,7.25,40.021375925763245,41.512587546578416
2015-11-10,-2.92,0.37,-5.94,5.02,5.58,40.021375925763245,41.512587546578416
2015-11-11,-2.27,1.46,-6.23,7.61,6.21,40.021375925763245,41.512587546578416
2015-11-12,-0.17,2.54,-3.62,8.32,3.75,40.021375925763245,41.512587546578416
2015-11-13,-1.36,3.09,-5.97,3.27,5.78,40.021375925763245,41.512587546578416
2015-11-14,-4.81,1.41,-9.91,0.48,8.45,40.021375925763245,41.512587546578416
2015-11-15,-2.12,5.12,-6.65,1.58,9.24,40.021375925763245,41.512587546578416
2015-11-16,-1.31,4.31,-5.59,1.07,10.05,40.021375925763245,41.512587546578416
2015-11-17,-4.26,-0.77,-10.29,2.53,6.68,40.021375925763245,41.512587546578416
2015-11-18,-6.34,-0.59,-10.96,0.03,8.43,40.021375925763245,41.512587546578416
2015-11-19,-3.59,1.4,-6.94,0.01,5.83,40.021375925763245,41.512587546578416
2015-11-20,-3.02,2.76,-6.42,0.03,7.81,40.021375925763245,41.512587546578416
2015-11-21,-2.5,5.11,-6.15,0.0,8.31,40.021375925763245,41.512587546578416
2015-11-22,-1.57,6.72,-6.79,0.0,10.52,40.021375925763245,41.512587546578416
2015-11-23,2.4,8.89,-1.79,0.0,10.07,40.021375925763245,41.512587546578416
2015-11-24,2.04,9.5,-2.42,0.0,9.29,40.021375925763245,41.512587546578416
2015-11-25,0.14,7.32,-2.69,0.0,7.46,40.021375925763245,41.512587546578416
2015-11-26,-0.99,4.35,-3.77,0.09,7.24,40.021375925763245,41.512587546578416
2015-11-27,-0.57,4.74,-3.39,1.32,3.43,40.021375925763245,41.512587546578416
2015-11-28,0.24,5.98,-2.09,0.07,6.11,40.021375925763245,41.512587546578416
2015-11-29,-1.12,2.32,-4.3,6.19,1.88,40.021375925763245,41.512587546578416
2015-11-30,-2.21,2.08,-6.15,3.5,4.32,40.021375925763245,41.512587546578416
2015-12-01,-3.62,-0.47,-8.72,6.69,4.69,40.021375925763245,41.512587546578416
2015-12-02,-6.39,-1.85,-10.63,5.02,7.07,40.021375925763245,41.512587546578416
2015-12-03,-11.52,-8.24,-14.5,2.7,4.06,40.021375925763245,41.512587546578416
2015-12-04,-12.81,-7.64,-17.05,3.55,7.72,40.021375925763245,41.512587546578416
2015-12-05,-14.65,-6.7,-19.3,0.44,8.77,40.021375925763245,41.512587546578416
2015-12-06,-13.57,-5.21,-19.9,0.18,6.85,40.021375925763245,41.512587546578416
2015-12-07,-8.7,-1.27,-15.17,0.05,7.98,40.021375925763245,41.512587546578416
2015-12-08,-7.61,-0.06,-13.49,0.0,9.14,40.021375925763245,41.512587546578416
2015-12-09,-9.73,-0.55,-15.2,0.0,9.03,40.021375925763245,41.512587546578416
2015-12-10,-7.02,0.86,-12.68,0.0,9.9,40.021375925763245,41.512587546578416
2015-12-11,-5.93,0.9,-9.53,0.0,9.26,40.021375925763245,41.512587546578416
2015-12-12,-7.06,-0.12,-10.81,0.01,9.15,40.021375925763245,41.512587546578416
2015-12-13,-7.49,-0.98,-11.34,0.06,8.84,40.021375925763245,41.512587546578416
2015-12-14,-6.65,1.62,-11.7,0.09,9.18,40.021375925763245,41.512587546578416
2015-12-15,-9.15,-2.23,-14.48,0.41,8.77,40.021375925763245,41.512587546578416
2015-12-16,-8.65,-1.64,-12.71,0.0,8.41,40.021375925763245,41.512587546578416
2015-12-17,-8.3,-2.07,-12.06,0.0,8.68,40.021375925763245,41.512587546578416
2015-12-18,-8.76,-1.21,-13.12,0.0,9.74,40.021375925763245,41.512587546578416
2015-12-19,-7.87,-0.8,-11.9,0.0,9.44,40.021375925763245,41.512587546578416
2015-12-20,-9.23,-1.66,-13.07,0.08,9.18,40.021375925763245,41.512587546578416
2015-12-21,-8.63,-1.52,-13.28,0.93,7.47,40.021375925763245,41.512587546578416
2015-12-22,-5.14,2.63,-10.31,0.01,9.53,40.021375925763245,41.512587546578416
2015-12-23,-6.57,-0.89,-10.8,0.24,8.18,40.021375925763245,41.512587546578416
2015-12-24,-7.99,-0.67,-11.99,0.05,7.87,40.021375925763245,41.512587546578416
2015-12-25,-7.33,-0.46,-11.1,0.0,9.56,40.021375925763245,41.512587546578416
2015-12-26,-5.75,1.47,-10.84,0.09,8.61,40.021375925763245,41.512587546578416
2015-12-27,-6.0,0.85,-9.37,0.32,9.51,40.021375925763245,41.512587546578416
2015-12-28,-5.5,1.41,-9.48,0.0,9.08,40.021375925763245,41.512587546578416
2015-12-29,-4.46,2.87,-8.03,0.0,9.12,40.021375925763245,41.512587546578416
2015-12-30,-7.56,-3.49,-12.75,5.72,6.91,40.021375925763245,41.512587546578416
2015-12-31,-12.68,-8.97,-15.81,7.27,6.71,40.021375925763245,41.512587546578416
2016-01-01,-15.18,-12.03,-16.95,5.56,4.51,40.021375925763245,41.512587546578416
2016-01-02,-17.3,-14.55,-22.57,2.06,8.6,40.021375925763245,41.512587546578416
2016-01-03,-21.17,-14.79,-26.8,0.0,8.92,40.021375925763245,41.512587546578416
2016-01-04,-15.18,-11.2,-22.02,0.81,3.65,40.021375925763245,41.512587546578416
2016-01-05,-9.1,-4.34,-14.79,3.04,5.05,40.021375925763245,41.512587546578416
2016-01-06,-6.27,-1.55,-10.21,2.87,8.27,40.021375925763245,41.512587546578416
2016-01-07,-2.86,-0.28,-5.25,2.5,5.36,40.021375925763245,41.512587546578416
2016-01-08,-3.29,-0.72,-7.89,7.49,2.77,40.021375925763245,41.512587546578416
2016-01-09,-9.09,-4.69,-15.21,1.28,5.64,40.021375925763245,41.512587546578416
2016-01-10,-12.31,-4.18,-17.75,0.11,9.72,40.021375925763245,41.512587546578416
2016-01-11,-9.48,-3.73,-15.02,0.18,7.35,40.021375925763245,41.512587546578416
2016-01-12,-7.61,-0.62,-12.84,0.54,9.53,40.021375925763245,41.512587546578416
2016-01-13,-6.98,-0.38,-12.37,0.08,8.47,40.021375925763245,41.512587546578416
2016-01-14,-4.74,-1.69,-8.29,9.35,6.77,40.021375925763245,41.512587546578416
2016-01-15,-10.46,-5.45,-17.42,0.48,9.9,40.021375925763245,41.512587546578416
2016-01-16,-10.34,-2.46,-16.46,0.0,10.37,40.021375925763245,41.512587546578416
2016-01-17,-8.17,-0.71,-13.32,0.0,8.92,40.021375925763245,41.512587546578416
2016-01-18,-6.22,-0.79,-11.91,1.82,8.39,40.021375925763245,41.512587546578416
2016-01-19,-5.91,-3.24,-10.35,5.06,8.81,40.021375925763245,41.512587546578416
2016-01-20,-13.26,-7.79,-19.2,0.58,9.88,40.021375925763245,41.512587546578416
2016-01-21,-12.03,-4.64,-18.06,0.03,9.48,40.021375925763245,41.512587546578416
2016-01-22,-9.47,-2.97,-13.46,0.5,9.21,40.021375925763245,41.512587546578416
2016-01-23,-8.29,-3.57,-12.08,3.57,10.54,40.021375925763245,41.512587546578416
2016-01-24,-11.01,-5.12,-15.57,7.11,11.88,40.021375925763245,41.512587546578416
2016-01-25,-16.93,-14.66,-19.0,4.09,9.63,40.021375925763245,41.512587546578416
2016-01-26,-19.85,-15.82,-25.53,0.61,12.02,40.021375925763245,41.512587546578416
2016-01-27,-20.92,-13.88,-26.88,0.0,12.25,40.021375925763245,41.512587546578416
2016-01-28,-17.33,-9.55,-23.11,0.1,10.59,40.021375925763245,41.512587546578416
2016-01-29,-11.17,-3.98,-19.32,1.02,10.05,40.021375925763245,41.512587546578416
2016-01-30,-7.37,-1.87,-11.75,0.56,10.31,40.021375925763245,41.512587546578416
2016-01-31,-7.84,-1.39,-13.29,0.01,12.06,40.021375925763245,41.512587546578416
2016-02-01,-8.58,-2.48,-14.23,0.76,6.73,40.021375925763245,41.512587546578416
2016-02-02,-10.6,-5.89,-17.94,3.21,10.97,40.021375925763245,41.512587546578416
2016-02-03,-10.07,-1.24,-18.1,0.0,13.58,40.021375925763245,41.512587546578416
2016-02-04,-7.15,0.45,-11.4,0.0,13.39,40.021375925763245,41.512587546578416
2016-02-05,-7.28,-0.1,-12.08,0.03,9.75,40.021375925763245,41.512587546578416
2016-02-06,-6.72,-0.32,-11.82,2.06,9.69,40.021375925763245,41.512587546578416
2016-02-07,-7.8,-4.2,-11.56,6.72,7.43,40.021375925763245,41.512587546578416
2016-02-08,-9.99,-4.69,-13.61,1.2,11.06,40.021375925763245,41.512587546578416
2016-02-09,-10.64,-3.19,-15.21,0.01,11.46,40.021375925763245,41.512587546578416
2016-02-10,-11.81,-3.44,-16.8,0.0,14.59,40.021375925763245,41.512587546578416
2016-02-11,-10.93,-2.64,-17.2,0.01,14.0,40.021375925763245,41.512587546578416
2016-02-12,-7.01,-0.38,-12.24,0.0,11.65,40.021375925763245,41.512587546578416
2016-02-13,-4.15,0.71,-8.93,0.01,14.84,40.021375925763245,41.512587546578416
2016-02-14,-3.61,0.43,-7.37,0.35,12.17,40.021375925763245,41.512587546578416
2016-02-15,-3.03,1.73,-7.78,0.0,14.38,40.021375925763245,41.512587546578416
2016-02-16,-0.53,2.48,-3.43,0.0,13.41,40.021375925763245,41.512587546578416
2016-02-17,-0.42,3.45,-3.53,0.0,14.7,40.021375925763245,41.512587546578416
2016-02-18,-3.43,1.53,-8.94,0.01,15.57,40.021375925763245,41.512587546578416
2016-02-19,-3.43,3.25,-10.07,1.32,16.04,40.021375925763245,41.512587546578416
2016-02-20,-3.47,0.31,-9.92,4.49,14.36,40.021375925763245,41.512587546578416
2016-02-21,-2.69,1.84,-9.95,3.33,5.8,40.021375925763245,41.512587546578416
2016-02-22,-0.74,1.72,-2.57,4.47,10.62,40.021375925763245,41.512587546578416
2016-02-23,-0.64,3.97,-4.67,2.18,9.51,40.021375925763245,41.512587546578416
2016-02-24,-1.86,3.1,-6.71,0.03,13.63,40.021375925763245,41.512587546578416
2016-02-25,-2.56,2.26,-6.83,1.47,6.69,40.021375925763245,41.512587546578416
2016-02-26,-0.9,4.39,-4.56,0.22,16.03,40.021375925763245,41.512587546578416
2016-02-27,-0.2,6.81,-4.61,0.03,17.12,40.021375925763245,41.512587546578416
2016-02-28,0.25,5.59,-3.27,0.52,14.34,40.021375925763245,41.512587546578416
2016-02-29,1.75,8.73,-3.42,0.11,18.39,40.021375925763245,41.512587546578416
2016-03-01,3.37,12.63,-1.75,0.0,18.66,40.021375925763245,41.512587546578416
2016-03-02,3.08,13.02,-2.51,0.0,17.11,40.021375925763245,41.512587546578416
2016-03-03,1.69,7.49,-1.4,0.22,11.08,40.021375925763245,41.512587546578416
2016-03-04,1.21,5.37,-2.1,4.46,8.36,40.021375925763245,41.512587546578416
2016-03-05,0.33,4.96,-3.04,4.37,13.53,40.021375925763245,41.512587546578416
2016-03-06,-2.23,1.43,-5.71,4.36,10.49,40.021375925763245,41.512587546578416
2016-03-07,-0.78,5.94,-6.06,0.0,19.68,40.021375925763245,41.512587546578416
2016-03-08,1.3,8.35,-3.84,0.0,19.71,40.021375925763245,41.512587546578416
2016-03-09,1.92,8.34,-2.89,0.0,19.55,40.021375925763245,41.512587546578416
2016-03-10,1.28,7.53,-3.65,0.08,18.09,40.021375925763245,41.512587546578416
2016-03-11,1.9,6.7,-1.84,2.02,13.03,40.021375925763245,41.512587546578416
2016-03-12,-0.12,4.09,-3.26,0.71,15.33,40.021375925763245,41.512587546578416
2016-03-13,1.06,7.48,-3.15,0.0,20.17,40.021375925763245,41.512587546578416
2016-03-14,0.21,4.32,-3.47,5.18,11.0,40.021375925763245,41.512587546578416
2016-03-15,-3.53,0.68,-8.31,2.81,14.51,40.021375925763245,41.512587546578416
2016-03-16,-6.74,-0.86,-12.12,0.99,15.37,40.021375925763245,41.512587546578416
2016-03-17,-9.02,-3.58,-13.55,0.34,18.74,40.021375925763245,41.512587546578416
2016-03-18,-5.6,0.82,-12.55,0.0,19.32,40.021375925763245,41.512587546578416
2016-03-19,-2.89,1.77,-8.11,0.97,15.91,40.021375925763245,41.512587546578416
2016-03-20,-3.82,0.76,-10.59,5.43,7.61,40.021375925763245,41.512587546578416
2016-03-21,-5.76,1.33,-11.96,0.0,18.86,40.021375925763245,41.512587546578416
2016-03-22,-4.44,1.42,-9.74,0.0,20.31,40.021375925763245,41.512587546578416
2016-03-23,-0.14,5.55,-6.44,0.3,14.22,40.021375925763245,41.512587546578416
2016-03-24,2.46,8.04,-1.09,0.0,10.58,40.021375925763245,41.512587546578416
2016-03-25,1.61,6.82,-2.52,0.92,13.53,40.021375925763245,41.512587546578416
2016-03-26,0.8,5.65,-3.0,2.47,13.99,40.021375925763245,41.512587546578416
2016-03-27,0.41,4.59,-2.65,3.58,11.57,40.021375925763245,41.512587546578416
2016-03-28,-1.21,0.75,-5.44,5.8,7.79,40.021375925763245,41.512587546578416
2016-03-29,-4.29,0.42,-7.93,3.3,12.04,40.021375925763245,41.512587546578416
2016-03-30,-4.36,1.85,-9.66,0.09,20.33,40.021375925763245,41.512587546578416
2016-03-31,-4.12,-0.42,-7.37,0.48,16.02,40.021375925763245,41.512587546578416
2016-04-01,-1.0,6.57,-8.74,0.0,24.06,40.021375925763245,41.512587546578416
2016-04-02,2.29,8.93,-2.84,0.54,20.77,40.021375925763245,41.512587546578416
2016-04-03,-1.72,3.12,-6.66,1.41,13.91,40.021375925763245,41.512587546578416
2016-04-04,-1.1,6.87,-7.41,0.0,23.88,40.021375925763245,41.512587546578416
2016-04-05,3.0,9.72,-2.75,0.0,20.06,40.021375925763245,41.512587546578416
2016-04-06,5.15,12.52,-1.49,0.18,23.35,40.021375925763245,41.512587546578416
2016-04-07,4.99,12.17,-1.05,0.45,24.16,40.021375925763245,41.512587546578416
2016-04-08,6.75,13.73,0.7,0.01,24.76,40.021375925763245,41.512587546578416
2016-04-09,6.31,12.32,1.09,3.21,17.08,40.021375925763245,41.512587546578416
2016-04-10,5.48,10.38,1.8,9.8,9.53,40.021375925763245,41.512587546578416
2016-04-11,4.38,9.83,0.2,4.24,16.92,40.021375925763245,41.512587546578416
2016-04-12,3.75,8.73,-0.73,1.3,15.03,40.021375925763245,41.512587546578416
2016-04-13,3.71,9.41,-1.62,0.3,15.59,40.021375925763245,41.512587546578416
2016-04-14,4.14,10.36,-1.3,0.04,16.99,40.021375925763245,41.512587546578416
2016-04-15,5.3,13.1,-1.53,0.3,21.05,40.021375925763245,41.512587546578416
2016-04-16,2.0,7.8,-4.93,4.48,15.7,40.021375925763245,41.512587546578416
2016-04-17,2.51,11.3,-5.36,0.0,24.25,40.021375925763245,41.512587546578416
2016-04-18,3.4,11.41,-2.93,0.0,27.36,40.021375925763245,41.512587546578416
2016-04-19,5.33,12.29,-2.15,0.0,25.41,40.021375925763245,41.512587546578416
2016-04-20,8.8,16.68,2.6,0.05,25.26,40.021375925763245,41.512587546578416
2016-04-21,5.64,12.86,-5.44,4.91,12.39,40.021375925763245,41.512587546578416
2016-04-22,0.2,8.53,-8.27,0.05,19.81,40.021375925763245,41.512587546578416
2016-04-23,5.51,13.75,-1.96,0.0,24.49,40.021375925763245,41.512587546578416
2016-04-24,7.64,15.05,0.86,0.0,22.98,40.021375925763245,41.512587546578416
2016-04-25,6.77,12.62,1.39,1.31,10.34,40.021375925763245,41.512587546578416
2016-04-26,7.26,13.84,0.14,2.4,23.45,40.021375925763245,41.512587546578416
2016-04-27,8.39,14.63,2.96,1.28,14.32,40.021375925763245,41.512587546578416
2016-04-28,6.25,11.92,0.94,6.79,15.92,40.021375925763245,41.512587546578416
2016-04-29,4.95,10.56,0.0,0.15,14.03,40.021375925763245,41.512587546578416
2016-04-30,4.98,10.92,0.24,3.48,15.87,40.021375925763245,41.512587546578416
2016-05-01,5.2,11.23,0.25,0.8,18.47,40.021375925763245,41.512587546578416
2016-05-02,6.86,13.87,-0.87,0.09,25.63,40.021375925763245,41.512587546578416
2016-05-03,8.13,14.17,1.71,0.33,17.94,40.021375925763245,41.512587546578416
2016-05-04,6.78,11.87,0.52,3.81,15.26,40.021375925763245,41.512587546578416
2016-05-05,5.35,12.13,-1.76,1.3,20.43,40.021375925763245,41.512587546578416
2016-05-06,4.11,8.1,-0.05,5.28,9.0,40.021375925763245,41.512587546578416
2016-05-07,2.82,8.07,-1.65,9.18,14.03,40.021375925763245,41.512587546578416
2016-05-08,4.46,10.25,-1.27,0.26,19.03,40.021375925763245,41.512587546578416
2016-05-09,6.86,13.54,-0.5,0.0,23.93,40.021375925763245,41.512587546578416
2016-05-10,6.98,12.19,0.82,1.99,18.15,40.021375925763245,41.512587546578416
2016-05-11,7.3,12.75,1.15,3.05,18.14,40.021375925763245,41.512587546578416
2016-05-12,7.43,13.12,3.26,0.74,21.32,40.021375925763245,41.512587546578416
2016-05-13,9.17,14.23,3.48,3.4,8.49,40.021375925763245,41.512587546578416
2016-05-14,11.0,17.58,4.72,0.92,22.69,40.021375925763245,41.512587546578416
2016-05-15,11.96,17.16,7.09,1.72,19.44,40.021375925763245,41.512587546578416
2016-05-16,10.24,15.07,4.73,3.62,19.95,40.021375925763245,41.512587546578416
2016-05-17,11.07,18.24,3.23,0.31,27.76,40.021375925763245,41.512587546578416
2016-05-18,9.81,15.21,3.87,3.93,12.36,40.021375925763245,41.512587546578416
2016-05-19,6.55,12.63,1.53,2.41,17.59,40.021375925763245,41.512587546578416
2016-05-20,7.16,14.27,-0.3,0.04,22.86,40.021375925763245,41.512587546578416
2016-05-21,9.7,17.49,1.47,0.0,26.19,40.021375925763245,41.512587546578416
2016-05-22,11.54,17.58,5.62,0.12,25.37,40.021375925763245,41.512587546578416
2016-05-23,10.32,15.65,4.13,2.85,16.17,40.021375925763245,41.512587546578416
2016-05-24,6.4,10.67,1.51,2.21,18.06,40.021375925763245,41.512587546578416
2016-05-25,8.21,16.22,0.03,0.66,28.86,40.021375925763245,41.512587546578416
2016-05-26,7.1,11.37,2.71,5.01,15.4,40.021375925763245,41.512587546578416
2016-05-27,7.36,12.37,1.5,5.3,15.07,40.021375925763245,41.512587546578416
2016-05-28,8.66,14.49,3.0,4.09,18.84,40.021375925763245,41.512587546578416
2016-05-29,6.32,10.06,1.9,3.25,17.54,40.021375925763245,41.512587546578416
2016-05-30,6.39,10.27,2.15,1.07,17.04,40.021375925763245,41.512587546578416
2016-05-31,8.04,14.7,2.15,0.32,19.85,40.021375925763245,41.512587546578416
2016-06-01,8.78,14.92,2.25,2.44,16.19,40.021375925763245,41.512587546578416
2016-06-02,9.98,16.9,4.12,0.18,22.19,40.021375925763245,41.512587546578416
2016-06-03,10.61,16.39,3.73,0.01,25.3,40.021375925763245,41.512587546578416
2016-06-04,11.43,17.48,4.82,1.98,23.38,40.021375925763245,41.512587546578416
2016-06-05,10.56,16.65,5.33,8.12,18.54,40.021375925763245,41.512587546578416
2016-06-06,11.14,18.01,3.28,0.57,26.74,40.021375925763245,41.512587546578416
2016-06-07,8.98,12.88,4.84,14.25,10.31,40.021375925763245,41.512587546578416
2016-06-08,7.9,13.86,2.98,5.5,15.78,40.021375925763245,41.512587546578416
2016-06-09,8.37,12.5,4.35,11.68,6.66,40.021375925763245,41.512587546578416
2016-06-10,8.6,14.59,3.47,8.56,19.76,40.021375925763245,41.512587546578416
2016-06-11,8.91,14.71,3.46,1.03,21.64,40.021375925763245,41.512587546578416
2016-06-12,8.93,16.49,0.8,0.09,32.86,40.021375925763245,41.512587546578416
2016-06-13,12.05,18.75,4.1,0.0,32.13,40.021375925763245,41.512587546578416
2016-06-14,14.14,20.72,6.91,0.0,29.52,40.021375925763245,41.512587546578416
2016-06-15,14.0,20.61,8.36,3.5,22.33,40.021375925763245,41.512587546578416
2016-06-16,9.6,13.79,4.88,8.03,12.33,40.021375925763245,41.512587546578416
2016-06-17,9.6,14.67,4.69,2.5,11.75,40.021375925763245,41.512587546578416
2016-06-18,10.67,15.02,5.96,2.79,16.15,40.021375925763245,41.512587546578416
2016-06-19,11.35,16.6,6.48,0.2,19.52,40.021375925763245,41.512587546578416
2016-06-20,12.97,18.99,6.13,0.0,24.83,40.021375925763245,41.512587546578416
2016-06-21,13.7,18.89,8.4,0.11,25.24,40.021375925763245,41.512587546578416
2016-06-22,14.16,20.89,6.79,0.0,27.67,40.021375925763245,41.512587546578416
2016-06-23,14.76,21.54,6.93,0.05,25.47,40.021375925763245,41.512587546578416
2016-06-24,15.2,20.59,9.56,0.77,22.79,40.021375925763245,41.512587546578416
2016-06-25,15.25,21.46,9.35,0.0,24.52,40.021375925763245,41.512587546578416
2016-06-26,15.9,22.79,7.57,0.0,29.2,40.021375925763245,41.512587546578416
2016-06-27,17.75,24.28,9.66,0.24,25.8,40.021375925763245,41.512587546578416
2016-06-28,17.87,24.75,10.71,0.7,25.03,40.021375925763245,41.512587546578416
2016-06-29,17.37,22.85,11.44,7.21,26.32,40.021375925763245,41.512587546578416
2016-06-30,17.9,23.64,12.21,2.66,27.06,40.021375925763245,41.512587546578416
2016-07-01,15.02,21.75,9.33,2.66,20.71,40.021375925763245,41.512587546578416
2016-07-02,14.18,20.19,7.95,0.24,24.81,40.021375925763245,41.512587546578416
2016-07-03,15.28,21.5,9.08,1.34,23.37,40.021375925763245,41.512587546578416
2016-07-04,15.25,21.77,9.52,3.14,24.05,40.021375925763245,41.512587546578416
2016-07-05,14.27,19.82,9.35,4.97,17.92,40.021375925763245,41.512587546578416
2016-07-06,13.95,18.59,10.08,0.4,19.13,40.021375925763245,41.512587546578416
2016-07-07,15.98,21.81,9.07,1.36,27.65,40.021375925763245,41.512587546578416
2016-07-08,13.53,18.24,7.89,13.56,17.42,40.021375925763245,41.512587546578416
2016-07-09,12.38,19.03,6.54,3.0,21.89,40.021375925763245,41.512587546578416
2016-07-10,14.24,22.61,7.25,0.37,22.88,40.021375925763245,41.512587546578416
2016-07-11,10.96,17.3,5.2,0.2,24.73,40.021375925763245,41.512587546578416
2016-07-12,11.16,18.82,3.56,0.0,29.55,40.021375925763245,41.512587546578416
2016-07-13,14.44,23.4,4.9,0.0,31.67,40.021375925763245,41.512587546578416
2016-07-14,16.18,24.1,5.97,0.0,30.78,40.021375925763245,41.512587546578416
2016-07-15,17.43,24.75,9.83,0.0,26.95,40.021375925763245,41.512587546578416
2016-07-16,18.35,25.31,11.16,0.0,30.02,40.021375925763245,41.512587546578416
2016-07-17,18.97,26.34,10.72,0.0,28.2,40.021375925763245,41.512587546578416
2016-07-18,20.69,27.79,12.93,0.01,21.49,40.021375925763245,41.512587546578416
2016-07-19,19.42,26.44,12.83,3.17,19.69,40.021375925763245,41.512587546578416
2016-07-20,19.82,27.26,11.78,1.46,24.65,40.021375925763245,41.512587546578416
2016-07-21,19.86,26.49,13.79,0.33,26.32,40.021375925763245,41.512587546578416
2016-07-22,18.16,25.5,11.57,1.3,23.09,40.021375925763245,41.512587546578416
2016-07-23,15.75,23.32,9.8,1.08,26.3,40.021375925763245,41.512587546578416
2016-07-24,14.15,22.13,8.07,0.19,25.43,40.021375925763245,41.512587546578416
2016-07-25,13.08,21.23,5.04,0.0,28.65,40.021375925763245,41.512587546578416
2016-07-26,15.97,25.5,6.94,0.01,28.52,40.021375925763245,41.512587546578416
2016-07-27,17.12,26.4,8.54,0.31,25.45,40.021375925763245,41.512587546578416
2016-07-28,16.88,25.54,10.0,0.16,22.88,40.021375925763245,41.512587546578416
2016-07-29,16.75,24.95,10.02,0.0,26.03,40.021375925763245,41.512587546578416
2016-07-30,17.76,26.4,9.33,0.55,21.02,40.021375925763245,41.512587546578416
2016-07-31,16.68,24.07,10.63,3.54,23.71,40.021375925763245,41.512587546578416
2016-08-01,17.4,24.9,10.56,1.71,24.21,40.021375925763245,41.512587546578416
2016-08-02,17.54,25.99,9.47,0.0,27.24,40.021375925763245,41.512587546578416
2016-08-03,18.05,26.62,9.73,0.02,26.46,40.021375925763245,41.512587546578416
2016-08-04,18.88,27.8,10.29,0.44,25.49,40.021375925763245,41.512587546578416
2016-08-05,19.25,28.41,11.11,1.01,19.2,40.021375925763245,41.512587546578416
2016-08-06,19.77,28.27,11.28,1.49,25.72,40.021375925763245,41.512587546578416
2016-08-07,18.08,25.33,11.31,4.18,21.58,40.021375925763245,41.512587546578416
2016-08-08,16.75,23.62,10.95,3.37,20.42,40.021375925763245,41.512587546578416
2016-08-09,18.23,26.62,10.96,0.05,26.14,40.021375925763245,41.512587546578416
2016-08-10,20.44,29.06,10.98,0.0,26.05,40.021375925763245,41.512587546578416
2016-08-11,20.62,28.14,14.03,0.07,22.04,40.021375925763245,41.512587546578416
2016-08-12,19.33,27.42,11.51,0.26,22.26,40.021375925763245,41.512587546578416
2016-08-13,19.61,26.5,12.42,1.17,20.94,40.021375925763245,41.512587546578416
2016-08-14,18.22,26.47,11.52,1.04,20.86,40.021375925763245,41.512587546578416
2016-08-15,16.5,24.95,9.72,1.48,19.83,40.021375925763245,41.512587546578416
2016-08-16,18.83,26.86,10.91,0.27,18.91,40.021375925763245,41.512587546578416
2016-08-17,18.68,26.69,10.83,1.59,15.72,40.021375925763245,41.512587546578416
2016-08-18,16.75,24.08,10.61,0.24,18.69,40.021375925763245,41.512587546578416
2016-08-19,19.35,28.72,9.36,0.0,25.17,40.021375925763245,41.512587546578416
2016-08-20,21.06,28.88,13.63,0.0,24.29,40.021375925763245,41.512587546578416
2016-08-21,20.79,29.11,13.21,0.0,24.6,40.021375925763245,41.512587546578416
2016-08-22,19.53,28.53,11.43,1.28,20.61,40.021375925763245,41.512587546578416
2016-08-23,19.6,28.2,11.71,0.0,24.43,40.021375925763245,41.512587546578416
2016-08-24,18.92,27.51,11.3,0.15,22.99,40.021375925763245,41.512587546578416
2016-08-25,19.46,27.42,11.38,0.32,18.84,40.021375925763245,41.512587546578416
2016-08-26,20.49,27.35,13.66,1.3,19.61,40.021375925763245,41.512587546578416
2016-08-27,20.1,28.1,12.65,1.03,22.75,40.021375925763245,41.512587546578416
2016-08-28,19.35,27.68,12.17,0.0,24.69,40.021375925763245,41.512587546578416
2016-08-29,18.94,27.38,11.49,0.0,25.44,40.021375925763245,41.512587546578416
2016-08-30,19.16,28.16,11.3,0.0,22.56,40.021375925763245,41.512587546578416
2016-08-31,18.1,26.96,11.25,0.26,23.17,40.021375925763245,41.512587546578416
2016-09-01,13.88,20.93,8.88,2.02,15.39,40.021375925763245,41.512587546578416
2016-09-02,13.34,21.05,6.61,0.42,21.91,40.021375925763245,41.512587546578416
2016-09-03,15.51,23.78,7.6,1.15,17.66,40.021375925763245,41.512587546578416
2016-09-04,14.83,21.16,9.9,11.88,14.0,40.021375925763245,41.512587546578416
2016-09-05,13.72,20.22,7.8,1.18,19.95,40.021375925763245,41.512587546578416
2016-09-06,12.75,20.26,5.64,3.74,22.36,40.021375925763245,41.512587546578416
2016-09-07,10.28,18.81,2.14,0.0,23.39,40.021375925763245,41.512587546578416
2016-09-08,12.55,21.84,5.25,0.0,24.04,40.021375925763245,41.512587546578416
2016-09-09,14.32,23.42,7.32,0.0,23.75,40.021375925763245,41.512587546578416
2016-09-10,13.35,23.45,5.74,0.0,23.49,40.021375925763245,41.512587546578416
2016-09-11,14.02,22.92,7.37,0.0,23.17,40.021375925763245,41.512587546578416
2016-09-12,13.17,21.82,6.24,0.0,22.94,40.021375925763245,41.512587546578416
2016-09-13,14.58,23.64,6.05,0.02,20.2,40.021375925763245,41.512587546578416
2016-09-14,14.84,21.86,9.54,3.47,18.7,40.021375925763245,41.512587546578416
2016-09-15,11.77,17.6,7.3,3.03,12.84,40.021375925763245,41.512587546578416
2016-09-16,7.16,11.54,5.12,17.31,5.81,40.021375925763245,41.512587546578416
2016-09-17,8.09,14.74,4.08,0.37,13.34,40.021375925763245,41.512587546578416
2016-09-18,9.55,18.46,2.51,0.0,22.76,40.021375925763245,41.512587546578416
2016-09-19,11.26,19.17,4.85,0.0,22.12,40.021375925763245,41.512587546578416
2016-09-20,13.04,21.01,6.72,0.0,21.72,40.021375925763245,41.512587546578416
2016-09-21,9.88,14.15,5.08,4.37,8.69,40.021375925763245,41.512587546578416
2016-09-22,9.42,15.81,3.37,6.89,10.44,40.021375925763245,41.512587546578416
2016-09-23,8.22,14.94,1.96,27.06,6.39,40.021375925763245,41.512587546578416
2016-09-24,2.91,7.38,-1.65,6.03,13.37,40.021375925763245,41.512587546578416
2016-09-25,3.65,11.68,-3.31,0.18,17.54,40.021375925763245,41.512587546578416
2016-09-26,6.42,14.16,-0.77,0.0,20.26,40.021375925763245,41.512587546578416
2016-09-27,8.26,15.4,2.95,0.2,19.86,40.021375925763245,41.512587546578416
2016-09-28,4.57,11.65,-0.51,2.57,13.85,40.021375925763245,41.512587546578416
2016-09-29,3.54,10.99,-1.25,3.73,14.22,40.021375925763245,41.512587546578416
2016-09-30,2.68,8.18,-2.1,1.18,8.64,40.021375925763245,41.512587546578416
2016-10-01,6.27,16.58,-1.5,0.0,19.57,40.021375925763245,41.512587546578416
2016-10-02,9.38,18.51,0.11,0.0,19.81,40.021375925763245,41.512587546578416
2016-10-03,11.48,18.31,6.74,0.0,19.48,40.021375925763245,41.512587546578416
2016-10-04,11.17,17.89,6.51,0.0,18.87,40.021375925763245,41.512587546578416
2016-10-05,11.85,18.9,6.26,0.0,18.79,40.021375925763245,41.512587546578416
2016-10-06,12.24,19.22,7.35,0.0,18.09,40.021375925763245,41.512587546578416
2016-10-07,11.53,18.79,6.48,0.0,16.45,40.021375925763245,41.512587546578416
2016-10-08,10.14,18.6,4.85,0.0,18.46,40.021375925763245,41.512587546578416
2016-10-09,10.11,17.96,5.02,1.92,17.32,40.021375925763245,41.512587546578416
2016-10-10,8.74,16.86,3.93,0.73,13.78,40.021375925763245,41.512587546578416
2016-10-11,8.91,14.74,4.62,0.0,14.34,40.021375925763245,41.512587546578416
2016-10-12,7.96,14.03,3.38,2.07,12.38,40.021375925763245,41.512587546578416
2016-10-13,8.87,15.75,3.14,0.26,11.79,40.021375925763245,41.512587546578416
2016-10-14,6.92,13.12,1.6,5.09,8.07,40.021375925763245,41.512587546578416
2016-10-15,2.27,8.38,-2.29,1.64,10.8,40.021375925763245,41.512587546578416
2016-10-16,2.63,11.01,-3.59,0.43,15.8,40.021375925763245,41.512587546578416
2016-10-17,3.29,9.9,-1.29,7.08,7.27,40.021375925763245,41.512587546578416
2016-10-18,2.81,8.73,-2.0,7.95,5.88,40.021375925763245,41.512587546578416
2016-10-19,3.71,9.02,-0.86,0.6,6.8,40.021375925763245,41.512587546578416
2016-10-20,4.23,11.74,-0.53,0.45,12.24,40.021375925763245,41.512587546578416
2016-10-21,4.28,12.09,-2.28,0.76,12.81,40.021375925763245,41.512587546578416
2016-10-22,5.85,12.82,0.76,0.0,14.91,40.021375925763245,41.512587546578416
2016-10-23,5.87,12.81,1.73,0.0,15.28,40.021375925763245,41.512587546578416
2016-10-24,3.01,7.29,0.04,1.84,7.35,40.021375925763245,41.512587546578416
2016-10-25,2.41,8.32,-1.52,5.9,8.09,40.021375925763245,41.512587546578416
2016-10-26,1.73,7.68,-2.47,1.43,10.2,40.021375925763245,41.512587546578416
2016-10-27,2.01,9.77,-3.92,0.0,11.16,40.021375925763245,41.512587546578416
2016-10-28,3.34,7.85,-0.51,0.96,8.91,40.021375925763245,41.512587546578416
2016-10-29,2.74,7.13,-0.24,2.62,6.89,40.021375925763245,41.512587546578416
2016-10-30,2.75,7.74,-0.39,3.26,6.41,40.021375925763245,41.512587546578416
2016-10-31,0.95,5.8,-2.0,0.99,5.9,40.021375925763245,41.512587546578416
2016-11-01,-3.5,0.16,-8.67,16.42,4.27,40.021375925763245,41.512587546578416
2016-11-02,-7.93,-4.45,-12.68,4.24,7.98,40.021375925763245,41.512587546578416
2016-11-03,-5.04,3.24,-12.09,0.05,11.54,40.021375925763245,41.512587546578416
2016-11-04,-1.26,5.48,-7.19,0.0,11.98,40.021375925763245,41.512587546578416
2016-11-05,0.39,5.95,-2.96,0.0,10.93,40.021375925763245,41.512587546578416
2016-11-06,0.56,5.99,-2.56,0.0,10.96,40.021375925763245,41.512587546578416
2016-11-07,1.3,8.06,-2.24,0.0,11.63,40.021375925763245,41.512587546578416
2016-11-08,2.51,9.4,-1.25,0.0,12.08,40.021375925763245,41.512587546578416
2016-11-09,4.7,12.39,-0.33,0.0,10.93,40.021375925763245,41.512587546578416
2016-11-10,3.12,11.55,-1.51,0.0,6.07,40.021375925763245,41.512587546578416
2016-11-11,2.53,10.59,-1.59,0.0,11.53,40.021375925763245,41.512587546578416
2016-11-12,3.3,9.47,-1.04,0.0,10.68,40.021375925763245,41.512587546578416
2016-11-13,3.14,9.89,-0.42,0.63,9.22,40.021375925763245,41.512587546578416
2016-11-14,3.27,9.81,-0.51,0.08,9.4,40.021375925763245,41.512587546578416
2016-11-15,2.79,8.09,0.38,1.74,9.0,40.021375925763245,41.512587546578416
2016-11-16,1.05,4.62,-2.7,11.88,4.96,40.021375925763245,41.512587546578416
2016-11-17,-5.5,0.26,-9.65,2.71,4.42,40.021375925763245,41.512587546578416
2016-11-18,-6.37,-0.14,-10.11,0.19,7.36,40.021375925763245,41.512587546578416
2016-11-19,-3.6,3.63,-7.79,0.0,9.32,40.021375925763245,41.512587546578416
2016-11-20,-3.76,3.73,-7.8,0.0,10.61,40.021375925763245,41.512587546578416
2016-11-21,-5.7,2.74,-10.69,0.0,8.77,40.021375925763245,41.512587546578416
2016-11-22,-6.26,2.27,-12.62,0.0,9.36,40.021375925763245,41.512587546578416
2016-11-23,-3.03,4.65,-7.7,0.0,9.48,40.021375925763245,41.512587546578416
2016-11-24,-3.74,3.76,-9.4,0.0,8.79,40.021375925763245,41.512587546578416
2016-11-25,-1.85,5.05,-5.37,0.0,8.72,40.021375925763245,41.512587546578416
2016-11-26,-3.36,3.62,-7.54,0.0,9.24,40.021375925763245,41.512587546578416
2016-11-27,-4.33,2.71,-8.34,0.0,8.69,40.021375925763245,41.512587546578416
2016-11-28,-4.66,3.98,-9.71,0.0,9.68,40.021375925763245,41.512587546578416
2016-11-29,-4.28,3.15,-9.24,0.0,7.31,40.021375925763245,41.512587546578416
2016-11-30,-3.71,0.46,-6.72,4.84,1.89,40.021375925763245,41.512587546578416
2016-12-01,-3.17,0.55,-5.87,11.24,1.41,40.021375925763245,41.512587546578416
2016-12-02,-4.18,-0.26,-12.01,10.7,0.99,40.021375925763245,41.512587546578416
2016-12-03,-10.08,-6.02,-14.75,0.73,4.6,40.021375925763245,41.512587546578416
2016-12-04,-8.58,-2.46,-12.4,1.22,7.57,40.021375925763245,41.512587546578416
2016-12-05,-10.49,-3.92,-18.74,2.38,5.53,40.021375925763245,41.512587546578416
2016-12-06,-16.3,-8.13,-21.47,0.88,9.62,40.021375925763245,41.512587546578416
2016-12-07,-14.23,-5.63,-18.32,1.32,8.19,40.021375925763245,41.512587546578416
2016-12-08,-17.74,-12.54,-21.48,2.02,8.96,40.021375925763245,41.512587546578416
2016-12-09,-14.31,-7.43,-20.23,0.11,8.49,40.021375925763245,41.512587546578416
2016-12-10,-10.35,-3.3,-16.22,3.46,6.04,40.021375925763245,41.512587546578416
2016-12-11,-11.83,-5.73,-16.19,2.11,6.45,40.021375925763245,41.512587546578416
2016-12-12,-8.19,-0.8,-14.11,0.1,6.03,40.021375925763245,41.512587546578416
2016-12-13,-6.92,-3.31,-10.86,4.68,2.7,40.021375925763245,41.512587546578416
2016-12-14,-12.47,-7.46,-17.35,12.95,1.85,40.021375925763245,41.512587546578416
2016-12-15,-16.77,-11.2,-21.67,0.47,8.81,40.021375925763245,41.512587546578416
2016-12-16,-16.07,-9.6,-21.58,2.5,8.03,40.021375925763245,41.512587546578416
2016-12-17,-17.06,-9.65,-22.67,1.99,8.94,40.021375925763245,41.512587546578416
2016-12-18,-20.14,-11.34,-24.99,0.1,9.35,40.021375925763245,41.512587546578416
2016-12-19,-18.51,-9.69,-24.1,0.0,9.38,40.021375925763245,41.512587546578416
2016-12-20,-15.61,-9.43,-19.89,0.0,8.44,40.021375925763245,41.512587546578416
2016-12-21,-14.34,-8.73,-19.56,0.0,9.21,40.021375925763245,41.512587546578416
2016-12-22,-13.16,-4.92,-18.98,0.0,9.6,40.021375925763245,41.512587546578416
2016-12-23,-11.82,-4.7,-16.41,0.01,9.68,40.021375925763245,41.512587546578416
2016-12-24,-6.4,-0.91,-11.68,1.73,7.14,40.021375925763245,41.512587546578416
2016-12-25,-6.65,-2.48,-9.29,3.68,5.32,40.021375925763245,41.512587546578416
2016-12-26,-8.66,-3.45,-13.38,1.06,7.11,40.021375925763245,41.512587546578416
2016-12-27,-9.26,-3.89,-13.33,0.2,3.74,40.021375925763245,41.512587546578416
2016-12-28,-10.35,-3.38,-15.06,0.74,6.01,40.021375925763245,41.512587546578416
2016-12-29,-11.34,-4.73,-16.42,0.05,4.61,40.021375925763245,41.512587546578416
2016-12-30,-12.19,-3.85,-16.33,0.0,8.96,40.021375925763245,41.512587546578416
2016-12-31,-10.92,-3.21,-15.52,0.46,9.02,40.021375925763245,41.512587546578416
2017-01-01,-12.01,-6.25,-17.66,2.33,8.41,40.021375925763245,41.512587546578416
2017-01-02,-15.92,-7.77,-20.44,0.14,10.02,40.021375925763245,41.512587546578416
2017-01-03,-13.58,-5.37,-20.31,0.08,8.9,40.021375925763245,41.512587546578416
2017-01-04,-15.22,-7.66,-21.23,0.0,9.39,40.021375925763245,41.512587546578416
2017-01-05,-14.55,-5.78,-21.32,0.07,9.21,40.021375925763245,41.512587546578416
2017-01-06,-9.52,-1.82,-13.63,0.16,7.38,40.021375925763245,41.512587546578416
2017-01-07,-11.26,-3.61,-15.89,0.0,10.06,40.021375925763245,41.512587546578416
2017-01-08,-9.52,-2.75,-15.03,0.07,8.03,40.021375925763245,41.512587546578416
2017-01-09,-10.12,-3.99,-14.14,1.13,8.17,40.021375925763245,41.512587546578416
2017-01-10,-11.98,-5.12,-19.13,1.27,8.86,40.021375925763245,41.512587546578416
2017-01-11,-11.85,-4.1,-18.3,0.0,9.69,40.021375925763245,41.512587546578416
2017-01-12,-11.81,-3.81,-17.84,0.0,10.21,40.021375925763245,41.512587546578416
2017-01-13,-12.51,-6.93,-17.05,2.61,9.31,40.021375925763245,41.512587546578416
2017-01-14,-13.26,-4.38,-18.3,0.07,10.22,40.021375925763245,41.512587546578416
2017-01-15,-10.35,-4.43,-15.46,0.0,8.76,40.021375925763245,41.512587546578416
2017-01-16,-9.58,-1.84,-15.07,0.0,10.45,40.021375925763245,41.512587546578416
2017-01-17,-7.79,-1.61,-11.46,0.0,9.74,40.021375925763245,41.512587546578416
2017-01-18,-6.89,-1.91,-11.53,0.03,9.43,40.021375925763245,41.512587546578416
2017-01-19,-9.25,-3.54,-13.17,1.09,9.75,40.021375925763245,41.512587546578416
2017-01-20,-9.93,-4.46,-14.45,1.45,7.74,40.021375925763245,41.512587546578416
2017-01-21,-14.2,-7.79,-18.76,0.67,10.18,40.021375925763245,41.512587546578416
2017-01-22,-14.97,-7.76,-19.52,0.06,9.9,40.021375925763245,41.512587546578416
2017-01-23,-14.43,-6.48,-19.15,0.0,11.74,40.021375925763245,41.512587546578416
2017-01-24,-12.8,-4.26,-17.04,0.01,12.49,40.021375925763245,41.512587546578416
2017-01-25,-9.61,-4.72,-14.49,3.59,8.14,40.021375925763245,41.512587546578416
2017-01-26,-9.13,-4.16,-13.12,4.93,11.23,40.021375925763245,41.512587546578416
2017-01-27,-13.89,-11.17,-17.74,7.34,9.48,40.021375925763245,41.512587546578416
2017-01-28,-16.87,-12.45,-21.28,3.36,7.74,40.021375925763245,41.512587546578416
2017-01-29,-18.58,-12.53,-22.38,1.4,10.07,40.021375925763245,41.512587546578416
2017-01-30,-18.13,-12.41,-22.48,2.22,11.48,40.021375925763245,41.512587546578416
2017-01-31,-15.33,-10.11,-20.32,5.15,9.81,40.021375925763245,41.512587546578416
2017-02-01,-16.53,-12.59,-22.57,3.07,10.61,40.021375925763245,41.512587546578416
2017-02-02,-18.26,-9.08,-23.81,0.16,13.18,40.021375925763245,41.512587546578416
2017-02-03,-14.5,-4.9,-21.98,0.0,13.89,40.021375925763245,41.512587546578416
2017-02-04,-11.36,-3.15,-16.51,0.01,10.93,40.021375925763245,41.512587546578416
2017-02-05,-9.65,-3.3,-14.85,0.16,11.62,40.021375925763245,41.512587546578416
2017-02-06,-10.11,-2.79,-15.05,0.02,11.76,40.021375925763245,41.512587546578416
2017-02-07,-7.91,-1.22,-12.68,0.0,12.7,40.021375925763245,41.512587546578416
2017-02-08,-7.21,-0.73,-11.81,0.02,13.27,40.021375925763245,41.512587546578416
2017-02-09,-7.65,-2.62,-11.87,0.67,11.4,40.021375925763245,41.512587546578416
2017-02-10,-8.22,-2.74,-12.42,1.18,12.53,40.021375925763245,41.512587546578416
2017-02-11,-12.91,-6.15,-17.86,0.09,13.48,40.021375925763245,41.512587546578416
2017-02-12,-15.25,-6.69,-21.16,0.68,13.91,40.021375925763245,41.512587546578416
2017-02-13,-14.75,-8.81,-18.76,1.16,13.95,40.021375925763245,41.512587546578416
2017-02-14,-15.13,-10.01,-19.12,1.27,13.64,40.021375925763245,41.512587546578416
2017-02-15,-15.92,-9.83,-19.86,0.66,14.26,40.021375925763245,41.512587546578416
2017-02-16,-17.21,-11.82,-20.55,2.51,14.78,40.021375925763245,41.512587546578416
2017-02-17,-18.73,-12.58,-22.92,1.11,15.49,40.021375925763245,41.512587546578416
2017-02-18,-13.84,-3.87,-23.23,0.0,16.7,40.021375925763245,41.512587546578416
2017-02-19,-9.75,-1.71,-17.49,0.0,16.53,40.021375925763245,41.512587546578416
2017-02-20,-7.67,-0.36,-12.57,0.0,16.08,40.021375925763245,41.512587546578416
2017-02-21,-9.19,-2.53,-12.93,0.0,16.44,40.021375925763245,41.512587546578416
2017-02-22,-7.63,-2.48,-13.43,1.36,14.7,40.021375925763245,41.512587546578416
2017-02-23,-8.15,-3.05,-14.72,1.34,16.57,40.021375925763245,41.512587546578416
2017-02-24,-8.5,-0.47,-14.9,0.0,17.43,40.021375925763245,41.512587546578416
2017-02-25,-7.61,-0.57,-13.24,0.05,17.47,40.021375925763245,41.512587546578416
2017-02-26,-6.21,-0.5,-10.82,0.97,14.46,40.021375925763245,41.512587546578416
2017-02-27,-3.82,0.96,-8.88,0.0,16.62,40.021375925763245,41.512587546578416
2017-02-28,-3.12,1.75,-6.8,0.0,17.65,40.021375925763245,41.512587546578416
2017-03-01,-2.45,2.22,-6.84,0.0,15.24,40.021375925763245,41.512587546578416
2017-03-02,-0.76,1.74,-3.39,0.04,14.07,40.021375925763245,41.512587546578416
2017-03-03,-1.05,1.84,-3.49,0.59,12.34,40.021375925763245,41.512587546578416
2017-03-04,-3.15,0.53,-9.24,6.01,8.76,40.021375925763245,41.512587546578416
2017-03-05,-5.46,1.38,-12.14,0.5,17.1,40.021375925763245,41.512587546578416
2017-03-06,-2.92,3.29,-7.88,0.0,19.91,40.021375925763245,41.512587546578416
2017-03-07,-2.08,3.97,-7.02,0.0,18.04,40.021375925763245,41.512587546578416
2017-03-08,-1.71,4.15,-6.05,0.02,19.46,40.021375925763245,41.512587546578416
2017-03-09,-0.85,5.59,-5.3,0.0,19.09,40.021375925763245,41.512587546578416
2017-03-10,0.54,7.5,-4.75,0.0,17.07,40.021375925763245,41.512587546578416
2017-03-11,0.31,4.88,-3.2,1.46,12.63,40.021375925763245,41.512587546578416
2017-03-12,-0.3,4.09,-3.76,1.85,13.64,40.021375925763245,41.512587546578416
2017-03-13,-0.68,3.44,-3.38,1.23,9.82,40.021375925763245,41.512587546578416
2017-03-14,-0.95,3.82,-4.32,1.98,15.39,40.021375925763245,41.512587546578416
2017-03-15,-3.07,-0.12,-6.69,4.21,16.18,40.021375925763245,41.512587546578416
2017-03-16,-4.61,0.6,-8.25,0.51,16.07,40.021375925763245,41.512587546578416
2017-03-17,-4.13,-0.27,-8.13,1.78,18.56,40.021375925763245,41.512587546578416
2017-03-18,-3.21,0.62,-8.38,5.73,7.52,40.021375925763245,41.512587546578416
2017-03-19,-3.35,4.21,-9.86,0.12,21.84,40.021375925763245,41.512587546578416
2017-03-20,-4.91,0.76,-10.99,1.38,10.15,40.021375925763245,41.512587546578416
2017-03-21,-7.12,-2.1,-12.05,0.05,18.05,40.021375925763245,41.512587546578416
2017-03-22,-5.25,-1.47,-8.88,0.64,16.48,40.021375925763245,41.512587546578416
2017-03-23,-3.85,3.89,-10.88,0.0,21.46,40.021375925763245,41.512587546578416
2017-03-24,-1.03,6.52,-8.05,0.0,23.17,40.021375925763245,41.512587546578416
2017-03-25,1.29,8.18,-2.59,0.0,22.75,40.021375925763245,41.512587546578416
2017-03-26,1.06,6.63,-3.28,0.07,18.84,40.021375925763245,41.512587546578416
2017-03-27,1.32,5.53,-1.24,1.17,14.01,40.021375925763245,41.512587546578416
2017-03-28,-0.34,4.1,-4.02,1.85,21.13,40.021375925763245,41.512587546578416
2017-03-29,0.62,7.41,-4.43,0.0,24.41,40.021375925763245,41.512587546578416
2017-03-30,2.63,9.83,-2.64,0.0,24.26,40.021375925763245,41.512587546578416
2017-03-31,1.21,5.68,-2.47,1.88,15.43,40.021375925763245,41.512587546578416
2017-04-01,1.44,6.67,-1.64,1.14,17.25,40.021375925763245,41.512587546578416
2017-04-02,0.09,5.24,-3.63,2.55,16.4,40.021375925763245,41.512587546578416
2017-04-03,-1.45,2.68,-3.92,1.92,13.69,40.021375925763245,41.512587546578416
2017-04-04,2.65,9.33,-4.08,0.0,24.22,40.021375925763245,41.512587546578416
2017-04-05,4.21,11.97,-1.68,0.0,22.84,40.021375925763245,41.512587546578416
2017-04-06,2.65,11.46,-3.2,0.01,20.47,40.021375925763245,41.512587546578416
2017-04-07,1.15,8.81,-3.12,0.98,19.83,40.021375925763245,41.512587546578416
2017-04-08,0.68,5.38,-3.67,0.33,19.75,40.021375925763245,41.512587546578416
2017-04-09,-1.81,2.51,-7.95,7.71,10.69,40.021375925763245,41.512587546578416
2017-04-10,-2.68,4.32,-9.42,0.11,16.01,40.021375925763245,41.512587546578416
2017-04-11,-1.56,3.95,-5.98,0.02,17.79,40.021375925763245,41.512587546578416
2017-04-12,2.09,11.24,-6.48,0.97,21.01,40.021375925763245,41.512587546578416
2017-04-13,4.47,11.68,-0.5,8.95,8.88,40.021375925763245,41.512587546578416
2017-04-14,5.35,10.38,0.21,9.47,10.94,40.021375925763245,41.512587546578416
2017-04-15,2.87,8.57,-2.02,0.79,14.9,40.021375925763245,41.512587546578416
2017-04-16,3.58,10.23,-2.64,0.01,19.81,40.021375925763245,41.512587546578416
2017-04-17,3.76,10.24,-2.27,0.21,21.43,40.021375925763245,41.512587546578416
2017-04-18,2.86,8.32,-0.8,3.82,17.52,40.021375925763245,41.512587546578416
2017-04-19,3.06,8.86,-1.9,0.81,18.08,40.021375925763245,41.512587546578416
2017-04-20,3.15,9.45,-2.34,0.09,17.09,40.021375925763245,41.512587546578416
2017-04-21,4.96,11.74,-1.91,0.56,17.79,40.021375925763245,41.512587546578416
2017-04-22,6.96,13.93,1.71,1.13,18.15,40.021375925763245,41.512587546578416
2017-04-23,6.86,14.5,-1.82,1.49,11.54,40.021375925763245,41.512587546578416
2017-04-24,0.58,7.43,-4.74,0.84,19.45,40.021375925763245,41.512587546578416
2017-04-25,-1.24,6.02,-7.06,0.84,21.72,40.021375925763245,41.512587546578416
2017-04-26,2.13,11.46,-7.21,0.0,24.36,40.021375925763245,41.512587546578416
2017-04-27,5.41,13.72,-3.18,0.0,28.66,40.021375925763245,41.512587546578416
2017-04-28,6.85,13.71,-0.92,0.0,24.19,40.021375925763245,41.512587546578416
2017-04-29,4.77,7.89,1.36,6.13,12.21,40.021375925763245,41.512587546578416
2017-04-30,7.01,13.7,0.85,0.0,25.98,40.021375925763245,41.512587546578416
2017-05-01,9.66,16.19,2.98,0.03,25.73,40.021375925763245,41.512587546578416
2017-05-02,6.85,11.49,3.18,3.0,14.87,40.021375925763245,41.512587546578416
2017-05-03,6.32,12.05,1.91,0.78,18.85,40.021375925763245,41.512587546578416
2017-05-04,6.21,11.07,2.06,1.61,16.18,40.021375925763245,41.512587546578416
2017-05-05,7.3,13.83,1.47,2.17,19.8,40.021375925763245,41.512587546578416
2017-05-06,7.68,13.58,2.51,0.45,21.65,40.021375925763245,41.512587546578416
2017-05-07,5.83,10.38,1.92,5.96,14.48,40.021375925763245,41.512587546578416
2017-05-08,5.41,11.42,-2.86,1.01,17.73,40.021375925763245,41.512587546578416
2017-05-09,8.48,13.77,3.78,0.66,21.09,40.021375925763245,41.512587546578416
2017-05-10,10.04,15.93,3.11,1.2,14.65,40.021375925763245,41.512587546578416
2017-05-11,8.92,15.99,1.5,2.3,13.26,40.021375925763245,41.512587546578416
2017-05-12,6.9,15.43,-1.41,0.02,27.64,40.021375925763245,41.512587546578416
2017-05-13,10.12,17.37,2.96,0.0,29.02,40.021375925763245,41.512587546578416
2017-05-14,11.44,17.7,5.63,3.41,16.38,40.021375925763245,41.512587546578416
2017-05-15,7.02,12.89,1.3,2.97,18.07,40.021375925763245,41.512587546578416
2017-05-16,5.19,11.66,-1.21,1.49,17.87,40.021375925763245,41.512587546578416
2017-05-17,7.8,16.1,-1.6,0.03,23.98,40.021375925763245,41.512587546578416
2017-05-18,9.9,14.96,4.27,0.34,21.78,40.021375925763245,41.512587546578416
2017-05-19,10.42,15.76,4.34,6.0,13.48,40.021375925763245,41.512587546578416
2017-05-20,8.04,12.15,4.24,10.24,14.14,40.021375925763245,41.512587546578416
2017-05-21,6.24,11.68,1.39,2.43,19.87,40.021375925763245,41.512587546578416
2017-05-22,6.44,13.03,-0.75,0.43,21.5,40.021375925763245,41.512587546578416
2017-05-23,5.73,10.8,2.19,7.1,9.1,40.021375925763245,41.512587546578416
2017-05-24,5.41,11.99,0.52,2.87,21.46,40.021375925763245,41.512587546578416
2017-05-25,7.51,14.5,0.24,0.02,30.7,40.021375925763245,41.512587546578416
2017-05-26,8.55,14.35,3.45,4.27,23.92,40.021375925763245,41.512587546578416
2017-05-27,8.53,13.01,3.21,5.99,18.46,40.021375925763245,41.512587546578416
2017-05-28,9.44,15.89,1.97,2.32,21.88,40.021375925763245,41.512587546578416
2017-05-29,11.2,18.42,3.65,0.08,25.2,40.021375925763245,41.512587546578416
2017-05-30,11.47,18.84,4.03,0.0,30.72,40.021375925763245,41.512587546578416
2017-05-31,9.71,16.02,2.69,0.34,22.3,40.021375925763245,41.512587546578416
2017-06-01,7.21,11.84,2.42,1.94,15.23,40.021375925763245,41.512587546578416
2017-06-02,7.33,14.71,-0.82,0.15,20.64,40.021375925763245,41.512587546578416
2017-06-03,10.0,18.47,0.94,0.0,30.36,40.021375925763245,41.512587546578416
2017-06-04,12.76,19.88,4.7,0.0,29.19,40.021375925763245,41.512587546578416
2017-06-05,14.67,22.09,6.23,0.0,29.69,40.021375925763245,41.512587546578416
2017-06-06,15.91,23.05,8.88,0.18,22.41,40.021375925763245,41.512587546578416
2017-06-07,14.09,20.7,7.41,0.03,23.38,40.021375925763245,41.512587546578416
2017-06-08,13.88,21.09,6.78,0.0,28.81,40.021375925763245,41.512587546578416
2017-06-09,16.06,22.84,8.91,0.04,30.91,40.021375925763245,41.512587546578416
2017-06-10,15.42,22.24,8.53,1.17,27.24,40.021375925763245,41.512587546578416
2017-06-11,12.45,20.14,5.79,0.38,22.26,40.021375925763245,41.512587546578416
2017-06-12,12.29,19.56,5.79,0.06,21.75,40.021375925763245,41.512587546578416
2017-06-13,13.65,20.8,6.08,0.01,30.09,40.021375925763245,41.512587546578416
2017-06-14,14.27,20.74,6.48,5.77,15.99,40.021375925763245,41.512587546578416
2017-06-15,10.6,16.86,4.74,3.01,19.66,40.021375925763245,41.512587546578416
2017-06-16,10.16,16.18,4.11,1.4,18.3,40.021375925763245,41.512587546578416
2017-06-17,10.7,19.56,1.26,0.02,32.07,40.021375925763245,41.512587546578416
2017-06-18,13.97,20.78,7.19,0.0,29.17,40.021375925763245,41.512587546578416
2017-06-19,14.49,21.73,7.28,0.31,22.77,40.021375925763245,41.512587546578416
2017-06-20,12.53,18.8,6.6,2.44,21.4,40.021375925763245,41.512587546578416
2017-06-21,11.74,18.89,5.34,0.29,22.45,40.021375925763245,41.512587546578416
2017-06-22,9.98,15.29,4.7,1.4,18.25,40.021375925763245,41.512587546578416
2017-06-23,10.65,18.58,2.85,0.09,26.75,40.021375925763245,41.512587546578416
2017-06-24,12.84,21.81,3.49,0.0,31.51,40.021375925763245,41.512587546578416
2017-06-25,13.57,21.73,4.64,0.21,30.64,40.021375925763245,41.512587546578416
2017-06-26,16.86,25.65,6.48,0.0,31.29,40.021375925763245,41.512587546578416
2017-06-27,19.43,27.27,11.45,0.0,30.37,40.021375925763245,41.512587546578416
2017-06-28,18.32,27.48,9.28,0.11,28.7,40.021375925763245,41.512587546578416
2017-06-29,16.81,24.42,9.2,0.22,27.86,40.021375925763245,41.512587546578416
2017-06-30,14.96,22.8,7.19,0.0,30.25,40.021375925763245,41.512587546578416
2017-07-01,16.61,24.56,8.77,0.0,30.52,40.021375925763245,41.512587546578416
2017-07-02,18.29,27.06,8.42,0.0,31.97,40.021375925763245,41.512587546578416
2017-07-03,20.47,28.47,11.62,0.0,31.41,40.021375925763245,41.512587546578416
2017-07-04,22.3,28.94,15.74,0.01,28.51,40.021375925763245,41.512587546578416
2017-07-05,17.69,25.03,11.77,0.79,22.76,40.021375925763245,41.512587546578416
2017-07-06,17.72,27.43,10.22,1.08,25.39,40.021375925763245,41.512587546578416
2017-07-07,13.73,20.42,7.82,1.36,17.0,40.021375925763245,41.512587546578416
2017-07-08,13.51,22.72,5.83,0.29,27.98,40.021375925763245,41.512587546578416
2017-07-09,15.82,25.77,7.27,0.19,28.14,40.021375925763245,41.512587546578416
2017-07-10,17.11,26.85,8.08,0.0,29.37,40.021375925763245,41.512587546578416
2017-07-11,16.68,25.87,8.28,0.0,29.3,40.021375925763245,41.512587546578416
2017-07-12,17.18,26.21,8.64,0.01,29.16,40.021375925763245,41.512587546578416
2017-07-13,17.58,26.11,9.95,0.2,23.92,40.021375925763245,41.512587546578416
2017-07-14,17.46,26.52,8.95,0.04,27.96,40.021375925763245,41.512587546578416
2017-07-15,18.07,26.99,9.92,0.21,24.92,40.021375925763245,41.512587546578416
2017-07-16,19.24,27.7,9.63,0.24,26.4,40.021375925763245,41.512587546578416
2017-07-17,20.55,29.47,9.8,0.0,29.44,40.021375925763245,41.512587546578416
2017-07-18,22.36,29.53,16.3,0.0,29.18,40.021375925763245,41.512587546578416
2017-07-19,21.15,29.31,13.21,0.1,28.2,40.021375925763245,41.512587546578416
2017-07-20,18.83,28.07,10.77,0.34,24.34,40.021375925763245,41.512587546578416
2017-07-21,19.74,29.32,10.62,0.36,27.54,40.021375925763245,41.512587546578416
2017-07-22,20.6,30.97,10.83,0.12,28.12,40.021375925763245,41.512587546578416
2017-07-23,17.89,26.32,11.35,0.19,23.01,40.021375925763245,41.512587546578416
2017-07-24,17.44,25.95,10.14,2.94,23.18,40.021375925763245,41.512587546578416
2017-07-25,17.73,26.5,9.89,2.35,23.15,40.021375925763245,41.512587546578416
2017-07-26,18.06,26.99,9.86,0.07,28.78,40.021375925763245,41.512587546578416
2017-07-27,19.67,28.43,11.13,0.0,30.35,40.021375925763245,41.512587546578416
2017-07-28,20.88,29.97,12.59,0.0,28.46,40.021375925763245,41.512587546578416
2017-07-29,20.03,28.4,12.3,2.87,27.39,40.021375925763245,41.512587546578416
2017-07-30,17.77,27.2,9.91,0.18,24.59,40.021375925763245,41.512587546578416
2017-07-31,19.53,30.07,10.46,0.38,24.83,40.021375925763245,41.512587546578416
2017-08-01,21.27,30.44,12.19,0.18,27.08,40.021375925763245,41.512587546578416
2017-08-02,22.15,30.98,13.69,0.19,24.05,40.021375925763245,41.512587546578416
2017-08-03,22.26,30.99,12.94,0.01,24.87,40.021375925763245,41.512587546578416
2017-08-04,22.29,31.42,13.7,0.0,26.96,40.021375925763245,41.512587546578416
2017-08-05,21.96,30.73,13.74,0.0,28.03,40.021375925763245,41.512587546578416
2017-08-06,21.55,29.92,12.89,0.0,28.98,40.021375925763245,41.512587546578416
2017-08-07,21.66,30.37,14.7,0.0,29.28,40.021375925763245,41.512587546578416
2017-08-08,21.31,30.25,13.59,0.0,28.5,40.021375925763245,41.512587546578416
2017-08-09,20.67,29.76,12.56,0.0,26.39,40.021375925763245,41.512587546578416
2017-08-10,21.27,30.54,11.89,0.07,25.16,40.021375925763245,41.512587546578416
2017-08-11,22.3,31.1,13.31,0.02,24.56,40.021375925763245,41.512587546578416
2017-08-12,22.07,31.1,12.94,0.14,23.01,40.021375925763245,41.512587546578416
2017-08-13,21.25,29.56,13.49,0.11,27.28,40.021375925763245,41.512587546578416
2017-08-14,20.64,28.68,13.97,0.15,23.02,40.021375925763245,41.512587546578416
2017-08-15,18.26,27.1,11.3,1.95,22.87,40.021375925763245,41.512587546578416
2017-08-16,16.58,24.54,11.95,10.89,19.08,40.021375925763245,41.512587546578416
2017-08-17,16.83,22.8,11.12,0.48,17.29,40.021375925763245,41.512587546578416
2017-08-18,18.4,25.75,10.53,0.33,23.49,40.021375925763245,41.512587546578416
2017-08-19,19.21,27.98,10.09,0.02,24.75,40.021375925763245,41.512587546578416
2017-08-20,19.26,27.74,9.96,0.05,26.02,40.021375925763245,41.512587546578416
2017-08-21,19.51,28.11,12.98,0.01,27.28,40.021375925763245,41.512587546578416
2017-08-22,20.24,28.75,13.68,0.87,25.09,40.021375925763245,41.512587546578416
2017-08-23,17.34,26.44,10.64,2.38,22.47,40.021375925763245,41.512587546578416
2017-08-24,17.4,27.07,9.6,0.15,23.8,40.021375925763245,41.512587546578416
2017-08-25,16.58,26.44,9.27,0.22,20.8,40.021375925763245,41.512587546578416
2017-08-26,16.57,25.79,9.38,0.0,22.39,40.021375925763245,41.512587546578416
2017-08-27,18.03,27.55,8.77,0.0,23.65,40.021375925763245,41.512587546578416
2017-08-28,18.9,28.26,10.42,0.03,23.64,40.021375925763245,41.512587546578416
2017-08-29,18.45,26.15,12.54,0.04,23.92,40.021375925763245,41.512587546578416
2017-08-30,18.1,27.07,10.87,0.35,23.81,40.021375925763245,41.512587546578416
2017-08-31,17.08,26.19,9.29,1.12,23.33,40.021375925763245,41.512587546578416
2017-09-01,17.53,27.11,9.76,1.39,22.6,40.021375925763245,41.512587546578416
2017-09-02,15.96,25.69,7.07,0.05,22.57,40.021375925763245,41.512587546578416
2017-09-03,17.45,26.65,8.69,0.0,24.88,40.021375925763245,41.512587546578416
2017-09-04,19.54,27.96,12.85,0.0,25.24,40.021375925763245,41.512587546578416
2017-09-05,19.23,27.91,12.65,0.0,24.14,40.021375925763245,41.512587546578416
2017-09-06,17.9,26.51,9.85,0.01,23.34,40.021375925763245,41.512587546578416
2017-09-07,11.32,16.88,4.75,5.48,13.47,40.021375925763245,41.512587546578416
2017-09-08,13.53,23.73,3.22,0.0,24.85,40.021375925763245,41.512587546578416
2017-09-09,18.17,26.9,10.79,0.0,24.67,40.021375925763245,41.512587546578416
2017-09-10,17.91,27.22,9.59,0.0,23.67,40.021375925763245,41.512587546578416
2017-09-11,15.52,25.01,7.96,0.0,23.23,40.021375925763245,41.512587546578416
2017-09-12,17.8,26.89,9.52,0.0,23.6,40.021375925763245,41.512587546578416
2017-09-13,17.7,26.78,11.28,0.0,22.73,40.021375925763245,41.512587546578416
2017-09-14,16.58,26.39,8.56,0.0,22.83,40.021375925763245,41.512587546578416
2017-09-15,17.44,27.09,9.54,0.0,22.13,40.021375925763245,41.512587546578416
2017-09-16,17.78,26.56,11.5,0.0,20.17,40.021375925763245,41.512587546578416
2017-09-17,17.02,25.09,10.23,0.0,21.97,40.021375925763245,41.512587546578416
2017-09-18,17.76,25.94,11.36,0.0,19.83,40.021375925763245,41.512587546578416
2017-09-19,18.26,25.49,12.79,0.0,17.54,40.021375925763245,41.512587546578416
2017-09-20,18.57,26.07,12.89,0.0,17.58,40.021375925763245,41.512587546578416
2017-09-21,18.47,26.6,12.87,0.0,16.19,40.021375925763245,41.512587546578416
2017-09-22,17.16,25.23,10.72,0.13,17.66,40.021375925763245,41.512587546578416
2017-09-23,14.89,24.53,7.72,0.21,19.47,40.021375925763245,41.512587546578416
2017-09-24,13.95,22.1,8.05,0.21,17.43,40.021375925763245,41.512587546578416
2017-09-25,13.9,22.06,7.21,0.0,16.85,40.021375925763245,41.512587546578416
2017-09-26,13.73,19.81,7.88,0.0,16.18,40.021375925763245,41.512587546578416
2017-09-27,13.57,21.67,7.89,4.33,14.03,40.021375925763245,41.512587546578416
2017-09-28,9.87,17.77,4.84,1.28,10.69,40.021375925763245,41.512587546578416
2017-09-29,9.66,16.94,3.81,1.45,13.46,40.021375925763245,41.512587546578416
2017-09-30,10.83,18.39,3.92,0.1,14.46,40.021375925763245,41.512587546578416
2017-10-01,9.34,15.24,3.88,4.13,11.43,40.021375925763245,41.512587546578416
2017-10-02,7.21,13.12,0.65,11.57,5.6,40.021375925763245,41.512587546578416
2017-10-03,3.86,11.47,-1.15,0.68,10.43,40.021375925763245,41.512587546578416
2017-10-04,2.04,8.83,-2.73,0.54,15.42,40.021375925763245,41.512587546578416
2017-10-05,3.73,13.39,-4.62,0.0,19.52,40.021375925763245,41.512587546578416
2017-10-06,6.53,15.13,-0.04,0.0,19.38,40.021375925763245,41.512587546578416
2017-10-07,8.1,17.06,1.09,0.0,18.96,40.021375925763245,41.512587546578416
2017-10-08,7.65,16.06,1.94,0.0,18.71,40.021375925763245,41.512587546578416
2017-10-09,7.95,14.95,2.82,3.53,11.76,40.021375925763245,41.512587546578416
2017-10-10,7.39,12.69,3.81,20.0,6.41,40.021375925763245,41.512587546578416
2017-10-11,5.55,11.86,1.65,2.4,8.35,40.021375925763245,41.512587546578416
2017-10-12,4.99,12.27,-0.04,0.43,9.29,40.021375925763245,41.512587546578416
2017-10-13,5.61,12.99,-0.86,0.39,16.02,40.021375925763245,41.512587546578416
2017-10-14,6.11,13.85,1.39,0.21,16.43,40.021375925763245,41.512587546578416
2017-10-15,2.65,9.09,-2.07,1.71,12.18,40.021375925763245,41.512587546578416
2017-10-16,1.19,9.21,-3.66,3.53,8.07,40.021375925763245,41.512587546578416
2017-10-17,0.13,7.83,-4.94,1.33,12.24,40.021375925763245,41.512587546578416
2017-10-18,2.73,11.34,-3.59,0.01,14.86,40.021375925763245,41.512587546578416
2017-10-19,5.49,12.98,-0.94,0.0,15.8,40.021375925763245,41.512587546578416
2017-10-20,6.54,13.37,1.39,0.0,14.12,40.021375925763245,41.512587546578416
2017-10-21,6.31,13.55,1.27,0.0,14.12,40.021375925763245,41.512587546578416
2017-10-22,4.24,11.95,-0.84,0.0,14.53,40.021375925763245,41.512587546578416
2017-10-23,4.51,12.91,-0.89,0.0,14.97,40.021375925763245,41.512587546578416
2017-10-24,5.44,13.77,-0.66,0.0,14.01,40.021375925763245,41.512587546578416
2017-10-25,6.12,13.97,0.1,0.0,9.66,40.021375925763245,41.512587546578416
2017-10-26,6.67,14.66,1.83,0.44,12.49,40.021375925763245,41.512587546578416
2017-10-27,5.31,13.62,0.86,1.92,12.4,40.021375925763245,41.512587546578416
2017-10-28,3.4,12.27,-1.0,4.42,8.14,40.021375925763245,41.512587546578416
2017-10-29,3.78,9.48,-1.9,1.04,5.32,40.021375925763245,41.512587546578416
2017-10-30,4.53,7.27,0.61,8.5,2.75,40.021375925763245,41.512587546578416
2017-10-31,0.14,5.49,-4.17,5.03,7.33,40.021375925763245,41.512587546578416
2017-11-01,-2.45,4.73,-6.57,0.8,11.98,40.021375925763245,41.512587546578416
2017-11-02,-2.44,4.7,-6.83,1.29,12.9,40.021375925763245,41.512587546578416
2017-11-03,0.68,7.31,-4.48,0.0,12.95,40.021375925763245,41.512587546578416
2017-11-04,1.15,7.14,-2.2,0.0,11.72,40.021375925763245,41.512587546578416
2017-11-05,1.4,7.53,-2.49,0.0,10.06,40.021375925763245,41.512587546578416
2017-11-06,1.57,7.22,-2.18,9.67,3.59,40.021375925763245,41.512587546578416
2017-11-07,3.6,9.41,-0.06,3.2,7.35,40.021375925763245,41.512587546578416
2017-11-08,4.0,9.22,0.57,0.77,6.36,40.021375925763245,41.512587546578416
2017-11-09,3.64,8.98,-0.25,2.12,4.76,40.021375925763245,41.512587546578416
2017-11-10,3.24,8.58,0.03,0.34,8.1,40.021375925763245,41.512587546578416
2017-11-11,1.72,7.62,-2.5,0.0,9.8,40.021375925763245,41.512587546578416
2017-11-12,0.92,8.01,-2.77,0.0,10.83,40.021375925763245,41.512587546578416
2017-11-13,2.32,9.41,-2.9,0.0,11.29,40.021375925763245,41.512587546578416
2017-11-14,3.48,10.96,-1.55,0.0,8.68,40.021375925763245,41.512587546578416
2017-11-15,2.76,9.08,-1.24,0.0,9.53,40.021375925763245,41.512587546578416
2017-11-16,2.17,8.84,-2.54,0.0,10.26,40.021375925763245,41.512587546578416
2017-11-17,2.38,8.96,-1.49,0.0,10.72,40.021375925763245,41.512587546578416
2017-11-18,1.54,9.79,-3.12,0.0,10.99,40.021375925763245,41.512587546578416
2017-11-19,0.46,6.16,-3.08,1.79,5.93,40.021375925763245,41.512587546578416
2017-11-20,-0.14,4.62,-3.65,1.04,4.62,40.021375925763245,41.512587546578416
2017-11-21,1.05,5.23,-5.23,6.54,3.51,40.021375925763245,41.512587546578416
2017-11-22,-6.19,-3.54,-9.24,3.87,2.59,40.021375925763245,41.512587546578416
2017-11-23,-8.68,-4.71,-11.59,3.17,4.37,40.021375925763245,41.512587546578416
2017-11-24,-10.98,-6.05,-14.34,2.52,5.83,40.021375925763245,41.512587546578416
2017-11-25,-10.02,-4.43,-14.44,1.3,8.65,40.021375925763245,41.512587546578416
2017-11-26,-8.77,-0.77,-14.43,0.0,9.38,40.021375925763245,41.512587546578416
2017-11-27,-6.24,0.82,-11.75,0.0,6.39,40.021375925763245,41.512587546578416
2017-11-28,-4.27,1.82,-9.15,0.22,6.68,40.021375925763245,41.512587546578416
2017-11-29,-2.93,1.44,-5.5,6.36,3.33,40.021375925763245,41.512587546578416
2017-11-30,-5.53,-0.56,-9.57,0.85,5.9,40.021375925763245,41.512587546578416
2017-12-01,-3.18,3.26,-9.37,0.0,8.73,40.021375925763245,41.512587546578416
2017-12-02,-0.68,5.5,-4.21,0.0,10.28,40.021375925763245,41.512587546578416
2017-12-03,2.02,8.83,-2.0,0.0,9.21,40.021375925763245,41.512587546578416
2017-12-04,1.57,8.84,-2.15,0.0,8.33,40.021375925763245,41.512587546578416
2017-12-05,-0.81,3.99,-3.62,0.25,6.11,40.021375925763245,41.512587546578416
2017-12-06,-6.01,-3.5,-9.98,7.34,1.62,40.021375925763245,41.512587546578416
2017-12-07,-9.63,-5.75,-12.84,3.03,4.97,40.021375925763245,41.512587546578416
2017-12-08,-8.61,-2.68,-12.03,3.35,5.15,40.021375925763245,41.512587546578416
2017-12-09,-7.28,0.2,-11.28,0.0,9.12,40.021375925763245,41.512587546578416
2017-12-10,-7.61,0.53,-11.52,0.04,8.88,40.021375925763245,41.512587546578416
2017-12-11,-7.11,-0.3,-11.38,1.81,7.11,40.021375925763245,41.512587546578416
2017-12-12,-3.76,3.24,-9.36,0.03,9.72,40.021375925763245,41.512587546578416
2017-12-13,0.72,6.47,-4.3,0.0,9.45,40.021375925763245,41.512587546578416
2017-12-14,0.74,5.83,-2.17,0.0,8.41,40.021375925763245,41.512587546578416
2017-12-15,-1.16,4.29,-4.6,0.0,9.16,40.021375925763245,41.512587546578416
2017-12-16,-1.84,4.5,-5.26,0.01,8.59,40.021375925763245,41.512587546578416
2017-12-17,-3.29,3.34,-7.45,0.02,7.97,40.021375925763245,41.512587546578416
2017-12-18,-2.6,3.9,-5.97,0.0,5.91,40.021375925763245,41.512587546578416
2017-12-19,-1.45,2.95,-4.13,0.06,5.86,40.021375925763245,41.512587546578416
2017-12-20,-1.23,1.54,-3.63,5.32,2.84,40.021375925763245,41.512587546578416
2017-12-21,-0.97,4.03,-4.28,0.79,6.37,40.021375925763245,41.512587546578416
2017-12-22,-0.64,2.99,-2.87,1.25,3.82,40.021375925763245,41.512587546578416
2017-12-23,-0.23,2.0,-1.72,4.23,2.85,40.021375925763245,41.512587546578416
2017-12-24,-1.56,2.0,-6.6,4.22,1.81,40.021375925763245,41.512587546578416
2017-12-25,-7.0,-1.98,-10.51,0.03,5.92,40.021375925763245,41.512587546578416
2017-12-26,-5.8,2.12,-10.59,0.01,8.44,40.021375925763245,41.512587546578416
2017-12-27,-4.15,3.89,-8.25,0.0,9.15,40.021375925763245,41.512587546578416
2017-12-28,-4.32,1.71,-7.89,0.0,6.37,40.021375925763245,41.512587546578416
2017-12-29,-3.87,3.09,-8.2,0.0,9.12,40.021375925763245,41.512587546578416
2017-12-30,-1.46,4.4,-6.45,2.71,3.44,40.021375925763245,41.512587546578416
2017-12-31,-2.34,2.75,-7.03,1.3,5.72,40.021375925763245,41.512587546578416
2018-01-01,-2.74,0.99,-7.8,14.14,1.85,40.021375925763245,41.512587546578416
2018-01-02,-8.7,-3.07,-13.0,1.8,5.89,40.021375925763245,41.512587546578416
2018-01-03,-9.37,-1.31,-13.45,0.0,8.17,40.021375925763245,41.512587546578416
2018-01-04,-6.56,0.36,-13.26,1.36,4.78,40.021375925763245,41.512587546578416
2018-01-05,-6.54,-0.98,-9.98,1.93,6.57,40.021375925763245,41.512587546578416
2018-01-06,-7.56,-1.35,-10.85,3.46,6.91,40.021375925763245,41.512587546578416
2018-01-07,-7.06,-0.15,-11.16,0.14,8.78,40.021375925763245,41.512587546578416
2018-01-08,-5.89,0.73,-10.95,0.0,8.89,40.021375925763245,41.512587546578416
2018-01-09,-7.98,-0.86,-11.89,1.97,8.01,40.021375925763245,41.512587546578416
2018-01-10,-10.79,-4.29,-16.27,2.38,9.51,40.021375925763245,41.512587546578416
2018-01-11,-7.41,-0.71,-13.19,1.36,5.21,40.021375925763245,41.512587546578416
2018-01-12,-9.02,-2.09,-14.19,0.26,6.99,40.021375925763245,41.512587546578416
2018-01-13,-7.13,-0.38,-11.27,0.27,6.27,40.021375925763245,41.512587546578416
2018-01-14,-7.21,-2.34,-11.29,1.38,6.43,40.021375925763245,41.512587546578416
2018-01-15,-8.28,-3.48,-11.58,2.64,5.47,40.021375925763245,41.512587546578416
2018-01-16,-10.15,-4.88,-16.35,1.03,7.68,40.021375925763245,41.512587546578416
2018-01-17,-10.08,-3.5,-16.25,1.82,6.76,40.021375925763245,41.512587546578416
2018-01-18,-5.73,-2.05,-10.56,2.78,5.46,40.021375925763245,41.512587546578416
2018-01-19,-4.43,-0.99,-10.77,4.5,3.16,40.021375925763245,41.512587546578416
2018-01-20,-9.31,-0.59,-13.55,0.29,7.1,40.021375925763245,41.512587546578416
2018-01-21,-10.03,-2.08,-15.89,0.0,9.19,40.021375925763245,41.512587546578416
2018-01-22,-8.1,-2.77,-11.31,0.26,4.61,40.021375925763245,41.512587546578416
2018-01-23,-7.97,-1.88,-14.33,1.28,6.33,40.021375925763245,41.512587546578416
2018-01-24,-6.67,-2.43,-9.4,4.12,4.2,40.021375925763245,41.512587546578416
2018-01-25,-6.5,-1.2,-10.15,4.36,3.92,40.021375925763245,41.512587546578416
2018-01-26,-6.45,-1.73,-10.91,1.25,5.67,40.021375925763245,41.512587546578416
2018-01-27,-9.45,-3.68,-13.76,1.01,5.91,40.021375925763245,41.512587546578416
2018-01-28,-11.32,-4.22,-15.91,0.57,6.72,40.021375925763245,41.512587546578416
2018-01-29,-11.04,-3.32,-16.22,1.14,7.02,40.021375925763245,41.512587546578416
2018-01-30,-11.75,-4.88,-16.03,0.94,8.28,40.021375925763245,41.512587546578416
2018-01-31,-9.38,-3.49,-14.76,2.95,7.28,40.021375925763245,41.512587546578416
2018-02-01,-10.78,-4.61,-15.02,0.49,12.54,40.021375925763245,41.512587546578416
2018-02-02,-8.68,-0.9,-15.01,0.0,12.95,40.021375925763245,41.512587546578416
2018-02-03,-5.72,-0.13,-8.92,0.0,12.08,40.021375925763245,41.512587546578416
2018-02-04,-3.58,0.94,-8.46,0.03,7.17,40.021375925763245,41.512587546578416
2018-02-05,-3.15,1.26,-7.77,0.4,9.75,40.021375925763245,41.512587546578416
2018-02-06,-3.72,1.03,-7.75,0.41,11.8,40.021375925763245,41.512587546578416
2018-02-07,-4.16,1.02,-7.52,0.0,13.08,40.021375925763245,41.512587546578416
2018-02-08,-4.44,2.41,-9.78,0.0,13.26,40.021375925763245,41.512587546578416
2018-02-09,-3.22,1.19,-6.35,1.02,11.71,40.021375925763245,41.512587546578416
2018-02-10,-4.29,1.53,-7.92,0.07,14.32,40.021375925763245,41.512587546578416
2018-02-11,-1.82,2.52,-6.07,0.27,11.95,40.021375925763245,41.512587546578416
2018-02-12,-1.76,1.89,-5.15,0.57,12.32,40.021375925763245,41.512587546578416
2018-02-13,-3.62,0.29,-7.49,4.62,6.84,40.021375925763245,41.512587546578416
2018-02-14,-5.31,0.18,-8.51,0.38,14.25,40.021375925763245,41.512587546578416
2018-02-15,-3.72,1.62,-7.99,0.0,14.1,40.021375925763245,41.512587546578416
2018-02-16,-1.61,3.5,-6.03,0.0,15.32,40.021375925763245,41.512587546578416
2018-02-17,-0.68,3.89,-3.29,1.42,13.87,40.021375925763245,41.512587546578416
2018-02-18,-3.34,-0.1,-6.78,8.51,6.6,40.021375925763245,41.512587546578416
2018-02-19,-4.5,2.27,-10.43,0.11,15.28,40.021375925763245,41.512587546578416
2018-02-20,-4.01,0.72,-7.78,0.32,12.79,40.021375925763245,41.512587546578416
2018-02-21,-3.01,2.18,-6.96,0.41,13.77,40.021375925763245,41.512587546578416
2018-02-22,-2.38,1.83,-5.82,0.2,14.9,40.021375925763245,41.512587546578416
2018-02-23,-1.72,3.53,-6.01,0.0,16.05,40.021375925763245,41.512587546578416
2018-02-24,-1.94,2.22,-5.54,0.02,16.14,40.021375925763245,41.512587546578416
2018-02-25,-2.57,1.93,-6.48,3.74,12.45,40.021375925763245,41.512587546578416
2018-02-26,-3.12,1.04,-6.54,1.89,13.73,40.021375925763245,41.512587546578416
2018-02-27,-2.3,2.6,-6.61,0.55,12.89,40.021375925763245,41.512587546578416
2018-02-28,-1.4,4.74,-5.32,0.12,17.41,40.021375925763245,41.512587546578416
2018-03-01,-2.26,1.93,-7.49,3.54,5.36,40.021375925763245,41.512587546578416
2018-03-02,-5.14,1.58,-10.87,0.38,11.74,40.021375925763245,41.512587546578416
2018-03-03,-1.38,2.65,-6.14,0.17,9.12,40.021375925763245,41.512587546578416
2018-03-04,1.06,4.61,-1.3,1.58,10.12,40.021375925763245,41.512587546578416
2018-03-05,0.18,3.83,-2.16,4.46,9.94,40.021375925763245,41.512587546578416
2018-03-06,0.5,5.91,-4.25,0.96,12.42,40.021375925763245,41.512587546578416
2018-03-07,1.22,5.02,-1.84,0.19,13.92,40.021375925763245,41.512587546578416
2018-03-08,1.27,3.93,-0.9,3.85,7.41,40.021375925763245,41.512587546578416
2018-03-09,-0.96,1.66,-6.51,12.38,6.52,40.021375925763245,41.512587546578416
2018-03-10,-3.21,3.16,-8.51,0.25,12.57,40.021375925763245,41.512587546578416
2018-03-11,-1.72,3.41,-5.64,0.0,12.79,40.021375925763245,41.512587546578416
2018-03-12,-0.51,5.2,-4.85,0.0,13.89,40.021375925763245,41.512587546578416
2018-03-13,1.64,8.74,-3.4,0.01,16.87,40.021375925763245,41.512587546578416
2018-03-14,1.35,5.84,-1.86,0.72,13.64,40.021375925763245,41.512587546578416
2018-03-15,0.93,6.3,-2.64,0.73,14.12,40.021375925763245,41.512587546578416
2018-03-16,-0.5,2.94,-4.34,3.95,8.61,40.021375925763245,41.512587546578416
2018-03-17,-0.41,6.37,-5.41,0.07,15.16,40.021375925763245,41.512587546578416
2018-03-18,3.87,13.31,-3.03,0.0,17.5,40.021375925763245,41.512587546578416
2018-03-19,4.6,11.86,-0.87,0.0,18.65,40.021375925763245,41.512587546578416
2018-03-20,4.86,12.27,-0.74,0.08,16.22,40.021375925763245,41.512587546578416
2018-03-21,2.44,7.96,-1.92,2.75,17.27,40.021375925763245,41.512587546578416
2018-03-22,3.02,10.02,-2.74,0.0,14.15,40.021375925763245,41.512587546578416
2018-03-23,4.17,9.66,-0.08,0.01,12.05,40.021375925763245,41.512587546578416
2018-03-24,3.61,11.37,-0.34,6.39,6.29,40.021375925763245,41.512587546578416
2018-03-25,0.59,6.48,-4.09,0.37,15.41,40.021375925763245,41.512587546578416
2018-03-26,1.58,7.21,-2.87,0.01,15.88,40.021375925763245,41.512587546578416
2018-03-27,3.89,10.53,-0.76,0.0,15.03,40.021375925763245,41.512587546578416
2018-03-28,5.31,12.97,-1.69,0.12,20.07,40.021375925763245,41.512587546578416
2018-03-29,5.95,13.12,-0.68,7.67,7.79,40.021375925763245,41.512587546578416
2018-03-30,-0.09,4.55,-5.27,3.39,6.72,40.021375925763245,41.512587546578416
2018-03-31,0.75,7.58,-5.35,0.07,13.53,40.021375925763245,41.512587546578416
2018-04-01,3.98,11.72,-1.78,0.0,22.63,40.021375925763245,41.512587546578416
2018-04-02,4.8,12.31,-2.35,1.28,22.18,40.021375925763245,41.512587546578416
2018-04-03,0.6,7.59,-6.88,5.27,10.99,40.021375925763245,41.512587546578416
2018-04-04,-1.26,6.98,-8.68,0.08,20.89,40.021375925763245,41.512587546578416
2018-04-05,2.8,10.8,-3.31,0.0,24.42,40.021375925763245,41.512587546578416
2018-04-06,5.48,12.84,-1.34,0.0,25.41,40.021375925763245,41.512587546578416
2018-04-07,8.04,14.94,2.11,0.0,25.04,40.021375925763245,41.512587546578416
2018-04-08,9.24,15.63,3.3,0.0,22.08,40.021375925763245,41.512587546578416
2018-04-09,9.08,15.3,4.17,0.0,21.9,40.021375925763245,41.512587546578416
2018-04-10,5.8,14.88,-1.03,0.3,18.37,40.021375925763245,41.512587546578416
2018-04-11,5.12,10.49,-0.75,0.65,17.74,40.021375925763245,41.512587546578416
2018-04-12,7.29,12.96,1.24,0.16,21.04,40.021375925763245,41.512587546578416
2018-04-13,6.78,13.42,1.22,0.52,17.42,40.021375925763245,41.512587546578416
2018-04-14,3.69,10.31,-2.23,0.23,19.57,40.021375925763245,41.512587546578416
2018-04-15,1.26,9.78,-5.42,0.0,23.85,40.021375925763245,41.512587546578416
2018-04-16,2.57,11.47,-5.74,0.0,27.14,40.021375925763245,41.512587546578416
2018-04-17,4.47,12.53,-2.37,0.0,25.63,40.021375925763245,41.512587546578416
2018-04-18,7.62,15.67,-0.17,0.0,22.2,40.021375925763245,41.512587546578416
2018-04-19,6.48,14.28,0.11,0.01,20.97,40.021375925763245,41.512587546578416
2018-04-20,3.83,11.02,-2.54,0.9,20.64,40.021375925763245,41.512587546578416
2018-04-21,0.55,5.27,-3.99,4.02,13.97,40.021375925763245,41.512587546578416
2018-04-22,1.57,10.02,-5.06,0.17,22.07,40.021375925763245,41.512587546578416
2018-04-23,2.31,10.78,-4.79,0.0,25.34,40.021375925763245,41.512587546578416
2018-04-24,4.78,11.56,-3.33,0.0,23.57,40.021375925763245,41.512587546578416
2018-04-25,8.18,15.11,1.0,0.0,23.06,40.021375925763245,41.512587546578416
2018-04-26,9.43,16.56,2.03,0.0,23.29,40.021375925763245,41.512587546578416
2018-04-27,7.83,14.45,2.29,1.8,23.16,40.021375925763245,41.512587546578416
2018-04-28,6.94,11.45,2.44,0.73,14.45,40.021375925763245,41.512587546578416
2018-04-29,6.8,12.18,1.41,0.74,19.15,40.021375925763245,41.512587546578416
2018-04-30,8.14,14.79,2.01,0.03,21.12,40.021375925763245,41.512587546578416
2018-05-01,9.3,16.32,2.08,0.02,23.59,40.021375925763245,41.512587546578416
2018-05-02,10.31,15.61,3.44,0.37,18.97,40.021375925763245,41.512587546578416
2018-05-03,10.44,15.75,5.71,1.1,19.71,40.021375925763245,41.512587546578416
2018-05-04,9.86,14.48,6.76,11.57,14.44,40.021375925763245,41.512587546578416
2018-05-05,9.76,15.37,4.85,3.28,18.98,40.021375925763245,41.512587546578416
2018-05-06,8.13,12.71,4.34,1.06,12.78,40.021375925763245,41.512587546578416
2018-05-07,7.34,13.53,2.61,2.3,15.31,40.021375925763245,41.512587546578416
2018-05-08,5.36,7.99,2.57,8.19,13.46,40.021375925763245,41.512587546578416
2018-05-09,5.02,8.85,1.36,7.22,16.62,40.021375925763245,41.512587546578416
2018-05-10,6.1,11.24,1.45,6.34,15.02,40.021375925763245,41.512587546578416
2018-05-11,6.51,11.38,2.44,4.15,16.92,40.021375925763245,41.512587546578416
2018-05-12,6.06,10.92,1.9,6.08,13.23,40.021375925763245,41.512587546578416
2018-05-13,6.55,11.18,2.29,11.33,14.56,40.021375925763245,41.512587546578416
2018-05-14,6.87,10.7,3.44,3.83,12.25,40.021375925763245,41.512587546578416
2018-05-15,7.44,12.54,2.96,0.57,14.55,40.021375925763245,41.512587546578416
2018-05-16,9.37,15.1,2.54,0.35,22.07,40.021375925763245,41.512587546578416
2018-05-17,10.99,16.52,4.81,0.88,24.55,40.021375925763245,41.512587546578416
2018-05-18,11.73,17.74,5.77,0.03,27.98,40.021375925763245,41.512587546578416
2018-05-19,11.36,15.51,7.87,5.95,15.94,40.021375925763245,41.512587546578416
2018-05-20,10.72,15.53,7.04,14.51,18.69,40.021375925763245,41.512587546578416
2018-05-21,10.59,15.0,6.67,9.67,15.43,40.021375925763245,41.512587546578416
2018-05-22,11.26,17.13,5.01,2.92,18.63,40.021375925763245,41.512587546578416
2018-05-23,10.6,16.33,5.71,1.23,16.31,40.021375925763245,41.512587546578416
2018-05-24,9.47,13.11,5.83,5.45,11.29,40.021375925763245,41.512587546578416
2018-05-25,10.99,15.62,6.07,3.52,16.73,40.021375925763245,41.512587546578416
2018-05-26,12.07,18.46,6.77,0.26,25.41,40.021375925763245,41.512587546578416
2018-05-27,12.23,17.43,6.18,0.44,22.38,40.021375925763245,41.512587546578416
2018-05-28,12.59,19.33,7.33,1.04,17.78,40.021375925763245,41.512587546578416
2018-05-29,11.46,17.49,6.54,13.57,14.04,40.021375925763245,41.512587546578416
2018-05-30,11.03,16.97,5.33,1.45,21.7,40.021375925763245,41.512587546578416
2018-05-31,10.53,17.17,4.69,1.49,20.18,40.021375925763245,41.512587546578416
2018-06-01,10.12,14.91,6.55,6.4,13.56,40.021375925763245,41.512587546578416
2018-06-02,8.99,13.91,4.84,3.29,19.32,40.021375925763245,41.512587546578416
2018-06-03,10.17,15.63,4.09,4.44,23.52,40.021375925763245,41.512587546578416
2018-06-04,10.18,15.12,6.06,6.48,15.63,40.021375925763245,41.512587546578416
2018-06-05,10.88,16.97,4.79,0.6,23.5,40.021375925763245,41.512587546578416
2018-06-06,12.34,18.74,5.11,0.41,25.48,40.021375925763245,41.512587546578416
2018-06-07,13.27,19.0,7.43,4.4,25.84,40.021375925763245,41.512587546578416
2018-06-08,12.2,17.62,6.77,0.72,21.5,40.021375925763245,41.512587546578416
2018-06-09,11.92,19.22,5.24,0.0,29.42,40.021375925763245,41.512587546578416
2018-06-10,12.19,19.36,4.41,0.0,28.41,40.021375925763245,41.512587546578416
2018-06-11,13.23,20.52,5.61,0.12,27.7,40.021375925763245,41.512587546578416
2018-06-12,12.38,18.6,6.7,0.11,26.77,40.021375925763245,41.512587546578416
2018-06-13,12.92,18.26,6.18,0.61,24.31,40.021375925763245,41.512587546578416
2018-06-14,13.82,18.87,7.81,4.0,24.93,40.021375925763245,41.512587546578416
2018-06-15,13.4,19.01,8.54,2.52,20.79,40.021375925763245,41.512587546578416
2018-06-16,13.03,18.11,8.79,1.32,15.3,40.021375925763245,41.512587546578416
2018-06-17,13.28,19.17,6.97,1.05,23.65,40.021375925763245,41.512587546578416
2018-06-18,12.49,16.88,7.46,15.49,19.14,40.021375925763245,41.512587546578416
2018-06-19,13.78,19.12,7.35,0.78,25.04,40.021375925763245,41.512587546578416
2018-06-20,13.54,18.42,9.01,1.6,19.05,40.021375925763245,41.512587546578416
2018-06-21,13.51,19.25,7.08,3.8,24.04,40.021375925763245,41.512587546578416
2018-06-22,13.63,19.01,6.95,1.25,21.15,40.021375925763245,41.512587546578416
2018-06-23,14.17,19.43,8.81,2.24,22.94,40.021375925763245,41.512587546578416
2018-06-24,14.57,20.88,7.98,0.97,21.84,40.021375925763245,41.512587546578416
2018-06-25,16.48,22.7,9.15,0.72,26.26,40.021375925763245,41.512587546578416
2018-06-26,17.52,24.02,9.23,1.08,27.27,40.021375925763245,41.512587546578416
2018-06-27,18.48,24.77,12.7,0.01,27.89,40.021375925763245,41.512587546578416
2018-06-28,19.22,26.11,10.37,0.03,28.42,40.021375925763245,41.512587546578416
2018-06-29,19.88,27.11,12.81,0.01,27.46,40.021375925763245,41.512587546578416
2018-06-30,18.21,25.83,11.31,0.28,32.02,40.021375925763245,41.512587546578416
2018-07-01,18.24,25.65,11.1,0.0,32.05,40.021375925763245,41.512587546578416
2018-07-02,19.12,28.39,9.69,0.01,29.41,40.021375925763245,41.512587546578416
2018-07-03,20.58,29.47,10.31,0.05,27.03,40.021375925763245,41.512587546578416
2018-07-04,20.83,29.09,11.93,0.3,23.04,40.021375925763245,41.512587546578416
2018-07-05,18.98,28.34,11.05,0.14,24.93,40.021375925763245,41.512587546578416
2018-07-06,16.69,25.0,9.7,1.25,20.29,40.021375925763245,41.512587546578416
2018-07-07,15.23,21.97,9.9,3.67,17.66,40.021375925763245,41.512587546578416
2018-07-08,17.74,25.4,9.38,0.0,27.69,40.021375925763245,41.512587546578416
2018-07-09,19.61,26.21,12.46,0.0,30.55,40.021375925763245,41.512587546578416
2018-07-10,20.24,28.78,10.57,1.25,30.29,40.021375925763245,41.512587546578416
2018-07-11,21.89,30.57,11.87,0.0,29.38,40.021375925763245,41.512587546578416
2018-07-12,22.13,31.09,13.28,0.01,26.75,40.021375925763245,41.512587546578416
2018-07-13,19.63,28.93,11.48,0.39,21.21,40.021375925763245,41.512587546578416
2018-07-14,18.88,26.52,12.8,3.67,15.91,40.021375925763245,41.512587546578416
2018-07-15,14.8,22.47,7.72,6.26,12.78,40.021375925763245,41.512587546578416
2018-07-16,13.38,21.54,5.2,0.65,23.03,40.021375925763245,41.512587546578416
2018-07-17,14.47,22.03,7.82,0.05,26.97,40.021375925763245,41.512587546578416
2018-07-18,16.52,25.11,7.28,0.05,26.2,40.021375925763245,41.512587546578416
2018-07-19,17.46,25.03,9.99,0.27,25.94,40.021375925763245,41.512587546578416
2018-07-20,17.18,25.22,10.18,0.95,24.42,40.021375925763245,41.512587546578416
2018-07-21,16.39,23.92,9.57,1.0,25.18,40.021375925763245,41.512587546578416
2018-07-22,15.57,21.99,10.34,4.11,21.92,40.021375925763245,41.512587546578416
2018-07-23,16.0,23.13,9.82,0.23,21.82,40.021375925763245,41.512587546578416
2018-07-24,18.2,26.86,9.52,0.02,28.31,40.021375925763245,41.512587546578416
2018-07-25,19.75,27.7,12.79,0.0,29.2,40.021375925763245,41.512587546578416
2018-07-26,19.46,27.94,11.56,0.63,30.5,40.021375925763245,41.512587546578416
2018-07-27,20.4,29.11,12.23,0.57,28.58,40.021375925763245,41.512587546578416
2018-07-28,20.26,30.62,10.19,0.76,26.7,40.021375925763245,41.512587546578416
2018-07-29,20.57,31.11,10.5,0.42,26.41,40.021375925763245,41.512587546578416
2018-07-30,21.89,30.65,12.92,0.88,27.49,40.021375925763245,41.512587546578416
2018-07-31,21.74,30.76,13.55,1.43,24.99,40.021375925763245,41.512587546578416
2018-08-01,19.37,27.23,12.83,8.5,18.66,40.021375925763245,41.512587546578416
2018-08-02,17.6,24.53,12.01,4.05,21.12,40.021375925763245,41.512587546578416
2018-08-03,17.0,24.16,11.61,3.01,16.65,40.021375925763245,41.512587546578416
2018-08-04,16.16,22.24,11.92,4.75,16.68,40.021375925763245,41.512587546578416
2018-08-05,17.17,25.39,9.78,0.28,22.68,40.021375925763245,41.512587546578416
2018-08-06,18.34,26.61,9.93,0.01,23.45,40.021375925763245,41.512587546578416
2018-08-07,18.74,26.84,10.94,0.18,23.77,40.021375925763245,41.512587546578416
2018-08-08,17.78,25.76,11.52,2.0,17.77,40.021375925763245,41.512587546578416
2018-08-09,15.58,21.82,10.74,2.47,17.1,40.021375925763245,41.512587546578416
2018-08-10,15.33,22.44,8.97,1.26,15.83,40.021375925763245,41.512587546578416
2018-08-11,17.57,26.68,8.99,0.03,22.25,40.021375925763245,41.512587546578416
2018-08-12,16.99,25.26,10.35,0.43,21.05,40.021375925763245,41.512587546578416
2018-08-13,14.6,22.63,8.73,0.05,25.61,40.021375925763245,41.512587546578416
2018-08-14,14.84,22.95,7.38,0.0,24.04,40.021375925763245,41.512587546578416
2018-08-15,17.04,25.54,9.08,0.0,23.64,40.021375925763245,41.512587546578416
2018-08-16,19.45,28.21,10.28,0.0,23.69,40.021375925763245,41.512587546578416
2018-08-17,20.31,28.94,13.3,0.01,24.12,40.021375925763245,41.512587546578416
2018-08-18,18.29,27.88,10.73,0.13,23.48,40.021375925763245,41.512587546578416
2018-08-19,15.99,22.74,10.71,0.31,19.15,40.021375925763245,41.512587546578416
2018-08-20,16.85,25.09,8.94,0.09,22.0,40.021375925763245,41.512587546578416
2018-08-21,18.06,26.27,9.13,0.18,19.65,40.021375925763245,41.512587546578416
2018-08-22,16.72,24.06,10.25,2.95,17.79,40.021375925763245,41.512587546578416
2018-08-23,17.37,25.07,10.45,0.03,22.94,40.021375925763245,41.512587546578416
2018-08-24,19.71,27.9,11.19,0.0,21.42,40.021375925763245,41.512587546578416
2018-08-25,19.89,27.91,13.66,0.0,24.59,40.021375925763245,41.512587546578416
2018-08-26,18.92,27.54,11.1,0.0,24.28,40.021375925763245,41.512587546578416
2018-08-27,18.46,27.46,10.5,0.0,23.85,40.021375925763245,41.512587546578416
2018-08-28,18.76,26.84,10.71,0.0,21.17,40.021375925763245,41.512587546578416
2018-08-29,20.21,28.18,13.47,0.04,21.83,40.021375925763245,41.512587546578416
2018-08-30,19.39,27.91,12.51,0.03,24.91,40.021375925763245,41.512587546578416
2018-08-31,19.31,27.06,13.61,0.12,19.91,40.021375925763245,41.512587546578416
2018-09-01,17.45,25.44,10.98,0.38,21.54,40.021375925763245,41.512587546578416
2018-09-02,17.43,26.76,8.5,0.04,22.34,40.021375925763245,41.512587546578416
2018-09-03,17.2,25.92,9.0,0.29,20.15,40.021375925763245,41.512587546578416
2018-09-04,17.68,26.19,8.96,0.09,21.04,40.021375925763245,41.512587546578416
2018-09-05,18.38,26.31,11.52,0.0,22.64,40.021375925763245,41.512587546578416
2018-09-06,17.74,25.66,11.4,0.1,20.7,40.021375925763245,41.512587546578416
2018-09-07,15.25,22.09,9.17,1.33,16.55,40.021375925763245,41.512587546578416
2018-09-08,13.81,19.59,9.64,0.83,17.67,40.021375925763245,41.512587546578416
2018-09-09,12.48,18.07,7.93,1.14,15.19,40.021375925763245,41.512587546578416
2018-09-10,12.12,17.58,8.21,4.76,8.67,40.021375925763245,41.512587546578416
2018-09-11,12.13,18.43,6.75,1.19,17.09,40.021375925763245,41.512587546578416
2018-09-12,14.39,21.9,7.61,0.0,21.77,40.021375925763245,41.512587546578416
2018-09-13,16.99,25.04,9.9,0.0,22.14,40.021375925763245,41.512587546578416
2018-09-14,16.27,23.72,10.48,3.12,10.57,40.021375925763245,41.512587546578416
2018-09-15,14.78,22.2,9.29,0.32,19.54,40.021375925763245,41.512587546578416
2018-09-16,12.66,20.41,7.24,0.61,17.32,40.021375925763245,41.512587546578416
2018-09-17,11.78,19.64,6.45,0.83,15.27,40.021375925763245,41.512587546578416
2018-09-18,11.49,19.16,5.44,0.73,17.23,40.021375925763245,41.512587546578416
2018-09-19,11.62,19.39,5.95,0.05,19.83,40.021375925763245,41.512587546578416
2018-09-20,12.51,21.5,3.86,0.07,21.34,40.021375925763245,41.512587546578416
2018-09-21,14.59,22.36,7.68,0.32,16.35,40.021375925763245,41.512587546578416
2018-09-22,12.05,16.48,8.83,0.76,13.11,40.021375925763245,41.512587546578416
2018-09-23,12.88,20.57,7.3,0.0,18.11,40.021375925763245,41.512587546578416
2018-09-24,13.26,21.38,5.84,0.0,21.3,40.021375925763245,41.512587546578416
2018-09-25,14.38,22.66,8.42,0.37,20.49,40.021375925763245,41.512587546578416
2018-09-26,11.1,18.78,5.27,3.66,13.89,40.021375925763245,41.512587546578416
2018-09-27,10.32,20.35,3.08,0.01,14.9,40.021375925763245,41.512587546578416
2018-09-28,12.79,22.16,4.63,0.0,19.12,40.021375925763245,41.512587546578416
2018-09-29,12.5,20.0,6.42,0.0,19.2,40.021375925763245,41.512587546578416
2018-09-30,13.21,20.44,6.82,0.0,17.75,40.021375925763245,41.512587546578416
2018-10-01,12.7,19.15,8.08,0.44,16.35,40.021375925763245,41.512587546578416
2018-10-02,12.53,19.19,8.0,0.47,14.33,40.021375925763245,41.512587546578416
2018-10-03,12.18,19.58,5.7,0.12,17.43,40.021375925763245,41.512587546578416
2018-10-04,11.01,18.65,5.72,1.4,17.6,40.021375925763245,41.512587546578416
2018-10-05,6.12,13.13,-0.53,1.89,15.79,40.021375925763245,41.512587546578416
2018-10-06,4.12,14.08,-2.39,0.3,18.55,40.021375925763245,41.512587546578416
2018-10-07,7.67,17.5,-1.28,0.01,18.15,40.021375925763245,41.512587546578416
2018-10-08,10.49,16.13,5.33,1.37,13.28,40.021375925763245,41.512587546578416
2018-10-09,9.8,15.45,4.13,5.49,11.4,40.021375925763245,41.512587546578416
2018-10-10,9.91,17.0,4.59,4.05,13.77,40.021375925763245,41.512587546578416
2018-10-11,10.1,15.97,5.05,0.06,12.93,40.021375925763245,41.512587546578416
2018-10-12,10.94,17.04,5.62,0.38,13.99,40.021375925763245,41.512587546578416
2018-10-13,9.4,15.73,3.3,0.13,15.92,40.021375925763245,41.512587546578416
2018-10-14,10.6,16.58,5.11,0.0,14.19,40.021375925763245,41.512587546578416
2018-10-15,11.24,17.8,6.42,0.01,15.31,40.021375925763245,41.512587546578416
2018-10-16,12.04,18.54,7.55,0.0,16.22,40.021375925763245,41.512587546578416
2018-10-17,10.29,17.87,4.09,0.0,16.7,40.021375925763245,41.512587546578416
2018-10-18,10.59,18.13,4.76,0.0,16.3,40.021375925763245,41.512587546578416
2018-10-19,9.83,15.63,6.0,0.15,13.95,40.021375925763245,41.512587546578416
2018-10-20,7.45,13.29,3.3,0.48,10.2,40.021375925763245,41.512587546578416
2018-10-21,6.56,12.41,3.0,4.93,9.74,40.021375925763245,41.512587546578416
2018-10-22,5.88,11.6,1.55,3.68,8.11,40.021375925763245,41.512587546578416
2018-10-23,5.45,10.62,1.8,2.1,7.98,40.021375925763245,41.512587546578416
2018-10-24,6.28,10.05,1.99,14.85,3.83,40.021375925763245,41.512587546578416
2018-10-25,6.49,8.89,4.77,10.84,3.62,40.021375925763245,41.512587546578416
2018-10-26,0.69,5.18,-5.31,17.07,3.28,40.021375925763245,41.512587546578416
2018-10-27,-0.4,6.22,-6.16,0.79,10.83,40.021375925763245,41.512587546578416
2018-10-28,3.78,11.99,-2.26,0.0,12.59,40.021375925763245,41.512587546578416
2018-10-29,5.5,14.33,-0.6,0.0,12.93,40.021375925763245,41.512587546578416
2018-10-30,8.14,16.11,2.86,0.0,13.47,40.021375925763245,41.512587546578416
2018-10-31,7.51,15.01,2.87,0.0,13.21,40.021375925763245,41.512587546578416
2018-11-01,6.1,13.57,1.08,0.0,13.41,40.021375925763245,41.512587546578416
2018-11-02,3.21,10.26,-2.4,0.0,9.38,40.021375925763245,41.512587546578416
2018-11-03,2.31,8.67,-2.62,0.01,10.85,40.021375925763245,41.512587546578416
2018-11-04,3.55,11.61,-1.99,0.0,12.21,40.021375925763245,41.512587546578416
2018-11-05,2.32,7.04,-1.96,2.14,9.15,40.021375925763245,41.512587546578416
2018-11-06,1.99,8.75,-1.97,0.12,11.7,40.021375925763245,41.512587546578416
2018-11-07,1.23,7.81,-3.11,0.0,11.86,40.021375925763245,41.512587546578416
2018-11-08,1.7,7.58,-2.48,0.0,12.04,40.021375925763245,41.512587546578416
2018-11-09,1.77,7.49,-1.55,0.0,12.55,40.021375925763245,41.512587546578416
2018-11-10,1.57,8.0,-2.84,0.0,12.53,40.021375925763245,41.512587546578416
2018-11-11,1.67,6.49,-1.93,0.01,10.06,40.021375925763245,41.512587546578416
2018-11-12,0.7,6.58,-3.18,1.11,8.41,40.021375925763245,41.512587546578416
2018-11-13,0.33,5.87,-3.19,4.26,8.91,40.021375925763245,41.512587546578416
2018-11-14,-1.0,3.01,-3.5,7.65,3.65,40.021375925763245,41.512587546578416
2018-11-15,-2.79,1.78,-6.11,3.38,4.34,40.021375925763245,41.512587546578416
2018-11-16,-2.28,3.04,-6.66,3.48,5.2,40.021375925763245,41.512587546578416
2018-11-17,-4.82,0.25,-8.77,1.97,7.35,40.021375925763245,41.512587546578416
2018-11-18,-3.26,1.46,-6.89,0.0,7.19,40.021375925763245,41.512587546578416
2018-11-19,-1.26,5.41,-5.31,0.0,8.61,40.021375925763245,41.512587546578416
2018-11-20,-0.49,4.08,-3.78,0.21,5.74,40.021375925763245,41.512587546578416
2018-11-21,-0.19,3.32,-2.59,3.28,7.09,40.021375925763245,41.512587546578416
2018-11-22,0.0,4.41,-2.45,2.28,3.49,40.021375925763245,41.512587546578416
2018-11-23,-1.22,3.26,-5.04,1.83,3.59,40.021375925763245,41.512587546578416
2018-11-24,-2.62,3.15,-6.72,0.63,7.9,40.021375925763245,41.512587546578416
2018-11-25,-1.72,2.55,-4.49,0.71,6.55,40.021375925763245,41.512587546578416
2018-11-26,-2.76,3.56,-5.8,0.01,8.5,40.021375925763245,41.512587546578416
2018-11-27,-1.07,4.25,-5.19,0.76,6.72,40.021375925763245,41.512587546578416
2018-11-28,0.36,5.12,-2.46,0.22,5.29,40.021375925763245,41.512587546578416
2018-11-29,1.46,5.85,-0.55,1.85,4.46,40.021375925763245,41.512587546578416
2018-11-30,0.97,5.49,-2.34,9.18,3.51,40.021375925763245,41.512587546578416
2018-12-01,0.94,4.15,-1.21,10.01,1.84,40.021375925763245,41.512587546578416
2018-12-02,-1.42,3.59,-4.37,0.64,7.1,40.021375925763245,41.512587546578416
2018-12-03,-1.72,4.06,-5.22,0.0,8.19,40.021375925763245,41.512587546578416
2018-12-04,-2.03,2.6,-5.75,0.68,6.21,40.021375925763245,41.512587546578416
2018-12-05,-0.89,4.1,-3.87,5.29,3.7,40.021375925763245,41.512587546578416
2018-12-06,-2.07,2.75,-4.76,1.65,7.76,40.021375925763245,41.512587546578416
2018-12-07,-2.29,2.39,-5.36,3.4,6.36,40.021375925763245,41.512587546578416
2018-12-08,-2.64,1.23,-5.37,3.22,4.15,40.021375925763245,41.512587546578416
2018-12-09,-3.84,0.66,-7.23,0.54,8.56,40.021375925763245,41.512587546578416
2018-12-10,-3.6,2.04,-7.94,0.93,7.66,40.021375925763245,41.512587546578416
2018-12-11,-1.87,1.66,-4.16,8.75,1.91,40.021375925763245,41.512587546578416
2018-12-12,-2.23,0.01,-5.78,19.1,1.52,40.021375925763245,41.512587546578416
2018-12-13,-8.85,-2.94,-16.54,2.4,7.26,40.021375925763245,41.512587546578416
2018-12-14,-11.79,-5.76,-18.24,1.25,2.54,40.021375925763245,41.512587546578416
2018-12-15,-7.39,-0.67,-12.25,0.05,6.71,40.021375925763245,41.512587546578416
2018-12-16,-6.25,-0.65,-9.35,0.0,7.11,40.021375925763245,41.512587546578416
2018-12-17,-6.28,-1.44,-10.68,1.45,3.93,40.021375925763245,41.512587546578416
2018-12-18,-7.23,-0.4,-12.26,0.51,6.93,40.021375925763245,41.512587546578416
2018-12-19,-7.18,0.05,-12.48,0.47,3.22,40.021375925763245,41.512587546578416
2018-12-20,-4.82,-0.22,-8.26,1.59,5.84,40.021375925763245,41.512587546578416
2018-12-21,-5.6,-0.52,-9.48,1.5,6.85,40.021375925763245,41.512587546578416
2018-12-22,-7.36,-1.28,-10.6,0.02,5.93,40.021375925763245,41.512587546578416
2018-12-23,-8.96,-1.69,-11.96,0.16,9.05,40.021375925763245,41.512587546578416
2018-12-24,-8.46,-3.88,-14.89,5.06,4.93,40.021375925763245,41.512587546578416
2018-12-25,-9.65,-3.76,-17.04,0.14,4.76,40.021375925763245,41.512587546578416
2018-12-26,-5.53,-2.5,-7.76,4.68,2.5,40.021375925763245,41.512587546578416
2018-12-27,-6.27,-2.33,-8.97,9.31,1.95,40.021375925763245,41.512587546578416
2018-12-28,-11.58,-6.81,-18.05,4.64,5.08,40.021375925763245,41.512587546578416
2018-12-29,-15.1,-5.43,-20.34,0.02,8.81,40.021375925763245,41.512587546578416
2018-12-30,-12.0,-5.98,-16.88,0.52,7.35,40.021375925763245,41.512587546578416
2018-12-31,-9.84,-4.98,-14.74,3.82,4.02,40.021375925763245,41.512587546578416
2019-01-01,-14.09,-7.44,-18.06,0.22,8.46,40.021375925763245,41.512587546578416
2019-01-02,-11.3,-3.64,-15.71,0.3,7.16,40.021375925763245,41.512587546578416
2019-01-03,-9.66,-2.22,-14.15,0.06,5.77,40.021375925763245,41.512587546578416
2019-01-04,-7.43,-1.62,-14.07,1.56,6.3,40.021375925763245,41.512587546578416
2019-01-05,-7.5,-2.15,-12.94,1.45,6.07,40.021375925763245,41.512587546578416
2019-01-06,-7.89,-3.05,-12.86,2.01,2.88,40.021375925763245,41.512587546578416
2019-01-07,-10.46,-6.1,-16.27,2.49,7.4,40.021375925763245,41.512587546578416
2019-01-08,-8.58,-4.48,-15.99,4.6,3.4,40.021375925763245,41.512587546578416
2019-01-09,-11.09,-6.37,-20.49,5.48,1.4,40.021375925763245,41.512587546578416
2019-01-10,-15.83,-6.73,-21.39,0.0,10.07,40.021375925763245,41.512587546578416
2019-01-11,-11.05,-1.8,-16.91,0.0,9.78,40.021375925763245,41.512587546578416
2019-01-12,-11.83,-4.91,-15.18,0.0,8.9,40.021375925763245,41.512587546578416
2019-01-13,-11.96,-5.67,-18.0,0.59,7.62,40.021375925763245,41.512587546578416
2019-01-14,-11.84,-3.82,-16.21,0.7,8.4,40.021375925763245,41.512587546578416
2019-01-15,-7.15,-2.26,-14.17,2.59,3.47,40.021375925763245,41.512587546578416
2019-01-16,-6.0,-3.36,-10.73,2.7,4.76,40.021375925763245,41.512587546578416
2019-01-17,-10.16,-7.71,-13.53,7.63,6.87,40.021375925763245,41.512587546578416
2019-01-18,-13.73,-6.35,-18.07,0.09,10.62,40.021375925763245,41.512587546578416
2019-01-19,-13.11,-4.91,-18.83,0.02,11.34,40.021375925763245,41.512587546578416
2019-01-20,-10.81,-3.85,-15.82,0.0,11.13,40.021375925763245,41.512587546578416
2019-01-21,-12.42,-4.18,-16.88,0.0,11.24,40.021375925763245,41.512587546578416
2019-01-22,-10.41,-3.48,-14.58,0.32,9.95,40.021375925763245,41.512587546578416
2019-01-23,-11.14,-3.32,-15.77,0.1,9.45,40.021375925763245,41.512587546578416
2019-01-24,-9.47,-2.4,-15.49,0.09,9.41,40.021375925763245,41.512587546578416
2019-01-25,-6.91,-1.48,-13.37,1.54,7.55,40.021375925763245,41.512587546578416
2019-01-26,-8.56,-1.97,-13.38,0.07,6.86,40.021375925763245,41.512587546578416
2019-01-27,-4.84,-0.34,-9.43,0.91,10.81,40.021375925763245,41.512587546578416
2019-01-28,-5.47,-0.72,-8.66,0.03,8.91,40.021375925763245,41.512587546578416
2019-01-29,-8.42,-1.91,-15.83,0.08,11.6,40.021375925763245,41.512587546578416
2019-01-30,-10.54,-2.56,-17.21,0.04,10.28,40.021375925763245,41.512587546578416
2019-01-31,-8.96,-1.91,-13.72,0.77,10.35,40.021375925763245,41.512587546578416
2019-02-01,-6.68,-1.79,-10.85,3.58,5.34,40.021375925763245,41.512587546578416
2019-02-02,-9.78,-4.14,-14.22,1.13,11.01,40.021375925763245,41.512587546578416
2019-02-03,-9.3,-1.87,-14.67,0.04,13.25,40.021375925763245,41.512587546578416
2019-02-04,-6.93,-0.36,-12.36,0.02,13.84,40.021375925763245,41.512587546578416
2019-02-05,-7.25,0.03,-11.61,0.0,13.59,40.021375925763245,41.512587546578416
2019-02-06,-7.5,-0.1,-13.54,0.0,13.35,40.021375925763245,41.512587546578416
2019-02-07,-5.81,-1.5,-9.25,2.43,10.15,40.021375925763245,41.512587546578416
2019-02-08,-6.71,-1.43,-12.96,2.03,11.1,40.021375925763245,41.512587546578416
2019-02-09,-6.85,-2.02,-10.36,0.72,11.51,40.021375925763245,41.512587546578416
2019-02-10,-6.88,-2.64,-11.06,2.06,11.93,40.021375925763245,41.512587546578416
2019-02-11,-7.91,-2.45,-12.6,0.57,13.01,40.021375925763245,41.512587546578416
2019-02-12,-9.53,-1.48,-14.44,0.0,14.82,40.021375925763245,41.512587546578416
2019-02-13,-7.93,-1.0,-13.02,0.0,13.97,40.021375925763245,41.512587546578416
2019-02-14,-8.05,-1.98,-14.53,1.28,14.31,40.021375925763245,41.512587546578416
2019-02-15,-6.89,-2.49,-11.26,6.44,11.61,40.021375925763245,41.512587546578416
2019-02-16,-8.79,-3.94,-12.22,1.07,12.38,40.021375925763245,41.512587546578416
2019-02-17,-10.69,-3.98,-16.04,0.15,14.23,40.021375925763245,41.512587546578416
2019-02-18,-9.63,-2.23,-14.6,0.37,13.46,40.021375925763245,41.512587546578416
2019-02-19,-11.2,-5.26,-15.36,0.65,16.06,40.021375925763245,41.512587546578416
2019-02-20,-9.44,-1.24,-15.06,0.0,16.93,40.021375925763245,41.512587546578416
2019-02-21,-8.56,-2.64,-14.24,0.01,15.86,40.021375925763245,41.512587546578416
2019-02-22,-8.09,-2.64,-12.01,0.31,13.61,40.021375925763245,41.512587546578416
2019-02-23,-6.9,-1.49,-12.1,0.25,14.06,40.021375925763245,41.512587546578416
2019-02-24,-5.47,-0.39,-9.15,0.07,14.4,40.021375925763245,41.512587546578416
2019-02-25,-6.45,-0.86,-10.92,0.52,14.91,40.021375925763245,41.512587546578416
2019-02-26,-6.25,-0.71,-12.88,4.54,16.04,40.021375925763245,41.512587546578416
2019-02-27,-5.3,-2.23,-8.4,3.35,13.91,40.021375925763245,41.512587546578416
2019-02-28,-9.94,-7.09,-16.26,6.16,17.21,40.021375925763245,41.512587546578416
2019-03-01,-11.47,-4.96,-17.95,0.41,15.82,40.021375925763245,41.512587546578416
2019-03-02,-7.21,-2.83,-12.82,1.43,12.42,40.021375925763245,41.512587546578416
2019-03-03,-6.27,-3.19,-9.8,3.72,16.27,40.021375925763245,41.512587546578416
2019-03-04,-5.66,-0.97,-9.6,0.88,17.55,40.021375925763245,41.512587546578416
2019-03-05,-5.81,0.1,-11.16,0.0,18.62,40.021375925763245,41.512587546578416
2019-03-06,-4.66,0.17,-9.25,0.06,17.66,40.021375925763245,41.512587546578416
2019-03-07,-5.79,-3.43,-8.76,4.02,8.63,40.021375925763245,41.512587546578416
2019-03-08,-7.14,-0.73,-13.79,0.0,18.95,40.021375925763245,41.512587546578416
2019-03-09,-4.5,1.65,-9.73,0.0,19.76,40.021375925763245,41.512587546578416
2019-03-10,-2.95,1.77,-6.52,0.04,19.18,40.021375925763245,41.512587546578416
2019-03-11,-3.25,1.31,-6.9,0.42,19.05,40.021375925763245,41.512587546578416
2019-03-12,-2.18,1.89,-6.74,0.0,18.5,40.021375925763245,41.512587546578416
2019-03-13,-0.45,1.48,-2.11,0.67,13.83,40.021375925763245,41.512587546578416
2019-03-14,-1.64,1.86,-4.55,4.76,12.4,40.021375925763245,41.512587546578416
2019-03-15,-1.87,2.28,-5.91,0.52,8.93,40.021375925763245,41.512587546578416
2019-03-16,-2.41,0.63,-5.69,1.51,12.31,40.021375925763245,41.512587546578416
2019-03-17,-4.36,0.59,-8.82,1.62,16.66,40.021375925763245,41.512587546578416
2019-03-18,-7.68,-1.37,-13.55,0.11,20.93,40.021375925763245,41.512587546578416
2019-03-19,-5.6,0.83,-11.93,0.0,22.68,40.021375925763245,41.512587546578416
2019-03-20,-2.22,3.4,-6.86,0.0,21.7,40.021375925763245,41.512587546578416
2019-03-21,-1.8,3.67,-6.38,0.1,22.37,40.021375925763245,41.512587546578416
2019-03-22,-3.93,1.9,-8.44,0.19,20.62,40.021375925763245,41.512587546578416
2019-03-23,-2.94,2.0,-8.33,0.92,20.62,40.021375925763245,41.512587546578416
2019-03-24,-5.9,-2.21,-11.14,3.75,19.42,40.021375925763245,41.512587546578416
2019-03-25,-4.8,2.4,-11.99,1.06,21.44,40.021375925763245,41.512587546578416
2019-03-26,-2.37,3.53,-7.29,0.83,21.1,40.021375925763245,41.512587546578416
2019-03-27,-0.84,4.0,-5.27,0.21,22.56,40.021375925763245,41.512587546578416
2019-03-28,-1.53,2.99,-4.99,2.26,20.63,40.021375925763245,41.512587546578416
2019-03-29,-2.77,0.69,-5.73,7.14,20.61,40.021375925763245,41.512587546578416
2019-03-30,-2.68,2.99,-6.28,3.87,20.66,40.021375925763245,41.512587546578416
2019-03-31,-0.62,5.79,-5.24,2.33,19.15,40.021375925763245,41.512587546578416
2019-04-01,-0.02,4.56,-4.59,0.37,16.98,40.021375925763245,41.512587546578416
2019-04-02,-1.14,2.3,-4.84,6.03,12.37,40.021375925763245,41.512587546578416
2019-04-03,-1.66,3.13,-6.92,1.1,15.5,40.021375925763245,41.512587546578416
2019-04-04,-0.44,3.43,-3.53,1.83,10.31,40.021375925763245,41.512587546578416
2019-04-05,1.36,6.28,-3.4,0.01,15.77,40.021375925763245,41.512587546578416
2019-04-06,0.71,3.83,-2.15,1.27,14.87,40.021375925763245,41.512587546578416
2019-04-07,3.48,9.97,-2.31,0.0,21.77,40.021375925763245,41.512587546578416
2019-04-08,3.16,7.84,-0.38,0.1,16.67,40.021375925763245,41.512587546578416
2019-04-09,3.6,10.17,-1.84,0.2,18.46,40.021375925763245,41.512587546578416
2019-04-10,2.81,7.57,-1.98,8.36,16.4,40.021375925763245,41.512587546578416
2019-04-11,1.15,7.41,-4.2,0.55,15.49,40.021375925763245,41.512587546578416
2019-04-12,1.55,6.79,-2.88,1.26,19.75,40.021375925763245,41.512587546578416
2019-04-13,3.95,10.84,-2.74,0.01,21.81,40.021375925763245,41.512587546578416
2019-04-14,4.74,11.56,-0.85,0.26,23.11,40.021375925763245,41.512587546578416
2019-04-15,3.79,9.92,-0.89,9.2,22.18,40.021375925763245,41.512587546578416
2019-04-16,2.22,7.65,-1.11,6.92,8.24,40.021375925763245,41.512587546578416
2019-04-17,-0.38,2.91,-3.86,16.35,7.61,40.021375925763245,41.512587546578416
2019-04-18,-0.48,4.12,-3.92,1.71,13.28,40.021375925763245,41.512587546578416
2019-04-19,-1.24,1.94,-4.6,4.98,12.72,40.021375925763245,41.512587546578416
2019-04-20,-1.69,2.54,-5.49,2.72,14.32,40.021375925763245,41.512587546578416
2019-04-21,-1.03,3.08,-4.34,4.57,12.92,40.021375925763245,41.512587546578416
2019-04-22,-1.89,2.88,-6.54,1.54,10.98,40.021375925763245,41.512587546578416
2019-04-23,-1.3,4.5,-6.63,0.06,11.49,40.021375925763245,41.512587546578416
2019-04-24,0.65,8.11,-4.94,0.0,22.22,40.021375925763245,41.512587546578416
2019-04-25,1.8,8.84,-4.04,0.0,25.83,40.021375925763245,41.512587546578416
2019-04-26,3.57,10.19,-2.74,0.0,27.57,40.021375925763245,41.512587546578416
2019-04-27,5.06,11.88,-1.02,0.02,24.22,40.021375925763245,41.512587546578416
2019-04-28,4.52,10.15,-0.69,0.93,19.38,40.021375925763245,41.512587546578416
2019-04-29,3.71,9.75,-0.16,3.71,22.29,40.021375925763245,41.512587546578416
2019-04-30,6.2,14.56,-2.02,0.0,23.51,40.021375925763245,41.512587546578416
2019-05-01,7.03,13.75,0.75,1.78,23.14,40.021375925763245,41.512587546578416
2019-05-02,6.84,10.64,2.61,18.94,15.13,40.021375925763245,41.512587546578416
2019-05-03,6.36,11.38,2.44,2.17,18.7,40.021375925763245,41.512587546578416
2019-05-04,3.7,8.76,-1.29,8.18,4.88,40.021375925763245,41.512587546578416
2019-05-05,4.98,12.93,-3.02,0.16,27.35,40.021375925763245,41.512587546578416
2019-05-06,7.15,13.58,1.27,0.28,16.92,40.021375925763245,41.512587546578416
2019-05-07,7.94,13.98,3.12,2.05,20.78,40.021375925763245,41.512587546578416
2019-05-08,7.94,15.3,2.51,0.36,22.36,40.021375925763245,41.512587546578416
2019-05-09,6.66,13.47,0.67,0.11,23.18,40.021375925763245,41.512587546578416
2019-05-10,5.96,12.3,-0.18,0.01,23.7,40.021375925763245,41.512587546578416
2019-05-11,6.85,12.59,1.43,0.26,23.63,40.021375925763245,41.512587546578416
2019-05-12,6.56,11.12,2.13,17.79,15.99,40.021375925763245,41.512587546578416
2019-05-13,8.85,15.41,2.13,0.07,27.11,40.021375925763245,41.512587546578416
2019-05-14,10.38,17.37,3.13,0.0,28.99,40.021375925763245,41.512587546578416
2019-05-15,12.3,19.95,4.47,0.0,30.71,40.021375925763245,41.512587546578416
2019-05-16,14.22,21.26,6.97,0.0,30.14,40.021375925763245,41.512587546578416
2019-05-17,14.47,21.44,7.18,0.0,28.16,40.021375925763245,41.512587546578416
2019-05-18,14.57,21.42,8.37,0.08,26.68,40.021375925763245,41.512587546578416
2019-05-19,11.89,18.21,6.23,0.09,25.74,40.021375925763245,41.512587546578416
2019-05-20,8.08,13.24,3.44,1.58,17.1,40.021375925763245,41.512587546578416
2019-05-21,10.32,16.96,2.8,0.01,24.57,40.021375925763245,41.512587546578416
2019-05-22,10.82,15.51,6.19,1.0,14.68,40.021375925763245,41.512587546578416
2019-05-23,9.47,14.6,4.58,1.98,11.94,40.021375925763245,41.512587546578416
2019-05-24,11.43,17.52,5.42,0.84,20.29,40.021375925763245,41.512587546578416
2019-05-25,12.35,18.57,5.81,0.39,21.37,40.021375925763245,41.512587546578416
2019-05-26,9.58,15.46,3.95,0.7,24.56,40.021375925763245,41.512587546578416
2019-05-27,9.3,17.2,1.73,0.0,27.33,40.021375925763245,41.512587546578416
2019-05-28,11.43,19.22,3.82,0.0,31.04,40.021375925763245,41.512587546578416
2019-05-29,12.62,20.31,5.29,0.0,32.24,40.021375925763245,41.512587546578416
2019-05-30,13.67,21.0,7.8,0.0,32.46,40.021375925763245,41.512587546578416
2019-05-31,14.45,21.5,6.36,0.0,31.38,40.021375925763245,41.512587546578416
2019-06-01,14.11,20.2,7.8,0.73,26.52,40.021375925763245,41.512587546578416
2019-06-02,15.6,20.83,9.57,0.12,25.52,40.021375925763245,41.512587546578416
2019-06-03,17.94,24.1,10.72,0.11,25.02,40.021375925763245,41.512587546578416
2019-06-04,17.66,23.54,11.39,0.14,25.54,40.021375925763245,41.512587546578416
2019-06-05,16.6,22.98,11.33,0.0,27.13,40.021375925763245,41.512587546578416
2019-06-06,14.04,18.67,9.32,0.47,16.76,40.021375925763245,41.512587546578416
2019-06-07,15.54,21.27,10.59,0.65,24.87,40.021375925763245,41.512587546578416
2019-06-08,15.55,21.6,9.22,0.64,26.45,40.021375925763245,41.512587546578416
2019-06-09,15.41,21.85,9.0,0.39,27.02,40.021375925763245,41.512587546578416
2019-06-10,14.35,19.12,8.92,1.07,14.89,40.021375925763245,41.512587546578416
2019-06-11,15.28,21.33,7.81,1.21,26.14,40.021375925763245,41.512587546578416
2019-06-12,14.24,21.03,6.85,0.09,29.42,40.021375925763245,41.512587546578416
2019-06-13,14.72,19.79,9.37,0.08,23.7,40.021375925763245,41.512587546578416
2019-06-14,14.73,20.03,7.9,0.22,23.12,40.021375925763245,41.512587546578416
2019-06-15,14.85,20.72,6.97,0.43,25.63,40.021375925763245,41.512587546578416
2019-06-16,16.24,22.27,8.4,0.34,27.15,40.021375925763245,41.512587546578416
2019-06-17,15.63,21.15,10.47,6.62,21.31,40.021375925763245,41.512587546578416
2019-06-18,14.8,20.83,8.38,1.69,22.96,40.021375925763245,41.512587546578416
2019-06-19,15.06,20.06,9.09,0.99,25.55,40.021375925763245,41.512587546578416
2019-06-20,14.6,19.92,8.71,4.88,18.83,40.021375925763245,41.512587546578416
2019-06-21,14.26,18.48,9.36,3.28,21.48,40.021375925763245,41.512587546578416
2019-06-22,16.52,22.65,8.92,0.74,24.43,40.021375925763245,41.512587546578416
2019-06-23,17.62,24.54,9.76,0.24,25.51,40.021375925763245,41.512587546578416
2019-06-24,17.33,24.29,10.23,0.02,26.35,40.021375925763245,41.512587546578416
2019-06-25,18.09,25.23,10.64,0.03,27.54,40.021375925763245,41.512587546578416
2019-06-26,18.77,25.99,11.22,0.31,22.88,40.021375925763245,41.512587546578416
2019-06-27,18.19,25.44,11.05,0.19,24.2,40.021375925763245,41.512587546578416
2019-06-28,17.5,24.69,9.91,0.35,23.87,40.021375925763245,41.512587546578416
2019-06-29,13.93,20.5,7.22,2.15,12.95,40.021375925763245,41.512587546578416
2019-06-30,9.94,17.76,3.67,2.18,20.2,40.021375925763245,41.512587546578416
2019-07-01,8.84,16.58,2.73,0.87,26.63,40.021375925763245,41.512587546578416
2019-07-02,12.02,22.18,0.52,0.0,32.79,40.021375925763245,41.512587546578416
2019-07-03,14.92,23.17,5.49,0.0,30.07,40.021375925763245,41.512587546578416
2019-07-04,15.7,23.57,7.24,0.05,27.41,40.021375925763245,41.512587546578416
2019-07-05,15.01,21.3,8.99,0.48,22.03,40.021375925763245,41.512587546578416
2019-07-06,14.58,21.2,8.11,1.64,21.44,40.021375925763245,41.512587546578416
2019-07-07,15.33,23.09,7.71,0.8,26.88,40.021375925763245,41.512587546578416
2019-07-08,16.53,22.95,9.48,0.68,24.57,40.021375925763245,41.512587546578416
2019-07-09,15.13,22.1,9.09,0.02,27.26,40.021375925763245,41.512587546578416
2019-07-10,15.82,24.3,7.44,0.09,29.21,40.021375925763245,41.512587546578416
2019-07-11,17.67,25.15,9.03,0.12,27.01,40.021375925763245,41.512587546578416
2019-07-12,16.32,22.25,9.69,2.71,23.18,40.021375925763245,41.512587546578416
2019-07-13,14.07,20.74,8.86,2.0,23.31,40.021375925763245,41.512587546578416
2019-07-14,14.41,22.46,7.84,0.31,28.61,40.021375925763245,41.512587546578416
2019-07-15,15.39,22.97,6.91,0.09,26.65,40.021375925763245,41.512587546578416
2019-07-16,15.08,22.52,8.72,0.24,21.97,40.021375925763245,41.512587546578416
2019-07-17,16.51,24.63,8.17,0.02,26.21,40.021375925763245,41.512587546578416
2019-07-18,17.19,24.17,9.4,0.44,21.42,40.021375925763245,41.512587546578416
2019-07-19,16.88,25.57,9.23,0.22,24.41,40.021375925763245,41.512587546578416
2019-07-20,18.49,28.59,9.61,0.05,24.62,40.021375925763245,41.512587546578416
2019-07-21,20.68,31.29,10.57,0.23,25.21,40.021375925763245,41.512587546578416
2019-07-22,19.7,29.95,10.76,0.46,22.37,40.021375925763245,41.512587546578416
2019-07-23,19.72,29.32,11.56,0.08,21.77,40.021375925763245,41.512587546578416
2019-07-24,19.23,27.51,10.7,0.02,26.1,40.021375925763245,41.512587546578416
2019-07-25,17.75,25.85,11.36,1.08,22.15,40.021375925763245,41.512587546578416
2019-07-26,15.84,24.05,9.17,0.1,23.49,40.021375925763245,41.512587546578416
2019-07-27,16.53,26.19,7.91,0.02,27.43,40.021375925763245,41.512587546578416
2019-07-28,16.76,26.82,7.27,0.11,28.07,40.021375925763245,41.512587546578416
2019-07-29,18.55,27.85,9.33,0.0,28.91,40.021375925763245,41.512587546578416
2019-07-30,20.15,28.75,12.13,0.0,29.19,40.021375925763245,41.512587546578416
2019-07-31,20.88,29.58,13.43,0.11,26.93,40.021375925763245,41.512587546578416
2019-08-01,20.11,29.78,11.5,0.44,27.15,40.021375925763245,41.512587546578416
2019-08-02,17.85,26.51,11.38,0.86,24.67,40.021375925763245,41.512587546578416
2019-08-03,17.09,26.12,9.36,0.53,25.58,40.021375925763245,41.512587546578416
2019-08-04,17.93,27.11,10.18,0.44,27.64,40.021375925763245,41.512587546578416
2019-08-05,14.99,24.04,8.37,0.8,23.28,40.021375925763245,41.512587546578416
2019-08-06,14.47,24.54,6.17,0.13,24.19,40.021375925763245,41.512587546578416
2019-08-07,14.81,24.84,7.21,0.01,19.45,40.021375925763245,41.512587546578416
2019-08-08,16.2,25.8,7.88,0.0,24.81,40.021375925763245,41.512587546578416
2019-08-09,16.74,26.19,7.52,0.0,28.15,40.021375925763245,41.512587546578416
2019-08-10,17.32,27.32,8.43,0.01,27.06,40.021375925763245,41.512587546578416
2019-08-11,15.64,24.47,8.79,0.09,26.05,40.021375925763245,41.512587546578416
2019-08-12,16.85,27.82,7.7,0.0,27.92,40.021375925763245,41.512587546578416
2019-08-13,18.62,29.46,8.17,0.0,27.98,40.021375925763245,41.512587546578416
2019-08-14,22.0,31.21,12.4,0.0,28.31,40.021375925763245,41.512587546578416
2019-08-15,23.85,31.44,15.97,0.0,24.94,40.021375925763245,41.512587546578416
2019-08-16,22.77,30.54,16.48,0.21,18.18,40.021375925763245,41.512587546578416
2019-08-17,19.37,28.88,11.59,1.42,19.78,40.021375925763245,41.512587546578416
2019-08-18,19.4,29.01,10.32,0.12,24.7,40.021375925763245,41.512587546578416
2019-08-19,19.53,29.06,9.96,0.31,22.93,40.021375925763245,41.512587546578416
2019-08-20,20.52,29.66,11.4,0.06,20.84,40.021375925763245,41.512587546578416
2019-08-21,19.94,29.44,10.77,0.18,24.91,40.021375925763245,41.512587546578416
2019-08-22,19.18,27.74,12.02,0.24,25.56,40.021375925763245,41.512587546578416
2019-08-23,17.27,25.54,9.63,0.72,20.61,40.021375925763245,41.512587546578416
2019-08-24,16.05,23.48,9.53,3.72,12.04,40.021375925763245,41.512587546578416
2019-08-25,17.0,25.78,9.75,0.13,20.4,40.021375925763245,41.512587546578416
2019-08-26,17.77,26.18,9.28,1.19,21.99,40.021375925763245,41.512587546578416
2019-08-27,17.18,26.01,9.29,2.43,19.14,40.021375925763245,41.512587546578416
2019-08-28,16.45,23.9,10.48,2.2,21.74,40.021375925763245,41.512587546578416
2019-08-29,18.28,26.25,9.74,0.0,23.27,40.021375925763245,41.512587546578416
2019-08-30,16.9,22.99,11.61,3.68,13.11,40.021375925763245,41.512587546578416
2019-08-31,14.71,21.14,10.04,2.63,21.43,40.021375925763245,41.512587546578416
2019-09-01,15.84,23.95,6.83,0.26,23.74,40.021375925763245,41.512587546578416
2019-09-02,15.15,22.0,9.26,6.08,16.05,40.021375925763245,41.512587546578416
2019-09-03,14.07,23.21,6.82,0.04,23.06,40.021375925763245,41.512587546578416
2019-09-04,15.01,24.4,6.44,0.67,21.97,40.021375925763245,41.512587546578416
2019-09-05,15.3,23.86,7.12,0.75,19.55,40.021375925763245,41.512587546578416
2019-09-06,15.24,23.2,8.51,0.21,18.99,40.021375925763245,41.512587546578416
2019-09-07,13.54,21.69,8.11,0.32,18.69,40.021375925763245,41.512587546578416
2019-09-08,11.99,19.16,6.66,1.9,15.08,40.021375925763245,41.512587546578416
2019-09-09,11.7,18.74,6.67,4.52,14.07,40.021375925763245,41.512587546578416
2019-09-10,11.15,18.22,5.08,0.73,13.16,40.021375925763245,41.512587546578416
2019-09-11,11.87,19.56,5.55,0.0,18.46,40.021375925763245,41.512587546578416
2019-09-12,11.62,19.97,4.08,0.0,20.44,40.021375925763245,41.512587546578416
2019-09-13,11.87,20.15,4.59,0.02,20.89,40.021375925763245,41.512587546578416
2019-09-14,12.95,21.44,5.1,0.25,19.43,40.021375925763245,41.512587546578416
2019-09-15,12.13,18.48,5.91,5.72,10.17,40.021375925763245,41.512587546578416
2019-09-16,13.53,21.89,7.31,2.49,15.14,40.021375925763245,41.512587546578416
2019-09-17,11.83,17.39,7.08,6.32,11.44,40.021375925763245,41.512587546578416
2019-09-18,12.84,21.68,5.6,0.0,22.55,40.021375925763245,41.512587546578416
2019-09-19,14.5,21.84,8.87,0.0,22.15,40.021375925763245,41.512587546578416
2019-09-20,13.86,22.45,7.02,0.0,21.61,40.021375925763245,41.512587546578416
2019-09-21,8.32,17.24,0.13,4.69,11.39,40.021375925763245,41.512587546578416
2019-09-22,4.68,13.95,-2.31,0.57,21.06,40.021375925763245,41.512587546578416
2019-09-23,9.41,19.49,0.17,0.0,22.02,40.021375925763245,41.512587546578416
2019-09-24,10.63,18.94,4.04,0.0,21.8,40.021375925763245,41.512587546578416
2019-09-25,11.91,19.77,5.43,0.0,19.96,40.021375925763245,41.512587546578416
2019-09-26,12.04,19.67,5.65,0.02,13.2,40.021375925763245,41.512587546578416
2019-09-27,12.53,20.58,6.45,0.0,16.67,40.021375925763245,41.512587546578416
2019-09-28,10.13,16.02,3.85,5.73,11.07,40.021375925763245,41.512587546578416
2019-09-29,8.68,18.14,2.06,0.69,19.45,40.021375925763245,41.512587546578416
2019-09-30,11.17,20.17,3.62,0.0,19.95,40.021375925763245,41.512587546578416
2019-10-01,11.53,20.08,5.34,0.0,20.28,40.021375925763245,41.512587546578416
2019-10-02,12.21,21.38,4.94,0.0,19.85,40.021375925763245,41.512587546578416
2019-10-03,13.76,20.17,8.69,0.61,12.62,40.021375925763245,41.512587546578416
2019-10-04,12.15,19.77,6.03,0.0,16.77,40.021375925763245,41.512587546578416
2019-10-05,11.44,19.5,5.83,0.0,17.41,40.021375925763245,41.512587546578416
2019-10-06,10.67,17.57,4.38,3.52,15.2,40.021375925763245,41.512587546578416
2019-10-07,8.68,15.52,2.92,0.9,13.42,40.021375925763245,41.512587546578416
2019-10-08,10.06,17.22,3.53,0.04,14.78,40.021375925763245,41.512587546578416
2019-10-09,11.04,17.15,5.38,1.34,14.2,40.021375925763245,41.512587546578416
2019-10-10,12.63,20.68,6.24,0.0,16.55,40.021375925763245,41.512587546578416
2019-10-11,11.94,19.91,6.84,0.12,16.22,40.021375925763245,41.512587546578416
2019-10-12,7.22,14.45,-0.57,0.5,13.84,40.021375925763245,41.512587546578416
2019-10-13,7.15,17.52,-1.53,0.0,18.47,40.021375925763245,41.512587546578416
2019-10-14,11.1,19.83,3.78,0.0,18.03,40.021375925763245,41.512587546578416
2019-10-15,12.27,20.08,6.63,0.0,17.55,40.021375925763245,41.512587546578416
2019-10-16,12.32,18.99,7.12,0.0,17.14,40.021375925763245,41.512587546578416
2019-10-17,11.77,17.87,7.59,0.0,14.87,40.021375925763245,41.512587546578416
2019-10-18,10.08,16.84,5.48,0.12,13.26,40.021375925763245,41.512587546578416
2019-10-19,9.53,14.75,4.86,0.28,12.14,40.021375925763245,41.512587546578416
2019-10-20,8.11,12.57,5.22,2.15,10.16,40.021375925763245,41.512587546578416
2019-10-21,6.54,10.69,3.73,4.62,5.51,40.021375925763245,41.512587546578416
2019-10-22,5.99,10.21,2.47,1.12,9.89,40.021375925763245,41.512587546578416
2019-10-23,6.27,12.75,1.68,0.01,14.08,40.021375925763245,41.512587546578416
2019-10-24,6.6,14.05,0.1,0.0,15.04,40.021375925763245,41.512587546578416
2019-10-25,7.35,13.31,2.81,0.0,13.72,40.021375925763245,41.512587546578416
2019-10-26,6.18,13.11,1.42,1.35,12.36,40.021375925763245,41.512587546578416
2019-10-27,4.53,12.02,-0.28,0.37,12.74,40.021375925763245,41.512587546578416
2019-10-28,5.24,11.57,0.78,0.01,13.25,40.021375925763245,41.512587546578416
2019-10-29,4.11,7.83,1.94,3.69,8.87,40.021375925763245,41.512587546578416
2019-10-30,3.69,9.64,-0.28,1.68,7.97,40.021375925763245,41.512587546578416
2019-10-31,3.46,10.78,-1.18,0.38,12.84,40.021375925763245,41.512587546578416
2019-11-01,2.36,6.8,-1.84,6.07,6.14,40.021375925763245,41.512587546578416
2019-11-02,-2.46,1.92,-7.2,9.35,7.85,40.021375925763245,41.512587546578416
2019-11-03,-1.24,6.94,-7.15,0.05,12.11,40.021375925763245,41.512587546578416
2019-11-04,1.07,9.77,-4.3,0.0,12.07,40.021375925763245,41.512587546578416
2019-11-05,1.86,10.02,-2.52,0.0,10.91,40.021375925763245,41.512587546578416
2019-11-06,4.86,11.43,-0.4,0.0,12.44,40.021375925763245,41.512587546578416
2019-11-07,6.01,13.31,1.98,0.0,12.72,40.021375925763245,41.512587546578416
2019-11-08,6.98,14.98,1.87,0.0,12.92,40.021375925763245,41.512587546578416
2019-11-09,7.11,14.51,2.41,0.0,12.81,40.021375925763245,41.512587546578416
2019-11-10,5.22,12.57,1.13,0.0,12.66,40.021375925763245,41.512587546578416
2019-11-11,5.7,12.12,2.18,0.0,12.42,40.021375925763245,41.512587546578416
2019-11-12,4.89,11.71,0.52,0.0,11.24,40.021375925763245,41.512587546578416
2019-11-13,4.75,12.53,0.1,0.0,11.93,40.021375925763245,41.512587546578416
2019-11-14,4.64,12.2,0.27,0.0,11.83,40.021375925763245,41.512587546578416
2019-11-15,4.59,12.33,-0.28,0.0,11.94,40.021375925763245,41.512587546578416
2019-11-16,2.35,10.54,-3.1,0.0,11.8,40.021375925763245,41.512587546578416
2019-11-17,0.07,7.64,-4.57,0.0,12.0,40.021375925763245,41.512587546578416
2019-11-18,1.75,8.8,-1.49,0.0,11.42,40.021375925763245,41.512587546578416
2019-11-19,1.09,8.44,-2.27,0.0,10.66,40.021375925763245,41.512587546578416
2019-11-20,1.23,8.93,-2.62,0.0,10.96,40.021375925763245,41.512587546578416
2019-11-21,-0.9,5.85,-4.55,0.0,10.54,40.021375925763245,41.512587546578416
2019-11-22,-0.85,5.09,-4.15,0.14,10.38,40.021375925763245,41.512587546578416
2019-11-23,-1.2,4.28,-4.53,0.0,10.11,40.021375925763245,41.512587546578416
2019-11-24,-0.05,4.55,-2.58,0.0,7.83,40.021375925763245,41.512587546578416
2019-11-25,-1.11,4.26,-4.32,0.0,9.46,40.021375925763245,41.512587546578416
2019-11-26,-1.64,4.99,-6.49,0.22,7.46,40.021375925763245,41.512587546578416
2019-11-27,-0.74,2.5,-2.08,2.28,2.45,40.021375925763245,41.512587546578416
2019-11-28,-1.47,3.19,-3.99,3.22,4.96,40.021375925763245,41.512587546578416
2019-11-29,-2.05,3.4,-5.46,0.05,7.8,40.021375925763245,41.512587546578416
2019-11-30,-0.51,2.77,-2.76,3.46,2.84,40.021375925763245,41.512587546578416
2019-12-01,-0.73,2.15,-2.61,11.0,3.16,40.021375925763245,41.512587546578416
2019-12-02,-6.57,-3.1,-13.08,7.9,2.38,40.021375925763245,41.512587546578416
2019-12-03,-8.01,-0.09,-13.08,0.01,6.17,40.021375925763245,41.512587546578416
2019-12-04,-5.0,0.02,-8.11,2.97,4.14,40.021375925763245,41.512587546578416
2019-12-05,-7.99,-2.98,-13.46,3.97,5.52,40.021375925763245,41.512587546578416
2019-12-06,-9.74,-1.33,-15.08,0.19,5.67,40.021375925763245,41.512587546578416
2019-12-07,-7.96,-0.46,-12.47,0.0,6.99,40.021375925763245,41.512587546578416
2019-12-08,-6.5,-0.11,-10.67,0.0,6.79,40.021375925763245,41.512587546578416
2019-12-09,-9.44,-3.14,-13.39,0.02,7.34,40.021375925763245,41.512587546578416
2019-12-10,-7.86,-0.68,-13.39,0.34,9.17,40.021375925763245,41.512587546578416
2019-12-11,-7.19,-1.05,-10.85,0.13,8.07,40.021375925763245,41.512587546578416
2019-12-12,-7.53,-1.11,-14.11,1.2,7.08,40.021375925763245,41.512587546578416
2019-12-13,-4.95,0.2,-8.88,0.99,5.19,40.021375925763245,41.512587546578416
2019-12-14,-5.5,0.52,-10.05,0.73,4.55,40.021375925763245,41.512587546578416
2019-12-15,-3.9,0.49,-6.32,0.81,5.19,40.021375925763245,41.512587546578416
2019-12-16,-5.04,0.35,-9.66,1.69,5.22,40.021375925763245,41.512587546578416
2019-12-17,-5.6,1.29,-11.22,0.0,8.82,40.021375925763245,41.512587546578416
2019-12-18,-3.5,2.54,-6.84,0.0,9.38,40.021375925763245,41.512587546578416
2019-12-19,-1.5,4.72,-5.37,0.0,9.68,40.021375925763245,41.512587546578416
2019-12-20,-1.52,4.6,-4.49,0.0,9.27,40.021375925763245,41.512587546578416
2019-12-21,-1.47,5.08,-5.1,0.0,7.88,40.021375925763245,41.512587546578416
2019-12-22,-3.54,2.75,-7.07,0.0,6.26,40.021375925763245,41.512587546578416
2019-12-23,-4.46,1.43,-8.37,0.0,5.88,40.021375925763245,41.512587546578416
2019-12-24,-4.52,1.23,-8.82,0.0,5.27,40.021375925763245,41.512587546578416
2019-12-25,-3.79,1.6,-6.72,0.37,5.72,40.021375925763245,41.512587546578416
2019-12-26,-3.62,0.54,-6.63,1.69,3.14,40.021375925763245,41.512587546578416
2019-12-27,-4.05,-0.78,-7.93,4.32,4.68,40.021375925763245,41.512587546578416
2019-12-28,-5.85,-2.21,-8.77,0.46,4.04,40.021375925763245,41.512587546578416
2019-12-29,-6.23,-1.27,-10.37,1.2,5.22,40.021375925763245,41.512587546578416
2019-12-30,-4.68,-0.29,-8.15,0.46,5.45,40.021375925763245,41.512587546578416
2019-12-31,-5.06,-0.08,-8.19,0.28,8.72,40.021375925763245,41.512587546578416
2020-01-01,-7.05,-2.46,-10.44,3.66,6.86,40.021375925763245,41.512587546578416
2020-01-02,-8.13,-4.11,-10.7,1.63,6.4,40.021375925763245,41.512587546578416
2020-01-03,-8.4,-4.17,-12.32,1.24,7.27,40.021375925763245,41.512587546578416
2020-01-04,-7.49,-3.07,-11.02,1.19,5.6,40.021375925763245,41.512587546578416
2020-01-05,-8.86,-3.46,-12.09,0.02,8.8,40.021375925763245,41.512587546578416
2020-01-06,-10.24,-3.37,-13.88,0.4,8.38,40.021375925763245,41.512587546578416
2020-01-07,-9.63,-2.23,-13.77,9.19,5.9,40.021375925763245,41.512587546578416
2020-01-08,-7.93,-2.41,-12.59,0.68,6.64,40.021375925763245,41.512587546578416
2020-01-09,-10.52,-4.37,-14.35,1.72,6.07,40.021375925763245,41.512587546578416
2020-01-10,-12.22,-5.46,-17.27,1.01,6.25,40.021375925763245,41.512587546578416
2020-01-11,-11.36,-4.48,-15.56,0.25,9.48,40.021375925763245,41.512587546578416
2020-01-12,-7.62,-1.38,-13.22,3.06,6.5,40.021375925763245,41.512587546578416
2020-01-13,-12.5,-6.58,-17.51,2.48,7.91,40.021375925763245,41.512587546578416
2020-01-14,-10.06,-2.08,-17.37,0.0,10.66,40.021375925763245,41.512587546578416
2020-01-15,-7.5,-1.79,-12.39,0.03,10.61,40.021375925763245,41.512587546578416
2020-01-16,-12.28,-4.84,-17.19,0.01,10.39,40.021375925763245,41.512587546578416
2020-01-17,-12.59,-4.12,-17.57,0.01,10.87,40.021375925763245,41.512587546578416
2020-01-18,-13.05,-5.41,-17.98,0.69,10.8,40.021375925763245,41.512587546578416
2020-01-19,-10.35,-3.05,-15.19,0.14,8.81,40.021375925763245,41.512587546578416
2020-01-20,-8.58,-2.83,-12.6,1.09,9.48,40.021375925763245,41.512587546578416
2020-01-21,-12.6,-6.09,-17.96,1.91,9.42,40.021375925763245,41.512587546578416
2020-01-22,-13.67,-6.73,-19.46,0.12,10.12,40.021375925763245,41.512587546578416
2020-01-23,-10.47,-4.29,-16.13,3.43,7.12,40.021375925763245,41.512587546578416
2020-01-24,-15.38,-9.73,-20.99,2.65,10.46,40.021375925763245,41.512587546578416
2020-01-25,-14.4,-4.25,-20.92,0.12,11.85,40.021375925763245,41.512587546578416
2020-01-26,-11.22,-3.36,-15.76,0.0,11.43,40.021375925763245,41.512587546578416
2020-01-27,-8.38,0.26,-13.92,0.0,12.22,40.021375925763245,41.512587546578416
2020-01-28,-6.43,-0.54,-10.91,0.0,10.55,40.021375925763245,41.512587546578416
2020-01-29,-7.59,-2.13,-12.69,0.03,9.31,40.021375925763245,41.512587546578416
2020-01-30,-6.88,-1.58,-13.01,0.8,6.83,40.021375925763245,41.512587546578416
2020-01-31,-4.97,-1.73,-9.98,11.46,2.62,40.021375925763245,41.512587546578416
2020-02-01,-11.52,-6.48,-19.04,2.64,10.75,40.021375925763245,41.512587546578416
2020-02-02,-12.55,-3.92,-19.05,0.18,11.08,40.021375925763245,41.512587546578416
2020-02-03,-10.13,-2.7,-14.56,0.09,9.45,40.021375925763245,41.512587546578416
2020-02-04,-9.06,-4.63,-12.83,3.54,7.09,40.021375925763245,41.512587546578416
2020-02-05,-6.92,-2.05,-12.35,0.79,5.82,40.021375925763245,41.512587546578416
2020-02-06,-4.25,-0.83,-7.22,0.07,10.56,40.021375925763245,41.512587546578416
2020-02-07,-4.61,-1.86,-9.57,5.56,7.4,40.021375925763245,41.512587546578416
2020-02-08,-10.56,-5.85,-17.33,8.14,1.42,40.021375925763245,41.512587546578416
2020-02-09,-19.05,-15.89,-24.43,2.75,13.36,40.021375925763245,41.512587546578416
2020-02-10,-22.96,-15.98,-28.02,0.39,13.87,40.021375925763245,41.512587546578416
2020-02-11,-19.13,-10.51,-26.51,0.31,15.15,40.021375925763245,41.512587546578416
2020-02-12,-15.09,-10.32,-20.41,3.95,9.63,40.021375925763245,41.512587546578416
2020-02-13,-14.51,-9.5,-19.54,2.81,11.39,40.021375925763245,41.512587546578416
2020-02-14,-15.66,-8.39,-20.58,1.46,15.02,40.021375925763245,41.512587546578416
2020-02-15,-10.69,-3.34,-19.94,0.0,12.85,40.021375925763245,41.512587546578416
2020-02-16,-9.47,-1.89,-16.53,0.01,14.67,40.021375925763245,41.512587546578416
2020-02-17,-11.81,-3.47,-18.25,0.39,13.69,40.021375925763245,41.512587546578416
2020-02-18,-8.37,-0.22,-14.97,0.02,14.83,40.021375925763245,41.512587546578416
2020-02-19,-5.14,0.32,-11.55,0.02,13.9,40.021375925763245,41.512587546578416
2020-02-20,-5.03,0.11,-9.73,0.0,13.68,40.021375925763245,41.512587546578416
2020-02-21,-6.22,-0.21,-12.42,0.11,13.92,40.021375925763245,41.512587546578416
2020-02-22,-3.42,0.41,-7.73,2.38,12.83,40.021375925763245,41.512587546578416
2020-02-23,-4.61,-0.01,-8.32,0.44,13.68,40.021375925763245,41.512587546578416
2020-02-24,-5.18,0.03,-11.11,0.41,14.67,40.021375925763245,41.512587546578416
2020-02-25,-7.27,-2.72,-16.07,3.44,13.56,40.021375925763245,41.512587546578416
2020-02-26,-8.24,0.6,-16.39,0.0,18.16,40.021375925763245,41.512587546578416
2020-02-27,-5.12,1.97,-11.3,0.0,17.91,40.021375925763245,41.512587546578416
2020-02-28,-3.12,1.38,-6.28,0.13,14.0,40.021375925763245,41.512587546578416
2020-02-29,-1.85,1.8,-5.74,5.84,13.28,40.021375925763245,41.512587546578416
2020-03-01,-4.75,-1.82,-8.42,3.64,10.94,40.021375925763245,41.512587546578416
2020-03-02,-6.33,0.88,-12.23,0.0,15.15,40.021375925763245,41.512587546578416
2020-03-03,-3.34,3.09,-10.06,0.0,18.56,40.021375925763245,41.512587546578416
2020-03-04,-0.44,6.0,-4.54,0.0,19.49,40.021375925763245,41.512587546578416
2020-03-05,-0.32,6.16,-4.21,0.0,18.28,40.021375925763245,41.512587546578416
2020-03-06,1.09,6.26,-3.0,0.0,11.48,40.021375925763245,41.512587546578416
2020-03-07,2.59,7.91,-1.1,0.01,10.9,40.021375925763245,41.512587546578416
2020-03-08,2.48,8.89,-2.54,0.0,18.06,40.021375925763245,41.512587546578416
2020-03-09,2.7,10.08,-2.59,0.0,19.36,40.021375925763245,41.512587546578416
2020-03-10,2.67,10.8,-3.19,0.0,19.4,40.021375925763245,41.512587546578416
2020-03-11,2.14,8.01,-1.8,2.01,15.34,40.021375925763245,41.512587546578416
2020-03-12,2.71,8.53,-2.64,0.4,16.87,40.021375925763245,41.512587546578416
2020-03-13,2.47,7.6,-0.8,2.48,10.44,40.021375925763245,41.512587546578416
2020-03-14,1.79,6.01,-1.42,3.16,8.1,40.021375925763245,41.512587546578416
2020-03-15,2.6,9.13,-2.37,0.89,16.56,40.021375925763245,41.512587546578416
2020-03-16,-0.45,2.61,-5.14,11.33,9.67,40.021375925763245,41.512587546578416
2020-03-17,-0.18,4.35,-4.06,8.0,6.85,40.021375925763245,41.512587546578416
2020-03-18,-0.94,2.74,-4.79,5.59,4.14,40.021375925763245,41.512587546578416
2020-03-19,-2.03,2.59,-5.05,0.79,9.82,40.021375925763245,41.512587546578416
2020-03-20,-2.33,1.23,-5.48,2.94,13.47,40.021375925763245,41.512587546578416
2020-03-21,-2.14,2.56,-6.14,0.1,13.67,40.021375925763245,41.512587546578416
2020-03-22,0.05,6.73,-5.45,0.0,21.59,40.021375925763245,41.512587546578416
2020-03-23,1.55,8.86,-3.53,0.0,22.0,40.021375925763245,41.512587546578416
2020-03-24,1.07,5.41,-2.48,0.05,19.73,40.021375925763245,41.512587546578416
2020-03-25,1.3,6.55,-2.33,0.91,15.69,40.021375925763245,41.512587546578416
2020-03-26,0.57,4.85,-1.88,2.83,12.1,40.021375925763245,41.512587546578416
2020-03-27,1.64,7.2,-2.79,1.42,9.46,40.021375925763245,41.512587546578416
2020-03-28,2.05,7.82,-1.58,1.68,7.32,40.021375925763245,41.512587546578416
2020-03-29,0.21,3.33,-2.98,6.21,10.98,40.021375925763245,41.512587546578416
2020-03-30,-1.15,2.11,-4.37,3.77,11.45,40.021375925763245,41.512587546578416
2020-03-31,-0.31,5.24,-4.92,1.03,17.81,40.021375925763245,41.512587546578416
2020-04-01,-0.59,3.59,-3.74,15.57,6.65,40.021375925763245,41.512587546578416
2020-04-02,-1.19,4.04,-5.58,1.37,12.03,40.021375925763245,41.512587546578416
2020-04-03,-0.67,3.78,-4.6,3.74,12.16,40.021375925763245,41.512587546578416
2020-04-04,0.92,6.29,-3.68,1.74,17.31,40.021375925763245,41.512587546578416
2020-04-05,2.65,10.27,-2.23,0.06,16.65,40.021375925763245,41.512587546578416
2020-04-06,2.77,8.45,-1.11,0.88,7.5,40.021375925763245,41.512587546578416
2020-04-07,1.5,7.77,-4.72,0.37,11.67,40.021375925763245,41.512587546578416
2020-04-08,1.08,10.07,-5.46,0.0,19.0,40.021375925763245,41.512587546578416
2020-04-09,2.37,8.74,-3.91,0.34,21.39,40.021375925763245,41.512587546578416
2020-04-10,1.79,7.05,-3.26,1.24,16.98,40.021375925763245,41.512587546578416
2020-04-11,0.4,7.37,-6.54,0.58,18.84,40.021375925763245,41.512587546578416
2020-04-12,-1.64,5.77,-7.42,0.0,18.6,40.021375925763245,41.512587546578416
2020-04-13,0.65,8.73,-7.62,0.0,26.69,40.021375925763245,41.512587546578416
2020-04-14,3.39,10.89,-2.24,0.0,26.59,40.021375925763245,41.512587546578416
2020-04-15,4.44,11.82,-2.46,0.51,20.82,40.021375925763245,41.512587546578416
2020-04-16,3.55,8.87,-1.66,3.63,16.43,40.021375925763245,41.512587546578416
2020-04-17,5.51,13.59,-2.5,0.07,25.85,40.021375925763245,41.512587546578416
2020-04-18,6.88,14.54,-0.2,0.24,23.88,40.021375925763245,41.512587546578416
2020-04-19,5.89,11.05,1.12,2.2,20.57,40.021375925763245,41.512587546578416
2020-04-20,4.77,9.93,-0.73,1.3,15.63,40.021375925763245,41.512587546578416
2020-04-21,5.08,9.02,2.02,9.74,14.24,40.021375925763245,41.512587546578416
2020-04-22,4.76,9.95,0.94,4.68,11.03,40.021375925763245,41.512587546578416
2020-04-23,0.85,6.2,-4.81,4.79,8.76,40.021375925763245,41.512587546578416
2020-04-24,1.09,8.8,-6.33,0.23,17.76,40.021375925763245,41.512587546578416
2020-04-25,2.0,8.0,-2.52,6.46,10.38,40.021375925763245,41.512587546578416
2020-04-26,3.02,9.82,-2.15,3.11,21.05,40.021375925763245,41.512587546578416
2020-04-27,3.5,9.73,-2.04,0.29,19.97,40.021375925763245,41.512587546578416
2020-04-28,3.4,8.18,-1.35,1.24,20.53,40.021375925763245,41.512587546578416
2020-04-29,5.0,12.26,-2.53,1.73,24.26,40.021375925763245,41.512587546578416
2020-04-30,5.58,10.38,0.93,0.66,20.18,40.021375925763245,41.512587546578416
2020-05-01,4.54,9.52,0.25,4.15,14.96,40.021375925763245,41.512587546578416
2020-05-02,3.32,7.16,0.0,2.09,16.26,40.021375925763245,41.512587546578416
2020-05-03,5.06,10.76,-0.31,1.58,20.72,40.021375925763245,41.512587546578416
2020-05-04,5.66,10.32,1.57,3.72,10.94,40.021375925763245,41.512587546578416
2020-05-05,6.46,12.47,0.31,1.32,11.3,40.021375925763245,41.512587546578416
2020-05-06,4.78,10.28,-0.91,6.93,5.41,40.021375925763245,41.512587546578416
2020-05-07,5.1,12.84,-2.09,0.21,25.61,40.021375925763245,41.512587546578416
2020-05-08,6.26,11.62,1.65,4.53,13.28,40.021375925763245,41.512587546578416
2020-05-09,2.47,4.98,-0.76,37.61,5.83,40.021375925763245,41.512587546578416
2020-05-10,0.86,7.04,-4.08,1.77,13.93,40.021375925763245,41.512587546578416
2020-05-11,2.86,10.02,-4.52,0.0,25.83,40.021375925763245,41.512587546578416
2020-05-12,7.22,15.15,-1.31,0.0,30.14,40.021375925763245,41.512587546578416
2020-05-13,8.95,16.22,2.48,0.43,22.58,40.021375925763245,41.512587546578416
2020-05-14,9.24,17.13,1.65,0.0,28.55,40.021375925763245,41.512587546578416
2020-05-15,11.24,18.39,4.88,0.0,28.01,40.021375925763245,41.512587546578416
2020-05-16,12.76,20.32,6.02,0.0,26.59,40.021375925763245,41.512587546578416
2020-05-17,9.72,17.42,2.75,0.0,27.07,40.021375925763245,41.512587546578416
2020-05-18,11.44,19.32,5.19,0.08,24.12,40.021375925763245,41.512587546578416
2020-05-19,9.03,16.65,2.54,0.0,29.84,40.021375925763245,41.512587546578416
2020-05-20,11.32,19.46,2.17,0.0,29.4,40.021375925763245,41.512587546578416
2020-05-21,14.33,21.68,8.05,0.0,28.8,40.021375925763245,41.512587546578416
2020-05-22,13.03,18.67,7.32,0.34,21.98,40.021375925763245,41.512587546578416
2020-05-23,9.77,14.29,2.57,4.6,17.71,40.021375925763245,41.512587546578416
2020-05-24,3.57,11.3,-1.41,33.68,7.03,40.021375925763245,41.512587546578416
2020-05-25,3.83,7.85,-0.79,5.8,7.14,40.021375925763245,41.512587546578416
2020-05-26,7.74,16.54,-1.36,0.0,28.61,40.021375925763245,41.512587546578416
2020-05-27,11.01,18.87,2.78,0.0,29.62,40.021375925763245,41.512587546578416
2020-05-28,12.81,20.51,5.41,0.0,24.31,40.021375925763245,41.512587546578416
2020-05-29,11.8,18.98,3.04,0.0,27.99,40.021375925763245,41.512587546578416
2020-05-30,9.51,17.1,2.34,0.01,30.25,40.021375925763245,41.512587546578416
2020-05-31,10.63,17.97,3.25,0.0,31.2,40.021375925763245,41.512587546578416
2020-06-01,10.93,17.06,4.38,0.01,22.25,40.021375925763245,41.512587546578416
2020-06-02,11.15,17.04,5.41,0.04,22.34,40.021375925763245,41.512587546578416
2020-06-03,9.61,15.46,3.68,0.62,17.5,40.021375925763245,41.512587546578416
2020-06-04,9.65,16.71,2.08,0.02,28.34,40.021375925763245,41.512587546578416
2020-06-05,10.45,16.14,3.93,0.25,26.77,40.021375925763245,41.512587546578416
2020-06-06,13.23,19.75,5.91,0.0,32.21,40.021375925763245,41.512587546578416
2020-06-07,14.79,21.22,6.15,0.0,32.58,40.021375925763245,41.512587546578416
2020-06-08,15.75,22.21,8.49,0.07,29.15,40.021375925763245,41.512587546578416
2020-06-09,16.41,22.69,8.29,0.21,25.27,40.021375925763245,41.512587546578416
2020-06-10,16.18,22.89,9.62,3.15,22.35,40.021375925763245,41.512587546578416
2020-06-11,15.29,21.38,7.5,0.01,25.23,40.021375925763245,41.512587546578416
2020-06-12,13.8,20.7,6.29,0.36,23.84,40.021375925763245,41.512587546578416
2020-06-13,12.47,19.42,6.17,0.23,25.53,40.021375925763245,41.512587546578416
2020-06-14,10.95,16.56,3.68,2.18,18.63,40.021375925763245,41.512587546578416
2020-06-15,12.46,18.69,5.85,1.72,26.08,40.021375925763245,41.512587546578416
2020-06-16,14.62,21.57,6.27,0.21,26.04,40.021375925763245,41.512587546578416
2020-06-17,14.82,21.9,7.66,4.01,21.9,40.021375925763245,41.512587546578416
2020-06-18,14.24,19.82,7.71,4.11,24.2,40.021375925763245,41.512587546578416
2020-06-19,13.76,20.62,5.99,2.03,22.64,40.021375925763245,41.512587546578416
2020-06-20,12.16,17.05,7.03,4.01,15.95,40.021375925763245,41.512587546578416
2020-06-21,11.11,15.29,6.97,4.48,19.42,40.021375925763245,41.512587546578416
2020-06-22,13.67,20.06,6.11,2.5,28.94,40.021375925763245,41.512587546578416
2020-06-23,15.8,21.82,9.52,1.94,28.33,40.021375925763245,41.512587546578416
2020-06-24,16.15,23.1,9.53,0.07,29.71,40.021375925763245,41.512587546578416
2020-06-25,13.77,21.39,6.12,0.45,25.75,40.021375925763245,41.512587546578416
2020-06-26,15.44,23.81,5.48,0.1,28.97,40.021375925763245,41.512587546578416
2020-06-27,14.89,21.05,8.82,1.72,15.53,40.021375925763245,41.512587546578416
2020-06-28,14.14,20.95,8.33,0.17,23.8,40.021375925763245,41.512587546578416
2020-06-29,14.52,22.38,6.96,0.0,29.82,40.021375925763245,41.512587546578416
2020-06-30,14.04,20.68,6.82,0.15,25.89,40.021375925763245,41.512587546578416
2020-07-01,13.14,17.69,8.19,0.72,18.59,40.021375925763245,41.512587546578416
2020-07-02,15.14,22.03,6.89,0.11,24.88,40.021375925763245,41.512587546578416
2020-07-03,16.91,22.98,9.54,0.02,24.25,40.021375925763245,41.512587546578416
2020-07-04,16.98,23.02,10.38,4.99,24.98,40.021375925763245,41.512587546578416
2020-07-05,16.65,22.96,9.75,0.04,27.59,40.021375925763245,41.512587546578416
2020-07-06,17.36,23.97,9.52,0.13,26.87,40.021375925763245,41.512587546578416
2020-07-07,18.73,25.31,10.07,0.31,27.54,40.021375925763245,41.512587546578416
2020-07-08,18.86,26.43,12.55,1.1,23.4,40.021375925763245,41.512587546578416
2020-07-09,15.07,20.3,10.49,1.38,23.47,40.021375925763245,41.512587546578416
2020-07-10,15.03,20.77,9.45,1.31,22.41,40.021375925763245,41.512587546578416
2020-07-11,15.03,21.06,9.18,8.64,21.87,40.021375925763245,41.512587546578416
2020-07-12,15.98,22.24,9.4,0.38,20.72,40.021375925763245,41.512587546578416
2020-07-13,14.99,20.85,9.73,4.8,21.0,40.021375925763245,41.512587546578416
2020-07-14,14.58,21.44,7.9,0.14,25.07,40.021375925763245,41.512587546578416
2020-07-15,16.62,24.57,8.56,0.27,26.7,40.021375925763245,41.512587546578416
2020-07-16,17.39,24.75,8.84,0.5,28.2,40.021375925763245,41.512587546578416
2020-07-17,18.6,25.96,11.22,1.47,22.61,40.021375925763245,41.512587546578416
2020-07-18,19.55,27.75,9.82,0.04,26.87,40.021375925763245,41.512587546578416
2020-07-19,21.37,28.78,13.38,0.03,27.06,40.021375925763245,41.512587546578416
2020-07-20,22.02,29.99,13.78,0.0,29.76,40.021375925763245,41.512587546578416
2020-07-21,18.56,27.57,11.55,1.07,23.85,40.021375925763245,41.512587546578416
2020-07-22,16.23,23.9,9.9,0.38,22.95,40.021375925763245,41.512587546578416
2020-07-23,17.47,25.15,10.02,1.2,25.35,40.021375925763245,41.512587546578416
2020-07-24,19.2,27.35,11.03,1.35,24.42,40.021375925763245,41.512587546578416
2020-07-25,20.48,29.1,11.65,0.35,26.08,40.021375925763245,41.512587546578416
2020-07-26,20.0,27.61,13.05,0.28,25.23,40.021375925763245,41.512587546578416
2020-07-27,20.74,28.65,13.09,0.0,27.55,40.021375925763245,41.512587546578416
2020-07-28,20.04,26.74,13.73,1.47,23.25,40.021375925763245,41.512587546578416
2020-07-29,18.9,27.06,12.24,1.17,24.3,40.021375925763245,41.512587546578416
2020-07-30,17.39,26.0,9.58,0.01,26.59,40.021375925763245,41.512587546578416
2020-07-31,18.21,26.53,10.23,0.1,24.94,40.021375925763245,41.512587546578416
2020-08-01,18.1,27.03,10.6,1.03,20.42,40.021375925763245,41.512587546578416
2020-08-02,15.93,23.67,9.98,4.58,17.33,40.021375925763245,41.512587546578416
2020-08-03,14.45,22.89,7.81,0.55,24.69,40.021375925763245,41.512587546578416
2020-08-04,16.26,25.65,7.09,0.0,28.05,40.021375925763245,41.512587546578416
2020-08-05,16.27,25.37,8.3,0.0,28.35,40.021375925763245,41.512587546578416
2020-08-06,16.64,26.04,8.07,0.0,27.69,40.021375925763245,41.512587546578416
2020-08-07,17.23,25.67,8.73,0.0,27.3,40.021375925763245,41.512587546578416
2020-08-08,17.69,26.14,9.21,0.12,27.9,40.021375925763245,41.512587546578416
2020-08-09,18.86,27.14,10.39,0.12,24.51,40.021375925763245,41.512587546578416
2020-08-10,19.7,27.82,11.76,1.22,22.57,40.021375925763245,41.512587546578416
2020-08-11,16.0,22.9,10.97,6.07,16.71,40.021375925763245,41.512587546578416
2020-08-12,15.58,23.49,9.2,0.16,23.05,40.021375925763245,41.512587546578416
2020-08-13,15.39,22.62,9.94,0.5,19.32,40.021375925763245,41.512587546578416
2020-08-14,13.5,20.94,8.15,2.16,20.91,40.021375925763245,41.512587546578416
2020-08-15,12.71,21.08,6.92,0.24,22.11,40.021375925763245,41.512587546578416
2020-08-16,14.87,25.0,5.31,0.24,24.73,40.021375925763245,41.512587546578416
2020-08-17,14.72,23.22,7.48,0.54,21.15,40.021375925763245,41.512587546578416
2020-08-18,16.37,25.65,7.56,0.03,22.9,40.021375925763245,41.512587546578416
2020-08-19,17.43,26.48,8.5,0.0,22.72,40.021375925763245,41.512587546578416
2020-08-20,18.84,27.93,10.49,0.0,26.52,40.021375925763245,41.512587546578416
2020-08-21,17.52,26.37,10.79,0.44,21.73,40.021375925763245,41.512587546578416
2020-08-22,12.68,18.87,9.31,3.55,15.63,40.021375925763245,41.512587546578416
2020-08-23,11.33,17.81,5.4,4.33,12.86,40.021375925763245,41.512587546578416
2020-08-24,11.49,20.33,4.23,0.13,24.82,40.021375925763245,41.512587546578416
2020-08-25,14.27,23.56,5.06,0.0,27.1,40.021375925763245,41.512587546578416
2020-08-26,15.67,24.89,7.89,0.0,26.26,40.021375925763245,41.512587546578416
2020-08-27,14.96,23.89,6.42,0.0,23.49,40.021375925763245,41.512587546578416
2020-08-28,15.7,25.05,7.79,0.0,24.51,40.021375925763245,41.512587546578416
2020-08-29,16.0,26.07,7.62,0.0,25.89,40.021375925763245,41.512587546578416
2020-08-30,17.5,27.73,7.97,0.0,25.98,40.021375925763245,41.512587546578416
2020-08-31,18.91,28.08,11.07,0.0,25.58,40.021375925763245,41.512587546578416
2020-09-01,19.87,28.05,11.59,0.0,22.01,40.021375925763245,41.512587546578416
2020-09-02,18.71,25.5,12.69,0.01,17.05,40.021375925763245,41.512587546578416
2020-09-03,17.93,25.86,11.68,0.0,23.88,40.021375925763245,41.512587546578416
2020-09-04,18.65,26.55,11.74,0.0,24.62,40.021375925763245,41.512587546578416
2020-09-05,19.12,27.48,11.7,0.23,20.34,40.021375925763245,41.512587546578416
2020-09-06,18.26,26.52,11.73,0.43,20.93,40.021375925763245,41.512587546578416
2020-09-07,17.22,25.71,10.44,0.53,21.3,40.021375925763245,41.512587546578416
2020-09-08,15.76,25.21,8.6,0.13,22.45,40.021375925763245,41.512587546578416
2020-09-09,13.92,22.76,7.85,0.5,19.53,40.021375925763245,41.512587546578416
2020-09-10,15.47,24.57,8.01,0.0,22.53,40.021375925763245,41.512587546578416
2020-09-11,17.54,26.05,10.25,0.1,19.67,40.021375925763245,41.512587546578416
2020-09-12,18.25,25.93,12.03,0.0,21.2,40.021375925763245,41.512587546578416
2020-09-13,19.53,26.78,13.32,0.0,21.09,40.021375925763245,41.512587546578416
2020-09-14,19.02,27.25,12.05,0.09,19.71,40.021375925763245,41.512587546578416
2020-09-15,16.63,25.67,9.53,0.28,21.44,40.021375925763245,41.512587546578416
2020-09-16,15.29,25.02,8.18,0.06,21.92,40.021375925763245,41.512587546578416
2020-09-17,16.67,26.51,8.09,0.0,21.89,40.021375925763245,41.512587546578416
2020-09-18,16.46,24.76,10.32,0.08,21.65,40.021375925763245,41.512587546578416
2020-09-19,12.88,19.93,7.57,4.3,15.46,40.021375925763245,41.512587546578416
2020-09-20,12.7,22.04,5.56,0.32,20.62,40.021375925763245,41.512587546578416
2020-09-21,13.96,22.64,5.56,0.01,15.72,40.021375925763245,41.512587546578416
2020-09-22,14.41,21.88,8.62,0.19,13.81,40.021375925763245,41.512587546578416
2020-09-23,13.74,22.55,5.91,0.04,17.55,40.021375925763245,41.512587546578416
2020-09-24,15.27,22.85,9.34,0.35,17.62,40.021375925763245,41.512587546578416
2020-09-25,14.51,20.0,9.8,9.67,14.61,40.021375925763245,41.512587546578416
2020-09-26,12.22,17.32,7.87,13.72,13.52,40.021375925763245,41.512587546578416
2020-09-27,12.93,20.95,6.68,0.01,20.02,40.021375925763245,41.512587546578416
2020-09-28,13.45,21.74,7.4,0.0,19.49,40.021375925763245,41.512587546578416
2020-09-29,13.32,20.99,6.29,0.0,19.24,40.021375925763245,41.512587546578416
2020-09-30,13.71,20.08,8.92,0.71,14.17,40.021375925763245,41.512587546578416
2020-10-01,12.18,19.7,6.32,1.01,17.22,40.021375925763245,41.512587546578416
2020-10-02,10.52,18.12,4.16,2.31,15.08,40.021375925763245,41.512587546578416
2020-10-03,10.09,17.92,3.95,0.05,17.64,40.021375925763245,41.512587546578416
2020-10-04,9.78,18.14,3.07,0.08,14.69,40.021375925763245,41.512587546578416
2020-10-05,8.32,15.97,3.3,0.8,9.91,40.021375925763245,41.512587546578416
2020-10-06,6.94,15.23,1.31,0.0,13.28,40.021375925763245,41.512587546578416
2020-10-07,6.42,14.82,-0.9,0.0,17.23,40.021375925763245,41.512587546578416
2020-10-08,6.92,16.39,-0.04,0.0,18.97,40.021375925763245,41.512587546578416
2020-10-09,8.38,18.79,-0.97,0.0,18.44,40.021375925763245,41.512587546578416
2020-10-10,10.23,19.07,2.32,0.0,17.9,40.021375925763245,41.512587546578416
2020-10-11,11.27,18.27,5.48,0.0,13.13,40.021375925763245,41.512587546578416
2020-10-12,11.83,19.06,7.03,0.0,17.19,40.021375925763245,41.512587546578416
2020-10-13,12.31,20.12,6.96,0.0,17.47,40.021375925763245,41.512587546578416
2020-10-14,12.04,19.06,6.17,0.0,15.87,40.021375925763245,41.512587546578416
2020-10-15,11.66,19.25,5.83,0.0,16.63,40.021375925763245,41.512587546578416
2020-10-16,11.82,19.31,6.02,0.0,16.9,40.021375925763245,41.512587546578416
2020-10-17,12.0,19.28,6.96,0.0,16.69,40.021375925763245,41.512587546578416
2020-10-18,10.82,18.35,6.13,0.0,16.29,40.021375925763245,41.512587546578416
2020-10-19,9.38,17.12,4.06,0.15,14.78,40.021375925763245,41.512587546578416
2020-10-20,8.22,15.33,3.72,3.9,7.28,40.021375925763245,41.512587546578416
2020-10-21,7.29,13.79,2.51,1.18,11.91,40.021375925763245,41.512587546578416
2020-10-22,8.8,16.53,3.12,0.0,15.73,40.021375925763245,41.512587546578416
2020-10-23,9.69,18.05,3.19,0.0,15.85,40.021375925763245,41.512587546578416
2020-10-24,11.18,18.4,5.89,0.0,15.14,40.021375925763245,41.512587546578416
2020-10-25,10.09,15.07,6.13,0.0,11.88,40.021375925763245,41.512587546578416
2020-10-26,9.0,16.3,3.54,0.0,14.63,40.021375925763245,41.512587546578416
2020-10-27,8.71,16.66,3.07,0.0,14.18,40.021375925763245,41.512587546578416
2020-10-28,9.09,17.04,4.5,0.0,13.3,40.021375925763245,41.512587546578416
2020-10-29,8.21,17.06,2.24,0.02,13.4,40.021375925763245,41.512587546578416
2020-10-30,8.23,14.53,2.85,0.0,11.11,40.021375925763245,41.512587546578416
2020-10-31,8.03,13.22,4.7,0.0,6.16,40.021375925763245,41.512587546578416
2020-11-01,5.48,12.38,0.75,1.44,9.21,40.021375925763245,41.512587546578416
2020-11-02,3.78,7.98,1.83,10.21,3.93,40.021375925763245,41.512587546578416
2020-11-03,3.65,8.97,0.5,0.93,4.22,40.021375925763245,41.512587546578416
2020-11-04,4.0,8.11,1.06,7.15,4.4,40.021375925763245,41.512587546578416
2020-11-05,4.69,9.33,1.72,4.99,7.58,40.021375925763245,41.512587546578416
2020-11-06,2.23,6.05,-2.14,9.25,4.1,40.021375925763245,41.512587546578416
2020-11-07,-1.25,5.57,-5.85,2.23,8.17,40.021375925763245,41.512587546578416
2020-11-08,-0.65,7.28,-5.84,0.13,11.02,40.021375925763245,41.512587546578416
2020-11-09,2.91,9.58,-2.25,0.01,11.85,40.021375925763245,41.512587546578416
2020-11-10,2.56,8.95,-1.68,0.14,10.7,40.021375925763245,41.512587546578416
2020-11-11,-0.07,6.46,-3.92,0.39,10.43,40.021375925763245,41.512587546578416
2020-11-12,-0.28,6.48,-4.31,0.11,10.93,40.021375925763245,41.512587546578416
2020-11-13,1.07,7.54,-2.61,0.0,11.78,40.021375925763245,41.512587546578416
2020-11-14,1.23,7.26,-2.2,0.0,11.64,40.021375925763245,41.512587546578416
2020-11-15,0.5,5.4,-2.44,0.11,9.82,40.021375925763245,41.512587546578416
2020-11-16,-0.35,4.5,-2.6,0.14,8.86,40.021375925763245,41.512587546578416
2020-11-17,-0.78,4.24,-3.23,0.52,8.95,40.021375925763245,41.512587546578416
2020-11-18,-0.43,4.67,-3.37,1.12,8.31,40.021375925763245,41.512587546578416
2020-11-19,-0.57,3.78,-3.14,1.16,7.1,40.021375925763245,41.512587546578416
2020-11-20,-1.2,2.64,-2.87,4.87,1.64,40.021375925763245,41.512587546578416
2020-11-21,-2.36,1.89,-6.32,2.68,3.34,40.021375925763245,41.512587546578416
2020-11-22,-4.05,3.59,-7.87,1.09,7.06,40.021375925763245,41.512587546578416
2020-11-23,-6.28,-0.92,-10.92,1.28,7.72,40.021375925763245,41.512587546578416
2020-11-24,-2.03,5.57,-6.63,0.0,8.52,40.021375925763245,41.512587546578416
2020-11-25,-2.86,1.89,-5.66,0.81,6.51,40.021375925763245,41.512587546578416
2020-11-26,-5.25,0.74,-9.02,0.33,7.01,40.021375925763245,41.512587546578416
2020-11-27,-5.37,2.04,-10.64,0.0,8.45,40.021375925763245,41.512587546578416
2020-11-28,-3.37,3.78,-9.29,0.08,8.25,40.021375925763245,41.512587546578416
2020-11-29,-1.99,4.21,-6.36,0.0,8.41,40.021375925763245,41.512587546578416
2020-11-30,-2.15,3.77,-5.72,0.07,9.2,40.021375925763245,41.512587546578416
2020-12-01,-2.11,2.42,-5.7,0.82,9.09,40.021375925763245,41.512587546578416
2020-12-02,-1.77,2.58,-4.8,0.02,4.99,40.021375925763245,41.512587546578416
2020-12-03,-1.49,3.49,-4.74,0.0,10.18,40.021375925763245,41.512587546578416
2020-12-04,-2.73,2.85,-7.24,0.0,8.77,40.021375925763245,41.512587546578416
2020-12-05,-3.42,2.19,-7.87,0.0,9.16,40.021375925763245,41.512587546578416
2020-12-06,-5.88,-0.05,-10.76,0.37,9.03,40.021375925763245,41.512587546578416
2020-12-07,-5.93,-0.17,-10.21,0.03,8.4,40.021375925763245,41.512587546578416
2020-12-08,-4.46,0.84,-7.66,0.61,5.83,40.021375925763245,41.512587546578416
2020-12-09,-3.3,1.68,-6.03,4.52,2.67,40.021375925763245,41.512587546578416
2020-12-10,-4.24,2.92,-8.84,0.01,8.81,40.021375925763245,41.512587546578416
2020-12-11,-5.67,1.01,-10.51,0.0,8.95,40.021375925763245,41.512587546578416
2020-12-12,-4.4,1.26,-8.43,0.01,4.79,40.021375925763245,41.512587546578416
2020-12-13,-2.36,3.35,-6.73,0.49,6.0,40.021375925763245,41.512587546578416
2020-12-14,-1.57,3.05,-5.93,0.63,4.65,40.021375925763245,41.512587546578416
2020-12-15,-1.48,2.37,-4.05,0.74,4.76,40.021375925763245,41.512587546578416
2020-12-16,-2.18,2.41,-5.24,4.69,4.78,40.021375925763245,41.512587546578416
2020-12-17,-4.84,1.28,-9.66,2.31,8.9,40.021375925763245,41.512587546578416
2020-12-18,-5.87,1.79,-11.7,0.04,9.41,40.021375925763245,41.512587546578416
2020-12-19,-4.91,1.81,-8.66,0.28,9.21,40.021375925763245,41.512587546578416
2020-12-20,-6.78,-0.94,-10.51,0.76,7.79,40.021375925763245,41.512587546578416
2020-12-21,-6.66,-0.52,-10.75,0.94,7.52,40.021375925763245,41.512587546578416
2020-12-22,-4.9,-1.0,-7.41,5.63,7.34,40.021375925763245,41.512587546578416
2020-12-23,-8.96,-5.97,-14.01,6.14,4.39,40.021375925763245,41.512587546578416
2020-12-24,-13.01,-7.9,-16.67,1.72,7.64,40.021375925763245,41.512587546578416
2020-12-25,-12.96,-4.75,-18.62,0.0,9.38,40.021375925763245,41.512587546578416
2020-12-26,-7.83,0.62,-13.68,0.0,8.52,40.021375925763245,41.512587546578416
2020-12-27,-5.93,1.63,-10.18,0.0,9.8,40.021375925763245,41.512587546578416
2020-12-28,-6.21,1.22,-10.71,0.0,8.79,40.021375925763245,41.512587546578416
2020-12-29,-3.59,2.48,-7.49,0.0,9.5,40.021375925763245,41.512587546578416
2020-12-30,-3.2,3.58,-7.08,0.0,9.79,40.021375925763245,41.512587546578416
2020-12-31,-4.23,3.32,-8.38,0.0,9.78,40.021375925763245,41.512587546578416
2021-01-01,-5.52,2.21,-10.36,0.0,9.76,40.021375925763245,41.512587546578416
2021-01-02,-3.77,2.52,-8.66,0.0,8.33,40.021375925763245,41.512587546578416
2021-01-03,-5.35,1.49,-9.37,0.0,9.46,40.021375925763245,41.512587546578416
2021-01-04,-7.4,0.77,-12.23,0.0,9.8,40.021375925763245,41.512587546578416
2021-01-05,-5.55,3.3,-11.0,0.0,9.48,40.021375925763245,41.512587546578416
2021-01-06,-3.27,2.51,-7.44,0.0,8.67,40.021375925763245,41.512587546578416
2021-01-07,-3.46,3.66,-7.62,0.0,9.87,40.021375925763245,41.512587546578416
2021-01-08,-3.63,3.07,-8.12,0.0,8.33,40.021375925763245,41.512587546578416
2021-01-09,-3.22,4.45,-7.62,0.0,9.73,40.021375925763245,41.512587546578416
2021-01-10,-2.99,4.06,-7.66,0.02,9.02,40.021375925763245,41.512587546578416
2021-01-11,-0.81,4.69,-5.03,0.5,7.83,40.021375925763245,41.512587546578416
2021-01-12,1.09,6.59,-1.79,1.06,5.88,40.021375925763245,41.512587546578416
2021-01-13,0.89,4.08,-0.91,0.31,1.66,40.021375925763245,41.512587546578416
2021-01-14,-1.89,0.79,-4.17,2.41,4.52,40.021375925763245,41.512587546578416
2021-01-15,-3.59,-0.77,-5.2,5.72,9.06,40.021375925763245,41.512587546578416
2021-01-16,-3.08,0.38,-5.4,3.44,4.51,40.021375925763245,41.512587546578416
2021-01-17,-3.17,-0.02,-5.65,3.68,2.95,40.021375925763245,41.512587546578416
2021-01-18,-7.7,-3.58,-13.11,8.21,3.69,40.021375925763245,41.512587546578416
2021-01-19,-14.49,-9.95,-19.8,7.09,6.68,40.021375925763245,41.512587546578416
2021-01-20,-17.8,-10.33,-22.01,2.27,9.02,40.021375925763245,41.512587546578416
2021-01-21,-16.42,-8.7,-22.31,0.31,10.59,40.021375925763245,41.512587546578416
2021-01-22,-13.3,-4.9,-19.81,0.0,12.06,40.021375925763245,41.512587546578416
2021-01-23,-10.75,-2.35,-15.45,0.0,12.07,40.021375925763245,41.512587546578416
2021-01-24,-10.89,-2.18,-16.5,0.0,10.36,40.021375925763245,41.512587546578416
2021-01-25,-10.45,-2.69,-16.31,0.0,11.86,40.021375925763245,41.512587546578416
2021-01-26,-8.43,-0.13,-13.68,0.0,11.3,40.021375925763245,41.512587546578416
2021-01-27,-8.15,-2.47,-15.0,0.24,7.93,40.021375925763245,41.512587546578416
2021-01-28,-5.53,-0.39,-9.13,1.03,6.55,40.021375925763245,41.512587546578416
2021-01-29,-7.54,-1.82,-13.11,5.2,3.58,40.021375925763245,41.512587546578416
2021-01-30,-9.22,-3.42,-14.73,0.68,10.86,40.021375925763245,41.512587546578416
2021-01-31,-9.23,-3.15,-14.65,1.4,6.38,40.021375925763245,41.512587546578416
2021-02-01,-9.98,-1.46,-15.33,0.0,12.52,40.021375925763245,41.512587546578416
2021-02-02,-6.29,1.47,-15.36,0.0,12.9,40.021375925763245,41.512587546578416
2021-02-03,-3.6,1.76,-7.79,0.0,12.62,40.021375925763245,41.512587546578416
2021-02-04,-2.77,1.88,-5.56,0.13,10.72,40.021375925763245,41.512587546578416
2021-02-05,-4.63,0.6,-9.52,2.02,7.88,40.021375925763245,41.512587546578416
2021-02-06,-6.57,0.5,-11.98,0.03,13.33,40.021375925763245,41.512587546578416
2021-02-07,-4.47,2.89,-9.48,0.0,11.48,40.021375925763245,41.512587546578416
2021-02-08,-2.21,3.91,-7.88,0.03,12.82,40.021375925763245,41.512587546578416
2021-02-09,-1.54,2.83,-4.87,1.23,11.83,40.021375925763245,41.512587546578416
2021-02-10,-2.2,2.78,-5.75,0.39,12.75,40.021375925763245,41.512587546578416
2021-02-11,-2.28,3.8,-5.88,0.24,14.31,40.021375925763245,41.512587546578416
2021-02-12,-2.76,4.2,-7.58,0.06,14.04,40.021375925763245,41.512587546578416
2021-02-13,-2.62,2.12,-6.09,2.62,11.34,40.021375925763245,41.512587546578416
2021-02-14,-1.3,3.93,-5.74,0.44,11.2,40.021375925763245,41.512587546578416
2021-02-15,-0.52,4.45,-4.26,1.08,11.19,40.021375925763245,41.512587546578416
2021-02-16,-0.36,3.22,-3.32,3.66,9.21,40.021375925763245,41.512587546578416
2021-02-17,-4.14,1.28,-12.08,14.1,4.5,40.021375925763245,41.512587546578416
2021-02-18,-11.22,-7.15,-14.38,4.9,10.36,40.021375925763245,41.512587546578416
2021-02-19,-12.22,-8.43,-17.23,1.82,6.33,40.021375925763245,41.512587546578416
2021-02-20,-13.32,-10.2,-18.44,1.69,13.44,40.021375925763245,41.512587546578416
2021-02-21,-13.59,-7.24,-18.64,0.0,16.05,40.021375925763245,41.512587546578416
2021-02-22,-11.1,-3.35,-16.99,0.0,16.66,40.021375925763245,41.512587546578416
2021-02-23,-9.24,-0.8,-14.77,0.12,15.76,40.021375925763245,41.512587546578416
2021-02-24,-9.31,-1.94,-14.56,0.43,15.29,40.021375925763245,41.512587546578416
2021-02-25,-9.46,-2.95,-14.07,0.34,16.44,40.021375925763245,41.512587546578416
2021-02-26,-6.86,0.82,-13.68,0.0,17.93,40.021375925763245,41.512587546578416
2021-02-27,-3.91,2.88,-8.73,0.0,18.41,40.021375925763245,41.512587546578416
2021-02-28,-3.21,2.72,-8.75,1.46,17.01,40.021375925763245,41.512587546578416
2021-03-01,-5.43,-1.46,-9.39,2.73,12.81,40.021375925763245,41.512587546578416
2021-03-02,-5.8,0.53,-11.5,0.65,15.86,40.021375925763245,41.512587546578416
2021-03-03,-5.08,1.87,-10.3,0.12,17.66,40.021375925763245,41.512587546578416
2021-03-04,-4.76,2.74,-12.34,0.34,19.03,40.021375925763245,41.512587546578416
2021-03-05,-3.07,3.34,-9.22,0.0,19.69,40.021375925763245,41.512587546578416
2021-03-06,-1.41,5.99,-7.92,0.06,18.67,40.021375925763245,41.512587546578416
2021-03-07,-1.91,0.96,-4.14,4.49,13.76,40.021375925763245,41.512587546578416
2021-03-08,-4.51,-1.06,-11.46,7.84,13.92,40.021375925763245,41.512587546578416
2021-03-09,-6.83,-0.05,-12.9,0.0,19.77,40.021375925763245,41.512587546578416
2021-03-10,-3.31,3.14,-9.83,0.64,19.46,40.021375925763245,41.512587546578416
2021-03-11,-1.03,2.44,-3.84,12.29,11.94,40.021375925763245,41.512587546578416
2021-03-12,-10.69,-4.07,-18.23,5.67,17.09,40.021375925763245,41.512587546578416
2021-03-13,-8.57,-0.23,-18.32,0.0,20.97,40.021375925763245,41.512587546578416
2021-03-14,-2.65,2.91,-8.89,0.0,20.56,40.021375925763245,41.512587546578416
2021-03-15,-2.1,0.99,-4.38,3.15,17.21,40.021375925763245,41.512587546578416
2021-03-16,-0.32,4.43,-4.76,3.63,17.43,40.021375925763245,41.512587546578416
2021-03-17,-0.51,4.52,-5.37,0.78,20.34,40.021375925763245,41.512587546578416
2021-03-18,-3.24,-0.59,-6.46,3.54,19.15,40.021375925763245,41.512587546578416
2021-03-19,-4.69,-1.48,-7.28,1.33,17.37,40.021375925763245,41.512587546578416
2021-03-20,-2.49,1.28,-6.46,0.8,10.18,40.021375925763245,41.512587546578416
2021-03-21,-1.22,3.07,-5.79,2.37,17.91,40.021375925763245,41.512587546578416
2021-03-22,1.59,6.61,-1.76,2.65,17.79,40.021375925763245,41.512587546578416
2021-03-23,2.01,4.73,0.04,4.2,6.53,40.021375925763245,41.512587546578416
2021-03-24,1.29,3.85,-2.88,14.66,10.69,40.021375925763245,41.512587546578416
2021-03-25,-3.75,-1.49,-8.1,2.47,7.11,40.021375925763245,41.512587546578416
2021-03-26,-5.39,-2.2,-9.49,2.94,10.25,40.021375925763245,41.512587546578416
2021-03-27,-7.65,-4.7,-12.85,5.03,13.58,40.021375925763245,41.512587546578416
2021-03-28,-6.76,0.49,-13.08,0.0,23.66,40.021375925763245,41.512587546578416
2021-03-29,-3.68,3.03,-10.15,0.0,23.9,40.021375925763245,41.512587546578416
2021-03-30,-1.31,5.8,-8.82,0.0,24.41,40.021375925763245,41.512587546578416
2021-03-31,1.08,8.17,-5.44,0.02,23.47,40.021375925763245,41.512587546578416
2021-04-01,1.49,8.62,-2.87,0.16,16.79,40.021375925763245,41.512587546578416
2021-04-02,-0.62,3.49,-3.95,0.45,16.22,40.021375925763245,41.512587546578416
2021-04-03,-0.82,3.68,-3.93,0.14,15.35,40.021375925763245,41.512587546578416
2021-04-04,1.09,6.88,-3.16,0.1,14.63,40.021375925763245,41.512587546578416
2021-04-05,1.9,6.44,-2.55,0.18,8.0,40.021375925763245,41.512587546578416
2021-04-06,3.52,9.23,-1.79,0.89,13.39,40.021375925763245,41.512587546578416
2021-04-07,5.07,11.82,-1.79,0.0,16.01,40.021375925763245,41.512587546578416
2021-04-08,6.75,14.93,-0.3,0.0,22.65,40.021375925763245,41.512587546578416
2021-04-09,6.46,13.74,0.2,1.2,17.86,40.021375925763245,41.512587546578416
2021-04-10,3.74,10.08,-2.11,0.78,10.9,40.021375925763245,41.512587546578416
2021-04-11,2.74,9.34,-4.26,0.38,13.05,40.021375925763245,41.512587546578416
2021-04-12,-0.75,3.19,-4.5,0.45,12.16,40.021375925763245,41.512587546578416
2021-04-13,-0.11,4.07,-3.62,2.82,13.94,40.021375925763245,41.512587546578416
2021-04-14,1.24,8.34,-4.5,0.2,21.79,40.021375925763245,41.512587546578416
2021-04-15,2.45,8.8,-3.12,0.7,20.51,40.021375925763245,41.512587546578416
2021-04-16,3.89,9.66,-1.96,0.11,21.37,40.021375925763245,41.512587546578416
2021-04-17,6.41,13.36,-0.03,0.13,18.63,40.021375925763245,41.512587546578416
2021-04-18,7.3,14.86,1.13,0.01,17.33,40.021375925763245,41.512587546578416
2021-04-19,8.11,15.1,1.44,0.12,18.48,40.021375925763245,41.512587546578416
2021-04-20,9.35,14.55,4.42,0.97,12.89,40.021375925763245,41.512587546578416
2021-04-21,9.68,15.94,3.69,2.52,15.06,40.021375925763245,41.512587546578416
2021-04-22,8.08,16.57,-0.22,0.01,23.94,40.021375925763245,41.512587546578416
2021-04-23,6.14,14.79,-2.83,0.01,26.69,40.021375925763245,41.512587546578416
2021-04-24,9.57,17.11,2.83,0.0,26.87,40.021375925763245,41.512587546578416
2021-04-25,8.26,15.47,1.48,0.17,16.14,40.021375925763245,41.512587546578416
2021-04-26,10.7,16.19,4.74,0.82,15.26,40.021375925763245,41.512587546578416
2021-04-27,9.6,18.12,1.46,0.28,21.88,40.021375925763245,41.512587546578416
2021-04-28,10.26,17.78,2.87,0.05,26.58,40.021375925763245,41.512587546578416
2021-04-29,8.72,13.19,4.29,2.61,18.01,40.021375925763245,41.512587546578416
2021-04-30,7.64,12.85,3.47,9.91,16.77,40.021375925763245,41.512587546578416
2021-05-01,6.89,13.49,-0.09,0.81,21.35,40.021375925763245,41.512587546578416
2021-05-02,7.53,16.3,-0.94,0.0,27.95,40.021375925763245,41.512587546578416
2021-05-03,10.69,17.75,3.0,0.0,27.16,40.021375925763245,41.512587546578416
2021-05-04,8.98,15.0,1.97,4.78,19.41,40.021375925763245,41.512587546578416
2021-05-05,5.78,11.47,-0.59,3.03,16.33,40.021375925763245,41.512587546578416
2021-05-06,8.64,15.94,1.46,1.31,24.94,40.021375925763245,41.512587546578416
2021-05-07,7.68,14.86,2.98,0.01,21.92,40.021375925763245,41.512587546578416
2021-05-08,10.91,19.13,2.55,0.15,27.26,40.021375925763245,41.512587546578416
2021-05-09,7.47,15.98,-4.76,4.59,11.79,40.021375925763245,41.512587546578416
2021-05-10,0.41,9.57,-7.26,0.42,27.36,40.021375925763245,41.512587546578416
2021-05-11,5.48,15.75,-5.62,0.0,31.16,40.021375925763245,41.512587546578416
2021-05-12,9.5,17.82,1.36,0.0,31.07,40.021375925763245,41.512587546578416
2021-05-13,12.27,20.42,4.77,0.0,29.71,40.021375925763245,41.512587546578416
2021-05-14,14.02,21.29,6.79,0.0,28.96,40.021375925763245,41.512587546578416
2021-05-15,15.05,21.55,9.13,0.01,26.61,40.021375925763245,41.512587546578416
2021-05-16,13.44,20.59,6.2,0.0,24.63,40.021375925763245,41.512587546578416
2021-05-17,11.59,18.13,4.18,0.04,19.67,40.021375925763245,41.512587546578416
2021-05-18,10.57,17.98,3.36,0.0,28.58,40.021375925763245,41.512587546578416
2021-05-19,12.66,20.36,4.53,0.0,25.85,40.021375925763245,41.512587546578416
2021-05-20,14.37,22.68,7.12,0.0,30.65,40.021375925763245,41.512587546578416
2021-05-21,15.7,24.34,6.3,0.0,26.19,40.021375925763245,41.512587546578416
2021-05-22,14.26,22.05,7.86,0.18,14.59,40.021375925763245,41.512587546578416
2021-05-23,12.42,18.96,4.91,0.1,21.36,40.021375925763245,41.512587546578416
2021-05-24,11.59,18.54,3.95,0.96,24.83,40.021375925763245,41.512587546578416
2021-05-25,11.01,18.62,2.95,0.1,23.55,40.021375925763245,41.512587546578416
2021-05-26,9.45,17.53,1.77,0.0,29.5,40.021375925763245,41.512587546578416
2021-05-27,13.12,21.76,3.36,0.0,31.22,40.021375925763245,41.512587546578416
2021-05-28,15.1,20.74,7.53,0.03,23.56,40.021375925763245,41.512587546578416
2021-05-29,14.21,21.6,7.08,0.78,29.36,40.021375925763245,41.512587546578416
2021-05-30,11.94,19.09,5.35,0.35,26.69,40.021375925763245,41.512587546578416
2021-05-31,14.19,22.01,6.57,0.12,27.03,40.021375925763245,41.512587546578416
2021-06-01,14.55,22.14,7.06,0.07,26.36,40.021375925763245,41.512587546578416
2021-06-02,11.65,19.39,3.58,0.96,28.79,40.021375925763245,41.512587546578416
2021-06-03,10.42,18.93,2.99,1.07,31.26,40.021375925763245,41.512587546578416
2021-06-04,10.66,18.28,3.57,0.01,23.88,40.021375925763245,41.512587546578416
2021-06-05,10.43,18.37,3.05,0.16,22.1,40.021375925763245,41.512587546578416
2021-06-06,9.31,15.97,3.11,1.86,20.04,40.021375925763245,41.512587546578416
2021-06-07,10.32,18.47,1.9,0.02,30.68,40.021375925763245,41.512587546578416
2021-06-08,12.51,19.56,6.06,0.63,30.26,40.021375925763245,41.512587546578416
2021-06-09,12.84,19.08,7.12,1.2,18.45,40.021375925763245,41.512587546578416
2021-06-10,13.32,20.25,6.16,1.02,23.52,40.021375925763245,41.512587546578416
2021-06-11,13.72,20.36,7.04,0.16,21.75,40.021375925763245,41.512587546578416
2021-06-12,13.61,20.89,5.69,2.36,18.12,40.021375925763245,41.512587546578416
2021-06-13,12.92,18.73,7.53,2.77,21.82,40.021375925763245,41.512587546578416
2021-06-14,15.14,23.53,6.98,0.0,31.21,40.021375925763245,41.512587546578416
2021-06-15,16.63,25.01,8.06,0.44,30.07,40.021375925763245,41.512587546578416
2021-06-16,17.45,27.04,8.62,0.0,31.81,40.021375925763245,41.512587546578416
2021-06-17,14.63,22.97,7.19,0.53,29.95,40.021375925763245,41.512587546578416
2021-06-18,16.64,26.9,5.6,0.0,30.93,40.021375925763245,41.512587546578416
2021-06-19,19.65,29.9,7.88,0.0,30.49,40.021375925763245,41.512587546578416
2021-06-20,20.17,29.1,10.05,0.0,28.63,40.021375925763245,41.512587546578416
2021-06-21,19.49,28.27,10.24,0.0,30.72,40.021375925763245,41.512587546578416
2021-06-22,19.68,27.41,12.42,0.17,29.48,40.021375925763245,41.512587546578416
2021-06-23,20.14,28.27,12.46,0.05,30.35,40.021375925763245,41.512587546578416
2021-06-24,19.95,28.76,10.52,0.06,29.47,40.021375925763245,41.512587546578416
2021-06-25,19.98,28.8,10.76,0.0,29.39,40.021375925763245,41.512587546578416
2021-06-26,19.21,27.95,10.54,0.05,28.83,40.021375925763245,41.512587546578416
2021-06-27,18.82,27.85,9.23,0.09,23.87,40.021375925763245,41.512587546578416
2021-06-28,19.34,28.83,9.57,0.31,24.57,40.021375925763245,41.512587546578416
2021-06-29,17.86,25.7,11.01,2.07,19.64,40.021375925763245,41.512587546578416
2021-06-30,19.23,27.74,10.97,0.21,26.87,40.021375925763245,41.512587546578416
2021-07-01,20.66,29.05,11.64,0.26,28.11,40.021375925763245,41.512587546578416
2021-07-02,20.73,28.69,12.75,0.1,27.62,40.021375925763245,41.512587546578416
2021-07-03,20.65,29.39,11.32,0.02,29.95,40.021375925763245,41.512587546578416
2021-07-04,19.58,27.92,11.95,0.51,28.86,40.021375925763245,41.512587546578416
2021-07-05,16.34,25.35,8.2,0.18,28.93,40.021375925763245,41.512587546578416
2021-07-06,17.73,25.98,9.45,0.94,24.13,40.021375925763245,41.512587546578416
2021-07-07,16.26,22.23,10.34,0.88,18.43,40.021375925763245,41.512587546578416
2021-07-08,17.73,26.79,8.0,0.01,28.77,40.021375925763245,41.512587546578416
2021-07-09,17.81,26.02,9.72,0.83,19.25,40.021375925763245,41.512587546578416
2021-07-10,17.34,24.48,11.09,1.9,23.45,40.021375925763245,41.512587546578416
2021-07-11,18.01,26.02,9.71,1.8,21.4,40.021375925763245,41.512587546578416
2021-07-12,19.81,28.45,10.53,0.04,25.35,40.021375925763245,41.512587546578416
2021-07-13,18.74,26.24,11.63,0.55,21.76,40.021375925763245,41.512587546578416
2021-07-14,17.21,24.79,11.85,3.82,20.87,40.021375925763245,41.512587546578416
2021-07-15,14.35,18.15,10.35,2.38,17.27,40.021375925763245,41.512587546578416
2021-07-16,16.95,24.99,7.91,0.0,24.5,40.021375925763245,41.512587546578416
2021-07-17,19.89,27.23,11.36,0.26,22.96,40.021375925763245,41.512587546578416
2021-07-18,21.44,28.8,13.71,0.73,23.22,40.021375925763245,41.512587546578416
2021-07-19,22.98,31.3,15.45,0.0,26.57,40.021375925763245,41.512587546578416
2021-07-20,23.37,32.01,14.76,0.0,28.32,40.021375925763245,41.512587546578416
2021-07-21,22.96,32.63,13.9,0.35,26.32,40.021375925763245,41.512587546578416
2021-07-22,18.59,26.16,12.28,5.77,16.99,40.021375925763245,41.512587546578416
2021-07-23,16.1,23.97,10.93,1.58,22.57,40.021375925763245,41.512587546578416
2021-07-24,17.28,27.26,9.74,0.51,22.84,40.021375925763245,41.512587546578416
2021-07-25,19.76,29.03,10.53,0.09,24.94,40.021375925763245,41.512587546578416
2021-07-26,21.35,30.14,13.82,0.06,22.59,40.021375925763245,41.512587546578416
2021-07-27,18.17,27.8,11.01,1.53,20.8,40.021375925763245,41.512587546578416
2021-07-28,15.86,24.12,8.37,0.45,22.51,40.021375925763245,41.512587546578416
2021-07-29,17.14,24.84,10.13,0.0,23.23,40.021375925763245,41.512587546578416
2021-07-30,17.75,25.73,10.24,0.0,23.5,40.021375925763245,41.512587546578416
2021-07-31,18.57,26.44,10.96,0.02,22.89,40.021375925763245,41.512587546578416
2021-08-01,18.51,25.26,13.14,0.03,22.79,40.021375925763245,41.512587546578416
2021-08-02,18.58,26.27,10.93,0.03,25.15,40.021375925763245,41.512587546578416
2021-08-03,19.07,27.21,11.26,0.0,25.37,40.021375925763245,41.512587546578416
2021-08-04,20.29,29.5,10.62,0.18,26.63,40.021375925763245,41.512587546578416
2021-08-05,20.47,29.69,11.49,0.43,23.37,40.021375925763245,41.512587546578416
2021-08-06,19.38,26.85,14.66,0.82,21.37,40.021375925763245,41.512587546578416
2021-08-07,17.85,24.74,11.74,6.07,17.01,40.021375925763245,41.512587546578416
2021-08-08,18.82,25.99,12.32,2.12,21.81,40.021375925763245,41.512587546578416
2021-08-09,18.88,26.62,11.44,1.92,20.74,40.021375925763245,41.512587546578416
2021-08-10,18.77,27.38,11.59,0.29,22.32,40.021375925763245,41.512587546578416
2021-08-11,17.48,24.2,11.06,1.41,17.98,40.021375925763245,41.512587546578416
2021-08-12,18.32,24.85,11.54,2.98,15.86,40.021375925763245,41.512587546578416
2021-08-13,17.14,24.57,9.72,4.98,21.01,40.021375925763245,41.512587546578416
2021-08-14,14.22,20.31,9.92,3.88,15.8,40.021375925763245,41.512587546578416
2021-08-15,15.63,23.77,8.71,2.03,19.81,40.021375925763245,41.512587546578416
2021-08-16,16.55,25.52,9.1,1.41,20.68,40.021375925763245,41.512587546578416
2021-08-17,17.76,27.0,8.74,0.12,22.55,40.021375925763245,41.512587546578416
2021-08-18,19.26,28.5,9.72,0.01,23.26,40.021375925763245,41.512587546578416
2021-08-19,19.16,27.51,11.83,0.14,20.15,40.021375925763245,41.512587546578416
2021-08-20,16.98,25.5,9.8,0.04,21.14,40.021375925763245,41.512587546578416
2021-08-21,17.97,26.51,10.49,0.74,20.76,40.021375925763245,41.512587546578416
2021-08-22,18.58,27.19,9.52,0.18,20.34,40.021375925763245,41.512587546578416
2021-08-23,18.23,26.87,9.68,2.35,18.08,40.021375925763245,41.512587546578416
2021-08-24,18.53,27.04,10.61,0.33,21.49,40.021375925763245,41.512587546578416
2021-08-25,19.68,27.88,11.1,0.0,21.78,40.021375925763245,41.512587546578416
2021-08-26,19.53,27.3,12.81,0.03,21.18,40.021375925763245,41.512587546578416
2021-08-27,19.77,28.48,11.99,0.0,25.39,40.021375925763245,41.512587546578416
2021-08-28,20.77,30.22,11.97,0.0,24.96,40.021375925763245,41.512587546578416
2021-08-29,21.46,30.84,12.55,0.0,23.41,40.021375925763245,41.512587546578416
2021-08-30,21.65,29.89,15.83,0.0,24.3,40.021375925763245,41.512587546578416
2021-08-31,20.14,28.91,13.26,0.01,23.69,40.021375925763245,41.512587546578416
2021-09-01,18.68,28.1,11.37,0.05,23.22,40.021375925763245,41.512587546578416
2021-09-02,15.78,25.89,7.01,5.27,19.76,40.021375925763245,41.512587546578416
2021-09-03,10.06,17.68,4.8,2.1,18.07,40.021375925763245,41.512587546578416
2021-09-04,12.53,23.17,2.77,0.0,23.05,40.021375925763245,41.512587546578416
2021-09-05,13.72,24.0,4.41,0.07,22.86,40.021375925763245,41.512587546578416
2021-09-06,13.36,23.53,5.43,0.7,19.45,40.021375925763245,41.512587546578416
2021-09-07,13.57,22.63,6.79,0.59,18.06,40.021375925763245,41.512587546578416
2021-09-08,14.71,24.57,6.85,0.01,21.05,40.021375925763245,41.512587546578416
2021-09-09,14.97,23.81,7.18,0.01,20.59,40.021375925763245,41.512587546578416
2021-09-10,16.42,25.85,6.9,0.0,22.33,40.021375925763245,41.512587546578416
2021-09-11,16.07,24.73,9.28,0.73,19.96,40.021375925763245,41.512587546578416
2021-09-12,14.27,22.97,7.45,0.25,18.01,40.021375925763245,41.512587546578416
2021-09-13,14.43,21.61,7.42,0.7,16.64,40.021375925763245,41.512587546578416
2021-09-14,15.61,24.16,8.27,0.14,17.95,40.021375925763245,41.512587546578416
2021-09-15,15.18,24.63,7.23,0.07,21.93,40.021375925763245,41.512587546578416
2021-09-16,13.5,21.13,7.34,2.02,17.52,40.021375925763245,41.512587546578416
2021-09-17,10.94,16.97,6.43,2.55,10.87,40.021375925763245,41.512587546578416
2021-09-18,12.09,20.03,5.16,0.0,19.38,40.021375925763245,41.512587546578416
2021-09-19,13.19,21.18,7.2,0.0,20.94,40.021375925763245,41.512587546578416
2021-09-20,12.31,19.47,7.15,0.01,15.57,40.021375925763245,41.512587546578416
2021-09-21,12.61,20.98,6.56,0.03,20.15,40.021375925763245,41.512587546578416
2021-09-22,11.13,18.96,5.66,4.39,12.04,40.021375925763245,41.512587546578416
2021-09-23,9.88,16.23,3.89,16.59,11.11,40.021375925763245,41.512587546578416
2021-09-24,6.51,12.1,1.73,13.03,6.57,40.021375925763245,41.512587546578416
2021-09-25,5.06,12.77,-0.97,1.52,14.56,40.021375925763245,41.512587546578416
2021-09-26,6.55,16.28,-2.05,0.57,19.82,40.021375925763245,41.512587546578416
2021-09-27,10.31,19.85,3.68,0.06,20.55,40.021375925763245,41.512587546578416
2021-09-28,8.84,18.72,1.99,0.44,15.3,40.021375925763245,41.512587546578416
2021-09-29,8.94,17.97,2.54,1.18,17.6,40.021375925763245,41.512587546578416
2021-09-30,7.67,13.8,3.17,4.34,6.73,40.021375925763245,41.512587546578416
2021-10-01,8.18,14.24,3.82,1.78,8.86,40.021375925763245,41.512587546578416
2021-10-02,9.65,18.07,2.65,2.5,14.89,40.021375925763245,41.512587546578416
2021-10-03,10.55,18.62,4.73,8.7,7.62,40.021375925763245,41.512587546578416
2021-10-04,6.64,14.01,2.09,4.39,10.86,40.021375925763245,41.512587546578416
2021-10-05,4.86,10.94,0.45,14.73,9.46,40.021375925763245,41.512587546578416
2021-10-06,2.46,7.62,-1.62,8.67,6.88,40.021375925763245,41.512587546578416
2021-10-07,3.93,12.07,-3.03,0.0,13.7,40.021375925763245,41.512587546578416
2021-10-08,6.73,14.86,-0.1,0.0,17.25,40.021375925763245,41.512587546578416
2021-10-09,9.37,17.91,2.63,0.0,18.18,40.021375925763245,41.512587546578416
2021-10-10,10.01,17.78,5.41,0.0,17.95,40.021375925763245,41.512587546578416
2021-10-11,10.67,18.5,5.33,0.0,17.79,40.021375925763245,41.512587546578416
2021-10-12,10.5,19.27,4.33,0.0,17.62,40.021375925763245,41.512587546578416
2021-10-13,8.13,15.22,1.45,0.01,13.5,40.021375925763245,41.512587546578416
2021-10-14,9.01,16.45,3.33,0.03,14.99,40.021375925763245,41.512587546578416
2021-10-15,10.87,17.88,5.32,0.01,13.7,40.021375925763245,41.512587546578416
2021-10-16,11.22,18.43,6.83,0.0,15.95,40.021375925763245,41.512587546578416
2021-10-17,9.07,16.57,3.29,0.17,13.14,40.021375925763245,41.512587546578416
2021-10-18,5.46,10.19,2.47,5.32,8.88,40.021375925763245,41.512587546578416
2021-10-19,3.63,9.18,-1.14,4.54,8.69,40.021375925763245,41.512587546578416
2021-10-20,1.37,8.88,-3.6,0.69,12.37,40.021375925763245,41.512587546578416
2021-10-21,3.66,12.51,-3.98,0.0,16.18,40.021375925763245,41.512587546578416
2021-10-22,6.38,14.15,0.54,0.0,15.99,40.021375925763245,41.512587546578416
2021-10-23,6.16,13.77,0.17,0.0,15.95,40.021375925763245,41.512587546578416
2021-10-24,6.0,14.14,1.01,0.0,15.53,40.021375925763245,41.512587546578416
2021-10-25,-0.23,4.21,-6.46,3.12,4.49,40.021375925763245,41.512587546578416
2021-10-26,-1.45,6.31,-6.9,0.29,14.19,40.021375925763245,41.512587546578416
2021-10-27,2.73,10.33,-3.3,0.0,15.35,40.021375925763245,41.512587546578416
2021-10-28,4.51,10.88,0.54,0.09,14.41,40.021375925763245,41.512587546578416
2021-10-29,2.02,7.28,-1.2,9.5,2.84,40.021375925763245,41.512587546578416
2021-10-30,2.75,8.77,-1.76,7.35,7.83,40.021375925763245,41.512587546578416
2021-10-31,4.46,10.33,0.3,3.67,4.96,40.021375925763245,41.512587546578416
2021-11-01,5.67,11.46,1.91,2.21,7.9,40.021375925763245,41.512587546578416
2021-11-02,5.73,9.17,2.99,7.6,6.41,40.021375925763245,41.512587546578416
2021-11-03,5.87,11.56,2.64,0.47,6.71,40.021375925763245,41.512587546578416
2021-11-04,4.83,11.84,0.71,0.0,11.31,40.021375925763245,41.512587546578416
2021-11-05,4.65,13.2,-0.56,0.0,12.9,40.021375925763245,41.512587546578416
2021-11-06,4.14,12.63,-1.07,0.0,13.07,40.021375925763245,41.512587546578416
2021-11-07,3.5,11.87,-2.42,0.0,12.76,40.021375925763245,41.512587546578416
2021-11-08,5.95,12.62,1.57,0.0,11.45,40.021375925763245,41.512587546578416
2021-11-09,5.45,12.96,0.54,0.0,12.47,40.021375925763245,41.512587546578416
2021-11-10,-0.24,3.76,-6.21,4.5,3.95,40.021375925763245,41.512587546578416
2021-11-11,-3.6,2.8,-6.76,0.75,8.98,40.021375925763245,41.512587546578416
2021-11-12,-1.08,5.61,-5.76,0.0,11.88,40.021375925763245,41.512587546578416
2021-11-13,1.88,9.88,-2.46,0.0,12.39,40.021375925763245,41.512587546578416
2021-11-14,3.64,11.4,-0.15,0.0,11.71,40.021375925763245,41.512587546578416
2021-11-15,2.51,9.65,-2.71,0.1,10.8,40.021375925763245,41.512587546578416
2021-11-16,-1.17,5.75,-4.84,0.25,10.99,40.021375925763245,41.512587546578416
2021-11-17,0.38,8.12,-4.32,0.0,11.93,40.021375925763245,41.512587546578416
2021-11-18,1.73,8.18,-2.44,0.0,10.79,40.021375925763245,41.512587546578416
2021-11-19,0.67,4.53,-2.14,0.55,7.13,40.021375925763245,41.512587546578416
2021-11-20,-0.61,3.84,-3.03,2.24,6.57,40.021375925763245,41.512587546578416
2021-11-21,-0.25,5.07,-3.76,0.01,9.5,40.021375925763245,41.512587546578416
2021-11-22,0.04,6.7,-3.41,0.0,10.49,40.021375925763245,41.512587546578416
2021-11-23,-0.69,5.44,-3.83,0.04,9.15,40.021375925763245,41.512587546578416
2021-11-24,-0.33,4.25,-2.63,4.64,2.65,40.021375925763245,41.512587546578416
2021-11-25,-0.97,3.14,-3.3,7.42,1.84,40.021375925763245,41.512587546578416
2021-11-26,-1.6,3.1,-5.37,4.44,4.19,40.021375925763245,41.512587546578416
2021-11-27,-2.04,3.83,-6.2,0.07,3.73,40.021375925763245,41.512587546578416
2021-11-28,-0.94,2.08,-2.87,0.89,3.7,40.021375925763245,41.512587546578416
2021-11-29,0.97,7.44,-2.5,0.01,7.1,40.021375925763245,41.512587546578416
2021-11-30,2.68,6.58,0.14,0.13,3.49,40.021375925763245,41.512587546578416
2021-12-01,-1.76,2.18,-7.43,10.94,1.46,40.021375925763245,41.512587546578416
2021-12-02,-6.41,-1.53,-10.19,0.18,7.2,40.021375925763245,41.512587546578416
2021-12-03,-4.13,3.5,-7.96,0.0,10.05,40.021375925763245,41.512587546578416
2021-12-04,-4.23,2.95,-8.03,0.0,10.11,40.021375925763245,41.512587546578416
2021-12-05,-2.58,3.42,-6.64,0.0,8.63,40.021375925763245,41.512587546578416
2021-12-06,-2.14,5.0,-5.83,0.0,9.75,40.021375925763245,41.512587546578416
2021-12-07,-2.21,5.1,-7.23,0.0,9.72,40.021375925763245,41.512587546578416
2021-12-08,-1.87,2.73,-5.63,1.65,4.63,40.021375925763245,41.512587546578416
2021-12-09,-3.04,0.22,-6.21,2.29,5.68,40.021375925763245,41.512587546578416
2021-12-10,-4.49,2.2,-8.78,0.41,9.2,40.021375925763245,41.512587546578416
2021-12-11,-2.04,5.35,-5.79,0.0,9.33,40.021375925763245,41.512587546578416
2021-12-12,-1.23,6.71,-5.39,0.0,7.48,40.021375925763245,41.512587546578416
2021-12-13,-0.82,5.99,-4.42,0.0,8.97,40.021375925763245,41.512587546578416
2021-12-14,0.33,5.37,-2.18,0.08,7.2,40.021375925763245,41.512587546578416
2021-12-15,-1.13,4.55,-4.4,0.07,7.81,40.021375925763245,41.512587546578416
2021-12-16,-2.2,3.42,-6.47,2.65,6.31,40.021375925763245,41.512587546578416
2021-12-17,-2.91,1.42,-6.02,1.66,5.61,40.021375925763245,41.512587546578416
2021-12-18,-4.26,-0.26,-7.43,4.11,3.52,40.021375925763245,41.512587546578416
2021-12-19,-3.98,0.09,-7.54,3.04,1.96,40.021375925763245,41.512587546578416
2021-12-20,-4.65,-1.34,-8.43,3.31,2.32,40.021375925763245,41.512587546578416
2021-12-21,-9.46,-4.88,-14.76,4.68,3.87,40.021375925763245,41.512587546578416
2021-12-22,-15.3,-9.98,-19.43,2.7,6.75,40.021375925763245,41.512587546578416
2021-12-23,-15.63,-10.74,-19.5,1.33,5.08,40.021375925763245,41.512587546578416
2021-12-24,-16.93,-10.48,-20.74,0.48,8.8,40.021375925763245,41.512587546578416
2021-12-25,-13.49,-4.72,-19.67,0.0,7.13,40.021375925763245,41.512587546578416
2021-12-26,-10.02,-2.34,-14.09,0.0,9.46,40.021375925763245,41.512587546578416
2021-12-27,-9.82,-1.95,-15.82,0.0,8.78,40.021375925763245,41.512587546578416
2021-12-28,-8.21,-0.72,-12.07,0.0,9.64,40.021375925763245,41.512587546578416
2021-12-29,-9.75,-2.07,-13.43,0.0,8.66,40.021375925763245,41.512587546578416
2021-12-30,-10.52,-2.88,-14.44,0.01,8.14,40.021375925763245,41.512587546578416
2021-12-31,-9.76,-2.06,-13.93,0.0,8.92,40.021375925763245,41.512587546578416
2022-01-01,-10.35,-4.48,-13.3,1.06,7.52,40.021375925763245,41.512587546578416
2022-01-02,-9.78,-3.85,-13.96,3.3,4.22,40.021375925763245,41.512587546578416
2022-01-03,-12.74,-6.43,-17.63,1.75,9.01,40.021375925763245,41.512587546578416
2022-01-04,-8.73,-5.01,-12.99,0.81,4.42,40.021375925763245,41.512587546578416
2022-01-05,-10.24,-3.27,-15.33,0.33,8.67,40.021375925763245,41.512587546578416
2022-01-06,-7.55,0.11,-11.67,0.0,9.7,40.021375925763245,41.512587546578416
2022-01-07,-5.65,0.32,-11.33,0.0,8.87,40.021375925763245,41.512587546578416
2022-01-08,-7.09,-0.15,-12.0,0.0,9.51,40.021375925763245,41.512587546578416
2022-01-09,-8.99,-0.96,-15.37,0.61,9.44,40.021375925763245,41.512587546578416
2022-01-10,-7.72,-0.8,-11.88,2.51,3.25,40.021375925763245,41.512587546578416
2022-01-11,-7.22,-1.02,-11.5,0.43,5.56,40.021375925763245,41.512587546578416
2022-01-12,-5.12,-1.19,-10.6,2.53,3.76,40.021375925763245,41.512587546578416
2022-01-13,-5.22,-1.62,-12.37,7.63,3.53,40.021375925763245,41.512587546578416
2022-01-14,-13.82,-8.11,-19.6,0.62,9.49,40.021375925763245,41.512587546578416
2022-01-15,-14.58,-8.59,-18.88,2.99,6.05,40.021375925763245,41.512587546578416
2022-01-16,-16.51,-11.08,-19.61,3.04,9.65,40.021375925763245,41.512587546578416
2022-01-17,-16.36,-10.06,-21.88,1.34,10.14,40.021375925763245,41.512587546578416
2022-01-18,-15.55,-10.23,-23.47,1.46,5.51,40.021375925763245,41.512587546578416
2022-01-19,-14.25,-11.07,-16.41,5.44,5.24,40.021375925763245,41.512587546578416
2022-01-20,-17.01,-11.05,-21.91,1.46,10.16,40.021375925763245,41.512587546578416
2022-01-21,-17.54,-7.46,-22.71,0.34,11.6,40.021375925763245,41.512587546578416
2022-01-22,-15.55,-6.12,-22.89,0.02,9.96,40.021375925763245,41.512587546578416
2022-01-23,-13.31,-7.19,-19.71,0.56,6.51,40.021375925763245,41.512587546578416
2022-01-24,-10.72,-6.27,-14.33,4.71,4.1,40.021375925763245,41.512587546578416
2022-01-25,-14.65,-8.04,-19.18,1.08,10.64,40.021375925763245,41.512587546578416
2022-01-26,-11.16,-3.91,-17.78,2.07,9.4,40.021375925763245,41.512587546578416
2022-01-27,-11.38,-7.56,-16.03,2.89,9.87,40.021375925763245,41.512587546578416
2022-01-28,-14.43,-7.57,-20.28,0.18,10.44,40.021375925763245,41.512587546578416
2022-01-29,-15.64,-7.74,-21.22,0.12,10.77,40.021375925763245,41.512587546578416
2022-01-30,-14.57,-6.82,-20.65,0.15,10.75,40.021375925763245,41.512587546578416
2022-01-31,-10.98,-4.42,-15.95,0.57,9.87,40.021375925763245,41.512587546578416
2022-02-01,-10.29,-3.51,-15.13,0.47,7.68,40.021375925763245,41.512587546578416
2022-02-02,-9.37,-2.39,-14.13,0.24,5.64,40.021375925763245,41.512587546578416
2022-02-03,-9.29,-1.45,-15.13,0.47,10.37,40.021375925763245,41.512587546578416
2022-02-04,-8.03,-3.09,-11.7,4.48,8.46,40.021375925763245,41.512587546578416
2022-02-05,-14.56,-10.2,-19.51,0.6,9.63,40.021375925763245,41.512587546578416
2022-02-06,-13.03,-6.27,-18.82,0.07,10.55,40.021375925763245,41.512587546578416
2022-02-07,-13.7,-6.15,-18.83,0.08,11.23,40.021375925763245,41.512587546578416
2022-02-08,-11.09,-2.88,-18.77,0.19,7.7,40.021375925763245,41.512587546578416
2022-02-09,-6.12,-0.68,-10.36,0.39,8.47,40.021375925763245,41.512587546578416
2022-02-10,-7.16,-3.73,-12.66,5.25,4.63,40.021375925763245,41.512587546578416
2022-02-11,-10.38,-2.32,-18.13,0.08,11.15,40.021375925763245,41.512587546578416
2022-02-12,-6.17,0.54,-11.07,0.0,14.89,40.021375925763245,41.512587546578416
2022-02-13,-7.19,-0.63,-11.53,0.0,14.22,40.021375925763245,41.512587546578416
2022-02-14,-6.37,0.27,-11.92,0.0,13.67,40.021375925763245,41.512587546578416
2022-02-15,-5.88,-0.74,-10.35,0.0,14.15,40.021375925763245,41.512587546578416
2022-02-16,-7.42,-0.76,-12.24,0.0,14.21,40.021375925763245,41.512587546578416
2022-02-17,-8.77,-1.03,-14.16,0.0,15.21,40.021375925763245,41.512587546578416
2022-02-18,-7.44,-1.54,-11.82,0.08,12.13,40.021375925763245,41.512587546578416
2022-02-19,-4.95,0.09,-11.03,0.31,13.83,40.021375925763245,41.512587546578416
2022-02-20,-4.07,1.33,-9.55,0.0,15.68,40.021375925763245,41.512587546578416
2022-02-21,-4.46,0.33,-8.21,0.0,11.63,40.021375925763245,41.512587546578416
2022-02-22,-3.85,1.29,-9.04,0.13,15.34,40.021375925763245,41.512587546578416
2022-02-23,-2.81,1.64,-6.01,0.56,13.13,40.021375925763245,41.512587546578416
2022-02-24,-2.46,2.99,-6.68,1.34,16.72,40.021375925763245,41.512587546578416
2022-02-25,-1.97,2.18,-5.52,4.14,6.04,40.021375925763245,41.512587546578416
2022-02-26,-3.96,0.49,-8.03,1.7,10.99,40.021375925763245,41.512587546578416
2022-02-27,-4.14,1.54,-8.2,0.31,16.02,40.021375925763245,41.512587546578416
2022-02-28,-3.6,1.77,-7.73,0.05,11.2,40.021375925763245,41.512587546578416
2022-03-01,-1.66,1.38,-5.31,6.27,6.84,40.021375925763245,41.512587546578416
2022-03-02,-1.28,2.4,-5.36,5.72,9.38,40.021375925763245,41.512587546578416
2022-03-03,-0.59,3.04,-3.93,10.78,7.62,40.021375925763245,41.512587546578416
2022-03-04,-8.2,-4.47,-13.5,1.94,13.44,40.021375925763245,41.512587546578416
2022-03-05,-8.89,-3.85,-13.58,0.01,13.91,40.021375925763245,41.512587546578416
2022-03-06,-7.25,-2.21,-12.71,0.23,14.77,40.021375925763245,41.512587546578416
2022-03-07,-5.41,1.29,-10.57,0.0,19.67,40.021375925763245,41.512587546578416
2022-03-08,-4.24,-0.11,-8.71,1.74,13.73,40.021375925763245,41.512587546578416
2022-03-09,-2.93,0.21,-7.64,10.83,8.18,40.021375925763245,41.512587546578416
2022-03-10,-5.14,-1.09,-9.13,7.0,12.16,40.021375925763245,41.512587546578416
2022-03-11,-6.54,-2.54,-12.72,5.06,6.32,40.021375925763245,41.512587546578416
2022-03-12,-11.71,-6.48,-15.75,2.3,13.57,40.021375925763245,41.512587546578416
2022-03-13,-11.7,-7.34,-15.16,2.0,16.22,40.021375925763245,41.512587546578416
2022-03-14,-12.46,-8.98,-15.86,3.86,17.35,40.021375925763245,41.512587546578416
2022-03-15,-14.62,-9.12,-21.22,1.68,20.18,40.021375925763245,41.512587546578416
2022-03-16,-14.09,-6.95,-21.25,1.78,20.17,40.021375925763245,41.512587546578416
2022-03-17,-11.76,-6.28,-18.05,1.94,13.25,40.021375925763245,41.512587546578416
2022-03-18,-11.1,-7.17,-15.13,1.42,12.51,40.021375925763245,41.512587546578416
2022-03-19,-9.06,-4.68,-13.77,5.23,10.14,40.021375925763245,41.512587546578416
2022-03-20,-12.12,-7.97,-16.83,1.77,15.32,40.021375925763245,41.512587546578416
2022-03-21,-11.49,-5.91,-16.97,0.26,16.88,40.021375925763245,41.512587546578416
2022-03-22,-9.85,-1.82,-17.95,0.07,21.48,40.021375925763245,41.512587546578416
2022-03-23,-6.39,-1.2,-12.36,3.77,11.24,40.021375925763245,41.512587546578416
2022-03-24,-7.04,-2.67,-11.52,1.89,18.36,40.021375925763245,41.512587546578416
2022-03-25,-8.16,-3.64,-12.25,0.73,21.18,40.021375925763245,41.512587546578416
2022-03-26,-9.57,-4.31,-15.43,0.01,20.56,40.021375925763245,41.512587546578416
2022-03-27,-8.52,-2.68,-14.94,0.4,21.53,40.021375925763245,41.512587546578416
2022-03-28,-9.08,-3.37,-15.02,0.82,22.94,40.021375925763245,41.512587546578416
2022-03-29,-5.19,2.6,-13.5,0.0,23.38,40.021375925763245,41.512587546578416
2022-03-30,-2.37,2.31,-5.64,0.0,18.62,40.021375925763245,41.512587546578416
2022-03-31,-0.97,5.45,-5.41,0.0,22.81,40.021375925763245,41.512587546578416
2022-04-01,1.59,10.1,-4.51,0.0,17.85,40.021375925763245,41.512587546578416
2022-04-02,4.25,12.55,-1.8,0.0,21.3,40.021375925763245,41.512587546578416
2022-04-03,5.39,13.98,-1.72,0.0,21.55,40.021375925763245,41.512587546578416
2022-04-04,3.29,10.18,-1.98,0.0,20.7,40.021375925763245,41.512587546578416
2022-04-05,2.61,7.43,-2.71,0.05,16.57,40.021375925763245,41.512587546578416
2022-04-06,3.16,7.15,-0.81,1.87,17.76,40.021375925763245,41.512587546578416
2022-04-07,3.4,9.85,-1.76,0.96,11.01,40.021375925763245,41.512587546578416
2022-04-08,3.75,9.83,-1.19,19.27,9.62,40.021375925763245,41.512587546578416
2022-04-09,2.14,8.21,-3.4,1.79,15.89,40.021375925763245,41.512587546578416
2022-04-10,3.09,11.53,-3.01,0.0,12.64,40.021375925763245,41.512587546578416
2022-04-11,4.98,12.18,-2.21,0.0,22.72,40.021375925763245,41.512587546578416
2022-04-12,0.56,4.19,-5.41,10.45,17.6,40.021375925763245,41.512587546578416
2022-04-13,-5.46,-0.98,-8.8,4.35,9.71,40.021375925763245,41.512587546578416
2022-04-14,-3.89,2.89,-11.35,0.0,24.81,40.021375925763245,41.512587546578416
2022-04-15,0.0,6.78,-5.1,0.0,18.35,40.021375925763245,41.512587546578416
2022-04-16,2.69,9.39,-4.21,0.0,25.3,40.021375925763245,41.512587546578416
2022-04-17,5.8,14.23,-0.68,0.0,25.86,40.021375925763245,41.512587546578416
2022-04-18,6.31,13.47,-0.06,0.0,15.9,40.021375925763245,41.512587546578416
2022-04-19,7.83,14.88,2.06,0.15,21.58,40.021375925763245,41.512587546578416
2022-04-20,6.45,13.5,0.43,0.99,22.44,40.021375925763245,41.512587546578416
2022-04-21,6.53,14.03,0.1,0.01,19.29,40.021375925763245,41.512587546578416
2022-04-22,6.07,13.28,-0.46,0.01,20.64,40.021375925763245,41.512587546578416
2022-04-23,8.59,16.76,1.47,0.0,24.33,40.021375925763245,41.512587546578416
2022-04-24,9.9,17.18,2.05,0.01,24.45,40.021375925763245,41.512587546578416
2022-04-25,11.36,17.54,4.99,0.0,25.06,40.021375925763245,41.512587546578416
2022-04-26,10.85,17.11,4.66,0.22,21.54,40.021375925763245,41.512587546578416
2022-04-27,10.02,14.65,5.65,1.03,20.31,40.021375925763245,41.512587546578416
2022-04-28,7.91,14.05,2.69,0.2,16.13,40.021375925763245,41.512587546578416
2022-04-29,6.57,11.22,2.0,0.11,18.12,40.021375925763245,41.512587546578416
2022-04-30,7.61,14.86,1.03,0.07,20.39,40.021375925763245,41.512587546578416
2022-05-01,6.67,12.26,2.37,5.61,8.0,40.021375925763245,41.512587546578416
2022-05-02,5.89,12.01,0.94,6.45,12.58,40.021375925763245,41.512587546578416
2022-05-03,4.65,9.65,1.23,1.81,17.86,40.021375925763245,41.512587546578416
2022-05-04,6.73,14.11,1.0,3.14,17.94,40.021375925763245,41.512587546578416
2022-05-05,4.56,10.47,-0.03,10.36,8.48,40.021375925763245,41.512587546578416
2022-05-06,2.87,8.44,-2.02,5.15,15.8,40.021375925763245,41.512587546578416
2022-05-07,2.42,7.21,-1.81,11.58,12.87,40.021375925763245,41.512587546578416
2022-05-08,2.75,8.88,-3.33,0.2,15.25,40.021375925763245,41.512587546578416
2022-05-09,3.5,9.47,-1.07,1.14,17.62,40.021375925763245,41.512587546578416
2022-05-10,2.81,9.05,-2.97,1.13,19.83,40.021375925763245,41.512587546578416
2022-05-11,4.5,11.35,-2.61,0.13,25.57,40.021375925763245,41.512587546578416
2022-05-12,2.23,6.97,-3.14,2.29,17.86,40.021375925763245,41.512587546578416
2022-05-13,5.65,14.24,-4.46,0.0,29.38,40.021375925763245,41.512587546578416
2022-05-14,8.93,17.37,-0.49,0.32,26.84,40.021375925763245,41.512587546578416
2022-05-15,8.72,16.89,3.37,3.13,22.06,40.021375925763245,41.512587546578416
2022-05-16,3.57,9.8,-1.28,20.6,13.79,40.021375925763245,41.512587546578416
2022-05-17,5.53,14.4,-2.27,0.0,25.41,40.021375925763245,41.512587546578416
2022-05-18,7.99,16.13,-0.26,0.03,29.64,40.021375925763245,41.512587546578416
2022-05-19,8.77,15.44,1.77,4.33,23.65,40.021375925763245,41.512587546578416
2022-05-20,2.85,8.86,-3.66,1.03,12.81,40.021375925763245,41.512587546578416
2022-05-21,5.58,15.07,-5.09,0.0,31.03,40.021375925763245,41.512587546578416
2022-05-22,9.43,17.7,1.18,0.0,29.27,40.021375925763245,41.512587546578416
2022-05-23,6.39,13.64,-0.29,1.49,15.11,40.021375925763245,41.512587546578416
2022-05-24,3.35,9.97,-2.05,2.77,15.18,40.021375925763245,41.512587546578416
2022-05-25,3.75,11.44,-3.65,0.02,25.46,40.021375925763245,41.512587546578416
2022-05-26,7.4,15.98,-1.5,0.0,32.41,40.021375925763245,41.512587546578416
2022-05-27,10.08,17.79,2.43,0.0,30.07,40.021375925763245,41.512587546578416
2022-05-28,11.94,19.67,2.78,0.01,26.82,40.021375925763245,41.512587546578416
2022-05-29,12.4,17.16,6.4,1.15,16.69,40.021375925763245,41.512587546578416
2022-05-30,14.12,21.16,7.27,0.0,29.15,40.021375925763245,41.512587546578416
2022-05-31,14.88,20.58,8.98,5.82,18.07,40.021375925763245,41.512587546578416
2022-06-01,14.66,20.33,8.67,4.34,22.77,40.021375925763245,41.512587546578416
2022-06-02,15.92,22.9,7.81,0.38,25.13,40.021375925763245,41.512587546578416
2022-06-03,16.01,23.87,8.04,0.01,21.51,40.021375925763245,41.512587546578416
2022-06-04,16.78,25.2,8.75,0.24,25.19,40.021375925763245,41.512587546578416
2022-06-05,15.66,22.63,8.52,0.15,29.79,40.021375925763245,41.512587546578416
2022-06-06,14.81,21.96,6.84,0.15,29.69,40.021375925763245,41.512587546578416
2022-06-07,14.75,20.86,7.9,3.15,24.55,40.021375925763245,41.512587546578416
2022-06-08,14.31,20.21,8.46,2.81,22.23,40.021375925763245,41.512587546578416
2022-06-09,13.44,17.67,7.43,4.26,17.22,40.021375925763245,41.512587546578416
2022-06-10,14.06,19.68,8.99,0.06,26.44,40.021375925763245,41.512587546578416
2022-06-11,14.83,20.31,8.52,0.34,26.62,40.021375925763245,41.512587546578416
2022-06-12,14.5,20.1,8.64,10.08,18.21,40.021375925763245,41.512587546578416
2022-06-13,13.82,20.13,7.42,2.56,22.56,40.021375925763245,41.512587546578416
2022-06-14,11.47,15.09,7.74,12.45,16.51,40.021375925763245,41.512587546578416
2022-06-15,12.12,17.86,6.55,3.34,20.11,40.021375925763245,41.512587546578416
2022-06-16,12.74,19.14,5.53,0.27,24.86,40.021375925763245,41.512587546578416
2022-06-17,14.97,21.82,6.69,0.26,26.49,40.021375925763245,41.512587546578416
2022-06-18,15.99,23.13,7.76,0.29,25.25,40.021375925763245,41.512587546578416
2022-06-19,16.67,24.8,7.22,0.0,27.41,40.021375925763245,41.512587546578416
2022-06-20,17.47,24.81,8.78,0.0,28.46,40.021375925763245,41.512587546578416
2022-06-21,18.15,25.05,11.55,0.63,26.12,40.021375925763245,41.512587546578416
2022-06-22,11.29,16.04,6.26,3.5,14.96,40.021375925763245,41.512587546578416
2022-06-23,11.23,18.29,5.21,1.07,21.92,40.021375925763245,41.512587546578416
2022-06-24,11.59,17.32,4.83,0.26,21.16,40.021375925763245,41.512587546578416
2022-06-25,10.82,14.34,8.17,13.61,10.21,40.021375925763245,41.512587546578416
2022-06-26,11.54,16.98,7.29,4.2,11.99,40.021375925763245,41.512587546578416
2022-06-27,12.15,18.62,5.06,1.27,20.81,40.021375925763245,41.512587546578416
2022-06-28,14.64,20.93,7.89,0.0,26.12,40.021375925763245,41.512587546578416
2022-06-29,15.39,22.17,7.92,0.05,26.44,40.021375925763245,41.512587546578416
2022-06-30,16.19,23.61,8.51,0.13,27.37,40.021375925763245,41.512587546578416
2022-07-01,16.25,23.59,9.04,0.41,24.06,40.021375925763245,41.512587546578416
2022-07-02,13.18,18.84,5.07,1.54,23.37,40.021375925763245,41.512587546578416
2022-07-03,10.27,18.78,1.38,0.0,31.36,40.021375925763245,41.512587546578416
2022-07-04,11.67,20.94,1.64,0.0,31.39,40.021375925763245,41.512587546578416
2022-07-05,13.89,22.61,4.86,0.0,30.28,40.021375925763245,41.512587546578416
2022-07-06,14.82,23.5,5.35,0.0,31.14,40.021375925763245,41.512587546578416
2022-07-07,16.24,24.22,6.62,0.02,28.94,40.021375925763245,41.512587546578416
2022-07-08,16.51,22.64,9.36,3.11,21.9,40.021375925763245,41.512587546578416
2022-07-09,17.6,25.24,8.42,0.0,28.42,40.021375925763245,41.512587546578416
2022-07-10,18.79,27.19,9.59,0.02,26.57,40.021375925763245,41.512587546578416
2022-07-11,18.18,26.06,11.47,0.15,27.12,40.021375925763245,41.512587546578416
2022-07-12,17.24,26.56,9.31,0.14,22.07,40.021375925763245,41.512587546578416
2022-07-13,16.75,26.62,8.21,0.18,25.56,40.021375925763245,41.512587546578416
2022-07-14,15.55,23.84,9.15,0.0,23.58,40.021375925763245,41.512587546578416
2022-07-15,20.08,30.4,9.55,0.0,28.13,40.021375925763245,41.512587546578416
2022-07-16,20.91,30.2,11.87,0.0,25.35,40.021375925763245,41.512587546578416
2022-07-17,19.2,29.64,9.92,0.0,24.82,40.021375925763245,41.512587546578416
2022-07-18,19.05,29.65,10.35,0.08,24.24,40.021375925763245,41.512587546578416
2022-07-19,18.77,29.05,10.8,0.56,23.01,40.021375925763245,41.512587546578416
2022-07-20,18.07,27.81,9.71,0.04,24.5,40.021375925763245,41.512587546578416
2022-07-21,16.63,26.05,10.23,0.47,19.17,40.021375925763245,41.512587546578416
2022-07-22,15.02,24.02,8.54,0.22,22.13,40.021375925763245,41.512587546578416
2022-07-23,13.32,23.14,5.21,0.02,28.87,40.021375925763245,41.512587546578416
2022-07-24,12.12,20.93,5.06,0.33,23.5,40.021375925763245,41.512587546578416
2022-07-25,13.24,23.07,3.24,0.0,29.53,40.021375925763245,41.512587546578416
2022-07-26,16.72,27.09,6.83,0.0,25.78,40.021375925763245,41.512587546578416
2022-07-27,16.76,26.72,8.16,0.0,26.83,40.021375925763245,41.512587546578416
2022-07-28,17.74,28.68,7.45,0.0,29.88,40.021375925763245,41.512587546578416
2022-07-29,19.16,29.77,8.81,0.03,29.39,40.021375925763245,41.512587546578416
2022-07-30,20.4,30.01,10.92,0.19,24.89,40.021375925763245,41.512587546578416
2022-07-31,20.46,28.91,11.07,0.0,25.0,40.021375925763245,41.512587546578416
2022-08-01,20.81,30.01,11.01,0.0,25.27,40.021375925763245,41.512587546578416
2022-08-02,20.51,29.36,12.43,0.0,27.55,40.021375925763245,41.512587546578416
2022-08-03,20.33,29.71,11.93,0.07,24.52,40.021375925763245,41.512587546578416
2022-08-04,20.6,29.68,12.5,0.39,23.46,40.021375925763245,41.512587546578416
2022-08-05,20.45,29.87,12.42,0.13,21.2,40.021375925763245,41.512587546578416
2022-08-06,19.13,27.97,11.94,0.15,26.2,40.021375925763245,41.512587546578416
2022-08-07,19.25,29.27,10.25,0.0,25.42,40.021375925763245,41.512587546578416
2022-08-08,18.88,26.46,11.2,0.13,22.1,40.021375925763245,41.512587546578416
2022-08-09,20.53,28.71,11.84,0.02,22.78,40.021375925763245,41.512587546578416
2022-08-10,21.13,30.23,12.18,0.05,24.23,40.021375925763245,41.512587546578416
2022-08-11,19.99,29.23,10.49,0.77,23.79,40.021375925763245,41.512587546578416
2022-08-12,19.53,28.48,12.03,1.55,21.03,40.021375925763245,41.512587546578416
2022-08-13,20.56,30.07,11.45,0.0,24.52,40.021375925763245,41.512587546578416
2022-08-14,21.13,30.43,10.86,0.0,25.9,40.021375925763245,41.512587546578416
2022-08-15,21.55,30.76,14.18,0.0,26.87,40.021375925763245,41.512587546578416
2022-08-16,21.07,30.27,13.05,0.13,26.55,40.021375925763245,41.512587546578416
2022-08-17,20.69,31.5,11.13,0.29,25.96,40.021375925763245,41.512587546578416
2022-08-18,19.88,30.32,10.27,0.19,25.26,40.021375925763245,41.512587546578416
2022-08-19,19.27,29.39,10.65,0.31,22.79,40.021375925763245,41.512587546578416
2022-08-20,19.74,28.47,11.39,0.05,22.17,40.021375925763245,41.512587546578416
2022-08-21,19.23,26.54,10.0,0.0,22.02,40.021375925763245,41.512587546578416
2022-08-22,18.94,27.57,11.7,0.15,18.18,40.021375925763245,41.512587546578416
2022-08-23,19.99,28.07,11.43,0.0,20.92,40.021375925763245,41.512587546578416
2022-08-24,20.22,29.18,11.09,0.02,21.86,40.021375925763245,41.512587546578416
2022-08-25,21.01,29.79,11.62,0.0,22.5,40.021375925763245,41.512587546578416
2022-08-26,21.01,29.56,12.7,0.0,23.46,40.021375925763245,41.512587546578416
2022-08-27,20.57,28.98,12.69,0.0,23.65,40.021375925763245,41.512587546578416
2022-08-28,20.4,29.39,13.77,0.0,25.56,40.021375925763245,41.512587546578416
2022-08-29,19.57,28.6,12.47,0.01,24.28,40.021375925763245,41.512587546578416
2022-08-30,19.41,28.38,10.25,0.0,24.87,40.021375925763245,41.512587546578416
2022-08-31,21.17,29.82,13.62,0.0,22.96,40.021375925763245,41.512587546578416
2022-09-01,21.63,29.18,14.65,0.0,21.9,40.021375925763245,41.512587546578416
2022-09-02,22.26,29.36,15.21,0.01,19.15,40.021375925763245,41.512587546578416
2022-09-03,22.57,29.72,16.81,0.28,19.93,40.021375925763245,41.512587546578416
2022-09-04,20.3,28.74,13.35,1.91,20.02,40.021375925763245,41.512587546578416
2022-09-05,16.56,26.21,10.14,2.04,18.4,40.021375925763245,41.512587546578416
2022-09-06,12.24,20.59,6.39,4.79,12.4,40.021375925763245,41.512587546578416
2022-09-07,9.92,17.78,5.32,1.07,12.62,40.021375925763245,41.512587546578416
2022-09-08,11.87,22.77,3.91,0.05,21.66,40.021375925763245,41.512587546578416
2022-09-09,13.47,22.69,5.55,0.0,24.31,40.021375925763245,41.512587546578416
2022-09-10,15.54,24.54,8.26,0.0,23.99,40.021375925763245,41.512587546578416
2022-09-11,16.43,24.36,10.65,0.0,23.82,40.021375925763245,41.512587546578416
2022-09-12,16.49,26.05,8.4,0.0,22.79,40.021375925763245,41.512587546578416
2022-09-13,16.02,24.07,8.96,5.92,18.12,40.021375925763245,41.512587546578416
2022-09-14,11.28,17.74,5.73,3.95,16.38,40.021375925763245,41.512587546578416
2022-09-15,12.26,21.11,4.54,0.0,23.27,40.021375925763245,41.512587546578416
2022-09-16,14.3,23.28,6.66,0.0,22.1,40.021375925763245,41.512587546578416
2022-09-17,16.2,24.42,9.55,0.0,20.01,40.021375925763245,41.512587546578416
2022-09-18,17.7,26.73,9.49,0.0,21.54,40.021375925763245,41.512587546578416
2022-09-19,17.15,25.93,9.97,0.4,19.6,40.021375925763245,41.512587546578416
2022-09-20,15.62,24.25,8.19,1.07,18.31,40.021375925763245,41.512587546578416
2022-09-21,15.42,22.05,10.3,1.55,10.69,40.021375925763245,41.512587546578416
2022-09-22,11.9,16.3,8.1,5.08,14.01,40.021375925763245,41.512587546578416
2022-09-23,10.89,16.24,7.21,3.2,12.5,40.021375925763245,41.512587546578416
2022-09-24,9.0,16.62,2.1,2.42,8.62,40.021375925763245,41.512587546578416
2022-09-25,6.83,16.02,-0.36,0.48,19.35,40.021375925763245,41.512587546578416
2022-09-26,11.46,20.97,3.33,0.0,21.08,40.021375925763245,41.512587546578416
2022-09-27,13.13,23.38,4.72,0.0,20.32,40.021375925763245,41.512587546578416
2022-09-28,13.59,23.1,5.64,0.0,20.18,40.021375925763245,41.512587546578416
2022-09-29,13.06,20.72,7.53,0.0,17.92,40.021375925763245,41.512587546578416
2022-09-30,12.54,21.16,6.61,0.0,19.47,40.021375925763245,41.512587546578416
2022-10-01,10.75,20.22,3.42,0.0,19.99,40.021375925763245,41.512587546578416
2022-10-02,12.95,22.57,3.88,0.0,19.27,40.021375925763245,41.512587546578416
2022-10-03,13.16,20.65,6.75,4.26,11.78,40.021375925763245,41.512587546578416
2022-10-04,13.03,20.65,7.59,0.45,13.56,40.021375925763245,41.512587546578416
2022-10-05,13.68,20.88,7.87,1.15,10.88,40.021375925763245,41.512587546578416
2022-10-06,13.5,21.65,6.83,0.85,15.56,40.021375925763245,41.512587546578416
2022-10-07,12.29,22.21,4.35,0.0,17.22,40.021375925763245,41.512587546578416
2022-10-08,13.48,22.04,6.98,0.21,10.06,40.021375925763245,41.512587546578416
2022-10-09,10.54,14.98,5.21,3.66,8.36,40.021375925763245,41.512587546578416
2022-10-10,7.55,14.24,3.74,1.24,12.63,40.021375925763245,41.512587546578416
2022-10-11,7.1,15.47,1.75,0.3,15.36,40.021375925763245,41.512587546578416
2022-10-12,8.18,16.53,1.45,0.0,16.86,40.021375925763245,41.512587546578416
2022-10-13,7.16,10.44,3.67,0.03,9.78,40.021375925763245,41.512587546578416
2022-10-14,6.71,12.55,1.75,3.42,10.98,40.021375925763245,41.512587546578416
2022-10-15,7.77,12.24,4.58,6.76,9.07,40.021375925763245,41.512587546578416
2022-10-16,8.6,15.04,3.22,0.88,12.15,40.021375925763245,41.512587546578416
2022-10-17,10.51,17.54,5.23,0.51,10.54,40.021375925763245,41.512587546578416
2022-10-18,9.19,15.77,4.8,0.99,11.16,40.021375925763245,41.512587546578416
2022-10-19,8.92,15.9,3.27,0.1,10.31,40.021375925763245,41.512587546578416
2022-10-20,8.06,15.76,2.92,6.56,9.75,40.021375925763245,41.512587546578416
2022-10-21,2.66,8.51,-2.12,4.53,9.02,40.021375925763245,41.512587546578416
2022-10-22,1.88,8.93,-4.05,0.69,12.27,40.021375925763245,41.512587546578416
2022-10-23,4.2,12.5,-0.82,0.0,15.29,40.021375925763245,41.512587546578416
2022-10-24,3.43,10.4,-0.72,1.12,10.49,40.021375925763245,41.512587546578416
2022-10-25,4.18,12.69,-2.39,0.47,13.75,40.021375925763245,41.512587546578416
2022-10-26,5.72,13.85,-0.31,0.0,13.99,40.021375925763245,41.512587546578416
2022-10-27,4.12,11.25,-0.69,1.2,13.09,40.021375925763245,41.512587546578416
2022-10-28,1.6,10.28,-3.94,2.63,11.47,40.021375925763245,41.512587546578416
2022-10-29,1.39,9.72,-4.08,0.04,13.77,40.021375925763245,41.512587546578416
2022-10-30,3.67,12.17,-1.36,0.0,14.67,40.021375925763245,41.512587546578416
2022-10-31,3.11,11.91,-2.81,0.12,13.8,40.021375925763245,41.512587546578416
2022-11-01,0.01,6.15,-4.9,5.22,9.17,40.021375925763245,41.512587546578416
2022-11-02,-0.16,8.62,-6.65,0.53,13.22,40.021375925763245,41.512587546578416
2022-11-03,1.06,7.32,-3.22,0.59,10.24,40.021375925763245,41.512587546578416
2022-11-04,1.49,8.05,-2.06,1.23,11.63,40.021375925763245,41.512587546578416
2022-11-05,1.43,7.93,-2.64,0.0,10.28,40.021375925763245,41.512587546578416
2022-11-06,1.64,7.7,-2.51,0.0,9.08,40.021375925763245,41.512587546578416
2022-11-07,3.66,10.11,-1.57,0.0,10.44,40.021375925763245,41.512587546578416
2022-11-08,1.89,6.9,-1.14,0.44,7.65,40.021375925763245,41.512587546578416
2022-11-09,1.6,6.21,-2.12,1.41,7.87,40.021375925763245,41.512587546578416
2022-11-10,1.2,6.22,-1.86,0.66,7.27,40.021375925763245,41.512587546578416
2022-11-11,1.01,7.16,-3.0,0.09,9.04,40.021375925763245,41.512587546578416
2022-11-12,0.98,8.05,-3.35,0.0,11.14,40.021375925763245,41.512587546578416
2022-11-13,1.82,9.83,-2.67,0.01,11.53,40.021375925763245,41.512587546578416
2022-11-14,1.15,8.74,-2.73,0.28,10.84,40.021375925763245,41.512587546578416
2022-11-15,0.69,8.23,-3.26,0.27,11.61,40.021375925763245,41.512587546578416
2022-11-16,-1.15,3.39,-3.97,3.54,6.88,40.021375925763245,41.512587546578416
2022-11-17,-1.05,4.58,-4.06,1.28,7.66,40.021375925763245,41.512587546578416
2022-11-18,-0.2,5.97,-3.67,0.03,5.39,40.021375925763245,41.512587546578416
2022-11-19,0.88,6.49,-2.42,0.27,5.96,40.021375925763245,41.512587546578416
2022-11-20,3.04,10.64,-1.36,0.0,10.79,40.021375925763245,41.512587546578416
2022-11-21,2.99,9.82,-0.86,0.12,6.63,40.021375925763245,41.512587546578416
2022-11-22,1.85,6.86,-1.26,0.09,4.18,40.021375925763245,41.512587546578416
2022-11-23,1.21,8.61,-2.53,0.31,9.36,40.021375925763245,41.512587546578416
2022-11-24,1.36,8.05,-2.56,0.14,8.16,40.021375925763245,41.512587546578416
2022-11-25,1.52,5.87,-0.83,3.16,2.39,40.021375925763245,41.512587546578416
2022-11-26,0.04,3.75,-2.29,5.93,3.39,40.021375925763245,41.512587546578416
2022-11-27,-1.84,3.79,-5.43,1.37,6.13,40.021375925763245,41.512587546578416
2022-11-28,-1.6,4.98,-5.27,0.0,8.43,40.021375925763245,41.512587546578416
2022-11-29,-0.23,6.93,-4.81,0.12,7.5,40.021375925763245,41.512587546578416
2022-11-30,-0.4,2.22,-2.43,2.77,3.36,40.021375925763245,41.512587546578416
2022-12-01,0.65,7.36,-2.3,0.0,5.07,40.021375925763245,41.512587546578416
2022-12-02,0.36,5.41,-2.29,0.3,4.4,40.021375925763245,41.512587546578416
2022-12-03,-1.06,2.03,-3.34,3.45,3.05,40.021375925763245,41.512587546578416
2022-12-04,-1.94,2.71,-4.34,1.36,6.09,40.021375925763245,41.512587546578416
2022-12-05,-1.95,2.44,-4.77,0.13,5.57,40.021375925763245,41.512587546578416
2022-12-06,-2.55,1.35,-4.99,0.28,6.41,40.021375925763245,41.512587546578416
2022-12-07,-3.2,1.2,-5.51,0.79,5.08,40.021375925763245,41.512587546578416
2022-12-08,-2.78,1.74,-5.97,0.1,5.84,40.021375925763245,41.512587546578416
2022-12-09,-2.09,2.42,-5.51,0.0,6.29,40.021375925763245,41.512587546578416
2022-12-10,-2.15,3.47,-5.42,0.0,7.96,40.021375925763245,41.512587546578416
2022-12-11,-1.74,5.15,-6.02,0.05,7.47,40.021375925763245,41.512587546578416
2022-12-12,-1.46,2.74,-4.41,0.75,3.88,40.021375925763245,41.512587546578416
2022-12-13,-1.88,2.94,-4.65,1.49,3.61,40.021375925763245,41.512587546578416
2022-12-14,-2.17,3.6,-5.99,1.11,5.64,40.021375925763245,41.512587546578416
2022-12-15,-0.73,4.21,-2.99,1.2,3.71,40.021375925763245,41.512587546578416
2022-12-16,-0.63,4.4,-3.45,1.27,5.16,40.021375925763245,41.512587546578416
2022-12-17,0.13,6.3,-4.58,0.0,8.29,40.021375925763245,41.512587546578416
2022-12-18,1.47,8.29,-2.01,0.0,8.12,40.021375925763245,41.512587546578416
2022-12-19,-0.36,6.37,-3.89,1.43,8.12,40.021375925763245,41.512587546578416
2022-12-20,-4.48,0.24,-7.4,2.11,3.46,40.021375925763245,41.512587546578416
2022-12-21,-4.2,1.96,-8.71,0.0,6.3,40.021375925763245,41.512587546578416
2022-12-22,-3.79,1.58,-7.85,0.0,7.48,40.021375925763245,41.512587546578416
2022-12-23,-4.28,1.56,-9.02,0.0,7.4,40.021375925763245,41.512587546578416
2022-12-24,-4.3,1.97,-9.87,0.0,7.44,40.021375925763245,41.512587546578416
2022-12-25,-5.45,0.83,-9.75,0.01,7.99,40.021375925763245,41.512587546578416
2022-12-26,-5.84,-0.81,-9.35,0.05,7.05,40.021375925763245,41.512587546578416
2022-12-27,-4.95,-0.89,-7.96,0.31,7.96,40.021375925763245,41.512587546578416
2022-12-28,-4.84,0.53,-8.86,1.98,6.42,40.021375925763245,41.512587546578416
2022-12-29,-6.76,-1.36,-10.18,1.47,7.9,40.021375925763245,41.512587546578416
2022-12-30,-5.62,1.99,-11.41,0.0,8.72,40.021375925763245,41.512587546578416
2022-12-31,-4.81,2.63,-8.99,0.0,9.05,40.021375925763245,41.512587546578416
2023-01-01,-4.68,2.38,-8.78,0.0,8.42,40.021375925763245,41.512587546578416
2023-01-02,-2.6,5.72,-9.21,0.0,8.9,40.021375925763245,41.512587546578416
2023-01-03,-0.47,6.52,-4.85,0.0,8.77,40.021375925763245,41.512587546578416
2023-01-04,-1.86,5.39,-6.53,0.0,9.12,40.021375925763245,41.512587546578416
2023-01-05,-5.17,1.27,-10.04,0.28,8.25,40.021375925763245,41.512587546578416
2023-01-06,-5.59,0.12,-10.35,1.66,6.76,40.021375925763245,41.512587546578416
2023-01-07,-6.59,-3.04,-9.63,4.09,5.35,40.021375925763245,41.512587546578416
2023-01-08,-8.8,-4.79,-11.47,2.77,5.95,40.021375925763245,41.512587546578416
2023-01-09,-9.86,-4.54,-13.75,0.43,6.93,40.021375925763245,41.512587546578416
2023-01-10,-8.72,-0.51,-14.26,0.0,9.9,40.021375925763245,41.512587546578416
2023-01-11,-7.61,1.21,-12.45,0.0,8.61,40.021375925763245,41.512587546578416
2023-01-12,-7.51,1.6,-13.6,0.0,8.09,40.021375925763245,41.512587546578416
2023-01-13,-7.53,-2.51,-10.62,0.0,8.3,40.021375925763245,41.512587546578416
2023-01-14,-7.47,-2.33,-11.89,0.24,8.32,40.021375925763245,41.512587546578416
2023-01-15,-5.62,-0.3,-9.62,0.13,8.05,40.021375925763245,41.512587546578416
2023-01-16,-5.53,0.39,-10.23,0.14,7.56,40.021375925763245,41.512587546578416
2023-01-17,-4.14,1.24,-8.15,0.12,7.91,40.021375925763245,41.512587546578416
2023-01-18,-3.87,2.41,-8.38,0.0,8.76,40.021375925763245,41.512587546578416
2023-01-19,-1.3,5.85,-6.75,0.0,9.89,40.021375925763245,41.512587546578416
2023-01-20,-0.54,7.3,-4.26,0.0,10.52,40.021375925763245,41.512587546578416
2023-01-21,-0.59,6.42,-5.72,0.0,10.19,40.021375925763245,41.512587546578416
2023-01-22,-1.28,3.9,-4.36,0.0,9.41,40.021375925763245,41.512587546578416
2023-01-23,-2.82,2.56,-6.41,0.0,7.99,40.021375925763245,41.512587546578416
2023-01-24,-5.8,0.5,-10.57,0.01,9.77,40.021375925763245,41.512587546578416
2023-01-25,-6.81,-0.96,-12.39,0.02,9.75,40.021375925763245,41.512587546578416
2023-01-26,-6.52,-1.19,-11.53,0.0,10.86,40.021375925763245,41.512587546578416
2023-01-27,-6.37,1.36,-12.05,0.0,10.53,40.021375925763245,41.512587546578416
2023-01-28,-6.24,-1.75,-9.85,5.27,6.02,40.021375925763245,41.512587546578416
2023-01-29,-6.25,-2.13,-8.79,2.23,6.57,40.021375925763245,41.512587546578416
2023-01-30,-7.03,-3.39,-10.77,0.84,8.15,40.021375925763245,41.512587546578416
2023-01-31,-6.4,-2.42,-10.45,0.58,8.57,40.021375925763245,41.512587546578416
2023-02-01,-6.6,-2.59,-9.73,1.55,10.33,40.021375925763245,41.512587546578416
2023-02-02,-9.26,-6.32,-14.24,14.54,8.01,40.021375925763245,41.512587546578416
2023-02-03,-14.73,-7.94,-19.49,0.69,12.86,40.021375925763245,41.512587546578416
2023-02-04,-14.12,-7.03,-21.15,0.79,9.18,40.021375925763245,41.512587546578416
2023-02-05,-10.31,-4.87,-16.08,3.38,11.4,40.021375925763245,41.512587546578416
2023-02-06,-6.34,-2.33,-10.28,6.11,7.03,40.021375925763245,41.512587546578416
2023-02-07,-8.68,-4.97,-17.21,4.41,7.68,40.021375925763245,41.512587546578416
2023-02-08,-14.98,-9.47,-19.85,1.79,11.35,40.021375925763245,41.512587546578416
2023-02-09,-14.51,-7.72,-20.47,0.49,13.06,40.021375925763245,41.512587546578416
2023-02-10,-13.89,-6.65,-18.42,0.23,13.51,40.021375925763245,41.512587546578416
2023-02-11,-15.09,-8.29,-19.4,2.6,14.31,40.021375925763245,41.512587546578416
2023-02-12,-15.63,-7.52,-21.64,0.25,14.54,40.021375925763245,41.512587546578416
2023-02-13,-17.49,-10.22,-22.38,2.32,13.7,40.021375925763245,41.512587546578416
2023-02-14,-16.72,-7.75,-22.68,0.31,15.88,40.021375925763245,41.512587546578416
2023-02-15,-15.57,-9.63,-21.18,1.47,13.7,40.021375925763245,41.512587546578416
2023-02-16,-16.51,-10.49,-20.79,4.2,15.8,40.021375925763245,41.512587546578416
2023-02-17,-15.55,-7.46,-20.94,1.61,16.03,40.021375925763245,41.512587546578416
2023-02-18,-11.47,-3.85,-18.14,0.04,15.58,40.021375925763245,41.512587546578416
2023-02-19,-8.36,-2.62,-13.57,3.07,13.98,40.021375925763245,41.512587546578416
2023-02-20,-5.37,-0.79,-9.62,2.89,16.04,40.021375925763245,41.512587546578416
2023-02-21,-8.45,-4.27,-13.81,1.32,14.4,40.021375925763245,41.512587546578416
2023-02-22,-8.02,-1.23,-13.38,0.67,13.09,40.021375925763245,41.512587546578416
2023-02-23,-6.76,-0.99,-11.69,3.04,13.05,40.021375925763245,41.512587546578416
2023-02-24,-11.34,-4.22,-17.31,0.4,18.11,40.021375925763245,41.512587546578416
2023-02-25,-8.68,0.05,-17.63,0.0,15.88,40.021375925763245,41.512587546578416
2023-02-26,-6.85,0.39,-12.47,0.0,16.96,40.021375925763245,41.512587546578416
2023-02-27,-4.95,1.74,-10.92,0.0,17.62,40.021375925763245,41.512587546578416
2023-02-28,-0.77,5.06,-7.2,0.0,15.43,40.021375925763245,41.512587546578416
2023-03-01,-0.71,3.2,-3.65,0.08,14.58,40.021375925763245,41.512587546578416
2023-03-02,-1.02,2.32,-3.36,4.89,12.18,40.021375925763245,41.512587546578416
2023-03-03,-0.63,3.0,-4.2,0.77,5.37,40.021375925763245,41.512587546578416
2023-03-04,0.12,4.24,-3.76,0.45,13.29,40.021375925763245,41.512587546578416
2023-03-05,0.9,2.83,-0.58,2.02,4.78,40.021375925763245,41.512587546578416
2023-03-06,-0.06,3.27,-7.52,58.96,4.81,40.021375925763245,41.512587546578416
2023-03-07,-5.45,0.26,-11.07,0.12,11.11,40.021375925763245,41.512587546578416
2023-03-08,-1.87,2.49,-5.97,0.0,15.18,40.021375925763245,41.512587546578416
2023-03-09,-2.07,2.31,-7.77,0.0,17.23,40.021375925763245,41.512587546578416
2023-03-10,-1.39,2.85,-4.64,0.03,14.59,40.021375925763245,41.512587546578416
2023-03-11,0.33,5.32,-4.0,0.0,11.01,40.021375925763245,41.512587546578416
2023-03-12,1.39,6.58,-2.71,0.02,13.14,40.021375925763245,41.512587546578416
2023-03-13,0.49,4.88,-2.23,1.49,6.22,40.021375925763245,41.512587546578416
2023-03-14,1.84,7.28,-2.19,6.83,8.62,40.021375925763245,41.512587546578416
2023-03-15,4.37,10.65,-1.53,1.43,13.1,40.021375925763245,41.512587546578416
2023-03-16,3.63,9.05,0.05,2.54,5.11,40.021375925763245,41.512587546578416
2023-03-17,2.59,9.46,-2.29,0.42,9.77,40.021375925763245,41.512587546578416
2023-03-18,1.53,7.06,-3.02,0.96,12.03,40.021375925763245,41.512587546578416
2023-03-19,1.3,6.77,-2.34,6.96,6.67,40.021375925763245,41.512587546578416
2023-03-20,0.24,4.28,-2.72,5.1,8.39,40.021375925763245,41.512587546578416
2023-03-21,-0.58,4.03,-4.55,0.09,10.52,40.021375925763245,41.512587546578416
2023-03-22,2.68,8.85,-3.18,0.0,16.39,40.021375925763245,41.512587546578416
2023-03-23,3.01,8.28,-0.86,0.65,11.51,40.021375925763245,41.512587546578416
2023-03-24,2.13,6.46,-1.02,1.09,14.44,40.021375925763245,41.512587546578416
2023-03-25,1.62,6.0,-1.16,11.83,7.76,40.021375925763245,41.512587546578416
2023-03-26,4.07,10.0,-0.64,2.14,8.21,40.021375925763245,41.512587546578416
2023-03-27,3.11,8.45,-0.56,8.56,9.85,40.021375925763245,41.512587546578416
2023-03-28,3.49,10.78,-3.29,0.3,16.26,40.021375925763245,41.512587546578416
2023-03-29,2.1,7.03,-1.9,8.61,8.5,40.021375925763245,41.512587546578416
2023-03-30,-4.45,1.38,-9.33,3.1,6.65,40.021375925763245,41.512587546578416
2023-03-31,-7.09,-3.0,-9.62,2.53,5.04,40.021375925763245,41.512587546578416
2023-04-01,-3.73,3.35,-9.65,0.0,20.97,40.021375925763245,41.512587546578416
2023-04-02,0.48,6.94,-5.36,0.04,12.38,40.021375925763245,41.512587546578416
2023-04-03,2.33,7.13,-1.39,0.48,13.84,40.021375925763245,41.512587546578416
2023-04-04,4.59,12.2,-0.88,0.03,18.91,40.021375925763245,41.512587546578416
2023-04-05,4.02,10.17,-0.96,0.38,13.34,40.021375925763245,41.512587546578416
2023-04-06,1.74,7.16,-1.8,3.77,9.58,40.021375925763245,41.512587546578416
2023-04-07,0.91,5.23,-3.41,6.77,10.03,40.021375925763245,41.512587546578416
2023-04-08,-0.48,3.41,-3.36,9.49,13.44,40.021375925763245,41.512587546578416
2023-04-09,1.85,8.46,-3.85,0.84,16.85,40.021375925763245,41.512587546578416
2023-04-10,2.58,6.27,-0.5,4.35,6.4,40.021375925763245,41.512587546578416
2023-04-11,3.36,7.15,1.27,5.48,4.84,40.021375925763245,41.512587546578416
2023-04-12,4.92,10.58,0.65,11.29,8.79,40.021375925763245,41.512587546578416
2023-04-13,-0.02,2.83,-2.82,6.53,8.11,40.021375925763245,41.512587546578416
2023-04-14,0.2,4.76,-3.07,0.53,14.17,40.021375925763245,41.512587546578416
2023-04-15,4.29,10.9,-3.04,0.0,17.74,40.021375925763245,41.512587546578416
2023-04-16,7.66,14.03,1.05,0.01,22.72,40.021375925763245,41.512587546578416
2023-04-17,7.13,13.01,2.37,0.69,18.96,40.021375925763245,41.512587546578416
2023-04-18,6.74,12.87,0.9,0.11,21.95,40.021375925763245,41.512587546578416
2023-04-19,6.3,12.86,1.4,12.71,20.53,40.021375925763245,41.512587546578416
2023-04-20,5.7,10.51,0.71,17.15,13.1,40.021375925763245,41.512587546578416
2023-04-21,4.0,9.97,-1.51,1.51,16.28,40.021375925763245,41.512587546578416
2023-04-22,3.51,9.62,-2.97,0.0,18.39,40.021375925763245,41.512587546578416
2023-04-23,3.05,9.39,-1.45,6.43,13.23,40.021375925763245,41.512587546578416
2023-04-24,4.55,10.33,-0.52,1.36,12.99,40.021375925763245,41.512587546578416
2023-04-25,4.16,11.1,-1.45,0.13,20.06,40.021375925763245,41.512587546578416
2023-04-26,3.61,9.89,-2.77,0.35,17.52,40.021375925763245,41.512587546578416
2023-04-27,4.94,10.48,-0.41,1.14,12.31,40.021375925763245,41.512587546578416
2023-04-28,5.61,11.33,-1.58,1.41,15.85,40.021375925763245,41.512587546578416
2023-04-29,4.64,10.22,-0.91,14.4,3.64,40.021375925763245,41.512587546578416
2023-04-30,1.4,6.05,-2.97,2.4,15.72,40.021375925763245,41.512587546578416
2023-05-01,1.2,5.23,-2.14,1.77,13.98,40.021375925763245,41.512587546578416
2023-05-02,1.2,6.5,-3.17,0.45,17.15,40.021375925763245,41.512587546578416
2023-05-03,0.3,5.61,-3.8,0.13,17.7,40.021375925763245,41.512587546578416
2023-05-04,5.34,13.18,-3.75,0.0,24.71,40.021375925763245,41.512587546578416
2023-05-05,8.72,16.28,1.88,0.0,28.55,40.021375925763245,41.512587546578416
2023-05-06,7.63,13.42,1.34,0.39,16.05,40.021375925763245,41.512587546578416
2023-05-07,8.22,14.76,2.33,2.32,19.58,40.021375925763245,41.512587546578416
2023-05-08,5.15,9.5,1.4,4.49,13.96,40.021375925763245,41.512587546578416
2023-05-09,6.76,12.66,0.79,0.11,23.6,40.021375925763245,41.512587546578416
2023-05-10,8.04,14.58,1.92,0.58,19.02,40.021375925763245,41.512587546578416
2023-05-11,8.63,14.72,2.17,0.76,20.22,40.021375925763245,41.512587546578416
2023-05-12,8.6,12.88,4.55,1.11,9.75,40.021375925763245,41.512587546578416
2023-05-13,5.62,12.17,0.54,14.64,7.15,40.021375925763245,41.512587546578416
2023-05-14,3.33,10.91,-2.21,1.35,18.54,40.021375925763245,41.512587546578416
2023-05-15,2.81,9.45,-3.63,0.05,19.51,40.021375925763245,41.512587546578416
2023-05-16,6.42,15.26,-3.44,0.0,26.84,40.021375925763245,41.512587546578416
2023-05-17,9.99,17.41,1.17,0.0,29.23,40.021375925763245,41.512587546578416
2023-05-18,11.02,17.99,3.47,0.01,21.22,40.021375925763245,41.512587546578416
2023-05-19,10.28,17.74,3.76,0.06,20.66,40.021375925763245,41.512587546578416
2023-05-20,7.58,12.78,3.26,1.31,10.38,40.021375925763245,41.512587546578416
2023-05-21,6.62,11.02,2.3,4.96,13.61,40.021375925763245,41.512587546578416
2023-05-22,8.03,14.36,2.0,3.19,18.44,40.021375925763245,41.512587546578416
2023-05-23,10.21,17.1,3.37,8.35,23.6,40.021375925763245,41.512587546578416
2023-05-24,9.47,15.29,3.41,3.13,18.25,40.021375925763245,41.512587546578416
2023-05-25,8.8,14.58,4.25,2.73,18.05,40.021375925763245,41.512587546578416
2023-05-26,9.51,13.96,4.97,7.73,18.56,40.021375925763245,41.512587546578416
2023-05-27,10.17,16.98,3.45,0.63,22.7,40.021375925763245,41.512587546578416
2023-05-28,10.75,16.6,5.06,1.0,17.32,40.021375925763245,41.512587546578416
2023-05-29,11.06,16.34,6.04,20.91,16.4,40.021375925763245,41.512587546578416
2023-05-30,10.89,15.88,6.9,4.46,21.9,40.021375925763245,41.512587546578416
2023-05-31,10.22,14.52,5.48,0.69,21.94,40.021375925763245,41.512587546578416
2023-06-01,11.59,17.1,5.8,0.1,23.33,40.021375925763245,41.512587546578416
2023-06-02,11.18,16.54,4.89,3.36,20.43,40.021375925763245,41.512587546578416
2023-06-03,11.17,17.41,4.74,0.53,21.11,40.021375925763245,41.512587546578416
2023-06-04,12.79,18.82,6.84,0.66,18.93,40.021375925763245,41.512587546578416
2023-06-05,13.39,19.32,6.98,0.23,25.19,40.021375925763245,41.512587546578416
2023-06-06,11.92,17.87,4.84,0.68,18.19,40.021375925763245,41.512587546578416
2023-06-07,11.9,19.07,5.55,0.04,26.5,40.021375925763245,41.512587546578416
2023-06-08,14.45,21.27,4.92,0.0,29.32,40.021375925763245,41.512587546578416
2023-06-09,12.57,17.08,8.73,3.69,12.92,40.021375925763245,41.512587546578416
2023-06-10,12.71,17.51,8.07,4.05,13.84,40.021375925763245,41.512587546578416
2023-06-11,12.96,17.97,7.05,2.92,25.32,40.021375925763245,41.512587546578416
2023-06-12,13.63,17.95,7.92,0.91,20.65,40.021375925763245,41.512587546578416
2023-06-13,14.33,18.92,8.47,0.55,22.28,40.021375925763245,41.512587546578416
2023-06-14,13.69,18.43,7.36,0.89,16.56,40.021375925763245,41.512587546578416
2023-06-15,12.19,17.05,7.76,4.2,17.22,40.021375925763245,41.512587546578416
2023-06-16,12.69,19.5,6.0,0.39,22.86,40.021375925763245,41.512587546578416
2023-06-17,13.76,20.91,7.03,0.18,30.64,40.021375925763245,41.512587546578416
2023-06-18,13.36,19.75,7.06,0.41,23.63,40.021375925763245,41.512587546578416
2023-06-19,13.45,19.25,6.65,3.14,24.05,40.021375925763245,41.512587546578416
2023-06-20,11.29,15.79,6.71,2.73,14.21,40.021375925763245,41.512587546578416
2023-06-21,12.23,19.27,5.34,4.65,18.63,40.021375925763245,41.512587546578416
2023-06-22,10.85,15.17,7.42,8.9,9.14,40.021375925763245,41.512587546578416
2023-06-23,10.18,15.64,6.39,14.42,8.48,40.021375925763245,41.512587546578416
2023-06-24,11.68,18.19,5.9,0.09,24.76,40.021375925763245,41.512587546578416
2023-06-25,15.2,22.86,5.2,0.0,31.62,40.021375925763245,41.512587546578416
2023-06-26,16.57,23.17,8.08,0.29,28.93,40.021375925763245,41.512587546578416
2023-06-27,14.47,20.27,8.34,3.71,23.61,40.021375925763245,41.512587546578416
2023-06-28,15.0,21.7,6.16,0.73,26.66,40.021375925763245,41.512587546578416
2023-06-29,15.38,21.57,9.35,0.19,21.53,40.021375925763245,41.512587546578416
2023-06-30,12.59,19.29,6.11,8.2,22.08,40.021375925763245,41.512587546578416
2023-07-01,10.58,18.06,2.83,0.01,28.51,40.021375925763245,41.512587546578416
2023-07-02,14.38,22.79,3.79,0.0,32.04,40.021375925763245,41.512587546578416
2023-07-03,16.56,23.66,9.02,0.11,29.54,40.021375925763245,41.512587546578416
2023-07-04,16.24,23.06,9.19,2.34,25.98,40.021375925763245,41.512587546578416
2023-07-05,16.63,23.45,9.71,0.0,29.42,40.021375925763245,41.512587546578416
2023-07-06,17.85,25.26,8.91,0.0,28.52,40.021375925763245,41.512587546578416
2023-07-07,18.83,26.21,10.3,1.39,27.16,40.021375925763245,41.512587546578416
2023-07-08,16.65,23.36,10.55,21.0,16.95,40.021375925763245,41.512587546578416
2023-07-09,16.05,20.49,11.8,8.78,11.59,40.021375925763245,41.512587546578416
2023-07-10,12.6,18.6,7.28,1.98,19.67,40.021375925763245,41.512587546578416
2023-07-11,10.05,16.23,5.06,4.75,16.7,40.021375925763245,41.512587546578416
2023-07-12,11.48,20.21,3.7,0.18,31.19,40.021375925763245,41.512587546578416
2023-07-13,12.98,21.72,3.67,0.0,31.92,40.021375925763245,41.512587546578416
2023-07-14,15.57,24.66,5.96,0.0,30.79,40.021375925763245,41.512587546578416
2023-07-15,14.72,21.84,8.02,0.0,30.04,40.021375925763245,41.512587546578416
2023-07-16,13.34,21.47,5.48,0.22,24.04,40.021375925763245,41.512587546578416
2023-07-17,11.88,19.76,4.22,0.0,28.94,40.021375925763245,41.512587546578416
2023-07-18,11.86,21.23,2.08,0.0,30.81,40.021375925763245,41.512587546578416
2023-07-19,14.9,24.17,4.89,0.0,29.45,40.021375925763245,41.512587546578416
2023-07-20,17.71,25.95,7.96,0.0,28.05,40.021375925763245,41.512587546578416
2023-07-21,18.66,26.5,11.61,0.0,26.05,40.021375925763245,41.512587546578416
2023-07-22,18.28,26.28,11.27,0.02,28.01,40.021375925763245,41.512587546578416
2023-07-23,18.42,27.06,10.84,0.25,26.31,40.021375925763245,41.512587546578416
2023-07-24,15.83,22.84,10.51,3.55,18.95,40.021375925763245,41.512587546578416
2023-07-25,14.16,20.07,8.91,3.99,23.73,40.021375925763245,41.512587546578416
2023-07-26,17.78,25.3,9.53,0.0,28.09,40.021375925763245,41.512587546578416
2023-07-27,20.75,27.09,12.93,0.0,26.18,40.021375925763245,41.512587546578416
2023-07-28,18.62,26.4,9.96,0.91,21.93,40.021375925763245,41.512587546578416
2023-07-29,16.25,26.6,7.11,0.04,28.35,40.021375925763245,41.512587546578416
2023-07-30,17.45,26.98,8.75,0.94,24.53,40.021375925763245,41.512587546578416
2023-07-31,18.55,26.42,10.56,0.26,24.98,40.021375925763245,41.512587546578416
2023-08-01,19.44,26.84,12.56,0.0,25.39,40.021375925763245,41.512587546578416
2023-08-02,18.77,26.62,11.95,0.01,25.07,40.021375925763245,41.512587546578416
2023-08-03,17.97,26.66,9.75,0.03,27.36,40.021375925763245,41.512587546578416
2023-08-04,16.29,23.6,9.17,0.27,25.54,40.021375925763245,41.512587546578416
2023-08-05,18.49,26.47,10.31,0.25,25.28,40.021375925763245,41.512587546578416
2023-08-06,20.97,27.28,12.82,1.95,24.04,40.021375925763245,41.512587546578416
2023-08-07,20.9,28.19,14.08,0.0,27.03,40.021375925763245,41.512587546578416
2023-08-08,20.71,29.57,11.14,0.0,28.26,40.021375925763245,41.512587546578416
2023-08-09,21.73,30.37,12.75,0.32,25.29,40.021375925763245,41.512587546578416
2023-08-10,23.15,31.23,13.96,0.94,21.56,40.021375925763245,41.512587546578416
2023-08-11,24.05,31.15,16.08,0.18,20.78,40.021375925763245,41.512587546578416
2023-08-12,22.64,30.95,14.02,0.17,21.18,40.021375925763245,41.512587546578416
2023-08-13,21.58,31.18,12.06,0.2,25.34,40.021375925763245,41.512587546578416
2023-08-14,21.55,30.34,13.0,0.0,24.12,40.021375925763245,41.512587546578416
2023-08-15,21.16,29.75,13.21,0.0,25.82,40.021375925763245,41.512587546578416
2023-08-16,20.65,29.84,12.1,0.0,26.42,40.021375925763245,41.512587546578416
2023-08-17,20.93,30.11,12.41,0.0,24.7,40.021375925763245,41.512587546578416
2023-08-18,20.78,28.96,13.74,0.01,22.21,40.021375925763245,41.512587546578416
2023-08-19,18.14,27.13,10.43,0.0,25.26,40.021375925763245,41.512587546578416
2023-08-20,18.56,27.58,9.59,0.0,25.54,40.021375925763245,41.512587546578416
2023-08-21,19.57,28.72,11.49,0.23,22.35,40.021375925763245,41.512587546578416
2023-08-22,18.15,27.3,11.33,1.39,20.96,40.021375925763245,41.512587546578416
2023-08-23,18.47,27.66,10.23,0.0,24.61,40.021375925763245,41.512587546578416
2023-08-24,18.38,27.79,10.56,0.17,22.98,40.021375925763245,41.512587546578416
2023-08-25,15.03,21.84,8.86,1.68,18.35,40.021375925763245,41.512587546578416
2023-08-26,14.39,23.53,6.08,0.03,25.07,40.021375925763245,41.512587546578416
2023-08-27,17.68,27.59,7.68,0.0,25.85,40.021375925763245,41.512587546578416
2023-08-28,18.98,27.64,10.79,0.07,19.47,40.021375925763245,41.512587546578416
2023-08-29,15.51,20.77,11.4,3.51,14.97,40.021375925763245,41.512587546578416
2023-08-30,17.15,24.15,10.1,0.01,23.0,40.021375925763245,41.512587546578416
2023-08-31,19.37,26.44,12.17,0.0,21.45,40.021375925763245,41.512587546578416
2023-09-01,19.72,27.18,13.11,0.03,20.25,40.021375925763245,41.512587546578416
2023-09-02,19.28,27.34,11.6,0.17,19.48,40.021375925763245,41.512587546578416
2023-09-03,18.82,27.65,11.3,1.26,17.64,40.021375925763245,41.512587546578416
2023-09-04,17.03,24.53,10.15,0.06,22.19,40.021375925763245,41.512587546578416
2023-09-05,18.04,27.44,9.42,0.0,20.81,40.021375925763245,41.512587546578416
2023-09-06,19.31,27.99,12.44,0.42,22.96,40.021375925763245,41.512587546578416
2023-09-07,17.28,26.21,10.65,1.35,21.27,40.021375925763245,41.512587546578416
2023-09-08,16.58,26.13,9.45,0.78,19.88,40.021375925763245,41.512587546578416
2023-09-09,14.05,22.03,7.5,0.97,17.23,40.021375925763245,41.512587546578416
2023-09-10,9.87,18.18,3.28,0.95,20.63,40.021375925763245,41.512587546578416
2023-09-11,10.38,19.87,2.18,1.55,20.14,40.021375925763245,41.512587546578416
2023-09-12,10.15,16.33,5.47,2.41,14.46,40.021375925763245,41.512587546578416
2023-09-13,10.11,18.2,4.99,1.12,15.95,40.021375925763245,41.512587546578416
2023-09-14,10.32,19.12,3.77,0.0,22.06,40.021375925763245,41.512587546578416
2023-09-15,12.68,21.84,3.48,0.0,22.24,40.021375925763245,41.512587546578416
2023-09-16,13.28,22.12,6.46,0.08,19.77,40.021375925763245,41.512587546578416
2023-09-17,12.44,21.28,6.29,1.12,18.95,40.021375925763245,41.512587546578416
2023-09-18,11.62,20.43,6.1,2.04,18.8,40.021375925763245,41.512587546578416
2023-09-19,12.47,21.39,3.89,0.0,21.25,40.021375925763245,41.512587546578416
2023-09-20,15.28,23.01,8.44,0.03,17.44,40.021375925763245,41.512587546578416
2023-09-21,14.35,20.93,7.84,0.06,18.21,40.021375925763245,41.512587546578416
2023-09-22,15.11,22.62,9.1,0.0,20.52,40.021375925763245,41.512587546578416
2023-09-23,15.46,23.81,8.74,0.01,17.72,40.021375925763245,41.512587546578416
2023-09-24,14.75,23.54,6.6,0.33,14.61,40.021375925763245,41.512587546578416
2023-09-25,12.86,20.65,7.57,0.99,15.87,40.021375925763245,41.512587546578416
2023-09-26,12.5,20.78,5.29,0.0,18.52,40.021375925763245,41.512587546578416
2023-09-27,13.88,22.57,5.11,0.0,18.68,40.021375925763245,41.512587546578416
2023-09-28,15.58,22.92,9.03,0.0,17.33,40.021375925763245,41.512587546578416
2023-09-29,14.11,21.46,8.55,0.1,12.8,40.021375925763245,41.512587546578416
2023-09-30,12.71,19.91,5.96,0.53,13.2,40.021375925763245,41.512587546578416
2023-10-01,11.98,18.22,7.35,4.71,11.86,40.021375925763245,41.512587546578416
2023-10-02,9.44,13.27,6.22,10.05,9.48,40.021375925763245,41.512587546578416
2023-10-03,6.93,10.91,4.62,6.58,8.71,40.021375925763245,41.512587546578416
2023-10-04,4.89,8.48,1.95,8.33,8.08,40.021375925763245,41.512587546578416
2023-10-05,7.66,16.33,0.49,0.0,18.35,40.021375925763245,41.512587546578416
2023-10-06,8.29,16.66,2.22,0.15,18.68,40.021375925763245,41.512587546578416
2023-10-07,7.39,15.08,1.82,0.72,15.81,40.021375925763245,41.512587546578416
2023-10-08,8.58,17.11,1.74,0.05,18.88,40.021375925763245,41.512587546578416
2023-10-09,7.65,15.49,2.13,1.84,12.73,40.021375925763245,41.512587546578416
2023-10-10,6.36,13.94,0.7,0.71,11.09,40.021375925763245,41.512587546578416
2023-10-11,4.6,12.61,-0.82,0.85,14.67,40.021375925763245,41.512587546578416
2023-10-12,5.41,15.61,-3.44,0.53,17.86,40.021375925763245,41.512587546578416
2023-10-13,7.86,16.02,1.46,0.0,17.71,40.021375925763245,41.512587546578416
2023-10-14,8.7,16.55,2.07,0.0,17.78,40.021375925763245,41.512587546578416
2023-10-15,8.67,16.47,2.99,0.63,16.21,40.021375925763245,41.512587546578416
2023-10-16,6.02,11.0,3.05,3.2,8.08,40.021375925763245,41.512587546578416
2023-10-17,5.93,11.42,1.83,4.77,9.15,40.021375925763245,41.512587546578416
2023-10-18,5.73,10.19,0.85,3.68,5.93,40.021375925763245,41.512587546578416
2023-10-19,5.52,10.09,0.85,7.64,5.06,40.021375925763245,41.512587546578416
2023-10-20,5.19,13.4,-1.24,0.0,15.15,40.021375925763245,41.512587546578416
2023-10-21,6.98,14.93,0.4,0.0,15.53,40.021375925763245,41.512587546578416
2023-10-22,9.1,16.06,2.79,0.0,14.78,40.021375925763245,41.512587546578416
2023-10-23,9.54,15.91,5.29,0.58,14.19,40.021375925763245,41.512587546578416
2023-10-24,7.78,14.45,3.01,0.81,11.45,40.021375925763245,41.512587546578416
2023-10-25,7.17,14.0,1.8,0.0,12.79,40.021375925763245,41.512587546578416
2023-10-26,8.11,14.08,2.97,0.0,8.93,40.021375925763245,41.512587546578416
2023-10-27,6.88,11.32,3.12,0.12,9.01,40.021375925763245,41.512587546578416
2023-10-28,8.44,16.26,4.11,0.0,12.17,40.021375925763245,41.512587546578416
2023-10-29,9.33,16.7,2.88,0.0,13.5,40.021375925763245,41.512587546578416
2023-10-30,8.46,15.94,2.71,0.0,13.08,40.021375925763245,41.512587546578416
2023-10-31,8.66,16.21,2.47,0.0,12.77,40.021375925763245,41.512587546578416
2023-11-01,8.76,15.51,4.29,0.65,10.35,40.021375925763245,41.512587546578416
2023-11-02,6.8,12.57,2.94,0.58,10.44,40.021375925763245,41.512587546578416
2023-11-03,5.58,8.92,2.77,11.48,4.76,40.021375925763245,41.512587546578416
2023-11-04,5.76,12.5,1.52,0.48,12.3,40.021375925763245,41.512587546578416
2023-11-05,7.3,15.55,1.56,0.0,12.76,40.021375925763245,41.512587546578416
2023-11-06,5.72,11.93,0.47,0.55,10.05,40.021375925763245,41.512587546578416
2023-11-07,4.58,10.88,-0.35,1.27,10.02,40.021375925763245,41.512587546578416
2023-11-08,4.35,14.02,-1.71,0.0,12.9,40.021375925763245,41.512587546578416
2023-11-09,4.24,11.52,-0.84,0.74,10.45,40.021375925763245,41.512587546578416
2023-11-10,3.64,8.96,0.55,2.96,8.32,40.021375925763245,41.512587546578416
2023-11-11,3.69,10.58,-0.21,0.0,8.27,40.021375925763245,41.512587546578416
2023-11-12,4.16,12.18,-1.63,0.0,9.11,40.021375925763245,41.512587546578416
2023-11-13,3.86,12.06,-1.66,0.0,9.86,40.021375925763245,41.512587546578416
2023-11-14,2.9,5.27,0.76,10.92,4.76,40.021375925763245,41.512587546578416
2023-11-15,2.91,9.1,-0.38,1.12,10.07,40.021375925763245,41.512587546578416
2023-11-16,4.29,9.62,1.18,7.31,7.57,40.021375925763245,41.512587546578416
2023-11-17,-0.15,4.26,-3.08,5.06,8.46,40.021375925763245,41.512587546578416
2023-11-18,0.3,5.49,-4.87,0.58,7.53,40.021375925763245,41.512587546578416
2023-11-19,4.1,7.17,2.43,10.45,2.14,40.021375925763245,41.512587546578416
2023-11-20,-2.37,1.97,-7.69,32.43,1.9,40.021375925763245,41.512587546578416
2023-11-21,-7.93,-3.34,-12.5,3.49,4.03,40.021375925763245,41.512587546578416
2023-11-22,-9.18,-1.24,-14.6,0.13,4.84,40.021375925763245,41.512587546578416
2023-11-23,-5.07,-0.12,-11.39,3.4,3.82,40.021375925763245,41.512587546578416
2023-11-24,-2.4,1.64,-6.43,0.38,5.48,40.021375925763245,41.512587546578416
2023-11-25,-0.51,1.92,-2.22,0.29,3.74,40.021375925763245,41.512587546578416
2023-11-26,0.39,3.02,-2.87,2.22,4.39,40.021375925763245,41.512587546578416
2023-11-27,-1.7,2.49,-10.23,18.77,3.08,40.021375925763245,41.512587546578416
2023-11-28,-9.31,-3.07,-12.89,0.51,5.49,40.021375925763245,41.512587546578416
2023-11-29,-4.78,2.49,-11.51,0.0,5.6,40.021375925763245,41.512587546578416
2023-11-30,-3.0,2.85,-6.82,0.02,6.36,40.021375925763245,41.512587546578416
2023-12-01,-2.09,4.42,-5.45,0.0,9.21,40.021375925763245,41.512587546578416
2023-12-02,-1.0,5.85,-4.93,0.0,9.56,40.021375925763245,41.512587546578416
2023-12-03,0.34,7.21,-2.42,0.0,8.38,40.021375925763245,41.512587546578416
2023-12-04,-0.41,6.41,-3.1,0.0,8.14,40.021375925763245,41.512587546578416
2023-12-05,0.51,5.23,-2.77,2.76,6.41,40.021375925763245,41.512587546578416
2023-12-06,-0.24,1.74,-4.28,12.26,1.99,40.021375925763245,41.512587546578416
2023-12-07,-1.97,3.1,-5.37,0.22,6.39,40.021375925763245,41.512587546578416
2023-12-08,-0.11,4.08,-2.63,0.45,4.74,40.021375925763245,41.512587546578416
2023-12-09,-0.7,1.58,-3.48,2.96,3.22,40.021375925763245,41.512587546578416
2023-12-10,-1.94,1.89,-4.5,1.29,5.87,40.021375925763245,41.512587546578416
2023-12-11,-1.31,3.49,-4.91,2.47,4.98,40.021375925763245,41.512587546578416
2023-12-12,-1.1,3.36,-4.45,2.6,5.82,40.021375925763245,41.512587546578416
2023-12-13,-1.85,1.69,-4.2,2.72,4.52,40.021375925763245,41.512587546578416
2023-12-14,-4.3,0.9,-7.86,0.24,7.9,40.021375925763245,41.512587546578416
2023-12-15,-0.97,6.38,-5.95,0.0,7.57,40.021375925763245,41.512587546578416
2023-12-16,-0.1,4.74,-4.12,0.13,5.78,40.021375925763245,41.512587546578416
2023-12-17,-5.29,1.43,-11.92,4.41,3.69,40.021375925763245,41.512587546578416
2023-12-18,-8.37,-2.5,-13.29,0.26,8.54,40.021375925763245,41.512587546578416
2023-12-19,-5.72,0.48,-10.57,0.0,7.45,40.021375925763245,41.512587546578416
2023-12-20,-4.56,1.92,-8.04,0.0,8.85,40.021375925763245,41.512587546578416
2023-12-21,-4.28,1.15,-9.59,0.31,6.8,40.021375925763245,41.512587546578416
2023-12-22,-3.03,0.56,-5.6,1.23,3.64,40.021375925763245,41.512587546578416
2023-12-23,-4.88,0.3,-11.94,6.58,2.0,40.021375925763245,41.512587546578416
2023-12-24,-6.28,-2.94,-10.62,10.36,1.32,40.021375925763245,41.512587546578416
2023-12-25,-5.61,-1.17,-9.8,2.6,4.0,40.021375925763245,41.512587546578416
2023-12-26,-4.02,0.67,-6.57,0.18,5.89,40.021375925763245,41.512587546578416
2023-12-27,-3.77,1.96,-6.61,0.11,8.52,40.021375925763245,41.512587546578416
2023-12-28,-6.19,-0.71,-10.15,1.83,7.33,40.021375925763245,41.512587546578416
2023-12-29,-5.22,2.03,-11.65,0.0,8.2,40.021375925763245,41.512587546578416
2023-12-30,-3.19,2.94,-7.29,0.0,7.86,40.021375925763245,41.512587546578416
2023-12-31,-4.04,1.9,-7.75,0.0,6.78,40.021375925763245,41.512587546578416
2024-01-01,-4.12,2.02,-7.07,0.0,8.95,40.021375925763245,41.512587546578416
2024-01-02,-4.45,2.03,-7.82,0.01,6.82,40.021375925763245,41.512587546578416
2024-01-03,-3.6,1.22,-6.74,2.71,3.61,40.021375925763245,41.512587546578416
2024-01-04,-3.57,-0.14,-6.64,2.02,4.05,40.021375925763245,41.512587546578416
2024-01-05,-3.33,1.13,-8.69,9.67,4.91,40.021375925763245,41.512587546578416
2024-01-06,-8.31,-1.92,-11.93,1.32,9.29,40.021375925763245,41.512587546578416
2024-01-07,-5.5,1.72,-10.67,0.0,8.96,40.021375925763245,41.512587546578416
2024-01-08,-3.43,1.12,-7.01,0.1,5.77,40.021375925763245,41.512587546578416
2024-01-09,-2.56,1.19,-5.3,1.79,4.87,40.021375925763245,41.512587546578416
2024-01-10,-3.27,-0.52,-8.34,3.55,5.29,40.021375925763245,41.512587546578416
2024-01-11,-5.86,-1.05,-9.48,2.61,6.37,40.021375925763245,41.512587546578416
2024-01-12,-6.33,-2.72,-10.43,4.45,6.0,40.021375925763245,41.512587546578416
2024-01-13,-10.93,-7.45,-14.24,3.97,8.74,40.021375925763245,41.512587546578416
2024-01-14,-14.52,-7.57,-18.26,0.04,9.95,40.021375925763245,41.512587546578416
2024-01-15,-13.7,-4.64,-19.29,0.02,10.45,40.021375925763245,41.512587546578416
2024-01-16,-7.31,-1.01,-15.13,0.83,7.45,40.021375925763245,41.512587546578416
2024-01-17,-4.67,0.06,-8.27,4.26,5.86,40.021375925763245,41.512587546578416
2024-01-18,-5.92,0.09,-10.85,0.0,9.55,40.021375925763245,41.512587546578416
2024-01-19,-4.98,0.95,-11.5,0.0,8.93,40.021375925763245,41.512587546578416
2024-01-20,-3.55,1.68,-6.99,0.14,8.58,40.021375925763245,41.512587546578416
2024-01-21,-1.77,1.64,-5.99,5.08,7.77,40.021375925763245,41.512587546578416
2024-01-22,-4.63,-1.77,-9.82,5.63,7.21,40.021375925763245,41.512587546578416
2024-01-23,-8.37,-2.13,-12.37,1.95,5.97,40.021375925763245,41.512587546578416
2024-01-24,-11.95,-6.01,-17.5,1.76,5.49,40.021375925763245,41.512587546578416
2024-01-25,-11.07,-4.03,-16.07,0.03,11.16,40.021375925763245,41.512587546578416
2024-01-26,-8.55,-4.06,-12.44,5.18,7.55,40.021375925763245,41.512587546578416
2024-01-27,-9.99,-6.04,-14.01,6.08,4.88,40.021375925763245,41.512587546578416
2024-01-28,-11.94,-7.35,-15.17,0.42,10.73,40.021375925763245,41.512587546578416
2024-01-29,-11.94,-7.74,-15.97,0.89,10.71,40.021375925763245,41.512587546578416
2024-01-30,-15.07,-6.57,-20.77,0.22,12.66,40.021375925763245,41.512587546578416
2024-01-31,-15.26,-6.25,-20.78,0.01,13.33,40.021375925763245,41.512587546578416
2024-02-01,-14.75,-5.79,-20.91,0.0,12.29,40.021375925763245,41.512587546578416
2024-02-02,-11.73,-3.17,-17.73,0.0,12.9,40.021375925763245,41.512587546578416
2024-02-03,-11.22,-4.8,-16.36,0.72,11.32,40.021375925763245,41.512587546578416
2024-02-04,-9.85,-3.85,-13.74,0.16,9.03,40.021375925763245,41.512587546578416
2024-02-05,-7.54,-3.39,-13.31,1.28,7.36,40.021375925763245,41.512587546578416
2024-02-06,-4.14,-0.23,-8.67,7.55,9.32,40.021375925763245,41.512587546578416
2024-02-07,-5.55,0.26,-10.07,0.38,13.52,40.021375925763245,41.512587546578416
2024-02-08,-4.01,0.72,-8.5,0.03,11.44,40.021375925763245,41.512587546578416
2024-02-09,-3.16,1.2,-6.31,0.33,11.46,40.021375925763245,41.512587546578416
2024-02-10,-3.93,1.46,-7.33,0.44,13.24,40.021375925763245,41.512587546578416
2024-02-11,-3.5,3.12,-8.07,0.0,13.83,40.021375925763245,41.512587546578416
2024-02-12,-2.53,3.98,-6.7,0.0,10.91,40.021375925763245,41.512587546578416
2024-02-13,-1.53,3.97,-4.76,0.02,12.2,40.021375925763245,41.512587546578416
2024-02-14,-0.1,3.46,-2.48,1.98,6.37,40.021375925763245,41.512587546578416
2024-02-15,-0.4,3.04,-2.87,2.44,10.06,40.021375925763245,41.512587546578416
2024-02-16,-1.11,2.39,-4.2,0.55,11.91,40.021375925763245,41.512587546578416
2024-02-17,-2.14,0.65,-4.99,3.28,8.56,40.021375925763245,41.512587546578416
2024-02-18,-3.85,0.05,-7.08,1.14,11.33,40.021375925763245,41.512587546578416
2024-02-19,-4.95,0.09,-8.86,0.08,11.15,40.021375925763245,41.512587546578416
2024-02-20,-3.86,0.76,-7.69,0.48,14.23,40.021375925763245,41.512587546578416
2024-02-21,-3.38,0.7,-6.57,0.08,14.85,40.021375925763245,41.512587546578416
2024-02-22,-2.83,0.91,-6.28,1.68,12.52,40.021375925763245,41.512587546578416
2024-02-23,-3.33,-0.12,-6.3,2.28,15.91,40.021375925763245,41.512587546578416
2024-02-24,-4.18,2.06,-8.42,0.0,17.06,40.021375925763245,41.512587546578416
2024-02-25,-5.57,1.1,-10.33,0.0,17.61,40.021375925763245,41.512587546578416
2024-02-26,-7.79,-0.21,-14.24,0.0,18.43,40.021375925763245,41.512587546578416
2024-02-27,-7.63,-0.04,-13.77,0.0,18.65,40.021375925763245,41.512587546578416
2024-02-28,-6.0,1.73,-12.52,0.0,18.74,40.021375925763245,41.512587546578416
2024-02-29,-3.3,4.18,-8.97,0.0,19.09,40.021375925763245,41.512587546578416
2024-03-01,-1.39,6.09,-7.78,0.0,14.11,40.021375925763245,41.512587546578416
2024-03-02,-1.19,5.43,-5.9,0.0,15.34,40.021375925763245,41.512587546578416
2024-03-03,-2.0,1.88,-5.2,0.0,13.54,40.021375925763245,41.512587546578416
2024-03-04,-1.78,1.89,-4.55,0.03,11.38,40.021375925763245,41.512587546578416
2024-03-05,-1.97,3.46,-6.04,0.05,15.87,40.021375925763245,41.512587546578416
2024-03-06,-1.07,1.68,-3.89,4.38,7.66,40.021375925763245,41.512587546578416
2024-03-07,-2.55,0.42,-6.29,6.37,8.61,40.021375925763245,41.512587546578416
2024-03-08,-4.62,-0.78,-7.64,0.42,12.46,40.021375925763245,41.512587546578416
2024-03-09,-3.82,0.08,-7.26,3.39,11.68,40.021375925763245,41.512587546578416
2024-03-10,-4.6,-1.56,-7.05,0.95,9.51,40.021375925763245,41.512587546578416
2024-03-11,-4.88,0.88,-9.6,0.0,17.85,40.021375925763245,41.512587546578416
2024-03-12,-2.86,5.19,-9.37,0.0,17.5,40.021375925763245,41.512587546578416
2024-03-13,-0.13,7.92,-5.87,0.0,18.14,40.021375925763245,41.512587546578416
2024-03-14,-0.1,3.57,-2.87,0.05,9.59,40.021375925763245,41.512587546578416
2024-03-15,0.0,4.57,-2.95,8.99,10.19,40.021375925763245,41.512587546578416
2024-03-16,-1.77,1.35,-4.48,3.01,10.91,40.021375925763245,41.512587546578416
2024-03-17,-1.52,2.59,-5.57,3.02,14.03,40.021375925763245,41.512587546578416
2024-03-18,-0.49,3.2,-3.62,6.88,9.75,40.021375925763245,41.512587546578416
2024-03-19,-0.97,3.82,-4.43,9.34,6.62,40.021375925763245,41.512587546578416
2024-03-20,-1.24,3.72,-6.09,1.51,10.35,40.021375925763245,41.512587546578416
2024-03-21,-0.53,2.92,-3.87,5.54,8.49,40.021375925763245,41.512587546578416
2024-03-22,-1.48,2.44,-5.06,10.98,7.03,40.021375925763245,41.512587546578416
2024-03-23,-4.7,-1.45,-9.74,6.28,4.38,40.021375925763245,41.512587546578416
2024-03-24,-5.9,-0.76,-10.35,0.29,12.72,40.021375925763245,41.512587546578416
2024-03-25,-4.26,1.85,-10.12,0.12,18.63,40.021375925763245,41.512587546578416
2024-03-26,-2.77,1.21,-9.19,3.98,7.79,40.021375925763245,41.512587546578416
2024-03-27,-4.24,2.22,-10.11,0.16,15.78,40.021375925763245,41.512587546578416
2024-03-28,1.31,7.86,-4.73,0.0,21.12,40.021375925763245,41.512587546578416
2024-03-29,3.91,10.07,-0.96,0.04,18.51,40.021375925763245,41.512587546578416
2024-03-30,3.07,10.33,-2.66,0.0,19.23,40.021375925763245,41.512587546578416
2024-03-31,5.76,13.53,-2.6,0.0,21.01,40.021375925763245,41.512587546578416
2024-04-01,6.4,13.75,0.87,0.0,21.98,40.021375925763245,41.512587546578416
2024-04-02,7.19,13.9,0.81,0.0,24.06,40.021375925763245,41.512587546578416
2024-04-03,7.78,15.37,0.07,0.0,20.97,40.021375925763245,41.512587546578416
2024-04-04,5.9,13.17,-1.18,0.01,20.05,40.021375925763245,41.512587546578416
2024-04-05,6.59,13.65,0.29,2.42,18.52,40.021375925763245,41.512587546578416
2024-04-06,2.65,9.22,-2.76,2.3,15.68,40.021375925763245,41.512587546578416
2024-04-07,2.65,8.06,-1.2,3.47,12.89,40.021375925763245,41.512587546578416
2024-04-08,2.47,6.97,-0.17,3.52,12.13,40.021375925763245,41.512587546578416
2024-04-09,4.88,11.31,-0.64,1.29,16.87,40.021375925763245,41.512587546578416
2024-04-10,4.33,8.92,0.39,1.59,15.16,40.021375925763245,41.512587546578416
2024-04-11,4.18,9.2,0.76,0.64,6.47,40.021375925763245,41.512587546578416
2024-04-12,6.23,13.65,-0.46,0.0,18.54,40.021375925763245,41.512587546578416
2024-04-13,7.28,14.7,0.35,0.03,18.68,40.021375925763245,41.512587546578416
2024-04-14,4.15,8.05,0.27,0.96,18.17,40.021375925763245,41.512587546578416
2024-04-15,5.1,13.09,-2.29,0.0,25.35,40.021375925763245,41.512587546578416
2024-04-16,8.54,16.61,1.45,0.0,26.09,40.021375925763245,41.512587546578416
2024-04-17,9.88,17.77,3.75,0.0,25.8,40.021375925763245,41.512587546578416
2024-04-18,9.62,17.8,3.03,0.22,23.77,40.021375925763245,41.512587546578416
2024-04-19,9.68,17.02,2.44,0.08,19.91,40.021375925763245,41.512587546578416
2024-04-20,9.26,17.22,1.76,0.0,19.81,40.021375925763245,41.512587546578416
2024-04-21,7.97,13.05,3.22,0.0,19.74,40.021375925763245,41.512587546578416
2024-04-22,8.42,16.0,2.08,0.0,23.39,40.021375925763245,41.512587546578416
2024-04-23,8.41,16.07,0.78,0.0,22.14,40.021375925763245,41.512587546578416
2024-04-24,11.5,18.24,4.78,0.0,20.07,40.021375925763245,41.512587546578416
2024-04-25,13.55,19.85,7.21,0.01,22.15,40.021375925763245,41.512587546578416
2024-04-26,13.18,17.43,7.92,0.37,22.53,40.021375925763245,41.512587546578416
2024-04-27,12.97,18.5,5.24,0.22,20.35,40.021375925763245,41.512587546578416
2024-04-28,13.52,20.78,5.76,0.14,23.9,40.021375925763245,41.512587546578416
2024-04-29,14.57,21.19,7.28,0.0,25.02,40.021375925763245,41.512587546578416
2024-04-30,12.28,19.85,4.49,0.48,23.08,40.021375925763245,41.512587546578416
2024-05-01,10.65,15.64,5.7,3.25,17.52,40.021375925763245,41.512587546578416
2024-05-02,9.4,13.51,6.77,7.2,12.41,40.021375925763245,41.512587546578416
2024-05-03,8.12,13.52,3.8,1.74,15.28,40.021375925763245,41.512587546578416
2024-05-04,6.82,12.28,2.68,4.11,17.34,40.021375925763245,41.512587546578416
2024-05-05,4.55,7.74,1.75,6.3,9.55,40.021375925763245,41.512587546578416
2024-05-06,4.53,8.87,1.27,7.89,9.28,40.021375925763245,41.512587546578416
2024-05-07,3.75,8.23,0.28,0.26,12.59,40.021375925763245,41.512587546578416
2024-05-08,4.44,11.5,-2.28,0.27,20.99,40.021375925763245,41.512587546578416
2024-05-09,7.36,15.17,-0.94,0.09,26.68,40.021375925763245,41.512587546578416
2024-05-10,8.18,12.99,3.25,0.19,18.77,40.021375925763245,41.512587546578416
2024-05-11,6.64,10.69,3.1,6.03,5.6,40.021375925763245,41.512587546578416
2024-05-12,7.38,13.71,1.45,10.47,10.12,40.021375925763245,41.512587546578416
2024-05-13,3.38,7.43,-0.34,8.31,8.02,40.021375925763245,41.512587546578416
2024-05-14,3.22,8.22,-0.35,4.39,12.09,40.021375925763245,41.512587546578416
2024-05-15,4.63,9.9,-1.94,0.54,20.85,40.021375925763245,41.512587546578416
2024-05-16,4.5,9.58,0.62,6.12,15.05,40.021375925763245,41.512587546578416
2024-05-17,3.93,11.03,-2.9,0.45,25.21,40.021375925763245,41.512587546578416
2024-05-18,5.34,12.87,-3.39,0.0,29.99,40.021375925763245,41.512587546578416
2024-05-19,7.19,12.78,1.43,0.82,19.87,40.021375925763245,41.512587546578416
2024-05-20,7.86,15.75,0.95,0.0,24.78,40.021375925763245,41.512587546578416
2024-05-21,8.76,16.29,1.12,0.18,26.14,40.021375925763245,41.512587546578416
2024-05-22,10.53,17.51,3.68,0.3,23.3,40.021375925763245,41.512587546578416
2024-05-23,10.79,17.06,4.91,2.63,25.14,40.021375925763245,41.512587546578416
2024-05-24,9.09,15.07,4.23,1.71,14.13,40.021375925763245,41.512587546578416
2024-05-25,7.93,12.93,3.12,2.81,9.5,40.021375925763245,41.512587546578416
2024-05-26,8.08,12.61,5.24,7.81,13.88,40.021375925763245,41.512587546578416
2024-05-27,9.63,14.76,3.86,4.47,22.5,40.021375925763245,41.512587546578416
2024-05-28,11.42,17.92,5.4,2.41,22.27,40.021375925763245,41.512587546578416
2024-05-29,12.26,18.63,4.13,1.09,25.58,40.021375925763245,41.512587546578416
2024-05-30,12.89,18.7,6.0,0.91,20.04,40.021375925763245,41.512587546578416
2024-05-31,14.43,21.11,7.38,0.0,26.98,40.021375925763245,41.512587546578416
2024-06-01,10.27,14.58,3.83,0.74,19.06,40.021375925763245,41.512587546578416
2024-06-02,11.11,19.76,1.46,0.0,31.4,40.021375925763245,41.512587546578416
2024-06-03,13.33,21.49,4.45,0.0,31.01,40.021375925763245,41.512587546578416
2024-06-04,14.71,21.96,5.7,0.0,31.22,40.021375925763245,41.512587546578416
2024-06-05,15.88,22.55,8.74,0.0,29.29,40.021375925763245,41.512587546578416
2024-06-06,16.16,23.18,8.31,0.0,29.82,40.021375925763245,41.512587546578416
2024-06-07,15.44,21.78,9.66,0.41,25.55,40.021375925763245,41.512587546578416
2024-06-08,13.1,18.73,8.39,4.37,14.1,40.021375925763245,41.512587546578416
2024-06-09,13.62,20.38,6.26,1.05,16.88,40.021375925763245,41.512587546578416
2024-06-10,10.86,14.54,6.74,0.86,19.79,40.021375925763245,41.512587546578416
2024-06-11,13.64,20.93,6.39,0.0,26.63,40.021375925763245,41.512587546578416
2024-06-12,14.59,22.19,6.83,0.0,31.41,40.021375925763245,41.512587546578416
2024-06-13,15.3,21.75,9.52,0.0,30.06,40.021375925763245,41.512587546578416
2024-06-14,15.27,22.36,7.5,0.0,31.33,40.021375925763245,41.512587546578416
2024-06-15,16.22,21.64,9.11,0.28,26.38,40.021375925763245,41.512587546578416
2024-06-16,17.19,22.98,9.8,2.3,26.87,40.021375925763245,41.512587546578416
2024-06-17,18.75,24.89,11.87,0.01,28.35,40.021375925763245,41.512587546578416
2024-06-18,18.22,25.4,11.39,0.05,27.53,40.021375925763245,41.512587546578416
2024-06-19,18.55,25.3,10.27,0.04,28.13,40.021375925763245,41.512587546578416
2024-06-20,19.25,26.45,12.35,0.69,23.92,40.021375925763245,41.512587546578416
2024-06-21,15.72,23.3,9.49,0.15,28.85,40.021375925763245,41.512587546578416
2024-06-22,14.88,23.2,7.44,0.2,31.2,40.021375925763245,41.512587546578416
2024-06-23,16.41,25.33,7.12,0.0,32.17,40.021375925763245,41.512587546578416
2024-06-24,17.7,26.1,9.52,0.0,31.41,40.021375925763245,41.512587546578416
2024-06-25,17.3,25.5,9.53,0.37,30.13,40.021375925763245,41.512587546578416
2024-06-26,12.75,20.14,5.2,5.04,16.95,40.021375925763245,41.512587546578416
2024-06-27,11.42,19.52,3.9,0.01,31.01,40.021375925763245,41.512587546578416
2024-06-28,12.93,21.89,4.2,0.41,30.81,40.021375925763245,41.512587546578416
2024-06-29,14.02,21.9,5.88,0.59,27.8,40.021375925763245,41.512587546578416
2024-06-30,14.53,21.46,8.53,10.47,18.61,40.021375925763245,41.512587546578416
2024-07-01,13.1,19.0,8.79,4.18,12.66,40.021375925763245,41.512587546578416
2024-07-02,13.14,18.95,7.63,10.27,20.25,40.021375925763245,41.512587546578416
2024-07-03,14.91,19.95,8.7,0.2,25.08,40.021375925763245,41.512587546578416
2024-07-04,17.46,24.32,8.81,0.05,28.37,40.021375925763245,41.512587546578416
2024-07-05,19.44,26.06,12.08,0.01,29.93,40.021375925763245,41.512587546578416
2024-07-06,18.25,26.06,10.94,3.42,20.74,40.021375925763245,41.512587546578416
2024-07-07,16.32,21.6,11.8,26.48,21.77,40.021375925763245,41.512587546578416
2024-07-08,15.29,19.45,11.7,6.63,20.64,40.021375925763245,41.512587546578416
2024-07-09,16.13,21.04,10.54,3.61,19.8,40.021375925763245,41.512587546578416
2024-07-10,16.39,22.01,10.46,16.51,21.31,40.021375925763245,41.512587546578416
2024-07-11,18.63,24.84,10.89,0.16,28.16,40.021375925763245,41.512587546578416
2024-07-12,19.16,25.73,13.04,0.07,24.23,40.021375925763245,41.512587546578416
2024-07-13,17.94,24.6,11.33,1.25,24.27,40.021375925763245,41.512587546578416
2024-07-14,17.72,23.29,12.45,6.14,18.52,40.021375925763245,41.512587546578416
2024-07-15,16.76,22.51,11.57,2.51,17.15,40.021375925763245,41.512587546578416
2024-07-16,17.67,23.46,11.34,0.41,21.26,40.021375925763245,41.512587546578416
2024-07-17,18.92,25.66,11.68,6.11,24.46,40.021375925763245,41.512587546578416
2024-07-18,17.18,22.46,12.6,20.11,19.6,40.021375925763245,41.512587546578416
2024-07-19,15.68,19.79,11.82,3.56,18.4,40.021375925763245,41.512587546578416
2024-07-20,14.98,20.47,10.9,4.54,18.63,40.021375925763245,41.512587546578416
2024-07-21,15.54,22.72,8.62,0.57,24.23,40.021375925763245,41.512587546578416
2024-07-22,17.18,24.39,9.85,0.0,27.29,40.021375925763245,41.512587546578416
2024-07-23,17.44,25.15,10.3,0.08,28.06,40.021375925763245,41.512587546578416
2024-07-24,16.19,23.66,9.95,0.74,23.78,40.021375925763245,41.512587546578416
2024-07-25,15.71,22.59,9.21,0.02,26.09,40.021375925763245,41.512587546578416
2024-07-26,17.73,25.28,9.59,2.11,22.7,40.021375925763245,41.512587546578416
2024-07-27,16.46,22.29,11.72,1.81,18.94,40.021375925763245,41.512587546578416
2024-07-28,14.1,20.33,8.78,4.0,19.63,40.021375925763245,41.512587546578416
2024-07-29,14.38,22.14,7.07,0.05,27.64,40.021375925763245,41.512587546578416
2024-07-30,16.32,24.89,7.18,0.1,27.07,40.021375925763245,41.512587546578416
2024-07-31,15.82,22.41,10.11,1.32,21.73,40.021375925763245,41.512587546578416
