date,T2M,T2M_MAX,T2M_MIN,PRECTOTCORR,ALLSKY_SFC_SW_DWN,lat,lon
2004-10-01,17.69,26.0,12.34,0.0,18.4,38.325095382563376,36.97168904611778
2004-10-02,16.29,24.22,9.33,0.03,18.56,38.325095382563376,36.97168904611778
2004-10-03,11.99,19.27,6.41,0.07,17.03,38.325095382563376,36.97168904611778
2004-10-04,9.73,17.49,3.88,0.0,17.26,38.325095382563376,36.97168904611778
2004-10-05,10.41,19.93,1.42,0.0,19.4,38.325095382563376,36.97168904611778
2004-10-06,12.3,20.68,4.3,0.0,14.61,38.325095382563376,36.97168904611778
2004-10-07,12.7,20.88,7.85,0.01,15.31,38.325095382563376,36.97168904611778
2004-10-08,10.88,18.56,5.8,1.14,15.47,38.325095382563376,36.97168904611778
2004-10-09,9.87,16.25,4.99,0.17,14.04,38.325095382563376,36.97168904611778
2004-10-10,10.87,17.87,5.0,0.17,15.07,38.325095382563376,36.97168904611778
2004-10-11,11.96,20.66,6.56,0.0,18.56,38.325095382563376,36.97168904611778
2004-10-12,12.9,21.62,5.79,0.0,17.28,38.325095382563376,36.97168904611778
2004-10-13,10.17,19.66,3.21,0.06,16.01,38.325095382563376,36.97168904611778
2004-10-14,10.65,17.78,4.02,0.06,15.17,38.325095382563376,36.97168904611778
2004-10-15,12.88,19.08,7.43,0.0,15.28,38.325095382563376,36.97168904611778
2004-10-16,12.67,19.01,7.6,0.0,12.82,38.325095382563376,36.97168904611778
2004-10-17,12.74,20.11,5.9,0.0,16.18,38.325095382563376,36.97168904611778
2004-10-18,15.08,22.5,9.32,0.0,15.42,38.325095382563376,36.97168904611778
2004-10-19,14.64,22.79,8.94,0.0,14.95,38.325095382563376,36.97168904611778
2004-10-20,13.29,21.26,7.67,0.77,14.31,38.325095382563376,36.97168904611778
2004-10-21,7.97,13.89,0.47,2.2,11.95,38.325095382563376,36.97168904611778
2004-10-22,6.49,15.63,-0.95,0.0,12.6,38.325095382563376,36.97168904611778
2004-10-23,7.66,16.93,-0.11,0.0,16.63,38.325095382563376,36.97168904611778
2004-10-24,9.64,17.5,4.33,0.0,15.71,38.325095382563376,36.97168904611778
2004-10-25,10.81,18.34,5.91,0.0,15.53,38.325095382563376,36.97168904611778
2004-10-26,10.83,20.0,4.47,0.0,15.28,38.325095382563376,36.97168904611778
2004-10-27,11.56,20.83,7.02,0.0,11.15,38.325095382563376,36.97168904611778
2004-10-28,12.95,20.62,7.25,0.0,12.72,38.325095382563376,36.97168904611778
2004-10-29,9.11,10.65,7.35,5.64,5.94,38.325095382563376,36.97168904611778
2004-10-30,9.28,13.68,6.56,0.38,6.57,38.325095382563376,36.97168904611778
2004-10-31,8.4,14.36,4.38,0.29,9.12,38.325095382563376,36.97168904611778
2004-11-01,8.98,15.19,3.86,0.0,13.86,38.325095382563376,36.97168904611778
2004-11-02,10.68,17.09,5.73,0.0,13.9,38.325095382563376,36.97168904611778
2004-11-03,8.89,17.05,2.43,0.0,12.57,38.325095382563376,36.97168904611778
2004-11-04,3.27,10.73,-3.97,0.26,13.46,38.325095382563376,36.97168904611778
2004-11-05,3.44,13.02,-4.5,0.0,14.82,38.325095382563376,36.97168904611778
2004-11-06,4.95,9.79,1.07,8.89,9.72,38.325095382563376,36.97168904611778
2004-11-07,5.52,10.27,3.17,1.18,10.43,38.325095382563376,36.97168904611778
2004-11-08,6.6,11.33,3.92,1.52,7.77,38.325095382563376,36.97168904611778
2004-11-09,7.48,11.8,5.32,4.43,7.92,38.325095382563376,36.97168904611778
2004-11-10,7.57,12.0,5.23,0.17,7.53,38.325095382563376,36.97168904611778
2004-11-11,7.3,13.02,3.06,0.1,8.25,38.325095382563376,36.97168904611778
2004-11-12,7.36,13.12,2.86,0.0,12.44,38.325095382563376,36.97168904611778
2004-11-13,8.16,14.48,3.93,0.0,12.45,38.325095382563376,36.97168904611778
2004-11-14,7.65,15.04,3.4,0.0,12.37,38.325095382563376,36.97168904611778
2004-11-15,5.28,11.42,1.57,0.18,5.45,38.325095382563376,36.97168904611778
2004-11-16,5.62,10.56,1.88,1.18,6.98,38.325095382563376,36.97168904611778
2004-11-17,3.25,5.88,-1.19,12.02,3.67,38.325095382563376,36.97168904611778
2004-11-18,-1.84,3.61,-5.81,0.04,10.16,38.325095382563376,36.97168904611778
2004-11-19,-0.37,7.95,-5.63,0.01,12.25,38.325095382563376,36.97168904611778
2004-11-20,2.29,4.92,-1.51,1.89,6.67,38.325095382563376,36.97168904611778
2004-11-21,5.07,7.76,1.77,23.34,2.01,38.325095382563376,36.97168904611778
2004-11-22,-3.08,1.18,-7.71,7.51,4.49,38.325095382563376,36.97168904611778
2004-11-23,-7.54,-4.6,-10.03,1.03,7.56,38.325095382563376,36.97168904611778
2004-11-24,-5.05,1.65,-9.47,0.07,8.18,38.325095382563376,36.97168904611778
2004-11-25,-3.11,-1.32,-5.13,21.17,3.19,38.325095382563376,36.97168904611778
2004-11-26,-4.99,-1.03,-7.71,17.93,1.59,38.325095382563376,36.97168904611778
2004-11-27,-10.38,-5.65,-15.63,0.88,8.79,38.325095382563376,36.97168904611778
2004-11-28,-8.12,-0.32,-15.2,0.0,11.43,38.325095382563376,36.97168904611778
2004-11-29,-6.62,-0.34,-10.99,0.0,10.35,38.325095382563376,36.97168904611778
2004-11-30,-5.86,0.11,-9.79,0.02,10.2,38.325095382563376,36.97168904611778
2004-12-01,-5.33,0.3,-11.04,0.41,4.9,38.325095382563376,36.97168904611778
2004-12-02,-7.26,0.27,-13.07,0.0,10.36,38.325095382563376,36.97168904611778
2004-12-03,-3.74,1.34,-8.0,0.0,8.38,38.325095382563376,36.97168904611778
2004-12-04,-1.74,2.77,-6.35,0.0,8.97,38.325095382563376,36.97168904611778
2004-12-05,-1.61,2.11,-5.69,2.27,5.85,38.325095382563376,36.97168904611778
2004-12-06,-4.82,1.2,-9.82,0.2,10.41,38.325095382563376,36.97168904611778
2004-12-07,-2.63,1.53,-6.8,4.31,8.73,38.325095382563376,36.97168904611778
2004-12-08,-5.27,-1.04,-10.75,3.76,8.82,38.325095382563376,36.97168904611778
2004-12-09,-8.16,0.2,-12.23,0.01,10.37,38.325095382563376,36.97168904611778
2004-12-10,-8.44,-3.31,-11.97,0.1,9.83,38.325095382563376,36.97168904611778
2004-12-11,-7.54,-1.27,-12.2,0.02,9.17,38.325095382563376,36.97168904611778
2004-12-12,-9.56,-4.6,-12.29,0.12,9.68,38.325095382563376,36.97168904611778
2004-12-13,-7.8,-0.49,-12.42,0.01,9.45,38.325095382563376,36.97168904611778
2004-12-14,-7.69,-1.69,-11.47,0.33,8.69,38.325095382563376,36.97168904611778
2004-12-15,-12.28,-8.45,-14.98,0.03,9.87,38.325095382563376,36.97168904611778
2004-12-16,-13.37,-8.43,-16.47,0.02,10.49,38.325095382563376,36.97168904611778
2004-12-17,-11.04,-2.6,-17.97,0.01,10.79,38.325095382563376,36.97168904611778
2004-12-18,-8.55,-1.92,-13.19,0.02,10.22,38.325095382563376,36.97168904611778
2004-12-19,-8.3,-3.57,-11.74,0.31,7.66,38.325095382563376,36.97168904611778
2004-12-20,-6.67,-1.87,-11.31,0.53,7.36,38.325095382563376,36.97168904611778
2004-12-21,-2.36,2.62,-7.3,1.08,8.35,38.325095382563376,36.97168904611778
2004-12-22,-2.3,3.22,-5.49,0.25,9.87,38.325095382563376,36.97168904611778
2004-12-23,-1.54,0.75,-2.98,6.01,7.06,38.325095382563376,36.97168904611778
2004-12-24,-2.78,-0.42,-4.49,7.31,5.71,38.325095382563376,36.97168904611778
2004-12-25,-4.19,0.35,-8.35,2.07,7.6,38.325095382563376,36.97168904611778
2004-12-26,-5.42,1.14,-10.12,0.0,10.26,38.325095382563376,36.97168904611778
2004-12-27,-0.76,4.21,-4.42,0.0,9.57,38.325095382563376,36.97168904611778
2004-12-28,1.23,6.46,-3.28,0.0,9.52,38.325095382563376,36.97168904611778
2004-12-29,0.05,4.51,-3.28,0.0,8.52,38.325095382563376,36.97168904611778
2004-12-30,-0.89,5.98,-4.74,0.0,9.09,38.325095382563376,36.97168904611778
2004-12-31,-0.49,6.59,-4.29,0.0,10.6,38.325095382563376,36.97168904611778
2005-01-01,0.21,6.63,-2.63,0.0,9.9,38.325095382563376,36.97168904611778
2005-01-02,-1.8,-0.3,-3.53,1.9,5.2,38.325095382563376,36.97168904611778
2005-01-03,-4.31,0.57,-7.74,0.07,9.33,38.325095382563376,36.97168904611778
2005-01-04,-4.67,0.15,-8.31,2.33,6.69,38.325095382563376,36.97168904611778
2005-01-05,-5.7,-1.52,-9.39,1.94,7.78,38.325095382563376,36.97168904611778
2005-01-06,-6.37,-1.03,-9.43,0.31,7.97,38.325095382563376,36.97168904611778
2005-01-07,-5.61,0.37,-9.76,0.03,10.75,38.325095382563376,36.97168904611778
2005-01-08,-6.36,1.23,-11.06,0.0,11.16,38.325095382563376,36.97168904611778
2005-01-09,-5.39,2.38,-11.36,0.0,11.69,38.325095382563376,36.97168904611778
2005-01-10,-4.29,2.26,-9.1,0.0,10.74,38.325095382563376,36.97168904611778
2005-01-11,-4.97,0.37,-8.52,0.0,10.4,38.325095382563376,36.97168904611778
2005-01-12,-1.77,5.79,-7.61,0.0,10.99,38.325095382563376,36.97168904611778
2005-01-13,0.69,7.18,-2.84,0.0,11.52,38.325095382563376,36.97168904611778
2005-01-14,-0.18,4.8,-2.53,0.0,10.39,38.325095382563376,36.97168904611778
2005-01-15,-1.92,1.32,-4.46,0.06,9.13,38.325095382563376,36.97168904611778
2005-01-16,-2.86,1.56,-6.46,0.08,9.68,38.325095382563376,36.97168904611778
2005-01-17,-3.03,0.42,-5.99,0.07,9.94,38.325095382563376,36.97168904611778
2005-01-18,-3.9,-0.01,-6.63,0.25,9.78,38.325095382563376,36.97168904611778
2005-01-19,-3.07,1.02,-7.21,0.01,10.26,38.325095382563376,36.97168904611778
2005-01-20,-3.4,0.74,-5.74,0.41,10.31,38.325095382563376,36.97168904611778
2005-01-21,-2.94,1.22,-6.42,0.62,10.88,38.325095382563376,36.97168904611778
2005-01-22,-2.1,1.05,-4.85,1.93,8.12,38.325095382563376,36.97168904611778
2005-01-23,-3.73,-1.05,-5.53,11.34,9.48,38.325095382563376,36.97168904611778
2005-01-24,-8.52,-5.18,-13.97,1.97,11.23,38.325095382563376,36.97168904611778
2005-01-25,-8.01,-1.57,-13.91,0.0,10.73,38.325095382563376,36.97168904611778
2005-01-26,-5.06,0.53,-7.83,0.0,12.02,38.325095382563376,36.97168904611778
2005-01-27,-4.69,1.24,-8.77,0.0,9.61,38.325095382563376,36.97168904611778
2005-01-28,-2.33,2.09,-6.42,0.03,9.06,38.325095382563376,36.97168904611778
2005-01-29,-0.85,3.88,-3.92,0.0,9.96,38.325095382563376,36.97168904611778
2005-01-30,-0.55,0.85,-2.04,9.88,12.08,38.325095382563376,36.97168904611778
2005-01-31,-1.32,1.25,-4.18,2.45,2.9,38.325095382563376,36.97168904611778
2005-02-01,-5.17,-1.09,-10.06,4.23,5.48,38.325095382563376,36.97168904611778
2005-02-02,-6.32,-0.9,-10.9,1.66,10.98,38.325095382563376,36.97168904611778
2005-02-03,-5.71,-0.98,-10.62,2.28,10.28,38.325095382563376,36.97168904611778
2005-02-04,-3.87,-1.12,-6.64,4.91,10.81,38.325095382563376,36.97168904611778
2005-02-05,-5.14,-1.31,-8.31,6.25,9.36,38.325095382563376,36.97168904611778
2005-02-06,-9.44,-2.87,-17.32,7.3,10.48,38.325095382563376,36.97168904611778
2005-02-07,-12.06,-4.42,-17.44,1.55,12.72,38.325095382563376,36.97168904611778
2005-02-08,-12.71,-8.66,-15.74,0.24,12.23,38.325095382563376,36.97168904611778
2005-02-09,-13.14,-8.55,-17.57,0.04,11.19,38.325095382563376,36.97168904611778
2005-02-10,-14.85,-7.44,-21.55,0.0,15.83,38.325095382563376,36.97168904611778
2005-02-11,-14.09,-7.92,-20.74,0.03,16.07,38.325095382563376,36.97168904611778
2005-02-12,-12.61,-7.22,-18.0,0.02,16.11,38.325095382563376,36.97168904611778
2005-02-13,-12.04,-6.05,-16.14,0.03,16.59,38.325095382563376,36.97168904611778
2005-02-14,-8.23,-1.8,-14.31,0.01,14.68,38.325095382563376,36.97168904611778
2005-02-15,-6.2,-0.14,-9.77,0.0,16.02,38.325095382563376,36.97168904611778
2005-02-16,-5.24,0.18,-9.39,0.0,12.84,38.325095382563376,36.97168904611778
2005-02-17,-3.17,3.4,-8.14,0.0,13.83,38.325095382563376,36.97168904611778
2005-02-18,-0.4,4.62,-5.35,0.11,10.27,38.325095382563376,36.97168904611778
2005-02-19,0.78,2.95,-1.29,3.94,13.39,38.325095382563376,36.97168904611778
2005-02-20,0.31,3.21,-3.17,0.4,14.43,38.325095382563376,36.97168904611778
2005-02-21,-1.29,1.8,-3.95,0.44,16.32,38.325095382563376,36.97168904611778
2005-02-22,-0.57,2.87,-3.85,0.12,17.92,38.325095382563376,36.97168904611778
2005-02-23,0.22,5.2,-2.88,0.0,16.49,38.325095382563376,36.97168904611778
2005-02-24,1.27,6.51,-2.08,0.0,17.7,38.325095382563376,36.97168904611778
2005-02-25,1.12,5.06,-2.09,0.31,16.29,38.325095382563376,36.97168904611778
2005-02-26,1.29,5.75,-1.95,0.0,16.21,38.325095382563376,36.97168904611778
2005-02-27,1.18,3.94,-0.95,0.55,14.45,38.325095382563376,36.97168904611778
2005-02-28,2.55,4.92,1.29,0.94,15.85,38.325095382563376,36.97168904611778
2005-03-01,3.91,6.83,2.03,2.1,8.32,38.325095382563376,36.97168904611778
2005-03-02,4.56,9.81,1.72,0.3,6.06,38.325095382563376,36.97168904611778
2005-03-03,2.0,5.96,0.01,6.82,6.02,38.325095382563376,36.97168904611778
2005-03-04,-1.66,2.12,-6.56,1.98,8.03,38.325095382563376,36.97168904611778
2005-03-05,0.96,9.84,-6.66,0.1,13.33,38.325095382563376,36.97168904611778
2005-03-06,0.01,2.71,-2.17,4.89,3.03,38.325095382563376,36.97168904611778
2005-03-07,2.37,8.02,-2.07,0.3,12.32,38.325095382563376,36.97168904611778
2005-03-08,2.18,6.01,-1.28,7.9,10.05,38.325095382563376,36.97168904611778
2005-03-09,-0.34,2.98,-3.18,4.01,12.16,38.325095382563376,36.97168904611778
2005-03-10,-1.69,2.11,-5.75,4.71,7.52,38.325095382563376,36.97168904611778
2005-03-11,-3.65,1.25,-7.22,2.92,14.46,38.325095382563376,36.97168904611778
2005-03-12,-3.97,-0.2,-7.55,4.46,11.22,38.325095382563376,36.97168904611778
2005-03-13,-2.96,3.18,-8.11,0.0,17.42,38.325095382563376,36.97168904611778
2005-03-14,-0.81,5.19,-5.18,0.0,15.54,38.325095382563376,36.97168904611778
2005-03-15,-0.04,5.61,-4.08,0.0,17.11,38.325095382563376,36.97168904611778
2005-03-16,-0.56,5.7,-4.69,0.0,12.63,38.325095382563376,36.97168904611778
2005-03-17,-0.63,6.54,-5.18,0.0,18.47,38.325095382563376,36.97168904611778
2005-03-18,2.3,9.71,-3.83,0.01,20.86,38.325095382563376,36.97168904611778
2005-03-19,2.89,8.91,-2.28,0.07,17.27,38.325095382563376,36.97168904611778
2005-03-20,2.7,7.19,-2.62,4.82,13.31,38.325095382563376,36.97168904611778
2005-03-21,-0.5,5.01,-4.28,0.65,15.52,38.325095382563376,36.97168904611778
2005-03-22,-0.51,5.26,-4.87,4.12,18.19,38.325095382563376,36.97168904611778
2005-03-23,-3.32,2.37,-7.72,2.19,19.06,38.325095382563376,36.97168904611778
2005-03-24,-4.17,1.55,-8.81,0.02,20.35,38.325095382563376,36.97168904611778
2005-03-25,-2.35,3.43,-6.6,0.0,22.86,38.325095382563376,36.97168904611778
2005-03-26,0.95,8.75,-4.78,0.0,19.02,38.325095382563376,36.97168904611778
2005-03-27,2.79,8.93,-2.08,0.02,17.5,38.325095382563376,36.97168904611778
2005-03-28,4.73,10.73,-0.66,1.14,14.34,38.325095382563376,36.97168904611778
2005-03-29,6.1,11.16,2.87,0.96,10.72,38.325095382563376,36.97168904611778
2005-03-30,6.15,12.3,2.03,0.85,17.66,38.325095382563376,36.97168904611778
2005-03-31,4.92,9.55,1.39,0.34,12.03,38.325095382563376,36.97168904611778
2005-04-01,4.86,10.7,1.29,1.23,10.18,38.325095382563376,36.97168904611778
2005-04-02,1.65,5.68,-4.49,3.36,7.2,38.325095382563376,36.97168904611778
2005-04-03,-2.85,1.52,-7.15,4.02,8.87,38.325095382563376,36.97168904611778
2005-04-04,-3.03,3.37,-7.9,0.32,12.65,38.325095382563376,36.97168904611778
2005-04-05,-0.13,6.42,-6.33,0.0,22.7,38.325095382563376,36.97168904611778
2005-04-06,1.2,5.85,-2.78,0.0,20.92,38.325095382563376,36.97168904611778
2005-04-07,5.27,12.99,-3.22,0.0,25.39,38.325095382563376,36.97168904611778
2005-04-08,7.47,14.58,1.83,0.0,20.57,38.325095382563376,36.97168904611778
2005-04-09,8.86,15.97,1.47,0.0,19.09,38.325095382563376,36.97168904611778
2005-04-10,9.1,16.7,2.32,0.0,21.99,38.325095382563376,36.97168904611778
2005-04-11,9.76,18.13,2.42,0.0,25.01,38.325095382563376,36.97168904611778
2005-04-12,11.82,19.22,4.24,0.0,24.21,38.325095382563376,36.97168904611778
2005-04-13,10.93,17.32,6.29,0.0,14.8,38.325095382563376,36.97168904611778
2005-04-14,8.39,15.63,0.95,0.0,23.64,38.325095382563376,36.97168904611778
2005-04-15,5.32,11.31,0.68,0.14,20.47,38.325095382563376,36.97168904611778
2005-04-16,4.65,10.0,-1.31,1.58,15.99,38.325095382563376,36.97168904611778
2005-04-17,7.15,14.76,-0.38,0.3,22.52,38.325095382563376,36.97168904611778
2005-04-18,7.42,13.71,3.06,0.91,6.51,38.325095382563376,36.97168904611778
2005-04-19,8.27,13.67,4.52,0.89,20.54,38.325095382563376,36.97168904611778
2005-04-20,8.53,15.9,1.33,0.0,25.43,38.325095382563376,36.97168904611778
2005-04-21,10.1,17.95,3.92,0.29,26.59,38.325095382563376,36.97168904611778
2005-04-22,10.24,14.6,5.7,6.67,4.91,38.325095382563376,36.97168904611778
2005-04-23,11.37,17.3,6.29,3.55,16.28,38.325095382563376,36.97168904611778
2005-04-24,9.01,14.33,3.73,3.1,15.93,38.325095382563376,36.97168904611778
2005-04-25,7.0,14.78,0.84,0.43,25.82,38.325095382563376,36.97168904611778
2005-04-26,7.06,15.95,-1.65,0.0,28.25,38.325095382563376,36.97168904611778
2005-04-27,8.9,16.49,1.24,4.57,25.55,38.325095382563376,36.97168904611778
2005-04-28,7.06,12.07,1.48,4.43,17.88,38.325095382563376,36.97168904611778
2005-04-29,7.23,15.02,0.56,0.0,26.75,38.325095382563376,36.97168904611778
2005-04-30,5.72,10.48,0.34,3.8,7.56,38.325095382563376,36.97168904611778
2005-05-01,4.4,9.2,-0.08,6.05,15.95,38.325095382563376,36.97168904611778
2005-05-02,3.25,8.76,-0.98,4.86,16.39,38.325095382563376,36.97168904611778
2005-05-03,3.8,9.86,-0.94,3.76,15.93,38.325095382563376,36.97168904611778
2005-05-04,1.37,7.04,-4.06,9.56,9.11,38.325095382563376,36.97168904611778
2005-05-05,5.11,13.02,-3.45,0.0,25.32,38.325095382563376,36.97168904611778
2005-05-06,9.25,15.2,2.07,0.13,14.48,38.325095382563376,36.97168904611778
2005-05-07,11.32,17.41,6.32,0.94,18.49,38.325095382563376,36.97168904611778
2005-05-08,9.91,15.11,4.65,2.19,12.25,38.325095382563376,36.97168904611778
2005-05-09,9.15,16.8,2.61,0.3,28.95,38.325095382563376,36.97168904611778
2005-05-10,11.92,19.17,3.4,0.16,29.01,38.325095382563376,36.97168904611778
2005-05-11,13.43,20.03,7.91,0.0,30.39,38.325095382563376,36.97168904611778
2005-05-12,14.42,20.76,8.35,0.03,25.21,38.325095382563376,36.97168904611778
2005-05-13,10.49,14.23,5.53,1.5,12.43,38.325095382563376,36.97168904611778
2005-05-14,8.16,15.37,1.42,0.48,18.04,38.325095382563376,36.97168904611778
2005-05-15,8.44,17.94,-0.67,0.0,31.15,38.325095382563376,36.97168904611778
2005-05-16,10.86,19.52,1.5,0.0,29.97,38.325095382563376,36.97168904611778
2005-05-17,12.46,20.76,4.29,0.0,30.29,38.325095382563376,36.97168904611778
2005-05-18,12.66,20.32,5.62,0.0,30.99,38.325095382563376,36.97168904611778
2005-05-19,13.71,22.5,2.62,0.0,30.68,38.325095382563376,36.97168904611778
2005-05-20,17.55,24.59,10.12,0.13,27.81,38.325095382563376,36.97168904611778
2005-05-21,16.92,23.94,10.56,0.13,23.16,38.325095382563376,36.97168904611778
2005-05-22,16.81,24.24,9.49,0.01,28.58,38.325095382563376,36.97168904611778
2005-05-23,15.2,22.37,7.11,2.05,25.39,38.325095382563376,36.97168904611778
2005-05-24,12.53,19.94,5.88,0.24,16.87,38.325095382563376,36.97168904611778
2005-05-25,12.49,19.36,5.24,0.21,25.85,38.325095382563376,36.97168904611778
2005-05-26,12.36,18.07,6.48,5.71,17.4,38.325095382563376,36.97168904611778
2005-05-27,11.42,16.15,6.83,1.43,18.42,38.325095382563376,36.97168904611778
2005-05-28,13.22,20.69,5.05,0.34,24.44,38.325095382563376,36.97168904611778
2005-05-29,11.3,16.04,7.78,1.38,18.39,38.325095382563376,36.97168904611778
2005-05-30,11.89,17.33,7.31,0.42,21.2,38.325095382563376,36.97168904611778
2005-05-31,11.83,18.45,7.16,6.52,21.95,38.325095382563376,36.97168904611778
2005-06-01,10.93,15.15,6.65,4.23,19.7,38.325095382563376,36.97168904611778
2005-06-02,12.44,18.64,6.7,1.99,17.82,38.325095382563376,36.97168904611778
2005-06-03,12.13,18.47,6.25,1.27,20.17,38.325095382563376,36.97168904611778
2005-06-04,10.67,14.46,6.73,2.04,18.53,38.325095382563376,36.97168904611778
2005-06-05,11.5,17.81,5.77,0.12,22.99,38.325095382563376,36.97168904611778
2005-06-06,12.08,19.95,3.76,0.01,32.42,38.325095382563376,36.97168904611778
2005-06-07,16.53,24.29,9.66,0.0,31.53,38.325095382563376,36.97168904611778
2005-06-08,17.88,24.83,9.03,0.19,29.54,38.325095382563376,36.97168904611778
2005-06-09,19.68,27.2,12.47,0.0,30.77,38.325095382563376,36.97168904611778
2005-06-10,19.36,27.88,11.11,0.06,28.42,38.325095382563376,36.97168904611778
2005-06-11,17.38,25.93,9.95,1.77,29.24,38.325095382563376,36.97168904611778
2005-06-12,14.78,22.44,7.7,0.0,31.48,38.325095382563376,36.97168904611778
2005-06-13,14.45,22.64,6.04,0.0,31.69,38.325095382563376,36.97168904611778
2005-06-14,16.21,24.72,6.65,0.0,30.9,38.325095382563376,36.97168904611778
2005-06-15,17.48,25.7,9.99,0.46,24.2,38.325095382563376,36.97168904611778
2005-06-16,14.12,22.1,7.21,0.04,27.1,38.325095382563376,36.97168904611778
2005-06-17,15.03,23.76,5.66,0.0,31.24,38.325095382563376,36.97168904611778
2005-06-18,15.93,25.23,6.38,0.0,32.4,38.325095382563376,36.97168904611778
2005-06-19,16.65,24.71,7.83,0.0,26.03,38.325095382563376,36.97168904611778
2005-06-20,13.87,19.46,7.41,0.6,20.58,38.325095382563376,36.97168904611778
2005-06-21,13.37,20.35,5.36,0.56,24.13,38.325095382563376,36.97168904611778
2005-06-22,12.49,19.36,5.94,0.06,26.26,38.325095382563376,36.97168904611778
2005-06-23,12.47,21.94,3.44,0.0,32.9,38.325095382563376,36.97168904611778
2005-06-24,15.52,25.33,5.65,0.0,32.31,38.325095382563376,36.97168904611778
2005-06-25,15.65,25.03,6.29,0.0,31.29,38.325095382563376,36.97168904611778
2005-06-26,12.95,20.14,6.91,0.0,26.98,38.325095382563376,36.97168904611778
2005-06-27,14.51,24.03,5.98,0.0,32.27,38.325095382563376,36.97168904611778
2005-06-28,16.52,26.46,6.09,0.0,31.97,38.325095382563376,36.97168904611778
2005-06-29,18.06,27.58,7.62,0.01,29.03,38.325095382563376,36.97168904611778
2005-06-30,18.45,26.89,9.7,0.0,29.03,38.325095382563376,36.97168904611778
2005-07-01,18.79,27.4,10.26,0.0,31.45,38.325095382563376,36.97168904611778
2005-07-02,19.0,27.91,9.3,0.0,28.71,38.325095382563376,36.97168904611778
2005-07-03,20.77,28.96,11.49,0.0,30.19,38.325095382563376,36.97168904611778
2005-07-04,20.06,28.52,12.37,0.0,30.77,38.325095382563376,36.97168904611778
2005-07-05,17.0,23.3,11.34,0.7,20.45,38.325095382563376,36.97168904611778
2005-07-06,17.04,24.33,10.07,0.33,20.99,38.325095382563376,36.97168904611778
2005-07-07,18.72,28.37,8.95,0.0,31.54,38.325095382563376,36.97168904611778
2005-07-08,20.52,29.78,10.66,0.0,31.2,38.325095382563376,36.97168904611778
2005-07-09,20.07,29.36,11.11,0.0,31.5,38.325095382563376,36.97168904611778
2005-07-10,19.27,29.34,9.43,0.0,32.4,38.325095382563376,36.97168904611778
2005-07-11,19.97,30.13,10.01,0.0,31.37,38.325095382563376,36.97168904611778
2005-07-12,20.74,31.13,10.29,0.0,31.42,38.325095382563376,36.97168904611778
2005-07-13,22.61,32.3,11.84,0.0,30.36,38.325095382563376,36.97168904611778
2005-07-14,23.05,32.34,13.32,0.0,29.83,38.325095382563376,36.97168904611778
2005-07-15,22.48,31.92,13.99,0.19,25.66,38.325095382563376,36.97168904611778
2005-07-16,19.45,26.42,13.47,2.13,24.82,38.325095382563376,36.97168904611778
2005-07-17,18.48,26.59,10.73,0.0,29.25,38.325095382563376,36.97168904611778
2005-07-18,19.55,29.03,9.98,0.0,30.96,38.325095382563376,36.97168904611778
2005-07-19,19.49,28.67,10.49,0.0,30.94,38.325095382563376,36.97168904611778
2005-07-20,20.16,30.67,9.09,0.0,31.29,38.325095382563376,36.97168904611778
2005-07-21,20.81,30.81,10.43,0.0,31.44,38.325095382563376,36.97168904611778
2005-07-22,22.07,32.0,11.48,0.0,30.18,38.325095382563376,36.97168904611778
2005-07-23,23.8,32.82,14.04,0.06,25.1,38.325095382563376,36.97168904611778
2005-07-24,24.1,32.99,14.49,0.01,25.62,38.325095382563376,36.97168904611778
2005-07-25,22.81,31.21,14.38,0.29,28.31,38.325095382563376,36.97168904611778
2005-07-26,22.44,31.82,13.55,0.0,29.03,38.325095382563376,36.97168904611778
2005-07-27,22.52,32.74,12.54,0.0,30.13,38.325095382563376,36.97168904611778
2005-07-28,23.47,33.82,13.13,0.04,29.12,38.325095382563376,36.97168904611778
2005-07-29,23.72,33.48,14.54,0.0,25.67,38.325095382563376,36.97168904611778
2005-07-30,24.71,34.41,14.28,0.0,25.76,38.325095382563376,36.97168904611778
2005-07-31,24.68,33.46,15.63,0.05,23.18,38.325095382563376,36.97168904611778
2005-08-01,21.58,26.86,16.54,1.48,23.01,38.325095382563376,36.97168904611778
2005-08-02,19.34,26.31,13.84,5.35,19.69,38.325095382563376,36.97168904611778
2005-08-03,18.33,25.53,10.92,0.06,25.02,38.325095382563376,36.97168904611778
2005-08-04,19.74,27.21,11.04,0.37,28.22,38.325095382563376,36.97168904611778
2005-08-05,21.75,29.99,12.72,0.0,26.54,38.325095382563376,36.97168904611778
2005-08-06,23.03,31.54,15.08,0.1,26.07,38.325095382563376,36.97168904611778
2005-08-07,23.01,31.87,14.39,0.05,27.87,38.325095382563376,36.97168904611778
2005-08-08,21.88,30.47,14.09,0.0,28.16,38.325095382563376,36.97168904611778
2005-08-09,22.33,32.37,12.72,0.01,29.05,38.325095382563376,36.97168904611778
2005-08-10,21.56,31.39,12.49,0.0,28.32,38.325095382563376,36.97168904611778
2005-08-11,19.6,29.46,10.29,0.0,28.15,38.325095382563376,36.97168904611778
2005-08-12,19.98,30.28,9.94,0.0,28.7,38.325095382563376,36.97168904611778
2005-08-13,20.87,31.54,9.7,0.0,28.77,38.325095382563376,36.97168904611778
2005-08-14,21.27,31.23,10.85,0.0,27.85,38.325095382563376,36.97168904611778
2005-08-15,23.31,32.52,12.73,0.0,28.09,38.325095382563376,36.97168904611778
2005-08-16,24.67,33.09,16.18,0.0,27.33,38.325095382563376,36.97168904611778
2005-08-17,24.64,33.73,15.32,0.0,27.38,38.325095382563376,36.97168904611778
2005-08-18,25.24,34.69,16.0,0.0,27.01,38.325095382563376,36.97168904611778
2005-08-19,24.76,34.1,15.73,0.0,26.83,38.325095382563376,36.97168904611778
2005-08-20,23.15,32.98,13.8,0.0,26.87,38.325095382563376,36.97168904611778
2005-08-21,20.03,28.19,13.07,0.05,24.0,38.325095382563376,36.97168904611778
2005-08-22,19.19,28.69,10.84,0.0,27.16,38.325095382563376,36.97168904611778
2005-08-23,21.71,32.13,11.52,0.0,26.6,38.325095382563376,36.97168904611778
2005-08-24,23.73,33.17,15.79,0.0,24.54,38.325095382563376,36.97168904611778
2005-08-25,23.09,32.08,13.94,0.01,23.57,38.325095382563376,36.97168904611778
2005-08-26,22.43,31.42,13.49,0.04,24.06,38.325095382563376,36.97168904611778
2005-08-27,21.49,31.2,13.09,0.76,22.93,38.325095382563376,36.97168904611778
2005-08-28,19.2,26.83,13.23,0.43,20.63,38.325095382563376,36.97168904611778
2005-08-29,17.78,26.53,10.65,0.0,26.52,38.325095382563376,36.97168904611778
2005-08-30,16.04,25.87,8.32,0.0,25.88,38.325095382563376,36.97168904611778
2005-08-31,16.44,26.1,8.21,0.0,25.65,38.325095382563376,36.97168904611778
2005-09-01,18.48,28.68,9.1,0.0,24.18,38.325095382563376,36.97168904611778
2005-09-02,16.84,25.05,9.49,0.0,23.07,38.325095382563376,36.97168904611778
2005-09-03,15.51,21.37,8.86,1.62,17.11,38.325095382563376,36.97168904611778
2005-09-04,12.74,18.72,7.08,0.31,17.54,38.325095382563376,36.97168904611778
2005-09-05,10.97,18.59,5.46,0.0,20.35,38.325095382563376,36.97168904611778
2005-09-06,12.19,23.03,2.86,0.0,25.69,38.325095382563376,36.97168904611778
2005-09-07,14.89,25.8,4.59,0.0,25.12,38.325095382563376,36.97168904611778
2005-09-08,14.18,23.96,5.99,0.0,24.7,38.325095382563376,36.97168904611778
2005-09-09,14.87,24.31,6.56,0.03,22.16,38.325095382563376,36.97168904611778
2005-09-10,14.94,23.67,7.79,0.26,22.28,38.325095382563376,36.97168904611778
2005-09-11,13.83,22.05,6.36,0.0,24.03,38.325095382563376,36.97168904611778
2005-09-12,14.15,23.45,6.28,0.0,23.98,38.325095382563376,36.97168904611778
2005-09-13,14.2,23.9,6.06,0.0,23.56,38.325095382563376,36.97168904611778
2005-09-14,15.16,25.46,5.49,0.0,23.66,38.325095382563376,36.97168904611778
2005-09-15,17.21,26.95,9.22,0.0,22.2,38.325095382563376,36.97168904611778
2005-09-16,17.91,26.49,11.32,0.04,19.87,38.325095382563376,36.97168904611778
2005-09-17,16.7,23.86,10.54,0.95,17.47,38.325095382563376,36.97168904611778
2005-09-18,17.12,25.95,9.09,0.14,20.76,38.325095382563376,36.97168904611778
2005-09-19,16.75,25.67,9.19,0.0,21.95,38.325095382563376,36.97168904611778
2005-09-20,17.23,26.15,9.48,0.0,20.09,38.325095382563376,36.97168904611778
2005-09-21,17.36,25.55,10.26,0.0,21.56,38.325095382563376,36.97168904611778
2005-09-22,16.91,24.57,10.11,0.02,19.3,38.325095382563376,36.97168904611778
2005-09-23,14.96,22.72,8.12,0.2,19.13,38.325095382563376,36.97168904611778
2005-09-24,14.12,20.56,8.6,1.96,18.13,38.325095382563376,36.97168904611778
2005-09-25,12.4,18.19,7.72,1.87,15.0,38.325095382563376,36.97168904611778
2005-09-26,12.3,19.89,5.62,0.18,17.45,38.325095382563376,36.97168904611778
2005-09-27,13.01,20.65,6.2,0.0,15.85,38.325095382563376,36.97168904611778
2005-09-28,12.44,19.51,6.28,0.25,17.29,38.325095382563376,36.97168904611778
2005-09-29,10.34,15.66,5.99,8.2,5.55,38.325095382563376,36.97168904611778
2005-09-30,10.34,17.21,5.04,0.0,15.7,38.325095382563376,36.97168904611778
2005-10-01,12.16,20.06,5.2,0.0,17.05,38.325095382563376,36.97168904611778
2005-10-02,13.21,21.22,7.86,0.02,19.11,38.325095382563376,36.97168904611778
2005-10-03,10.04,15.53,6.63,9.2,9.43,38.325095382563376,36.97168904611778
2005-10-04,10.68,17.72,5.9,0.04,9.81,38.325095382563376,36.97168904611778
2005-10-05,7.75,16.11,0.93,0.0,19.91,38.325095382563376,36.97168904611778
2005-10-06,8.63,18.9,0.4,0.0,20.02,38.325095382563376,36.97168904611778
2005-10-07,7.27,17.46,0.11,0.0,19.23,38.325095382563376,36.97168904611778
2005-10-08,5.5,15.51,-1.89,0.0,19.76,38.325095382563376,36.97168904611778
2005-10-09,7.28,16.69,-1.34,0.0,19.46,38.325095382563376,36.97168904611778
2005-10-10,10.76,19.0,3.93,0.0,16.25,38.325095382563376,36.97168904611778
2005-10-11,12.07,20.26,6.06,0.0,14.61,38.325095382563376,36.97168904611778
2005-10-12,11.06,19.72,5.09,0.0,16.15,38.325095382563376,36.97168904611778
2005-10-13,12.05,19.78,5.47,0.0,15.71,38.325095382563376,36.97168904611778
2005-10-14,12.52,19.92,5.87,0.0,11.5,38.325095382563376,36.97168904611778
2005-10-15,10.51,17.97,4.83,0.26,13.72,38.325095382563376,36.97168904611778
2005-10-16,9.1,12.84,4.6,7.42,3.65,38.325095382563376,36.97168904611778
2005-10-17,8.29,13.63,4.61,6.44,9.15,38.325095382563376,36.97168904611778
2005-10-18,8.2,12.91,5.66,1.41,8.51,38.325095382563376,36.97168904611778
2005-10-19,3.3,7.09,-2.02,6.98,3.96,38.325095382563376,36.97168904611778
2005-10-20,-0.38,4.42,-4.16,0.75,8.23,38.325095382563376,36.97168904611778
2005-10-21,-0.7,4.62,-4.63,0.0,10.26,38.325095382563376,36.97168904611778
2005-10-22,2.94,10.52,-4.84,0.0,16.91,38.325095382563376,36.97168904611778
2005-10-23,6.1,13.62,0.82,0.0,16.74,38.325095382563376,36.97168904611778
2005-10-24,7.45,15.25,1.41,0.0,16.6,38.325095382563376,36.97168904611778
2005-10-25,6.88,16.14,0.29,0.01,15.91,38.325095382563376,36.97168904611778
2005-10-26,9.53,16.83,3.71,0.0,15.46,38.325095382563376,36.97168904611778
2005-10-27,8.69,17.14,2.99,0.0,14.94,38.325095382563376,36.97168904611778
2005-10-28,6.14,13.65,0.48,0.35,11.38,38.325095382563376,36.97168904611778
2005-10-29,1.98,6.94,-2.07,3.25,7.91,38.325095382563376,36.97168904611778
2005-10-30,-0.1,4.49,-2.93,8.8,2.85,38.325095382563376,36.97168904611778
2005-10-31,-0.57,3.79,-5.64,0.81,7.31,38.325095382563376,36.97168904611778
2005-11-01,-0.83,5.4,-6.02,0.16,12.44,38.325095382563376,36.97168904611778
2005-11-02,0.71,5.09,-2.37,2.86,5.77,38.325095382563376,36.97168904611778
2005-11-03,1.61,6.23,-3.25,0.52,8.2,38.325095382563376,36.97168904611778
2005-11-04,2.57,4.72,0.09,8.93,2.67,38.325095382563376,36.97168904611778
2005-11-05,0.84,5.73,-2.46,5.12,5.34,38.325095382563376,36.97168904611778
2005-11-06,0.91,7.34,-3.91,0.59,8.42,38.325095382563376,36.97168904611778
2005-11-07,1.22,4.65,-1.41,0.83,7.24,38.325095382563376,36.97168904611778
2005-11-08,1.34,7.79,-2.32,0.05,8.72,38.325095382563376,36.97168904611778
2005-11-09,-0.19,8.45,-5.07,0.0,12.75,38.325095382563376,36.97168904611778
2005-11-10,1.72,10.73,-4.22,0.0,13.29,38.325095382563376,36.97168904611778
2005-11-11,0.41,8.92,-4.35,0.0,13.22,38.325095382563376,36.97168904611778
2005-11-12,-0.44,6.93,-4.91,0.0,12.94,38.325095382563376,36.97168904611778
2005-11-13,1.58,8.07,-3.09,0.0,10.71,38.325095382563376,36.97168904611778
2005-11-14,2.25,8.39,-0.85,0.03,8.54,38.325095382563376,36.97168904611778
2005-11-15,1.84,6.58,-1.65,0.3,6.46,38.325095382563376,36.97168904611778
2005-11-16,1.63,6.74,-1.68,0.25,9.1,38.325095382563376,36.97168904611778
2005-11-17,0.88,8.27,-3.24,0.0,11.66,38.325095382563376,36.97168904611778
2005-11-18,0.12,3.11,-2.3,1.25,3.84,38.325095382563376,36.97168904611778
2005-11-19,2.37,7.34,-0.46,1.65,6.41,38.325095382563376,36.97168904611778
2005-11-20,1.89,5.31,0.15,2.68,4.97,38.325095382563376,36.97168904611778
2005-11-21,1.15,4.17,-3.35,6.82,6.2,38.325095382563376,36.97168904611778
2005-11-22,-4.21,0.63,-8.32,1.44,6.54,38.325095382563376,36.97168904611778
2005-11-23,-3.02,3.57,-8.14,0.0,8.8,38.325095382563376,36.97168904611778
2005-11-24,0.42,7.39,-3.91,0.0,9.41,38.325095382563376,36.97168904611778
2005-11-25,1.94,8.46,-1.92,0.0,6.53,38.325095382563376,36.97168904611778
2005-11-26,4.73,11.75,0.75,0.2,7.75,38.325095382563376,36.97168904611778
2005-11-27,5.5,9.32,2.93,0.05,7.91,38.325095382563376,36.97168904611778
2005-11-28,5.61,14.69,1.65,0.0,8.4,38.325095382563376,36.97168904611778
2005-11-29,5.89,14.17,1.58,0.0,5.62,38.325095382563376,36.97168904611778
2005-11-30,3.71,9.91,0.18,0.03,9.43,38.325095382563376,36.97168904611778
2005-12-01,5.1,12.84,-0.3,0.06,8.74,38.325095382563376,36.97168904611778
2005-12-02,6.21,10.81,2.79,0.01,3.86,38.325095382563376,36.97168904611778
2005-12-03,5.39,10.2,2.73,0.04,3.67,38.325095382563376,36.97168904611778
2005-12-04,4.79,13.43,-0.03,0.01,10.23,38.325095382563376,36.97168904611778
2005-12-05,3.79,10.72,-0.31,0.13,10.35,38.325095382563376,36.97168904611778
2005-12-06,2.56,9.98,-1.33,0.09,10.68,38.325095382563376,36.97168904611778
2005-12-07,2.63,10.13,-1.29,0.04,9.16,38.325095382563376,36.97168904611778
2005-12-08,2.72,11.05,-0.74,0.0,8.28,38.325095382563376,36.97168904611778
2005-12-09,3.55,11.74,-0.34,0.0,7.18,38.325095382563376,36.97168904611778
2005-12-10,1.66,7.06,-1.32,0.01,6.28,38.325095382563376,36.97168904611778
2005-12-11,4.03,12.33,-1.16,0.0,9.8,38.325095382563376,36.97168904611778
2005-12-12,0.42,8.81,-4.08,0.0,9.67,38.325095382563376,36.97168904611778
2005-12-13,0.4,9.37,-5.16,0.0,10.49,38.325095382563376,36.97168904611778
2005-12-14,0.45,8.66,-3.17,0.0,10.07,38.325095382563376,36.97168904611778
2005-12-15,0.17,6.19,-2.34,6.72,2.25,38.325095382563376,36.97168904611778
2005-12-16,-0.2,2.98,-2.81,1.51,7.02,38.325095382563376,36.97168904611778
2005-12-17,1.48,5.18,-1.38,2.25,7.54,38.325095382563376,36.97168904611778
2005-12-18,2.88,5.05,1.67,1.01,7.03,38.325095382563376,36.97168904611778
2005-12-19,1.46,2.57,0.24,3.03,1.68,38.325095382563376,36.97168904611778
2005-12-20,-3.17,1.44,-6.85,4.27,3.06,38.325095382563376,36.97168904611778
2005-12-21,-3.36,1.03,-6.58,0.01,5.03,38.325095382563376,36.97168904611778
2005-12-22,-2.33,1.9,-4.88,0.13,6.19,38.325095382563376,36.97168904611778
2005-12-23,-4.27,-1.46,-8.06,5.33,2.68,38.325095382563376,36.97168904611778
2005-12-24,-7.06,-3.6,-11.29,6.04,2.55,38.325095382563376,36.97168904611778
2005-12-25,-9.51,-5.28,-14.0,2.22,3.73,38.325095382563376,36.97168904611778
2005-12-26,-10.74,-3.37,-17.54,0.01,9.0,38.325095382563376,36.97168904611778
2005-12-27,-7.02,-0.42,-11.03,0.0,9.0,38.325095382563376,36.97168904611778
2005-12-28,-4.16,2.62,-9.49,0.0,10.67,38.325095382563376,36.97168904611778
2005-12-29,-3.23,1.61,-7.34,0.0,7.08,38.325095382563376,36.97168904611778
2005-12-30,-1.01,4.51,-6.38,0.0,10.9,38.325095382563376,36.97168904611778
2005-12-31,-1.14,1.66,-4.07,0.0,7.06,38.325095382563376,36.97168904611778
2006-01-01,-1.29,2.86,-3.51,0.01,9.75,38.325095382563376,36.97168904611778
2006-01-02,-1.37,3.82,-4.12,0.04,10.49,38.325095382563376,36.97168904611778
2006-01-03,-1.76,4.39,-5.53,0.0,9.19,38.325095382563376,36.97168904611778
2006-01-04,-0.81,4.53,-3.87,0.0,9.11,38.325095382563376,36.97168904611778
2006-01-05,-0.81,1.01,-2.1,0.82,5.15,38.325095382563376,36.97168904611778
2006-01-06,0.12,3.75,-1.69,0.18,8.21,38.325095382563376,36.97168904611778
2006-01-07,-0.28,2.69,-2.09,1.49,6.69,38.325095382563376,36.97168904611778
2006-01-08,-3.2,0.92,-7.45,1.58,7.73,38.325095382563376,36.97168904611778
2006-01-09,-6.23,-0.65,-10.16,0.03,8.72,38.325095382563376,36.97168904611778
2006-01-10,-5.88,-1.68,-10.09,1.09,9.28,38.325095382563376,36.97168904611778
2006-01-11,-4.18,-0.18,-7.11,2.11,7.83,38.325095382563376,36.97168904611778
2006-01-12,-3.81,1.0,-7.2,0.04,9.79,38.325095382563376,36.97168904611778
2006-01-13,-5.27,-0.3,-9.29,0.27,9.71,38.325095382563376,36.97168904611778
2006-01-14,-6.2,-0.1,-10.3,0.0,10.28,38.325095382563376,36.97168904611778
2006-01-15,-8.6,-2.16,-12.39,0.0,11.19,38.325095382563376,36.97168904611778
2006-01-16,-6.99,0.71,-14.26,0.0,11.95,38.325095382563376,36.97168904611778
2006-01-17,-6.01,0.9,-11.37,0.0,12.02,38.325095382563376,36.97168904611778
2006-01-18,-7.25,-1.14,-11.17,0.33,10.75,38.325095382563376,36.97168904611778
2006-01-19,-4.86,-0.62,-9.88,1.54,8.63,38.325095382563376,36.97168904611778
2006-01-20,-6.16,-3.33,-12.19,7.6,6.64,38.325095382563376,36.97168904611778
2006-01-21,-11.11,-5.97,-14.27,0.0,10.84,38.325095382563376,36.97168904611778
2006-01-22,-7.01,-0.8,-11.32,0.06,9.22,38.325095382563376,36.97168904611778
2006-01-23,-7.64,-3.92,-11.5,9.89,8.54,38.325095382563376,36.97168904611778
2006-01-24,-7.01,-1.0,-11.52,1.62,7.84,38.325095382563376,36.97168904611778
2006-01-25,-3.85,-0.24,-7.72,3.58,5.77,38.325095382563376,36.97168904611778
2006-01-26,-4.3,-1.22,-7.5,2.3,7.23,38.325095382563376,36.97168904611778
2006-01-27,-10.17,-5.07,-17.22,0.91,12.48,38.325095382563376,36.97168904611778
2006-01-28,-13.55,-6.41,-18.5,0.04,12.28,38.325095382563376,36.97168904611778
2006-01-29,-13.15,-2.17,-20.92,0.01,14.06,38.325095382563376,36.97168904611778
2006-01-30,-15.49,-7.04,-21.54,0.01,14.29,38.325095382563376,36.97168904611778
2006-01-31,-11.79,-2.86,-19.55,0.0,14.22,38.325095382563376,36.97168904611778
2006-02-01,-8.07,-1.45,-13.24,0.19,14.48,38.325095382563376,36.97168904611778
2006-02-02,-5.54,-1.74,-8.09,4.57,10.71,38.325095382563376,36.97168904611778
2006-02-03,-5.41,0.57,-8.79,0.82,11.03,38.325095382563376,36.97168904611778
2006-02-04,-6.27,-0.07,-10.56,0.0,14.42,38.325095382563376,36.97168904611778
2006-02-05,-4.38,0.88,-9.89,0.38,12.66,38.325095382563376,36.97168904611778
2006-02-06,-1.33,0.57,-4.8,3.0,9.62,38.325095382563376,36.97168904611778
2006-02-07,-1.09,0.97,-3.22,10.43,9.09,38.325095382563376,36.97168904611778
2006-02-08,-2.31,-0.5,-4.66,10.71,5.35,38.325095382563376,36.97168904611778
2006-02-09,-5.82,-0.99,-11.94,2.38,5.8,38.325095382563376,36.97168904611778
2006-02-10,-4.41,-0.14,-13.13,0.81,7.8,38.325095382563376,36.97168904611778
2006-02-11,-0.8,0.13,-2.14,0.5,8.59,38.325095382563376,36.97168904611778
2006-02-12,-1.47,-0.05,-3.64,1.8,7.73,38.325095382563376,36.97168904611778
2006-02-13,-2.48,0.08,-5.83,5.4,6.47,38.325095382563376,36.97168904611778
2006-02-14,-4.41,-0.93,-6.72,4.29,8.66,38.325095382563376,36.97168904611778
2006-02-15,-10.31,-6.85,-16.22,6.01,9.39,38.325095382563376,36.97168904611778
2006-02-16,-16.77,-11.11,-22.85,0.47,15.14,38.325095382563376,36.97168904611778
2006-02-17,-13.38,-4.84,-23.71,0.05,13.31,38.325095382563376,36.97168904611778
2006-02-18,-6.74,-0.71,-13.53,1.57,12.46,38.325095382563376,36.97168904611778
2006-02-19,-2.81,1.53,-6.31,0.4,16.96,38.325095382563376,36.97168904611778
2006-02-20,-1.6,1.84,-4.87,0.0,14.38,38.325095382563376,36.97168904611778
2006-02-21,-1.65,4.16,-5.81,0.0,17.27,38.325095382563376,36.97168904611778
2006-02-22,0.11,7.12,-6.69,0.0,18.45,38.325095382563376,36.97168904611778
2006-02-23,2.52,8.64,-1.23,0.0,18.31,38.325095382563376,36.97168904611778
2006-02-24,1.31,8.24,-2.34,0.0,17.95,38.325095382563376,36.97168904611778
2006-02-25,2.42,10.18,-1.74,0.0,16.71,38.325095382563376,36.97168904611778
2006-02-26,2.44,7.67,-0.41,0.15,15.66,38.325095382563376,36.97168904611778
2006-02-27,1.6,6.38,-2.14,0.33,16.02,38.325095382563376,36.97168904611778
2006-02-28,2.96,9.64,-1.76,0.01,16.41,38.325095382563376,36.97168904611778
2006-03-01,2.0,6.94,-1.63,0.06,12.42,38.325095382563376,36.97168904611778
2006-03-02,2.74,8.95,-2.08,0.15,16.0,38.325095382563376,36.97168904611778
2006-03-03,3.1,7.42,-1.17,1.34,11.49,38.325095382563376,36.97168904611778
2006-03-04,0.49,7.75,-4.55,0.07,17.24,38.325095382563376,36.97168904611778
2006-03-05,2.2,8.94,-2.78,0.06,16.23,38.325095382563376,36.97168904611778
2006-03-06,2.81,10.89,-2.34,0.06,16.01,38.325095382563376,36.97168904611778
2006-03-07,3.94,10.2,-1.04,0.0,17.52,38.325095382563376,36.97168904611778
2006-03-08,0.89,3.18,-1.6,4.78,8.84,38.325095382563376,36.97168904611778
2006-03-09,-0.74,2.36,-3.8,3.39,7.92,38.325095382563376,36.97168904611778
2006-03-10,-2.38,3.17,-7.39,0.17,10.02,38.325095382563376,36.97168904611778
2006-03-11,-0.2,6.16,-4.89,0.0,13.47,38.325095382563376,36.97168904611778
2006-03-12,1.33,7.33,-2.6,0.0,17.5,38.325095382563376,36.97168904611778
2006-03-13,2.77,8.68,-2.29,0.0,15.9,38.325095382563376,36.97168904611778
2006-03-14,2.19,7.92,-2.36,0.18,13.58,38.325095382563376,36.97168904611778
2006-03-15,0.12,4.62,-3.37,2.04,14.97,38.325095382563376,36.97168904611778
2006-03-16,-0.08,4.98,-4.21,2.29,9.9,38.325095382563376,36.97168904611778
2006-03-17,0.58,4.9,-2.87,1.62,13.19,38.325095382563376,36.97168904611778
2006-03-18,0.2,4.13,-2.17,3.4,10.88,38.325095382563376,36.97168904611778
2006-03-19,-1.06,2.47,-6.72,2.96,10.64,38.325095382563376,36.97168904611778
2006-03-20,-1.44,5.7,-6.8,0.03,18.31,38.325095382563376,36.97168904611778
2006-03-21,1.82,7.22,-3.53,1.7,13.87,38.325095382563376,36.97168904611778
2006-03-22,3.72,10.6,-1.29,0.48,16.26,38.325095382563376,36.97168904611778
2006-03-23,6.55,14.57,-0.07,0.0,17.78,38.325095382563376,36.97168904611778
2006-03-24,6.22,12.04,0.82,0.87,14.16,38.325095382563376,36.97168904611778
2006-03-25,2.44,6.87,-2.6,7.99,11.74,38.325095382563376,36.97168904611778
2006-03-26,1.25,6.53,-3.83,0.72,14.18,38.325095382563376,36.97168904611778
2006-03-27,3.22,10.0,-3.14,0.82,18.89,38.325095382563376,36.97168904611778
2006-03-28,4.62,10.33,-1.62,0.02,18.02,38.325095382563376,36.97168904611778
2006-03-29,4.59,11.91,-1.88,0.0,23.67,38.325095382563376,36.97168904611778
2006-03-30,5.98,13.21,-0.2,0.05,19.45,38.325095382563376,36.97168904611778
2006-03-31,5.31,9.01,3.16,0.13,19.08,38.325095382563376,36.97168904611778
2006-04-01,5.38,10.03,1.8,5.29,15.48,38.325095382563376,36.97168904611778
2006-04-02,3.65,8.13,-0.29,15.46,6.16,38.325095382563376,36.97168904611778
2006-04-03,1.2,6.01,-3.55,5.41,10.58,38.325095382563376,36.97168904611778
2006-04-04,2.68,10.24,-4.16,0.84,22.07,38.325095382563376,36.97168904611778
2006-04-05,2.63,7.55,-0.43,7.11,17.67,38.325095382563376,36.97168904611778
2006-04-06,5.03,12.51,-2.77,0.43,24.39,38.325095382563376,36.97168904611778
2006-04-07,8.07,15.43,0.36,0.0,18.53,38.325095382563376,36.97168904611778
2006-04-08,9.14,16.97,4.18,0.08,15.16,38.325095382563376,36.97168904611778
2006-04-09,8.97,15.51,4.09,0.02,20.05,38.325095382563376,36.97168904611778
2006-04-10,8.27,14.65,2.15,0.36,15.67,38.325095382563376,36.97168904611778
2006-04-11,8.34,15.52,2.33,1.11,20.7,38.325095382563376,36.97168904611778
2006-04-12,8.79,15.2,2.13,0.82,19.71,38.325095382563376,36.97168904611778
2006-04-13,9.64,15.89,4.83,0.0,22.04,38.325095382563376,36.97168904611778
2006-04-14,9.57,15.7,3.5,0.1,10.05,38.325095382563376,36.97168904611778
2006-04-15,9.92,15.25,6.04,0.13,14.64,38.325095382563376,36.97168904611778
2006-04-16,9.28,16.24,2.58,0.18,21.12,38.325095382563376,36.97168904611778
2006-04-17,8.78,17.2,1.71,0.92,23.33,38.325095382563376,36.97168904611778
2006-04-18,8.21,15.6,1.56,0.0,19.77,38.325095382563376,36.97168904611778
2006-04-19,10.39,18.69,1.33,0.01,22.45,38.325095382563376,36.97168904611778
2006-04-20,11.42,17.52,5.26,0.41,18.71,38.325095382563376,36.97168904611778
2006-04-21,10.85,17.59,4.89,0.02,23.49,38.325095382563376,36.97168904611778
2006-04-22,8.95,14.79,2.28,2.67,17.55,38.325095382563376,36.97168904611778
2006-04-23,9.63,16.28,2.19,4.43,20.32,38.325095382563376,36.97168904611778
2006-04-24,7.6,14.17,1.61,13.56,12.96,38.325095382563376,36.97168904611778
2006-04-25,0.76,5.29,-5.59,4.67,11.78,38.325095382563376,36.97168904611778
2006-04-26,-0.72,7.34,-7.08,0.0,25.79,38.325095382563376,36.97168904611778
2006-04-27,3.13,11.38,-5.58,0.0,28.07,38.325095382563376,36.97168904611778
2006-04-28,6.68,14.18,-0.02,0.02,22.87,38.325095382563376,36.97168904611778
2006-04-29,7.91,14.97,1.67,3.13,18.63,38.325095382563376,36.97168904611778
2006-04-30,9.66,16.48,3.34,1.48,19.79,38.325095382563376,36.97168904611778
2006-05-01,9.66,15.73,4.88,0.71,20.72,38.325095382563376,36.97168904611778
2006-05-02,8.28,12.7,3.27,9.96,10.4,38.325095382563376,36.97168904611778
2006-05-03,7.18,13.68,2.03,0.96,18.76,38.325095382563376,36.97168904611778
2006-05-04,7.55,14.47,0.74,0.1,22.4,38.325095382563376,36.97168904611778
2006-05-05,8.78,15.81,2.76,3.22,24.04,38.325095382563376,36.97168904611778
2006-05-06,8.63,16.31,0.66,5.3,19.61,38.325095382563376,36.97168904611778
2006-05-07,8.79,14.53,2.5,1.91,17.79,38.325095382563376,36.97168904611778
2006-05-08,8.91,14.96,4.32,1.84,17.06,38.325095382563376,36.97168904611778
2006-05-09,6.98,13.2,1.05,0.68,21.45,38.325095382563376,36.97168904611778
2006-05-10,7.89,14.61,-0.66,0.0,26.66,38.325095382563376,36.97168904611778
2006-05-11,10.54,17.07,4.87,0.0,27.43,38.325095382563376,36.97168904611778
2006-05-12,11.96,19.76,5.23,0.75,28.67,38.325095382563376,36.97168904611778
2006-05-13,9.33,16.14,2.51,2.06,22.03,38.325095382563376,36.97168904611778
2006-05-14,7.66,15.67,0.88,0.0,24.92,38.325095382563376,36.97168904611778
2006-05-15,9.64,18.36,-0.96,0.0,31.08,38.325095382563376,36.97168904611778
2006-05-16,12.15,19.0,5.31,2.29,20.74,38.325095382563376,36.97168904611778
2006-05-17,9.4,16.12,4.24,3.68,14.37,38.325095382563376,36.97168904611778
2006-05-18,8.94,15.23,3.26,0.14,19.61,38.325095382563376,36.97168904611778
2006-05-19,10.84,18.43,2.93,0.0,28.66,38.325095382563376,36.97168904611778
2006-05-20,13.2,20.61,6.22,0.0,29.65,38.325095382563376,36.97168904611778
2006-05-21,12.46,18.91,7.01,0.05,19.43,38.325095382563376,36.97168904611778
2006-05-22,13.52,21.84,4.57,0.01,27.97,38.325095382563376,36.97168904611778
2006-05-23,13.63,21.43,5.94,0.0,30.66,38.325095382563376,36.97168904611778
2006-05-24,15.6,24.76,5.27,0.0,31.39,38.325095382563376,36.97168904611778
2006-05-25,18.13,25.92,8.66,0.0,30.37,38.325095382563376,36.97168904611778
2006-05-26,18.34,24.88,11.44,0.96,22.31,38.325095382563376,36.97168904611778
2006-05-27,13.17,17.68,7.62,4.58,21.79,38.325095382563376,36.97168904611778
2006-05-28,12.99,20.41,5.76,0.01,28.82,38.325095382563376,36.97168904611778
2006-05-29,15.81,24.84,5.34,0.0,31.7,38.325095382563376,36.97168904611778
2006-05-30,18.88,26.86,12.2,0.0,31.21,38.325095382563376,36.97168904611778
2006-05-31,18.9,27.47,10.8,0.0,30.1,38.325095382563376,36.97168904611778
2006-06-01,21.0,29.53,12.23,0.08,29.37,38.325095382563376,36.97168904611778
2006-06-02,22.11,29.62,15.45,0.76,26.16,38.325095382563376,36.97168904611778
2006-06-03,21.81,29.95,13.76,0.0,28.03,38.325095382563376,36.97168904611778
2006-06-04,21.96,30.28,13.43,0.0,29.78,38.325095382563376,36.97168904611778
2006-06-05,22.64,30.91,14.53,0.0,29.41,38.325095382563376,36.97168904611778
2006-06-06,21.07,28.81,12.73,0.0,27.32,38.325095382563376,36.97168904611778
2006-06-07,19.63,28.01,11.79,0.0,28.9,38.325095382563376,36.97168904611778
2006-06-08,17.64,25.19,10.27,0.0,31.38,38.325095382563376,36.97168904611778
2006-06-09,15.35,23.33,7.86,0.0,30.45,38.325095382563376,36.97168904611778
2006-06-10,14.92,23.09,7.91,0.04,30.99,38.325095382563376,36.97168904611778
2006-06-11,15.47,23.73,7.36,0.04,30.12,38.325095382563376,36.97168904611778
2006-06-12,14.48,23.02,6.46,0.06,31.91,38.325095382563376,36.97168904611778
2006-06-13,17.15,26.6,6.71,0.0,30.33,38.325095382563376,36.97168904611778
2006-06-14,15.78,22.59,9.14,0.13,24.17,38.325095382563376,36.97168904611778
2006-06-15,16.08,25.15,7.15,0.13,28.65,38.325095382563376,36.97168904611778
2006-06-16,16.99,25.36,8.72,0.0,29.32,38.325095382563376,36.97168904611778
2006-06-17,16.4,25.03,7.69,0.0,30.96,38.325095382563376,36.97168904611778
2006-06-18,16.69,26.0,7.82,0.0,32.37,38.325095382563376,36.97168904611778
2006-06-19,16.85,27.49,5.68,0.0,33.55,38.325095382563376,36.97168904611778
2006-06-20,19.85,29.66,8.03,0.0,32.91,38.325095382563376,36.97168904611778
2006-06-21,20.23,30.34,9.43,0.0,31.49,38.325095382563376,36.97168904611778
2006-06-22,20.29,29.87,9.51,0.0,29.94,38.325095382563376,36.97168904611778
2006-06-23,19.88,29.02,10.74,0.07,30.48,38.325095382563376,36.97168904611778
2006-06-24,19.74,28.62,10.78,0.99,29.83,38.325095382563376,36.97168904611778
2006-06-25,20.75,29.61,11.13,0.0,29.14,38.325095382563376,36.97168904611778
2006-06-26,20.78,29.27,12.35,0.02,29.64,38.325095382563376,36.97168904611778
2006-06-27,19.5,28.8,11.03,5.31,28.11,38.325095382563376,36.97168904611778
2006-06-28,19.52,27.83,11.73,1.89,20.53,38.325095382563376,36.97168904611778
2006-06-29,18.62,26.13,11.97,4.61,23.12,38.325095382563376,36.97168904611778
2006-06-30,18.31,25.18,13.02,1.17,22.2,38.325095382563376,36.97168904611778
2006-07-01,17.89,24.65,12.27,2.9,21.99,38.325095382563376,36.97168904611778
2006-07-02,18.33,25.54,12.06,0.05,22.54,38.325095382563376,36.97168904611778
2006-07-03,16.74,24.18,9.64,1.02,24.03,38.325095382563376,36.97168904611778
2006-07-04,16.05,24.79,6.43,0.06,28.77,38.325095382563376,36.97168904611778
2006-07-05,17.47,26.04,8.86,2.64,20.29,38.325095382563376,36.97168904611778
2006-07-06,15.67,23.06,9.83,0.92,15.46,38.325095382563376,36.97168904611778
2006-07-07,14.21,21.31,8.38,0.78,11.68,38.325095382563376,36.97168904611778
2006-07-08,15.15,23.59,7.79,0.0,32.08,38.325095382563376,36.97168904611778
2006-07-09,16.51,25.34,7.26,0.0,30.87,38.325095382563376,36.97168904611778
2006-07-10,18.3,27.0,8.98,0.0,28.81,38.325095382563376,36.97168904611778
2006-07-11,18.4,27.59,9.98,0.0,31.24,38.325095382563376,36.97168904611778
2006-07-12,19.57,29.92,8.58,0.0,30.96,38.325095382563376,36.97168904611778
2006-07-13,22.34,32.58,11.54,0.0,30.82,38.325095382563376,36.97168904611778
2006-07-14,21.65,30.44,12.44,0.0,29.64,38.325095382563376,36.97168904611778
2006-07-15,19.65,27.75,12.14,0.0,27.84,38.325095382563376,36.97168904611778
2006-07-16,19.02,27.28,10.85,0.0,29.03,38.325095382563376,36.97168904611778
2006-07-17,20.23,29.38,10.29,0.0,30.98,38.325095382563376,36.97168904611778
2006-07-18,20.49,29.66,11.1,0.0,29.48,38.325095382563376,36.97168904611778
2006-07-19,17.83,27.46,8.66,0.0,30.51,38.325095382563376,36.97168904611778
2006-07-20,19.16,30.36,8.25,0.0,30.19,38.325095382563376,36.97168904611778
2006-07-21,20.88,31.66,11.16,0.0,27.35,38.325095382563376,36.97168904611778
2006-07-22,21.71,31.8,11.13,0.0,26.07,38.325095382563376,36.97168904611778
2006-07-23,22.31,30.46,13.45,0.0,22.96,38.325095382563376,36.97168904611778
2006-07-24,21.2,29.58,13.22,0.0,29.6,38.325095382563376,36.97168904611778
2006-07-25,20.8,30.62,10.48,0.0,29.97,38.325095382563376,36.97168904611778
2006-07-26,22.74,32.15,12.33,0.0,27.39,38.325095382563376,36.97168904611778
2006-07-27,22.5,31.82,13.82,0.0,29.41,38.325095382563376,36.97168904611778
2006-07-28,19.23,27.52,12.4,0.0,28.09,38.325095382563376,36.97168904611778
2006-07-29,17.03,25.71,9.97,0.0,28.36,38.325095382563376,36.97168904611778
2006-07-30,17.07,27.89,6.42,0.0,30.84,38.325095382563376,36.97168904611778
2006-07-31,19.93,30.29,9.1,0.0,30.18,38.325095382563376,36.97168904611778
2006-08-01,20.95,30.51,10.69,0.0,29.19,38.325095382563376,36.97168904611778
2006-08-02,21.35,30.85,11.19,0.0,29.41,38.325095382563376,36.97168904611778
2006-08-03,22.37,31.81,13.13,0.0,28.25,38.325095382563376,36.97168904611778
2006-08-04,23.35,32.71,14.08,0.0,28.17,38.325095382563376,36.97168904611778
2006-08-05,24.79,34.32,15.28,0.0,29.11,38.325095382563376,36.97168904611778
2006-08-06,25.82,35.21,15.52,0.0,29.12,38.325095382563376,36.97168904611778
2006-08-07,26.28,35.25,16.82,0.0,27.93,38.325095382563376,36.97168904611778
2006-08-08,25.03,34.27,16.6,0.0,26.97,38.325095382563376,36.97168904611778
2006-08-09,23.3,32.27,13.85,0.05,27.5,38.325095382563376,36.97168904611778
2006-08-10,23.54,32.78,14.12,0.0,28.3,38.325095382563376,36.97168904611778
2006-08-11,24.09,33.12,14.7,0.0,27.53,38.325095382563376,36.97168904611778
2006-08-12,25.9,34.36,16.36,0.0,27.56,38.325095382563376,36.97168904611778
2006-08-13,25.53,35.61,14.63,0.0,27.78,38.325095382563376,36.97168904611778
2006-08-14,26.12,35.04,17.32,0.0,27.45,38.325095382563376,36.97168904611778
2006-08-15,24.54,35.24,13.71,0.0,25.55,38.325095382563376,36.97168904611778
2006-08-16,25.26,35.02,14.23,0.1,24.15,38.325095382563376,36.97168904611778
2006-08-17,24.46,32.17,16.65,2.57,21.3,38.325095382563376,36.97168904611778
2006-08-18,23.65,32.92,16.56,0.24,20.01,38.325095382563376,36.97168904611778
2006-08-19,21.52,29.91,14.85,0.04,18.9,38.325095382563376,36.97168904611778
2006-08-20,21.05,30.17,12.7,0.03,25.28,38.325095382563376,36.97168904611778
2006-08-21,21.05,29.38,12.78,0.03,26.37,38.325095382563376,36.97168904611778
2006-08-22,21.4,30.55,13.1,0.0,26.63,38.325095382563376,36.97168904611778
2006-08-23,22.16,31.22,11.98,0.0,26.95,38.325095382563376,36.97168904611778
2006-08-24,23.76,33.0,15.33,0.0,25.0,38.325095382563376,36.97168904611778
2006-08-25,23.19,32.43,13.66,0.0,23.54,38.325095382563376,36.97168904611778
2006-08-26,24.79,32.74,17.72,0.0,18.39,38.325095382563376,36.97168904611778
2006-08-27,23.92,31.25,17.11,0.0,23.28,38.325095382563376,36.97168904611778
2006-08-28,23.91,32.07,15.84,0.0,22.31,38.325095382563376,36.97168904611778
2006-08-29,22.22,30.04,14.84,0.0,25.2,38.325095382563376,36.97168904611778
2006-08-30,21.55,30.99,11.52,0.0,26.1,38.325095382563376,36.97168904611778
2006-08-31,23.35,32.64,15.45,0.0,25.17,38.325095382563376,36.97168904611778
2006-09-01,21.48,30.53,13.24,0.0,24.46,38.325095382563376,36.97168904611778
2006-09-02,18.05,26.53,11.02,0.03,24.07,38.325095382563376,36.97168904611778
2006-09-03,16.98,25.8,8.76,0.0,23.22,38.325095382563376,36.97168904611778
2006-09-04,16.77,25.89,9.19,0.0,25.29,38.325095382563376,36.97168904611778
2006-09-05,16.37,25.47,8.37,0.0,24.84,38.325095382563376,36.97168904611778
2006-09-06,17.1,26.27,9.21,0.0,22.26,38.325095382563376,36.97168904611778
2006-09-07,14.54,24.32,6.55,0.0,25.17,38.325095382563376,36.97168904611778
2006-09-08,16.85,27.68,5.78,0.0,24.87,38.325095382563376,36.97168904611778
2006-09-09,17.72,27.96,8.84,0.0,24.56,38.325095382563376,36.97168904611778
2006-09-10,17.63,26.92,9.25,0.0,23.3,38.325095382563376,36.97168904611778
2006-09-11,18.14,28.95,9.02,0.01,20.72,38.325095382563376,36.97168904611778
2006-09-12,13.82,21.49,7.08,0.01,16.7,38.325095382563376,36.97168904611778
2006-09-13,12.46,23.15,3.67,0.0,24.32,38.325095382563376,36.97168904611778
2006-09-14,12.2,22.6,3.8,0.0,24.12,38.325095382563376,36.97168904611778
2006-09-15,11.2,20.66,2.42,0.0,24.18,38.325095382563376,36.97168904611778
2006-09-16,12.43,21.89,4.15,0.0,23.07,38.325095382563376,36.97168904611778
2006-09-17,12.6,22.95,3.29,0.0,24.03,38.325095382563376,36.97168904611778
2006-09-18,16.9,25.46,8.98,0.0,22.88,38.325095382563376,36.97168904611778
2006-09-19,17.46,26.0,11.28,0.43,18.76,38.325095382563376,36.97168904611778
2006-09-20,16.24,24.45,9.83,0.01,19.38,38.325095382563376,36.97168904611778
2006-09-21,14.55,20.8,9.6,1.22,14.65,38.325095382563376,36.97168904611778
2006-09-22,13.95,20.92,6.95,2.44,15.02,38.325095382563376,36.97168904611778
2006-09-23,12.55,17.37,9.09,3.93,12.53,38.325095382563376,36.97168904611778
2006-09-24,13.4,20.78,7.85,0.02,18.6,38.325095382563376,36.97168904611778
2006-09-25,10.59,16.27,5.76,8.9,8.91,38.325095382563376,36.97168904611778
2006-09-26,10.89,18.16,5.07,0.56,14.0,38.325095382563376,36.97168904611778
2006-09-27,12.41,20.48,5.41,0.0,20.38,38.325095382563376,36.97168904611778
2006-09-28,15.52,23.36,9.48,0.03,17.01,38.325095382563376,36.97168904611778
2006-09-29,13.13,19.65,9.18,0.46,12.86,38.325095382563376,36.97168904611778
2006-09-30,14.8,22.84,8.87,0.1,17.52,38.325095382563376,36.97168904611778
2006-10-01,13.02,19.25,8.29,4.05,12.47,38.325095382563376,36.97168904611778
2006-10-02,11.71,17.23,7.76,0.44,14.02,38.325095382563376,36.97168904611778
2006-10-03,11.52,19.53,6.2,0.05,18.6,38.325095382563376,36.97168904611778
2006-10-04,11.13,20.26,4.56,0.05,20.37,38.325095382563376,36.97168904611778
2006-10-05,12.92,22.96,4.4,0.0,20.54,38.325095382563376,36.97168904611778
2006-10-06,15.88,24.43,8.33,0.0,20.1,38.325095382563376,36.97168904611778
2006-10-07,16.44,24.36,10.74,0.0,19.12,38.325095382563376,36.97168904611778
2006-10-08,15.37,23.47,10.08,0.0,18.62,38.325095382563376,36.97168904611778
2006-10-09,15.16,22.0,10.66,0.0,14.87,38.325095382563376,36.97168904611778
2006-10-10,15.09,21.8,9.02,0.0,15.94,38.325095382563376,36.97168904611778
2006-10-11,13.16,18.69,8.92,0.0,14.24,38.325095382563376,36.97168904611778
2006-10-12,12.34,17.65,7.57,3.14,13.6,38.325095382563376,36.97168904611778
2006-10-13,10.56,15.16,7.49,2.67,11.66,38.325095382563376,36.97168904611778
2006-10-14,11.19,15.9,7.1,1.05,10.67,38.325095382563376,36.97168904611778
2006-10-15,8.42,11.42,4.6,6.19,5.15,38.325095382563376,36.97168904611778
2006-10-16,7.14,14.7,0.78,0.86,13.12,38.325095382563376,36.97168904611778
2006-10-17,8.57,13.01,5.47,4.94,8.65,38.325095382563376,36.97168904611778
2006-10-18,10.19,16.13,6.66,0.03,12.4,38.325095382563376,36.97168904611778
2006-10-19,10.24,16.55,5.48,3.2,10.02,38.325095382563376,36.97168904611778
2006-10-20,8.09,11.54,4.3,3.11,7.99,38.325095382563376,36.97168904611778
2006-10-21,7.37,14.25,2.5,0.11,8.88,38.325095382563376,36.97168904611778
2006-10-22,9.02,15.84,3.53,0.0,14.44,38.325095382563376,36.97168904611778
2006-10-23,10.62,16.3,5.94,0.0,10.22,38.325095382563376,36.97168904611778
2006-10-24,10.92,15.43,8.03,0.9,11.74,38.325095382563376,36.97168904611778
2006-10-25,10.12,15.81,5.34,1.3,12.88,38.325095382563376,36.97168904611778
2006-10-26,8.68,15.13,3.0,5.03,12.31,38.325095382563376,36.97168904611778
2006-10-27,4.25,7.07,1.33,26.19,3.07,38.325095382563376,36.97168904611778
2006-10-28,6.57,9.95,4.6,10.77,8.95,38.325095382563376,36.97168904611778
2006-10-29,6.47,9.97,4.37,7.92,5.59,38.325095382563376,36.97168904611778
2006-10-30,6.19,9.35,3.64,2.05,6.11,38.325095382563376,36.97168904611778
2006-10-31,7.74,11.37,5.31,1.73,5.17,38.325095382563376,36.97168904611778
2006-11-01,7.85,11.84,4.11,7.47,2.62,38.325095382563376,36.97168904611778
2006-11-02,6.12,10.95,2.08,0.4,9.36,38.325095382563376,36.97168904611778
2006-11-03,6.0,10.73,1.89,2.7,8.48,38.325095382563376,36.97168904611778
2006-11-04,7.7,10.97,4.84,12.78,5.57,38.325095382563376,36.97168904611778
2006-11-05,1.31,5.01,-5.28,3.22,5.76,38.325095382563376,36.97168904611778
2006-11-06,-2.77,3.34,-6.78,0.0,9.86,38.325095382563376,36.97168904611778
2006-11-07,-2.06,3.76,-5.49,0.06,11.24,38.325095382563376,36.97168904611778
2006-11-08,-1.04,5.26,-4.63,0.09,9.02,38.325095382563376,36.97168904611778
2006-11-09,0.33,7.01,-3.57,0.0,13.17,38.325095382563376,36.97168904611778
2006-11-10,2.04,9.35,-1.88,0.09,13.02,38.325095382563376,36.97168904611778
2006-11-11,1.7,8.08,-2.51,0.05,11.9,38.325095382563376,36.97168904611778
2006-11-12,1.71,6.98,-1.25,0.3,9.35,38.325095382563376,36.97168904611778
2006-11-13,2.79,8.24,-2.61,1.03,7.6,38.325095382563376,36.97168904611778
2006-11-14,1.88,5.43,-4.89,2.28,5.1,38.325095382563376,36.97168904611778
2006-11-15,-2.17,4.05,-5.32,0.0,9.34,38.325095382563376,36.97168904611778
2006-11-16,-0.66,6.7,-4.69,0.0,12.12,38.325095382563376,36.97168904611778
2006-11-17,1.69,10.31,-2.75,0.0,12.38,38.325095382563376,36.97168904611778
2006-11-18,0.36,7.26,-3.18,0.03,10.03,38.325095382563376,36.97168904611778
2006-11-19,-2.41,4.0,-5.31,0.0,12.91,38.325095382563376,36.97168904611778
2006-11-20,2.2,9.49,-4.48,0.0,12.55,38.325095382563376,36.97168904611778
2006-11-21,1.77,8.19,-1.78,0.0,10.6,38.325095382563376,36.97168904611778
2006-11-22,0.07,5.02,-3.07,0.0,9.62,38.325095382563376,36.97168904611778
2006-11-23,1.91,7.97,-1.71,0.0,11.5,38.325095382563376,36.97168904611778
2006-11-24,2.84,9.23,-1.02,0.0,11.49,38.325095382563376,36.97168904611778
2006-11-25,1.03,8.69,-2.42,0.0,11.15,38.325095382563376,36.97168904611778
2006-11-26,0.68,9.19,-3.33,0.0,11.58,38.325095382563376,36.97168904611778
2006-11-27,0.55,7.88,-2.86,0.0,11.36,38.325095382563376,36.97168904611778
2006-11-28,0.52,7.92,-3.1,0.0,11.34,38.325095382563376,36.97168904611778
2006-11-29,-0.23,7.5,-4.64,0.0,10.98,38.325095382563376,36.97168904611778
2006-11-30,-2.06,5.3,-5.87,0.0,11.53,38.325095382563376,36.97168904611778
2006-12-01,-2.15,4.34,-5.51,0.0,11.15,38.325095382563376,36.97168904611778
2006-12-02,-1.67,3.05,-3.68,0.02,7.69,38.325095382563376,36.97168904611778
2006-12-03,-0.72,5.72,-6.38,0.0,11.09,38.325095382563376,36.97168904611778
2006-12-04,-0.39,4.42,-3.34,0.0,10.12,38.325095382563376,36.97168904611778
2006-12-05,-2.01,4.06,-5.5,0.0,10.74,38.325095382563376,36.97168904611778
2006-12-06,-2.5,3.33,-6.81,0.0,10.73,38.325095382563376,36.97168904611778
2006-12-07,-1.99,3.53,-5.64,0.0,10.74,38.325095382563376,36.97168904611778
2006-12-08,-2.1,5.4,-7.37,0.0,10.38,38.325095382563376,36.97168904611778
2006-12-09,-0.43,6.08,-4.98,0.0,10.68,38.325095382563376,36.97168904611778
2006-12-10,-0.73,5.85,-4.26,0.0,10.31,38.325095382563376,36.97168904611778
2006-12-11,-2.01,5.84,-7.11,0.0,10.48,38.325095382563376,36.97168904611778
2006-12-12,-0.02,5.05,-3.27,0.0,6.89,38.325095382563376,36.97168904611778
2006-12-13,-0.23,4.12,-3.77,0.01,6.81,38.325095382563376,36.97168904611778
2006-12-14,-1.9,4.51,-6.03,0.06,8.19,38.325095382563376,36.97168904611778
2006-12-15,-4.29,-1.07,-7.87,0.07,7.43,38.325095382563376,36.97168904611778
2006-12-16,-3.75,4.65,-9.97,0.0,10.55,38.325095382563376,36.97168904611778
2006-12-17,-0.08,9.03,-5.32,0.0,10.29,38.325095382563376,36.97168904611778
2006-12-18,4.51,10.39,1.84,0.0,9.71,38.325095382563376,36.97168904611778
2006-12-19,2.69,8.83,-2.24,0.0,8.04,38.325095382563376,36.97168904611778
2006-12-20,0.22,6.12,-2.81,0.0,9.69,38.325095382563376,36.97168904611778
2006-12-21,-0.74,4.11,-4.08,1.82,4.98,38.325095382563376,36.97168904611778
2006-12-22,-5.97,-2.0,-10.09,0.38,4.95,38.325095382563376,36.97168904611778
2006-12-23,-7.71,-2.25,-10.76,0.0,8.47,38.325095382563376,36.97168904611778
2006-12-24,-7.15,-0.73,-10.69,0.01,7.29,38.325095382563376,36.97168904611778
2006-12-25,-4.79,2.89,-10.45,0.52,8.89,38.325095382563376,36.97168904611778
2006-12-26,-7.39,-3.33,-12.35,3.25,4.95,38.325095382563376,36.97168904611778
2006-12-27,-12.47,-9.38,-14.13,0.22,6.99,38.325095382563376,36.97168904611778
2006-12-28,-11.03,-5.77,-14.23,0.01,7.16,38.325095382563376,36.97168904611778
2006-12-29,-8.33,0.01,-13.8,0.0,8.78,38.325095382563376,36.97168904611778
2006-12-30,-7.88,0.54,-13.29,0.0,8.22,38.325095382563376,36.97168904611778
2006-12-31,-8.45,-1.23,-12.83,0.0,8.79,38.325095382563376,36.97168904611778
2007-01-01,-8.62,-0.27,-13.84,0.0,11.15,38.325095382563376,36.97168904611778
2007-01-02,-5.06,4.83,-10.9,0.0,10.93,38.325095382563376,36.97168904611778
2007-01-03,-3.31,2.41,-8.37,0.0,5.1,38.325095382563376,36.97168904611778
2007-01-04,-3.81,0.58,-6.87,0.0,4.53,38.325095382563376,36.97168904611778
2007-01-05,-5.83,-2.67,-8.29,3.89,2.95,38.325095382563376,36.97168904611778
2007-01-06,-5.08,0.31,-9.78,0.95,6.0,38.325095382563376,36.97168904611778
2007-01-07,-5.8,-1.92,-9.69,1.41,4.79,38.325095382563376,36.97168904611778
2007-01-08,-7.06,-0.12,-11.67,0.0,8.26,38.325095382563376,36.97168904611778
2007-01-09,-5.37,1.83,-11.46,0.0,8.33,38.325095382563376,36.97168904611778
2007-01-10,-4.31,1.94,-8.56,0.0,9.58,38.325095382563376,36.97168904611778
2007-01-11,-5.98,0.52,-10.29,0.0,10.98,38.325095382563376,36.97168904611778
2007-01-12,-6.16,1.0,-10.55,0.0,11.44,38.325095382563376,36.97168904611778
2007-01-13,-4.61,2.3,-9.39,0.0,11.19,38.325095382563376,36.97168904611778
2007-01-14,-3.97,2.31,-7.59,0.0,7.8,38.325095382563376,36.97168904611778
2007-01-15,-2.58,3.58,-8.02,0.04,10.49,38.325095382563376,36.97168904611778
2007-01-16,-4.43,0.37,-8.15,0.02,11.11,38.325095382563376,36.97168904611778
2007-01-17,-4.93,3.2,-10.06,0.0,11.59,38.325095382563376,36.97168904611778
2007-01-18,-2.58,6.16,-8.51,0.0,12.26,38.325095382563376,36.97168904611778
2007-01-19,-1.28,3.8,-5.47,0.23,11.18,38.325095382563376,36.97168904611778
2007-01-20,-2.18,-0.83,-5.19,13.65,1.51,38.325095382563376,36.97168904611778
2007-01-21,-6.34,-0.96,-12.12,1.13,8.82,38.325095382563376,36.97168904611778
2007-01-22,-5.22,3.27,-12.08,0.0,10.71,38.325095382563376,36.97168904611778
2007-01-23,-0.83,6.45,-5.86,0.0,7.17,38.325095382563376,36.97168904611778
2007-01-24,-1.37,5.63,-5.33,0.0,6.98,38.325095382563376,36.97168904611778
2007-01-25,-1.25,6.34,-6.01,0.0,12.15,38.325095382563376,36.97168904611778
2007-01-26,-0.21,6.48,-4.02,0.0,11.94,38.325095382563376,36.97168904611778
2007-01-27,0.26,7.05,-2.68,0.0,11.64,38.325095382563376,36.97168904611778
2007-01-28,-2.32,0.97,-8.91,8.2,3.74,38.325095382563376,36.97168904611778
2007-01-29,-9.95,-4.81,-12.86,0.08,12.13,38.325095382563376,36.97168904611778
2007-01-30,-8.46,-4.02,-13.09,1.77,10.0,38.325095382563376,36.97168904611778
2007-01-31,-9.84,-4.12,-13.64,0.16,8.68,38.325095382563376,36.97168904611778
2007-02-01,-9.37,-1.68,-15.07,0.01,14.01,38.325095382563376,36.97168904611778
2007-02-02,-7.55,-2.19,-11.11,0.58,11.29,38.325095382563376,36.97168904611778
2007-02-03,-6.1,-2.03,-9.01,4.98,4.32,38.325095382563376,36.97168904611778
2007-02-04,-4.99,0.44,-8.46,1.2,5.0,38.325095382563376,36.97168904611778
2007-02-05,-3.69,-0.94,-7.2,10.09,1.96,38.325095382563376,36.97168904611778
2007-02-06,-4.32,-1.63,-10.88,5.69,5.27,38.325095382563376,36.97168904611778
2007-02-07,-9.03,-1.32,-14.99,0.38,13.74,38.325095382563376,36.97168904611778
2007-02-08,-4.64,0.6,-10.5,0.0,14.62,38.325095382563376,36.97168904611778
2007-02-09,-5.51,0.2,-8.73,0.0,12.95,38.325095382563376,36.97168904611778
2007-02-10,-4.39,1.78,-8.17,0.0,15.64,38.325095382563376,36.97168904611778
2007-02-11,-3.31,3.37,-8.03,0.0,14.4,38.325095382563376,36.97168904611778
2007-02-12,-2.48,3.0,-8.1,0.06,13.72,38.325095382563376,36.97168904611778
2007-02-13,-0.87,2.8,-3.05,0.49,15.37,38.325095382563376,36.97168904611778
2007-02-14,-0.22,3.67,-2.75,1.18,10.91,38.325095382563376,36.97168904611778
2007-02-15,-0.6,2.2,-2.82,5.44,7.13,38.325095382563376,36.97168904611778
2007-02-16,-1.33,2.72,-4.2,0.38,7.67,38.325095382563376,36.97168904611778
2007-02-17,-0.97,4.44,-4.93,0.0,15.31,38.325095382563376,36.97168904611778
2007-02-18,-1.25,2.98,-4.39,0.0,16.48,38.325095382563376,36.97168904611778
2007-02-19,-0.86,4.73,-4.57,0.0,17.79,38.325095382563376,36.97168904611778
2007-02-20,0.41,6.72,-3.71,0.0,15.98,38.325095382563376,36.97168904611778
2007-02-21,1.77,8.39,-1.46,0.0,16.83,38.325095382563376,36.97168904611778
2007-02-22,1.86,8.11,-2.17,0.01,16.34,38.325095382563376,36.97168904611778
2007-02-23,2.45,7.94,-1.48,0.05,15.08,38.325095382563376,36.97168904611778
2007-02-24,0.87,8.36,-7.57,0.08,14.52,38.325095382563376,36.97168904611778
2007-02-25,-2.57,5.62,-7.56,0.01,18.56,38.325095382563376,36.97168904611778
2007-02-26,-1.03,5.55,-5.08,0.01,17.13,38.325095382563376,36.97168904611778
2007-02-27,0.55,6.38,-4.64,0.01,16.85,38.325095382563376,36.97168904611778
2007-02-28,1.11,4.49,-0.67,0.32,15.28,38.325095382563376,36.97168904611778
2007-03-01,1.77,6.32,-1.36,1.66,12.02,38.325095382563376,36.97168904611778
2007-03-02,2.74,9.42,-2.07,0.07,12.52,38.325095382563376,36.97168904611778
2007-03-03,3.44,8.49,0.31,1.65,12.62,38.325095382563376,36.97168904611778
2007-03-04,3.08,7.54,-0.76,1.73,9.4,38.325095382563376,36.97168904611778
2007-03-05,0.44,2.15,-3.52,9.46,5.54,38.325095382563376,36.97168904611778
2007-03-06,-2.68,2.17,-6.0,0.18,8.31,38.325095382563376,36.97168904611778
2007-03-07,-0.4,6.98,-6.76,0.0,14.68,38.325095382563376,36.97168904611778
2007-03-08,2.49,8.59,-2.2,0.0,18.63,38.325095382563376,36.97168904611778
2007-03-09,2.08,9.32,-2.72,0.0,20.13,38.325095382563376,36.97168904611778
2007-03-10,3.88,11.92,-2.77,0.0,20.0,38.325095382563376,36.97168904611778
2007-03-11,4.19,11.25,-0.21,0.0,17.23,38.325095382563376,36.97168904611778
2007-03-12,3.88,10.41,-1.53,0.0,17.8,38.325095382563376,36.97168904611778
2007-03-13,-1.07,3.15,-4.8,4.09,17.19,38.325095382563376,36.97168904611778
2007-03-14,-0.84,2.9,-4.63,5.46,13.93,38.325095382563376,36.97168904611778
2007-03-15,-0.57,4.07,-4.77,1.36,17.99,38.325095382563376,36.97168904611778
2007-03-16,-3.35,2.07,-6.93,0.3,12.39,38.325095382563376,36.97168904611778
2007-03-17,-3.11,2.65,-7.61,0.0,15.22,38.325095382563376,36.97168904611778
2007-03-18,0.23,6.98,-5.19,0.04,16.01,38.325095382563376,36.97168904611778
2007-03-19,1.95,8.24,-2.63,0.57,15.22,38.325095382563376,36.97168904611778
2007-03-20,2.79,7.89,-0.98,0.31,13.42,38.325095382563376,36.97168904611778
2007-03-21,3.37,10.93,-1.77,0.0,20.31,38.325095382563376,36.97168904611778
2007-03-22,5.52,13.82,-1.18,0.0,21.01,38.325095382563376,36.97168904611778
2007-03-23,6.26,12.86,0.67,0.18,18.86,38.325095382563376,36.97168904611778
2007-03-24,3.9,8.36,-1.38,8.0,5.28,38.325095382563376,36.97168904611778
2007-03-25,0.77,6.29,-3.38,1.73,12.35,38.325095382563376,36.97168904611778
2007-03-26,0.24,6.68,-4.27,0.15,15.72,38.325095382563376,36.97168904611778
2007-03-27,-0.94,5.0,-4.9,0.06,16.18,38.325095382563376,36.97168904611778
2007-03-28,-0.32,4.61,-4.57,0.86,14.43,38.325095382563376,36.97168904611778
2007-03-29,0.08,6.73,-4.5,0.02,16.37,38.325095382563376,36.97168904611778
2007-03-30,2.3,9.73,-4.08,0.0,19.92,38.325095382563376,36.97168904611778
2007-03-31,4.37,10.81,-0.41,0.16,20.27,38.325095382563376,36.97168904611778
2007-04-01,1.04,4.04,-1.44,2.87,17.33,38.325095382563376,36.97168904611778
2007-04-02,-0.15,5.02,-3.51,2.51,11.3,38.325095382563376,36.97168904611778
2007-04-03,-1.62,3.12,-5.57,0.98,15.49,38.325095382563376,36.97168904611778
2007-04-04,0.09,5.63,-5.69,0.17,18.73,38.325095382563376,36.97168904611778
2007-04-05,3.65,10.66,-2.81,1.95,18.11,38.325095382563376,36.97168904611778
2007-04-06,4.81,11.4,0.15,1.06,14.72,38.325095382563376,36.97168904611778
2007-04-07,4.27,11.01,-1.07,0.25,18.01,38.325095382563376,36.97168904611778
2007-04-08,5.0,13.17,-2.17,0.36,19.33,38.325095382563376,36.97168904611778
2007-04-09,2.36,9.87,-3.45,0.87,22.32,38.325095382563376,36.97168904611778
2007-04-10,2.59,9.78,-4.33,0.06,22.21,38.325095382563376,36.97168904611778
2007-04-11,3.06,11.53,-4.21,0.0,25.24,38.325095382563376,36.97168904611778
2007-04-12,3.35,11.51,-4.55,0.03,25.35,38.325095382563376,36.97168904611778
2007-04-13,3.6,11.53,-3.31,0.05,22.25,38.325095382563376,36.97168904611778
2007-04-14,1.69,8.76,-6.0,0.65,18.27,38.325095382563376,36.97168904611778
2007-04-15,-1.89,2.65,-6.48,0.74,14.91,38.325095382563376,36.97168904611778
2007-04-16,-0.66,4.68,-5.56,1.46,15.92,38.325095382563376,36.97168904611778
2007-04-17,2.09,8.26,-3.93,0.75,19.19,38.325095382563376,36.97168904611778
2007-04-18,3.62,10.84,-2.38,1.87,16.97,38.325095382563376,36.97168904611778
2007-04-19,1.18,6.13,-2.23,0.86,17.21,38.325095382563376,36.97168904611778
2007-04-20,0.21,4.43,-3.91,4.05,12.82,38.325095382563376,36.97168904611778
2007-04-21,4.88,12.86,-4.01,0.0,25.93,38.325095382563376,36.97168904611778
2007-04-22,8.31,15.73,1.57,0.02,23.28,38.325095382563376,36.97168904611778
2007-04-23,4.57,11.7,-4.36,7.68,14.04,38.325095382563376,36.97168904611778
2007-04-24,-0.67,6.74,-7.31,0.03,24.4,38.325095382563376,36.97168904611778
2007-04-25,3.78,12.83,-6.84,0.0,28.28,38.325095382563376,36.97168904611778
2007-04-26,8.34,15.31,2.02,0.0,25.24,38.325095382563376,36.97168904611778
2007-04-27,8.06,13.63,2.94,1.85,17.91,38.325095382563376,36.97168904611778
2007-04-28,8.64,15.28,2.44,0.89,18.35,38.325095382563376,36.97168904611778
2007-04-29,5.99,9.58,1.4,5.63,3.55,38.325095382563376,36.97168904611778
2007-04-30,6.24,12.65,1.06,0.54,15.25,38.325095382563376,36.97168904611778
2007-05-01,8.36,15.88,1.62,0.0,24.47,38.325095382563376,36.97168904611778
2007-05-02,9.48,16.66,1.84,0.51,19.62,38.325095382563376,36.97168904611778
2007-05-03,9.89,17.81,2.2,0.01,25.34,38.325095382563376,36.97168904611778
2007-05-04,12.06,19.33,5.39,0.61,27.17,38.325095382563376,36.97168904611778
2007-05-05,13.62,21.49,5.07,0.0,27.77,38.325095382563376,36.97168904611778
2007-05-06,15.89,23.59,7.33,0.0,28.0,38.325095382563376,36.97168904611778
2007-05-07,17.44,24.77,10.68,0.0,26.22,38.325095382563376,36.97168904611778
2007-05-08,16.47,24.34,9.58,0.28,21.18,38.325095382563376,36.97168904611778
2007-05-09,11.56,13.73,9.31,0.48,9.79,38.325095382563376,36.97168904611778
2007-05-10,13.34,18.37,8.24,0.53,15.55,38.325095382563376,36.97168904611778
2007-05-11,13.07,19.35,7.78,1.06,13.28,38.325095382563376,36.97168904611778
2007-05-12,12.12,17.51,8.07,6.71,13.62,38.325095382563376,36.97168904611778
2007-05-13,12.74,19.51,6.71,2.28,15.25,38.325095382563376,36.97168904611778
2007-05-14,11.14,18.64,4.47,0.11,28.82,38.325095382563376,36.97168904611778
2007-05-15,12.48,22.2,1.32,0.15,31.6,38.325095382563376,36.97168904611778
2007-05-16,15.18,23.16,7.85,0.13,29.49,38.325095382563376,36.97168904611778
2007-05-17,15.72,22.64,9.14,0.69,19.92,38.325095382563376,36.97168904611778
2007-05-18,14.06,19.21,8.75,4.67,18.5,38.325095382563376,36.97168904611778
2007-05-19,13.82,17.72,9.77,4.23,24.17,38.325095382563376,36.97168904611778
2007-05-20,16.53,24.66,9.23,0.04,28.52,38.325095382563376,36.97168904611778
2007-05-21,15.3,22.45,8.73,0.0,28.62,38.325095382563376,36.97168904611778
2007-05-22,15.69,23.82,6.83,0.0,31.15,38.325095382563376,36.97168904611778
2007-05-23,17.38,24.32,10.18,0.04,24.99,38.325095382563376,36.97168904611778
2007-05-24,17.18,25.55,8.45,0.0,30.85,38.325095382563376,36.97168904611778
2007-05-25,18.77,26.07,10.48,0.15,27.74,38.325095382563376,36.97168904611778
2007-05-26,18.48,26.74,10.15,0.27,27.15,38.325095382563376,36.97168904611778
2007-05-27,16.63,24.15,9.13,1.4,20.16,38.325095382563376,36.97168904611778
2007-05-28,13.2,18.75,6.31,0.61,21.09,38.325095382563376,36.97168904611778
2007-05-29,15.55,22.64,9.0,0.17,18.4,38.325095382563376,36.97168904611778
2007-05-30,17.76,25.34,9.01,0.03,28.67,38.325095382563376,36.97168904611778
2007-05-31,18.26,25.85,11.41,0.38,28.48,38.325095382563376,36.97168904611778
2007-06-01,16.82,24.55,9.71,0.01,29.13,38.325095382563376,36.97168904611778
2007-06-02,16.88,25.52,8.5,1.27,25.77,38.325095382563376,36.97168904611778
2007-06-03,17.13,25.2,8.49,0.0,29.43,38.325095382563376,36.97168904611778
2007-06-04,16.69,24.08,8.69,1.27,30.02,38.325095382563376,36.97168904611778
2007-06-05,16.86,26.03,6.92,0.0,31.33,38.325095382563376,36.97168904611778
2007-06-06,19.08,27.21,11.83,2.57,24.76,38.325095382563376,36.97168904611778
2007-06-07,16.67,24.19,9.84,2.11,27.71,38.325095382563376,36.97168904611778
2007-06-08,13.75,19.94,8.48,1.82,19.5,38.325095382563376,36.97168904611778
2007-06-09,13.25,19.58,7.05,3.0,19.0,38.325095382563376,36.97168904611778
2007-06-10,15.07,23.19,5.71,0.28,28.79,38.325095382563376,36.97168904611778
2007-06-11,16.13,23.21,9.9,1.15,24.64,38.325095382563376,36.97168904611778
2007-06-12,13.35,19.91,7.63,5.86,23.12,38.325095382563376,36.97168904611778
2007-06-13,16.02,25.11,6.31,0.0,31.04,38.325095382563376,36.97168904611778
2007-06-14,18.45,27.43,8.34,0.0,30.76,38.325095382563376,36.97168904611778
2007-06-15,19.33,28.57,9.69,0.0,32.37,38.325095382563376,36.97168904611778
2007-06-16,19.73,29.24,9.44,0.0,31.93,38.325095382563376,36.97168904611778
2007-06-17,18.81,27.48,9.52,0.01,29.96,38.325095382563376,36.97168904611778
2007-06-18,18.13,26.21,10.25,0.01,29.6,38.325095382563376,36.97168904611778
2007-06-19,16.34,24.56,8.6,0.0,28.46,38.325095382563376,36.97168904611778
2007-06-20,15.34,22.86,8.83,0.0,26.17,38.325095382563376,36.97168904611778
2007-06-21,14.8,22.65,8.24,0.01,28.94,38.325095382563376,36.97168904611778
2007-06-22,13.96,23.75,4.17,0.0,33.08,38.325095382563376,36.97168904611778
2007-06-23,17.33,28.38,5.23,0.0,32.84,38.325095382563376,36.97168904611778
2007-06-24,20.28,29.53,9.4,0.0,31.12,38.325095382563376,36.97168904611778
2007-06-25,17.79,25.64,10.2,0.0,31.85,38.325095382563376,36.97168904611778
2007-06-26,16.75,25.35,7.96,0.0,32.0,38.325095382563376,36.97168904611778
2007-06-27,18.62,28.98,8.48,0.0,31.98,38.325095382563376,36.97168904611778
2007-06-28,20.61,30.25,9.73,0.0,30.63,38.325095382563376,36.97168904611778
2007-06-29,22.42,30.6,13.59,0.71,27.31,38.325095382563376,36.97168904611778
2007-06-30,17.36,25.23,10.66,0.2,26.28,38.325095382563376,36.97168904611778
2007-07-01,16.0,24.19,8.75,0.0,28.44,38.325095382563376,36.97168904611778
2007-07-02,17.26,25.83,8.89,0.0,27.82,38.325095382563376,36.97168904611778
2007-07-03,17.86,26.45,9.75,0.0,29.57,38.325095382563376,36.97168904611778
2007-07-04,19.95,30.05,8.98,0.0,32.55,38.325095382563376,36.97168904611778
2007-07-05,21.71,31.19,11.94,0.0,32.5,38.325095382563376,36.97168904611778
2007-07-06,23.73,32.88,14.39,0.0,31.12,38.325095382563376,36.97168904611778
2007-07-07,18.57,27.09,9.75,0.0,26.61,38.325095382563376,36.97168904611778
2007-07-08,15.79,25.49,7.09,0.0,31.94,38.325095382563376,36.97168904611778
2007-07-09,17.17,27.88,6.91,0.0,32.48,38.325095382563376,36.97168904611778
2007-07-10,19.72,31.69,6.5,0.0,32.26,38.325095382563376,36.97168904611778
2007-07-11,21.02,30.8,10.5,0.0,32.08,38.325095382563376,36.97168904611778
2007-07-12,23.46,32.46,14.6,0.0,30.76,38.325095382563376,36.97168904611778
2007-07-13,24.28,33.46,14.8,0.0,30.16,38.325095382563376,36.97168904611778
2007-07-14,19.22,28.08,12.26,0.0,25.11,38.325095382563376,36.97168904611778
2007-07-15,15.54,23.36,9.11,0.0,18.65,38.325095382563376,36.97168904611778
2007-07-16,13.73,21.07,7.81,0.0,23.06,38.325095382563376,36.97168904611778
2007-07-17,14.72,22.44,7.84,0.0,26.58,38.325095382563376,36.97168904611778
2007-07-18,16.64,25.41,9.02,0.0,29.87,38.325095382563376,36.97168904611778
2007-07-19,19.77,29.89,9.5,0.0,30.61,38.325095382563376,36.97168904611778
2007-07-20,22.44,31.13,11.94,0.0,28.42,38.325095382563376,36.97168904611778
2007-07-21,24.47,32.71,16.91,0.05,28.5,38.325095382563376,36.97168904611778
2007-07-22,22.61,31.99,13.13,0.0,30.87,38.325095382563376,36.97168904611778
2007-07-23,22.34,31.67,12.92,0.0,30.5,38.325095382563376,36.97168904611778
2007-07-24,23.77,33.13,13.34,0.0,29.98,38.325095382563376,36.97168904611778
2007-07-25,25.58,34.79,14.57,0.0,27.63,38.325095382563376,36.97168904611778
2007-07-26,24.81,30.83,18.16,0.02,21.7,38.325095382563376,36.97168904611778
2007-07-27,24.83,33.87,15.45,0.0,27.7,38.325095382563376,36.97168904611778
2007-07-28,23.98,32.9,15.08,0.0,25.35,38.325095382563376,36.97168904611778
2007-07-29,23.47,32.31,14.56,0.25,28.26,38.325095382563376,36.97168904611778
2007-07-30,24.98,33.37,15.46,0.0,25.18,38.325095382563376,36.97168904611778
2007-07-31,24.23,30.86,17.58,0.0,20.52,38.325095382563376,36.97168904611778
2007-08-01,23.79,31.86,16.47,0.07,20.95,38.325095382563376,36.97168904611778
2007-08-02,23.71,31.36,14.85,0.02,23.25,38.325095382563376,36.97168904611778
2007-08-03,21.52,29.87,13.8,0.0,28.86,38.325095382563376,36.97168904611778
2007-08-04,20.32,30.78,9.77,0.0,30.43,38.325095382563376,36.97168904611778
2007-08-05,22.38,32.31,11.07,0.0,29.31,38.325095382563376,36.97168904611778
2007-08-06,23.86,33.23,14.3,0.0,24.67,38.325095382563376,36.97168904611778
2007-08-07,23.69,33.18,14.26,0.0,26.9,38.325095382563376,36.97168904611778
2007-08-08,23.69,32.75,14.41,0.0,28.06,38.325095382563376,36.97168904611778
2007-08-09,23.42,32.46,14.34,0.0,27.68,38.325095382563376,36.97168904611778
2007-08-10,23.13,32.4,13.88,0.0,28.23,38.325095382563376,36.97168904611778
2007-08-11,24.1,33.53,14.08,0.0,28.58,38.325095382563376,36.97168904611778
2007-08-12,25.21,34.95,16.0,0.01,28.37,38.325095382563376,36.97168904611778
2007-08-13,24.76,33.85,15.01,0.0,26.74,38.325095382563376,36.97168904611778
2007-08-14,23.85,32.61,15.08,0.0,25.23,38.325095382563376,36.97168904611778
2007-08-15,23.37,30.85,15.2,0.03,24.14,38.325095382563376,36.97168904611778
2007-08-16,22.21,28.53,16.83,0.06,19.09,38.325095382563376,36.97168904611778
2007-08-17,20.46,28.51,13.16,0.0,24.97,38.325095382563376,36.97168904611778
2007-08-18,18.29,26.57,10.3,0.0,27.5,38.325095382563376,36.97168904611778
2007-08-19,20.16,28.71,10.64,0.0,26.49,38.325095382563376,36.97168904611778
2007-08-20,21.37,28.33,13.86,0.0,23.54,38.325095382563376,36.97168904611778
2007-08-21,22.81,30.56,15.41,0.0,21.74,38.325095382563376,36.97168904611778
2007-08-22,22.57,30.51,14.63,0.0,24.42,38.325095382563376,36.97168904611778
2007-08-23,18.05,26.17,11.38,0.0,24.62,38.325095382563376,36.97168904611778
2007-08-24,18.3,25.23,11.8,1.74,16.91,38.325095382563376,36.97168904611778
2007-08-25,19.77,27.4,11.91,7.07,22.38,38.325095382563376,36.97168904611778
2007-08-26,19.46,26.72,12.83,0.62,20.43,38.325095382563376,36.97168904611778
2007-08-27,18.35,26.0,11.6,0.04,20.59,38.325095382563376,36.97168904611778
2007-08-28,19.35,27.38,10.65,1.48,20.28,38.325095382563376,36.97168904611778
2007-08-29,18.57,25.34,12.39,0.53,20.44,38.325095382563376,36.97168904611778
2007-08-30,18.8,27.38,11.22,0.0,24.53,38.325095382563376,36.97168904611778
2007-08-31,18.75,28.47,9.91,0.0,26.65,38.325095382563376,36.97168904611778
2007-09-01,20.09,29.81,10.78,0.0,25.84,38.325095382563376,36.97168904611778
2007-09-02,22.24,30.99,13.22,0.0,25.07,38.325095382563376,36.97168904611778
2007-09-03,23.03,31.41,16.16,0.0,22.84,38.325095382563376,36.97168904611778
2007-09-04,21.83,30.6,15.17,0.0,22.42,38.325095382563376,36.97168904611778
2007-09-05,21.66,30.41,13.48,0.0,23.42,38.325095382563376,36.97168904611778
2007-09-06,21.83,30.95,13.04,0.0,23.77,38.325095382563376,36.97168904611778
2007-09-07,21.51,31.43,13.16,0.0,23.92,38.325095382563376,36.97168904611778
2007-09-08,18.8,27.98,11.67,0.0,24.08,38.325095382563376,36.97168904611778
2007-09-09,16.7,24.85,10.35,0.35,22.31,38.325095382563376,36.97168904611778
2007-09-10,16.05,24.23,9.71,0.44,23.96,38.325095382563376,36.97168904611778
2007-09-11,16.35,26.22,7.35,0.0,24.66,38.325095382563376,36.97168904611778
2007-09-12,17.93,27.29,9.41,0.0,24.16,38.325095382563376,36.97168904611778
2007-09-13,17.9,27.06,10.98,0.0,23.38,38.325095382563376,36.97168904611778
2007-09-14,13.69,21.7,7.61,0.0,24.11,38.325095382563376,36.97168904611778
2007-09-15,15.39,26.51,4.9,0.0,24.54,38.325095382563376,36.97168904611778
2007-09-16,15.72,24.25,8.39,0.0,23.13,38.325095382563376,36.97168904611778
2007-09-17,12.12,21.64,5.25,0.0,24.25,38.325095382563376,36.97168904611778
2007-09-18,15.16,26.15,4.49,0.0,23.98,38.325095382563376,36.97168904611778
2007-09-19,16.6,26.39,9.22,0.0,23.43,38.325095382563376,36.97168904611778
2007-09-20,17.74,26.63,9.84,0.0,22.78,38.325095382563376,36.97168904611778
2007-09-21,18.16,26.94,12.58,0.0,21.81,38.325095382563376,36.97168904611778
2007-09-22,17.93,26.67,11.67,0.0,21.6,38.325095382563376,36.97168904611778
2007-09-23,17.57,25.87,11.62,0.23,20.86,38.325095382563376,36.97168904611778
2007-09-24,15.43,23.94,9.21,0.41,15.52,38.325095382563376,36.97168904611778
2007-09-25,12.92,20.66,6.94,0.02,18.9,38.325095382563376,36.97168904611778
2007-09-26,14.18,23.29,6.48,0.0,21.97,38.325095382563376,36.97168904611778
2007-09-27,16.87,25.75,8.4,0.0,21.98,38.325095382563376,36.97168904611778
2007-09-28,17.27,26.94,8.49,0.0,21.56,38.325095382563376,36.97168904611778
2007-09-29,14.32,25.02,5.33,0.0,21.71,38.325095382563376,36.97168904611778
2007-09-30,14.52,24.74,5.41,0.0,21.1,38.325095382563376,36.97168904611778
2007-10-01,15.07,24.41,6.17,0.0,20.04,38.325095382563376,36.97168904611778
2007-10-02,17.14,24.69,10.66,0.0,18.4,38.325095382563376,36.97168904611778
2007-10-03,14.74,21.75,11.2,0.0,10.5,38.325095382563376,36.97168904611778
2007-10-04,16.29,23.12,10.55,0.07,13.7,38.325095382563376,36.97168904611778
2007-10-05,13.67,18.99,9.44,6.51,11.55,38.325095382563376,36.97168904611778
2007-10-06,11.67,17.67,7.08,0.72,15.1,38.325095382563376,36.97168904611778
2007-10-07,12.48,20.52,4.96,0.0,18.5,38.325095382563376,36.97168904611778
2007-10-08,14.43,21.52,8.06,0.0,18.13,38.325095382563376,36.97168904611778
2007-10-09,14.32,21.54,8.42,0.0,17.67,38.325095382563376,36.97168904611778
2007-10-10,13.07,18.04,9.06,0.01,13.27,38.325095382563376,36.97168904611778
2007-10-11,13.66,20.39,7.94,0.01,15.68,38.325095382563376,36.97168904611778
2007-10-12,14.21,21.74,8.83,0.0,14.11,38.325095382563376,36.97168904611778
2007-10-13,13.23,20.29,7.78,0.04,16.33,38.325095382563376,36.97168904611778
2007-10-14,12.04,17.7,8.29,3.03,14.31,38.325095382563376,36.97168904611778
2007-10-15,9.63,13.63,3.08,7.75,7.15,38.325095382563376,36.97168904611778
2007-10-16,2.85,6.84,-1.74,3.21,8.4,38.325095382563376,36.97168904611778
2007-10-17,3.28,12.06,-3.63,0.0,16.94,38.325095382563376,36.97168904611778
2007-10-18,5.51,15.18,-3.21,0.0,18.06,38.325095382563376,36.97168904611778
2007-10-19,8.31,17.2,2.23,0.0,17.29,38.325095382563376,36.97168904611778
2007-10-20,8.84,15.33,2.77,1.13,13.46,38.325095382563376,36.97168904611778
2007-10-21,9.5,15.9,4.55,0.9,11.91,38.325095382563376,36.97168904611778
2007-10-22,10.59,17.99,6.74,0.03,14.56,38.325095382563376,36.97168904611778
2007-10-23,11.81,19.81,7.01,1.68,12.59,38.325095382563376,36.97168904611778
2007-10-24,12.08,18.63,7.26,0.0,12.35,38.325095382563376,36.97168904611778
2007-10-25,10.48,16.46,3.79,0.0,10.3,38.325095382563376,36.97168904611778
2007-10-26,6.94,14.74,2.31,0.05,15.36,38.325095382563376,36.97168904611778
2007-10-27,6.51,14.15,1.81,0.0,15.99,38.325095382563376,36.97168904611778
2007-10-28,5.37,13.14,-0.05,0.0,14.43,38.325095382563376,36.97168904611778
2007-10-29,5.86,14.17,0.5,0.0,13.11,38.325095382563376,36.97168904611778
2007-10-30,3.87,9.33,0.75,6.13,8.12,38.325095382563376,36.97168904611778
2007-10-31,5.03,13.18,0.25,0.14,11.82,38.325095382563376,36.97168904611778
2007-11-01,5.86,14.32,-1.27,0.0,9.12,38.325095382563376,36.97168904611778
2007-11-02,8.25,14.49,4.78,0.93,9.71,38.325095382563376,36.97168904611778
2007-11-03,5.45,11.35,0.9,0.46,6.73,38.325095382563376,36.97168904611778
2007-11-04,5.5,14.06,-0.45,0.02,13.92,38.325095382563376,36.97168904611778
2007-11-05,6.73,10.27,2.0,3.3,3.28,38.325095382563376,36.97168904611778
2007-11-06,7.56,10.58,5.37,13.9,2.73,38.325095382563376,36.97168904611778
2007-11-07,5.15,9.66,-1.6,4.74,4.59,38.325095382563376,36.97168904611778
2007-11-08,3.54,9.36,-1.92,3.42,7.2,38.325095382563376,36.97168904611778
2007-11-09,1.01,5.72,-4.91,4.6,6.12,38.325095382563376,36.97168904611778
2007-11-10,1.87,8.14,-4.22,0.26,9.04,38.325095382563376,36.97168904611778
2007-11-11,3.19,7.34,-4.83,2.14,4.44,38.325095382563376,36.97168904611778
2007-11-12,-0.57,7.58,-5.27,1.58,11.91,38.325095382563376,36.97168904611778
2007-11-13,1.24,8.09,-3.97,0.12,9.64,38.325095382563376,36.97168904611778
2007-11-14,3.09,5.95,0.02,5.55,5.45,38.325095382563376,36.97168904611778
2007-11-15,4.79,9.46,1.62,1.5,7.83,38.325095382563376,36.97168904611778
2007-11-16,6.42,12.37,1.91,0.0,11.77,38.325095382563376,36.97168904611778
2007-11-17,6.56,13.02,2.1,0.0,11.93,38.325095382563376,36.97168904611778
2007-11-18,5.65,12.12,2.37,0.0,11.44,38.325095382563376,36.97168904611778
2007-11-19,4.61,10.29,1.54,0.17,6.05,38.325095382563376,36.97168904611778
2007-11-20,2.54,6.33,0.67,5.67,2.99,38.325095382563376,36.97168904611778
2007-11-21,1.25,4.85,-2.54,1.07,6.24,38.325095382563376,36.97168904611778
2007-11-22,-1.47,4.92,-4.88,0.04,8.54,38.325095382563376,36.97168904611778
2007-11-23,-3.06,3.18,-6.55,0.0,11.59,38.325095382563376,36.97168904611778
2007-11-24,-2.3,5.22,-6.52,0.0,11.83,38.325095382563376,36.97168904611778
2007-11-25,-0.32,5.79,-4.36,0.0,12.03,38.325095382563376,36.97168904611778
2007-11-26,0.91,8.16,-2.7,0.0,11.36,38.325095382563376,36.97168904611778
2007-11-27,2.49,9.41,-1.76,0.95,9.27,38.325095382563376,36.97168904611778
2007-11-28,1.22,5.93,-6.56,5.27,3.34,38.325095382563376,36.97168904611778
2007-11-29,-4.78,0.22,-7.55,0.0,11.06,38.325095382563376,36.97168904611778
2007-11-30,-0.74,7.39,-5.37,0.03,10.1,38.325095382563376,36.97168904611778
2007-12-01,-0.46,4.67,-3.55,1.98,8.0,38.325095382563376,36.97168904611778
2007-12-02,-3.3,0.43,-7.6,1.02,7.89,38.325095382563376,36.97168904611778
2007-12-03,-2.94,5.03,-8.74,0.0,10.13,38.325095382563376,36.97168904611778
2007-12-04,-1.36,3.03,-4.03,0.03,8.87,38.325095382563376,36.97168904611778
2007-12-05,-1.05,2.27,-3.02,0.51,3.42,38.325095382563376,36.97168904611778
2007-12-06,-0.3,1.88,-1.38,7.56,1.84,38.325095382563376,36.97168904611778
2007-12-07,-1.51,1.98,-4.69,1.17,5.1,38.325095382563376,36.97168904611778
2007-12-08,-1.98,3.79,-4.98,0.0,9.38,38.325095382563376,36.97168904611778
2007-12-09,-0.27,3.11,-3.48,0.35,6.95,38.325095382563376,36.97168904611778
2007-12-10,0.59,1.47,-0.45,3.44,2.48,38.325095382563376,36.97168904611778
2007-12-11,1.39,4.57,-1.28,3.7,5.86,38.325095382563376,36.97168904611778
2007-12-12,2.56,5.85,1.28,4.28,4.81,38.325095382563376,36.97168904611778
2007-12-13,2.76,5.51,0.35,8.88,2.47,38.325095382563376,36.97168904611778
2007-12-14,-0.64,2.16,-4.79,7.33,1.63,38.325095382563376,36.97168904611778
2007-12-15,-2.11,2.66,-5.45,0.6,5.9,38.325095382563376,36.97168904611778
2007-12-16,-2.14,1.57,-4.49,2.8,1.82,38.325095382563376,36.97168904611778
2007-12-17,-2.84,1.43,-5.57,0.48,8.18,38.325095382563376,36.97168904611778
2007-12-18,-5.95,-3.32,-10.07,0.78,6.5,38.325095382563376,36.97168904611778
2007-12-19,-8.91,-5.07,-10.86,0.03,7.58,38.325095382563376,36.97168904611778
2007-12-20,-6.95,-0.93,-10.94,0.0,9.21,38.325095382563376,36.97168904611778
2007-12-21,-6.87,-0.11,-10.94,0.0,9.72,38.325095382563376,36.97168904611778
2007-12-22,-6.27,0.02,-10.37,0.0,9.31,38.325095382563376,36.97168904611778
2007-12-23,-4.52,3.02,-10.28,0.0,10.8,38.325095382563376,36.97168904611778
2007-12-24,-2.65,4.16,-8.29,0.0,10.95,38.325095382563376,36.97168904611778
2007-12-25,-2.15,3.98,-5.67,0.0,10.39,38.325095382563376,36.97168904611778
2007-12-26,-2.83,2.75,-5.98,0.0,10.41,38.325095382563376,36.97168904611778
2007-12-27,-2.51,2.78,-7.1,0.0,10.31,38.325095382563376,36.97168904611778
2007-12-28,-3.68,1.44,-8.62,0.0,9.79,38.325095382563376,36.97168904611778
2007-12-29,-8.19,-2.87,-11.48,0.0,9.73,38.325095382563376,36.97168904611778
2007-12-30,-8.22,-2.0,-13.41,0.0,10.68,38.325095382563376,36.97168904611778
2007-12-31,-8.66,-2.42,-13.34,0.0,10.67,38.325095382563376,36.97168904611778
2008-01-01,-9.14,-2.83,-14.37,0.0,8.09,38.325095382563376,36.97168904611778
2008-01-02,-4.99,2.07,-10.76,0.0,10.26,38.325095382563376,36.97168904611778
2008-01-03,-3.17,3.02,-7.82,1.06,8.78,38.325095382563376,36.97168904611778
2008-01-04,-4.63,0.28,-11.29,5.89,5.94,38.325095382563376,36.97168904611778
2008-01-05,-9.8,-6.19,-13.24,0.66,6.32,38.325095382563376,36.97168904611778
2008-01-06,-9.75,-3.46,-13.58,0.0,10.02,38.325095382563376,36.97168904611778
2008-01-07,-8.25,-0.21,-14.23,0.06,11.13,38.325095382563376,36.97168904611778
2008-01-08,-6.85,-2.3,-10.82,2.32,7.65,38.325095382563376,36.97168904611778
2008-01-09,-8.77,-4.07,-12.09,0.04,9.77,38.325095382563376,36.97168904611778
2008-01-10,-10.66,-6.09,-13.97,0.07,9.19,38.325095382563376,36.97168904611778
2008-01-11,-12.9,-5.77,-17.25,0.0,11.14,38.325095382563376,36.97168904611778
2008-01-12,-12.63,-4.56,-17.79,0.0,11.69,38.325095382563376,36.97168904611778
2008-01-13,-11.87,-3.8,-16.39,0.0,12.03,38.325095382563376,36.97168904611778
2008-01-14,-9.58,-0.92,-15.71,0.0,12.3,38.325095382563376,36.97168904611778
2008-01-15,-6.69,0.96,-11.96,0.0,12.27,38.325095382563376,36.97168904611778
2008-01-16,-7.0,-2.78,-10.66,0.04,9.29,38.325095382563376,36.97168904611778
2008-01-17,-5.35,0.81,-9.63,0.0,11.81,38.325095382563376,36.97168904611778
2008-01-18,-5.15,1.49,-9.53,0.0,11.92,38.325095382563376,36.97168904611778
2008-01-19,-4.96,2.03,-9.7,0.0,12.35,38.325095382563376,36.97168904611778
2008-01-20,-5.78,1.31,-12.13,0.0,12.61,38.325095382563376,36.97168904611778
2008-01-21,-4.88,2.67,-11.33,0.0,12.38,38.325095382563376,36.97168904611778
2008-01-22,-2.38,4.79,-6.6,0.0,12.66,38.325095382563376,36.97168904611778
2008-01-23,-0.94,5.18,-5.19,0.0,11.71,38.325095382563376,36.97168904611778
2008-01-24,-1.96,4.49,-7.04,0.02,12.57,38.325095382563376,36.97168904611778
2008-01-25,-5.66,-2.75,-9.81,0.62,11.05,38.325095382563376,36.97168904611778
2008-01-26,-7.1,0.75,-11.57,0.01,13.03,38.325095382563376,36.97168904611778
2008-01-27,-6.29,2.11,-13.23,0.01,13.44,38.325095382563376,36.97168904611778
2008-01-28,-3.31,-0.67,-6.29,6.94,7.63,38.325095382563376,36.97168904611778
2008-01-29,-4.87,-1.52,-10.38,14.38,7.88,38.325095382563376,36.97168904611778
2008-01-30,-10.74,-9.21,-12.62,2.93,11.36,38.325095382563376,36.97168904611778
2008-01-31,-12.67,-7.43,-19.77,0.06,13.4,38.325095382563376,36.97168904611778
2008-02-01,-13.31,-3.55,-19.71,0.0,15.66,38.325095382563376,36.97168904611778
2008-02-02,-10.33,-1.28,-16.11,0.0,13.11,38.325095382563376,36.97168904611778
2008-02-03,-9.68,0.33,-15.71,0.0,15.13,38.325095382563376,36.97168904611778
2008-02-04,-8.23,0.94,-15.28,0.0,15.27,38.325095382563376,36.97168904611778
2008-02-05,-5.36,1.9,-10.73,0.0,15.02,38.325095382563376,36.97168904611778
2008-02-06,-6.36,1.11,-11.22,0.0,15.06,38.325095382563376,36.97168904611778
2008-02-07,-7.43,0.74,-12.51,0.0,14.74,38.325095382563376,36.97168904611778
2008-02-08,-6.11,1.12,-11.63,0.0,13.93,38.325095382563376,36.97168904611778
2008-02-09,-4.41,3.21,-9.34,0.0,13.64,38.325095382563376,36.97168904611778
2008-02-10,-3.17,3.98,-7.53,0.03,13.62,38.325095382563376,36.97168904611778
2008-02-11,-2.94,2.63,-7.4,0.72,13.02,38.325095382563376,36.97168904611778
2008-02-12,-5.48,-0.48,-9.86,0.39,13.92,38.325095382563376,36.97168904611778
2008-02-13,-4.92,1.68,-12.13,0.43,14.63,38.325095382563376,36.97168904611778
2008-02-14,-4.64,-0.6,-9.96,1.8,14.42,38.325095382563376,36.97168904611778
2008-02-15,-7.46,-2.11,-11.64,0.27,16.19,38.325095382563376,36.97168904611778
2008-02-16,-5.51,-1.21,-10.4,1.36,13.49,38.325095382563376,36.97168904611778
2008-02-17,-2.46,0.54,-4.39,6.74,15.12,38.325095382563376,36.97168904611778
2008-02-18,-2.45,0.41,-9.52,12.18,13.37,38.325095382563376,36.97168904611778
2008-02-19,-14.01,-10.04,-19.92,3.72,13.73,38.325095382563376,36.97168904611778
2008-02-20,-11.45,-5.3,-16.28,2.11,15.24,38.325095382563376,36.97168904611778
2008-02-21,-10.21,-1.48,-17.21,0.0,19.63,38.325095382563376,36.97168904611778
2008-02-22,-5.73,1.58,-13.56,0.0,18.25,38.325095382563376,36.97168904611778
2008-02-23,-3.03,3.53,-8.35,0.0,18.23,38.325095382563376,36.97168904611778
2008-02-24,-2.81,1.72,-7.83,1.27,15.76,38.325095382563376,36.97168904611778
2008-02-25,-5.48,1.3,-10.47,0.33,17.96,38.325095382563376,36.97168904611778
2008-02-26,-4.38,3.41,-9.35,0.32,17.9,38.325095382563376,36.97168904611778
2008-02-27,-0.43,7.75,-8.94,0.0,19.41,38.325095382563376,36.97168904611778
2008-02-28,1.77,8.12,-2.55,0.0,18.02,38.325095382563376,36.97168904611778
2008-02-29,2.15,6.64,-1.13,0.0,18.15,38.325095382563376,36.97168904611778
2008-03-01,1.97,8.5,-2.57,0.0,18.73,38.325095382563376,36.97168904611778
2008-03-02,1.69,6.31,-2.57,1.3,15.07,38.325095382563376,36.97168904611778
2008-03-03,-0.45,3.34,-4.59,10.15,10.91,38.325095382563376,36.97168904611778
2008-03-04,-0.14,7.12,-6.31,0.0,19.38,38.325095382563376,36.97168904611778
2008-03-05,2.82,10.37,-1.94,0.0,18.77,38.325095382563376,36.97168904611778
2008-03-06,5.67,12.73,-0.14,0.0,16.85,38.325095382563376,36.97168904611778
2008-03-07,6.57,13.61,1.57,0.0,17.36,38.325095382563376,36.97168904611778
2008-03-08,6.75,14.97,1.21,0.0,16.18,38.325095382563376,36.97168904611778
2008-03-09,5.18,10.97,0.71,0.04,11.24,38.325095382563376,36.97168904611778
2008-03-10,4.86,10.71,0.95,1.7,7.94,38.325095382563376,36.97168904611778
2008-03-11,3.71,10.32,-1.27,0.05,17.81,38.325095382563376,36.97168904611778
2008-03-12,3.66,8.64,0.11,0.75,14.38,38.325095382563376,36.97168904611778
2008-03-13,3.14,7.45,-0.35,1.55,16.26,38.325095382563376,36.97168904611778
2008-03-14,-0.14,2.78,-3.88,9.11,8.25,38.325095382563376,36.97168904611778
2008-03-15,-2.04,3.26,-4.9,0.51,14.32,38.325095382563376,36.97168904611778
2008-03-16,1.79,7.78,-4.67,0.0,16.21,38.325095382563376,36.97168904611778
2008-03-17,3.26,10.93,-2.07,0.0,21.82,38.325095382563376,36.97168904611778
2008-03-18,3.58,10.59,-2.4,0.27,19.43,38.325095382563376,36.97168904611778
2008-03-19,4.46,11.43,-1.4,0.02,20.7,38.325095382563376,36.97168904611778
2008-03-20,5.01,10.93,0.23,0.53,17.97,38.325095382563376,36.97168904611778
2008-03-21,5.79,11.36,2.35,0.97,11.28,38.325095382563376,36.97168904611778
2008-03-22,6.46,12.95,1.47,0.08,17.45,38.325095382563376,36.97168904611778
2008-03-23,8.69,17.9,0.05,0.0,15.09,38.325095382563376,36.97168904611778
2008-03-24,11.15,20.46,3.93,0.0,18.69,38.325095382563376,36.97168904611778
2008-03-25,7.52,13.84,1.46,0.01,21.75,38.325095382563376,36.97168904611778
2008-03-26,4.43,11.61,-1.05,0.09,18.76,38.325095382563376,36.97168904611778
2008-03-27,4.02,11.11,-2.84,0.0,20.63,38.325095382563376,36.97168904611778
2008-03-28,4.86,12.15,-1.56,0.03,18.97,38.325095382563376,36.97168904611778
2008-03-29,4.55,9.9,-0.59,0.76,12.51,38.325095382563376,36.97168904611778
2008-03-30,3.51,8.24,0.99,7.09,8.75,38.325095382563376,36.97168904611778
2008-03-31,3.28,8.28,-0.4,1.79,14.08,38.325095382563376,36.97168904611778
2008-04-01,0.77,5.42,-3.82,6.3,10.78,38.325095382563376,36.97168904611778
2008-04-02,0.81,6.83,-4.56,0.18,14.31,38.325095382563376,36.97168904611778
2008-04-03,4.01,11.09,-1.26,0.43,17.98,38.325095382563376,36.97168904611778
2008-04-04,3.19,7.77,-0.68,2.76,14.06,38.325095382563376,36.97168904611778
2008-04-05,4.68,11.8,-2.08,0.46,16.56,38.325095382563376,36.97168904611778
2008-04-06,7.21,13.2,1.61,0.49,14.02,38.325095382563376,36.97168904611778
2008-04-07,5.3,8.86,0.18,3.08,15.34,38.325095382563376,36.97168904611778
2008-04-08,2.48,7.79,-2.04,1.77,14.89,38.325095382563376,36.97168904611778
2008-04-09,4.5,11.62,-2.91,0.07,18.93,38.325095382563376,36.97168904611778
2008-04-10,5.77,10.92,1.12,0.03,17.55,38.325095382563376,36.97168904611778
2008-04-11,7.03,12.57,1.2,0.0,17.52,38.325095382563376,36.97168904611778
2008-04-12,9.21,16.37,1.98,0.93,16.07,38.325095382563376,36.97168904611778
2008-04-13,12.74,22.39,3.17,0.0,21.0,38.325095382563376,36.97168904611778
2008-04-14,15.03,22.19,7.48,0.0,20.35,38.325095382563376,36.97168904611778
2008-04-15,14.44,21.92,8.34,0.02,18.93,38.325095382563376,36.97168904611778
2008-04-16,10.48,16.82,3.75,0.31,20.6,38.325095382563376,36.97168904611778
2008-04-17,5.34,12.16,0.21,0.21,23.53,38.325095382563376,36.97168904611778
2008-04-18,8.13,17.24,0.39,0.03,21.36,38.325095382563376,36.97168904611778
2008-04-19,6.97,13.66,1.05,0.58,16.1,38.325095382563376,36.97168904611778
2008-04-20,9.29,18.08,-0.43,0.13,25.82,38.325095382563376,36.97168904611778
2008-04-21,12.51,21.21,4.19,0.37,26.97,38.325095382563376,36.97168904611778
2008-04-22,15.26,24.13,5.29,0.0,23.61,38.325095382563376,36.97168904611778
2008-04-23,16.12,25.18,9.19,0.0,19.68,38.325095382563376,36.97168904611778
2008-04-24,16.04,24.87,8.03,0.0,22.63,38.325095382563376,36.97168904611778
2008-04-25,14.07,22.46,7.35,0.0,21.18,38.325095382563376,36.97168904611778
2008-04-26,15.44,23.88,6.75,0.29,17.83,38.325095382563376,36.97168904611778
2008-04-27,10.34,17.05,3.15,2.46,17.77,38.325095382563376,36.97168904611778
2008-04-28,8.59,16.64,1.99,0.0,28.14,38.325095382563376,36.97168904611778
2008-04-29,6.9,13.48,0.62,1.14,22.72,38.325095382563376,36.97168904611778
2008-04-30,7.17,13.93,0.14,0.27,19.67,38.325095382563376,36.97168904611778
2008-05-01,7.77,14.7,0.97,0.0,21.8,38.325095382563376,36.97168904611778
2008-05-02,8.22,16.0,-0.17,0.0,19.92,38.325095382563376,36.97168904611778
2008-05-03,6.84,11.65,2.02,2.56,14.23,38.325095382563376,36.97168904611778
2008-05-04,8.34,16.4,0.96,1.66,19.95,38.325095382563376,36.97168904611778
2008-05-05,8.34,14.57,2.66,1.78,21.3,38.325095382563376,36.97168904611778
2008-05-06,5.31,11.16,-0.45,0.87,18.53,38.325095382563376,36.97168904611778
2008-05-07,5.58,13.2,-2.79,0.0,25.26,38.325095382563376,36.97168904611778
2008-05-08,5.61,11.54,1.86,3.27,12.63,38.325095382563376,36.97168904611778
2008-05-09,4.67,9.92,0.72,5.22,18.01,38.325095382563376,36.97168904611778
2008-05-10,5.02,10.8,-0.93,1.13,19.15,38.325095382563376,36.97168904611778
2008-05-11,5.48,11.51,-1.01,0.51,20.24,38.325095382563376,36.97168904611778
2008-05-12,7.01,12.98,0.99,0.54,20.44,38.325095382563376,36.97168904611778
2008-05-13,7.9,15.47,0.4,0.0,27.01,38.325095382563376,36.97168904611778
2008-05-14,10.07,18.35,2.16,0.0,26.96,38.325095382563376,36.97168904611778
2008-05-15,10.49,16.91,4.07,8.26,16.39,38.325095382563376,36.97168904611778
2008-05-16,9.5,15.58,4.07,1.78,16.11,38.325095382563376,36.97168904611778
2008-05-17,9.21,16.23,2.02,1.06,24.03,38.325095382563376,36.97168904611778
2008-05-18,9.35,14.04,4.59,0.54,22.29,38.325095382563376,36.97168904611778
2008-05-19,12.32,20.64,2.27,0.0,28.72,38.325095382563376,36.97168904611778
2008-05-20,14.89,23.07,6.04,0.0,25.02,38.325095382563376,36.97168904611778
2008-05-21,16.38,24.47,8.38,0.0,28.3,38.325095382563376,36.97168904611778
2008-05-22,17.51,25.83,8.76,0.0,28.41,38.325095382563376,36.97168904611778
2008-05-23,16.68,24.71,9.15,0.0,29.42,38.325095382563376,36.97168904611778
2008-05-24,16.73,25.43,8.07,0.08,27.18,38.325095382563376,36.97168904611778
2008-05-25,12.82,19.43,6.78,6.08,20.15,38.325095382563376,36.97168904611778
2008-05-26,10.47,17.08,4.93,6.65,21.57,38.325095382563376,36.97168904611778
2008-05-27,9.88,16.83,2.86,1.98,24.89,38.325095382563376,36.97168904611778
2008-05-28,12.28,20.73,3.29,0.0,32.03,38.325095382563376,36.97168904611778
2008-05-29,12.58,20.83,3.5,0.9,21.04,38.325095382563376,36.97168904611778
2008-05-30,9.47,18.71,0.39,0.0,33.12,38.325095382563376,36.97168904611778
2008-05-31,13.38,23.44,2.02,0.0,32.62,38.325095382563376,36.97168904611778
2008-06-01,16.86,24.59,8.55,0.0,30.31,38.325095382563376,36.97168904611778
2008-06-02,15.38,22.47,6.77,0.19,21.47,38.325095382563376,36.97168904611778
2008-06-03,10.87,19.28,3.16,0.0,30.45,38.325095382563376,36.97168904611778
2008-06-04,12.87,22.59,0.62,0.0,32.48,38.325095382563376,36.97168904611778
2008-06-05,17.46,25.82,10.61,0.0,27.37,38.325095382563376,36.97168904611778
2008-06-06,17.25,25.6,8.45,0.29,30.32,38.325095382563376,36.97168904611778
2008-06-07,14.4,20.29,7.89,2.04,22.29,38.325095382563376,36.97168904611778
2008-06-08,13.89,21.68,6.16,0.13,26.44,38.325095382563376,36.97168904611778
2008-06-09,15.55,23.01,7.36,0.11,25.77,38.325095382563376,36.97168904611778
2008-06-10,12.39,17.74,6.53,9.64,13.98,38.325095382563376,36.97168904611778
2008-06-11,8.97,13.39,5.21,2.79,10.63,38.325095382563376,36.97168904611778
2008-06-12,11.14,18.28,5.28,0.27,14.67,38.325095382563376,36.97168904611778
2008-06-13,13.75,22.2,5.05,0.03,28.47,38.325095382563376,36.97168904611778
2008-06-14,16.49,23.91,8.78,0.43,26.24,38.325095382563376,36.97168904611778
2008-06-15,17.69,25.45,10.25,1.38,24.38,38.325095382563376,36.97168904611778
2008-06-16,14.49,20.52,7.99,2.39,26.6,38.325095382563376,36.97168904611778
2008-06-17,15.06,23.43,6.81,0.0,30.77,38.325095382563376,36.97168904611778
2008-06-18,14.29,22.63,6.33,0.0,32.81,38.325095382563376,36.97168904611778
2008-06-19,15.89,25.64,5.68,0.0,31.48,38.325095382563376,36.97168904611778
2008-06-20,16.95,25.91,7.58,0.09,29.89,38.325095382563376,36.97168904611778
2008-06-21,15.93,24.09,8.27,0.63,30.37,38.325095382563376,36.97168904611778
2008-06-22,14.2,21.18,8.18,0.0,21.07,38.325095382563376,36.97168904611778
2008-06-23,14.8,23.39,7.62,0.0,31.6,38.325095382563376,36.97168904611778
2008-06-24,15.55,25.04,6.42,0.0,32.74,38.325095382563376,36.97168904611778
2008-06-25,17.52,27.37,7.63,0.0,31.06,38.325095382563376,36.97168904611778
2008-06-26,18.55,29.0,7.66,0.0,32.93,38.325095382563376,36.97168904611778
2008-06-27,20.7,30.19,10.73,0.0,31.84,38.325095382563376,36.97168904611778
2008-06-28,20.54,29.62,12.03,0.0,30.57,38.325095382563376,36.97168904611778
2008-06-29,18.05,27.12,8.9,0.0,32.3,38.325095382563376,36.97168904611778
2008-06-30,15.61,23.4,8.07,0.0,29.42,38.325095382563376,36.97168904611778
2008-07-01,15.16,24.99,5.75,0.0,33.2,38.325095382563376,36.97168904611778
2008-07-02,15.68,25.62,5.49,0.0,32.94,38.325095382563376,36.97168904611778
2008-07-03,15.15,24.17,6.13,0.0,29.62,38.325095382563376,36.97168904611778
2008-07-04,15.04,24.34,5.65,0.0,32.6,38.325095382563376,36.97168904611778
2008-07-05,17.71,26.9,7.6,0.0,31.81,38.325095382563376,36.97168904611778
2008-07-06,19.27,27.4,10.35,0.0,28.7,38.325095382563376,36.97168904611778
2008-07-07,15.26,22.67,7.76,0.0,29.79,38.325095382563376,36.97168904611778
2008-07-08,14.99,24.88,5.33,0.0,32.85,38.325095382563376,36.97168904611778
2008-07-09,18.31,28.35,6.55,0.0,32.37,38.325095382563376,36.97168904611778
2008-07-10,20.71,29.3,13.05,0.0,31.35,38.325095382563376,36.97168904611778
2008-07-11,20.3,29.42,10.19,0.0,29.24,38.325095382563376,36.97168904611778
2008-07-12,20.74,30.99,10.85,2.86,28.63,38.325095382563376,36.97168904611778
2008-07-13,19.88,29.9,10.18,0.0,28.52,38.325095382563376,36.97168904611778
2008-07-14,18.98,27.77,10.96,0.0,28.71,38.325095382563376,36.97168904611778
2008-07-15,17.76,26.03,10.25,0.0,29.79,38.325095382563376,36.97168904611778
2008-07-16,20.51,29.89,9.25,0.0,31.02,38.325095382563376,36.97168904611778
2008-07-17,22.17,30.54,14.05,0.0,29.74,38.325095382563376,36.97168904611778
2008-07-18,19.58,28.7,10.96,0.0,30.88,38.325095382563376,36.97168904611778
2008-07-19,21.1,31.72,9.98,0.0,31.97,38.325095382563376,36.97168904611778
2008-07-20,21.91,32.21,12.07,0.0,31.17,38.325095382563376,36.97168904611778
2008-07-21,22.18,33.6,10.6,0.0,30.1,38.325095382563376,36.97168904611778
2008-07-22,23.94,33.29,13.79,0.11,27.4,38.325095382563376,36.97168904611778
2008-07-23,25.21,33.98,15.8,0.0,29.77,38.325095382563376,36.97168904611778
2008-07-24,25.33,34.26,17.26,0.01,27.71,38.325095382563376,36.97168904611778
2008-07-25,22.86,32.01,14.02,0.0,30.07,38.325095382563376,36.97168904611778
2008-07-26,21.81,31.58,11.7,0.0,30.04,38.325095382563376,36.97168904611778
2008-07-27,22.09,30.71,12.92,0.02,28.65,38.325095382563376,36.97168904611778
2008-07-28,22.01,30.67,13.01,0.0,27.91,38.325095382563376,36.97168904611778
2008-07-29,21.35,29.72,13.09,0.0,26.57,38.325095382563376,36.97168904611778
2008-07-30,18.97,28.03,11.2,0.0,29.23,38.325095382563376,36.97168904611778
2008-07-31,17.56,28.04,9.74,0.0,24.14,38.325095382563376,36.97168904611778
2008-08-01,18.26,28.58,9.15,0.0,27.73,38.325095382563376,36.97168904611778
2008-08-02,20.65,31.53,11.56,0.0,25.2,38.325095382563376,36.97168904611778
2008-08-03,20.75,31.32,10.9,0.0,28.58,38.325095382563376,36.97168904611778
2008-08-04,21.48,31.86,11.39,0.0,28.33,38.325095382563376,36.97168904611778
2008-08-05,19.81,29.34,10.98,0.0,28.55,38.325095382563376,36.97168904611778
2008-08-06,20.39,30.51,11.4,0.0,28.92,38.325095382563376,36.97168904611778
2008-08-07,20.04,29.92,11.81,0.0,27.48,38.325095382563376,36.97168904611778
2008-08-08,20.43,30.31,11.74,0.0,28.48,38.325095382563376,36.97168904611778
2008-08-09,22.24,31.66,11.64,0.0,26.62,38.325095382563376,36.97168904611778
2008-08-10,22.49,30.42,13.8,0.14,27.26,38.325095382563376,36.97168904611778
2008-08-11,22.86,31.32,13.46,0.09,27.36,38.325095382563376,36.97168904611778
2008-08-12,23.02,31.47,15.5,0.02,23.05,38.325095382563376,36.97168904611778
2008-08-13,20.8,29.63,12.92,0.0,25.79,38.325095382563376,36.97168904611778
2008-08-14,20.03,29.0,12.09,0.0,27.65,38.325095382563376,36.97168904611778
2008-08-15,20.26,29.47,10.68,0.0,27.75,38.325095382563376,36.97168904611778
2008-08-16,21.33,29.56,13.46,0.02,23.82,38.325095382563376,36.97168904611778
2008-08-17,22.79,29.41,15.37,0.0,22.7,38.325095382563376,36.97168904611778
2008-08-18,24.44,32.27,16.69,0.0,25.5,38.325095382563376,36.97168904611778
2008-08-19,24.12,33.22,14.97,0.0,26.64,38.325095382563376,36.97168904611778
2008-08-20,23.35,32.64,14.14,0.09,24.49,38.325095382563376,36.97168904611778
2008-08-21,22.19,31.62,14.15,0.0,26.62,38.325095382563376,36.97168904611778
2008-08-22,21.43,31.69,11.32,0.0,27.04,38.325095382563376,36.97168904611778
2008-08-23,21.3,30.74,13.11,0.22,20.01,38.325095382563376,36.97168904611778
2008-08-24,21.72,27.2,16.31,0.6,16.95,38.325095382563376,36.97168904611778
2008-08-25,21.03,26.71,15.69,0.35,15.53,38.325095382563376,36.97168904611778
2008-08-26,22.5,29.99,14.01,0.0,18.43,38.325095382563376,36.97168904611778
2008-08-27,22.14,29.71,15.37,0.42,18.03,38.325095382563376,36.97168904611778
2008-08-28,23.29,32.89,14.01,2.33,21.18,38.325095382563376,36.97168904611778
2008-08-29,23.41,31.94,14.76,0.03,23.25,38.325095382563376,36.97168904611778
2008-08-30,22.19,31.26,13.16,0.0,22.65,38.325095382563376,36.97168904611778
2008-08-31,21.55,29.59,14.27,0.18,20.41,38.325095382563376,36.97168904611778
2008-09-01,20.48,29.48,12.33,0.0,23.89,38.325095382563376,36.97168904611778
2008-09-02,20.48,30.91,11.7,0.0,24.78,38.325095382563376,36.97168904611778
2008-09-03,20.81,30.5,12.91,0.0,23.55,38.325095382563376,36.97168904611778
2008-09-04,20.89,30.52,11.5,0.0,24.54,38.325095382563376,36.97168904611778
2008-09-05,20.83,30.5,12.21,0.0,24.38,38.325095382563376,36.97168904611778
2008-09-06,18.91,28.19,10.97,0.0,25.32,38.325095382563376,36.97168904611778
2008-09-07,17.5,27.15,9.0,0.0,24.98,38.325095382563376,36.97168904611778
2008-09-08,16.27,25.83,7.89,0.0,24.73,38.325095382563376,36.97168904611778
2008-09-09,17.24,26.32,9.78,0.0,24.03,38.325095382563376,36.97168904611778
2008-09-10,15.49,23.73,8.51,0.0,22.19,38.325095382563376,36.97168904611778
2008-09-11,13.9,22.7,7.42,0.0,23.09,38.325095382563376,36.97168904611778
2008-09-12,16.52,26.04,7.81,0.0,23.77,38.325095382563376,36.97168904611778
2008-09-13,18.79,26.32,12.35,0.0,20.85,38.325095382563376,36.97168904611778
2008-09-14,18.23,26.37,10.93,0.1,19.69,38.325095382563376,36.97168904611778
2008-09-15,17.63,25.96,10.1,0.0,22.34,38.325095382563376,36.97168904611778
2008-09-16,19.05,28.01,10.62,0.0,21.78,38.325095382563376,36.97168904611778
2008-09-17,19.6,28.11,13.14,0.0,18.03,38.325095382563376,36.97168904611778
2008-09-18,17.45,24.63,11.14,0.01,17.27,38.325095382563376,36.97168904611778
2008-09-19,16.48,23.81,9.95,0.17,17.11,38.325095382563376,36.97168904611778
2008-09-20,14.79,19.48,11.1,0.91,16.83,38.325095382563376,36.97168904611778
2008-09-21,15.07,22.15,10.23,0.35,13.39,38.325095382563376,36.97168904611778
2008-09-22,13.46,19.58,9.28,1.63,15.3,38.325095382563376,36.97168904611778
2008-09-23,12.44,17.61,8.53,2.91,13.61,38.325095382563376,36.97168904611778
2008-09-24,12.31,19.73,6.69,0.17,16.3,38.325095382563376,36.97168904611778
2008-09-25,12.95,20.48,5.21,0.0,17.93,38.325095382563376,36.97168904611778
2008-09-26,12.23,14.81,9.81,3.26,6.93,38.325095382563376,36.97168904611778
2008-09-27,9.98,14.11,5.75,9.19,9.77,38.325095382563376,36.97168904611778
2008-09-28,9.53,15.71,4.71,0.75,11.51,38.325095382563376,36.97168904611778
2008-09-29,10.34,16.52,4.2,2.23,12.05,38.325095382563376,36.97168904611778
2008-09-30,8.49,11.93,3.1,4.44,9.49,38.325095382563376,36.97168904611778
2008-10-01,8.38,17.5,0.43,0.0,20.35,38.325095382563376,36.97168904611778
2008-10-02,8.33,17.17,0.9,0.0,20.61,38.325095382563376,36.97168904611778
2008-10-03,10.88,19.95,2.44,0.0,17.92,38.325095382563376,36.97168904611778
2008-10-04,12.85,19.24,8.38,2.73,14.21,38.325095382563376,36.97168904611778
2008-10-05,13.06,20.5,7.86,0.0,15.0,38.325095382563376,36.97168904611778
2008-10-06,13.05,20.78,8.08,0.01,18.28,38.325095382563376,36.97168904611778
2008-10-07,11.49,18.72,6.07,0.05,16.61,38.325095382563376,36.97168904611778
2008-10-08,9.7,17.84,4.21,0.0,17.61,38.325095382563376,36.97168904611778
2008-10-09,8.51,15.43,1.75,0.0,18.35,38.325095382563376,36.97168904611778
2008-10-10,8.6,16.3,3.03,0.0,17.4,38.325095382563376,36.97168904611778
2008-10-11,8.54,16.33,2.31,0.05,15.56,38.325095382563376,36.97168904611778
2008-10-12,8.89,17.14,2.78,0.0,17.03,38.325095382563376,36.97168904611778
2008-10-13,12.62,21.34,4.47,0.0,16.06,38.325095382563376,36.97168904611778
2008-10-14,14.05,22.71,9.2,0.12,12.78,38.325095382563376,36.97168904611778
2008-10-15,11.66,18.53,7.32,4.87,3.28,38.325095382563376,36.97168904611778
2008-10-16,8.88,14.05,4.76,2.52,8.42,38.325095382563376,36.97168904611778
2008-10-17,9.42,16.46,3.15,0.0,15.44,38.325095382563376,36.97168904611778
2008-10-18,9.95,17.54,4.58,0.0,16.77,38.325095382563376,36.97168904611778
2008-10-19,9.9,18.08,3.75,0.0,16.56,38.325095382563376,36.97168904611778
2008-10-20,10.41,18.87,3.98,0.0,16.31,38.325095382563376,36.97168904611778
2008-10-21,9.02,17.54,2.45,0.01,15.78,38.325095382563376,36.97168904611778
2008-10-22,8.77,14.83,3.48,1.07,13.59,38.325095382563376,36.97168904611778
2008-10-23,8.34,13.54,3.59,0.26,11.36,38.325095382563376,36.97168904611778
2008-10-24,8.43,13.66,4.06,4.09,8.03,38.325095382563376,36.97168904611778
2008-10-25,7.73,14.22,2.5,0.03,12.74,38.325095382563376,36.97168904611778
2008-10-26,7.52,14.82,1.77,0.06,14.33,38.325095382563376,36.97168904611778
2008-10-27,7.09,11.82,3.53,0.76,7.63,38.325095382563376,36.97168904611778
2008-10-28,7.08,10.87,4.95,5.44,6.92,38.325095382563376,36.97168904611778
2008-10-29,7.14,12.35,3.06,0.4,6.95,38.325095382563376,36.97168904611778
2008-10-30,6.86,15.04,1.89,0.19,13.21,38.325095382563376,36.97168904611778
2008-10-31,6.32,14.73,-0.32,0.0,14.58,38.325095382563376,36.97168904611778
2008-11-01,6.07,13.92,1.15,0.0,12.17,38.325095382563376,36.97168904611778
2008-11-02,7.01,13.99,1.44,0.0,14.44,38.325095382563376,36.97168904611778
2008-11-03,7.14,13.85,2.34,0.0,14.18,38.325095382563376,36.97168904611778
2008-11-04,5.39,13.88,-0.41,0.0,14.34,38.325095382563376,36.97168904611778
2008-11-05,4.62,13.66,-1.49,0.0,13.82,38.325095382563376,36.97168904611778
2008-11-06,5.39,12.53,0.02,0.0,13.16,38.325095382563376,36.97168904611778
2008-11-07,4.94,13.06,0.22,0.0,13.41,38.325095382563376,36.97168904611778
2008-11-08,5.92,14.11,-0.15,0.0,12.95,38.325095382563376,36.97168904611778
2008-11-09,5.42,13.28,-1.12,0.0,12.87,38.325095382563376,36.97168904611778
2008-11-10,2.74,10.33,-3.06,0.0,13.39,38.325095382563376,36.97168904611778
2008-11-11,3.31,10.33,-1.07,0.0,12.54,38.325095382563376,36.97168904611778
2008-11-12,4.14,11.26,-0.71,0.0,12.51,38.325095382563376,36.97168904611778
2008-11-13,3.09,7.53,0.35,2.53,2.77,38.325095382563376,36.97168904611778
2008-11-14,3.11,9.46,-1.77,0.13,5.98,38.325095382563376,36.97168904611778
2008-11-15,2.46,11.18,-3.09,0.0,12.01,38.325095382563376,36.97168904611778
2008-11-16,1.83,9.72,-2.47,0.0,12.3,38.325095382563376,36.97168904611778
2008-11-17,2.72,10.72,-2.23,0.0,12.42,38.325095382563376,36.97168904611778
2008-11-18,2.3,7.53,-1.13,0.05,8.22,38.325095382563376,36.97168904611778
2008-11-19,3.04,8.61,-0.09,2.86,4.98,38.325095382563376,36.97168904611778
2008-11-20,3.6,7.63,1.55,3.86,3.53,38.325095382563376,36.97168904611778
2008-11-21,4.13,8.53,1.28,1.54,8.46,38.325095382563376,36.97168904611778
2008-11-22,4.8,8.22,2.92,2.24,7.36,38.325095382563376,36.97168904611778
2008-11-23,6.37,9.94,3.78,3.22,5.12,38.325095382563376,36.97168904611778
2008-11-24,5.79,8.2,4.16,3.91,2.97,38.325095382563376,36.97168904611778
2008-11-25,4.11,7.9,1.89,1.25,4.76,38.325095382563376,36.97168904611778
2008-11-26,5.35,12.41,1.1,0.0,10.29,38.325095382563376,36.97168904611778
2008-11-27,4.57,9.6,1.92,1.13,8.87,38.325095382563376,36.97168904611778
2008-11-28,-0.35,3.54,-4.11,14.19,4.29,38.325095382563376,36.97168904611778
2008-11-29,-0.43,3.62,-4.11,2.22,4.88,38.325095382563376,36.97168904611778
2008-11-30,0.45,6.93,-3.47,0.09,6.46,38.325095382563376,36.97168904611778
2008-12-01,0.55,7.2,-2.93,0.01,11.19,38.325095382563376,36.97168904611778
2008-12-02,2.44,9.29,-2.27,0.0,11.11,38.325095382563376,36.97168904611778
2008-12-03,2.21,9.45,-1.36,0.0,11.03,38.325095382563376,36.97168904611778
2008-12-04,2.41,10.38,-1.21,0.01,10.72,38.325095382563376,36.97168904611778
2008-12-05,3.69,10.41,0.3,0.0,8.7,38.325095382563376,36.97168904611778
2008-12-06,7.72,15.36,2.27,0.0,9.37,38.325095382563376,36.97168904611778
2008-12-07,3.52,8.27,-1.38,0.0,4.5,38.325095382563376,36.97168904611778
2008-12-08,1.45,7.43,-2.02,0.34,5.4,38.325095382563376,36.97168904611778
2008-12-09,-0.81,1.97,-2.97,7.51,1.73,38.325095382563376,36.97168904611778
2008-12-10,-5.81,-1.7,-9.92,1.05,6.0,38.325095382563376,36.97168904611778
2008-12-11,-4.14,3.85,-9.98,0.0,8.6,38.325095382563376,36.97168904611778
2008-12-12,-1.71,4.32,-5.67,0.01,10.46,38.325095382563376,36.97168904611778
2008-12-13,-2.02,4.17,-5.15,0.0,10.56,38.325095382563376,36.97168904611778
2008-12-14,-1.64,4.32,-4.84,0.02,7.72,38.325095382563376,36.97168904611778
2008-12-15,-4.45,2.76,-9.46,0.0,9.87,38.325095382563376,36.97168904611778
2008-12-16,-4.59,4.96,-11.51,0.0,10.66,38.325095382563376,36.97168904611778
2008-12-17,-3.1,4.84,-9.0,0.01,9.91,38.325095382563376,36.97168904611778
2008-12-18,0.78,7.73,-5.47,0.02,9.11,38.325095382563376,36.97168904611778
2008-12-19,2.62,8.94,-1.7,0.16,9.83,38.325095382563376,36.97168904611778
2008-12-20,-1.14,5.77,-4.41,0.04,9.75,38.325095382563376,36.97168904611778
2008-12-21,-2.49,1.42,-5.23,1.02,6.02,38.325095382563376,36.97168904611778
2008-12-22,-2.87,-0.46,-4.54,3.23,4.95,38.325095382563376,36.97168904611778
2008-12-23,-2.49,1.69,-5.55,1.68,2.9,38.325095382563376,36.97168904611778
2008-12-24,-2.64,0.53,-6.69,8.25,2.55,38.325095382563376,36.97168904611778
2008-12-25,-7.27,-3.11,-10.94,1.8,8.17,38.325095382563376,36.97168904611778
2008-12-26,-7.59,-1.92,-10.99,0.02,8.61,38.325095382563376,36.97168904611778
2008-12-27,-8.02,-0.77,-12.91,0.1,10.15,38.325095382563376,36.97168904611778
2008-12-28,-5.69,0.76,-10.74,0.55,6.3,38.325095382563376,36.97168904611778
2008-12-29,-7.27,-2.41,-14.14,4.19,5.92,38.325095382563376,36.97168904611778
2008-12-30,-13.07,-7.17,-17.1,0.11,9.69,38.325095382563376,36.97168904611778
2008-12-31,-15.33,-11.24,-18.67,0.06,9.63,38.325095382563376,36.97168904611778
2009-01-01,-14.99,-10.55,-18.02,0.0,10.65,38.325095382563376,36.97168904611778
2009-01-02,-11.11,-3.45,-17.75,0.0,11.49,38.325095382563376,36.97168904611778
2009-01-03,-6.93,-0.49,-12.87,0.61,7.66,38.325095382563376,36.97168904611778
2009-01-04,-4.26,-1.13,-5.88,5.12,6.85,38.325095382563376,36.97168904611778
2009-01-05,-3.28,0.68,-8.11,1.37,3.35,38.325095382563376,36.97168904611778
2009-01-06,-1.54,0.31,-3.45,4.49,6.66,38.325095382563376,36.97168904611778
2009-01-07,-3.63,0.2,-9.74,4.36,2.25,38.325095382563376,36.97168904611778
2009-01-08,-7.82,0.06,-13.17,0.04,7.11,38.325095382563376,36.97168904611778
2009-01-09,-10.39,-3.67,-19.59,0.1,8.93,38.325095382563376,36.97168904611778
2009-01-10,-11.78,-1.95,-19.74,0.0,12.1,38.325095382563376,36.97168904611778
2009-01-11,-12.01,-6.25,-16.07,0.11,9.0,38.325095382563376,36.97168904611778
2009-01-12,-13.03,-5.92,-16.84,0.0,11.72,38.325095382563376,36.97168904611778
2009-01-13,-9.58,0.11,-16.54,0.0,12.31,38.325095382563376,36.97168904611778
2009-01-14,-5.95,1.47,-9.71,0.0,12.41,38.325095382563376,36.97168904611778
2009-01-15,-0.08,5.65,-5.66,0.0,10.64,38.325095382563376,36.97168904611778
2009-01-16,0.57,4.58,-1.65,0.96,8.27,38.325095382563376,36.97168904611778
2009-01-17,-1.95,2.31,-4.78,3.81,10.51,38.325095382563376,36.97168904611778
2009-01-18,-4.25,0.32,-7.67,0.54,10.57,38.325095382563376,36.97168904611778
2009-01-19,-2.49,2.26,-6.29,0.52,11.32,38.325095382563376,36.97168904611778
2009-01-20,-1.68,2.98,-4.85,0.31,11.98,38.325095382563376,36.97168904611778
2009-01-21,-1.47,4.17,-5.95,0.0,12.58,38.325095382563376,36.97168904611778
2009-01-22,-1.43,5.99,-5.01,0.0,13.25,38.325095382563376,36.97168904611778
2009-01-23,-1.79,4.15,-6.38,0.02,9.16,38.325095382563376,36.97168904611778
2009-01-24,-2.29,1.24,-4.92,0.36,9.37,38.325095382563376,36.97168904611778
2009-01-25,-2.79,-0.71,-4.72,2.57,8.0,38.325095382563376,36.97168904611778
2009-01-26,-2.28,1.0,-4.66,3.13,9.19,38.325095382563376,36.97168904611778
2009-01-27,-1.48,3.48,-4.84,0.45,10.68,38.325095382563376,36.97168904611778
2009-01-28,-0.44,3.43,-2.43,0.2,9.53,38.325095382563376,36.97168904611778
2009-01-29,-0.7,1.24,-1.67,1.3,4.14,38.325095382563376,36.97168904611778
2009-01-30,-1.12,2.11,-3.35,3.15,5.86,38.325095382563376,36.97168904611778
2009-01-31,-1.74,0.92,-4.07,8.39,2.85,38.325095382563376,36.97168904611778
2009-02-01,-3.21,1.17,-6.19,0.14,7.24,38.325095382563376,36.97168904611778
2009-02-02,-3.79,0.59,-7.53,0.01,9.7,38.325095382563376,36.97168904611778
2009-02-03,-2.8,3.16,-7.84,0.01,11.12,38.325095382563376,36.97168904611778
2009-02-04,-0.39,5.64,-4.14,0.0,10.07,38.325095382563376,36.97168904611778
2009-02-05,0.49,5.07,-1.64,0.02,11.12,38.325095382563376,36.97168904611778
2009-02-06,0.3,5.7,-2.85,0.07,9.73,38.325095382563376,36.97168904611778
2009-02-07,0.21,3.69,-1.96,0.12,9.39,38.325095382563376,36.97168904611778
2009-02-08,1.11,4.49,-1.35,0.63,8.38,38.325095382563376,36.97168904611778
2009-02-09,0.98,2.1,-0.45,1.56,7.63,38.325095382563376,36.97168904611778
2009-02-10,-0.54,2.42,-3.93,3.61,8.52,38.325095382563376,36.97168904611778
2009-02-11,-1.27,4.56,-4.81,0.89,8.5,38.325095382563376,36.97168904611778
2009-02-12,0.68,3.74,-3.02,0.15,11.44,38.325095382563376,36.97168904611778
2009-02-13,1.8,5.13,-1.41,0.05,12.41,38.325095382563376,36.97168904611778
2009-02-14,1.23,6.26,-2.6,0.0,9.61,38.325095382563376,36.97168904611778
2009-02-15,0.53,3.72,-1.96,6.34,8.79,38.325095382563376,36.97168904611778
2009-02-16,-2.64,1.23,-8.79,13.12,2.93,38.325095382563376,36.97168904611778
2009-02-17,-8.43,-3.52,-12.43,2.22,6.39,38.325095382563376,36.97168904611778
2009-02-18,-7.63,-1.93,-12.66,0.43,10.22,38.325095382563376,36.97168904611778
2009-02-19,-5.33,-1.5,-9.48,0.52,9.38,38.325095382563376,36.97168904611778
2009-02-20,-4.02,-0.3,-6.45,3.19,8.97,38.325095382563376,36.97168904611778
2009-02-21,-4.48,-1.54,-7.4,2.92,8.63,38.325095382563376,36.97168904611778
2009-02-22,-6.51,-2.4,-11.35,0.07,8.64,38.325095382563376,36.97168904611778
2009-02-23,-5.03,-0.88,-9.73,1.36,11.21,38.325095382563376,36.97168904611778
2009-02-24,-2.28,0.27,-5.05,1.88,10.54,38.325095382563376,36.97168904611778
2009-02-25,-2.13,1.36,-4.31,0.9,12.05,38.325095382563376,36.97168904611778
2009-02-26,-2.19,1.17,-5.26,1.58,9.39,38.325095382563376,36.97168904611778
2009-02-27,-1.85,1.05,-6.01,4.96,11.31,38.325095382563376,36.97168904611778
2009-02-28,-4.95,-0.1,-8.87,2.58,11.24,38.325095382563376,36.97168904611778
2009-03-01,-6.59,-0.31,-11.56,0.39,10.15,38.325095382563376,36.97168904611778
2009-03-02,-5.21,1.24,-12.11,1.27,13.1,38.325095382563376,36.97168904611778
2009-03-03,-2.7,1.05,-6.01,2.73,15.43,38.325095382563376,36.97168904611778
2009-03-04,-2.2,2.85,-7.01,4.06,11.8,38.325095382563376,36.97168904611778
2009-03-05,0.14,4.99,-4.54,1.58,11.08,38.325095382563376,36.97168904611778
2009-03-06,2.26,6.69,0.08,2.02,11.64,38.325095382563376,36.97168904611778
2009-03-07,2.57,8.36,-1.38,0.01,13.41,38.325095382563376,36.97168904611778
2009-03-08,4.11,10.02,0.46,0.46,11.7,38.325095382563376,36.97168904611778
2009-03-09,1.47,5.94,-2.86,0.71,12.8,38.325095382563376,36.97168904611778
2009-03-10,2.23,6.62,-1.35,0.68,12.3,38.325095382563376,36.97168904611778
2009-03-11,3.52,8.61,0.58,0.54,13.97,38.325095382563376,36.97168904611778
2009-03-12,2.77,9.99,-1.39,0.06,15.85,38.325095382563376,36.97168904611778
2009-03-13,3.66,10.41,-1.84,0.21,15.62,38.325095382563376,36.97168904611778
2009-03-14,-0.63,3.31,-5.57,3.9,7.53,38.325095382563376,36.97168904611778
2009-03-15,-3.86,-1.65,-6.45,1.62,10.97,38.325095382563376,36.97168904611778
2009-03-16,-3.86,-0.51,-6.59,0.49,12.52,38.325095382563376,36.97168904611778
2009-03-17,-3.22,1.7,-9.1,0.02,16.86,38.325095382563376,36.97168904611778
2009-03-18,-1.85,1.11,-4.15,0.51,16.78,38.325095382563376,36.97168904611778
2009-03-19,0.07,4.05,-3.25,2.33,13.07,38.325095382563376,36.97168904611778
2009-03-20,-1.69,4.13,-5.73,0.17,16.67,38.325095382563376,36.97168904611778
2009-03-21,-0.01,6.89,-6.78,0.0,20.71,38.325095382563376,36.97168904611778
2009-03-22,1.56,8.33,-3.68,0.35,17.82,38.325095382563376,36.97168904611778
2009-03-23,0.7,3.31,-0.71,15.62,6.12,38.325095382563376,36.97168904611778
2009-03-24,-3.86,-0.57,-9.61,3.43,7.49,38.325095382563376,36.97168904611778
2009-03-25,-2.25,3.98,-9.79,0.07,14.24,38.325095382563376,36.97168904611778
2009-03-26,0.57,4.0,-1.89,0.68,14.09,38.325095382563376,36.97168904611778
2009-03-27,-0.07,2.52,-1.59,6.3,8.62,38.325095382563376,36.97168904611778
2009-03-28,-1.29,3.02,-5.43,8.32,9.62,38.325095382563376,36.97168904611778
2009-03-29,-1.49,5.21,-7.19,0.06,11.72,38.325095382563376,36.97168904611778
2009-03-30,1.53,9.7,-5.26,0.0,17.34,38.325095382563376,36.97168904611778
2009-03-31,4.01,13.28,-2.72,0.0,24.25,38.325095382563376,36.97168904611778
2009-04-01,6.94,15.21,-2.11,0.0,22.7,38.325095382563376,36.97168904611778
2009-04-02,8.56,14.86,3.13,0.15,20.53,38.325095382563376,36.97168904611778
2009-04-03,4.32,7.53,1.36,2.82,16.84,38.325095382563376,36.97168904611778
2009-04-04,3.71,10.61,-0.9,0.34,21.33,38.325095382563376,36.97168904611778
2009-04-05,5.99,14.26,-1.72,0.02,25.1,38.325095382563376,36.97168904611778
2009-04-06,7.74,13.71,2.53,4.32,16.42,38.325095382563376,36.97168904611778
2009-04-07,5.35,9.63,1.26,6.99,15.05,38.325095382563376,36.97168904611778
2009-04-08,4.22,9.31,0.55,2.48,15.19,38.325095382563376,36.97168904611778
2009-04-09,2.87,9.66,-4.11,0.0,19.87,38.325095382563376,36.97168904611778
2009-04-10,2.6,11.42,-5.87,0.0,25.66,38.325095382563376,36.97168904611778
2009-04-11,3.6,11.42,-2.78,0.0,23.39,38.325095382563376,36.97168904611778
2009-04-12,4.33,12.72,-2.18,0.0,24.61,38.325095382563376,36.97168904611778
2009-04-13,5.62,13.58,-3.96,0.0,26.93,38.325095382563376,36.97168904611778
2009-04-14,7.45,14.55,1.16,2.33,15.48,38.325095382563376,36.97168904611778
2009-04-15,3.72,7.92,0.83,9.07,12.38,38.325095382563376,36.97168904611778
2009-04-16,2.95,6.79,-0.09,3.43,14.64,38.325095382563376,36.97168904611778
2009-04-17,1.58,6.38,-3.0,0.53,16.88,38.325095382563376,36.97168904611778
2009-04-18,1.49,6.89,-3.29,1.16,20.64,38.325095382563376,36.97168904611778
2009-04-19,4.49,13.21,-4.04,0.0,27.48,38.325095382563376,36.97168904611778
2009-04-20,7.28,13.73,0.47,0.0,20.51,38.325095382563376,36.97168904611778
2009-04-21,7.75,13.43,1.72,0.03,20.6,38.325095382563376,36.97168904611778
2009-04-22,7.52,13.73,3.43,4.67,15.85,38.325095382563376,36.97168904611778
2009-04-23,7.02,14.31,0.72,1.37,23.06,38.325095382563376,36.97168904611778
2009-04-24,5.52,10.75,1.28,2.6,15.61,38.325095382563376,36.97168904611778
2009-04-25,5.08,10.26,-0.82,0.99,19.3,38.325095382563376,36.97168904611778
2009-04-26,6.2,13.12,-0.84,0.09,25.63,38.325095382563376,36.97168904611778
2009-04-27,6.28,12.49,-0.77,1.58,22.15,38.325095382563376,36.97168904611778
2009-04-28,5.36,11.22,0.12,2.95,21.15,38.325095382563376,36.97168904611778
2009-04-29,5.49,11.63,-1.42,0.06,22.37,38.325095382563376,36.97168904611778
2009-04-30,6.53,11.82,1.81,0.46,18.46,38.325095382563376,36.97168904611778
2009-05-01,7.18,14.18,0.57,0.38,22.35,38.325095382563376,36.97168904611778
2009-05-02,8.77,15.26,3.38,0.16,24.12,38.325095382563376,36.97168904611778
2009-05-03,8.54,15.57,1.48,0.02,22.83,38.325095382563376,36.97168904611778
2009-05-04,8.44,11.58,4.35,6.36,5.85,38.325095382563376,36.97168904611778
2009-05-05,7.83,11.84,4.14,4.36,9.41,38.325095382563376,36.97168904611778
2009-05-06,7.86,12.93,3.93,5.69,14.34,38.325095382563376,36.97168904611778
2009-05-07,7.12,12.38,2.9,3.48,14.31,38.325095382563376,36.97168904611778
2009-05-08,6.66,12.44,0.08,1.59,18.36,38.325095382563376,36.97168904611778
2009-05-09,6.32,12.29,0.67,0.08,20.71,38.325095382563376,36.97168904611778
2009-05-10,5.98,13.3,-1.6,0.01,22.42,38.325095382563376,36.97168904611778
2009-05-11,6.23,12.23,1.18,0.01,23.23,38.325095382563376,36.97168904611778
2009-05-12,7.79,15.37,0.61,0.0,26.9,38.325095382563376,36.97168904611778
2009-05-13,11.06,17.85,3.23,0.0,28.4,38.325095382563376,36.97168904611778
2009-05-14,12.28,19.56,6.36,0.72,26.77,38.325095382563376,36.97168904611778
2009-05-15,12.65,20.35,5.35,0.03,27.66,38.325095382563376,36.97168904611778
2009-05-16,12.6,21.33,3.54,0.0,30.77,38.325095382563376,36.97168904611778
2009-05-17,14.2,22.91,3.8,0.0,31.19,38.325095382563376,36.97168904611778
2009-05-18,17.04,24.67,7.8,0.01,30.04,38.325095382563376,36.97168904611778
2009-05-19,18.73,25.81,12.65,0.02,29.66,38.325095382563376,36.97168904611778
2009-05-20,16.34,25.15,10.82,1.23,21.73,38.325095382563376,36.97168904611778
2009-05-21,14.19,21.58,5.76,0.88,22.36,38.325095382563376,36.97168904611778
2009-05-22,11.48,17.71,5.32,1.89,24.02,38.325095382563376,36.97168904611778
2009-05-23,12.8,20.03,6.15,0.37,22.3,38.325095382563376,36.97168904611778
2009-05-24,11.68,18.36,5.81,0.08,21.1,38.325095382563376,36.97168904611778
2009-05-25,9.55,17.21,2.55,0.0,30.08,38.325095382563376,36.97168904611778
2009-05-26,7.43,14.93,0.03,0.05,23.86,38.325095382563376,36.97168904611778
2009-05-27,6.64,12.96,0.64,0.12,22.28,38.325095382563376,36.97168904611778
2009-05-28,7.79,16.17,0.37,0.0,28.62,38.325095382563376,36.97168904611778
2009-05-29,9.34,18.24,0.77,0.0,32.47,38.325095382563376,36.97168904611778
2009-05-30,13.6,23.03,4.48,0.0,32.21,38.325095382563376,36.97168904611778
2009-05-31,13.42,22.06,4.92,0.0,29.57,38.325095382563376,36.97168904611778
2009-06-01,13.02,22.08,3.74,0.0,32.3,38.325095382563376,36.97168904611778
2009-06-02,15.29,25.14,4.76,0.0,32.02,38.325095382563376,36.97168904611778
2009-06-03,17.92,26.41,9.34,0.05,27.91,38.325095382563376,36.97168904611778
2009-06-04,16.56,23.79,7.92,0.46,31.16,38.325095382563376,36.97168904611778
2009-06-05,13.6,21.93,6.0,0.12,25.93,38.325095382563376,36.97168904611778
2009-06-06,12.57,18.94,7.2,0.05,18.46,38.325095382563376,36.97168904611778
2009-06-07,14.16,22.86,6.17,0.32,31.14,38.325095382563376,36.97168904611778
2009-06-08,16.09,23.37,5.9,0.67,28.36,38.325095382563376,36.97168904611778
2009-06-09,18.08,23.56,12.85,1.81,22.03,38.325095382563376,36.97168904611778
2009-06-10,18.63,26.53,10.7,1.52,28.94,38.325095382563376,36.97168904611778
2009-06-11,18.12,26.69,9.44,2.35,21.96,38.325095382563376,36.97168904611778
2009-06-12,19.18,27.7,10.79,0.02,23.24,38.325095382563376,36.97168904611778
2009-06-13,17.77,25.83,10.6,3.65,19.47,38.325095382563376,36.97168904611778
2009-06-14,16.34,23.58,9.84,0.02,25.45,38.325095382563376,36.97168904611778
2009-06-15,13.62,20.83,7.44,0.24,23.09,38.325095382563376,36.97168904611778
2009-06-16,12.49,19.64,6.01,1.32,14.79,38.325095382563376,36.97168904611778
2009-06-17,16.06,25.17,7.03,0.01,28.39,38.325095382563376,36.97168904611778
2009-06-18,14.4,22.5,7.79,0.0,28.85,38.325095382563376,36.97168904611778
2009-06-19,15.47,24.44,7.55,0.0,31.54,38.325095382563376,36.97168904611778
2009-06-20,17.69,26.79,6.41,0.02,31.14,38.325095382563376,36.97168904611778
2009-06-21,19.36,27.65,11.53,0.06,29.85,38.325095382563376,36.97168904611778
2009-06-22,20.49,28.38,12.19,0.2,24.84,38.325095382563376,36.97168904611778
2009-06-23,20.09,25.63,13.91,0.24,25.33,38.325095382563376,36.97168904611778
2009-06-24,20.23,27.97,11.85,2.54,28.27,38.325095382563376,36.97168904611778
2009-06-25,21.73,29.32,13.41,0.38,26.62,38.325095382563376,36.97168904611778
2009-06-26,20.13,27.54,13.51,1.41,26.73,38.325095382563376,36.97168904611778
2009-06-27,18.55,26.45,11.39,1.35,29.82,38.325095382563376,36.97168904611778
2009-06-28,19.59,27.42,11.5,0.37,27.19,38.325095382563376,36.97168904611778
2009-06-29,20.5,28.72,12.25,0.01,27.53,38.325095382563376,36.97168904611778
2009-06-30,20.59,29.51,11.79,0.39,28.07,38.325095382563376,36.97168904611778
2009-07-01,19.55,28.07,11.3,0.0,30.33,38.325095382563376,36.97168904611778
2009-07-02,18.63,27.39,10.29,0.0,32.31,38.325095382563376,36.97168904611778
2009-07-03,18.62,27.77,9.38,0.0,31.43,38.325095382563376,36.97168904611778
2009-07-04,19.38,26.95,10.69,0.4,26.65,38.325095382563376,36.97168904611778
2009-07-05,17.79,23.48,12.16,0.95,17.59,38.325095382563376,36.97168904611778
2009-07-06,18.0,25.68,10.02,0.06,26.23,38.325095382563376,36.97168904611778
2009-07-07,19.71,28.31,10.52,0.0,30.23,38.325095382563376,36.97168904611778
2009-07-08,20.89,29.4,11.73,0.0,27.84,38.325095382563376,36.97168904611778
2009-07-09,21.22,28.75,13.25,0.0,27.59,38.325095382563376,36.97168904611778
2009-07-10,21.6,29.5,13.02,0.05,25.8,38.325095382563376,36.97168904611778
2009-07-11,22.6,30.26,14.87,6.0,23.62,38.325095382563376,36.97168904611778
2009-07-12,22.89,31.44,14.81,0.44,28.11,38.325095382563376,36.97168904611778
2009-07-13,21.54,29.97,13.94,4.03,26.38,38.325095382563376,36.97168904611778
2009-07-14,16.18,21.78,10.59,4.41,14.92,38.325095382563376,36.97168904611778
2009-07-15,13.84,19.06,9.05,4.88,12.15,38.325095382563376,36.97168904611778
2009-07-16,15.94,22.39,10.12,1.01,19.17,38.325095382563376,36.97168904611778
2009-07-17,16.92,23.46,9.79,3.66,19.89,38.325095382563376,36.97168904611778
2009-07-18,18.15,25.17,10.87,0.18,24.17,38.325095382563376,36.97168904611778
2009-07-19,19.24,27.08,11.49,0.0,26.23,38.325095382563376,36.97168904611778
2009-07-20,19.02,26.57,12.48,0.0,26.92,38.325095382563376,36.97168904611778
2009-07-21,18.32,25.78,12.1,0.0,25.36,38.325095382563376,36.97168904611778
2009-07-22,17.94,27.01,10.74,0.0,27.88,38.325095382563376,36.97168904611778
2009-07-23,18.05,26.87,10.58,0.01,24.38,38.325095382563376,36.97168904611778
2009-07-24,17.56,25.09,11.11,0.28,20.66,38.325095382563376,36.97168904611778
2009-07-25,17.92,24.87,12.02,0.07,22.36,38.325095382563376,36.97168904611778
2009-07-26,18.61,27.12,10.28,0.0,28.85,38.325095382563376,36.97168904611778
2009-07-27,18.99,27.92,10.57,0.0,29.61,38.325095382563376,36.97168904611778
2009-07-28,16.33,24.07,8.85,0.05,26.2,38.325095382563376,36.97168904611778
2009-07-29,14.95,24.36,5.94,0.0,30.93,38.325095382563376,36.97168904611778
2009-07-30,16.83,27.58,5.57,0.0,30.7,38.325095382563376,36.97168904611778
2009-07-31,15.68,24.51,8.01,0.0,29.86,38.325095382563376,36.97168904611778
2009-08-01,15.67,23.72,7.35,0.0,24.72,38.325095382563376,36.97168904611778
2009-08-02,16.3,25.11,7.41,0.0,29.52,38.325095382563376,36.97168904611778
2009-08-03,17.16,25.31,9.12,0.0,28.81,38.325095382563376,36.97168904611778
2009-08-04,19.19,29.12,9.67,0.0,29.93,38.325095382563376,36.97168904611778
2009-08-05,20.48,31.05,10.25,0.0,30.31,38.325095382563376,36.97168904611778
2009-08-06,21.55,31.36,11.22,0.0,29.67,38.325095382563376,36.97168904611778
2009-08-07,21.14,30.35,11.94,1.91,25.14,38.325095382563376,36.97168904611778
2009-08-08,19.58,27.83,11.32,0.02,23.67,38.325095382563376,36.97168904611778
2009-08-09,17.18,25.22,10.55,0.05,26.44,38.325095382563376,36.97168904611778
2009-08-10,13.92,21.78,6.85,0.0,27.03,38.325095382563376,36.97168904611778
2009-08-11,13.14,22.8,3.98,0.0,28.97,38.325095382563376,36.97168904611778
2009-08-12,14.19,23.88,4.63,0.0,28.85,38.325095382563376,36.97168904611778
2009-08-13,17.04,27.45,5.93,0.0,28.37,38.325095382563376,36.97168904611778
2009-08-14,17.05,26.96,8.18,0.0,29.21,38.325095382563376,36.97168904611778
2009-08-15,18.24,29.42,6.65,0.0,29.35,38.325095382563376,36.97168904611778
2009-08-16,18.29,29.06,8.24,0.0,29.0,38.325095382563376,36.97168904611778
2009-08-17,20.07,31.68,8.63,0.0,28.03,38.325095382563376,36.97168904611778
2009-08-18,20.03,29.74,10.89,0.0,27.42,38.325095382563376,36.97168904611778
2009-08-19,19.02,28.42,10.47,0.0,27.9,38.325095382563376,36.97168904611778
2009-08-20,17.8,27.08,10.3,0.0,26.88,38.325095382563376,36.97168904611778
2009-08-21,16.48,26.43,9.05,0.0,27.83,38.325095382563376,36.97168904611778
2009-08-22,15.58,26.61,5.42,0.0,28.29,38.325095382563376,36.97168904611778
2009-08-23,14.45,24.49,5.54,0.0,28.11,38.325095382563376,36.97168904611778
2009-08-24,16.87,29.12,4.65,0.0,27.82,38.325095382563376,36.97168904611778
2009-08-25,18.54,27.27,10.99,0.0,26.05,38.325095382563376,36.97168904611778
2009-08-26,15.8,24.04,8.24,0.0,26.72,38.325095382563376,36.97168904611778
2009-08-27,14.97,24.21,7.25,0.0,25.7,38.325095382563376,36.97168904611778
2009-08-28,17.98,27.69,7.72,0.0,25.69,38.325095382563376,36.97168904611778
2009-08-29,20.13,28.96,11.31,0.0,24.44,38.325095382563376,36.97168904611778
2009-08-30,19.42,28.4,11.72,0.0,25.11,38.325095382563376,36.97168904611778
2009-08-31,17.19,26.28,8.77,0.0,24.98,38.325095382563376,36.97168904611778
2009-09-01,16.18,25.53,7.27,0.0,25.07,38.325095382563376,36.97168904611778
2009-09-02,16.07,24.27,8.05,0.32,22.32,38.325095382563376,36.97168904611778
2009-09-03,16.98,26.24,8.85,0.0,24.62,38.325095382563376,36.97168904611778
2009-09-04,18.88,28.45,10.75,0.0,24.54,38.325095382563376,36.97168904611778
2009-09-05,18.47,28.2,10.28,0.0,25.3,38.325095382563376,36.97168904611778
2009-09-06,17.3,26.18,9.2,0.0,24.85,38.325095382563376,36.97168904611778
2009-09-07,16.62,26.13,8.56,0.0,24.6,38.325095382563376,36.97168904611778
2009-09-08,16.41,24.86,8.85,0.04,16.97,38.325095382563376,36.97168904611778
2009-09-09,15.56,22.47,10.42,1.46,16.94,38.325095382563376,36.97168904611778
2009-09-10,14.75,22.29,8.44,0.05,19.71,38.325095382563376,36.97168904611778
2009-09-11,16.14,24.69,8.27,0.01,21.15,38.325095382563376,36.97168904611778
2009-09-12,17.01,25.66,11.44,2.24,14.01,38.325095382563376,36.97168904611778
2009-09-13,16.71,23.49,11.11,1.79,15.55,38.325095382563376,36.97168904611778
2009-09-14,15.79,23.3,9.74,0.16,15.85,38.325095382563376,36.97168904611778
2009-09-15,15.52,23.33,8.88,0.12,21.41,38.325095382563376,36.97168904611778
2009-09-16,13.22,20.49,7.8,0.0,19.37,38.325095382563376,36.97168904611778
2009-09-17,11.41,19.49,5.35,0.0,21.64,38.325095382563376,36.97168904611778
2009-09-18,12.62,19.81,5.01,0.0,19.56,38.325095382563376,36.97168904611778
2009-09-19,13.8,20.32,8.02,1.32,17.31,38.325095382563376,36.97168904611778
2009-09-20,12.34,18.21,8.01,2.63,15.16,38.325095382563376,36.97168904611778
2009-09-21,9.03,14.34,3.56,10.31,7.19,38.325095382563376,36.97168904611778
2009-09-22,8.24,16.42,1.75,0.47,14.47,38.325095382563376,36.97168904611778
2009-09-23,8.82,15.79,3.25,0.18,9.6,38.325095382563376,36.97168904611778
2009-09-24,9.46,19.2,1.79,0.0,22.2,38.325095382563376,36.97168904611778
2009-09-25,11.3,21.09,3.61,0.0,22.06,38.325095382563376,36.97168904611778
2009-09-26,11.78,20.45,4.67,0.0,19.53,38.325095382563376,36.97168904611778
2009-09-27,8.35,15.69,1.61,0.01,14.28,38.325095382563376,36.97168904611778
2009-09-28,4.5,11.05,0.03,0.03,16.64,38.325095382563376,36.97168904611778
2009-09-29,7.18,17.14,-2.04,0.0,21.07,38.325095382563376,36.97168904611778
2009-09-30,10.93,18.73,4.63,0.0,20.9,38.325095382563376,36.97168904611778
2009-10-01,12.09,19.76,5.25,0.0,20.01,38.325095382563376,36.97168904611778
2009-10-02,13.21,21.26,7.28,0.0,19.31,38.325095382563376,36.97168904611778
2009-10-03,13.75,22.24,7.66,0.0,19.01,38.325095382563376,36.97168904611778
2009-10-04,15.4,23.66,8.55,0.0,19.12,38.325095382563376,36.97168904611778
2009-10-05,14.33,23.16,6.87,0.0,16.82,38.325095382563376,36.97168904611778
2009-10-06,11.93,19.14,7.2,0.3,14.92,38.325095382563376,36.97168904611778
2009-10-07,10.99,19.41,4.95,0.0,17.32,38.325095382563376,36.97168904611778
2009-10-08,12.09,18.41,5.63,0.27,13.06,38.325095382563376,36.97168904611778
2009-10-09,12.3,18.19,6.52,0.0,17.37,38.325095382563376,36.97168904611778
2009-10-10,10.84,19.21,3.88,0.0,18.81,38.325095382563376,36.97168904611778
2009-10-11,12.84,21.67,6.84,0.0,18.54,38.325095382563376,36.97168904611778
2009-10-12,13.29,21.87,6.08,0.0,17.05,38.325095382563376,36.97168904611778
2009-10-13,12.34,21.0,6.57,0.0,15.91,38.325095382563376,36.97168904611778
2009-10-14,11.1,19.84,3.6,0.0,15.24,38.325095382563376,36.97168904611778
2009-10-15,13.03,21.56,6.95,0.0,15.81,38.325095382563376,36.97168904611778
2009-10-16,14.83,22.62,9.38,0.0,17.45,38.325095382563376,36.97168904611778
2009-10-17,15.69,23.09,10.36,0.0,16.59,38.325095382563376,36.97168904611778
2009-10-18,15.48,23.07,9.44,0.0,15.19,38.325095382563376,36.97168904611778
2009-10-19,16.93,23.99,12.43,0.0,13.98,38.325095382563376,36.97168904611778
2009-10-20,15.91,21.92,11.83,0.0,14.05,38.325095382563376,36.97168904611778
2009-10-21,14.61,21.55,10.11,0.0,11.72,38.325095382563376,36.97168904611778
2009-10-22,12.96,18.65,8.94,0.11,13.79,38.325095382563376,36.97168904611778
2009-10-23,12.54,18.35,8.55,0.0,12.91,38.325095382563376,36.97168904611778
2009-10-24,12.5,19.07,8.17,0.01,12.79,38.325095382563376,36.97168904611778
2009-10-25,12.78,19.06,8.6,0.0,13.34,38.325095382563376,36.97168904611778
2009-10-26,12.18,18.97,8.27,0.0,12.9,38.325095382563376,36.97168904611778
2009-10-27,8.51,12.67,6.1,3.76,5.33,38.325095382563376,36.97168904611778
2009-10-28,8.83,13.61,5.69,2.23,8.56,38.325095382563376,36.97168904611778
2009-10-29,7.63,11.42,5.21,3.12,7.45,38.325095382563376,36.97168904611778
2009-10-30,6.91,9.78,4.88,2.6,7.76,38.325095382563376,36.97168904611778
2009-10-31,7.19,11.86,4.86,2.69,8.51,38.325095382563376,36.97168904611778
2009-11-01,6.46,9.05,5.37,6.77,4.55,38.325095382563376,36.97168904611778
2009-11-02,3.68,6.17,-0.12,17.56,3.46,38.325095382563376,36.97168904611778
2009-11-03,-0.37,5.48,-5.08,4.62,7.77,38.325095382563376,36.97168904611778
2009-11-04,2.42,5.35,-3.85,2.81,3.08,38.325095382563376,36.97168904611778
2009-11-05,6.35,11.43,2.56,5.66,9.37,38.325095382563376,36.97168904611778
2009-11-06,7.0,14.94,2.15,0.0,12.52,38.325095382563376,36.97168904611778
2009-11-07,7.82,16.32,3.86,0.0,11.73,38.325095382563376,36.97168904611778
2009-11-08,7.39,15.98,1.66,0.01,12.81,38.325095382563376,36.97168904611778
2009-11-09,7.85,13.69,3.58,1.15,8.01,38.325095382563376,36.97168904611778
2009-11-10,8.29,15.86,3.74,0.0,12.73,38.325095382563376,36.97168904611778
2009-11-11,6.67,15.1,1.41,0.0,11.75,38.325095382563376,36.97168904611778
2009-11-12,5.58,11.36,1.34,0.71,6.27,38.325095382563376,36.97168904611778
2009-11-13,2.22,4.2,-1.82,16.23,2.64,38.325095382563376,36.97168904611778
2009-11-14,0.5,5.9,-3.45,1.78,6.43,38.325095382563376,36.97168904611778
2009-11-15,0.29,5.54,-3.52,0.94,8.21,38.325095382563376,36.97168904611778
2009-11-16,0.22,3.99,-2.06,1.34,3.17,38.325095382563376,36.97168904611778
2009-11-17,-0.3,4.24,-3.33,0.7,5.87,38.325095382563376,36.97168904611778
2009-11-18,-1.21,4.45,-4.73,0.0,8.71,38.325095382563376,36.97168904611778
2009-11-19,-1.06,6.94,-5.52,0.0,12.04,38.325095382563376,36.97168904611778
2009-11-20,0.73,7.24,-4.28,0.83,7.84,38.325095382563376,36.97168904611778
2009-11-21,0.73,5.96,-2.72,0.67,6.34,38.325095382563376,36.97168904611778
2009-11-22,0.04,8.19,-4.11,0.02,11.36,38.325095382563376,36.97168904611778
2009-11-23,2.29,10.61,-3.49,0.0,11.84,38.325095382563376,36.97168904611778
2009-11-24,3.87,9.81,-0.49,0.0,9.21,38.325095382563376,36.97168904611778
2009-11-25,1.31,6.53,-2.87,0.0,9.76,38.325095382563376,36.97168904611778
2009-11-26,0.38,7.49,-3.37,0.0,10.95,38.325095382563376,36.97168904611778
2009-11-27,1.74,8.33,-2.39,0.0,11.47,38.325095382563376,36.97168904611778
2009-11-28,1.92,9.17,-1.57,0.0,11.44,38.325095382563376,36.97168904611778
2009-11-29,1.67,9.0,-2.59,0.05,11.31,38.325095382563376,36.97168904611778
2009-11-30,-0.05,6.24,-3.61,0.43,9.29,38.325095382563376,36.97168904611778
2009-12-01,2.23,9.14,-3.47,0.0,11.35,38.325095382563376,36.97168904611778
2009-12-02,1.2,8.2,-2.89,0.0,11.36,38.325095382563376,36.97168904611778
2009-12-03,-0.53,5.35,-3.32,0.04,6.17,38.325095382563376,36.97168904611778
2009-12-04,-0.59,3.49,-2.84,0.33,4.38,38.325095382563376,36.97168904611778
2009-12-05,-0.29,4.62,-3.08,2.28,4.52,38.325095382563376,36.97168904611778
2009-12-06,-0.42,4.38,-3.24,0.28,4.29,38.325095382563376,36.97168904611778
2009-12-07,-0.23,3.84,-2.51,0.84,4.9,38.325095382563376,36.97168904611778
2009-12-08,-1.3,3.0,-4.27,2.25,6.33,38.325095382563376,36.97168904611778
2009-12-09,-1.52,4.09,-5.27,0.0,9.62,38.325095382563376,36.97168904611778
2009-12-10,-0.21,4.11,-3.4,0.12,6.56,38.325095382563376,36.97168904611778
2009-12-11,0.29,2.28,-1.39,2.45,3.94,38.325095382563376,36.97168904611778
2009-12-12,0.01,1.92,-1.4,6.65,2.4,38.325095382563376,36.97168904611778
2009-12-13,-0.18,2.32,-5.42,4.81,2.4,38.325095382563376,36.97168904611778
2009-12-14,-4.47,1.64,-7.85,0.03,6.35,38.325095382563376,36.97168904611778
2009-12-15,-3.49,1.75,-7.26,0.01,6.59,38.325095382563376,36.97168904611778
2009-12-16,-1.09,1.92,-3.91,3.22,5.38,38.325095382563376,36.97168904611778
2009-12-17,-0.53,2.36,-2.62,5.58,3.77,38.325095382563376,36.97168904611778
2009-12-18,-0.37,3.02,-2.4,3.29,5.76,38.325095382563376,36.97168904611778
2009-12-19,0.31,3.61,-3.47,3.52,4.05,38.325095382563376,36.97168904611778
2009-12-20,1.4,3.37,-2.89,2.8,2.75,38.325095382563376,36.97168904611778
2009-12-21,1.8,4.65,0.42,2.98,5.21,38.325095382563376,36.97168904611778
2009-12-22,1.25,5.36,-1.77,1.39,5.04,38.325095382563376,36.97168904611778
2009-12-23,1.74,7.56,-1.79,0.05,7.6,38.325095382563376,36.97168904611778
2009-12-24,0.54,3.37,-1.41,0.26,4.79,38.325095382563376,36.97168904611778
2009-12-25,2.37,8.75,-1.8,0.32,8.57,38.325095382563376,36.97168904611778
2009-12-26,1.82,5.38,-0.31,2.28,4.32,38.325095382563376,36.97168904611778
2009-12-27,3.26,9.1,0.54,0.1,8.13,38.325095382563376,36.97168904611778
2009-12-28,3.54,5.95,2.15,0.36,1.93,38.325095382563376,36.97168904611778
2009-12-29,2.63,6.08,0.42,3.83,5.85,38.325095382563376,36.97168904611778
2009-12-30,-1.66,2.31,-5.85,4.83,5.58,38.325095382563376,36.97168904611778
2009-12-31,-2.09,4.67,-6.11,0.0,9.23,38.325095382563376,36.97168904611778
2010-01-01,1.6,7.46,-3.27,0.04,9.95,38.325095382563376,36.97168904611778
2010-01-02,5.44,8.91,3.73,7.31,8.73,38.325095382563376,36.97168904611778
2010-01-03,0.89,4.16,-3.38,5.86,7.38,38.325095382563376,36.97168904611778
2010-01-04,-1.74,3.38,-8.48,3.83,3.52,38.325095382563376,36.97168904611778
2010-01-05,-3.46,2.68,-7.43,0.04,8.17,38.325095382563376,36.97168904611778
2010-01-06,-0.52,5.6,-4.1,0.0,10.05,38.325095382563376,36.97168904611778
2010-01-07,1.86,8.79,-2.52,0.0,10.13,38.325095382563376,36.97168904611778
2010-01-08,2.75,9.23,-1.07,0.0,10.7,38.325095382563376,36.97168904611778
2010-01-09,2.41,8.82,-0.82,0.0,10.49,38.325095382563376,36.97168904611778
2010-01-10,1.96,8.39,-2.42,0.0,8.49,38.325095382563376,36.97168904611778
2010-01-11,-0.12,5.55,-2.69,4.92,8.17,38.325095382563376,36.97168904611778
2010-01-12,-1.04,2.15,-2.63,1.41,3.25,38.325095382563376,36.97168904611778
2010-01-13,-0.67,3.12,-2.46,6.82,4.05,38.325095382563376,36.97168904611778
2010-01-14,0.49,2.01,-1.16,6.03,2.05,38.325095382563376,36.97168904611778
2010-01-15,0.42,2.51,-0.7,3.81,4.42,38.325095382563376,36.97168904611778
2010-01-16,1.19,4.56,-0.8,0.91,4.44,38.325095382563376,36.97168904611778
2010-01-17,1.06,3.72,-0.41,2.23,2.45,38.325095382563376,36.97168904611778
2010-01-18,1.12,2.22,0.11,4.47,3.5,38.325095382563376,36.97168904611778
2010-01-19,0.59,4.13,-1.64,7.57,2.32,38.325095382563376,36.97168904611778
2010-01-20,-0.24,1.99,-2.87,7.9,1.86,38.325095382563376,36.97168904611778
2010-01-21,-2.82,0.48,-7.23,3.24,4.87,38.325095382563376,36.97168904611778
2010-01-22,-4.0,0.46,-9.35,0.49,10.99,38.325095382563376,36.97168904611778
2010-01-23,-0.53,1.11,-2.06,3.28,9.57,38.325095382563376,36.97168904611778
2010-01-24,-2.4,0.64,-7.71,7.94,3.48,38.325095382563376,36.97168904611778
2010-01-25,-10.35,-7.13,-16.75,2.96,9.61,38.325095382563376,36.97168904611778
2010-01-26,-16.71,-10.29,-23.36,0.0,12.52,38.325095382563376,36.97168904611778
2010-01-27,-13.85,-3.68,-23.93,0.0,13.27,38.325095382563376,36.97168904611778
2010-01-28,-9.6,-5.94,-13.63,1.69,9.47,38.325095382563376,36.97168904611778
2010-01-29,-7.51,-2.49,-11.81,1.23,11.25,38.325095382563376,36.97168904611778
2010-01-30,-3.58,-0.52,-8.6,1.38,7.68,38.325095382563376,36.97168904611778
2010-01-31,-1.56,1.1,-4.99,0.15,10.14,38.325095382563376,36.97168904611778
2010-02-01,-0.65,2.72,-3.28,0.14,8.16,38.325095382563376,36.97168904611778
2010-02-02,0.55,2.87,-0.36,0.34,7.94,38.325095382563376,36.97168904611778
2010-02-03,-1.83,1.39,-7.45,5.36,4.67,38.325095382563376,36.97168904611778
2010-02-04,-8.79,-6.65,-10.92,1.78,4.91,38.325095382563376,36.97168904611778
2010-02-05,-9.74,-5.76,-12.86,0.05,6.42,38.325095382563376,36.97168904611778
2010-02-06,-7.61,-1.39,-12.55,0.01,8.85,38.325095382563376,36.97168904611778
2010-02-07,-5.9,-0.84,-10.86,0.0,8.57,38.325095382563376,36.97168904611778
2010-02-08,-5.2,-2.66,-7.18,0.78,6.7,38.325095382563376,36.97168904611778
2010-02-09,-4.51,-0.37,-7.38,2.29,8.98,38.325095382563376,36.97168904611778
2010-02-10,-3.33,1.09,-6.34,0.74,7.71,38.325095382563376,36.97168904611778
2010-02-11,-1.64,1.4,-4.34,2.79,7.23,38.325095382563376,36.97168904611778
2010-02-12,-1.15,3.16,-3.45,0.05,7.83,38.325095382563376,36.97168904611778
2010-02-13,-0.11,5.37,-3.12,0.0,11.43,38.325095382563376,36.97168904611778
2010-02-14,1.77,7.36,-1.26,0.0,12.78,38.325095382563376,36.97168904611778
2010-02-15,2.48,8.32,-0.72,0.07,8.43,38.325095382563376,36.97168904611778
2010-02-16,3.53,9.53,0.03,0.0,10.05,38.325095382563376,36.97168904611778
2010-02-17,4.14,9.31,1.03,0.0,8.91,38.325095382563376,36.97168904611778
2010-02-18,2.51,9.05,-0.83,0.01,12.2,38.325095382563376,36.97168904611778
2010-02-19,1.41,6.12,-1.14,6.11,6.91,38.325095382563376,36.97168904611778
2010-02-20,2.8,9.86,-2.69,0.26,11.69,38.325095382563376,36.97168904611778
2010-02-21,3.16,8.32,0.38,2.78,7.29,38.325095382563376,36.97168904611778
2010-02-22,-1.52,2.39,-5.73,5.21,7.26,38.325095382563376,36.97168904611778
2010-02-23,-1.24,1.98,-3.74,0.07,10.19,38.325095382563376,36.97168904611778
2010-02-24,-0.27,3.86,-3.85,1.19,12.36,38.325095382563376,36.97168904611778
2010-02-25,0.59,3.96,-1.58,1.44,12.74,38.325095382563376,36.97168904611778
2010-02-26,1.17,5.61,-1.71,0.44,8.23,38.325095382563376,36.97168904611778
2010-02-27,1.39,6.44,-2.11,1.15,10.19,38.325095382563376,36.97168904611778
2010-02-28,0.54,3.54,-1.55,3.17,10.28,38.325095382563376,36.97168904611778
2010-03-01,0.94,6.59,-3.31,0.06,12.8,38.325095382563376,36.97168904611778
2010-03-02,3.42,10.31,-1.74,0.8,12.89,38.325095382563376,36.97168904611778
2010-03-03,1.19,5.06,-6.23,8.45,9.58,38.325095382563376,36.97168904611778
2010-03-04,-1.15,5.05,-7.14,0.08,15.43,38.325095382563376,36.97168904611778
2010-03-05,1.15,4.19,-1.22,4.93,7.48,38.325095382563376,36.97168904611778
2010-03-06,3.08,8.03,-0.93,2.22,10.24,38.325095382563376,36.97168904611778
2010-03-07,4.16,8.07,1.69,1.84,8.89,38.325095382563376,36.97168904611778
2010-03-08,5.46,10.62,1.81,0.09,7.38,38.325095382563376,36.97168904611778
2010-03-09,5.96,11.38,2.96,0.21,8.29,38.325095382563376,36.97168904611778
2010-03-10,6.96,13.47,2.27,0.62,17.28,38.325095382563376,36.97168904611778
2010-03-11,7.11,12.32,3.87,0.0,9.89,38.325095382563376,36.97168904611778
2010-03-12,8.25,15.46,3.44,0.0,14.76,38.325095382563376,36.97168904611778
2010-03-13,5.86,11.5,2.05,0.0,14.91,38.325095382563376,36.97168904611778
2010-03-14,5.61,11.14,1.15,0.01,11.97,38.325095382563376,36.97168904611778
2010-03-15,5.62,10.88,0.63,14.67,4.92,38.325095382563376,36.97168904611778
2010-03-16,-0.72,4.06,-5.87,0.74,11.32,38.325095382563376,36.97168904611778
2010-03-17,-0.54,6.47,-6.77,0.01,20.81,38.325095382563376,36.97168904611778
2010-03-18,-3.69,0.98,-8.25,0.04,14.52,38.325095382563376,36.97168904611778
2010-03-19,-3.09,3.25,-8.11,0.0,20.64,38.325095382563376,36.97168904611778
2010-03-20,-1.54,5.48,-6.31,0.0,22.29,38.325095382563376,36.97168904611778
2010-03-21,2.63,9.9,-4.84,0.0,22.77,38.325095382563376,36.97168904611778
2010-03-22,5.36,13.03,0.65,0.0,21.35,38.325095382563376,36.97168904611778
2010-03-23,6.55,14.03,0.78,0.0,22.38,38.325095382563376,36.97168904611778
2010-03-24,8.19,15.36,1.98,0.0,22.3,38.325095382563376,36.97168904611778
2010-03-25,7.46,12.84,2.28,0.05,14.47,38.325095382563376,36.97168904611778
2010-03-26,6.23,12.33,0.58,0.33,15.21,38.325095382563376,36.97168904611778
2010-03-27,7.79,13.79,1.85,0.74,18.12,38.325095382563376,36.97168904611778
2010-03-28,7.15,12.99,2.04,1.62,18.48,38.325095382563376,36.97168904611778
2010-03-29,3.87,7.43,0.15,6.35,8.72,38.325095382563376,36.97168904611778
2010-03-30,1.41,4.88,-2.41,6.23,10.56,38.325095382563376,36.97168904611778
2010-03-31,3.42,10.0,-2.84,0.22,16.97,38.325095382563376,36.97168904611778
2010-04-01,6.74,13.43,2.14,0.02,18.17,38.325095382563376,36.97168904611778
2010-04-02,7.58,14.14,1.82,0.0,22.33,38.325095382563376,36.97168904611778
2010-04-03,6.49,12.59,1.1,0.0,16.53,38.325095382563376,36.97168904611778
2010-04-04,3.96,10.84,-2.89,0.0,24.23,38.325095382563376,36.97168904611778
2010-04-05,5.07,14.09,-4.49,0.0,25.88,38.325095382563376,36.97168904611778
2010-04-06,7.87,15.63,1.14,0.0,25.37,38.325095382563376,36.97168904611778
2010-04-07,3.24,9.18,-1.39,6.02,11.38,38.325095382563376,36.97168904611778
2010-04-08,2.03,5.46,-1.75,2.18,10.97,38.325095382563376,36.97168904611778
2010-04-09,2.02,7.27,-2.7,0.95,13.97,38.325095382563376,36.97168904611778
2010-04-10,3.3,9.56,-2.46,0.03,21.13,38.325095382563376,36.97168904611778
2010-04-11,2.87,7.16,0.0,4.28,7.72,38.325095382563376,36.97168904611778
2010-04-12,4.3,9.45,-1.21,10.95,6.85,38.325095382563376,36.97168904611778
2010-04-13,2.4,9.58,-3.38,0.08,23.57,38.325095382563376,36.97168904611778
2010-04-14,5.72,13.24,-1.45,0.1,24.63,38.325095382563376,36.97168904611778
2010-04-15,7.74,13.55,1.39,0.34,19.16,38.325095382563376,36.97168904611778
2010-04-16,9.63,16.57,4.02,0.04,24.56,38.325095382563376,36.97168904611778
2010-04-17,8.47,13.02,3.81,0.77,16.87,38.325095382563376,36.97168904611778
2010-04-18,8.52,14.71,2.45,0.19,18.35,38.325095382563376,36.97168904611778
2010-04-19,9.02,16.4,1.07,0.0,25.35,38.325095382563376,36.97168904611778
2010-04-20,11.35,17.2,5.98,3.02,21.02,38.325095382563376,36.97168904611778
2010-04-21,8.12,13.3,2.63,13.75,16.86,38.325095382563376,36.97168904611778
2010-04-22,5.17,10.04,1.09,0.75,13.71,38.325095382563376,36.97168904611778
2010-04-23,4.11,11.7,-2.12,0.0,27.71,38.325095382563376,36.97168904611778
2010-04-24,4.97,13.64,-3.31,0.0,28.85,38.325095382563376,36.97168904611778
2010-04-25,7.56,16.59,-1.88,0.0,25.97,38.325095382563376,36.97168904611778
2010-04-26,9.88,15.57,2.56,0.01,17.89,38.325095382563376,36.97168904611778
2010-04-27,9.59,15.17,4.28,5.08,18.22,38.325095382563376,36.97168904611778
2010-04-28,6.04,10.1,3.28,9.64,14.3,38.325095382563376,36.97168904611778
2010-04-29,7.47,14.38,1.93,0.11,20.65,38.325095382563376,36.97168904611778
2010-04-30,6.89,13.33,1.59,7.29,19.67,38.325095382563376,36.97168904611778
2010-05-01,6.75,12.18,3.02,4.45,11.58,38.325095382563376,36.97168904611778
2010-05-02,7.03,12.06,2.25,0.25,20.89,38.325095382563376,36.97168904611778
2010-05-03,7.33,14.52,0.14,0.0,29.71,38.325095382563376,36.97168904611778
2010-05-04,9.78,17.56,2.27,0.0,27.26,38.325095382563376,36.97168904611778
2010-05-05,10.11,17.83,3.38,0.0,30.2,38.325095382563376,36.97168904611778
2010-05-06,11.21,19.16,3.67,0.0,27.73,38.325095382563376,36.97168904611778
2010-05-07,13.13,19.68,6.04,0.04,28.13,38.325095382563376,36.97168904611778
2010-05-08,14.26,21.13,6.47,0.31,26.64,38.325095382563376,36.97168904611778
2010-05-09,13.74,19.37,7.93,0.35,16.11,38.325095382563376,36.97168904611778
2010-05-10,12.3,18.59,4.92,1.44,21.28,38.325095382563376,36.97168904611778
2010-05-11,11.71,20.3,3.55,0.02,29.55,38.325095382563376,36.97168904611778
2010-05-12,12.32,20.81,3.44,0.0,30.21,38.325095382563376,36.97168904611778
2010-05-13,14.14,21.5,6.02,0.0,29.34,38.325095382563376,36.97168904611778
2010-05-14,16.23,22.83,10.22,0.01,24.54,38.325095382563376,36.97168904611778
2010-05-15,15.03,22.16,9.17,0.11,25.88,38.325095382563376,36.97168904611778
2010-05-16,16.82,24.36,10.06,0.15,21.64,38.325095382563376,36.97168904611778
2010-05-17,14.46,21.44,7.62,0.0,29.64,38.325095382563376,36.97168904611778
2010-05-18,10.85,18.26,3.73,1.89,28.98,38.325095382563376,36.97168904611778
2010-05-19,9.15,14.88,3.63,3.49,18.56,38.325095382563376,36.97168904611778
2010-05-20,9.85,15.75,4.01,4.92,18.14,38.325095382563376,36.97168904611778
2010-05-21,9.59,15.55,3.4,0.46,24.88,38.325095382563376,36.97168904611778
2010-05-22,10.48,16.13,5.75,2.18,24.44,38.325095382563376,36.97168904611778
2010-05-23,7.86,12.05,3.31,1.95,18.94,38.325095382563376,36.97168904611778
2010-05-24,8.08,13.67,3.6,1.54,20.74,38.325095382563376,36.97168904611778
2010-05-25,10.96,18.19,2.91,0.06,25.05,38.325095382563376,36.97168904611778
2010-05-26,13.18,19.65,5.73,0.0,25.31,38.325095382563376,36.97168904611778
2010-05-27,15.76,23.06,8.42,0.84,21.73,38.325095382563376,36.97168904611778
2010-05-28,13.62,18.98,7.7,3.68,14.74,38.325095382563376,36.97168904611778
2010-05-29,13.3,21.29,6.03,0.0,31.15,38.325095382563376,36.97168904611778
2010-05-30,14.1,22.15,5.04,0.0,30.27,38.325095382563376,36.97168904611778
2010-05-31,17.2,24.56,8.47,0.04,29.07,38.325095382563376,36.97168904611778
2010-06-01,18.96,26.81,11.48,0.04,29.06,38.325095382563376,36.97168904611778
2010-06-02,17.64,24.86,10.42,0.08,20.03,38.325095382563376,36.97168904611778
2010-06-03,17.16,25.68,9.74,0.0,29.73,38.325095382563376,36.97168904611778
2010-06-04,18.16,27.15,9.42,0.0,30.36,38.325095382563376,36.97168904611778
2010-06-05,20.12,28.61,12.5,0.0,29.3,38.325095382563376,36.97168904611778
2010-06-06,18.63,26.46,11.4,2.28,22.04,38.325095382563376,36.97168904611778
2010-06-07,16.51,23.98,10.49,1.24,27.55,38.325095382563376,36.97168904611778
2010-06-08,13.27,17.18,9.62,3.81,15.7,38.325095382563376,36.97168904611778
2010-06-09,15.77,22.16,8.68,0.15,25.27,38.325095382563376,36.97168904611778
2010-06-10,15.52,21.0,9.89,5.19,18.3,38.325095382563376,36.97168904611778
2010-06-11,16.01,22.28,9.67,0.21,24.44,38.325095382563376,36.97168904611778
2010-06-12,18.3,25.42,9.51,0.0,29.14,38.325095382563376,36.97168904611778
2010-06-13,21.47,29.1,13.34,0.0,25.74,38.325095382563376,36.97168904611778
2010-06-14,21.2,29.94,12.79,0.0,30.67,38.325095382563376,36.97168904611778
2010-06-15,19.31,27.86,11.57,0.38,29.69,38.325095382563376,36.97168904611778
2010-06-16,16.51,21.97,11.5,0.05,24.35,38.325095382563376,36.97168904611778
2010-06-17,17.12,24.32,11.12,0.0,27.72,38.325095382563376,36.97168904611778
2010-06-18,17.35,25.51,9.1,0.0,30.07,38.325095382563376,36.97168904611778
2010-06-19,18.39,25.7,9.81,5.15,24.37,38.325095382563376,36.97168904611778
2010-06-20,18.05,24.17,12.96,2.38,22.81,38.325095382563376,36.97168904611778
2010-06-21,18.58,25.1,11.95,0.76,28.62,38.325095382563376,36.97168904611778
2010-06-22,18.71,25.48,11.85,0.04,25.66,38.325095382563376,36.97168904611778
2010-06-23,16.64,24.3,9.47,2.9,27.2,38.325095382563376,36.97168904611778
2010-06-24,13.34,17.6,9.22,2.3,15.79,38.325095382563376,36.97168904611778
2010-06-25,15.3,22.45,7.66,0.61,22.31,38.325095382563376,36.97168904611778
2010-06-26,15.0,21.76,8.43,4.5,23.27,38.325095382563376,36.97168904611778
2010-06-27,16.24,23.24,8.41,1.03,23.59,38.325095382563376,36.97168904611778
2010-06-28,17.5,25.81,9.31,1.65,25.43,38.325095382563376,36.97168904611778
2010-06-29,16.1,23.65,9.57,1.98,26.87,38.325095382563376,36.97168904611778
2010-06-30,17.39,25.61,8.98,0.0,29.82,38.325095382563376,36.97168904611778
2010-07-01,18.78,26.85,10.21,1.91,25.76,38.325095382563376,36.97168904611778
2010-07-02,18.77,26.69,10.78,0.0,30.86,38.325095382563376,36.97168904611778
2010-07-03,19.35,28.21,10.37,0.0,31.04,38.325095382563376,36.97168904611778
2010-07-04,19.61,28.71,10.97,0.0,32.19,38.325095382563376,36.97168904611778
2010-07-05,19.98,29.19,10.29,0.0,31.81,38.325095382563376,36.97168904611778
2010-07-06,20.69,29.51,11.23,0.0,31.0,38.325095382563376,36.97168904611778
2010-07-07,22.1,30.41,13.24,0.01,28.06,38.325095382563376,36.97168904611778
2010-07-08,22.98,32.59,13.73,0.04,29.0,38.325095382563376,36.97168904611778
2010-07-09,22.73,31.35,14.28,0.09,29.15,38.325095382563376,36.97168904611778
2010-07-10,22.79,32.18,14.86,0.0,31.15,38.325095382563376,36.97168904611778
2010-07-11,23.32,33.17,13.03,0.0,32.3,38.325095382563376,36.97168904611778
2010-07-12,23.04,32.63,13.28,0.0,31.49,38.325095382563376,36.97168904611778
2010-07-13,22.57,31.27,13.65,0.01,30.71,38.325095382563376,36.97168904611778
2010-07-14,21.58,29.19,14.32,0.0,29.29,38.325095382563376,36.97168904611778
2010-07-15,19.5,27.29,11.61,0.0,28.81,38.325095382563376,36.97168904611778
2010-07-16,19.52,27.6,11.59,0.05,26.4,38.325095382563376,36.97168904611778
2010-07-17,18.31,25.55,11.16,0.26,22.72,38.325095382563376,36.97168904611778
2010-07-18,18.73,27.02,10.52,0.0,25.82,38.325095382563376,36.97168904611778
2010-07-19,20.21,29.11,11.28,0.0,31.02,38.325095382563376,36.97168904611778
2010-07-20,20.32,28.89,11.86,0.0,30.51,38.325095382563376,36.97168904611778
2010-07-21,20.48,29.09,12.06,0.0,29.83,38.325095382563376,36.97168904611778
2010-07-22,19.8,28.12,11.31,0.0,29.2,38.325095382563376,36.97168904611778
2010-07-23,19.64,27.43,12.26,0.0,22.77,38.325095382563376,36.97168904611778
2010-07-24,18.94,25.88,12.62,0.05,23.19,38.325095382563376,36.97168904611778
2010-07-25,20.39,29.41,11.0,0.0,29.68,38.325095382563376,36.97168904611778
2010-07-26,23.35,31.86,13.86,0.0,28.83,38.325095382563376,36.97168904611778
2010-07-27,25.33,34.1,14.86,0.0,29.15,38.325095382563376,36.97168904611778
2010-07-28,26.98,35.11,19.05,0.0,29.3,38.325095382563376,36.97168904611778
2010-07-29,26.17,35.42,16.36,0.0,27.73,38.325095382563376,36.97168904611778
2010-07-30,26.57,35.41,17.14,0.0,29.18,38.325095382563376,36.97168904611778
2010-07-31,26.31,35.37,16.26,0.0,27.87,38.325095382563376,36.97168904611778
2010-08-01,25.94,34.92,17.74,0.0,28.5,38.325095382563376,36.97168904611778
2010-08-02,26.01,33.95,16.61,0.0,23.7,38.325095382563376,36.97168904611778
2010-08-03,25.28,33.57,17.22,0.0,28.46,38.325095382563376,36.97168904611778
2010-08-04,23.6,32.08,14.47,0.0,28.7,38.325095382563376,36.97168904611778
2010-08-05,25.56,33.83,17.75,0.15,21.78,38.325095382563376,36.97168904611778
2010-08-06,25.89,35.17,16.35,0.03,23.73,38.325095382563376,36.97168904611778
2010-08-07,24.98,33.25,18.56,0.0,27.55,38.325095382563376,36.97168904611778
2010-08-08,24.23,33.22,15.31,0.0,27.76,38.325095382563376,36.97168904611778
2010-08-09,24.26,33.55,14.47,0.0,27.14,38.325095382563376,36.97168904611778
2010-08-10,23.91,33.02,14.28,0.0,28.73,38.325095382563376,36.97168904611778
2010-08-11,24.31,32.96,14.48,0.0,27.57,38.325095382563376,36.97168904611778
2010-08-12,24.83,33.6,16.01,0.0,27.4,38.325095382563376,36.97168904611778
2010-08-13,24.67,33.85,15.55,0.0,27.92,38.325095382563376,36.97168904611778
2010-08-14,23.42,33.09,14.39,0.0,28.58,38.325095382563376,36.97168904611778
2010-08-15,21.92,31.73,11.75,0.0,28.61,38.325095382563376,36.97168904611778
2010-08-16,20.65,29.56,12.21,0.0,26.74,38.325095382563376,36.97168904611778
2010-08-17,20.18,29.07,11.61,0.0,27.47,38.325095382563376,36.97168904611778
2010-08-18,21.81,30.76,12.65,0.0,26.24,38.325095382563376,36.97168904611778
2010-08-19,23.54,32.35,15.76,0.0,26.43,38.325095382563376,36.97168904611778
2010-08-20,23.19,32.89,13.41,0.0,26.69,38.325095382563376,36.97168904611778
2010-08-21,19.89,28.45,12.17,0.0,26.76,38.325095382563376,36.97168904611778
2010-08-22,17.77,28.28,8.28,0.0,27.89,38.325095382563376,36.97168904611778
2010-08-23,20.45,31.25,9.03,0.0,27.31,38.325095382563376,36.97168904611778
2010-08-24,21.36,30.91,11.62,0.0,27.08,38.325095382563376,36.97168904611778
2010-08-25,19.33,29.14,9.78,0.0,27.9,38.325095382563376,36.97168904611778
2010-08-26,18.33,27.29,11.35,0.0,26.93,38.325095382563376,36.97168904611778
2010-08-27,18.56,28.19,9.83,0.0,26.58,38.325095382563376,36.97168904611778
2010-08-28,21.56,30.87,11.43,0.0,26.07,38.325095382563376,36.97168904611778
2010-08-29,23.35,31.96,16.08,0.0,23.6,38.325095382563376,36.97168904611778
2010-08-30,23.95,32.31,15.22,0.0,21.0,38.325095382563376,36.97168904611778
2010-08-31,23.13,31.96,15.42,0.0,21.77,38.325095382563376,36.97168904611778
2010-09-01,19.85,28.13,12.33,0.0,24.22,38.325095382563376,36.97168904611778
2010-09-02,18.52,27.41,9.73,0.01,23.29,38.325095382563376,36.97168904611778
2010-09-03,18.74,28.2,10.25,0.02,25.03,38.325095382563376,36.97168904611778
2010-09-04,20.18,30.27,10.48,0.0,25.28,38.325095382563376,36.97168904611778
2010-09-05,21.27,31.09,11.72,0.0,24.97,38.325095382563376,36.97168904611778
2010-09-06,21.12,31.02,11.24,0.01,24.14,38.325095382563376,36.97168904611778
2010-09-07,20.76,28.51,13.74,1.93,19.92,38.325095382563376,36.97168904611778
2010-09-08,18.38,26.32,11.56,0.02,23.07,38.325095382563376,36.97168904611778
2010-09-09,18.21,27.98,9.6,0.0,24.99,38.325095382563376,36.97168904611778
2010-09-10,18.18,28.73,8.3,0.0,24.72,38.325095382563376,36.97168904611778
2010-09-11,20.21,29.59,10.07,0.0,24.37,38.325095382563376,36.97168904611778
2010-09-12,20.61,29.65,11.58,0.0,23.32,38.325095382563376,36.97168904611778
2010-09-13,17.73,26.15,9.36,0.39,20.09,38.325095382563376,36.97168904611778
2010-09-14,15.91,23.26,9.98,0.02,21.26,38.325095382563376,36.97168904611778
2010-09-15,15.91,24.79,8.13,0.0,23.65,38.325095382563376,36.97168904611778
2010-09-16,17.71,26.76,8.89,0.0,23.28,38.325095382563376,36.97168904611778
2010-09-17,18.78,28.12,10.44,0.01,22.59,38.325095382563376,36.97168904611778
2010-09-18,17.0,26.01,9.73,0.03,22.65,38.325095382563376,36.97168904611778
2010-09-19,16.44,26.27,7.42,0.0,23.08,38.325095382563376,36.97168904611778
2010-09-20,19.51,28.97,10.88,0.0,22.2,38.325095382563376,36.97168904611778
2010-09-21,20.33,28.22,14.0,0.0,21.13,38.325095382563376,36.97168904611778
2010-09-22,19.78,27.45,14.65,0.57,16.83,38.325095382563376,36.97168904611778
2010-09-23,18.83,25.1,13.68,1.47,19.22,38.325095382563376,36.97168904611778
2010-09-24,18.69,26.41,13.35,0.0,19.05,38.325095382563376,36.97168904611778
2010-09-25,15.96,23.22,11.15,0.99,15.02,38.325095382563376,36.97168904611778
2010-09-26,17.03,24.93,9.28,0.0,19.82,38.325095382563376,36.97168904611778
2010-09-27,18.68,26.87,12.31,0.0,19.1,38.325095382563376,36.97168904611778
2010-09-28,18.07,26.28,9.89,0.0,18.82,38.325095382563376,36.97168904611778
2010-09-29,16.69,24.16,9.67,0.0,19.16,38.325095382563376,36.97168904611778
2010-09-30,16.87,24.13,12.07,2.44,13.75,38.325095382563376,36.97168904611778
2010-10-01,14.98,21.8,10.28,1.85,16.99,38.325095382563376,36.97168904611778
2010-10-02,14.93,21.99,9.58,1.1,15.57,38.325095382563376,36.97168904611778
2010-10-03,12.44,18.57,6.2,2.91,16.05,38.325095382563376,36.97168904611778
2010-10-04,10.51,19.33,3.88,0.0,19.62,38.325095382563376,36.97168904611778
2010-10-05,8.95,17.0,2.73,0.02,19.24,38.325095382563376,36.97168904611778
2010-10-06,8.4,17.09,0.58,0.0,19.66,38.325095382563376,36.97168904611778
2010-10-07,8.73,13.65,4.03,0.31,11.13,38.325095382563376,36.97168904611778
2010-10-08,7.98,12.68,2.76,15.88,5.38,38.325095382563376,36.97168904611778
2010-10-09,6.41,12.85,1.67,6.76,9.31,38.325095382563376,36.97168904611778
2010-10-10,5.23,13.71,-1.37,0.15,16.57,38.325095382563376,36.97168904611778
2010-10-11,5.76,13.04,0.06,0.19,12.07,38.325095382563376,36.97168904611778
2010-10-12,6.21,12.79,1.26,0.0,10.09,38.325095382563376,36.97168904611778
2010-10-13,8.72,14.98,2.95,2.4,5.2,38.325095382563376,36.97168904611778
2010-10-14,11.16,16.57,6.91,10.05,6.06,38.325095382563376,36.97168904611778
2010-10-15,11.74,16.21,8.81,5.69,8.71,38.325095382563376,36.97168904611778
2010-10-16,11.31,16.74,8.05,1.81,10.2,38.325095382563376,36.97168904611778
2010-10-17,11.5,17.26,7.51,0.81,14.19,38.325095382563376,36.97168904611778
2010-10-18,11.66,19.27,6.64,0.0,16.47,38.325095382563376,36.97168904611778
2010-10-19,12.7,20.21,6.51,0.0,13.89,38.325095382563376,36.97168904611778
2010-10-20,14.09,21.04,8.26,1.34,9.53,38.325095382563376,36.97168904611778
2010-10-21,12.15,17.41,6.28,0.0,9.04,38.325095382563376,36.97168904611778
2010-10-22,9.64,17.26,3.48,0.0,14.84,38.325095382563376,36.97168904611778
2010-10-23,8.91,17.01,2.95,0.0,11.4,38.325095382563376,36.97168904611778
2010-10-24,10.93,17.31,5.29,0.0,12.97,38.325095382563376,36.97168904611778
2010-10-25,10.57,16.96,4.48,0.1,12.8,38.325095382563376,36.97168904611778
2010-10-26,9.27,17.36,3.41,0.07,11.32,38.325095382563376,36.97168904611778
2010-10-27,9.39,16.1,3.98,0.05,12.61,38.325095382563376,36.97168904611778
2010-10-28,9.91,14.1,7.26,1.05,8.65,38.325095382563376,36.97168904611778
2010-10-29,7.91,12.64,3.13,13.49,9.68,38.325095382563376,36.97168904611778
2010-10-30,2.69,8.88,-2.88,0.99,7.99,38.325095382563376,36.97168904611778
2010-10-31,1.25,10.71,-5.35,0.0,15.63,38.325095382563376,36.97168904611778
2010-11-01,2.51,12.79,-3.83,0.0,15.73,38.325095382563376,36.97168904611778
2010-11-02,2.83,12.97,-3.64,0.0,15.67,38.325095382563376,36.97168904611778
2010-11-03,6.57,15.11,-1.19,0.0,15.31,38.325095382563376,36.97168904611778
2010-11-04,6.76,16.28,-1.55,0.0,15.12,38.325095382563376,36.97168904611778
2010-11-05,4.98,15.52,-2.43,0.0,14.42,38.325095382563376,36.97168904611778
2010-11-06,6.93,16.99,-1.38,0.0,14.74,38.325095382563376,36.97168904611778
2010-11-07,7.13,14.95,2.81,0.0,13.75,38.325095382563376,36.97168904611778
2010-11-08,6.45,13.88,2.55,0.0,13.6,38.325095382563376,36.97168904611778
2010-11-09,6.27,14.27,2.05,0.0,13.56,38.325095382563376,36.97168904611778
2010-11-10,7.33,15.74,1.12,0.0,13.45,38.325095382563376,36.97168904611778
2010-11-11,9.84,17.33,4.72,0.0,13.52,38.325095382563376,36.97168904611778
2010-11-12,9.82,17.06,4.88,0.0,13.38,38.325095382563376,36.97168904611778
2010-11-13,9.2,16.6,3.87,0.0,10.43,38.325095382563376,36.97168904611778
2010-11-14,10.21,17.52,5.12,0.0,12.29,38.325095382563376,36.97168904611778
2010-11-15,11.5,17.87,7.05,0.0,11.42,38.325095382563376,36.97168904611778
2010-11-16,10.03,16.89,6.07,0.0,12.18,38.325095382563376,36.97168904611778
2010-11-17,8.63,16.2,4.6,0.0,9.63,38.325095382563376,36.97168904611778
2010-11-18,8.24,15.84,3.71,0.0,11.16,38.325095382563376,36.97168904611778
2010-11-19,9.07,16.23,5.05,0.0,12.02,38.325095382563376,36.97168904611778
2010-11-20,7.91,15.69,3.48,0.0,12.29,38.325095382563376,36.97168904611778
2010-11-21,6.41,14.75,1.96,0.0,11.21,38.325095382563376,36.97168904611778
2010-11-22,3.78,11.59,-1.51,0.0,11.75,38.325095382563376,36.97168904611778
2010-11-23,5.14,13.5,0.17,0.01,10.9,38.325095382563376,36.97168904611778
2010-11-24,6.02,10.63,2.9,0.34,6.99,38.325095382563376,36.97168904611778
2010-11-25,4.94,8.79,2.29,0.36,5.84,38.325095382563376,36.97168904611778
2010-11-26,4.31,9.78,1.03,0.62,4.4,38.325095382563376,36.97168904611778
2010-11-27,5.24,11.99,1.53,0.0,8.19,38.325095382563376,36.97168904611778
2010-11-28,6.77,14.69,2.43,0.0,11.1,38.325095382563376,36.97168904611778
2010-11-29,7.43,16.09,2.5,0.0,9.55,38.325095382563376,36.97168904611778
2010-11-30,6.78,14.96,2.34,0.0,9.67,38.325095382563376,36.97168904611778
2010-12-01,6.87,14.75,2.65,0.0,9.95,38.325095382563376,36.97168904611778
2010-12-02,8.5,16.47,2.61,0.0,8.27,38.325095382563376,36.97168904611778
2010-12-03,10.12,17.0,6.7,0.0,9.32,38.325095382563376,36.97168904611778
2010-12-04,8.47,16.67,3.73,0.0,9.61,38.325095382563376,36.97168904611778
2010-12-05,6.16,15.7,1.05,0.0,10.55,38.325095382563376,36.97168904611778
2010-12-06,4.78,11.89,-0.05,0.57,7.65,38.325095382563376,36.97168904611778
2010-12-07,3.0,9.32,-0.54,0.0,9.8,38.325095382563376,36.97168904611778
2010-12-08,3.75,9.88,-0.02,0.0,10.35,38.325095382563376,36.97168904611778
2010-12-09,2.72,9.6,-2.17,0.0,10.3,38.325095382563376,36.97168904611778
2010-12-10,1.02,5.88,-2.51,0.93,5.08,38.325095382563376,36.97168904611778
2010-12-11,0.53,3.3,-1.03,11.84,2.37,38.325095382563376,36.97168904611778
2010-12-12,-1.87,0.71,-5.87,7.69,2.89,38.325095382563376,36.97168904611778
2010-12-13,-4.15,0.06,-9.61,3.38,3.69,38.325095382563376,36.97168904611778
2010-12-14,-2.57,-0.16,-4.91,8.79,2.01,38.325095382563376,36.97168904611778
2010-12-15,-1.53,0.31,-4.67,3.09,2.62,38.325095382563376,36.97168904611778
2010-12-16,-2.14,0.06,-4.01,0.22,4.03,38.325095382563376,36.97168904611778
2010-12-17,-1.06,0.45,-2.75,1.96,2.55,38.325095382563376,36.97168904611778
2010-12-18,0.07,2.4,-3.49,1.29,5.81,38.325095382563376,36.97168904611778
2010-12-19,0.73,3.39,-1.33,0.3,4.52,38.325095382563376,36.97168904611778
2010-12-20,0.78,5.5,-1.86,0.0,7.7,38.325095382563376,36.97168904611778
2010-12-21,0.88,6.11,-2.02,0.0,7.53,38.325095382563376,36.97168904611778
2010-12-22,1.27,7.93,-2.1,0.0,9.31,38.325095382563376,36.97168904611778
2010-12-23,1.2,7.33,-2.23,0.0,9.57,38.325095382563376,36.97168904611778
2010-12-24,1.65,7.65,-2.29,0.0,9.33,38.325095382563376,36.97168904611778
2010-12-25,1.94,8.31,-1.73,0.0,8.88,38.325095382563376,36.97168904611778
2010-12-26,3.65,9.36,-0.58,0.0,7.69,38.325095382563376,36.97168904611778
2010-12-27,5.72,11.36,2.34,0.0,8.57,38.325095382563376,36.97168904611778
2010-12-28,3.01,9.71,-0.8,0.0,5.25,38.325095382563376,36.97168904611778
2010-12-29,0.39,6.91,-3.4,0.0,8.88,38.325095382563376,36.97168904611778
2010-12-30,-1.81,0.58,-3.48,0.48,5.59,38.325095382563376,36.97168904611778
2010-12-31,-2.62,0.66,-5.72,2.61,5.15,38.325095382563376,36.97168904611778
2011-01-01,-3.48,1.16,-6.69,0.01,10.04,38.325095382563376,36.97168904611778
2011-01-02,-4.0,1.47,-7.92,0.0,10.44,38.325095382563376,36.97168904611778
2011-01-03,-2.38,2.39,-5.88,0.11,7.35,38.325095382563376,36.97168904611778
2011-01-04,-2.26,0.09,-4.73,2.97,7.85,38.325095382563376,36.97168904611778
2011-01-05,-1.78,2.9,-5.88,0.04,8.1,38.325095382563376,36.97168904611778
2011-01-06,-1.27,2.37,-3.35,0.87,8.61,38.325095382563376,36.97168904611778
2011-01-07,-1.58,1.07,-2.83,10.68,4.87,38.325095382563376,36.97168904611778
2011-01-08,-2.86,0.76,-8.7,1.75,3.13,38.325095382563376,36.97168904611778
2011-01-09,-7.64,-0.36,-11.18,0.08,5.99,38.325095382563376,36.97168904611778
2011-01-10,-7.95,0.13,-12.78,0.0,11.38,38.325095382563376,36.97168904611778
2011-01-11,-7.55,0.19,-13.86,0.0,11.97,38.325095382563376,36.97168904611778
2011-01-12,-5.4,0.88,-9.47,0.01,11.91,38.325095382563376,36.97168904611778
2011-01-13,-4.7,0.71,-8.93,0.0,11.44,38.325095382563376,36.97168904611778
2011-01-14,-4.26,1.31,-7.7,0.0,11.15,38.325095382563376,36.97168904611778
2011-01-15,-4.35,1.21,-7.29,0.0,9.26,38.325095382563376,36.97168904611778
2011-01-16,-3.95,1.32,-9.56,0.0,11.12,38.325095382563376,36.97168904611778
2011-01-17,-2.34,2.57,-5.32,0.0,11.0,38.325095382563376,36.97168904611778
2011-01-18,-3.59,2.47,-7.92,0.0,11.73,38.325095382563376,36.97168904611778
2011-01-19,-3.36,3.3,-8.45,0.0,12.11,38.325095382563376,36.97168904611778
2011-01-20,-2.13,4.36,-6.11,0.0,12.02,38.325095382563376,36.97168904611778
2011-01-21,-0.89,5.91,-6.28,0.0,11.52,38.325095382563376,36.97168904611778
2011-01-22,-0.94,3.94,-3.84,0.0,10.28,38.325095382563376,36.97168904611778
2011-01-23,-1.07,3.86,-4.57,0.01,11.67,38.325095382563376,36.97168904611778
2011-01-24,-0.8,2.26,-2.11,0.09,9.46,38.325095382563376,36.97168904611778
2011-01-25,-1.1,1.83,-3.22,0.83,6.79,38.325095382563376,36.97168904611778
2011-01-26,-1.07,1.79,-2.57,3.45,6.23,38.325095382563376,36.97168904611778
2011-01-27,-2.19,2.22,-7.52,1.44,6.0,38.325095382563376,36.97168904611778
2011-01-28,-4.28,1.71,-10.42,1.83,8.58,38.325095382563376,36.97168904611778
2011-01-29,-2.22,1.08,-4.89,22.77,7.2,38.325095382563376,36.97168904611778
2011-01-30,-3.47,-0.1,-9.2,6.89,8.03,38.325095382563376,36.97168904611778
2011-01-31,-10.56,-6.18,-14.36,1.13,10.57,38.325095382563376,36.97168904611778
2011-02-01,-12.93,-8.19,-17.2,0.0,12.5,38.325095382563376,36.97168904611778
2011-02-02,-15.56,-8.9,-19.27,0.0,13.96,38.325095382563376,36.97168904611778
2011-02-03,-10.57,-0.77,-19.53,0.0,14.68,38.325095382563376,36.97168904611778
2011-02-04,-8.18,-1.26,-14.03,0.0,14.1,38.325095382563376,36.97168904611778
2011-02-05,-10.33,-1.26,-16.45,0.01,15.32,38.325095382563376,36.97168904611778
2011-02-06,-7.87,1.03,-15.07,0.0,15.46,38.325095382563376,36.97168904611778
2011-02-07,-5.98,1.1,-11.35,0.0,14.02,38.325095382563376,36.97168904611778
2011-02-08,-4.13,1.63,-7.66,0.0,13.67,38.325095382563376,36.97168904611778
2011-02-09,-4.28,2.84,-8.95,0.0,15.62,38.325095382563376,36.97168904611778
2011-02-10,-6.62,-2.14,-10.44,0.0,13.66,38.325095382563376,36.97168904611778
2011-02-11,-9.63,-4.71,-13.31,0.01,14.26,38.325095382563376,36.97168904611778
2011-02-12,-5.32,3.85,-13.46,0.17,16.42,38.325095382563376,36.97168904611778
2011-02-13,-2.46,2.55,-6.29,1.82,15.19,38.325095382563376,36.97168904611778
2011-02-14,-2.27,1.87,-7.39,2.24,13.77,38.325095382563376,36.97168904611778
2011-02-15,-1.23,2.17,-5.2,4.51,13.14,38.325095382563376,36.97168904611778
2011-02-16,-5.41,0.32,-10.26,0.05,15.08,38.325095382563376,36.97168904611778
2011-02-17,-3.95,3.14,-11.6,0.16,14.6,38.325095382563376,36.97168904611778
2011-02-18,-1.64,5.19,-7.75,0.22,16.93,38.325095382563376,36.97168904611778
2011-02-19,0.91,2.16,-1.19,4.64,13.03,38.325095382563376,36.97168904611778
2011-02-20,-0.73,1.5,-4.54,13.0,6.79,38.325095382563376,36.97168904611778
2011-02-21,-3.23,1.09,-7.34,0.42,11.74,38.325095382563376,36.97168904611778
2011-02-22,-1.49,3.12,-5.19,0.71,8.92,38.325095382563376,36.97168904611778
2011-02-23,1.05,4.09,-1.81,9.73,8.38,38.325095382563376,36.97168904611778
2011-02-24,1.77,6.56,-0.84,1.91,14.68,38.325095382563376,36.97168904611778
2011-02-25,1.45,5.44,-0.91,3.37,13.49,38.325095382563376,36.97168904611778
2011-02-26,-0.44,3.37,-4.99,6.04,4.58,38.325095382563376,36.97168904611778
2011-02-27,-0.76,4.56,-5.56,0.82,8.47,38.325095382563376,36.97168904611778
2011-02-28,-0.12,2.38,-2.2,3.16,16.27,38.325095382563376,36.97168904611778
2011-03-01,-0.07,6.26,-4.24,0.0,10.95,38.325095382563376,36.97168904611778
2011-03-02,-1.32,5.12,-4.71,0.0,12.66,38.325095382563376,36.97168904611778
2011-03-03,-2.8,2.48,-6.07,0.0,17.98,38.325095382563376,36.97168904611778
2011-03-04,-1.37,5.16,-5.88,0.09,10.67,38.325095382563376,36.97168904611778
2011-03-05,-0.4,5.6,-5.07,0.0,18.48,38.325095382563376,36.97168904611778
2011-03-06,0.18,4.53,-3.45,1.28,8.93,38.325095382563376,36.97168904611778
2011-03-07,0.78,3.59,-1.15,7.55,7.88,38.325095382563376,36.97168904611778
2011-03-08,1.12,4.08,-0.9,2.08,8.81,38.325095382563376,36.97168904611778
2011-03-09,-0.54,3.09,-4.45,5.86,8.49,38.325095382563376,36.97168904611778
2011-03-10,-2.83,0.83,-4.88,4.43,6.91,38.325095382563376,36.97168904611778
2011-03-11,-4.1,-0.93,-7.36,0.89,7.97,38.325095382563376,36.97168904611778
2011-03-12,-3.61,2.51,-8.36,0.0,15.46,38.325095382563376,36.97168904611778
2011-03-13,-2.29,4.04,-6.11,0.0,18.75,38.325095382563376,36.97168904611778
2011-03-14,0.24,8.09,-5.78,0.0,21.47,38.325095382563376,36.97168904611778
2011-03-15,3.84,10.19,-1.85,0.0,18.41,38.325095382563376,36.97168904611778
2011-03-16,4.51,11.71,-0.77,0.0,19.49,38.325095382563376,36.97168904611778
2011-03-17,5.84,12.71,-0.6,0.0,18.41,38.325095382563376,36.97168904611778
2011-03-18,5.26,11.02,1.47,0.02,17.36,38.325095382563376,36.97168904611778
2011-03-19,5.44,11.02,1.04,3.44,15.58,38.325095382563376,36.97168904611778
2011-03-20,5.11,10.41,1.61,1.69,9.62,38.325095382563376,36.97168904611778
2011-03-21,3.77,8.92,-1.31,3.99,12.37,38.325095382563376,36.97168904611778
2011-03-22,-0.53,5.03,-5.64,0.59,8.24,38.325095382563376,36.97168904611778
2011-03-23,-2.36,3.81,-5.96,0.0,11.51,38.325095382563376,36.97168904611778
2011-03-24,-1.75,4.55,-5.95,0.0,15.17,38.325095382563376,36.97168904611778
2011-03-25,-0.95,5.48,-4.9,0.0,16.68,38.325095382563376,36.97168904611778
2011-03-26,2.69,12.49,-4.49,0.0,23.32,38.325095382563376,36.97168904611778
2011-03-27,4.42,12.23,-2.59,0.0,21.75,38.325095382563376,36.97168904611778
2011-03-28,3.73,8.88,-0.42,0.0,19.58,38.325095382563376,36.97168904611778
2011-03-29,4.56,10.21,-2.04,0.06,19.53,38.325095382563376,36.97168904611778
2011-03-30,6.56,12.66,1.3,0.69,19.68,38.325095382563376,36.97168904611778
2011-03-31,7.32,13.72,1.04,0.06,20.2,38.325095382563376,36.97168904611778
2011-04-01,8.99,16.38,2.81,0.05,19.83,38.325095382563376,36.97168904611778
2011-04-02,7.61,13.37,2.9,1.87,17.3,38.325095382563376,36.97168904611778
2011-04-03,5.73,10.63,1.47,0.56,19.94,38.325095382563376,36.97168904611778
2011-04-04,3.61,6.87,0.29,3.1,18.1,38.325095382563376,36.97168904611778
2011-04-05,4.05,9.08,-1.39,3.31,16.82,38.325095382563376,36.97168904611778
2011-04-06,3.92,8.73,-0.57,3.12,16.86,38.325095382563376,36.97168904611778
2011-04-07,3.73,8.75,-1.46,0.52,17.04,38.325095382563376,36.97168904611778
2011-04-08,5.08,11.28,-1.01,0.22,19.55,38.325095382563376,36.97168904611778
2011-04-09,5.99,10.37,2.07,4.61,14.44,38.325095382563376,36.97168904611778
2011-04-10,5.48,10.55,-0.88,4.18,8.68,38.325095382563376,36.97168904611778
2011-04-11,0.62,5.6,-3.67,11.14,10.27,38.325095382563376,36.97168904611778
2011-04-12,-4.08,-1.68,-7.79,6.23,10.99,38.325095382563376,36.97168904611778
2011-04-13,-1.46,4.58,-8.42,0.02,15.91,38.325095382563376,36.97168904611778
2011-04-14,2.23,8.65,-3.98,0.0,22.28,38.325095382563376,36.97168904611778
2011-04-15,3.99,10.24,-1.62,0.05,17.86,38.325095382563376,36.97168904611778
2011-04-16,5.28,12.59,-0.45,1.28,20.71,38.325095382563376,36.97168904611778
2011-04-17,8.73,15.03,2.69,2.08,21.19,38.325095382563376,36.97168904611778
2011-04-18,9.88,17.6,3.59,0.83,11.13,38.325095382563376,36.97168904611778
2011-04-19,7.59,14.89,1.6,0.35,10.99,38.325095382563376,36.97168904611778
2011-04-20,4.63,10.09,-0.32,2.37,15.83,38.325095382563376,36.97168904611778
2011-04-21,5.37,10.31,1.05,0.93,16.99,38.325095382563376,36.97168904611778
2011-04-22,6.37,12.75,-0.19,8.38,18.59,38.325095382563376,36.97168904611778
2011-04-23,5.85,10.24,2.72,4.92,13.78,38.325095382563376,36.97168904611778
2011-04-24,5.93,10.79,2.13,1.16,15.9,38.325095382563376,36.97168904611778
2011-04-25,3.59,6.3,1.59,11.0,9.41,38.325095382563376,36.97168904611778
2011-04-26,5.45,11.42,-0.26,0.33,18.67,38.325095382563376,36.97168904611778
2011-04-27,7.85,15.33,0.06,0.0,26.43,38.325095382563376,36.97168904611778
2011-04-28,8.63,13.56,3.44,1.3,16.37,38.325095382563376,36.97168904611778
2011-04-29,8.54,12.72,5.36,2.57,14.57,38.325095382563376,36.97168904611778
2011-04-30,8.14,12.62,4.6,5.4,16.8,38.325095382563376,36.97168904611778
2011-05-01,8.55,14.19,2.7,0.52,20.93,38.325095382563376,36.97168904611778
2011-05-02,7.27,10.86,4.35,5.2,16.07,38.325095382563376,36.97168904611778
2011-05-03,9.61,15.76,3.32,0.21,21.64,38.325095382563376,36.97168904611778
2011-05-04,10.96,17.38,6.22,0.1,24.19,38.325095382563376,36.97168904611778
2011-05-05,9.44,13.25,6.81,6.69,16.12,38.325095382563376,36.97168904611778
2011-05-06,8.35,12.59,4.99,6.66,16.65,38.325095382563376,36.97168904611778
2011-05-07,3.63,8.82,-1.49,4.02,14.13,38.325095382563376,36.97168904611778
2011-05-08,5.78,14.6,-3.93,0.0,29.24,38.325095382563376,36.97168904611778
2011-05-09,8.64,15.19,-0.03,0.02,26.51,38.325095382563376,36.97168904611778
2011-05-10,10.53,15.77,5.25,0.14,24.27,38.325095382563376,36.97168904611778
2011-05-11,9.7,15.54,3.83,2.97,21.37,38.325095382563376,36.97168904611778
2011-05-12,8.03,13.6,3.77,2.94,18.54,38.325095382563376,36.97168904611778
2011-05-13,5.73,9.34,3.34,4.3,16.4,38.325095382563376,36.97168904611778
2011-05-14,5.66,8.91,2.49,1.93,16.31,38.325095382563376,36.97168904611778
2011-05-15,7.01,12.42,1.98,0.8,20.94,38.325095382563376,36.97168904611778
2011-05-16,8.57,13.86,1.64,0.97,23.95,38.325095382563376,36.97168904611778
2011-05-17,12.07,17.98,5.92,0.04,26.89,38.325095382563376,36.97168904611778
2011-05-18,12.56,19.0,6.07,0.01,20.68,38.325095382563376,36.97168904611778
2011-05-19,11.78,16.38,6.43,1.99,13.72,38.325095382563376,36.97168904611778
2011-05-20,9.29,13.52,5.59,1.75,20.16,38.325095382563376,36.97168904611778
2011-05-21,9.36,14.61,4.57,1.02,20.29,38.325095382563376,36.97168904611778
2011-05-22,9.37,15.4,3.69,2.24,17.78,38.325095382563376,36.97168904611778
2011-05-23,10.32,17.05,4.83,0.03,20.76,38.325095382563376,36.97168904611778
2011-05-24,11.67,19.04,5.18,0.0,26.49,38.325095382563376,36.97168904611778
2011-05-25,12.25,19.7,6.0,0.0,29.33,38.325095382563376,36.97168904611778
2011-05-26,12.28,19.42,6.39,0.23,28.98,38.325095382563376,36.97168904611778
2011-05-27,13.19,20.4,5.59,1.87,28.88,38.325095382563376,36.97168904611778
2011-05-28,12.4,17.73,6.39,1.73,14.19,38.325095382563376,36.97168904611778
2011-05-29,10.88,15.43,6.14,1.2,20.96,38.325095382563376,36.97168904611778
2011-05-30,13.48,20.52,7.11,0.07,25.51,38.325095382563376,36.97168904611778
2011-05-31,15.07,22.29,8.45,0.0,31.0,38.325095382563376,36.97168904611778
2011-06-01,15.65,21.08,10.6,3.15,12.99,38.325095382563376,36.97168904611778
2011-06-02,13.08,19.1,7.68,0.79,25.36,38.325095382563376,36.97168904611778
2011-06-03,13.79,21.0,7.39,0.16,27.31,38.325095382563376,36.97168904611778
2011-06-04,14.21,21.37,7.13,0.04,26.22,38.325095382563376,36.97168904611778
2011-06-05,13.86,20.09,7.71,0.8,24.48,38.325095382563376,36.97168904611778
2011-06-06,14.57,21.7,6.92,0.11,27.52,38.325095382563376,36.97168904611778
2011-06-07,15.19,23.2,7.75,0.0,31.76,38.325095382563376,36.97168904611778
2011-06-08,15.63,23.95,7.28,0.0,31.23,38.325095382563376,36.97168904611778
2011-06-09,16.17,24.19,7.46,0.08,30.23,38.325095382563376,36.97168904611778
2011-06-10,14.61,18.35,10.2,3.19,26.19,38.325095382563376,36.97168904611778
2011-06-11,13.06,18.25,7.33,8.1,15.93,38.325095382563376,36.97168904611778
2011-06-12,12.82,19.08,6.43,3.44,17.98,38.325095382563376,36.97168904611778
2011-06-13,11.98,15.43,9.08,6.59,16.5,38.325095382563376,36.97168904611778
2011-06-14,11.86,15.2,8.65,4.55,12.37,38.325095382563376,36.97168904611778
2011-06-15,14.76,21.21,7.28,0.07,25.15,38.325095382563376,36.97168904611778
2011-06-16,16.87,24.35,8.96,0.67,28.93,38.325095382563376,36.97168904611778
2011-06-17,16.69,23.99,8.96,0.87,26.7,38.325095382563376,36.97168904611778
2011-06-18,16.37,23.5,9.85,0.1,26.64,38.325095382563376,36.97168904611778
2011-06-19,15.65,22.36,9.36,0.45,23.8,38.325095382563376,36.97168904611778
2011-06-20,15.42,22.96,8.95,0.0,31.88,38.325095382563376,36.97168904611778
2011-06-21,16.07,24.61,7.03,0.0,31.87,38.325095382563376,36.97168904611778
2011-06-22,14.73,23.31,7.02,0.0,33.09,38.325095382563376,36.97168904611778
2011-06-23,13.61,22.98,4.84,0.0,31.14,38.325095382563376,36.97168904611778
2011-06-24,14.72,25.12,4.95,0.0,33.12,38.325095382563376,36.97168904611778
2011-06-25,17.26,28.34,4.95,0.0,32.77,38.325095382563376,36.97168904611778
2011-06-26,18.51,26.94,9.74,0.01,28.71,38.325095382563376,36.97168904611778
2011-06-27,15.53,23.45,8.78,0.59,16.54,38.325095382563376,36.97168904611778
2011-06-28,14.39,22.61,6.69,1.01,19.59,38.325095382563376,36.97168904611778
2011-06-29,15.62,24.1,7.22,0.01,26.08,38.325095382563376,36.97168904611778
2011-06-30,14.8,21.49,8.82,0.68,25.91,38.325095382563376,36.97168904611778
2011-07-01,15.78,24.07,6.78,0.0,28.57,38.325095382563376,36.97168904611778
2011-07-02,16.24,23.84,8.44,0.03,25.41,38.325095382563376,36.97168904611778
2011-07-03,17.73,26.37,8.73,0.0,31.11,38.325095382563376,36.97168904611778
2011-07-04,18.84,27.21,10.37,0.0,29.66,38.325095382563376,36.97168904611778
2011-07-05,19.05,27.13,10.98,0.0,27.91,38.325095382563376,36.97168904611778
2011-07-06,20.29,29.81,10.47,0.0,30.09,38.325095382563376,36.97168904611778
2011-07-07,22.08,30.86,14.17,0.0,29.04,38.325095382563376,36.97168904611778
2011-07-08,20.76,30.03,11.36,0.0,30.26,38.325095382563376,36.97168904611778
2011-07-09,21.12,30.01,12.47,0.0,31.14,38.325095382563376,36.97168904611778
2011-07-10,19.11,28.21,11.54,0.0,30.1,38.325095382563376,36.97168904611778
2011-07-11,18.57,28.28,9.55,0.0,30.42,38.325095382563376,36.97168904611778
2011-07-12,20.01,29.08,10.67,0.11,28.59,38.325095382563376,36.97168904611778
2011-07-13,20.93,27.81,12.33,1.55,23.87,38.325095382563376,36.97168904611778
2011-07-14,22.53,30.96,15.51,0.15,26.66,38.325095382563376,36.97168904611778
2011-07-15,20.6,28.16,13.73,0.05,26.26,38.325095382563376,36.97168904611778
2011-07-16,17.93,24.88,11.96,0.2,25.17,38.325095382563376,36.97168904611778
2011-07-17,18.14,25.69,11.52,0.04,23.2,38.325095382563376,36.97168904611778
2011-07-18,20.75,29.03,12.02,0.09,28.23,38.325095382563376,36.97168904611778
2011-07-19,18.79,24.79,12.79,3.3,25.51,38.325095382563376,36.97168904611778
2011-07-20,18.74,26.8,10.93,0.0,27.16,38.325095382563376,36.97168904611778
2011-07-21,21.07,28.73,12.2,0.04,26.44,38.325095382563376,36.97168904611778
2011-07-22,22.87,30.03,17.02,0.56,23.98,38.325095382563376,36.97168904611778
2011-07-23,20.06,26.32,13.57,0.0,25.63,38.325095382563376,36.97168904611778
2011-07-24,20.04,29.71,10.39,0.01,29.91,38.325095382563376,36.97168904611778
2011-07-25,22.07,30.78,14.09,0.34,27.37,38.325095382563376,36.97168904611778
2011-07-26,22.39,31.52,14.36,0.0,31.1,38.325095382563376,36.97168904611778
2011-07-27,23.81,33.83,13.2,0.0,30.89,38.325095382563376,36.97168904611778
2011-07-28,24.73,35.34,14.61,0.0,29.35,38.325095382563376,36.97168904611778
2011-07-29,25.87,35.84,16.21,0.0,28.0,38.325095382563376,36.97168904611778
2011-07-30,25.47,34.65,17.9,0.0,28.87,38.325095382563376,36.97168904611778
2011-07-31,25.23,34.22,15.34,0.0,27.68,38.325095382563376,36.97168904611778
2011-08-01,25.59,35.07,15.31,0.0,27.18,38.325095382563376,36.97168904611778
2011-08-02,25.4,34.76,17.6,0.0,28.21,38.325095382563376,36.97168904611778
2011-08-03,22.4,30.98,14.79,0.0,24.67,38.325095382563376,36.97168904611778
2011-08-04,21.21,29.72,13.87,0.0,25.66,38.325095382563376,36.97168904611778
2011-08-05,20.34,28.56,13.52,0.0,28.18,38.325095382563376,36.97168904611778
2011-08-06,19.35,29.38,10.24,0.0,29.07,38.325095382563376,36.97168904611778
2011-08-07,18.7,28.33,9.76,0.0,29.01,38.325095382563376,36.97168904611778
2011-08-08,18.93,30.01,8.39,0.0,30.34,38.325095382563376,36.97168904611778
2011-08-09,20.47,31.85,8.35,0.0,30.16,38.325095382563376,36.97168904611778
2011-08-10,21.79,32.48,9.86,0.0,29.82,38.325095382563376,36.97168904611778
2011-08-11,22.88,32.66,12.98,0.01,28.18,38.325095382563376,36.97168904611778
2011-08-12,20.95,29.52,13.42,2.28,21.35,38.325095382563376,36.97168904611778
2011-08-13,18.2,25.34,12.1,0.14,18.22,38.325095382563376,36.97168904611778
2011-08-14,19.68,26.97,11.66,0.0,24.38,38.325095382563376,36.97168904611778
2011-08-15,21.01,27.48,13.46,0.03,23.66,38.325095382563376,36.97168904611778
2011-08-16,20.92,28.28,13.82,0.08,25.07,38.325095382563376,36.97168904611778
2011-08-17,18.96,27.71,10.65,0.0,27.97,38.325095382563376,36.97168904611778
2011-08-18,17.81,26.9,9.45,0.0,27.71,38.325095382563376,36.97168904611778
2011-08-19,17.92,26.5,10.89,0.0,22.9,38.325095382563376,36.97168904611778
2011-08-20,19.13,28.33,11.46,0.03,25.99,38.325095382563376,36.97168904611778
2011-08-21,19.31,28.78,10.68,0.0,27.34,38.325095382563376,36.97168904611778
2011-08-22,18.51,28.38,9.86,0.0,27.78,38.325095382563376,36.97168904611778
2011-08-23,17.4,27.68,7.96,0.0,28.14,38.325095382563376,36.97168904611778
2011-08-24,16.49,27.2,6.95,0.0,27.54,38.325095382563376,36.97168904611778
2011-08-25,15.97,26.9,6.71,0.0,27.49,38.325095382563376,36.97168904611778
2011-08-26,16.08,26.69,6.99,0.0,27.35,38.325095382563376,36.97168904611778
2011-08-27,16.6,28.08,6.58,0.0,27.43,38.325095382563376,36.97168904611778
2011-08-28,17.19,28.49,7.31,0.0,27.39,38.325095382563376,36.97168904611778
2011-08-29,19.89,30.42,9.09,0.0,26.29,38.325095382563376,36.97168904611778
2011-08-30,20.29,27.95,13.41,0.0,24.68,38.325095382563376,36.97168904611778
2011-08-31,19.08,26.66,11.45,0.0,21.23,38.325095382563376,36.97168904611778
2011-09-01,18.8,27.22,11.13,0.0,25.01,38.325095382563376,36.97168904611778
2011-09-02,17.03,25.4,10.04,0.03,22.99,38.325095382563376,36.97168904611778
2011-09-03,16.99,25.68,9.52,0.89,21.76,38.325095382563376,36.97168904611778
2011-09-04,17.4,25.56,9.63,0.03,20.4,38.325095382563376,36.97168904611778
2011-09-05,16.3,25.81,9.08,0.0,25.53,38.325095382563376,36.97168904611778
2011-09-06,14.95,25.05,6.31,0.0,25.31,38.325095382563376,36.97168904611778
2011-09-07,14.79,25.72,4.93,0.0,25.51,38.325095382563376,36.97168904611778
2011-09-08,16.41,26.41,7.5,0.0,24.86,38.325095382563376,36.97168904611778
2011-09-09,18.06,26.79,11.44,0.01,23.66,38.325095382563376,36.97168904611778
2011-09-10,17.14,25.21,10.5,0.0,22.56,38.325095382563376,36.97168904611778
2011-09-11,15.67,24.44,8.48,0.0,23.95,38.325095382563376,36.97168904611778
2011-09-12,14.21,24.16,5.58,0.0,24.82,38.325095382563376,36.97168904611778
2011-09-13,15.0,25.55,5.81,0.0,24.59,38.325095382563376,36.97168904611778
2011-09-14,15.8,26.78,5.39,0.0,24.43,38.325095382563376,36.97168904611778
2011-09-15,17.53,27.87,8.43,0.0,23.3,38.325095382563376,36.97168904611778
2011-09-16,16.14,26.24,7.51,0.0,23.47,38.325095382563376,36.97168904611778
2011-09-17,15.88,25.97,7.1,0.0,22.7,38.325095382563376,36.97168904611778
2011-09-18,17.18,26.89,7.46,0.0,22.53,38.325095382563376,36.97168904611778
2011-09-19,18.68,26.28,12.42,0.47,17.3,38.325095382563376,36.97168904611778
2011-09-20,15.81,23.44,9.43,0.0,20.97,38.325095382563376,36.97168904611778
2011-09-21,16.19,24.84,8.13,0.0,22.0,38.325095382563376,36.97168904611778
2011-09-22,16.6,23.82,10.91,0.69,17.97,38.325095382563376,36.97168904611778
2011-09-23,13.49,16.16,10.76,2.22,7.32,38.325095382563376,36.97168904611778
2011-09-24,12.89,18.54,8.66,2.46,10.67,38.325095382563376,36.97168904611778
2011-09-25,11.76,19.03,6.08,0.01,15.26,38.325095382563376,36.97168904611778
2011-09-26,12.79,21.06,5.04,0.01,19.83,38.325095382563376,36.97168904611778
2011-09-27,13.36,20.28,6.93,0.08,17.07,38.325095382563376,36.97168904611778
2011-09-28,14.22,21.75,5.31,0.45,18.28,38.325095382563376,36.97168904611778
2011-09-29,14.32,20.38,7.61,0.11,17.47,38.325095382563376,36.97168904611778
2011-09-30,9.98,16.53,4.2,0.08,15.93,38.325095382563376,36.97168904611778
2011-10-01,5.91,12.78,0.86,0.36,15.08,38.325095382563376,36.97168904611778
2011-10-02,8.01,18.59,-1.85,0.0,21.45,38.325095382563376,36.97168904611778
2011-10-03,7.56,16.26,0.81,0.0,17.32,38.325095382563376,36.97168904611778
2011-10-04,7.7,18.62,-1.55,0.0,21.02,38.325095382563376,36.97168904611778
2011-10-05,9.7,19.26,1.47,0.0,20.47,38.325095382563376,36.97168904611778
2011-10-06,11.52,21.09,4.24,0.0,19.95,38.325095382563376,36.97168904611778
2011-10-07,12.2,20.69,5.33,0.03,18.91,38.325095382563376,36.97168904611778
2011-10-08,11.5,17.35,6.47,0.22,12.83,38.325095382563376,36.97168904611778
2011-10-09,12.65,20.15,7.33,2.24,12.57,38.325095382563376,36.97168904611778
2011-10-10,13.64,20.47,8.15,2.88,7.38,38.325095382563376,36.97168904611778
2011-10-11,14.84,22.28,8.83,0.05,14.21,38.325095382563376,36.97168904611778
2011-10-12,11.61,17.49,6.02,2.87,9.68,38.325095382563376,36.97168904611778
2011-10-13,8.75,14.31,4.91,1.94,11.26,38.325095382563376,36.97168904611778
2011-10-14,9.56,15.44,4.09,0.0,11.0,38.325095382563376,36.97168904611778
2011-10-15,10.6,16.9,6.38,0.18,14.17,38.325095382563376,36.97168904611778
2011-10-16,10.4,16.26,6.69,0.42,11.51,38.325095382563376,36.97168904611778
2011-10-17,9.65,15.3,6.49,0.21,12.17,38.325095382563376,36.97168904611778
2011-10-18,8.58,13.07,4.26,4.2,12.32,38.325095382563376,36.97168904611778
2011-10-19,1.69,8.16,-3.97,0.21,11.47,38.325095382563376,36.97168904611778
2011-10-20,1.3,10.0,-4.78,0.0,16.57,38.325095382563376,36.97168904611778
2011-10-21,5.64,16.02,-3.56,0.0,17.49,38.325095382563376,36.97168904611778
2011-10-22,8.59,15.76,1.83,0.0,14.54,38.325095382563376,36.97168904611778
2011-10-23,9.2,16.54,2.33,0.0,15.96,38.325095382563376,36.97168904611778
2011-10-24,7.11,13.72,1.67,0.0,12.25,38.325095382563376,36.97168904611778
2011-10-25,8.16,15.0,1.84,0.0,13.45,38.325095382563376,36.97168904611778
2011-10-26,5.76,12.93,0.7,0.25,14.45,38.325095382563376,36.97168904611778
2011-10-27,2.78,10.12,-2.82,1.28,13.59,38.325095382563376,36.97168904611778
2011-10-28,2.91,10.45,-1.66,0.9,14.79,38.325095382563376,36.97168904611778
2011-10-29,1.92,9.9,-3.32,0.0,14.65,38.325095382563376,36.97168904611778
2011-10-30,1.44,8.39,-3.37,0.01,11.47,38.325095382563376,36.97168904611778
2011-10-31,1.22,8.02,-4.1,0.03,14.0,38.325095382563376,36.97168904611778
2011-11-01,3.47,11.09,-3.37,0.0,15.4,38.325095382563376,36.97168904611778
2011-11-02,3.48,9.82,-0.62,0.12,14.05,38.325095382563376,36.97168904611778
2011-11-03,1.18,3.97,-0.69,6.17,3.35,38.325095382563376,36.97168904611778
2011-11-04,0.6,4.27,-1.57,8.03,5.42,38.325095382563376,36.97168904611778
2011-11-05,0.41,4.73,-3.28,4.87,4.3,38.325095382563376,36.97168904611778
2011-11-06,-1.41,4.41,-5.13,0.02,5.98,38.325095382563376,36.97168904611778
2011-11-07,-3.65,3.27,-9.1,0.0,10.91,38.325095382563376,36.97168904611778
2011-11-08,-3.42,4.99,-9.04,0.0,12.17,38.325095382563376,36.97168904611778
2011-11-09,0.13,8.8,-5.31,0.0,12.11,38.325095382563376,36.97168904611778
2011-11-10,0.71,6.82,-2.78,0.02,8.96,38.325095382563376,36.97168904611778
2011-11-11,0.47,5.08,-2.22,2.57,4.52,38.325095382563376,36.97168904611778
2011-11-12,-4.46,-0.53,-8.42,0.54,8.46,38.325095382563376,36.97168904611778
2011-11-13,-4.14,2.82,-8.69,0.0,10.23,38.325095382563376,36.97168904611778
2011-11-14,-2.98,2.4,-7.37,0.03,10.05,38.325095382563376,36.97168904611778
2011-11-15,-0.95,3.25,-3.24,0.54,3.49,38.325095382563376,36.97168904611778
2011-11-16,0.0,4.31,-2.69,1.55,4.71,38.325095382563376,36.97168904611778
2011-11-17,-0.67,3.77,-2.87,2.39,4.72,38.325095382563376,36.97168904611778
2011-11-18,-1.21,2.78,-3.45,1.07,6.34,38.325095382563376,36.97168904611778
2011-11-19,-1.61,1.86,-3.44,4.92,6.7,38.325095382563376,36.97168904611778
2011-11-20,-1.45,5.0,-4.99,0.02,7.12,38.325095382563376,36.97168904611778
2011-11-21,-0.56,6.3,-4.84,0.0,9.83,38.325095382563376,36.97168904611778
2011-11-22,0.07,6.3,-3.27,0.0,10.88,38.325095382563376,36.97168904611778
2011-11-23,-2.6,2.97,-6.42,0.0,10.42,38.325095382563376,36.97168904611778
2011-11-24,-4.88,1.34,-11.32,0.0,7.61,38.325095382563376,36.97168904611778
2011-11-25,-6.19,2.44,-12.34,0.0,11.75,38.325095382563376,36.97168904611778
2011-11-26,-4.02,4.93,-9.94,0.0,11.73,38.325095382563376,36.97168904611778
2011-11-27,-3.58,4.83,-9.53,0.0,10.96,38.325095382563376,36.97168904611778
2011-11-28,-2.96,4.46,-8.8,0.0,10.61,38.325095382563376,36.97168904611778
2011-11-29,-3.74,2.88,-9.18,0.0,10.55,38.325095382563376,36.97168904611778
2011-11-30,-4.05,5.0,-10.31,0.0,10.76,38.325095382563376,36.97168904611778
2011-12-01,-4.95,1.97,-10.33,0.0,10.82,38.325095382563376,36.97168904611778
2011-12-02,-3.46,3.82,-7.61,0.0,9.8,38.325095382563376,36.97168904611778
2011-12-03,-2.64,5.91,-8.36,0.0,10.67,38.325095382563376,36.97168904611778
2011-12-04,0.04,7.91,-6.6,0.0,10.43,38.325095382563376,36.97168904611778
2011-12-05,1.35,7.58,-1.28,0.0,9.97,38.325095382563376,36.97168904611778
2011-12-06,0.58,7.09,-2.46,0.0,9.88,38.325095382563376,36.97168904611778
2011-12-07,0.6,7.12,-2.14,0.2,9.73,38.325095382563376,36.97168904611778
2011-12-08,-0.72,1.37,-3.74,3.37,2.31,38.325095382563376,36.97168904611778
2011-12-09,-2.97,0.4,-4.89,12.72,1.68,38.325095382563376,36.97168904611778
2011-12-10,-6.59,-0.95,-11.66,1.81,5.03,38.325095382563376,36.97168904611778
2011-12-11,-4.59,2.09,-11.4,0.0,6.23,38.325095382563376,36.97168904611778
2011-12-12,-4.26,2.83,-8.77,0.0,6.62,38.325095382563376,36.97168904611778
2011-12-13,-1.89,4.82,-7.32,0.0,10.0,38.325095382563376,36.97168904611778
2011-12-14,-0.18,4.47,-2.49,0.0,7.48,38.325095382563376,36.97168904611778
2011-12-15,-0.92,4.91,-4.66,0.0,9.85,38.325095382563376,36.97168904611778
2011-12-16,-1.25,4.71,-3.54,0.4,9.02,38.325095382563376,36.97168904611778
2011-12-17,-2.44,2.14,-5.14,4.09,5.96,38.325095382563376,36.97168904611778
2011-12-18,-1.47,3.02,-5.99,0.0,5.03,38.325095382563376,36.97168904611778
2011-12-19,-0.76,4.59,-3.23,0.0,7.62,38.325095382563376,36.97168904611778
2011-12-20,-0.02,6.64,-3.99,0.0,6.36,38.325095382563376,36.97168904611778
2011-12-21,0.59,5.72,-2.05,0.01,7.17,38.325095382563376,36.97168904611778
2011-12-22,-0.32,3.74,-2.24,0.05,6.33,38.325095382563376,36.97168904611778
2011-12-23,-0.45,3.3,-2.41,1.57,5.12,38.325095382563376,36.97168904611778
2011-12-24,-0.65,2.18,-2.96,6.72,5.2,38.325095382563376,36.97168904611778
2011-12-25,-3.36,0.51,-8.49,6.88,3.2,38.325095382563376,36.97168904611778
2011-12-26,-6.77,-0.22,-10.51,0.12,4.93,38.325095382563376,36.97168904611778
2011-12-27,-8.04,0.69,-12.55,0.0,6.93,38.325095382563376,36.97168904611778
2011-12-28,-7.17,1.62,-12.17,0.0,9.36,38.325095382563376,36.97168904611778
2011-12-29,-5.24,2.45,-10.09,0.0,10.5,38.325095382563376,36.97168904611778
2011-12-30,-5.97,0.88,-11.07,0.01,8.66,38.325095382563376,36.97168904611778
2011-12-31,-4.73,-0.04,-8.37,0.1,6.13,38.325095382563376,36.97168904611778
2012-01-01,-3.37,0.6,-5.78,2.48,6.51,38.325095382563376,36.97168904611778
2012-01-02,-4.91,0.58,-10.24,0.94,7.76,38.325095382563376,36.97168904611778
2012-01-03,-6.96,1.5,-11.95,0.0,10.63,38.325095382563376,36.97168904611778
2012-01-04,-2.29,5.03,-8.94,0.0,11.19,38.325095382563376,36.97168904611778
2012-01-05,-2.85,3.77,-7.3,0.0,10.59,38.325095382563376,36.97168904611778
2012-01-06,-4.0,0.41,-7.62,0.23,8.12,38.325095382563376,36.97168904611778
2012-01-07,-2.12,1.44,-5.22,0.66,6.29,38.325095382563376,36.97168904611778
2012-01-08,-1.78,0.08,-3.41,1.61,3.49,38.325095382563376,36.97168904611778
2012-01-09,-2.33,0.89,-5.36,2.83,6.92,38.325095382563376,36.97168904611778
2012-01-10,-2.26,0.96,-5.23,1.12,2.66,38.325095382563376,36.97168904611778
2012-01-11,-2.09,0.84,-4.26,0.56,6.95,38.325095382563376,36.97168904611778
2012-01-12,-3.8,-0.28,-5.4,1.49,6.07,38.325095382563376,36.97168904611778
2012-01-13,-4.24,-0.59,-8.47,1.15,5.98,38.325095382563376,36.97168904611778
2012-01-14,-4.83,0.56,-9.61,1.36,10.44,38.325095382563376,36.97168904611778
2012-01-15,-0.8,0.83,-3.51,8.88,5.61,38.325095382563376,36.97168904611778
2012-01-16,-1.47,0.73,-8.21,10.28,5.98,38.325095382563376,36.97168904611778
2012-01-17,-9.13,-3.11,-19.9,2.07,2.85,38.325095382563376,36.97168904611778
2012-01-18,-15.67,-6.31,-21.58,0.05,12.21,38.325095382563376,36.97168904611778
2012-01-19,-18.27,-12.3,-23.29,0.17,11.85,38.325095382563376,36.97168904611778
2012-01-20,-18.25,-10.1,-25.72,0.0,11.77,38.325095382563376,36.97168904611778
2012-01-21,-9.38,-3.23,-17.63,0.67,9.48,38.325095382563376,36.97168904611778
2012-01-22,-8.77,-6.06,-10.98,2.48,7.89,38.325095382563376,36.97168904611778
2012-01-23,-9.0,-3.0,-15.93,0.68,11.48,38.325095382563376,36.97168904611778
2012-01-24,-9.45,-0.55,-16.53,0.07,12.16,38.325095382563376,36.97168904611778
2012-01-25,-6.42,-3.76,-9.96,6.37,12.04,38.325095382563376,36.97168904611778
2012-01-26,-4.94,-0.95,-8.57,3.88,9.86,38.325095382563376,36.97168904611778
2012-01-27,-4.69,-0.97,-9.75,6.05,10.36,38.325095382563376,36.97168904611778
2012-01-28,-10.82,-5.81,-18.58,0.16,11.88,38.325095382563376,36.97168904611778
2012-01-29,-13.52,-3.77,-22.34,0.12,13.93,38.325095382563376,36.97168904611778
2012-01-30,-9.51,-3.38,-14.95,2.26,10.75,38.325095382563376,36.97168904611778
2012-01-31,-6.44,-2.19,-14.73,2.98,10.18,38.325095382563376,36.97168904611778
2012-02-01,-14.99,-11.16,-21.6,0.68,12.42,38.325095382563376,36.97168904611778
2012-02-02,-15.48,-4.38,-26.55,0.0,15.35,38.325095382563376,36.97168904611778
2012-02-03,-6.79,-0.28,-14.19,0.0,13.45,38.325095382563376,36.97168904611778
2012-02-04,-6.52,-0.7,-10.46,0.0,15.1,38.325095382563376,36.97168904611778
2012-02-05,-5.77,-0.06,-10.53,0.0,15.29,38.325095382563376,36.97168904611778
2012-02-06,-6.26,-0.57,-9.16,0.0,15.1,38.325095382563376,36.97168904611778
2012-02-07,-5.59,-1.92,-8.33,10.51,9.89,38.325095382563376,36.97168904611778
2012-02-08,-4.9,-0.37,-9.82,1.18,11.91,38.325095382563376,36.97168904611778
2012-02-09,-4.77,-0.92,-8.99,6.66,11.44,38.325095382563376,36.97168904611778
2012-02-10,-10.49,-5.15,-18.54,2.46,13.98,38.325095382563376,36.97168904611778
2012-02-11,-13.65,-4.94,-20.67,0.0,16.09,38.325095382563376,36.97168904611778
2012-02-12,-7.94,-0.93,-15.74,0.02,15.16,38.325095382563376,36.97168904611778
2012-02-13,-8.04,-1.32,-12.82,0.02,15.93,38.325095382563376,36.97168904611778
2012-02-14,-7.12,-0.04,-12.15,0.01,15.99,38.325095382563376,36.97168904611778
2012-02-15,-4.7,-0.35,-10.07,6.3,13.77,38.325095382563376,36.97168904611778
2012-02-16,-7.93,-3.04,-12.63,0.56,16.87,38.325095382563376,36.97168904611778
2012-02-17,-5.07,-0.69,-9.64,13.62,7.52,38.325095382563376,36.97168904611778
2012-02-18,-9.97,-7.08,-14.83,2.27,12.99,38.325095382563376,36.97168904611778
2012-02-19,-12.94,-6.44,-18.56,0.12,17.23,38.325095382563376,36.97168904611778
2012-02-20,-13.71,-4.89,-20.69,0.0,18.61,38.325095382563376,36.97168904611778
2012-02-21,-10.28,-1.92,-17.25,0.0,19.4,38.325095382563376,36.97168904611778
2012-02-22,-12.13,-1.57,-20.58,0.0,17.79,38.325095382563376,36.97168904611778
2012-02-23,-7.58,-0.12,-16.63,0.0,19.17,38.325095382563376,36.97168904611778
2012-02-24,-6.54,-0.02,-11.73,0.0,19.27,38.325095382563376,36.97168904611778
2012-02-25,-7.02,-0.72,-14.1,0.17,17.28,38.325095382563376,36.97168904611778
2012-02-26,-3.73,1.02,-9.8,0.9,17.64,38.325095382563376,36.97168904611778
2012-02-27,-1.45,0.52,-3.79,3.17,16.07,38.325095382563376,36.97168904611778
2012-02-28,-0.85,0.93,-3.46,4.7,8.72,38.325095382563376,36.97168904611778
2012-02-29,-3.31,-0.41,-7.66,6.61,13.82,38.325095382563376,36.97168904611778
2012-03-01,-9.24,-5.28,-13.11,4.94,13.84,38.325095382563376,36.97168904611778
2012-03-02,-10.58,-5.75,-14.43,0.16,14.27,38.325095382563376,36.97168904611778
2012-03-03,-7.72,-2.52,-14.01,3.72,16.81,38.325095382563376,36.97168904611778
2012-03-04,-10.6,-7.12,-16.25,0.34,20.42,38.325095382563376,36.97168904611778
2012-03-05,-8.93,-3.28,-14.96,0.07,20.62,38.325095382563376,36.97168904611778
2012-03-06,-5.61,-0.79,-9.57,3.22,17.37,38.325095382563376,36.97168904611778
2012-03-07,-4.0,0.88,-8.25,0.95,18.1,38.325095382563376,36.97168904611778
2012-03-08,-3.08,2.2,-8.58,0.0,20.91,38.325095382563376,36.97168904611778
2012-03-09,-3.11,2.51,-7.79,0.81,18.63,38.325095382563376,36.97168904611778
2012-03-10,-5.92,-0.05,-10.4,0.0,19.15,38.325095382563376,36.97168904611778
2012-03-11,-4.5,3.54,-13.87,0.36,20.67,38.325095382563376,36.97168904611778
2012-03-12,-1.51,2.03,-4.31,1.3,19.61,38.325095382563376,36.97168904611778
2012-03-13,0.58,4.25,-2.29,2.86,17.99,38.325095382563376,36.97168904611778
2012-03-14,-0.12,3.09,-3.59,4.34,19.48,38.325095382563376,36.97168904611778
2012-03-15,-3.91,0.49,-7.45,1.36,17.26,38.325095382563376,36.97168904611778
2012-03-16,-8.37,-6.14,-11.56,1.73,20.74,38.325095382563376,36.97168904611778
2012-03-17,-9.34,-4.32,-13.68,0.04,21.74,38.325095382563376,36.97168904611778
2012-03-18,-4.16,4.76,-14.34,0.0,23.65,38.325095382563376,36.97168904611778
2012-03-19,1.5,8.09,-4.81,0.0,23.51,38.325095382563376,36.97168904611778
2012-03-20,1.46,8.81,-3.74,0.0,23.34,38.325095382563376,36.97168904611778
2012-03-21,0.56,7.54,-4.1,0.0,23.06,38.325095382563376,36.97168904611778
2012-03-22,-0.17,6.43,-5.21,0.0,23.39,38.325095382563376,36.97168904611778
2012-03-23,-0.17,6.59,-4.48,0.0,23.48,38.325095382563376,36.97168904611778
2012-03-24,2.25,9.89,-3.91,0.0,24.35,38.325095382563376,36.97168904611778
2012-03-25,3.45,9.32,-1.24,0.0,23.72,38.325095382563376,36.97168904611778
2012-03-26,2.56,7.63,-2.01,0.84,21.06,38.325095382563376,36.97168904611778
2012-03-27,-1.49,4.42,-6.86,0.14,21.17,38.325095382563376,36.97168904611778
2012-03-28,-1.42,5.24,-6.77,1.66,23.28,38.325095382563376,36.97168904611778
2012-03-29,-0.5,3.82,-3.68,0.75,23.88,38.325095382563376,36.97168904611778
2012-03-30,0.73,6.92,-4.43,0.5,23.66,38.325095382563376,36.97168904611778
2012-03-31,1.53,5.86,-1.2,3.54,20.62,38.325095382563376,36.97168904611778
2012-04-01,3.1,7.98,-0.04,0.13,18.98,38.325095382563376,36.97168904611778
2012-04-02,3.66,10.53,-1.26,0.67,12.35,38.325095382563376,36.97168904611778
2012-04-03,4.96,12.68,-2.03,0.0,24.78,38.325095382563376,36.97168904611778
2012-04-04,7.82,14.29,2.05,0.0,23.4,38.325095382563376,36.97168904611778
2012-04-05,9.31,16.27,4.07,0.0,22.14,38.325095382563376,36.97168904611778
2012-04-06,9.14,16.05,4.27,0.01,20.63,38.325095382563376,36.97168904611778
2012-04-07,8.27,15.41,1.79,0.09,21.86,38.325095382563376,36.97168904611778
2012-04-08,8.17,15.54,1.51,0.01,21.32,38.325095382563376,36.97168904611778
2012-04-09,7.58,13.65,0.65,0.0,18.27,38.325095382563376,36.97168904611778
2012-04-10,4.96,12.05,-0.22,0.0,21.72,38.325095382563376,36.97168904611778
2012-04-11,4.39,10.69,-0.2,0.46,15.9,38.325095382563376,36.97168904611778
2012-04-12,4.43,10.47,-1.09,0.49,17.99,38.325095382563376,36.97168904611778
2012-04-13,6.89,13.21,1.07,0.05,20.54,38.325095382563376,36.97168904611778
2012-04-14,9.54,17.48,2.91,0.0,24.42,38.325095382563376,36.97168904611778
2012-04-15,9.3,15.94,5.4,3.86,14.44,38.325095382563376,36.97168904611778
2012-04-16,4.4,8.84,-0.6,6.39,14.88,38.325095382563376,36.97168904611778
2012-04-17,6.97,15.44,-1.99,0.39,26.57,38.325095382563376,36.97168904611778
2012-04-18,9.56,17.0,3.05,0.87,15.99,38.325095382563376,36.97168904611778
2012-04-19,5.6,10.53,1.48,1.97,14.81,38.325095382563376,36.97168904611778
2012-04-20,7.48,15.09,0.22,0.09,21.95,38.325095382563376,36.97168904611778
2012-04-21,8.93,15.89,4.07,0.07,21.84,38.325095382563376,36.97168904611778
2012-04-22,7.57,14.01,0.77,0.04,20.49,38.325095382563376,36.97168904611778
2012-04-23,7.2,15.46,-1.51,0.0,27.35,38.325095382563376,36.97168904611778
2012-04-24,9.16,17.5,1.66,0.0,26.82,38.325095382563376,36.97168904611778
2012-04-25,10.01,18.48,1.51,0.0,25.14,38.325095382563376,36.97168904611778
2012-04-26,10.99,18.24,3.67,0.23,21.23,38.325095382563376,36.97168904611778
2012-04-27,11.37,16.41,6.31,0.01,23.28,38.325095382563376,36.97168904611778
2012-04-28,12.0,18.15,6.46,0.0,24.5,38.325095382563376,36.97168904611778
2012-04-29,11.98,20.5,6.24,0.05,22.57,38.325095382563376,36.97168904611778
2012-04-30,10.91,16.14,5.37,0.11,14.76,38.325095382563376,36.97168904611778
2012-05-01,13.25,20.93,3.27,0.0,25.78,38.325095382563376,36.97168904611778
2012-05-02,11.76,20.28,7.5,1.93,14.58,38.325095382563376,36.97168904611778
2012-05-03,10.68,15.21,6.59,6.11,14.38,38.325095382563376,36.97168904611778
2012-05-04,10.49,15.09,6.93,1.54,14.61,38.325095382563376,36.97168904611778
2012-05-05,9.73,14.77,6.08,2.2,15.87,38.325095382563376,36.97168904611778
2012-05-06,8.91,12.72,5.26,4.8,15.04,38.325095382563376,36.97168904611778
2012-05-07,8.98,15.02,3.94,3.32,8.49,38.325095382563376,36.97168904611778
2012-05-08,11.1,17.05,5.22,0.07,20.74,38.325095382563376,36.97168904611778
2012-05-09,13.15,19.38,6.89,0.31,24.83,38.325095382563376,36.97168904611778
2012-05-10,12.62,19.13,7.63,1.12,13.79,38.325095382563376,36.97168904611778
2012-05-11,12.7,18.01,7.27,1.13,20.88,38.325095382563376,36.97168904611778
2012-05-12,12.52,18.34,6.95,0.55,21.33,38.325095382563376,36.97168904611778
2012-05-13,10.18,15.08,5.77,1.44,18.93,38.325095382563376,36.97168904611778
2012-05-14,10.05,15.46,5.29,4.49,15.49,38.325095382563376,36.97168904611778
2012-05-15,11.65,18.19,5.24,0.26,22.59,38.325095382563376,36.97168904611778
2012-05-16,12.55,18.82,7.82,1.69,24.11,38.325095382563376,36.97168904611778
2012-05-17,11.9,18.65,5.71,0.58,27.29,38.325095382563376,36.97168904611778
2012-05-18,11.88,18.91,4.35,0.91,27.48,38.325095382563376,36.97168904611778
2012-05-19,11.85,18.01,6.89,2.26,21.47,38.325095382563376,36.97168904611778
2012-05-20,11.54,17.56,5.57,8.58,22.38,38.325095382563376,36.97168904611778
2012-05-21,9.32,15.54,3.01,1.12,14.01,38.325095382563376,36.97168904611778
2012-05-22,11.89,18.89,4.59,0.1,27.22,38.325095382563376,36.97168904611778
2012-05-23,13.48,19.96,6.84,0.66,25.25,38.325095382563376,36.97168904611778
2012-05-24,11.78,17.99,4.81,1.91,20.64,38.325095382563376,36.97168904611778
2012-05-25,10.54,14.86,6.32,3.01,18.05,38.325095382563376,36.97168904611778
2012-05-26,10.77,16.62,6.07,1.27,19.67,38.325095382563376,36.97168904611778
2012-05-27,12.13,18.01,5.22,0.34,19.93,38.325095382563376,36.97168904611778
2012-05-28,13.17,19.91,7.56,0.29,25.05,38.325095382563376,36.97168904611778
2012-05-29,13.29,19.92,7.24,0.88,26.04,38.325095382563376,36.97168904611778
2012-05-30,13.38,20.05,6.78,0.0,27.0,38.325095382563376,36.97168904611778
2012-05-31,12.65,19.86,5.43,2.42,22.5,38.325095382563376,36.97168904611778
2012-06-01,11.24,16.43,5.69,3.43,21.65,38.325095382563376,36.97168904611778
2012-06-02,12.8,21.2,3.74,0.0,29.8,38.325095382563376,36.97168904611778
2012-06-03,16.1,24.32,6.8,0.0,31.54,38.325095382563376,36.97168904611778
2012-06-04,16.55,25.0,8.38,0.43,26.4,38.325095382563376,36.97168904611778
2012-06-05,16.4,23.94,9.11,0.04,28.78,38.325095382563376,36.97168904611778
2012-06-06,17.34,25.39,10.46,0.71,28.79,38.325095382563376,36.97168904611778
2012-06-07,14.83,21.86,8.03,2.98,24.95,38.325095382563376,36.97168904611778
2012-06-08,13.18,20.13,7.58,1.49,20.96,38.325095382563376,36.97168904611778
2012-06-09,15.43,24.64,6.32,0.0,31.98,38.325095382563376,36.97168904611778
2012-06-10,18.68,28.21,7.24,0.0,32.74,38.325095382563376,36.97168904611778
2012-06-11,20.41,29.29,11.74,0.0,32.01,38.325095382563376,36.97168904611778
2012-06-12,19.83,28.93,11.27,0.0,31.9,38.325095382563376,36.97168904611778
2012-06-13,20.25,29.66,9.43,0.0,32.72,38.325095382563376,36.97168904611778
2012-06-14,22.7,30.7,14.99,0.0,29.2,38.325095382563376,36.97168904611778
2012-06-15,22.59,30.84,14.06,0.0,29.92,38.325095382563376,36.97168904611778
2012-06-16,21.02,29.86,13.17,0.34,30.31,38.325095382563376,36.97168904611778
2012-06-17,18.15,28.1,8.65,0.0,32.42,38.325095382563376,36.97168904611778
2012-06-18,15.59,25.41,5.38,0.0,33.23,38.325095382563376,36.97168904611778
2012-06-19,17.47,27.92,6.52,0.0,31.23,38.325095382563376,36.97168904611778
2012-06-20,18.81,28.51,8.65,0.02,31.02,38.325095382563376,36.97168904611778
2012-06-21,18.32,27.44,9.33,0.31,24.06,38.325095382563376,36.97168904611778
2012-06-22,19.43,28.09,10.93,4.45,24.65,38.325095382563376,36.97168904611778
2012-06-23,18.39,25.45,11.9,3.64,25.47,38.325095382563376,36.97168904611778
2012-06-24,18.32,26.06,11.8,0.93,24.11,38.325095382563376,36.97168904611778
2012-06-25,17.71,24.15,11.97,2.27,22.1,38.325095382563376,36.97168904611778
2012-06-26,18.11,26.25,10.19,0.0,29.63,38.325095382563376,36.97168904611778
2012-06-27,18.48,26.94,10.16,0.0,29.91,38.325095382563376,36.97168904611778
2012-06-28,15.77,22.16,9.28,0.09,24.08,38.325095382563376,36.97168904611778
2012-06-29,14.21,22.49,6.54,0.0,32.4,38.325095382563376,36.97168904611778
2012-06-30,14.45,22.76,6.45,0.0,32.41,38.325095382563376,36.97168904611778
2012-07-01,13.39,21.79,6.27,0.0,30.59,38.325095382563376,36.97168904611778
2012-07-02,11.27,18.48,4.74,0.09,22.71,38.325095382563376,36.97168904611778
2012-07-03,11.94,18.24,5.91,2.25,20.7,38.325095382563376,36.97168904611778
2012-07-04,14.27,21.84,7.68,0.03,22.34,38.325095382563376,36.97168904611778
2012-07-05,15.53,23.14,7.92,0.14,23.81,38.325095382563376,36.97168904611778
2012-07-06,16.61,25.1,8.4,0.0,30.53,38.325095382563376,36.97168904611778
2012-07-07,17.45,25.71,8.71,0.0,29.28,38.325095382563376,36.97168904611778
2012-07-08,17.41,24.81,9.85,0.22,27.38,38.325095382563376,36.97168904611778
2012-07-09,16.68,23.62,10.57,0.56,21.47,38.325095382563376,36.97168904611778
2012-07-10,17.69,25.32,11.24,0.0,27.78,38.325095382563376,36.97168904611778
2012-07-11,18.47,28.36,8.88,0.0,32.21,38.325095382563376,36.97168904611778
2012-07-12,19.75,29.83,9.23,0.0,32.04,38.325095382563376,36.97168904611778
2012-07-13,20.98,31.2,10.57,0.0,32.15,38.325095382563376,36.97168904611778
2012-07-14,20.9,30.25,11.72,0.0,31.4,38.325095382563376,36.97168904611778
2012-07-15,20.35,30.51,11.43,0.0,31.44,38.325095382563376,36.97168904611778
2012-07-16,21.42,32.28,10.1,0.0,32.27,38.325095382563376,36.97168904611778
2012-07-17,22.18,33.05,10.79,0.0,31.75,38.325095382563376,36.97168904611778
2012-07-18,22.25,33.55,10.35,0.0,31.12,38.325095382563376,36.97168904611778
2012-07-19,22.44,31.15,13.02,0.0,28.25,38.325095382563376,36.97168904611778
2012-07-20,23.36,32.91,14.36,0.0,29.04,38.325095382563376,36.97168904611778
2012-07-21,24.29,33.95,13.2,0.0,29.32,38.325095382563376,36.97168904611778
2012-07-22,25.79,34.3,17.6,0.0,27.09,38.325095382563376,36.97168904611778
2012-07-23,26.11,34.56,17.29,0.01,28.89,38.325095382563376,36.97168904611778
2012-07-24,26.83,35.06,18.92,0.0,30.03,38.325095382563376,36.97168904611778
2012-07-25,26.35,35.19,16.96,0.0,29.66,38.325095382563376,36.97168904611778
2012-07-26,27.46,34.99,19.56,0.0,25.4,38.325095382563376,36.97168904611778
2012-07-27,27.01,34.15,19.13,0.0,20.72,38.325095382563376,36.97168904611778
2012-07-28,26.22,34.42,17.15,0.05,22.55,38.325095382563376,36.97168904611778
2012-07-29,24.9,31.75,17.13,0.91,19.49,38.325095382563376,36.97168904611778
2012-07-30,23.57,31.5,15.1,0.04,24.85,38.325095382563376,36.97168904611778
2012-07-31,21.04,28.81,15.4,0.0,20.82,38.325095382563376,36.97168904611778
2012-08-01,21.8,29.62,13.19,0.05,23.8,38.325095382563376,36.97168904611778
2012-08-02,22.73,30.8,14.46,0.23,25.78,38.325095382563376,36.97168904611778
2012-08-03,22.52,31.28,13.43,0.01,28.06,38.325095382563376,36.97168904611778
2012-08-04,22.95,31.87,13.39,0.0,26.09,38.325095382563376,36.97168904611778
2012-08-05,21.11,29.52,13.13,0.06,26.49,38.325095382563376,36.97168904611778
2012-08-06,19.25,26.7,13.46,0.02,21.2,38.325095382563376,36.97168904611778
2012-08-07,19.65,27.87,12.24,0.13,22.43,38.325095382563376,36.97168904611778
2012-08-08,20.9,28.85,12.79,3.02,22.48,38.325095382563376,36.97168904611778
2012-08-09,20.66,28.02,14.0,0.0,23.91,38.325095382563376,36.97168904611778
2012-08-10,20.11,28.09,12.6,0.0,23.29,38.325095382563376,36.97168904611778
2012-08-11,21.47,29.79,12.4,0.0,27.02,38.325095382563376,36.97168904611778
2012-08-12,23.09,31.16,13.76,0.0,26.94,38.325095382563376,36.97168904611778
2012-08-13,22.8,30.03,16.05,0.0,25.85,38.325095382563376,36.97168904611778
2012-08-14,22.39,30.55,13.45,0.0,23.81,38.325095382563376,36.97168904611778
2012-08-15,22.25,30.76,13.86,0.0,26.71,38.325095382563376,36.97168904611778
2012-08-16,21.02,28.72,13.53,0.0,27.3,38.325095382563376,36.97168904611778
2012-08-17,19.17,27.98,11.23,0.0,28.28,38.325095382563376,36.97168904611778
2012-08-18,18.79,29.03,9.35,0.0,27.86,38.325095382563376,36.97168904611778
2012-08-19,17.96,27.15,10.65,0.0,25.95,38.325095382563376,36.97168904611778
2012-08-20,15.87,24.15,9.32,0.0,24.54,38.325095382563376,36.97168904611778
2012-08-21,15.74,25.08,7.86,0.0,27.87,38.325095382563376,36.97168904611778
2012-08-22,17.09,26.68,7.87,0.0,27.2,38.325095382563376,36.97168904611778
2012-08-23,17.41,28.19,7.93,0.0,28.46,38.325095382563376,36.97168904611778
2012-08-24,19.73,31.6,7.51,0.0,28.12,38.325095382563376,36.97168904611778
2012-08-25,21.81,32.43,10.6,0.0,27.47,38.325095382563376,36.97168904611778
2012-08-26,23.16,33.32,12.99,0.0,26.36,38.325095382563376,36.97168904611778
2012-08-27,23.12,31.65,14.45,0.0,25.73,38.325095382563376,36.97168904611778
2012-08-28,21.06,30.4,13.08,0.0,24.22,38.325095382563376,36.97168904611778
2012-08-29,18.04,25.6,11.29,0.01,23.68,38.325095382563376,36.97168904611778
2012-08-30,17.41,27.8,8.44,0.0,25.9,38.325095382563376,36.97168904611778
2012-08-31,18.76,28.8,10.27,0.0,25.01,38.325095382563376,36.97168904611778
2012-09-01,16.88,25.49,9.82,0.01,25.66,38.325095382563376,36.97168904611778
2012-09-02,16.77,25.23,9.83,0.02,23.66,38.325095382563376,36.97168904611778
2012-09-03,17.79,27.36,9.42,0.0,25.42,38.325095382563376,36.97168904611778
2012-09-04,19.7,29.51,10.25,0.0,25.23,38.325095382563376,36.97168904611778
2012-09-05,20.02,30.54,11.23,0.0,25.61,38.325095382563376,36.97168904611778
2012-09-06,19.52,30.01,10.41,0.0,25.4,38.325095382563376,36.97168904611778
2012-09-07,19.16,28.73,10.92,0.0,24.99,38.325095382563376,36.97168904611778
2012-09-08,15.91,24.95,8.01,0.0,23.84,38.325095382563376,36.97168904611778
2012-09-09,15.68,24.93,7.95,0.05,24.06,38.325095382563376,36.97168904611778
2012-09-10,14.99,24.47,7.94,0.0,23.55,38.325095382563376,36.97168904611778
2012-09-11,15.87,25.95,7.08,0.02,23.89,38.325095382563376,36.97168904611778
2012-09-12,17.43,26.52,9.3,0.0,19.76,38.325095382563376,36.97168904611778
2012-09-13,16.79,25.12,10.12,0.0,22.32,38.325095382563376,36.97168904611778
2012-09-14,17.42,26.62,9.29,0.0,22.73,38.325095382563376,36.97168904611778
2012-09-15,17.58,26.71,9.93,0.0,23.38,38.325095382563376,36.97168904611778
2012-09-16,19.04,27.91,9.64,0.0,23.45,38.325095382563376,36.97168904611778
2012-09-17,20.1,28.6,13.11,0.0,23.06,38.325095382563376,36.97168904611778
2012-09-18,19.18,28.52,10.0,0.0,22.41,38.325095382563376,36.97168904611778
2012-09-19,18.85,27.96,12.06,0.0,21.6,38.325095382563376,36.97168904611778
2012-09-20,17.45,25.66,10.08,0.0,18.14,38.325095382563376,36.97168904611778
2012-09-21,17.81,25.24,10.85,0.26,15.05,38.325095382563376,36.97168904611778
2012-09-22,16.85,23.41,10.97,2.29,15.32,38.325095382563376,36.97168904611778
2012-09-23,13.71,22.11,7.1,0.0,22.44,38.325095382563376,36.97168904611778
2012-09-24,14.07,24.97,4.18,0.0,22.69,38.325095382563376,36.97168904611778
2012-09-25,17.06,25.97,9.45,0.0,22.18,38.325095382563376,36.97168904611778
2012-09-26,16.71,25.92,9.01,0.0,21.72,38.325095382563376,36.97168904611778
2012-09-27,16.2,25.88,8.5,0.0,21.72,38.325095382563376,36.97168904611778
2012-09-28,17.29,26.5,8.84,0.0,21.44,38.325095382563376,36.97168904611778
2012-09-29,19.58,27.31,13.98,0.0,19.6,38.325095382563376,36.97168904611778
2012-09-30,20.35,27.91,15.2,0.0,19.4,38.325095382563376,36.97168904611778
2012-10-01,18.23,24.69,11.48,0.0,12.87,38.325095382563376,36.97168904611778
2012-10-02,19.21,26.03,13.75,0.33,15.5,38.325095382563376,36.97168904611778
2012-10-03,15.85,21.12,10.78,1.89,11.64,38.325095382563376,36.97168904611778
2012-10-04,13.49,19.88,8.31,0.48,14.52,38.325095382563376,36.97168904611778
2012-10-05,12.67,19.61,6.32,0.57,17.3,38.325095382563376,36.97168904611778
2012-10-06,11.99,16.96,8.42,1.34,10.45,38.325095382563376,36.97168904611778
2012-10-07,13.05,18.64,8.11,0.61,13.02,38.325095382563376,36.97168904611778
2012-10-08,11.71,16.0,7.6,1.18,10.18,38.325095382563376,36.97168904611778
2012-10-09,9.21,14.83,5.2,0.85,10.72,38.325095382563376,36.97168904611778
2012-10-10,10.55,16.11,6.78,1.08,13.05,38.325095382563376,36.97168904611778
2012-10-11,9.33,12.37,5.88,6.06,4.53,38.325095382563376,36.97168904611778
2012-10-12,9.2,16.69,3.79,0.18,15.53,38.325095382563376,36.97168904611778
2012-10-13,10.39,15.84,4.3,0.0,15.11,38.325095382563376,36.97168904611778
2012-10-14,12.93,19.04,8.08,0.0,17.68,38.325095382563376,36.97168904611778
2012-10-15,13.64,20.42,8.49,0.0,17.55,38.325095382563376,36.97168904611778
2012-10-16,12.46,20.81,6.85,0.0,17.42,38.325095382563376,36.97168904611778
2012-10-17,11.81,21.0,5.29,0.0,17.45,38.325095382563376,36.97168904611778
2012-10-18,11.24,20.37,4.05,0.0,16.97,38.325095382563376,36.97168904611778
2012-10-19,11.64,19.56,4.26,0.08,15.34,38.325095382563376,36.97168904611778
2012-10-20,11.03,17.4,6.49,1.45,14.04,38.325095382563376,36.97168904611778
2012-10-21,8.45,11.8,5.78,0.49,12.42,38.325095382563376,36.97168904611778
2012-10-22,9.24,13.56,7.15,7.28,10.09,38.325095382563376,36.97168904611778
2012-10-23,9.17,15.4,5.51,3.69,8.34,38.325095382563376,36.97168904611778
2012-10-24,8.37,13.38,4.89,0.52,12.73,38.325095382563376,36.97168904611778
2012-10-25,7.08,10.29,4.63,7.65,9.9,38.325095382563376,36.97168904611778
2012-10-26,7.34,11.74,4.52,0.09,11.97,38.325095382563376,36.97168904611778
2012-10-27,8.08,14.77,2.51,0.0,14.08,38.325095382563376,36.97168904611778
2012-10-28,8.85,15.93,3.85,0.0,14.81,38.325095382563376,36.97168904611778
2012-10-29,10.36,18.49,5.34,0.0,13.69,38.325095382563376,36.97168904611778
2012-10-30,8.88,15.9,4.46,0.0,12.41,38.325095382563376,36.97168904611778
2012-10-31,9.24,15.91,4.58,0.66,10.38,38.325095382563376,36.97168904611778
2012-11-01,10.28,16.27,6.67,0.73,12.95,38.325095382563376,36.97168904611778
2012-11-02,10.94,16.61,6.35,0.0,9.14,38.325095382563376,36.97168904611778
2012-11-03,10.88,16.41,6.53,0.34,9.85,38.325095382563376,36.97168904611778
2012-11-04,9.15,15.62,4.16,0.04,13.09,38.325095382563376,36.97168904611778
2012-11-05,10.03,16.91,4.98,0.0,12.96,38.325095382563376,36.97168904611778
2012-11-06,9.47,16.75,4.74,0.0,13.68,38.325095382563376,36.97168904611778
2012-11-07,9.81,16.68,5.66,0.0,11.35,38.325095382563376,36.97168904611778
2012-11-08,9.34,12.86,7.4,5.68,5.1,38.325095382563376,36.97168904611778
2012-11-09,7.77,10.52,5.98,13.16,3.29,38.325095382563376,36.97168904611778
2012-11-10,6.82,9.62,5.53,10.22,3.32,38.325095382563376,36.97168904611778
2012-11-11,4.29,7.44,1.65,18.27,2.87,38.325095382563376,36.97168904611778
2012-11-12,4.33,8.98,1.96,1.29,5.58,38.325095382563376,36.97168904611778
2012-11-13,5.07,11.1,2.02,0.04,8.16,38.325095382563376,36.97168904611778
2012-11-14,4.34,11.36,0.32,0.0,11.1,38.325095382563376,36.97168904611778
2012-11-15,5.53,13.53,-1.69,0.0,12.39,38.325095382563376,36.97168904611778
2012-11-16,6.71,13.56,2.79,0.0,12.28,38.325095382563376,36.97168904611778
2012-11-17,3.98,10.42,-0.57,0.0,11.15,38.325095382563376,36.97168904611778
2012-11-18,2.16,5.76,-0.79,1.01,7.06,38.325095382563376,36.97168904611778
2012-11-19,4.38,11.32,-0.4,0.25,11.51,38.325095382563376,36.97168904611778
2012-11-20,3.98,11.53,-1.63,0.0,10.47,38.325095382563376,36.97168904611778
2012-11-21,4.48,10.53,0.24,0.0,10.57,38.325095382563376,36.97168904611778
2012-11-22,3.06,6.29,0.21,1.08,4.89,38.325095382563376,36.97168904611778
2012-11-23,2.91,6.05,1.47,9.03,2.67,38.325095382563376,36.97168904611778
2012-11-24,3.34,6.82,0.8,4.09,3.57,38.325095382563376,36.97168904611778
2012-11-25,1.3,6.39,-2.38,3.36,5.39,38.325095382563376,36.97168904611778
2012-11-26,-0.25,6.24,-3.94,0.26,6.69,38.325095382563376,36.97168904611778
2012-11-27,1.6,8.05,-3.66,0.0,11.52,38.325095382563376,36.97168904611778
2012-11-28,1.78,8.5,-2.21,0.0,11.38,38.325095382563376,36.97168904611778
2012-11-29,1.48,7.6,-2.08,0.0,9.37,38.325095382563376,36.97168904611778
2012-11-30,2.95,9.44,0.27,0.0,10.16,38.325095382563376,36.97168904611778
2012-12-01,4.09,11.45,0.42,0.0,9.28,38.325095382563376,36.97168904611778
2012-12-02,6.65,13.84,1.74,0.0,9.83,38.325095382563376,36.97168904611778
2012-12-03,3.59,9.3,0.34,3.15,3.58,38.325095382563376,36.97168904611778
2012-12-04,1.3,5.8,-3.49,24.46,3.01,38.325095382563376,36.97168904611778
2012-12-05,-3.99,1.13,-8.26,1.52,4.65,38.325095382563376,36.97168904611778
2012-12-06,-2.95,2.1,-7.57,5.44,2.44,38.325095382563376,36.97168904611778
2012-12-07,-0.49,1.56,-3.1,8.46,4.65,38.325095382563376,36.97168904611778
2012-12-08,-3.54,0.85,-8.73,3.0,5.65,38.325095382563376,36.97168904611778
2012-12-09,-2.52,2.15,-7.85,0.22,7.33,38.325095382563376,36.97168904611778
2012-12-10,-0.42,1.67,-2.36,3.69,4.63,38.325095382563376,36.97168904611778
2012-12-11,-1.92,2.33,-4.87,1.77,4.14,38.325095382563376,36.97168904611778
2012-12-12,-2.22,2.27,-5.83,0.08,5.32,38.325095382563376,36.97168904611778
2012-12-13,-1.76,2.82,-6.39,0.51,4.46,38.325095382563376,36.97168904611778
2012-12-14,-6.33,-1.85,-9.35,0.25,8.18,38.325095382563376,36.97168904611778
2012-12-15,-6.22,0.3,-10.0,0.0,9.95,38.325095382563376,36.97168904611778
2012-12-16,-6.07,-1.1,-9.68,0.02,8.04,38.325095382563376,36.97168904611778
2012-12-17,-3.04,0.99,-7.84,4.56,5.15,38.325095382563376,36.97168904611778
2012-12-18,-3.47,-1.9,-4.77,16.68,2.81,38.325095382563376,36.97168904611778
2012-12-19,-1.65,-0.25,-2.94,13.99,4.72,38.325095382563376,36.97168904611778
2012-12-20,-0.93,0.22,-2.94,7.82,1.55,38.325095382563376,36.97168904611778
2012-12-21,-2.98,-0.12,-8.12,1.68,2.62,38.325095382563376,36.97168904611778
2012-12-22,-5.18,-0.51,-9.47,0.71,4.55,38.325095382563376,36.97168904611778
2012-12-23,-1.93,-0.03,-5.26,4.55,4.49,38.325095382563376,36.97168904611778
2012-12-24,-2.13,0.18,-7.49,3.94,4.95,38.325095382563376,36.97168904611778
2012-12-25,-7.88,-0.87,-11.71,0.0,7.13,38.325095382563376,36.97168904611778
2012-12-26,-6.23,0.45,-11.82,0.0,10.52,38.325095382563376,36.97168904611778
2012-12-27,-1.94,3.07,-7.63,0.04,10.21,38.325095382563376,36.97168904611778
2012-12-28,-2.29,0.35,-5.25,0.0,8.43,38.325095382563376,36.97168904611778
2012-12-29,-5.02,-0.72,-7.73,0.0,7.78,38.325095382563376,36.97168904611778
2012-12-30,-7.02,-0.43,-11.54,0.0,9.58,38.325095382563376,36.97168904611778
2012-12-31,-7.4,-1.07,-12.22,0.0,10.89,38.325095382563376,36.97168904611778
2013-01-01,-6.33,-0.22,-10.56,0.0,10.1,38.325095382563376,36.97168904611778
2013-01-02,-5.15,0.2,-9.15,0.0,10.61,38.325095382563376,36.97168904611778
2013-01-03,-6.37,0.16,-10.12,0.0,10.64,38.325095382563376,36.97168904611778
2013-01-04,-5.52,-0.04,-9.38,0.11,9.7,38.325095382563376,36.97168904611778
2013-01-05,-4.22,-0.69,-6.79,3.89,5.39,38.325095382563376,36.97168904611778
2013-01-06,-4.18,-0.79,-6.31,2.86,4.46,38.325095382563376,36.97168904611778
2013-01-07,-6.29,-3.51,-10.4,11.66,4.43,38.325095382563376,36.97168904611778
2013-01-08,-11.86,-8.02,-14.65,1.86,8.33,38.325095382563376,36.97168904611778
2013-01-09,-11.93,-8.81,-14.64,1.44,8.38,38.325095382563376,36.97168904611778
2013-01-10,-12.35,-7.44,-16.98,0.39,9.44,38.325095382563376,36.97168904611778
2013-01-11,-11.32,-5.45,-17.9,0.03,7.75,38.325095382563376,36.97168904611778
2013-01-12,-7.86,-3.7,-10.9,0.8,7.93,38.325095382563376,36.97168904611778
2013-01-13,-6.66,-2.12,-9.84,2.03,4.72,38.325095382563376,36.97168904611778
2013-01-14,-7.53,-0.85,-12.81,0.13,10.23,38.325095382563376,36.97168904611778
2013-01-15,-6.82,-0.13,-12.51,0.0,11.75,38.325095382563376,36.97168904611778
2013-01-16,-8.19,-0.79,-12.44,0.0,11.71,38.325095382563376,36.97168904611778
2013-01-17,-7.43,-1.85,-11.94,0.0,10.31,38.325095382563376,36.97168904611778
2013-01-18,-7.22,-1.25,-11.83,0.0,9.78,38.325095382563376,36.97168904611778
2013-01-19,-7.19,-2.04,-13.03,4.38,10.25,38.325095382563376,36.97168904611778
2013-01-20,-6.25,-0.33,-9.67,1.86,13.26,38.325095382563376,36.97168904611778
2013-01-21,-3.23,0.22,-9.29,0.03,11.97,38.325095382563376,36.97168904611778
2013-01-22,-0.64,0.13,-2.09,0.11,9.11,38.325095382563376,36.97168904611778
2013-01-23,-0.75,0.53,-3.3,0.8,8.11,38.325095382563376,36.97168904611778
2013-01-24,-0.13,0.51,-1.15,0.58,8.77,38.325095382563376,36.97168904611778
2013-01-25,0.03,0.77,-0.51,0.07,5.42,38.325095382563376,36.97168904611778
2013-01-26,0.1,1.22,-0.39,0.76,4.03,38.325095382563376,36.97168904611778
2013-01-27,-0.01,1.62,-2.14,5.2,9.67,38.325095382563376,36.97168904611778
2013-01-28,-0.59,1.6,-1.73,1.86,4.27,38.325095382563376,36.97168904611778
2013-01-29,-3.79,0.55,-9.29,1.37,7.64,38.325095382563376,36.97168904611778
2013-01-30,-4.67,0.93,-9.97,3.14,9.56,38.325095382563376,36.97168904611778
2013-01-31,-3.53,0.41,-6.9,1.82,9.72,38.325095382563376,36.97168904611778
2013-02-01,-5.96,-1.01,-10.26,0.58,9.23,38.325095382563376,36.97168904611778
2013-02-02,-6.05,0.59,-11.56,0.14,13.31,38.325095382563376,36.97168904611778
2013-02-03,-0.31,3.58,-6.84,0.08,10.09,38.325095382563376,36.97168904611778
2013-02-04,1.3,5.16,-1.56,0.0,13.86,38.325095382563376,36.97168904611778
2013-02-05,0.25,6.22,-3.44,0.15,12.7,38.325095382563376,36.97168904611778
2013-02-06,-1.03,0.72,-2.54,4.68,8.97,38.325095382563376,36.97168904611778
2013-02-07,-0.39,4.8,-4.21,0.14,8.79,38.325095382563376,36.97168904611778
2013-02-08,0.12,4.01,-2.46,0.01,9.83,38.325095382563376,36.97168904611778
2013-02-09,1.08,4.62,-0.45,0.02,7.61,38.325095382563376,36.97168904611778
2013-02-10,1.25,5.71,-1.71,0.13,9.93,38.325095382563376,36.97168904611778
2013-02-11,0.32,3.76,-2.29,6.95,4.86,38.325095382563376,36.97168904611778
2013-02-12,-1.4,2.35,-4.56,3.19,8.79,38.325095382563376,36.97168904611778
2013-02-13,-0.73,5.75,-5.27,0.0,15.45,38.325095382563376,36.97168904611778
2013-02-14,-0.56,4.63,-4.03,0.0,12.88,38.325095382563376,36.97168904611778
2013-02-15,-0.68,2.58,-3.05,3.55,9.25,38.325095382563376,36.97168904611778
2013-02-16,-1.09,1.73,-3.72,1.58,10.32,38.325095382563376,36.97168904611778
2013-02-17,-2.19,0.93,-4.65,0.93,11.16,38.325095382563376,36.97168904611778
2013-02-18,-3.09,0.11,-7.15,6.24,9.66,38.325095382563376,36.97168904611778
2013-02-19,-3.46,1.78,-8.25,0.07,12.99,38.325095382563376,36.97168904611778
2013-02-20,-2.19,1.74,-5.82,7.87,8.88,38.325095382563376,36.97168904611778
2013-02-21,-2.8,4.04,-8.91,0.13,15.68,38.325095382563376,36.97168904611778
2013-02-22,-1.21,1.33,-4.63,0.37,12.62,38.325095382563376,36.97168904611778
2013-02-23,0.87,3.92,-1.36,3.36,10.77,38.325095382563376,36.97168904611778
2013-02-24,0.95,5.97,-1.85,0.37,10.12,38.325095382563376,36.97168904611778
2013-02-25,2.21,9.74,-2.38,0.0,15.42,38.325095382563376,36.97168904611778
2013-02-26,2.57,9.61,-1.53,0.0,18.26,38.325095382563376,36.97168904611778
2013-02-27,2.69,8.75,-1.23,0.81,15.63,38.325095382563376,36.97168904611778
2013-02-28,-0.02,2.72,-3.67,4.55,11.24,38.325095382563376,36.97168904611778
2013-03-01,-2.0,2.26,-5.09,0.37,9.41,38.325095382563376,36.97168904611778
2013-03-02,-0.81,5.36,-4.66,0.0,17.45,38.325095382563376,36.97168904611778
2013-03-03,0.01,2.65,-1.89,0.34,13.03,38.325095382563376,36.97168904611778
2013-03-04,0.62,5.44,-4.2,3.6,11.15,38.325095382563376,36.97168904611778
2013-03-05,-5.04,-1.76,-9.08,0.89,14.35,38.325095382563376,36.97168904611778
2013-03-06,-6.17,-0.1,-10.17,0.0,18.25,38.325095382563376,36.97168904611778
2013-03-07,-2.43,5.93,-9.9,0.0,17.44,38.325095382563376,36.97168904611778
2013-03-08,-1.63,2.52,-4.02,0.02,15.3,38.325095382563376,36.97168904611778
2013-03-09,0.29,5.18,-4.12,0.04,16.94,38.325095382563376,36.97168904611778
2013-03-10,1.53,6.1,-1.75,0.9,14.71,38.325095382563376,36.97168904611778
2013-03-11,3.67,8.87,-0.12,0.97,15.01,38.325095382563376,36.97168904611778
2013-03-12,5.73,12.68,1.56,0.15,13.14,38.325095382563376,36.97168904611778
2013-03-13,6.19,12.7,1.57,0.03,17.1,38.325095382563376,36.97168904611778
2013-03-14,6.59,13.58,2.75,0.0,17.83,38.325095382563376,36.97168904611778
2013-03-15,7.71,13.74,2.05,0.0,17.52,38.325095382563376,36.97168904611778
2013-03-16,4.89,8.97,-0.19,0.43,16.03,38.325095382563376,36.97168904611778
2013-03-17,-1.29,1.88,-6.28,5.06,5.33,38.325095382563376,36.97168904611778
2013-03-18,-4.09,0.96,-7.39,0.01,12.43,38.325095382563376,36.97168904611778
2013-03-19,-0.4,5.48,-5.77,0.0,17.38,38.325095382563376,36.97168904611778
2013-03-20,3.54,9.69,-1.95,0.0,19.71,38.325095382563376,36.97168904611778
2013-03-21,4.95,12.42,-0.05,0.0,21.43,38.325095382563376,36.97168904611778
2013-03-22,4.22,9.55,1.05,3.35,15.66,38.325095382563376,36.97168904611778
2013-03-23,-1.48,2.83,-5.43,3.59,12.03,38.325095382563376,36.97168904611778
2013-03-24,-2.32,3.15,-6.5,0.08,15.96,38.325095382563376,36.97168904611778
2013-03-25,3.01,11.62,-4.04,0.0,21.56,38.325095382563376,36.97168904611778
2013-03-26,3.68,9.91,-1.59,0.02,12.71,38.325095382563376,36.97168904611778
2013-03-27,3.22,9.19,-2.05,3.03,14.1,38.325095382563376,36.97168904611778
2013-03-28,3.43,7.61,0.41,6.09,8.58,38.325095382563376,36.97168904611778
2013-03-29,3.99,9.6,0.14,1.24,14.9,38.325095382563376,36.97168904611778
2013-03-30,6.26,13.29,-1.62,0.0,21.66,38.325095382563376,36.97168904611778
2013-03-31,8.17,14.11,3.47,0.0,18.55,38.325095382563376,36.97168904611778
2013-04-01,8.32,13.57,3.25,0.69,19.64,38.325095382563376,36.97168904611778
2013-04-02,8.24,13.78,3.32,0.41,15.45,38.325095382563376,36.97168904611778
2013-04-03,8.98,16.66,3.38,0.04,19.61,38.325095382563376,36.97168904611778
2013-04-04,6.89,11.99,3.12,0.96,10.42,38.325095382563376,36.97168904611778
2013-04-05,6.76,13.57,1.74,1.57,8.8,38.325095382563376,36.97168904611778
2013-04-06,10.82,19.99,1.11,0.0,24.39,38.325095382563376,36.97168904611778
2013-04-07,12.84,20.43,6.98,0.0,23.45,38.325095382563376,36.97168904611778
2013-04-08,8.87,16.25,3.05,0.13,20.49,38.325095382563376,36.97168904611778
2013-04-09,5.92,11.03,2.15,0.53,16.52,38.325095382563376,36.97168904611778
2013-04-10,4.43,7.96,0.29,4.71,9.62,38.325095382563376,36.97168904611778
2013-04-11,4.64,10.31,-1.45,0.19,19.17,38.325095382563376,36.97168904611778
2013-04-12,5.27,11.55,0.62,0.15,19.84,38.325095382563376,36.97168904611778
2013-04-13,6.79,14.71,-0.24,0.0,25.75,38.325095382563376,36.97168904611778
2013-04-14,8.19,14.96,1.88,0.0,24.24,38.325095382563376,36.97168904611778
2013-04-15,7.09,12.18,3.25,0.59,13.76,38.325095382563376,36.97168904611778
2013-04-16,4.03,6.45,-0.13,16.0,12.42,38.325095382563376,36.97168904611778
2013-04-17,3.79,9.17,-0.36,9.02,11.74,38.325095382563376,36.97168904611778
2013-04-18,4.79,10.4,-0.67,3.46,12.3,38.325095382563376,36.97168904611778
2013-04-19,4.46,9.21,1.28,6.25,15.71,38.325095382563376,36.97168904611778
2013-04-20,3.46,6.83,0.49,7.21,9.33,38.325095382563376,36.97168904611778
2013-04-21,3.8,9.3,-1.15,2.5,20.05,38.325095382563376,36.97168904611778
2013-04-22,3.09,8.74,-2.39,4.06,18.82,38.325095382563376,36.97168904611778
2013-04-23,3.47,10.7,-2.03,0.12,23.22,38.325095382563376,36.97168904611778
2013-04-24,4.06,12.29,-2.91,0.0,29.15,38.325095382563376,36.97168904611778
2013-04-25,5.9,14.87,-3.33,0.0,27.2,38.325095382563376,36.97168904611778
2013-04-26,7.74,16.03,-0.91,0.0,26.91,38.325095382563376,36.97168904611778
2013-04-27,10.15,17.64,0.88,0.0,28.82,38.325095382563376,36.97168904611778
2013-04-28,13.73,19.64,8.16,0.0,28.95,38.325095382563376,36.97168904611778
2013-04-29,14.29,21.3,7.09,0.0,28.56,38.325095382563376,36.97168904611778
2013-04-30,13.25,21.46,4.78,0.0,27.2,38.325095382563376,36.97168904611778
2013-05-01,14.74,20.84,6.97,0.25,19.36,38.325095382563376,36.97168904611778
2013-05-02,14.36,19.7,9.19,0.55,21.42,38.325095382563376,36.97168904611778
2013-05-03,12.74,19.22,6.79,0.2,20.59,38.325095382563376,36.97168904611778
2013-05-04,13.88,18.64,9.29,0.88,24.64,38.325095382563376,36.97168904611778
2013-05-05,13.45,20.86,6.59,0.0,27.16,38.325095382563376,36.97168904611778
2013-05-06,11.91,19.72,4.33,0.0,28.2,38.325095382563376,36.97168904611778
2013-05-07,12.1,20.35,3.34,0.02,26.45,38.325095382563376,36.97168904611778
2013-05-08,12.05,20.22,3.73,0.19,29.64,38.325095382563376,36.97168904611778
2013-05-09,12.49,18.44,5.81,2.36,21.35,38.325095382563376,36.97168904611778
2013-05-10,10.82,15.95,6.56,6.49,20.89,38.325095382563376,36.97168904611778
2013-05-11,7.87,12.28,3.84,16.11,7.33,38.325095382563376,36.97168904611778
2013-05-12,8.04,11.71,4.35,11.7,12.83,38.325095382563376,36.97168904611778
2013-05-13,8.54,12.91,5.14,3.77,21.83,38.325095382563376,36.97168904611778
2013-05-14,6.92,10.85,3.37,0.8,20.7,38.325095382563376,36.97168904611778
2013-05-15,7.73,12.85,2.52,1.76,22.08,38.325095382563376,36.97168904611778
2013-05-16,9.25,14.96,2.73,0.59,19.41,38.325095382563376,36.97168904611778
2013-05-17,11.55,17.87,3.75,0.0,21.5,38.325095382563376,36.97168904611778
2013-05-18,12.48,17.6,7.71,1.57,21.87,38.325095382563376,36.97168904611778
2013-05-19,11.24,17.7,5.05,0.05,23.67,38.325095382563376,36.97168904611778
2013-05-20,10.24,16.99,3.08,0.25,27.05,38.325095382563376,36.97168904611778
2013-05-21,12.28,19.25,5.08,0.12,27.5,38.325095382563376,36.97168904611778
2013-05-22,13.91,20.52,5.79,0.0,28.25,38.325095382563376,36.97168904611778
2013-05-23,16.58,23.0,10.32,0.0,25.92,38.325095382563376,36.97168904611778
2013-05-24,15.0,20.72,10.08,0.04,11.73,38.325095382563376,36.97168904611778
2013-05-25,14.77,20.15,9.82,2.68,27.2,38.325095382563376,36.97168904611778
2013-05-26,14.05,21.03,7.37,0.09,29.2,38.325095382563376,36.97168904611778
2013-05-27,12.94,18.79,6.45,0.0,27.23,38.325095382563376,36.97168904611778
2013-05-28,12.82,18.38,6.36,0.06,27.53,38.325095382563376,36.97168904611778
2013-05-29,14.25,21.16,5.55,0.04,25.68,38.325095382563376,36.97168904611778
2013-05-30,15.95,21.61,11.05,0.06,22.1,38.325095382563376,36.97168904611778
2013-05-31,16.09,23.48,7.39,0.0,29.95,38.325095382563376,36.97168904611778
2013-06-01,15.12,22.54,8.21,0.08,29.5,38.325095382563376,36.97168904611778
2013-06-02,15.16,22.79,7.47,0.8,24.83,38.325095382563376,36.97168904611778
2013-06-03,14.2,21.43,7.12,0.0,31.75,38.325095382563376,36.97168904611778
2013-06-04,13.73,21.6,4.45,0.0,30.0,38.325095382563376,36.97168904611778
2013-06-05,15.59,22.97,8.29,0.09,27.61,38.325095382563376,36.97168904611778
2013-06-06,12.25,18.45,7.82,1.58,22.76,38.325095382563376,36.97168904611778
2013-06-07,11.62,17.64,5.52,0.01,23.07,38.325095382563376,36.97168904611778
2013-06-08,13.13,18.96,5.67,0.46,23.54,38.325095382563376,36.97168904611778
2013-06-09,13.16,18.67,7.99,8.15,19.91,38.325095382563376,36.97168904611778
2013-06-10,11.31,16.85,5.73,0.36,21.98,38.325095382563376,36.97168904611778
2013-06-11,13.73,21.7,5.75,0.0,30.17,38.325095382563376,36.97168904611778
2013-06-12,16.66,24.74,9.51,0.03,27.6,38.325095382563376,36.97168904611778
2013-06-13,16.2,24.29,9.16,0.0,31.95,38.325095382563376,36.97168904611778
2013-06-14,16.92,25.54,7.93,0.0,30.66,38.325095382563376,36.97168904611778
2013-06-15,17.61,26.18,8.64,0.16,26.25,38.325095382563376,36.97168904611778
2013-06-16,16.61,24.1,9.57,0.02,27.98,38.325095382563376,36.97168904611778
2013-06-17,15.26,21.81,9.08,0.07,20.29,38.325095382563376,36.97168904611778
2013-06-18,14.86,21.49,9.15,0.1,17.08,38.325095382563376,36.97168904611778
2013-06-19,15.63,22.79,9.6,0.02,25.38,38.325095382563376,36.97168904611778
2013-06-20,14.41,22.83,6.9,0.0,32.56,38.325095382563376,36.97168904611778
2013-06-21,12.91,21.78,4.44,0.0,33.23,38.325095382563376,36.97168904611778
2013-06-22,14.87,25.51,3.76,0.0,32.77,38.325095382563376,36.97168904611778
2013-06-23,17.91,27.86,6.32,0.0,32.88,38.325095382563376,36.97168904611778
2013-06-24,18.96,28.26,8.73,0.0,32.32,38.325095382563376,36.97168904611778
2013-06-25,18.73,26.97,9.78,0.0,29.88,38.325095382563376,36.97168904611778
2013-06-26,18.99,28.11,10.24,0.0,32.39,38.325095382563376,36.97168904611778
2013-06-27,19.44,29.66,9.1,0.0,32.79,38.325095382563376,36.97168904611778
2013-06-28,19.22,29.77,8.14,0.0,32.75,38.325095382563376,36.97168904611778
2013-06-29,19.9,29.54,9.59,0.0,31.5,38.325095382563376,36.97168904611778
2013-06-30,21.18,31.21,12.34,0.0,30.7,38.325095382563376,36.97168904611778
2013-07-01,19.66,28.01,11.66,0.0,28.16,38.325095382563376,36.97168904611778
2013-07-02,15.99,23.0,9.84,0.0,23.57,38.325095382563376,36.97168904611778
2013-07-03,16.45,24.93,8.87,0.0,31.21,38.325095382563376,36.97168904611778
2013-07-04,16.99,26.1,7.9,0.0,31.71,38.325095382563376,36.97168904611778
2013-07-05,17.32,27.1,7.6,0.0,32.77,38.325095382563376,36.97168904611778
2013-07-06,18.44,28.06,8.23,0.0,32.27,38.325095382563376,36.97168904611778
2013-07-07,19.41,29.31,8.88,0.0,31.81,38.325095382563376,36.97168904611778
2013-07-08,20.39,29.98,10.62,0.0,31.88,38.325095382563376,36.97168904611778
2013-07-09,19.36,28.69,10.65,0.0,32.14,38.325095382563376,36.97168904611778
2013-07-10,19.71,29.64,10.85,0.0,31.35,38.325095382563376,36.97168904611778
2013-07-11,18.93,28.25,10.83,0.0,31.09,38.325095382563376,36.97168904611778
2013-07-12,18.56,27.57,10.01,0.0,31.22,38.325095382563376,36.97168904611778
2013-07-13,18.84,28.4,9.6,0.0,31.42,38.325095382563376,36.97168904611778
2013-07-14,19.95,29.22,10.12,0.0,30.09,38.325095382563376,36.97168904611778
2013-07-15,20.0,29.34,10.71,0.0,30.31,38.325095382563376,36.97168904611778
2013-07-16,22.15,31.65,11.05,0.0,28.19,38.325095382563376,36.97168904611778
2013-07-17,21.77,31.02,13.12,0.0,26.8,38.325095382563376,36.97168904611778
2013-07-18,20.32,30.32,12.36,0.04,24.14,38.325095382563376,36.97168904611778
2013-07-19,17.31,24.18,11.16,0.01,21.4,38.325095382563376,36.97168904611778
2013-07-20,18.83,29.15,8.93,0.0,31.33,38.325095382563376,36.97168904611778
2013-07-21,19.31,29.14,9.6,0.0,30.97,38.325095382563376,36.97168904611778
2013-07-22,17.58,26.37,10.33,0.0,25.4,38.325095382563376,36.97168904611778
2013-07-23,17.42,26.54,9.36,0.0,28.27,38.325095382563376,36.97168904611778
2013-07-24,18.03,28.3,8.0,0.0,31.06,38.325095382563376,36.97168904611778
2013-07-25,17.24,26.84,7.93,0.0,31.96,38.325095382563376,36.97168904611778
2013-07-26,16.55,26.02,7.53,0.0,31.41,38.325095382563376,36.97168904611778
2013-07-27,15.19,24.2,7.13,0.0,26.49,38.325095382563376,36.97168904611778
2013-07-28,15.2,22.99,8.84,0.0,24.5,38.325095382563376,36.97168904611778
2013-07-29,15.95,24.64,8.64,0.0,29.99,38.325095382563376,36.97168904611778
2013-07-30,15.98,25.36,7.19,0.0,30.61,38.325095382563376,36.97168904611778
2013-07-31,16.93,26.9,6.26,0.0,30.8,38.325095382563376,36.97168904611778
2013-08-01,18.48,27.72,9.55,0.0,29.33,38.325095382563376,36.97168904611778
2013-08-02,17.86,26.75,9.79,0.0,29.27,38.325095382563376,36.97168904611778
2013-08-03,17.89,27.97,8.17,0.0,30.15,38.325095382563376,36.97168904611778
2013-08-04,16.36,25.25,8.74,0.0,30.52,38.325095382563376,36.97168904611778
2013-08-05,15.58,24.4,8.12,0.0,30.19,38.325095382563376,36.97168904611778
2013-08-06,18.02,29.5,7.11,0.0,29.8,38.325095382563376,36.97168904611778
2013-08-07,18.3,28.92,8.46,0.0,29.41,38.325095382563376,36.97168904611778
2013-08-08,16.54,25.74,8.17,0.0,27.81,38.325095382563376,36.97168904611778
2013-08-09,17.6,27.81,8.49,0.0,28.92,38.325095382563376,36.97168904611778
2013-08-10,18.81,29.77,7.66,0.0,29.53,38.325095382563376,36.97168904611778
2013-08-11,20.72,30.95,9.86,0.0,28.5,38.325095382563376,36.97168904611778
2013-08-12,21.24,30.47,11.33,0.0,26.45,38.325095382563376,36.97168904611778
2013-08-13,20.59,29.19,12.56,0.0,27.91,38.325095382563376,36.97168904611778
2013-08-14,19.17,29.0,9.36,0.0,28.91,38.325095382563376,36.97168904611778
2013-08-15,20.13,30.86,9.11,0.0,28.12,38.325095382563376,36.97168904611778
2013-08-16,20.61,29.99,12.32,0.0,25.71,38.325095382563376,36.97168904611778
2013-08-17,20.87,29.67,13.01,0.0,24.53,38.325095382563376,36.97168904611778
2013-08-18,19.18,27.12,12.95,0.0,23.34,38.325095382563376,36.97168904611778
2013-08-19,17.22,24.96,10.82,0.0,22.13,38.325095382563376,36.97168904611778
2013-08-20,18.03,26.5,9.51,0.0,22.12,38.325095382563376,36.97168904611778
2013-08-21,18.34,27.95,9.86,0.0,27.11,38.325095382563376,36.97168904611778
2013-08-22,19.76,29.62,9.02,0.0,27.13,38.325095382563376,36.97168904611778
2013-08-23,20.88,30.4,11.43,0.0,25.38,38.325095382563376,36.97168904611778
2013-08-24,19.25,27.78,11.15,0.11,21.25,38.325095382563376,36.97168904611778
2013-08-25,18.0,26.85,10.01,0.03,26.58,38.325095382563376,36.97168904611778
2013-08-26,18.23,27.72,8.79,0.0,27.09,38.325095382563376,36.97168904611778
2013-08-27,18.39,27.97,9.14,0.0,26.98,38.325095382563376,36.97168904611778
2013-08-28,19.58,30.47,8.51,0.0,27.1,38.325095382563376,36.97168904611778
2013-08-29,21.29,31.32,11.54,0.0,26.22,38.325095382563376,36.97168904611778
2013-08-30,22.35,31.93,13.16,0.0,24.93,38.325095382563376,36.97168904611778
2013-08-31,22.3,30.5,15.9,0.52,22.07,38.325095382563376,36.97168904611778
2013-09-01,18.42,26.08,11.76,1.35,17.23,38.325095382563376,36.97168904611778
2013-09-02,18.23,28.37,9.5,0.03,24.8,38.325095382563376,36.97168904611778
2013-09-03,17.36,25.92,9.92,0.0,25.1,38.325095382563376,36.97168904611778
2013-09-04,15.92,24.25,8.22,0.28,19.36,38.325095382563376,36.97168904611778
2013-09-05,10.85,18.32,4.92,0.0,23.81,38.325095382563376,36.97168904611778
2013-09-06,12.74,22.54,4.09,0.0,25.59,38.325095382563376,36.97168904611778
2013-09-07,14.2,23.94,5.88,0.0,25.21,38.325095382563376,36.97168904611778
2013-09-08,14.54,24.09,5.81,0.0,24.67,38.325095382563376,36.97168904611778
2013-09-09,12.55,21.2,6.08,0.0,22.78,38.325095382563376,36.97168904611778
2013-09-10,12.94,23.6,3.4,0.0,25.31,38.325095382563376,36.97168904611778
2013-09-11,15.18,24.89,6.69,0.0,24.38,38.325095382563376,36.97168904611778
2013-09-12,16.03,25.5,7.39,0.0,24.1,38.325095382563376,36.97168904611778
2013-09-13,18.51,27.71,10.6,0.0,23.91,38.325095382563376,36.97168904611778
2013-09-14,20.49,29.47,13.16,0.0,22.73,38.325095382563376,36.97168904611778
2013-09-15,17.61,26.44,10.05,0.0,22.31,38.325095382563376,36.97168904611778
2013-09-16,14.56,23.6,5.78,0.01,23.61,38.325095382563376,36.97168904611778
2013-09-17,13.26,18.02,8.93,12.2,11.22,38.325095382563376,36.97168904611778
2013-09-18,14.59,20.7,9.5,2.51,16.14,38.325095382563376,36.97168904611778
2013-09-19,13.62,18.29,9.92,0.26,14.04,38.325095382563376,36.97168904611778
2013-09-20,15.85,22.55,9.22,0.07,18.15,38.325095382563376,36.97168904611778
2013-09-21,14.26,17.77,10.31,0.41,10.55,38.325095382563376,36.97168904611778
2013-09-22,11.63,18.38,6.29,0.27,15.39,38.325095382563376,36.97168904611778
2013-09-23,9.02,16.38,3.51,0.02,18.7,38.325095382563376,36.97168904611778
2013-09-24,9.24,17.24,2.34,0.0,20.41,38.325095382563376,36.97168904611778
2013-09-25,10.12,18.59,3.32,0.01,19.39,38.325095382563376,36.97168904611778
2013-09-26,11.74,20.29,3.18,0.0,21.91,38.325095382563376,36.97168904611778
2013-09-27,14.14,22.84,8.41,0.0,20.73,38.325095382563376,36.97168904611778
2013-09-28,12.11,21.04,4.4,0.01,17.91,38.325095382563376,36.97168904611778
2013-09-29,12.31,20.68,5.38,0.0,17.89,38.325095382563376,36.97168904611778
2013-09-30,13.48,21.71,5.43,0.0,20.04,38.325095382563376,36.97168904611778
2013-10-01,14.0,22.47,7.86,0.01,19.14,38.325095382563376,36.97168904611778
2013-10-02,10.35,14.31,7.52,1.83,7.84,38.325095382563376,36.97168904611778
2013-10-03,9.22,14.41,3.68,10.89,5.64,38.325095382563376,36.97168904611778
2013-10-04,3.57,10.06,-2.28,2.05,12.39,38.325095382563376,36.97168904611778
2013-10-05,1.7,9.21,-3.96,0.04,15.28,38.325095382563376,36.97168904611778
2013-10-06,0.43,5.71,-3.29,0.02,11.97,38.325095382563376,36.97168904611778
2013-10-07,0.92,8.63,-4.25,0.0,17.15,38.325095382563376,36.97168904611778
2013-10-08,2.38,12.3,-5.34,0.0,20.09,38.325095382563376,36.97168904611778
2013-10-09,7.24,17.62,-3.12,0.0,20.12,38.325095382563376,36.97168904611778
2013-10-10,12.0,20.43,5.34,0.0,19.41,38.325095382563376,36.97168904611778
2013-10-11,11.74,21.51,4.34,0.0,18.71,38.325095382563376,36.97168904611778
2013-10-12,9.38,18.87,2.15,0.0,18.39,38.325095382563376,36.97168904611778
2013-10-13,7.66,15.6,2.05,0.0,18.16,38.325095382563376,36.97168904611778
2013-10-14,7.74,17.01,2.21,0.0,17.83,38.325095382563376,36.97168904611778
2013-10-15,10.07,19.28,1.63,0.0,17.78,38.325095382563376,36.97168904611778
2013-10-16,9.87,18.33,3.8,0.0,17.57,38.325095382563376,36.97168904611778
2013-10-17,9.48,17.38,2.21,0.0,14.64,38.325095382563376,36.97168904611778
2013-10-18,8.62,14.75,4.45,7.07,6.04,38.325095382563376,36.97168904611778
2013-10-19,4.42,8.35,-0.34,0.93,7.58,38.325095382563376,36.97168904611778
2013-10-20,2.11,9.1,-3.22,0.0,12.74,38.325095382563376,36.97168904611778
2013-10-21,4.33,14.43,-5.19,0.0,17.59,38.325095382563376,36.97168904611778
2013-10-22,7.72,18.1,1.34,0.0,17.28,38.325095382563376,36.97168904611778
2013-10-23,6.82,17.03,-0.22,0.0,16.51,38.325095382563376,36.97168904611778
2013-10-24,4.62,11.97,0.22,0.09,15.29,38.325095382563376,36.97168904611778
2013-10-25,6.02,14.37,-0.39,0.58,15.32,38.325095382563376,36.97168904611778
2013-10-26,5.1,13.77,-0.02,0.0,16.03,38.325095382563376,36.97168904611778
2013-10-27,4.46,13.38,-1.36,0.0,15.99,38.325095382563376,36.97168904611778
2013-10-28,5.46,15.42,-1.34,0.0,15.79,38.325095382563376,36.97168904611778
2013-10-29,8.26,16.12,0.97,0.0,15.46,38.325095382563376,36.97168904611778
2013-10-30,10.14,16.73,5.59,0.0,15.26,38.325095382563376,36.97168904611778
2013-10-31,8.77,16.23,4.54,0.0,14.77,38.325095382563376,36.97168904611778
2013-11-01,8.37,15.58,1.97,0.0,14.91,38.325095382563376,36.97168904611778
2013-11-02,9.15,16.15,3.76,0.0,14.71,38.325095382563376,36.97168904611778
2013-11-03,7.67,15.13,2.28,0.0,14.32,38.325095382563376,36.97168904611778
2013-11-04,8.73,16.47,3.47,0.0,14.1,38.325095382563376,36.97168904611778
2013-11-05,6.2,11.28,1.99,0.0,5.08,38.325095382563376,36.97168904611778
2013-11-06,6.65,12.49,0.88,0.03,10.25,38.325095382563376,36.97168904611778
2013-11-07,6.21,9.26,3.41,2.05,7.18,38.325095382563376,36.97168904611778
2013-11-08,5.32,9.28,2.04,0.13,7.97,38.325095382563376,36.97168904611778
2013-11-09,5.48,12.98,-0.25,0.14,11.94,38.325095382563376,36.97168904611778
2013-11-10,5.21,10.82,1.85,0.25,10.57,38.325095382563376,36.97168904611778
2013-11-11,6.12,12.65,2.35,0.07,10.75,38.325095382563376,36.97168904611778
2013-11-12,5.89,13.68,1.09,0.0,12.55,38.325095382563376,36.97168904611778
2013-11-13,5.4,13.91,-0.9,0.0,12.8,38.325095382563376,36.97168904611778
2013-11-14,6.36,13.54,2.55,0.0,10.66,38.325095382563376,36.97168904611778
2013-11-15,5.39,10.79,1.47,0.04,10.46,38.325095382563376,36.97168904611778
2013-11-16,5.54,11.8,1.16,0.0,11.83,38.325095382563376,36.97168904611778
2013-11-17,4.83,10.38,0.89,0.25,10.32,38.325095382563376,36.97168904611778
2013-11-18,3.75,9.82,0.38,0.21,9.29,38.325095382563376,36.97168904611778
2013-11-19,4.11,11.38,-0.97,0.0,12.04,38.325095382563376,36.97168904611778
2013-11-20,6.25,12.77,1.74,0.0,10.59,38.325095382563376,36.97168904611778
2013-11-21,4.55,11.98,-0.82,0.0,11.86,38.325095382563376,36.97168904611778
2013-11-22,5.79,12.41,1.46,0.01,9.38,38.325095382563376,36.97168904611778
2013-11-23,5.65,11.58,2.09,0.61,9.43,38.325095382563376,36.97168904611778
2013-11-24,5.48,9.98,2.13,0.2,5.35,38.325095382563376,36.97168904611778
2013-11-25,5.4,9.58,3.1,0.41,7.42,38.325095382563376,36.97168904611778
2013-11-26,5.37,9.58,2.9,4.18,2.32,38.325095382563376,36.97168904611778
2013-11-27,5.74,11.0,2.71,3.31,3.13,38.325095382563376,36.97168904611778
2013-11-28,3.63,7.68,1.17,3.85,7.88,38.325095382563376,36.97168904611778
2013-11-29,0.47,5.68,-5.67,2.17,4.94,38.325095382563376,36.97168904611778
2013-11-30,-3.34,1.98,-6.43,0.05,10.62,38.325095382563376,36.97168904611778
2013-12-01,0.79,7.71,-4.32,0.0,9.37,38.325095382563376,36.97168904611778
2013-12-02,2.03,5.42,-0.78,0.39,3.93,38.325095382563376,36.97168904611778
2013-12-03,-2.2,1.72,-8.54,1.39,7.11,38.325095382563376,36.97168904611778
2013-12-04,-4.28,1.22,-8.42,0.01,9.79,38.325095382563376,36.97168904611778
2013-12-05,-1.93,3.75,-5.65,0.0,8.42,38.325095382563376,36.97168904611778
2013-12-06,-2.13,5.01,-6.58,0.04,11.17,38.325095382563376,36.97168904611778
2013-12-07,-0.7,2.51,-3.34,4.09,4.4,38.325095382563376,36.97168904611778
2013-12-08,-6.96,-0.64,-11.81,1.78,5.87,38.325095382563376,36.97168904611778
2013-12-09,-10.97,-5.88,-13.89,0.23,7.0,38.325095382563376,36.97168904611778
2013-12-10,-7.22,-2.62,-13.87,1.54,5.45,38.325095382563376,36.97168904611778
2013-12-11,-9.4,-7.35,-12.19,1.89,2.61,38.325095382563376,36.97168904611778
2013-12-12,-10.95,-8.52,-12.8,0.01,6.42,38.325095382563376,36.97168904611778
2013-12-13,-9.93,-7.04,-13.74,0.1,4.47,38.325095382563376,36.97168904611778
2013-12-14,-8.95,-1.46,-13.69,0.01,7.89,38.325095382563376,36.97168904611778
2013-12-15,-9.05,-2.02,-13.67,0.0,7.17,38.325095382563376,36.97168904611778
2013-12-16,-6.26,1.48,-10.86,0.0,9.89,38.325095382563376,36.97168904611778
2013-12-17,-6.26,1.35,-10.15,0.0,9.52,38.325095382563376,36.97168904611778
2013-12-18,-6.26,0.64,-11.93,0.0,10.26,38.325095382563376,36.97168904611778
2013-12-19,-4.1,2.58,-8.86,0.0,10.35,38.325095382563376,36.97168904611778
2013-12-20,-4.53,3.59,-9.35,0.0,10.28,38.325095382563376,36.97168904611778
2013-12-21,-5.02,4.82,-10.86,0.0,10.23,38.325095382563376,36.97168904611778
2013-12-22,-4.41,4.56,-9.26,0.0,10.67,38.325095382563376,36.97168904611778
2013-12-23,-1.16,6.54,-7.86,0.0,10.5,38.325095382563376,36.97168904611778
2013-12-24,0.45,7.32,-3.64,0.0,10.44,38.325095382563376,36.97168904611778
2013-12-25,-2.23,3.34,-5.09,0.0,7.11,38.325095382563376,36.97168904611778
2013-12-26,-3.33,1.02,-5.59,0.01,7.13,38.325095382563376,36.97168904611778
2013-12-27,-2.37,5.08,-7.14,0.0,9.53,38.325095382563376,36.97168904611778
2013-12-28,-1.11,5.72,-4.99,0.02,8.27,38.325095382563376,36.97168904611778
2013-12-29,-1.93,0.18,-4.08,4.42,3.19,38.325095382563376,36.97168904611778
2013-12-30,-2.7,0.49,-4.5,4.75,2.95,38.325095382563376,36.97168904611778
2013-12-31,-2.44,3.36,-5.41,0.07,9.44,38.325095382563376,36.97168904611778
2014-01-01,-2.56,3.67,-7.92,0.0,6.88,38.325095382563376,36.97168904611778
2014-01-02,-3.3,2.3,-6.69,0.0,6.85,38.325095382563376,36.97168904611778
2014-01-03,-3.31,2.04,-6.88,0.0,6.62,38.325095382563376,36.97168904611778
2014-01-04,-2.45,2.38,-5.41,0.0,6.23,38.325095382563376,36.97168904611778
2014-01-05,-3.15,3.6,-7.58,0.0,9.76,38.325095382563376,36.97168904611778
2014-01-06,-2.94,5.03,-7.44,0.0,9.57,38.325095382563376,36.97168904611778
2014-01-07,-2.1,6.49,-7.25,0.0,10.45,38.325095382563376,36.97168904611778
2014-01-08,-1.71,6.25,-7.48,0.0,10.42,38.325095382563376,36.97168904611778
2014-01-09,-2.01,4.04,-5.77,0.0,8.51,38.325095382563376,36.97168904611778
2014-01-10,-1.59,4.58,-6.41,0.0,9.61,38.325095382563376,36.97168904611778
2014-01-11,-2.47,5.52,-8.1,0.0,9.26,38.325095382563376,36.97168904611778
2014-01-12,-1.59,5.58,-6.95,0.01,9.49,38.325095382563376,36.97168904611778
2014-01-13,-1.25,4.3,-3.79,0.05,7.11,38.325095382563376,36.97168904611778
2014-01-14,-0.9,4.78,-6.27,0.0,7.75,38.325095382563376,36.97168904611778
2014-01-15,0.6,5.24,-2.12,0.02,10.8,38.325095382563376,36.97168904611778
2014-01-16,-0.36,4.46,-3.12,0.0,9.21,38.325095382563376,36.97168904611778
2014-01-17,-0.06,3.83,-2.45,0.0,8.79,38.325095382563376,36.97168904611778
2014-01-18,0.59,7.09,-2.71,0.0,10.88,38.325095382563376,36.97168904611778
2014-01-19,1.74,6.65,-1.16,0.0,8.79,38.325095382563376,36.97168904611778
2014-01-20,2.31,9.68,-1.09,0.0,10.94,38.325095382563376,36.97168904611778
2014-01-21,1.43,7.06,-1.6,0.0,9.58,38.325095382563376,36.97168904611778
2014-01-22,1.39,6.41,-1.77,0.4,9.03,38.325095382563376,36.97168904611778
2014-01-23,-0.28,4.44,-3.9,4.25,7.78,38.325095382563376,36.97168904611778
2014-01-24,-0.54,5.13,-4.06,0.39,9.29,38.325095382563376,36.97168904611778
2014-01-25,-0.08,3.06,-1.77,2.42,6.6,38.325095382563376,36.97168904611778
2014-01-26,-0.09,2.68,-1.67,10.77,4.66,38.325095382563376,36.97168904611778
2014-01-27,-0.96,0.86,-1.97,7.68,3.15,38.325095382563376,36.97168904611778
2014-01-28,-0.08,3.42,-2.09,1.61,7.87,38.325095382563376,36.97168904611778
2014-01-29,1.03,2.89,-0.58,5.04,7.55,38.325095382563376,36.97168904611778
2014-01-30,-1.88,1.57,-7.58,3.65,7.33,38.325095382563376,36.97168904611778
2014-01-31,-4.53,2.23,-7.74,0.0,10.22,38.325095382563376,36.97168904611778
2014-02-01,-5.32,0.53,-9.23,0.0,11.01,38.325095382563376,36.97168904611778
2014-02-02,-6.63,-0.01,-11.03,0.0,13.66,38.325095382563376,36.97168904611778
2014-02-03,-8.69,-1.87,-14.31,0.0,13.64,38.325095382563376,36.97168904611778
2014-02-04,-9.19,-1.82,-15.52,0.0,13.89,38.325095382563376,36.97168904611778
2014-02-05,-5.23,3.63,-13.48,0.0,14.09,38.325095382563376,36.97168904611778
2014-02-06,-1.24,4.67,-5.8,0.0,14.15,38.325095382563376,36.97168904611778
2014-02-07,-0.8,5.26,-5.3,0.0,14.07,38.325095382563376,36.97168904611778
2014-02-08,-0.85,5.15,-6.77,0.0,14.57,38.325095382563376,36.97168904611778
2014-02-09,0.3,6.79,-4.69,0.0,14.06,38.325095382563376,36.97168904611778
2014-02-10,0.47,5.28,-2.06,0.3,8.73,38.325095382563376,36.97168904611778
2014-02-11,0.34,6.24,-2.91,0.75,12.08,38.325095382563376,36.97168904611778
2014-02-12,2.31,9.63,-2.76,0.0,14.8,38.325095382563376,36.97168904611778
2014-02-13,1.97,9.54,-1.93,0.0,14.42,38.325095382563376,36.97168904611778
2014-02-14,1.19,8.04,-3.13,0.0,11.58,38.325095382563376,36.97168904611778
2014-02-15,-0.7,4.28,-3.43,4.03,9.7,38.325095382563376,36.97168904611778
2014-02-16,-1.12,3.56,-4.24,0.68,9.57,38.325095382563376,36.97168904611778
2014-02-17,-0.19,7.49,-4.44,0.0,13.78,38.325095382563376,36.97168904611778
2014-02-18,2.42,11.15,-3.16,0.0,15.65,38.325095382563376,36.97168904611778
2014-02-19,3.31,11.11,-2.0,0.0,15.76,38.325095382563376,36.97168904611778
2014-02-20,5.52,13.19,0.75,0.0,16.52,38.325095382563376,36.97168904611778
2014-02-21,5.93,13.77,0.88,0.0,15.54,38.325095382563376,36.97168904611778
2014-02-22,3.55,9.78,0.06,0.0,13.1,38.325095382563376,36.97168904611778
2014-02-23,3.86,10.14,-0.11,0.0,14.64,38.325095382563376,36.97168904611778
2014-02-24,3.25,10.04,-0.91,0.0,12.6,38.325095382563376,36.97168904611778
2014-02-25,0.76,3.71,-0.61,5.23,7.03,38.325095382563376,36.97168904611778
2014-02-26,0.77,5.65,-3.12,1.57,10.02,38.325095382563376,36.97168904611778
2014-02-27,-0.8,3.89,-4.03,1.84,8.91,38.325095382563376,36.97168904611778
2014-02-28,-0.22,6.14,-4.6,0.01,12.12,38.325095382563376,36.97168904611778
2014-03-01,1.8,8.48,-2.51,0.0,13.47,38.325095382563376,36.97168904611778
2014-03-02,1.82,6.98,-1.32,0.09,8.48,38.325095382563376,36.97168904611778
2014-03-03,2.56,7.7,-1.39,1.69,9.84,38.325095382563376,36.97168904611778
2014-03-04,2.67,7.57,0.25,3.93,6.68,38.325095382563376,36.97168904611778
2014-03-05,3.63,10.56,-0.64,0.17,12.11,38.325095382563376,36.97168904611778
2014-03-06,3.78,9.66,-0.5,1.56,13.08,38.325095382563376,36.97168904611778
2014-03-07,4.34,10.3,-0.17,1.3,15.44,38.325095382563376,36.97168904611778
2014-03-08,6.44,13.45,-0.11,0.34,11.71,38.325095382563376,36.97168904611778
2014-03-09,6.9,12.37,2.21,12.98,6.51,38.325095382563376,36.97168904611778
2014-03-10,3.97,6.31,0.64,19.92,4.82,38.325095382563376,36.97168904611778
2014-03-11,2.3,6.33,-0.29,5.06,11.45,38.325095382563376,36.97168904611778
2014-03-12,0.22,5.19,-5.59,0.63,9.87,38.325095382563376,36.97168904611778
2014-03-13,-3.09,0.47,-5.63,0.02,11.62,38.325095382563376,36.97168904611778
2014-03-14,-1.16,4.82,-5.46,0.0,12.92,38.325095382563376,36.97168904611778
2014-03-15,0.88,8.35,-5.34,0.0,20.73,38.325095382563376,36.97168904611778
2014-03-16,1.89,8.12,-3.41,1.09,17.82,38.325095382563376,36.97168904611778
2014-03-17,3.11,8.85,-1.91,1.17,12.14,38.325095382563376,36.97168904611778
2014-03-18,3.15,10.68,-2.15,1.06,19.64,38.325095382563376,36.97168904611778
2014-03-19,3.43,11.24,-2.91,0.0,21.43,38.325095382563376,36.97168904611778
2014-03-20,5.6,13.5,-0.08,0.11,18.71,38.325095382563376,36.97168904611778
2014-03-21,1.84,10.14,-4.4,0.21,21.2,38.325095382563376,36.97168904611778
2014-03-22,5.49,15.45,-5.02,0.0,23.72,38.325095382563376,36.97168904611778
2014-03-23,6.87,14.51,1.52,0.0,23.12,38.325095382563376,36.97168904611778
2014-03-24,7.37,14.65,2.31,0.0,22.39,38.325095382563376,36.97168904611778
2014-03-25,7.33,14.11,1.89,0.0,20.75,38.325095382563376,36.97168904611778
2014-03-26,5.63,11.04,1.51,0.28,12.58,38.325095382563376,36.97168904611778
2014-03-27,6.22,13.5,0.38,0.0,21.17,38.325095382563376,36.97168904611778
2014-03-28,5.76,12.87,-0.53,1.34,14.47,38.325095382563376,36.97168904611778
2014-03-29,2.76,8.6,-6.11,2.52,10.76,38.325095382563376,36.97168904611778
2014-03-30,-6.68,-1.85,-10.62,0.18,16.19,38.325095382563376,36.97168904611778
2014-03-31,-1.37,6.62,-8.83,0.0,24.31,38.325095382563376,36.97168904611778
2014-04-01,3.52,10.62,-2.23,0.0,24.08,38.325095382563376,36.97168904611778
2014-04-02,3.67,10.42,-2.32,0.0,19.74,38.325095382563376,36.97168904611778
2014-04-03,3.03,8.94,-2.07,0.0,15.51,38.325095382563376,36.97168904611778
2014-04-04,3.96,12.0,-2.8,0.01,20.29,38.325095382563376,36.97168904611778
2014-04-05,7.29,15.21,-0.75,0.0,21.16,38.325095382563376,36.97168904611778
2014-04-06,9.32,16.98,3.87,0.0,20.56,38.325095382563376,36.97168904611778
2014-04-07,8.72,14.49,3.13,0.0,13.59,38.325095382563376,36.97168904611778
2014-04-08,4.98,11.18,0.42,4.2,14.95,38.325095382563376,36.97168904611778
2014-04-09,5.35,10.52,0.75,0.41,13.48,38.325095382563376,36.97168904611778
2014-04-10,5.2,9.62,1.78,0.75,16.52,38.325095382563376,36.97168904611778
2014-04-11,6.48,14.01,2.03,0.01,22.86,38.325095382563376,36.97168904611778
2014-04-12,7.88,14.38,1.81,0.01,22.34,38.325095382563376,36.97168904611778
2014-04-13,7.89,15.55,1.39,0.36,22.35,38.325095382563376,36.97168904611778
2014-04-14,6.63,13.96,-0.74,0.37,22.98,38.325095382563376,36.97168904611778
2014-04-15,6.6,12.45,1.46,1.51,15.68,38.325095382563376,36.97168904611778
2014-04-16,7.44,13.09,3.28,6.44,12.02,38.325095382563376,36.97168904611778
2014-04-17,9.16,16.37,3.1,0.87,17.61,38.325095382563376,36.97168904611778
2014-04-18,10.21,16.44,4.17,0.49,19.83,38.325095382563376,36.97168904611778
2014-04-19,8.66,15.44,2.96,0.13,10.54,38.325095382563376,36.97168904611778
2014-04-20,9.9,17.71,3.95,0.15,26.0,38.325095382563376,36.97168904611778
2014-04-21,8.04,15.1,1.35,0.51,20.66,38.325095382563376,36.97168904611778
2014-04-22,8.25,16.99,0.49,0.0,25.61,38.325095382563376,36.97168904611778
2014-04-23,10.17,18.25,2.47,0.0,22.3,38.325095382563376,36.97168904611778
2014-04-24,12.91,20.24,4.71,0.01,25.44,38.325095382563376,36.97168904611778
2014-04-25,12.87,20.4,6.56,0.63,18.29,38.325095382563376,36.97168904611778
2014-04-26,12.13,20.04,5.94,0.0,25.28,38.325095382563376,36.97168904611778
2014-04-27,12.85,21.68,5.58,0.0,27.52,38.325095382563376,36.97168904611778
2014-04-28,9.84,15.87,4.81,0.01,22.57,38.325095382563376,36.97168904611778
2014-04-29,8.44,13.29,4.95,0.22,14.12,38.325095382563376,36.97168904611778
2014-04-30,8.92,16.45,3.41,0.19,24.11,38.325095382563376,36.97168904611778
2014-05-01,8.22,14.14,3.14,0.03,17.78,38.325095382563376,36.97168904611778
2014-05-02,9.55,16.27,4.17,0.87,21.68,38.325095382563376,36.97168904611778
2014-05-03,9.96,16.34,2.54,0.24,20.72,38.325095382563376,36.97168904611778
2014-05-04,13.2,20.52,5.65,0.0,22.34,38.325095382563376,36.97168904611778
2014-05-05,14.4,22.03,7.06,0.19,18.19,38.325095382563376,36.97168904611778
2014-05-06,11.08,16.12,6.15,1.15,10.25,38.325095382563376,36.97168904611778
2014-05-07,12.74,20.92,5.14,0.53,23.04,38.325095382563376,36.97168904611778
2014-05-08,12.66,16.66,8.06,0.85,9.73,38.325095382563376,36.97168904611778
2014-05-09,10.28,15.37,5.83,0.88,16.65,38.325095382563376,36.97168904611778
2014-05-10,10.64,18.22,4.85,0.0,25.55,38.325095382563376,36.97168904611778
2014-05-11,9.73,16.31,3.88,0.1,24.9,38.325095382563376,36.97168904611778
2014-05-12,9.96,17.32,3.81,0.06,22.8,38.325095382563376,36.97168904611778
2014-05-13,10.4,16.41,3.65,0.76,20.99,38.325095382563376,36.97168904611778
2014-05-14,12.19,20.42,3.16,0.0,27.14,38.325095382563376,36.97168904611778
2014-05-15,15.47,24.06,6.6,0.0,26.46,38.325095382563376,36.97168904611778
2014-05-16,16.63,24.63,9.98,0.0,29.34,38.325095382563376,36.97168904611778
2014-05-17,15.53,24.17,6.75,0.0,31.53,38.325095382563376,36.97168904611778
2014-05-18,12.18,20.78,5.09,1.26,25.34,38.325095382563376,36.97168904611778
2014-05-19,8.28,13.96,3.49,0.0,21.33,38.325095382563376,36.97168904611778
2014-05-20,9.66,17.65,1.86,0.0,24.89,38.325095382563376,36.97168904611778
2014-05-21,10.15,17.4,3.12,0.55,21.05,38.325095382563376,36.97168904611778
2014-05-22,10.67,16.03,5.71,1.22,17.73,38.325095382563376,36.97168904611778
2014-05-23,12.26,17.23,6.39,1.13,19.57,38.325095382563376,36.97168904611778
2014-05-24,10.54,14.76,5.64,5.93,18.78,38.325095382563376,36.97168904611778
2014-05-25,11.6,16.69,6.49,2.55,21.3,38.325095382563376,36.97168904611778
2014-05-26,12.18,19.29,5.98,2.22,18.28,38.325095382563376,36.97168904611778
2014-05-27,12.78,18.49,6.43,0.15,23.86,38.325095382563376,36.97168904611778
2014-05-28,14.0,19.99,6.6,0.76,23.3,38.325095382563376,36.97168904611778
2014-05-29,16.14,23.85,7.71,0.0,28.13,38.325095382563376,36.97168904611778
2014-05-30,17.22,25.3,10.12,0.18,26.44,38.325095382563376,36.97168904611778
2014-05-31,16.8,26.84,8.0,0.0,30.98,38.325095382563376,36.97168904611778
2014-06-01,13.84,21.98,8.02,0.98,25.85,38.325095382563376,36.97168904611778
2014-06-02,10.21,14.02,6.07,2.53,20.92,38.325095382563376,36.97168904611778
2014-06-03,10.36,15.4,4.54,2.47,20.15,38.325095382563376,36.97168904611778
2014-06-04,13.54,20.41,5.67,0.0,21.56,38.325095382563376,36.97168904611778
2014-06-05,13.35,19.37,8.29,1.73,19.46,38.325095382563376,36.97168904611778
2014-06-06,11.39,16.69,7.12,4.44,15.77,38.325095382563376,36.97168904611778
2014-06-07,12.12,17.56,5.61,4.3,18.11,38.325095382563376,36.97168904611778
2014-06-08,14.04,20.53,6.97,0.0,25.16,38.325095382563376,36.97168904611778
2014-06-09,16.32,22.97,9.32,1.62,27.06,38.325095382563376,36.97168904611778
2014-06-10,17.0,25.81,7.71,0.2,28.49,38.325095382563376,36.97168904611778
2014-06-11,15.81,24.0,7.96,0.01,30.98,38.325095382563376,36.97168904611778
2014-06-12,12.94,19.8,7.09,0.13,24.24,38.325095382563376,36.97168904611778
2014-06-13,12.74,21.76,4.77,0.0,30.51,38.325095382563376,36.97168904611778
2014-06-14,15.55,24.89,5.24,0.0,32.76,38.325095382563376,36.97168904611778
2014-06-15,17.97,26.46,8.87,0.0,28.54,38.325095382563376,36.97168904611778
2014-06-16,18.26,26.97,9.48,0.69,25.67,38.325095382563376,36.97168904611778
2014-06-17,17.37,25.79,8.98,0.05,30.0,38.325095382563376,36.97168904611778
2014-06-18,18.23,27.2,8.92,0.0,30.03,38.325095382563376,36.97168904611778
2014-06-19,18.76,26.99,10.36,0.02,28.63,38.325095382563376,36.97168904611778
2014-06-20,18.76,27.34,10.21,0.0,31.09,38.325095382563376,36.97168904611778
2014-06-21,15.98,23.91,8.2,0.09,24.53,38.325095382563376,36.97168904611778
2014-06-22,16.01,24.29,7.49,0.0,26.71,38.325095382563376,36.97168904611778
2014-06-23,15.4,23.94,7.38,0.0,31.62,38.325095382563376,36.97168904611778
2014-06-24,15.42,25.35,5.9,0.0,33.17,38.325095382563376,36.97168904611778
2014-06-25,16.27,26.48,6.3,0.0,32.79,38.325095382563376,36.97168904611778
2014-06-26,18.09,27.25,7.6,0.0,31.93,38.325095382563376,36.97168904611778
2014-06-27,19.96,28.25,11.18,0.0,29.77,38.325095382563376,36.97168904611778
2014-06-28,21.91,30.79,14.72,0.14,24.35,38.325095382563376,36.97168904611778
2014-06-29,19.84,27.77,11.9,0.0,29.51,38.325095382563376,36.97168904611778
2014-06-30,20.33,29.99,9.48,0.0,32.36,38.325095382563376,36.97168904611778
2014-07-01,22.18,31.59,11.78,0.0,32.06,38.325095382563376,36.97168904611778
2014-07-02,21.09,30.34,12.28,0.0,31.47,38.325095382563376,36.97168904611778
2014-07-03,19.75,30.27,9.41,0.0,32.94,38.325095382563376,36.97168904611778
2014-07-04,20.72,31.68,9.16,0.0,31.77,38.325095382563376,36.97168904611778
2014-07-05,19.05,30.44,11.33,0.01,24.16,38.325095382563376,36.97168904611778
2014-07-06,17.71,25.08,10.3,0.0,23.47,38.325095382563376,36.97168904611778
2014-07-07,18.23,27.36,9.76,0.0,31.93,38.325095382563376,36.97168904611778
2014-07-08,18.0,27.01,8.82,0.0,31.53,38.325095382563376,36.97168904611778
2014-07-09,19.36,28.58,9.32,0.0,30.11,38.325095382563376,36.97168904611778
2014-07-10,22.06,30.45,13.05,0.0,30.34,38.325095382563376,36.97168904611778
2014-07-11,24.2,32.7,16.69,0.0,28.49,38.325095382563376,36.97168904611778
2014-07-12,25.05,34.16,16.8,0.0,27.02,38.325095382563376,36.97168904611778
2014-07-13,22.29,31.07,13.64,0.0,29.78,38.325095382563376,36.97168904611778
2014-07-14,20.75,29.96,11.14,0.0,29.1,38.325095382563376,36.97168904611778
2014-07-15,22.77,31.93,12.3,0.0,30.3,38.325095382563376,36.97168904611778
2014-07-16,23.47,33.38,14.09,0.0,30.63,38.325095382563376,36.97168904611778
2014-07-17,23.5,33.22,13.06,0.0,30.08,38.325095382563376,36.97168904611778
2014-07-18,23.05,31.9,14.15,0.0,30.5,38.325095382563376,36.97168904611778
2014-07-19,23.66,32.49,14.03,0.0,27.36,38.325095382563376,36.97168904611778
2014-07-20,20.07,27.38,13.36,0.0,22.71,38.325095382563376,36.97168904611778
2014-07-21,18.29,25.58,11.07,0.01,22.74,38.325095382563376,36.97168904611778
2014-07-22,20.13,28.3,11.57,0.0,26.86,38.325095382563376,36.97168904611778
2014-07-23,23.1,31.96,12.72,0.0,30.23,38.325095382563376,36.97168904611778
2014-07-24,24.74,33.93,14.97,0.0,27.99,38.325095382563376,36.97168904611778
2014-07-25,24.75,33.76,15.52,0.0,28.82,38.325095382563376,36.97168904611778
2014-07-26,23.49,33.28,14.23,0.03,27.06,38.325095382563376,36.97168904611778
2014-07-27,22.26,30.27,14.83,0.03,22.26,38.325095382563376,36.97168904611778
2014-07-28,21.31,29.48,13.18,0.0,27.44,38.325095382563376,36.97168904611778
2014-07-29,21.85,30.67,12.75,0.0,29.98,38.325095382563376,36.97168904611778
2014-07-30,23.02,31.32,14.79,0.0,25.96,38.325095382563376,36.97168904611778
2014-07-31,22.84,31.35,14.15,0.0,28.06,38.325095382563376,36.97168904611778
2014-08-01,23.94,32.67,15.67,0.0,29.71,38.325095382563376,36.97168904611778
2014-08-02,24.95,34.5,15.98,0.0,28.37,38.325095382563376,36.97168904611778
2014-08-03,24.97,34.03,15.05,0.0,27.05,38.325095382563376,36.97168904611778
2014-08-04,22.55,29.81,15.55,0.17,25.2,38.325095382563376,36.97168904611778
2014-08-05,18.14,24.17,12.4,5.6,18.82,38.325095382563376,36.97168904611778
2014-08-06,17.91,25.71,10.71,0.0,26.54,38.325095382563376,36.97168904611778
2014-08-07,20.51,28.76,11.06,0.0,28.04,38.325095382563376,36.97168904611778
2014-08-08,22.4,30.84,14.37,0.0,26.56,38.325095382563376,36.97168904611778
2014-08-09,20.9,28.82,12.83,0.0,26.08,38.325095382563376,36.97168904611778
2014-08-10,19.25,27.36,11.44,0.0,26.45,38.325095382563376,36.97168904611778
2014-08-11,20.45,29.52,11.41,0.0,27.67,38.325095382563376,36.97168904611778
2014-08-12,21.18,30.16,12.41,0.0,26.9,38.325095382563376,36.97168904611778
2014-08-13,21.67,31.26,11.81,0.04,27.41,38.325095382563376,36.97168904611778
2014-08-14,24.47,33.76,13.94,0.14,24.51,38.325095382563376,36.97168904611778
2014-08-15,25.74,33.93,19.27,0.0,27.01,38.325095382563376,36.97168904611778
2014-08-16,24.2,32.68,16.3,0.0,27.46,38.325095382563376,36.97168904611778
2014-08-17,25.07,34.43,13.93,0.0,27.34,38.325095382563376,36.97168904611778
2014-08-18,24.47,31.8,18.36,0.05,22.3,38.325095382563376,36.97168904611778
2014-08-19,22.91,29.4,15.73,0.27,18.74,38.325095382563376,36.97168904611778
2014-08-20,22.75,30.78,14.82,0.2,22.14,38.325095382563376,36.97168904611778
2014-08-21,21.94,29.13,14.86,0.89,26.36,38.325095382563376,36.97168904611778
2014-08-22,21.7,30.91,12.88,0.0,27.58,38.325095382563376,36.97168904611778
2014-08-23,21.55,31.42,12.17,0.0,26.97,38.325095382563376,36.97168904611778
2014-08-24,22.89,32.78,13.26,0.0,25.48,38.325095382563376,36.97168904611778
2014-08-25,23.43,32.67,14.27,0.0,26.45,38.325095382563376,36.97168904611778
2014-08-26,24.22,31.7,17.18,0.0,19.89,38.325095382563376,36.97168904611778
2014-08-27,25.04,33.36,16.44,0.0,22.41,38.325095382563376,36.97168904611778
2014-08-28,24.57,32.16,17.74,0.0,22.86,38.325095382563376,36.97168904611778
2014-08-29,21.92,31.15,14.91,0.0,24.19,38.325095382563376,36.97168904611778
2014-08-30,19.91,29.02,12.85,0.0,25.18,38.325095382563376,36.97168904611778
2014-08-31,19.25,29.33,9.79,0.0,26.12,38.325095382563376,36.97168904611778
2014-09-01,21.47,30.97,12.68,0.0,23.84,38.325095382563376,36.97168904611778
2014-09-02,22.66,30.14,15.97,0.0,19.67,38.325095382563376,36.97168904611778
2014-09-03,21.96,29.88,14.9,0.0,20.87,38.325095382563376,36.97168904611778
2014-09-04,22.52,30.74,14.64,0.0,21.61,38.325095382563376,36.97168904611778
2014-09-05,22.54,31.41,15.1,0.0,22.98,38.325095382563376,36.97168904611778
2014-09-06,20.87,29.53,13.52,0.0,23.79,38.325095382563376,36.97168904611778
2014-09-07,19.62,27.85,11.39,0.01,18.42,38.325095382563376,36.97168904611778
2014-09-08,20.16,27.36,13.48,0.4,20.94,38.325095382563376,36.97168904611778
2014-09-09,18.88,24.94,13.01,0.19,15.79,38.325095382563376,36.97168904611778
2014-09-10,18.22,25.28,11.72,2.98,18.06,38.325095382563376,36.97168904611778
2014-09-11,17.75,24.84,11.88,0.39,18.16,38.325095382563376,36.97168904611778
2014-09-12,17.79,26.34,10.64,0.0,22.35,38.325095382563376,36.97168904611778
2014-09-13,16.95,25.36,9.96,0.0,23.89,38.325095382563376,36.97168904611778
2014-09-14,16.71,25.0,8.94,0.0,22.26,38.325095382563376,36.97168904611778
2014-09-15,16.86,24.19,10.94,0.06,17.58,38.325095382563376,36.97168904611778
2014-09-16,16.64,24.07,9.64,0.02,18.48,38.325095382563376,36.97168904611778
2014-09-17,16.16,23.31,9.45,1.08,16.84,38.325095382563376,36.97168904611778
2014-09-18,14.47,20.25,10.08,3.29,15.7,38.325095382563376,36.97168904611778
2014-09-19,13.89,20.18,8.28,4.76,16.27,38.325095382563376,36.97168904611778
2014-09-20,11.69,17.7,6.56,1.52,11.63,38.325095382563376,36.97168904611778
2014-09-21,11.78,19.94,5.48,0.0,19.95,38.325095382563376,36.97168904611778
2014-09-22,12.62,20.43,6.32,0.0,21.48,38.325095382563376,36.97168904611778
2014-09-23,15.24,23.38,7.83,1.32,19.71,38.325095382563376,36.97168904611778
2014-09-24,12.74,17.43,5.71,7.32,15.89,38.325095382563376,36.97168904611778
2014-09-25,9.59,18.54,2.86,0.29,21.76,38.325095382563376,36.97168904611778
2014-09-26,10.94,19.77,1.77,0.0,21.65,38.325095382563376,36.97168904611778
2014-09-27,11.89,16.72,6.62,17.99,11.52,38.325095382563376,36.97168904611778
2014-09-28,10.49,13.23,6.6,16.97,11.12,38.325095382563376,36.97168904611778
2014-09-29,7.43,13.64,1.82,2.65,6.56,38.325095382563376,36.97168904611778
2014-09-30,5.79,13.5,-0.12,0.0,18.04,38.325095382563376,36.97168904611778
2014-10-01,8.33,17.66,0.21,0.0,20.99,38.325095382563376,36.97168904611778
2014-10-02,9.36,18.89,0.9,0.0,20.11,38.325095382563376,36.97168904611778
2014-10-03,11.09,20.45,2.07,0.0,19.5,38.325095382563376,36.97168904611778
2014-10-04,12.39,20.66,6.41,0.0,19.25,38.325095382563376,36.97168904611778
2014-10-05,11.91,19.46,4.97,0.0,18.04,38.325095382563376,36.97168904611778
2014-10-06,12.88,20.46,7.67,0.0,16.24,38.325095382563376,36.97168904611778
2014-10-07,11.73,19.79,5.55,0.0,16.63,38.325095382563376,36.97168904611778
2014-10-08,11.06,19.84,4.38,0.0,17.63,38.325095382563376,36.97168904611778
2014-10-09,12.81,20.69,5.23,0.02,17.68,38.325095382563376,36.97168904611778
2014-10-10,13.09,20.32,6.4,0.18,16.09,38.325095382563376,36.97168904611778
2014-10-11,12.12,16.43,8.98,2.17,13.05,38.325095382563376,36.97168904611778
2014-10-12,11.89,16.28,8.79,5.01,9.44,38.325095382563376,36.97168904611778
2014-10-13,11.16,17.82,5.86,0.79,12.76,38.325095382563376,36.97168904611778
2014-10-14,10.07,13.55,7.01,10.14,5.84,38.325095382563376,36.97168904611778
2014-10-15,9.82,13.04,7.66,4.37,10.42,38.325095382563376,36.97168904611778
2014-10-16,8.29,12.07,3.65,3.36,11.02,38.325095382563376,36.97168904611778
2014-10-17,8.25,14.01,3.56,3.03,6.4,38.325095382563376,36.97168904611778
2014-10-18,8.64,14.18,3.46,3.78,6.57,38.325095382563376,36.97168904611778
2014-10-19,3.24,8.78,-2.95,0.44,9.22,38.325095382563376,36.97168904611778
2014-10-20,1.26,9.46,-3.09,0.0,17.37,38.325095382563376,36.97168904611778
2014-10-21,5.85,15.54,-3.46,0.0,17.31,38.325095382563376,36.97168904611778
2014-10-22,6.96,14.59,0.56,0.0,16.79,38.325095382563376,36.97168904611778
2014-10-23,7.28,13.75,3.47,0.08,9.28,38.325095382563376,36.97168904611778
2014-10-24,7.99,14.24,2.8,0.0,8.8,38.325095382563376,36.97168904611778
2014-10-25,9.2,14.48,5.63,0.03,12.35,38.325095382563376,36.97168904611778
2014-10-26,8.33,13.61,4.96,0.32,11.47,38.325095382563376,36.97168904611778
2014-10-27,7.62,12.29,4.24,1.19,9.31,38.325095382563376,36.97168904611778
2014-10-28,8.57,12.91,5.13,0.17,11.75,38.325095382563376,36.97168904611778
2014-10-29,9.15,15.54,4.56,0.07,11.66,38.325095382563376,36.97168904611778
2014-10-30,6.92,9.8,5.38,12.87,8.61,38.325095382563376,36.97168904611778
2014-10-31,5.96,10.24,2.22,7.9,6.43,38.325095382563376,36.97168904611778
2014-11-01,3.21,7.55,-1.46,0.73,6.74,38.325095382563376,36.97168904611778
2014-11-02,0.93,7.83,-3.76,0.8,6.99,38.325095382563376,36.97168904611778
2014-11-03,-2.71,4.26,-6.53,0.12,13.67,38.325095382563376,36.97168904611778
2014-11-04,-1.97,5.98,-6.59,0.0,14.48,38.325095382563376,36.97168904611778
2014-11-05,1.63,9.73,-5.67,0.0,15.04,38.325095382563376,36.97168904611778
2014-11-06,4.0,11.69,-0.39,0.0,14.88,38.325095382563376,36.97168904611778
2014-11-07,5.29,13.05,0.53,0.0,14.63,38.325095382563376,36.97168904611778
2014-11-08,4.49,11.99,-0.03,0.0,12.76,38.325095382563376,36.97168904611778
2014-11-09,3.4,11.2,-1.37,0.0,13.32,38.325095382563376,36.97168904611778
2014-11-10,5.74,13.42,0.52,0.0,13.11,38.325095382563376,36.97168904611778
2014-11-11,5.33,13.25,0.29,0.0,13.12,38.325095382563376,36.97168904611778
2014-11-12,5.06,12.55,-0.61,0.0,13.24,38.325095382563376,36.97168904611778
2014-11-13,4.93,11.29,0.9,0.0,11.03,38.325095382563376,36.97168904611778
2014-11-14,4.66,11.2,-0.03,0.01,9.95,38.325095382563376,36.97168904611778
2014-11-15,4.39,10.05,1.25,0.2,6.1,38.325095382563376,36.97168904611778
2014-11-16,5.05,9.08,2.63,2.19,3.03,38.325095382563376,36.97168904611778
2014-11-17,4.55,8.93,1.21,1.69,6.79,38.325095382563376,36.97168904611778
2014-11-18,4.6,11.9,-0.67,0.0,11.28,38.325095382563376,36.97168904611778
2014-11-19,5.02,11.88,0.97,0.0,10.64,38.325095382563376,36.97168904611778
2014-11-20,3.9,9.42,0.11,0.04,10.0,38.325095382563376,36.97168904611778
2014-11-21,2.75,5.02,-0.12,23.07,1.54,38.325095382563376,36.97168904611778
2014-11-22,-1.39,2.25,-5.21,5.98,3.4,38.325095382563376,36.97168904611778
2014-11-23,-4.77,0.58,-8.79,0.01,7.32,38.325095382563376,36.97168904611778
2014-11-24,-4.75,1.51,-8.25,0.0,8.38,38.325095382563376,36.97168904611778
2014-11-25,-2.49,2.41,-6.8,1.09,7.3,38.325095382563376,36.97168904611778
2014-11-26,-1.76,1.04,-4.51,12.4,3.56,38.325095382563376,36.97168904611778
2014-11-27,-3.9,1.08,-8.13,2.17,5.15,38.325095382563376,36.97168904611778
2014-11-28,-4.73,2.41,-8.18,0.0,7.27,38.325095382563376,36.97168904611778
2014-11-29,-3.44,3.51,-8.3,0.0,8.67,38.325095382563376,36.97168904611778
2014-11-30,-0.51,4.09,-4.13,2.41,6.89,38.325095382563376,36.97168904611778
2014-12-01,0.71,4.09,-1.66,1.83,4.2,38.325095382563376,36.97168904611778
2014-12-02,0.75,4.4,-1.56,1.89,2.37,38.325095382563376,36.97168904611778
2014-12-03,2.48,7.07,0.86,0.33,4.19,38.325095382563376,36.97168904611778
2014-12-04,1.99,6.3,-0.6,0.18,5.47,38.325095382563376,36.97168904611778
2014-12-05,3.5,8.14,1.3,0.17,6.95,38.325095382563376,36.97168904611778
2014-12-06,3.05,7.63,0.51,0.0,6.67,38.325095382563376,36.97168904611778
2014-12-07,4.13,6.88,1.69,0.01,8.05,38.325095382563376,36.97168904611778
2014-12-08,4.34,5.35,3.52,1.14,5.16,38.325095382563376,36.97168904611778
2014-12-09,2.74,4.23,0.7,8.95,2.7,38.325095382563376,36.97168904611778
2014-12-10,2.57,5.19,1.16,1.86,5.44,38.325095382563376,36.97168904611778
2014-12-11,2.71,8.11,-0.66,0.01,9.17,38.325095382563376,36.97168904611778
2014-12-12,2.62,4.21,1.04,0.63,3.75,38.325095382563376,36.97168904611778
2014-12-13,2.3,6.17,-1.03,0.38,6.93,38.325095382563376,36.97168904611778
2014-12-14,0.23,4.9,-2.55,0.42,8.49,38.325095382563376,36.97168904611778
2014-12-15,-0.29,6.38,-3.35,0.0,8.88,38.325095382563376,36.97168904611778
2014-12-16,0.69,7.02,-3.81,0.0,10.5,38.325095382563376,36.97168904611778
2014-12-17,1.37,7.28,-1.12,0.0,7.43,38.325095382563376,36.97168904611778
2014-12-18,0.17,5.37,-2.6,0.12,9.78,38.325095382563376,36.97168904611778
2014-12-19,-0.76,1.73,-2.32,3.45,3.72,38.325095382563376,36.97168904611778
2014-12-20,-0.99,3.08,-3.71,0.9,6.24,38.325095382563376,36.97168904611778
2014-12-21,-1.31,4.25,-4.44,0.08,9.46,38.325095382563376,36.97168904611778
2014-12-22,-2.76,-0.22,-6.81,1.05,3.38,38.325095382563376,36.97168904611778
2014-12-23,-5.41,-1.17,-8.27,0.13,6.44,38.325095382563376,36.97168904611778
2014-12-24,-3.15,3.51,-7.66,0.0,9.76,38.325095382563376,36.97168904611778
2014-12-25,-1.97,5.21,-6.1,0.0,10.53,38.325095382563376,36.97168904611778
2014-12-26,-1.93,3.74,-5.77,0.0,9.42,38.325095382563376,36.97168904611778
2014-12-27,-1.03,2.46,-3.31,0.74,6.39,38.325095382563376,36.97168904611778
2014-12-28,-0.45,2.32,-2.25,3.33,4.86,38.325095382563376,36.97168904611778
2014-12-29,1.38,3.58,-0.49,0.58,7.29,38.325095382563376,36.97168904611778
2014-12-30,2.25,3.99,1.4,0.16,6.73,38.325095382563376,36.97168904611778
2014-12-31,1.18,2.35,0.56,0.51,3.56,38.325095382563376,36.97168904611778
2015-01-01,0.78,3.19,-0.5,2.09,4.76,38.325095382563376,36.97168904611778
2015-01-02,-0.64,2.43,-2.64,5.82,4.71,38.325095382563376,36.97168904611778
2015-01-03,-3.22,0.37,-7.3,2.67,5.34,38.325095382563376,36.97168904611778
2015-01-04,-4.03,0.02,-7.22,0.51,8.7,38.325095382563376,36.97168904611778
2015-01-05,-1.32,1.0,-4.24,27.82,3.28,38.325095382563376,36.97168904611778
2015-01-06,-0.32,0.64,-3.62,26.74,2.86,38.325095382563376,36.97168904611778
2015-01-07,-8.22,-3.97,-12.59,8.29,1.4,38.325095382563376,36.97168904611778
2015-01-08,-15.18,-12.78,-18.74,0.15,5.41,38.325095382563376,36.97168904611778
2015-01-09,-17.6,-10.93,-22.72,0.0,11.37,38.325095382563376,36.97168904611778
2015-01-10,-14.56,-8.84,-22.28,0.29,7.77,38.325095382563376,36.97168904611778
2015-01-11,-11.85,-5.36,-15.35,0.11,10.57,38.325095382563376,36.97168904611778
2015-01-12,-8.55,-2.92,-14.53,0.0,4.51,38.325095382563376,36.97168904611778
2015-01-13,-7.9,-2.39,-11.39,0.0,8.61,38.325095382563376,36.97168904611778
2015-01-14,-9.04,-1.37,-14.06,0.05,11.91,38.325095382563376,36.97168904611778
2015-01-15,-6.59,-0.61,-12.37,4.92,7.96,38.325095382563376,36.97168904611778
2015-01-16,-5.69,-0.7,-9.67,0.39,8.65,38.325095382563376,36.97168904611778
2015-01-17,-8.5,-0.89,-13.21,0.02,11.95,38.325095382563376,36.97168904611778
2015-01-18,-8.76,-0.27,-14.37,0.0,12.73,38.325095382563376,36.97168904611778
2015-01-19,-4.72,0.43,-10.7,0.0,9.9,38.325095382563376,36.97168904611778
2015-01-20,-2.99,0.93,-7.53,0.0,12.37,38.325095382563376,36.97168904611778
2015-01-21,-3.08,0.66,-8.13,0.0,10.15,38.325095382563376,36.97168904611778
2015-01-22,-4.3,0.53,-8.4,0.0,12.83,38.325095382563376,36.97168904611778
2015-01-23,-5.51,-0.12,-9.18,0.0,12.8,38.325095382563376,36.97168904611778
2015-01-24,-5.73,0.18,-10.49,0.0,12.35,38.325095382563376,36.97168904611778
2015-01-25,-4.66,0.42,-8.32,0.01,12.32,38.325095382563376,36.97168904611778
2015-01-26,-3.71,1.55,-8.02,0.17,10.56,38.325095382563376,36.97168904611778
2015-01-27,-3.57,2.86,-7.29,0.02,12.91,38.325095382563376,36.97168904611778
2015-01-28,-2.93,1.58,-5.96,1.67,9.26,38.325095382563376,36.97168904611778
2015-01-29,-2.89,1.86,-6.56,0.27,11.73,38.325095382563376,36.97168904611778
2015-01-30,-2.47,0.28,-4.55,0.82,10.33,38.325095382563376,36.97168904611778
2015-01-31,-1.67,0.8,-5.01,2.13,8.29,38.325095382563376,36.97168904611778
2015-02-01,0.8,3.17,-1.93,0.54,11.51,38.325095382563376,36.97168904611778
2015-02-02,-0.6,5.01,-3.47,0.0,13.92,38.325095382563376,36.97168904611778
2015-02-03,0.53,4.93,-3.1,3.33,12.09,38.325095382563376,36.97168904611778
2015-02-04,-1.06,1.39,-4.6,4.46,10.93,38.325095382563376,36.97168904611778
2015-02-05,-0.4,4.96,-4.68,0.0,12.71,38.325095382563376,36.97168904611778
2015-02-06,0.63,7.06,-2.6,0.0,13.74,38.325095382563376,36.97168904611778
2015-02-07,1.21,7.25,-2.51,0.02,13.94,38.325095382563376,36.97168904611778
2015-02-08,0.08,3.37,-3.12,1.74,12.09,38.325095382563376,36.97168904611778
2015-02-09,-0.34,1.13,-2.78,10.51,11.72,38.325095382563376,36.97168904611778
2015-02-10,-1.24,0.81,-3.61,14.48,5.94,38.325095382563376,36.97168904611778
2015-02-11,-2.34,-0.3,-5.42,12.72,5.33,38.325095382563376,36.97168904611778
2015-02-12,-4.81,-0.93,-8.25,4.73,10.4,38.325095382563376,36.97168904611778
2015-02-13,-4.85,-1.22,-7.51,3.88,7.54,38.325095382563376,36.97168904611778
2015-02-14,-5.42,-1.32,-8.34,0.25,13.75,38.325095382563376,36.97168904611778
2015-02-15,-5.08,-1.01,-8.42,0.4,12.21,38.325095382563376,36.97168904611778
2015-02-16,-3.3,0.01,-5.78,7.36,10.7,38.325095382563376,36.97168904611778
2015-02-17,-6.06,-2.38,-11.8,2.26,13.78,38.325095382563376,36.97168904611778
2015-02-18,-5.66,-0.5,-12.72,4.84,11.03,38.325095382563376,36.97168904611778
2015-02-19,-4.13,-1.06,-7.7,3.02,13.37,38.325095382563376,36.97168904611778
2015-02-20,-8.0,-3.82,-11.85,0.77,11.62,38.325095382563376,36.97168904611778
2015-02-21,-9.09,-2.62,-13.33,0.0,16.61,38.325095382563376,36.97168904611778
2015-02-22,-6.45,0.03,-13.03,0.0,18.94,38.325095382563376,36.97168904611778
2015-02-23,-3.98,1.31,-9.81,0.02,16.9,38.325095382563376,36.97168904611778
2015-02-24,-1.63,0.74,-4.71,1.21,14.97,38.325095382563376,36.97168904611778
2015-02-25,-1.84,0.55,-4.1,2.63,13.38,38.325095382563376,36.97168904611778
2015-02-26,-0.25,5.58,-4.68,0.0,18.23,38.325095382563376,36.97168904611778
2015-02-27,-0.1,5.97,-3.55,0.0,18.72,38.325095382563376,36.97168904611778
2015-02-28,1.01,5.83,-2.85,3.59,16.09,38.325095382563376,36.97168904611778
2015-03-01,1.39,4.89,-1.21,2.13,9.89,38.325095382563376,36.97168904611778
2015-03-02,0.35,4.04,-2.33,2.92,9.41,38.325095382563376,36.97168904611778
2015-03-03,0.63,5.15,-2.84,1.32,10.27,38.325095382563376,36.97168904611778
2015-03-04,-1.63,1.7,-5.75,1.14,13.08,38.325095382563376,36.97168904611778
2015-03-05,-2.24,3.15,-6.09,0.0,14.34,38.325095382563376,36.97168904611778
2015-03-06,0.94,7.93,-3.61,0.0,17.9,38.325095382563376,36.97168904611778
2015-03-07,2.82,8.7,-1.22,0.0,13.54,38.325095382563376,36.97168904611778
2015-03-08,5.39,11.43,1.35,0.0,15.09,38.325095382563376,36.97168904611778
2015-03-09,6.6,13.45,1.32,0.0,19.51,38.325095382563376,36.97168904611778
2015-03-10,7.7,14.61,3.08,0.0,17.27,38.325095382563376,36.97168904611778
2015-03-11,3.25,10.27,0.21,3.03,10.99,38.325095382563376,36.97168904611778
2015-03-12,0.32,2.06,-2.6,14.85,5.84,38.325095382563376,36.97168904611778
2015-03-13,0.29,4.0,-2.96,1.53,9.76,38.325095382563376,36.97168904611778
2015-03-14,1.11,5.37,-2.15,0.07,13.66,38.325095382563376,36.97168904611778
2015-03-15,0.92,4.96,-2.18,1.17,13.29,38.325095382563376,36.97168904611778
2015-03-16,0.28,4.4,-2.71,0.77,10.54,38.325095382563376,36.97168904611778
2015-03-17,-0.14,4.34,-4.48,0.14,13.23,38.325095382563376,36.97168904611778
2015-03-18,1.36,5.74,-2.34,0.09,16.35,38.325095382563376,36.97168904611778
2015-03-19,1.12,4.05,-1.34,4.58,12.06,38.325095382563376,36.97168904611778
2015-03-20,-0.13,3.24,-3.39,7.51,11.98,38.325095382563376,36.97168904611778
2015-03-21,-1.84,1.92,-5.23,13.52,6.44,38.325095382563376,36.97168904611778
2015-03-22,-4.02,0.41,-8.52,3.68,7.77,38.325095382563376,36.97168904611778
2015-03-23,-1.99,4.73,-9.57,0.81,18.58,38.325095382563376,36.97168904611778
2015-03-24,-0.67,3.56,-4.7,7.34,16.47,38.325095382563376,36.97168904611778
2015-03-25,-0.94,4.46,-5.5,2.14,17.89,38.325095382563376,36.97168904611778
2015-03-26,3.38,10.74,-4.03,0.12,22.58,38.325095382563376,36.97168904611778
2015-03-27,5.01,11.03,0.29,0.0,16.75,38.325095382563376,36.97168904611778
2015-03-28,3.98,7.43,2.19,7.06,9.32,38.325095382563376,36.97168904611778
2015-03-29,5.12,10.2,0.81,13.84,15.5,38.325095382563376,36.97168904611778
2015-03-30,2.92,5.76,0.41,9.53,8.18,38.325095382563376,36.97168904611778
2015-03-31,3.69,8.8,-0.65,1.84,14.28,38.325095382563376,36.97168904611778
2015-04-01,4.71,9.75,-0.08,1.3,16.03,38.325095382563376,36.97168904611778
2015-04-02,5.05,10.19,0.0,1.25,14.15,38.325095382563376,36.97168904611778
2015-04-03,3.44,9.8,-3.9,2.57,13.43,38.325095382563376,36.97168904611778
2015-04-04,1.59,6.02,-5.72,0.79,12.81,38.325095382563376,36.97168904611778
2015-04-05,2.21,9.39,-5.68,0.0,20.04,38.325095382563376,36.97168904611778
2015-04-06,5.23,11.51,0.01,0.0,23.66,38.325095382563376,36.97168904611778
2015-04-07,5.88,12.42,0.38,0.09,19.2,38.325095382563376,36.97168904611778
2015-04-08,4.83,11.35,-0.34,0.97,14.57,38.325095382563376,36.97168904611778
2015-04-09,5.53,9.61,-1.42,3.54,9.01,38.325095382563376,36.97168904611778
2015-04-10,-0.08,5.1,-5.29,1.55,16.78,38.325095382563376,36.97168904611778
2015-04-11,-1.57,3.72,-5.73,1.51,15.64,38.325095382563376,36.97168904611778
2015-04-12,-0.54,4.03,-4.44,1.88,15.06,38.325095382563376,36.97168904611778
2015-04-13,0.02,5.75,-4.33,0.1,14.77,38.325095382563376,36.97168904611778
2015-04-14,1.51,8.3,-4.73,0.0,24.33,38.325095382563376,36.97168904611778
2015-04-15,4.28,8.96,-0.18,0.12,20.29,38.325095382563376,36.97168904611778
2015-04-16,5.55,12.31,0.14,0.0,21.91,38.325095382563376,36.97168904611778
2015-04-17,6.94,14.44,-1.04,0.0,25.39,38.325095382563376,36.97168904611778
2015-04-18,7.9,15.02,1.62,0.0,24.24,38.325095382563376,36.97168904611778
2015-04-19,8.54,15.71,2.45,0.02,24.79,38.325095382563376,36.97168904611778
2015-04-20,7.54,11.56,5.2,3.9,13.54,38.325095382563376,36.97168904611778
2015-04-21,4.37,8.88,-0.94,7.06,12.8,38.325095382563376,36.97168904611778
2015-04-22,1.76,6.83,-1.81,4.13,15.26,38.325095382563376,36.97168904611778
2015-04-23,-1.31,3.1,-5.46,3.56,9.36,38.325095382563376,36.97168904611778
2015-04-24,-0.57,6.11,-5.76,0.57,16.4,38.325095382563376,36.97168904611778
2015-04-25,4.21,12.5,-4.61,0.0,26.75,38.325095382563376,36.97168904611778
2015-04-26,6.14,12.66,1.18,0.0,22.96,38.325095382563376,36.97168904611778
2015-04-27,7.95,13.22,1.95,0.0,21.32,38.325095382563376,36.97168904611778
2015-04-28,9.99,16.53,4.15,0.0,26.91,38.325095382563376,36.97168904611778
2015-04-29,10.1,17.25,4.56,0.0,18.46,38.325095382563376,36.97168904611778
2015-04-30,9.32,15.26,3.58,0.19,24.71,38.325095382563376,36.97168904611778
2015-05-01,8.15,14.48,3.08,1.95,18.36,38.325095382563376,36.97168904611778
2015-05-02,7.62,13.39,2.83,4.69,18.07,38.325095382563376,36.97168904611778
2015-05-03,7.79,11.88,3.92,5.61,9.92,38.325095382563376,36.97168904611778
2015-05-04,7.12,12.04,2.86,1.0,17.99,38.325095382563376,36.97168904611778
2015-05-05,6.59,14.57,-0.42,0.11,29.83,38.325095382563376,36.97168904611778
2015-05-06,6.89,14.02,-0.16,0.0,20.68,38.325095382563376,36.97168904611778
2015-05-07,8.38,16.9,-0.9,0.0,30.4,38.325095382563376,36.97168904611778
2015-05-08,11.8,19.14,4.45,0.99,22.62,38.325095382563376,36.97168904611778
2015-05-09,7.57,11.34,2.91,3.78,15.65,38.325095382563376,36.97168904611778
2015-05-10,7.15,15.1,-0.19,2.91,28.36,38.325095382563376,36.97168904611778
2015-05-11,8.01,15.47,-0.67,0.65,27.62,38.325095382563376,36.97168904611778
2015-05-12,8.72,13.82,2.73,1.3,19.13,38.325095382563376,36.97168904611778
2015-05-13,7.83,11.45,4.52,3.06,14.44,38.325095382563376,36.97168904611778
2015-05-14,7.5,13.06,3.13,2.4,21.12,38.325095382563376,36.97168904611778
2015-05-15,8.98,16.44,0.38,0.0,29.82,38.325095382563376,36.97168904611778
2015-05-16,12.11,19.03,4.37,0.01,25.75,38.325095382563376,36.97168904611778
2015-05-17,13.9,19.46,6.64,1.29,24.81,38.325095382563376,36.97168904611778
2015-05-18,15.97,21.62,9.52,0.2,26.46,38.325095382563376,36.97168904611778
2015-05-19,16.98,22.84,10.64,0.0,26.95,38.325095382563376,36.97168904611778
2015-05-20,17.44,23.55,12.05,0.0,27.5,38.325095382563376,36.97168904611778
2015-05-21,14.7,21.27,7.69,0.0,29.12,38.325095382563376,36.97168904611778
2015-05-22,13.57,20.83,6.16,0.35,26.24,38.325095382563376,36.97168904611778
2015-05-23,12.02,17.86,5.45,0.19,23.37,38.325095382563376,36.97168904611778
2015-05-24,14.26,20.23,8.15,0.28,27.4,38.325095382563376,36.97168904611778
2015-05-25,13.77,20.11,8.07,0.45,28.69,38.325095382563376,36.97168904611778
2015-05-26,13.33,19.0,6.86,1.31,21.66,38.325095382563376,36.97168904611778
2015-05-27,14.16,20.42,8.75,0.23,16.46,38.325095382563376,36.97168904611778
2015-05-28,12.55,18.45,5.91,2.88,23.96,38.325095382563376,36.97168904611778
2015-05-29,11.32,17.34,5.88,0.87,20.99,38.325095382563376,36.97168904611778
2015-05-30,8.64,12.39,4.85,1.84,17.99,38.325095382563376,36.97168904611778
2015-05-31,10.81,16.88,4.06,0.23,21.25,38.325095382563376,36.97168904611778
2015-06-01,13.81,20.39,5.61,0.0,30.76,38.325095382563376,36.97168904611778
2015-06-02,11.31,16.26,6.29,1.63,20.92,38.325095382563376,36.97168904611778
2015-06-03,13.54,19.91,6.28,0.72,21.85,38.325095382563376,36.97168904611778
2015-06-04,13.07,18.91,7.11,0.35,26.16,38.325095382563376,36.97168904611778
2015-06-05,14.59,21.86,7.37,0.0,29.93,38.325095382563376,36.97168904611778
2015-06-06,14.74,21.76,7.95,0.01,21.31,38.325095382563376,36.97168904611778
2015-06-07,16.15,23.02,9.27,0.13,23.78,38.325095382563376,36.97168904611778
2015-06-08,16.52,23.54,8.97,2.3,26.58,38.325095382563376,36.97168904611778
2015-06-09,17.04,23.13,10.81,1.65,27.13,38.325095382563376,36.97168904611778
2015-06-10,15.61,22.67,8.39,1.1,25.53,38.325095382563376,36.97168904611778
2015-06-11,14.93,21.08,8.86,0.45,22.73,38.325095382563376,36.97168904611778
2015-06-12,15.2,21.98,8.22,0.56,22.08,38.325095382563376,36.97168904611778
2015-06-13,16.35,23.42,9.1,0.26,25.74,38.325095382563376,36.97168904611778
2015-06-14,15.58,22.03,9.78,3.68,24.39,38.325095382563376,36.97168904611778
2015-06-15,14.42,20.51,9.45,0.11,21.08,38.325095382563376,36.97168904611778
2015-06-16,14.4,21.53,7.94,0.04,28.33,38.325095382563376,36.97168904611778
2015-06-17,15.08,23.2,6.19,0.03,29.97,38.325095382563376,36.97168904611778
2015-06-18,16.82,24.41,8.34,0.01,28.33,38.325095382563376,36.97168904611778
2015-06-19,16.65,23.58,9.74,0.43,27.59,38.325095382563376,36.97168904611778
2015-06-20,15.63,23.08,8.29,0.0,24.84,38.325095382563376,36.97168904611778
2015-06-21,16.46,23.8,8.82,0.04,24.02,38.325095382563376,36.97168904611778
2015-06-22,17.59,25.35,9.14,0.0,28.98,38.325095382563376,36.97168904611778
2015-06-23,18.85,26.65,10.09,0.19,28.51,38.325095382563376,36.97168904611778
2015-06-24,17.58,25.97,11.37,2.85,25.19,38.325095382563376,36.97168904611778
2015-06-25,15.47,22.55,9.84,0.04,20.64,38.325095382563376,36.97168904611778
2015-06-26,14.78,21.17,9.15,0.22,22.65,38.325095382563376,36.97168904611778
2015-06-27,15.6,23.65,7.84,4.19,25.65,38.325095382563376,36.97168904611778
2015-06-28,16.37,23.04,10.15,4.92,22.43,38.325095382563376,36.97168904611778
2015-06-29,16.07,24.34,8.24,0.28,28.99,38.325095382563376,36.97168904611778
2015-06-30,16.27,24.01,8.82,1.06,25.52,38.325095382563376,36.97168904611778
2015-07-01,17.37,25.99,8.63,0.0,31.58,38.325095382563376,36.97168904611778
2015-07-02,19.41,29.24,9.39,0.0,31.75,38.325095382563376,36.97168904611778
2015-07-03,19.23,28.69,10.73,0.0,30.66,38.325095382563376,36.97168904611778
2015-07-04,19.36,28.51,9.55,0.0,31.4,38.325095382563376,36.97168904611778
2015-07-05,20.6,29.77,11.54,0.0,31.3,38.325095382563376,36.97168904611778
2015-07-06,19.8,28.83,11.72,0.0,31.84,38.325095382563376,36.97168904611778
2015-07-07,17.94,26.44,9.85,0.0,29.91,38.325095382563376,36.97168904611778
2015-07-08,17.58,26.16,10.18,0.0,21.61,38.325095382563376,36.97168904611778
2015-07-09,18.6,26.15,11.1,0.0,21.97,38.325095382563376,36.97168904611778
2015-07-10,19.35,26.58,11.9,0.37,25.96,38.325095382563376,36.97168904611778
2015-07-11,19.67,27.79,12.03,0.0,28.51,38.325095382563376,36.97168904611778
2015-07-12,17.48,25.73,10.93,0.0,26.21,38.325095382563376,36.97168904611778
2015-07-13,16.53,24.93,9.35,0.0,27.83,38.325095382563376,36.97168904611778
2015-07-14,18.36,28.9,7.37,0.0,31.65,38.325095382563376,36.97168904611778
2015-07-15,19.81,29.41,10.55,0.0,30.14,38.325095382563376,36.97168904611778
2015-07-16,19.46,29.46,10.31,0.0,30.07,38.325095382563376,36.97168904611778
2015-07-17,16.73,26.57,9.13,0.0,30.4,38.325095382563376,36.97168904611778
2015-07-18,17.43,28.61,7.46,0.0,32.0,38.325095382563376,36.97168904611778
2015-07-19,16.35,27.18,6.33,0.0,32.07,38.325095382563376,36.97168904611778
2015-07-20,18.78,29.85,6.25,0.0,31.18,38.325095382563376,36.97168904611778
2015-07-21,21.16,31.4,10.67,0.0,30.18,38.325095382563376,36.97168904611778
2015-07-22,19.59,30.34,9.31,0.0,31.06,38.325095382563376,36.97168904611778
2015-07-23,20.79,32.23,9.02,0.0,31.05,38.325095382563376,36.97168904611778
2015-07-24,23.35,33.6,14.41,0.0,30.46,38.325095382563376,36.97168904611778
2015-07-25,20.96,29.72,13.48,0.0,30.55,38.325095382563376,36.97168904611778
2015-07-26,21.06,30.11,11.33,0.0,29.24,38.325095382563376,36.97168904611778
2015-07-27,21.64,30.34,11.94,0.0,26.86,38.325095382563376,36.97168904611778
2015-07-28,23.12,30.95,15.03,0.0,22.78,38.325095382563376,36.97168904611778
2015-07-29,24.01,33.31,14.5,0.0,28.37,38.325095382563376,36.97168904611778
2015-07-30,25.89,35.01,16.47,0.02,23.3,38.325095382563376,36.97168904611778
2015-07-31,23.6,31.22,16.38,0.0,28.19,38.325095382563376,36.97168904611778
2015-08-01,21.8,29.17,13.89,0.02,21.55,38.325095382563376,36.97168904611778
2015-08-02,21.73,29.35,14.34,0.0,22.32,38.325095382563376,36.97168904611778
2015-08-03,23.07,32.43,13.75,0.0,27.81,38.325095382563376,36.97168904611778
2015-08-04,24.53,33.2,15.21,0.04,26.97,38.325095382563376,36.97168904611778
2015-08-05,23.57,31.77,15.65,0.23,27.24,38.325095382563376,36.97168904611778
2015-08-06,23.39,31.77,14.24,0.0,27.29,38.325095382563376,36.97168904611778
2015-08-07,23.3,31.14,14.79,0.0,24.98,38.325095382563376,36.97168904611778
2015-08-08,22.78,31.25,14.43,0.0,27.94,38.325095382563376,36.97168904611778
2015-08-09,24.12,32.54,14.23,0.01,25.4,38.325095382563376,36.97168904611778
2015-08-10,24.5,33.34,15.66,0.12,24.44,38.325095382563376,36.97168904611778
2015-08-11,24.31,33.44,15.15,0.0,26.58,38.325095382563376,36.97168904611778
2015-08-12,23.79,31.9,15.11,0.0,25.13,38.325095382563376,36.97168904611778
2015-08-13,24.69,32.86,15.61,0.0,26.01,38.325095382563376,36.97168904611778
2015-08-14,25.93,33.89,16.6,0.0,24.71,38.325095382563376,36.97168904611778
2015-08-15,25.62,33.7,17.14,0.01,24.33,38.325095382563376,36.97168904611778
2015-08-16,23.28,30.11,16.17,0.02,20.9,38.325095382563376,36.97168904611778
2015-08-17,23.14,30.39,15.76,0.01,23.09,38.325095382563376,36.97168904611778
2015-08-18,24.11,32.56,15.71,0.0,24.55,38.325095382563376,36.97168904611778
2015-08-19,24.82,34.12,16.51,0.0,26.51,38.325095382563376,36.97168904611778
2015-08-20,24.76,33.53,17.3,0.0,26.82,38.325095382563376,36.97168904611778
2015-08-21,23.73,32.68,15.43,0.0,26.41,38.325095382563376,36.97168904611778
2015-08-22,23.68,32.58,14.09,0.0,25.68,38.325095382563376,36.97168904611778
2015-08-23,25.13,32.94,17.13,0.0,23.25,38.325095382563376,36.97168904611778
2015-08-24,20.18,26.54,12.95,0.01,20.81,38.325095382563376,36.97168904611778
2015-08-25,15.76,23.24,10.01,0.02,23.71,38.325095382563376,36.97168904611778
2015-08-26,14.15,21.98,7.06,0.0,21.24,38.325095382563376,36.97168904611778
2015-08-27,16.94,25.22,9.8,0.0,21.49,38.325095382563376,36.97168904611778
2015-08-28,17.49,26.27,9.96,0.04,22.57,38.325095382563376,36.97168904611778
2015-08-29,15.96,24.11,8.36,2.31,19.72,38.325095382563376,36.97168904611778
2015-08-30,17.46,26.55,9.55,0.77,21.91,38.325095382563376,36.97168904611778
2015-08-31,18.17,27.95,10.53,0.0,25.4,38.325095382563376,36.97168904611778
2015-09-01,17.72,28.34,7.91,0.0,26.4,38.325095382563376,36.97168904611778
2015-09-02,21.11,30.92,11.24,0.0,26.24,38.325095382563376,36.97168904611778
2015-09-03,22.06,31.22,15.28,0.0,25.27,38.325095382563376,36.97168904611778
2015-09-04,21.53,29.94,15.07,0.1,23.48,38.325095382563376,36.97168904611778
2015-09-05,20.59,28.91,11.51,0.63,22.76,38.325095382563376,36.97168904611778
2015-09-06,21.68,29.89,13.71,0.0,24.36,38.325095382563376,36.97168904611778
2015-09-07,21.55,29.79,14.29,0.0,24.1,38.325095382563376,36.97168904611778
2015-09-08,22.4,30.93,15.35,0.0,22.61,38.325095382563376,36.97168904611778
2015-09-09,22.28,30.24,14.45,0.0,19.69,38.325095382563376,36.97168904611778
2015-09-10,22.53,29.5,16.69,0.0,20.93,38.325095382563376,36.97168904611778
2015-09-11,22.77,31.2,16.24,0.0,20.74,38.325095382563376,36.97168904611778
2015-09-12,22.36,30.79,14.68,0.22,19.76,38.325095382563376,36.97168904611778
2015-09-13,21.01,29.27,14.52,0.01,21.01,38.325095382563376,36.97168904611778
2015-09-14,19.84,28.91,11.97,0.02,22.35,38.325095382563376,36.97168904611778
2015-09-15,19.51,28.34,12.18,0.0,22.82,38.325095382563376,36.97168904611778
2015-09-16,17.98,26.16,11.01,0.24,22.26,38.325095382563376,36.97168904611778
2015-09-17,17.03,27.51,7.99,0.0,23.53,38.325095382563376,36.97168904611778
2015-09-18,18.63,28.68,8.77,0.0,23.32,38.325095382563376,36.97168904611778
2015-09-19,20.4,27.8,13.46,0.0,19.31,38.325095382563376,36.97168904611778
2015-09-20,20.06,26.84,14.56,0.01,18.86,38.325095382563376,36.97168904611778
2015-09-21,16.36,21.27,11.3,0.28,16.2,38.325095382563376,36.97168904611778
2015-09-22,16.69,24.61,8.83,2.03,19.9,38.325095382563376,36.97168904611778
2015-09-23,17.27,24.39,11.21,0.0,20.01,38.325095382563376,36.97168904611778
2015-09-24,16.91,25.91,9.74,0.0,21.53,38.325095382563376,36.97168904611778
2015-09-25,17.63,26.68,9.46,0.0,20.66,38.325095382563376,36.97168904611778
2015-09-26,17.65,26.52,9.11,0.0,19.6,38.325095382563376,36.97168904611778
2015-09-27,18.31,26.46,11.32,0.0,17.7,38.325095382563376,36.97168904611778
2015-09-28,18.66,26.31,10.62,0.0,18.99,38.325095382563376,36.97168904611778
2015-09-29,17.04,22.94,12.85,0.09,15.51,38.325095382563376,36.97168904611778
2015-09-30,15.02,20.09,11.61,0.26,13.84,38.325095382563376,36.97168904611778
2015-10-01,15.29,22.47,8.98,1.05,16.01,38.325095382563376,36.97168904611778
2015-10-02,11.17,14.87,7.56,6.77,5.11,38.325095382563376,36.97168904611778
2015-10-03,13.56,22.04,7.25,0.0,16.0,38.325095382563376,36.97168904611778
2015-10-04,13.31,21.38,7.14,0.0,19.15,38.325095382563376,36.97168904611778
2015-10-05,13.94,21.57,7.09,0.0,19.37,38.325095382563376,36.97168904611778
2015-10-06,14.62,20.68,10.62,0.8,14.48,38.325095382563376,36.97168904611778
2015-10-07,9.51,13.8,6.41,5.9,6.29,38.325095382563376,36.97168904611778
2015-10-08,10.66,15.75,6.2,0.23,12.4,38.325095382563376,36.97168904611778
2015-10-09,10.24,16.39,4.83,0.09,13.32,38.325095382563376,36.97168904611778
2015-10-10,9.38,16.78,3.5,0.11,15.62,38.325095382563376,36.97168904611778
2015-10-11,12.45,20.92,5.97,0.0,16.35,38.325095382563376,36.97168904611778
2015-10-12,12.62,18.43,8.9,0.46,9.45,38.325095382563376,36.97168904611778
2015-10-13,11.44,16.06,7.45,0.28,13.11,38.325095382563376,36.97168904611778
2015-10-14,10.89,18.84,6.2,0.0,14.23,38.325095382563376,36.97168904611778
2015-10-15,11.26,18.84,6.19,0.0,16.75,38.325095382563376,36.97168904611778
2015-10-16,10.87,19.73,4.73,0.0,17.57,38.325095382563376,36.97168904611778
2015-10-17,11.84,20.29,3.04,0.0,16.72,38.325095382563376,36.97168904611778
2015-10-18,14.15,21.8,9.18,0.0,15.09,38.325095382563376,36.97168904611778
2015-10-19,13.54,20.94,8.44,0.0,15.97,38.325095382563376,36.97168904611778
2015-10-20,13.91,19.47,9.49,0.0,14.96,38.325095382563376,36.97168904611778
2015-10-21,12.55,19.79,7.67,0.12,14.2,38.325095382563376,36.97168904611778
2015-10-22,11.53,17.63,7.74,0.37,11.79,38.325095382563376,36.97168904611778
2015-10-23,11.05,15.11,7.83,1.63,6.86,38.325095382563376,36.97168904611778
2015-10-24,10.85,15.75,7.14,5.21,5.68,38.325095382563376,36.97168904611778
2015-10-25,9.9,13.57,7.19,2.59,6.76,38.325095382563376,36.97168904611778
2015-10-26,8.26,12.08,5.02,3.17,6.46,38.325095382563376,36.97168904611778
2015-10-27,6.67,12.53,2.55,0.87,6.99,38.325095382563376,36.97168904611778
2015-10-28,4.91,11.03,0.84,0.05,10.4,38.325095382563376,36.97168904611778
2015-10-29,5.6,12.82,-0.93,0.71,8.02,38.325095382563376,36.97168904611778
2015-10-30,6.56,14.07,0.94,0.0,11.27,38.325095382563376,36.97168904611778
2015-10-31,4.21,11.43,-0.31,0.02,9.58,38.325095382563376,36.97168904611778
2015-11-01,2.08,11.18,-3.62,0.0,15.67,38.325095382563376,36.97168904611778
2015-11-02,1.92,10.77,-4.55,0.0,15.26,38.325095382563376,36.97168904611778
2015-11-03,4.05,12.71,-2.98,0.0,14.89,38.325095382563376,36.97168904611778
2015-11-04,5.77,14.0,-0.17,0.0,14.82,38.325095382563376,36.97168904611778
2015-11-05,6.03,13.05,0.02,0.03,12.67,38.325095382563376,36.97168904611778
2015-11-06,7.83,14.75,1.93,0.0,13.5,38.325095382563376,36.97168904611778
2015-11-07,7.01,15.15,1.64,0.0,13.94,38.325095382563376,36.97168904611778
2015-11-08,4.86,12.2,-0.49,0.01,11.56,38.325095382563376,36.97168904611778
2015-11-09,2.59,8.57,-0.88,0.69,7.55,38.325095382563376,36.97168904611778
2015-11-10,0.27,5.28,-4.0,0.38,8.16,38.325095382563376,36.97168904611778
2015-11-11,1.79,7.59,-4.18,0.39,6.21,38.325095382563376,36.97168904611778
2015-11-12,4.73,11.03,0.24,0.0,8.52,38.325095382563376,36.97168904611778
2015-11-13,4.69,13.11,0.15,0.0,13.1,38.325095382563376,36.97168904611778
2015-11-14,4.73,13.6,-2.8,0.0,13.5,38.325095382563376,36.97168904611778
2015-11-15,5.14,13.65,0.5,0.0,12.38,38.325095382563376,36.97168904611778
2015-11-16,4.64,12.32,0.85,0.0,11.32,38.325095382563376,36.97168904611778
2015-11-17,0.39,7.12,-5.81,0.0,7.5,38.325095382563376,36.97168904611778
2015-11-18,-1.12,7.22,-5.9,0.0,11.44,38.325095382563376,36.97168904611778
2015-11-19,0.45,8.47,-4.25,0.0,11.06,38.325095382563376,36.97168904611778
2015-11-20,2.17,10.01,-3.19,0.0,12.46,38.325095382563376,36.97168904611778
2015-11-21,1.98,9.99,-3.0,0.0,12.31,38.325095382563376,36.97168904611778
2015-11-22,1.51,9.11,-2.88,0.0,12.26,38.325095382563376,36.97168904611778
2015-11-23,3.44,11.75,-1.9,0.0,12.42,38.325095382563376,36.97168904611778
2015-11-24,6.5,14.79,1.51,0.0,12.33,38.325095382563376,36.97168904611778
2015-11-25,4.67,12.41,0.19,0.0,9.4,38.325095382563376,36.97168904611778
2015-11-26,3.82,9.35,-1.08,0.41,8.58,38.325095382563376,36.97168904611778
2015-11-27,5.12,8.99,3.27,1.83,5.45,38.325095382563376,36.97168904611778
2015-11-28,5.02,9.7,2.31,0.82,9.19,38.325095382563376,36.97168904611778
2015-11-29,4.38,8.09,0.11,5.04,7.07,38.325095382563376,36.97168904611778
2015-11-30,0.97,5.43,-3.51,6.75,2.72,38.325095382563376,36.97168904611778
2015-12-01,-2.54,3.19,-5.58,0.35,7.59,38.325095382563376,36.97168904611778
2015-12-02,-2.25,3.31,-6.68,0.97,5.33,38.325095382563376,36.97168904611778
2015-12-03,-5.99,-3.79,-7.47,0.08,6.47,38.325095382563376,36.97168904611778
2015-12-04,-6.27,-3.38,-8.58,0.07,6.37,38.325095382563376,36.97168904611778
2015-12-05,-6.94,-0.92,-10.66,0.0,9.86,38.325095382563376,36.97168904611778
2015-12-06,-4.79,2.36,-10.34,0.0,10.49,38.325095382563376,36.97168904611778
2015-12-07,-2.1,5.47,-7.02,0.0,10.9,38.325095382563376,36.97168904611778
2015-12-08,-0.62,7.17,-4.81,0.0,10.93,38.325095382563376,36.97168904611778
2015-12-09,-0.04,8.0,-5.27,0.0,10.92,38.325095382563376,36.97168904611778
2015-12-10,0.45,6.83,-2.77,0.0,10.47,38.325095382563376,36.97168904611778
2015-12-11,0.87,6.63,-1.66,0.0,10.19,38.325095382563376,36.97168904611778
2015-12-12,-0.49,4.84,-3.87,0.0,10.41,38.325095382563376,36.97168904611778
2015-12-13,-2.16,3.64,-6.13,0.0,9.97,38.325095382563376,36.97168904611778
2015-12-14,-2.21,5.47,-6.38,0.0,9.49,38.325095382563376,36.97168904611778
2015-12-15,-2.94,3.45,-7.13,0.0,10.23,38.325095382563376,36.97168904611778
2015-12-16,-0.87,4.53,-4.63,0.01,9.55,38.325095382563376,36.97168904611778
2015-12-17,-1.27,1.65,-3.09,0.82,5.26,38.325095382563376,36.97168904611778
2015-12-18,-1.11,3.75,-4.6,0.0,9.56,38.325095382563376,36.97168904611778
2015-12-19,-1.11,4.32,-4.68,0.0,8.82,38.325095382563376,36.97168904611778
2015-12-20,-1.96,4.49,-5.76,0.0,9.66,38.325095382563376,36.97168904611778
2015-12-21,-2.76,4.45,-7.47,0.0,10.39,38.325095382563376,36.97168904611778
2015-12-22,-1.01,5.63,-6.62,0.0,10.45,38.325095382563376,36.97168904611778
2015-12-23,-2.11,5.48,-6.41,0.0,10.4,38.325095382563376,36.97168904611778
2015-12-24,-2.56,4.97,-8.13,0.0,10.54,38.325095382563376,36.97168904611778
2015-12-25,-0.18,6.35,-3.96,0.0,10.31,38.325095382563376,36.97168904611778
2015-12-26,0.69,7.47,-2.59,0.0,10.02,38.325095382563376,36.97168904611778
2015-12-27,-0.34,6.43,-3.75,0.0,10.58,38.325095382563376,36.97168904611778
2015-12-28,1.26,8.02,-3.72,0.0,10.67,38.325095382563376,36.97168904611778
2015-12-29,-0.73,3.99,-4.94,0.0,7.5,38.325095382563376,36.97168904611778
2015-12-30,-5.09,-0.05,-9.88,0.87,6.03,38.325095382563376,36.97168904611778
2015-12-31,-9.42,-5.49,-12.33,0.38,7.47,38.325095382563376,36.97168904611778
2016-01-01,-11.37,-8.52,-14.29,0.94,6.73,38.325095382563376,36.97168904611778
2016-01-02,-13.62,-9.7,-17.16,0.0,10.16,38.325095382563376,36.97168904611778
2016-01-03,-12.15,-5.42,-18.0,0.0,10.08,38.325095382563376,36.97168904611778
2016-01-04,-8.9,-5.22,-12.22,8.77,2.89,38.325095382563376,36.97168904611778
2016-01-05,-4.1,-1.0,-9.59,10.43,3.05,38.325095382563376,36.97168904611778
2016-01-06,0.8,1.78,-1.01,5.12,2.91,38.325095382563376,36.97168904611778
2016-01-07,0.36,1.48,-2.17,7.46,2.54,38.325095382563376,36.97168904611778
2016-01-08,-1.96,0.14,-7.52,12.25,2.45,38.325095382563376,36.97168904611778
2016-01-09,-8.95,-1.84,-14.62,0.22,4.2,38.325095382563376,36.97168904611778
2016-01-10,-6.1,0.87,-14.4,0.0,9.24,38.325095382563376,36.97168904611778
2016-01-11,-2.75,0.26,-5.23,1.0,7.8,38.325095382563376,36.97168904611778
2016-01-12,-2.58,1.74,-6.09,0.01,9.4,38.325095382563376,36.97168904611778
2016-01-13,0.34,1.72,-2.1,0.92,8.56,38.325095382563376,36.97168904611778
2016-01-14,-1.72,1.19,-7.67,11.33,4.01,38.325095382563376,36.97168904611778
2016-01-15,-5.7,0.71,-10.12,0.07,8.59,38.325095382563376,36.97168904611778
2016-01-16,-3.99,2.35,-8.1,0.0,11.03,38.325095382563376,36.97168904611778
2016-01-17,-2.76,2.48,-7.39,0.07,8.88,38.325095382563376,36.97168904611778
2016-01-18,-1.39,0.42,-2.6,6.63,6.1,38.325095382563376,36.97168904611778
2016-01-19,-6.23,-1.28,-14.86,8.37,3.52,38.325095382563376,36.97168904611778
2016-01-20,-10.96,-5.01,-15.75,0.05,8.7,38.325095382563376,36.97168904611778
2016-01-21,-5.24,-1.02,-10.03,0.35,8.68,38.325095382563376,36.97168904611778
2016-01-22,-3.23,0.07,-5.84,1.61,8.54,38.325095382563376,36.97168904611778
2016-01-23,-6.05,-1.88,-11.36,4.24,5.05,38.325095382563376,36.97168904611778
2016-01-24,-11.7,-8.98,-14.0,3.5,6.06,38.325095382563376,36.97168904611778
2016-01-25,-15.33,-11.99,-19.42,0.0,10.77,38.325095382563376,36.97168904611778
2016-01-26,-17.2,-10.31,-22.93,0.0,13.69,38.325095382563376,36.97168904611778
2016-01-27,-16.55,-9.5,-21.25,0.0,12.92,38.325095382563376,36.97168904611778
2016-01-28,-12.43,-4.73,-20.99,0.05,11.59,38.325095382563376,36.97168904611778
2016-01-29,-6.2,0.22,-13.11,0.38,12.02,38.325095382563376,36.97168904611778
2016-01-30,-3.22,1.74,-8.03,0.25,9.51,38.325095382563376,36.97168904611778
2016-01-31,-2.27,3.1,-5.99,0.1,12.47,38.325095382563376,36.97168904611778
2016-02-01,-1.18,2.01,-3.39,1.79,6.47,38.325095382563376,36.97168904611778
2016-02-02,-4.59,-0.98,-11.3,3.01,10.83,38.325095382563376,36.97168904611778
2016-02-03,-2.93,5.94,-11.5,0.0,13.33,38.325095382563376,36.97168904611778
2016-02-04,-0.43,6.78,-5.13,0.0,14.64,38.325095382563376,36.97168904611778
2016-02-05,-0.7,4.02,-2.64,0.03,11.9,38.325095382563376,36.97168904611778
2016-02-06,-1.49,1.35,-4.48,6.42,10.14,38.325095382563376,36.97168904611778
2016-02-07,-6.71,-2.91,-10.91,2.06,10.7,38.325095382563376,36.97168904611778
2016-02-08,-6.45,1.11,-12.26,0.0,14.75,38.325095382563376,36.97168904611778
2016-02-09,-4.14,3.03,-10.54,0.0,15.87,38.325095382563376,36.97168904611778
2016-02-10,-3.61,2.41,-8.22,0.01,15.36,38.325095382563376,36.97168904611778
2016-02-11,-2.77,1.44,-6.86,0.42,13.16,38.325095382563376,36.97168904611778
2016-02-12,0.32,5.24,-3.2,0.39,12.66,38.325095382563376,36.97168904611778
2016-02-13,1.96,5.3,0.52,1.55,8.32,38.325095382563376,36.97168904611778
2016-02-14,1.87,6.65,-0.69,0.55,7.82,38.325095382563376,36.97168904611778
2016-02-15,3.55,10.35,-1.28,0.0,14.74,38.325095382563376,36.97168904611778
2016-02-16,5.61,14.21,0.36,0.0,15.7,38.325095382563376,36.97168904611778
2016-02-17,6.86,15.25,0.17,0.0,15.84,38.325095382563376,36.97168904611778
2016-02-18,7.53,15.31,1.64,0.0,15.87,38.325095382563376,36.97168904611778
2016-02-19,6.44,13.36,0.2,0.23,15.6,38.325095382563376,36.97168904611778
2016-02-20,2.47,8.05,-0.6,0.97,12.79,38.325095382563376,36.97168904611778
2016-02-21,2.89,7.48,-0.78,3.98,3.57,38.325095382563376,36.97168904611778
2016-02-22,-2.13,2.28,-6.13,6.87,4.13,38.325095382563376,36.97168904611778
2016-02-23,2.08,8.43,-3.07,1.14,11.32,38.325095382563376,36.97168904611778
2016-02-24,2.96,10.96,-2.8,0.08,16.89,38.325095382563376,36.97168904611778
2016-02-25,3.78,9.78,0.19,0.75,15.11,38.325095382563376,36.97168904611778
2016-02-26,3.53,9.53,-0.42,0.08,14.98,38.325095382563376,36.97168904611778
2016-02-27,4.21,9.89,0.25,3.16,9.33,38.325095382563376,36.97168904611778
2016-02-28,4.64,11.78,0.67,0.32,15.16,38.325095382563376,36.97168904611778
2016-02-29,7.5,15.16,1.0,0.0,19.05,38.325095382563376,36.97168904611778
2016-03-01,7.12,15.93,1.15,0.0,18.44,38.325095382563376,36.97168904611778
2016-03-02,5.65,12.73,-0.49,0.0,16.55,38.325095382563376,36.97168904611778
2016-03-03,4.11,8.03,-0.23,5.06,7.66,38.325095382563376,36.97168904611778
2016-03-04,2.53,7.34,-1.19,1.58,12.29,38.325095382563376,36.97168904611778
2016-03-05,1.35,4.77,-3.24,7.51,2.84,38.325095382563376,36.97168904611778
2016-03-06,1.32,7.87,-3.83,0.24,12.94,38.325095382563376,36.97168904611778
2016-03-07,3.1,10.2,-1.42,0.0,17.36,38.325095382563376,36.97168904611778
2016-03-08,5.24,12.72,-1.0,0.0,18.68,38.325095382563376,36.97168904611778
2016-03-09,6.05,13.27,1.77,0.0,19.68,38.325095382563376,36.97168904611778
2016-03-10,5.19,12.82,-0.63,0.22,15.11,38.325095382563376,36.97168904611778
2016-03-11,4.25,10.86,-0.51,1.25,18.39,38.325095382563376,36.97168904611778
2016-03-12,3.97,11.74,-2.92,0.0,19.41,38.325095382563376,36.97168904611778
2016-03-13,5.6,13.58,0.42,0.0,20.09,38.325095382563376,36.97168904611778
2016-03-14,2.73,6.94,0.16,12.26,4.82,38.325095382563376,36.97168904611778
2016-03-15,-1.08,4.45,-5.31,2.06,12.64,38.325095382563376,36.97168904611778
2016-03-16,-3.56,0.91,-8.66,0.09,14.66,38.325095382563376,36.97168904611778
2016-03-17,-4.7,1.87,-9.63,0.0,21.74,38.325095382563376,36.97168904611778
2016-03-18,-1.56,5.79,-7.17,0.0,22.21,38.325095382563376,36.97168904611778
2016-03-19,1.15,6.34,-4.33,1.2,10.3,38.325095382563376,36.97168904611778
2016-03-20,0.33,4.97,-5.96,0.76,11.8,38.325095382563376,36.97168904611778
2016-03-21,-0.97,5.68,-5.86,0.0,15.03,38.325095382563376,36.97168904611778
2016-03-22,0.8,6.91,-4.88,0.0,16.31,38.325095382563376,36.97168904611778
2016-03-23,5.1,13.98,-2.13,0.0,20.43,38.325095382563376,36.97168904611778
2016-03-24,7.08,13.59,1.39,0.0,18.19,38.325095382563376,36.97168904611778
2016-03-25,5.05,10.89,0.76,0.04,16.06,38.325095382563376,36.97168904611778
2016-03-26,4.04,8.13,-0.01,0.88,14.16,38.325095382563376,36.97168904611778
2016-03-27,2.91,9.5,-2.56,2.19,14.45,38.325095382563376,36.97168904611778
2016-03-28,-0.12,3.76,-5.81,7.28,10.64,38.325095382563376,36.97168904611778
2016-03-29,-2.04,4.48,-6.38,0.0,14.88,38.325095382563376,36.97168904611778
2016-03-30,0.64,6.32,-4.98,0.02,18.25,38.325095382563376,36.97168904611778
2016-03-31,1.22,7.1,-3.43,0.0,18.84,38.325095382563376,36.97168904611778
2016-04-01,5.76,13.57,-3.43,0.0,23.47,38.325095382563376,36.97168904611778
2016-04-02,8.22,15.27,2.14,0.02,17.1,38.325095382563376,36.97168904611778
2016-04-03,5.06,12.8,-2.09,0.0,20.69,38.325095382563376,36.97168904611778
2016-04-04,6.54,16.21,-3.02,0.0,24.58,38.325095382563376,36.97168904611778
2016-04-05,10.25,18.02,3.62,0.0,24.03,38.325095382563376,36.97168904611778
2016-04-06,11.16,18.19,4.47,0.0,22.51,38.325095382563376,36.97168904611778
2016-04-07,11.75,17.62,6.61,0.0,20.74,38.325095382563376,36.97168904611778
2016-04-08,11.96,18.94,6.4,0.0,19.16,38.325095382563376,36.97168904611778
2016-04-09,11.45,18.16,5.7,0.83,13.45,38.325095382563376,36.97168904611778
2016-04-10,9.03,14.16,3.51,6.36,14.77,38.325095382563376,36.97168904611778
2016-04-11,6.95,13.39,1.82,0.29,19.41,38.325095382563376,36.97168904611778
2016-04-12,5.34,8.82,2.41,4.46,13.94,38.325095382563376,36.97168904611778
2016-04-13,6.09,11.8,1.27,1.5,15.15,38.325095382563376,36.97168904611778
2016-04-14,7.38,15.51,1.16,0.02,24.56,38.325095382563376,36.97168904611778
2016-04-15,9.47,17.08,1.67,0.09,20.94,38.325095382563376,36.97168904611778
2016-04-16,8.24,16.69,2.08,0.0,27.67,38.325095382563376,36.97168904611778
2016-04-17,9.12,18.46,0.15,0.0,27.96,38.325095382563376,36.97168904611778
2016-04-18,9.79,18.48,1.68,0.0,28.42,38.325095382563376,36.97168904611778
2016-04-19,12.81,20.7,3.03,0.0,26.53,38.325095382563376,36.97168904611778
2016-04-20,13.67,20.86,6.66,0.0,25.37,38.325095382563376,36.97168904611778
2016-04-21,8.88,18.62,-1.68,0.01,19.74,38.325095382563376,36.97168904611778
2016-04-22,6.45,16.28,-5.4,0.0,29.91,38.325095382563376,36.97168904611778
2016-04-23,11.31,19.42,4.7,0.0,25.44,38.325095382563376,36.97168904611778
2016-04-24,10.24,17.29,5.04,0.0,19.2,38.325095382563376,36.97168904611778
2016-04-25,10.72,18.19,3.96,0.0,22.38,38.325095382563376,36.97168904611778
2016-04-26,9.34,17.57,3.4,4.04,12.2,38.325095382563376,36.97168904611778
2016-04-27,10.46,17.22,4.01,1.06,23.44,38.325095382563376,36.97168904611778
2016-04-28,8.47,16.48,0.9,0.0,24.81,38.325095382563376,36.97168904611778
2016-04-29,8.55,16.82,-0.67,0.0,29.48,38.325095382563376,36.97168904611778
2016-04-30,9.49,14.86,5.22,0.81,12.6,38.325095382563376,36.97168904611778
2016-05-01,10.15,16.62,4.89,0.0,18.73,38.325095382563376,36.97168904611778
2016-05-02,11.59,20.0,2.57,0.16,23.54,38.325095382563376,36.97168904611778
2016-05-03,12.66,19.98,6.61,0.08,20.59,38.325095382563376,36.97168904611778
2016-05-04,9.41,14.82,6.56,2.9,20.41,38.325095382563376,36.97168904611778
2016-05-05,7.96,12.5,4.08,4.07,14.82,38.325095382563376,36.97168904611778
2016-05-06,5.32,8.11,2.45,4.64,16.57,38.325095382563376,36.97168904611778
2016-05-07,6.39,11.39,1.68,2.46,15.7,38.325095382563376,36.97168904611778
2016-05-08,8.54,16.17,-0.07,0.19,25.53,38.325095382563376,36.97168904611778
2016-05-09,11.32,18.41,1.78,0.0,22.22,38.325095382563376,36.97168904611778
2016-05-10,11.3,17.72,5.72,1.02,20.71,38.325095382563376,36.97168904611778
2016-05-11,11.54,18.92,4.08,0.4,25.04,38.325095382563376,36.97168904611778
2016-05-12,13.08,20.78,4.79,0.13,25.15,38.325095382563376,36.97168904611778
2016-05-13,14.21,21.8,8.24,1.95,19.81,38.325095382563376,36.97168904611778
2016-05-14,15.4,22.91,8.22,0.48,25.74,38.325095382563376,36.97168904611778
2016-05-15,15.54,21.65,11.07,0.06,17.74,38.325095382563376,36.97168904611778
2016-05-16,14.79,22.12,8.85,0.06,28.53,38.325095382563376,36.97168904611778
2016-05-17,15.08,23.39,7.22,0.35,29.13,38.325095382563376,36.97168904611778
2016-05-18,12.22,20.28,5.45,7.38,21.34,38.325095382563376,36.97168904611778
2016-05-19,9.5,15.45,5.33,2.01,18.56,38.325095382563376,36.97168904611778
2016-05-20,10.32,18.64,2.37,0.0,28.75,38.325095382563376,36.97168904611778
2016-05-21,12.9,19.52,3.62,0.0,21.76,38.325095382563376,36.97168904611778
2016-05-22,14.7,22.44,8.03,1.16,24.31,38.325095382563376,36.97168904611778
2016-05-23,12.43,19.63,7.01,3.13,19.2,38.325095382563376,36.97168904611778
2016-05-24,10.6,17.01,5.25,0.14,16.77,38.325095382563376,36.97168904611778
2016-05-25,11.94,20.06,3.52,2.25,26.83,38.325095382563376,36.97168904611778
2016-05-26,11.33,16.35,6.74,9.18,24.33,38.325095382563376,36.97168904611778
2016-05-27,10.31,15.18,5.74,6.93,20.66,38.325095382563376,36.97168904611778
2016-05-28,9.24,14.13,5.22,4.63,16.44,38.325095382563376,36.97168904611778
2016-05-29,8.85,14.92,4.48,3.26,12.6,38.325095382563376,36.97168904611778
2016-05-30,11.09,17.41,4.49,0.5,20.53,38.325095382563376,36.97168904611778
2016-05-31,12.0,17.12,5.57,1.11,21.39,38.325095382563376,36.97168904611778
2016-06-01,14.32,21.98,6.69,0.22,26.64,38.325095382563376,36.97168904611778
2016-06-02,15.23,23.43,6.36,0.0,28.39,38.325095382563376,36.97168904611778
2016-06-03,16.22,23.52,9.58,1.3,20.16,38.325095382563376,36.97168904611778
2016-06-04,15.92,24.22,8.5,0.13,28.69,38.325095382563376,36.97168904611778
2016-06-05,15.1,22.61,8.49,0.87,26.3,38.325095382563376,36.97168904611778
2016-06-06,14.44,21.77,6.59,1.43,25.27,38.325095382563376,36.97168904611778
2016-06-07,12.67,17.79,7.38,4.35,16.97,38.325095382563376,36.97168904611778
2016-06-08,11.63,17.42,5.73,0.39,19.14,38.325095382563376,36.97168904611778
2016-06-09,10.22,14.69,5.87,3.98,14.39,38.325095382563376,36.97168904611778
2016-06-10,11.54,19.43,3.77,0.02,26.35,38.325095382563376,36.97168904611778
2016-06-11,12.63,20.41,4.44,0.0,29.52,38.325095382563376,36.97168904611778
2016-06-12,14.82,22.8,6.32,0.0,30.26,38.325095382563376,36.97168904611778
2016-06-13,17.67,25.87,10.01,0.0,31.71,38.325095382563376,36.97168904611778
2016-06-14,17.83,25.5,10.02,0.0,26.43,38.325095382563376,36.97168904611778
2016-06-15,17.41,24.13,10.02,0.84,16.73,38.325095382563376,36.97168904611778
2016-06-16,14.36,20.97,8.03,0.0,27.2,38.325095382563376,36.97168904611778
2016-06-17,14.23,20.81,8.81,0.0,26.86,38.325095382563376,36.97168904611778
2016-06-18,16.35,24.38,8.87,0.03,27.45,38.325095382563376,36.97168904611778
2016-06-19,17.64,25.39,9.48,0.05,27.78,38.325095382563376,36.97168904611778
2016-06-20,18.57,26.62,10.02,0.0,28.67,38.325095382563376,36.97168904611778
2016-06-21,19.33,27.6,11.26,0.0,29.43,38.325095382563376,36.97168904611778
2016-06-22,20.73,28.97,11.88,0.0,29.8,38.325095382563376,36.97168904611778
2016-06-23,22.02,30.44,13.13,0.01,26.36,38.325095382563376,36.97168904611778
2016-06-24,20.18,28.46,13.08,0.08,29.64,38.325095382563376,36.97168904611778
2016-06-25,19.97,28.16,12.2,0.0,28.54,38.325095382563376,36.97168904611778
2016-06-26,21.64,30.75,12.33,0.0,31.82,38.325095382563376,36.97168904611778
2016-06-27,23.18,31.78,14.89,0.86,27.11,38.325095382563376,36.97168904611778
2016-06-28,20.57,27.07,13.95,0.1,26.85,38.325095382563376,36.97168904611778
2016-06-29,20.17,27.5,12.98,0.56,23.74,38.325095382563376,36.97168904611778
2016-06-30,18.21,25.21,11.92,1.04,22.8,38.325095382563376,36.97168904611778
2016-07-01,17.61,24.63,10.56,0.02,22.9,38.325095382563376,36.97168904611778
2016-07-02,18.35,25.89,11.55,0.0,25.01,38.325095382563376,36.97168904611778
2016-07-03,19.03,27.36,11.35,0.05,29.53,38.325095382563376,36.97168904611778
2016-07-04,18.43,26.97,11.28,0.79,26.05,38.325095382563376,36.97168904611778
2016-07-05,17.25,24.96,10.88,0.28,22.82,38.325095382563376,36.97168904611778
2016-07-06,18.08,25.78,10.59,1.57,26.84,38.325095382563376,36.97168904611778
2016-07-07,19.18,26.24,11.28,4.95,23.39,38.325095382563376,36.97168904611778
2016-07-08,17.76,24.46,10.84,0.3,25.79,38.325095382563376,36.97168904611778
2016-07-09,16.29,25.49,8.07,0.0,32.0,38.325095382563376,36.97168904611778
2016-07-10,16.74,25.74,7.33,0.0,31.97,38.325095382563376,36.97168904611778
2016-07-11,15.16,23.43,7.76,0.0,31.58,38.325095382563376,36.97168904611778
2016-07-12,17.11,27.51,6.9,0.0,32.35,38.325095382563376,36.97168904611778
2016-07-13,21.67,31.08,10.1,0.0,32.38,38.325095382563376,36.97168904611778
2016-07-14,22.93,31.83,13.29,0.0,30.58,38.325095382563376,36.97168904611778
2016-07-15,23.65,32.06,15.76,0.0,29.7,38.325095382563376,36.97168904611778
2016-07-16,23.44,32.53,15.1,0.0,30.53,38.325095382563376,36.97168904611778
2016-07-17,23.42,33.82,12.13,0.0,32.23,38.325095382563376,36.97168904611778
2016-07-18,25.86,35.02,15.88,0.0,30.39,38.325095382563376,36.97168904611778
2016-07-19,23.54,31.93,16.3,0.0,26.39,38.325095382563376,36.97168904611778
2016-07-20,23.16,32.45,14.08,0.09,29.22,38.325095382563376,36.97168904611778
2016-07-21,21.72,30.99,13.11,0.69,24.84,38.325095382563376,36.97168904611778
2016-07-22,20.74,28.17,13.64,0.05,26.14,38.325095382563376,36.97168904611778
2016-07-23,20.5,29.73,11.55,0.0,31.04,38.325095382563376,36.97168904611778
2016-07-24,17.48,26.8,9.29,0.0,31.53,38.325095382563376,36.97168904611778
2016-07-25,17.37,27.16,8.7,0.0,30.7,38.325095382563376,36.97168904611778
2016-07-26,19.29,29.81,8.97,0.0,31.22,38.325095382563376,36.97168904611778
2016-07-27,19.77,29.73,9.79,0.01,31.2,38.325095382563376,36.97168904611778
2016-07-28,19.04,28.77,9.1,0.0,30.3,38.325095382563376,36.97168904611778
2016-07-29,19.54,29.66,9.4,0.0,30.25,38.325095382563376,36.97168904611778
2016-07-30,20.15,28.75,11.02,0.0,29.7,38.325095382563376,36.97168904611778
2016-07-31,19.55,28.78,10.51,0.0,29.65,38.325095382563376,36.97168904611778
2016-08-01,20.15,29.9,10.08,0.0,30.06,38.325095382563376,36.97168904611778
2016-08-02,21.68,31.67,11.7,0.0,30.48,38.325095382563376,36.97168904611778
2016-08-03,22.97,32.37,13.05,0.0,28.01,38.325095382563376,36.97168904611778
2016-08-04,23.7,32.66,14.35,0.0,26.22,38.325095382563376,36.97168904611778
2016-08-05,23.04,32.26,13.84,0.0,26.93,38.325095382563376,36.97168904611778
2016-08-06,23.46,32.5,14.39,0.07,20.19,38.325095382563376,36.97168904611778
2016-08-07,22.24,30.16,14.34,0.0,27.26,38.325095382563376,36.97168904611778
2016-08-08,21.05,29.52,12.86,0.0,28.21,38.325095382563376,36.97168904611778
2016-08-09,22.87,32.03,12.85,0.0,28.88,38.325095382563376,36.97168904611778
2016-08-10,24.83,33.89,15.13,0.0,26.08,38.325095382563376,36.97168904611778
2016-08-11,23.37,31.8,15.86,0.0,28.08,38.325095382563376,36.97168904611778
2016-08-12,23.04,32.02,13.44,0.0,28.32,38.325095382563376,36.97168904611778
2016-08-13,24.37,32.33,15.29,0.0,25.73,38.325095382563376,36.97168904611778
2016-08-14,21.9,29.13,15.37,0.0,20.4,38.325095382563376,36.97168904611778
2016-08-15,20.61,28.99,12.86,0.02,24.3,38.325095382563376,36.97168904611778
2016-08-16,21.89,31.43,12.59,0.0,25.2,38.325095382563376,36.97168904611778
2016-08-17,19.85,27.81,13.05,0.0,24.66,38.325095382563376,36.97168904611778
2016-08-18,20.65,29.84,12.17,0.0,27.13,38.325095382563376,36.97168904611778
2016-08-19,22.97,32.75,12.06,0.0,28.26,38.325095382563376,36.97168904611778
2016-08-20,25.39,33.36,19.07,0.0,26.12,38.325095382563376,36.97168904611778
2016-08-21,24.52,33.11,16.73,0.0,25.69,38.325095382563376,36.97168904611778
2016-08-22,22.77,31.43,15.71,0.0,27.02,38.325095382563376,36.97168904611778
2016-08-23,23.16,32.56,15.04,0.0,25.74,38.325095382563376,36.97168904611778
2016-08-24,24.36,33.27,15.52,0.0,22.81,38.325095382563376,36.97168904611778
2016-08-25,24.79,32.59,19.19,0.0,23.99,38.325095382563376,36.97168904611778
2016-08-26,23.7,32.41,16.21,0.0,25.31,38.325095382563376,36.97168904611778
2016-08-27,21.58,31.48,12.71,0.0,25.3,38.325095382563376,36.97168904611778
2016-08-28,21.59,31.02,14.35,0.0,25.47,38.325095382563376,36.97168904611778
2016-08-29,21.28,31.74,12.55,0.0,25.83,38.325095382563376,36.97168904611778
2016-08-30,22.26,31.89,14.01,0.0,25.34,38.325095382563376,36.97168904611778
2016-08-31,21.62,30.18,14.52,0.0,23.74,38.325095382563376,36.97168904611778
2016-09-01,17.19,25.11,11.27,0.0,19.6,38.325095382563376,36.97168904611778
2016-09-02,16.05,25.68,7.22,0.0,26.14,38.325095382563376,36.97168904611778
2016-09-03,17.81,27.03,8.13,0.27,18.45,38.325095382563376,36.97168904611778
2016-09-04,16.32,22.68,10.93,0.28,19.84,38.325095382563376,36.97168904611778
2016-09-05,16.59,25.22,8.95,0.0,23.2,38.325095382563376,36.97168904611778
2016-09-06,17.2,25.61,9.29,0.0,23.66,38.325095382563376,36.97168904611778
2016-09-07,16.74,25.24,9.65,0.0,24.07,38.325095382563376,36.97168904611778
2016-09-08,16.57,27.23,6.44,0.0,25.37,38.325095382563376,36.97168904611778
2016-09-09,18.07,28.53,8.69,0.0,24.56,38.325095382563376,36.97168904611778
2016-09-10,18.0,27.55,9.21,0.0,24.44,38.325095382563376,36.97168904611778
2016-09-11,19.65,28.51,11.79,0.0,22.61,38.325095382563376,36.97168904611778
2016-09-12,20.37,28.4,12.62,0.0,20.24,38.325095382563376,36.97168904611778
2016-09-13,19.76,28.39,12.84,0.01,21.96,38.325095382563376,36.97168904611778
2016-09-14,17.42,24.23,11.31,0.08,17.56,38.325095382563376,36.97168904611778
2016-09-15,16.64,23.29,10.98,0.86,15.5,38.325095382563376,36.97168904611778
2016-09-16,14.17,20.59,8.14,0.83,19.53,38.325095382563376,36.97168904611778
2016-09-17,11.79,20.83,3.9,0.0,23.98,38.325095382563376,36.97168904611778
2016-09-18,13.51,23.18,4.66,0.0,23.41,38.325095382563376,36.97168904611778
2016-09-19,15.66,24.24,7.41,0.0,22.03,38.325095382563376,36.97168904611778
2016-09-20,15.63,22.63,10.54,0.39,16.69,38.325095382563376,36.97168904611778
2016-09-21,14.64,20.55,11.15,4.53,18.34,38.325095382563376,36.97168904611778
2016-09-22,13.61,19.43,8.55,4.94,12.78,38.325095382563376,36.97168904611778
2016-09-23,10.16,16.35,3.22,2.34,9.49,38.325095382563376,36.97168904611778
2016-09-24,6.23,13.76,1.24,0.0,20.08,38.325095382563376,36.97168904611778
2016-09-25,7.24,15.84,0.11,0.0,22.33,38.325095382563376,36.97168904611778
2016-09-26,10.07,18.52,3.53,0.0,20.46,38.325095382563376,36.97168904611778
2016-09-27,10.36,19.98,2.69,0.0,21.24,38.325095382563376,36.97168904611778
2016-09-28,8.25,15.12,2.67,0.0,17.67,38.325095382563376,36.97168904611778
2016-09-29,8.25,16.26,3.28,0.06,20.3,38.325095382563376,36.97168904611778
2016-09-30,8.01,15.41,2.16,0.08,18.12,38.325095382563376,36.97168904611778
2016-10-01,10.22,20.93,-0.45,0.02,21.25,38.325095382563376,36.97168904611778
2016-10-02,13.64,21.66,8.05,0.0,20.73,38.325095382563376,36.97168904611778
2016-10-03,15.09,22.32,9.03,0.0,19.14,38.325095382563376,36.97168904611778
2016-10-04,16.18,23.06,10.32,0.0,19.13,38.325095382563376,36.97168904611778
2016-10-05,15.39,23.55,9.64,0.0,19.01,38.325095382563376,36.97168904611778
2016-10-06,14.79,22.64,9.87,0.0,18.99,38.325095382563376,36.97168904611778
2016-10-07,14.33,22.53,7.49,0.0,19.29,38.325095382563376,36.97168904611778
2016-10-08,13.89,22.37,7.22,0.0,18.51,38.325095382563376,36.97168904611778
2016-10-09,14.24,22.27,8.33,0.0,15.8,38.325095382563376,36.97168904611778
2016-10-10,12.69,21.22,5.91,0.0,17.92,38.325095382563376,36.97168904611778
2016-10-11,13.37,20.96,7.91,0.0,16.92,38.325095382563376,36.97168904611778
2016-10-12,14.14,20.97,8.76,1.49,13.41,38.325095382563376,36.97168904611778
2016-10-13,14.16,22.13,8.09,0.0,15.91,38.325095382563376,36.97168904611778
2016-10-14,11.01,18.18,3.24,0.0,11.83,38.325095382563376,36.97168904611778
2016-10-15,5.6,13.73,0.15,0.0,17.42,38.325095382563376,36.97168904611778
2016-10-16,8.0,18.4,-1.66,0.0,17.81,38.325095382563376,36.97168904611778
2016-10-17,10.37,19.6,3.49,0.16,14.92,38.325095382563376,36.97168904611778
2016-10-18,8.22,16.55,1.03,0.4,11.65,38.325095382563376,36.97168904611778
2016-10-19,8.07,16.08,1.43,0.0,15.96,38.325095382563376,36.97168904611778
2016-10-20,7.94,16.54,2.12,0.25,16.88,38.325095382563376,36.97168904611778
2016-10-21,8.89,17.74,0.37,0.0,16.94,38.325095382563376,36.97168904611778
2016-10-22,10.28,18.75,4.77,0.0,16.1,38.325095382563376,36.97168904611778
2016-10-23,9.91,18.05,4.49,0.0,15.38,38.325095382563376,36.97168904611778
2016-10-24,8.9,16.01,3.62,0.0,12.96,38.325095382563376,36.97168904611778
2016-10-25,5.7,13.59,0.72,0.0,15.23,38.325095382563376,36.97168904611778
2016-10-26,3.61,12.81,-3.47,0.0,16.86,38.325095382563376,36.97168904611778
2016-10-27,7.04,15.4,1.14,0.0,12.25,38.325095382563376,36.97168904611778
2016-10-28,8.87,15.32,3.92,0.48,12.24,38.325095382563376,36.97168904611778
2016-10-29,8.72,16.48,4.02,0.29,12.06,38.325095382563376,36.97168904611778
2016-10-30,6.95,13.92,1.39,2.56,6.82,38.325095382563376,36.97168904611778
2016-10-31,4.3,11.31,-0.11,2.59,9.92,38.325095382563376,36.97168904611778
2016-11-01,0.02,4.92,-4.63,5.18,11.44,38.325095382563376,36.97168904611778
2016-11-02,-2.14,3.85,-5.99,0.0,14.57,38.325095382563376,36.97168904611778
2016-11-03,2.39,10.36,-3.58,0.0,14.83,38.325095382563376,36.97168904611778
2016-11-04,4.69,12.38,-0.28,0.0,14.51,38.325095382563376,36.97168904611778
2016-11-05,4.55,12.16,-0.38,0.01,13.71,38.325095382563376,36.97168904611778
2016-11-06,5.4,12.41,-0.58,0.02,13.4,38.325095382563376,36.97168904611778
2016-11-07,6.54,13.24,2.06,0.0,9.5,38.325095382563376,36.97168904611778
2016-11-08,7.18,14.6,2.31,0.0,10.94,38.325095382563376,36.97168904611778
2016-11-09,9.17,17.15,4.97,0.0,11.06,38.325095382563376,36.97168904611778
2016-11-10,8.18,15.95,4.27,0.23,12.55,38.325095382563376,36.97168904611778
2016-11-11,7.08,13.23,3.27,2.69,10.13,38.325095382563376,36.97168904611778
2016-11-12,6.54,12.14,1.91,0.0,11.62,38.325095382563376,36.97168904611778
2016-11-13,7.05,13.66,1.99,0.0,10.41,38.325095382563376,36.97168904611778
2016-11-14,7.84,14.55,3.17,0.0,11.86,38.325095382563376,36.97168904611778
2016-11-15,8.15,14.44,4.7,0.05,10.49,38.325095382563376,36.97168904611778
2016-11-16,1.19,7.03,-5.01,5.86,4.49,38.325095382563376,36.97168904611778
2016-11-17,-3.84,2.73,-7.69,0.6,10.78,38.325095382563376,36.97168904611778
2016-11-18,-2.12,5.3,-7.96,1.21,12.67,38.325095382563376,36.97168904611778
2016-11-19,1.67,10.0,-3.28,0.0,12.64,38.325095382563376,36.97168904611778
2016-11-20,1.68,9.14,-1.4,0.0,12.78,38.325095382563376,36.97168904611778
2016-11-21,0.94,8.09,-2.43,0.0,12.41,38.325095382563376,36.97168904611778
2016-11-22,-0.94,6.66,-4.41,0.0,12.57,38.325095382563376,36.97168904611778
2016-11-23,1.2,9.84,-4.64,0.0,12.81,38.325095382563376,36.97168904611778
2016-11-24,1.71,8.54,-2.09,0.0,12.46,38.325095382563376,36.97168904611778
2016-11-25,2.25,8.76,-0.7,0.0,12.1,38.325095382563376,36.97168904611778
2016-11-26,1.8,7.82,-1.05,0.0,11.35,38.325095382563376,36.97168904611778
2016-11-27,0.34,7.14,-3.19,0.0,11.35,38.325095382563376,36.97168904611778
2016-11-28,-0.76,7.32,-4.77,0.0,11.45,38.325095382563376,36.97168904611778
2016-11-29,-0.82,5.43,-3.63,0.25,5.43,38.325095382563376,36.97168904611778
2016-11-30,-1.48,0.63,-3.37,5.62,3.02,38.325095382563376,36.97168904611778
2016-12-01,-2.15,0.78,-3.91,9.92,2.73,38.325095382563376,36.97168904611778
2016-12-02,-6.26,-2.8,-12.87,3.21,3.31,38.325095382563376,36.97168904611778
2016-12-03,-5.98,1.22,-12.9,0.05,5.62,38.325095382563376,36.97168904611778
2016-12-04,-2.45,2.34,-6.91,0.04,5.33,38.325095382563376,36.97168904611778
2016-12-05,-4.39,1.59,-11.89,0.01,6.42,38.325095382563376,36.97168904611778
2016-12-06,-5.99,3.28,-13.73,0.0,10.01,38.325095382563376,36.97168904611778
2016-12-07,-5.47,0.79,-9.25,0.06,8.45,38.325095382563376,36.97168904611778
2016-12-08,-9.04,-4.15,-12.71,0.0,10.48,38.325095382563376,36.97168904611778
2016-12-09,-6.08,2.05,-12.54,0.0,10.6,38.325095382563376,36.97168904611778
2016-12-10,-3.12,3.7,-7.12,0.38,9.53,38.325095382563376,36.97168904611778
2016-12-11,-2.91,4.08,-7.78,0.01,6.32,38.325095382563376,36.97168904611778
2016-12-12,-0.83,2.97,-4.67,1.11,7.51,38.325095382563376,36.97168904611778
2016-12-13,-0.9,1.31,-5.35,12.23,3.11,38.325095382563376,36.97168904611778
2016-12-14,-10.39,-6.37,-13.06,3.53,2.55,38.325095382563376,36.97168904611778
2016-12-15,-12.0,-6.06,-16.25,0.0,10.73,38.325095382563376,36.97168904611778
2016-12-16,-8.87,-3.72,-13.25,0.07,6.97,38.325095382563376,36.97168904611778
2016-12-17,-12.44,-5.8,-17.0,0.0,9.8,38.325095382563376,36.97168904611778
2016-12-18,-14.71,-5.75,-20.67,0.0,10.67,38.325095382563376,36.97168904611778
2016-12-19,-13.35,-4.31,-17.62,0.0,10.86,38.325095382563376,36.97168904611778
2016-12-20,-11.44,-3.89,-17.72,0.0,10.46,38.325095382563376,36.97168904611778
2016-12-21,-9.54,-7.42,-11.55,1.58,7.84,38.325095382563376,36.97168904611778
2016-12-22,-7.73,-3.59,-10.98,1.13,4.76,38.325095382563376,36.97168904611778
2016-12-23,-6.75,-1.25,-10.78,0.05,5.76,38.325095382563376,36.97168904611778
2016-12-24,-4.35,0.3,-7.63,0.04,7.1,38.325095382563376,36.97168904611778
2016-12-25,-4.72,-0.23,-9.31,0.16,7.96,38.325095382563376,36.97168904611778
2016-12-26,-5.65,-0.68,-10.34,2.15,6.4,38.325095382563376,36.97168904611778
2016-12-27,-2.44,-0.4,-4.81,4.55,3.54,38.325095382563376,36.97168904611778
2016-12-28,-4.33,-0.34,-8.4,0.45,6.68,38.325095382563376,36.97168904611778
2016-12-29,-3.06,-2.03,-5.82,1.77,4.89,38.325095382563376,36.97168904611778
2016-12-30,-2.93,-0.57,-6.7,1.51,3.34,38.325095382563376,36.97168904611778
2016-12-31,-3.74,-0.9,-9.06,2.9,4.44,38.325095382563376,36.97168904611778
2017-01-01,-8.3,-3.4,-13.05,0.05,8.36,38.325095382563376,36.97168904611778
2017-01-02,-8.41,-1.9,-13.73,0.29,8.92,38.325095382563376,36.97168904611778
2017-01-03,-6.91,-2.33,-11.76,0.51,8.19,38.325095382563376,36.97168904611778
2017-01-04,-9.97,-2.59,-13.57,0.04,9.27,38.325095382563376,36.97168904611778
2017-01-05,-5.77,-1.84,-10.81,0.62,6.96,38.325095382563376,36.97168904611778
2017-01-06,-3.76,-0.52,-5.49,0.24,7.7,38.325095382563376,36.97168904611778
2017-01-07,-3.0,-0.94,-5.8,1.39,7.6,38.325095382563376,36.97168904611778
2017-01-08,-2.18,-1.04,-3.85,5.52,8.11,38.325095382563376,36.97168904611778
2017-01-09,-6.43,-2.56,-11.57,4.28,3.16,38.325095382563376,36.97168904611778
2017-01-10,-10.44,-3.82,-14.84,0.03,8.71,38.325095382563376,36.97168904611778
2017-01-11,-7.08,-1.33,-10.82,0.05,9.46,38.325095382563376,36.97168904611778
2017-01-12,-7.5,-1.96,-11.9,1.13,9.9,38.325095382563376,36.97168904611778
2017-01-13,-11.68,-5.76,-17.88,1.44,11.62,38.325095382563376,36.97168904611778
2017-01-14,-8.84,-2.78,-14.8,0.0,8.1,38.325095382563376,36.97168904611778
2017-01-15,-7.79,-1.28,-11.73,0.0,11.85,38.325095382563376,36.97168904611778
2017-01-16,-5.32,-0.35,-10.08,0.0,11.21,38.325095382563376,36.97168904611778
2017-01-17,-4.81,-0.52,-7.66,0.0,10.4,38.325095382563376,36.97168904611778
2017-01-18,-4.49,0.56,-9.59,0.01,11.3,38.325095382563376,36.97168904611778
2017-01-19,-5.77,0.65,-9.75,0.04,11.97,38.325095382563376,36.97168904611778
2017-01-20,-6.45,0.19,-10.54,0.04,11.29,38.325095382563376,36.97168904611778
2017-01-21,-11.52,-4.22,-16.85,0.0,12.63,38.325095382563376,36.97168904611778
2017-01-22,-11.13,-2.4,-17.26,0.0,13.23,38.325095382563376,36.97168904611778
2017-01-23,-8.07,0.1,-14.98,0.0,13.76,38.325095382563376,36.97168904611778
2017-01-24,-5.58,1.36,-10.87,0.23,12.49,38.325095382563376,36.97168904611778
2017-01-25,-3.61,0.59,-7.32,2.28,10.48,38.325095382563376,36.97168904611778
2017-01-26,-3.91,0.93,-9.4,5.28,8.47,38.325095382563376,36.97168904611778
2017-01-27,-10.42,-8.14,-12.86,0.89,11.01,38.325095382563376,36.97168904611778
2017-01-28,-12.54,-8.85,-15.39,0.01,12.47,38.325095382563376,36.97168904611778
2017-01-29,-12.6,-5.56,-17.17,0.0,14.33,38.325095382563376,36.97168904611778
2017-01-30,-10.32,-4.0,-15.73,0.27,13.18,38.325095382563376,36.97168904611778
2017-01-31,-13.69,-11.57,-15.83,0.49,13.24,38.325095382563376,36.97168904611778
2017-02-01,-13.83,-8.91,-17.85,0.0,13.93,38.325095382563376,36.97168904611778
2017-02-02,-11.77,-2.58,-17.83,0.0,15.05,38.325095382563376,36.97168904611778
2017-02-03,-6.74,1.29,-14.04,0.0,15.39,38.325095382563376,36.97168904611778
2017-02-04,-3.56,2.37,-8.49,0.04,13.12,38.325095382563376,36.97168904611778
2017-02-05,-2.69,1.42,-5.99,0.73,10.97,38.325095382563376,36.97168904611778
2017-02-06,-2.03,2.94,-6.14,0.41,12.27,38.325095382563376,36.97168904611778
2017-02-07,-0.57,5.57,-4.23,0.0,13.52,38.325095382563376,36.97168904611778
2017-02-08,-0.46,4.24,-2.73,0.0,11.86,38.325095382563376,36.97168904611778
2017-02-09,-0.57,2.86,-2.93,0.0,12.71,38.325095382563376,36.97168904611778
2017-02-10,-0.49,4.35,-3.96,0.0,14.59,38.325095382563376,36.97168904611778
2017-02-11,-1.18,3.0,-4.3,0.04,15.13,38.325095382563376,36.97168904611778
2017-02-12,-4.29,0.22,-8.91,0.03,14.62,38.325095382563376,36.97168904611778
2017-02-13,-7.72,-1.61,-11.65,0.0,15.91,38.325095382563376,36.97168904611778
2017-02-14,-8.4,-2.47,-13.08,0.0,15.97,38.325095382563376,36.97168904611778
2017-02-15,-9.45,-4.25,-14.37,0.1,15.31,38.325095382563376,36.97168904611778
2017-02-16,-8.36,-3.52,-12.26,0.03,13.36,38.325095382563376,36.97168904611778
2017-02-17,-8.93,-2.16,-13.29,0.0,17.54,38.325095382563376,36.97168904611778
2017-02-18,-3.84,4.82,-10.9,0.0,16.8,38.325095382563376,36.97168904611778
2017-02-19,-1.06,5.81,-6.41,0.0,16.77,38.325095382563376,36.97168904611778
2017-02-20,-0.06,6.61,-3.95,0.0,17.6,38.325095382563376,36.97168904611778
2017-02-21,-0.17,5.27,-3.87,0.0,15.58,38.325095382563376,36.97168904611778
2017-02-22,0.19,5.05,-3.28,0.05,16.57,38.325095382563376,36.97168904611778
2017-02-23,0.2,7.3,-3.65,0.02,18.13,38.325095382563376,36.97168904611778
2017-02-24,1.38,8.54,-2.35,0.01,17.55,38.325095382563376,36.97168904611778
2017-02-25,1.95,9.5,-2.18,0.0,18.6,38.325095382563376,36.97168904611778
2017-02-26,4.07,10.52,-1.39,0.0,14.21,38.325095382563376,36.97168904611778
2017-02-27,5.14,11.8,1.05,0.0,17.44,38.325095382563376,36.97168904611778
2017-02-28,4.63,12.02,0.19,0.0,16.54,38.325095382563376,36.97168904611778
2017-03-01,3.04,9.25,-0.38,0.0,13.66,38.325095382563376,36.97168904611778
2017-03-02,2.87,9.0,-0.95,0.1,14.74,38.325095382563376,36.97168904611778
2017-03-03,0.7,4.75,-1.82,2.34,10.1,38.325095382563376,36.97168904611778
2017-03-04,-0.87,3.88,-5.06,4.87,7.07,38.325095382563376,36.97168904611778
2017-03-05,1.56,9.85,-5.64,0.26,16.16,38.325095382563376,36.97168904611778
2017-03-06,3.87,11.13,-0.27,0.0,19.45,38.325095382563376,36.97168904611778
2017-03-07,3.5,10.04,-1.38,0.0,17.47,38.325095382563376,36.97168904611778
2017-03-08,3.39,10.7,-1.32,0.0,17.1,38.325095382563376,36.97168904611778
2017-03-09,3.99,11.31,-0.65,0.0,16.93,38.325095382563376,36.97168904611778
2017-03-10,3.97,10.41,-0.98,1.14,15.13,38.325095382563376,36.97168904611778
2017-03-11,1.44,5.47,-0.72,5.96,7.84,38.325095382563376,36.97168904611778
2017-03-12,1.75,6.09,-0.99,4.72,6.44,38.325095382563376,36.97168904611778
2017-03-13,1.48,5.14,-1.73,13.31,8.58,38.325095382563376,36.97168904611778
2017-03-14,-0.57,4.69,-6.14,3.7,6.08,38.325095382563376,36.97168904611778
2017-03-15,-2.23,2.92,-5.72,0.41,8.68,38.325095382563376,36.97168904611778
2017-03-16,-1.42,3.63,-5.8,0.11,12.89,38.325095382563376,36.97168904611778
2017-03-17,-1.02,1.86,-4.17,3.93,9.24,38.325095382563376,36.97168904611778
2017-03-18,-3.02,0.82,-8.59,7.5,7.7,38.325095382563376,36.97168904611778
2017-03-19,-0.07,8.62,-8.35,0.01,16.65,38.325095382563376,36.97168904611778
2017-03-20,-0.87,2.74,-4.52,0.49,14.2,38.325095382563376,36.97168904611778
2017-03-21,-0.16,4.9,-3.69,0.91,14.45,38.325095382563376,36.97168904611778
2017-03-22,0.18,7.43,-5.38,0.38,15.57,38.325095382563376,36.97168904611778
2017-03-23,0.24,8.72,-5.68,0.0,22.27,38.325095382563376,36.97168904611778
2017-03-24,1.87,11.39,-5.14,0.0,23.09,38.325095382563376,36.97168904611778
2017-03-25,4.6,13.32,-3.01,0.0,22.84,38.325095382563376,36.97168904611778
2017-03-26,5.66,13.13,-0.16,0.03,18.69,38.325095382563376,36.97168904611778
2017-03-27,4.1,8.53,1.51,1.42,17.99,38.325095382563376,36.97168904611778
2017-03-28,3.0,9.83,-3.41,0.22,18.41,38.325095382563376,36.97168904611778
2017-03-29,4.07,12.46,-3.96,0.0,23.24,38.325095382563376,36.97168904611778
2017-03-30,5.71,12.59,0.26,1.18,19.87,38.325095382563376,36.97168904611778
2017-03-31,4.92,9.88,1.82,5.1,16.16,38.325095382563376,36.97168904611778
2017-04-01,4.21,7.82,1.05,2.04,17.96,38.325095382563376,36.97168904611778
2017-04-02,3.55,11.13,-4.03,1.59,17.71,38.325095382563376,36.97168904611778
2017-04-03,2.23,11.51,-5.98,0.0,25.25,38.325095382563376,36.97168904611778
2017-04-04,6.19,15.14,-3.12,0.0,25.32,38.325095382563376,36.97168904611778
2017-04-05,6.99,14.73,1.01,0.0,23.6,38.325095382563376,36.97168904611778
2017-04-06,6.05,12.84,-0.15,2.18,18.06,38.325095382563376,36.97168904611778
2017-04-07,5.47,10.33,1.37,1.2,16.26,38.325095382563376,36.97168904611778
2017-04-08,3.73,8.29,-0.81,8.97,13.35,38.325095382563376,36.97168904611778
2017-04-09,-0.64,4.92,-5.49,1.73,11.86,38.325095382563376,36.97168904611778
2017-04-10,-0.38,6.34,-5.66,0.42,16.8,38.325095382563376,36.97168904611778
2017-04-11,0.54,7.92,-6.09,0.4,25.53,38.325095382563376,36.97168904611778
2017-04-12,3.16,10.89,-4.36,0.49,16.04,38.325095382563376,36.97168904611778
2017-04-13,4.59,6.79,2.2,8.63,8.35,38.325095382563376,36.97168904611778
2017-04-14,5.57,8.99,2.31,7.37,10.23,38.325095382563376,36.97168904611778
2017-04-15,5.92,12.57,0.41,0.74,15.22,38.325095382563376,36.97168904611778
2017-04-16,7.05,14.87,-0.03,0.0,22.86,38.325095382563376,36.97168904611778
2017-04-17,6.83,13.75,1.17,0.05,24.68,38.325095382563376,36.97168904611778
2017-04-18,5.72,11.34,0.18,4.12,21.02,38.325095382563376,36.97168904611778
2017-04-19,7.75,14.94,3.1,0.0,21.76,38.325095382563376,36.97168904611778
2017-04-20,8.14,15.48,2.37,0.0,25.84,38.325095382563376,36.97168904611778
2017-04-21,9.03,16.47,3.72,0.0,14.18,38.325095382563376,36.97168904611778
2017-04-22,10.54,19.1,2.8,0.05,21.05,38.325095382563376,36.97168904611778
2017-04-23,7.45,13.28,-2.48,0.01,19.58,38.325095382563376,36.97168904611778
2017-04-24,2.73,11.29,-5.08,0.02,27.59,38.325095382563376,36.97168904611778
2017-04-25,3.12,11.99,-3.91,0.02,29.87,38.325095382563376,36.97168904611778
2017-04-26,7.11,16.44,-3.73,0.0,30.24,38.325095382563376,36.97168904611778
2017-04-27,10.09,17.59,2.98,0.0,29.05,38.325095382563376,36.97168904611778
2017-04-28,11.47,18.99,4.87,0.25,20.54,38.325095382563376,36.97168904611778
2017-04-29,12.74,18.68,4.95,0.0,25.96,38.325095382563376,36.97168904611778
2017-04-30,13.34,20.43,6.39,0.0,24.71,38.325095382563376,36.97168904611778
2017-05-01,12.08,18.64,6.93,0.25,16.83,38.325095382563376,36.97168904611778
2017-05-02,9.31,12.58,3.96,4.85,12.5,38.325095382563376,36.97168904611778
2017-05-03,6.3,11.28,2.65,2.86,7.42,38.325095382563376,36.97168904611778
2017-05-04,9.17,16.1,2.18,0.81,17.52,38.325095382563376,36.97168904611778
2017-05-05,10.97,18.93,3.39,0.31,24.42,38.325095382563376,36.97168904611778
2017-05-06,11.48,19.05,4.67,2.35,23.5,38.325095382563376,36.97168904611778
2017-05-07,7.97,11.14,2.8,8.39,8.81,38.325095382563376,36.97168904611778
2017-05-08,10.57,17.35,2.14,0.52,21.83,38.325095382563376,36.97168904611778
2017-05-09,12.3,18.93,6.19,0.03,17.33,38.325095382563376,36.97168904611778
2017-05-10,14.25,21.86,7.79,0.41,21.35,38.325095382563376,36.97168904611778
2017-05-11,11.1,17.79,3.48,0.01,25.3,38.325095382563376,36.97168904611778
2017-05-12,10.42,19.31,0.72,0.0,31.04,38.325095382563376,36.97168904611778
2017-05-13,15.0,23.52,5.2,0.0,28.29,38.325095382563376,36.97168904611778
2017-05-14,17.13,25.23,9.27,0.0,25.62,38.325095382563376,36.97168904611778
2017-05-15,12.5,19.16,5.96,0.02,25.57,38.325095382563376,36.97168904611778
2017-05-16,10.22,17.71,4.08,0.03,22.06,38.325095382563376,36.97168904611778
2017-05-17,11.74,21.02,2.03,0.08,28.06,38.325095382563376,36.97168904611778
2017-05-18,10.96,18.69,6.0,0.62,14.23,38.325095382563376,36.97168904611778
2017-05-19,12.17,19.73,5.58,5.39,18.6,38.325095382563376,36.97168904611778
2017-05-20,7.48,12.43,3.84,3.82,11.92,38.325095382563376,36.97168904611778
2017-05-21,9.17,17.42,-0.31,0.01,28.74,38.325095382563376,36.97168904611778
2017-05-22,9.13,14.67,5.22,2.51,16.67,38.325095382563376,36.97168904611778
2017-05-23,7.35,10.66,1.72,10.82,12.01,38.325095382563376,36.97168904611778
2017-05-24,8.09,16.17,0.29,0.0,26.44,38.325095382563376,36.97168904611778
2017-05-25,12.01,19.6,3.9,0.02,27.09,38.325095382563376,36.97168904611778
2017-05-26,12.18,17.25,7.18,4.59,20.48,38.325095382563376,36.97168904611778
2017-05-27,11.64,18.74,4.3,2.16,22.13,38.325095382563376,36.97168904611778
2017-05-28,11.3,17.09,4.3,1.95,21.59,38.325095382563376,36.97168904611778
2017-05-29,13.2,22.2,4.6,0.0,31.09,38.325095382563376,36.97168904611778
2017-05-30,12.33,20.47,3.45,0.68,31.24,38.325095382563376,36.97168904611778
2017-05-31,11.04,17.81,4.93,3.46,21.28,38.325095382563376,36.97168904611778
2017-06-01,10.91,17.55,5.69,0.01,18.95,38.325095382563376,36.97168904611778
2017-06-02,12.0,19.42,3.55,0.05,22.13,38.325095382563376,36.97168904611778
2017-06-03,14.8,23.17,5.22,0.08,27.3,38.325095382563376,36.97168904611778
2017-06-04,17.37,24.54,8.44,0.65,26.44,38.325095382563376,36.97168904611778
2017-06-05,18.83,26.03,10.86,0.06,26.03,38.325095382563376,36.97168904611778
2017-06-06,18.03,25.71,10.05,0.06,28.35,38.325095382563376,36.97168904611778
2017-06-07,15.67,23.81,7.76,0.0,30.33,38.325095382563376,36.97168904611778
2017-06-08,18.06,26.64,7.97,0.0,31.56,38.325095382563376,36.97168904611778
2017-06-09,20.07,28.7,12.97,0.13,28.41,38.325095382563376,36.97168904611778
2017-06-10,15.68,21.86,8.67,1.37,21.84,38.325095382563376,36.97168904611778
2017-06-11,15.11,23.41,6.7,0.0,27.27,38.325095382563376,36.97168904611778
2017-06-12,16.28,24.69,8.18,0.0,28.66,38.325095382563376,36.97168904611778
2017-06-13,17.9,27.33,8.44,0.08,29.8,38.325095382563376,36.97168904611778
2017-06-14,13.33,18.26,8.62,2.51,13.96,38.325095382563376,36.97168904611778
2017-06-15,14.1,21.9,6.03,0.0,24.62,38.325095382563376,36.97168904611778
2017-06-16,14.34,21.96,6.81,0.01,24.74,38.325095382563376,36.97168904611778
2017-06-17,14.95,24.09,4.07,0.0,31.45,38.325095382563376,36.97168904611778
2017-06-18,17.8,25.9,9.96,0.78,25.46,38.325095382563376,36.97168904611778
2017-06-19,16.53,24.14,11.56,6.02,23.12,38.325095382563376,36.97168904611778
2017-06-20,13.78,19.97,8.17,0.25,20.88,38.325095382563376,36.97168904611778
2017-06-21,13.12,20.38,6.52,0.2,19.23,38.325095382563376,36.97168904611778
2017-06-22,13.61,21.38,6.45,0.08,22.99,38.325095382563376,36.97168904611778
2017-06-23,15.23,23.8,6.61,0.0,30.47,38.325095382563376,36.97168904611778
2017-06-24,17.36,26.39,7.12,0.0,32.23,38.325095382563376,36.97168904611778
2017-06-25,19.0,27.61,10.44,0.0,31.63,38.325095382563376,36.97168904611778
2017-06-26,20.41,30.15,9.38,0.0,32.55,38.325095382563376,36.97168904611778
2017-06-27,21.85,31.13,12.55,0.0,31.73,38.325095382563376,36.97168904611778
2017-06-28,22.29,31.25,12.66,0.0,30.11,38.325095382563376,36.97168904611778
2017-06-29,21.45,29.5,13.68,0.0,30.5,38.325095382563376,36.97168904611778
2017-06-30,19.56,27.66,12.37,0.0,32.29,38.325095382563376,36.97168904611778
2017-07-01,20.75,30.4,11.68,0.0,32.52,38.325095382563376,36.97168904611778
2017-07-02,24.34,32.91,13.12,0.0,32.39,38.325095382563376,36.97168904611778
2017-07-03,26.74,34.67,19.68,0.0,30.98,38.325095382563376,36.97168904611778
2017-07-04,25.66,34.48,17.41,0.0,30.21,38.325095382563376,36.97168904611778
2017-07-05,21.4,30.15,12.91,0.0,28.95,38.325095382563376,36.97168904611778
2017-07-06,20.9,30.33,12.74,0.0,30.86,38.325095382563376,36.97168904611778
2017-07-07,16.73,24.99,10.0,0.0,29.63,38.325095382563376,36.97168904611778
2017-07-08,16.08,25.71,6.34,0.0,32.49,38.325095382563376,36.97168904611778
2017-07-09,18.02,28.64,6.97,0.0,32.43,38.325095382563376,36.97168904611778
2017-07-10,19.41,29.41,9.12,0.0,32.4,38.325095382563376,36.97168904611778
2017-07-11,20.04,30.65,9.21,0.0,31.78,38.325095382563376,36.97168904611778
2017-07-12,19.88,31.01,8.62,0.0,32.78,38.325095382563376,36.97168904611778
2017-07-13,19.55,29.45,9.27,0.0,32.49,38.325095382563376,36.97168904611778
2017-07-14,20.28,29.99,10.06,0.0,31.92,38.325095382563376,36.97168904611778
2017-07-15,21.61,30.96,11.04,0.0,30.59,38.325095382563376,36.97168904611778
2017-07-16,23.8,33.09,13.84,0.0,27.68,38.325095382563376,36.97168904611778
2017-07-17,24.55,33.62,16.17,0.0,31.12,38.325095382563376,36.97168904611778
2017-07-18,24.64,33.49,16.63,0.0,31.23,38.325095382563376,36.97168904611778
2017-07-19,23.93,32.97,14.31,0.0,26.95,38.325095382563376,36.97168904611778
2017-07-20,22.94,31.96,13.9,0.0,29.05,38.325095382563376,36.97168904611778
2017-07-21,23.31,32.7,13.66,0.0,29.8,38.325095382563376,36.97168904611778
2017-07-22,23.48,32.98,13.9,0.0,30.2,38.325095382563376,36.97168904611778
2017-07-23,20.82,28.87,13.86,0.0,30.68,38.325095382563376,36.97168904611778
2017-07-24,19.81,29.02,11.4,0.0,30.56,38.325095382563376,36.97168904611778
2017-07-25,19.21,27.87,10.55,0.0,30.38,38.325095382563376,36.97168904611778
2017-07-26,23.1,32.0,12.87,0.0,29.21,38.325095382563376,36.97168904611778
2017-07-27,25.22,34.03,16.93,0.0,27.44,38.325095382563376,36.97168904611778
2017-07-28,21.97,30.57,13.89,0.0,30.13,38.325095382563376,36.97168904611778
2017-07-29,20.67,29.15,11.62,0.0,28.28,38.325095382563376,36.97168904611778
2017-07-30,20.76,30.61,11.32,0.0,30.14,38.325095382563376,36.97168904611778
2017-07-31,23.1,33.91,11.2,0.0,29.96,38.325095382563376,36.97168904611778
2017-08-01,25.15,35.21,13.58,0.0,29.06,38.325095382563376,36.97168904611778
2017-08-02,25.83,34.54,18.07,0.0,29.24,38.325095382563376,36.97168904611778
2017-08-03,25.4,34.33,17.44,0.15,26.31,38.325095382563376,36.97168904611778
2017-08-04,22.86,31.49,14.11,0.04,24.71,38.325095382563376,36.97168904611778
2017-08-05,22.19,30.95,14.0,0.7,26.02,38.325095382563376,36.97168904611778
2017-08-06,22.98,31.67,15.22,0.01,28.85,38.325095382563376,36.97168904611778
2017-08-07,23.37,31.82,16.07,0.0,29.01,38.325095382563376,36.97168904611778
2017-08-08,25.13,34.19,16.71,0.0,27.89,38.325095382563376,36.97168904611778
2017-08-09,25.88,35.65,15.19,0.0,26.54,38.325095382563376,36.97168904611778
2017-08-10,25.38,35.17,15.65,0.0,28.14,38.325095382563376,36.97168904611778
2017-08-11,24.59,33.87,14.68,0.0,27.69,38.325095382563376,36.97168904611778
2017-08-12,24.08,32.95,14.69,0.0,25.54,38.325095382563376,36.97168904611778
2017-08-13,23.92,31.78,15.74,0.0,22.14,38.325095382563376,36.97168904611778
2017-08-14,24.79,32.72,17.3,0.0,27.13,38.325095382563376,36.97168904611778
2017-08-15,24.05,32.54,14.43,0.0,25.13,38.325095382563376,36.97168904611778
2017-08-16,22.32,29.55,16.67,0.71,19.21,38.325095382563376,36.97168904611778
2017-08-17,23.05,30.13,15.25,0.0,24.58,38.325095382563376,36.97168904611778
2017-08-18,23.91,32.2,14.9,0.03,23.06,38.325095382563376,36.97168904611778
2017-08-19,23.42,31.3,15.7,1.37,23.65,38.325095382563376,36.97168904611778
2017-08-20,23.67,31.85,15.45,0.0,24.92,38.325095382563376,36.97168904611778
2017-08-21,21.91,30.07,15.03,0.0,26.96,38.325095382563376,36.97168904611778
2017-08-22,21.42,29.67,12.75,0.0,25.21,38.325095382563376,36.97168904611778
2017-08-23,20.98,28.53,13.56,0.01,24.79,38.325095382563376,36.97168904611778
2017-08-24,21.56,30.2,12.73,0.0,25.61,38.325095382563376,36.97168904611778
2017-08-25,20.8,30.64,12.51,0.0,26.11,38.325095382563376,36.97168904611778
2017-08-26,19.9,29.82,11.53,0.0,25.73,38.325095382563376,36.97168904611778
2017-08-27,20.07,30.75,9.97,0.0,26.02,38.325095382563376,36.97168904611778
2017-08-28,21.4,31.04,11.63,0.0,23.3,38.325095382563376,36.97168904611778
2017-08-29,21.06,28.59,13.01,0.01,21.57,38.325095382563376,36.97168904611778
2017-08-30,20.0,26.36,13.84,0.07,21.19,38.325095382563376,36.97168904611778
2017-08-31,19.74,28.19,11.99,0.0,22.49,38.325095382563376,36.97168904611778
2017-09-01,18.64,27.6,10.58,0.0,25.6,38.325095382563376,36.97168904611778
2017-09-02,18.71,28.55,9.98,0.0,26.53,38.325095382563376,36.97168904611778
2017-09-03,21.09,30.43,10.99,0.0,26.26,38.325095382563376,36.97168904611778
2017-09-04,23.17,31.97,15.94,0.0,25.77,38.325095382563376,36.97168904611778
2017-09-05,21.98,31.04,14.44,0.0,24.35,38.325095382563376,36.97168904611778
2017-09-06,19.06,27.04,12.28,0.16,21.49,38.325095382563376,36.97168904611778
2017-09-07,14.03,22.21,7.64,0.09,25.29,38.325095382563376,36.97168904611778
2017-09-08,18.6,29.31,7.01,0.0,25.63,38.325095382563376,36.97168904611778
2017-09-09,20.91,30.87,13.46,0.0,25.47,38.325095382563376,36.97168904611778
2017-09-10,20.03,30.22,11.13,0.0,24.41,38.325095382563376,36.97168904611778
2017-09-11,20.1,29.49,11.94,0.0,23.17,38.325095382563376,36.97168904611778
2017-09-12,21.34,30.28,13.88,0.0,22.98,38.325095382563376,36.97168904611778
2017-09-13,22.15,30.92,13.91,0.0,22.99,38.325095382563376,36.97168904611778
2017-09-14,22.45,30.84,13.84,0.0,22.75,38.325095382563376,36.97168904611778
2017-09-15,23.99,31.16,18.29,0.0,18.8,38.325095382563376,36.97168904611778
2017-09-16,23.43,30.24,15.6,0.0,17.44,38.325095382563376,36.97168904611778
2017-09-17,23.35,31.49,15.37,0.0,17.81,38.325095382563376,36.97168904611778
2017-09-18,23.48,31.47,15.6,0.0,15.53,38.325095382563376,36.97168904611778
2017-09-19,22.47,29.93,16.67,0.0,17.61,38.325095382563376,36.97168904611778
2017-09-20,21.93,29.29,14.97,0.0,18.52,38.325095382563376,36.97168904611778
2017-09-21,21.33,28.98,13.9,0.0,17.99,38.325095382563376,36.97168904611778
2017-09-22,19.25,26.76,12.45,0.0,21.39,38.325095382563376,36.97168904611778
2017-09-23,16.13,24.64,9.31,0.0,21.55,38.325095382563376,36.97168904611778
2017-09-24,16.45,25.05,7.7,0.0,21.49,38.325095382563376,36.97168904611778
2017-09-25,17.9,24.8,11.19,0.0,18.89,38.325095382563376,36.97168904611778
2017-09-26,17.8,25.23,11.26,0.08,16.9,38.325095382563376,36.97168904611778
2017-09-27,15.34,23.17,9.71,0.13,18.07,38.325095382563376,36.97168904611778
2017-09-28,13.65,21.8,7.07,0.0,18.13,38.325095382563376,36.97168904611778
2017-09-29,13.63,22.27,5.37,0.01,20.42,38.325095382563376,36.97168904611778
2017-09-30,13.69,22.18,7.57,1.0,13.72,38.325095382563376,36.97168904611778
2017-10-01,13.23,19.45,8.13,0.79,15.6,38.325095382563376,36.97168904611778
2017-10-02,11.33,17.09,5.02,2.12,10.72,38.325095382563376,36.97168904611778
2017-10-03,7.55,15.95,0.71,0.08,13.38,38.325095382563376,36.97168904611778
2017-10-04,6.02,15.92,-2.17,0.01,20.11,38.325095382563376,36.97168904611778
2017-10-05,7.62,17.59,-0.59,0.0,20.6,38.325095382563376,36.97168904611778
2017-10-06,9.49,19.48,1.44,0.0,20.16,38.325095382563376,36.97168904611778
2017-10-07,11.05,19.5,4.8,0.0,19.16,38.325095382563376,36.97168904611778
2017-10-08,11.92,19.72,5.63,0.0,16.06,38.325095382563376,36.97168904611778
2017-10-09,11.74,17.94,7.57,1.51,12.5,38.325095382563376,36.97168904611778
2017-10-10,9.29,15.34,3.88,2.74,9.89,38.325095382563376,36.97168904611778
2017-10-11,7.34,15.02,2.49,0.03,16.35,38.325095382563376,36.97168904611778
2017-10-12,6.8,15.25,1.02,0.0,16.96,38.325095382563376,36.97168904611778
2017-10-13,7.69,16.84,-1.0,0.0,18.73,38.325095382563376,36.97168904611778
2017-10-14,8.39,17.81,1.9,0.0,18.09,38.325095382563376,36.97168904611778
2017-10-15,6.21,14.41,1.13,0.0,16.97,38.325095382563376,36.97168904611778
2017-10-16,6.56,13.72,1.18,0.14,9.94,38.325095382563376,36.97168904611778
2017-10-17,5.39,14.54,-1.16,0.0,17.71,38.325095382563376,36.97168904611778
2017-10-18,7.23,16.56,-0.15,0.0,17.68,38.325095382563376,36.97168904611778
2017-10-19,9.29,17.64,0.78,0.0,17.09,38.325095382563376,36.97168904611778
2017-10-20,10.59,18.26,5.4,0.0,16.37,38.325095382563376,36.97168904611778
2017-10-21,9.7,17.69,4.78,0.0,15.98,38.325095382563376,36.97168904611778
2017-10-22,9.49,17.66,4.39,0.0,16.08,38.325095382563376,36.97168904611778
2017-10-23,9.59,18.48,4.7,0.0,15.92,38.325095382563376,36.97168904611778
2017-10-24,9.25,16.97,3.0,0.0,12.26,38.325095382563376,36.97168904611778
2017-10-25,9.7,17.82,3.31,0.0,11.71,38.325095382563376,36.97168904611778
2017-10-26,8.25,16.06,2.73,0.0,11.52,38.325095382563376,36.97168904611778
2017-10-27,7.83,16.92,0.83,0.0,15.22,38.325095382563376,36.97168904611778
2017-10-28,8.4,15.37,3.69,0.79,11.69,38.325095382563376,36.97168904611778
2017-10-29,9.16,13.36,6.89,4.15,8.43,38.325095382563376,36.97168904611778
2017-10-30,7.55,12.43,1.62,2.23,8.71,38.325095382563376,36.97168904611778
2017-10-31,3.27,10.68,-3.25,0.1,10.19,38.325095382563376,36.97168904611778
2017-11-01,0.35,9.83,-5.15,0.03,14.46,38.325095382563376,36.97168904611778
2017-11-02,1.56,10.36,-5.99,0.0,15.07,38.325095382563376,36.97168904611778
2017-11-03,4.08,11.49,-0.61,0.0,14.53,38.325095382563376,36.97168904611778
2017-11-04,4.34,10.23,0.18,0.1,10.7,38.325095382563376,36.97168904611778
2017-11-05,5.52,9.49,1.32,5.02,5.33,38.325095382563376,36.97168904611778
2017-11-06,5.68,10.84,2.83,1.19,9.35,38.325095382563376,36.97168904611778
2017-11-07,4.91,12.18,0.49,0.0,13.31,38.325095382563376,36.97168904611778
2017-11-08,4.98,12.36,-0.24,0.0,12.04,38.325095382563376,36.97168904611778
2017-11-09,3.16,11.52,-2.43,0.0,12.93,38.325095382563376,36.97168904611778
2017-11-10,4.55,11.77,-1.66,0.0,12.01,38.325095382563376,36.97168904611778
2017-11-11,5.06,11.8,0.9,0.0,12.81,38.325095382563376,36.97168904611778
2017-11-12,5.17,13.41,0.47,0.0,12.65,38.325095382563376,36.97168904611778
2017-11-13,5.11,13.04,0.95,0.0,10.1,38.325095382563376,36.97168904611778
2017-11-14,5.48,12.81,-0.2,0.05,8.98,38.325095382563376,36.97168904611778
2017-11-15,5.42,12.97,0.24,0.0,10.06,38.325095382563376,36.97168904611778
2017-11-16,5.96,13.83,0.03,0.0,12.29,38.325095382563376,36.97168904611778
2017-11-17,5.83,13.88,1.55,0.0,11.97,38.325095382563376,36.97168904611778
2017-11-18,4.79,13.32,-0.73,0.0,9.31,38.325095382563376,36.97168904611778
2017-11-19,3.85,6.91,2.03,0.52,7.0,38.325095382563376,36.97168904611778
2017-11-20,3.99,7.43,2.41,2.66,5.67,38.325095382563376,36.97168904611778
2017-11-21,1.13,4.25,-3.93,11.74,3.41,38.325095382563376,36.97168904611778
2017-11-22,-4.68,-0.37,-7.98,0.03,7.88,38.325095382563376,36.97168904611778
2017-11-23,-2.99,2.29,-7.49,0.92,3.6,38.325095382563376,36.97168904611778
2017-11-24,-2.39,2.53,-4.69,0.74,4.03,38.325095382563376,36.97168904611778
2017-11-25,-1.08,5.53,-4.24,0.0,9.21,38.325095382563376,36.97168904611778
2017-11-26,-0.59,5.35,-3.73,0.0,10.45,38.325095382563376,36.97168904611778
2017-11-27,0.18,7.07,-3.15,0.02,10.85,38.325095382563376,36.97168904611778
2017-11-28,0.59,2.9,-0.97,3.81,3.22,38.325095382563376,36.97168904611778
2017-11-29,0.43,2.57,-2.04,7.22,6.02,38.325095382563376,36.97168904611778
2017-11-30,-0.07,6.36,-4.07,0.0,9.5,38.325095382563376,36.97168904611778
2017-12-01,2.53,10.89,-3.26,0.0,8.83,38.325095382563376,36.97168904611778
2017-12-02,4.84,11.28,1.4,0.0,9.72,38.325095382563376,36.97168904611778
2017-12-03,6.82,14.34,2.98,0.0,9.57,38.325095382563376,36.97168904611778
2017-12-04,4.87,13.18,-0.63,0.0,8.72,38.325095382563376,36.97168904611778
2017-12-05,1.95,8.92,-1.6,4.69,7.87,38.325095382563376,36.97168904611778
2017-12-06,-3.71,-1.16,-6.3,0.87,4.79,38.325095382563376,36.97168904611778
2017-12-07,-5.78,-1.38,-8.95,0.0,6.18,38.325095382563376,36.97168904611778
2017-12-08,-3.18,3.52,-7.09,0.0,10.37,38.325095382563376,36.97168904611778
2017-12-09,-1.48,4.89,-4.3,0.0,10.18,38.325095382563376,36.97168904611778
2017-12-10,-2.08,4.06,-5.22,0.0,8.91,38.325095382563376,36.97168904611778
2017-12-11,-0.05,5.84,-4.84,0.01,9.65,38.325095382563376,36.97168904611778
2017-12-12,3.03,9.45,-0.86,0.0,9.53,38.325095382563376,36.97168904611778
2017-12-13,3.5,9.37,1.01,0.0,8.37,38.325095382563376,36.97168904611778
2017-12-14,3.51,8.4,1.18,0.0,8.9,38.325095382563376,36.97168904611778
2017-12-15,2.72,8.44,-0.58,0.0,9.96,38.325095382563376,36.97168904611778
2017-12-16,1.33,6.53,-2.01,0.14,8.04,38.325095382563376,36.97168904611778
2017-12-17,2.32,6.98,0.35,0.48,5.55,38.325095382563376,36.97168904611778
2017-12-18,1.29,8.65,-2.71,0.11,6.26,38.325095382563376,36.97168904611778
2017-12-19,1.98,6.43,-1.9,1.3,2.98,38.325095382563376,36.97168904611778
2017-12-20,2.46,6.97,0.39,7.07,3.15,38.325095382563376,36.97168904611778
2017-12-21,1.92,8.89,-1.52,0.39,9.06,38.325095382563376,36.97168904611778
2017-12-22,3.1,9.17,-0.94,1.73,5.15,38.325095382563376,36.97168904611778
2017-12-23,3.85,6.5,1.51,3.77,3.48,38.325095382563376,36.97168904611778
2017-12-24,2.52,5.09,-1.32,4.09,5.0,38.325095382563376,36.97168904611778
2017-12-25,-2.74,3.67,-5.93,0.03,8.97,38.325095382563376,36.97168904611778
2017-12-26,1.01,8.7,-5.34,0.0,10.13,38.325095382563376,36.97168904611778
2017-12-27,0.86,7.78,-2.77,0.0,9.03,38.325095382563376,36.97168904611778
2017-12-28,-0.33,5.7,-3.5,0.0,7.3,38.325095382563376,36.97168904611778
2017-12-29,-0.03,6.34,-3.55,0.0,10.13,38.325095382563376,36.97168904611778
2017-12-30,0.78,3.73,-1.0,0.95,5.79,38.325095382563376,36.97168904611778
2017-12-31,0.54,4.18,-1.47,0.91,3.5,38.325095382563376,36.97168904611778
2018-01-01,-1.15,2.82,-4.21,0.74,4.32,38.325095382563376,36.97168904611778
2018-01-02,-2.38,2.47,-5.33,0.0,8.17,38.325095382563376,36.97168904611778
2018-01-03,-0.22,4.89,-4.13,0.92,5.66,38.325095382563376,36.97168904611778
2018-01-04,-0.47,1.63,-2.18,4.41,2.98,38.325095382563376,36.97168904611778
2018-01-05,-1.2,1.81,-2.66,1.2,5.04,38.325095382563376,36.97168904611778
2018-01-06,-1.35,3.12,-4.64,0.66,4.72,38.325095382563376,36.97168904611778
2018-01-07,-0.28,6.67,-5.39,0.0,11.04,38.325095382563376,36.97168904611778
2018-01-08,-1.11,6.2,-4.61,0.01,11.24,38.325095382563376,36.97168904611778
2018-01-09,-1.07,6.69,-4.34,0.0,10.64,38.325095382563376,36.97168904611778
2018-01-10,-0.44,5.92,-5.23,0.0,10.76,38.325095382563376,36.97168904611778
2018-01-11,-0.36,2.55,-4.48,0.2,5.25,38.325095382563376,36.97168904611778
2018-01-12,-1.36,4.74,-5.77,1.08,5.62,38.325095382563376,36.97168904611778
2018-01-13,-0.16,5.14,-2.19,0.18,8.98,38.325095382563376,36.97168904611778
2018-01-14,-0.73,1.9,-1.91,1.91,3.48,38.325095382563376,36.97168904611778
2018-01-15,-2.24,2.12,-5.23,0.31,5.33,38.325095382563376,36.97168904611778
2018-01-16,-2.88,2.7,-7.21,0.18,11.37,38.325095382563376,36.97168904611778
2018-01-17,-2.91,0.32,-4.95,3.26,5.92,38.325095382563376,36.97168904611778
2018-01-18,-0.85,1.51,-4.6,26.89,8.7,38.325095382563376,36.97168904611778
2018-01-19,-5.6,-2.79,-10.86,4.81,5.39,38.325095382563376,36.97168904611778
2018-01-20,-7.04,0.99,-14.77,0.0,11.71,38.325095382563376,36.97168904611778
2018-01-21,-4.06,0.01,-8.37,0.03,9.17,38.325095382563376,36.97168904611778
2018-01-22,-2.45,-0.68,-3.76,0.55,6.03,38.325095382563376,36.97168904611778
2018-01-23,-3.95,-1.14,-6.88,2.86,5.16,38.325095382563376,36.97168904611778
2018-01-24,-5.87,-1.41,-9.53,2.16,3.19,38.325095382563376,36.97168904611778
2018-01-25,-6.6,-2.98,-8.92,10.31,4.23,38.325095382563376,36.97168904611778
2018-01-26,-4.94,-1.11,-8.78,6.26,6.39,38.325095382563376,36.97168904611778
2018-01-27,-7.93,-1.73,-12.15,0.06,8.21,38.325095382563376,36.97168904611778
2018-01-28,-9.62,-1.99,-13.7,0.0,9.01,38.325095382563376,36.97168904611778
2018-01-29,-9.29,-1.74,-13.32,0.0,9.23,38.325095382563376,36.97168904611778
2018-01-30,-7.95,-0.26,-13.5,0.0,12.14,38.325095382563376,36.97168904611778
2018-01-31,-6.1,0.61,-11.76,0.0,13.04,38.325095382563376,36.97168904611778
2018-02-01,-5.72,0.97,-10.19,0.0,14.15,38.325095382563376,36.97168904611778
2018-02-02,-3.4,1.68,-8.28,0.0,12.48,38.325095382563376,36.97168904611778
2018-02-03,-0.67,2.7,-3.31,0.0,11.04,38.325095382563376,36.97168904611778
2018-02-04,1.35,4.92,-1.44,0.01,9.56,38.325095382563376,36.97168904611778
2018-02-05,1.81,8.31,-1.33,0.01,12.79,38.325095382563376,36.97168904611778
2018-02-06,1.58,6.67,-1.74,0.0,13.29,38.325095382563376,36.97168904611778
2018-02-07,2.47,7.18,-0.49,0.0,14.5,38.325095382563376,36.97168904611778
2018-02-08,2.73,8.92,-0.79,0.0,12.44,38.325095382563376,36.97168904611778
2018-02-09,3.35,8.6,-0.1,0.01,12.12,38.325095382563376,36.97168904611778
2018-02-10,1.66,5.22,-0.67,0.22,10.26,38.325095382563376,36.97168904611778
2018-02-11,3.34,10.28,-1.19,0.05,13.06,38.325095382563376,36.97168904611778
2018-02-12,2.42,7.27,-0.94,0.04,12.12,38.325095382563376,36.97168904611778
2018-02-13,-0.8,1.98,-3.51,0.15,8.44,38.325095382563376,36.97168904611778
2018-02-14,0.13,5.68,-3.69,0.03,10.69,38.325095382563376,36.97168904611778
2018-02-15,1.4,6.06,-1.37,0.05,13.85,38.325095382563376,36.97168904611778
2018-02-16,1.21,7.49,-2.54,0.02,12.18,38.325095382563376,36.97168904611778
2018-02-17,1.24,5.53,-1.59,8.91,10.09,38.325095382563376,36.97168904611778
2018-02-18,-2.17,2.14,-7.0,6.71,9.88,38.325095382563376,36.97168904611778
2018-02-19,-0.65,7.47,-8.25,0.0,16.24,38.325095382563376,36.97168904611778
2018-02-20,0.54,4.61,-1.83,2.75,13.39,38.325095382563376,36.97168904611778
2018-02-21,0.29,4.82,-2.55,5.08,10.34,38.325095382563376,36.97168904611778
2018-02-22,1.04,6.29,-2.96,0.6,15.98,38.325095382563376,36.97168904611778
2018-02-23,1.79,6.8,-1.91,0.01,15.74,38.325095382563376,36.97168904611778
2018-02-24,1.8,6.78,-1.27,0.63,15.37,38.325095382563376,36.97168904611778
2018-02-25,-0.51,3.62,-4.42,6.58,7.53,38.325095382563376,36.97168904611778
2018-02-26,-1.03,3.05,-4.65,1.52,11.06,38.325095382563376,36.97168904611778
2018-02-27,0.63,3.91,-1.13,6.0,14.0,38.325095382563376,36.97168904611778
2018-02-28,1.64,5.22,-0.68,0.19,17.5,38.325095382563376,36.97168904611778
2018-03-01,-0.4,4.47,-6.97,2.61,6.98,38.325095382563376,36.97168904611778
2018-03-02,1.12,7.77,-6.59,0.01,10.74,38.325095382563376,36.97168904611778
2018-03-03,4.22,9.24,1.54,0.04,13.15,38.325095382563376,36.97168904611778
2018-03-04,3.43,7.87,-0.27,3.21,8.61,38.325095382563376,36.97168904611778
2018-03-05,4.4,9.5,0.34,0.8,15.33,38.325095382563376,36.97168904611778
2018-03-06,4.01,9.87,0.77,4.21,6.85,38.325095382563376,36.97168904611778
2018-03-07,5.74,12.48,1.02,0.83,13.75,38.325095382563376,36.97168904611778
2018-03-08,5.26,10.38,2.52,5.74,10.0,38.325095382563376,36.97168904611778
2018-03-09,2.0,7.12,-3.7,0.74,9.71,38.325095382563376,36.97168904611778
2018-03-10,2.16,9.94,-3.85,0.0,16.42,38.325095382563376,36.97168904611778
2018-03-11,3.82,10.44,-1.94,0.0,15.83,38.325095382563376,36.97168904611778
2018-03-12,5.54,12.16,-1.56,0.0,18.05,38.325095382563376,36.97168904611778
2018-03-13,6.66,12.62,1.79,0.03,15.63,38.325095382563376,36.97168904611778
2018-03-14,5.09,9.25,2.82,2.87,13.73,38.325095382563376,36.97168904611778
2018-03-15,3.76,7.17,1.57,8.96,13.88,38.325095382563376,36.97168904611778
2018-03-16,1.81,6.23,-3.24,2.04,11.57,38.325095382563376,36.97168904611778
2018-03-17,3.33,10.99,-3.64,0.0,17.46,38.325095382563376,36.97168904611778
2018-03-18,7.85,15.46,1.7,0.0,19.69,38.325095382563376,36.97168904611778
2018-03-19,7.27,14.63,0.45,0.0,19.18,38.325095382563376,36.97168904611778
2018-03-20,7.07,12.31,2.04,0.17,13.7,38.325095382563376,36.97168904611778
2018-03-21,6.41,13.99,-0.24,0.0,20.95,38.325095382563376,36.97168904611778
2018-03-22,7.58,14.42,1.51,0.0,11.13,38.325095382563376,36.97168904611778
2018-03-23,9.04,16.01,4.63,0.0,17.81,38.325095382563376,36.97168904611778
2018-03-24,6.42,13.09,2.61,0.21,10.8,38.325095382563376,36.97168904611778
2018-03-25,5.07,9.73,1.67,0.06,16.84,38.325095382563376,36.97168904611778
2018-03-26,6.97,13.79,2.2,0.0,19.28,38.325095382563376,36.97168904611778
2018-03-27,7.81,15.7,1.87,0.0,21.23,38.325095382563376,36.97168904611778
2018-03-28,8.43,15.06,2.48,1.58,16.87,38.325095382563376,36.97168904611778
2018-03-29,6.6,11.51,2.71,8.25,14.08,38.325095382563376,36.97168904611778
2018-03-30,3.69,9.02,-1.35,2.17,12.47,38.325095382563376,36.97168904611778
2018-03-31,4.5,12.27,-2.76,0.0,24.35,38.325095382563376,36.97168904611778
2018-04-01,6.82,14.01,1.37,0.0,23.54,38.325095382563376,36.97168904611778
2018-04-02,5.55,13.48,-1.76,1.18,18.61,38.325095382563376,36.97168904611778
2018-04-03,1.09,8.62,-4.78,0.01,21.51,38.325095382563376,36.97168904611778
2018-04-04,3.38,13.0,-5.14,0.0,26.11,38.325095382563376,36.97168904611778
2018-04-05,6.8,15.99,-2.01,0.0,25.76,38.325095382563376,36.97168904611778
2018-04-06,9.5,17.17,2.26,0.0,25.96,38.325095382563376,36.97168904611778
2018-04-07,11.2,18.35,6.37,0.0,25.95,38.325095382563376,36.97168904611778
2018-04-08,11.08,17.52,5.47,0.0,18.99,38.325095382563376,36.97168904611778
2018-04-09,9.09,15.95,4.12,0.69,14.02,38.325095382563376,36.97168904611778
2018-04-10,6.88,11.2,3.7,7.75,12.58,38.325095382563376,36.97168904611778
2018-04-11,8.53,14.09,3.5,0.08,16.63,38.325095382563376,36.97168904611778
2018-04-12,9.74,15.18,3.2,0.09,16.32,38.325095382563376,36.97168904611778
2018-04-13,9.84,16.68,3.29,0.0,20.14,38.325095382563376,36.97168904611778
2018-04-14,9.15,17.28,1.94,0.0,25.22,38.325095382563376,36.97168904611778
2018-04-15,5.47,14.12,-2.13,0.0,27.9,38.325095382563376,36.97168904611778
2018-04-16,6.25,16.57,-4.35,0.0,27.41,38.325095382563376,36.97168904611778
2018-04-17,9.62,19.8,-0.72,0.0,27.14,38.325095382563376,36.97168904611778
2018-04-18,12.94,21.69,4.55,0.0,27.81,38.325095382563376,36.97168904611778
2018-04-19,12.88,20.95,5.7,0.0,25.0,38.325095382563376,36.97168904611778
2018-04-20,7.8,13.81,2.17,0.5,16.52,38.325095382563376,36.97168904611778
2018-04-21,3.43,9.75,-1.13,1.7,17.39,38.325095382563376,36.97168904611778
2018-04-22,4.93,13.6,-3.19,0.02,27.99,38.325095382563376,36.97168904611778
2018-04-23,8.41,16.62,0.37,0.0,24.43,38.325095382563376,36.97168904611778
2018-04-24,11.59,19.28,3.02,0.0,24.7,38.325095382563376,36.97168904611778
2018-04-25,13.16,18.98,7.4,0.0,23.89,38.325095382563376,36.97168904611778
2018-04-26,13.74,19.43,8.94,0.01,21.22,38.325095382563376,36.97168904611778
2018-04-27,12.21,18.22,7.61,0.05,19.06,38.325095382563376,36.97168904611778
2018-04-28,12.13,20.23,4.59,0.84,26.03,38.325095382563376,36.97168904611778
2018-04-29,13.01,19.9,4.36,0.03,26.45,38.325095382563376,36.97168904611778
2018-04-30,13.34,18.71,8.93,0.6,15.82,38.325095382563376,36.97168904611778
2018-05-01,11.19,15.19,7.07,6.48,16.69,38.325095382563376,36.97168904611778
2018-05-02,12.4,18.06,5.9,1.13,18.01,38.325095382563376,36.97168904611778
2018-05-03,13.13,18.64,7.44,0.0,20.51,38.325095382563376,36.97168904611778
2018-05-04,14.87,21.17,8.56,0.07,25.79,38.325095382563376,36.97168904611778
2018-05-05,12.96,18.36,8.56,1.62,13.78,38.325095382563376,36.97168904611778
2018-05-06,11.94,18.21,6.59,1.61,23.11,38.325095382563376,36.97168904611778
2018-05-07,10.59,17.0,5.68,10.25,11.63,38.325095382563376,36.97168904611778
2018-05-08,8.3,12.15,5.07,1.62,19.82,38.325095382563376,36.97168904611778
2018-05-09,9.28,14.15,3.99,3.78,16.17,38.325095382563376,36.97168904611778
2018-05-10,9.26,13.72,5.8,5.77,18.19,38.325095382563376,36.97168904611778
2018-05-11,9.55,14.82,5.09,6.46,15.29,38.325095382563376,36.97168904611778
2018-05-12,9.17,14.99,4.94,9.33,12.79,38.325095382563376,36.97168904611778
2018-05-13,8.82,15.54,2.68,1.43,19.55,38.325095382563376,36.97168904611778
2018-05-14,9.69,17.4,2.63,0.02,28.57,38.325095382563376,36.97168904611778
2018-05-15,10.76,18.9,2.22,0.01,30.11,38.325095382563376,36.97168904611778
2018-05-16,12.55,20.86,3.93,0.01,30.99,38.325095382563376,36.97168904611778
2018-05-17,15.51,22.85,7.3,0.0,29.14,38.325095382563376,36.97168904611778
2018-05-18,17.14,24.45,9.24,0.13,24.22,38.325095382563376,36.97168904611778
2018-05-19,15.94,21.91,11.36,1.61,21.17,38.325095382563376,36.97168904611778
2018-05-20,15.39,22.84,9.25,1.06,20.01,38.325095382563376,36.97168904611778
2018-05-21,14.06,20.21,7.18,0.13,26.12,38.325095382563376,36.97168904611778
2018-05-22,14.09,20.95,8.48,0.35,18.8,38.325095382563376,36.97168904611778
2018-05-23,14.39,21.87,6.41,0.45,25.24,38.325095382563376,36.97168904611778
2018-05-24,15.02,22.71,6.64,0.04,28.28,38.325095382563376,36.97168904611778
2018-05-25,15.92,22.95,9.43,0.33,26.98,38.325095382563376,36.97168904611778
2018-05-26,14.71,21.91,8.23,0.04,30.44,38.325095382563376,36.97168904611778
2018-05-27,16.68,23.57,9.62,0.43,27.07,38.325095382563376,36.97168904611778
2018-05-28,15.75,22.44,10.91,0.51,18.31,38.325095382563376,36.97168904611778
2018-05-29,13.95,18.18,10.09,1.7,13.76,38.325095382563376,36.97168904611778
2018-05-30,13.18,19.29,8.23,5.19,22.0,38.325095382563376,36.97168904611778
2018-05-31,13.16,18.02,8.1,2.64,16.88,38.325095382563376,36.97168904611778
2018-06-01,12.75,17.48,8.78,0.91,16.55,38.325095382563376,36.97168904611778
2018-06-02,13.68,19.2,7.54,0.97,20.47,38.325095382563376,36.97168904611778
2018-06-03,15.22,22.26,7.22,0.34,29.94,38.325095382563376,36.97168904611778
2018-06-04,15.14,20.03,8.98,2.71,31.09,38.325095382563376,36.97168904611778
2018-06-05,15.96,21.03,10.35,2.29,25.91,38.325095382563376,36.97168904611778
2018-06-06,15.99,22.0,9.15,0.85,22.63,38.325095382563376,36.97168904611778
2018-06-07,17.37,24.97,10.28,0.77,28.05,38.325095382563376,36.97168904611778
2018-06-08,17.17,24.82,9.84,0.06,29.31,38.325095382563376,36.97168904611778
2018-06-09,16.82,24.9,8.45,0.0,31.13,38.325095382563376,36.97168904611778
2018-06-10,18.84,27.08,9.97,0.04,30.87,38.325095382563376,36.97168904611778
2018-06-11,17.93,23.92,11.1,2.77,25.87,38.325095382563376,36.97168904611778
2018-06-12,17.89,25.38,9.54,0.02,27.35,38.325095382563376,36.97168904611778
2018-06-13,17.51,22.75,13.0,3.61,19.38,38.325095382563376,36.97168904611778
2018-06-14,15.87,20.43,10.92,0.47,22.22,38.325095382563376,36.97168904611778
2018-06-15,17.19,22.52,12.27,1.2,22.13,38.325095382563376,36.97168904611778
2018-06-16,17.29,24.59,10.14,0.36,26.65,38.325095382563376,36.97168904611778
2018-06-17,16.56,23.44,10.33,0.65,22.82,38.325095382563376,36.97168904611778
2018-06-18,15.99,21.59,10.53,0.47,22.48,38.325095382563376,36.97168904611778
2018-06-19,17.16,24.0,8.99,1.17,24.41,38.325095382563376,36.97168904611778
2018-06-20,18.53,25.73,11.32,0.56,22.92,38.325095382563376,36.97168904611778
2018-06-21,17.41,23.39,11.69,0.19,24.06,38.325095382563376,36.97168904611778
2018-06-22,17.37,23.47,10.87,0.21,23.77,38.325095382563376,36.97168904611778
2018-06-23,17.86,24.66,10.42,0.0,25.55,38.325095382563376,36.97168904611778
2018-06-24,18.99,25.76,11.92,0.46,23.54,38.325095382563376,36.97168904611778
2018-06-25,19.89,27.7,11.81,3.0,25.75,38.325095382563376,36.97168904611778
2018-06-26,20.79,28.91,12.49,0.46,29.4,38.325095382563376,36.97168904611778
2018-06-27,22.66,30.57,13.53,0.0,28.53,38.325095382563376,36.97168904611778
2018-06-28,22.97,31.78,14.75,0.0,30.28,38.325095382563376,36.97168904611778
2018-06-29,21.5,30.7,12.73,0.0,32.35,38.325095382563376,36.97168904611778
2018-06-30,20.24,29.05,12.42,0.0,31.76,38.325095382563376,36.97168904611778
2018-07-01,21.45,30.11,11.08,0.0,30.88,38.325095382563376,36.97168904611778
2018-07-02,22.64,32.13,12.72,0.0,31.72,38.325095382563376,36.97168904611778
2018-07-03,22.69,32.68,13.18,0.0,31.21,38.325095382563376,36.97168904611778
2018-07-04,21.57,31.24,12.92,0.0,30.99,38.325095382563376,36.97168904611778
2018-07-05,19.08,28.05,10.96,0.0,29.47,38.325095382563376,36.97168904611778
2018-07-06,18.34,27.21,10.0,0.0,31.24,38.325095382563376,36.97168904611778
2018-07-07,18.47,27.49,9.38,0.0,32.35,38.325095382563376,36.97168904611778
2018-07-08,20.6,29.77,10.84,0.0,31.72,38.325095382563376,36.97168904611778
2018-07-09,23.21,32.14,14.47,0.0,30.69,38.325095382563376,36.97168904611778
2018-07-10,24.78,33.95,15.11,0.0,31.54,38.325095382563376,36.97168904611778
2018-07-11,25.61,35.12,14.68,0.0,31.24,38.325095382563376,36.97168904611778
2018-07-12,24.27,34.21,14.28,0.0,28.74,38.325095382563376,36.97168904611778
2018-07-13,22.76,31.6,15.48,0.0,27.22,38.325095382563376,36.97168904611778
2018-07-14,20.61,29.01,14.14,0.0,21.38,38.325095382563376,36.97168904611778
2018-07-15,18.35,25.52,12.55,0.0,23.02,38.325095382563376,36.97168904611778
2018-07-16,18.22,26.37,9.79,0.0,28.37,38.325095382563376,36.97168904611778
2018-07-17,19.48,27.84,11.02,0.0,31.04,38.325095382563376,36.97168904611778
2018-07-18,20.73,28.67,11.81,0.0,30.2,38.325095382563376,36.97168904611778
2018-07-19,22.05,30.34,13.37,0.23,25.0,38.325095382563376,36.97168904611778
2018-07-20,20.64,28.14,13.16,0.14,24.13,38.325095382563376,36.97168904611778
2018-07-21,20.25,28.12,12.1,0.02,26.27,38.325095382563376,36.97168904611778
2018-07-22,19.75,28.35,10.94,0.0,30.37,38.325095382563376,36.97168904611778
2018-07-23,20.11,28.42,11.58,0.0,29.9,38.325095382563376,36.97168904611778
2018-07-24,22.13,31.03,14.63,0.0,25.25,38.325095382563376,36.97168904611778
2018-07-25,21.06,28.5,14.25,0.0,27.47,38.325095382563376,36.97168904611778
2018-07-26,22.12,31.05,13.53,0.02,27.84,38.325095382563376,36.97168904611778
2018-07-27,23.51,32.07,14.34,0.03,27.0,38.325095382563376,36.97168904611778
2018-07-28,23.83,31.94,14.97,0.0,25.7,38.325095382563376,36.97168904611778
2018-07-29,24.5,32.5,15.64,0.0,26.79,38.325095382563376,36.97168904611778
2018-07-30,24.84,32.7,16.29,0.0,27.97,38.325095382563376,36.97168904611778
2018-07-31,25.26,33.55,16.21,0.07,28.1,38.325095382563376,36.97168904611778
2018-08-01,24.4,32.35,16.42,0.01,26.33,38.325095382563376,36.97168904611778
2018-08-02,21.77,29.59,14.84,0.0,25.28,38.325095382563376,36.97168904611778
2018-08-03,20.22,28.24,13.28,0.0,24.87,38.325095382563376,36.97168904611778
2018-08-04,19.56,28.17,11.12,0.0,29.04,38.325095382563376,36.97168904611778
2018-08-05,21.76,30.52,11.58,0.01,27.1,38.325095382563376,36.97168904611778
2018-08-06,22.44,31.15,13.13,0.0,27.45,38.325095382563376,36.97168904611778
2018-08-07,22.05,30.89,13.49,0.0,27.81,38.325095382563376,36.97168904611778
2018-08-08,19.38,27.52,12.68,0.01,23.28,38.325095382563376,36.97168904611778
2018-08-09,18.7,26.34,12.57,0.01,21.0,38.325095382563376,36.97168904611778
2018-08-10,18.29,26.99,10.83,0.0,26.84,38.325095382563376,36.97168904611778
2018-08-11,18.34,28.96,8.33,0.0,28.67,38.325095382563376,36.97168904611778
2018-08-12,18.24,27.34,10.51,0.0,27.43,38.325095382563376,36.97168904611778
2018-08-13,16.94,27.47,7.15,0.0,29.68,38.325095382563376,36.97168904611778
2018-08-14,17.46,28.42,6.87,0.0,29.32,38.325095382563376,36.97168904611778
2018-08-15,19.38,30.53,7.65,0.0,29.11,38.325095382563376,36.97168904611778
2018-08-16,21.91,32.27,11.67,0.0,28.56,38.325095382563376,36.97168904611778
2018-08-17,22.2,31.66,12.72,0.0,28.51,38.325095382563376,36.97168904611778
2018-08-18,21.45,29.84,13.41,0.0,27.08,38.325095382563376,36.97168904611778
2018-08-19,18.59,26.17,12.16,0.0,25.93,38.325095382563376,36.97168904611778
2018-08-20,20.2,29.25,10.73,0.0,26.37,38.325095382563376,36.97168904611778
2018-08-21,21.41,30.32,12.68,0.01,26.64,38.325095382563376,36.97168904611778
2018-08-22,20.2,28.43,12.95,0.0,26.6,38.325095382563376,36.97168904611778
2018-08-23,20.65,30.23,10.8,0.0,26.77,38.325095382563376,36.97168904611778
2018-08-24,21.83,31.52,12.73,0.0,26.97,38.325095382563376,36.97168904611778
2018-08-25,22.52,32.25,13.37,0.0,27.16,38.325095382563376,36.97168904611778
2018-08-26,22.9,32.06,13.42,0.0,26.77,38.325095382563376,36.97168904611778
2018-08-27,22.94,31.82,13.36,0.02,26.23,38.325095382563376,36.97168904611778
2018-08-28,23.08,31.45,14.94,0.04,23.76,38.325095382563376,36.97168904611778
2018-08-29,22.62,30.68,15.71,0.01,24.83,38.325095382563376,36.97168904611778
2018-08-30,21.37,29.82,13.39,0.0,25.34,38.325095382563376,36.97168904611778
2018-08-31,21.21,29.92,12.73,0.0,24.13,38.325095382563376,36.97168904611778
2018-09-01,19.94,29.47,10.92,0.0,25.79,38.325095382563376,36.97168904611778
2018-09-02,19.15,27.74,11.2,0.0,25.88,38.325095382563376,36.97168904611778
2018-09-03,18.98,28.14,11.22,0.0,25.11,38.325095382563376,36.97168904611778
2018-09-04,19.26,28.69,9.86,0.0,25.37,38.325095382563376,36.97168904611778
2018-09-05,21.67,29.84,14.01,0.0,23.85,38.325095382563376,36.97168904611778
2018-09-06,19.5,27.27,12.54,0.1,18.79,38.325095382563376,36.97168904611778
2018-09-07,16.94,23.73,11.26,1.94,17.98,38.325095382563376,36.97168904611778
2018-09-08,16.02,23.43,8.9,0.05,21.79,38.325095382563376,36.97168904611778
2018-09-09,16.76,23.65,8.84,2.37,18.88,38.325095382563376,36.97168904611778
2018-09-10,14.75,19.07,10.23,4.22,16.14,38.325095382563376,36.97168904611778
2018-09-11,14.73,21.85,8.02,0.01,19.28,38.325095382563376,36.97168904611778
2018-09-12,16.9,24.92,9.19,0.0,20.24,38.325095382563376,36.97168904611778
2018-09-13,18.73,28.34,12.03,0.1,18.23,38.325095382563376,36.97168904611778
2018-09-14,17.13,24.58,11.09,0.36,19.33,38.325095382563376,36.97168904611778
2018-09-15,15.22,22.77,8.56,0.02,19.72,38.325095382563376,36.97168904611778
2018-09-16,15.29,23.01,8.34,0.0,20.3,38.325095382563376,36.97168904611778
2018-09-17,14.49,22.53,7.73,0.0,21.54,38.325095382563376,36.97168904611778
2018-09-18,15.04,23.9,7.45,0.0,21.97,38.325095382563376,36.97168904611778
2018-09-19,15.52,25.04,7.54,0.0,22.76,38.325095382563376,36.97168904611778
2018-09-20,16.12,25.89,7.78,0.0,22.53,38.325095382563376,36.97168904611778
2018-09-21,16.83,25.96,9.61,0.0,22.14,38.325095382563376,36.97168904611778
2018-09-22,16.43,25.4,9.04,0.04,22.6,38.325095382563376,36.97168904611778
2018-09-23,15.52,24.1,8.61,0.0,22.33,38.325095382563376,36.97168904611778
2018-09-24,17.27,26.21,7.86,0.0,21.89,38.325095382563376,36.97168904611778
2018-09-25,19.27,27.64,11.33,0.0,21.1,38.325095382563376,36.97168904611778
2018-09-26,14.67,24.29,7.55,0.0,19.85,38.325095382563376,36.97168904611778
2018-09-27,14.2,23.64,5.43,0.0,20.39,38.325095382563376,36.97168904611778
2018-09-28,16.56,25.54,10.75,0.0,20.76,38.325095382563376,36.97168904611778
2018-09-29,16.58,24.72,9.3,0.0,18.55,38.325095382563376,36.97168904611778
2018-09-30,16.55,23.4,11.35,0.11,12.46,38.325095382563376,36.97168904611778
2018-10-01,15.25,21.55,9.94,4.79,17.0,38.325095382563376,36.97168904611778
2018-10-02,14.35,21.69,8.55,0.0,18.83,38.325095382563376,36.97168904611778
2018-10-03,15.07,21.94,8.68,0.0,18.43,38.325095382563376,36.97168904611778
2018-10-04,14.97,22.67,8.55,0.0,18.37,38.325095382563376,36.97168904611778
2018-10-05,10.28,18.18,2.92,0.0,18.09,38.325095382563376,36.97168904611778
2018-10-06,8.39,19.2,0.47,0.0,20.45,38.325095382563376,36.97168904611778
2018-10-07,12.16,21.95,2.88,0.0,19.6,38.325095382563376,36.97168904611778
2018-10-08,13.72,21.33,9.23,0.78,11.67,38.325095382563376,36.97168904611778
2018-10-09,11.02,14.65,8.06,1.49,7.44,38.325095382563376,36.97168904611778
2018-10-10,12.45,19.49,6.4,0.07,15.57,38.325095382563376,36.97168904611778
2018-10-11,11.62,16.77,7.53,0.47,11.92,38.325095382563376,36.97168904611778
2018-10-12,10.22,15.45,6.26,1.35,12.43,38.325095382563376,36.97168904611778
2018-10-13,11.87,17.74,7.28,0.94,13.14,38.325095382563376,36.97168904611778
2018-10-14,12.11,18.79,7.51,0.01,13.64,38.325095382563376,36.97168904611778
2018-10-15,13.4,21.3,6.91,0.0,14.43,38.325095382563376,36.97168904611778
2018-10-16,14.2,20.53,9.04,0.01,12.71,38.325095382563376,36.97168904611778
2018-10-17,12.77,18.12,8.04,0.83,10.7,38.325095382563376,36.97168904611778
2018-10-18,12.02,16.35,8.29,0.46,12.81,38.325095382563376,36.97168904611778
2018-10-19,12.37,18.63,7.41,0.09,13.29,38.325095382563376,36.97168904611778
2018-10-20,10.3,14.24,6.33,1.57,10.65,38.325095382563376,36.97168904611778
2018-10-21,7.48,9.19,5.84,5.1,4.41,38.325095382563376,36.97168904611778
2018-10-22,9.14,15.0,5.23,0.66,10.73,38.325095382563376,36.97168904611778
2018-10-23,9.78,14.91,5.84,0.55,12.76,38.325095382563376,36.97168904611778
2018-10-24,10.45,14.16,7.0,1.08,9.51,38.325095382563376,36.97168904611778
2018-10-25,7.54,10.0,0.26,15.63,3.93,38.325095382563376,36.97168904611778
2018-10-26,0.32,5.24,-4.36,3.74,8.66,38.325095382563376,36.97168904611778
2018-10-27,3.3,11.72,-5.23,0.01,15.09,38.325095382563376,36.97168904611778
2018-10-28,7.76,16.06,2.44,0.0,15.63,38.325095382563376,36.97168904611778
2018-10-29,9.89,17.91,4.36,0.0,15.85,38.325095382563376,36.97168904611778
2018-10-30,10.77,18.63,5.29,0.0,15.74,38.325095382563376,36.97168904611778
2018-10-31,10.3,19.35,4.51,0.0,14.43,38.325095382563376,36.97168904611778
2018-11-01,9.34,18.19,3.28,0.0,15.25,38.325095382563376,36.97168904611778
2018-11-02,9.43,17.49,3.43,0.0,14.63,38.325095382563376,36.97168904611778
2018-11-03,6.52,13.04,1.96,0.0,11.51,38.325095382563376,36.97168904611778
2018-11-04,5.64,10.85,1.46,0.36,9.41,38.325095382563376,36.97168904611778
2018-11-05,5.71,11.29,1.8,1.47,11.1,38.325095382563376,36.97168904611778
2018-11-06,4.84,12.93,-0.46,0.11,11.95,38.325095382563376,36.97168904611778
2018-11-07,5.26,12.3,0.32,0.03,11.75,38.325095382563376,36.97168904611778
2018-11-08,5.7,11.76,1.98,0.0,10.42,38.325095382563376,36.97168904611778
2018-11-09,5.21,10.88,1.72,0.0,10.39,38.325095382563376,36.97168904611778
2018-11-10,3.66,9.51,-1.98,0.0,8.99,38.325095382563376,36.97168904611778
2018-11-11,3.88,8.13,0.93,0.25,7.0,38.325095382563376,36.97168904611778
2018-11-12,3.99,11.77,-1.31,0.04,11.83,38.325095382563376,36.97168904611778
2018-11-13,3.25,10.8,-2.67,0.2,10.66,38.325095382563376,36.97168904611778
2018-11-14,-0.42,6.44,-6.21,0.98,7.59,38.325095382563376,36.97168904611778
2018-11-15,-2.84,2.55,-6.22,0.0,12.28,38.325095382563376,36.97168904611778
2018-11-16,-2.98,1.22,-6.52,4.84,1.77,38.325095382563376,36.97168904611778
2018-11-17,-0.97,5.48,-6.66,0.0,8.16,38.325095382563376,36.97168904611778
2018-11-18,2.1,7.99,-2.08,0.02,7.12,38.325095382563376,36.97168904611778
2018-11-19,3.1,10.8,-0.8,0.04,9.42,38.325095382563376,36.97168904611778
2018-11-20,4.42,11.56,-0.35,0.02,9.98,38.325095382563376,36.97168904611778
2018-11-21,4.56,10.68,1.45,0.06,5.65,38.325095382563376,36.97168904611778
2018-11-22,3.76,8.33,1.45,3.18,6.5,38.325095382563376,36.97168904611778
2018-11-23,2.21,7.32,-1.65,1.24,6.79,38.325095382563376,36.97168904611778
2018-11-24,0.72,5.87,-3.75,0.15,6.4,38.325095382563376,36.97168904611778
2018-11-25,1.53,8.31,-2.48,0.0,8.05,38.325095382563376,36.97168904611778
2018-11-26,1.98,9.14,-2.65,0.28,10.97,38.325095382563376,36.97168904611778
2018-11-27,4.45,8.19,2.86,3.95,5.18,38.325095382563376,36.97168904611778
2018-11-28,5.11,7.67,3.88,0.69,4.44,38.325095382563376,36.97168904611778
2018-11-29,4.6,6.3,3.39,2.95,4.97,38.325095382563376,36.97168904611778
2018-11-30,3.49,5.54,1.4,11.14,3.01,38.325095382563376,36.97168904611778
2018-12-01,2.01,8.13,-1.6,1.98,6.91,38.325095382563376,36.97168904611778
2018-12-02,1.23,6.77,-2.73,0.01,10.13,38.325095382563376,36.97168904611778
2018-12-03,1.33,7.68,-2.15,0.03,8.43,38.325095382563376,36.97168904611778
2018-12-04,1.84,5.42,0.11,7.46,4.14,38.325095382563376,36.97168904611778
2018-12-05,2.14,6.05,0.09,1.65,6.34,38.325095382563376,36.97168904611778
2018-12-06,2.01,5.78,0.14,0.84,3.23,38.325095382563376,36.97168904611778
2018-12-07,1.24,4.18,-1.63,3.78,2.19,38.325095382563376,36.97168904611778
2018-12-08,-0.89,4.31,-4.39,1.22,5.24,38.325095382563376,36.97168904611778
2018-12-09,0.2,5.85,-3.76,0.68,9.52,38.325095382563376,36.97168904611778
2018-12-10,2.64,3.89,1.67,2.9,4.08,38.325095382563376,36.97168904611778
2018-12-11,3.19,5.72,0.59,11.28,5.4,38.325095382563376,36.97168904611778
2018-12-12,0.07,3.54,-6.91,12.38,2.3,38.325095382563376,36.97168904611778
2018-12-13,-5.5,-1.04,-7.72,0.06,6.42,38.325095382563376,36.97168904611778
2018-12-14,-2.5,2.3,-5.24,0.85,2.95,38.325095382563376,36.97168904611778
2018-12-15,-0.24,4.9,-3.16,0.45,7.72,38.325095382563376,36.97168904611778
2018-12-16,-0.54,2.48,-2.6,1.38,4.06,38.325095382563376,36.97168904611778
2018-12-17,-0.47,2.75,-2.62,5.17,6.23,38.325095382563376,36.97168904611778
2018-12-18,-0.03,3.93,-1.89,0.79,6.06,38.325095382563376,36.97168904611778
2018-12-19,0.56,2.07,-1.17,8.02,2.47,38.325095382563376,36.97168904611778
2018-12-20,-0.54,2.63,-4.24,4.64,4.55,38.325095382563376,36.97168904611778
2018-12-21,-1.46,4.52,-5.44,0.02,7.01,38.325095382563376,36.97168904611778
2018-12-22,-1.51,3.48,-4.76,0.0,7.39,38.325095382563376,36.97168904611778
2018-12-23,-0.48,4.36,-4.69,1.2,10.28,38.325095382563376,36.97168904611778
2018-12-24,-2.55,0.9,-6.18,1.0,8.68,38.325095382563376,36.97168904611778
2018-12-25,-1.13,2.27,-5.84,1.65,5.44,38.325095382563376,36.97168904611778
2018-12-26,-2.2,0.44,-6.62,14.5,3.03,38.325095382563376,36.97168904611778
2018-12-27,-5.35,-1.31,-9.71,11.14,1.71,38.325095382563376,36.97168904611778
2018-12-28,-11.04,-5.52,-17.36,0.09,4.59,38.325095382563376,36.97168904611778
2018-12-29,-11.82,-4.31,-16.91,0.03,6.7,38.325095382563376,36.97168904611778
2018-12-30,-8.95,-4.09,-12.68,3.94,6.21,38.325095382563376,36.97168904611778
2018-12-31,-9.91,-4.22,-14.3,1.02,8.4,38.325095382563376,36.97168904611778
2019-01-01,-9.6,-4.76,-14.49,1.1,6.43,38.325095382563376,36.97168904611778
2019-01-02,-4.14,-0.64,-8.56,3.28,7.83,38.325095382563376,36.97168904611778
2019-01-03,-2.07,-0.25,-4.48,2.47,9.08,38.325095382563376,36.97168904611778
2019-01-04,0.22,0.58,-0.64,6.0,6.02,38.325095382563376,36.97168904611778
2019-01-05,-1.0,0.36,-2.95,3.45,7.32,38.325095382563376,36.97168904611778
2019-01-06,-4.99,-1.22,-10.87,8.96,2.22,38.325095382563376,36.97168904611778
2019-01-07,-11.1,-5.35,-14.53,2.93,10.15,38.325095382563376,36.97168904611778
2019-01-08,-7.0,-3.55,-11.04,13.19,4.05,38.325095382563376,36.97168904611778
2019-01-09,-11.5,-6.84,-18.0,1.34,10.84,38.325095382563376,36.97168904611778
2019-01-10,-11.81,-4.55,-17.8,0.0,10.86,38.325095382563376,36.97168904611778
2019-01-11,-8.65,-1.02,-12.49,0.0,10.07,38.325095382563376,36.97168904611778
2019-01-12,-6.71,-1.33,-10.72,0.01,10.87,38.325095382563376,36.97168904611778
2019-01-13,-7.99,-3.18,-11.8,0.03,10.09,38.325095382563376,36.97168904611778
2019-01-14,-7.87,-1.53,-11.86,0.76,10.56,38.325095382563376,36.97168904611778
2019-01-15,-2.17,0.02,-5.57,9.0,8.25,38.325095382563376,36.97168904611778
2019-01-16,-3.96,-1.1,-9.08,9.48,7.97,38.325095382563376,36.97168904611778
2019-01-17,-10.59,-6.96,-16.11,0.44,8.45,38.325095382563376,36.97168904611778
2019-01-18,-12.5,-3.36,-19.74,0.0,12.25,38.325095382563376,36.97168904611778
2019-01-19,-8.71,-0.76,-13.37,0.0,12.85,38.325095382563376,36.97168904611778
2019-01-20,-7.52,-0.69,-12.4,0.0,11.81,38.325095382563376,36.97168904611778
2019-01-21,-7.31,-1.48,-11.9,0.08,10.93,38.325095382563376,36.97168904611778
2019-01-22,-6.02,-1.06,-10.05,0.28,9.82,38.325095382563376,36.97168904611778
2019-01-23,-5.54,-0.82,-9.54,0.0,10.75,38.325095382563376,36.97168904611778
2019-01-24,-3.01,-0.78,-5.88,0.27,9.91,38.325095382563376,36.97168904611778
2019-01-25,-2.46,0.0,-5.62,0.55,11.15,38.325095382563376,36.97168904611778
2019-01-26,-1.87,-0.39,-4.28,0.02,7.35,38.325095382563376,36.97168904611778
2019-01-27,-2.66,-0.05,-6.91,0.18,9.62,38.325095382563376,36.97168904611778
2019-01-28,-5.65,0.23,-10.06,0.01,11.2,38.325095382563376,36.97168904611778
2019-01-29,-5.72,-0.42,-9.9,0.0,13.69,38.325095382563376,36.97168904611778
2019-01-30,-2.02,-0.16,-6.42,1.16,11.95,38.325095382563376,36.97168904611778
2019-01-31,-2.01,-0.23,-5.11,2.35,10.87,38.325095382563376,36.97168904611778
2019-02-01,-3.25,-0.22,-10.6,3.56,9.09,38.325095382563376,36.97168904611778
2019-02-02,-6.87,-0.08,-11.83,0.18,13.29,38.325095382563376,36.97168904611778
2019-02-03,-5.04,0.68,-11.94,0.0,14.84,38.325095382563376,36.97168904611778
2019-02-04,-3.91,0.27,-7.43,0.0,14.71,38.325095382563376,36.97168904611778
2019-02-05,-5.33,0.27,-9.48,0.0,14.87,38.325095382563376,36.97168904611778
2019-02-06,-3.29,1.33,-7.64,6.37,6.7,38.325095382563376,36.97168904611778
2019-02-07,-2.63,-0.57,-5.32,15.55,10.87,38.325095382563376,36.97168904611778
2019-02-08,-4.17,-0.7,-7.2,2.57,10.98,38.325095382563376,36.97168904611778
2019-02-09,-3.53,-0.34,-7.46,2.21,11.27,38.325095382563376,36.97168904611778
2019-02-10,-2.51,-0.17,-5.17,4.37,8.54,38.325095382563376,36.97168904611778
2019-02-11,-4.51,0.79,-8.88,0.05,14.48,38.325095382563376,36.97168904611778
2019-02-12,-3.51,1.74,-8.59,0.02,14.81,38.325095382563376,36.97168904611778
2019-02-13,-1.65,1.37,-3.75,0.19,13.24,38.325095382563376,36.97168904611778
2019-02-14,-2.14,0.85,-4.5,2.0,11.04,38.325095382563376,36.97168904611778
2019-02-15,-2.91,0.27,-6.79,1.33,13.23,38.325095382563376,36.97168904611778
2019-02-16,-4.45,0.85,-9.1,0.0,15.82,38.325095382563376,36.97168904611778
2019-02-17,-4.39,1.6,-10.02,0.0,17.18,38.325095382563376,36.97168904611778
2019-02-18,-2.74,4.12,-8.52,0.0,16.86,38.325095382563376,36.97168904611778
2019-02-19,-2.3,2.7,-5.43,0.0,15.76,38.325095382563376,36.97168904611778
2019-02-20,-1.45,3.38,-5.43,0.19,16.35,38.325095382563376,36.97168904611778
2019-02-21,-0.41,3.35,-3.25,0.3,15.94,38.325095382563376,36.97168904611778
2019-02-22,-1.1,2.72,-3.26,0.89,16.29,38.325095382563376,36.97168904611778
2019-02-23,-0.79,2.82,-2.72,1.24,14.76,38.325095382563376,36.97168904611778
2019-02-24,-0.45,3.77,-3.4,0.47,16.11,38.325095382563376,36.97168904611778
2019-02-25,0.93,5.94,-2.84,0.0,17.57,38.325095382563376,36.97168904611778
2019-02-26,0.31,5.17,-1.41,3.54,13.31,38.325095382563376,36.97168904611778
2019-02-27,-1.49,2.46,-4.3,1.5,14.09,38.325095382563376,36.97168904611778
2019-02-28,-5.52,-3.74,-8.09,1.5,14.53,38.325095382563376,36.97168904611778
2019-03-01,-3.72,3.13,-9.44,0.0,17.94,38.325095382563376,36.97168904611778
2019-03-02,-0.48,4.45,-5.36,0.42,14.18,38.325095382563376,36.97168904611778
2019-03-03,0.13,3.32,-2.11,1.66,13.95,38.325095382563376,36.97168904611778
2019-03-04,-0.17,3.14,-2.24,1.74,13.27,38.325095382563376,36.97168904611778
2019-03-05,0.52,4.5,-2.32,0.17,11.0,38.325095382563376,36.97168904611778
2019-03-06,1.18,6.94,-2.53,0.19,15.84,38.325095382563376,36.97168904611778
2019-03-07,-2.1,0.5,-5.48,2.21,9.33,38.325095382563376,36.97168904611778
2019-03-08,-1.61,5.68,-7.55,0.0,19.87,38.325095382563376,36.97168904611778
2019-03-09,2.72,9.52,-2.57,0.0,17.98,38.325095382563376,36.97168904611778
2019-03-10,2.49,7.67,-1.71,0.0,14.02,38.325095382563376,36.97168904611778
2019-03-11,3.19,9.76,-2.17,0.0,15.53,38.325095382563376,36.97168904611778
2019-03-12,3.46,7.18,0.65,0.28,15.67,38.325095382563376,36.97168904611778
2019-03-13,2.48,6.19,0.28,0.34,9.4,38.325095382563376,36.97168904611778
2019-03-14,1.65,5.0,-0.59,2.94,10.39,38.325095382563376,36.97168904611778
2019-03-15,2.24,6.93,-1.51,4.19,11.35,38.325095382563376,36.97168904611778
2019-03-16,0.41,3.41,-3.45,4.55,12.0,38.325095382563376,36.97168904611778
2019-03-17,-2.53,1.28,-6.67,1.14,10.99,38.325095382563376,36.97168904611778
2019-03-18,-0.24,6.66,-6.49,0.0,14.74,38.325095382563376,36.97168904611778
2019-03-19,3.06,9.63,-2.75,0.0,21.68,38.325095382563376,36.97168904611778
2019-03-20,4.17,11.82,-1.48,0.0,22.27,38.325095382563376,36.97168904611778
2019-03-21,3.25,11.21,-3.16,0.0,21.29,38.325095382563376,36.97168904611778
2019-03-22,1.02,9.0,-4.61,0.0,22.17,38.325095382563376,36.97168904611778
2019-03-23,2.25,10.23,-4.1,0.13,22.76,38.325095382563376,36.97168904611778
2019-03-24,-3.56,-0.16,-6.95,0.54,16.19,38.325095382563376,36.97168904611778
2019-03-25,-1.57,5.87,-6.64,0.01,21.03,38.325095382563376,36.97168904611778
2019-03-26,2.74,9.43,-4.09,0.18,21.44,38.325095382563376,36.97168904611778
2019-03-27,3.13,7.65,-0.97,2.18,18.36,38.325095382563376,36.97168904611778
2019-03-28,1.73,6.47,-2.63,0.44,20.12,38.325095382563376,36.97168904611778
2019-03-29,-0.31,3.23,-3.16,4.36,11.8,38.325095382563376,36.97168904611778
2019-03-30,-0.25,3.56,-4.08,11.1,9.18,38.325095382563376,36.97168904611778
2019-03-31,1.86,5.31,-0.72,7.77,12.05,38.325095382563376,36.97168904611778
2019-04-01,2.77,6.87,-0.32,1.18,12.31,38.325095382563376,36.97168904611778
2019-04-02,2.27,6.71,-1.62,2.24,10.45,38.325095382563376,36.97168904611778
2019-04-03,1.7,6.65,-2.75,1.93,14.1,38.325095382563376,36.97168904611778
2019-04-04,3.48,8.83,-0.98,1.02,15.83,38.325095382563376,36.97168904611778
2019-04-05,4.17,8.22,0.64,0.48,14.14,38.325095382563376,36.97168904611778
2019-04-06,5.67,12.93,-1.26,0.01,20.36,38.325095382563376,36.97168904611778
2019-04-07,5.54,9.88,2.5,1.61,13.65,38.325095382563376,36.97168904611778
2019-04-08,7.01,11.87,3.11,2.13,15.2,38.325095382563376,36.97168904611778
2019-04-09,7.34,11.83,4.01,7.51,16.86,38.325095382563376,36.97168904611778
2019-04-10,5.69,11.05,2.19,1.45,20.24,38.325095382563376,36.97168904611778
2019-04-11,4.87,9.65,1.48,0.37,14.01,38.325095382563376,36.97168904611778
2019-04-12,6.47,13.1,1.07,0.38,20.71,38.325095382563376,36.97168904611778
2019-04-13,8.06,14.57,2.42,0.0,22.11,38.325095382563376,36.97168904611778
2019-04-14,8.12,13.42,3.01,2.48,15.43,38.325095382563376,36.97168904611778
2019-04-15,5.09,9.39,2.55,2.97,13.74,38.325095382563376,36.97168904611778
2019-04-16,3.83,6.26,1.19,4.93,12.69,38.325095382563376,36.97168904611778
2019-04-17,2.78,7.15,-1.31,5.87,12.22,38.325095382563376,36.97168904611778
2019-04-18,2.27,7.95,-3.81,0.27,17.58,38.325095382563376,36.97168904611778
2019-04-19,1.95,6.75,-2.71,0.68,20.37,38.325095382563376,36.97168904611778
2019-04-20,-0.06,3.76,-3.44,3.9,12.47,38.325095382563376,36.97168904611778
2019-04-21,-1.53,1.8,-4.52,5.56,13.03,38.325095382563376,36.97168904611778
2019-04-22,-0.3,5.02,-4.92,1.1,13.07,38.325095382563376,36.97168904611778
2019-04-23,1.49,8.55,-4.56,0.0,18.23,38.325095382563376,36.97168904611778
2019-04-24,3.84,11.74,-3.47,0.0,21.99,38.325095382563376,36.97168904611778
2019-04-25,6.28,13.54,-1.85,0.0,21.6,38.325095382563376,36.97168904611778
2019-04-26,8.57,13.97,2.89,0.05,21.11,38.325095382563376,36.97168904611778
2019-04-27,6.97,11.08,3.86,1.16,14.06,38.325095382563376,36.97168904611778
2019-04-28,8.83,14.48,3.91,1.35,20.66,38.325095382563376,36.97168904611778
2019-04-29,9.54,15.44,4.51,0.31,23.98,38.325095382563376,36.97168904611778
2019-04-30,9.64,16.42,3.57,0.0,21.81,38.325095382563376,36.97168904611778
2019-05-01,9.76,15.29,4.44,0.06,21.66,38.325095382563376,36.97168904611778
2019-05-02,8.48,14.03,3.89,7.08,14.31,38.325095382563376,36.97168904611778
2019-05-03,7.25,12.9,2.75,0.81,19.64,38.325095382563376,36.97168904611778
2019-05-04,7.34,14.0,0.79,0.0,26.28,38.325095382563376,36.97168904611778
2019-05-05,10.1,16.3,4.83,0.03,19.54,38.325095382563376,36.97168904611778
2019-05-06,11.16,17.52,6.54,1.5,22.49,38.325095382563376,36.97168904611778
2019-05-07,10.22,16.56,4.78,0.13,26.7,38.325095382563376,36.97168904611778
2019-05-08,6.18,12.69,0.06,0.95,19.26,38.325095382563376,36.97168904611778
2019-05-09,6.59,13.95,-1.89,0.0,26.56,38.325095382563376,36.97168904611778
2019-05-10,7.49,14.82,0.96,0.22,20.51,38.325095382563376,36.97168904611778
2019-05-11,8.09,12.77,3.44,0.85,17.09,38.325095382563376,36.97168904611778
2019-05-12,8.79,14.63,2.93,1.72,25.3,38.325095382563376,36.97168904611778
2019-05-13,11.21,19.52,1.09,0.0,31.14,38.325095382563376,36.97168904611778
2019-05-14,15.36,21.9,9.22,0.0,30.56,38.325095382563376,36.97168904611778
2019-05-15,17.35,23.62,10.61,0.0,29.52,38.325095382563376,36.97168904611778
2019-05-16,18.59,24.01,12.36,0.01,24.77,38.325095382563376,36.97168904611778
2019-05-17,17.48,24.2,11.38,0.02,27.89,38.325095382563376,36.97168904611778
2019-05-18,13.32,20.15,5.91,0.08,29.52,38.325095382563376,36.97168904611778
2019-05-19,11.13,17.46,4.64,0.3,22.4,38.325095382563376,36.97168904611778
2019-05-20,12.58,19.95,4.74,0.09,28.27,38.325095382563376,36.97168904611778
2019-05-21,14.72,22.06,7.48,0.02,21.93,38.325095382563376,36.97168904611778
2019-05-22,14.94,19.94,8.27,0.04,22.25,38.325095382563376,36.97168904611778
2019-05-23,15.62,23.84,9.22,0.76,19.54,38.325095382563376,36.97168904611778
2019-05-24,16.52,23.26,11.87,2.4,21.04,38.325095382563376,36.97168904611778
2019-05-25,14.52,21.08,7.83,0.02,30.64,38.325095382563376,36.97168904611778
2019-05-26,12.98,20.14,5.99,0.0,28.12,38.325095382563376,36.97168904611778
2019-05-27,13.66,22.15,4.74,0.0,30.6,38.325095382563376,36.97168904611778
2019-05-28,15.89,24.66,7.07,0.0,31.79,38.325095382563376,36.97168904611778
2019-05-29,18.92,26.81,9.18,0.01,29.71,38.325095382563376,36.97168904611778
2019-05-30,19.96,27.93,12.52,0.76,27.67,38.325095382563376,36.97168904611778
2019-05-31,18.14,24.25,12.25,1.81,19.41,38.325095382563376,36.97168904611778
2019-06-01,19.75,26.32,13.64,0.02,27.92,38.325095382563376,36.97168904611778
2019-06-02,20.44,27.41,14.08,0.01,26.21,38.325095382563376,36.97168904611778
2019-06-03,20.07,27.38,12.66,0.06,27.51,38.325095382563376,36.97168904611778
2019-06-04,19.18,26.46,12.84,0.09,26.76,38.325095382563376,36.97168904611778
2019-06-05,18.57,26.21,11.41,0.01,28.95,38.325095382563376,36.97168904611778
2019-06-06,17.85,25.65,11.0,0.0,31.48,38.325095382563376,36.97168904611778
2019-06-07,18.46,26.55,11.49,0.0,32.08,38.325095382563376,36.97168904611778
2019-06-08,19.12,26.94,9.79,0.0,31.46,38.325095382563376,36.97168904611778
2019-06-09,15.86,21.18,11.5,1.06,23.11,38.325095382563376,36.97168904611778
2019-06-10,18.56,23.99,12.54,2.83,22.4,38.325095382563376,36.97168904611778
2019-06-11,17.43,24.18,10.69,0.68,29.94,38.325095382563376,36.97168904611778
2019-06-12,16.06,23.03,9.15,0.6,24.38,38.325095382563376,36.97168904611778
2019-06-13,15.41,21.65,9.33,4.37,16.88,38.325095382563376,36.97168904611778
2019-06-14,16.23,21.64,10.4,1.22,15.57,38.325095382563376,36.97168904611778
2019-06-15,17.84,24.47,10.69,2.14,26.07,38.325095382563376,36.97168904611778
2019-06-16,19.66,26.55,13.8,2.31,25.74,38.325095382563376,36.97168904611778
2019-06-17,19.5,25.99,13.44,1.99,23.68,38.325095382563376,36.97168904611778
2019-06-18,16.42,21.82,11.78,5.9,18.4,38.325095382563376,36.97168904611778
2019-06-19,16.88,21.91,11.52,1.92,19.87,38.325095382563376,36.97168904611778
2019-06-20,17.0,22.01,11.82,2.73,19.39,38.325095382563376,36.97168904611778
2019-06-21,18.13,24.46,11.64,0.06,22.52,38.325095382563376,36.97168904611778
2019-06-22,17.87,23.85,11.37,1.53,20.4,38.325095382563376,36.97168904611778
2019-06-23,19.43,26.82,11.34,0.01,27.11,38.325095382563376,36.97168904611778
2019-06-24,20.9,28.32,12.02,0.0,29.51,38.325095382563376,36.97168904611778
2019-06-25,22.45,30.26,13.47,0.0,30.8,38.325095382563376,36.97168904611778
2019-06-26,22.93,31.41,13.78,0.0,31.43,38.325095382563376,36.97168904611778
2019-06-27,21.53,30.3,13.73,0.0,31.38,38.325095382563376,36.97168904611778
2019-06-28,19.65,27.73,12.47,0.0,30.87,38.325095382563376,36.97168904611778
2019-06-29,16.86,24.88,9.64,0.0,27.26,38.325095382563376,36.97168904611778
2019-06-30,13.33,20.64,7.4,0.0,28.44,38.325095382563376,36.97168904611778
2019-07-01,12.84,21.83,4.87,0.0,31.77,38.325095382563376,36.97168904611778
2019-07-02,16.97,26.47,5.0,0.0,33.11,38.325095382563376,36.97168904611778
2019-07-03,20.34,29.0,11.2,0.0,30.48,38.325095382563376,36.97168904611778
2019-07-04,19.71,28.57,10.42,0.0,32.5,38.325095382563376,36.97168904611778
2019-07-05,19.83,28.43,11.13,0.0,29.98,38.325095382563376,36.97168904611778
2019-07-06,19.2,27.55,10.89,0.0,30.5,38.325095382563376,36.97168904611778
2019-07-07,18.95,27.52,10.19,0.0,30.41,38.325095382563376,36.97168904611778
2019-07-08,20.07,29.1,11.11,0.0,32.07,38.325095382563376,36.97168904611778
2019-07-09,19.03,27.08,11.26,0.0,29.56,38.325095382563376,36.97168904611778
2019-07-10,19.93,28.56,10.56,0.27,30.02,38.325095382563376,36.97168904611778
2019-07-11,20.74,28.09,13.13,0.33,28.97,38.325095382563376,36.97168904611778
2019-07-12,18.91,26.13,11.92,0.54,24.41,38.325095382563376,36.97168904611778
2019-07-13,16.28,24.23,9.54,0.03,24.71,38.325095382563376,36.97168904611778
2019-07-14,17.33,26.2,8.16,0.24,28.04,38.325095382563376,36.97168904611778
2019-07-15,17.12,23.16,10.88,0.73,19.28,38.325095382563376,36.97168904611778
2019-07-16,17.08,25.16,8.9,0.0,30.03,38.325095382563376,36.97168904611778
2019-07-17,19.51,28.32,10.96,0.18,27.0,38.325095382563376,36.97168904611778
2019-07-18,17.13,23.26,11.39,4.89,18.15,38.325095382563376,36.97168904611778
2019-07-19,17.79,24.79,11.85,0.02,22.97,38.325095382563376,36.97168904611778
2019-07-20,18.7,28.61,9.0,0.0,30.21,38.325095382563376,36.97168904611778
2019-07-21,19.15,28.87,10.4,0.0,28.25,38.325095382563376,36.97168904611778
2019-07-22,18.63,27.25,11.39,0.0,22.56,38.325095382563376,36.97168904611778
2019-07-23,19.67,28.51,11.45,0.0,26.81,38.325095382563376,36.97168904611778
2019-07-24,20.93,30.2,11.68,0.0,27.34,38.325095382563376,36.97168904611778
2019-07-25,20.02,27.82,12.94,0.0,26.3,38.325095382563376,36.97168904611778
2019-07-26,18.6,27.16,11.05,0.0,30.94,38.325095382563376,36.97168904611778
2019-07-27,18.87,29.33,8.51,0.0,31.73,38.325095382563376,36.97168904611778
2019-07-28,19.58,30.71,8.32,0.0,31.42,38.325095382563376,36.97168904611778
2019-07-29,21.59,32.22,10.03,0.0,30.59,38.325095382563376,36.97168904611778
2019-07-30,25.21,34.03,17.88,0.0,29.06,38.325095382563376,36.97168904611778
2019-07-31,25.28,34.56,16.97,0.0,28.96,38.325095382563376,36.97168904611778
2019-08-01,23.45,32.71,14.19,0.0,29.23,38.325095382563376,36.97168904611778
2019-08-02,21.61,29.39,14.02,0.0,28.65,38.325095382563376,36.97168904611778
2019-08-03,20.78,29.4,12.26,0.0,29.23,38.325095382563376,36.97168904611778
2019-08-04,21.51,29.32,13.41,0.02,28.29,38.325095382563376,36.97168904611778
2019-08-05,19.68,27.53,12.73,0.3,22.9,38.325095382563376,36.97168904611778
2019-08-06,17.99,27.04,10.22,0.0,29.28,38.325095382563376,36.97168904611778
2019-08-07,16.33,26.37,7.09,0.0,30.16,38.325095382563376,36.97168904611778
2019-08-08,18.43,30.08,7.09,0.0,29.8,38.325095382563376,36.97168904611778
2019-08-09,21.5,32.5,9.07,0.0,29.18,38.325095382563376,36.97168904611778
2019-08-10,20.46,30.6,11.8,0.0,29.46,38.325095382563376,36.97168904611778
2019-08-11,19.02,29.87,9.48,0.0,29.11,38.325095382563376,36.97168904611778
2019-08-12,21.42,33.54,9.74,0.0,29.13,38.325095382563376,36.97168904611778
2019-08-13,24.67,36.12,12.37,0.0,28.63,38.325095382563376,36.97168904611778
2019-08-14,27.45,37.05,18.22,0.0,23.06,38.325095382563376,36.97168904611778
2019-08-15,25.92,34.13,16.98,0.06,25.15,38.325095382563376,36.97168904611778
2019-08-16,22.37,30.43,14.72,0.0,21.02,38.325095382563376,36.97168904611778
2019-08-17,20.41,28.72,13.17,0.0,27.16,38.325095382563376,36.97168904611778
2019-08-18,20.77,29.81,12.04,0.15,16.06,38.325095382563376,36.97168904611778
2019-08-19,20.5,29.43,11.81,0.02,26.33,38.325095382563376,36.97168904611778
2019-08-20,19.87,27.47,13.95,4.45,18.08,38.325095382563376,36.97168904611778
2019-08-21,19.26,27.44,12.42,0.49,19.08,38.325095382563376,36.97168904611778
2019-08-22,17.96,25.08,11.83,0.32,19.53,38.325095382563376,36.97168904611778
2019-08-23,17.86,24.92,11.71,0.01,19.47,38.325095382563376,36.97168904611778
2019-08-24,19.38,27.19,11.94,0.0,22.23,38.325095382563376,36.97168904611778
2019-08-25,21.32,30.13,11.54,0.0,24.46,38.325095382563376,36.97168904611778
2019-08-26,22.36,30.91,13.67,0.0,22.09,38.325095382563376,36.97168904611778
2019-08-27,20.82,29.11,13.19,0.0,25.2,38.325095382563376,36.97168904611778
2019-08-28,20.63,28.99,11.87,0.0,25.58,38.325095382563376,36.97168904611778
2019-08-29,22.84,30.9,15.97,0.0,24.65,38.325095382563376,36.97168904611778
2019-08-30,21.62,29.03,15.18,2.23,19.85,38.325095382563376,36.97168904611778
2019-08-31,19.21,27.42,12.53,0.0,25.55,38.325095382563376,36.97168904611778
2019-09-01,19.26,28.38,10.57,0.01,25.11,38.325095382563376,36.97168904611778
2019-09-02,18.01,26.8,10.4,0.0,25.48,38.325095382563376,36.97168904611778
2019-09-03,17.33,26.87,8.1,0.0,25.32,38.325095382563376,36.97168904611778
2019-09-04,17.86,27.01,9.59,0.0,24.45,38.325095382563376,36.97168904611778
2019-09-05,17.58,26.33,9.23,0.0,24.13,38.325095382563376,36.97168904611778
2019-09-06,19.0,27.14,10.79,0.04,20.34,38.325095382563376,36.97168904611778
2019-09-07,17.36,25.6,10.48,0.02,21.24,38.325095382563376,36.97168904611778
2019-09-08,14.22,22.43,7.73,0.0,23.65,38.325095382563376,36.97168904611778
2019-09-09,14.23,22.97,6.55,0.04,23.81,38.325095382563376,36.97168904611778
2019-09-10,15.36,23.82,7.85,0.0,23.76,38.325095382563376,36.97168904611778
2019-09-11,16.0,24.85,8.65,0.0,24.0,38.325095382563376,36.97168904611778
2019-09-12,16.05,24.89,7.64,0.0,23.98,38.325095382563376,36.97168904611778
2019-09-13,17.51,25.55,8.91,0.0,19.87,38.325095382563376,36.97168904611778
2019-09-14,18.19,25.03,10.77,0.05,15.43,38.325095382563376,36.97168904611778
2019-09-15,14.77,22.39,9.9,2.3,6.94,38.325095382563376,36.97168904611778
2019-09-16,15.24,23.36,8.7,0.31,12.68,38.325095382563376,36.97168904611778
2019-09-17,14.67,22.42,8.88,0.66,17.91,38.325095382563376,36.97168904611778
2019-09-18,16.68,25.89,8.16,0.0,23.19,38.325095382563376,36.97168904611778
2019-09-19,18.63,27.08,12.66,0.0,22.71,38.325095382563376,36.97168904611778
2019-09-20,17.59,26.94,10.78,0.0,22.66,38.325095382563376,36.97168904611778
2019-09-21,10.88,17.89,3.37,0.08,12.44,38.325095382563376,36.97168904611778
2019-09-22,8.45,18.86,0.11,0.0,23.4,38.325095382563376,36.97168904611778
2019-09-23,11.71,23.18,2.4,0.0,22.62,38.325095382563376,36.97168904611778
2019-09-24,14.46,24.28,5.93,0.0,21.65,38.325095382563376,36.97168904611778
2019-09-25,14.41,21.13,9.12,0.7,13.46,38.325095382563376,36.97168904611778
2019-09-26,15.33,23.43,8.5,0.14,17.04,38.325095382563376,36.97168904611778
2019-09-27,16.85,25.72,10.69,0.0,19.67,38.325095382563376,36.97168904611778
2019-09-28,14.56,22.59,6.93,0.0,18.14,38.325095382563376,36.97168904611778
2019-09-29,12.64,22.4,4.68,0.0,21.38,38.325095382563376,36.97168904611778
2019-09-30,15.04,24.82,6.37,0.0,21.11,38.325095382563376,36.97168904611778
2019-10-01,16.11,24.86,10.06,0.0,20.55,38.325095382563376,36.97168904611778
2019-10-02,16.46,25.48,8.65,0.0,19.58,38.325095382563376,36.97168904611778
2019-10-03,16.71,24.53,10.67,0.01,16.97,38.325095382563376,36.97168904611778
2019-10-04,16.56,24.35,8.59,0.0,19.36,38.325095382563376,36.97168904611778
2019-10-05,15.87,23.9,10.08,0.08,15.09,38.325095382563376,36.97168904611778
2019-10-06,13.05,19.03,8.25,0.05,12.24,38.325095382563376,36.97168904611778
2019-10-07,11.51,18.22,5.73,0.21,13.07,38.325095382563376,36.97168904611778
2019-10-08,13.45,21.47,6.64,0.0,17.55,38.325095382563376,36.97168904611778
2019-10-09,16.18,24.03,9.66,0.0,18.48,38.325095382563376,36.97168904611778
2019-10-10,16.12,24.89,8.85,0.0,18.18,38.325095382563376,36.97168904611778
2019-10-11,15.38,23.49,8.75,0.0,15.14,38.325095382563376,36.97168904611778
2019-10-12,11.46,19.17,5.14,0.0,18.34,38.325095382563376,36.97168904611778
2019-10-13,13.31,23.16,3.8,0.0,18.86,38.325095382563376,36.97168904611778
2019-10-14,16.49,24.02,10.69,0.0,17.9,38.325095382563376,36.97168904611778
2019-10-15,18.07,25.44,12.11,0.0,16.24,38.325095382563376,36.97168904611778
2019-10-16,16.26,21.49,12.4,0.42,10.04,38.325095382563376,36.97168904611778
2019-10-17,14.31,19.14,10.45,0.47,8.51,38.325095382563376,36.97168904611778
2019-10-18,13.96,20.58,8.45,0.0,15.01,38.325095382563376,36.97168904611778
2019-10-19,13.47,17.69,9.72,0.0,12.63,38.325095382563376,36.97168904611778
2019-10-20,11.82,17.71,7.21,1.49,10.73,38.325095382563376,36.97168904611778
2019-10-21,9.29,13.72,6.18,5.08,7.56,38.325095382563376,36.97168904611778
2019-10-22,8.87,12.85,5.19,2.27,8.97,38.325095382563376,36.97168904611778
2019-10-23,8.92,15.78,3.96,0.0,14.86,38.325095382563376,36.97168904611778
2019-10-24,9.61,16.82,3.98,0.06,15.32,38.325095382563376,36.97168904611778
2019-10-25,10.3,15.85,6.16,0.01,13.85,38.325095382563376,36.97168904611778
2019-10-26,10.38,16.14,6.01,0.0,13.16,38.325095382563376,36.97168904611778
2019-10-27,9.0,15.44,3.82,0.31,11.9,38.325095382563376,36.97168904611778
2019-10-28,7.43,11.21,4.2,4.79,8.72,38.325095382563376,36.97168904611778
2019-10-29,7.67,12.87,4.1,3.11,7.35,38.325095382563376,36.97168904611778
2019-10-30,7.32,15.22,1.79,0.0,13.91,38.325095382563376,36.97168904611778
2019-10-31,7.79,14.69,2.6,0.0,14.36,38.325095382563376,36.97168904611778
2019-11-01,6.02,9.97,2.51,2.2,9.2,38.325095382563376,36.97168904611778
2019-11-02,1.24,8.09,-3.11,0.05,14.17,38.325095382563376,36.97168904611778
2019-11-03,3.96,11.79,-1.99,0.0,15.05,38.325095382563376,36.97168904611778
2019-11-04,5.23,13.48,0.34,0.0,14.57,38.325095382563376,36.97168904611778
2019-11-05,6.72,14.75,1.37,0.0,13.08,38.325095382563376,36.97168904611778
2019-11-06,9.09,16.53,4.01,0.0,13.82,38.325095382563376,36.97168904611778
2019-11-07,9.29,16.67,5.03,0.0,14.03,38.325095382563376,36.97168904611778
2019-11-08,9.11,16.87,4.18,0.0,13.93,38.325095382563376,36.97168904611778
2019-11-09,8.82,15.25,4.55,0.0,13.3,38.325095382563376,36.97168904611778
2019-11-10,8.93,15.32,4.6,0.0,12.22,38.325095382563376,36.97168904611778
2019-11-11,9.55,15.69,5.68,0.0,12.44,38.325095382563376,36.97168904611778
2019-11-12,7.57,14.79,2.87,0.0,13.15,38.325095382563376,36.97168904611778
2019-11-13,7.42,15.55,3.05,0.0,13.49,38.325095382563376,36.97168904611778
2019-11-14,6.45,13.72,1.59,0.0,10.68,38.325095382563376,36.97168904611778
2019-11-15,7.84,14.59,3.01,0.13,10.03,38.325095382563376,36.97168904611778
2019-11-16,6.76,15.55,0.62,0.0,12.59,38.325095382563376,36.97168904611778
2019-11-17,5.54,13.69,1.01,0.0,12.49,38.325095382563376,36.97168904611778
2019-11-18,5.23,13.62,-0.97,0.0,12.51,38.325095382563376,36.97168904611778
2019-11-19,3.17,12.81,-2.38,0.0,12.4,38.325095382563376,36.97168904611778
2019-11-20,3.09,13.43,-2.47,0.0,12.53,38.325095382563376,36.97168904611778
2019-11-21,1.93,11.09,-3.73,0.0,12.51,38.325095382563376,36.97168904611778
2019-11-22,3.31,10.61,-0.94,0.0,10.85,38.325095382563376,36.97168904611778
2019-11-23,2.01,8.45,-2.25,0.0,11.38,38.325095382563376,36.97168904611778
2019-11-24,2.21,7.64,-1.04,0.0,9.43,38.325095382563376,36.97168904611778
2019-11-25,1.86,8.93,-1.73,0.0,10.48,38.325095382563376,36.97168904611778
2019-11-26,2.46,7.93,-1.22,0.02,5.5,38.325095382563376,36.97168904611778
2019-11-27,2.01,3.99,0.28,1.95,3.95,38.325095382563376,36.97168904611778
2019-11-28,2.76,8.1,-0.93,0.08,6.97,38.325095382563376,36.97168904611778
2019-11-29,3.58,7.79,-0.35,1.03,5.65,38.325095382563376,36.97168904611778
2019-11-30,5.87,8.7,4.21,6.25,4.84,38.325095382563376,36.97168904611778
2019-12-01,4.22,7.11,-0.08,9.42,4.65,38.325095382563376,36.97168904611778
2019-12-02,-3.51,1.52,-9.13,2.44,8.11,38.325095382563376,36.97168904611778
2019-12-03,-0.57,6.96,-8.76,0.0,8.75,38.325095382563376,36.97168904611778
2019-12-04,0.83,5.04,-2.21,0.71,7.79,38.325095382563376,36.97168904611778
2019-12-05,-2.22,0.03,-3.72,16.47,3.0,38.325095382563376,36.97168904611778
2019-12-06,-4.2,0.49,-8.93,2.18,4.1,38.325095382563376,36.97168904611778
2019-12-07,-4.42,2.58,-9.18,0.04,7.39,38.325095382563376,36.97168904611778
2019-12-08,-4.49,2.11,-9.08,0.04,6.01,38.325095382563376,36.97168904611778
2019-12-09,-2.88,1.64,-6.4,0.58,5.42,38.325095382563376,36.97168904611778
2019-12-10,-2.15,1.16,-3.98,1.88,5.69,38.325095382563376,36.97168904611778
2019-12-11,-2.24,3.26,-5.05,0.88,6.48,38.325095382563376,36.97168904611778
2019-12-12,-1.47,0.68,-4.05,3.54,2.77,38.325095382563376,36.97168904611778
2019-12-13,-1.35,2.1,-3.08,1.56,5.42,38.325095382563376,36.97168904611778
2019-12-14,-1.02,0.73,-2.24,4.46,3.0,38.325095382563376,36.97168904611778
2019-12-15,0.14,3.07,-2.12,1.03,5.48,38.325095382563376,36.97168904611778
2019-12-16,-1.04,4.06,-4.71,0.03,7.86,38.325095382563376,36.97168904611778
2019-12-17,-1.24,6.05,-5.23,0.0,10.07,38.325095382563376,36.97168904611778
2019-12-18,1.33,8.86,-2.24,0.0,10.16,38.325095382563376,36.97168904611778
2019-12-19,2.65,10.54,-1.41,0.0,9.41,38.325095382563376,36.97168904611778
2019-12-20,6.04,11.65,2.52,0.0,9.78,38.325095382563376,36.97168904611778
2019-12-21,3.31,10.05,-0.55,0.0,9.29,38.325095382563376,36.97168904611778
2019-12-22,1.08,7.81,-2.15,0.0,8.94,38.325095382563376,36.97168904611778
2019-12-23,-0.43,4.21,-2.88,0.04,5.95,38.325095382563376,36.97168904611778
2019-12-24,-1.01,1.26,-3.23,3.98,2.21,38.325095382563376,36.97168904611778
2019-12-25,-1.43,-0.08,-2.81,2.57,1.19,38.325095382563376,36.97168904611778
2019-12-26,-1.62,0.28,-3.8,11.76,0.98,38.325095382563376,36.97168904611778
2019-12-27,-4.2,0.7,-8.82,3.51,3.11,38.325095382563376,36.97168904611778
2019-12-28,-5.26,-1.15,-8.99,1.9,3.71,38.325095382563376,36.97168904611778
2019-12-29,-3.6,-0.43,-6.0,6.81,2.45,38.325095382563376,36.97168904611778
2019-12-30,-1.68,-0.01,-4.42,5.15,2.46,38.325095382563376,36.97168904611778
2019-12-31,-2.55,0.25,-4.9,0.55,5.13,38.325095382563376,36.97168904611778
2020-01-01,-4.66,0.11,-7.52,0.6,7.38,38.325095382563376,36.97168904611778
2020-01-02,-5.6,-0.65,-8.7,2.11,6.65,38.325095382563376,36.97168904611778
2020-01-03,-4.79,-0.72,-8.42,3.89,5.53,38.325095382563376,36.97168904611778
2020-01-04,-4.32,-0.88,-7.34,7.16,4.39,38.325095382563376,36.97168904611778
2020-01-05,-8.28,-2.68,-13.35,2.05,9.62,38.325095382563376,36.97168904611778
2020-01-06,-6.01,-2.62,-9.87,0.76,2.7,38.325095382563376,36.97168904611778
2020-01-07,-1.56,-0.81,-4.12,2.06,4.13,38.325095382563376,36.97168904611778
2020-01-08,-2.1,-0.44,-5.1,4.55,4.71,38.325095382563376,36.97168904611778
2020-01-09,-7.57,-2.29,-12.16,0.23,6.39,38.325095382563376,36.97168904611778
2020-01-10,-11.31,-3.36,-16.19,0.53,7.24,38.325095382563376,36.97168904611778
2020-01-11,-9.61,-0.82,-16.38,0.0,11.3,38.325095382563376,36.97168904611778
2020-01-12,-4.82,0.49,-9.0,0.01,8.36,38.325095382563376,36.97168904611778
2020-01-13,-8.67,-2.15,-12.29,0.0,10.75,38.325095382563376,36.97168904611778
2020-01-14,-6.22,-0.42,-10.7,0.0,11.31,38.325095382563376,36.97168904611778
2020-01-15,-5.91,0.56,-9.73,0.0,11.43,38.325095382563376,36.97168904611778
2020-01-16,-6.84,0.03,-10.13,0.0,11.54,38.325095382563376,36.97168904611778
2020-01-17,-6.71,-1.98,-11.48,0.56,6.49,38.325095382563376,36.97168904611778
2020-01-18,-8.81,-1.25,-14.44,0.01,10.05,38.325095382563376,36.97168904611778
2020-01-19,-7.78,-1.74,-13.04,3.24,8.29,38.325095382563376,36.97168904611778
2020-01-20,-7.23,-1.69,-11.31,1.93,7.27,38.325095382563376,36.97168904611778
2020-01-21,-7.63,-3.74,-10.53,0.33,9.51,38.325095382563376,36.97168904611778
2020-01-22,-9.33,-3.03,-12.79,0.0,10.72,38.325095382563376,36.97168904611778
2020-01-23,-6.92,0.02,-11.78,0.26,9.67,38.325095382563376,36.97168904611778
2020-01-24,-10.13,-6.45,-14.32,0.07,10.9,38.325095382563376,36.97168904611778
2020-01-25,-8.64,1.26,-16.65,0.0,13.24,38.325095382563376,36.97168904611778
2020-01-26,-5.29,2.22,-10.95,0.0,12.88,38.325095382563376,36.97168904611778
2020-01-27,-3.28,2.82,-8.35,0.0,11.44,38.325095382563376,36.97168904611778
2020-01-28,-2.03,1.33,-3.87,0.03,10.21,38.325095382563376,36.97168904611778
2020-01-29,-2.15,1.63,-4.27,0.71,10.06,38.325095382563376,36.97168904611778
2020-01-30,-0.64,1.94,-3.51,6.83,9.04,38.325095382563376,36.97168904611778
2020-01-31,-5.25,0.01,-9.22,13.02,11.28,38.325095382563376,36.97168904611778
2020-02-01,-8.91,-2.17,-13.85,0.77,9.95,38.325095382563376,36.97168904611778
2020-02-02,-6.17,0.63,-12.15,0.0,11.49,38.325095382563376,36.97168904611778
2020-02-03,-4.24,1.68,-9.14,0.18,10.52,38.325095382563376,36.97168904611778
2020-02-04,-1.07,2.26,-4.11,4.26,12.17,38.325095382563376,36.97168904611778
2020-02-05,0.25,1.78,-0.95,2.6,10.16,38.325095382563376,36.97168904611778
2020-02-06,0.39,2.11,-2.58,4.83,4.21,38.325095382563376,36.97168904611778
2020-02-07,-0.75,1.36,-2.44,8.21,4.51,38.325095382563376,36.97168904611778
2020-02-08,-10.2,-2.72,-16.63,2.39,4.16,38.325095382563376,36.97168904611778
2020-02-09,-14.49,-10.87,-17.75,0.31,13.45,38.325095382563376,36.97168904611778
2020-02-10,-14.94,-11.51,-20.36,0.33,15.66,38.325095382563376,36.97168904611778
2020-02-11,-13.05,-7.89,-19.87,1.54,12.64,38.325095382563376,36.97168904611778
2020-02-12,-6.98,-1.56,-12.49,5.75,10.27,38.325095382563376,36.97168904611778
2020-02-13,-7.53,-1.21,-14.04,12.35,9.87,38.325095382563376,36.97168904611778
2020-02-14,-9.14,-2.03,-15.31,0.0,14.24,38.325095382563376,36.97168904611778
2020-02-15,-7.51,-1.34,-10.78,0.02,15.16,38.325095382563376,36.97168904611778
2020-02-16,-6.34,0.46,-10.75,0.17,13.83,38.325095382563376,36.97168904611778
2020-02-17,-7.11,0.14,-13.68,0.0,17.05,38.325095382563376,36.97168904611778
2020-02-18,-2.97,2.85,-8.88,0.06,15.58,38.325095382563376,36.97168904611778
2020-02-19,-0.96,4.9,-5.69,0.0,16.49,38.325095382563376,36.97168904611778
2020-02-20,-1.33,5.15,-7.02,0.13,16.7,38.325095382563376,36.97168904611778
2020-02-21,0.44,3.38,-1.6,2.73,15.57,38.325095382563376,36.97168904611778
2020-02-22,0.16,3.52,-1.82,4.93,11.83,38.325095382563376,36.97168904611778
2020-02-23,0.61,4.0,-1.97,0.52,8.05,38.325095382563376,36.97168904611778
2020-02-24,1.17,6.04,-2.71,0.23,15.27,38.325095382563376,36.97168904611778
2020-02-25,-1.85,2.0,-6.03,0.54,17.86,38.325095382563376,36.97168904611778
2020-02-26,0.31,9.52,-5.84,0.0,18.07,38.325095382563376,36.97168904611778
2020-02-27,1.81,7.99,-2.53,0.0,17.22,38.325095382563376,36.97168904611778
2020-02-28,2.76,7.51,-0.15,0.43,15.15,38.325095382563376,36.97168904611778
2020-02-29,1.04,4.62,-2.25,6.13,12.4,38.325095382563376,36.97168904611778
2020-03-01,-1.41,4.32,-5.66,0.4,8.91,38.325095382563376,36.97168904611778
2020-03-02,0.26,7.81,-6.09,0.0,17.9,38.325095382563376,36.97168904611778
2020-03-03,4.4,11.13,-1.33,0.0,18.18,38.325095382563376,36.97168904611778
2020-03-04,4.77,11.73,-0.23,0.0,19.13,38.325095382563376,36.97168904611778
2020-03-05,3.5,11.09,-1.7,0.0,12.27,38.325095382563376,36.97168904611778
2020-03-06,2.31,5.69,-0.33,3.08,10.9,38.325095382563376,36.97168904611778
2020-03-07,4.73,11.19,-1.42,0.0,16.52,38.325095382563376,36.97168904611778
2020-03-08,6.85,14.13,0.31,0.0,19.06,38.325095382563376,36.97168904611778
2020-03-09,6.82,14.61,0.75,0.0,15.02,38.325095382563376,36.97168904611778
2020-03-10,4.5,11.27,0.14,0.0,14.33,38.325095382563376,36.97168904611778
2020-03-11,5.2,12.61,-1.03,0.0,18.68,38.325095382563376,36.97168904611778
2020-03-12,5.58,10.02,1.72,0.13,17.12,38.325095382563376,36.97168904611778
2020-03-13,4.62,7.84,2.63,4.48,6.05,38.325095382563376,36.97168904611778
2020-03-14,5.43,11.51,0.82,1.15,10.3,38.325095382563376,36.97168904611778
2020-03-15,6.62,12.31,0.53,1.26,13.6,38.325095382563376,36.97168904611778
2020-03-16,4.11,9.85,-5.72,9.15,8.89,38.325095382563376,36.97168904611778
2020-03-17,-4.59,0.9,-7.19,3.68,4.29,38.325095382563376,36.97168904611778
2020-03-18,-5.08,-0.77,-8.4,12.71,4.02,38.325095382563376,36.97168904611778
2020-03-19,-4.54,-0.54,-9.26,5.6,5.73,38.325095382563376,36.97168904611778
2020-03-20,-3.5,-0.18,-7.25,4.02,7.06,38.325095382563376,36.97168904611778
2020-03-21,-2.52,3.05,-6.7,0.04,13.79,38.325095382563376,36.97168904611778
2020-03-22,0.39,7.89,-6.78,0.0,20.38,38.325095382563376,36.97168904611778
2020-03-23,3.21,9.94,-1.51,0.0,21.54,38.325095382563376,36.97168904611778
2020-03-24,2.54,6.89,-1.13,5.0,15.22,38.325095382563376,36.97168904611778
2020-03-25,3.18,8.11,0.04,0.82,15.42,38.325095382563376,36.97168904611778
2020-03-26,3.95,10.3,-1.94,0.01,17.37,38.325095382563376,36.97168904611778
2020-03-27,4.15,8.33,0.9,5.18,10.11,38.325095382563376,36.97168904611778
2020-03-28,4.21,8.35,1.91,6.4,14.15,38.325095382563376,36.97168904611778
2020-03-29,2.18,6.59,-1.65,9.61,10.16,38.325095382563376,36.97168904611778
2020-03-30,0.55,5.55,-3.8,0.43,12.99,38.325095382563376,36.97168904611778
2020-03-31,2.59,7.45,-2.64,2.31,16.38,38.325095382563376,36.97168904611778
2020-04-01,2.92,7.4,-1.0,8.45,16.84,38.325095382563376,36.97168904611778
2020-04-02,3.54,8.91,-2.0,1.38,18.34,38.325095382563376,36.97168904611778
2020-04-03,2.31,7.23,-3.28,4.57,9.11,38.325095382563376,36.97168904611778
2020-04-04,3.9,12.06,-4.92,0.02,21.64,38.325095382563376,36.97168904611778
2020-04-05,5.01,9.58,2.16,0.0,11.96,38.325095382563376,36.97168904611778
2020-04-06,6.36,12.32,1.5,0.04,19.55,38.325095382563376,36.97168904611778
2020-04-07,4.92,11.59,-0.58,0.74,19.43,38.325095382563376,36.97168904611778
2020-04-08,5.07,10.42,-1.29,3.07,17.92,38.325095382563376,36.97168904611778
2020-04-09,5.49,9.65,1.91,1.59,16.07,38.325095382563376,36.97168904611778
2020-04-10,4.09,9.71,-2.21,2.69,16.68,38.325095382563376,36.97168904611778
2020-04-11,1.62,9.51,-5.27,0.15,26.3,38.325095382563376,36.97168904611778
2020-04-12,2.27,9.98,-4.49,0.0,25.26,38.325095382563376,36.97168904611778
2020-04-13,4.15,12.35,-5.08,0.0,27.37,38.325095382563376,36.97168904611778
2020-04-14,6.2,13.59,0.32,0.0,26.17,38.325095382563376,36.97168904611778
2020-04-15,5.7,13.39,-0.12,0.14,21.88,38.325095382563376,36.97168904611778
2020-04-16,6.54,12.34,1.45,0.4,17.71,38.325095382563376,36.97168904611778
2020-04-17,7.93,15.59,-0.23,0.0,25.28,38.325095382563376,36.97168904611778
2020-04-18,9.53,15.68,2.89,0.01,19.69,38.325095382563376,36.97168904611778
2020-04-19,10.46,17.14,3.38,0.0,23.89,38.325095382563376,36.97168904611778
2020-04-20,10.6,16.81,5.39,0.0,22.23,38.325095382563376,36.97168904611778
2020-04-21,7.88,11.42,4.68,1.32,8.96,38.325095382563376,36.97168904611778
2020-04-22,8.46,15.24,1.21,2.39,15.3,38.325095382563376,36.97168904611778
2020-04-23,3.02,9.42,-3.6,0.41,14.56,38.325095382563376,36.97168904611778
2020-04-24,3.46,10.92,-5.88,0.69,21.47,38.325095382563376,36.97168904611778
2020-04-25,4.87,11.22,-0.87,0.92,19.92,38.325095382563376,36.97168904611778
2020-04-26,5.35,13.37,-2.21,0.07,29.26,38.325095382563376,36.97168904611778
2020-04-27,7.55,14.95,-0.39,0.0,24.62,38.325095382563376,36.97168904611778
2020-04-28,8.24,13.55,2.05,0.01,20.79,38.325095382563376,36.97168904611778
2020-04-29,9.1,14.11,4.48,0.33,18.27,38.325095382563376,36.97168904611778
2020-04-30,7.96,11.68,4.07,2.73,19.42,38.325095382563376,36.97168904611778
2020-05-01,6.32,10.23,3.3,5.23,9.86,38.325095382563376,36.97168904611778
2020-05-02,7.53,12.8,3.12,4.61,18.43,38.325095382563376,36.97168904611778
2020-05-03,7.29,12.27,3.87,1.28,16.15,38.325095382563376,36.97168904611778
2020-05-04,7.61,12.35,4.19,2.3,13.61,38.325095382563376,36.97168904611778
2020-05-05,7.62,13.28,2.66,2.65,21.3,38.325095382563376,36.97168904611778
2020-05-06,7.61,12.9,3.11,0.31,16.03,38.325095382563376,36.97168904611778
2020-05-07,8.66,14.95,2.15,1.06,21.57,38.325095382563376,36.97168904611778
2020-05-08,7.88,11.11,3.72,8.55,7.72,38.325095382563376,36.97168904611778
2020-05-09,6.42,12.97,1.14,2.14,20.6,38.325095382563376,36.97168904611778
2020-05-10,5.81,13.25,-1.42,0.0,29.87,38.325095382563376,36.97168904611778
2020-05-11,9.12,16.85,-0.17,0.0,28.9,38.325095382563376,36.97168904611778
2020-05-12,13.45,21.39,5.18,0.0,29.83,38.325095382563376,36.97168904611778
2020-05-13,14.38,21.91,7.35,0.0,30.41,38.325095382563376,36.97168904611778
2020-05-14,13.6,21.41,5.39,0.0,30.82,38.325095382563376,36.97168904611778
2020-05-15,16.28,24.39,7.17,0.0,29.09,38.325095382563376,36.97168904611778
2020-05-16,18.47,26.36,10.84,0.0,27.95,38.325095382563376,36.97168904611778
2020-05-17,14.73,22.07,8.16,0.0,29.86,38.325095382563376,36.97168904611778
2020-05-18,17.0,25.73,8.49,0.0,28.27,38.325095382563376,36.97168904611778
2020-05-19,15.75,22.64,9.07,0.0,28.91,38.325095382563376,36.97168904611778
2020-05-20,17.66,24.97,8.36,0.0,29.0,38.325095382563376,36.97168904611778
2020-05-21,19.08,25.83,12.68,1.86,23.39,38.325095382563376,36.97168904611778
2020-05-22,15.38,22.15,9.03,0.98,26.92,38.325095382563376,36.97168904611778
2020-05-23,8.38,14.98,1.49,2.16,25.64,38.325095382563376,36.97168904611778
2020-05-24,4.34,9.75,0.02,3.69,11.65,38.325095382563376,36.97168904611778
2020-05-25,6.66,13.4,0.04,2.9,13.48,38.325095382563376,36.97168904611778
2020-05-26,11.43,19.39,2.83,0.0,31.07,38.325095382563376,36.97168904611778
2020-05-27,14.09,21.27,6.27,0.0,29.59,38.325095382563376,36.97168904611778
2020-05-28,14.53,22.77,5.05,0.0,29.35,38.325095382563376,36.97168904611778
2020-05-29,8.64,15.45,2.13,0.06,22.39,38.325095382563376,36.97168904611778
2020-05-30,10.31,18.3,1.96,0.0,25.77,38.325095382563376,36.97168904611778
2020-05-31,12.43,20.27,3.31,0.0,29.56,38.325095382563376,36.97168904611778
2020-06-01,13.08,20.36,5.8,0.07,30.72,38.325095382563376,36.97168904611778
2020-06-02,11.85,17.92,6.05,1.14,22.5,38.325095382563376,36.97168904611778
2020-06-03,11.67,18.33,6.33,0.02,27.36,38.325095382563376,36.97168904611778
2020-06-04,12.28,18.76,5.98,0.15,25.04,38.325095382563376,36.97168904611778
2020-06-05,14.37,22.08,5.43,0.0,32.37,38.325095382563376,36.97168904611778
2020-06-06,16.86,24.9,8.09,0.0,32.61,38.325095382563376,36.97168904611778
2020-06-07,19.67,27.11,12.86,0.0,31.49,38.325095382563376,36.97168904611778
2020-06-08,19.62,25.53,14.32,0.03,22.98,38.325095382563376,36.97168904611778
2020-06-09,20.33,27.17,11.54,0.05,24.25,38.325095382563376,36.97168904611778
2020-06-10,20.56,27.76,12.44,0.23,27.19,38.325095382563376,36.97168904611778
2020-06-11,17.93,25.65,10.85,1.63,23.06,38.325095382563376,36.97168904611778
2020-06-12,15.49,21.88,9.47,5.73,20.35,38.325095382563376,36.97168904611778
2020-06-13,12.91,19.28,8.2,2.67,17.92,38.325095382563376,36.97168904611778
2020-06-14,13.43,20.08,7.16,0.04,24.43,38.325095382563376,36.97168904611778
2020-06-15,15.93,23.73,7.25,0.0,28.1,38.325095382563376,36.97168904611778
2020-06-16,17.48,25.35,9.1,0.0,23.01,38.325095382563376,36.97168904611778
2020-06-17,18.41,26.13,10.21,0.07,29.55,38.325095382563376,36.97168904611778
2020-06-18,18.06,24.96,12.41,2.96,26.85,38.325095382563376,36.97168904611778
2020-06-19,13.32,16.91,9.93,2.35,14.02,38.325095382563376,36.97168904611778
2020-06-20,13.84,20.06,8.89,1.05,19.19,38.325095382563376,36.97168904611778
2020-06-21,15.52,22.47,7.93,0.03,27.26,38.325095382563376,36.97168904611778
2020-06-22,17.96,25.81,10.95,0.98,28.86,38.325095382563376,36.97168904611778
2020-06-23,18.54,27.16,9.93,0.01,32.14,38.325095382563376,36.97168904611778
2020-06-24,17.36,25.99,8.89,0.02,30.26,38.325095382563376,36.97168904611778
2020-06-25,17.86,26.54,9.95,0.0,31.8,38.325095382563376,36.97168904611778
2020-06-26,18.76,27.8,9.68,0.0,30.28,38.325095382563376,36.97168904611778
2020-06-27,17.9,26.31,10.66,0.0,28.29,38.325095382563376,36.97168904611778
2020-06-28,18.56,27.86,9.72,0.0,31.88,38.325095382563376,36.97168904611778
2020-06-29,18.0,27.22,8.97,0.0,30.74,38.325095382563376,36.97168904611778
2020-06-30,17.08,25.81,7.88,0.0,32.91,38.325095382563376,36.97168904611778
2020-07-01,17.77,25.96,9.87,0.0,30.42,38.325095382563376,36.97168904611778
2020-07-02,19.54,27.85,9.97,0.02,29.68,38.325095382563376,36.97168904611778
2020-07-03,22.38,30.25,13.86,0.49,28.5,38.325095382563376,36.97168904611778
2020-07-04,23.11,31.18,15.85,0.12,28.92,38.325095382563376,36.97168904611778
2020-07-05,22.31,30.71,13.9,0.0,30.31,38.325095382563376,36.97168904611778
2020-07-06,23.24,31.13,13.44,0.0,27.78,38.325095382563376,36.97168904611778
2020-07-07,23.91,31.77,16.12,0.03,24.9,38.325095382563376,36.97168904611778
2020-07-08,22.35,30.57,15.31,1.09,22.65,38.325095382563376,36.97168904611778
2020-07-09,19.98,27.5,13.35,0.01,27.98,38.325095382563376,36.97168904611778
2020-07-10,20.32,28.91,12.32,0.05,28.08,38.325095382563376,36.97168904611778
2020-07-11,21.13,30.43,12.25,0.0,30.78,38.325095382563376,36.97168904611778
2020-07-12,20.62,29.57,11.62,0.0,30.35,38.325095382563376,36.97168904611778
2020-07-13,18.91,26.57,12.13,0.01,28.24,38.325095382563376,36.97168904611778
2020-07-14,19.13,28.01,10.15,0.0,31.67,38.325095382563376,36.97168904611778
2020-07-15,21.4,30.27,11.13,0.0,29.29,38.325095382563376,36.97168904611778
2020-07-16,23.7,31.58,14.33,0.0,25.12,38.325095382563376,36.97168904611778
2020-07-17,24.71,32.43,16.52,0.0,24.91,38.325095382563376,36.97168904611778
2020-07-18,24.09,32.96,14.5,0.0,28.67,38.325095382563376,36.97168904611778
2020-07-19,24.94,34.28,14.75,0.0,30.18,38.325095382563376,36.97168904611778
2020-07-20,26.27,35.23,19.0,0.0,30.56,38.325095382563376,36.97168904611778
2020-07-21,22.37,31.01,13.81,0.0,28.96,38.325095382563376,36.97168904611778
2020-07-22,18.9,29.4,9.5,0.0,31.19,38.325095382563376,36.97168904611778
2020-07-23,20.89,31.83,9.31,0.0,30.32,38.325095382563376,36.97168904611778
2020-07-24,22.92,32.96,12.39,0.0,28.79,38.325095382563376,36.97168904611778
2020-07-25,24.44,33.94,13.51,0.0,28.22,38.325095382563376,36.97168904611778
2020-07-26,24.61,32.93,15.42,0.0,27.72,38.325095382563376,36.97168904611778
2020-07-27,26.03,35.17,17.23,0.0,29.58,38.325095382563376,36.97168904611778
2020-07-28,25.4,34.09,16.85,0.1,28.27,38.325095382563376,36.97168904611778
2020-07-29,22.12,31.04,13.49,0.0,30.33,38.325095382563376,36.97168904611778
2020-07-30,21.77,31.1,12.59,0.0,29.58,38.325095382563376,36.97168904611778
2020-07-31,21.04,31.03,11.22,0.0,30.2,38.325095382563376,36.97168904611778
2020-08-01,20.38,29.53,11.57,0.0,30.32,38.325095382563376,36.97168904611778
2020-08-02,20.75,29.82,11.16,0.0,26.94,38.325095382563376,36.97168904611778
2020-08-03,18.84,27.61,11.13,0.0,30.47,38.325095382563376,36.97168904611778
2020-08-04,20.22,30.11,9.47,0.04,30.27,38.325095382563376,36.97168904611778
2020-08-05,21.61,31.89,11.48,0.0,29.54,38.325095382563376,36.97168904611778
2020-08-06,20.55,31.17,9.83,0.0,30.59,38.325095382563376,36.97168904611778
2020-08-07,21.01,31.37,10.1,0.0,30.22,38.325095382563376,36.97168904611778
2020-08-08,22.41,32.21,12.84,0.0,29.81,38.325095382563376,36.97168904611778
2020-08-09,22.97,32.59,12.56,0.0,23.6,38.325095382563376,36.97168904611778
2020-08-10,21.7,29.73,13.4,0.03,24.65,38.325095382563376,36.97168904611778
2020-08-11,19.56,27.55,12.76,0.0,24.78,38.325095382563376,36.97168904611778
2020-08-12,19.25,28.59,10.84,0.0,28.79,38.325095382563376,36.97168904611778
2020-08-13,18.24,27.31,9.7,0.0,28.92,38.325095382563376,36.97168904611778
2020-08-14,16.81,25.82,9.37,0.0,26.52,38.325095382563376,36.97168904611778
2020-08-15,15.71,25.69,7.19,0.0,28.7,38.325095382563376,36.97168904611778
2020-08-16,16.66,28.07,6.03,0.0,28.82,38.325095382563376,36.97168904611778
2020-08-17,16.19,26.58,6.22,0.0,28.11,38.325095382563376,36.97168904611778
2020-08-18,18.42,29.27,7.76,0.0,27.9,38.325095382563376,36.97168904611778
2020-08-19,19.69,29.57,9.8,0.0,28.65,38.325095382563376,36.97168904611778
2020-08-20,22.28,31.71,14.27,0.0,27.36,38.325095382563376,36.97168904611778
2020-08-21,19.24,27.34,11.95,0.0,23.01,38.325095382563376,36.97168904611778
2020-08-22,15.53,22.87,10.35,0.01,13.87,38.325095382563376,36.97168904611778
2020-08-23,15.64,24.36,7.94,0.0,26.36,38.325095382563376,36.97168904611778
2020-08-24,16.43,26.63,6.74,0.0,27.94,38.325095382563376,36.97168904611778
2020-08-25,19.52,28.78,10.69,0.0,27.03,38.325095382563376,36.97168904611778
2020-08-26,20.82,29.77,11.93,0.0,26.78,38.325095382563376,36.97168904611778
2020-08-27,21.13,29.67,13.2,0.0,24.92,38.325095382563376,36.97168904611778
2020-08-28,20.91,29.95,12.83,0.0,25.65,38.325095382563376,36.97168904611778
2020-08-29,20.93,31.2,11.93,0.0,26.62,38.325095382563376,36.97168904611778
2020-08-30,22.97,32.59,13.64,0.0,26.53,38.325095382563376,36.97168904611778
2020-08-31,23.32,32.53,13.75,0.0,25.61,38.325095382563376,36.97168904611778
2020-09-01,24.22,32.5,17.7,0.0,22.82,38.325095382563376,36.97168904611778
2020-09-02,24.32,31.06,17.58,0.02,19.66,38.325095382563376,36.97168904611778
2020-09-03,25.16,33.79,17.4,0.0,22.6,38.325095382563376,36.97168904611778
2020-09-04,26.06,33.82,19.73,0.0,23.26,38.325095382563376,36.97168904611778
2020-09-05,23.62,31.86,16.36,0.0,23.57,38.325095382563376,36.97168904611778
2020-09-06,21.19,30.29,14.44,0.0,23.69,38.325095382563376,36.97168904611778
2020-09-07,19.91,29.38,11.97,0.0,24.54,38.325095382563376,36.97168904611778
2020-09-08,19.99,29.22,12.32,0.0,24.46,38.325095382563376,36.97168904611778
2020-09-09,17.3,26.24,10.0,0.0,23.8,38.325095382563376,36.97168904611778
2020-09-10,19.48,28.56,10.26,0.0,23.87,38.325095382563376,36.97168904611778
2020-09-11,22.02,30.47,15.34,0.0,19.31,38.325095382563376,36.97168904611778
2020-09-12,22.53,30.55,16.02,0.04,17.16,38.325095382563376,36.97168904611778
2020-09-13,21.7,30.26,13.9,0.0,21.48,38.325095382563376,36.97168904611778
2020-09-14,21.36,29.51,13.67,0.0,22.7,38.325095382563376,36.97168904611778
2020-09-15,19.75,29.64,11.12,0.0,23.08,38.325095382563376,36.97168904611778
2020-09-16,20.06,29.73,10.78,0.0,22.76,38.325095382563376,36.97168904611778
2020-09-17,21.07,30.06,14.16,0.0,22.2,38.325095382563376,36.97168904611778
2020-09-18,19.74,28.14,12.51,0.0,21.82,38.325095382563376,36.97168904611778
2020-09-19,18.09,25.73,11.47,0.0,19.4,38.325095382563376,36.97168904611778
2020-09-20,18.33,27.2,10.06,0.0,20.37,38.325095382563376,36.97168904611778
2020-09-21,18.1,26.32,11.86,0.0,17.82,38.325095382563376,36.97168904611778
2020-09-22,17.16,25.79,9.13,0.0,19.29,38.325095382563376,36.97168904611778
2020-09-23,17.66,26.54,10.24,0.0,20.78,38.325095382563376,36.97168904611778
2020-09-24,17.76,25.87,10.76,0.03,19.97,38.325095382563376,36.97168904611778
2020-09-25,17.78,24.83,12.83,1.23,13.77,38.325095382563376,36.97168904611778
2020-09-26,16.26,23.57,10.26,0.0,18.45,38.325095382563376,36.97168904611778
2020-09-27,18.77,27.84,11.36,0.0,20.03,38.325095382563376,36.97168904611778
2020-09-28,18.55,27.13,11.76,0.0,20.0,38.325095382563376,36.97168904611778
2020-09-29,18.29,26.72,10.65,0.92,19.82,38.325095382563376,36.97168904611778
2020-09-30,17.57,24.91,12.55,0.53,18.83,38.325095382563376,36.97168904611778
2020-10-01,14.69,21.48,9.27,0.6,15.62,38.325095382563376,36.97168904611778
2020-10-02,13.72,21.75,8.3,1.26,18.1,38.325095382563376,36.97168904611778
2020-10-03,12.97,21.45,6.47,0.0,19.65,38.325095382563376,36.97168904611778
2020-10-04,11.9,20.25,4.84,0.0,19.7,38.325095382563376,36.97168904611778
2020-10-05,12.44,21.84,4.78,0.0,19.67,38.325095382563376,36.97168904611778
2020-10-06,13.7,22.71,6.46,0.0,19.32,38.325095382563376,36.97168904611778
2020-10-07,14.37,22.6,7.88,0.0,18.84,38.325095382563376,36.97168904611778
2020-10-08,16.31,24.82,9.42,0.0,17.96,38.325095382563376,36.97168904611778
2020-10-09,14.93,22.38,9.67,0.0,17.38,38.325095382563376,36.97168904611778
2020-10-10,13.79,21.4,7.99,0.0,14.25,38.325095382563376,36.97168904611778
2020-10-11,14.54,22.84,8.64,0.0,17.63,38.325095382563376,36.97168904611778
2020-10-12,14.77,23.42,8.87,0.0,17.9,38.325095382563376,36.97168904611778
2020-10-13,15.37,23.82,9.38,0.0,15.99,38.325095382563376,36.97168904611778
2020-10-14,16.14,23.25,10.17,0.0,17.38,38.325095382563376,36.97168904611778
2020-10-15,15.98,23.79,8.76,0.0,17.19,38.325095382563376,36.97168904611778
2020-10-16,15.98,23.02,10.61,0.0,17.24,38.325095382563376,36.97168904611778
2020-10-17,15.53,22.4,10.54,0.0,16.84,38.325095382563376,36.97168904611778
2020-10-18,14.93,22.22,9.84,0.0,16.11,38.325095382563376,36.97168904611778
2020-10-19,13.51,20.64,8.65,0.15,14.19,38.325095382563376,36.97168904611778
2020-10-20,12.28,18.63,6.9,0.45,9.63,38.325095382563376,36.97168904611778
2020-10-21,12.34,19.97,4.63,0.0,15.56,38.325095382563376,36.97168904611778
2020-10-22,14.73,22.32,8.74,0.0,15.67,38.325095382563376,36.97168904611778
2020-10-23,15.01,22.49,9.45,0.0,15.83,38.325095382563376,36.97168904611778
2020-10-24,14.11,21.44,8.94,0.0,14.36,38.325095382563376,36.97168904611778
2020-10-25,14.11,20.26,10.03,0.0,14.98,38.325095382563376,36.97168904611778
2020-10-26,13.63,21.01,8.94,0.0,15.08,38.325095382563376,36.97168904611778
2020-10-27,13.09,20.96,7.86,0.0,13.7,38.325095382563376,36.97168904611778
2020-10-28,12.19,19.83,7.05,0.0,13.91,38.325095382563376,36.97168904611778
2020-10-29,11.17,19.96,5.94,0.0,14.73,38.325095382563376,36.97168904611778
2020-10-30,11.11,19.32,5.13,0.0,14.75,38.325095382563376,36.97168904611778
2020-10-31,11.17,18.41,6.74,0.06,14.24,38.325095382563376,36.97168904611778
2020-11-01,10.3,17.24,5.17,0.26,11.97,38.325095382563376,36.97168904611778
2020-11-02,9.14,13.55,6.59,0.74,9.55,38.325095382563376,36.97168904611778
2020-11-03,8.26,13.14,5.02,3.46,10.35,38.325095382563376,36.97168904611778
2020-11-04,6.96,9.58,5.59,15.81,2.99,38.325095382563376,36.97168904611778
2020-11-05,6.92,10.19,4.68,10.73,4.75,38.325095382563376,36.97168904611778
2020-11-06,5.64,10.44,0.59,0.51,6.2,38.325095382563376,36.97168904611778
2020-11-07,3.11,10.44,-1.31,0.0,10.89,38.325095382563376,36.97168904611778
2020-11-08,3.78,12.59,-2.03,0.0,13.88,38.325095382563376,36.97168904611778
2020-11-09,5.95,13.11,0.55,0.01,13.0,38.325095382563376,36.97168904611778
2020-11-10,6.23,12.81,0.69,0.01,12.18,38.325095382563376,36.97168904611778
2020-11-11,3.23,10.81,-2.08,0.06,12.79,38.325095382563376,36.97168904611778
2020-11-12,3.12,10.99,-3.87,0.0,13.51,38.325095382563376,36.97168904611778
2020-11-13,5.19,12.32,0.79,0.0,13.37,38.325095382563376,36.97168904611778
2020-11-14,4.42,10.38,1.35,0.0,10.25,38.325095382563376,36.97168904611778
2020-11-15,2.98,9.49,-2.91,0.0,11.79,38.325095382563376,36.97168904611778
2020-11-16,1.27,8.26,-3.77,0.0,12.2,38.325095382563376,36.97168904611778
2020-11-17,2.53,9.66,-1.41,0.0,12.06,38.325095382563376,36.97168904611778
2020-11-18,1.67,9.37,-3.55,0.0,11.65,38.325095382563376,36.97168904611778
2020-11-19,0.74,7.77,-4.02,0.05,11.14,38.325095382563376,36.97168904611778
2020-11-20,0.76,4.18,-1.04,4.32,4.23,38.325095382563376,36.97168904611778
2020-11-21,0.07,7.07,-6.14,0.42,7.37,38.325095382563376,36.97168904611778
2020-11-22,-1.77,7.43,-6.12,0.0,11.5,38.325095382563376,36.97168904611778
2020-11-23,-1.73,6.09,-5.96,0.0,12.23,38.325095382563376,36.97168904611778
2020-11-24,2.92,9.48,-1.52,0.0,12.0,38.325095382563376,36.97168904611778
2020-11-25,0.58,6.72,-3.53,0.59,7.63,38.325095382563376,36.97168904611778
2020-11-26,-1.36,4.81,-5.85,0.19,8.4,38.325095382563376,36.97168904611778
2020-11-27,-1.49,6.61,-5.87,0.0,12.07,38.325095382563376,36.97168904611778
2020-11-28,-0.58,5.51,-3.93,0.0,9.08,38.325095382563376,36.97168904611778
2020-11-29,0.67,7.56,-3.09,0.0,11.34,38.325095382563376,36.97168904611778
2020-11-30,0.66,6.44,-1.86,0.58,8.87,38.325095382563376,36.97168904611778
2020-12-01,0.75,3.43,-0.91,5.69,3.27,38.325095382563376,36.97168904611778
2020-12-02,1.14,4.86,-0.59,2.49,6.65,38.325095382563376,36.97168904611778
2020-12-03,1.19,7.65,-2.1,0.01,8.18,38.325095382563376,36.97168904611778
2020-12-04,0.42,6.86,-2.65,0.0,8.81,38.325095382563376,36.97168904611778
2020-12-05,-0.05,5.95,-3.33,0.0,8.32,38.325095382563376,36.97168904611778
2020-12-06,-0.84,5.02,-4.07,0.0,10.09,38.325095382563376,36.97168904611778
2020-12-07,0.13,5.33,-3.14,2.73,8.02,38.325095382563376,36.97168904611778
2020-12-08,1.04,5.22,-0.79,4.39,3.69,38.325095382563376,36.97168904611778
2020-12-09,0.06,4.7,-2.8,3.98,6.9,38.325095382563376,36.97168904611778
2020-12-10,-0.44,6.42,-3.56,0.0,8.8,38.325095382563376,36.97168904611778
2020-12-11,-0.41,5.08,-3.97,0.05,5.39,38.325095382563376,36.97168904611778
2020-12-12,0.78,4.38,-0.75,0.2,3.74,38.325095382563376,36.97168904611778
2020-12-13,0.71,2.24,-0.92,0.55,4.37,38.325095382563376,36.97168904611778
2020-12-14,1.79,4.72,-0.1,4.01,2.49,38.325095382563376,36.97168904611778
2020-12-15,1.38,4.35,-0.84,4.84,2.56,38.325095382563376,36.97168904611778
2020-12-16,0.4,5.27,-3.49,0.12,5.68,38.325095382563376,36.97168904611778
2020-12-17,-0.7,6.75,-4.7,0.01,7.2,38.325095382563376,36.97168904611778
2020-12-18,-0.43,6.34,-5.08,0.0,9.89,38.325095382563376,36.97168904611778
2020-12-19,-1.72,3.73,-5.47,0.02,5.37,38.325095382563376,36.97168904611778
2020-12-20,-1.5,4.94,-5.98,0.0,9.93,38.325095382563376,36.97168904611778
2020-12-21,-0.97,4.17,-3.87,0.4,8.0,38.325095382563376,36.97168904611778
2020-12-22,-0.71,3.22,-4.06,1.12,7.22,38.325095382563376,36.97168904611778
2020-12-23,-4.83,-0.03,-9.51,0.07,6.89,38.325095382563376,36.97168904611778
2020-12-24,-6.38,1.14,-11.19,0.0,9.94,38.325095382563376,36.97168904611778
2020-12-25,-2.82,5.06,-8.92,0.0,9.36,38.325095382563376,36.97168904611778
2020-12-26,-1.7,4.34,-5.88,0.0,9.13,38.325095382563376,36.97168904611778
2020-12-27,-1.29,5.83,-5.08,0.0,9.58,38.325095382563376,36.97168904611778
2020-12-28,-1.54,4.34,-5.77,0.0,7.85,38.325095382563376,36.97168904611778
2020-12-29,-0.6,6.28,-4.75,0.0,10.04,38.325095382563376,36.97168904611778
2020-12-30,-0.59,6.22,-4.78,0.0,10.16,38.325095382563376,36.97168904611778
2020-12-31,-0.26,6.72,-4.38,0.0,10.2,38.325095382563376,36.97168904611778
2021-01-01,-0.35,5.49,-4.48,0.0,8.93,38.325095382563376,36.97168904611778
2021-01-02,0.63,5.55,-1.93,0.0,5.54,38.325095382563376,36.97168904611778
2021-01-03,0.76,6.58,-2.53,0.0,10.05,38.325095382563376,36.97168904611778
2021-01-04,-0.17,4.89,-2.99,0.0,9.41,38.325095382563376,36.97168904611778
2021-01-05,-0.36,5.4,-4.32,0.01,9.85,38.325095382563376,36.97168904611778
2021-01-06,1.83,6.68,-1.46,0.28,9.22,38.325095382563376,36.97168904611778
2021-01-07,1.83,7.69,-0.79,0.0,10.51,38.325095382563376,36.97168904611778
2021-01-08,0.52,4.91,-1.82,0.0,6.69,38.325095382563376,36.97168904611778
2021-01-09,0.52,6.63,-3.01,0.0,9.97,38.325095382563376,36.97168904611778
2021-01-10,1.43,7.48,-1.92,0.45,9.56,38.325095382563376,36.97168904611778
2021-01-11,3.57,11.64,-0.37,0.71,8.34,38.325095382563376,36.97168904611778
2021-01-12,4.59,12.19,0.8,0.21,9.79,38.325095382563376,36.97168904611778
2021-01-13,2.03,6.91,-0.21,11.55,1.86,38.325095382563376,36.97168904611778
2021-01-14,0.05,1.96,-2.79,18.42,4.66,38.325095382563376,36.97168904611778
2021-01-15,-3.81,0.56,-9.14,1.7,3.61,38.325095382563376,36.97168904611778
2021-01-16,-0.54,0.79,-3.01,4.67,5.93,38.325095382563376,36.97168904611778
2021-01-17,-2.18,0.33,-10.99,7.88,3.58,38.325095382563376,36.97168904611778
2021-01-18,-11.24,-5.43,-15.08,0.4,4.41,38.325095382563376,36.97168904611778
2021-01-19,-15.54,-8.81,-25.86,2.93,10.58,38.325095382563376,36.97168904611778
2021-01-20,-16.78,-8.71,-25.51,0.07,11.12,38.325095382563376,36.97168904611778
2021-01-21,-12.85,-4.38,-20.56,0.0,12.64,38.325095382563376,36.97168904611778
2021-01-22,-7.2,-0.58,-11.93,0.0,12.98,38.325095382563376,36.97168904611778
2021-01-23,-6.47,0.77,-10.41,0.0,13.25,38.325095382563376,36.97168904611778
2021-01-24,-5.93,0.74,-10.39,0.0,11.07,38.325095382563376,36.97168904611778
2021-01-25,-4.84,1.4,-10.63,0.02,11.61,38.325095382563376,36.97168904611778
2021-01-26,-2.49,3.13,-6.78,0.0,10.54,38.325095382563376,36.97168904611778
2021-01-27,-2.99,1.37,-6.23,0.02,9.91,38.325095382563376,36.97168904611778
2021-01-28,-2.88,0.27,-4.75,1.09,10.36,38.325095382563376,36.97168904611778
2021-01-29,-5.96,-1.74,-14.33,8.15,7.13,38.325095382563376,36.97168904611778
2021-01-30,-6.7,-0.16,-15.07,5.54,11.1,38.325095382563376,36.97168904611778
2021-01-31,-3.48,0.15,-8.28,12.32,11.41,38.325095382563376,36.97168904611778
2021-02-01,-5.38,-0.35,-9.93,0.25,9.67,38.325095382563376,36.97168904611778
2021-02-02,-2.56,1.18,-6.38,0.0,11.18,38.325095382563376,36.97168904611778
2021-02-03,-0.71,4.38,-3.2,0.08,10.35,38.325095382563376,36.97168904611778
2021-02-04,1.15,6.23,-2.29,0.02,11.68,38.325095382563376,36.97168904611778
2021-02-05,0.07,5.23,-3.74,0.0,10.72,38.325095382563376,36.97168904611778
2021-02-06,1.13,8.38,-3.41,0.0,14.62,38.325095382563376,36.97168904611778
2021-02-07,3.09,11.2,-0.99,0.0,14.39,38.325095382563376,36.97168904611778
2021-02-08,2.67,8.47,-0.52,0.0,10.2,38.325095382563376,36.97168904611778
2021-02-09,2.5,10.49,-2.22,0.0,14.85,38.325095382563376,36.97168904611778
2021-02-10,1.95,8.36,-2.01,0.0,13.19,38.325095382563376,36.97168904611778
2021-02-11,2.3,9.89,-2.36,0.0,15.33,38.325095382563376,36.97168904611778
2021-02-12,1.58,7.82,-2.11,0.29,13.77,38.325095382563376,36.97168904611778
2021-02-13,0.89,6.69,-3.85,0.1,14.97,38.325095382563376,36.97168904611778
2021-02-14,2.12,8.58,-0.93,0.0,14.81,38.325095382563376,36.97168904611778
2021-02-15,1.78,8.31,-2.33,0.11,14.46,38.325095382563376,36.97168904611778
2021-02-16,-0.81,2.82,-9.34,5.94,9.92,38.325095382563376,36.97168904611778
2021-02-17,-8.9,-4.97,-12.37,3.4,6.82,38.325095382563376,36.97168904611778
2021-02-18,-10.03,-3.59,-14.96,0.08,17.87,38.325095382563376,36.97168904611778
2021-02-19,-7.63,-2.9,-11.91,0.62,10.37,38.325095382563376,36.97168904611778
2021-02-20,-9.27,-3.02,-13.84,0.01,17.88,38.325095382563376,36.97168904611778
2021-02-21,-7.11,0.38,-14.29,0.0,18.45,38.325095382563376,36.97168904611778
2021-02-22,-3.92,2.98,-10.1,0.0,18.39,38.325095382563376,36.97168904611778
2021-02-23,-1.57,6.24,-7.61,0.0,18.28,38.325095382563376,36.97168904611778
2021-02-24,-0.99,5.55,-4.56,0.0,18.09,38.325095382563376,36.97168904611778
2021-02-25,-1.99,4.16,-5.26,0.0,18.17,38.325095382563376,36.97168904611778
2021-02-26,-1.52,5.8,-6.87,0.0,18.93,38.325095382563376,36.97168904611778
2021-02-27,1.2,7.89,-4.57,0.0,19.27,38.325095382563376,36.97168904611778
2021-02-28,1.59,8.7,-4.03,1.23,17.91,38.325095382563376,36.97168904611778
2021-03-01,-2.91,2.59,-6.14,0.19,11.83,38.325095382563376,36.97168904611778
2021-03-02,-1.7,4.77,-6.96,0.0,16.86,38.325095382563376,36.97168904611778
2021-03-03,0.1,5.86,-5.12,0.08,12.12,38.325095382563376,36.97168904611778
2021-03-04,-1.58,6.63,-6.2,0.02,18.85,38.325095382563376,36.97168904611778
2021-03-05,0.53,8.22,-5.35,0.0,19.39,38.325095382563376,36.97168904611778
2021-03-06,2.71,10.12,-1.87,0.28,18.97,38.325095382563376,36.97168904611778
2021-03-07,1.4,6.48,-2.24,1.95,16.81,38.325095382563376,36.97168904611778
2021-03-08,-0.98,5.38,-4.88,0.48,15.33,38.325095382563376,36.97168904611778
2021-03-09,0.44,7.21,-4.73,0.01,16.79,38.325095382563376,36.97168904611778
2021-03-10,2.3,8.32,-1.74,0.03,17.45,38.325095382563376,36.97168904611778
2021-03-11,2.75,9.23,-1.69,6.24,14.06,38.325095382563376,36.97168904611778
2021-03-12,-5.77,-0.9,-9.31,1.76,13.98,38.325095382563376,36.97168904611778
2021-03-13,0.51,9.09,-7.37,0.0,20.79,38.325095382563376,36.97168904611778
2021-03-14,3.58,9.54,-1.75,0.24,16.39,38.325095382563376,36.97168904611778
2021-03-15,1.04,4.91,-1.0,3.45,10.75,38.325095382563376,36.97168904611778
2021-03-16,1.95,6.09,-0.51,3.07,14.29,38.325095382563376,36.97168904611778
2021-03-17,0.45,4.53,-4.96,9.46,7.19,38.325095382563376,36.97168904611778
2021-03-18,-2.1,2.84,-6.16,1.52,12.12,38.325095382563376,36.97168904611778
2021-03-19,-0.96,3.94,-6.0,0.05,16.37,38.325095382563376,36.97168904611778
2021-03-20,1.65,6.45,-1.19,0.11,13.6,38.325095382563376,36.97168904611778
2021-03-21,3.4,9.52,-2.07,0.03,15.05,38.325095382563376,36.97168904611778
2021-03-22,5.13,11.92,-0.87,0.67,13.52,38.325095382563376,36.97168904611778
2021-03-23,5.33,8.08,2.04,6.08,8.68,38.325095382563376,36.97168904611778
2021-03-24,1.78,4.4,-3.08,5.94,5.73,38.325095382563376,36.97168904611778
2021-03-25,-2.15,1.09,-4.84,2.36,8.75,38.325095382563376,36.97168904611778
2021-03-26,-3.91,-0.93,-7.63,2.41,4.68,38.325095382563376,36.97168904611778
2021-03-27,-4.62,-0.11,-7.87,1.19,9.41,38.325095382563376,36.97168904611778
2021-03-28,-2.18,4.85,-7.21,0.0,24.85,38.325095382563376,36.97168904611778
2021-03-29,0.8,8.2,-5.17,0.0,22.72,38.325095382563376,36.97168904611778
2021-03-30,2.46,9.2,-2.56,0.0,19.9,38.325095382563376,36.97168904611778
2021-03-31,3.33,8.48,-1.89,0.07,19.84,38.325095382563376,36.97168904611778
2021-04-01,2.56,7.21,-1.45,2.05,18.22,38.325095382563376,36.97168904611778
2021-04-02,0.4,4.51,-2.94,4.15,14.37,38.325095382563376,36.97168904611778
2021-04-03,2.58,10.27,-4.15,0.04,16.81,38.325095382563376,36.97168904611778
2021-04-04,4.43,11.72,-1.3,0.02,20.82,38.325095382563376,36.97168904611778
2021-04-05,5.78,11.17,1.9,0.19,12.91,38.325095382563376,36.97168904611778
2021-04-06,7.32,13.74,1.92,0.03,10.02,38.325095382563376,36.97168904611778
2021-04-07,8.55,17.09,2.18,0.0,22.51,38.325095382563376,36.97168904611778
2021-04-08,7.72,16.14,0.59,0.0,19.26,38.325095382563376,36.97168904611778
2021-04-09,4.88,13.71,-3.69,1.08,18.33,38.325095382563376,36.97168904611778
2021-04-10,0.62,8.18,-5.57,5.31,13.46,38.325095382563376,36.97168904611778
2021-04-11,-0.95,3.45,-4.18,4.18,8.47,38.325095382563376,36.97168904611778
2021-04-12,-0.8,3.81,-4.76,0.8,11.52,38.325095382563376,36.97168904611778
2021-04-13,0.02,5.77,-4.68,1.85,14.92,38.325095382563376,36.97168904611778
2021-04-14,3.89,11.45,-3.95,0.0,18.56,38.325095382563376,36.97168904611778
2021-04-15,6.39,11.41,1.83,0.24,21.11,38.325095382563376,36.97168904611778
2021-04-16,8.53,15.65,2.26,0.0,21.05,38.325095382563376,36.97168904611778
2021-04-17,10.64,17.01,4.31,0.16,20.65,38.325095382563376,36.97168904611778
2021-04-18,12.14,19.84,5.68,0.46,13.02,38.325095382563376,36.97168904611778
2021-04-19,13.47,20.95,7.37,0.0,14.08,38.325095382563376,36.97168904611778
2021-04-20,13.08,19.83,6.42,0.01,14.37,38.325095382563376,36.97168904611778
2021-04-21,10.4,17.72,3.61,0.0,27.79,38.325095382563376,36.97168904611778
2021-04-22,8.64,16.71,1.18,0.0,23.12,38.325095382563376,36.97168904611778
2021-04-23,9.49,18.52,-0.94,0.0,28.12,38.325095382563376,36.97168904611778
2021-04-24,13.25,20.85,6.1,0.0,27.57,38.325095382563376,36.97168904611778
2021-04-25,13.0,18.7,6.47,0.9,19.46,38.325095382563376,36.97168904611778
2021-04-26,12.26,19.76,2.44,3.4,22.2,38.325095382563376,36.97168904611778
2021-04-27,8.75,18.27,-0.13,0.0,28.26,38.325095382563376,36.97168904611778
2021-04-28,12.58,22.26,2.87,0.0,26.17,38.325095382563376,36.97168904611778
2021-04-29,14.09,20.89,6.96,0.48,18.3,38.325095382563376,36.97168904611778
2021-04-30,11.66,18.11,6.16,2.92,15.1,38.325095382563376,36.97168904611778
2021-05-01,11.72,19.03,5.0,0.0,26.28,38.325095382563376,36.97168904611778
2021-05-02,13.22,20.84,4.98,0.02,24.51,38.325095382563376,36.97168904611778
2021-05-03,15.96,23.01,9.08,0.07,25.63,38.325095382563376,36.97168904611778
2021-05-04,13.54,19.84,6.03,0.38,19.42,38.325095382563376,36.97168904611778
2021-05-05,11.66,19.49,4.02,0.06,26.33,38.325095382563376,36.97168904611778
2021-05-06,11.02,16.97,5.55,1.19,10.99,38.325095382563376,36.97168904611778
2021-05-07,11.61,19.63,5.26,0.05,30.3,38.325095382563376,36.97168904611778
2021-05-08,15.3,23.82,6.11,0.14,21.75,38.325095382563376,36.97168904611778
2021-05-09,11.33,19.74,-0.77,0.35,20.62,38.325095382563376,36.97168904611778
2021-05-10,5.07,14.67,-3.66,0.0,32.19,38.325095382563376,36.97168904611778
2021-05-11,8.83,19.51,-2.23,0.0,31.96,38.325095382563376,36.97168904611778
2021-05-12,13.35,22.41,3.1,0.0,31.15,38.325095382563376,36.97168904611778
2021-05-13,15.48,23.92,8.89,0.0,29.44,38.325095382563376,36.97168904611778
2021-05-14,16.31,25.26,8.52,0.0,30.89,38.325095382563376,36.97168904611778
2021-05-15,17.36,26.3,7.66,0.0,29.26,38.325095382563376,36.97168904611778
2021-05-16,15.95,23.43,8.96,0.0,29.35,38.325095382563376,36.97168904611778
2021-05-17,12.44,18.14,7.31,0.07,24.09,38.325095382563376,36.97168904611778
2021-05-18,14.77,23.54,6.48,0.0,29.46,38.325095382563376,36.97168904611778
2021-05-19,14.76,23.18,7.37,0.0,31.13,38.325095382563376,36.97168904611778
2021-05-20,17.46,27.21,9.08,0.0,31.39,38.325095382563376,36.97168904611778
2021-05-21,17.68,27.4,8.7,0.03,29.38,38.325095382563376,36.97168904611778
2021-05-22,12.3,21.04,4.59,9.57,20.72,38.325095382563376,36.97168904611778
2021-05-23,8.61,14.93,4.02,1.71,9.77,38.325095382563376,36.97168904611778
2021-05-24,13.02,22.16,5.27,0.0,26.7,38.325095382563376,36.97168904611778
2021-05-25,14.42,23.76,6.88,0.0,31.38,38.325095382563376,36.97168904611778
2021-05-26,15.39,25.26,5.08,0.0,32.22,38.325095382563376,36.97168904611778
2021-05-27,17.73,27.1,8.47,0.0,28.83,38.325095382563376,36.97168904611778
2021-05-28,18.02,26.23,9.72,0.48,25.31,38.325095382563376,36.97168904611778
2021-05-29,15.29,22.04,8.09,0.09,20.5,38.325095382563376,36.97168904611778
2021-05-30,15.06,23.67,5.84,0.0,31.19,38.325095382563376,36.97168904611778
2021-05-31,16.78,23.77,10.19,2.39,24.7,38.325095382563376,36.97168904611778
2021-06-01,13.94,20.88,7.47,7.15,23.12,38.325095382563376,36.97168904611778
2021-06-02,11.41,18.17,4.26,2.04,21.35,38.325095382563376,36.97168904611778
2021-06-03,11.3,19.76,2.94,0.0,29.39,38.325095382563376,36.97168904611778
2021-06-04,11.57,19.31,3.5,0.0,29.76,38.325095382563376,36.97168904611778
2021-06-05,12.2,20.09,3.76,0.0,26.07,38.325095382563376,36.97168904611778
2021-06-06,11.58,19.02,5.28,0.0,28.69,38.325095382563376,36.97168904611778
2021-06-07,14.13,22.73,5.15,0.0,31.21,38.325095382563376,36.97168904611778
2021-06-08,15.89,22.92,8.82,0.97,25.21,38.325095382563376,36.97168904611778
2021-06-09,14.91,22.07,8.01,0.95,25.58,38.325095382563376,36.97168904611778
2021-06-10,14.29,20.58,7.86,2.23,22.21,38.325095382563376,36.97168904611778
2021-06-11,15.34,22.72,7.44,0.26,26.26,38.325095382563376,36.97168904611778
2021-06-12,15.86,23.51,7.62,1.25,21.99,38.325095382563376,36.97168904611778
2021-06-13,16.23,23.99,7.62,0.36,28.36,38.325095382563376,36.97168904611778
2021-06-14,16.43,25.1,8.34,0.74,30.48,38.325095382563376,36.97168904611778
2021-06-15,16.28,25.87,7.59,0.19,32.33,38.325095382563376,36.97168904611778
2021-06-16,15.21,24.23,8.42,1.62,28.88,38.325095382563376,36.97168904611778
2021-06-17,14.32,22.61,6.72,0.01,26.9,38.325095382563376,36.97168904611778
2021-06-18,16.46,25.4,6.78,0.0,31.86,38.325095382563376,36.97168904611778
2021-06-19,18.91,28.31,8.91,0.0,32.43,38.325095382563376,36.97168904611778
2021-06-20,20.42,30.17,10.01,0.09,32.53,38.325095382563376,36.97168904611778
2021-06-21,18.61,27.05,10.59,0.05,31.64,38.325095382563376,36.97168904611778
2021-06-22,18.5,26.53,10.51,2.56,27.44,38.325095382563376,36.97168904611778
2021-06-23,19.14,27.26,10.5,0.0,25.67,38.325095382563376,36.97168904611778
2021-06-24,20.24,28.61,11.77,0.05,27.3,38.325095382563376,36.97168904611778
2021-06-25,19.5,27.07,12.25,0.06,23.08,38.325095382563376,36.97168904611778
2021-06-26,19.13,26.47,11.53,0.06,26.71,38.325095382563376,36.97168904611778
2021-06-27,20.17,28.46,11.69,0.0,29.6,38.325095382563376,36.97168904611778
2021-06-28,21.23,29.64,12.68,0.76,29.84,38.325095382563376,36.97168904611778
2021-06-29,19.7,28.13,11.75,1.58,31.18,38.325095382563376,36.97168904611778
2021-06-30,21.24,31.27,10.74,0.0,32.4,38.325095382563376,36.97168904611778
2021-07-01,22.63,32.3,13.17,0.0,32.13,38.325095382563376,36.97168904611778
2021-07-02,22.7,31.34,13.41,0.0,32.05,38.325095382563376,36.97168904611778
2021-07-03,23.21,31.59,15.67,0.09,30.69,38.325095382563376,36.97168904611778
2021-07-04,18.2,24.19,11.66,1.25,23.24,38.325095382563376,36.97168904611778
2021-07-05,17.63,26.02,9.19,0.0,30.6,38.325095382563376,36.97168904611778
2021-07-06,18.86,25.61,12.03,0.29,23.0,38.325095382563376,36.97168904611778
2021-07-07,19.97,27.61,11.44,0.0,25.55,38.325095382563376,36.97168904611778
2021-07-08,22.0,30.4,12.51,0.0,26.0,38.325095382563376,36.97168904611778
2021-07-09,21.33,28.95,14.03,0.0,27.87,38.325095382563376,36.97168904611778
2021-07-10,20.37,29.05,12.1,0.0,28.14,38.325095382563376,36.97168904611778
2021-07-11,21.73,30.24,12.69,0.0,29.34,38.325095382563376,36.97168904611778
2021-07-12,22.95,31.34,14.38,0.0,30.88,38.325095382563376,36.97168904611778
2021-07-13,22.5,30.72,14.44,0.0,30.87,38.325095382563376,36.97168904611778
2021-07-14,20.27,28.57,12.49,0.0,30.8,38.325095382563376,36.97168904611778
2021-07-15,18.94,26.69,11.53,0.0,25.51,38.325095382563376,36.97168904611778
2021-07-16,22.65,31.49,12.35,0.0,29.28,38.325095382563376,36.97168904611778
2021-07-17,25.71,33.56,16.35,0.0,26.71,38.325095382563376,36.97168904611778
2021-07-18,26.84,34.44,19.32,0.0,27.51,38.325095382563376,36.97168904611778
2021-07-19,26.16,35.59,18.48,0.0,30.81,38.325095382563376,36.97168904611778
2021-07-20,26.65,36.44,17.32,0.0,30.55,38.325095382563376,36.97168904611778
2021-07-21,26.07,35.08,17.25,0.04,29.71,38.325095382563376,36.97168904611778
2021-07-22,22.07,30.05,13.9,0.0,27.69,38.325095382563376,36.97168904611778
2021-07-23,19.54,27.35,13.0,0.04,29.2,38.325095382563376,36.97168904611778
2021-07-24,18.33,27.46,9.31,0.0,28.35,38.325095382563376,36.97168904611778
2021-07-25,21.41,30.95,11.01,0.0,28.76,38.325095382563376,36.97168904611778
2021-07-26,22.86,31.58,14.52,0.01,25.72,38.325095382563376,36.97168904611778
2021-07-27,19.6,27.27,13.6,0.0,25.99,38.325095382563376,36.97168904611778
2021-07-28,17.56,25.85,11.13,0.0,28.16,38.325095382563376,36.97168904611778
2021-07-29,19.35,29.23,10.74,0.0,27.54,38.325095382563376,36.97168904611778
2021-07-30,20.94,31.01,11.11,0.0,29.01,38.325095382563376,36.97168904611778
2021-07-31,20.93,30.41,11.47,0.0,29.49,38.325095382563376,36.97168904611778
2021-08-01,21.74,31.15,11.91,0.0,30.13,38.325095382563376,36.97168904611778
2021-08-02,23.04,32.34,13.47,0.0,29.3,38.325095382563376,36.97168904611778
2021-08-03,23.26,32.72,13.92,0.0,29.45,38.325095382563376,36.97168904611778
2021-08-04,23.64,33.5,13.51,0.0,29.75,38.325095382563376,36.97168904611778
2021-08-05,24.39,34.04,13.05,0.0,28.81,38.325095382563376,36.97168904611778
2021-08-06,23.36,31.57,17.02,0.27,17.35,38.325095382563376,36.97168904611778
2021-08-07,22.92,30.92,16.7,0.68,19.82,38.325095382563376,36.97168904611778
2021-08-08,20.13,25.91,14.45,0.86,15.21,38.325095382563376,36.97168904611778
2021-08-09,17.89,23.76,13.2,1.75,14.36,38.325095382563376,36.97168904611778
2021-08-10,17.44,23.58,11.54,0.28,15.79,38.325095382563376,36.97168904611778
2021-08-11,17.5,23.71,12.24,1.96,16.74,38.325095382563376,36.97168904611778
2021-08-12,17.69,23.17,12.81,0.86,17.27,38.325095382563376,36.97168904611778
2021-08-13,18.22,25.52,11.65,0.55,19.28,38.325095382563376,36.97168904611778
2021-08-14,17.03,24.56,11.42,0.02,17.78,38.325095382563376,36.97168904611778
2021-08-15,17.79,27.1,10.03,0.0,24.15,38.325095382563376,36.97168904611778
2021-08-16,17.6,26.51,9.82,0.0,26.24,38.325095382563376,36.97168904611778
2021-08-17,19.18,29.45,9.14,0.0,28.35,38.325095382563376,36.97168904611778
2021-08-18,20.42,30.36,10.77,0.0,28.41,38.325095382563376,36.97168904611778
2021-08-19,20.0,28.65,11.51,0.0,27.43,38.325095382563376,36.97168904611778
2021-08-20,19.06,28.24,9.69,0.0,27.29,38.325095382563376,36.97168904611778
2021-08-21,20.42,29.94,10.98,0.0,27.52,38.325095382563376,36.97168904611778
2021-08-22,21.42,31.16,11.58,0.0,25.97,38.325095382563376,36.97168904611778
2021-08-23,21.59,31.28,12.3,0.0,23.42,38.325095382563376,36.97168904611778
2021-08-24,21.63,30.47,13.02,0.0,24.62,38.325095382563376,36.97168904611778
2021-08-25,22.55,31.01,13.65,0.0,23.74,38.325095382563376,36.97168904611778
2021-08-26,22.7,31.16,14.69,0.0,25.58,38.325095382563376,36.97168904611778
2021-08-27,24.41,32.75,15.85,0.0,25.8,38.325095382563376,36.97168904611778
2021-08-28,25.4,33.98,16.93,0.0,25.69,38.325095382563376,36.97168904611778
2021-08-29,25.25,34.04,17.66,0.0,25.54,38.325095382563376,36.97168904611778
2021-08-30,22.84,31.93,15.9,0.0,26.04,38.325095382563376,36.97168904611778
2021-08-31,22.53,31.38,13.38,0.0,23.43,38.325095382563376,36.97168904611778
2021-09-01,22.44,31.12,14.67,0.01,23.95,38.325095382563376,36.97168904611778
2021-09-02,18.88,25.9,11.79,1.26,15.83,38.325095382563376,36.97168904611778
2021-09-03,13.97,21.05,8.3,0.0,22.74,38.325095382563376,36.97168904611778
2021-09-04,14.51,25.43,4.63,0.0,26.3,38.325095382563376,36.97168904611778
2021-09-05,16.2,27.07,6.48,0.0,25.55,38.325095382563376,36.97168904611778
2021-09-06,15.43,24.81,7.1,0.0,24.74,38.325095382563376,36.97168904611778
2021-09-07,16.81,26.52,7.47,0.0,23.78,38.325095382563376,36.97168904611778
2021-09-08,18.41,27.77,9.19,0.06,23.63,38.325095382563376,36.97168904611778
2021-09-09,18.95,28.42,9.96,0.0,23.9,38.325095382563376,36.97168904611778
2021-09-10,19.41,28.49,12.27,0.04,23.15,38.325095382563376,36.97168904611778
2021-09-11,16.96,24.52,10.5,0.01,18.88,38.325095382563376,36.97168904611778
2021-09-12,16.51,25.13,9.01,0.03,23.27,38.325095382563376,36.97168904611778
2021-09-13,17.76,25.69,10.49,0.02,19.15,38.325095382563376,36.97168904611778
2021-09-14,18.04,26.99,9.82,0.19,19.42,38.325095382563376,36.97168904611778
2021-09-15,16.55,24.34,11.14,1.95,17.05,38.325095382563376,36.97168904611778
2021-09-16,14.74,20.98,9.55,1.19,14.37,38.325095382563376,36.97168904611778
2021-09-17,12.83,19.39,7.71,0.3,14.72,38.325095382563376,36.97168904611778
2021-09-18,13.76,22.95,5.77,0.0,22.76,38.325095382563376,36.97168904611778
2021-09-19,15.57,23.38,8.64,0.03,18.95,38.325095382563376,36.97168904611778
2021-09-20,15.3,22.06,9.33,1.38,17.86,38.325095382563376,36.97168904611778
2021-09-21,16.84,25.32,10.41,0.02,20.35,38.325095382563376,36.97168904611778
2021-09-22,13.9,20.04,8.61,0.46,13.04,38.325095382563376,36.97168904611778
2021-09-23,11.38,19.14,5.53,2.87,13.94,38.325095382563376,36.97168904611778
2021-09-24,7.38,14.06,2.66,0.31,15.18,38.325095382563376,36.97168904611778
2021-09-25,8.72,17.87,1.19,0.0,20.91,38.325095382563376,36.97168904611778
2021-09-26,11.26,22.12,1.75,0.0,21.78,38.325095382563376,36.97168904611778
2021-09-27,13.29,23.64,4.86,0.0,21.54,38.325095382563376,36.97168904611778
2021-09-28,12.28,21.76,4.35,0.0,21.29,38.325095382563376,36.97168904611778
2021-09-29,12.06,21.75,4.26,0.02,20.05,38.325095382563376,36.97168904611778
2021-09-30,10.85,18.58,4.86,0.01,16.15,38.325095382563376,36.97168904611778
2021-10-01,10.45,19.54,3.26,0.0,20.72,38.325095382563376,36.97168904611778
2021-10-02,13.83,21.87,5.68,0.0,18.41,38.325095382563376,36.97168904611778
2021-10-03,12.5,20.18,4.68,0.0,15.36,38.325095382563376,36.97168904611778
2021-10-04,8.23,16.39,1.58,0.01,19.23,38.325095382563376,36.97168904611778
2021-10-05,7.13,15.23,0.92,0.0,16.96,38.325095382563376,36.97168904611778
2021-10-06,6.28,14.61,-0.16,0.0,16.25,38.325095382563376,36.97168904611778
2021-10-07,8.97,17.9,0.51,0.0,19.76,38.325095382563376,36.97168904611778
2021-10-08,12.62,20.69,5.45,0.0,19.55,38.325095382563376,36.97168904611778
2021-10-09,13.93,22.68,7.12,0.0,19.04,38.325095382563376,36.97168904611778
2021-10-10,15.66,23.44,9.26,0.0,18.62,38.325095382563376,36.97168904611778
2021-10-11,15.92,24.36,10.01,0.0,18.11,38.325095382563376,36.97168904611778
2021-10-12,13.41,22.03,8.06,0.0,17.65,38.325095382563376,36.97168904611778
2021-10-13,11.24,17.87,5.43,0.0,14.72,38.325095382563376,36.97168904611778
2021-10-14,12.33,20.0,6.6,0.0,15.66,38.325095382563376,36.97168904611778
2021-10-15,13.58,21.78,7.52,0.0,17.47,38.325095382563376,36.97168904611778
2021-10-16,12.91,21.54,7.18,0.01,16.89,38.325095382563376,36.97168904611778
2021-10-17,10.56,16.91,6.1,0.2,13.13,38.325095382563376,36.97168904611778
2021-10-18,8.48,15.38,3.68,0.1,11.17,38.325095382563376,36.97168904611778
2021-10-19,7.02,13.88,2.19,0.01,12.65,38.325095382563376,36.97168904611778
2021-10-20,4.6,12.72,-0.66,0.01,15.41,38.325095382563376,36.97168904611778
2021-10-21,6.84,16.83,-2.3,0.0,17.31,38.325095382563376,36.97168904611778
2021-10-22,9.61,17.42,4.06,0.0,16.49,38.325095382563376,36.97168904611778
2021-10-23,8.65,18.13,1.7,0.0,16.71,38.325095382563376,36.97168904611778
2021-10-24,8.97,18.1,3.23,0.0,16.26,38.325095382563376,36.97168904611778
2021-10-25,4.5,11.4,-2.35,0.01,10.54,38.325095382563376,36.97168904611778
2021-10-26,3.6,14.29,-5.88,0.0,16.41,38.325095382563376,36.97168904611778
2021-10-27,8.27,16.25,1.19,0.0,14.42,38.325095382563376,36.97168904611778
2021-10-28,8.49,14.59,3.94,1.2,8.67,38.325095382563376,36.97168904611778
2021-10-29,4.88,11.21,0.96,1.32,6.27,38.325095382563376,36.97168904611778
2021-10-30,6.81,14.2,0.56,0.67,8.57,38.325095382563376,36.97168904611778
2021-10-31,8.33,14.18,4.26,1.12,6.83,38.325095382563376,36.97168904611778
2021-11-01,8.2,13.65,4.17,1.28,3.68,38.325095382563376,36.97168904611778
2021-11-02,8.13,11.66,4.46,1.74,3.28,38.325095382563376,36.97168904611778
2021-11-03,6.93,12.43,3.91,0.48,7.24,38.325095382563376,36.97168904611778
2021-11-04,7.83,16.33,2.52,0.0,13.84,38.325095382563376,36.97168904611778
2021-11-05,8.84,18.09,1.91,0.0,14.43,38.325095382563376,36.97168904611778
2021-11-06,8.49,18.54,1.64,0.0,14.2,38.325095382563376,36.97168904611778
2021-11-07,6.7,16.34,-0.26,0.0,13.34,38.325095382563376,36.97168904611778
2021-11-08,9.42,17.28,2.79,0.0,12.43,38.325095382563376,36.97168904611778
2021-11-09,9.18,17.37,3.7,0.0,13.24,38.325095382563376,36.97168904611778
2021-11-10,1.89,6.21,-5.2,4.35,6.33,38.325095382563376,36.97168904611778
2021-11-11,-1.98,5.28,-5.3,0.01,13.22,38.325095382563376,36.97168904611778
2021-11-12,3.14,10.57,-4.43,0.0,13.64,38.325095382563376,36.97168904611778
2021-11-13,5.15,12.75,0.69,0.0,13.29,38.325095382563376,36.97168904611778
2021-11-14,4.55,10.75,-0.13,0.0,11.06,38.325095382563376,36.97168904611778
2021-11-15,5.66,12.84,-0.42,0.0,10.62,38.325095382563376,36.97168904611778
2021-11-16,2.69,12.09,-3.23,0.0,12.67,38.325095382563376,36.97168904611778
2021-11-17,4.68,12.56,-0.74,0.0,11.5,38.325095382563376,36.97168904611778
2021-11-18,5.74,12.6,1.94,0.0,11.4,38.325095382563376,36.97168904611778
2021-11-19,5.19,10.09,1.53,0.07,9.07,38.325095382563376,36.97168904611778
2021-11-20,2.17,5.93,-0.26,1.08,4.67,38.325095382563376,36.97168904611778
2021-11-21,3.06,9.78,-1.12,0.0,9.87,38.325095382563376,36.97168904611778
2021-11-22,3.51,10.77,-0.36,0.0,10.67,38.325095382563376,36.97168904611778
2021-11-23,4.06,10.18,0.44,0.1,10.56,38.325095382563376,36.97168904611778
2021-11-24,5.35,9.71,3.19,1.61,5.5,38.325095382563376,36.97168904611778
2021-11-25,4.59,8.83,2.43,3.39,3.57,38.325095382563376,36.97168904611778
2021-11-26,3.1,8.98,-0.75,0.31,9.37,38.325095382563376,36.97168904611778
2021-11-27,3.31,6.85,0.03,1.5,4.8,38.325095382563376,36.97168904611778
2021-11-28,4.48,9.83,0.36,2.68,4.09,38.325095382563376,36.97168904611778
2021-11-29,6.27,15.26,0.25,0.0,6.8,38.325095382563376,36.97168904611778
2021-11-30,6.74,12.56,4.34,1.31,8.13,38.325095382563376,36.97168904611778
2021-12-01,0.7,4.39,-4.79,3.14,5.99,38.325095382563376,36.97168904611778
2021-12-02,-2.09,4.38,-6.51,0.0,11.07,38.325095382563376,36.97168904611778
2021-12-03,0.16,7.55,-3.69,0.0,10.85,38.325095382563376,36.97168904611778
2021-12-04,0.26,6.82,-2.96,0.02,9.75,38.325095382563376,36.97168904611778
2021-12-05,0.7,7.72,-3.56,0.0,9.43,38.325095382563376,36.97168904611778
2021-12-06,1.65,9.11,-3.1,0.0,10.42,38.325095382563376,36.97168904611778
2021-12-07,0.04,6.47,-3.63,0.05,9.65,38.325095382563376,36.97168904611778
2021-12-08,0.44,3.54,-1.32,2.22,3.11,38.325095382563376,36.97168904611778
2021-12-09,0.79,5.75,-2.42,1.61,7.21,38.325095382563376,36.97168904611778
2021-12-10,-0.02,6.97,-3.31,0.0,10.32,38.325095382563376,36.97168904611778
2021-12-11,0.3,7.95,-3.38,0.0,8.5,38.325095382563376,36.97168904611778
2021-12-12,0.77,9.54,-3.28,0.0,10.19,38.325095382563376,36.97168904611778
2021-12-13,1.49,7.61,-1.94,0.04,6.57,38.325095382563376,36.97168904611778
2021-12-14,2.42,9.45,-1.29,0.29,5.58,38.325095382563376,36.97168904611778
2021-12-15,0.34,5.44,-2.04,1.41,5.13,38.325095382563376,36.97168904611778
2021-12-16,-1.48,1.01,-3.11,3.73,2.45,38.325095382563376,36.97168904611778
2021-12-17,-1.15,3.32,-3.8,2.7,3.77,38.325095382563376,36.97168904611778
2021-12-18,-1.45,2.38,-3.67,3.36,3.51,38.325095382563376,36.97168904611778
2021-12-19,-0.47,2.31,-2.7,6.69,2.13,38.325095382563376,36.97168904611778
2021-12-20,-2.4,0.22,-7.87,4.66,1.01,38.325095382563376,36.97168904611778
2021-12-21,-8.01,-2.66,-11.96,0.66,4.89,38.325095382563376,36.97168904611778
2021-12-22,-10.75,-5.0,-14.98,0.0,5.5,38.325095382563376,36.97168904611778
2021-12-23,-10.91,-4.37,-14.73,0.11,8.79,38.325095382563376,36.97168904611778
2021-12-24,-11.87,-4.28,-17.18,0.04,10.86,38.325095382563376,36.97168904611778
2021-12-25,-7.3,0.46,-13.24,0.0,10.72,38.325095382563376,36.97168904611778
2021-12-26,-5.23,1.44,-9.52,0.0,10.19,38.325095382563376,36.97168904611778
2021-12-27,-2.47,2.8,-6.39,0.0,9.64,38.325095382563376,36.97168904611778
2021-12-28,-2.64,3.19,-6.11,0.0,8.73,38.325095382563376,36.97168904611778
2021-12-29,-3.23,2.51,-6.47,0.0,10.17,38.325095382563376,36.97168904611778
2021-12-30,-3.8,2.52,-8.01,0.0,8.78,38.325095382563376,36.97168904611778
2021-12-31,-1.7,4.75,-5.57,0.01,9.73,38.325095382563376,36.97168904611778
2022-01-01,-1.13,4.74,-5.01,0.17,8.13,38.325095382563376,36.97168904611778
2022-01-02,-2.04,2.29,-6.86,2.97,5.68,38.325095382563376,36.97168904611778
2022-01-03,-4.24,2.18,-8.75,0.0,11.18,38.325095382563376,36.97168904611778
2022-01-04,-1.43,4.01,-3.89,0.03,8.75,38.325095382563376,36.97168904611778
2022-01-05,-0.71,5.61,-5.44,0.01,11.12,38.325095382563376,36.97168904611778
2022-01-06,1.49,5.26,-0.14,0.0,9.21,38.325095382563376,36.97168904611778
2022-01-07,1.07,4.01,-0.6,0.0,5.35,38.325095382563376,36.97168904611778
2022-01-08,-0.19,5.96,-3.37,0.17,8.85,38.325095382563376,36.97168904611778
2022-01-09,-0.93,2.53,-3.14,1.76,6.68,38.325095382563376,36.97168904611778
2022-01-10,-0.71,1.43,-2.05,3.05,5.09,38.325095382563376,36.97168904611778
2022-01-11,-0.74,2.15,-2.13,1.77,3.41,38.325095382563376,36.97168904611778
2022-01-12,-0.51,1.0,-1.39,4.09,2.87,38.325095382563376,36.97168904611778
2022-01-13,-3.89,-0.85,-10.37,2.92,4.21,38.325095382563376,36.97168904611778
2022-01-14,-9.92,-2.92,-14.27,0.3,11.35,38.325095382563376,36.97168904611778
2022-01-15,-8.77,-2.22,-13.18,0.24,9.17,38.325095382563376,36.97168904611778
2022-01-16,-10.24,-6.37,-12.97,0.05,9.48,38.325095382563376,36.97168904611778
2022-01-17,-9.77,-3.85,-13.43,0.0,11.89,38.325095382563376,36.97168904611778
2022-01-18,-7.08,-1.6,-12.65,7.67,7.91,38.325095382563376,36.97168904611778
2022-01-19,-11.03,-8.94,-13.78,3.25,10.11,38.325095382563376,36.97168904611778
2022-01-20,-13.07,-7.76,-18.46,0.04,11.47,38.325095382563376,36.97168904611778
2022-01-21,-10.88,-2.03,-18.36,0.04,13.23,38.325095382563376,36.97168904611778
2022-01-22,-8.06,-4.5,-10.3,0.55,8.22,38.325095382563376,36.97168904611778
2022-01-23,-8.73,-4.84,-11.92,8.74,8.14,38.325095382563376,36.97168904611778
2022-01-24,-11.84,-5.89,-17.76,2.19,9.96,38.325095382563376,36.97168904611778
2022-01-25,-13.18,-6.56,-21.47,2.93,8.24,38.325095382563376,36.97168904611778
2022-01-26,-6.83,-2.21,-9.77,7.63,6.86,38.325095382563376,36.97168904611778
2022-01-27,-11.77,-6.65,-19.74,2.38,11.08,38.325095382563376,36.97168904611778
2022-01-28,-14.09,-5.2,-20.2,0.0,13.7,38.325095382563376,36.97168904611778
2022-01-29,-11.34,-3.82,-17.44,0.05,13.51,38.325095382563376,36.97168904611778
2022-01-30,-7.4,-1.27,-11.58,0.73,11.42,38.325095382563376,36.97168904611778
2022-01-31,-5.95,-2.6,-9.04,6.68,12.71,38.325095382563376,36.97168904611778
2022-02-01,-4.42,-0.65,-8.67,0.93,4.37,38.325095382563376,36.97168904611778
2022-02-02,-2.89,-0.51,-5.79,0.37,3.54,38.325095382563376,36.97168904611778
2022-02-03,-3.34,-1.25,-5.26,0.71,7.18,38.325095382563376,36.97168904611778
2022-02-04,-5.54,-0.35,-12.48,1.26,6.46,38.325095382563376,36.97168904611778
2022-02-05,-11.48,-4.18,-17.66,0.0,13.21,38.325095382563376,36.97168904611778
2022-02-06,-9.5,-1.31,-15.68,0.0,12.8,38.325095382563376,36.97168904611778
2022-02-07,-9.12,-0.75,-16.53,0.01,15.41,38.325095382563376,36.97168904611778
2022-02-08,-2.57,-0.27,-6.91,0.35,13.44,38.325095382563376,36.97168904611778
2022-02-09,-0.76,0.02,-2.01,3.93,12.43,38.325095382563376,36.97168904611778
2022-02-10,-4.85,-2.22,-9.96,4.86,6.97,38.325095382563376,36.97168904611778
2022-02-11,-8.15,0.07,-14.84,0.0,14.87,38.325095382563376,36.97168904611778
2022-02-12,-5.08,1.32,-11.18,0.0,16.72,38.325095382563376,36.97168904611778
2022-02-13,-5.28,1.71,-12.09,0.0,15.58,38.325095382563376,36.97168904611778
2022-02-14,-3.85,2.14,-9.6,0.0,15.68,38.325095382563376,36.97168904611778
2022-02-15,-3.86,3.81,-11.31,0.0,15.58,38.325095382563376,36.97168904611778
2022-02-16,-4.72,2.27,-10.85,0.01,13.84,38.325095382563376,36.97168904611778
2022-02-17,-2.98,4.22,-9.95,0.0,15.36,38.325095382563376,36.97168904611778
2022-02-18,-0.81,4.62,-5.07,0.01,15.22,38.325095382563376,36.97168904611778
2022-02-19,0.17,5.07,-3.04,0.06,15.97,38.325095382563376,36.97168904611778
2022-02-20,0.21,7.61,-4.51,0.0,16.73,38.325095382563376,36.97168904611778
2022-02-21,3.27,10.17,-0.12,0.11,16.52,38.325095382563376,36.97168904611778
2022-02-22,2.86,7.98,0.6,0.78,14.99,38.325095382563376,36.97168904611778
2022-02-23,2.94,9.09,-1.64,0.25,16.35,38.325095382563376,36.97168904611778
2022-02-24,2.88,8.33,-1.33,3.09,12.13,38.325095382563376,36.97168904611778
2022-02-25,1.07,5.03,-2.35,5.76,5.12,38.325095382563376,36.97168904611778
2022-02-26,0.9,6.15,-2.81,0.44,13.75,38.325095382563376,36.97168904611778
2022-02-27,1.97,7.81,-1.58,0.01,7.91,38.325095382563376,36.97168904611778
2022-02-28,2.71,7.71,-0.51,0.27,13.01,38.325095382563376,36.97168904611778
2022-03-01,1.02,4.47,-1.46,5.77,5.2,38.325095382563376,36.97168904611778
2022-03-02,1.69,4.14,-0.77,3.44,8.87,38.325095382563376,36.97168904611778
2022-03-03,0.57,4.77,-5.44,12.66,8.54,38.325095382563376,36.97168904611778
2022-03-04,-3.51,0.89,-7.35,0.06,11.19,38.325095382563376,36.97168904611778
2022-03-05,-1.75,3.29,-5.87,0.01,13.92,38.325095382563376,36.97168904611778
2022-03-06,-0.83,2.41,-3.63,0.79,12.75,38.325095382563376,36.97168904611778
2022-03-07,0.77,6.81,-3.3,1.62,15.73,38.325095382563376,36.97168904611778
2022-03-08,0.99,5.14,-2.11,3.44,15.86,38.325095382563376,36.97168904611778
2022-03-09,0.18,4.39,-4.42,7.28,9.48,38.325095382563376,36.97168904611778
2022-03-10,-2.15,2.52,-5.48,3.38,6.73,38.325095382563376,36.97168904611778
2022-03-11,-6.01,-2.63,-11.74,7.28,4.57,38.325095382563376,36.97168904611778
2022-03-12,-8.85,-4.4,-14.93,0.49,17.66,38.325095382563376,36.97168904611778
2022-03-13,-8.62,-5.41,-13.19,1.43,11.89,38.325095382563376,36.97168904611778
2022-03-14,-8.8,-5.25,-12.06,0.65,13.41,38.325095382563376,36.97168904611778
2022-03-15,-9.53,-5.34,-12.52,0.0,13.35,38.325095382563376,36.97168904611778
2022-03-16,-7.19,-0.33,-12.62,0.0,20.83,38.325095382563376,36.97168904611778
2022-03-17,-5.09,-1.39,-9.92,0.72,17.26,38.325095382563376,36.97168904611778
2022-03-18,-6.96,-2.67,-13.97,3.22,14.12,38.325095382563376,36.97168904611778
2022-03-19,-11.57,-7.42,-15.54,0.43,13.45,38.325095382563376,36.97168904611778
2022-03-20,-9.18,-4.22,-14.05,0.36,16.56,38.325095382563376,36.97168904611778
2022-03-21,-7.91,-1.91,-13.24,0.05,20.32,38.325095382563376,36.97168904611778
2022-03-22,-5.43,0.68,-13.01,0.0,20.37,38.325095382563376,36.97168904611778
2022-03-23,-3.34,0.61,-6.52,0.06,20.29,38.325095382563376,36.97168904611778
2022-03-24,-3.01,3.32,-9.74,0.22,18.43,38.325095382563376,36.97168904611778
2022-03-25,-2.85,1.65,-5.41,0.82,16.25,38.325095382563376,36.97168904611778
2022-03-26,-2.66,1.08,-5.51,3.73,14.82,38.325095382563376,36.97168904611778
2022-03-27,-2.74,3.78,-8.61,0.44,18.7,38.325095382563376,36.97168904611778
2022-03-28,0.52,7.05,-5.78,0.0,21.38,38.325095382563376,36.97168904611778
2022-03-29,2.98,10.04,-1.23,0.0,20.94,38.325095382563376,36.97168904611778
2022-03-30,3.8,8.76,-1.0,0.2,17.31,38.325095382563376,36.97168904611778
2022-03-31,6.28,13.79,1.65,0.0,21.75,38.325095382563376,36.97168904611778
2022-04-01,7.03,16.03,1.48,0.0,19.07,38.325095382563376,36.97168904611778
2022-04-02,7.8,18.26,0.58,0.0,20.84,38.325095382563376,36.97168904611778
2022-04-03,8.13,17.14,0.63,0.0,20.54,38.325095382563376,36.97168904611778
2022-04-04,6.27,13.47,-0.03,0.0,22.59,38.325095382563376,36.97168904611778
2022-04-05,6.59,13.38,-0.08,0.0,12.45,38.325095382563376,36.97168904611778
2022-04-06,9.0,17.01,2.12,0.21,20.54,38.325095382563376,36.97168904611778
2022-04-07,8.05,16.23,0.59,0.11,20.04,38.325095382563376,36.97168904611778
2022-04-08,7.51,13.85,2.35,1.9,12.3,38.325095382563376,36.97168904611778
2022-04-09,8.12,17.23,0.89,0.01,25.37,38.325095382563376,36.97168904611778
2022-04-10,7.49,13.43,2.66,0.68,14.61,38.325095382563376,36.97168904611778
2022-04-11,6.78,14.54,-0.22,2.98,19.37,38.325095382563376,36.97168904611778
2022-04-12,0.85,6.77,-4.78,2.55,9.23,38.325095382563376,36.97168904611778
2022-04-13,-2.7,2.82,-6.13,0.0,18.9,38.325095382563376,36.97168904611778
2022-04-14,1.25,9.8,-6.25,0.0,24.22,38.325095382563376,36.97168904611778
2022-04-15,3.97,12.17,-3.04,0.0,16.62,38.325095382563376,36.97168904611778
2022-04-16,6.43,15.33,-2.32,0.0,27.0,38.325095382563376,36.97168904611778
2022-04-17,9.4,16.51,3.05,0.0,12.87,38.325095382563376,36.97168904611778
2022-04-18,11.05,17.31,4.29,0.65,10.83,38.325095382563376,36.97168904611778
2022-04-19,8.01,12.6,2.06,1.7,11.09,38.325095382563376,36.97168904611778
2022-04-20,6.92,14.17,1.87,0.71,22.69,38.325095382563376,36.97168904611778
2022-04-21,7.86,16.19,0.54,0.0,23.31,38.325095382563376,36.97168904611778
2022-04-22,9.28,18.34,0.4,0.0,24.98,38.325095382563376,36.97168904611778
2022-04-23,12.1,20.83,3.75,0.0,26.87,38.325095382563376,36.97168904611778
2022-04-24,15.15,21.84,7.75,0.0,25.34,38.325095382563376,36.97168904611778
2022-04-25,15.03,22.65,7.75,0.0,24.16,38.325095382563376,36.97168904611778
2022-04-26,14.79,22.4,8.59,0.0,25.59,38.325095382563376,36.97168904611778
2022-04-27,13.63,22.18,5.95,0.0,27.14,38.325095382563376,36.97168904611778
2022-04-28,14.14,21.1,7.8,0.0,25.85,38.325095382563376,36.97168904611778
2022-04-29,13.91,19.99,7.19,0.45,21.99,38.325095382563376,36.97168904611778
2022-04-30,10.88,16.58,4.03,6.0,15.25,38.325095382563376,36.97168904611778
2022-05-01,8.14,13.76,3.28,4.26,13.28,38.325095382563376,36.97168904611778
2022-05-02,9.14,16.58,1.4,0.03,19.33,38.325095382563376,36.97168904611778
2022-05-03,10.77,16.84,5.68,1.63,14.7,38.325095382563376,36.97168904611778
2022-05-04,9.7,14.9,4.6,20.93,14.08,38.325095382563376,36.97168904611778
2022-05-05,5.81,11.11,0.81,2.03,11.89,38.325095382563376,36.97168904611778
2022-05-06,3.49,7.08,0.23,1.64,10.98,38.325095382563376,36.97168904611778
2022-05-07,5.06,10.91,0.03,1.5,14.28,38.325095382563376,36.97168904611778
2022-05-08,6.27,14.12,-1.19,0.0,16.49,38.325095382563376,36.97168904611778
2022-05-09,6.85,13.95,-0.58,0.0,18.31,38.325095382563376,36.97168904611778
2022-05-10,7.38,15.93,-0.08,0.0,29.65,38.325095382563376,36.97168904611778
2022-05-11,9.12,17.13,1.65,0.03,25.82,38.325095382563376,36.97168904611778
2022-05-12,7.85,15.51,1.0,0.0,23.52,38.325095382563376,36.97168904611778
2022-05-13,10.27,19.89,-1.18,0.0,31.35,38.325095382563376,36.97168904611778
2022-05-14,13.06,20.49,5.6,0.0,20.26,38.325095382563376,36.97168904611778
2022-05-15,10.45,17.15,6.14,15.56,7.75,38.325095382563376,36.97168904611778
2022-05-16,9.92,17.7,2.7,0.54,23.78,38.325095382563376,36.97168904611778
2022-05-17,10.19,16.83,3.19,0.06,20.04,38.325095382563376,36.97168904611778
2022-05-18,12.47,20.76,3.55,0.0,29.57,38.325095382563376,36.97168904611778
2022-05-19,11.54,19.36,2.13,2.74,14.03,38.325095382563376,36.97168904611778
2022-05-20,6.1,13.87,-0.51,0.03,29.38,38.325095382563376,36.97168904611778
2022-05-21,10.55,21.08,-2.14,0.0,32.34,38.325095382563376,36.97168904611778
2022-05-22,13.5,21.78,5.2,0.19,27.64,38.325095382563376,36.97168904611778
2022-05-23,10.41,15.24,5.89,1.76,15.48,38.325095382563376,36.97168904611778
2022-05-24,8.39,14.44,3.44,0.29,22.26,38.325095382563376,36.97168904611778
2022-05-25,10.59,18.72,2.28,0.0,28.14,38.325095382563376,36.97168904611778
2022-05-26,13.5,22.59,4.57,0.0,31.07,38.325095382563376,36.97168904611778
2022-05-27,15.0,22.95,6.35,0.07,27.59,38.325095382563376,36.97168904611778
2022-05-28,15.84,22.38,7.33,1.24,26.63,38.325095382563376,36.97168904611778
2022-05-29,18.23,25.54,10.59,0.0,29.63,38.325095382563376,36.97168904611778
2022-05-30,20.14,27.85,11.55,0.4,26.7,38.325095382563376,36.97168904611778
2022-05-31,18.78,27.53,10.48,1.72,23.55,38.325095382563376,36.97168904611778
2022-06-01,19.36,27.82,9.44,0.0,26.13,38.325095382563376,36.97168904611778
2022-06-02,21.11,29.54,12.14,0.0,23.29,38.325095382563376,36.97168904611778
2022-06-03,21.92,29.67,13.21,0.0,28.23,38.325095382563376,36.97168904611778
2022-06-04,20.69,29.17,11.72,0.0,30.34,38.325095382563376,36.97168904611778
2022-06-05,19.01,27.76,10.06,0.06,28.22,38.325095382563376,36.97168904611778
2022-06-06,17.21,24.52,9.84,0.16,21.62,38.325095382563376,36.97168904611778
2022-06-07,18.31,26.33,9.92,0.99,24.92,38.325095382563376,36.97168904611778
2022-06-08,17.97,25.92,10.88,2.81,26.24,38.325095382563376,36.97168904611778
2022-06-09,16.85,23.38,11.02,1.52,25.09,38.325095382563376,36.97168904611778
2022-06-10,18.96,26.71,10.91,0.05,27.71,38.325095382563376,36.97168904611778
2022-06-11,20.33,28.74,11.37,0.71,29.78,38.325095382563376,36.97168904611778
2022-06-12,18.05,24.87,12.26,5.64,26.39,38.325095382563376,36.97168904611778
2022-06-13,15.8,21.58,11.59,2.54,19.13,38.325095382563376,36.97168904611778
2022-06-14,14.77,20.71,9.64,5.96,17.78,38.325095382563376,36.97168904611778
2022-06-15,15.57,22.41,9.26,0.05,20.98,38.325095382563376,36.97168904611778
2022-06-16,16.76,25.59,7.87,0.0,30.05,38.325095382563376,36.97168904611778
2022-06-17,19.0,28.13,9.08,0.0,28.71,38.325095382563376,36.97168904611778
2022-06-18,19.84,28.96,10.13,0.0,32.19,38.325095382563376,36.97168904611778
2022-06-19,19.97,29.74,10.07,0.0,31.19,38.325095382563376,36.97168904611778
2022-06-20,19.63,29.19,10.65,0.0,32.35,38.325095382563376,36.97168904611778
2022-06-21,19.11,28.16,11.53,1.24,22.47,38.325095382563376,36.97168904611778
2022-06-22,16.52,23.46,10.83,0.13,22.1,38.325095382563376,36.97168904611778
2022-06-23,15.91,23.4,9.82,0.0,31.81,38.325095382563376,36.97168904611778
2022-06-24,14.35,19.72,9.21,2.52,15.59,38.325095382563376,36.97168904611778
2022-06-25,14.78,22.42,9.13,1.68,25.62,38.325095382563376,36.97168904611778
2022-06-26,13.62,20.63,7.57,0.06,19.25,38.325095382563376,36.97168904611778
2022-06-27,13.85,21.71,6.5,0.22,16.69,38.325095382563376,36.97168904611778
2022-06-28,14.44,21.02,7.58,1.92,16.35,38.325095382563376,36.97168904611778
2022-06-29,16.82,24.39,8.4,0.03,23.41,38.325095382563376,36.97168904611778
2022-06-30,20.24,28.65,10.37,1.03,28.68,38.325095382563376,36.97168904611778
2022-07-01,19.53,28.26,12.15,0.08,25.98,38.325095382563376,36.97168904611778
2022-07-02,17.25,26.1,9.46,0.0,28.24,38.325095382563376,36.97168904611778
2022-07-03,15.68,26.19,6.89,0.0,33.15,38.325095382563376,36.97168904611778
2022-07-04,16.85,28.41,4.92,0.0,33.06,38.325095382563376,36.97168904611778
2022-07-05,18.85,29.14,8.14,0.0,32.1,38.325095382563376,36.97168904611778
2022-07-06,20.57,30.08,9.44,0.0,31.35,38.325095382563376,36.97168904611778
2022-07-07,21.86,30.92,12.22,0.0,29.03,38.325095382563376,36.97168904611778
2022-07-08,20.84,29.21,13.08,0.0,30.81,38.325095382563376,36.97168904611778
2022-07-09,21.86,31.23,11.58,0.0,29.69,38.325095382563376,36.97168904611778
2022-07-10,22.14,30.55,13.53,0.0,27.53,38.325095382563376,36.97168904611778
2022-07-11,20.15,27.79,13.37,0.0,24.11,38.325095382563376,36.97168904611778
2022-07-12,19.84,29.25,10.99,0.0,31.19,38.325095382563376,36.97168904611778
2022-07-13,19.19,28.43,10.82,0.0,31.49,38.325095382563376,36.97168904611778
2022-07-14,17.42,26.78,10.12,0.0,31.04,38.325095382563376,36.97168904611778
2022-07-15,20.97,32.3,9.92,0.0,29.5,38.325095382563376,36.97168904611778
2022-07-16,20.33,29.81,12.03,0.0,30.61,38.325095382563376,36.97168904611778
2022-07-17,20.29,30.7,11.17,0.0,27.29,38.325095382563376,36.97168904611778
2022-07-18,19.4,28.86,12.49,0.0,25.23,38.325095382563376,36.97168904611778
2022-07-19,20.07,30.3,11.75,0.0,28.92,38.325095382563376,36.97168904611778
2022-07-20,20.39,31.43,10.15,0.0,30.09,38.325095382563376,36.97168904611778
2022-07-21,18.07,27.48,10.57,0.0,25.07,38.325095382563376,36.97168904611778
2022-07-22,17.18,26.85,7.75,0.0,31.25,38.325095382563376,36.97168904611778
2022-07-23,17.19,26.38,9.0,0.0,31.47,38.325095382563376,36.97168904611778
2022-07-24,15.71,24.93,7.66,0.0,31.11,38.325095382563376,36.97168904611778
2022-07-25,17.36,27.71,6.89,0.0,31.18,38.325095382563376,36.97168904611778
2022-07-26,18.57,28.72,8.02,0.0,30.82,38.325095382563376,36.97168904611778
2022-07-27,19.74,30.65,8.83,0.0,31.24,38.325095382563376,36.97168904611778
2022-07-28,22.04,33.82,9.32,0.0,31.83,38.325095382563376,36.97168904611778
2022-07-29,24.37,35.35,11.85,0.0,30.91,38.325095382563376,36.97168904611778
2022-07-30,24.48,34.05,14.68,0.0,29.29,38.325095382563376,36.97168904611778
2022-07-31,23.77,33.5,13.72,0.0,29.7,38.325095382563376,36.97168904611778
2022-08-01,24.19,33.5,14.35,0.0,29.47,38.325095382563376,36.97168904611778
2022-08-02,24.85,34.02,14.62,0.0,27.22,38.325095382563376,36.97168904611778
2022-08-03,24.91,33.65,15.65,0.0,26.25,38.325095382563376,36.97168904611778
2022-08-04,26.19,35.72,16.15,0.0,27.36,38.325095382563376,36.97168904611778
2022-08-05,26.53,35.87,17.5,0.0,27.41,38.325095382563376,36.97168904611778
2022-08-06,25.43,34.63,15.97,0.0,27.81,38.325095382563376,36.97168904611778
2022-08-07,24.29,32.82,15.61,0.0,26.58,38.325095382563376,36.97168904611778
2022-08-08,23.63,32.6,14.66,0.0,26.41,38.325095382563376,36.97168904611778
2022-08-09,24.85,33.57,15.18,0.0,26.29,38.325095382563376,36.97168904611778
2022-08-10,24.33,32.92,16.31,0.0,26.93,38.325095382563376,36.97168904611778
2022-08-11,23.95,31.61,15.44,0.0,24.35,38.325095382563376,36.97168904611778
2022-08-12,23.02,31.45,14.43,0.12,26.16,38.325095382563376,36.97168904611778
2022-08-13,23.65,32.68,14.58,0.0,27.16,38.325095382563376,36.97168904611778
2022-08-14,24.23,32.92,15.29,0.0,27.27,38.325095382563376,36.97168904611778
2022-08-15,24.02,32.71,15.9,0.0,24.5,38.325095382563376,36.97168904611778
2022-08-16,23.84,32.27,15.18,0.0,25.74,38.325095382563376,36.97168904611778
2022-08-17,24.5,33.26,15.33,0.0,26.61,38.325095382563376,36.97168904611778
2022-08-18,23.86,32.11,16.05,0.0,25.51,38.325095382563376,36.97168904611778
2022-08-19,23.12,31.63,15.36,0.0,25.51,38.325095382563376,36.97168904611778
2022-08-20,22.61,29.88,14.56,0.0,24.82,38.325095382563376,36.97168904611778
2022-08-21,24.01,31.85,16.01,0.0,22.11,38.325095382563376,36.97168904611778
2022-08-22,24.26,31.84,15.48,0.0,19.24,38.325095382563376,36.97168904611778
2022-08-23,24.82,32.28,16.8,0.03,21.68,38.325095382563376,36.97168904611778
2022-08-24,24.18,31.65,17.65,0.01,24.45,38.325095382563376,36.97168904611778
2022-08-25,21.84,30.35,14.59,0.0,25.02,38.325095382563376,36.97168904611778
2022-08-26,20.99,29.97,13.84,0.0,24.69,38.325095382563376,36.97168904611778
2022-08-27,21.2,31.34,11.78,0.0,25.85,38.325095382563376,36.97168904611778
2022-08-28,22.61,32.42,14.2,0.11,26.25,38.325095382563376,36.97168904611778
2022-08-29,23.29,32.39,13.54,0.02,24.19,38.325095382563376,36.97168904611778
2022-08-30,24.58,33.26,16.92,0.0,22.25,38.325095382563376,36.97168904611778
2022-08-31,24.46,33.2,17.87,0.0,21.62,38.325095382563376,36.97168904611778
2022-09-01,24.76,32.96,18.89,0.0,22.9,38.325095382563376,36.97168904611778
2022-09-02,24.42,33.11,17.3,0.0,22.55,38.325095382563376,36.97168904611778
2022-09-03,24.62,32.99,17.55,0.05,21.49,38.325095382563376,36.97168904611778
2022-09-04,23.16,32.25,15.59,0.0,24.22,38.325095382563376,36.97168904611778
2022-09-05,19.09,27.24,12.85,0.0,23.46,38.325095382563376,36.97168904611778
2022-09-06,15.22,23.37,7.93,0.0,21.65,38.325095382563376,36.97168904611778
2022-09-07,12.43,22.14,4.54,0.0,24.9,38.325095382563376,36.97168904611778
2022-09-08,14.85,26.43,3.99,0.0,25.35,38.325095382563376,36.97168904611778
2022-09-09,17.78,28.72,7.23,0.0,25.07,38.325095382563376,36.97168904611778
2022-09-10,19.32,29.71,10.29,0.0,24.4,38.325095382563376,36.97168904611778
2022-09-11,20.59,29.47,12.82,0.0,23.42,38.325095382563376,36.97168904611778
2022-09-12,21.85,30.87,14.81,0.12,22.6,38.325095382563376,36.97168904611778
2022-09-13,17.39,24.59,11.76,5.75,16.02,38.325095382563376,36.97168904611778
2022-09-14,14.91,23.14,7.97,0.03,23.37,38.325095382563376,36.97168904611778
2022-09-15,15.88,25.69,7.43,0.0,23.28,38.325095382563376,36.97168904611778
2022-09-16,19.34,28.75,10.75,0.0,22.51,38.325095382563376,36.97168904611778
2022-09-17,21.52,29.74,13.88,0.05,21.8,38.325095382563376,36.97168904611778
2022-09-18,21.7,30.72,14.35,0.0,22.37,38.325095382563376,36.97168904611778
2022-09-19,19.83,28.53,11.85,0.01,21.23,38.325095382563376,36.97168904611778
2022-09-20,18.77,27.2,11.65,0.33,19.85,38.325095382563376,36.97168904611778
2022-09-21,16.81,23.19,11.0,0.6,14.31,38.325095382563376,36.97168904611778
2022-09-22,14.24,19.66,10.96,10.78,18.46,38.325095382563376,36.97168904611778
2022-09-23,12.08,19.0,5.95,3.37,16.33,38.325095382563376,36.97168904611778
2022-09-24,10.26,15.55,4.16,3.46,8.48,38.325095382563376,36.97168904611778
2022-09-25,10.06,19.6,1.53,0.0,22.08,38.325095382563376,36.97168904611778
2022-09-26,13.82,24.26,4.25,0.0,21.53,38.325095382563376,36.97168904611778
2022-09-27,15.57,26.05,8.23,0.0,21.06,38.325095382563376,36.97168904611778
2022-09-28,16.57,25.32,9.37,0.0,20.08,38.325095382563376,36.97168904611778
2022-09-29,16.16,24.45,9.74,0.0,16.77,38.325095382563376,36.97168904611778
2022-09-30,15.3,23.56,7.98,0.0,19.52,38.325095382563376,36.97168904611778
2022-10-01,15.49,24.45,8.3,0.0,20.32,38.325095382563376,36.97168904611778
2022-10-02,16.45,26.11,8.08,0.02,18.34,38.325095382563376,36.97168904611778
2022-10-03,16.1,24.45,9.66,0.12,17.9,38.325095382563376,36.97168904611778
2022-10-04,15.01,22.79,8.95,0.26,16.74,38.325095382563376,36.97168904611778
2022-10-05,14.8,21.49,8.72,0.06,17.45,38.325095382563376,36.97168904611778
2022-10-06,13.55,22.38,6.18,0.0,18.36,38.325095382563376,36.97168904611778
2022-10-07,13.96,22.77,4.2,0.4,14.21,38.325095382563376,36.97168904611778
2022-10-08,13.81,19.86,7.34,1.19,13.71,38.325095382563376,36.97168904611778
2022-10-09,9.39,15.42,4.88,2.34,10.12,38.325095382563376,36.97168904611778
2022-10-10,10.33,17.34,5.23,0.01,11.85,38.325095382563376,36.97168904611778
2022-10-11,10.8,19.79,4.57,0.0,19.05,38.325095382563376,36.97168904611778
2022-10-12,12.98,20.76,5.62,0.0,14.99,38.325095382563376,36.97168904611778
2022-10-13,12.48,18.46,7.53,0.08,15.88,38.325095382563376,36.97168904611778
2022-10-14,12.07,18.46,5.49,0.16,15.61,38.325095382563376,36.97168904611778
2022-10-15,10.2,13.47,7.64,1.2,9.05,38.325095382563376,36.97168904611778
2022-10-16,10.23,15.28,4.85,0.02,13.54,38.325095382563376,36.97168904611778
2022-10-17,12.6,19.53,7.33,3.88,11.85,38.325095382563376,36.97168904611778
2022-10-18,12.66,19.46,7.13,0.04,12.45,38.325095382563376,36.97168904611778
2022-10-19,11.66,18.1,6.6,1.07,9.64,38.325095382563376,36.97168904611778
2022-10-20,11.0,15.96,6.72,7.86,7.98,38.325095382563376,36.97168904611778
2022-10-21,6.11,12.74,0.24,0.07,13.4,38.325095382563376,36.97168904611778
2022-10-22,4.41,13.77,-2.57,0.0,17.21,38.325095382563376,36.97168904611778
2022-10-23,7.11,16.16,0.14,0.0,16.77,38.325095382563376,36.97168904611778
2022-10-24,7.48,16.64,1.36,0.0,16.16,38.325095382563376,36.97168904611778
2022-10-25,8.12,17.56,-0.12,0.0,16.25,38.325095382563376,36.97168904611778
2022-10-26,9.75,17.05,4.41,0.24,13.62,38.325095382563376,36.97168904611778
2022-10-27,8.25,16.55,2.18,0.02,15.28,38.325095382563376,36.97168904611778
2022-10-28,5.02,14.01,-1.09,0.0,15.82,38.325095382563376,36.97168904611778
2022-10-29,5.94,15.61,-1.72,0.0,15.92,38.325095382563376,36.97168904611778
2022-10-30,8.61,16.79,1.99,0.0,15.27,38.325095382563376,36.97168904611778
2022-10-31,8.23,16.01,1.95,0.25,13.64,38.325095382563376,36.97168904611778
2022-11-01,4.57,12.72,-0.92,0.0,14.82,38.325095382563376,36.97168904611778
2022-11-02,4.13,14.02,-2.7,0.0,15.0,38.325095382563376,36.97168904611778
2022-11-03,5.63,15.04,-1.17,0.0,14.38,38.325095382563376,36.97168904611778
2022-11-04,6.24,13.57,0.64,0.0,13.43,38.325095382563376,36.97168904611778
2022-11-05,6.67,14.31,0.48,0.0,13.58,38.325095382563376,36.97168904611778
2022-11-06,7.64,14.96,3.29,0.0,13.95,38.325095382563376,36.97168904611778
2022-11-07,5.57,10.8,3.21,8.13,2.96,38.325095382563376,36.97168904611778
2022-11-08,3.24,7.52,0.81,3.64,4.1,38.325095382563376,36.97168904611778
2022-11-09,3.96,8.89,1.16,0.18,5.45,38.325095382563376,36.97168904611778
2022-11-10,3.93,9.91,-0.17,0.05,7.0,38.325095382563376,36.97168904611778
2022-11-11,4.34,11.41,-1.18,0.0,11.45,38.325095382563376,36.97168904611778
2022-11-12,4.53,11.79,-1.7,0.0,12.46,38.325095382563376,36.97168904611778
2022-11-13,4.49,12.82,-0.91,0.0,12.9,38.325095382563376,36.97168904611778
2022-11-14,3.77,12.7,-2.43,0.0,12.92,38.325095382563376,36.97168904611778
2022-11-15,3.93,11.98,-1.15,3.09,12.13,38.325095382563376,36.97168904611778
2022-11-16,3.42,7.6,0.22,9.93,5.81,38.325095382563376,36.97168904611778
2022-11-17,3.89,9.13,0.67,0.18,10.14,38.325095382563376,36.97168904611778
2022-11-18,5.25,9.22,2.98,0.67,5.3,38.325095382563376,36.97168904611778
2022-11-19,6.15,11.14,3.41,1.55,6.63,38.325095382563376,36.97168904611778
2022-11-20,7.14,14.57,2.77,0.01,11.38,38.325095382563376,36.97168904611778
2022-11-21,6.03,11.19,3.05,0.0,7.57,38.325095382563376,36.97168904611778
2022-11-22,4.93,8.89,1.91,0.36,4.87,38.325095382563376,36.97168904611778
2022-11-23,5.07,11.49,0.66,0.0,8.86,38.325095382563376,36.97168904611778
2022-11-24,4.28,9.78,1.13,8.73,4.02,38.325095382563376,36.97168904611778
2022-11-25,2.55,5.69,0.97,9.02,2.55,38.325095382563376,36.97168904611778
2022-11-26,0.95,4.77,-2.74,5.08,5.03,38.325095382563376,36.97168904611778
2022-11-27,0.43,6.29,-4.4,0.0,8.95,38.325095382563376,36.97168904611778
2022-11-28,1.83,7.95,-1.36,0.0,8.94,38.325095382563376,36.97168904611778
2022-11-29,3.71,9.63,0.93,1.16,6.09,38.325095382563376,36.97168904611778
2022-11-30,4.33,8.72,1.65,2.26,4.75,38.325095382563376,36.97168904611778
2022-12-01,5.18,8.69,3.34,0.0,6.63,38.325095382563376,36.97168904611778
2022-12-02,4.73,10.05,-0.03,0.17,6.76,38.325095382563376,36.97168904611778
2022-12-03,1.76,8.8,-1.94,0.0,8.42,38.325095382563376,36.97168904611778
2022-12-04,1.08,8.53,-2.63,0.0,9.73,38.325095382563376,36.97168904611778
2022-12-05,0.75,6.86,-3.88,0.0,7.46,38.325095382563376,36.97168904611778
2022-12-06,0.99,5.81,-1.71,0.24,6.73,38.325095382563376,36.97168904611778
2022-12-07,1.65,6.69,-0.67,0.01,6.94,38.325095382563376,36.97168904611778
2022-12-08,2.24,6.05,0.55,0.12,5.86,38.325095382563376,36.97168904611778
2022-12-09,2.63,8.3,-1.61,0.0,7.75,38.325095382563376,36.97168904611778
2022-12-10,3.38,9.72,-1.11,0.0,8.62,38.325095382563376,36.97168904611778
2022-12-11,2.43,7.8,-1.3,0.94,3.83,38.325095382563376,36.97168904611778
2022-12-12,1.84,6.41,-0.54,2.23,4.73,38.325095382563376,36.97168904611778
2022-12-13,2.2,7.29,-0.15,4.67,5.93,38.325095382563376,36.97168904611778
2022-12-14,2.0,2.95,1.5,3.52,2.88,38.325095382563376,36.97168904611778
2022-12-15,2.78,6.66,1.19,0.53,5.81,38.325095382563376,36.97168904611778
2022-12-16,4.46,10.14,1.7,0.08,8.29,38.325095382563376,36.97168904611778
2022-12-17,4.84,12.01,0.04,0.0,8.87,38.325095382563376,36.97168904611778
2022-12-18,4.31,12.24,0.08,0.02,7.98,38.325095382563376,36.97168904611778
2022-12-19,3.83,11.3,0.41,0.09,8.34,38.325095382563376,36.97168904611778
2022-12-20,-2.01,0.98,-4.84,2.63,4.06,38.325095382563376,36.97168904611778
2022-12-21,-0.96,3.8,-3.36,0.36,5.45,38.325095382563376,36.97168904611778
2022-12-22,-0.61,5.35,-3.47,0.01,7.36,38.325095382563376,36.97168904611778
2022-12-23,-0.6,4.91,-3.59,0.0,6.11,38.325095382563376,36.97168904611778
2022-12-24,-2.35,4.6,-5.3,0.0,6.28,38.325095382563376,36.97168904611778
2022-12-25,-2.29,3.95,-5.71,0.04,5.01,38.325095382563376,36.97168904611778
2022-12-26,-2.81,0.8,-5.61,4.18,4.69,38.325095382563376,36.97168904611778
2022-12-27,-2.66,3.43,-7.11,0.2,8.73,38.325095382563376,36.97168904611778
2022-12-28,-1.79,4.25,-6.34,0.0,5.63,38.325095382563376,36.97168904611778
2022-12-29,-0.8,4.6,-4.67,0.0,9.65,38.325095382563376,36.97168904611778
2022-12-30,-0.45,5.23,-5.36,0.0,9.65,38.325095382563376,36.97168904611778
2022-12-31,-1.06,5.04,-5.44,0.0,9.37,38.325095382563376,36.97168904611778
2023-01-01,-1.62,6.04,-7.26,0.0,9.02,38.325095382563376,36.97168904611778
2023-01-02,-1.56,5.92,-7.11,0.0,8.81,38.325095382563376,36.97168904611778
2023-01-03,-1.45,6.29,-5.65,0.0,9.79,38.325095382563376,36.97168904611778
2023-01-04,-0.55,7.59,-3.96,0.0,9.73,38.325095382563376,36.97168904611778
2023-01-05,-0.6,5.53,-6.1,0.0,10.01,38.325095382563376,36.97168904611778
2023-01-06,-0.91,5.1,-5.56,3.17,7.72,38.325095382563376,36.97168904611778
2023-01-07,-2.73,1.56,-5.97,0.4,7.15,38.325095382563376,36.97168904611778
2023-01-08,-4.59,1.55,-9.23,0.0,8.09,38.325095382563376,36.97168904611778
2023-01-09,-5.35,0.06,-8.99,0.0,10.47,38.325095382563376,36.97168904611778
2023-01-10,-3.0,4.86,-8.53,0.0,9.69,38.325095382563376,36.97168904611778
2023-01-11,-2.37,4.45,-6.85,0.0,7.35,38.325095382563376,36.97168904611778
2023-01-12,-2.45,3.66,-5.9,0.0,7.48,38.325095382563376,36.97168904611778
2023-01-13,-3.83,2.38,-8.42,0.04,9.46,38.325095382563376,36.97168904611778
2023-01-14,-3.04,1.05,-6.32,1.98,5.56,38.325095382563376,36.97168904611778
2023-01-15,-1.43,2.74,-4.27,0.08,5.17,38.325095382563376,36.97168904611778
2023-01-16,-0.84,2.27,-2.4,2.2,3.87,38.325095382563376,36.97168904611778
2023-01-17,-0.17,4.7,-2.98,0.69,8.28,38.325095382563376,36.97168904611778
2023-01-18,0.25,6.4,-2.96,0.0,9.5,38.325095382563376,36.97168904611778
2023-01-19,2.11,8.68,-2.01,0.0,10.97,38.325095382563376,36.97168904611778
2023-01-20,0.88,8.71,-2.47,0.0,11.63,38.325095382563376,36.97168904611778
2023-01-21,-0.47,6.16,-3.72,0.0,11.52,38.325095382563376,36.97168904611778
2023-01-22,0.27,6.2,-2.95,0.0,11.81,38.325095382563376,36.97168904611778
2023-01-23,0.03,5.79,-4.79,0.0,11.57,38.325095382563376,36.97168904611778
2023-01-24,-0.65,5.24,-4.59,0.0,12.16,38.325095382563376,36.97168904611778
2023-01-25,-1.79,4.28,-6.62,0.0,10.98,38.325095382563376,36.97168904611778
2023-01-26,-1.38,4.44,-7.11,0.0,11.53,38.325095382563376,36.97168904611778
2023-01-27,-1.65,3.47,-6.05,0.66,7.25,38.325095382563376,36.97168904611778
2023-01-28,-1.62,1.54,-3.19,4.36,2.97,38.325095382563376,36.97168904611778
2023-01-29,-1.68,1.8,-4.18,2.16,5.39,38.325095382563376,36.97168904611778
2023-01-30,-2.94,0.44,-5.22,0.36,5.61,38.325095382563376,36.97168904611778
2023-01-31,-2.94,0.14,-5.67,1.99,6.64,38.325095382563376,36.97168904611778
2023-02-01,-3.43,-0.27,-5.75,6.49,5.3,38.325095382563376,36.97168904611778
2023-02-02,-7.66,-3.33,-13.35,3.05,9.03,38.325095382563376,36.97168904611778
2023-02-03,-8.42,-0.93,-13.34,0.0,11.37,38.325095382563376,36.97168904611778
2023-02-04,-7.86,-3.51,-10.9,2.97,11.36,38.325095382563376,36.97168904611778
2023-02-05,-6.29,-3.02,-9.73,3.12,8.3,38.325095382563376,36.97168904611778
2023-02-06,-5.57,-2.03,-7.79,11.96,8.08,38.325095382563376,36.97168904611778
2023-02-07,-9.09,-6.79,-11.9,1.42,11.73,38.325095382563376,36.97168904611778
2023-02-08,-12.05,-7.8,-17.16,0.11,13.49,38.325095382563376,36.97168904611778
2023-02-09,-13.58,-5.83,-18.56,0.17,15.32,38.325095382563376,36.97168904611778
2023-02-10,-12.31,-4.28,-18.4,0.01,16.02,38.325095382563376,36.97168904611778
2023-02-11,-11.73,-4.25,-16.97,0.0,15.66,38.325095382563376,36.97168904611778
2023-02-12,-11.41,-2.47,-17.82,0.0,16.28,38.325095382563376,36.97168904611778
2023-02-13,-13.4,-5.77,-20.44,0.01,14.85,38.325095382563376,36.97168904611778
2023-02-14,-12.72,-4.33,-19.41,0.0,17.17,38.325095382563376,36.97168904611778
2023-02-15,-11.01,-4.52,-16.61,0.13,14.39,38.325095382563376,36.97168904611778
2023-02-16,-11.05,-4.79,-15.59,0.01,15.64,38.325095382563376,36.97168904611778
2023-02-17,-8.66,0.44,-15.96,0.0,16.67,38.325095382563376,36.97168904611778
2023-02-18,-5.39,2.57,-12.35,0.0,16.95,38.325095382563376,36.97168904611778
2023-02-19,-1.28,4.48,-5.88,0.1,12.57,38.325095382563376,36.97168904611778
2023-02-20,-0.68,5.44,-6.01,1.82,14.98,38.325095382563376,36.97168904611778
2023-02-21,-1.3,4.44,-4.45,0.21,16.91,38.325095382563376,36.97168904611778
2023-02-22,0.64,7.62,-5.07,0.0,17.58,38.325095382563376,36.97168904611778
2023-02-23,0.68,7.26,-3.41,0.0,16.71,38.325095382563376,36.97168904611778
2023-02-24,-0.02,6.29,-4.19,0.0,18.76,38.325095382563376,36.97168904611778
2023-02-25,0.71,6.38,-3.29,0.0,14.88,38.325095382563376,36.97168904611778
2023-02-26,1.82,8.72,-2.15,0.0,17.59,38.325095382563376,36.97168904611778
2023-02-27,4.62,12.57,-1.38,0.0,15.09,38.325095382563376,36.97168904611778
2023-02-28,7.31,15.0,1.7,0.0,15.53,38.325095382563376,36.97168904611778
2023-03-01,7.48,13.52,2.56,0.0,14.08,38.325095382563376,36.97168904611778
2023-03-02,6.89,13.96,2.42,0.03,15.05,38.325095382563376,36.97168904611778
2023-03-03,5.25,11.77,0.73,0.18,12.39,38.325095382563376,36.97168904611778
2023-03-04,5.31,12.76,0.15,0.01,12.96,38.325095382563376,36.97168904611778
2023-03-05,5.74,11.7,1.05,0.05,8.17,38.325095382563376,36.97168904611778
2023-03-06,2.43,7.63,-3.32,0.52,11.3,38.325095382563376,36.97168904611778
2023-03-07,2.25,9.94,-3.72,0.11,16.09,38.325095382563376,36.97168904611778
2023-03-08,3.91,9.8,-0.4,0.0,15.35,38.325095382563376,36.97168904611778
2023-03-09,3.41,9.41,-2.03,0.0,12.99,38.325095382563376,36.97168904611778
2023-03-10,4.97,11.14,0.01,0.03,12.47,38.325095382563376,36.97168904611778
2023-03-11,5.32,11.1,1.9,0.0,16.38,38.325095382563376,36.97168904611778
2023-03-12,5.42,11.71,-0.86,0.43,7.53,38.325095382563376,36.97168904611778
2023-03-13,3.0,6.51,1.02,7.21,3.95,38.325095382563376,36.97168904611778
2023-03-14,3.26,8.07,0.6,17.58,7.39,38.325095382563376,36.97168904611778
2023-03-15,2.81,7.13,0.55,15.64,7.61,38.325095382563376,36.97168904611778
2023-03-16,3.9,10.23,0.57,1.17,13.07,38.325095382563376,36.97168904611778
2023-03-17,2.68,7.42,-0.45,1.1,5.99,38.325095382563376,36.97168904611778
2023-03-18,3.48,7.53,0.43,29.86,8.83,38.325095382563376,36.97168904611778
2023-03-19,1.83,5.37,-0.46,13.82,5.47,38.325095382563376,36.97168904611778
2023-03-20,-0.05,2.95,-3.55,0.96,9.33,38.325095382563376,36.97168904611778
2023-03-21,0.99,8.06,-4.92,0.0,13.44,38.325095382563376,36.97168904611778
2023-03-22,4.31,12.73,-3.19,0.01,14.72,38.325095382563376,36.97168904611778
2023-03-23,4.52,9.88,0.02,1.87,10.72,38.325095382563376,36.97168904611778
2023-03-24,4.67,8.79,1.18,2.86,12.14,38.325095382563376,36.97168904611778
2023-03-25,4.85,10.26,0.42,7.36,12.94,38.325095382563376,36.97168904611778
2023-03-26,6.11,12.92,0.46,4.94,15.55,38.325095382563376,36.97168904611778
2023-03-27,6.34,13.5,-0.49,0.95,20.39,38.325095382563376,36.97168904611778
2023-03-28,6.07,11.08,3.07,4.59,15.27,38.325095382563376,36.97168904611778
2023-03-29,1.46,6.46,-6.51,3.43,6.75,38.325095382563376,36.97168904611778
2023-03-30,-4.42,-0.4,-7.13,0.16,10.22,38.325095382563376,36.97168904611778
2023-03-31,-3.84,1.84,-7.2,0.0,13.72,38.325095382563376,36.97168904611778
2023-04-01,0.61,8.4,-6.81,0.0,16.27,38.325095382563376,36.97168904611778
2023-04-02,4.33,11.43,-1.71,0.31,16.74,38.325095382563376,36.97168904611778
2023-04-03,6.95,13.44,2.59,0.38,18.47,38.325095382563376,36.97168904611778
2023-04-04,7.2,13.66,1.7,0.0,18.38,38.325095382563376,36.97168904611778
2023-04-05,4.84,9.78,-0.38,0.98,16.86,38.325095382563376,36.97168904611778
2023-04-06,4.25,8.55,0.32,5.76,13.09,38.325095382563376,36.97168904611778
2023-04-07,2.87,7.39,-1.84,3.79,5.19,38.325095382563376,36.97168904611778
2023-04-08,3.97,10.89,-3.61,0.06,17.1,38.325095382563376,36.97168904611778
2023-04-09,6.06,11.79,1.68,0.26,16.49,38.325095382563376,36.97168904611778
2023-04-10,7.82,13.8,3.02,4.27,13.91,38.325095382563376,36.97168904611778
2023-04-11,6.09,10.19,0.96,13.69,9.75,38.325095382563376,36.97168904611778
2023-04-12,3.01,8.18,-1.58,2.78,16.99,38.325095382563376,36.97168904611778
2023-04-13,2.52,7.59,-1.2,1.53,14.75,38.325095382563376,36.97168904611778
2023-04-14,4.9,12.68,-2.34,0.04,23.17,38.325095382563376,36.97168904611778
2023-04-15,7.93,14.83,1.37,0.0,25.46,38.325095382563376,36.97168904611778
2023-04-16,10.1,17.05,4.29,1.11,23.22,38.325095382563376,36.97168904611778
2023-04-17,10.58,17.83,4.64,0.0,21.81,38.325095382563376,36.97168904611778
2023-04-18,10.49,16.38,4.89,0.11,19.82,38.325095382563376,36.97168904611778
2023-04-19,9.15,15.38,3.55,1.59,20.22,38.325095382563376,36.97168904611778
2023-04-20,7.22,12.98,0.46,5.25,7.29,38.325095382563376,36.97168904611778
2023-04-21,4.82,10.03,-1.09,0.71,17.36,38.325095382563376,36.97168904611778
2023-04-22,6.45,12.04,0.17,0.03,20.35,38.325095382563376,36.97168904611778
2023-04-23,7.09,12.14,2.5,3.7,12.8,38.325095382563376,36.97168904611778
2023-04-24,6.26,11.73,1.44,3.12,15.97,38.325095382563376,36.97168904611778
2023-04-25,6.7,14.41,-0.52,0.04,25.84,38.325095382563376,36.97168904611778
2023-04-26,7.26,13.28,1.23,0.02,24.91,38.325095382563376,36.97168904611778
2023-04-27,6.57,10.7,1.7,1.04,14.08,38.325095382563376,36.97168904611778
2023-04-28,6.43,11.29,2.36,4.39,13.09,38.325095382563376,36.97168904611778
2023-04-29,4.73,9.34,1.3,7.33,14.93,38.325095382563376,36.97168904611778
2023-04-30,3.7,8.24,-0.6,1.57,14.3,38.325095382563376,36.97168904611778
2023-05-01,4.22,11.6,-2.39,0.0,27.08,38.325095382563376,36.97168904611778
2023-05-02,4.8,12.72,-2.49,0.0,28.94,38.325095382563376,36.97168904611778
2023-05-03,5.55,14.36,-3.62,0.0,30.08,38.325095382563376,36.97168904611778
2023-05-04,9.12,17.98,-1.66,0.0,27.32,38.325095382563376,36.97168904611778
2023-05-05,11.64,19.33,5.29,0.0,27.17,38.325095382563376,36.97168904611778
2023-05-06,11.23,17.42,5.82,0.29,16.67,38.325095382563376,36.97168904611778
2023-05-07,8.64,13.88,2.83,1.75,18.52,38.325095382563376,36.97168904611778
2023-05-08,8.43,13.56,3.79,1.99,13.66,38.325095382563376,36.97168904611778
2023-05-09,10.5,17.59,2.78,0.0,27.36,38.325095382563376,36.97168904611778
2023-05-10,11.58,17.78,5.55,0.03,17.41,38.325095382563376,36.97168904611778
2023-05-11,14.17,20.97,6.76,0.09,23.32,38.325095382563376,36.97168904611778
2023-05-12,12.28,17.61,8.97,8.61,12.89,38.325095382563376,36.97168904611778
2023-05-13,10.15,15.34,3.97,0.52,10.98,38.325095382563376,36.97168904611778
2023-05-14,8.77,16.47,2.38,0.0,25.26,38.325095382563376,36.97168904611778
2023-05-15,8.59,16.8,1.16,0.0,27.91,38.325095382563376,36.97168904611778
2023-05-16,12.24,20.95,1.46,0.0,29.82,38.325095382563376,36.97168904611778
2023-05-17,14.98,22.46,7.94,0.35,28.81,38.325095382563376,36.97168904611778
2023-05-18,12.9,20.17,6.26,0.17,26.99,38.325095382563376,36.97168904611778
2023-05-19,12.3,19.57,5.45,0.5,23.51,38.325095382563376,36.97168904611778
2023-05-20,12.26,18.58,6.5,0.32,23.81,38.325095382563376,36.97168904611778
2023-05-21,11.24,16.05,6.31,0.43,22.29,38.325095382563376,36.97168904611778
2023-05-22,11.72,17.27,6.77,3.12,16.02,38.325095382563376,36.97168904611778
2023-05-23,11.15,16.36,7.12,1.25,17.55,38.325095382563376,36.97168904611778
2023-05-24,12.04,19.16,6.14,0.08,27.56,38.325095382563376,36.97168904611778
2023-05-25,13.22,18.76,5.83,3.49,20.12,38.325095382563376,36.97168904611778
2023-05-26,13.8,19.63,8.21,0.78,25.33,38.325095382563376,36.97168904611778
2023-05-27,14.67,21.72,7.24,1.29,28.66,38.325095382563376,36.97168904611778
2023-05-28,12.81,18.38,8.49,4.44,7.74,38.325095382563376,36.97168904611778
2023-05-29,11.75,15.87,7.53,13.4,13.54,38.325095382563376,36.97168904611778
2023-05-30,12.03,17.63,7.75,0.12,26.14,38.325095382563376,36.97168904611778
2023-05-31,13.0,18.91,6.6,0.63,22.99,38.325095382563376,36.97168904611778
2023-06-01,13.36,18.56,8.05,1.88,18.73,38.325095382563376,36.97168904611778
2023-06-02,15.07,21.46,7.91,0.44,22.2,38.325095382563376,36.97168904611778
2023-06-03,15.36,23.11,8.89,0.05,26.76,38.325095382563376,36.97168904611778
2023-06-04,14.22,21.06,8.33,0.15,19.47,38.325095382563376,36.97168904611778
2023-06-05,13.51,18.49,7.7,0.55,18.83,38.325095382563376,36.97168904611778
2023-06-06,13.96,19.37,8.81,0.02,22.25,38.325095382563376,36.97168904611778
2023-06-07,15.93,24.05,8.35,0.0,31.03,38.325095382563376,36.97168904611778
2023-06-08,18.43,26.72,7.85,0.51,28.01,38.325095382563376,36.97168904611778
2023-06-09,18.04,23.44,13.27,5.17,23.41,38.325095382563376,36.97168904611778
2023-06-10,15.51,19.81,11.19,4.6,21.26,38.325095382563376,36.97168904611778
2023-06-11,16.14,22.54,9.9,1.62,22.45,38.325095382563376,36.97168904611778
2023-06-12,15.47,22.51,9.43,2.91,18.81,38.325095382563376,36.97168904611778
2023-06-13,14.98,20.72,9.05,4.77,20.24,38.325095382563376,36.97168904611778
2023-06-14,14.78,20.75,9.21,3.13,21.16,38.325095382563376,36.97168904611778
2023-06-15,14.71,20.42,9.11,0.33,17.92,38.325095382563376,36.97168904611778
2023-06-16,16.09,24.3,7.99,0.0,30.4,38.325095382563376,36.97168904611778
2023-06-17,17.44,25.67,9.78,0.1,28.37,38.325095382563376,36.97168904611778
2023-06-18,15.76,22.0,8.33,0.49,22.88,38.325095382563376,36.97168904611778
2023-06-19,16.06,22.23,11.18,1.81,21.59,38.325095382563376,36.97168904611778
2023-06-20,14.24,20.28,9.42,2.86,14.74,38.325095382563376,36.97168904611778
2023-06-21,14.48,21.96,8.59,9.96,18.79,38.325095382563376,36.97168904611778
2023-06-22,13.19,18.99,7.87,0.68,16.44,38.325095382563376,36.97168904611778
2023-06-23,13.78,20.54,8.45,0.0,23.83,38.325095382563376,36.97168904611778
2023-06-24,15.99,24.64,6.99,0.0,31.97,38.325095382563376,36.97168904611778
2023-06-25,19.59,28.84,8.23,0.0,32.19,38.325095382563376,36.97168904611778
2023-06-26,20.55,29.05,12.68,0.0,29.96,38.325095382563376,36.97168904611778
2023-06-27,18.79,26.63,11.08,0.0,30.36,38.325095382563376,36.97168904611778
2023-06-28,18.55,26.66,10.41,0.0,29.98,38.325095382563376,36.97168904611778
2023-06-29,19.24,26.42,12.13,0.02,26.34,38.325095382563376,36.97168904611778
2023-06-30,17.11,23.94,10.08,0.0,26.7,38.325095382563376,36.97168904611778
2023-07-01,15.36,23.87,6.97,0.0,32.72,38.325095382563376,36.97168904611778
2023-07-02,18.01,27.57,7.67,0.0,32.23,38.325095382563376,36.97168904611778
2023-07-03,20.88,29.5,11.68,0.0,30.53,38.325095382563376,36.97168904611778
2023-07-04,21.44,29.26,13.11,0.16,26.36,38.325095382563376,36.97168904611778
2023-07-05,21.62,30.51,11.96,0.0,31.25,38.325095382563376,36.97168904611778
2023-07-06,23.94,32.2,14.03,0.0,29.24,38.325095382563376,36.97168904611778
2023-07-07,23.3,32.35,15.66,0.14,24.56,38.325095382563376,36.97168904611778
2023-07-08,19.79,26.97,13.59,0.29,25.28,38.325095382563376,36.97168904611778
2023-07-09,17.39,23.41,12.3,0.96,21.13,38.325095382563376,36.97168904611778
2023-07-10,13.68,18.72,9.39,1.26,12.59,38.325095382563376,36.97168904611778
2023-07-11,13.93,21.82,7.72,0.0,30.01,38.325095382563376,36.97168904611778
2023-07-12,16.39,26.29,5.93,0.0,31.22,38.325095382563376,36.97168904611778
2023-07-13,18.69,28.59,9.02,0.0,31.83,38.325095382563376,36.97168904611778
2023-07-14,19.6,29.78,8.92,0.0,32.51,38.325095382563376,36.97168904611778
2023-07-15,19.47,28.29,10.5,0.0,31.1,38.325095382563376,36.97168904611778
2023-07-16,18.56,27.49,10.92,0.0,30.06,38.325095382563376,36.97168904611778
2023-07-17,16.89,26.22,8.25,0.0,31.6,38.325095382563376,36.97168904611778
2023-07-18,17.69,28.35,6.93,0.0,32.2,38.325095382563376,36.97168904611778
2023-07-19,19.6,30.41,8.39,0.0,31.51,38.325095382563376,36.97168904611778
2023-07-20,21.43,31.93,10.42,0.0,30.97,38.325095382563376,36.97168904611778
2023-07-21,21.71,30.91,12.58,0.0,30.68,38.325095382563376,36.97168904611778
2023-07-22,21.54,30.36,12.12,0.0,30.69,38.325095382563376,36.97168904611778
2023-07-23,20.88,30.45,12.43,0.0,30.92,38.325095382563376,36.97168904611778
2023-07-24,19.9,28.15,12.12,0.0,28.69,38.325095382563376,36.97168904611778
2023-07-25,19.21,27.81,11.66,0.0,29.16,38.325095382563376,36.97168904611778
2023-07-26,22.17,32.21,11.54,0.0,30.02,38.325095382563376,36.97168904611778
2023-07-27,24.9,34.87,15.62,0.0,28.93,38.325095382563376,36.97168904611778
2023-07-28,21.73,29.87,13.41,0.0,28.34,38.325095382563376,36.97168904611778
2023-07-29,20.47,31.04,9.83,0.0,30.7,38.325095382563376,36.97168904611778
2023-07-30,20.55,30.45,11.01,0.0,30.29,38.325095382563376,36.97168904611778
2023-07-31,22.02,32.41,11.0,0.0,30.09,38.325095382563376,36.97168904611778
2023-08-01,24.01,32.88,13.86,0.0,26.73,38.325095382563376,36.97168904611778
2023-08-02,24.33,32.54,16.63,0.0,26.93,38.325095382563376,36.97168904611778
2023-08-03,23.94,32.46,15.19,0.0,28.6,38.325095382563376,36.97168904611778
2023-08-04,21.67,30.73,13.32,0.0,30.15,38.325095382563376,36.97168904611778
2023-08-05,23.35,33.94,12.01,0.0,29.58,38.325095382563376,36.97168904611778
2023-08-06,25.49,35.06,15.87,0.0,28.7,38.325095382563376,36.97168904611778
2023-08-07,26.84,35.96,16.78,0.0,27.86,38.325095382563376,36.97168904611778
2023-08-08,27.76,36.71,17.5,0.0,27.3,38.325095382563376,36.97168904611778
2023-08-09,27.91,35.33,20.86,0.01,24.69,38.325095382563376,36.97168904611778
2023-08-10,26.48,34.33,19.25,0.04,28.05,38.325095382563376,36.97168904611778
2023-08-11,25.78,34.62,17.77,0.0,27.28,38.325095382563376,36.97168904611778
2023-08-12,24.91,34.46,14.69,0.0,27.06,38.325095382563376,36.97168904611778
2023-08-13,27.08,36.74,16.1,0.0,24.92,38.325095382563376,36.97168904611778
2023-08-14,28.26,36.78,19.94,0.0,22.62,38.325095382563376,36.97168904611778
2023-08-15,26.41,36.1,17.59,0.0,27.39,38.325095382563376,36.97168904611778
2023-08-16,25.99,36.35,14.71,0.0,28.12,38.325095382563376,36.97168904611778
2023-08-17,25.79,35.52,15.75,0.0,27.19,38.325095382563376,36.97168904611778
2023-08-18,24.89,33.9,16.1,0.0,27.45,38.325095382563376,36.97168904611778
2023-08-19,23.47,33.26,13.43,0.0,27.69,38.325095382563376,36.97168904611778
2023-08-20,23.33,33.55,13.85,0.0,27.65,38.325095382563376,36.97168904611778
2023-08-21,22.2,31.65,12.65,0.0,27.71,38.325095382563376,36.97168904611778
2023-08-22,21.62,31.13,12.35,0.0,27.32,38.325095382563376,36.97168904611778
2023-08-23,22.5,32.8,12.86,0.0,26.7,38.325095382563376,36.97168904611778
2023-08-24,20.92,29.69,12.4,0.0,26.85,38.325095382563376,36.97168904611778
2023-08-25,19.17,28.05,10.94,0.0,27.1,38.325095382563376,36.97168904611778
2023-08-26,19.2,29.54,9.48,0.0,26.98,38.325095382563376,36.97168904611778
2023-08-27,21.58,32.03,10.71,0.0,26.24,38.325095382563376,36.97168904611778
2023-08-28,19.43,26.71,13.29,3.69,13.98,38.325095382563376,36.97168904611778
2023-08-29,16.57,21.36,12.59,2.32,14.95,38.325095382563376,36.97168904611778
2023-08-30,20.24,27.84,10.55,0.07,24.36,38.325095382563376,36.97168904611778
2023-08-31,22.82,29.38,15.94,0.0,22.14,38.325095382563376,36.97168904611778
2023-09-01,23.5,30.46,15.9,0.24,22.04,38.325095382563376,36.97168904611778
2023-09-02,23.08,31.31,15.13,4.53,21.65,38.325095382563376,36.97168904611778
2023-09-03,20.22,27.87,14.38,3.49,18.03,38.325095382563376,36.97168904611778
2023-09-04,18.89,26.94,12.0,0.23,20.12,38.325095382563376,36.97168904611778
2023-09-05,21.03,29.83,12.8,0.0,24.16,38.325095382563376,36.97168904611778
2023-09-06,22.15,31.38,15.07,0.0,24.84,38.325095382563376,36.97168904611778
2023-09-07,21.02,31.01,12.54,0.0,24.29,38.325095382563376,36.97168904611778
2023-09-08,19.61,29.49,12.06,0.0,23.1,38.325095382563376,36.97168904611778
2023-09-09,17.23,25.89,10.25,0.02,23.74,38.325095382563376,36.97168904611778
2023-09-10,14.35,23.41,6.6,0.04,23.4,38.325095382563376,36.97168904611778
2023-09-11,13.91,23.65,4.74,0.02,23.05,38.325095382563376,36.97168904611778
2023-09-12,12.58,21.72,4.81,0.01,24.55,38.325095382563376,36.97168904611778
2023-09-13,12.25,21.26,4.82,0.0,24.18,38.325095382563376,36.97168904611778
2023-09-14,12.68,23.28,3.86,0.01,24.45,38.325095382563376,36.97168904611778
2023-09-15,13.98,25.45,3.95,0.43,24.11,38.325095382563376,36.97168904611778
2023-09-16,15.77,26.42,6.34,0.05,23.35,38.325095382563376,36.97168904611778
2023-09-17,14.43,24.49,6.25,0.0,22.98,38.325095382563376,36.97168904611778
2023-09-18,15.08,25.54,5.36,0.0,22.84,38.325095382563376,36.97168904611778
2023-09-19,16.57,26.62,5.75,0.0,20.47,38.325095382563376,36.97168904611778
2023-09-20,18.59,25.36,12.42,0.19,19.41,38.325095382563376,36.97168904611778
2023-09-21,19.2,26.84,11.65,0.0,21.66,38.325095382563376,36.97168904611778
2023-09-22,20.37,28.1,13.89,0.0,20.79,38.325095382563376,36.97168904611778
2023-09-23,20.13,28.74,11.5,0.0,20.03,38.325095382563376,36.97168904611778
2023-09-24,19.97,28.98,11.28,0.0,18.72,38.325095382563376,36.97168904611778
2023-09-25,18.3,27.93,10.55,0.0,21.51,38.325095382563376,36.97168904611778
2023-09-26,17.1,27.08,8.33,0.0,21.59,38.325095382563376,36.97168904611778
2023-09-27,18.32,27.79,10.36,0.0,20.4,38.325095382563376,36.97168904611778
2023-09-28,19.02,27.3,10.49,0.0,19.04,38.325095382563376,36.97168904611778
2023-09-29,17.95,25.82,10.82,0.01,17.17,38.325095382563376,36.97168904611778
2023-09-30,17.24,23.65,11.29,0.26,13.39,38.325095382563376,36.97168904611778
2023-10-01,14.33,19.28,11.09,9.14,10.89,38.325095382563376,36.97168904611778
2023-10-02,12.38,16.99,9.12,1.01,8.64,38.325095382563376,36.97168904611778
2023-10-03,10.69,15.96,6.91,0.9,9.83,38.325095382563376,36.97168904611778
2023-10-04,9.23,17.43,3.6,0.0,18.3,38.325095382563376,36.97168904611778
2023-10-05,10.96,20.83,0.91,0.0,20.23,38.325095382563376,36.97168904611778
2023-10-06,12.22,21.02,5.79,0.0,19.17,38.325095382563376,36.97168904611778
2023-10-07,11.57,20.07,3.36,0.0,19.0,38.325095382563376,36.97168904611778
2023-10-08,12.76,20.71,6.82,0.0,16.81,38.325095382563376,36.97168904611778
2023-10-09,12.19,20.09,6.14,0.0,15.44,38.325095382563376,36.97168904611778
2023-10-10,10.86,19.78,3.78,0.0,17.17,38.325095382563376,36.97168904611778
2023-10-11,9.16,17.26,3.04,0.03,18.34,38.325095382563376,36.97168904611778
2023-10-12,9.59,20.67,-0.28,0.0,19.13,38.325095382563376,36.97168904611778
2023-10-13,11.74,21.1,4.98,0.0,18.41,38.325095382563376,36.97168904611778
2023-10-14,11.87,21.39,4.07,0.0,17.48,38.325095382563376,36.97168904611778
2023-10-15,9.91,13.16,7.47,6.94,2.79,38.325095382563376,36.97168904611778
2023-10-16,9.72,16.08,5.38,0.98,10.25,38.325095382563376,36.97168904611778
2023-10-17,9.88,17.04,3.39,0.0,14.92,38.325095382563376,36.97168904611778
2023-10-18,10.56,15.2,6.2,2.09,10.37,38.325095382563376,36.97168904611778
2023-10-19,9.87,16.42,4.67,1.25,11.61,38.325095382563376,36.97168904611778
2023-10-20,10.06,16.34,5.87,0.91,11.69,38.325095382563376,36.97168904611778
2023-10-21,11.69,20.06,4.26,0.0,16.37,38.325095382563376,36.97168904611778
2023-10-22,11.9,18.24,7.24,0.0,14.48,38.325095382563376,36.97168904611778
2023-10-23,12.24,18.3,8.4,2.16,11.22,38.325095382563376,36.97168904611778
2023-10-24,13.19,19.82,8.25,0.75,14.47,38.325095382563376,36.97168904611778
2023-10-25,12.71,20.42,6.78,0.0,14.02,38.325095382563376,36.97168904611778
2023-10-26,12.04,18.01,7.76,0.0,9.96,38.325095382563376,36.97168904611778
2023-10-27,11.7,19.0,7.37,0.0,12.65,38.325095382563376,36.97168904611778
2023-10-28,12.41,20.79,6.64,0.0,14.81,38.325095382563376,36.97168904611778
2023-10-29,13.65,20.31,8.24,0.0,13.87,38.325095382563376,36.97168904611778
2023-10-30,13.85,20.28,10.38,0.0,12.85,38.325095382563376,36.97168904611778
2023-10-31,13.32,19.04,8.69,0.01,11.2,38.325095382563376,36.97168904611778
2023-11-01,12.77,17.41,9.07,0.24,9.6,38.325095382563376,36.97168904611778
2023-11-02,11.24,16.37,6.71,1.41,10.42,38.325095382563376,36.97168904611778
2023-11-03,10.07,15.27,6.37,1.31,9.9,38.325095382563376,36.97168904611778
2023-11-04,11.43,19.24,6.4,0.0,13.37,38.325095382563376,36.97168904611778
2023-11-05,11.22,19.24,7.17,0.0,12.81,38.325095382563376,36.97168904611778
2023-11-06,10.81,18.26,5.83,0.0,11.08,38.325095382563376,36.97168904611778
2023-11-07,8.8,16.49,3.43,0.0,12.57,38.325095382563376,36.97168904611778
2023-11-08,9.79,18.43,3.73,0.0,13.73,38.325095382563376,36.97168904611778
2023-11-09,8.99,16.12,3.94,0.0,8.19,38.325095382563376,36.97168904611778
2023-11-10,8.29,15.38,2.94,0.0,11.99,38.325095382563376,36.97168904611778
2023-11-11,9.26,17.23,4.67,0.0,11.91,38.325095382563376,36.97168904611778
2023-11-12,8.64,17.15,3.08,0.0,10.65,38.325095382563376,36.97168904611778
2023-11-13,7.63,15.03,2.45,0.5,9.17,38.325095382563376,36.97168904611778
2023-11-14,7.45,10.44,4.19,6.58,3.97,38.325095382563376,36.97168904611778
2023-11-15,6.9,14.87,2.67,0.13,11.09,38.325095382563376,36.97168904611778
2023-11-16,8.11,13.26,1.85,6.67,8.15,38.325095382563376,36.97168904611778
2023-11-17,3.39,10.34,-1.08,0.15,12.66,38.325095382563376,36.97168904611778
2023-11-18,4.97,10.1,-1.77,2.31,6.93,38.325095382563376,36.97168904611778
2023-11-19,4.32,9.2,-3.15,23.55,5.79,38.325095382563376,36.97168904611778
2023-11-20,-1.99,2.64,-4.33,1.49,4.95,38.325095382563376,36.97168904611778
2023-11-21,-1.42,4.38,-4.38,0.0,8.32,38.325095382563376,36.97168904611778
2023-11-22,0.21,7.15,-3.75,0.0,10.04,38.325095382563376,36.97168904611778
2023-11-23,3.11,11.24,-2.99,0.0,8.9,38.325095382563376,36.97168904611778
2023-11-24,4.38,11.54,0.42,0.0,10.44,38.325095382563376,36.97168904611778
2023-11-25,3.97,7.15,0.79,1.06,6.63,38.325095382563376,36.97168904611778
2023-11-26,5.19,8.12,3.17,9.71,5.39,38.325095382563376,36.97168904611778
2023-11-27,-1.25,4.36,-7.25,3.65,6.33,38.325095382563376,36.97168904611778
2023-11-28,-3.36,4.0,-7.66,0.0,8.48,38.325095382563376,36.97168904611778
2023-11-29,0.16,5.78,-3.59,0.02,6.57,38.325095382563376,36.97168904611778
2023-11-30,2.19,8.36,-2.25,0.11,6.82,38.325095382563376,36.97168904611778
2023-12-01,3.69,11.82,-0.59,0.0,10.46,38.325095382563376,36.97168904611778
2023-12-02,4.04,12.03,-0.26,0.0,10.05,38.325095382563376,36.97168904611778
2023-12-03,4.24,11.64,-0.02,0.0,8.9,38.325095382563376,36.97168904611778
2023-12-04,3.72,11.2,-1.25,0.0,9.67,38.325095382563376,36.97168904611778
2023-12-05,3.68,9.82,0.87,7.78,7.59,38.325095382563376,36.97168904611778
2023-12-06,3.02,7.56,0.81,7.42,6.53,38.325095382563376,36.97168904611778
2023-12-07,3.76,7.68,1.09,1.89,6.52,38.325095382563376,36.97168904611778
2023-12-08,4.48,6.43,3.21,7.72,3.21,38.325095382563376,36.97168904611778
2023-12-09,2.67,5.47,-0.44,19.57,4.26,38.325095382563376,36.97168904611778
2023-12-10,2.68,6.86,-1.11,0.22,7.09,38.325095382563376,36.97168904611778
2023-12-11,4.25,7.1,2.89,5.1,2.52,38.325095382563376,36.97168904611778
2023-12-12,3.27,5.98,1.08,3.13,3.87,38.325095382563376,36.97168904611778
2023-12-13,-0.11,4.63,-4.69,0.8,6.25,38.325095382563376,36.97168904611778
2023-12-14,1.57,9.87,-5.27,0.0,9.79,38.325095382563376,36.97168904611778
2023-12-15,4.62,12.22,0.47,0.0,9.25,38.325095382563376,36.97168904611778
2023-12-16,4.38,10.06,1.07,0.01,9.23,38.325095382563376,36.97168904611778
2023-12-17,0.19,5.98,-6.85,0.34,3.54,38.325095382563376,36.97168904611778
2023-12-18,-2.91,3.91,-6.93,0.0,10.28,38.325095382563376,36.97168904611778
2023-12-19,-0.63,5.93,-4.72,0.0,9.5,38.325095382563376,36.97168904611778
2023-12-20,0.29,6.73,-2.34,0.0,10.18,38.325095382563376,36.97168904611778
2023-12-21,-0.77,1.88,-2.79,0.02,4.44,38.325095382563376,36.97168904611778
2023-12-22,-0.26,3.83,-2.11,2.46,4.34,38.325095382563376,36.97168904611778
2023-12-23,-1.23,2.88,-4.97,4.37,7.86,38.325095382563376,36.97168904611778
2023-12-24,-0.6,4.11,-4.2,0.12,3.89,38.325095382563376,36.97168904611778
2023-12-25,0.22,6.26,-2.73,0.0,9.06,38.325095382563376,36.97168904611778
2023-12-26,2.31,9.32,-2.15,0.0,10.0,38.325095382563376,36.97168904611778
2023-12-27,2.96,8.54,-0.15,0.0,9.25,38.325095382563376,36.97168904611778
2023-12-28,0.47,6.64,-3.67,0.0,9.54,38.325095382563376,36.97168904611778
2023-12-29,1.7,8.19,-3.68,0.0,10.2,38.325095382563376,36.97168904611778
2023-12-30,3.03,9.1,-0.32,0.0,9.62,38.325095382563376,36.97168904611778
2023-12-31,1.43,6.16,-1.54,0.0,8.52,38.325095382563376,36.97168904611778
2024-01-01,1.93,7.45,-0.63,0.01,9.31,38.325095382563376,36.97168904611778
2024-01-02,2.6,6.45,0.81,0.53,6.04,38.325095382563376,36.97168904611778
2024-01-03,2.9,7.01,0.52,0.66,5.9,38.325095382563376,36.97168904611778
2024-01-04,3.88,7.08,2.51,5.92,5.58,38.325095382563376,36.97168904611778
2024-01-05,2.18,6.59,-4.45,4.92,4.84,38.325095382563376,36.97168904611778
2024-01-06,-0.33,8.49,-5.2,0.0,11.06,38.325095382563376,36.97168904611778
2024-01-07,0.42,6.3,-2.43,0.0,5.49,38.325095382563376,36.97168904611778
2024-01-08,2.47,5.55,-0.71,0.09,4.08,38.325095382563376,36.97168904611778
2024-01-09,3.08,5.71,0.67,0.46,4.67,38.325095382563376,36.97168904611778
2024-01-10,0.53,3.37,-1.46,2.2,4.1,38.325095382563376,36.97168904611778
2024-01-11,-0.62,2.26,-4.34,0.96,4.15,38.325095382563376,36.97168904611778
2024-01-12,-2.25,1.84,-4.83,0.78,3.47,38.325095382563376,36.97168904611778
2024-01-13,-4.33,0.74,-7.19,0.01,8.09,38.325095382563376,36.97168904611778
2024-01-14,-4.99,1.45,-9.72,0.0,10.7,38.325095382563376,36.97168904611778
2024-01-15,-3.08,2.43,-8.53,0.37,6.91,38.325095382563376,36.97168904611778
2024-01-16,0.03,2.2,-1.21,3.3,3.84,38.325095382563376,36.97168904611778
2024-01-17,0.25,1.82,-1.01,6.46,3.66,38.325095382563376,36.97168904611778
2024-01-18,0.66,5.27,-2.29,0.07,7.59,38.325095382563376,36.97168904611778
2024-01-19,2.37,4.93,1.14,1.29,6.11,38.325095382563376,36.97168904611778
2024-01-20,2.96,7.13,0.81,2.08,7.3,38.325095382563376,36.97168904611778
2024-01-21,2.95,6.38,1.35,12.47,2.28,38.325095382563376,36.97168904611778
2024-01-22,-2.02,1.27,-6.06,1.98,5.44,38.325095382563376,36.97168904611778
2024-01-23,-3.46,4.68,-9.28,1.14,5.52,38.325095382563376,36.97168904611778
2024-01-24,-6.78,-1.7,-10.29,0.0,9.9,38.325095382563376,36.97168904611778
2024-01-25,-3.76,2.63,-9.94,0.22,10.25,38.325095382563376,36.97168904611778
2024-01-26,-3.67,-1.56,-4.93,7.56,2.54,38.325095382563376,36.97168904611778
2024-01-27,-6.12,-2.93,-10.11,0.42,5.65,38.325095382563376,36.97168904611778
2024-01-28,-6.03,-1.81,-9.47,0.08,7.69,38.325095382563376,36.97168904611778
2024-01-29,-6.47,-3.34,-8.96,0.25,10.5,38.325095382563376,36.97168904611778
2024-01-30,-5.88,-1.08,-9.7,0.51,9.83,38.325095382563376,36.97168904611778
2024-01-31,-4.6,0.87,-9.38,0.3,10.06,38.325095382563376,36.97168904611778
2024-02-01,-6.07,1.55,-11.18,0.0,13.06,38.325095382563376,36.97168904611778
2024-02-02,-4.55,2.37,-11.68,0.0,13.59,38.325095382563376,36.97168904611778
2024-02-03,-2.79,2.07,-7.12,0.15,8.68,38.325095382563376,36.97168904611778
2024-02-04,-1.56,2.61,-4.03,0.7,9.41,38.325095382563376,36.97168904611778
2024-02-05,-1.41,2.22,-3.43,0.62,10.5,38.325095382563376,36.97168904611778
2024-02-06,0.62,5.68,-2.46,0.0,8.21,38.325095382563376,36.97168904611778
2024-02-07,2.29,8.64,-2.02,0.0,11.51,38.325095382563376,36.97168904611778
2024-02-08,2.95,6.68,1.17,0.0,8.98,38.325095382563376,36.97168904611778
2024-02-09,1.77,5.75,-0.97,0.24,10.35,38.325095382563376,36.97168904611778
2024-02-10,1.36,7.01,-2.59,1.29,10.34,38.325095382563376,36.97168904611778
2024-02-11,2.53,9.62,-1.84,0.0,12.37,38.325095382563376,36.97168904611778
2024-02-12,2.83,7.99,0.39,0.0,11.35,38.325095382563376,36.97168904611778
2024-02-13,2.98,6.19,0.51,0.74,4.48,38.325095382563376,36.97168904611778
2024-02-14,2.69,6.8,0.23,16.07,4.62,38.325095382563376,36.97168904611778
2024-02-15,1.8,5.77,-1.38,3.29,10.29,38.325095382563376,36.97168904611778
2024-02-16,0.9,4.57,-2.02,3.22,9.73,38.325095382563376,36.97168904611778
2024-02-17,0.77,4.87,-3.04,0.59,6.99,38.325095382563376,36.97168904611778
2024-02-18,-0.42,4.35,-3.76,0.47,9.52,38.325095382563376,36.97168904611778
2024-02-19,-0.79,4.06,-4.01,0.6,10.89,38.325095382563376,36.97168904611778
2024-02-20,0.54,6.45,-4.15,0.15,12.52,38.325095382563376,36.97168904611778
2024-02-21,0.78,5.57,-2.46,0.17,11.57,38.325095382563376,36.97168904611778
2024-02-22,1.11,3.97,-1.24,1.97,8.92,38.325095382563376,36.97168904611778
2024-02-23,1.52,6.63,-3.19,0.16,13.2,38.325095382563376,36.97168904611778
2024-02-24,1.21,7.47,-3.58,0.0,16.59,38.325095382563376,36.97168904611778
2024-02-25,2.39,10.18,-3.96,0.0,16.39,38.325095382563376,36.97168904611778
2024-02-26,1.51,7.17,-2.82,0.0,16.52,38.325095382563376,36.97168904611778
2024-02-27,0.97,7.11,-4.21,0.0,16.22,38.325095382563376,36.97168904611778
2024-02-28,2.46,9.6,-2.96,0.0,18.36,38.325095382563376,36.97168904611778
2024-02-29,3.62,10.51,-3.16,0.0,17.64,38.325095382563376,36.97168904611778
2024-03-01,4.13,11.14,-1.33,0.0,14.59,38.325095382563376,36.97168904611778
2024-03-02,1.85,9.06,-2.55,0.01,15.6,38.325095382563376,36.97168904611778
2024-03-03,0.89,4.85,-3.14,0.6,8.71,38.325095382563376,36.97168904611778
2024-03-04,1.66,5.98,-1.56,0.67,11.73,38.325095382563376,36.97168904611778
2024-03-05,3.02,9.77,-2.64,0.03,15.67,38.325095382563376,36.97168904611778
2024-03-06,1.32,4.75,-3.77,9.03,9.06,38.325095382563376,36.97168904611778
2024-03-07,-0.81,4.22,-4.29,0.68,8.35,38.325095382563376,36.97168904611778
2024-03-08,0.39,6.88,-5.02,0.58,15.41,38.325095382563376,36.97168904611778
2024-03-09,-0.84,3.02,-5.78,6.42,7.33,38.325095382563376,36.97168904611778
2024-03-10,-1.94,3.96,-6.26,0.09,9.92,38.325095382563376,36.97168904611778
2024-03-11,0.1,7.48,-5.93,0.0,19.82,38.325095382563376,36.97168904611778
2024-03-12,3.23,10.8,-1.87,0.0,17.87,38.325095382563376,36.97168904611778
2024-03-13,3.21,9.79,-2.35,0.0,16.98,38.325095382563376,36.97168904611778
2024-03-14,3.29,8.73,-1.44,2.36,12.06,38.325095382563376,36.97168904611778
2024-03-15,1.83,4.74,-1.24,0.19,11.71,38.325095382563376,36.97168904611778
2024-03-16,1.8,6.8,-3.65,0.45,12.86,38.325095382563376,36.97168904611778
2024-03-17,2.76,7.86,-1.21,0.57,11.08,38.325095382563376,36.97168904611778
2024-03-18,2.98,7.16,0.04,7.22,9.77,38.325095382563376,36.97168904611778
2024-03-19,1.21,5.14,-3.71,0.95,8.81,38.325095382563376,36.97168904611778
2024-03-20,1.63,7.85,-5.03,0.17,18.04,38.325095382563376,36.97168904611778
2024-03-21,2.39,7.37,-0.94,6.46,12.65,38.325095382563376,36.97168904611778
2024-03-22,-1.23,2.19,-3.89,3.32,10.5,38.325095382563376,36.97168904611778
2024-03-23,-2.51,1.71,-5.51,0.38,11.33,38.325095382563376,36.97168904611778
2024-03-24,-0.11,7.06,-6.18,0.0,18.5,38.325095382563376,36.97168904611778
2024-03-25,2.81,9.92,-4.86,1.83,20.69,38.325095382563376,36.97168904611778
2024-03-26,1.26,5.64,-4.18,5.43,17.92,38.325095382563376,36.97168904611778
2024-03-27,2.42,9.5,-4.96,0.98,15.83,38.325095382563376,36.97168904611778
2024-03-28,7.44,15.16,1.44,0.06,21.12,38.325095382563376,36.97168904611778
2024-03-29,7.26,11.75,2.96,0.16,13.44,38.325095382563376,36.97168904611778
2024-03-30,9.3,17.72,0.82,0.0,23.12,38.325095382563376,36.97168904611778
2024-03-31,11.47,19.9,2.96,0.0,22.76,38.325095382563376,36.97168904611778
2024-04-01,12.23,18.87,5.34,0.0,21.93,38.325095382563376,36.97168904611778
2024-04-02,13.09,19.65,6.31,0.0,23.36,38.325095382563376,36.97168904611778
2024-04-03,12.85,20.32,7.04,0.0,21.36,38.325095382563376,36.97168904611778
2024-04-04,11.38,20.27,4.22,0.0,23.47,38.325095382563376,36.97168904611778
2024-04-05,9.62,16.33,2.65,0.11,19.25,38.325095382563376,36.97168904611778
2024-04-06,6.18,13.65,-1.09,0.43,25.44,38.325095382563376,36.97168904611778
2024-04-07,2.23,4.39,-0.87,16.51,13.47,38.325095382563376,36.97168904611778
2024-04-08,4.59,10.31,-1.52,4.94,14.83,38.325095382563376,36.97168904611778
2024-04-09,5.8,9.69,1.96,10.92,8.53,38.325095382563376,36.97168904611778
2024-04-10,7.84,11.81,4.69,2.15,17.2,38.325095382563376,36.97168904611778
2024-04-11,8.33,13.89,3.64,0.19,16.48,38.325095382563376,36.97168904611778
2024-04-12,8.92,14.39,4.15,0.22,16.85,38.325095382563376,36.97168904611778
2024-04-13,8.93,14.72,4.56,0.44,13.09,38.325095382563376,36.97168904611778
2024-04-14,7.86,13.04,2.34,0.99,14.38,38.325095382563376,36.97168904611778
2024-04-15,7.78,16.2,0.62,0.0,27.27,38.325095382563376,36.97168904611778
2024-04-16,11.95,20.48,4.38,0.0,27.42,38.325095382563376,36.97168904611778
2024-04-17,12.16,19.89,6.44,0.0,26.07,38.325095382563376,36.97168904611778
2024-04-18,12.43,19.36,6.41,0.16,22.69,38.325095382563376,36.97168904611778
2024-04-19,11.63,19.6,5.51,0.01,25.69,38.325095382563376,36.97168904611778
2024-04-20,11.34,19.07,5.51,0.02,20.79,38.325095382563376,36.97168904611778
2024-04-21,10.25,17.56,4.71,0.0,25.43,38.325095382563376,36.97168904611778
2024-04-22,11.09,18.86,4.16,0.0,26.86,38.325095382563376,36.97168904611778
2024-04-23,13.49,21.63,4.27,0.0,22.56,38.325095382563376,36.97168904611778
2024-04-24,16.58,24.02,10.28,0.0,22.86,38.325095382563376,36.97168904611778
2024-04-25,15.71,20.35,11.61,0.0,19.99,38.325095382563376,36.97168904611778
2024-04-26,15.59,20.81,11.2,0.02,16.44,38.325095382563376,36.97168904611778
2024-04-27,13.49,17.61,9.75,0.31,15.26,38.325095382563376,36.97168904611778
2024-04-28,16.25,23.4,9.2,0.19,18.83,38.325095382563376,36.97168904611778
2024-04-29,13.44,18.88,10.12,2.54,14.9,38.325095382563376,36.97168904611778
2024-04-30,13.76,17.66,9.73,0.97,19.69,38.325095382563376,36.97168904611778
2024-05-01,13.56,17.74,10.46,4.25,11.36,38.325095382563376,36.97168904611778
2024-05-02,12.39,18.05,6.17,1.69,18.39,38.325095382563376,36.97168904611778
2024-05-03,9.44,15.82,3.81,0.63,14.69,38.325095382563376,36.97168904611778
2024-05-04,8.76,14.2,3.23,2.81,13.11,38.325095382563376,36.97168904611778
2024-05-05,6.28,9.55,2.77,11.32,7.1,38.325095382563376,36.97168904611778
2024-05-06,4.2,9.65,0.25,1.43,12.88,38.325095382563376,36.97168904611778
2024-05-07,5.84,12.78,-1.1,0.01,17.92,38.325095382563376,36.97168904611778
2024-05-08,9.24,17.62,-1.26,0.0,30.08,38.325095382563376,36.97168904611778
2024-05-09,11.0,16.97,5.02,0.0,21.89,38.325095382563376,36.97168904611778
2024-05-10,12.72,19.94,6.08,0.0,25.28,38.325095382563376,36.97168904611778
2024-05-11,11.3,15.76,5.8,1.7,21.26,38.325095382563376,36.97168904611778
2024-05-12,8.79,15.16,4.0,3.12,11.39,38.325095382563376,36.97168904611778
2024-05-13,6.56,11.97,2.63,3.26,13.27,38.325095382563376,36.97168904611778
2024-05-14,7.13,14.15,0.38,0.62,23.19,38.325095382563376,36.97168904611778
2024-05-15,8.95,16.65,1.53,0.34,25.72,38.325095382563376,36.97168904611778
2024-05-16,10.24,16.39,4.37,0.21,19.38,38.325095382563376,36.97168904611778
2024-05-17,10.49,16.68,2.35,0.16,14.73,38.325095382563376,36.97168904611778
2024-05-18,13.66,20.49,6.48,0.28,21.28,38.325095382563376,36.97168904611778
2024-05-19,14.31,20.95,7.26,0.0,27.32,38.325095382563376,36.97168904611778
2024-05-20,14.26,18.77,8.82,0.0,19.26,38.325095382563376,36.97168904611778
2024-05-21,14.54,22.26,7.17,0.03,26.37,38.325095382563376,36.97168904611778
2024-05-22,15.87,22.76,7.7,0.01,27.85,38.325095382563376,36.97168904611778
2024-05-23,15.97,21.77,10.58,1.81,22.63,38.325095382563376,36.97168904611778
2024-05-24,11.89,16.68,8.31,10.08,17.98,38.325095382563376,36.97168904611778
2024-05-25,10.99,16.37,7.26,1.61,14.02,38.325095382563376,36.97168904611778
2024-05-26,12.79,18.99,6.98,0.06,23.91,38.325095382563376,36.97168904611778
2024-05-27,12.6,17.62,7.64,1.74,14.89,38.325095382563376,36.97168904611778
2024-05-28,14.19,20.91,7.86,1.24,22.44,38.325095382563376,36.97168904611778
2024-05-29,14.88,23.24,7.2,0.1,28.36,38.325095382563376,36.97168904611778
2024-05-30,15.24,24.01,6.85,0.12,30.48,38.325095382563376,36.97168904611778
2024-05-31,14.81,22.49,8.02,0.52,20.79,38.325095382563376,36.97168904611778
2024-06-01,14.8,22.67,7.95,0.0,30.22,38.325095382563376,36.97168904611778
2024-06-02,16.66,25.98,6.64,0.0,32.34,38.325095382563376,36.97168904611778
2024-06-03,18.9,27.88,9.94,0.0,31.74,38.325095382563376,36.97168904611778
2024-06-04,19.98,29.01,10.17,0.0,30.56,38.325095382563376,36.97168904611778
2024-06-05,21.24,29.49,13.0,0.0,30.42,38.325095382563376,36.97168904611778
2024-06-06,21.71,29.85,13.68,0.04,29.24,38.325095382563376,36.97168904611778
2024-06-07,20.28,27.97,12.44,2.35,24.51,38.325095382563376,36.97168904611778
2024-06-08,19.2,27.18,12.72,4.53,27.7,38.325095382563376,36.97168904611778
2024-06-09,15.11,19.98,10.27,1.77,20.92,38.325095382563376,36.97168904611778
2024-06-10,16.52,24.88,8.9,0.0,29.49,38.325095382563376,36.97168904611778
2024-06-11,18.01,27.42,7.32,0.0,32.23,38.325095382563376,36.97168904611778
2024-06-12,21.21,29.9,11.25,0.0,30.34,38.325095382563376,36.97168904611778
2024-06-13,22.03,29.87,14.87,0.0,27.07,38.325095382563376,36.97168904611778
2024-06-14,22.67,29.57,14.59,1.08,29.55,38.325095382563376,36.97168904611778
2024-06-15,21.45,29.0,15.0,0.31,27.54,38.325095382563376,36.97168904611778
2024-06-16,20.84,29.0,12.92,0.0,32.01,38.325095382563376,36.97168904611778
2024-06-17,22.67,31.02,13.35,0.0,29.75,38.325095382563376,36.97168904611778
2024-06-18,23.29,31.72,13.99,0.0,30.19,38.325095382563376,36.97168904611778
2024-06-19,24.12,33.11,14.76,0.09,30.31,38.325095382563376,36.97168904611778
2024-06-20,23.55,33.42,13.89,1.08,30.72,38.325095382563376,36.97168904611778
2024-06-21,20.91,30.37,12.79,0.31,31.67,38.325095382563376,36.97168904611778
2024-06-22,21.17,31.53,11.33,0.0,32.69,38.325095382563376,36.97168904611778
2024-06-23,22.73,32.84,11.29,0.0,32.22,38.325095382563376,36.97168904611778
2024-06-24,23.45,33.43,13.49,0.0,32.28,38.325095382563376,36.97168904611778
2024-06-25,23.51,32.53,14.5,0.0,31.6,38.325095382563376,36.97168904611778
2024-06-26,18.77,27.04,10.34,0.01,31.83,38.325095382563376,36.97168904611778
2024-06-27,17.93,28.37,7.68,0.0,32.83,38.325095382563376,36.97168904611778
2024-06-28,19.9,29.72,9.34,0.0,32.56,38.325095382563376,36.97168904611778
2024-06-29,18.56,27.74,9.83,0.01,31.63,38.325095382563376,36.97168904611778
2024-06-30,17.84,26.72,9.76,0.26,29.1,38.325095382563376,36.97168904611778
2024-07-01,17.11,24.2,10.98,0.04,24.97,38.325095382563376,36.97168904611778
2024-07-02,17.67,25.72,10.62,0.0,29.28,38.325095382563376,36.97168904611778
2024-07-03,20.99,29.62,10.1,0.02,30.61,38.325095382563376,36.97168904611778
2024-07-04,22.86,31.45,14.5,0.07,29.85,38.325095382563376,36.97168904611778
2024-07-05,22.45,32.41,13.12,0.38,31.03,38.325095382563376,36.97168904611778
2024-07-06,19.45,28.51,12.39,0.17,19.63,38.325095382563376,36.97168904611778
2024-07-07,20.56,28.39,13.92,0.13,24.6,38.325095382563376,36.97168904611778
2024-07-08,21.51,29.48,13.65,0.01,28.61,38.325095382563376,36.97168904611778
2024-07-09,21.66,29.33,13.57,0.97,25.79,38.325095382563376,36.97168904611778
2024-07-10,22.83,31.19,15.2,0.21,23.73,38.325095382563376,36.97168904611778
2024-07-11,24.42,32.6,15.79,0.03,24.66,38.325095382563376,36.97168904611778
2024-07-12,24.06,32.0,16.07,0.0,28.17,38.325095382563376,36.97168904611778
2024-07-13,23.66,32.05,15.19,0.0,27.79,38.325095382563376,36.97168904611778
2024-07-14,22.15,30.17,15.1,0.05,25.01,38.325095382563376,36.97168904611778
2024-07-15,21.9,29.45,14.24,0.08,23.2,38.325095382563376,36.97168904611778
2024-07-16,24.16,32.0,14.84,0.01,28.26,38.325095382563376,36.97168904611778
2024-07-17,25.4,32.91,18.61,0.78,24.65,38.325095382563376,36.97168904611778
2024-07-18,23.04,30.5,15.8,1.43,25.52,38.325095382563376,36.97168904611778
2024-07-19,21.12,28.39,14.45,0.0,26.16,38.325095382563376,36.97168904611778
2024-07-20,20.86,28.45,13.51,0.0,24.34,38.325095382563376,36.97168904611778
2024-07-21,22.04,31.26,12.81,0.0,29.92,38.325095382563376,36.97168904611778
2024-07-22,23.81,32.54,13.96,0.0,27.51,38.325095382563376,36.97168904611778
2024-07-23,24.07,32.74,15.13,0.0,29.46,38.325095382563376,36.97168904611778
2024-07-24,22.16,29.21,15.55,2.07,24.66,38.325095382563376,36.97168904611778
2024-07-25,22.14,30.65,13.29,0.31,27.62,38.325095382563376,36.97168904611778
2024-07-26,22.33,30.48,14.46,0.76,19.53,38.325095382563376,36.97168904611778
2024-07-27,20.18,27.33,14.22,0.04,23.47,38.325095382563376,36.97168904611778
2024-07-28,18.66,26.65,11.84,0.07,24.15,38.325095382563376,36.97168904611778
2024-07-29,20.5,31.69,9.42,0.0,30.57,38.325095382563376,36.97168904611778
2024-07-30,22.03,32.67,12.0,0.0,29.63,38.325095382563376,36.97168904611778
2024-07-31,20.25,29.33,12.43,0.0,28.91,38.325095382563376,36.97168904611778
