date,T2M,T2M_MAX,T2M_MIN,PRECTOTCORR,ALLSKY_SFC_SW_DWN,lat,lon
2004-10-01,26.31,36.49,18.38,0.0,19.31,37.22974475972733,40.8653566272128
2004-10-02,25.48,34.82,18.73,0.0,18.96,37.22974475972733,40.8653566272128
2004-10-03,22.52,31.19,15.52,0.0,18.41,37.22974475972733,40.8653566272128
2004-10-04,23.07,31.39,16.52,0.0,16.71,37.22974475972733,40.8653566272128
2004-10-05,23.17,32.24,16.04,0.0,18.45,37.22974475972733,40.8653566272128
2004-10-06,24.47,34.13,15.36,0.0,15.32,37.22974475972733,40.8653566272128
2004-10-07,25.16,32.99,19.07,0.0,17.3,37.22974475972733,40.8653566272128
2004-10-08,24.95,33.39,18.78,0.01,14.34,37.22974475972733,40.8653566272128
2004-10-09,22.7,30.55,16.75,0.0,17.49,37.22974475972733,40.8653566272128
2004-10-10,20.48,28.46,14.66,0.0,18.19,37.22974475972733,40.8653566272128
2004-10-11,21.31,30.93,13.26,0.0,18.11,37.22974475972733,40.8653566272128
2004-10-12,22.16,29.19,16.25,0.01,7.58,37.22974475972733,40.8653566272128
2004-10-13,21.12,27.33,17.1,0.06,6.31,37.22974475972733,40.8653566272128
2004-10-14,21.51,29.32,14.77,0.0,16.18,37.22974475972733,40.8653566272128
2004-10-15,22.91,30.73,15.07,0.0,15.29,37.22974475972733,40.8653566272128
2004-10-16,23.65,30.46,16.87,0.0,12.35,37.22974475972733,40.8653566272128
2004-10-17,22.76,30.74,16.49,0.0,14.53,37.22974475972733,40.8653566272128
2004-10-18,23.06,32.51,16.07,0.0,15.4,37.22974475972733,40.8653566272128
2004-10-19,23.6,33.36,16.33,0.0,16.69,37.22974475972733,40.8653566272128
2004-10-20,22.15,32.09,14.96,0.0,16.24,37.22974475972733,40.8653566272128
2004-10-21,19.08,25.03,13.39,0.69,4.71,37.22974475972733,40.8653566272128
2004-10-22,16.39,24.35,10.44,0.0,15.85,37.22974475972733,40.8653566272128
2004-10-23,17.96,26.54,11.98,0.0,16.36,37.22974475972733,40.8653566272128
2004-10-24,18.29,26.95,10.96,0.0,15.16,37.22974475972733,40.8653566272128
2004-10-25,19.63,29.38,11.52,0.0,14.43,37.22974475972733,40.8653566272128
2004-10-26,20.89,30.14,13.97,0.0,14.45,37.22974475972733,40.8653566272128
2004-10-27,22.77,31.71,15.06,0.0,13.33,37.22974475972733,40.8653566272128
2004-10-28,22.9,31.43,15.98,0.0,11.95,37.22974475972733,40.8653566272128
2004-10-29,21.11,28.2,16.81,0.33,7.34,37.22974475972733,40.8653566272128
2004-10-30,20.42,25.33,17.0,0.6,10.6,37.22974475972733,40.8653566272128
2004-10-31,19.36,24.06,16.27,0.22,7.57,37.22974475972733,40.8653566272128
2004-11-01,19.72,25.14,14.28,0.0,12.88,37.22974475972733,40.8653566272128
2004-11-02,18.0,25.18,13.13,0.0,12.68,37.22974475972733,40.8653566272128
2004-11-03,17.3,25.26,11.39,0.04,13.24,37.22974475972733,40.8653566272128
2004-11-04,16.53,23.13,12.06,16.24,6.42,37.22974475972733,40.8653566272128
2004-11-05,15.76,22.95,10.44,0.15,13.18,37.22974475972733,40.8653566272128
2004-11-06,13.66,17.63,11.43,7.06,3.27,37.22974475972733,40.8653566272128
2004-11-07,13.9,18.34,11.09,3.53,5.32,37.22974475972733,40.8653566272128
2004-11-08,16.0,23.02,11.09,1.04,10.01,37.22974475972733,40.8653566272128
2004-11-09,13.54,16.01,11.58,4.16,5.33,37.22974475972733,40.8653566272128
2004-11-10,14.51,21.07,9.78,0.18,7.34,37.22974475972733,40.8653566272128
2004-11-11,15.8,23.26,9.96,0.14,10.27,37.22974475972733,40.8653566272128
2004-11-12,16.37,23.98,12.38,0.5,11.34,37.22974475972733,40.8653566272128
2004-11-13,15.33,23.74,8.89,0.0,12.29,37.22974475972733,40.8653566272128
2004-11-14,15.4,23.71,7.92,0.0,12.82,37.22974475972733,40.8653566272128
2004-11-15,14.99,22.76,8.31,0.0,11.58,37.22974475972733,40.8653566272128
2004-11-16,14.55,20.3,10.77,7.1,3.23,37.22974475972733,40.8653566272128
2004-11-17,12.38,16.31,10.24,9.98,1.55,37.22974475972733,40.8653566272128
2004-11-18,11.11,16.27,6.96,1.39,8.02,37.22974475972733,40.8653566272128
2004-11-19,10.27,18.4,4.61,0.0,12.52,37.22974475972733,40.8653566272128
2004-11-20,10.15,17.06,6.1,0.0,11.38,37.22974475972733,40.8653566272128
2004-11-21,10.64,16.1,6.31,1.64,2.97,37.22974475972733,40.8653566272128
2004-11-22,6.84,9.06,3.7,23.92,1.49,37.22974475972733,40.8653566272128
2004-11-23,4.11,9.84,-0.88,0.63,10.93,37.22974475972733,40.8653566272128
2004-11-24,2.56,9.46,-3.84,0.0,12.01,37.22974475972733,40.8653566272128
2004-11-25,3.56,9.65,-1.76,0.47,4.24,37.22974475972733,40.8653566272128
2004-11-26,3.47,4.72,2.23,21.99,1.66,37.22974475972733,40.8653566272128
2004-11-27,2.95,7.44,-2.44,1.05,5.65,37.22974475972733,40.8653566272128
2004-11-28,1.24,9.07,-5.79,0.0,11.0,37.22974475972733,40.8653566272128
2004-11-29,1.61,9.61,-3.21,0.0,10.47,37.22974475972733,40.8653566272128
2004-11-30,2.48,12.0,-2.9,0.0,10.29,37.22974475972733,40.8653566272128
2004-12-01,3.03,11.99,-2.84,0.0,9.06,37.22974475972733,40.8653566272128
2004-12-02,3.45,12.24,-1.82,0.0,10.48,37.22974475972733,40.8653566272128
2004-12-03,4.9,14.07,-1.06,0.0,8.98,37.22974475972733,40.8653566272128
2004-12-04,5.12,14.35,-1.1,0.0,10.04,37.22974475972733,40.8653566272128
2004-12-05,6.57,15.41,-0.07,0.18,7.51,37.22974475972733,40.8653566272128
2004-12-06,6.05,10.87,2.33,0.47,7.86,37.22974475972733,40.8653566272128
2004-12-07,6.88,13.21,2.18,0.0,8.95,37.22974475972733,40.8653566272128
2004-12-08,5.63,10.58,1.76,0.08,4.13,37.22974475972733,40.8653566272128
2004-12-09,4.29,13.76,-1.03,0.0,10.56,37.22974475972733,40.8653566272128
2004-12-10,2.21,10.36,-2.45,0.0,9.99,37.22974475972733,40.8653566272128
2004-12-11,2.63,9.3,-2.8,0.92,4.19,37.22974475972733,40.8653566272128
2004-12-12,1.36,7.84,-2.96,0.07,10.74,37.22974475972733,40.8653566272128
2004-12-13,0.98,10.42,-4.73,0.0,10.78,37.22974475972733,40.8653566272128
2004-12-14,3.24,10.67,-2.88,0.11,10.02,37.22974475972733,40.8653566272128
2004-12-15,1.28,8.36,-3.99,0.16,9.77,37.22974475972733,40.8653566272128
2004-12-16,-1.53,5.64,-5.58,0.0,10.32,37.22974475972733,40.8653566272128
2004-12-17,-1.66,6.09,-5.57,0.0,10.63,37.22974475972733,40.8653566272128
2004-12-18,-0.62,6.56,-4.6,0.0,10.32,37.22974475972733,40.8653566272128
2004-12-19,0.35,4.45,-1.97,0.01,5.47,37.22974475972733,40.8653566272128
2004-12-20,1.38,6.3,-2.5,0.0,4.54,37.22974475972733,40.8653566272128
2004-12-21,1.99,8.25,-1.92,0.0,8.54,37.22974475972733,40.8653566272128
2004-12-22,4.33,12.96,-1.58,0.0,10.26,37.22974475972733,40.8653566272128
2004-12-23,4.55,11.88,-0.82,0.13,5.28,37.22974475972733,40.8653566272128
2004-12-24,6.24,11.94,3.2,0.82,3.76,37.22974475972733,40.8653566272128
2004-12-25,5.29,10.54,1.51,0.1,5.79,37.22974475972733,40.8653566272128
2004-12-26,5.39,16.35,-0.93,0.0,10.35,37.22974475972733,40.8653566272128
2004-12-27,4.94,15.36,-0.91,0.0,10.42,37.22974475972733,40.8653566272128
2004-12-28,6.64,16.3,0.81,0.0,10.17,37.22974475972733,40.8653566272128
2004-12-29,6.84,15.65,1.49,0.0,9.36,37.22974475972733,40.8653566272128
2004-12-30,6.84,13.04,2.95,0.0,8.86,37.22974475972733,40.8653566272128
2004-12-31,7.51,16.95,0.78,0.0,10.18,37.22974475972733,40.8653566272128
2005-01-01,7.43,16.79,1.19,0.0,9.98,37.22974475972733,40.8653566272128
2005-01-02,6.5,12.11,3.06,1.56,3.57,37.22974475972733,40.8653566272128
2005-01-03,4.9,13.6,-0.02,0.2,9.39,37.22974475972733,40.8653566272128
2005-01-04,4.19,10.85,-0.86,0.79,4.41,37.22974475972733,40.8653566272128
2005-01-05,4.15,6.8,2.51,11.22,1.37,37.22974475972733,40.8653566272128
2005-01-06,3.17,10.59,-1.52,3.06,10.58,37.22974475972733,40.8653566272128
2005-01-07,2.92,11.74,-4.1,0.04,9.62,37.22974475972733,40.8653566272128
2005-01-08,4.51,11.6,0.47,0.12,7.13,37.22974475972733,40.8653566272128
2005-01-09,3.66,12.91,-1.97,0.0,10.5,37.22974475972733,40.8653566272128
2005-01-10,3.03,11.22,-3.02,0.0,10.81,37.22974475972733,40.8653566272128
2005-01-11,3.46,9.59,-0.31,0.0,11.45,37.22974475972733,40.8653566272128
2005-01-12,4.61,14.34,-1.57,0.0,11.64,37.22974475972733,40.8653566272128
2005-01-13,5.11,14.7,-0.93,0.0,11.24,37.22974475972733,40.8653566272128
2005-01-14,4.16,13.32,-1.73,0.0,11.83,37.22974475972733,40.8653566272128
2005-01-15,3.68,10.23,-0.33,0.0,8.08,37.22974475972733,40.8653566272128
2005-01-16,3.35,11.77,-1.93,0.0,9.79,37.22974475972733,40.8653566272128
2005-01-17,4.52,13.26,-0.51,0.01,8.06,37.22974475972733,40.8653566272128
2005-01-18,3.97,10.58,-0.56,3.53,4.56,37.22974475972733,40.8653566272128
2005-01-19,4.6,10.45,0.14,0.17,6.18,37.22974475972733,40.8653566272128
2005-01-20,2.98,6.4,-1.15,1.08,4.8,37.22974475972733,40.8653566272128
2005-01-21,3.45,10.42,-1.6,0.0,7.25,37.22974475972733,40.8653566272128
2005-01-22,2.52,5.64,0.47,2.93,4.64,37.22974475972733,40.8653566272128
2005-01-23,3.54,10.31,-1.11,4.91,6.0,37.22974475972733,40.8653566272128
2005-01-24,3.29,8.59,-2.34,4.24,5.36,37.22974475972733,40.8653566272128
2005-01-25,1.59,10.55,-4.5,0.0,11.24,37.22974475972733,40.8653566272128
2005-01-26,2.65,10.07,-2.84,0.0,11.15,37.22974475972733,40.8653566272128
2005-01-27,3.65,12.17,-3.01,0.0,11.06,37.22974475972733,40.8653566272128
2005-01-28,4.59,13.93,-1.62,0.0,10.11,37.22974475972733,40.8653566272128
2005-01-29,5.45,13.3,0.95,0.0,5.57,37.22974475972733,40.8653566272128
2005-01-30,4.87,6.93,3.34,3.76,2.56,37.22974475972733,40.8653566272128
2005-01-31,6.35,12.73,3.09,0.92,7.56,37.22974475972733,40.8653566272128
2005-02-01,4.6,7.62,2.95,1.95,3.18,37.22974475972733,40.8653566272128
2005-02-02,4.59,11.61,-1.83,1.07,10.92,37.22974475972733,40.8653566272128
2005-02-03,5.69,11.33,1.45,2.95,4.96,37.22974475972733,40.8653566272128
2005-02-04,4.58,8.61,2.08,6.6,4.61,37.22974475972733,40.8653566272128
2005-02-05,4.92,8.81,3.04,6.93,5.6,37.22974475972733,40.8653566272128
2005-02-06,3.88,9.27,-0.18,1.37,5.54,37.22974475972733,40.8653566272128
2005-02-07,3.14,11.42,-3.02,0.0,14.67,37.22974475972733,40.8653566272128
2005-02-08,2.44,6.13,-1.27,2.35,9.33,37.22974475972733,40.8653566272128
2005-02-09,0.41,3.65,-2.13,0.13,5.77,37.22974475972733,40.8653566272128
2005-02-10,0.66,5.64,-3.22,0.03,12.58,37.22974475972733,40.8653566272128
2005-02-11,0.17,4.56,-2.91,0.83,7.31,37.22974475972733,40.8653566272128
2005-02-12,-0.51,5.32,-4.38,0.29,8.46,37.22974475972733,40.8653566272128
2005-02-13,0.26,6.57,-3.95,0.0,11.74,37.22974475972733,40.8653566272128
2005-02-14,1.22,8.79,-4.0,0.0,12.11,37.22974475972733,40.8653566272128
2005-02-15,3.04,12.03,-2.92,0.0,15.45,37.22974475972733,40.8653566272128
2005-02-16,5.71,13.4,-2.04,0.0,12.95,37.22974475972733,40.8653566272128
2005-02-17,9.19,18.28,-0.47,0.0,13.9,37.22974475972733,40.8653566272128
2005-02-18,9.39,18.54,1.96,0.0,13.58,37.22974475972733,40.8653566272128
2005-02-19,11.47,17.65,6.61,0.6,4.13,37.22974475972733,40.8653566272128
2005-02-20,9.38,12.25,6.8,5.89,4.5,37.22974475972733,40.8653566272128
2005-02-21,8.39,14.29,3.56,0.82,10.46,37.22974475972733,40.8653566272128
2005-02-22,7.29,16.12,0.71,0.0,17.3,37.22974475972733,40.8653566272128
2005-02-23,7.73,16.86,0.89,0.0,17.45,37.22974475972733,40.8653566272128
2005-02-24,8.39,17.26,0.85,0.0,17.92,37.22974475972733,40.8653566272128
2005-02-25,8.07,17.24,0.73,0.0,16.69,37.22974475972733,40.8653566272128
2005-02-26,9.74,18.0,2.71,0.0,16.78,37.22974475972733,40.8653566272128
2005-02-27,8.88,15.05,2.22,2.0,3.84,37.22974475972733,40.8653566272128
2005-02-28,10.58,18.41,4.24,0.09,12.8,37.22974475972733,40.8653566272128
2005-03-01,10.86,16.57,6.77,0.53,7.07,37.22974475972733,40.8653566272128
2005-03-02,11.89,18.98,6.18,0.01,9.19,37.22974475972733,40.8653566272128
2005-03-03,10.67,16.36,7.83,0.41,4.65,37.22974475972733,40.8653566272128
2005-03-04,10.66,16.9,6.33,4.4,9.37,37.22974475972733,40.8653566272128
2005-03-05,8.41,18.29,1.66,0.03,19.47,37.22974475972733,40.8653566272128
2005-03-06,8.68,14.88,3.59,1.3,7.2,37.22974475972733,40.8653566272128
2005-03-07,10.34,18.71,4.46,0.27,13.88,37.22974475972733,40.8653566272128
2005-03-08,9.98,15.1,6.25,3.38,3.02,37.22974475972733,40.8653566272128
2005-03-09,11.26,16.86,6.47,0.88,14.09,37.22974475972733,40.8653566272128
2005-03-10,7.09,11.19,2.81,1.29,8.04,37.22974475972733,40.8653566272128
2005-03-11,7.22,12.97,2.67,0.29,13.44,37.22974475972733,40.8653566272128
2005-03-12,5.98,12.08,0.49,1.41,11.06,37.22974475972733,40.8653566272128
2005-03-13,6.35,15.56,-1.04,0.0,18.51,37.22974475972733,40.8653566272128
2005-03-14,7.17,15.96,0.69,0.0,21.51,37.22974475972733,40.8653566272128
2005-03-15,8.04,17.76,0.24,0.0,20.86,37.22974475972733,40.8653566272128
2005-03-16,9.02,18.81,1.15,0.0,22.17,37.22974475972733,40.8653566272128
2005-03-17,9.88,19.71,2.22,0.0,22.28,37.22974475972733,40.8653566272128
2005-03-18,9.99,20.25,1.69,0.0,22.45,37.22974475972733,40.8653566272128
2005-03-19,11.41,20.35,4.23,0.0,19.06,37.22974475972733,40.8653566272128
2005-03-20,10.92,17.91,4.31,0.73,13.77,37.22974475972733,40.8653566272128
2005-03-21,10.36,16.64,6.83,1.28,11.18,37.22974475972733,40.8653566272128
2005-03-22,9.86,16.71,4.95,2.44,8.97,37.22974475972733,40.8653566272128
2005-03-23,9.19,16.49,3.51,0.24,17.82,37.22974475972733,40.8653566272128
2005-03-24,5.16,12.28,-0.85,0.0,24.25,37.22974475972733,40.8653566272128
2005-03-25,5.43,13.09,-1.65,0.0,23.26,37.22974475972733,40.8653566272128
2005-03-26,7.62,16.94,-2.29,0.0,22.75,37.22974475972733,40.8653566272128
2005-03-27,9.72,20.16,0.45,0.0,20.0,37.22974475972733,40.8653566272128
2005-03-28,12.34,21.89,3.7,0.0,17.19,37.22974475972733,40.8653566272128
2005-03-29,15.42,23.89,5.68,0.0,17.85,37.22974475972733,40.8653566272128
2005-03-30,17.14,25.96,8.98,0.0,19.69,37.22974475972733,40.8653566272128
2005-03-31,17.25,25.97,8.42,0.01,19.33,37.22974475972733,40.8653566272128
2005-04-01,15.09,21.75,9.47,0.05,17.27,37.22974475972733,40.8653566272128
2005-04-02,13.7,20.56,8.37,0.62,13.35,37.22974475972733,40.8653566272128
2005-04-03,10.23,14.63,6.97,2.73,16.35,37.22974475972733,40.8653566272128
2005-04-04,9.82,16.98,4.69,0.81,17.24,37.22974475972733,40.8653566272128
2005-04-05,10.72,19.26,2.71,0.0,20.6,37.22974475972733,40.8653566272128
2005-04-06,11.73,20.15,3.94,0.01,17.13,37.22974475972733,40.8653566272128
2005-04-07,13.11,23.79,5.0,0.0,24.35,37.22974475972733,40.8653566272128
2005-04-08,15.0,24.87,6.43,0.0,19.39,37.22974475972733,40.8653566272128
2005-04-09,14.73,25.38,9.62,0.02,8.63,37.22974475972733,40.8653566272128
2005-04-10,16.8,26.34,8.94,0.0,23.86,37.22974475972733,40.8653566272128
2005-04-11,19.09,29.39,11.09,0.0,22.59,37.22974475972733,40.8653566272128
2005-04-12,20.2,31.02,11.69,0.0,25.76,37.22974475972733,40.8653566272128
2005-04-13,19.37,29.31,10.72,0.0,21.13,37.22974475972733,40.8653566272128
2005-04-14,20.56,29.61,13.86,0.0,11.79,37.22974475972733,40.8653566272128
2005-04-15,17.34,24.85,11.33,1.31,22.6,37.22974475972733,40.8653566272128
2005-04-16,14.42,21.35,6.64,0.76,21.76,37.22974475972733,40.8653566272128
2005-04-17,15.17,23.45,7.57,0.01,23.83,37.22974475972733,40.8653566272128
2005-04-18,18.01,26.33,10.62,0.0,19.81,37.22974475972733,40.8653566272128
2005-04-19,20.24,29.53,12.32,0.0,20.02,37.22974475972733,40.8653566272128
2005-04-20,16.81,26.37,8.07,0.0,25.97,37.22974475972733,40.8653566272128
2005-04-21,19.68,28.98,9.39,0.0,23.39,37.22974475972733,40.8653566272128
2005-04-22,20.09,26.72,12.79,0.11,14.26,37.22974475972733,40.8653566272128
2005-04-23,21.27,31.9,15.15,0.95,10.01,37.22974475972733,40.8653566272128
2005-04-24,18.03,22.33,15.06,2.92,8.51,37.22974475972733,40.8653566272128
2005-04-25,17.65,22.96,12.78,0.51,12.1,37.22974475972733,40.8653566272128
2005-04-26,18.49,26.18,11.35,0.23,18.96,37.22974475972733,40.8653566272128
2005-04-27,18.49,27.13,11.4,0.08,24.71,37.22974475972733,40.8653566272128
2005-04-28,19.0,26.34,12.0,0.55,22.86,37.22974475972733,40.8653566272128
2005-04-29,18.75,27.66,10.41,0.0,26.85,37.22974475972733,40.8653566272128
2005-04-30,20.63,28.58,13.77,0.0,27.45,37.22974475972733,40.8653566272128
2005-05-01,19.24,26.86,13.39,0.0,21.59,37.22974475972733,40.8653566272128
2005-05-02,17.54,25.49,10.31,0.65,22.35,37.22974475972733,40.8653566272128
2005-05-03,15.82,21.55,9.82,1.15,14.72,37.22974475972733,40.8653566272128
2005-05-04,12.76,16.94,8.06,4.27,16.03,37.22974475972733,40.8653566272128
2005-05-05,16.25,23.46,9.79,0.4,22.51,37.22974475972733,40.8653566272128
2005-05-06,18.65,28.53,8.27,0.0,28.46,37.22974475972733,40.8653566272128
2005-05-07,21.84,30.64,13.01,0.0,25.31,37.22974475972733,40.8653566272128
2005-05-08,23.55,32.45,14.18,0.16,22.95,37.22974475972733,40.8653566272128
2005-05-09,21.09,29.79,14.25,0.04,28.87,37.22974475972733,40.8653566272128
2005-05-10,22.14,32.3,12.66,0.0,29.58,37.22974475972733,40.8653566272128
2005-05-11,23.93,34.32,14.53,0.0,28.7,37.22974475972733,40.8653566272128
2005-05-12,23.82,33.39,16.19,0.0,22.85,37.22974475972733,40.8653566272128
2005-05-13,25.15,35.1,16.73,0.0,22.62,37.22974475972733,40.8653566272128
2005-05-14,23.61,32.25,16.06,0.0,27.18,37.22974475972733,40.8653566272128
2005-05-15,23.07,31.82,14.01,0.54,23.13,37.22974475972733,40.8653566272128
2005-05-16,23.35,31.55,13.95,0.0,27.49,37.22974475972733,40.8653566272128
2005-05-17,24.77,33.34,17.25,0.15,21.32,37.22974475972733,40.8653566272128
2005-05-18,24.21,33.3,15.67,0.0,29.09,37.22974475972733,40.8653566272128
2005-05-19,24.6,33.84,15.78,0.06,29.71,37.22974475972733,40.8653566272128
2005-05-20,25.3,35.09,16.17,0.0,29.89,37.22974475972733,40.8653566272128
2005-05-21,27.04,36.66,18.35,0.0,27.83,37.22974475972733,40.8653566272128
2005-05-22,27.98,36.94,20.08,0.13,28.2,37.22974475972733,40.8653566272128
2005-05-23,27.2,36.33,19.65,5.66,24.99,37.22974475972733,40.8653566272128
2005-05-24,24.25,33.1,16.27,0.1,24.22,37.22974475972733,40.8653566272128
2005-05-25,23.16,31.57,15.17,0.0,28.32,37.22974475972733,40.8653566272128
2005-05-26,23.85,32.22,15.5,0.01,28.48,37.22974475972733,40.8653566272128
2005-05-27,25.33,34.48,15.04,0.01,26.52,37.22974475972733,40.8653566272128
2005-05-28,26.12,34.94,17.31,0.05,29.25,37.22974475972733,40.8653566272128
2005-05-29,23.12,31.0,15.11,0.01,28.94,37.22974475972733,40.8653566272128
2005-05-30,23.6,30.35,16.42,0.21,18.53,37.22974475972733,40.8653566272128
2005-05-31,24.65,31.93,16.02,0.0,26.41,37.22974475972733,40.8653566272128
2005-06-01,23.06,28.57,16.87,0.94,20.3,37.22974475972733,40.8653566272128
2005-06-02,23.31,30.27,15.26,0.03,25.15,37.22974475972733,40.8653566272128
2005-06-03,24.99,33.04,16.32,0.9,24.64,37.22974475972733,40.8653566272128
2005-06-04,25.54,33.0,18.57,2.73,17.16,37.22974475972733,40.8653566272128
2005-06-05,24.75,33.77,18.57,1.63,20.68,37.22974475972733,40.8653566272128
2005-06-06,23.11,31.19,15.67,0.0,30.92,37.22974475972733,40.8653566272128
2005-06-07,24.68,34.74,14.52,0.0,32.02,37.22974475972733,40.8653566272128
2005-06-08,27.73,38.23,18.14,0.0,31.55,37.22974475972733,40.8653566272128
2005-06-09,28.74,38.7,19.25,0.0,30.53,37.22974475972733,40.8653566272128
2005-06-10,29.62,38.94,19.74,0.0,30.72,37.22974475972733,40.8653566272128
2005-06-11,28.63,37.03,20.14,0.0,30.73,37.22974475972733,40.8653566272128
2005-06-12,27.56,36.9,17.16,0.0,30.43,37.22974475972733,40.8653566272128
2005-06-13,27.81,36.41,17.71,0.0,31.03,37.22974475972733,40.8653566272128
2005-06-14,28.23,36.13,18.59,0.0,30.58,37.22974475972733,40.8653566272128
2005-06-15,30.04,38.47,21.72,0.0,23.67,37.22974475972733,40.8653566272128
2005-06-16,27.59,36.64,18.74,0.0,29.39,37.22974475972733,40.8653566272128
2005-06-17,29.4,38.66,20.37,0.0,30.74,37.22974475972733,40.8653566272128
2005-06-18,29.36,38.85,20.37,0.0,31.95,37.22974475972733,40.8653566272128
2005-06-19,30.06,39.13,21.18,0.0,30.46,37.22974475972733,40.8653566272128
2005-06-20,29.93,37.98,21.17,0.0,25.58,37.22974475972733,40.8653566272128
2005-06-21,27.33,34.61,20.63,0.0,30.3,37.22974475972733,40.8653566272128
2005-06-22,26.99,34.42,18.74,0.0,28.14,37.22974475972733,40.8653566272128
2005-06-23,26.67,35.87,18.4,0.0,32.06,37.22974475972733,40.8653566272128
2005-06-24,28.81,38.87,18.92,0.0,31.01,37.22974475972733,40.8653566272128
2005-06-25,29.85,39.62,20.15,0.0,31.53,37.22974475972733,40.8653566272128
2005-06-26,29.37,37.32,20.87,0.0,28.16,37.22974475972733,40.8653566272128
2005-06-27,29.72,38.66,21.35,0.0,29.06,37.22974475972733,40.8653566272128
2005-06-28,30.39,38.76,21.61,0.0,29.0,37.22974475972733,40.8653566272128
2005-06-29,31.09,39.46,21.31,0.0,27.28,37.22974475972733,40.8653566272128
2005-06-30,29.64,37.77,20.74,0.0,29.96,37.22974475972733,40.8653566272128
2005-07-01,31.14,40.33,20.95,0.0,29.57,37.22974475972733,40.8653566272128
2005-07-02,33.15,42.26,24.18,0.0,29.93,37.22974475972733,40.8653566272128
2005-07-03,33.4,42.54,22.38,0.0,29.33,37.22974475972733,40.8653566272128
2005-07-04,32.07,40.34,23.25,0.0,29.64,37.22974475972733,40.8653566272128
2005-07-05,28.18,34.72,20.44,0.0,29.71,37.22974475972733,40.8653566272128
2005-07-06,30.16,38.83,20.27,0.0,26.44,37.22974475972733,40.8653566272128
2005-07-07,32.38,41.09,23.57,0.0,29.96,37.22974475972733,40.8653566272128
2005-07-08,33.19,42.83,22.63,0.0,30.34,37.22974475972733,40.8653566272128
2005-07-09,35.03,44.78,24.03,0.0,29.85,37.22974475972733,40.8653566272128
2005-07-10,34.4,43.1,26.47,0.0,28.86,37.22974475972733,40.8653566272128
2005-07-11,35.75,44.68,26.65,0.0,29.41,37.22974475972733,40.8653566272128
2005-07-12,36.8,45.77,28.46,0.0,29.31,37.22974475972733,40.8653566272128
2005-07-13,36.46,45.72,28.01,0.0,30.95,37.22974475972733,40.8653566272128
2005-07-14,33.33,41.3,24.56,0.0,29.66,37.22974475972733,40.8653566272128
2005-07-15,30.32,38.62,22.23,0.0,29.02,37.22974475972733,40.8653566272128
2005-07-16,31.1,39.9,22.03,0.0,28.1,37.22974475972733,40.8653566272128
2005-07-17,33.44,41.92,24.28,0.0,27.12,37.22974475972733,40.8653566272128
2005-07-18,32.52,41.32,23.57,0.0,29.38,37.22974475972733,40.8653566272128
2005-07-19,32.28,41.59,22.52,0.0,29.05,37.22974475972733,40.8653566272128
2005-07-20,32.94,42.47,23.07,0.0,29.54,37.22974475972733,40.8653566272128
2005-07-21,33.28,42.57,23.16,0.0,29.15,37.22974475972733,40.8653566272128
2005-07-22,33.93,42.67,26.64,0.0,29.15,37.22974475972733,40.8653566272128
2005-07-23,34.31,44.09,23.44,0.0,28.81,37.22974475972733,40.8653566272128
2005-07-24,32.94,42.3,23.49,0.0,27.93,37.22974475972733,40.8653566272128
2005-07-25,32.25,41.2,24.6,0.0,25.91,37.22974475972733,40.8653566272128
2005-07-26,32.62,41.48,24.67,0.0,27.15,37.22974475972733,40.8653566272128
2005-07-27,35.22,44.97,24.65,0.0,27.79,37.22974475972733,40.8653566272128
2005-07-28,36.03,45.61,26.14,0.0,27.36,37.22974475972733,40.8653566272128
2005-07-29,34.69,44.64,24.39,0.0,27.72,37.22974475972733,40.8653566272128
2005-07-30,34.44,42.65,26.31,0.0,27.04,37.22974475972733,40.8653566272128
2005-07-31,32.54,40.84,24.91,0.0,27.36,37.22974475972733,40.8653566272128
2005-08-01,31.92,39.84,23.99,0.0,27.56,37.22974475972733,40.8653566272128
2005-08-02,32.12,39.39,24.71,0.0,25.12,37.22974475972733,40.8653566272128
2005-08-03,31.77,39.01,24.79,0.0,22.24,37.22974475972733,40.8653566272128
2005-08-04,31.89,39.57,24.18,0.0,22.26,37.22974475972733,40.8653566272128
2005-08-05,32.53,39.75,25.53,0.0,22.79,37.22974475972733,40.8653566272128
2005-08-06,33.06,40.88,25.0,0.0,26.38,37.22974475972733,40.8653566272128
2005-08-07,31.71,39.95,23.47,0.0,26.37,37.22974475972733,40.8653566272128
2005-08-08,31.55,41.24,21.62,0.0,26.83,37.22974475972733,40.8653566272128
2005-08-09,35.36,45.1,26.06,0.0,26.06,37.22974475972733,40.8653566272128
2005-08-10,35.88,44.61,27.12,0.01,23.51,37.22974475972733,40.8653566272128
2005-08-11,34.26,43.08,25.46,0.38,22.16,37.22974475972733,40.8653566272128
2005-08-12,34.34,42.92,26.69,0.0,24.95,37.22974475972733,40.8653566272128
2005-08-13,34.52,43.45,26.28,0.0,25.64,37.22974475972733,40.8653566272128
2005-08-14,33.95,43.19,25.16,0.0,26.46,37.22974475972733,40.8653566272128
2005-08-15,33.77,43.76,24.17,0.0,26.66,37.22974475972733,40.8653566272128
2005-08-16,32.96,42.43,24.11,0.0,27.19,37.22974475972733,40.8653566272128
2005-08-17,32.6,41.43,24.0,0.0,26.51,37.22974475972733,40.8653566272128
2005-08-18,31.83,41.52,23.14,0.0,25.88,37.22974475972733,40.8653566272128
2005-08-19,31.62,41.58,21.91,0.0,26.5,37.22974475972733,40.8653566272128
2005-08-20,32.99,42.97,22.97,0.0,26.29,37.22974475972733,40.8653566272128
2005-08-21,31.34,39.91,22.99,0.0,25.78,37.22974475972733,40.8653566272128
2005-08-22,32.03,41.16,23.8,0.0,25.5,37.22974475972733,40.8653566272128
2005-08-23,32.61,42.64,23.3,0.0,26.14,37.22974475972733,40.8653566272128
2005-08-24,32.2,40.9,23.28,0.0,25.1,37.22974475972733,40.8653566272128
2005-08-25,30.67,39.39,22.88,0.0,25.33,37.22974475972733,40.8653566272128
2005-08-26,28.66,37.72,20.24,0.0,24.98,37.22974475972733,40.8653566272128
2005-08-27,30.25,39.29,23.05,0.0,25.03,37.22974475972733,40.8653566272128
2005-08-28,28.65,37.34,20.93,0.0,24.9,37.22974475972733,40.8653566272128
2005-08-29,30.44,40.02,21.8,0.0,23.85,37.22974475972733,40.8653566272128
2005-08-30,31.67,40.58,24.32,0.0,23.99,37.22974475972733,40.8653566272128
2005-08-31,30.49,38.89,23.63,0.0,21.96,37.22974475972733,40.8653566272128
2005-09-01,30.46,38.53,23.93,0.0,21.06,37.22974475972733,40.8653566272128
2005-09-02,29.11,37.23,22.07,0.0,23.2,37.22974475972733,40.8653566272128
2005-09-03,27.9,34.75,21.52,0.01,20.3,37.22974475972733,40.8653566272128
2005-09-04,26.54,33.41,20.15,0.0,21.17,37.22974475972733,40.8653566272128
2005-09-05,25.19,32.6,18.58,0.0,24.11,37.22974475972733,40.8653566272128
2005-09-06,25.23,35.26,16.97,0.0,24.88,37.22974475972733,40.8653566272128
2005-09-07,26.31,36.65,17.93,0.0,24.22,37.22974475972733,40.8653566272128
2005-09-08,27.01,37.9,17.33,0.0,24.38,37.22974475972733,40.8653566272128
2005-09-09,26.85,35.73,18.62,0.0,21.28,37.22974475972733,40.8653566272128
2005-09-10,28.01,37.46,19.2,0.0,21.89,37.22974475972733,40.8653566272128
2005-09-11,25.45,34.79,16.36,0.0,23.12,37.22974475972733,40.8653566272128
2005-09-12,25.69,34.84,18.43,0.0,23.37,37.22974475972733,40.8653566272128
2005-09-13,25.82,35.66,17.69,0.0,23.38,37.22974475972733,40.8653566272128
2005-09-14,27.01,37.12,18.62,0.0,22.65,37.22974475972733,40.8653566272128
2005-09-15,26.84,36.88,18.21,0.0,22.77,37.22974475972733,40.8653566272128
2005-09-16,26.73,35.98,19.17,0.0,21.88,37.22974475972733,40.8653566272128
2005-09-17,27.9,37.12,19.72,0.0,22.07,37.22974475972733,40.8653566272128
2005-09-18,28.29,38.17,19.89,0.0,20.69,37.22974475972733,40.8653566272128
2005-09-19,28.58,38.67,20.0,0.0,20.78,37.22974475972733,40.8653566272128
2005-09-20,28.21,37.66,20.03,0.0,21.09,37.22974475972733,40.8653566272128
2005-09-21,27.1,35.88,19.82,0.21,20.73,37.22974475972733,40.8653566272128
2005-09-22,27.08,35.57,20.72,0.0,20.07,37.22974475972733,40.8653566272128
2005-09-23,26.01,34.24,19.26,0.0,20.16,37.22974475972733,40.8653566272128
2005-09-24,23.43,31.54,17.43,0.0,20.7,37.22974475972733,40.8653566272128
2005-09-25,23.24,31.41,16.31,0.0,19.9,37.22974475972733,40.8653566272128
2005-09-26,23.37,31.72,15.67,0.0,20.01,37.22974475972733,40.8653566272128
2005-09-27,23.58,32.52,15.83,0.0,19.16,37.22974475972733,40.8653566272128
2005-09-28,24.04,32.26,18.28,0.01,16.25,37.22974475972733,40.8653566272128
2005-09-29,22.21,28.56,17.68,0.22,12.75,37.22974475972733,40.8653566272128
2005-09-30,21.59,27.3,15.93,1.46,15.65,37.22974475972733,40.8653566272128
2005-10-01,21.85,30.34,14.55,0.0,18.23,37.22974475972733,40.8653566272128
2005-10-02,22.11,30.83,14.64,0.0,18.77,37.22974475972733,40.8653566272128
2005-10-03,22.02,29.79,15.22,1.23,15.93,37.22974475972733,40.8653566272128
2005-10-04,21.78,30.35,14.96,1.62,18.77,37.22974475972733,40.8653566272128
2005-10-05,22.7,30.89,16.14,0.0,17.36,37.22974475972733,40.8653566272128
2005-10-06,22.33,30.43,15.25,0.0,19.14,37.22974475972733,40.8653566272128
2005-10-07,21.81,30.76,14.24,0.0,18.8,37.22974475972733,40.8653566272128
2005-10-08,20.64,29.78,15.24,0.0,19.19,37.22974475972733,40.8653566272128
2005-10-09,19.69,29.49,10.63,0.0,19.13,37.22974475972733,40.8653566272128
2005-10-10,22.48,31.64,13.34,0.0,17.0,37.22974475972733,40.8653566272128
2005-10-11,24.19,34.97,15.67,0.0,15.68,37.22974475972733,40.8653566272128
2005-10-12,23.68,33.24,15.97,0.0,11.94,37.22974475972733,40.8653566272128
2005-10-13,24.83,34.83,16.91,0.0,16.71,37.22974475972733,40.8653566272128
2005-10-14,25.92,35.25,18.54,0.0,11.69,37.22974475972733,40.8653566272128
2005-10-15,21.89,30.34,16.09,0.0,16.76,37.22974475972733,40.8653566272128
2005-10-16,21.69,29.19,14.23,0.39,13.63,37.22974475972733,40.8653566272128
2005-10-17,18.35,23.98,14.57,1.5,14.39,37.22974475972733,40.8653566272128
2005-10-18,18.89,26.31,12.51,0.06,14.5,37.22974475972733,40.8653566272128
2005-10-19,15.61,22.75,10.43,5.52,6.32,37.22974475972733,40.8653566272128
2005-10-20,11.96,19.07,5.89,0.05,15.75,37.22974475972733,40.8653566272128
2005-10-21,12.36,20.86,6.1,0.01,16.97,37.22974475972733,40.8653566272128
2005-10-22,12.86,22.0,5.42,0.22,16.87,37.22974475972733,40.8653566272128
2005-10-23,14.81,24.23,6.8,0.0,16.96,37.22974475972733,40.8653566272128
2005-10-24,14.22,25.51,6.48,0.0,16.75,37.22974475972733,40.8653566272128
2005-10-25,15.47,26.42,7.32,0.0,16.64,37.22974475972733,40.8653566272128
2005-10-26,15.85,26.76,8.13,0.0,16.11,37.22974475972733,40.8653566272128
2005-10-27,15.84,27.26,8.35,0.0,16.01,37.22974475972733,40.8653566272128
2005-10-28,15.37,24.94,9.26,0.0,15.03,37.22974475972733,40.8653566272128
2005-10-29,14.39,23.76,7.06,0.29,10.41,37.22974475972733,40.8653566272128
2005-10-30,15.18,23.6,9.18,2.55,8.95,37.22974475972733,40.8653566272128
2005-10-31,14.71,22.26,8.69,0.05,10.22,37.22974475972733,40.8653566272128
2005-11-01,10.79,19.67,4.58,0.0,15.44,37.22974475972733,40.8653566272128
2005-11-02,10.74,19.53,4.26,0.06,13.17,37.22974475972733,40.8653566272128
2005-11-03,12.75,18.72,7.56,0.01,10.91,37.22974475972733,40.8653566272128
2005-11-04,14.03,21.09,8.02,5.41,12.77,37.22974475972733,40.8653566272128
2005-11-05,10.4,15.96,5.91,7.3,7.67,37.22974475972733,40.8653566272128
2005-11-06,9.89,16.63,4.16,0.0,11.31,37.22974475972733,40.8653566272128
2005-11-07,10.6,16.92,5.1,0.16,5.86,37.22974475972733,40.8653566272128
2005-11-08,12.69,21.49,6.48,0.0,13.02,37.22974475972733,40.8653566272128
2005-11-09,11.97,20.17,6.57,0.0,13.39,37.22974475972733,40.8653566272128
2005-11-10,11.38,21.04,5.19,0.0,13.86,37.22974475972733,40.8653566272128
2005-11-11,9.98,19.82,3.78,0.0,13.64,37.22974475972733,40.8653566272128
2005-11-12,10.39,19.78,4.62,0.0,13.37,37.22974475972733,40.8653566272128
2005-11-13,10.39,18.23,2.66,0.0,12.78,37.22974475972733,40.8653566272128
2005-11-14,9.94,19.2,3.14,0.0,12.33,37.22974475972733,40.8653566272128
2005-11-15,9.76,18.12,3.32,0.0,11.13,37.22974475972733,40.8653566272128
2005-11-16,10.51,18.36,4.09,0.0,11.73,37.22974475972733,40.8653566272128
2005-11-17,9.65,18.78,2.59,0.0,11.86,37.22974475972733,40.8653566272128
2005-11-18,9.59,16.1,2.8,0.32,7.97,37.22974475972733,40.8653566272128
2005-11-19,9.7,15.83,5.28,0.34,5.35,37.22974475972733,40.8653566272128
2005-11-20,8.98,13.73,4.65,0.19,4.88,37.22974475972733,40.8653566272128
2005-11-21,9.55,15.63,7.14,6.02,1.68,37.22974475972733,40.8653566272128
2005-11-22,7.62,13.12,2.63,0.74,7.97,37.22974475972733,40.8653566272128
2005-11-23,5.51,12.69,0.21,0.0,10.07,37.22974475972733,40.8653566272128
2005-11-24,7.53,18.82,1.34,0.0,12.39,37.22974475972733,40.8653566272128
2005-11-25,8.74,18.53,1.44,0.0,9.92,37.22974475972733,40.8653566272128
2005-11-26,10.12,18.76,4.47,0.0,9.52,37.22974475972733,40.8653566272128
2005-11-27,12.56,22.82,6.71,0.0,9.22,37.22974475972733,40.8653566272128
2005-11-28,14.96,23.57,9.52,0.0,9.5,37.22974475972733,40.8653566272128
2005-11-29,12.32,19.35,7.41,0.03,5.47,37.22974475972733,40.8653566272128
2005-11-30,12.9,21.81,7.26,0.0,9.19,37.22974475972733,40.8653566272128
2005-12-01,12.74,22.0,6.87,0.03,10.3,37.22974475972733,40.8653566272128
2005-12-02,14.03,22.8,7.28,0.0,9.38,37.22974475972733,40.8653566272128
2005-12-03,13.13,20.32,8.06,0.02,3.88,37.22974475972733,40.8653566272128
2005-12-04,13.22,21.77,8.1,0.0,9.56,37.22974475972733,40.8653566272128
2005-12-05,12.71,18.96,7.49,0.0,9.13,37.22974475972733,40.8653566272128
2005-12-06,12.17,21.72,5.84,0.0,10.22,37.22974475972733,40.8653566272128
2005-12-07,12.8,22.02,6.55,0.0,10.59,37.22974475972733,40.8653566272128
2005-12-08,12.65,22.58,6.52,0.0,10.08,37.22974475972733,40.8653566272128
2005-12-09,12.98,22.87,6.57,0.0,9.69,37.22974475972733,40.8653566272128
2005-12-10,12.47,20.75,6.64,0.0,8.63,37.22974475972733,40.8653566272128
2005-12-11,13.75,23.68,8.01,0.0,10.28,37.22974475972733,40.8653566272128
2005-12-12,12.07,22.02,7.48,0.0,10.38,37.22974475972733,40.8653566272128
2005-12-13,11.31,20.62,6.37,0.0,10.44,37.22974475972733,40.8653566272128
2005-12-14,11.1,20.25,6.36,0.0,10.11,37.22974475972733,40.8653566272128
2005-12-15,10.27,16.9,5.68,4.42,4.58,37.22974475972733,40.8653566272128
2005-12-16,9.65,14.08,7.12,1.48,5.29,37.22974475972733,40.8653566272128
2005-12-17,9.16,14.52,5.67,0.36,3.7,37.22974475972733,40.8653566272128
2005-12-18,10.02,15.45,7.28,0.25,6.67,37.22974475972733,40.8653566272128
2005-12-19,9.58,15.26,4.84,0.25,4.02,37.22974475972733,40.8653566272128
2005-12-20,9.81,15.98,4.31,0.4,5.21,37.22974475972733,40.8653566272128
2005-12-21,9.27,13.46,5.53,1.3,5.06,37.22974475972733,40.8653566272128
2005-12-22,8.03,13.56,3.76,0.41,6.57,37.22974475972733,40.8653566272128
2005-12-23,6.32,8.42,3.99,5.65,2.0,37.22974475972733,40.8653566272128
2005-12-24,4.67,8.01,2.78,7.78,3.34,37.22974475972733,40.8653566272128
2005-12-25,3.87,6.96,1.82,7.06,2.12,37.22974475972733,40.8653566272128
2005-12-26,1.41,8.29,-3.06,0.17,10.64,37.22974475972733,40.8653566272128
2005-12-27,0.58,8.43,-3.4,0.0,8.23,37.22974475972733,40.8653566272128
2005-12-28,-0.04,9.74,-5.33,0.0,10.84,37.22974475972733,40.8653566272128
2005-12-29,2.1,11.35,-3.49,0.0,9.96,37.22974475972733,40.8653566272128
2005-12-30,3.09,13.35,-2.13,0.0,10.58,37.22974475972733,40.8653566272128
2005-12-31,1.78,7.67,-3.01,0.0,6.4,37.22974475972733,40.8653566272128
2006-01-01,4.58,12.71,-1.45,0.24,10.43,37.22974475972733,40.8653566272128
2006-01-02,3.44,6.4,0.71,0.87,2.89,37.22974475972733,40.8653566272128
2006-01-03,5.62,14.69,0.28,0.0,9.57,37.22974475972733,40.8653566272128
2006-01-04,6.45,15.26,1.65,0.0,8.79,37.22974475972733,40.8653566272128
2006-01-05,6.23,12.74,2.33,0.06,5.46,37.22974475972733,40.8653566272128
2006-01-06,8.28,14.58,4.82,0.67,2.16,37.22974475972733,40.8653566272128
2006-01-07,8.21,13.11,5.83,8.55,2.86,37.22974475972733,40.8653566272128
2006-01-08,6.61,10.82,4.78,4.45,2.25,37.22974475972733,40.8653566272128
2006-01-09,7.13,12.61,3.2,0.95,6.37,37.22974475972733,40.8653566272128
2006-01-10,4.19,7.37,2.57,5.7,3.67,37.22974475972733,40.8653566272128
2006-01-11,4.32,7.0,1.73,4.36,5.9,37.22974475972733,40.8653566272128
2006-01-12,4.49,11.16,-0.71,0.19,5.86,37.22974475972733,40.8653566272128
2006-01-13,4.4,9.93,0.47,0.46,5.84,37.22974475972733,40.8653566272128
2006-01-14,3.53,11.73,-1.34,0.0,10.98,37.22974475972733,40.8653566272128
2006-01-15,2.1,10.75,-3.47,0.0,11.95,37.22974475972733,40.8653566272128
2006-01-16,1.59,10.66,-4.46,0.0,12.01,37.22974475972733,40.8653566272128
2006-01-17,1.41,9.68,-4.18,0.0,12.37,37.22974475972733,40.8653566272128
2006-01-18,1.16,7.13,-3.55,0.83,8.67,37.22974475972733,40.8653566272128
2006-01-19,1.51,6.88,-0.89,1.8,3.04,37.22974475972733,40.8653566272128
2006-01-20,2.78,6.98,0.16,11.13,1.38,37.22974475972733,40.8653566272128
2006-01-21,-1.87,2.04,-5.39,0.19,8.53,37.22974475972733,40.8653566272128
2006-01-22,-0.7,7.54,-5.98,0.0,9.34,37.22974475972733,40.8653566272128
2006-01-23,0.04,2.55,-1.99,5.38,3.71,37.22974475972733,40.8653566272128
2006-01-24,4.08,10.65,-0.77,1.22,4.68,37.22974475972733,40.8653566272128
2006-01-25,5.02,10.46,1.84,14.68,2.86,37.22974475972733,40.8653566272128
2006-01-26,4.99,9.61,2.14,1.03,5.24,37.22974475972733,40.8653566272128
2006-01-27,3.79,8.87,-1.75,0.93,4.7,37.22974475972733,40.8653566272128
2006-01-28,1.98,9.78,-2.55,0.0,7.97,37.22974475972733,40.8653566272128
2006-01-29,0.9,9.57,-4.22,0.0,11.96,37.22974475972733,40.8653566272128
2006-01-30,-0.49,8.25,-5.18,0.0,13.09,37.22974475972733,40.8653566272128
2006-01-31,0.44,7.93,-5.27,0.0,12.51,37.22974475972733,40.8653566272128
2006-02-01,2.74,9.61,-1.81,0.08,8.04,37.22974475972733,40.8653566272128
2006-02-02,1.92,3.76,0.96,4.9,2.08,37.22974475972733,40.8653566272128
2006-02-03,5.03,7.95,2.58,8.96,1.96,37.22974475972733,40.8653566272128
2006-02-04,5.28,14.18,-0.18,0.2,13.18,37.22974475972733,40.8653566272128
2006-02-05,4.6,10.11,-0.48,0.07,6.59,37.22974475972733,40.8653566272128
2006-02-06,6.5,11.74,2.13,0.47,5.73,37.22974475972733,40.8653566272128
2006-02-07,7.66,12.68,4.52,2.62,2.35,37.22974475972733,40.8653566272128
2006-02-08,8.83,16.16,4.37,4.55,8.67,37.22974475972733,40.8653566272128
2006-02-09,5.17,9.47,1.49,11.6,5.79,37.22974475972733,40.8653566272128
2006-02-10,6.15,11.42,2.97,0.02,6.31,37.22974475972733,40.8653566272128
2006-02-11,6.85,13.65,1.37,0.0,11.04,37.22974475972733,40.8653566272128
2006-02-12,6.91,13.69,0.71,0.06,11.09,37.22974475972733,40.8653566272128
2006-02-13,6.08,9.59,3.93,5.27,2.13,37.22974475972733,40.8653566272128
2006-02-14,5.51,9.59,3.24,4.49,6.05,37.22974475972733,40.8653566272128
2006-02-15,4.93,9.18,1.78,7.26,5.68,37.22974475972733,40.8653566272128
2006-02-16,1.28,7.0,-5.06,0.18,10.41,37.22974475972733,40.8653566272128
2006-02-17,-0.18,6.57,-5.54,0.01,15.32,37.22974475972733,40.8653566272128
2006-02-18,3.03,9.53,-1.25,0.0,15.66,37.22974475972733,40.8653566272128
2006-02-19,4.34,13.4,-1.89,0.0,16.34,37.22974475972733,40.8653566272128
2006-02-20,6.06,14.5,0.36,0.0,15.79,37.22974475972733,40.8653566272128
2006-02-21,6.72,14.07,0.75,0.03,10.88,37.22974475972733,40.8653566272128
2006-02-22,7.35,18.16,-1.05,0.0,17.38,37.22974475972733,40.8653566272128
2006-02-23,9.21,20.1,1.94,0.0,18.03,37.22974475972733,40.8653566272128
2006-02-24,9.78,19.68,0.31,0.0,18.01,37.22974475972733,40.8653566272128
2006-02-25,8.82,17.36,1.55,0.03,14.28,37.22974475972733,40.8653566272128
2006-02-26,10.05,17.68,4.8,0.0,13.01,37.22974475972733,40.8653566272128
2006-02-27,10.99,17.77,6.1,0.0,12.32,37.22974475972733,40.8653566272128
2006-02-28,12.05,19.49,3.73,0.0,15.47,37.22974475972733,40.8653566272128
2006-03-01,11.69,19.01,6.71,0.58,11.15,37.22974475972733,40.8653566272128
2006-03-02,10.9,18.77,4.75,0.0,17.04,37.22974475972733,40.8653566272128
2006-03-03,9.61,15.5,5.14,0.44,11.77,37.22974475972733,40.8653566272128
2006-03-04,10.03,18.41,3.75,0.57,19.51,37.22974475972733,40.8653566272128
2006-03-05,9.96,18.77,2.02,0.0,18.61,37.22974475972733,40.8653566272128
2006-03-06,12.01,21.19,5.14,0.0,19.24,37.22974475972733,40.8653566272128
2006-03-07,12.03,21.32,3.69,0.0,18.76,37.22974475972733,40.8653566272128
2006-03-08,12.3,15.45,8.94,1.03,4.88,37.22974475972733,40.8653566272128
2006-03-09,10.17,15.07,6.31,0.54,12.92,37.22974475972733,40.8653566272128
2006-03-10,8.55,13.4,5.21,0.57,10.41,37.22974475972733,40.8653566272128
2006-03-11,8.52,16.48,1.27,0.0,18.11,37.22974475972733,40.8653566272128
2006-03-12,9.04,17.06,1.54,0.0,17.75,37.22974475972733,40.8653566272128
2006-03-13,10.11,19.94,2.76,0.0,20.74,37.22974475972733,40.8653566272128
2006-03-14,12.45,22.29,4.96,0.0,19.64,37.22974475972733,40.8653566272128
2006-03-15,10.44,15.93,5.37,0.14,13.79,37.22974475972733,40.8653566272128
2006-03-16,9.46,18.36,2.85,0.1,18.95,37.22974475972733,40.8653566272128
2006-03-17,9.19,15.32,3.16,0.55,16.39,37.22974475972733,40.8653566272128
2006-03-18,9.75,16.28,3.29,0.52,13.45,37.22974475972733,40.8653566272128
2006-03-19,8.01,10.36,5.78,2.42,5.19,37.22974475972733,40.8653566272128
2006-03-20,8.81,15.7,2.58,0.04,22.95,37.22974475972733,40.8653566272128
2006-03-21,10.6,18.04,3.92,1.18,12.97,37.22974475972733,40.8653566272128
2006-03-22,11.2,19.69,5.33,0.26,18.66,37.22974475972733,40.8653566272128
2006-03-23,13.73,23.82,6.38,0.0,18.65,37.22974475972733,40.8653566272128
2006-03-24,15.92,25.29,8.05,0.0,18.73,37.22974475972733,40.8653566272128
2006-03-25,12.67,19.44,7.75,0.08,10.39,37.22974475972733,40.8653566272128
2006-03-26,11.83,17.04,7.02,0.61,14.74,37.22974475972733,40.8653566272128
2006-03-27,12.32,19.3,5.94,0.42,17.41,37.22974475972733,40.8653566272128
2006-03-28,14.3,21.58,8.03,0.0,18.87,37.22974475972733,40.8653566272128
2006-03-29,13.91,22.82,6.44,0.0,22.97,37.22974475972733,40.8653566272128
2006-03-30,14.18,24.01,5.94,0.0,22.71,37.22974475972733,40.8653566272128
2006-03-31,14.43,21.32,7.76,0.0,21.65,37.22974475972733,40.8653566272128
2006-04-01,15.73,24.92,9.15,0.15,16.82,37.22974475972733,40.8653566272128
2006-04-02,11.61,15.37,9.28,5.05,5.78,37.22974475972733,40.8653566272128
2006-04-03,11.8,16.28,9.04,4.81,6.99,37.22974475972733,40.8653566272128
2006-04-04,12.74,19.5,7.72,5.15,17.19,37.22974475972733,40.8653566272128
2006-04-05,12.4,18.96,8.2,6.77,11.75,37.22974475972733,40.8653566272128
2006-04-06,12.0,18.83,5.98,0.67,14.49,37.22974475972733,40.8653566272128
2006-04-07,14.26,24.06,6.45,0.0,18.57,37.22974475972733,40.8653566272128
2006-04-08,16.85,26.46,7.5,0.0,23.96,37.22974475972733,40.8653566272128
2006-04-09,17.94,26.49,10.41,0.0,19.98,37.22974475972733,40.8653566272128
2006-04-10,18.96,28.22,11.45,0.0,23.71,37.22974475972733,40.8653566272128
2006-04-11,15.99,19.33,11.81,0.16,8.4,37.22974475972733,40.8653566272128
2006-04-12,17.85,27.03,10.13,0.05,23.28,37.22974475972733,40.8653566272128
2006-04-13,19.0,28.43,11.43,0.12,23.84,37.22974475972733,40.8653566272128
2006-04-14,20.63,30.51,12.15,0.03,22.11,37.22974475972733,40.8653566272128
2006-04-15,21.57,30.39,14.03,0.23,11.78,37.22974475972733,40.8653566272128
2006-04-16,22.21,30.59,17.07,0.37,17.07,37.22974475972733,40.8653566272128
2006-04-17,21.43,30.89,13.98,3.11,18.01,37.22974475972733,40.8653566272128
2006-04-18,20.14,27.97,13.52,1.95,21.91,37.22974475972733,40.8653566272128
2006-04-19,19.95,28.24,11.81,0.15,22.98,37.22974475972733,40.8653566272128
2006-04-20,20.28,27.81,12.37,0.0,20.69,37.22974475972733,40.8653566272128
2006-04-21,21.32,30.12,15.91,0.13,19.39,37.22974475972733,40.8653566272128
2006-04-22,19.26,28.49,11.1,0.02,25.27,37.22974475972733,40.8653566272128
2006-04-23,18.81,25.27,13.09,0.62,6.95,37.22974475972733,40.8653566272128
2006-04-24,18.82,24.67,13.0,0.55,18.72,37.22974475972733,40.8653566272128
2006-04-25,15.08,20.09,10.7,4.08,11.44,37.22974475972733,40.8653566272128
2006-04-26,14.7,21.65,9.24,0.31,16.7,37.22974475972733,40.8653566272128
2006-04-27,13.72,22.85,4.85,0.04,28.91,37.22974475972733,40.8653566272128
2006-04-28,15.88,23.91,8.9,0.0,22.3,37.22974475972733,40.8653566272128
2006-04-29,17.61,26.21,10.55,0.34,21.48,37.22974475972733,40.8653566272128
2006-04-30,19.27,28.39,12.02,0.99,24.3,37.22974475972733,40.8653566272128
2006-05-01,18.96,27.55,11.43,0.0,25.71,37.22974475972733,40.8653566272128
2006-05-02,20.16,28.05,14.17,0.06,21.43,37.22974475972733,40.8653566272128
2006-05-03,20.5,30.03,12.74,2.53,18.06,37.22974475972733,40.8653566272128
2006-05-04,21.31,29.36,13.26,0.01,26.44,37.22974475972733,40.8653566272128
2006-05-05,22.07,29.62,14.91,2.67,17.29,37.22974475972733,40.8653566272128
2006-05-06,21.38,28.72,15.16,1.69,15.36,37.22974475972733,40.8653566272128
2006-05-07,19.8,27.35,13.83,0.58,17.47,37.22974475972733,40.8653566272128
2006-05-08,21.37,28.78,15.57,1.73,24.13,37.22974475972733,40.8653566272128
2006-05-09,20.53,28.53,13.99,0.0,25.72,37.22974475972733,40.8653566272128
2006-05-10,18.96,28.5,9.76,0.0,29.57,37.22974475972733,40.8653566272128
2006-05-11,20.49,30.13,11.09,0.0,29.42,37.22974475972733,40.8653566272128
2006-05-12,22.85,33.35,12.61,0.0,29.33,37.22974475972733,40.8653566272128
2006-05-13,23.64,32.66,14.88,0.0,28.92,37.22974475972733,40.8653566272128
2006-05-14,21.02,29.8,13.63,0.0,30.32,37.22974475972733,40.8653566272128
2006-05-15,21.75,31.28,12.79,0.0,29.1,37.22974475972733,40.8653566272128
2006-05-16,23.97,33.91,15.53,0.0,27.31,37.22974475972733,40.8653566272128
2006-05-17,21.23,29.46,14.19,0.0,29.28,37.22974475972733,40.8653566272128
2006-05-18,19.47,27.14,11.62,0.0,26.56,37.22974475972733,40.8653566272128
2006-05-19,21.57,30.82,12.76,0.0,29.6,37.22974475972733,40.8653566272128
2006-05-20,23.39,32.92,14.43,0.0,26.21,37.22974475972733,40.8653566272128
2006-05-21,24.78,34.28,15.96,0.0,29.74,37.22974475972733,40.8653566272128
2006-05-22,26.36,35.23,17.19,0.02,28.57,37.22974475972733,40.8653566272128
2006-05-23,26.55,35.4,18.19,0.04,29.2,37.22974475972733,40.8653566272128
2006-05-24,27.42,36.62,18.44,0.02,29.79,37.22974475972733,40.8653566272128
2006-05-25,27.53,36.61,18.51,0.0,30.42,37.22974475972733,40.8653566272128
2006-05-26,27.96,37.08,18.91,0.0,30.17,37.22974475972733,40.8653566272128
2006-05-27,28.17,36.85,19.35,0.0,28.18,37.22974475972733,40.8653566272128
2006-05-28,26.38,34.1,18.68,0.0,30.89,37.22974475972733,40.8653566272128
2006-05-29,26.61,35.85,18.14,0.0,31.77,37.22974475972733,40.8653566272128
2006-05-30,28.6,38.79,17.89,0.0,30.58,37.22974475972733,40.8653566272128
2006-05-31,31.1,41.36,21.22,0.0,30.49,37.22974475972733,40.8653566272128
2006-06-01,32.16,42.36,22.8,0.0,28.06,37.22974475972733,40.8653566272128
2006-06-02,34.42,44.06,25.24,0.0,27.8,37.22974475972733,40.8653566272128
2006-06-03,32.85,42.62,22.96,0.0,30.81,37.22974475972733,40.8653566272128
2006-06-04,33.1,42.71,23.51,0.0,30.35,37.22974475972733,40.8653566272128
2006-06-05,34.4,43.04,25.4,0.0,31.06,37.22974475972733,40.8653566272128
2006-06-06,34.43,43.75,24.63,0.0,26.61,37.22974475972733,40.8653566272128
2006-06-07,31.59,39.48,23.56,0.0,30.83,37.22974475972733,40.8653566272128
2006-06-08,26.8,35.28,17.52,0.0,31.34,37.22974475972733,40.8653566272128
2006-06-09,25.95,34.77,17.5,0.0,31.61,37.22974475972733,40.8653566272128
2006-06-10,26.13,34.78,17.96,0.0,30.45,37.22974475972733,40.8653566272128
2006-06-11,27.05,36.02,16.61,0.0,31.13,37.22974475972733,40.8653566272128
2006-06-12,27.19,37.31,15.97,0.0,32.44,37.22974475972733,40.8653566272128
2006-06-13,29.65,39.45,19.45,0.0,31.55,37.22974475972733,40.8653566272128
2006-06-14,28.79,37.51,18.75,0.0,30.89,37.22974475972733,40.8653566272128
2006-06-15,27.9,35.73,20.02,0.0,31.96,37.22974475972733,40.8653566272128
2006-06-16,27.41,36.8,17.6,0.0,31.73,37.22974475972733,40.8653566272128
2006-06-17,28.51,38.35,17.78,0.0,30.27,37.22974475972733,40.8653566272128
2006-06-18,29.98,39.32,19.79,0.0,30.14,37.22974475972733,40.8653566272128
2006-06-19,30.52,40.46,20.37,0.0,30.83,37.22974475972733,40.8653566272128
2006-06-20,31.21,41.1,20.55,0.0,30.46,37.22974475972733,40.8653566272128
2006-06-21,32.09,41.72,20.89,0.0,30.25,37.22974475972733,40.8653566272128
2006-06-22,33.55,42.51,25.24,0.0,27.86,37.22974475972733,40.8653566272128
2006-06-23,30.44,39.22,23.41,0.0,29.58,37.22974475972733,40.8653566272128
2006-06-24,30.8,39.34,22.53,0.01,29.38,37.22974475972733,40.8653566272128
2006-06-25,31.35,40.31,22.06,0.0,28.92,37.22974475972733,40.8653566272128
2006-06-26,31.67,40.81,22.12,0.0,29.28,37.22974475972733,40.8653566272128
2006-06-27,31.34,40.23,21.84,0.0,29.1,37.22974475972733,40.8653566272128
2006-06-28,30.79,38.77,21.97,0.0,28.56,37.22974475972733,40.8653566272128
2006-06-29,30.27,37.09,21.87,0.0,28.67,37.22974475972733,40.8653566272128
2006-06-30,29.28,35.93,21.27,0.0,28.39,37.22974475972733,40.8653566272128
2006-07-01,31.76,40.1,21.5,0.15,25.24,37.22974475972733,40.8653566272128
2006-07-02,32.79,39.96,25.27,0.0,25.79,37.22974475972733,40.8653566272128
2006-07-03,31.97,40.18,23.1,0.44,25.05,37.22974475972733,40.8653566272128
2006-07-04,30.14,37.54,21.8,0.01,26.8,37.22974475972733,40.8653566272128
2006-07-05,28.57,36.49,21.44,0.0,30.11,37.22974475972733,40.8653566272128
2006-07-06,28.63,36.92,19.99,0.0,29.89,37.22974475972733,40.8653566272128
2006-07-07,28.54,36.23,20.46,0.0,29.88,37.22974475972733,40.8653566272128
2006-07-08,28.42,35.77,20.53,0.0,29.39,37.22974475972733,40.8653566272128
2006-07-09,29.47,38.1,21.06,0.0,31.35,37.22974475972733,40.8653566272128
2006-07-10,31.44,40.67,21.59,0.0,30.63,37.22974475972733,40.8653566272128
2006-07-11,33.22,43.02,23.85,0.0,30.45,37.22974475972733,40.8653566272128
2006-07-12,33.44,43.07,23.84,0.0,29.87,37.22974475972733,40.8653566272128
2006-07-13,33.87,43.08,24.33,0.0,29.95,37.22974475972733,40.8653566272128
2006-07-14,31.95,40.05,24.02,0.0,28.63,37.22974475972733,40.8653566272128
2006-07-15,30.01,37.73,21.89,0.0,26.83,37.22974475972733,40.8653566272128
2006-07-16,32.3,40.95,23.83,0.0,26.81,37.22974475972733,40.8653566272128
2006-07-17,32.64,41.27,23.3,0.0,26.44,37.22974475972733,40.8653566272128
2006-07-18,34.22,43.81,24.06,0.0,29.09,37.22974475972733,40.8653566272128
2006-07-19,33.97,43.14,25.48,0.0,28.43,37.22974475972733,40.8653566272128
2006-07-20,33.01,42.15,24.57,0.0,28.25,37.22974475972733,40.8653566272128
2006-07-21,31.17,40.17,22.42,0.0,28.22,37.22974475972733,40.8653566272128
2006-07-22,30.55,38.95,23.16,0.0,28.09,37.22974475972733,40.8653566272128
2006-07-23,30.66,38.79,22.77,0.0,28.48,37.22974475972733,40.8653566272128
2006-07-24,32.11,40.78,23.0,0.0,28.2,37.22974475972733,40.8653566272128
2006-07-25,32.75,41.72,23.84,0.0,28.47,37.22974475972733,40.8653566272128
2006-07-26,32.92,41.92,23.85,0.0,28.6,37.22974475972733,40.8653566272128
2006-07-27,31.49,40.16,22.87,0.0,28.56,37.22974475972733,40.8653566272128
2006-07-28,32.53,41.29,23.14,0.0,27.77,37.22974475972733,40.8653566272128
2006-07-29,31.52,39.24,23.14,0.14,22.99,37.22974475972733,40.8653566272128
2006-07-30,31.66,39.83,24.14,0.0,26.06,37.22974475972733,40.8653566272128
2006-07-31,32.14,40.78,23.58,0.0,27.37,37.22974475972733,40.8653566272128
2006-08-01,30.47,38.78,22.82,0.0,27.02,37.22974475972733,40.8653566272128
2006-08-02,30.29,38.98,22.41,0.0,27.12,37.22974475972733,40.8653566272128
2006-08-03,32.51,42.32,22.45,0.0,27.59,37.22974475972733,40.8653566272128
2006-08-04,34.05,43.71,24.46,0.0,28.04,37.22974475972733,40.8653566272128
2006-08-05,35.75,45.46,25.86,0.0,27.07,37.22974475972733,40.8653566272128
2006-08-06,35.61,45.46,25.25,0.0,27.86,37.22974475972733,40.8653566272128
2006-08-07,35.74,45.74,25.32,0.0,26.8,37.22974475972733,40.8653566272128
2006-08-08,34.37,43.21,25.96,0.0,26.05,37.22974475972733,40.8653566272128
2006-08-09,30.9,39.1,22.17,0.0,26.77,37.22974475972733,40.8653566272128
2006-08-10,32.2,42.01,23.01,0.0,27.11,37.22974475972733,40.8653566272128
2006-08-11,33.68,44.37,22.65,0.0,26.14,37.22974475972733,40.8653566272128
2006-08-12,35.84,46.45,25.95,0.0,26.79,37.22974475972733,40.8653566272128
2006-08-13,35.04,45.05,25.75,0.0,26.45,37.22974475972733,40.8653566272128
2006-08-14,33.46,42.96,23.95,0.0,26.61,37.22974475972733,40.8653566272128
2006-08-15,34.28,44.44,23.94,0.0,27.11,37.22974475972733,40.8653566272128
2006-08-16,35.36,45.79,24.8,0.0,24.75,37.22974475972733,40.8653566272128
2006-08-17,34.46,43.61,26.88,0.0,20.7,37.22974475972733,40.8653566272128
2006-08-18,34.73,44.19,26.83,0.0,24.95,37.22974475972733,40.8653566272128
2006-08-19,33.98,41.92,26.03,0.0,21.23,37.22974475972733,40.8653566272128
2006-08-20,33.93,42.59,25.53,0.0,22.45,37.22974475972733,40.8653566272128
2006-08-21,33.54,41.39,26.01,0.0,21.42,37.22974475972733,40.8653566272128
2006-08-22,32.78,40.79,24.96,0.0,19.8,37.22974475972733,40.8653566272128
2006-08-23,33.97,42.23,25.7,0.0,20.64,37.22974475972733,40.8653566272128
2006-08-24,33.23,42.44,24.74,0.0,23.71,37.22974475972733,40.8653566272128
2006-08-25,33.93,43.32,23.54,0.0,20.24,37.22974475972733,40.8653566272128
2006-08-26,34.92,43.89,28.05,0.0,21.79,37.22974475972733,40.8653566272128
2006-08-27,34.23,43.34,26.69,0.0,21.32,37.22974475972733,40.8653566272128
2006-08-28,30.56,38.26,23.72,0.0,25.06,37.22974475972733,40.8653566272128
2006-08-29,31.31,39.93,23.14,0.0,23.41,37.22974475972733,40.8653566272128
2006-08-30,29.23,38.77,20.51,0.0,24.92,37.22974475972733,40.8653566272128
2006-08-31,30.77,41.46,21.85,0.0,24.96,37.22974475972733,40.8653566272128
2006-09-01,30.15,38.82,23.12,0.0,23.8,37.22974475972733,40.8653566272128
2006-09-02,30.26,40.25,20.96,0.0,23.85,37.22974475972733,40.8653566272128
2006-09-03,28.48,36.86,20.7,0.0,24.27,37.22974475972733,40.8653566272128
2006-09-04,28.56,38.4,18.95,0.0,25.01,37.22974475972733,40.8653566272128
2006-09-05,29.61,38.56,22.01,0.0,23.9,37.22974475972733,40.8653566272128
2006-09-06,28.98,38.51,20.03,0.0,23.42,37.22974475972733,40.8653566272128
2006-09-07,28.86,37.74,21.32,0.0,23.12,37.22974475972733,40.8653566272128
2006-09-08,28.44,38.25,19.46,0.0,23.06,37.22974475972733,40.8653566272128
2006-09-09,28.44,37.75,20.63,0.0,23.47,37.22974475972733,40.8653566272128
2006-09-10,30.14,40.28,20.91,0.0,23.39,37.22974475972733,40.8653566272128
2006-09-11,30.91,41.12,22.15,0.0,22.67,37.22974475972733,40.8653566272128
2006-09-12,28.53,35.94,22.1,0.0,21.95,37.22974475972733,40.8653566272128
2006-09-13,27.51,36.65,20.44,0.0,23.49,37.22974475972733,40.8653566272128
2006-09-14,27.01,36.74,18.88,0.0,22.69,37.22974475972733,40.8653566272128
2006-09-15,25.39,34.04,17.9,0.0,23.11,37.22974475972733,40.8653566272128
2006-09-16,24.66,33.33,17.02,0.0,23.27,37.22974475972733,40.8653566272128
2006-09-17,24.0,32.89,17.64,0.0,22.86,37.22974475972733,40.8653566272128
2006-09-18,24.2,33.51,15.88,0.0,22.48,37.22974475972733,40.8653566272128
2006-09-19,24.94,34.99,16.4,0.0,22.44,37.22974475972733,40.8653566272128
2006-09-20,26.07,35.65,17.33,0.0,20.91,37.22974475972733,40.8653566272128
2006-09-21,24.95,32.29,19.3,0.0,20.49,37.22974475972733,40.8653566272128
2006-09-22,23.91,31.39,17.42,0.0,19.42,37.22974475972733,40.8653566272128
2006-09-23,25.41,32.44,19.93,0.03,15.89,37.22974475972733,40.8653566272128
2006-09-24,25.03,33.66,17.63,0.0,18.42,37.22974475972733,40.8653566272128
2006-09-25,23.79,31.73,16.97,0.0,18.57,37.22974475972733,40.8653566272128
2006-09-26,21.91,28.34,17.29,0.01,19.03,37.22974475972733,40.8653566272128
2006-09-27,22.98,32.02,15.28,0.0,19.04,37.22974475972733,40.8653566272128
2006-09-28,24.52,33.96,16.65,0.0,20.14,37.22974475972733,40.8653566272128
2006-09-29,25.51,32.71,19.1,0.43,15.9,37.22974475972733,40.8653566272128
2006-09-30,26.47,35.62,19.17,0.0,14.66,37.22974475972733,40.8653566272128
2006-10-01,25.08,33.35,19.11,0.04,14.92,37.22974475972733,40.8653566272128
2006-10-02,25.75,34.31,18.28,0.03,16.28,37.22974475972733,40.8653566272128
2006-10-03,25.45,33.83,18.87,0.01,17.19,37.22974475972733,40.8653566272128
2006-10-04,23.03,29.03,17.98,5.64,12.61,37.22974475972733,40.8653566272128
2006-10-05,24.05,32.42,17.07,0.0,18.84,37.22974475972733,40.8653566272128
2006-10-06,24.1,33.4,14.84,0.0,19.6,37.22974475972733,40.8653566272128
2006-10-07,23.2,33.56,15.18,0.0,19.51,37.22974475972733,40.8653566272128
2006-10-08,23.72,33.63,15.32,0.0,19.24,37.22974475972733,40.8653566272128
2006-10-09,23.32,32.08,15.63,0.0,17.48,37.22974475972733,40.8653566272128
2006-10-10,22.24,30.51,15.6,0.0,17.32,37.22974475972733,40.8653566272128
2006-10-11,22.85,31.56,15.69,0.0,15.51,37.22974475972733,40.8653566272128
2006-10-12,22.89,31.02,18.07,0.23,14.02,37.22974475972733,40.8653566272128
2006-10-13,22.04,30.76,15.4,0.76,15.86,37.22974475972733,40.8653566272128
2006-10-14,22.86,30.26,16.07,0.0,13.33,37.22974475972733,40.8653566272128
2006-10-15,21.24,27.15,15.9,1.26,12.1,37.22974475972733,40.8653566272128
2006-10-16,18.25,23.87,12.89,4.73,11.3,37.22974475972733,40.8653566272128
2006-10-17,18.81,24.85,12.52,0.98,11.49,37.22974475972733,40.8653566272128
2006-10-18,19.65,28.06,12.49,0.1,15.17,37.22974475972733,40.8653566272128
2006-10-19,22.55,30.6,16.22,0.23,13.08,37.22974475972733,40.8653566272128
2006-10-20,20.06,27.48,14.16,0.9,9.93,37.22974475972733,40.8653566272128
2006-10-21,17.05,24.33,12.82,0.01,15.52,37.22974475972733,40.8653566272128
2006-10-22,18.18,26.45,11.22,0.0,15.55,37.22974475972733,40.8653566272128
2006-10-23,18.26,25.85,12.23,0.0,13.78,37.22974475972733,40.8653566272128
2006-10-24,19.16,27.25,12.27,0.0,14.65,37.22974475972733,40.8653566272128
2006-10-25,16.36,22.91,13.82,5.5,6.92,37.22974475972733,40.8653566272128
2006-10-26,15.98,18.76,14.1,2.11,9.69,37.22974475972733,40.8653566272128
2006-10-27,15.45,20.55,11.85,7.63,7.71,37.22974475972733,40.8653566272128
2006-10-28,15.43,20.68,12.85,8.36,4.17,37.22974475972733,40.8653566272128
2006-10-29,15.24,21.12,11.93,30.19,6.89,37.22974475972733,40.8653566272128
2006-10-30,13.5,19.83,8.28,0.98,8.35,37.22974475972733,40.8653566272128
2006-10-31,16.6,23.84,10.86,1.59,8.27,37.22974475972733,40.8653566272128
2006-11-01,17.63,22.85,14.66,8.0,6.6,37.22974475972733,40.8653566272128
2006-11-02,15.06,18.28,12.26,3.36,7.52,37.22974475972733,40.8653566272128
2006-11-03,14.97,19.97,11.42,0.29,7.98,37.22974475972733,40.8653566272128
2006-11-04,15.61,20.94,11.41,0.13,7.27,37.22974475972733,40.8653566272128
2006-11-05,12.1,15.66,5.84,1.41,3.01,37.22974475972733,40.8653566272128
2006-11-06,7.65,13.94,3.26,0.1,11.69,37.22974475972733,40.8653566272128
2006-11-07,6.73,14.11,1.34,0.0,13.47,37.22974475972733,40.8653566272128
2006-11-08,7.25,14.95,1.66,0.0,14.33,37.22974475972733,40.8653566272128
2006-11-09,8.72,18.42,2.14,0.0,14.13,37.22974475972733,40.8653566272128
2006-11-10,9.46,18.56,2.6,0.0,13.88,37.22974475972733,40.8653566272128
2006-11-11,8.85,16.51,1.62,0.0,13.32,37.22974475972733,40.8653566272128
2006-11-12,9.55,17.99,2.13,0.0,12.77,37.22974475972733,40.8653566272128
2006-11-13,10.1,19.27,3.76,0.0,10.97,37.22974475972733,40.8653566272128
2006-11-14,10.66,17.22,5.13,4.7,6.42,37.22974475972733,40.8653566272128
2006-11-15,9.85,16.6,4.61,3.53,12.9,37.22974475972733,40.8653566272128
2006-11-16,8.01,17.4,2.56,0.0,13.15,37.22974475972733,40.8653566272128
2006-11-17,9.61,19.07,3.33,0.0,12.85,37.22974475972733,40.8653566272128
2006-11-18,10.28,19.12,5.48,0.0,11.92,37.22974475972733,40.8653566272128
2006-11-19,6.97,12.24,2.89,0.0,13.05,37.22974475972733,40.8653566272128
2006-11-20,7.5,15.77,0.49,0.0,12.78,37.22974475972733,40.8653566272128
2006-11-21,7.18,14.48,-0.64,0.0,11.79,37.22974475972733,40.8653566272128
2006-11-22,7.52,15.24,2.17,0.0,11.98,37.22974475972733,40.8653566272128
2006-11-23,7.42,16.14,0.47,0.0,11.08,37.22974475972733,40.8653566272128
2006-11-24,8.25,18.52,2.12,0.0,11.5,37.22974475972733,40.8653566272128
2006-11-25,9.05,18.27,2.74,0.0,11.05,37.22974475972733,40.8653566272128
2006-11-26,9.39,19.74,3.45,0.0,11.63,37.22974475972733,40.8653566272128
2006-11-27,9.25,19.32,3.79,0.0,11.57,37.22974475972733,40.8653566272128
2006-11-28,9.94,19.19,4.18,0.0,11.26,37.22974475972733,40.8653566272128
2006-11-29,8.87,17.79,4.48,0.0,11.13,37.22974475972733,40.8653566272128
2006-11-30,8.77,16.92,3.22,0.0,11.44,37.22974475972733,40.8653566272128
2006-12-01,7.25,16.66,2.6,0.0,11.16,37.22974475972733,40.8653566272128
2006-12-02,7.42,14.22,3.07,0.0,10.5,37.22974475972733,40.8653566272128
2006-12-03,7.31,15.42,1.5,0.0,11.4,37.22974475972733,40.8653566272128
2006-12-04,5.27,12.25,-1.33,0.0,9.75,37.22974475972733,40.8653566272128
2006-12-05,4.9,13.64,0.24,0.0,10.68,37.22974475972733,40.8653566272128
2006-12-06,5.06,12.7,-1.05,0.0,9.04,37.22974475972733,40.8653566272128
2006-12-07,5.36,13.97,0.47,0.0,9.38,37.22974475972733,40.8653566272128
2006-12-08,5.91,15.24,-0.7,0.0,10.39,37.22974475972733,40.8653566272128
2006-12-09,5.99,14.91,-0.17,0.0,10.24,37.22974475972733,40.8653566272128
2006-12-10,6.66,15.88,1.38,0.0,10.45,37.22974475972733,40.8653566272128
2006-12-11,6.94,16.56,1.95,0.0,10.03,37.22974475972733,40.8653566272128
2006-12-12,6.72,15.29,0.43,0.0,10.18,37.22974475972733,40.8653566272128
2006-12-13,6.0,13.81,0.96,0.0,9.62,37.22974475972733,40.8653566272128
2006-12-14,5.15,14.22,-0.46,0.0,9.63,37.22974475972733,40.8653566272128
2006-12-15,5.12,11.63,0.26,0.0,8.75,37.22974475972733,40.8653566272128
2006-12-16,5.63,14.45,0.41,0.0,10.26,37.22974475972733,40.8653566272128
2006-12-17,6.42,17.21,0.89,0.0,10.81,37.22974475972733,40.8653566272128
2006-12-18,6.34,16.58,1.46,0.0,10.2,37.22974475972733,40.8653566272128
2006-12-19,7.49,16.17,0.27,0.0,9.93,37.22974475972733,40.8653566272128
2006-12-20,6.18,14.85,-0.81,0.0,10.22,37.22974475972733,40.8653566272128
2006-12-21,5.9,13.56,-0.45,0.0,9.29,37.22974475972733,40.8653566272128
2006-12-22,5.49,12.67,0.77,0.02,6.68,37.22974475972733,40.8653566272128
2006-12-23,4.8,11.45,0.7,0.34,9.45,37.22974475972733,40.8653566272128
2006-12-24,2.96,10.64,-1.86,0.0,10.55,37.22974475972733,40.8653566272128
2006-12-25,3.43,11.9,-2.97,0.0,10.67,37.22974475972733,40.8653566272128
2006-12-26,2.03,5.35,-1.15,6.58,1.05,37.22974475972733,40.8653566272128
2006-12-27,1.4,4.95,-1.69,2.79,2.75,37.22974475972733,40.8653566272128
2006-12-28,0.37,6.15,-3.14,1.08,2.8,37.22974475972733,40.8653566272128
2006-12-29,-1.3,5.71,-5.01,0.0,6.11,37.22974475972733,40.8653566272128
2006-12-30,-1.34,6.5,-5.64,0.0,7.69,37.22974475972733,40.8653566272128
2006-12-31,-0.29,8.61,-4.47,0.0,9.12,37.22974475972733,40.8653566272128
2007-01-01,0.03,9.66,-4.16,0.0,10.64,37.22974475972733,40.8653566272128
2007-01-02,0.07,8.85,-4.22,0.0,9.37,37.22974475972733,40.8653566272128
2007-01-03,2.26,9.59,-2.73,0.0,6.43,37.22974475972733,40.8653566272128
2007-01-04,2.58,8.89,-1.63,0.0,5.83,37.22974475972733,40.8653566272128
2007-01-05,1.93,6.18,-0.19,11.04,1.8,37.22974475972733,40.8653566272128
2007-01-06,0.72,5.49,-3.81,0.43,4.46,37.22974475972733,40.8653566272128
2007-01-07,1.19,8.4,-4.23,0.23,7.21,37.22974475972733,40.8653566272128
2007-01-08,0.98,8.75,-3.42,0.26,8.75,37.22974475972733,40.8653566272128
2007-01-09,0.93,9.53,-3.74,0.0,6.2,37.22974475972733,40.8653566272128
2007-01-10,1.68,10.57,-3.11,0.0,7.8,37.22974475972733,40.8653566272128
2007-01-11,2.38,11.09,-2.58,0.0,8.12,37.22974475972733,40.8653566272128
2007-01-12,2.88,10.64,-1.62,0.12,6.03,37.22974475972733,40.8653566272128
2007-01-13,2.83,11.47,-2.65,0.0,7.88,37.22974475972733,40.8653566272128
2007-01-14,2.86,10.49,-2.87,0.0,9.9,37.22974475972733,40.8653566272128
2007-01-15,3.69,11.8,-2.76,0.0,10.94,37.22974475972733,40.8653566272128
2007-01-16,3.6,9.55,-0.58,0.0,11.27,37.22974475972733,40.8653566272128
2007-01-17,2.97,11.85,-1.57,0.0,12.37,37.22974475972733,40.8653566272128
2007-01-18,3.69,12.63,-2.99,0.0,11.99,37.22974475972733,40.8653566272128
2007-01-19,3.37,10.46,-1.48,0.0,8.32,37.22974475972733,40.8653566272128
2007-01-20,3.59,8.06,-0.77,0.08,5.35,37.22974475972733,40.8653566272128
2007-01-21,5.56,11.95,0.5,0.04,6.85,37.22974475972733,40.8653566272128
2007-01-22,4.53,14.79,-1.04,0.0,12.05,37.22974475972733,40.8653566272128
2007-01-23,7.19,17.45,-0.52,0.0,12.36,37.22974475972733,40.8653566272128
2007-01-24,8.35,18.41,0.38,0.0,11.42,37.22974475972733,40.8653566272128
2007-01-25,8.09,17.93,0.87,0.0,11.89,37.22974475972733,40.8653566272128
2007-01-26,8.12,17.91,0.39,0.0,10.37,37.22974475972733,40.8653566272128
2007-01-27,6.61,16.6,0.12,0.0,10.16,37.22974475972733,40.8653566272128
2007-01-28,5.23,8.96,1.75,0.9,5.41,37.22974475972733,40.8653566272128
2007-01-29,4.0,10.29,-3.14,2.35,12.06,37.22974475972733,40.8653566272128
2007-01-30,1.68,7.94,-4.41,2.8,3.92,37.22974475972733,40.8653566272128
2007-01-31,1.17,7.8,-3.93,0.58,10.85,37.22974475972733,40.8653566272128
2007-02-01,0.81,8.12,-4.53,0.0,11.35,37.22974475972733,40.8653566272128
2007-02-02,1.3,8.36,-3.74,0.03,5.66,37.22974475972733,40.8653566272128
2007-02-03,2.44,5.56,0.09,3.59,3.98,37.22974475972733,40.8653566272128
2007-02-04,5.51,12.31,1.64,1.14,10.01,37.22974475972733,40.8653566272128
2007-02-05,5.98,9.46,2.53,1.14,4.53,37.22974475972733,40.8653566272128
2007-02-06,5.18,7.01,3.96,6.84,2.84,37.22974475972733,40.8653566272128
2007-02-07,4.85,10.83,0.69,0.74,11.27,37.22974475972733,40.8653566272128
2007-02-08,5.3,15.3,-1.77,0.0,14.07,37.22974475972733,40.8653566272128
2007-02-09,4.71,12.63,0.06,0.0,9.44,37.22974475972733,40.8653566272128
2007-02-10,6.22,15.23,1.36,0.0,12.72,37.22974475972733,40.8653566272128
2007-02-11,7.14,16.22,-0.61,0.0,15.15,37.22974475972733,40.8653566272128
2007-02-12,7.56,16.19,0.12,0.0,15.11,37.22974475972733,40.8653566272128
2007-02-13,5.12,10.31,2.09,7.68,1.68,37.22974475972733,40.8653566272128
2007-02-14,6.65,14.56,0.55,0.0,12.23,37.22974475972733,40.8653566272128
2007-02-15,8.13,14.83,3.97,3.47,3.62,37.22974475972733,40.8653566272128
2007-02-16,7.48,12.14,3.67,3.44,6.3,37.22974475972733,40.8653566272128
2007-02-17,8.1,15.65,0.48,0.02,13.03,37.22974475972733,40.8653566272128
2007-02-18,7.99,14.88,0.97,0.09,13.02,37.22974475972733,40.8653566272128
2007-02-19,7.04,16.34,0.43,0.0,15.94,37.22974475972733,40.8653566272128
2007-02-20,7.79,16.15,-0.27,0.0,16.77,37.22974475972733,40.8653566272128
2007-02-21,8.83,16.72,3.56,0.0,11.23,37.22974475972733,40.8653566272128
2007-02-22,9.38,18.38,3.86,0.06,13.14,37.22974475972733,40.8653566272128
2007-02-23,9.63,17.99,3.12,0.01,11.78,37.22974475972733,40.8653566272128
2007-02-24,9.57,17.45,5.08,0.03,8.41,37.22974475972733,40.8653566272128
2007-02-25,8.18,17.04,2.46,0.0,14.96,37.22974475972733,40.8653566272128
2007-02-26,7.03,16.28,-0.94,0.0,13.91,37.22974475972733,40.8653566272128
2007-02-27,7.98,16.35,0.81,0.0,18.08,37.22974475972733,40.8653566272128
2007-02-28,8.09,15.61,1.26,0.74,9.96,37.22974475972733,40.8653566272128
2007-03-01,10.12,18.39,4.53,0.24,12.39,37.22974475972733,40.8653566272128
2007-03-02,10.1,18.68,4.43,0.0,16.26,37.22974475972733,40.8653566272128
2007-03-03,9.14,15.63,3.52,0.01,10.11,37.22974475972733,40.8653566272128
2007-03-04,10.77,16.14,6.7,2.29,7.31,37.22974475972733,40.8653566272128
2007-03-05,10.36,15.48,6.65,4.64,7.25,37.22974475972733,40.8653566272128
2007-03-06,10.33,17.01,5.12,1.51,8.32,37.22974475972733,40.8653566272128
2007-03-07,9.71,19.08,1.57,0.0,19.87,37.22974475972733,40.8653566272128
2007-03-08,10.56,19.17,2.34,0.0,18.59,37.22974475972733,40.8653566272128
2007-03-09,10.34,19.96,2.88,0.0,19.64,37.22974475972733,40.8653566272128
2007-03-10,10.47,21.03,2.79,0.0,20.73,37.22974475972733,40.8653566272128
2007-03-11,11.99,20.73,3.4,0.0,18.51,37.22974475972733,40.8653566272128
2007-03-12,12.14,22.05,3.78,0.0,19.58,37.22974475972733,40.8653566272128
2007-03-13,12.11,19.55,7.02,1.87,12.49,37.22974475972733,40.8653566272128
2007-03-14,11.11,17.53,6.89,1.65,15.57,37.22974475972733,40.8653566272128
2007-03-15,8.3,14.6,1.91,2.37,11.08,37.22974475972733,40.8653566272128
2007-03-16,6.67,13.42,1.02,1.27,11.79,37.22974475972733,40.8653566272128
2007-03-17,6.8,14.54,1.55,0.03,20.83,37.22974475972733,40.8653566272128
2007-03-18,7.57,16.49,-0.64,0.0,20.96,37.22974475972733,40.8653566272128
2007-03-19,8.65,15.92,2.08,0.17,14.01,37.22974475972733,40.8653566272128
2007-03-20,10.58,17.31,5.16,1.64,13.3,37.22974475972733,40.8653566272128
2007-03-21,11.21,20.14,3.42,0.04,16.31,37.22974475972733,40.8653566272128
2007-03-22,12.51,21.75,4.9,0.0,18.93,37.22974475972733,40.8653566272128
2007-03-23,13.71,21.15,5.99,0.0,12.0,37.22974475972733,40.8653566272128
2007-03-24,13.28,17.65,9.4,5.18,5.87,37.22974475972733,40.8653566272128
2007-03-25,11.34,19.27,5.6,0.37,19.66,37.22974475972733,40.8653566272128
2007-03-26,11.15,19.54,3.37,0.16,19.02,37.22974475972733,40.8653566272128
2007-03-27,11.38,19.57,5.47,0.0,20.57,37.22974475972733,40.8653566272128
2007-03-28,11.68,19.98,3.45,0.0,21.81,37.22974475972733,40.8653566272128
2007-03-29,10.76,17.88,5.23,0.25,16.72,37.22974475972733,40.8653566272128
2007-03-30,10.9,19.75,4.26,0.0,22.65,37.22974475972733,40.8653566272128
2007-03-31,13.3,21.95,6.32,0.01,20.89,37.22974475972733,40.8653566272128
2007-04-01,11.0,14.51,8.47,3.02,3.69,37.22974475972733,40.8653566272128
2007-04-02,11.78,18.2,7.55,4.99,12.34,37.22974475972733,40.8653566272128
2007-04-03,9.95,14.92,6.08,7.04,11.44,37.22974475972733,40.8653566272128
2007-04-04,10.29,17.17,4.0,0.03,18.62,37.22974475972733,40.8653566272128
2007-04-05,11.19,20.41,1.84,0.0,21.81,37.22974475972733,40.8653566272128
2007-04-06,14.5,23.89,8.8,0.0,17.61,37.22974475972733,40.8653566272128
2007-04-07,15.09,22.3,9.27,2.9,15.09,37.22974475972733,40.8653566272128
2007-04-08,15.19,23.42,9.56,1.16,14.56,37.22974475972733,40.8653566272128
2007-04-09,14.0,22.52,6.59,0.06,14.59,37.22974475972733,40.8653566272128
2007-04-10,12.9,20.37,6.34,3.24,15.19,37.22974475972733,40.8653566272128
2007-04-11,13.31,20.46,6.52,1.19,19.87,37.22974475972733,40.8653566272128
2007-04-12,13.26,20.11,7.0,1.88,14.69,37.22974475972733,40.8653566272128
2007-04-13,13.34,21.05,6.36,0.27,18.24,37.22974475972733,40.8653566272128
2007-04-14,13.53,20.89,7.89,0.06,21.07,37.22974475972733,40.8653566272128
2007-04-15,10.98,19.01,5.9,1.77,22.34,37.22974475972733,40.8653566272128
2007-04-16,10.95,18.33,5.15,0.43,21.52,37.22974475972733,40.8653566272128
2007-04-17,12.79,21.0,2.97,1.83,18.32,37.22974475972733,40.8653566272128
2007-04-18,14.57,22.28,8.65,2.57,17.18,37.22974475972733,40.8653566272128
2007-04-19,9.44,14.1,5.26,7.53,11.9,37.22974475972733,40.8653566272128
2007-04-20,9.21,17.62,2.69,0.84,12.03,37.22974475972733,40.8653566272128
2007-04-21,10.22,20.81,1.27,0.0,25.16,37.22974475972733,40.8653566272128
2007-04-22,14.12,24.7,4.99,0.0,26.24,37.22974475972733,40.8653566272128
2007-04-23,10.41,15.11,7.14,11.19,9.31,37.22974475972733,40.8653566272128
2007-04-24,12.08,20.71,5.44,1.56,24.17,37.22974475972733,40.8653566272128
2007-04-25,12.95,22.28,2.23,0.0,28.93,37.22974475972733,40.8653566272128
2007-04-26,15.72,24.85,5.45,0.0,22.53,37.22974475972733,40.8653566272128
2007-04-27,16.6,24.73,11.27,0.0,10.48,37.22974475972733,40.8653566272128
2007-04-28,18.26,26.61,8.57,0.0,26.79,37.22974475972733,40.8653566272128
2007-04-29,18.2,25.8,10.79,2.56,13.72,37.22974475972733,40.8653566272128
2007-04-30,15.49,21.36,9.27,1.3,24.01,37.22974475972733,40.8653566272128
2007-05-01,17.04,25.7,7.36,0.0,25.84,37.22974475972733,40.8653566272128
2007-05-02,18.31,28.75,9.41,0.0,19.69,37.22974475972733,40.8653566272128
2007-05-03,20.02,28.67,11.66,0.06,18.24,37.22974475972733,40.8653566272128
2007-05-04,20.76,28.95,14.31,0.66,19.81,37.22974475972733,40.8653566272128
2007-05-05,23.24,33.07,14.27,0.17,24.45,37.22974475972733,40.8653566272128
2007-05-06,24.46,34.43,16.04,0.0,27.39,37.22974475972733,40.8653566272128
2007-05-07,25.29,36.02,16.43,0.0,28.35,37.22974475972733,40.8653566272128
2007-05-08,26.25,36.65,16.82,0.0,25.8,37.22974475972733,40.8653566272128
2007-05-09,25.0,31.61,19.63,0.0,11.98,37.22974475972733,40.8653566272128
2007-05-10,22.25,28.88,17.69,0.44,17.96,37.22974475972733,40.8653566272128
2007-05-11,21.85,29.69,16.47,0.18,17.03,37.22974475972733,40.8653566272128
2007-05-12,24.47,32.19,19.07,1.87,11.76,37.22974475972733,40.8653566272128
2007-05-13,22.21,28.57,17.12,3.09,16.64,37.22974475972733,40.8653566272128
2007-05-14,21.58,26.73,16.93,1.26,17.57,37.22974475972733,40.8653566272128
2007-05-15,22.38,30.6,15.42,0.0,24.62,37.22974475972733,40.8653566272128
2007-05-16,22.42,28.74,15.46,1.37,26.91,37.22974475972733,40.8653566272128
2007-05-17,23.12,31.22,16.41,0.01,25.19,37.22974475972733,40.8653566272128
2007-05-18,22.69,28.23,16.59,0.04,19.92,37.22974475972733,40.8653566272128
2007-05-19,21.93,27.77,16.52,0.01,18.12,37.22974475972733,40.8653566272128
2007-05-20,24.74,33.46,16.1,0.0,26.9,37.22974475972733,40.8653566272128
2007-05-21,26.24,35.92,17.27,0.0,28.46,37.22974475972733,40.8653566272128
2007-05-22,27.74,37.7,17.56,0.0,29.83,37.22974475972733,40.8653566272128
2007-05-23,28.63,37.71,21.4,0.0,17.71,37.22974475972733,40.8653566272128
2007-05-24,28.63,38.42,19.13,0.0,24.85,37.22974475972733,40.8653566272128
2007-05-25,30.78,39.05,23.26,0.0,20.04,37.22974475972733,40.8653566272128
2007-05-26,28.74,37.76,22.45,0.55,17.31,37.22974475972733,40.8653566272128
2007-05-27,28.37,38.37,22.0,0.12,8.89,37.22974475972733,40.8653566272128
2007-05-28,26.83,35.03,18.49,0.08,27.99,37.22974475972733,40.8653566272128
2007-05-29,24.65,31.66,16.3,0.0,24.0,37.22974475972733,40.8653566272128
2007-05-30,27.25,35.78,19.11,0.0,24.7,37.22974475972733,40.8653566272128
2007-05-31,28.0,35.98,19.92,0.02,21.28,37.22974475972733,40.8653566272128
2007-06-01,27.93,36.77,19.89,0.65,25.2,37.22974475972733,40.8653566272128
2007-06-02,28.18,36.58,20.21,0.66,20.31,37.22974475972733,40.8653566272128
2007-06-03,27.17,36.08,18.47,0.0,29.74,37.22974475972733,40.8653566272128
2007-06-04,28.03,37.33,18.52,0.0,28.4,37.22974475972733,40.8653566272128
2007-06-05,28.81,38.02,20.23,0.0,30.26,37.22974475972733,40.8653566272128
2007-06-06,29.1,38.86,19.05,0.0,31.38,37.22974475972733,40.8653566272128
2007-06-07,29.26,37.78,21.56,0.01,28.54,37.22974475972733,40.8653566272128
2007-06-08,25.82,33.14,18.1,0.0,29.1,37.22974475972733,40.8653566272128
2007-06-09,25.75,33.24,17.14,0.0,29.03,37.22974475972733,40.8653566272128
2007-06-10,26.02,34.7,17.25,0.02,28.38,37.22974475972733,40.8653566272128
2007-06-11,28.16,36.6,20.02,0.12,25.95,37.22974475972733,40.8653566272128
2007-06-12,26.4,34.25,18.41,0.01,28.99,37.22974475972733,40.8653566272128
2007-06-13,28.12,37.53,19.02,0.0,30.6,37.22974475972733,40.8653566272128
2007-06-14,29.68,39.32,19.2,0.0,31.3,37.22974475972733,40.8653566272128
2007-06-15,31.28,41.14,20.24,0.0,30.68,37.22974475972733,40.8653566272128
2007-06-16,32.46,41.84,21.25,0.0,30.46,37.22974475972733,40.8653566272128
2007-06-17,31.66,41.18,20.65,0.82,27.37,37.22974475972733,40.8653566272128
2007-06-18,31.71,40.96,21.32,0.02,25.91,37.22974475972733,40.8653566272128
2007-06-19,31.28,39.53,23.73,1.91,21.26,37.22974475972733,40.8653566272128
2007-06-20,29.26,37.1,21.63,0.0,30.57,37.22974475972733,40.8653566272128
2007-06-21,29.53,37.31,21.18,0.0,30.34,37.22974475972733,40.8653566272128
2007-06-22,29.21,37.37,21.77,0.0,31.08,37.22974475972733,40.8653566272128
2007-06-23,29.97,39.88,20.02,0.0,30.96,37.22974475972733,40.8653566272128
2007-06-24,32.45,41.17,22.83,0.0,32.1,37.22974475972733,40.8653566272128
2007-06-25,32.33,39.73,25.31,0.0,31.06,37.22974475972733,40.8653566272128
2007-06-26,30.45,39.25,21.29,0.0,31.75,37.22974475972733,40.8653566272128
2007-06-27,31.99,41.56,22.44,0.0,30.33,37.22974475972733,40.8653566272128
2007-06-28,32.77,42.02,23.22,0.0,30.59,37.22974475972733,40.8653566272128
2007-06-29,33.83,42.57,24.55,0.0,30.42,37.22974475972733,40.8653566272128
2007-06-30,32.67,41.66,23.48,0.0,28.56,37.22974475972733,40.8653566272128
2007-07-01,31.04,39.27,21.97,0.0,29.65,37.22974475972733,40.8653566272128
2007-07-02,30.64,39.47,21.3,0.0,30.56,37.22974475972733,40.8653566272128
2007-07-03,30.43,39.53,20.47,0.0,29.42,37.22974475972733,40.8653566272128
2007-07-04,32.36,41.35,22.56,0.0,29.47,37.22974475972733,40.8653566272128
2007-07-05,32.63,41.36,23.11,0.0,27.87,37.22974475972733,40.8653566272128
2007-07-06,33.85,42.5,24.92,0.0,27.42,37.22974475972733,40.8653566272128
2007-07-07,33.65,42.42,24.6,0.0,26.96,37.22974475972733,40.8653566272128
2007-07-08,33.47,42.46,24.96,0.0,29.08,37.22974475972733,40.8653566272128
2007-07-09,34.37,42.88,25.85,0.0,28.77,37.22974475972733,40.8653566272128
2007-07-10,33.37,42.53,24.87,0.0,30.3,37.22974475972733,40.8653566272128
2007-07-11,33.27,42.75,23.35,0.0,30.12,37.22974475972733,40.8653566272128
2007-07-12,33.35,43.39,23.79,0.0,30.72,37.22974475972733,40.8653566272128
2007-07-13,32.64,42.42,22.61,0.0,29.17,37.22974475972733,40.8653566272128
2007-07-14,31.16,39.43,22.61,0.0,28.1,37.22974475972733,40.8653566272128
2007-07-15,32.51,40.61,22.94,0.0,26.45,37.22974475972733,40.8653566272128
2007-07-16,30.31,37.59,24.0,0.03,22.46,37.22974475972733,40.8653566272128
2007-07-17,28.16,36.19,21.86,0.0,21.72,37.22974475972733,40.8653566272128
2007-07-18,30.44,38.05,23.84,0.0,26.38,37.22974475972733,40.8653566272128
2007-07-19,31.31,39.03,23.98,0.0,27.86,37.22974475972733,40.8653566272128
2007-07-20,32.74,41.37,23.97,0.0,25.81,37.22974475972733,40.8653566272128
2007-07-21,33.83,41.92,24.97,0.0,26.09,37.22974475972733,40.8653566272128
2007-07-22,34.07,42.6,25.26,0.0,28.29,37.22974475972733,40.8653566272128
2007-07-23,35.57,43.61,27.32,0.0,28.35,37.22974475972733,40.8653566272128
2007-07-24,35.71,44.38,27.18,0.0,27.63,37.22974475972733,40.8653566272128
2007-07-25,35.31,43.9,26.95,0.0,26.96,37.22974475972733,40.8653566272128
2007-07-26,36.03,44.47,27.61,0.02,23.98,37.22974475972733,40.8653566272128
2007-07-27,35.81,44.58,26.82,0.0,26.81,37.22974475972733,40.8653566272128
2007-07-28,35.84,44.15,28.16,0.0,29.55,37.22974475972733,40.8653566272128
2007-07-29,35.5,43.48,25.86,0.0,29.1,37.22974475972733,40.8653566272128
2007-07-30,35.3,43.86,25.31,0.0,28.46,37.22974475972733,40.8653566272128
2007-07-31,36.05,44.42,25.92,0.0,25.0,37.22974475972733,40.8653566272128
2007-08-01,36.63,45.77,28.16,0.0,25.5,37.22974475972733,40.8653566272128
2007-08-02,35.78,44.8,27.33,0.01,24.61,37.22974475972733,40.8653566272128
2007-08-03,35.26,44.06,25.48,0.0,24.58,37.22974475972733,40.8653566272128
2007-08-04,33.95,41.91,26.74,0.0,25.75,37.22974475972733,40.8653566272128
2007-08-05,32.64,41.43,24.04,0.0,27.21,37.22974475972733,40.8653566272128
2007-08-06,32.93,41.43,25.64,0.0,26.33,37.22974475972733,40.8653566272128
2007-08-07,31.38,39.04,23.73,0.0,26.84,37.22974475972733,40.8653566272128
2007-08-08,30.99,39.43,22.7,0.0,26.67,37.22974475972733,40.8653566272128
2007-08-09,32.11,41.96,22.25,0.0,27.11,37.22974475972733,40.8653566272128
2007-08-10,33.17,43.03,23.11,0.0,27.15,37.22974475972733,40.8653566272128
2007-08-11,34.33,43.74,24.49,0.0,27.22,37.22974475972733,40.8653566272128
2007-08-12,34.32,43.26,26.76,0.0,26.52,37.22974475972733,40.8653566272128
2007-08-13,32.39,40.99,24.47,0.0,25.68,37.22974475972733,40.8653566272128
2007-08-14,30.81,39.94,22.24,0.0,26.23,37.22974475972733,40.8653566272128
2007-08-15,31.25,39.96,23.8,0.0,25.71,37.22974475972733,40.8653566272128
2007-08-16,33.19,41.7,24.55,0.0,24.51,37.22974475972733,40.8653566272128
2007-08-17,33.53,41.21,26.55,0.03,23.24,37.22974475972733,40.8653566272128
2007-08-18,31.38,39.08,24.52,0.0,26.09,37.22974475972733,40.8653566272128
2007-08-19,30.96,38.94,22.02,0.0,25.44,37.22974475972733,40.8653566272128
2007-08-20,30.64,38.72,23.4,1.36,21.43,37.22974475972733,40.8653566272128
2007-08-21,31.11,38.83,22.43,0.0,24.55,37.22974475972733,40.8653566272128
2007-08-22,32.34,40.98,24.67,0.0,25.05,37.22974475972733,40.8653566272128
2007-08-23,32.05,40.85,24.21,0.13,24.78,37.22974475972733,40.8653566272128
2007-08-24,31.27,39.51,22.65,0.0,23.75,37.22974475972733,40.8653566272128
2007-08-25,32.64,41.32,24.93,0.0,23.46,37.22974475972733,40.8653566272128
2007-08-26,32.44,41.13,25.69,0.0,17.53,37.22974475972733,40.8653566272128
2007-08-27,29.55,37.22,22.07,0.0,24.06,37.22974475972733,40.8653566272128
2007-08-28,29.86,38.03,22.28,0.0,23.79,37.22974475972733,40.8653566272128
2007-08-29,30.3,38.94,21.82,0.0,24.09,37.22974475972733,40.8653566272128
2007-08-30,30.81,40.19,21.54,0.0,24.41,37.22974475972733,40.8653566272128
2007-08-31,31.76,40.64,24.35,0.0,24.58,37.22974475972733,40.8653566272128
2007-09-01,32.53,42.43,24.68,0.0,24.59,37.22974475972733,40.8653566272128
2007-09-02,32.8,42.73,23.78,0.0,23.43,37.22974475972733,40.8653566272128
2007-09-03,33.15,41.98,25.39,0.0,22.13,37.22974475972733,40.8653566272128
2007-09-04,32.82,42.12,24.3,0.0,23.19,37.22974475972733,40.8653566272128
2007-09-05,33.2,41.87,24.9,0.0,23.55,37.22974475972733,40.8653566272128
2007-09-06,31.08,39.95,24.37,0.0,23.69,37.22974475972733,40.8653566272128
2007-09-07,31.23,41.54,21.51,0.0,23.82,37.22974475972733,40.8653566272128
2007-09-08,29.83,38.68,21.69,0.0,22.88,37.22974475972733,40.8653566272128
2007-09-09,26.2,33.94,18.62,0.0,23.53,37.22974475972733,40.8653566272128
2007-09-10,25.4,33.08,19.26,0.0,23.84,37.22974475972733,40.8653566272128
2007-09-11,26.64,36.17,17.35,0.0,23.15,37.22974475972733,40.8653566272128
2007-09-12,28.73,37.57,20.68,0.0,22.37,37.22974475972733,40.8653566272128
2007-09-13,27.31,35.36,20.31,0.0,22.55,37.22974475972733,40.8653566272128
2007-09-14,26.16,35.56,18.48,0.0,22.81,37.22974475972733,40.8653566272128
2007-09-15,26.69,36.73,18.42,0.0,22.26,37.22974475972733,40.8653566272128
2007-09-16,26.78,36.36,17.39,0.0,21.61,37.22974475972733,40.8653566272128
2007-09-17,26.94,35.91,20.55,0.0,22.36,37.22974475972733,40.8653566272128
2007-09-18,26.54,37.54,18.36,0.0,22.98,37.22974475972733,40.8653566272128
2007-09-19,26.35,37.43,17.4,0.0,22.59,37.22974475972733,40.8653566272128
2007-09-20,25.46,35.87,16.58,0.0,22.03,37.22974475972733,40.8653566272128
2007-09-21,26.48,37.82,16.96,0.0,21.85,37.22974475972733,40.8653566272128
2007-09-22,27.75,37.74,19.48,0.0,21.21,37.22974475972733,40.8653566272128
2007-09-23,28.21,38.18,19.93,0.0,21.42,37.22974475972733,40.8653566272128
2007-09-24,26.4,34.88,19.64,0.0,20.17,37.22974475972733,40.8653566272128
2007-09-25,22.78,29.99,16.78,0.0,19.1,37.22974475972733,40.8653566272128
2007-09-26,24.55,33.8,16.89,0.0,20.58,37.22974475972733,40.8653566272128
2007-09-27,25.47,35.89,17.44,0.0,20.65,37.22974475972733,40.8653566272128
2007-09-28,26.58,37.38,17.82,0.0,20.53,37.22974475972733,40.8653566272128
2007-09-29,25.64,34.88,16.85,0.0,19.81,37.22974475972733,40.8653566272128
2007-09-30,26.35,34.85,18.54,0.0,18.8,37.22974475972733,40.8653566272128
2007-10-01,25.56,34.99,18.03,0.0,17.06,37.22974475972733,40.8653566272128
2007-10-02,25.93,34.72,17.71,0.0,17.94,37.22974475972733,40.8653566272128
2007-10-03,26.52,36.22,18.33,0.0,18.88,37.22974475972733,40.8653566272128
2007-10-04,26.62,36.08,18.27,0.0,18.23,37.22974475972733,40.8653566272128
2007-10-05,21.79,27.09,18.18,1.11,9.64,37.22974475972733,40.8653566272128
2007-10-06,22.53,30.8,16.17,0.07,17.03,37.22974475972733,40.8653566272128
2007-10-07,22.44,30.07,16.45,0.0,16.19,37.22974475972733,40.8653566272128
2007-10-08,22.92,31.79,15.91,0.0,17.17,37.22974475972733,40.8653566272128
2007-10-09,24.08,32.87,15.85,0.01,17.11,37.22974475972733,40.8653566272128
2007-10-10,25.07,32.56,19.19,0.01,11.57,37.22974475972733,40.8653566272128
2007-10-11,24.26,32.28,18.27,0.01,12.99,37.22974475972733,40.8653566272128
2007-10-12,24.25,33.12,17.69,0.0,15.03,37.22974475972733,40.8653566272128
2007-10-13,25.04,33.24,17.6,0.01,12.77,37.22974475972733,40.8653566272128
2007-10-14,24.53,31.09,18.77,0.01,10.64,37.22974475972733,40.8653566272128
2007-10-15,22.21,28.98,16.85,0.0,11.77,37.22974475972733,40.8653566272128
2007-10-16,20.72,27.55,14.46,0.01,14.69,37.22974475972733,40.8653566272128
2007-10-17,17.22,25.51,10.55,0.01,18.25,37.22974475972733,40.8653566272128
2007-10-18,18.27,26.77,10.88,0.0,15.89,37.22974475972733,40.8653566272128
2007-10-19,19.02,28.26,10.19,0.07,13.99,37.22974475972733,40.8653566272128
2007-10-20,19.84,26.63,15.28,1.0,13.26,37.22974475972733,40.8653566272128
2007-10-21,21.17,28.84,15.63,0.01,14.83,37.22974475972733,40.8653566272128
2007-10-22,21.25,29.57,15.28,0.0,15.24,37.22974475972733,40.8653566272128
2007-10-23,21.71,29.85,15.72,0.0,15.21,37.22974475972733,40.8653566272128
2007-10-24,23.32,31.81,16.07,0.0,13.59,37.22974475972733,40.8653566272128
2007-10-25,22.97,30.84,16.63,0.0,13.48,37.22974475972733,40.8653566272128
2007-10-26,22.65,30.88,17.17,0.0,12.74,37.22974475972733,40.8653566272128
2007-10-27,19.55,28.47,13.04,0.0,15.09,37.22974475972733,40.8653566272128
2007-10-28,19.33,27.73,13.88,0.0,14.76,37.22974475972733,40.8653566272128
2007-10-29,17.64,26.17,11.5,0.0,13.76,37.22974475972733,40.8653566272128
2007-10-30,17.63,25.36,10.34,1.27,10.25,37.22974475972733,40.8653566272128
2007-10-31,17.21,24.61,12.18,0.51,13.02,37.22974475972733,40.8653566272128
2007-11-01,16.49,24.85,11.02,0.0,14.99,37.22974475972733,40.8653566272128
2007-11-02,17.34,26.89,11.14,0.0,14.69,37.22974475972733,40.8653566272128
2007-11-03,17.78,25.47,12.56,0.0,13.95,37.22974475972733,40.8653566272128
2007-11-04,15.15,22.94,9.43,0.0,15.17,37.22974475972733,40.8653566272128
2007-11-05,16.77,23.07,9.87,0.02,10.89,37.22974475972733,40.8653566272128
2007-11-06,17.7,24.75,11.93,0.06,6.58,37.22974475972733,40.8653566272128
2007-11-07,17.69,25.12,12.01,0.39,8.02,37.22974475972733,40.8653566272128
2007-11-08,14.79,21.3,10.5,0.04,8.4,37.22974475972733,40.8653566272128
2007-11-09,14.68,19.98,10.11,1.11,6.31,37.22974475972733,40.8653566272128
2007-11-10,13.52,19.83,7.3,0.0,10.09,37.22974475972733,40.8653566272128
2007-11-11,15.13,21.38,9.46,1.01,5.98,37.22974475972733,40.8653566272128
2007-11-12,11.09,17.66,5.06,0.08,13.9,37.22974475972733,40.8653566272128
2007-11-13,10.5,18.36,3.29,0.0,12.23,37.22974475972733,40.8653566272128
2007-11-14,12.58,20.45,5.37,0.0,11.43,37.22974475972733,40.8653566272128
2007-11-15,13.64,20.8,7.65,0.0,10.13,37.22974475972733,40.8653566272128
2007-11-16,14.4,22.3,8.87,0.0,10.78,37.22974475972733,40.8653566272128
2007-11-17,14.73,23.98,8.97,0.0,12.5,37.22974475972733,40.8653566272128
2007-11-18,13.53,22.69,7.42,0.0,11.89,37.22974475972733,40.8653566272128
2007-11-19,13.5,21.01,7.63,0.09,6.68,37.22974475972733,40.8653566272128
2007-11-20,14.16,18.57,11.72,0.65,4.37,37.22974475972733,40.8653566272128
2007-11-21,11.31,17.18,6.93,1.13,5.33,37.22974475972733,40.8653566272128
2007-11-22,9.18,11.41,6.71,3.95,5.15,37.22974475972733,40.8653566272128
2007-11-23,9.37,15.72,3.45,0.74,8.7,37.22974475972733,40.8653566272128
2007-11-24,6.53,14.93,1.25,0.0,12.25,37.22974475972733,40.8653566272128
2007-11-25,6.3,14.82,0.31,0.0,12.17,37.22974475972733,40.8653566272128
2007-11-26,7.03,16.39,0.98,0.0,11.96,37.22974475972733,40.8653566272128
2007-11-27,6.56,15.34,0.52,0.0,10.01,37.22974475972733,40.8653566272128
2007-11-28,8.19,14.99,1.37,0.79,3.2,37.22974475972733,40.8653566272128
2007-11-29,6.37,12.7,1.12,4.97,11.6,37.22974475972733,40.8653566272128
2007-11-30,4.71,14.21,-1.19,0.0,11.61,37.22974475972733,40.8653566272128
2007-12-01,8.53,15.84,4.28,0.05,7.59,37.22974475972733,40.8653566272128
2007-12-02,7.8,13.97,3.22,0.58,6.29,37.22974475972733,40.8653566272128
2007-12-03,6.98,14.74,1.45,0.0,11.44,37.22974475972733,40.8653566272128
2007-12-04,6.41,11.66,1.92,0.35,6.96,37.22974475972733,40.8653566272128
2007-12-05,7.44,12.38,4.86,1.02,2.92,37.22974475972733,40.8653566272128
2007-12-06,9.29,14.62,5.42,6.35,4.45,37.22974475972733,40.8653566272128
2007-12-07,8.6,12.96,6.11,1.7,5.09,37.22974475972733,40.8653566272128
2007-12-08,7.49,13.93,2.78,0.2,8.34,37.22974475972733,40.8653566272128
2007-12-09,7.19,14.97,2.03,0.01,9.6,37.22974475972733,40.8653566272128
2007-12-10,7.71,11.12,4.85,1.04,3.1,37.22974475972733,40.8653566272128
2007-12-11,7.11,11.24,5.15,1.37,4.04,37.22974475972733,40.8653566272128
2007-12-12,11.09,16.62,7.0,0.44,5.29,37.22974475972733,40.8653566272128
2007-12-13,9.85,17.47,4.69,0.05,8.95,37.22974475972733,40.8653566272128
2007-12-14,8.26,13.09,4.16,2.16,3.58,37.22974475972733,40.8653566272128
2007-12-15,8.4,14.43,4.45,0.22,6.55,37.22974475972733,40.8653566272128
2007-12-16,7.75,14.51,3.26,0.78,7.79,37.22974475972733,40.8653566272128
2007-12-17,6.23,11.84,2.09,2.64,8.71,37.22974475972733,40.8653566272128
2007-12-18,4.6,13.1,-1.15,0.0,9.81,37.22974475972733,40.8653566272128
2007-12-19,1.29,7.24,-2.71,0.04,9.41,37.22974475972733,40.8653566272128
2007-12-20,0.89,9.69,-3.74,0.0,10.72,37.22974475972733,40.8653566272128
2007-12-21,1.04,9.11,-4.03,0.0,10.51,37.22974475972733,40.8653566272128
2007-12-22,2.3,11.39,-2.75,0.0,10.63,37.22974475972733,40.8653566272128
2007-12-23,2.72,12.29,-2.85,0.0,10.72,37.22974475972733,40.8653566272128
2007-12-24,3.56,13.08,-2.46,0.0,10.59,37.22974475972733,40.8653566272128
2007-12-25,4.14,13.17,-1.98,0.0,10.58,37.22974475972733,40.8653566272128
2007-12-26,3.72,13.04,-2.06,0.0,10.06,37.22974475972733,40.8653566272128
2007-12-27,3.04,12.66,-2.78,0.0,10.29,37.22974475972733,40.8653566272128
2007-12-28,3.2,12.24,-1.66,0.0,10.34,37.22974475972733,40.8653566272128
2007-12-29,2.53,11.58,-2.7,0.0,10.58,37.22974475972733,40.8653566272128
2007-12-30,2.96,11.09,-2.47,0.0,10.05,37.22974475972733,40.8653566272128
2007-12-31,1.89,9.87,-3.32,0.0,10.19,37.22974475972733,40.8653566272128
2008-01-01,1.55,8.41,-3.05,0.0,7.3,37.22974475972733,40.8653566272128
2008-01-02,4.72,12.61,-1.65,0.0,9.48,37.22974475972733,40.8653566272128
2008-01-03,5.22,12.77,-1.67,0.0,8.65,37.22974475972733,40.8653566272128
2008-01-04,4.47,10.6,-0.42,5.37,4.55,37.22974475972733,40.8653566272128
2008-01-05,2.6,7.31,-1.6,3.02,8.21,37.22974475972733,40.8653566272128
2008-01-06,1.79,8.3,-3.0,0.0,11.19,37.22974475972733,40.8653566272128
2008-01-07,0.22,7.21,-4.65,0.0,11.29,37.22974475972733,40.8653566272128
2008-01-08,-0.94,5.16,-5.04,0.03,5.5,37.22974475972733,40.8653566272128
2008-01-09,-1.32,6.04,-5.28,0.0,10.29,37.22974475972733,40.8653566272128
2008-01-10,-1.16,5.27,-5.02,0.0,10.56,37.22974475972733,40.8653566272128
2008-01-11,-0.68,7.4,-4.8,0.0,10.98,37.22974475972733,40.8653566272128
2008-01-12,0.68,7.06,-3.48,0.0,11.53,37.22974475972733,40.8653566272128
2008-01-13,-0.59,7.07,-4.71,0.0,11.48,37.22974475972733,40.8653566272128
2008-01-14,-0.68,7.34,-5.04,0.0,11.88,37.22974475972733,40.8653566272128
2008-01-15,0.25,8.38,-4.87,0.0,12.23,37.22974475972733,40.8653566272128
2008-01-16,0.45,8.09,-5.43,0.0,10.41,37.22974475972733,40.8653566272128
2008-01-17,2.41,9.96,-3.34,0.0,12.09,37.22974475972733,40.8653566272128
2008-01-18,2.14,11.26,-3.05,0.0,11.83,37.22974475972733,40.8653566272128
2008-01-19,3.1,12.44,-2.31,0.0,12.35,37.22974475972733,40.8653566272128
2008-01-20,2.32,12.36,-3.08,0.0,12.41,37.22974475972733,40.8653566272128
2008-01-21,2.25,12.32,-3.07,0.0,12.59,37.22974475972733,40.8653566272128
2008-01-22,3.12,12.97,-3.01,0.0,12.24,37.22974475972733,40.8653566272128
2008-01-23,3.43,10.32,-2.12,1.32,5.33,37.22974475972733,40.8653566272128
2008-01-24,4.64,14.26,-3.07,0.0,12.44,37.22974475972733,40.8653566272128
2008-01-25,3.5,12.51,-1.96,0.0,12.22,37.22974475972733,40.8653566272128
2008-01-26,4.5,12.4,-1.79,0.0,9.93,37.22974475972733,40.8653566272128
2008-01-27,3.72,11.81,-1.93,0.0,12.6,37.22974475972733,40.8653566272128
2008-01-28,3.33,8.96,-2.04,3.29,2.82,37.22974475972733,40.8653566272128
2008-01-29,6.55,12.28,2.1,4.57,3.87,37.22974475972733,40.8653566272128
2008-01-30,4.45,9.2,0.03,1.18,4.59,37.22974475972733,40.8653566272128
2008-01-31,1.5,8.94,-3.23,10.86,7.71,37.22974475972733,40.8653566272128
2008-02-01,0.8,10.59,-4.65,0.0,12.74,37.22974475972733,40.8653566272128
2008-02-02,0.72,9.87,-5.09,0.0,13.42,37.22974475972733,40.8653566272128
2008-02-03,1.56,11.54,-4.7,0.0,13.83,37.22974475972733,40.8653566272128
2008-02-04,3.92,14.01,-2.72,0.0,13.46,37.22974475972733,40.8653566272128
2008-02-05,4.65,14.68,-2.08,0.0,13.65,37.22974475972733,40.8653566272128
2008-02-06,4.21,14.15,-1.87,0.0,14.06,37.22974475972733,40.8653566272128
2008-02-07,4.68,13.63,-0.69,0.04,13.87,37.22974475972733,40.8653566272128
2008-02-08,6.18,14.06,1.81,2.11,3.89,37.22974475972733,40.8653566272128
2008-02-09,6.74,15.66,0.91,0.85,11.39,37.22974475972733,40.8653566272128
2008-02-10,7.95,17.74,2.05,0.0,14.44,37.22974475972733,40.8653566272128
2008-02-11,8.28,17.72,1.27,1.09,9.68,37.22974475972733,40.8653566272128
2008-02-12,7.25,13.16,3.83,0.18,5.29,37.22974475972733,40.8653566272128
2008-02-13,6.4,13.98,0.28,0.11,11.19,37.22974475972733,40.8653566272128
2008-02-14,5.42,10.33,2.87,1.56,7.08,37.22974475972733,40.8653566272128
2008-02-15,3.41,9.82,-3.0,3.12,12.87,37.22974475972733,40.8653566272128
2008-02-16,2.44,10.25,-4.9,0.08,12.75,37.22974475972733,40.8653566272128
2008-02-17,5.99,10.86,1.67,0.88,6.21,37.22974475972733,40.8653566272128
2008-02-18,8.64,15.33,4.82,0.79,5.25,37.22974475972733,40.8653566272128
2008-02-19,2.73,5.8,-4.43,0.29,9.35,37.22974475972733,40.8653566272128
2008-02-20,0.91,8.22,-4.75,0.0,15.81,37.22974475972733,40.8653566272128
2008-02-21,1.91,11.15,-4.84,0.0,17.72,37.22974475972733,40.8653566272128
2008-02-22,4.58,15.21,-2.68,0.0,16.82,37.22974475972733,40.8653566272128
2008-02-23,6.72,16.7,-1.31,0.0,17.25,37.22974475972733,40.8653566272128
2008-02-24,6.56,12.99,1.15,0.13,7.47,37.22974475972733,40.8653566272128
2008-02-25,6.78,9.99,3.8,5.37,5.63,37.22974475972733,40.8653566272128
2008-02-26,8.66,13.99,4.73,2.74,6.23,37.22974475972733,40.8653566272128
2008-02-27,9.33,18.35,2.24,0.0,16.43,37.22974475972733,40.8653566272128
2008-02-28,9.8,19.34,1.7,0.0,17.94,37.22974475972733,40.8653566272128
2008-02-29,12.16,19.35,6.53,0.0,14.89,37.22974475972733,40.8653566272128
2008-03-01,11.26,19.41,5.99,0.0,14.33,37.22974475972733,40.8653566272128
2008-03-02,9.99,18.23,3.28,0.01,13.36,37.22974475972733,40.8653566272128
2008-03-03,7.76,11.78,4.35,2.51,5.88,37.22974475972733,40.8653566272128
2008-03-04,7.79,16.52,1.82,0.04,19.98,37.22974475972733,40.8653566272128
2008-03-05,11.0,21.49,2.03,0.0,19.72,37.22974475972733,40.8653566272128
2008-03-06,13.17,23.46,6.26,0.0,18.63,37.22974475972733,40.8653566272128
2008-03-07,14.38,24.54,6.18,0.0,18.97,37.22974475972733,40.8653566272128
2008-03-08,15.6,26.22,6.28,0.0,18.12,37.22974475972733,40.8653566272128
2008-03-09,15.05,23.95,9.69,0.0,13.55,37.22974475972733,40.8653566272128
2008-03-10,16.03,24.23,11.02,0.04,8.53,37.22974475972733,40.8653566272128
2008-03-11,15.38,24.47,7.6,0.01,15.58,37.22974475972733,40.8653566272128
2008-03-12,12.47,20.4,6.24,0.0,19.97,37.22974475972733,40.8653566272128
2008-03-13,11.1,17.36,6.92,0.29,8.51,37.22974475972733,40.8653566272128
2008-03-14,8.57,12.2,4.35,8.65,9.62,37.22974475972733,40.8653566272128
2008-03-15,8.01,15.24,2.76,1.16,17.57,37.22974475972733,40.8653566272128
2008-03-16,9.96,18.22,3.18,0.0,21.3,37.22974475972733,40.8653566272128
2008-03-17,10.42,20.14,1.3,0.0,21.66,37.22974475972733,40.8653566272128
2008-03-18,12.89,22.31,3.9,0.0,17.55,37.22974475972733,40.8653566272128
2008-03-19,14.97,23.79,7.82,0.0,18.73,37.22974475972733,40.8653566272128
2008-03-20,13.77,22.15,6.2,0.0,19.14,37.22974475972733,40.8653566272128
2008-03-21,15.21,23.18,7.17,0.09,6.98,37.22974475972733,40.8653566272128
2008-03-22,16.84,27.32,8.65,0.0,15.51,37.22974475972733,40.8653566272128
2008-03-23,20.21,30.08,12.84,0.0,16.87,37.22974475972733,40.8653566272128
2008-03-24,20.01,30.89,10.62,0.0,20.86,37.22974475972733,40.8653566272128
2008-03-25,18.51,28.34,11.28,0.0,18.55,37.22974475972733,40.8653566272128
2008-03-26,15.53,23.93,8.8,0.0,18.8,37.22974475972733,40.8653566272128
2008-03-27,15.04,24.99,6.37,0.0,23.72,37.22974475972733,40.8653566272128
2008-03-28,14.74,22.7,7.61,0.0,18.51,37.22974475972733,40.8653566272128
2008-03-29,16.82,26.11,8.81,0.0,18.96,37.22974475972733,40.8653566272128
2008-03-30,18.88,29.01,11.73,0.26,13.63,37.22974475972733,40.8653566272128
2008-03-31,15.36,22.76,9.02,0.28,21.29,37.22974475972733,40.8653566272128
2008-04-01,13.4,20.18,7.13,0.6,14.71,37.22974475972733,40.8653566272128
2008-04-02,11.15,19.75,3.51,0.02,21.94,37.22974475972733,40.8653566272128
2008-04-03,13.01,22.31,3.93,0.48,24.03,37.22974475972733,40.8653566272128
2008-04-04,14.46,22.39,7.37,0.44,18.0,37.22974475972733,40.8653566272128
2008-04-05,14.62,23.19,5.65,0.05,21.19,37.22974475972733,40.8653566272128
2008-04-06,16.9,24.34,8.86,0.0,18.29,37.22974475972733,40.8653566272128
2008-04-07,15.29,18.75,10.08,4.72,11.0,37.22974475972733,40.8653566272128
2008-04-08,14.54,23.94,6.45,0.0,23.24,37.22974475972733,40.8653566272128
2008-04-09,13.49,21.83,5.99,0.61,22.53,37.22974475972733,40.8653566272128
2008-04-10,14.93,22.9,6.16,0.27,14.61,37.22974475972733,40.8653566272128
2008-04-11,17.86,25.74,10.58,0.0,15.74,37.22974475972733,40.8653566272128
2008-04-12,18.88,27.67,11.07,0.0,17.87,37.22974475972733,40.8653566272128
2008-04-13,21.05,30.78,12.25,0.0,23.39,37.22974475972733,40.8653566272128
2008-04-14,25.23,35.4,15.53,0.0,22.61,37.22974475972733,40.8653566272128
2008-04-15,24.35,33.9,14.64,0.0,20.82,37.22974475972733,40.8653566272128
2008-04-16,22.79,31.95,15.2,0.0,16.78,37.22974475972733,40.8653566272128
2008-04-17,17.65,25.66,10.04,0.0,27.28,37.22974475972733,40.8653566272128
2008-04-18,17.65,26.98,9.4,0.0,21.99,37.22974475972733,40.8653566272128
2008-04-19,19.75,27.87,12.22,0.01,22.71,37.22974475972733,40.8653566272128
2008-04-20,19.2,28.43,11.55,0.0,24.87,37.22974475972733,40.8653566272128
2008-04-21,22.54,32.47,12.44,0.0,25.5,37.22974475972733,40.8653566272128
2008-04-22,24.71,35.66,12.68,0.0,26.79,37.22974475972733,40.8653566272128
2008-04-23,27.09,37.41,18.96,0.0,24.95,37.22974475972733,40.8653566272128
2008-04-24,27.73,37.14,19.41,0.0,25.17,37.22974475972733,40.8653566272128
2008-04-25,27.11,37.73,18.1,0.0,23.72,37.22974475972733,40.8653566272128
2008-04-26,27.74,37.56,20.74,0.0,19.05,37.22974475972733,40.8653566272128
2008-04-27,24.73,30.6,18.17,0.0,14.64,37.22974475972733,40.8653566272128
2008-04-28,23.53,31.96,16.51,0.0,25.47,37.22974475972733,40.8653566272128
2008-04-29,21.31,28.99,14.33,3.6,10.91,37.22974475972733,40.8653566272128
2008-04-30,19.37,26.71,11.84,0.41,27.77,37.22974475972733,40.8653566272128
2008-05-01,18.37,26.64,10.31,0.0,28.33,37.22974475972733,40.8653566272128
2008-05-02,19.98,29.12,10.2,0.04,23.6,37.22974475972733,40.8653566272128
2008-05-03,20.03,28.86,10.68,1.27,17.68,37.22974475972733,40.8653566272128
2008-05-04,20.83,28.76,10.79,0.04,26.68,37.22974475972733,40.8653566272128
2008-05-05,21.84,29.6,12.66,0.0,27.37,37.22974475972733,40.8653566272128
2008-05-06,18.81,26.36,10.53,0.29,23.11,37.22974475972733,40.8653566272128
2008-05-07,17.19,24.6,10.04,0.0,27.72,37.22974475972733,40.8653566272128
2008-05-08,15.09,20.03,12.39,0.83,16.78,37.22974475972733,40.8653566272128
2008-05-09,13.69,16.76,10.84,6.86,17.97,37.22974475972733,40.8653566272128
2008-05-10,16.37,24.11,9.47,0.41,21.94,37.22974475972733,40.8653566272128
2008-05-11,17.31,25.01,8.82,0.45,25.27,37.22974475972733,40.8653566272128
2008-05-12,19.18,27.06,9.22,0.01,22.39,37.22974475972733,40.8653566272128
2008-05-13,20.08,28.76,12.12,0.0,26.07,37.22974475972733,40.8653566272128
2008-05-14,20.91,29.24,11.52,0.0,30.25,37.22974475972733,40.8653566272128
2008-05-15,21.26,28.07,13.17,1.74,12.37,37.22974475972733,40.8653566272128
2008-05-16,21.01,28.56,14.03,0.0,24.77,37.22974475972733,40.8653566272128
2008-05-17,22.74,30.82,13.6,0.07,22.6,37.22974475972733,40.8653566272128
2008-05-18,22.5,30.81,14.6,0.79,20.01,37.22974475972733,40.8653566272128
2008-05-19,22.82,31.32,14.0,0.0,26.8,37.22974475972733,40.8653566272128
2008-05-20,24.28,33.93,15.02,0.0,29.28,37.22974475972733,40.8653566272128
2008-05-21,25.95,36.16,16.69,0.0,30.44,37.22974475972733,40.8653566272128
2008-05-22,27.63,37.81,17.6,0.0,29.78,37.22974475972733,40.8653566272128
2008-05-23,29.33,38.19,19.5,0.0,26.9,37.22974475972733,40.8653566272128
2008-05-24,28.81,37.26,20.03,0.0,26.97,37.22974475972733,40.8653566272128
2008-05-25,24.87,32.61,17.64,0.0,24.47,37.22974475972733,40.8653566272128
2008-05-26,23.4,31.07,14.93,0.32,25.11,37.22974475972733,40.8653566272128
2008-05-27,24.09,31.86,16.47,0.02,26.45,37.22974475972733,40.8653566272128
2008-05-28,25.41,33.61,17.26,0.39,28.88,37.22974475972733,40.8653566272128
2008-05-29,26.74,35.12,18.56,0.0,30.06,37.22974475972733,40.8653566272128
2008-05-30,24.72,32.94,16.79,0.0,31.48,37.22974475972733,40.8653566272128
2008-05-31,24.72,34.49,15.78,0.0,32.55,37.22974475972733,40.8653566272128
2008-06-01,26.85,36.25,16.63,0.0,30.45,37.22974475972733,40.8653566272128
2008-06-02,29.37,38.1,21.71,0.0,27.81,37.22974475972733,40.8653566272128
2008-06-03,26.95,35.06,18.06,0.0,29.62,37.22974475972733,40.8653566272128
2008-06-04,25.02,34.21,17.38,0.0,32.78,37.22974475972733,40.8653566272128
2008-06-05,26.67,36.56,15.12,0.0,32.33,37.22974475972733,40.8653566272128
2008-06-06,28.16,36.32,19.1,0.0,30.82,37.22974475972733,40.8653566272128
2008-06-07,25.9,34.3,16.45,0.01,29.41,37.22974475972733,40.8653566272128
2008-06-08,26.9,34.29,19.26,0.0,31.24,37.22974475972733,40.8653566272128
2008-06-09,28.25,36.01,21.51,0.0,31.44,37.22974475972733,40.8653566272128
2008-06-10,27.74,34.63,20.55,0.02,27.9,37.22974475972733,40.8653566272128
2008-06-11,24.93,31.92,17.11,0.32,26.44,37.22974475972733,40.8653566272128
2008-06-12,24.56,31.4,16.75,0.46,23.64,37.22974475972733,40.8653566272128
2008-06-13,25.99,34.12,17.77,0.0,31.06,37.22974475972733,40.8653566272128
2008-06-14,28.39,36.63,19.34,0.0,31.75,37.22974475972733,40.8653566272128
2008-06-15,29.32,37.89,20.81,0.0,31.64,37.22974475972733,40.8653566272128
2008-06-16,28.65,37.23,18.9,0.0,30.1,37.22974475972733,40.8653566272128
2008-06-17,29.65,38.7,19.51,0.0,31.62,37.22974475972733,40.8653566272128
2008-06-18,30.91,39.31,21.78,0.0,30.96,37.22974475972733,40.8653566272128
2008-06-19,30.87,40.3,22.41,0.0,32.21,37.22974475972733,40.8653566272128
2008-06-20,31.65,40.9,20.7,0.0,31.69,37.22974475972733,40.8653566272128
2008-06-21,31.67,39.79,23.1,0.0,31.66,37.22974475972733,40.8653566272128
2008-06-22,30.32,37.08,22.7,0.0,30.01,37.22974475972733,40.8653566272128
2008-06-23,30.36,38.74,21.73,0.0,30.35,37.22974475972733,40.8653566272128
2008-06-24,30.64,39.2,22.98,0.0,31.18,37.22974475972733,40.8653566272128
2008-06-25,31.79,41.54,22.45,0.0,30.5,37.22974475972733,40.8653566272128
2008-06-26,33.17,43.04,23.76,0.0,31.25,37.22974475972733,40.8653566272128
2008-06-27,34.64,43.9,23.89,0.0,30.59,37.22974475972733,40.8653566272128
2008-06-28,34.95,43.35,27.06,0.0,31.04,37.22974475972733,40.8653566272128
2008-06-29,33.4,42.12,25.3,0.0,29.33,37.22974475972733,40.8653566272128
2008-06-30,33.24,41.46,24.84,0.0,30.02,37.22974475972733,40.8653566272128
2008-07-01,31.55,40.61,22.48,0.0,30.65,37.22974475972733,40.8653566272128
2008-07-02,30.94,39.94,22.27,0.0,31.45,37.22974475972733,40.8653566272128
2008-07-03,29.95,38.25,21.76,0.0,31.48,37.22974475972733,40.8653566272128
2008-07-04,29.35,38.23,21.52,0.0,31.61,37.22974475972733,40.8653566272128
2008-07-05,29.4,38.43,20.44,0.0,31.82,37.22974475972733,40.8653566272128
2008-07-06,30.69,40.29,19.06,0.0,31.07,37.22974475972733,40.8653566272128
2008-07-07,31.73,39.24,23.89,0.0,30.55,37.22974475972733,40.8653566272128
2008-07-08,30.32,38.16,22.87,0.01,30.07,37.22974475972733,40.8653566272128
2008-07-09,30.58,39.43,22.47,0.0,28.46,37.22974475972733,40.8653566272128
2008-07-10,31.48,41.72,20.28,0.0,29.35,37.22974475972733,40.8653566272128
2008-07-11,33.19,42.52,23.13,0.0,29.81,37.22974475972733,40.8653566272128
2008-07-12,34.23,43.36,24.98,0.0,30.16,37.22974475972733,40.8653566272128
2008-07-13,31.73,40.37,23.19,0.0,29.68,37.22974475972733,40.8653566272128
2008-07-14,31.39,40.28,21.96,0.0,29.4,37.22974475972733,40.8653566272128
2008-07-15,32.41,40.14,24.16,0.0,27.13,37.22974475972733,40.8653566272128
2008-07-16,32.99,41.62,25.17,0.0,27.95,37.22974475972733,40.8653566272128
2008-07-17,34.09,43.23,23.78,0.0,29.32,37.22974475972733,40.8653566272128
2008-07-18,32.16,40.76,22.01,0.0,29.48,37.22974475972733,40.8653566272128
2008-07-19,34.02,43.75,24.82,0.0,30.49,37.22974475972733,40.8653566272128
2008-07-20,34.24,44.73,23.67,0.0,30.27,37.22974475972733,40.8653566272128
2008-07-21,33.6,42.67,24.41,0.0,28.34,37.22974475972733,40.8653566272128
2008-07-22,32.08,39.7,25.13,0.0,28.24,37.22974475972733,40.8653566272128
2008-07-23,33.14,41.84,23.59,0.0,28.61,37.22974475972733,40.8653566272128
2008-07-24,35.36,43.48,27.02,0.0,26.49,37.22974475972733,40.8653566272128
2008-07-25,36.13,43.96,27.87,0.0,27.51,37.22974475972733,40.8653566272128
2008-07-26,34.84,43.16,26.52,0.0,26.38,37.22974475972733,40.8653566272128
2008-07-27,30.57,38.69,22.24,0.0,29.19,37.22974475972733,40.8653566272128
2008-07-28,30.91,40.12,22.01,0.0,29.28,37.22974475972733,40.8653566272128
2008-07-29,32.89,42.92,22.58,0.0,28.63,37.22974475972733,40.8653566272128
2008-07-30,34.49,44.95,24.73,0.0,28.19,37.22974475972733,40.8653566272128
2008-07-31,34.69,43.98,26.03,0.0,27.08,37.22974475972733,40.8653566272128
2008-08-01,34.09,43.66,24.36,0.0,25.58,37.22974475972733,40.8653566272128
2008-08-02,32.36,41.34,24.11,0.0,25.34,37.22974475972733,40.8653566272128
2008-08-03,32.53,40.13,24.92,0.0,26.44,37.22974475972733,40.8653566272128
2008-08-04,33.71,43.26,24.66,0.0,27.34,37.22974475972733,40.8653566272128
2008-08-05,32.8,42.11,23.66,0.0,27.27,37.22974475972733,40.8653566272128
2008-08-06,32.84,41.59,23.48,0.0,26.73,37.22974475972733,40.8653566272128
2008-08-07,32.13,40.84,24.16,0.0,25.52,37.22974475972733,40.8653566272128
2008-08-08,33.04,41.34,24.87,0.28,22.07,37.22974475972733,40.8653566272128
2008-08-09,33.24,41.23,25.68,0.2,24.6,37.22974475972733,40.8653566272128
2008-08-10,32.68,40.63,25.26,0.0,21.91,37.22974475972733,40.8653566272128
2008-08-11,32.16,40.44,23.69,0.0,25.28,37.22974475972733,40.8653566272128
2008-08-12,33.11,42.11,24.08,0.0,25.96,37.22974475972733,40.8653566272128
2008-08-13,30.6,39.64,21.7,0.0,26.72,37.22974475972733,40.8653566272128
2008-08-14,31.23,40.63,22.17,0.0,26.05,37.22974475972733,40.8653566272128
2008-08-15,32.16,40.36,23.19,0.0,25.28,37.22974475972733,40.8653566272128
2008-08-16,30.9,38.83,23.89,0.0,23.55,37.22974475972733,40.8653566272128
2008-08-17,32.51,40.79,24.41,0.0,24.56,37.22974475972733,40.8653566272128
2008-08-18,33.32,41.69,25.59,0.0,25.54,37.22974475972733,40.8653566272128
2008-08-19,33.82,43.98,24.11,0.0,25.74,37.22974475972733,40.8653566272128
2008-08-20,34.99,44.36,26.64,0.0,25.12,37.22974475972733,40.8653566272128
2008-08-21,34.84,42.76,27.47,0.0,19.19,37.22974475972733,40.8653566272128
2008-08-22,34.92,43.77,27.34,0.01,19.13,37.22974475972733,40.8653566272128
2008-08-23,34.93,42.2,28.37,0.0,17.92,37.22974475972733,40.8653566272128
2008-08-24,32.83,38.42,27.14,0.0,11.33,37.22974475972733,40.8653566272128
2008-08-25,32.19,40.04,24.85,0.33,18.43,37.22974475972733,40.8653566272128
2008-08-26,33.29,41.71,25.63,0.0,20.35,37.22974475972733,40.8653566272128
2008-08-27,33.4,42.4,24.36,0.0,20.85,37.22974475972733,40.8653566272128
2008-08-28,34.86,43.87,26.87,0.0,21.22,37.22974475972733,40.8653566272128
2008-08-29,34.73,43.16,27.29,0.0,16.49,37.22974475972733,40.8653566272128
2008-08-30,32.91,41.07,26.02,0.0,22.37,37.22974475972733,40.8653566272128
2008-08-31,30.46,39.37,23.65,0.0,23.78,37.22974475972733,40.8653566272128
2008-09-01,30.74,40.26,22.27,0.0,23.53,37.22974475972733,40.8653566272128
2008-09-02,32.05,41.43,23.16,0.0,22.14,37.22974475972733,40.8653566272128
2008-09-03,32.42,40.72,25.09,0.0,20.61,37.22974475972733,40.8653566272128
2008-09-04,32.12,40.96,24.57,0.0,22.19,37.22974475972733,40.8653566272128
2008-09-05,32.29,41.51,23.67,0.0,18.72,37.22974475972733,40.8653566272128
2008-09-06,32.63,42.17,25.17,0.0,22.05,37.22974475972733,40.8653566272128
2008-09-07,30.96,40.57,23.36,0.0,23.77,37.22974475972733,40.8653566272128
2008-09-08,30.12,39.82,22.35,0.0,20.64,37.22974475972733,40.8653566272128
2008-09-09,29.08,37.11,21.55,0.0,14.94,37.22974475972733,40.8653566272128
2008-09-10,28.69,37.17,21.59,0.01,15.68,37.22974475972733,40.8653566272128
2008-09-11,26.87,34.92,20.07,0.0,22.31,37.22974475972733,40.8653566272128
2008-09-12,27.07,35.57,17.74,0.0,22.01,37.22974475972733,40.8653566272128
2008-09-13,29.13,37.35,21.64,0.01,19.85,37.22974475972733,40.8653566272128
2008-09-14,28.9,35.99,23.63,0.0,15.25,37.22974475972733,40.8653566272128
2008-09-15,29.27,38.47,21.97,0.0,19.75,37.22974475972733,40.8653566272128
2008-09-16,29.58,38.63,21.25,0.0,20.01,37.22974475972733,40.8653566272128
2008-09-17,28.89,37.33,21.83,0.0,20.63,37.22974475972733,40.8653566272128
2008-09-18,27.54,35.69,21.14,0.0,21.05,37.22974475972733,40.8653566272128
2008-09-19,26.19,34.0,19.91,0.0,21.58,37.22974475972733,40.8653566272128
2008-09-20,26.03,34.06,19.01,0.0,19.26,37.22974475972733,40.8653566272128
2008-09-21,26.66,34.76,20.43,0.0,19.65,37.22974475972733,40.8653566272128
2008-09-22,25.62,32.68,19.54,0.0,19.58,37.22974475972733,40.8653566272128
2008-09-23,23.33,29.63,18.69,3.85,9.38,37.22974475972733,40.8653566272128
2008-09-24,22.64,30.25,16.15,0.01,19.7,37.22974475972733,40.8653566272128
2008-09-25,22.46,30.52,15.19,0.0,20.69,37.22974475972733,40.8653566272128
2008-09-26,24.13,31.3,16.61,0.92,16.55,37.22974475972733,40.8653566272128
2008-09-27,22.05,28.15,17.16,5.42,9.04,37.22974475972733,40.8653566272128
2008-09-28,20.5,28.07,14.25,0.0,17.68,37.22974475972733,40.8653566272128
2008-09-29,20.39,28.76,13.67,0.0,19.01,37.22974475972733,40.8653566272128
2008-09-30,19.62,27.04,14.92,6.58,10.12,37.22974475972733,40.8653566272128
2008-10-01,18.13,26.56,11.67,0.0,20.59,37.22974475972733,40.8653566272128
2008-10-02,18.64,28.6,11.78,0.0,20.66,37.22974475972733,40.8653566272128
2008-10-03,19.6,30.01,11.32,0.0,20.31,37.22974475972733,40.8653566272128
2008-10-04,20.53,30.4,12.6,0.0,17.83,37.22974475972733,40.8653566272128
2008-10-05,21.95,30.35,15.3,0.0,18.21,37.22974475972733,40.8653566272128
2008-10-06,21.69,30.29,16.24,0.0,18.46,37.22974475972733,40.8653566272128
2008-10-07,20.91,29.03,15.08,0.0,17.39,37.22974475972733,40.8653566272128
2008-10-08,20.31,28.8,13.94,0.0,18.66,37.22974475972733,40.8653566272128
2008-10-09,20.16,28.73,11.85,0.0,18.15,37.22974475972733,40.8653566272128
2008-10-10,20.94,28.4,15.7,0.0,14.8,37.22974475972733,40.8653566272128
2008-10-11,21.16,30.18,13.19,0.0,16.25,37.22974475972733,40.8653566272128
2008-10-12,21.86,31.21,15.64,0.0,15.82,37.22974475972733,40.8653566272128
2008-10-13,24.31,34.49,16.44,0.0,14.66,37.22974475972733,40.8653566272128
2008-10-14,25.67,35.6,18.11,0.0,15.05,37.22974475972733,40.8653566272128
2008-10-15,25.87,33.84,20.26,0.86,11.59,37.22974475972733,40.8653566272128
2008-10-16,20.29,26.82,14.86,0.19,16.18,37.22974475972733,40.8653566272128
2008-10-17,19.32,27.74,12.22,0.0,15.92,37.22974475972733,40.8653566272128
2008-10-18,19.65,27.82,12.73,0.0,15.27,37.22974475972733,40.8653566272128
2008-10-19,19.99,28.68,13.58,0.0,15.19,37.22974475972733,40.8653566272128
2008-10-20,20.65,29.97,12.81,0.0,16.36,37.22974475972733,40.8653566272128
2008-10-21,20.17,28.64,13.12,0.15,15.01,37.22974475972733,40.8653566272128
2008-10-22,19.67,27.12,14.24,0.31,11.13,37.22974475972733,40.8653566272128
2008-10-23,20.44,28.49,15.87,0.17,10.65,37.22974475972733,40.8653566272128
2008-10-24,20.06,26.51,15.83,4.15,11.58,37.22974475972733,40.8653566272128
2008-10-25,18.24,25.77,13.89,6.02,10.01,37.22974475972733,40.8653566272128
2008-10-26,17.38,24.32,11.86,0.49,13.47,37.22974475972733,40.8653566272128
2008-10-27,16.43,23.56,11.04,0.04,11.93,37.22974475972733,40.8653566272128
2008-10-28,14.83,17.78,12.21,8.42,4.68,37.22974475972733,40.8653566272128
2008-10-29,14.52,19.69,10.88,0.51,8.44,37.22974475972733,40.8653566272128
2008-10-30,16.09,22.61,11.27,0.02,11.29,37.22974475972733,40.8653566272128
2008-10-31,15.03,22.06,9.62,0.04,14.03,37.22974475972733,40.8653566272128
2008-11-01,13.94,22.17,8.15,0.0,14.41,37.22974475972733,40.8653566272128
2008-11-02,14.09,21.55,8.71,0.0,12.17,37.22974475972733,40.8653566272128
2008-11-03,14.2,21.74,8.93,0.01,12.12,37.22974475972733,40.8653566272128
2008-11-04,14.4,21.85,7.54,0.01,13.45,37.22974475972733,40.8653566272128
2008-11-05,14.99,23.33,7.14,0.0,13.96,37.22974475972733,40.8653566272128
2008-11-06,13.55,23.01,5.94,0.0,13.38,37.22974475972733,40.8653566272128
2008-11-07,15.81,23.5,9.73,0.0,13.49,37.22974475972733,40.8653566272128
2008-11-08,15.01,23.14,8.76,0.0,13.37,37.22974475972733,40.8653566272128
2008-11-09,14.52,22.27,7.18,0.0,12.61,37.22974475972733,40.8653566272128
2008-11-10,13.46,20.84,8.94,0.0,12.71,37.22974475972733,40.8653566272128
2008-11-11,12.67,20.51,7.22,0.0,11.98,37.22974475972733,40.8653566272128
2008-11-12,12.16,21.39,6.26,0.0,12.14,37.22974475972733,40.8653566272128
2008-11-13,13.04,20.31,7.67,0.0,10.17,37.22974475972733,40.8653566272128
2008-11-14,13.4,20.49,8.17,0.16,10.13,37.22974475972733,40.8653566272128
2008-11-15,12.29,21.21,6.88,0.0,11.67,37.22974475972733,40.8653566272128
2008-11-16,11.52,20.94,5.43,0.0,12.22,37.22974475972733,40.8653566272128
2008-11-17,11.76,20.37,4.4,0.0,11.27,37.22974475972733,40.8653566272128
2008-11-18,10.28,18.95,3.18,0.0,11.55,37.22974475972733,40.8653566272128
2008-11-19,10.5,16.49,5.81,0.48,5.95,37.22974475972733,40.8653566272128
2008-11-20,11.58,16.89,7.76,1.29,6.01,37.22974475972733,40.8653566272128
2008-11-21,11.93,17.66,6.82,0.58,6.12,37.22974475972733,40.8653566272128
2008-11-22,11.9,17.39,7.47,2.8,5.73,37.22974475972733,40.8653566272128
2008-11-23,12.67,19.45,8.03,0.21,6.6,37.22974475972733,40.8653566272128
2008-11-24,12.07,20.04,5.84,0.02,9.58,37.22974475972733,40.8653566272128
2008-11-25,13.22,20.49,8.8,0.01,6.88,37.22974475972733,40.8653566272128
2008-11-26,12.42,21.09,7.72,0.0,11.17,37.22974475972733,40.8653566272128
2008-11-27,12.18,20.36,6.24,0.0,11.33,37.22974475972733,40.8653566272128
2008-11-28,10.55,15.98,5.67,4.79,4.65,37.22974475972733,40.8653566272128
2008-11-29,9.45,11.69,6.21,7.17,3.74,37.22974475972733,40.8653566272128
2008-11-30,10.6,19.47,6.1,0.0,10.33,37.22974475972733,40.8653566272128
2008-12-01,10.62,19.16,4.65,0.0,10.25,37.22974475972733,40.8653566272128
2008-12-02,10.42,20.33,5.43,0.0,10.4,37.22974475972733,40.8653566272128
2008-12-03,10.76,20.4,4.65,0.0,10.08,37.22974475972733,40.8653566272128
2008-12-04,10.43,20.66,4.88,0.0,10.28,37.22974475972733,40.8653566272128
2008-12-05,10.09,20.77,3.56,0.0,8.9,37.22974475972733,40.8653566272128
2008-12-06,9.0,19.0,3.67,0.0,7.97,37.22974475972733,40.8653566272128
2008-12-07,8.59,17.92,2.54,0.01,8.03,37.22974475972733,40.8653566272128
2008-12-08,7.59,15.25,3.06,0.0,9.5,37.22974475972733,40.8653566272128
2008-12-09,8.44,14.03,4.55,3.34,2.55,37.22974475972733,40.8653566272128
2008-12-10,5.95,11.79,1.87,3.77,6.43,37.22974475972733,40.8653566272128
2008-12-11,4.41,13.17,-0.65,0.0,11.39,37.22974475972733,40.8653566272128
2008-12-12,3.7,13.91,-1.73,0.0,11.31,37.22974475972733,40.8653566272128
2008-12-13,3.23,12.34,-1.97,0.0,11.01,37.22974475972733,40.8653566272128
2008-12-14,2.83,11.89,-2.56,0.0,10.5,37.22974475972733,40.8653566272128
2008-12-15,2.84,11.96,-2.29,0.0,10.94,37.22974475972733,40.8653566272128
2008-12-16,3.35,12.8,-1.47,0.0,10.78,37.22974475972733,40.8653566272128
2008-12-17,3.74,14.6,-2.29,0.0,10.71,37.22974475972733,40.8653566272128
2008-12-18,5.31,13.28,-0.67,0.0,10.52,37.22974475972733,40.8653566272128
2008-12-19,4.52,13.28,-0.52,0.0,8.81,37.22974475972733,40.8653566272128
2008-12-20,3.88,11.87,-1.0,0.06,9.39,37.22974475972733,40.8653566272128
2008-12-21,3.95,6.24,2.25,0.5,5.08,37.22974475972733,40.8653566272128
2008-12-22,5.95,8.96,3.54,5.12,2.37,37.22974475972733,40.8653566272128
2008-12-23,6.66,12.59,2.84,1.67,5.95,37.22974475972733,40.8653566272128
2008-12-24,5.11,7.41,1.99,2.11,2.65,37.22974475972733,40.8653566272128
2008-12-25,6.06,10.82,0.68,1.38,9.37,37.22974475972733,40.8653566272128
2008-12-26,3.67,11.53,-1.02,0.01,8.75,37.22974475972733,40.8653566272128
2008-12-27,3.09,11.02,-1.27,0.0,10.77,37.22974475972733,40.8653566272128
2008-12-28,2.63,11.85,-2.51,0.0,10.7,37.22974475972733,40.8653566272128
2008-12-29,3.8,10.13,-1.26,1.69,3.59,37.22974475972733,40.8653566272128
2008-12-30,4.28,10.49,-1.09,0.62,7.87,37.22974475972733,40.8653566272128
2008-12-31,0.96,2.87,-1.98,3.42,2.41,37.22974475972733,40.8653566272128
2009-01-01,-1.3,4.51,-5.09,1.17,6.41,37.22974475972733,40.8653566272128
2009-01-02,-2.33,4.9,-6.63,0.0,9.0,37.22974475972733,40.8653566272128
2009-01-03,-1.06,6.02,-5.47,0.0,6.77,37.22974475972733,40.8653566272128
2009-01-04,1.49,7.27,-2.66,0.02,4.33,37.22974475972733,40.8653566272128
2009-01-05,3.43,10.27,-2.64,0.02,5.82,37.22974475972733,40.8653566272128
2009-01-06,4.64,10.62,0.23,0.06,4.77,37.22974475972733,40.8653566272128
2009-01-07,3.45,10.79,-1.31,0.08,7.44,37.22974475972733,40.8653566272128
2009-01-08,5.07,13.32,0.1,0.14,9.78,37.22974475972733,40.8653566272128
2009-01-09,3.39,9.64,-0.9,0.04,8.37,37.22974475972733,40.8653566272128
2009-01-10,0.37,10.09,-5.19,0.0,12.12,37.22974475972733,40.8653566272128
2009-01-11,0.54,8.11,-4.19,0.0,9.5,37.22974475972733,40.8653566272128
2009-01-12,0.3,8.37,-4.73,0.0,12.0,37.22974475972733,40.8653566272128
2009-01-13,1.82,12.04,-4.34,0.0,12.1,37.22974475972733,40.8653566272128
2009-01-14,3.96,13.83,-1.83,0.0,12.22,37.22974475972733,40.8653566272128
2009-01-15,4.11,14.04,-0.89,0.0,11.11,37.22974475972733,40.8653566272128
2009-01-16,5.68,15.07,-0.47,0.0,10.14,37.22974475972733,40.8653566272128
2009-01-17,6.23,12.63,1.88,0.0,7.65,37.22974475972733,40.8653566272128
2009-01-18,5.6,13.29,0.38,0.0,11.32,37.22974475972733,40.8653566272128
2009-01-19,5.52,13.39,-1.0,0.0,11.5,37.22974475972733,40.8653566272128
2009-01-20,6.12,14.0,1.16,0.08,11.25,37.22974475972733,40.8653566272128
2009-01-21,5.7,14.91,-0.31,0.0,11.95,37.22974475972733,40.8653566272128
2009-01-22,5.21,14.78,0.03,0.0,12.92,37.22974475972733,40.8653566272128
2009-01-23,4.67,14.39,-2.19,0.0,12.67,37.22974475972733,40.8653566272128
2009-01-24,3.08,8.44,0.42,2.56,3.64,37.22974475972733,40.8653566272128
2009-01-25,4.61,10.25,0.4,1.61,5.39,37.22974475972733,40.8653566272128
2009-01-26,6.04,10.69,2.12,0.24,4.5,37.22974475972733,40.8653566272128
2009-01-27,6.98,14.51,2.14,1.4,7.62,37.22974475972733,40.8653566272128
2009-01-28,7.34,15.22,0.49,0.0,8.23,37.22974475972733,40.8653566272128
2009-01-29,8.02,14.88,3.06,0.67,9.39,37.22974475972733,40.8653566272128
2009-01-30,7.59,13.47,3.72,1.07,8.23,37.22974475972733,40.8653566272128
2009-01-31,7.81,14.47,4.61,0.73,9.59,37.22974475972733,40.8653566272128
2009-02-01,6.12,10.98,1.88,0.75,4.63,37.22974475972733,40.8653566272128
2009-02-02,5.74,12.89,-0.17,0.03,8.91,37.22974475972733,40.8653566272128
2009-02-03,5.37,14.26,-0.13,0.0,13.43,37.22974475972733,40.8653566272128
2009-02-04,8.22,16.94,-0.02,0.0,11.87,37.22974475972733,40.8653566272128
2009-02-05,8.44,15.71,2.76,0.0,11.28,37.22974475972733,40.8653566272128
2009-02-06,8.85,16.85,4.12,0.0,9.86,37.22974475972733,40.8653566272128
2009-02-07,8.83,17.38,2.24,0.19,11.09,37.22974475972733,40.8653566272128
2009-02-08,9.34,16.88,2.65,0.33,11.91,37.22974475972733,40.8653566272128
2009-02-09,8.85,11.54,6.82,1.03,5.2,37.22974475972733,40.8653566272128
2009-02-10,9.52,14.08,4.36,0.86,4.16,37.22974475972733,40.8653566272128
2009-02-11,7.5,15.69,2.72,0.0,14.16,37.22974475972733,40.8653566272128
2009-02-12,8.18,14.68,2.12,0.1,7.69,37.22974475972733,40.8653566272128
2009-02-13,10.72,17.83,5.16,0.03,11.79,37.22974475972733,40.8653566272128
2009-02-14,9.81,18.47,4.24,0.0,13.13,37.22974475972733,40.8653566272128
2009-02-15,9.31,17.86,4.0,0.22,11.91,37.22974475972733,40.8653566272128
2009-02-16,9.29,17.01,3.57,0.23,11.18,37.22974475972733,40.8653566272128
2009-02-17,6.41,12.33,1.0,0.37,12.46,37.22974475972733,40.8653566272128
2009-02-18,4.2,11.29,-2.44,0.02,15.22,37.22974475972733,40.8653566272128
2009-02-19,5.68,12.36,-0.26,2.07,9.1,37.22974475972733,40.8653566272128
2009-02-20,6.62,14.03,2.13,0.98,8.83,37.22974475972733,40.8653566272128
2009-02-21,4.38,6.7,2.5,8.17,3.39,37.22974475972733,40.8653566272128
2009-02-22,5.08,10.33,0.98,1.06,7.1,37.22974475972733,40.8653566272128
2009-02-23,5.1,10.66,-0.6,0.81,8.36,37.22974475972733,40.8653566272128
2009-02-24,7.94,14.89,3.05,2.87,9.27,37.22974475972733,40.8653566272128
2009-02-25,8.03,14.15,4.75,4.31,8.84,37.22974475972733,40.8653566272128
2009-02-26,9.04,16.03,4.12,0.61,9.71,37.22974475972733,40.8653566272128
2009-02-27,8.72,15.06,4.99,4.36,10.34,37.22974475972733,40.8653566272128
2009-02-28,5.08,10.01,2.19,6.84,7.04,37.22974475972733,40.8653566272128
2009-03-01,6.27,10.9,1.7,4.95,9.66,37.22974475972733,40.8653566272128
2009-03-02,5.42,12.53,-0.66,0.0,19.28,37.22974475972733,40.8653566272128
2009-03-03,6.18,11.04,1.96,1.74,5.79,37.22974475972733,40.8653566272128
2009-03-04,6.38,12.51,0.31,0.75,7.97,37.22974475972733,40.8653566272128
2009-03-05,7.82,14.54,3.59,0.8,12.85,37.22974475972733,40.8653566272128
2009-03-06,7.83,15.24,4.12,1.01,6.06,37.22974475972733,40.8653566272128
2009-03-07,11.8,20.04,5.36,0.01,16.38,37.22974475972733,40.8653566272128
2009-03-08,15.14,22.2,9.26,0.13,11.39,37.22974475972733,40.8653566272128
2009-03-09,13.31,19.19,5.8,4.27,7.32,37.22974475972733,40.8653566272128
2009-03-10,10.26,18.37,3.33,0.04,18.15,37.22974475972733,40.8653566272128
2009-03-11,10.96,17.15,4.86,0.27,10.95,37.22974475972733,40.8653566272128
2009-03-12,12.48,21.14,6.32,0.01,18.66,37.22974475972733,40.8653566272128
2009-03-13,14.06,20.82,8.06,0.0,12.73,37.22974475972733,40.8653566272128
2009-03-14,12.21,16.59,7.46,0.12,12.62,37.22974475972733,40.8653566272128
2009-03-15,7.29,11.88,3.79,7.46,6.89,37.22974475972733,40.8653566272128
2009-03-16,6.4,14.02,1.66,0.16,19.59,37.22974475972733,40.8653566272128
2009-03-17,6.81,15.19,-0.73,0.06,21.6,37.22974475972733,40.8653566272128
2009-03-18,6.61,13.09,-0.04,0.01,14.31,37.22974475972733,40.8653566272128
2009-03-19,9.81,18.88,3.53,0.02,15.41,37.22974475972733,40.8653566272128
2009-03-20,9.79,16.16,4.59,1.37,7.91,37.22974475972733,40.8653566272128
2009-03-21,10.63,19.07,4.94,0.01,22.16,37.22974475972733,40.8653566272128
2009-03-22,10.26,19.87,2.62,0.0,23.22,37.22974475972733,40.8653566272128
2009-03-23,10.72,16.26,4.31,1.55,5.98,37.22974475972733,40.8653566272128
2009-03-24,8.57,11.77,3.71,7.93,9.66,37.22974475972733,40.8653566272128
2009-03-25,8.03,16.58,-0.33,0.03,23.91,37.22974475972733,40.8653566272128
2009-03-26,10.96,17.57,5.57,0.06,15.9,37.22974475972733,40.8653566272128
2009-03-27,11.28,19.29,4.01,0.05,16.29,37.22974475972733,40.8653566272128
2009-03-28,8.49,10.76,5.87,3.19,7.95,37.22974475972733,40.8653566272128
2009-03-29,10.24,16.83,6.15,0.12,16.17,37.22974475972733,40.8653566272128
2009-03-30,12.94,23.23,4.37,0.0,22.04,37.22974475972733,40.8653566272128
2009-03-31,15.1,25.22,6.42,0.0,22.56,37.22974475972733,40.8653566272128
2009-04-01,15.84,25.04,6.88,0.0,23.36,37.22974475972733,40.8653566272128
2009-04-02,16.39,25.17,8.23,0.0,23.3,37.22974475972733,40.8653566272128
2009-04-03,15.06,22.21,8.56,1.44,14.51,37.22974475972733,40.8653566272128
2009-04-04,13.96,19.02,9.28,6.99,7.88,37.22974475972733,40.8653566272128
2009-04-05,15.41,23.45,7.73,0.05,21.49,37.22974475972733,40.8653566272128
2009-04-06,16.58,25.31,6.09,0.12,20.7,37.22974475972733,40.8653566272128
2009-04-07,15.75,23.17,9.9,0.05,22.21,37.22974475972733,40.8653566272128
2009-04-08,13.95,21.6,6.58,0.53,21.88,37.22974475972733,40.8653566272128
2009-04-09,14.43,22.99,6.73,0.02,24.61,37.22974475972733,40.8653566272128
2009-04-10,12.87,22.44,3.55,0.0,24.42,37.22974475972733,40.8653566272128
2009-04-11,15.44,23.12,7.29,0.01,23.32,37.22974475972733,40.8653566272128
2009-04-12,15.11,22.73,6.37,0.0,19.86,37.22974475972733,40.8653566272128
2009-04-13,13.76,22.78,6.36,0.0,27.15,37.22974475972733,40.8653566272128
2009-04-14,14.15,24.57,3.91,0.74,21.8,37.22974475972733,40.8653566272128
2009-04-15,15.89,23.66,10.68,1.42,10.75,37.22974475972733,40.8653566272128
2009-04-16,11.99,16.04,6.91,4.41,15.15,37.22974475972733,40.8653566272128
2009-04-17,10.92,13.86,8.39,6.82,12.01,37.22974475972733,40.8653566272128
2009-04-18,9.75,15.48,4.55,3.11,11.71,37.22974475972733,40.8653566272128
2009-04-19,13.73,23.3,4.48,0.0,26.92,37.22974475972733,40.8653566272128
2009-04-20,16.13,25.14,5.44,0.0,22.93,37.22974475972733,40.8653566272128
2009-04-21,18.61,26.61,10.26,0.02,24.44,37.22974475972733,40.8653566272128
2009-04-22,19.17,27.98,8.6,0.85,24.32,37.22974475972733,40.8653566272128
2009-04-23,18.38,27.24,11.5,0.07,17.56,37.22974475972733,40.8653566272128
2009-04-24,16.99,25.55,8.61,0.14,25.02,37.22974475972733,40.8653566272128
2009-04-25,15.58,23.18,8.45,0.41,22.79,37.22974475972733,40.8653566272128
2009-04-26,15.93,23.37,9.43,0.04,23.34,37.22974475972733,40.8653566272128
2009-04-27,18.05,26.48,8.33,0.26,24.09,37.22974475972733,40.8653566272128
2009-04-28,17.96,24.58,12.17,0.01,15.09,37.22974475972733,40.8653566272128
2009-04-29,18.25,27.61,9.2,0.0,24.95,37.22974475972733,40.8653566272128
2009-04-30,19.34,28.17,11.78,0.0,25.77,37.22974475972733,40.8653566272128
2009-05-01,18.08,26.76,9.19,0.0,27.18,37.22974475972733,40.8653566272128
2009-05-02,17.93,26.09,9.99,0.0,27.12,37.22974475972733,40.8653566272128
2009-05-03,18.62,27.21,9.09,0.0,26.84,37.22974475972733,40.8653566272128
2009-05-04,19.51,25.36,13.91,0.99,7.4,37.22974475972733,40.8653566272128
2009-05-05,18.27,24.41,11.83,0.03,19.83,37.22974475972733,40.8653566272128
2009-05-06,17.04,24.28,9.69,0.21,21.73,37.22974475972733,40.8653566272128
2009-05-07,17.85,25.09,11.4,0.04,23.3,37.22974475972733,40.8653566272128
2009-05-08,17.68,26.32,8.44,0.01,26.74,37.22974475972733,40.8653566272128
2009-05-09,19.08,27.6,10.01,0.11,20.91,37.22974475972733,40.8653566272128
2009-05-10,20.04,28.89,11.63,0.01,25.96,37.22974475972733,40.8653566272128
2009-05-11,18.04,27.5,11.52,0.66,22.17,37.22974475972733,40.8653566272128
2009-05-12,18.53,27.34,9.94,0.01,27.06,37.22974475972733,40.8653566272128
2009-05-13,20.51,29.72,10.62,0.0,27.47,37.22974475972733,40.8653566272128
2009-05-14,22.21,32.02,11.87,0.0,28.85,37.22974475972733,40.8653566272128
2009-05-15,23.47,33.06,14.34,0.0,29.21,37.22974475972733,40.8653566272128
2009-05-16,25.76,35.75,16.08,0.0,29.6,37.22974475972733,40.8653566272128
2009-05-17,25.59,35.66,15.23,0.0,29.69,37.22974475972733,40.8653566272128
2009-05-18,27.37,37.42,17.38,0.0,28.32,37.22974475972733,40.8653566272128
2009-05-19,28.51,38.54,17.75,0.0,28.76,37.22974475972733,40.8653566272128
2009-05-20,29.15,38.68,18.79,0.0,24.39,37.22974475972733,40.8653566272128
2009-05-21,28.01,36.25,20.59,0.0,18.33,37.22974475972733,40.8653566272128
2009-05-22,25.84,34.36,16.55,0.0,25.24,37.22974475972733,40.8653566272128
2009-05-23,27.14,35.63,18.6,0.44,24.56,37.22974475972733,40.8653566272128
2009-05-24,24.55,32.18,16.04,0.01,27.05,37.22974475972733,40.8653566272128
2009-05-25,24.31,32.59,16.6,0.03,26.6,37.22974475972733,40.8653566272128
2009-05-26,22.44,30.98,13.94,0.01,31.03,37.22974475972733,40.8653566272128
2009-05-27,22.12,31.02,12.93,0.0,27.14,37.22974475972733,40.8653566272128
2009-05-28,22.79,31.81,14.13,0.0,30.28,37.22974475972733,40.8653566272128
2009-05-29,23.03,31.88,13.39,0.0,31.68,37.22974475972733,40.8653566272128
2009-05-30,24.86,34.88,15.5,0.0,32.57,37.22974475972733,40.8653566272128
2009-05-31,26.42,36.08,16.23,0.0,31.89,37.22974475972733,40.8653566272128
2009-06-01,27.6,36.83,18.51,0.0,31.28,37.22974475972733,40.8653566272128
2009-06-02,27.42,36.61,17.74,0.0,30.79,37.22974475972733,40.8653566272128
2009-06-03,28.6,37.76,18.02,0.0,30.25,37.22974475972733,40.8653566272128
2009-06-04,30.67,38.89,22.4,0.0,29.07,37.22974475972733,40.8653566272128
2009-06-05,26.78,33.72,19.62,0.0,30.33,37.22974475972733,40.8653566272128
2009-06-06,25.64,34.57,16.16,0.0,29.9,37.22974475972733,40.8653566272128
2009-06-07,27.17,35.58,18.04,0.0,22.97,37.22974475972733,40.8653566272128
2009-06-08,27.34,35.22,19.11,0.04,23.28,37.22974475972733,40.8653566272128
2009-06-09,28.63,36.76,20.19,0.01,23.12,37.22974475972733,40.8653566272128
2009-06-10,29.83,38.12,21.34,0.0,28.11,37.22974475972733,40.8653566272128
2009-06-11,31.35,39.19,22.39,0.0,17.07,37.22974475972733,40.8653566272128
2009-06-12,31.75,40.36,24.22,0.0,19.93,37.22974475972733,40.8653566272128
2009-06-13,30.7,38.78,22.48,0.16,19.87,37.22974475972733,40.8653566272128
2009-06-14,28.95,37.62,19.7,0.01,25.9,37.22974475972733,40.8653566272128
2009-06-15,28.93,37.37,20.44,0.0,28.9,37.22974475972733,40.8653566272128
2009-06-16,30.04,38.34,19.75,0.28,24.09,37.22974475972733,40.8653566272128
2009-06-17,28.25,37.58,20.81,2.8,16.66,37.22974475972733,40.8653566272128
2009-06-18,28.14,35.45,19.93,0.01,21.51,37.22974475972733,40.8653566272128
2009-06-19,29.31,37.01,22.43,0.01,24.72,37.22974475972733,40.8653566272128
2009-06-20,28.6,36.85,19.39,0.62,26.07,37.22974475972733,40.8653566272128
2009-06-21,29.08,38.24,20.33,0.16,25.68,37.22974475972733,40.8653566272128
2009-06-22,29.72,38.45,20.2,0.0,29.21,37.22974475972733,40.8653566272128
2009-06-23,31.4,40.56,21.6,0.0,29.14,37.22974475972733,40.8653566272128
2009-06-24,32.12,41.32,23.25,0.04,30.17,37.22974475972733,40.8653566272128
2009-06-25,32.91,41.12,23.09,0.01,23.57,37.22974475972733,40.8653566272128
2009-06-26,31.32,40.08,22.59,0.06,19.54,37.22974475972733,40.8653566272128
2009-06-27,32.54,41.26,23.93,0.0,21.36,37.22974475972733,40.8653566272128
2009-06-28,28.29,36.39,20.41,0.0,29.15,37.22974475972733,40.8653566272128
2009-06-29,29.07,37.29,20.4,0.0,29.55,37.22974475972733,40.8653566272128
2009-06-30,30.01,39.09,20.78,0.0,30.6,37.22974475972733,40.8653566272128
2009-07-01,32.17,41.87,20.71,0.0,31.16,37.22974475972733,40.8653566272128
2009-07-02,32.48,41.13,24.32,0.0,30.71,37.22974475972733,40.8653566272128
2009-07-03,32.63,41.41,24.34,0.0,30.55,37.22974475972733,40.8653566272128
2009-07-04,31.78,39.98,23.6,0.0,30.26,37.22974475972733,40.8653566272128
2009-07-05,30.59,37.62,23.15,0.0,27.08,37.22974475972733,40.8653566272128
2009-07-06,30.93,39.11,21.58,0.0,24.79,37.22974475972733,40.8653566272128
2009-07-07,31.62,39.5,23.49,0.0,22.76,37.22974475972733,40.8653566272128
2009-07-08,32.49,40.41,24.45,0.0,21.56,37.22974475972733,40.8653566272128
2009-07-09,32.97,41.6,24.86,0.0,26.48,37.22974475972733,40.8653566272128
2009-07-10,33.67,41.89,25.74,0.0,29.47,37.22974475972733,40.8653566272128
2009-07-11,34.08,42.85,24.91,0.0,28.9,37.22974475972733,40.8653566272128
2009-07-12,33.78,42.28,24.69,0.0,29.6,37.22974475972733,40.8653566272128
2009-07-13,30.85,39.28,21.84,0.0,29.14,37.22974475972733,40.8653566272128
2009-07-14,28.94,36.38,20.82,0.0,28.29,37.22974475972733,40.8653566272128
2009-07-15,27.64,34.44,20.29,0.0,25.88,37.22974475972733,40.8653566272128
2009-07-16,28.45,35.91,20.17,0.0,26.89,37.22974475972733,40.8653566272128
2009-07-17,29.78,37.84,21.02,0.0,27.21,37.22974475972733,40.8653566272128
2009-07-18,31.0,38.84,22.64,0.0,26.94,37.22974475972733,40.8653566272128
2009-07-19,32.17,40.44,22.77,0.0,27.45,37.22974475972733,40.8653566272128
2009-07-20,33.64,42.62,23.97,0.0,24.77,37.22974475972733,40.8653566272128
2009-07-21,34.18,42.49,26.52,0.0,26.75,37.22974475972733,40.8653566272128
2009-07-22,34.09,42.65,25.88,0.0,24.81,37.22974475972733,40.8653566272128
2009-07-23,33.62,42.4,25.61,0.0,24.57,37.22974475972733,40.8653566272128
2009-07-24,32.99,40.84,25.03,0.07,24.4,37.22974475972733,40.8653566272128
2009-07-25,32.7,40.55,23.88,0.17,23.19,37.22974475972733,40.8653566272128
2009-07-26,32.53,40.63,24.2,0.0,25.34,37.22974475972733,40.8653566272128
2009-07-27,33.73,41.97,25.47,0.0,24.66,37.22974475972733,40.8653566272128
2009-07-28,33.63,41.39,26.26,0.0,27.82,37.22974475972733,40.8653566272128
2009-07-29,30.19,39.44,20.79,0.0,29.86,37.22974475972733,40.8653566272128
2009-07-30,30.88,41.47,20.97,0.0,29.16,37.22974475972733,40.8653566272128
2009-07-31,30.4,40.14,20.79,0.0,27.94,37.22974475972733,40.8653566272128
2009-08-01,30.36,38.16,21.92,0.0,28.48,37.22974475972733,40.8653566272128
2009-08-02,29.18,37.44,20.7,0.0,28.8,37.22974475972733,40.8653566272128
2009-08-03,30.12,39.1,20.57,0.0,27.18,37.22974475972733,40.8653566272128
2009-08-04,31.69,40.64,23.08,0.0,27.29,37.22974475972733,40.8653566272128
2009-08-05,32.71,42.01,22.74,0.0,27.58,37.22974475972733,40.8653566272128
2009-08-06,33.04,42.29,23.62,0.0,27.02,37.22974475972733,40.8653566272128
2009-08-07,31.53,38.22,24.68,0.0,26.63,37.22974475972733,40.8653566272128
2009-08-08,30.6,38.85,21.79,0.0,26.17,37.22974475972733,40.8653566272128
2009-08-09,30.86,38.33,22.83,0.01,24.49,37.22974475972733,40.8653566272128
2009-08-10,30.67,38.41,24.28,0.02,26.6,37.22974475972733,40.8653566272128
2009-08-11,28.63,36.54,21.41,0.0,27.6,37.22974475972733,40.8653566272128
2009-08-12,27.68,36.97,19.33,0.0,27.0,37.22974475972733,40.8653566272128
2009-08-13,28.79,39.08,18.24,0.0,27.35,37.22974475972733,40.8653566272128
2009-08-14,29.64,39.2,20.1,0.0,27.3,37.22974475972733,40.8653566272128
2009-08-15,31.49,41.49,22.5,0.0,27.22,37.22974475972733,40.8653566272128
2009-08-16,33.18,42.98,22.8,0.0,27.32,37.22974475972733,40.8653566272128
2009-08-17,32.83,42.58,23.63,0.0,26.18,37.22974475972733,40.8653566272128
2009-08-18,32.84,42.23,23.35,0.0,25.72,37.22974475972733,40.8653566272128
2009-08-19,33.73,43.15,24.85,0.0,25.0,37.22974475972733,40.8653566272128
2009-08-20,32.74,41.98,23.92,0.0,25.53,37.22974475972733,40.8653566272128
2009-08-21,31.97,41.05,24.72,0.0,25.62,37.22974475972733,40.8653566272128
2009-08-22,30.97,40.1,23.59,0.0,26.41,37.22974475972733,40.8653566272128
2009-08-23,29.84,38.93,21.94,0.0,27.26,37.22974475972733,40.8653566272128
2009-08-24,28.93,39.67,19.36,0.0,26.7,37.22974475972733,40.8653566272128
2009-08-25,29.62,38.17,21.33,0.0,25.13,37.22974475972733,40.8653566272128
2009-08-26,29.36,38.55,21.47,0.0,25.34,37.22974475972733,40.8653566272128
2009-08-27,27.89,36.79,18.86,0.01,25.55,37.22974475972733,40.8653566272128
2009-08-28,29.01,38.0,20.82,0.0,24.35,37.22974475972733,40.8653566272128
2009-08-29,29.48,37.69,21.85,0.0,24.12,37.22974475972733,40.8653566272128
2009-08-30,28.59,36.26,21.93,0.0,23.33,37.22974475972733,40.8653566272128
2009-08-31,29.92,39.74,20.55,0.0,24.22,37.22974475972733,40.8653566272128
2009-09-01,29.86,39.71,22.24,0.0,24.13,37.22974475972733,40.8653566272128
2009-09-02,28.73,38.49,19.62,0.0,23.11,37.22974475972733,40.8653566272128
2009-09-03,29.2,38.57,20.72,0.0,24.05,37.22974475972733,40.8653566272128
2009-09-04,29.86,40.19,19.94,0.0,22.96,37.22974475972733,40.8653566272128
2009-09-05,30.26,40.51,21.17,0.0,23.5,37.22974475972733,40.8653566272128
2009-09-06,29.48,39.25,20.22,0.0,23.18,37.22974475972733,40.8653566272128
2009-09-07,29.03,37.83,20.65,0.0,21.72,37.22974475972733,40.8653566272128
2009-09-08,27.62,35.56,21.6,0.0,22.16,37.22974475972733,40.8653566272128
2009-09-09,29.22,37.52,21.74,0.0,20.68,37.22974475972733,40.8653566272128
2009-09-10,25.88,32.74,20.61,0.0,21.72,37.22974475972733,40.8653566272128
2009-09-11,27.01,36.0,18.47,0.0,20.37,37.22974475972733,40.8653566272128
2009-09-12,27.61,35.89,20.78,0.0,21.15,37.22974475972733,40.8653566272128
2009-09-13,27.69,34.24,21.72,0.0,18.68,37.22974475972733,40.8653566272128
2009-09-14,27.55,35.46,19.69,0.01,19.73,37.22974475972733,40.8653566272128
2009-09-15,28.06,36.19,20.62,0.0,20.63,37.22974475972733,40.8653566272128
2009-09-16,27.78,35.27,21.52,0.0,20.53,37.22974475972733,40.8653566272128
2009-09-17,25.83,33.38,19.92,0.01,19.76,37.22974475972733,40.8653566272128
2009-09-18,25.14,32.38,18.43,0.0,19.2,37.22974475972733,40.8653566272128
2009-09-19,23.28,28.51,19.56,0.3,12.34,37.22974475972733,40.8653566272128
2009-09-20,22.38,27.6,18.38,1.19,14.34,37.22974475972733,40.8653566272128
2009-09-21,21.73,25.82,17.79,4.23,11.74,37.22974475972733,40.8653566272128
2009-09-22,21.72,28.18,15.97,0.23,18.77,37.22974475972733,40.8653566272128
2009-09-23,21.01,28.71,14.92,0.0,21.41,37.22974475972733,40.8653566272128
2009-09-24,22.95,31.78,16.66,0.0,21.07,37.22974475972733,40.8653566272128
2009-09-25,22.97,32.23,16.21,0.0,20.2,37.22974475972733,40.8653566272128
2009-09-26,23.29,32.62,15.64,0.0,20.09,37.22974475972733,40.8653566272128
2009-09-27,22.8,30.48,15.97,0.0,20.41,37.22974475972733,40.8653566272128
2009-09-28,16.99,24.28,11.15,0.0,21.61,37.22974475972733,40.8653566272128
2009-09-29,16.99,25.59,9.51,0.0,21.34,37.22974475972733,40.8653566272128
2009-09-30,18.77,27.1,11.68,0.0,20.52,37.22974475972733,40.8653566272128
2009-10-01,20.13,29.31,10.73,0.0,19.96,37.22974475972733,40.8653566272128
2009-10-02,21.78,31.72,12.74,0.0,19.77,37.22974475972733,40.8653566272128
2009-10-03,22.62,32.82,14.31,0.0,19.82,37.22974475972733,40.8653566272128
2009-10-04,23.66,33.63,16.52,0.0,19.11,37.22974475972733,40.8653566272128
2009-10-05,23.61,34.07,15.04,0.0,19.35,37.22974475972733,40.8653566272128
2009-10-06,21.98,29.66,15.85,0.03,16.4,37.22974475972733,40.8653566272128
2009-10-07,22.52,29.45,17.0,0.83,15.32,37.22974475972733,40.8653566272128
2009-10-08,22.82,30.55,16.15,0.0,17.07,37.22974475972733,40.8653566272128
2009-10-09,23.12,31.81,15.62,0.0,14.8,37.22974475972733,40.8653566272128
2009-10-10,22.54,31.35,16.62,0.02,16.28,37.22974475972733,40.8653566272128
2009-10-11,22.5,31.11,14.21,0.0,17.51,37.22974475972733,40.8653566272128
2009-10-12,22.51,32.13,15.02,0.0,15.43,37.22974475972733,40.8653566272128
2009-10-13,22.06,30.9,16.59,0.0,15.35,37.22974475972733,40.8653566272128
2009-10-14,21.33,30.16,15.83,0.0,15.44,37.22974475972733,40.8653566272128
2009-10-15,22.24,30.91,13.67,0.0,14.99,37.22974475972733,40.8653566272128
2009-10-16,24.5,33.2,16.49,0.0,15.83,37.22974475972733,40.8653566272128
2009-10-17,24.91,34.19,16.91,0.0,15.83,37.22974475972733,40.8653566272128
2009-10-18,24.8,34.46,17.25,0.0,16.28,37.22974475972733,40.8653566272128
2009-10-19,24.34,34.44,16.68,0.0,16.78,37.22974475972733,40.8653566272128
2009-10-20,23.95,33.11,16.01,0.0,15.05,37.22974475972733,40.8653566272128
2009-10-21,23.49,33.23,15.51,0.0,14.66,37.22974475972733,40.8653566272128
2009-10-22,23.26,29.93,19.6,0.0,12.36,37.22974475972733,40.8653566272128
2009-10-23,22.93,30.89,16.98,0.0,12.64,37.22974475972733,40.8653566272128
2009-10-24,21.91,30.99,15.02,0.0,14.14,37.22974475972733,40.8653566272128
2009-10-25,21.14,28.76,15.32,0.0,13.32,37.22974475972733,40.8653566272128
2009-10-26,20.67,29.22,14.05,0.0,13.66,37.22974475972733,40.8653566272128
2009-10-27,19.01,24.21,14.56,1.19,5.55,37.22974475972733,40.8653566272128
2009-10-28,17.15,22.11,13.27,7.26,7.63,37.22974475972733,40.8653566272128
2009-10-29,16.12,19.49,14.02,4.47,6.18,37.22974475972733,40.8653566272128
2009-10-30,15.34,19.39,13.16,5.18,2.84,37.22974475972733,40.8653566272128
2009-10-31,15.28,19.25,12.72,4.24,4.26,37.22974475972733,40.8653566272128
2009-11-01,14.55,20.45,11.15,17.16,6.59,37.22974475972733,40.8653566272128
2009-11-02,14.26,18.25,10.83,2.03,6.95,37.22974475972733,40.8653566272128
2009-11-03,11.51,14.94,8.71,4.23,6.17,37.22974475972733,40.8653566272128
2009-11-04,12.59,17.64,9.04,0.04,8.33,37.22974475972733,40.8653566272128
2009-11-05,13.61,20.57,9.24,0.05,6.31,37.22974475972733,40.8653566272128
2009-11-06,13.53,22.36,7.68,0.0,12.66,37.22974475972733,40.8653566272128
2009-11-07,15.12,23.54,8.39,0.0,12.48,37.22974475972733,40.8653566272128
2009-11-08,15.64,24.55,8.65,0.02,13.42,37.22974475972733,40.8653566272128
2009-11-09,16.54,24.36,11.51,0.04,11.24,37.22974475972733,40.8653566272128
2009-11-10,15.49,24.56,10.09,0.0,12.86,37.22974475972733,40.8653566272128
2009-11-11,16.22,24.87,9.77,0.0,13.14,37.22974475972733,40.8653566272128
2009-11-12,15.89,22.95,11.28,0.0,12.62,37.22974475972733,40.8653566272128
2009-11-13,13.93,22.19,8.04,0.01,10.3,37.22974475972733,40.8653566272128
2009-11-14,12.93,20.53,7.69,0.05,11.09,37.22974475972733,40.8653566272128
2009-11-15,12.6,17.42,9.22,0.13,9.98,37.22974475972733,40.8653566272128
2009-11-16,10.6,16.16,6.47,0.71,7.17,37.22974475972733,40.8653566272128
2009-11-17,9.78,13.79,7.44,4.84,5.75,37.22974475972733,40.8653566272128
2009-11-18,10.83,16.47,6.51,0.12,8.1,37.22974475972733,40.8653566272128
2009-11-19,8.67,15.19,4.72,0.0,11.08,37.22974475972733,40.8653566272128
2009-11-20,9.41,16.1,4.77,0.0,10.42,37.22974475972733,40.8653566272128
2009-11-21,10.28,18.02,5.54,0.0,10.1,37.22974475972733,40.8653566272128
2009-11-22,9.97,17.5,4.9,0.0,12.12,37.22974475972733,40.8653566272128
2009-11-23,8.91,17.88,2.6,0.0,11.62,37.22974475972733,40.8653566272128
2009-11-24,9.13,16.81,2.37,0.0,11.16,37.22974475972733,40.8653566272128
2009-11-25,9.07,14.56,5.0,0.07,4.19,37.22974475972733,40.8653566272128
2009-11-26,8.23,15.35,3.15,0.01,10.4,37.22974475972733,40.8653566272128
2009-11-27,9.32,17.67,2.97,0.0,11.56,37.22974475972733,40.8653566272128
2009-11-28,8.25,18.17,2.44,0.0,11.77,37.22974475972733,40.8653566272128
2009-11-29,9.01,17.68,2.03,0.0,11.14,37.22974475972733,40.8653566272128
2009-11-30,8.13,17.55,1.36,0.0,9.72,37.22974475972733,40.8653566272128
2009-12-01,8.66,17.63,3.63,0.0,11.44,37.22974475972733,40.8653566272128
2009-12-02,9.38,17.45,3.27,0.0,11.23,37.22974475972733,40.8653566272128
2009-12-03,7.31,14.83,2.01,0.0,10.45,37.22974475972733,40.8653566272128
2009-12-04,6.94,13.99,2.01,0.0,5.4,37.22974475972733,40.8653566272128
2009-12-05,7.4,15.13,2.01,0.09,7.77,37.22974475972733,40.8653566272128
2009-12-06,7.86,11.84,5.33,0.2,5.39,37.22974475972733,40.8653566272128
2009-12-07,6.54,7.89,5.63,3.91,1.67,37.22974475972733,40.8653566272128
2009-12-08,7.93,12.97,4.77,0.89,4.9,37.22974475972733,40.8653566272128
2009-12-09,7.3,14.34,1.68,0.27,8.75,37.22974475972733,40.8653566272128
2009-12-10,6.96,13.3,3.28,0.28,5.45,37.22974475972733,40.8653566272128
2009-12-11,7.52,13.75,3.54,0.32,3.77,37.22974475972733,40.8653566272128
2009-12-12,7.08,8.25,6.1,10.79,2.37,37.22974475972733,40.8653566272128
2009-12-13,8.51,11.93,5.57,4.54,2.03,37.22974475972733,40.8653566272128
2009-12-14,8.13,14.5,3.21,1.01,10.25,37.22974475972733,40.8653566272128
2009-12-15,5.71,11.74,0.21,0.02,8.76,37.22974475972733,40.8653566272128
2009-12-16,8.47,14.02,5.26,1.03,1.79,37.22974475972733,40.8653566272128
2009-12-17,8.84,12.86,6.89,6.59,1.66,37.22974475972733,40.8653566272128
2009-12-18,8.82,11.58,7.45,3.8,3.26,37.22974475972733,40.8653566272128
2009-12-19,9.15,11.3,6.19,17.82,2.25,37.22974475972733,40.8653566272128
2009-12-20,10.01,14.35,7.19,0.87,3.46,37.22974475972733,40.8653566272128
2009-12-21,9.21,12.22,7.18,0.23,3.47,37.22974475972733,40.8653566272128
2009-12-22,10.76,17.09,7.78,0.4,7.48,37.22974475972733,40.8653566272128
2009-12-23,11.23,18.84,6.29,0.01,9.07,37.22974475972733,40.8653566272128
2009-12-24,10.47,17.5,5.36,0.0,7.76,37.22974475972733,40.8653566272128
2009-12-25,10.65,17.68,5.59,0.0,9.02,37.22974475972733,40.8653566272128
2009-12-26,8.39,13.37,4.72,0.73,4.9,37.22974475972733,40.8653566272128
2009-12-27,8.39,16.31,4.13,0.11,8.69,37.22974475972733,40.8653566272128
2009-12-28,9.89,17.33,3.73,0.12,6.18,37.22974475972733,40.8653566272128
2009-12-29,10.73,15.76,8.18,0.8,5.52,37.22974475972733,40.8653566272128
2009-12-30,9.43,12.56,7.7,2.97,3.43,37.22974475972733,40.8653566272128
2009-12-31,8.27,14.47,3.49,0.64,6.74,37.22974475972733,40.8653566272128
2010-01-01,6.58,14.91,0.79,0.01,10.41,37.22974475972733,40.8653566272128
2010-01-02,8.01,11.06,6.12,1.55,2.38,37.22974475972733,40.8653566272128
2010-01-03,8.62,12.72,6.02,4.97,6.18,37.22974475972733,40.8653566272128
2010-01-04,10.26,14.44,7.23,4.2,4.28,37.22974475972733,40.8653566272128
2010-01-05,5.27,8.67,1.45,0.78,4.0,37.22974475972733,40.8653566272128
2010-01-06,4.06,14.09,-1.87,0.0,11.5,37.22974475972733,40.8653566272128
2010-01-07,6.18,16.25,0.08,0.0,10.75,37.22974475972733,40.8653566272128
2010-01-08,8.22,18.93,3.04,0.0,10.68,37.22974475972733,40.8653566272128
2010-01-09,8.45,18.67,2.37,0.0,10.76,37.22974475972733,40.8653566272128
2010-01-10,9.74,18.6,3.66,0.0,9.31,37.22974475972733,40.8653566272128
2010-01-11,8.38,15.12,3.75,0.0,8.75,37.22974475972733,40.8653566272128
2010-01-12,6.44,9.3,4.75,0.0,5.14,37.22974475972733,40.8653566272128
2010-01-13,8.26,15.17,4.55,0.65,3.17,37.22974475972733,40.8653566272128
2010-01-14,6.92,10.13,4.19,0.09,4.54,37.22974475972733,40.8653566272128
2010-01-15,6.92,10.8,3.84,0.92,4.47,37.22974475972733,40.8653566272128
2010-01-16,8.24,16.19,2.97,0.04,6.95,37.22974475972733,40.8653566272128
2010-01-17,10.24,15.92,6.04,0.01,6.17,37.22974475972733,40.8653566272128
2010-01-18,12.34,15.62,9.26,0.76,5.61,37.22974475972733,40.8653566272128
2010-01-19,8.77,11.23,6.58,19.38,3.37,37.22974475972733,40.8653566272128
2010-01-20,9.73,13.49,7.18,4.33,4.52,37.22974475972733,40.8653566272128
2010-01-21,8.1,12.25,3.69,3.56,6.91,37.22974475972733,40.8653566272128
2010-01-22,6.67,12.2,2.03,0.15,10.16,37.22974475972733,40.8653566272128
2010-01-23,7.48,12.47,4.06,2.32,3.89,37.22974475972733,40.8653566272128
2010-01-24,7.7,12.75,4.45,5.99,4.65,37.22974475972733,40.8653566272128
2010-01-25,4.75,8.69,-1.71,2.45,6.19,37.22974475972733,40.8653566272128
2010-01-26,-0.11,6.12,-4.37,0.27,12.85,37.22974475972733,40.8653566272128
2010-01-27,-0.71,7.57,-5.77,0.0,13.54,37.22974475972733,40.8653566272128
2010-01-28,-0.87,2.95,-4.67,0.44,5.05,37.22974475972733,40.8653566272128
2010-01-29,2.5,8.99,-0.91,0.27,6.7,37.22974475972733,40.8653566272128
2010-01-30,4.43,7.86,0.68,0.84,4.29,37.22974475972733,40.8653566272128
2010-01-31,8.48,11.73,5.22,6.91,3.67,37.22974475972733,40.8653566272128
2010-02-01,8.68,14.62,3.8,0.26,9.83,37.22974475972733,40.8653566272128
2010-02-02,8.49,15.04,3.01,0.0,10.77,37.22974475972733,40.8653566272128
2010-02-03,8.33,13.78,3.28,2.1,7.22,37.22974475972733,40.8653566272128
2010-02-04,3.88,9.14,-0.33,0.48,11.47,37.22974475972733,40.8653566272128
2010-02-05,2.38,7.35,-0.88,0.0,10.08,37.22974475972733,40.8653566272128
2010-02-06,1.79,8.46,-3.16,0.0,10.59,37.22974475972733,40.8653566272128
2010-02-07,3.06,10.41,-3.52,0.0,14.37,37.22974475972733,40.8653566272128
2010-02-08,2.4,6.71,-1.09,0.06,8.67,37.22974475972733,40.8653566272128
2010-02-09,3.11,6.35,1.24,1.97,4.34,37.22974475972733,40.8653566272128
2010-02-10,4.67,10.42,1.11,0.34,9.6,37.22974475972733,40.8653566272128
2010-02-11,4.86,9.37,1.52,0.23,5.55,37.22974475972733,40.8653566272128
2010-02-12,6.23,12.94,1.59,0.1,10.75,37.22974475972733,40.8653566272128
2010-02-13,9.45,16.76,2.19,0.01,10.76,37.22974475972733,40.8653566272128
2010-02-14,10.29,19.2,3.86,0.0,13.57,37.22974475972733,40.8653566272128
2010-02-15,11.53,18.96,5.07,1.75,6.29,37.22974475972733,40.8653566272128
2010-02-16,11.91,17.78,7.37,0.05,5.51,37.22974475972733,40.8653566272128
2010-02-17,14.02,21.02,7.25,0.0,11.49,37.22974475972733,40.8653566272128
2010-02-18,10.86,16.37,7.14,0.0,8.23,37.22974475972733,40.8653566272128
2010-02-19,11.25,19.12,5.74,0.13,11.82,37.22974475972733,40.8653566272128
2010-02-20,11.61,20.96,6.06,0.14,15.47,37.22974475972733,40.8653566272128
2010-02-21,11.69,18.61,6.22,0.01,8.13,37.22974475972733,40.8653566272128
2010-02-22,8.91,15.06,3.96,1.93,10.67,37.22974475972733,40.8653566272128
2010-02-23,7.67,13.41,3.17,0.28,9.84,37.22974475972733,40.8653566272128
2010-02-24,9.2,14.32,3.42,0.0,15.16,37.22974475972733,40.8653566272128
2010-02-25,8.11,14.93,3.37,1.01,5.91,37.22974475972733,40.8653566272128
2010-02-26,8.07,14.22,4.54,0.06,7.12,37.22974475972733,40.8653566272128
2010-02-27,8.75,13.12,5.71,0.97,6.65,37.22974475972733,40.8653566272128
2010-02-28,7.96,11.49,5.25,8.36,5.52,37.22974475972733,40.8653566272128
2010-03-01,8.93,14.3,5.35,8.27,8.94,37.22974475972733,40.8653566272128
2010-03-02,9.94,18.0,3.76,0.01,14.02,37.22974475972733,40.8653566272128
2010-03-03,11.02,17.03,7.54,14.89,6.31,37.22974475972733,40.8653566272128
2010-03-04,8.96,16.86,3.46,1.94,16.55,37.22974475972733,40.8653566272128
2010-03-05,6.46,10.07,2.75,0.23,6.63,37.22974475972733,40.8653566272128
2010-03-06,10.2,17.23,4.83,0.06,11.39,37.22974475972733,40.8653566272128
2010-03-07,12.12,17.55,6.93,0.03,9.27,37.22974475972733,40.8653566272128
2010-03-08,12.51,19.84,6.27,0.0,10.38,37.22974475972733,40.8653566272128
2010-03-09,15.0,21.69,9.7,0.2,9.97,37.22974475972733,40.8653566272128
2010-03-10,16.81,24.72,10.01,0.02,16.17,37.22974475972733,40.8653566272128
2010-03-11,15.61,24.29,9.17,0.0,11.62,37.22974475972733,40.8653566272128
2010-03-12,16.84,23.74,11.2,0.0,11.53,37.22974475972733,40.8653566272128
2010-03-13,15.9,20.47,12.63,0.03,10.08,37.22974475972733,40.8653566272128
2010-03-14,16.19,23.45,10.73,0.02,9.49,37.22974475972733,40.8653566272128
2010-03-15,17.84,26.42,11.07,0.0,12.94,37.22974475972733,40.8653566272128
2010-03-16,13.23,17.57,6.51,0.14,14.86,37.22974475972733,40.8653566272128
2010-03-17,9.54,17.59,2.79,0.0,22.59,37.22974475972733,40.8653566272128
2010-03-18,8.17,15.14,2.73,1.14,12.18,37.22974475972733,40.8653566272128
2010-03-19,7.09,15.08,0.56,0.04,22.79,37.22974475972733,40.8653566272128
2010-03-20,8.39,18.03,0.79,0.0,22.46,37.22974475972733,40.8653566272128
2010-03-21,9.84,19.48,2.76,0.0,23.18,37.22974475972733,40.8653566272128
2010-03-22,12.49,22.81,3.15,0.0,22.15,37.22974475972733,40.8653566272128
2010-03-23,14.46,25.43,5.87,0.0,23.19,37.22974475972733,40.8653566272128
2010-03-24,15.97,25.39,9.09,0.0,22.29,37.22974475972733,40.8653566272128
2010-03-25,14.84,23.99,7.09,0.0,18.58,37.22974475972733,40.8653566272128
2010-03-26,16.44,23.49,10.81,0.0,18.97,37.22974475972733,40.8653566272128
2010-03-27,15.2,21.12,9.94,0.01,16.94,37.22974475972733,40.8653566272128
2010-03-28,14.22,21.63,6.69,0.64,18.34,37.22974475972733,40.8653566272128
2010-03-29,15.48,21.28,10.1,0.33,13.7,37.22974475972733,40.8653566272128
2010-03-30,14.18,21.2,8.1,0.23,21.06,37.22974475972733,40.8653566272128
2010-03-31,11.62,19.67,4.44,0.03,22.39,37.22974475972733,40.8653566272128
2010-04-01,14.28,21.69,7.39,0.0,19.07,37.22974475972733,40.8653566272128
2010-04-02,16.81,24.05,8.7,0.01,21.34,37.22974475972733,40.8653566272128
2010-04-03,16.98,25.93,7.86,0.0,20.71,37.22974475972733,40.8653566272128
2010-04-04,17.76,26.45,9.71,0.0,23.23,37.22974475972733,40.8653566272128
2010-04-05,15.06,25.1,8.1,0.0,26.18,37.22974475972733,40.8653566272128
2010-04-06,15.9,25.28,6.06,0.0,23.42,37.22974475972733,40.8653566272128
2010-04-07,15.55,24.67,8.36,0.43,16.55,37.22974475972733,40.8653566272128
2010-04-08,12.7,19.24,7.09,0.01,20.64,37.22974475972733,40.8653566272128
2010-04-09,12.6,20.1,6.19,0.06,20.51,37.22974475972733,40.8653566272128
2010-04-10,13.49,19.8,6.87,0.4,20.14,37.22974475972733,40.8653566272128
2010-04-11,11.71,16.86,6.61,1.77,8.24,37.22974475972733,40.8653566272128
2010-04-12,15.49,23.2,9.38,0.4,18.57,37.22974475972733,40.8653566272128
2010-04-13,12.99,20.9,6.58,0.18,18.29,37.22974475972733,40.8653566272128
2010-04-14,15.0,24.09,5.59,0.0,26.82,37.22974475972733,40.8653566272128
2010-04-15,16.61,26.13,7.32,0.0,24.16,37.22974475972733,40.8653566272128
2010-04-16,19.12,28.86,10.68,0.0,22.38,37.22974475972733,40.8653566272128
2010-04-17,20.18,27.37,13.76,0.0,18.24,37.22974475972733,40.8653566272128
2010-04-18,20.37,28.68,14.42,0.0,22.06,37.22974475972733,40.8653566272128
2010-04-19,19.88,29.17,12.51,0.0,23.87,37.22974475972733,40.8653566272128
2010-04-20,20.62,29.88,11.31,0.0,25.6,37.22974475972733,40.8653566272128
2010-04-21,18.35,24.1,15.15,0.49,10.83,37.22974475972733,40.8653566272128
2010-04-22,17.79,23.63,11.34,1.69,19.41,37.22974475972733,40.8653566272128
2010-04-23,16.37,25.6,7.76,0.95,22.92,37.22974475972733,40.8653566272128
2010-04-24,17.48,26.41,9.36,0.0,25.45,37.22974475972733,40.8653566272128
2010-04-25,18.97,27.7,9.52,0.0,27.99,37.22974475972733,40.8653566272128
2010-04-26,19.01,26.87,10.13,0.04,24.24,37.22974475972733,40.8653566272128
2010-04-27,18.79,24.63,13.89,3.12,11.91,37.22974475972733,40.8653566272128
2010-04-28,17.73,23.01,13.06,5.81,11.95,37.22974475972733,40.8653566272128
2010-04-29,17.92,25.29,11.5,0.07,22.99,37.22974475972733,40.8653566272128
2010-04-30,17.98,24.72,11.61,1.68,18.66,37.22974475972733,40.8653566272128
2010-05-01,18.01,23.64,13.76,2.41,20.06,37.22974475972733,40.8653566272128
2010-05-02,15.45,20.59,10.41,1.93,12.73,37.22974475972733,40.8653566272128
2010-05-03,15.28,22.02,8.72,3.26,18.98,37.22974475972733,40.8653566272128
2010-05-04,17.72,25.71,8.62,0.03,24.57,37.22974475972733,40.8653566272128
2010-05-05,19.45,28.23,10.63,0.24,24.16,37.22974475972733,40.8653566272128
2010-05-06,20.03,29.26,11.26,0.38,22.85,37.22974475972733,40.8653566272128
2010-05-07,22.02,30.32,12.75,0.12,25.37,37.22974475972733,40.8653566272128
2010-05-08,23.24,32.91,13.91,0.0,26.35,37.22974475972733,40.8653566272128
2010-05-09,24.68,33.38,17.92,0.02,17.54,37.22974475972733,40.8653566272128
2010-05-10,25.16,33.81,15.73,0.73,26.15,37.22974475972733,40.8653566272128
2010-05-11,24.64,33.42,16.77,0.12,21.85,37.22974475972733,40.8653566272128
2010-05-12,26.44,36.18,17.69,0.0,23.64,37.22974475972733,40.8653566272128
2010-05-13,26.35,36.14,18.58,0.0,26.78,37.22974475972733,40.8653566272128
2010-05-14,26.79,37.23,18.01,0.0,26.06,37.22974475972733,40.8653566272128
2010-05-15,26.57,36.33,17.36,0.0,26.59,37.22974475972733,40.8653566272128
2010-05-16,27.92,36.98,19.43,0.0,24.13,37.22974475972733,40.8653566272128
2010-05-17,26.15,34.88,16.68,0.0,23.67,37.22974475972733,40.8653566272128
2010-05-18,21.13,28.14,14.16,0.09,26.03,37.22974475972733,40.8653566272128
2010-05-19,21.33,27.78,15.82,0.04,28.49,37.22974475972733,40.8653566272128
2010-05-20,20.95,29.52,11.76,0.0,30.24,37.22974475972733,40.8653566272128
2010-05-21,21.52,30.36,12.15,0.0,27.48,37.22974475972733,40.8653566272128
2010-05-22,22.53,30.9,13.68,0.0,26.41,37.22974475972733,40.8653566272128
2010-05-23,22.4,28.09,16.59,0.03,28.07,37.22974475972733,40.8653566272128
2010-05-24,21.26,29.26,12.93,0.02,26.7,37.22974475972733,40.8653566272128
2010-05-25,22.07,30.61,14.3,0.0,28.66,37.22974475972733,40.8653566272128
2010-05-26,24.0,33.55,13.75,0.0,29.46,37.22974475972733,40.8653566272128
2010-05-27,26.41,35.96,16.18,0.08,27.43,37.22974475972733,40.8653566272128
2010-05-28,26.68,33.88,20.88,0.71,13.23,37.22974475972733,40.8653566272128
2010-05-29,27.2,35.96,18.0,0.0,24.44,37.22974475972733,40.8653566272128
2010-05-30,28.15,37.01,20.01,0.03,22.93,37.22974475972733,40.8653566272128
2010-05-31,28.94,37.94,20.99,0.0,25.18,37.22974475972733,40.8653566272128
2010-06-01,30.65,39.89,19.79,0.0,29.39,37.22974475972733,40.8653566272128
2010-06-02,31.92,41.08,22.14,0.0,26.68,37.22974475972733,40.8653566272128
2010-06-03,29.96,39.52,20.78,0.0,29.12,37.22974475972733,40.8653566272128
2010-06-04,31.25,41.13,20.78,0.0,29.48,37.22974475972733,40.8653566272128
2010-06-05,33.66,43.26,23.83,0.52,24.13,37.22974475972733,40.8653566272128
2010-06-06,31.63,40.53,23.55,0.0,23.07,37.22974475972733,40.8653566272128
2010-06-07,27.86,34.69,20.51,0.0,29.62,37.22974475972733,40.8653566272128
2010-06-08,25.53,32.81,19.39,0.0,28.8,37.22974475972733,40.8653566272128
2010-06-09,27.04,35.13,18.98,0.0,27.84,37.22974475972733,40.8653566272128
2010-06-10,26.62,34.79,18.19,0.0,29.61,37.22974475972733,40.8653566272128
2010-06-11,27.81,36.59,18.38,0.0,26.51,37.22974475972733,40.8653566272128
2010-06-12,29.86,39.12,19.51,0.0,26.9,37.22974475972733,40.8653566272128
2010-06-13,33.1,42.65,24.01,0.0,29.53,37.22974475972733,40.8653566272128
2010-06-14,34.63,44.08,26.0,0.0,28.61,37.22974475972733,40.8653566272128
2010-06-15,32.06,41.09,23.74,0.0,25.31,37.22974475972733,40.8653566272128
2010-06-16,28.82,36.73,20.14,0.0,29.89,37.22974475972733,40.8653566272128
2010-06-17,31.0,39.57,22.77,0.2,26.56,37.22974475972733,40.8653566272128
2010-06-18,31.21,39.24,23.44,0.0,24.86,37.22974475972733,40.8653566272128
2010-06-19,32.25,39.9,24.84,0.49,23.97,37.22974475972733,40.8653566272128
2010-06-20,31.58,39.33,24.14,2.75,23.94,37.22974475972733,40.8653566272128
2010-06-21,30.68,38.91,21.82,0.0,28.89,37.22974475972733,40.8653566272128
2010-06-22,30.99,39.25,21.78,0.0,28.72,37.22974475972733,40.8653566272128
2010-06-23,28.89,35.52,22.06,0.0,29.04,37.22974475972733,40.8653566272128
2010-06-24,24.21,29.29,18.16,0.28,21.68,37.22974475972733,40.8653566272128
2010-06-25,25.79,34.14,17.1,0.0,30.87,37.22974475972733,40.8653566272128
2010-06-26,27.13,34.62,18.8,0.0,27.33,37.22974475972733,40.8653566272128
2010-06-27,27.05,35.14,18.62,0.0,30.89,37.22974475972733,40.8653566272128
2010-06-28,27.54,35.94,18.52,0.0,31.04,37.22974475972733,40.8653566272128
2010-06-29,27.1,35.46,18.38,0.0,31.21,37.22974475972733,40.8653566272128
2010-06-30,28.05,36.82,19.22,0.0,31.41,37.22974475972733,40.8653566272128
2010-07-01,29.0,37.09,19.59,0.0,31.0,37.22974475972733,40.8653566272128
2010-07-02,30.52,40.65,19.75,0.0,30.97,37.22974475972733,40.8653566272128
2010-07-03,33.53,42.71,24.26,0.0,30.55,37.22974475972733,40.8653566272128
2010-07-04,34.6,44.09,24.99,0.0,30.57,37.22974475972733,40.8653566272128
2010-07-05,33.22,42.26,23.05,0.0,29.64,37.22974475972733,40.8653566272128
2010-07-06,33.38,42.77,23.62,0.0,29.79,37.22974475972733,40.8653566272128
2010-07-07,32.12,41.19,23.21,0.0,29.7,37.22974475972733,40.8653566272128
2010-07-08,32.01,41.17,22.37,0.0,30.06,37.22974475972733,40.8653566272128
2010-07-09,30.8,39.79,21.79,0.0,30.37,37.22974475972733,40.8653566272128
2010-07-10,31.77,41.73,21.15,0.0,30.71,37.22974475972733,40.8653566272128
2010-07-11,34.58,44.61,23.69,0.0,29.85,37.22974475972733,40.8653566272128
2010-07-12,35.75,45.05,26.7,0.0,30.46,37.22974475972733,40.8653566272128
2010-07-13,35.42,45.43,24.78,0.26,30.51,37.22974475972733,40.8653566272128
2010-07-14,35.0,42.78,27.7,0.0,29.97,37.22974475972733,40.8653566272128
2010-07-15,33.7,41.46,26.38,0.0,28.87,37.22974475972733,40.8653566272128
2010-07-16,33.25,41.39,24.06,0.0,25.48,37.22974475972733,40.8653566272128
2010-07-17,32.5,40.1,24.15,0.0,24.5,37.22974475972733,40.8653566272128
2010-07-18,32.32,40.16,23.91,0.0,26.95,37.22974475972733,40.8653566272128
2010-07-19,33.86,42.36,24.34,0.0,27.39,37.22974475972733,40.8653566272128
2010-07-20,35.01,43.26,25.64,0.0,29.04,37.22974475972733,40.8653566272128
2010-07-21,35.24,43.95,27.27,0.0,28.21,37.22974475972733,40.8653566272128
2010-07-22,33.87,42.56,25.95,0.0,28.17,37.22974475972733,40.8653566272128
2010-07-23,33.81,42.24,25.02,0.0,26.26,37.22974475972733,40.8653566272128
2010-07-24,32.46,40.37,24.27,0.0,23.23,37.22974475972733,40.8653566272128
2010-07-25,32.01,39.55,23.53,0.0,24.17,37.22974475972733,40.8653566272128
2010-07-26,33.03,41.35,24.46,0.0,27.45,37.22974475972733,40.8653566272128
2010-07-27,35.86,45.67,26.57,0.0,28.48,37.22974475972733,40.8653566272128
2010-07-28,36.68,45.73,27.29,0.0,28.37,37.22974475972733,40.8653566272128
2010-07-29,35.82,44.48,28.13,0.0,28.9,37.22974475972733,40.8653566272128
2010-07-30,35.76,44.94,25.89,0.0,28.92,37.22974475972733,40.8653566272128
2010-07-31,34.95,44.42,25.06,0.0,28.93,37.22974475972733,40.8653566272128
2010-08-01,33.82,43.97,23.39,0.0,29.24,37.22974475972733,40.8653566272128
2010-08-02,34.21,43.48,24.06,0.0,28.76,37.22974475972733,40.8653566272128
2010-08-03,33.83,43.22,24.43,0.0,26.77,37.22974475972733,40.8653566272128
2010-08-04,34.45,43.89,25.5,0.0,26.66,37.22974475972733,40.8653566272128
2010-08-05,34.87,44.22,25.75,0.0,26.14,37.22974475972733,40.8653566272128
2010-08-06,35.74,45.04,25.08,0.0,24.97,37.22974475972733,40.8653566272128
2010-08-07,35.09,43.39,27.05,0.0,25.67,37.22974475972733,40.8653566272128
2010-08-08,34.08,42.33,26.61,0.0,27.69,37.22974475972733,40.8653566272128
2010-08-09,31.55,40.65,23.22,0.0,27.94,37.22974475972733,40.8653566272128
2010-08-10,32.43,41.16,24.83,0.0,27.57,37.22974475972733,40.8653566272128
2010-08-11,34.15,43.23,24.6,0.0,24.71,37.22974475972733,40.8653566272128
2010-08-12,34.71,43.86,25.96,0.0,25.29,37.22974475972733,40.8653566272128
2010-08-13,34.68,44.26,25.2,0.0,26.3,37.22974475972733,40.8653566272128
2010-08-14,35.44,44.76,25.15,0.0,26.49,37.22974475972733,40.8653566272128
2010-08-15,34.87,44.26,26.24,0.0,26.24,37.22974475972733,40.8653566272128
2010-08-16,34.36,43.29,25.83,0.0,25.35,37.22974475972733,40.8653566272128
2010-08-17,33.54,42.63,24.29,0.0,25.37,37.22974475972733,40.8653566272128
2010-08-18,33.99,43.22,25.84,0.0,25.68,37.22974475972733,40.8653566272128
2010-08-19,33.51,42.91,24.06,0.0,27.25,37.22974475972733,40.8653566272128
2010-08-20,34.79,44.12,26.33,0.0,26.7,37.22974475972733,40.8653566272128
2010-08-21,34.79,43.22,27.76,0.0,27.01,37.22974475972733,40.8653566272128
2010-08-22,33.69,43.2,26.15,0.0,26.01,37.22974475972733,40.8653566272128
2010-08-23,33.96,43.44,23.59,0.0,24.81,37.22974475972733,40.8653566272128
2010-08-24,34.89,44.14,27.41,0.0,24.52,37.22974475972733,40.8653566272128
2010-08-25,33.87,42.74,25.93,0.0,23.49,37.22974475972733,40.8653566272128
2010-08-26,32.48,41.04,23.79,0.04,20.03,37.22974475972733,40.8653566272128
2010-08-27,32.7,41.02,26.24,0.0,22.94,37.22974475972733,40.8653566272128
2010-08-28,32.46,40.7,24.88,0.0,23.85,37.22974475972733,40.8653566272128
2010-08-29,33.13,41.47,23.83,0.0,24.23,37.22974475972733,40.8653566272128
2010-08-30,32.27,41.18,23.48,0.0,24.42,37.22974475972733,40.8653566272128
2010-08-31,31.58,40.55,23.23,0.0,24.57,37.22974475972733,40.8653566272128
2010-09-01,31.95,40.83,23.72,0.0,22.74,37.22974475972733,40.8653566272128
2010-09-02,31.95,40.03,24.0,0.0,21.61,37.22974475972733,40.8653566272128
2010-09-03,30.46,38.96,22.7,0.0,23.66,37.22974475972733,40.8653566272128
2010-09-04,29.54,39.29,20.96,0.0,24.02,37.22974475972733,40.8653566272128
2010-09-05,31.13,40.84,22.83,0.0,23.09,37.22974475972733,40.8653566272128
2010-09-06,30.92,39.88,24.02,0.0,22.98,37.22974475972733,40.8653566272128
2010-09-07,30.11,38.46,22.88,0.0,22.42,37.22974475972733,40.8653566272128
2010-09-08,30.24,38.62,22.32,0.0,22.17,37.22974475972733,40.8653566272128
2010-09-09,29.85,39.04,21.1,0.0,22.86,37.22974475972733,40.8653566272128
2010-09-10,29.95,39.77,20.9,0.0,22.89,37.22974475972733,40.8653566272128
2010-09-11,30.71,39.07,24.26,0.0,22.57,37.22974475972733,40.8653566272128
2010-09-12,29.36,38.21,21.88,0.0,21.92,37.22974475972733,40.8653566272128
2010-09-13,28.03,35.59,22.05,0.0,21.72,37.22974475972733,40.8653566272128
2010-09-14,26.64,34.5,19.31,0.0,21.32,37.22974475972733,40.8653566272128
2010-09-15,27.61,36.41,20.6,0.0,22.33,37.22974475972733,40.8653566272128
2010-09-16,27.87,37.19,19.86,0.0,22.22,37.22974475972733,40.8653566272128
2010-09-17,27.94,37.51,19.39,0.0,22.0,37.22974475972733,40.8653566272128
2010-09-18,28.64,37.16,20.58,0.0,18.83,37.22974475972733,40.8653566272128
2010-09-19,29.35,38.19,22.29,0.0,21.56,37.22974475972733,40.8653566272128
2010-09-20,28.52,38.3,20.79,0.0,20.82,37.22974475972733,40.8653566272128
2010-09-21,29.31,38.47,20.53,0.0,19.87,37.22974475972733,40.8653566272128
2010-09-22,28.96,37.13,21.41,0.0,12.94,37.22974475972733,40.8653566272128
2010-09-23,28.74,35.52,23.09,0.0,16.25,37.22974475972733,40.8653566272128
2010-09-24,29.37,37.35,21.94,0.0,17.86,37.22974475972733,40.8653566272128
2010-09-25,27.25,34.42,21.85,0.2,6.81,37.22974475972733,40.8653566272128
2010-09-26,26.29,34.41,19.92,0.0,15.49,37.22974475972733,40.8653566272128
2010-09-27,27.42,35.77,20.51,0.0,16.7,37.22974475972733,40.8653566272128
2010-09-28,26.55,34.91,19.62,0.0,18.32,37.22974475972733,40.8653566272128
2010-09-29,25.84,33.83,18.43,0.0,19.08,37.22974475972733,40.8653566272128
2010-09-30,27.4,35.48,20.49,0.0,18.63,37.22974475972733,40.8653566272128
2010-10-01,25.49,33.18,19.82,0.07,17.57,37.22974475972733,40.8653566272128
2010-10-02,23.7,30.97,17.22,0.52,17.92,37.22974475972733,40.8653566272128
2010-10-03,24.64,31.76,19.65,4.66,12.68,37.22974475972733,40.8653566272128
2010-10-04,24.24,32.76,18.16,0.02,13.21,37.22974475972733,40.8653566272128
2010-10-05,23.48,30.06,18.83,0.0,16.65,37.22974475972733,40.8653566272128
2010-10-06,21.83,30.24,15.09,0.0,18.69,37.22974475972733,40.8653566272128
2010-10-07,21.57,29.13,13.72,0.0,17.44,37.22974475972733,40.8653566272128
2010-10-08,22.63,30.43,16.86,0.0,12.26,37.22974475972733,40.8653566272128
2010-10-09,20.49,26.62,15.56,0.0,16.12,37.22974475972733,40.8653566272128
2010-10-10,18.8,25.42,13.36,0.01,18.51,37.22974475972733,40.8653566272128
2010-10-11,16.58,21.3,13.52,2.6,13.85,37.22974475972733,40.8653566272128
2010-10-12,17.83,25.36,11.17,0.0,14.79,37.22974475972733,40.8653566272128
2010-10-13,19.23,27.25,11.59,0.08,12.3,37.22974475972733,40.8653566272128
2010-10-14,20.66,27.51,14.26,0.72,11.3,37.22974475972733,40.8653566272128
2010-10-15,21.34,28.68,15.6,3.42,7.65,37.22974475972733,40.8653566272128
2010-10-16,21.76,29.89,16.29,0.56,15.04,37.22974475972733,40.8653566272128
2010-10-17,21.77,29.06,17.32,0.01,15.97,37.22974475972733,40.8653566272128
2010-10-18,21.25,29.3,13.97,0.0,16.4,37.22974475972733,40.8653566272128
2010-10-19,22.13,31.61,14.28,0.0,15.67,37.22974475972733,40.8653566272128
2010-10-20,24.69,34.01,16.53,0.0,15.13,37.22974475972733,40.8653566272128
2010-10-21,25.43,33.65,18.77,0.0,13.28,37.22974475972733,40.8653566272128
2010-10-22,22.3,31.38,16.3,0.0,16.52,37.22974475972733,40.8653566272128
2010-10-23,21.22,30.76,13.04,0.02,13.32,37.22974475972733,40.8653566272128
2010-10-24,21.61,30.69,15.23,0.0,15.01,37.22974475972733,40.8653566272128
2010-10-25,21.68,29.07,16.22,0.0,13.32,37.22974475972733,40.8653566272128
2010-10-26,20.26,28.03,13.56,0.0,14.8,37.22974475972733,40.8653566272128
2010-10-27,21.14,28.63,16.29,0.0,15.07,37.22974475972733,40.8653566272128
2010-10-28,20.05,28.63,14.74,0.0,13.57,37.22974475972733,40.8653566272128
2010-10-29,20.33,27.15,16.17,0.45,13.15,37.22974475972733,40.8653566272128
2010-10-30,16.97,22.54,12.34,1.15,13.17,37.22974475972733,40.8653566272128
2010-10-31,13.91,21.93,8.8,0.51,15.77,37.22974475972733,40.8653566272128
2010-11-01,12.91,22.74,6.65,0.0,16.05,37.22974475972733,40.8653566272128
2010-11-02,13.12,23.58,5.01,0.0,15.56,37.22974475972733,40.8653566272128
2010-11-03,13.86,24.36,7.32,0.0,14.95,37.22974475972733,40.8653566272128
2010-11-04,13.83,24.29,6.47,0.0,15.05,37.22974475972733,40.8653566272128
2010-11-05,14.63,25.72,6.58,0.0,14.92,37.22974475972733,40.8653566272128
2010-11-06,15.9,26.24,8.37,0.0,14.66,37.22974475972733,40.8653566272128
2010-11-07,14.55,23.82,6.39,0.0,13.12,37.22974475972733,40.8653566272128
2010-11-08,14.09,22.81,5.91,0.0,13.63,37.22974475972733,40.8653566272128
2010-11-09,15.29,25.45,8.72,0.0,13.33,37.22974475972733,40.8653566272128
2010-11-10,17.57,26.78,11.0,0.0,12.93,37.22974475972733,40.8653566272128
2010-11-11,16.34,26.45,9.47,0.0,13.29,37.22974475972733,40.8653566272128
2010-11-12,16.43,26.7,8.54,0.0,13.19,37.22974475972733,40.8653566272128
2010-11-13,16.35,27.23,8.63,0.0,12.83,37.22974475972733,40.8653566272128
2010-11-14,17.35,28.03,10.8,0.0,12.47,37.22974475972733,40.8653566272128
2010-11-15,18.37,28.5,12.82,0.0,12.78,37.22974475972733,40.8653566272128
2010-11-16,18.19,26.98,12.49,0.0,11.27,37.22974475972733,40.8653566272128
2010-11-17,15.63,24.51,9.83,0.0,10.69,37.22974475972733,40.8653566272128
2010-11-18,15.73,24.8,8.49,0.0,12.05,37.22974475972733,40.8653566272128
2010-11-19,16.41,27.22,9.29,0.0,12.07,37.22974475972733,40.8653566272128
2010-11-20,16.81,26.71,10.58,0.0,12.31,37.22974475972733,40.8653566272128
2010-11-21,15.39,25.68,8.67,0.0,12.25,37.22974475972733,40.8653566272128
2010-11-22,14.39,24.14,8.81,0.0,11.89,37.22974475972733,40.8653566272128
2010-11-23,14.43,23.18,7.22,0.0,9.58,37.22974475972733,40.8653566272128
2010-11-24,12.65,20.34,6.78,0.0,9.15,37.22974475972733,40.8653566272128
2010-11-25,12.27,19.81,7.78,0.0,9.54,37.22974475972733,40.8653566272128
2010-11-26,13.52,22.55,7.04,0.0,9.5,37.22974475972733,40.8653566272128
2010-11-27,13.01,22.78,6.73,0.0,10.27,37.22974475972733,40.8653566272128
2010-11-28,13.65,22.41,8.03,0.0,10.45,37.22974475972733,40.8653566272128
2010-11-29,16.14,25.75,9.36,0.0,10.54,37.22974475972733,40.8653566272128
2010-11-30,15.25,24.18,8.09,0.0,10.86,37.22974475972733,40.8653566272128
2010-12-01,14.81,24.27,8.54,0.0,10.42,37.22974475972733,40.8653566272128
2010-12-02,14.17,23.91,6.91,0.0,9.53,37.22974475972733,40.8653566272128
2010-12-03,17.09,26.79,10.5,0.0,10.34,37.22974475972733,40.8653566272128
2010-12-04,17.3,27.3,10.54,0.0,10.61,37.22974475972733,40.8653566272128
2010-12-05,16.98,26.07,10.21,0.0,10.88,37.22974475972733,40.8653566272128
2010-12-06,12.9,21.55,8.61,0.0,8.57,37.22974475972733,40.8653566272128
2010-12-07,11.25,17.84,6.72,0.0,5.99,37.22974475972733,40.8653566272128
2010-12-08,11.16,19.0,5.17,0.0,9.85,37.22974475972733,40.8653566272128
2010-12-09,10.1,18.18,4.64,0.0,10.51,37.22974475972733,40.8653566272128
2010-12-10,8.92,16.0,2.95,0.0,7.31,37.22974475972733,40.8653566272128
2010-12-11,9.16,12.7,5.1,6.02,4.07,37.22974475972733,40.8653566272128
2010-12-12,8.53,13.07,4.93,3.45,3.54,37.22974475972733,40.8653566272128
2010-12-13,5.48,8.99,3.17,0.75,3.68,37.22974475972733,40.8653566272128
2010-12-14,4.5,6.88,1.59,3.04,2.59,37.22974475972733,40.8653566272128
2010-12-15,6.12,12.66,2.74,0.07,7.37,37.22974475972733,40.8653566272128
2010-12-16,5.5,13.4,1.07,0.0,7.71,37.22974475972733,40.8653566272128
2010-12-17,6.96,13.88,2.63,0.0,8.39,37.22974475972733,40.8653566272128
2010-12-18,7.0,12.7,3.63,0.94,6.81,37.22974475972733,40.8653566272128
2010-12-19,7.39,14.57,2.08,0.25,6.04,37.22974475972733,40.8653566272128
2010-12-20,8.65,16.91,4.11,0.01,9.77,37.22974475972733,40.8653566272128
2010-12-21,8.54,17.41,3.69,0.0,9.78,37.22974475972733,40.8653566272128
2010-12-22,8.44,17.44,3.17,0.0,10.11,37.22974475972733,40.8653566272128
2010-12-23,8.46,16.89,3.14,0.0,10.19,37.22974475972733,40.8653566272128
2010-12-24,7.87,17.66,2.33,0.0,10.15,37.22974475972733,40.8653566272128
2010-12-25,6.97,16.79,1.41,0.0,10.61,37.22974475972733,40.8653566272128
2010-12-26,7.03,17.01,1.21,0.0,9.51,37.22974475972733,40.8653566272128
2010-12-27,9.64,19.7,2.38,0.0,9.44,37.22974475972733,40.8653566272128
2010-12-28,10.25,19.41,3.88,0.0,8.95,37.22974475972733,40.8653566272128
2010-12-29,7.99,16.74,3.49,0.0,9.04,37.22974475972733,40.8653566272128
2010-12-30,7.13,11.93,4.46,0.93,6.4,37.22974475972733,40.8653566272128
2010-12-31,4.64,7.07,0.69,8.06,1.46,37.22974475972733,40.8653566272128
2011-01-01,3.77,11.65,-1.74,0.26,8.41,37.22974475972733,40.8653566272128
2011-01-02,3.11,10.87,-2.64,0.0,8.79,37.22974475972733,40.8653566272128
2011-01-03,3.96,12.25,-2.27,0.0,7.98,37.22974475972733,40.8653566272128
2011-01-04,3.5,5.5,0.81,3.83,6.77,37.22974475972733,40.8653566272128
2011-01-05,5.95,14.07,1.27,0.11,8.03,37.22974475972733,40.8653566272128
2011-01-06,6.15,14.09,0.34,0.0,7.13,37.22974475972733,40.8653566272128
2011-01-07,6.71,14.41,1.0,0.11,6.29,37.22974475972733,40.8653566272128
2011-01-08,6.88,13.61,2.8,2.1,5.09,37.22974475972733,40.8653566272128
2011-01-09,6.29,14.14,2.07,0.11,10.46,37.22974475972733,40.8653566272128
2011-01-10,4.98,13.36,0.04,0.02,11.15,37.22974475972733,40.8653566272128
2011-01-11,3.47,11.88,-1.69,0.0,11.56,37.22974475972733,40.8653566272128
2011-01-12,3.96,11.15,-2.07,0.0,11.89,37.22974475972733,40.8653566272128
2011-01-13,2.58,10.95,-3.06,0.01,11.57,37.22974475972733,40.8653566272128
2011-01-14,2.9,11.48,-2.7,0.0,8.6,37.22974475972733,40.8653566272128
2011-01-15,3.27,11.67,-2.18,0.44,9.38,37.22974475972733,40.8653566272128
2011-01-16,3.25,12.11,-1.76,0.0,11.6,37.22974475972733,40.8653566272128
2011-01-17,4.56,11.72,-1.57,0.0,9.78,37.22974475972733,40.8653566272128
2011-01-18,4.86,13.89,-2.17,0.0,11.93,37.22974475972733,40.8653566272128
2011-01-19,4.3,14.27,-2.07,0.0,12.18,37.22974475972733,40.8653566272128
2011-01-20,6.13,14.05,-1.06,0.0,12.38,37.22974475972733,40.8653566272128
2011-01-21,5.84,14.32,-2.02,0.0,12.41,37.22974475972733,40.8653566272128
2011-01-22,5.54,15.09,-1.39,0.0,11.44,37.22974475972733,40.8653566272128
2011-01-23,7.05,14.09,1.49,0.0,11.86,37.22974475972733,40.8653566272128
2011-01-24,4.95,12.03,-1.44,0.0,7.98,37.22974475972733,40.8653566272128
2011-01-25,6.6,13.11,3.19,0.01,9.95,37.22974475972733,40.8653566272128
2011-01-26,5.47,9.03,2.44,0.13,5.06,37.22974475972733,40.8653566272128
2011-01-27,6.27,8.25,5.14,4.29,1.71,37.22974475972733,40.8653566272128
2011-01-28,8.49,14.12,4.53,0.55,4.59,37.22974475972733,40.8653566272128
2011-01-29,6.19,8.26,3.19,1.38,2.83,37.22974475972733,40.8653566272128
2011-01-30,7.52,10.25,6.11,3.83,2.65,37.22974475972733,40.8653566272128
2011-01-31,6.88,11.77,1.69,2.6,6.49,37.22974475972733,40.8653566272128
2011-02-01,2.98,10.27,-2.92,0.3,12.78,37.22974475972733,40.8653566272128
2011-02-02,1.43,7.1,-2.83,0.59,8.9,37.22974475972733,40.8653566272128
2011-02-03,1.14,10.19,-4.24,0.0,14.62,37.22974475972733,40.8653566272128
2011-02-04,0.82,7.08,-3.73,0.2,6.41,37.22974475972733,40.8653566272128
2011-02-05,0.74,9.55,-4.37,0.0,14.04,37.22974475972733,40.8653566272128
2011-02-06,2.05,12.15,-4.1,0.0,15.25,37.22974475972733,40.8653566272128
2011-02-07,5.01,13.6,-1.05,0.0,14.58,37.22974475972733,40.8653566272128
2011-02-08,6.05,15.91,-0.78,0.0,15.35,37.22974475972733,40.8653566272128
2011-02-09,5.58,15.44,-1.17,0.0,15.21,37.22974475972733,40.8653566272128
2011-02-10,5.83,15.02,-0.17,0.0,15.51,37.22974475972733,40.8653566272128
2011-02-11,2.9,9.95,-1.9,0.0,16.09,37.22974475972733,40.8653566272128
2011-02-12,2.36,11.74,-3.82,0.0,16.03,37.22974475972733,40.8653566272128
2011-02-13,4.74,11.3,-1.13,0.58,6.97,37.22974475972733,40.8653566272128
2011-02-14,5.96,10.98,3.21,1.72,6.39,37.22974475972733,40.8653566272128
2011-02-15,4.64,5.76,3.61,5.25,2.66,37.22974475972733,40.8653566272128
2011-02-16,6.41,12.51,2.26,1.97,8.22,37.22974475972733,40.8653566272128
2011-02-17,5.32,13.4,-1.66,0.1,11.84,37.22974475972733,40.8653566272128
2011-02-18,8.76,15.85,2.95,0.0,16.14,37.22974475972733,40.8653566272128
2011-02-19,8.13,14.4,0.4,0.38,6.7,37.22974475972733,40.8653566272128
2011-02-20,9.73,15.61,4.35,1.81,10.16,37.22974475972733,40.8653566272128
2011-02-21,9.08,15.21,3.29,1.31,10.76,37.22974475972733,40.8653566272128
2011-02-22,8.28,14.66,2.43,0.0,9.64,37.22974475972733,40.8653566272128
2011-02-23,11.38,18.15,6.5,1.5,8.93,37.22974475972733,40.8653566272128
2011-02-24,12.53,19.64,6.1,1.89,12.21,37.22974475972733,40.8653566272128
2011-02-25,12.17,18.63,5.57,0.16,7.63,37.22974475972733,40.8653566272128
2011-02-26,10.13,16.12,5.25,2.15,10.62,37.22974475972733,40.8653566272128
2011-02-27,8.44,15.74,3.31,1.81,10.97,37.22974475972733,40.8653566272128
2011-02-28,9.24,13.11,5.83,10.4,7.57,37.22974475972733,40.8653566272128
2011-03-01,8.73,17.38,1.66,0.01,17.55,37.22974475972733,40.8653566272128
2011-03-02,8.5,17.05,1.97,0.0,19.25,37.22974475972733,40.8653566272128
2011-03-03,6.29,13.44,1.26,0.0,19.44,37.22974475972733,40.8653566272128
2011-03-04,5.88,15.83,-1.27,0.0,19.8,37.22974475972733,40.8653566272128
2011-03-05,6.07,15.29,-0.34,0.0,20.44,37.22974475972733,40.8653566272128
2011-03-06,7.63,16.43,-1.44,0.06,18.99,37.22974475972733,40.8653566272128
2011-03-07,8.5,13.12,4.74,2.99,6.58,37.22974475972733,40.8653566272128
2011-03-08,9.54,12.6,7.99,0.94,7.03,37.22974475972733,40.8653566272128
2011-03-09,10.63,17.89,4.54,2.3,12.13,37.22974475972733,40.8653566272128
2011-03-10,5.5,9.03,2.06,1.26,8.29,37.22974475972733,40.8653566272128
2011-03-11,5.35,10.64,0.99,2.4,9.31,37.22974475972733,40.8653566272128
2011-03-12,5.55,13.99,-1.14,0.48,18.62,37.22974475972733,40.8653566272128
2011-03-13,7.06,16.02,-0.25,0.0,20.92,37.22974475972733,40.8653566272128
2011-03-14,8.08,17.48,1.32,0.0,21.18,37.22974475972733,40.8653566272128
2011-03-15,9.06,18.35,1.01,0.0,21.7,37.22974475972733,40.8653566272128
2011-03-16,10.16,20.84,0.33,0.0,20.66,37.22974475972733,40.8653566272128
2011-03-17,12.4,22.62,3.18,0.0,21.42,37.22974475972733,40.8653566272128
2011-03-18,14.88,24.42,8.02,0.0,18.88,37.22974475972733,40.8653566272128
2011-03-19,14.16,23.93,7.9,0.0,10.93,37.22974475972733,40.8653566272128
2011-03-20,14.78,24.51,6.84,0.01,11.46,37.22974475972733,40.8653566272128
2011-03-21,14.6,23.64,10.11,0.33,14.13,37.22974475972733,40.8653566272128
2011-03-22,13.63,20.57,7.87,1.66,11.07,37.22974475972733,40.8653566272128
2011-03-23,10.89,18.9,4.77,0.61,17.19,37.22974475972733,40.8653566272128
2011-03-24,10.71,18.76,3.78,0.2,16.57,37.22974475972733,40.8653566272128
2011-03-25,10.69,19.0,4.38,0.01,22.99,37.22974475972733,40.8653566272128
2011-03-26,12.51,22.91,3.98,0.0,24.36,37.22974475972733,40.8653566272128
2011-03-27,12.3,22.76,4.6,0.0,23.0,37.22974475972733,40.8653566272128
2011-03-28,12.76,20.87,5.57,0.0,22.69,37.22974475972733,40.8653566272128
2011-03-29,13.47,21.72,6.99,0.0,22.27,37.22974475972733,40.8653566272128
2011-03-30,15.26,24.38,5.83,0.0,21.2,37.22974475972733,40.8653566272128
2011-03-31,16.93,25.52,7.0,0.0,21.94,37.22974475972733,40.8653566272128
2011-04-01,17.28,27.2,9.04,0.0,20.07,37.22974475972733,40.8653566272128
2011-04-02,19.46,27.71,12.94,0.0,11.94,37.22974475972733,40.8653566272128
2011-04-03,16.26,23.85,12.28,6.46,8.33,37.22974475972733,40.8653566272128
2011-04-04,16.09,24.29,10.08,2.38,6.3,37.22974475972733,40.8653566272128
2011-04-05,12.77,17.29,7.09,3.51,10.57,37.22974475972733,40.8653566272128
2011-04-06,14.77,20.37,10.01,1.03,17.41,37.22974475972733,40.8653566272128
2011-04-07,14.23,20.31,9.25,2.32,17.06,37.22974475972733,40.8653566272128
2011-04-08,13.9,18.13,9.94,10.06,14.86,37.22974475972733,40.8653566272128
2011-04-09,13.35,18.79,5.75,1.99,13.97,37.22974475972733,40.8653566272128
2011-04-10,12.68,16.5,8.61,10.69,5.52,37.22974475972733,40.8653566272128
2011-04-11,12.6,16.13,9.49,8.57,10.47,37.22974475972733,40.8653566272128
2011-04-12,10.35,16.31,5.22,5.9,7.31,37.22974475972733,40.8653566272128
2011-04-13,8.48,15.75,1.93,0.02,26.24,37.22974475972733,40.8653566272128
2011-04-14,11.12,18.85,2.68,0.0,24.72,37.22974475972733,40.8653566272128
2011-04-15,12.59,22.32,3.31,0.0,23.46,37.22974475972733,40.8653566272128
2011-04-16,14.95,24.57,5.1,0.0,24.01,37.22974475972733,40.8653566272128
2011-04-17,18.83,28.03,9.02,0.01,22.97,37.22974475972733,40.8653566272128
2011-04-18,21.84,31.5,14.95,0.0,20.24,37.22974475972733,40.8653566272128
2011-04-19,20.32,31.79,12.15,0.99,15.22,37.22974475972733,40.8653566272128
2011-04-20,17.24,23.94,10.75,0.05,21.09,37.22974475972733,40.8653566272128
2011-04-21,16.12,24.24,8.5,1.01,22.59,37.22974475972733,40.8653566272128
2011-04-22,15.13,19.05,10.94,24.8,8.1,37.22974475972733,40.8653566272128
2011-04-23,12.98,17.18,8.22,3.5,17.0,37.22974475972733,40.8653566272128
2011-04-24,14.61,21.69,6.8,0.1,19.54,37.22974475972733,40.8653566272128
2011-04-25,15.77,24.36,8.15,2.69,14.45,37.22974475972733,40.8653566272128
2011-04-26,14.69,20.18,8.9,1.51,17.91,37.22974475972733,40.8653566272128
2011-04-27,17.28,25.3,6.7,0.01,26.53,37.22974475972733,40.8653566272128
2011-04-28,17.47,26.11,8.93,0.75,20.38,37.22974475972733,40.8653566272128
2011-04-29,17.83,26.14,12.95,4.06,11.23,37.22974475972733,40.8653566272128
2011-04-30,16.18,21.52,12.3,12.52,13.43,37.22974475972733,40.8653566272128
2011-05-01,15.1,19.56,11.36,4.5,13.03,37.22974475972733,40.8653566272128
2011-05-02,15.38,21.19,10.45,1.29,15.02,37.22974475972733,40.8653566272128
2011-05-03,16.22,22.08,9.9,1.62,19.55,37.22974475972733,40.8653566272128
2011-05-04,19.38,27.63,10.49,0.0,23.32,37.22974475972733,40.8653566272128
2011-05-05,20.27,27.25,13.85,1.27,23.72,37.22974475972733,40.8653566272128
2011-05-06,19.18,26.44,12.73,0.03,24.41,37.22974475972733,40.8653566272128
2011-05-07,18.5,25.13,12.04,0.43,19.21,37.22974475972733,40.8653566272128
2011-05-08,18.49,25.81,10.79,0.0,24.52,37.22974475972733,40.8653566272128
2011-05-09,20.04,27.96,11.14,0.0,28.86,37.22974475972733,40.8653566272128
2011-05-10,21.15,29.33,12.43,0.04,23.47,37.22974475972733,40.8653566272128
2011-05-11,22.81,32.5,15.12,0.0,23.46,37.22974475972733,40.8653566272128
2011-05-12,19.14,27.98,11.59,1.48,23.63,37.22974475972733,40.8653566272128
2011-05-13,16.75,23.44,9.9,0.3,25.05,37.22974475972733,40.8653566272128
2011-05-14,15.43,21.92,9.13,1.52,20.48,37.22974475972733,40.8653566272128
2011-05-15,16.55,23.3,9.92,0.53,22.24,37.22974475972733,40.8653566272128
2011-05-16,19.14,28.02,10.41,0.26,25.54,37.22974475972733,40.8653566272128
2011-05-17,21.28,30.5,13.52,0.01,25.08,37.22974475972733,40.8653566272128
2011-05-18,23.43,32.87,14.22,0.01,23.35,37.22974475972733,40.8653566272128
2011-05-19,22.29,29.7,16.3,8.04,24.18,37.22974475972733,40.8653566272128
2011-05-20,21.94,28.79,14.31,0.58,19.87,37.22974475972733,40.8653566272128
2011-05-21,21.57,29.32,14.9,0.88,24.39,37.22974475972733,40.8653566272128
2011-05-22,20.5,29.05,12.75,0.0,28.66,37.22974475972733,40.8653566272128
2011-05-23,22.03,30.64,14.14,0.13,28.4,37.22974475972733,40.8653566272128
2011-05-24,22.45,31.53,14.32,0.0,30.3,37.22974475972733,40.8653566272128
2011-05-25,23.9,33.2,15.24,0.0,29.4,37.22974475972733,40.8653566272128
2011-05-26,24.61,33.36,16.69,0.0,28.59,37.22974475972733,40.8653566272128
2011-05-27,24.6,33.92,16.21,0.0,24.88,37.22974475972733,40.8653566272128
2011-05-28,22.54,29.01,17.04,0.01,15.35,37.22974475972733,40.8653566272128
2011-05-29,24.1,31.53,16.27,2.7,19.43,37.22974475972733,40.8653566272128
2011-05-30,25.24,34.66,17.31,0.57,24.31,37.22974475972733,40.8653566272128
2011-05-31,26.11,36.1,16.16,0.1,29.87,37.22974475972733,40.8653566272128
2011-06-01,27.92,38.18,17.29,2.78,18.35,37.22974475972733,40.8653566272128
2011-06-02,25.37,33.49,18.91,0.48,27.45,37.22974475972733,40.8653566272128
2011-06-03,24.97,33.57,16.93,0.0,30.22,37.22974475972733,40.8653566272128
2011-06-04,26.08,35.09,17.04,0.0,29.64,37.22974475972733,40.8653566272128
2011-06-05,26.52,35.51,17.65,0.11,24.83,37.22974475972733,40.8653566272128
2011-06-06,27.24,36.53,18.67,0.28,24.38,37.22974475972733,40.8653566272128
2011-06-07,27.35,36.09,18.56,0.0,29.15,37.22974475972733,40.8653566272128
2011-06-08,28.24,37.4,20.05,0.02,29.03,37.22974475972733,40.8653566272128
2011-06-09,28.34,36.46,20.99,0.0,31.2,37.22974475972733,40.8653566272128
2011-06-10,27.99,37.43,18.29,0.0,30.78,37.22974475972733,40.8653566272128
2011-06-11,25.66,32.73,18.14,0.11,29.59,37.22974475972733,40.8653566272128
2011-06-12,24.97,32.2,17.75,0.08,28.56,37.22974475972733,40.8653566272128
2011-06-13,24.02,30.59,17.1,0.17,25.33,37.22974475972733,40.8653566272128
2011-06-14,23.5,30.29,16.13,0.48,25.78,37.22974475972733,40.8653566272128
2011-06-15,24.89,32.96,16.18,0.0,28.13,37.22974475972733,40.8653566272128
2011-06-16,28.13,37.1,19.32,0.0,29.78,37.22974475972733,40.8653566272128
2011-06-17,28.14,37.11,19.12,0.0,30.64,37.22974475972733,40.8653566272128
2011-06-18,27.69,36.4,17.99,0.0,30.79,37.22974475972733,40.8653566272128
2011-06-19,28.23,37.35,17.99,0.0,30.88,37.22974475972733,40.8653566272128
2011-06-20,29.32,37.94,19.54,0.0,28.94,37.22974475972733,40.8653566272128
2011-06-21,30.97,39.5,22.54,0.0,31.71,37.22974475972733,40.8653566272128
2011-06-22,31.35,40.83,21.97,0.0,30.92,37.22974475972733,40.8653566272128
2011-06-23,30.89,40.13,21.93,0.0,31.14,37.22974475972733,40.8653566272128
2011-06-24,30.87,41.06,21.65,0.0,31.15,37.22974475972733,40.8653566272128
2011-06-25,30.26,40.39,20.22,0.0,30.76,37.22974475972733,40.8653566272128
2011-06-26,30.36,38.76,20.81,0.0,30.54,37.22974475972733,40.8653566272128
2011-06-27,29.06,37.55,21.05,0.0,29.76,37.22974475972733,40.8653566272128
2011-06-28,29.2,37.37,20.3,0.0,30.09,37.22974475972733,40.8653566272128
2011-06-29,28.08,35.92,19.26,0.0,30.5,37.22974475972733,40.8653566272128
2011-06-30,27.53,34.63,19.51,0.0,30.76,37.22974475972733,40.8653566272128
2011-07-01,29.34,38.51,20.59,0.0,31.49,37.22974475972733,40.8653566272128
2011-07-02,29.55,38.95,18.76,0.0,30.7,37.22974475972733,40.8653566272128
2011-07-03,30.99,39.42,23.0,0.0,30.37,37.22974475972733,40.8653566272128
2011-07-04,31.88,41.26,22.14,0.0,29.85,37.22974475972733,40.8653566272128
2011-07-05,32.55,41.46,23.52,0.0,30.46,37.22974475972733,40.8653566272128
2011-07-06,32.97,41.61,23.64,0.0,30.17,37.22974475972733,40.8653566272128
2011-07-07,32.54,41.92,22.85,0.0,30.11,37.22974475972733,40.8653566272128
2011-07-08,31.84,41.0,21.81,0.0,29.11,37.22974475972733,40.8653566272128
2011-07-09,34.14,43.68,23.46,0.0,30.16,37.22974475972733,40.8653566272128
2011-07-10,34.88,43.1,26.97,0.0,29.77,37.22974475972733,40.8653566272128
2011-07-11,34.52,43.36,25.98,0.0,26.85,37.22974475972733,40.8653566272128
2011-07-12,32.69,40.6,24.57,0.0,26.65,37.22974475972733,40.8653566272128
2011-07-13,32.77,40.88,24.29,0.0,27.81,37.22974475972733,40.8653566272128
2011-07-14,34.45,43.58,23.64,0.0,28.21,37.22974475972733,40.8653566272128
2011-07-15,33.26,41.6,25.36,0.0,28.58,37.22974475972733,40.8653566272128
2011-07-16,32.47,40.83,23.29,0.0,26.24,37.22974475972733,40.8653566272128
2011-07-17,32.49,40.13,24.6,0.0,22.35,37.22974475972733,40.8653566272128
2011-07-18,32.94,41.22,24.66,0.0,18.64,37.22974475972733,40.8653566272128
2011-07-19,34.0,40.91,27.92,0.0,18.62,37.22974475972733,40.8653566272128
2011-07-20,32.67,40.51,25.41,0.15,21.75,37.22974475972733,40.8653566272128
2011-07-21,32.48,40.12,24.41,0.0,25.6,37.22974475972733,40.8653566272128
2011-07-22,33.87,41.6,24.35,0.02,24.84,37.22974475972733,40.8653566272128
2011-07-23,33.28,41.25,25.32,0.06,26.04,37.22974475972733,40.8653566272128
2011-07-24,33.08,41.8,24.04,0.02,25.21,37.22974475972733,40.8653566272128
2011-07-25,33.68,42.06,26.49,0.0,27.71,37.22974475972733,40.8653566272128
2011-07-26,34.03,42.71,24.26,0.0,28.78,37.22974475972733,40.8653566272128
2011-07-27,35.55,46.05,26.2,0.0,29.44,37.22974475972733,40.8653566272128
2011-07-28,37.76,47.01,28.01,0.0,26.74,37.22974475972733,40.8653566272128
2011-07-29,36.52,44.94,29.59,0.0,23.1,37.22974475972733,40.8653566272128
2011-07-30,37.12,45.87,28.76,0.0,24.1,37.22974475972733,40.8653566272128
2011-07-31,36.57,45.4,27.69,0.0,27.71,37.22974475972733,40.8653566272128
2011-08-01,35.97,44.95,26.74,0.0,27.08,37.22974475972733,40.8653566272128
2011-08-02,37.17,46.36,28.05,0.0,26.08,37.22974475972733,40.8653566272128
2011-08-03,33.61,42.47,25.48,0.0,27.1,37.22974475972733,40.8653566272128
2011-08-04,33.27,42.47,23.99,0.0,27.68,37.22974475972733,40.8653566272128
2011-08-05,32.26,40.72,23.57,0.0,27.74,37.22974475972733,40.8653566272128
2011-08-06,33.45,42.63,23.8,0.0,27.5,37.22974475972733,40.8653566272128
2011-08-07,34.53,43.34,25.23,0.0,25.98,37.22974475972733,40.8653566272128
2011-08-08,34.22,42.69,26.7,0.0,26.54,37.22974475972733,40.8653566272128
2011-08-09,33.92,42.88,25.43,0.0,26.0,37.22974475972733,40.8653566272128
2011-08-10,34.65,43.25,25.88,0.0,25.62,37.22974475972733,40.8653566272128
2011-08-11,33.6,41.91,25.61,0.0,23.5,37.22974475972733,40.8653566272128
2011-08-12,30.82,38.14,22.74,0.0,25.74,37.22974475972733,40.8653566272128
2011-08-13,29.18,36.62,22.2,0.0,26.49,37.22974475972733,40.8653566272128
2011-08-14,29.33,37.18,21.6,0.0,25.86,37.22974475972733,40.8653566272128
2011-08-15,30.78,38.68,23.73,0.0,25.97,37.22974475972733,40.8653566272128
2011-08-16,30.98,39.12,22.74,0.0,24.86,37.22974475972733,40.8653566272128
2011-08-17,32.15,40.99,23.43,0.0,25.88,37.22974475972733,40.8653566272128
2011-08-18,32.17,40.45,23.44,0.0,25.56,37.22974475972733,40.8653566272128
2011-08-19,32.01,41.08,24.12,0.0,25.07,37.22974475972733,40.8653566272128
2011-08-20,29.51,37.0,22.15,0.0,23.79,37.22974475972733,40.8653566272128
2011-08-21,31.4,39.48,22.24,0.0,23.39,37.22974475972733,40.8653566272128
2011-08-22,32.36,41.0,24.06,0.0,24.24,37.22974475972733,40.8653566272128
2011-08-23,32.49,41.08,24.74,0.0,25.55,37.22974475972733,40.8653566272128
2011-08-24,31.27,40.38,22.86,0.0,26.25,37.22974475972733,40.8653566272128
2011-08-25,31.29,40.67,22.08,0.0,25.17,37.22974475972733,40.8653566272128
2011-08-26,31.5,40.19,23.81,0.0,25.29,37.22974475972733,40.8653566272128
2011-08-27,30.94,40.0,22.63,0.0,25.31,37.22974475972733,40.8653566272128
2011-08-28,31.08,40.68,21.78,0.0,25.15,37.22974475972733,40.8653566272128
2011-08-29,29.52,38.31,21.97,0.0,25.5,37.22974475972733,40.8653566272128
2011-08-30,29.14,38.38,20.61,0.0,25.43,37.22974475972733,40.8653566272128
2011-08-31,29.37,37.89,20.7,0.0,23.84,37.22974475972733,40.8653566272128
2011-09-01,29.27,38.33,20.89,0.0,23.79,37.22974475972733,40.8653566272128
2011-09-02,29.11,37.7,22.57,0.0,23.56,37.22974475972733,40.8653566272128
2011-09-03,28.18,36.01,20.77,0.0,21.4,37.22974475972733,40.8653566272128
2011-09-04,28.87,37.28,21.78,0.0,21.61,37.22974475972733,40.8653566272128
2011-09-05,29.96,38.71,22.27,0.0,22.07,37.22974475972733,40.8653566272128
2011-09-06,28.61,37.27,21.57,0.0,23.9,37.22974475972733,40.8653566272128
2011-09-07,27.7,37.12,20.32,0.0,24.39,37.22974475972733,40.8653566272128
2011-09-08,27.15,36.08,19.71,0.0,22.88,37.22974475972733,40.8653566272128
2011-09-09,27.67,36.07,20.63,0.0,22.26,37.22974475972733,40.8653566272128
2011-09-10,27.98,37.56,19.0,0.0,21.93,37.22974475972733,40.8653566272128
2011-09-11,28.59,37.18,21.66,0.0,22.99,37.22974475972733,40.8653566272128
2011-09-12,28.36,37.93,20.74,0.0,22.75,37.22974475972733,40.8653566272128
2011-09-13,28.71,38.49,20.57,0.0,22.33,37.22974475972733,40.8653566272128
2011-09-14,27.98,37.7,20.25,0.0,22.13,37.22974475972733,40.8653566272128
2011-09-15,27.67,36.71,21.14,0.0,21.03,37.22974475972733,40.8653566272128
2011-09-16,27.53,37.38,19.36,0.0,21.47,37.22974475972733,40.8653566272128
2011-09-17,28.78,38.63,20.21,0.0,21.22,37.22974475972733,40.8653566272128
2011-09-18,28.5,38.62,21.07,0.0,20.93,37.22974475972733,40.8653566272128
2011-09-19,27.69,35.83,20.52,0.0,20.83,37.22974475972733,40.8653566272128
2011-09-20,25.87,33.97,18.87,0.0,19.49,37.22974475972733,40.8653566272128
2011-09-21,26.29,34.94,19.16,0.0,20.24,37.22974475972733,40.8653566272128
2011-09-22,26.7,34.37,20.25,0.0,19.92,37.22974475972733,40.8653566272128
2011-09-23,26.85,34.08,19.38,0.0,9.71,37.22974475972733,40.8653566272128
2011-09-24,24.89,30.94,18.84,0.01,16.02,37.22974475972733,40.8653566272128
2011-09-25,25.05,31.79,18.56,0.29,17.01,37.22974475972733,40.8653566272128
2011-09-26,25.12,30.0,20.66,0.71,15.15,37.22974475972733,40.8653566272128
2011-09-27,24.42,31.22,19.33,1.98,15.42,37.22974475972733,40.8653566272128
2011-09-28,24.91,33.28,17.59,0.0,20.36,37.22974475972733,40.8653566272128
2011-09-29,24.04,31.91,17.04,1.34,17.09,37.22974475972733,40.8653566272128
2011-09-30,22.3,27.21,18.81,0.99,10.77,37.22974475972733,40.8653566272128
2011-10-01,20.03,26.85,14.49,0.11,16.56,37.22974475972733,40.8653566272128
2011-10-02,19.07,27.77,12.53,0.0,20.48,37.22974475972733,40.8653566272128
2011-10-03,18.7,27.18,11.91,0.0,19.97,37.22974475972733,40.8653566272128
2011-10-04,18.37,27.91,11.69,0.0,20.73,37.22974475972733,40.8653566272128
2011-10-05,18.82,29.36,10.19,0.0,20.42,37.22974475972733,40.8653566272128
2011-10-06,20.16,31.01,11.61,0.0,19.73,37.22974475972733,40.8653566272128
2011-10-07,20.52,30.1,12.97,0.0,18.91,37.22974475972733,40.8653566272128
2011-10-08,20.78,28.64,14.65,0.0,16.67,37.22974475972733,40.8653566272128
2011-10-09,21.36,29.29,15.16,0.0,15.56,37.22974475972733,40.8653566272128
2011-10-10,23.09,31.75,16.04,0.0,16.82,37.22974475972733,40.8653566272128
2011-10-11,25.39,34.17,17.33,0.0,16.57,37.22974475972733,40.8653566272128
2011-10-12,24.56,32.62,17.47,0.23,15.22,37.22974475972733,40.8653566272128
2011-10-13,20.25,26.56,14.85,3.08,16.12,37.22974475972733,40.8653566272128
2011-10-14,19.54,27.03,12.73,0.0,15.33,37.22974475972733,40.8653566272128
2011-10-15,20.67,29.02,14.0,0.0,12.97,37.22974475972733,40.8653566272128
2011-10-16,21.83,29.8,14.98,0.0,13.12,37.22974475972733,40.8653566272128
2011-10-17,21.08,29.1,15.09,0.0,13.71,37.22974475972733,40.8653566272128
2011-10-18,19.77,26.94,13.75,0.01,11.77,37.22974475972733,40.8653566272128
2011-10-19,16.64,21.78,9.77,9.03,11.51,37.22974475972733,40.8653566272128
2011-10-20,11.99,19.57,6.77,0.0,17.41,37.22974475972733,40.8653566272128
2011-10-21,13.47,22.96,6.44,0.0,17.54,37.22974475972733,40.8653566272128
2011-10-22,14.99,23.58,7.4,0.0,16.13,37.22974475972733,40.8653566272128
2011-10-23,16.26,25.75,9.6,0.0,15.76,37.22974475972733,40.8653566272128
2011-10-24,15.96,23.42,10.82,0.0,10.73,37.22974475972733,40.8653566272128
2011-10-25,17.09,23.48,13.2,0.0,7.62,37.22974475972733,40.8653566272128
2011-10-26,17.57,25.33,12.67,0.06,11.68,37.22974475972733,40.8653566272128
2011-10-27,15.74,23.2,10.68,0.47,8.31,37.22974475972733,40.8653566272128
2011-10-28,14.56,21.45,10.3,1.14,7.9,37.22974475972733,40.8653566272128
2011-10-29,13.6,21.62,7.8,1.54,10.42,37.22974475972733,40.8653566272128
2011-10-30,13.61,20.01,7.79,0.14,12.13,37.22974475972733,40.8653566272128
2011-10-31,12.63,18.92,8.2,0.37,11.24,37.22974475972733,40.8653566272128
2011-11-01,12.66,19.3,6.06,0.0,13.27,37.22974475972733,40.8653566272128
2011-11-02,12.57,19.57,7.89,0.0,13.23,37.22974475972733,40.8653566272128
2011-11-03,9.97,13.05,7.11,6.59,3.25,37.22974475972733,40.8653566272128
2011-11-04,11.35,17.2,6.54,2.99,7.63,37.22974475972733,40.8653566272128
2011-11-05,10.52,16.52,7.26,3.58,8.44,37.22974475972733,40.8653566272128
2011-11-06,10.35,17.95,4.97,0.19,11.86,37.22974475972733,40.8653566272128
2011-11-07,10.33,18.72,5.02,0.0,11.61,37.22974475972733,40.8653566272128
2011-11-08,7.21,15.99,2.04,0.0,14.36,37.22974475972733,40.8653566272128
2011-11-09,6.68,16.14,0.35,0.0,14.28,37.22974475972733,40.8653566272128
2011-11-10,6.19,15.44,-0.26,0.0,12.85,37.22974475972733,40.8653566272128
2011-11-11,7.14,14.89,1.02,0.28,4.27,37.22974475972733,40.8653566272128
2011-11-12,6.81,13.14,1.39,2.26,7.82,37.22974475972733,40.8653566272128
2011-11-13,5.27,14.4,-0.91,0.0,13.79,37.22974475972733,40.8653566272128
2011-11-14,5.66,10.28,1.53,0.07,5.23,37.22974475972733,40.8653566272128
2011-11-15,8.74,16.24,4.48,0.28,5.76,37.22974475972733,40.8653566272128
2011-11-16,8.72,17.02,2.92,0.01,10.23,37.22974475972733,40.8653566272128
2011-11-17,9.12,15.69,3.26,0.91,7.77,37.22974475972733,40.8653566272128
2011-11-18,9.62,12.51,7.72,13.87,3.56,37.22974475972733,40.8653566272128
2011-11-19,8.88,11.58,7.24,6.14,3.06,37.22974475972733,40.8653566272128
2011-11-20,8.99,14.93,5.55,2.56,10.01,37.22974475972733,40.8653566272128
2011-11-21,9.27,16.03,3.43,0.0,10.87,37.22974475972733,40.8653566272128
2011-11-22,8.09,16.93,2.63,0.0,11.48,37.22974475972733,40.8653566272128
2011-11-23,7.54,15.95,2.56,0.0,12.01,37.22974475972733,40.8653566272128
2011-11-24,6.24,14.4,1.41,0.0,12.39,37.22974475972733,40.8653566272128
2011-11-25,4.51,12.46,-0.03,0.0,11.9,37.22974475972733,40.8653566272128
2011-11-26,2.82,11.56,-2.61,0.0,12.3,37.22974475972733,40.8653566272128
2011-11-27,3.03,11.5,-2.32,0.0,11.92,37.22974475972733,40.8653566272128
2011-11-28,3.94,11.94,-1.01,0.0,11.18,37.22974475972733,40.8653566272128
2011-11-29,4.16,13.56,-2.09,0.0,11.28,37.22974475972733,40.8653566272128
2011-11-30,4.4,14.64,-1.73,0.0,11.92,37.22974475972733,40.8653566272128
2011-12-01,3.68,12.18,-0.63,0.0,11.22,37.22974475972733,40.8653566272128
2011-12-02,3.95,11.8,-2.58,0.0,10.78,37.22974475972733,40.8653566272128
2011-12-03,3.18,12.66,-2.57,0.0,10.83,37.22974475972733,40.8653566272128
2011-12-04,4.46,15.19,-1.51,0.0,11.49,37.22974475972733,40.8653566272128
2011-12-05,5.11,15.74,-1.65,0.0,10.93,37.22974475972733,40.8653566272128
2011-12-06,5.36,16.0,-1.08,0.0,11.08,37.22974475972733,40.8653566272128
2011-12-07,5.53,15.04,-1.49,0.0,10.33,37.22974475972733,40.8653566272128
2011-12-08,4.12,11.9,-1.96,0.35,8.4,37.22974475972733,40.8653566272128
2011-12-09,5.44,10.84,2.02,4.52,3.04,37.22974475972733,40.8653566272128
2011-12-10,3.4,8.34,-1.19,7.9,5.49,37.22974475972733,40.8653566272128
2011-12-11,2.78,12.04,-2.02,0.0,10.74,37.22974475972733,40.8653566272128
2011-12-12,3.29,12.92,-1.51,0.0,9.15,37.22974475972733,40.8653566272128
2011-12-13,4.74,13.96,-1.03,0.0,10.36,37.22974475972733,40.8653566272128
2011-12-14,4.41,10.64,-0.27,0.0,7.77,37.22974475972733,40.8653566272128
2011-12-15,6.84,15.44,1.7,0.0,7.65,37.22974475972733,40.8653566272128
2011-12-16,6.13,14.17,0.03,0.0,9.37,37.22974475972733,40.8653566272128
2011-12-17,3.94,8.22,-0.57,1.81,4.13,37.22974475972733,40.8653566272128
2011-12-18,5.39,12.59,0.26,0.0,6.52,37.22974475972733,40.8653566272128
2011-12-19,4.55,13.38,-0.28,0.0,7.47,37.22974475972733,40.8653566272128
2011-12-20,5.96,15.53,0.3,0.0,8.12,37.22974475972733,40.8653566272128
2011-12-21,6.13,14.39,-0.06,0.0,6.08,37.22974475972733,40.8653566272128
2011-12-22,8.36,15.77,4.08,0.0,5.59,37.22974475972733,40.8653566272128
2011-12-23,7.52,14.92,2.4,0.0,7.03,37.22974475972733,40.8653566272128
2011-12-24,6.4,11.65,2.78,1.52,2.99,37.22974475972733,40.8653566272128
2011-12-25,6.43,10.53,3.69,3.43,4.32,37.22974475972733,40.8653566272128
2011-12-26,6.03,12.04,1.31,0.72,5.34,37.22974475972733,40.8653566272128
2011-12-27,5.22,14.37,0.38,0.0,10.56,37.22974475972733,40.8653566272128
2011-12-28,4.69,14.59,-1.49,0.0,11.11,37.22974475972733,40.8653566272128
2011-12-29,5.05,13.7,-1.47,0.0,10.99,37.22974475972733,40.8653566272128
2011-12-30,2.59,10.98,-2.57,0.02,10.53,37.22974475972733,40.8653566272128
2011-12-31,2.81,6.06,-0.01,1.9,4.96,37.22974475972733,40.8653566272128
2012-01-01,4.55,10.03,0.57,0.24,4.0,37.22974475972733,40.8653566272128
2012-01-02,4.33,10.03,-0.02,2.57,4.77,37.22974475972733,40.8653566272128
2012-01-03,3.78,12.47,-0.97,0.0,10.91,37.22974475972733,40.8653566272128
2012-01-04,5.54,14.46,-0.55,0.0,11.13,37.22974475972733,40.8653566272128
2012-01-05,4.21,13.56,-1.83,0.0,11.16,37.22974475972733,40.8653566272128
2012-01-06,2.54,9.04,-2.08,0.34,4.76,37.22974475972733,40.8653566272128
2012-01-07,5.38,12.92,-0.79,0.0,6.64,37.22974475972733,40.8653566272128
2012-01-08,4.82,12.48,-0.16,0.03,4.41,37.22974475972733,40.8653566272128
2012-01-09,5.35,10.65,0.61,0.69,5.52,37.22974475972733,40.8653566272128
2012-01-10,6.86,13.62,2.21,0.52,7.4,37.22974475972733,40.8653566272128
2012-01-11,5.97,11.63,1.93,2.03,4.16,37.22974475972733,40.8653566272128
2012-01-12,5.34,10.56,2.15,0.41,5.33,37.22974475972733,40.8653566272128
2012-01-13,4.38,9.04,1.9,2.32,4.51,37.22974475972733,40.8653566272128
2012-01-14,3.78,10.31,-1.28,0.7,4.84,37.22974475972733,40.8653566272128
2012-01-15,4.93,8.52,2.22,2.11,4.41,37.22974475972733,40.8653566272128
2012-01-16,4.97,11.21,1.11,0.44,7.46,37.22974475972733,40.8653566272128
2012-01-17,2.93,6.28,0.59,1.8,3.22,37.22974475972733,40.8653566272128
2012-01-18,4.38,8.78,1.39,0.52,5.59,37.22974475972733,40.8653566272128
2012-01-19,1.65,7.17,-4.62,2.35,5.18,37.22974475972733,40.8653566272128
2012-01-20,-1.88,4.98,-5.81,0.01,11.19,37.22974475972733,40.8653566272128
2012-01-21,-0.17,6.84,-5.68,0.0,9.03,37.22974475972733,40.8653566272128
2012-01-22,0.33,5.13,-2.76,0.49,4.95,37.22974475972733,40.8653566272128
2012-01-23,2.15,8.35,-2.95,0.16,5.54,37.22974475972733,40.8653566272128
2012-01-24,1.83,9.91,-2.73,0.01,9.93,37.22974475972733,40.8653566272128
2012-01-25,1.5,5.19,-1.53,5.32,4.16,37.22974475972733,40.8653566272128
2012-01-26,3.2,7.54,0.51,3.12,3.51,37.22974475972733,40.8653566272128
2012-01-27,4.05,6.2,2.58,3.06,2.32,37.22974475972733,40.8653566272128
2012-01-28,4.93,11.2,-0.86,0.63,9.29,37.22974475972733,40.8653566272128
2012-01-29,3.38,11.32,-2.9,0.0,11.12,37.22974475972733,40.8653566272128
2012-01-30,3.84,9.62,-1.09,2.75,5.21,37.22974475972733,40.8653566272128
2012-01-31,1.54,2.89,0.62,15.58,2.51,37.22974475972733,40.8653566272128
2012-02-01,2.33,3.93,-0.07,11.49,2.97,37.22974475972733,40.8653566272128
2012-02-02,-0.64,5.93,-5.52,0.04,13.14,37.22974475972733,40.8653566272128
2012-02-03,0.28,10.58,-6.04,0.0,13.23,37.22974475972733,40.8653566272128
2012-02-04,3.07,13.51,-2.9,0.0,13.32,37.22974475972733,40.8653566272128
2012-02-05,3.82,14.19,-2.9,0.0,14.06,37.22974475972733,40.8653566272128
2012-02-06,3.57,12.66,-2.21,0.0,13.97,37.22974475972733,40.8653566272128
2012-02-07,1.54,2.44,0.83,7.23,1.84,37.22974475972733,40.8653566272128
2012-02-08,4.0,9.44,-0.07,2.21,8.08,37.22974475972733,40.8653566272128
2012-02-09,5.77,10.18,3.71,3.2,3.56,37.22974475972733,40.8653566272128
2012-02-10,5.4,11.28,-0.89,2.25,7.97,37.22974475972733,40.8653566272128
2012-02-11,1.65,9.91,-3.84,0.0,15.8,37.22974475972733,40.8653566272128
2012-02-12,2.73,13.69,-4.22,0.0,15.69,37.22974475972733,40.8653566272128
2012-02-13,4.74,12.61,-1.84,0.0,11.2,37.22974475972733,40.8653566272128
2012-02-14,6.41,15.8,0.21,0.0,13.82,37.22974475972733,40.8653566272128
2012-02-15,6.58,15.1,0.66,0.08,9.59,37.22974475972733,40.8653566272128
2012-02-16,5.56,11.9,-0.09,3.4,7.67,37.22974475972733,40.8653566272128
2012-02-17,4.37,7.62,-0.34,10.08,3.73,37.22974475972733,40.8653566272128
2012-02-18,2.98,5.43,-1.42,4.16,4.75,37.22974475972733,40.8653566272128
2012-02-19,1.6,9.58,-4.52,1.29,11.62,37.22974475972733,40.8653566272128
2012-02-20,1.1,9.09,-3.97,0.0,15.68,37.22974475972733,40.8653566272128
2012-02-21,2.17,11.29,-4.78,0.0,16.36,37.22974475972733,40.8653566272128
2012-02-22,2.8,12.34,-3.66,0.0,16.94,37.22974475972733,40.8653566272128
2012-02-23,3.12,12.87,-4.07,0.0,15.73,37.22974475972733,40.8653566272128
2012-02-24,3.48,11.29,-3.33,0.0,13.71,37.22974475972733,40.8653566272128
2012-02-25,4.16,12.65,-2.69,0.0,15.92,37.22974475972733,40.8653566272128
2012-02-26,5.78,13.96,-1.49,0.0,17.62,37.22974475972733,40.8653566272128
2012-02-27,7.68,14.57,1.83,1.9,5.03,37.22974475972733,40.8653566272128
2012-02-28,8.62,16.04,3.06,3.13,12.93,37.22974475972733,40.8653566272128
2012-02-29,6.84,10.88,3.81,6.51,5.44,37.22974475972733,40.8653566272128
2012-03-01,1.97,5.29,-1.43,2.46,7.08,37.22974475972733,40.8653566272128
2012-03-02,1.55,6.1,-1.61,0.56,9.4,37.22974475972733,40.8653566272128
2012-03-03,2.41,9.43,-4.21,0.01,15.29,37.22974475972733,40.8653566272128
2012-03-04,1.8,7.42,-2.51,3.91,8.53,37.22974475972733,40.8653566272128
2012-03-05,1.21,8.83,-4.08,0.0,17.44,37.22974475972733,40.8653566272128
2012-03-06,2.28,9.19,-3.12,0.23,7.52,37.22974475972733,40.8653566272128
2012-03-07,5.04,12.55,-1.04,0.45,8.53,37.22974475972733,40.8653566272128
2012-03-08,6.71,15.12,0.92,0.0,19.17,37.22974475972733,40.8653566272128
2012-03-09,7.19,15.87,-0.21,0.0,15.89,37.22974475972733,40.8653566272128
2012-03-10,4.1,11.2,-0.97,0.0,17.89,37.22974475972733,40.8653566272128
2012-03-11,3.69,13.16,-3.64,0.02,21.8,37.22974475972733,40.8653566272128
2012-03-12,4.03,8.39,0.87,0.21,7.58,37.22974475972733,40.8653566272128
2012-03-13,8.09,17.71,-0.53,0.0,16.19,37.22974475972733,40.8653566272128
2012-03-14,9.72,17.13,3.9,0.58,10.74,37.22974475972733,40.8653566272128
2012-03-15,8.78,14.71,4.6,1.31,12.85,37.22974475972733,40.8653566272128
2012-03-16,5.02,10.34,-0.95,0.7,11.5,37.22974475972733,40.8653566272128
2012-03-17,1.71,7.67,-2.58,0.01,20.88,37.22974475972733,40.8653566272128
2012-03-18,3.46,13.86,-5.02,0.0,22.9,37.22974475972733,40.8653566272128
2012-03-19,7.26,18.25,-2.43,0.0,22.68,37.22974475972733,40.8653566272128
2012-03-20,9.49,20.89,-0.03,0.0,22.84,37.22974475972733,40.8653566272128
2012-03-21,10.39,21.54,1.14,0.0,22.81,37.22974475972733,40.8653566272128
2012-03-22,9.83,20.38,1.03,0.0,22.88,37.22974475972733,40.8653566272128
2012-03-23,9.41,18.55,3.06,0.0,23.73,37.22974475972733,40.8653566272128
2012-03-24,9.73,20.06,1.48,0.0,22.99,37.22974475972733,40.8653566272128
2012-03-25,11.97,21.24,3.82,0.0,20.03,37.22974475972733,40.8653566272128
2012-03-26,10.75,16.69,6.09,0.22,8.6,37.22974475972733,40.8653566272128
2012-03-27,8.58,13.09,3.46,4.78,11.78,37.22974475972733,40.8653566272128
2012-03-28,8.74,16.65,0.56,0.14,17.82,37.22974475972733,40.8653566272128
2012-03-29,9.04,13.58,5.34,2.46,10.66,37.22974475972733,40.8653566272128
2012-03-30,8.96,15.38,4.39,0.46,17.84,37.22974475972733,40.8653566272128
2012-03-31,7.85,14.51,1.38,0.29,8.64,37.22974475972733,40.8653566272128
2012-04-01,11.79,20.18,3.64,0.06,17.52,37.22974475972733,40.8653566272128
2012-04-02,12.36,19.32,7.21,0.3,10.79,37.22974475972733,40.8653566272128
2012-04-03,13.84,23.61,6.16,0.08,24.37,37.22974475972733,40.8653566272128
2012-04-04,14.64,24.81,6.87,0.0,24.79,37.22974475972733,40.8653566272128
2012-04-05,16.24,25.84,6.17,0.0,23.22,37.22974475972733,40.8653566272128
2012-04-06,17.86,27.39,9.94,0.0,23.29,37.22974475972733,40.8653566272128
2012-04-07,19.39,28.68,9.72,0.0,22.42,37.22974475972733,40.8653566272128
2012-04-08,17.83,25.58,11.11,2.26,15.16,37.22974475972733,40.8653566272128
2012-04-09,19.32,29.19,11.53,0.28,20.36,37.22974475972733,40.8653566272128
2012-04-10,15.67,21.17,11.46,0.7,13.34,37.22974475972733,40.8653566272128
2012-04-11,17.35,24.64,11.24,5.35,14.28,37.22974475972733,40.8653566272128
2012-04-12,14.5,22.21,8.15,1.19,24.81,37.22974475972733,40.8653566272128
2012-04-13,15.78,25.42,6.81,0.0,24.97,37.22974475972733,40.8653566272128
2012-04-14,18.49,28.25,8.32,0.0,25.52,37.22974475972733,40.8653566272128
2012-04-15,17.83,23.97,12.32,0.08,13.04,37.22974475972733,40.8653566272128
2012-04-16,15.66,22.38,11.44,3.38,9.92,37.22974475972733,40.8653566272128
2012-04-17,15.88,23.55,8.47,0.3,24.81,37.22974475972733,40.8653566272128
2012-04-18,18.24,29.21,8.71,0.0,24.08,37.22974475972733,40.8653566272128
2012-04-19,16.09,22.91,11.19,0.06,22.65,37.22974475972733,40.8653566272128
2012-04-20,16.45,25.13,8.24,0.0,25.48,37.22974475972733,40.8653566272128
2012-04-21,17.39,25.85,9.73,0.0,23.53,37.22974475972733,40.8653566272128
2012-04-22,17.32,26.37,9.63,0.0,26.01,37.22974475972733,40.8653566272128
2012-04-23,17.92,27.61,8.73,0.0,27.66,37.22974475972733,40.8653566272128
2012-04-24,19.43,29.26,11.0,0.0,28.03,37.22974475972733,40.8653566272128
2012-04-25,20.82,30.86,10.82,0.0,27.01,37.22974475972733,40.8653566272128
2012-04-26,21.81,31.38,12.15,0.0,25.97,37.22974475972733,40.8653566272128
2012-04-27,21.79,31.44,12.62,0.0,21.23,37.22974475972733,40.8653566272128
2012-04-28,22.43,32.14,13.29,0.0,26.34,37.22974475972733,40.8653566272128
2012-04-29,23.68,33.59,15.08,0.93,24.66,37.22974475972733,40.8653566272128
2012-04-30,21.96,29.23,15.69,0.0,13.69,37.22974475972733,40.8653566272128
2012-05-01,24.15,32.76,15.61,0.0,25.75,37.22974475972733,40.8653566272128
2012-05-02,23.34,30.04,17.03,1.16,17.42,37.22974475972733,40.8653566272128
2012-05-03,22.64,29.25,17.12,0.08,20.92,37.22974475972733,40.8653566272128
2012-05-04,19.71,25.12,14.67,3.44,20.23,37.22974475972733,40.8653566272128
2012-05-05,20.73,28.0,14.87,0.34,24.46,37.22974475972733,40.8653566272128
2012-05-06,20.1,28.04,13.25,2.45,22.44,37.22974475972733,40.8653566272128
2012-05-07,18.91,26.02,11.82,0.4,21.28,37.22974475972733,40.8653566272128
2012-05-08,20.16,27.41,13.02,0.32,20.64,37.22974475972733,40.8653566272128
2012-05-09,23.44,31.95,14.67,0.02,27.21,37.22974475972733,40.8653566272128
2012-05-10,22.84,31.87,15.8,0.27,12.46,37.22974475972733,40.8653566272128
2012-05-11,24.45,33.74,17.54,0.04,25.99,37.22974475972733,40.8653566272128
2012-05-12,24.16,32.33,15.89,0.4,14.9,37.22974475972733,40.8653566272128
2012-05-13,23.49,31.37,16.29,0.02,24.68,37.22974475972733,40.8653566272128
2012-05-14,22.6,29.31,16.66,0.02,22.21,37.22974475972733,40.8653566272128
2012-05-15,20.9,27.85,13.52,1.68,23.16,37.22974475972733,40.8653566272128
2012-05-16,22.99,31.43,14.29,0.02,26.26,37.22974475972733,40.8653566272128
2012-05-17,23.89,31.98,17.04,1.4,23.05,37.22974475972733,40.8653566272128
2012-05-18,24.07,32.74,14.29,0.0,27.55,37.22974475972733,40.8653566272128
2012-05-19,24.96,34.08,17.77,0.02,13.43,37.22974475972733,40.8653566272128
2012-05-20,25.43,34.51,17.4,0.06,22.61,37.22974475972733,40.8653566272128
2012-05-21,21.01,29.04,12.44,0.0,27.86,37.22974475972733,40.8653566272128
2012-05-22,21.86,30.0,13.2,0.4,25.05,37.22974475972733,40.8653566272128
2012-05-23,23.35,31.69,13.81,0.15,26.71,37.22974475972733,40.8653566272128
2012-05-24,23.51,31.84,15.3,0.18,27.25,37.22974475972733,40.8653566272128
2012-05-25,20.76,27.82,13.16,0.01,26.52,37.22974475972733,40.8653566272128
2012-05-26,20.48,28.2,12.02,0.0,26.67,37.22974475972733,40.8653566272128
2012-05-27,22.98,31.97,14.07,0.0,26.42,37.22974475972733,40.8653566272128
2012-05-28,23.54,31.54,16.37,0.0,21.14,37.22974475972733,40.8653566272128
2012-05-29,26.74,35.48,18.2,0.04,25.04,37.22974475972733,40.8653566272128
2012-05-30,27.52,36.04,18.96,0.01,23.68,37.22974475972733,40.8653566272128
2012-05-31,24.14,32.6,14.76,0.0,29.27,37.22974475972733,40.8653566272128
2012-06-01,22.75,30.89,14.02,0.0,30.92,37.22974475972733,40.8653566272128
2012-06-02,24.6,33.95,14.22,0.0,30.94,37.22974475972733,40.8653566272128
2012-06-03,27.52,37.48,18.18,0.0,30.61,37.22974475972733,40.8653566272128
2012-06-04,29.63,39.15,18.37,0.0,30.69,37.22974475972733,40.8653566272128
2012-06-05,30.03,37.96,22.15,0.0,30.51,37.22974475972733,40.8653566272128
2012-06-06,28.8,37.42,18.95,0.0,30.98,37.22974475972733,40.8653566272128
2012-06-07,26.21,34.45,17.24,0.0,31.01,37.22974475972733,40.8653566272128
2012-06-08,27.08,35.66,17.99,0.0,29.35,37.22974475972733,40.8653566272128
2012-06-09,29.24,38.36,20.23,0.0,30.77,37.22974475972733,40.8653566272128
2012-06-10,31.02,40.22,21.83,0.0,30.25,37.22974475972733,40.8653566272128
2012-06-11,31.76,41.09,22.06,0.0,29.64,37.22974475972733,40.8653566272128
2012-06-12,32.3,41.51,22.58,0.0,29.71,37.22974475972733,40.8653566272128
2012-06-13,32.75,41.85,23.92,0.0,29.01,37.22974475972733,40.8653566272128
2012-06-14,33.35,42.45,24.93,0.0,28.25,37.22974475972733,40.8653566272128
2012-06-15,35.22,44.37,24.75,0.0,29.48,37.22974475972733,40.8653566272128
2012-06-16,35.59,44.52,26.32,0.0,29.04,37.22974475972733,40.8653566272128
2012-06-17,34.03,42.6,25.67,0.0,30.38,37.22974475972733,40.8653566272128
2012-06-18,29.38,36.8,20.89,0.0,30.89,37.22974475972733,40.8653566272128
2012-06-19,30.87,39.61,22.03,0.0,31.23,37.22974475972733,40.8653566272128
2012-06-20,30.67,39.41,22.21,0.0,31.05,37.22974475972733,40.8653566272128
2012-06-21,31.61,40.6,21.67,0.0,28.28,37.22974475972733,40.8653566272128
2012-06-22,31.89,40.66,23.55,0.0,25.03,37.22974475972733,40.8653566272128
2012-06-23,29.95,37.53,21.77,0.8,19.48,37.22974475972733,40.8653566272128
2012-06-24,29.29,36.63,21.43,0.0,25.57,37.22974475972733,40.8653566272128
2012-06-25,30.31,37.27,22.67,0.51,24.01,37.22974475972733,40.8653566272128
2012-06-26,31.21,39.13,22.63,0.0,26.67,37.22974475972733,40.8653566272128
2012-06-27,32.8,40.8,24.08,1.94,25.99,37.22974475972733,40.8653566272128
2012-06-28,33.2,40.21,25.92,0.0,26.53,37.22974475972733,40.8653566272128
2012-06-29,29.68,37.21,22.33,0.0,31.34,37.22974475972733,40.8653566272128
2012-06-30,29.34,37.05,21.76,0.0,31.63,37.22974475972733,40.8653566272128
2012-07-01,28.16,35.84,21.03,0.0,32.21,37.22974475972733,40.8653566272128
2012-07-02,27.2,35.88,19.17,0.0,31.68,37.22974475972733,40.8653566272128
2012-07-03,29.1,38.04,18.88,0.0,24.68,37.22974475972733,40.8653566272128
2012-07-04,27.76,35.31,19.26,0.0,29.27,37.22974475972733,40.8653566272128
2012-07-05,29.46,37.3,21.22,0.0,30.41,37.22974475972733,40.8653566272128
2012-07-06,30.52,38.75,22.57,0.0,30.28,37.22974475972733,40.8653566272128
2012-07-07,32.09,40.76,24.09,0.0,30.74,37.22974475972733,40.8653566272128
2012-07-08,32.13,40.34,24.22,0.0,29.46,37.22974475972733,40.8653566272128
2012-07-09,31.11,38.94,22.83,0.0,24.12,37.22974475972733,40.8653566272128
2012-07-10,31.11,39.02,22.49,0.0,25.56,37.22974475972733,40.8653566272128
2012-07-11,32.74,40.84,23.61,0.0,25.78,37.22974475972733,40.8653566272128
2012-07-12,33.4,41.93,24.99,0.0,27.87,37.22974475972733,40.8653566272128
2012-07-13,34.01,43.2,24.7,0.0,28.76,37.22974475972733,40.8653566272128
2012-07-14,34.35,43.47,24.3,0.0,29.4,37.22974475972733,40.8653566272128
2012-07-15,35.41,44.07,27.37,0.0,28.7,37.22974475972733,40.8653566272128
2012-07-16,35.24,42.72,26.7,0.0,29.85,37.22974475972733,40.8653566272128
2012-07-17,35.91,43.63,26.56,0.0,29.45,37.22974475972733,40.8653566272128
2012-07-18,35.82,45.0,27.05,0.0,29.28,37.22974475972733,40.8653566272128
2012-07-19,36.35,45.33,26.47,0.0,29.27,37.22974475972733,40.8653566272128
2012-07-20,35.59,44.27,27.09,0.0,29.42,37.22974475972733,40.8653566272128
2012-07-21,35.93,45.25,27.57,0.0,29.12,37.22974475972733,40.8653566272128
2012-07-22,36.16,45.29,27.07,0.0,25.76,37.22974475972733,40.8653566272128
2012-07-23,37.23,46.63,27.66,0.0,27.23,37.22974475972733,40.8653566272128
2012-07-24,36.7,46.0,27.67,0.0,27.04,37.22974475972733,40.8653566272128
2012-07-25,36.28,45.16,27.32,0.0,26.08,37.22974475972733,40.8653566272128
2012-07-26,35.61,44.74,27.37,0.0,28.31,37.22974475972733,40.8653566272128
2012-07-27,35.29,44.04,26.47,0.0,27.35,37.22974475972733,40.8653566272128
2012-07-28,34.92,41.91,27.8,0.0,25.0,37.22974475972733,40.8653566272128
2012-07-29,34.79,42.17,26.1,0.4,21.92,37.22974475972733,40.8653566272128
2012-07-30,35.06,43.0,26.9,1.42,19.88,37.22974475972733,40.8653566272128
2012-07-31,36.11,44.3,28.53,0.13,21.84,37.22974475972733,40.8653566272128
2012-08-01,34.32,41.34,28.55,0.0,25.32,37.22974475972733,40.8653566272128
2012-08-02,33.02,40.8,25.53,0.0,27.28,37.22974475972733,40.8653566272128
2012-08-03,32.28,41.38,23.11,0.0,28.5,37.22974475972733,40.8653566272128
2012-08-04,32.21,41.36,23.09,0.0,28.58,37.22974475972733,40.8653566272128
2012-08-05,32.15,41.85,22.47,0.0,28.26,37.22974475972733,40.8653566272128
2012-08-06,33.75,42.83,24.09,0.0,27.22,37.22974475972733,40.8653566272128
2012-08-07,33.81,41.43,26.71,0.0,24.27,37.22974475972733,40.8653566272128
2012-08-08,32.96,40.86,24.78,0.0,26.58,37.22974475972733,40.8653566272128
2012-08-09,32.38,40.8,24.12,0.0,26.69,37.22974475972733,40.8653566272128
2012-08-10,33.87,42.22,25.64,0.0,26.79,37.22974475972733,40.8653566272128
2012-08-11,33.73,42.28,25.0,0.0,26.35,37.22974475972733,40.8653566272128
2012-08-12,33.78,41.63,25.84,0.0,25.53,37.22974475972733,40.8653566272128
2012-08-13,32.41,39.8,25.58,0.0,25.22,37.22974475972733,40.8653566272128
2012-08-14,32.07,40.54,23.8,0.0,25.88,37.22974475972733,40.8653566272128
2012-08-15,32.34,40.81,24.97,0.0,25.75,37.22974475972733,40.8653566272128
2012-08-16,31.41,39.31,23.63,0.0,25.36,37.22974475972733,40.8653566272128
2012-08-17,32.12,40.33,24.72,0.0,25.4,37.22974475972733,40.8653566272128
2012-08-18,32.6,40.9,24.3,0.0,25.09,37.22974475972733,40.8653566272128
2012-08-19,31.1,39.34,24.46,0.0,25.3,37.22974475972733,40.8653566272128
2012-08-20,30.8,39.2,21.44,0.0,25.84,37.22974475972733,40.8653566272128
2012-08-21,30.31,38.91,22.47,0.0,26.72,37.22974475972733,40.8653566272128
2012-08-22,31.35,40.66,22.48,0.0,26.17,37.22974475972733,40.8653566272128
2012-08-23,32.24,41.94,23.91,0.0,26.21,37.22974475972733,40.8653566272128
2012-08-24,32.46,42.02,23.46,0.0,26.32,37.22974475972733,40.8653566272128
2012-08-25,33.31,43.02,24.91,0.0,24.37,37.22974475972733,40.8653566272128
2012-08-26,34.26,43.65,25.11,0.0,23.92,37.22974475972733,40.8653566272128
2012-08-27,33.64,42.68,25.64,0.0,23.56,37.22974475972733,40.8653566272128
2012-08-28,33.55,43.01,24.7,0.0,23.53,37.22974475972733,40.8653566272128
2012-08-29,33.24,42.57,24.1,0.0,22.1,37.22974475972733,40.8653566272128
2012-08-30,30.17,37.5,24.55,0.0,21.36,37.22974475972733,40.8653566272128
2012-08-31,29.67,36.84,22.64,0.0,20.9,37.22974475972733,40.8653566272128
2012-09-01,30.26,38.34,22.09,0.0,21.4,37.22974475972733,40.8653566272128
2012-09-02,30.14,38.59,22.91,0.34,20.06,37.22974475972733,40.8653566272128
2012-09-03,29.94,37.63,23.14,0.04,21.77,37.22974475972733,40.8653566272128
2012-09-04,30.31,38.79,22.42,0.0,24.03,37.22974475972733,40.8653566272128
2012-09-05,30.69,40.31,21.4,0.0,24.03,37.22974475972733,40.8653566272128
2012-09-06,31.16,41.26,21.95,0.0,24.3,37.22974475972733,40.8653566272128
2012-09-07,30.19,39.05,22.78,0.0,23.52,37.22974475972733,40.8653566272128
2012-09-08,29.63,38.44,22.61,0.0,22.09,37.22974475972733,40.8653566272128
2012-09-09,29.08,38.32,21.02,0.0,22.15,37.22974475972733,40.8653566272128
2012-09-10,29.99,38.99,23.4,0.0,19.0,37.22974475972733,40.8653566272128
2012-09-11,29.61,37.97,22.5,0.0,18.24,37.22974475972733,40.8653566272128
2012-09-12,29.61,36.84,22.89,0.01,14.99,37.22974475972733,40.8653566272128
2012-09-13,28.77,36.66,22.41,0.0,19.2,37.22974475972733,40.8653566272128
2012-09-14,26.74,35.46,19.27,0.0,22.67,37.22974475972733,40.8653566272128
2012-09-15,27.96,38.28,19.87,0.0,22.77,37.22974475972733,40.8653566272128
2012-09-16,28.27,38.61,20.03,0.0,22.45,37.22974475972733,40.8653566272128
2012-09-17,28.4,37.99,21.01,0.0,22.15,37.22974475972733,40.8653566272128
2012-09-18,26.26,35.68,19.07,0.0,21.99,37.22974475972733,40.8653566272128
2012-09-19,26.71,35.24,20.38,0.0,21.14,37.22974475972733,40.8653566272128
2012-09-20,25.57,33.92,18.16,0.0,21.47,37.22974475972733,40.8653566272128
2012-09-21,25.69,34.38,17.78,0.0,20.53,37.22974475972733,40.8653566272128
2012-09-22,26.34,34.8,18.43,0.0,19.8,37.22974475972733,40.8653566272128
2012-09-23,26.2,34.78,18.75,0.0,20.54,37.22974475972733,40.8653566272128
2012-09-24,25.24,35.39,17.47,0.0,22.05,37.22974475972733,40.8653566272128
2012-09-25,25.22,35.46,17.68,0.0,21.3,37.22974475972733,40.8653566272128
2012-09-26,25.05,35.31,16.89,0.0,20.38,37.22974475972733,40.8653566272128
2012-09-27,25.22,35.25,17.28,0.0,20.14,37.22974475972733,40.8653566272128
2012-09-28,26.28,36.69,17.08,0.0,20.19,37.22974475972733,40.8653566272128
2012-09-29,26.92,36.18,17.34,0.0,19.96,37.22974475972733,40.8653566272128
2012-09-30,27.9,38.16,18.62,0.0,19.17,37.22974475972733,40.8653566272128
2012-10-01,29.25,38.69,20.58,0.0,18.41,37.22974475972733,40.8653566272128
2012-10-02,26.64,33.49,22.47,0.0,15.39,37.22974475972733,40.8653566272128
2012-10-03,28.21,35.83,22.42,0.48,13.25,37.22974475972733,40.8653566272128
2012-10-04,25.24,31.3,19.87,0.0,14.89,37.22974475972733,40.8653566272128
2012-10-05,23.22,31.14,17.24,0.0,17.03,37.22974475972733,40.8653566272128
2012-10-06,24.23,32.23,17.48,0.28,10.25,37.22974475972733,40.8653566272128
2012-10-07,26.23,33.31,20.63,0.57,14.53,37.22974475972733,40.8653566272128
2012-10-08,24.38,31.06,19.0,0.11,13.47,37.22974475972733,40.8653566272128
2012-10-09,21.92,29.24,15.3,0.0,16.38,37.22974475972733,40.8653566272128
2012-10-10,22.72,28.86,18.23,2.78,12.24,37.22974475972733,40.8653566272128
2012-10-11,22.98,29.77,17.06,0.01,10.87,37.22974475972733,40.8653566272128
2012-10-12,20.31,27.91,15.43,0.0,17.04,37.22974475972733,40.8653566272128
2012-10-13,21.15,30.13,14.14,0.0,16.72,37.22974475972733,40.8653566272128
2012-10-14,21.55,30.77,14.07,0.0,16.9,37.22974475972733,40.8653566272128
2012-10-15,22.18,31.56,14.77,0.0,17.18,37.22974475972733,40.8653566272128
2012-10-16,22.36,32.08,15.32,0.0,17.38,37.22974475972733,40.8653566272128
2012-10-17,22.45,32.43,14.17,0.0,17.24,37.22974475972733,40.8653566272128
2012-10-18,22.94,32.43,16.22,0.0,16.75,37.22974475972733,40.8653566272128
2012-10-19,22.11,31.43,14.64,0.0,15.73,37.22974475972733,40.8653566272128
2012-10-20,17.68,19.87,15.01,0.41,7.06,37.22974475972733,40.8653566272128
2012-10-21,19.43,25.95,14.75,1.19,11.26,37.22974475972733,40.8653566272128
2012-10-22,19.32,24.55,15.6,0.65,11.49,37.22974475972733,40.8653566272128
2012-10-23,19.09,23.17,16.02,3.77,6.52,37.22974475972733,40.8653566272128
2012-10-24,17.06,21.79,12.9,9.09,9.3,37.22974475972733,40.8653566272128
2012-10-25,15.91,19.25,13.78,8.16,3.08,37.22974475972733,40.8653566272128
2012-10-26,15.62,21.05,11.95,2.13,8.87,37.22974475972733,40.8653566272128
2012-10-27,15.77,21.8,11.12,0.22,13.38,37.22974475972733,40.8653566272128
2012-10-28,15.78,24.11,9.47,0.01,14.74,37.22974475972733,40.8653566272128
2012-10-29,15.94,24.87,9.44,0.0,15.14,37.22974475972733,40.8653566272128
2012-10-30,17.04,24.56,11.37,0.06,13.55,37.22974475972733,40.8653566272128
2012-10-31,16.51,24.53,9.36,0.0,13.07,37.22974475972733,40.8653566272128
2012-11-01,17.95,25.86,13.38,0.01,9.72,37.22974475972733,40.8653566272128
2012-11-02,17.89,25.82,12.37,0.0,10.43,37.22974475972733,40.8653566272128
2012-11-03,17.97,23.95,15.2,0.01,6.5,37.22974475972733,40.8653566272128
2012-11-04,18.8,25.84,14.0,0.0,12.75,37.22974475972733,40.8653566272128
2012-11-05,18.45,26.62,12.52,0.0,13.14,37.22974475972733,40.8653566272128
2012-11-06,16.8,24.69,11.78,0.0,13.41,37.22974475972733,40.8653566272128
2012-11-07,17.31,24.94,11.13,0.0,13.27,37.22974475972733,40.8653566272128
2012-11-08,17.19,24.86,10.8,0.0,11.42,37.22974475972733,40.8653566272128
2012-11-09,17.66,23.72,14.11,3.74,6.41,37.22974475972733,40.8653566272128
2012-11-10,16.6,22.06,13.12,3.15,6.37,37.22974475972733,40.8653566272128
2012-11-11,15.56,21.92,11.04,7.12,6.73,37.22974475972733,40.8653566272128
2012-11-12,14.11,19.92,10.01,4.38,9.88,37.22974475972733,40.8653566272128
2012-11-13,13.47,19.56,9.1,1.33,10.42,37.22974475972733,40.8653566272128
2012-11-14,12.86,20.33,7.97,0.43,10.51,37.22974475972733,40.8653566272128
2012-11-15,13.35,21.14,7.63,0.0,11.73,37.22974475972733,40.8653566272128
2012-11-16,13.75,22.4,7.04,0.0,12.84,37.22974475972733,40.8653566272128
2012-11-17,12.59,19.74,6.88,0.0,10.68,37.22974475972733,40.8653566272128
2012-11-18,11.36,17.09,6.67,0.4,8.53,37.22974475972733,40.8653566272128
2012-11-19,12.62,18.53,8.92,1.87,6.35,37.22974475972733,40.8653566272128
2012-11-20,13.05,20.96,6.9,0.0,10.21,37.22974475972733,40.8653566272128
2012-11-21,13.88,20.1,9.12,0.0,9.87,37.22974475972733,40.8653566272128
2012-11-22,12.22,17.88,6.88,0.05,7.51,37.22974475972733,40.8653566272128
2012-11-23,12.39,18.05,8.83,6.02,4.12,37.22974475972733,40.8653566272128
2012-11-24,11.01,15.11,8.61,0.78,4.83,37.22974475972733,40.8653566272128
2012-11-25,10.16,12.21,8.56,7.04,6.18,37.22974475972733,40.8653566272128
2012-11-26,11.64,16.91,7.23,0.4,7.11,37.22974475972733,40.8653566272128
2012-11-27,10.56,18.63,5.43,0.0,11.03,37.22974475972733,40.8653566272128
2012-11-28,9.45,18.18,3.39,0.0,11.46,37.22974475972733,40.8653566272128
2012-11-29,9.03,18.08,3.15,0.0,10.44,37.22974475972733,40.8653566272128
2012-11-30,9.24,14.87,4.39,0.0,9.23,37.22974475972733,40.8653566272128
2012-12-01,9.08,17.86,2.97,0.0,11.01,37.22974475972733,40.8653566272128
2012-12-02,11.33,20.56,5.81,0.0,10.52,37.22974475972733,40.8653566272128
2012-12-03,10.12,19.2,3.98,0.0,8.5,37.22974475972733,40.8653566272128
2012-12-04,7.8,11.22,4.2,7.59,2.3,37.22974475972733,40.8653566272128
2012-12-05,7.38,13.44,2.84,2.09,8.62,37.22974475972733,40.8653566272128
2012-12-06,6.4,12.73,0.69,2.12,4.85,37.22974475972733,40.8653566272128
2012-12-07,7.58,8.87,6.5,22.82,1.5,37.22974475972733,40.8653566272128
2012-12-08,8.29,12.88,3.8,19.32,3.82,37.22974475972733,40.8653566272128
2012-12-09,6.94,12.97,3.36,0.04,5.89,37.22974475972733,40.8653566272128
2012-12-10,6.7,11.84,3.36,1.14,3.15,37.22974475972733,40.8653566272128
2012-12-11,7.46,10.65,5.57,5.67,3.82,37.22974475972733,40.8653566272128
2012-12-12,7.23,12.99,1.97,0.0,7.46,37.22974475972733,40.8653566272128
2012-12-13,5.61,11.67,2.08,0.0,8.09,37.22974475972733,40.8653566272128
2012-12-14,5.34,14.01,1.18,0.0,9.67,37.22974475972733,40.8653566272128
2012-12-15,3.57,11.73,-1.47,0.0,9.71,37.22974475972733,40.8653566272128
2012-12-16,1.44,8.4,-2.08,0.0,7.58,37.22974475972733,40.8653566272128
2012-12-17,2.72,8.58,-1.81,0.8,3.43,37.22974475972733,40.8653566272128
2012-12-18,3.45,7.45,0.18,6.77,1.38,37.22974475972733,40.8653566272128
2012-12-19,4.79,6.09,3.35,10.43,3.49,37.22974475972733,40.8653566272128
2012-12-20,6.96,7.53,6.32,3.72,2.35,37.22974475972733,40.8653566272128
2012-12-21,5.82,7.22,4.81,1.79,3.22,37.22974475972733,40.8653566272128
2012-12-22,6.93,10.73,4.53,0.98,4.74,37.22974475972733,40.8653566272128
2012-12-23,7.68,12.64,5.52,0.7,3.76,37.22974475972733,40.8653566272128
2012-12-24,6.9,12.99,3.97,1.36,4.36,37.22974475972733,40.8653566272128
2012-12-25,7.11,15.07,2.63,0.0,8.43,37.22974475972733,40.8653566272128
2012-12-26,4.46,14.05,-0.73,0.0,10.95,37.22974475972733,40.8653566272128
2012-12-27,4.95,14.31,-0.65,0.0,11.16,37.22974475972733,40.8653566272128
2012-12-28,4.7,13.63,-0.59,0.0,8.86,37.22974475972733,40.8653566272128
2012-12-29,3.06,11.36,-1.39,0.0,9.87,37.22974475972733,40.8653566272128
2012-12-30,4.68,12.33,-0.58,0.0,6.7,37.22974475972733,40.8653566272128
2012-12-31,3.59,13.0,-1.27,0.0,11.1,37.22974475972733,40.8653566272128
2013-01-01,3.35,11.48,-2.46,0.0,10.62,37.22974475972733,40.8653566272128
2013-01-02,3.58,12.65,-1.55,0.0,10.25,37.22974475972733,40.8653566272128
2013-01-03,3.26,12.94,-1.78,0.0,11.1,37.22974475972733,40.8653566272128
2013-01-04,4.22,12.4,-2.65,0.0,9.51,37.22974475972733,40.8653566272128
2013-01-05,2.67,6.32,-0.21,2.72,2.75,37.22974475972733,40.8653566272128
2013-01-06,4.32,5.77,2.24,4.12,2.42,37.22974475972733,40.8653566272128
2013-01-07,6.35,11.62,4.23,10.63,3.09,37.22974475972733,40.8653566272128
2013-01-08,4.19,7.74,1.1,9.54,6.43,37.22974475972733,40.8653566272128
2013-01-09,0.29,3.23,-3.58,12.19,1.92,37.22974475972733,40.8653566272128
2013-01-10,-3.74,2.27,-8.61,3.41,6.73,37.22974475972733,40.8653566272128
2013-01-11,-4.03,3.28,-10.0,0.03,7.24,37.22974475972733,40.8653566272128
2013-01-12,-2.85,3.01,-6.04,0.11,5.73,37.22974475972733,40.8653566272128
2013-01-13,-1.34,5.88,-6.1,0.0,7.67,37.22974475972733,40.8653566272128
2013-01-14,0.09,7.9,-4.34,0.0,9.91,37.22974475972733,40.8653566272128
2013-01-15,-0.27,8.22,-5.13,0.0,10.83,37.22974475972733,40.8653566272128
2013-01-16,0.88,9.63,-4.09,0.0,11.39,37.22974475972733,40.8653566272128
2013-01-17,1.24,8.15,-2.66,0.0,10.7,37.22974475972733,40.8653566272128
2013-01-18,2.06,9.69,-2.46,0.0,10.31,37.22974475972733,40.8653566272128
2013-01-19,3.44,11.36,-0.88,0.0,8.55,37.22974475972733,40.8653566272128
2013-01-20,3.29,8.64,-0.19,0.04,7.84,37.22974475972733,40.8653566272128
2013-01-21,5.1,13.05,-1.67,0.02,10.86,37.22974475972733,40.8653566272128
2013-01-22,5.6,12.34,0.05,0.23,7.71,37.22974475972733,40.8653566272128
2013-01-23,7.69,14.47,2.9,0.06,6.18,37.22974475972733,40.8653566272128
2013-01-24,7.88,14.06,3.36,0.03,8.96,37.22974475972733,40.8653566272128
2013-01-25,6.78,11.26,3.93,0.11,4.23,37.22974475972733,40.8653566272128
2013-01-26,8.02,14.04,3.0,0.01,8.32,37.22974475972733,40.8653566272128
2013-01-27,9.43,13.97,4.68,15.08,3.13,37.22974475972733,40.8653566272128
2013-01-28,8.41,14.61,2.78,1.72,7.71,37.22974475972733,40.8653566272128
2013-01-29,8.27,14.58,2.95,0.66,12.47,37.22974475972733,40.8653566272128
2013-01-30,5.54,12.07,0.17,1.58,10.24,37.22974475972733,40.8653566272128
2013-01-31,4.15,5.54,2.6,13.7,2.89,37.22974475972733,40.8653566272128
2013-02-01,5.05,9.45,1.96,5.17,4.95,37.22974475972733,40.8653566272128
2013-02-02,5.09,11.32,-0.98,5.14,13.58,37.22974475972733,40.8653566272128
2013-02-03,4.9,11.94,-1.73,0.0,8.03,37.22974475972733,40.8653566272128
2013-02-04,6.61,14.49,0.32,0.0,11.92,37.22974475972733,40.8653566272128
2013-02-05,5.9,11.32,2.03,0.0,9.19,37.22974475972733,40.8653566272128
2013-02-06,6.53,13.08,2.41,10.85,4.58,37.22974475972733,40.8653566272128
2013-02-07,6.78,10.68,5.1,12.88,3.54,37.22974475972733,40.8653566272128
2013-02-08,7.92,13.29,3.68,0.03,6.55,37.22974475972733,40.8653566272128
2013-02-09,10.07,15.83,5.73,0.0,8.82,37.22974475972733,40.8653566272128
2013-02-10,9.62,16.08,3.89,0.0,11.68,37.22974475972733,40.8653566272128
2013-02-11,9.01,14.02,5.06,7.57,2.74,37.22974475972733,40.8653566272128
2013-02-12,6.7,11.73,3.12,1.64,11.93,37.22974475972733,40.8653566272128
2013-02-13,6.95,15.1,1.53,0.0,15.9,37.22974475972733,40.8653566272128
2013-02-14,6.27,14.79,-0.28,0.0,12.85,37.22974475972733,40.8653566272128
2013-02-15,7.73,15.08,2.23,0.82,10.49,37.22974475972733,40.8653566272128
2013-02-16,6.98,10.84,5.13,2.68,8.7,37.22974475972733,40.8653566272128
2013-02-17,7.77,12.14,4.89,1.76,7.47,37.22974475972733,40.8653566272128
2013-02-18,6.79,10.33,3.32,6.32,7.16,37.22974475972733,40.8653566272128
2013-02-19,7.73,13.34,3.15,0.82,14.54,37.22974475972733,40.8653566272128
2013-02-20,5.87,11.8,-0.49,2.07,7.51,37.22974475972733,40.8653566272128
2013-02-21,7.05,13.82,2.4,1.75,13.16,37.22974475972733,40.8653566272128
2013-02-22,6.62,12.24,0.45,0.52,10.34,37.22974475972733,40.8653566272128
2013-02-23,9.09,14.3,4.96,1.15,4.97,37.22974475972733,40.8653566272128
2013-02-24,9.72,16.13,6.02,0.01,15.31,37.22974475972733,40.8653566272128
2013-02-25,10.2,19.0,2.95,0.0,17.05,37.22974475972733,40.8653566272128
2013-02-26,9.8,17.7,2.94,0.0,17.42,37.22974475972733,40.8653566272128
2013-02-27,9.91,18.24,3.58,0.0,17.18,37.22974475972733,40.8653566272128
2013-02-28,9.05,15.92,5.12,1.31,11.22,37.22974475972733,40.8653566272128
2013-03-01,7.48,11.38,5.02,2.36,12.13,37.22974475972733,40.8653566272128
2013-03-02,7.67,13.47,1.15,1.35,14.96,37.22974475972733,40.8653566272128
2013-03-03,7.06,11.6,2.03,0.0,11.43,37.22974475972733,40.8653566272128
2013-03-04,9.79,15.76,6.24,0.04,14.11,37.22974475972733,40.8653566272128
2013-03-05,8.05,15.07,1.09,0.79,11.23,37.22974475972733,40.8653566272128
2013-03-06,3.34,10.14,-1.33,0.0,20.46,37.22974475972733,40.8653566272128
2013-03-07,5.57,13.8,-2.93,0.0,20.97,37.22974475972733,40.8653566272128
2013-03-08,4.5,10.71,-2.73,0.0,14.36,37.22974475972733,40.8653566272128
2013-03-09,7.72,16.24,2.08,0.0,17.25,37.22974475972733,40.8653566272128
2013-03-10,8.91,17.56,2.19,0.0,18.98,37.22974475972733,40.8653566272128
2013-03-11,9.96,17.74,2.82,0.0,19.18,37.22974475972733,40.8653566272128
2013-03-12,12.84,20.74,5.06,0.31,13.48,37.22974475972733,40.8653566272128
2013-03-13,14.12,20.87,9.17,0.14,13.94,37.22974475972733,40.8653566272128
2013-03-14,14.83,22.7,9.3,0.0,18.48,37.22974475972733,40.8653566272128
2013-03-15,14.84,22.07,8.96,0.01,17.47,37.22974475972733,40.8653566272128
2013-03-16,14.57,18.41,11.73,1.61,10.2,37.22974475972733,40.8653566272128
2013-03-17,10.32,15.09,6.17,3.48,14.3,37.22974475972733,40.8653566272128
2013-03-18,6.68,12.99,1.11,0.53,18.5,37.22974475972733,40.8653566272128
2013-03-19,7.65,16.0,0.01,0.0,20.54,37.22974475972733,40.8653566272128
2013-03-20,10.11,17.79,3.64,0.0,20.12,37.22974475972733,40.8653566272128
2013-03-21,12.69,21.47,3.01,0.0,22.27,37.22974475972733,40.8653566272128
2013-03-22,11.97,18.89,4.38,1.54,17.26,37.22974475972733,40.8653566272128
2013-03-23,9.43,15.34,2.57,6.9,11.55,37.22974475972733,40.8653566272128
2013-03-24,6.66,14.38,0.37,1.41,21.21,37.22974475972733,40.8653566272128
2013-03-25,10.31,18.55,1.17,0.0,23.3,37.22974475972733,40.8653566272128
2013-03-26,11.62,20.05,3.49,0.0,12.41,37.22974475972733,40.8653566272128
2013-03-27,11.37,17.84,6.34,0.43,16.0,37.22974475972733,40.8653566272128
2013-03-28,11.83,18.72,6.9,0.0,18.14,37.22974475972733,40.8653566272128
2013-03-29,13.82,20.82,8.34,0.0,20.5,37.22974475972733,40.8653566272128
2013-03-30,14.28,21.24,7.06,1.03,18.33,37.22974475972733,40.8653566272128
2013-03-31,16.57,24.87,8.37,0.0,20.95,37.22974475972733,40.8653566272128
2013-04-01,16.91,23.29,9.35,0.0,17.83,37.22974475972733,40.8653566272128
2013-04-02,17.21,25.68,10.74,0.0,20.07,37.22974475972733,40.8653566272128
2013-04-03,17.83,24.69,11.74,0.0,21.76,37.22974475972733,40.8653566272128
2013-04-04,17.18,25.12,10.1,1.62,16.75,37.22974475972733,40.8653566272128
2013-04-05,15.58,21.65,10.93,3.31,16.62,37.22974475972733,40.8653566272128
2013-04-06,18.72,28.66,12.21,0.0,22.85,37.22974475972733,40.8653566272128
2013-04-07,21.46,32.39,12.28,0.0,24.55,37.22974475972733,40.8653566272128
2013-04-08,21.23,30.11,14.8,0.0,24.28,37.22974475972733,40.8653566272128
2013-04-09,14.85,20.87,9.15,0.0,21.56,37.22974475972733,40.8653566272128
2013-04-10,12.51,16.41,9.49,2.9,12.67,37.22974475972733,40.8653566272128
2013-04-11,14.36,19.18,9.71,0.73,19.19,37.22974475972733,40.8653566272128
2013-04-12,15.49,22.87,8.43,0.26,20.58,37.22974475972733,40.8653566272128
2013-04-13,16.88,25.89,9.55,0.0,25.75,37.22974475972733,40.8653566272128
2013-04-14,17.75,26.54,8.48,0.0,26.36,37.22974475972733,40.8653566272128
2013-04-15,18.75,26.13,11.28,0.37,18.74,37.22974475972733,40.8653566272128
2013-04-16,15.91,22.84,9.36,2.75,11.45,37.22974475972733,40.8653566272128
2013-04-17,12.98,18.8,8.23,0.69,18.75,37.22974475972733,40.8653566272128
2013-04-18,14.25,19.77,8.42,0.47,18.62,37.22974475972733,40.8653566272128
2013-04-19,14.42,19.66,8.4,4.68,15.46,37.22974475972733,40.8653566272128
2013-04-20,12.52,18.67,7.67,6.28,19.83,37.22974475972733,40.8653566272128
2013-04-21,12.13,18.65,5.87,1.27,21.51,37.22974475972733,40.8653566272128
2013-04-22,11.78,16.67,6.79,5.72,15.6,37.22974475972733,40.8653566272128
2013-04-23,13.52,22.04,5.95,0.36,26.11,37.22974475972733,40.8653566272128
2013-04-24,13.07,21.09,5.72,0.0,25.6,37.22974475972733,40.8653566272128
2013-04-25,14.84,24.22,5.77,0.0,28.57,37.22974475972733,40.8653566272128
2013-04-26,17.88,28.41,9.38,0.0,26.9,37.22974475972733,40.8653566272128
2013-04-27,19.9,29.44,10.31,0.0,27.88,37.22974475972733,40.8653566272128
2013-04-28,21.45,31.58,11.51,0.0,28.4,37.22974475972733,40.8653566272128
2013-04-29,22.4,33.52,12.61,0.0,27.04,37.22974475972733,40.8653566272128
2013-04-30,24.06,35.15,13.78,0.0,26.26,37.22974475972733,40.8653566272128
2013-05-01,23.11,32.35,16.01,0.01,26.4,37.22974475972733,40.8653566272128
2013-05-02,24.17,33.41,16.15,0.0,27.27,37.22974475972733,40.8653566272128
2013-05-03,24.37,32.81,15.19,0.01,25.13,37.22974475972733,40.8653566272128
2013-05-04,24.95,32.76,17.47,0.38,22.46,37.22974475972733,40.8653566272128
2013-05-05,24.61,33.4,16.97,0.0,22.41,37.22974475972733,40.8653566272128
2013-05-06,22.7,29.13,17.33,0.0,20.08,37.22974475972733,40.8653566272128
2013-05-07,20.14,24.81,16.98,0.11,21.2,37.22974475972733,40.8653566272128
2013-05-08,23.0,30.16,15.01,1.38,24.21,37.22974475972733,40.8653566272128
2013-05-09,19.57,24.74,14.74,2.96,18.97,37.22974475972733,40.8653566272128
2013-05-10,21.14,28.21,14.49,3.13,20.37,37.22974475972733,40.8653566272128
2013-05-11,21.55,28.28,15.4,19.96,11.98,37.22974475972733,40.8653566272128
2013-05-12,17.73,23.46,12.14,15.35,18.27,37.22974475972733,40.8653566272128
2013-05-13,17.42,21.87,12.31,0.59,15.31,37.22974475972733,40.8653566272128
2013-05-14,17.99,23.55,11.93,7.81,17.04,37.22974475972733,40.8653566272128
2013-05-15,17.36,24.1,12.3,4.07,20.09,37.22974475972733,40.8653566272128
2013-05-16,18.4,25.45,11.3,0.51,21.15,37.22974475972733,40.8653566272128
2013-05-17,20.19,28.95,10.75,0.0,25.55,37.22974475972733,40.8653566272128
2013-05-18,22.14,30.99,14.48,0.12,23.16,37.22974475972733,40.8653566272128
2013-05-19,21.75,29.78,15.12,0.28,28.96,37.22974475972733,40.8653566272128
2013-05-20,21.37,28.99,14.04,2.8,16.83,37.22974475972733,40.8653566272128
2013-05-21,18.82,23.47,15.01,2.31,12.63,37.22974475972733,40.8653566272128
2013-05-22,23.1,31.3,13.66,0.01,28.35,37.22974475972733,40.8653566272128
2013-05-23,26.66,34.37,18.38,0.0,28.32,37.22974475972733,40.8653566272128
2013-05-24,27.76,36.66,18.22,0.0,27.72,37.22974475972733,40.8653566272128
2013-05-25,25.63,34.51,18.93,3.62,17.29,37.22974475972733,40.8653566272128
2013-05-26,23.82,32.78,15.69,0.0,27.87,37.22974475972733,40.8653566272128
2013-05-27,23.85,33.39,15.82,0.66,30.82,37.22974475972733,40.8653566272128
2013-05-28,23.02,32.37,14.76,2.34,24.17,37.22974475972733,40.8653566272128
2013-05-29,23.23,32.09,14.31,0.0,30.54,37.22974475972733,40.8653566272128
2013-05-30,25.02,32.65,17.09,0.0,24.43,37.22974475972733,40.8653566272128
2013-05-31,26.16,36.15,17.83,0.0,24.41,37.22974475972733,40.8653566272128
2013-06-01,26.14,34.89,18.0,0.1,27.67,37.22974475972733,40.8653566272128
2013-06-02,25.62,34.32,17.89,0.0,30.38,37.22974475972733,40.8653566272128
2013-06-03,26.8,36.3,18.16,0.0,29.49,37.22974475972733,40.8653566272128
2013-06-04,25.76,35.0,17.92,0.0,32.01,37.22974475972733,40.8653566272128
2013-06-05,24.54,33.52,16.25,0.0,30.95,37.22974475972733,40.8653566272128
2013-06-06,22.96,30.81,14.38,0.0,29.92,37.22974475972733,40.8653566272128
2013-06-07,23.4,31.42,15.5,0.09,27.21,37.22974475972733,40.8653566272128
2013-06-08,23.68,31.59,15.83,0.0,29.88,37.22974475972733,40.8653566272128
2013-06-09,26.23,34.21,18.39,0.47,24.78,37.22974475972733,40.8653566272128
2013-06-10,26.15,35.13,18.11,0.0,27.5,37.22974475972733,40.8653566272128
2013-06-11,25.3,34.42,16.69,0.41,29.81,37.22974475972733,40.8653566272128
2013-06-12,26.69,35.7,17.22,0.0,30.95,37.22974475972733,40.8653566272128
2013-06-13,27.32,36.03,18.47,0.0,30.75,37.22974475972733,40.8653566272128
2013-06-14,26.2,35.22,16.94,0.0,31.44,37.22974475972733,40.8653566272128
2013-06-15,25.69,34.72,16.69,0.0,31.83,37.22974475972733,40.8653566272128
2013-06-16,25.62,35.1,15.79,0.0,31.2,37.22974475972733,40.8653566272128
2013-06-17,27.71,36.32,19.06,0.0,29.31,37.22974475972733,40.8653566272128
2013-06-18,29.08,38.04,20.2,0.25,25.79,37.22974475972733,40.8653566272128
2013-06-19,28.34,35.49,22.01,0.08,24.37,37.22974475972733,40.8653566272128
2013-06-20,28.75,37.15,20.78,0.0,29.41,37.22974475972733,40.8653566272128
2013-06-21,28.59,36.75,20.96,0.0,31.22,37.22974475972733,40.8653566272128
2013-06-22,27.89,37.98,18.82,0.0,32.18,37.22974475972733,40.8653566272128
2013-06-23,29.95,40.0,19.01,0.0,31.35,37.22974475972733,40.8653566272128
2013-06-24,31.16,40.2,21.26,0.0,30.42,37.22974475972733,40.8653566272128
2013-06-25,31.72,40.89,21.75,0.0,30.6,37.22974475972733,40.8653566272128
2013-06-26,32.14,41.02,23.57,0.0,30.77,37.22974475972733,40.8653566272128
2013-06-27,33.44,43.01,23.74,0.0,29.9,37.22974475972733,40.8653566272128
2013-06-28,32.95,42.25,24.17,0.0,30.42,37.22974475972733,40.8653566272128
2013-06-29,33.67,43.1,24.84,0.0,30.58,37.22974475972733,40.8653566272128
2013-06-30,34.01,43.03,24.43,0.0,31.32,37.22974475972733,40.8653566272128
2013-07-01,30.25,38.99,21.32,0.0,31.08,37.22974475972733,40.8653566272128
2013-07-02,30.49,38.32,21.96,0.0,30.49,37.22974475972733,40.8653566272128
2013-07-03,31.39,39.71,24.17,0.0,30.43,37.22974475972733,40.8653566272128
2013-07-04,31.14,39.71,22.71,0.0,30.42,37.22974475972733,40.8653566272128
2013-07-05,30.88,40.69,20.07,0.0,30.86,37.22974475972733,40.8653566272128
2013-07-06,31.51,41.45,20.9,0.0,30.68,37.22974475972733,40.8653566272128
2013-07-07,32.18,41.66,22.22,0.0,30.72,37.22974475972733,40.8653566272128
2013-07-08,33.86,43.51,23.64,0.0,30.81,37.22974475972733,40.8653566272128
2013-07-09,35.08,44.5,26.13,0.0,30.13,37.22974475972733,40.8653566272128
2013-07-10,34.91,43.98,26.32,0.0,29.74,37.22974475972733,40.8653566272128
2013-07-11,34.72,43.93,25.55,0.0,28.72,37.22974475972733,40.8653566272128
2013-07-12,33.91,42.1,26.23,0.0,29.31,37.22974475972733,40.8653566272128
2013-07-13,33.13,41.85,24.0,0.0,27.58,37.22974475972733,40.8653566272128
2013-07-14,34.37,43.54,24.73,0.0,28.26,37.22974475972733,40.8653566272128
2013-07-15,34.47,43.75,25.24,0.0,29.34,37.22974475972733,40.8653566272128
2013-07-16,34.26,43.26,24.66,0.0,29.7,37.22974475972733,40.8653566272128
2013-07-17,31.77,39.46,23.66,0.0,29.09,37.22974475972733,40.8653566272128
2013-07-18,30.79,38.79,22.41,0.0,29.08,37.22974475972733,40.8653566272128
2013-07-19,30.28,38.38,21.84,0.0,28.72,37.22974475972733,40.8653566272128
2013-07-20,32.72,41.16,25.14,0.0,29.2,37.22974475972733,40.8653566272128
2013-07-21,32.91,41.5,23.48,0.0,29.18,37.22974475972733,40.8653566272128
2013-07-22,32.81,41.49,23.09,0.0,28.38,37.22974475972733,40.8653566272128
2013-07-23,31.97,40.46,22.16,0.0,28.11,37.22974475972733,40.8653566272128
2013-07-24,32.33,41.16,22.64,0.0,28.61,37.22974475972733,40.8653566272128
2013-07-25,32.94,42.2,22.84,0.0,28.19,37.22974475972733,40.8653566272128
2013-07-26,32.79,41.52,24.94,0.0,29.46,37.22974475972733,40.8653566272128
2013-07-27,31.31,39.33,23.62,0.0,29.31,37.22974475972733,40.8653566272128
2013-07-28,30.8,39.28,21.47,0.0,28.82,37.22974475972733,40.8653566272128
2013-07-29,31.17,39.42,23.46,0.0,29.13,37.22974475972733,40.8653566272128
2013-07-30,30.1,39.02,21.51,0.0,30.08,37.22974475972733,40.8653566272128
2013-07-31,29.82,39.4,21.49,0.0,30.0,37.22974475972733,40.8653566272128
2013-08-01,31.38,41.52,20.48,0.0,29.56,37.22974475972733,40.8653566272128
2013-08-02,31.69,40.64,23.35,0.0,29.05,37.22974475972733,40.8653566272128
2013-08-03,33.39,43.25,23.21,0.0,28.45,37.22974475972733,40.8653566272128
2013-08-04,33.12,41.73,24.72,0.0,28.87,37.22974475972733,40.8653566272128
2013-08-05,31.5,40.22,23.39,0.0,28.92,37.22974475972733,40.8653566272128
2013-08-06,31.9,41.61,22.77,0.0,28.17,37.22974475972733,40.8653566272128
2013-08-07,31.66,40.46,22.78,0.0,27.46,37.22974475972733,40.8653566272128
2013-08-08,31.65,40.79,23.03,0.0,27.39,37.22974475972733,40.8653566272128
2013-08-09,32.66,41.27,24.83,0.0,26.89,37.22974475972733,40.8653566272128
2013-08-10,32.31,40.81,24.42,0.0,26.39,37.22974475972733,40.8653566272128
2013-08-11,32.93,41.62,23.88,0.0,26.41,37.22974475972733,40.8653566272128
2013-08-12,32.33,40.34,24.15,0.0,25.91,37.22974475972733,40.8653566272128
2013-08-13,32.24,40.88,23.71,0.0,26.5,37.22974475972733,40.8653566272128
2013-08-14,32.97,42.21,24.82,0.0,26.71,37.22974475972733,40.8653566272128
2013-08-15,32.8,42.11,23.18,0.0,27.14,37.22974475972733,40.8653566272128
2013-08-16,32.46,41.58,23.17,0.0,26.59,37.22974475972733,40.8653566272128
2013-08-17,31.95,41.17,22.87,0.0,25.91,37.22974475972733,40.8653566272128
2013-08-18,32.73,41.37,24.84,0.0,25.84,37.22974475972733,40.8653566272128
2013-08-19,32.31,40.56,24.31,0.0,23.87,37.22974475972733,40.8653566272128
2013-08-20,30.48,38.78,22.57,0.0,24.71,37.22974475972733,40.8653566272128
2013-08-21,31.1,39.08,22.29,0.0,24.88,37.22974475972733,40.8653566272128
2013-08-22,31.71,40.88,22.57,0.0,25.67,37.22974475972733,40.8653566272128
2013-08-23,31.73,39.93,24.05,0.0,25.01,37.22974475972733,40.8653566272128
2013-08-24,29.17,36.42,21.17,0.0,24.6,37.22974475972733,40.8653566272128
2013-08-25,29.83,38.04,21.37,0.0,23.82,37.22974475972733,40.8653566272128
2013-08-26,31.21,40.1,21.97,0.0,24.4,37.22974475972733,40.8653566272128
2013-08-27,31.47,40.66,22.17,0.0,24.54,37.22974475972733,40.8653566272128
2013-08-28,32.79,42.52,24.16,0.0,24.69,37.22974475972733,40.8653566272128
2013-08-29,32.59,42.18,24.29,0.0,24.02,37.22974475972733,40.8653566272128
2013-08-30,31.72,40.86,23.44,0.0,23.21,37.22974475972733,40.8653566272128
2013-08-31,30.81,39.13,23.14,0.0,22.99,37.22974475972733,40.8653566272128
2013-09-01,31.59,39.98,23.39,0.0,21.94,37.22974475972733,40.8653566272128
2013-09-02,31.75,40.56,24.17,0.0,22.36,37.22974475972733,40.8653566272128
2013-09-03,29.96,38.59,22.1,0.0,23.17,37.22974475972733,40.8653566272128
2013-09-04,29.66,38.12,22.08,0.0,22.58,37.22974475972733,40.8653566272128
2013-09-05,26.74,33.49,20.99,0.0,24.26,37.22974475972733,40.8653566272128
2013-09-06,25.07,34.54,17.29,0.0,25.59,37.22974475972733,40.8653566272128
2013-09-07,25.26,34.7,16.81,0.0,24.33,37.22974475972733,40.8653566272128
2013-09-08,26.18,36.49,17.13,0.0,23.51,37.22974475972733,40.8653566272128
2013-09-09,26.1,34.72,19.0,0.0,22.79,37.22974475972733,40.8653566272128
2013-09-10,25.94,35.54,18.75,0.0,23.85,37.22974475972733,40.8653566272128
2013-09-11,26.45,36.83,16.91,0.0,24.06,37.22974475972733,40.8653566272128
2013-09-12,27.62,37.28,19.78,0.0,23.72,37.22974475972733,40.8653566272128
2013-09-13,28.14,38.62,18.94,0.0,23.03,37.22974475972733,40.8653566272128
2013-09-14,28.92,39.39,19.97,0.0,23.18,37.22974475972733,40.8653566272128
2013-09-15,27.87,36.95,19.95,0.0,21.81,37.22974475972733,40.8653566272128
2013-09-16,26.49,35.66,18.06,0.0,22.54,37.22974475972733,40.8653566272128
2013-09-17,24.68,32.42,17.25,0.0,21.39,37.22974475972733,40.8653566272128
2013-09-18,23.66,28.87,17.58,0.0,15.91,37.22974475972733,40.8653566272128
2013-09-19,25.15,31.83,18.87,0.0,17.06,37.22974475972733,40.8653566272128
2013-09-20,25.22,33.25,18.62,0.0,20.01,37.22974475972733,40.8653566272128
2013-09-21,24.9,31.82,18.01,0.0,19.28,37.22974475972733,40.8653566272128
2013-09-22,24.39,31.21,18.79,0.05,18.07,37.22974475972733,40.8653566272128
2013-09-23,23.84,31.16,16.23,0.03,16.27,37.22974475972733,40.8653566272128
2013-09-24,22.21,29.42,16.19,0.0,20.08,37.22974475972733,40.8653566272128
2013-09-25,21.43,29.41,14.27,0.0,21.15,37.22974475972733,40.8653566272128
2013-09-26,22.36,31.87,15.75,0.0,21.32,37.22974475972733,40.8653566272128
2013-09-27,23.39,33.78,15.34,0.0,21.57,37.22974475972733,40.8653566272128
2013-09-28,22.47,30.69,15.62,0.0,19.35,37.22974475972733,40.8653566272128
2013-09-29,23.44,32.95,16.04,0.0,19.39,37.22974475972733,40.8653566272128
2013-09-30,23.72,33.02,16.97,0.0,20.19,37.22974475972733,40.8653566272128
2013-10-01,23.63,32.48,15.59,0.0,19.8,37.22974475972733,40.8653566272128
2013-10-02,23.71,31.98,15.59,0.0,13.65,37.22974475972733,40.8653566272128
2013-10-03,23.69,30.99,17.17,0.07,15.16,37.22974475972733,40.8653566272128
2013-10-04,20.58,26.94,14.35,0.29,18.77,37.22974475972733,40.8653566272128
2013-10-05,16.12,24.24,9.88,0.0,20.04,37.22974475972733,40.8653566272128
2013-10-06,14.84,21.93,9.04,0.04,13.26,37.22974475972733,40.8653566272128
2013-10-07,15.3,23.7,8.52,0.0,19.24,37.22974475972733,40.8653566272128
2013-10-08,16.39,24.31,10.52,0.0,18.84,37.22974475972733,40.8653566272128
2013-10-09,17.52,27.42,9.41,0.0,19.26,37.22974475972733,40.8653566272128
2013-10-10,18.63,29.36,10.13,0.0,19.27,37.22974475972733,40.8653566272128
2013-10-11,19.85,31.37,10.77,0.0,18.77,37.22974475972733,40.8653566272128
2013-10-12,21.86,32.14,12.87,0.0,18.58,37.22974475972733,40.8653566272128
2013-10-13,21.8,32.19,13.61,0.0,17.72,37.22974475972733,40.8653566272128
2013-10-14,20.68,30.21,13.0,0.0,16.93,37.22974475972733,40.8653566272128
2013-10-15,20.53,30.33,12.95,0.0,16.94,37.22974475972733,40.8653566272128
2013-10-16,21.81,29.33,15.83,0.0,16.85,37.22974475972733,40.8653566272128
2013-10-17,20.29,29.37,11.13,0.0,16.69,37.22974475972733,40.8653566272128
2013-10-18,21.06,29.57,14.79,0.02,12.32,37.22974475972733,40.8653566272128
2013-10-19,17.72,23.21,12.42,1.28,13.34,37.22974475972733,40.8653566272128
2013-10-20,16.68,24.06,11.86,1.36,16.97,37.22974475972733,40.8653566272128
2013-10-21,16.87,25.81,10.19,0.0,17.21,37.22974475972733,40.8653566272128
2013-10-22,16.35,26.73,8.56,0.0,16.99,37.22974475972733,40.8653566272128
2013-10-23,17.79,28.98,9.33,0.0,16.73,37.22974475972733,40.8653566272128
2013-10-24,16.66,26.18,10.32,0.0,13.12,37.22974475972733,40.8653566272128
2013-10-25,17.64,25.77,11.42,2.29,10.48,37.22974475972733,40.8653566272128
2013-10-26,17.79,26.27,12.75,0.33,12.67,37.22974475972733,40.8653566272128
2013-10-27,17.12,25.29,10.34,0.0,14.32,37.22974475972733,40.8653566272128
2013-10-28,16.49,25.8,10.43,0.0,14.22,37.22974475972733,40.8653566272128
2013-10-29,16.47,26.09,8.67,0.0,14.84,37.22974475972733,40.8653566272128
2013-10-30,16.5,25.55,8.06,0.0,14.91,37.22974475972733,40.8653566272128
2013-10-31,16.27,25.93,8.45,0.0,14.68,37.22974475972733,40.8653566272128
2013-11-01,16.4,24.48,8.49,0.0,13.72,37.22974475972733,40.8653566272128
2013-11-02,16.51,26.16,9.67,0.0,13.51,37.22974475972733,40.8653566272128
2013-11-03,16.67,25.93,10.71,0.0,13.7,37.22974475972733,40.8653566272128
2013-11-04,15.96,25.61,9.71,0.0,13.03,37.22974475972733,40.8653566272128
2013-11-05,15.82,22.62,8.92,0.0,8.75,37.22974475972733,40.8653566272128
2013-11-06,16.54,24.28,12.0,0.0,10.78,37.22974475972733,40.8653566272128
2013-11-07,17.37,24.62,10.64,1.57,9.44,37.22974475972733,40.8653566272128
2013-11-08,16.89,21.41,13.72,5.32,6.55,37.22974475972733,40.8653566272128
2013-11-09,14.41,18.3,12.58,9.98,2.9,37.22974475972733,40.8653566272128
2013-11-10,14.86,20.16,10.85,0.4,5.6,37.22974475972733,40.8653566272128
2013-11-11,15.01,19.35,12.14,2.99,8.56,37.22974475972733,40.8653566272128
2013-11-12,13.39,21.09,8.11,0.0,10.24,37.22974475972733,40.8653566272128
2013-11-13,14.24,22.4,7.5,0.0,11.61,37.22974475972733,40.8653566272128
2013-11-14,14.16,22.68,7.62,0.0,12.38,37.22974475972733,40.8653566272128
2013-11-15,13.93,21.03,7.45,1.56,9.74,37.22974475972733,40.8653566272128
2013-11-16,13.95,20.54,9.86,2.11,11.56,37.22974475972733,40.8653566272128
2013-11-17,11.94,18.65,6.53,2.07,9.27,37.22974475972733,40.8653566272128
2013-11-18,11.77,19.66,6.18,0.01,11.67,37.22974475972733,40.8653566272128
2013-11-19,12.24,19.42,7.18,0.0,10.38,37.22974475972733,40.8653566272128
2013-11-20,13.84,19.46,10.44,0.12,8.8,37.22974475972733,40.8653566272128
2013-11-21,11.62,16.28,7.3,0.22,9.11,37.22974475972733,40.8653566272128
2013-11-22,11.89,21.53,6.54,0.0,11.91,37.22974475972733,40.8653566272128
2013-11-23,11.51,19.51,6.78,0.0,9.61,37.22974475972733,40.8653566272128
2013-11-24,10.75,18.32,5.4,0.0,7.58,37.22974475972733,40.8653566272128
2013-11-25,11.88,18.17,7.92,0.06,6.8,37.22974475972733,40.8653566272128
2013-11-26,11.49,18.27,6.86,0.0,5.66,37.22974475972733,40.8653566272128
2013-11-27,12.46,18.09,9.44,2.16,3.83,37.22974475972733,40.8653566272128
2013-11-28,12.56,19.5,8.64,3.5,4.01,37.22974475972733,40.8653566272128
2013-11-29,11.55,16.09,8.55,1.91,3.91,37.22974475972733,40.8653566272128
2013-11-30,7.56,14.45,2.16,0.01,10.64,37.22974475972733,40.8653566272128
2013-12-01,7.93,15.98,2.03,0.0,10.84,37.22974475972733,40.8653566272128
2013-12-02,8.24,12.63,5.45,0.0,6.82,37.22974475972733,40.8653566272128
2013-12-03,9.31,17.07,4.37,0.0,6.82,37.22974475972733,40.8653566272128
2013-12-04,7.54,14.92,3.8,0.28,6.82,37.22974475972733,40.8653566272128
2013-12-05,6.02,8.14,4.67,2.5,1.65,37.22974475972733,40.8653566272128
2013-12-06,6.5,14.16,0.66,0.0,10.47,37.22974475972733,40.8653566272128
2013-12-07,4.94,10.68,-1.52,3.63,4.78,37.22974475972733,40.8653566272128
2013-12-08,6.01,12.46,-1.07,6.77,4.77,37.22974475972733,40.8653566272128
2013-12-09,0.23,6.37,-3.69,0.0,11.34,37.22974475972733,40.8653566272128
2013-12-10,0.19,6.15,-5.13,0.01,9.54,37.22974475972733,40.8653566272128
2013-12-11,-0.76,0.26,-2.15,7.09,1.14,37.22974475972733,40.8653566272128
2013-12-12,0.16,2.07,-2.56,7.52,1.52,37.22974475972733,40.8653566272128
2013-12-13,-1.17,1.71,-4.07,1.83,2.03,37.22974475972733,40.8653566272128
2013-12-14,0.5,5.43,-4.95,2.38,6.67,37.22974475972733,40.8653566272128
2013-12-15,-2.19,5.47,-6.7,0.0,7.91,37.22974475972733,40.8653566272128
2013-12-16,-1.6,6.86,-6.53,0.0,8.61,37.22974475972733,40.8653566272128
2013-12-17,-0.8,7.99,-6.39,0.0,6.74,37.22974475972733,40.8653566272128
2013-12-18,0.42,7.66,-4.41,0.0,7.63,37.22974475972733,40.8653566272128
2013-12-19,0.97,9.89,-4.0,0.0,9.88,37.22974475972733,40.8653566272128
2013-12-20,0.47,9.79,-4.08,0.0,9.69,37.22974475972733,40.8653566272128
2013-12-21,1.64,12.09,-3.87,0.0,10.04,37.22974475972733,40.8653566272128
2013-12-22,3.39,13.76,-1.91,0.0,10.6,37.22974475972733,40.8653566272128
2013-12-23,3.77,13.5,-1.17,0.0,10.94,37.22974475972733,40.8653566272128
2013-12-24,3.7,13.64,-2.07,0.0,10.88,37.22974475972733,40.8653566272128
2013-12-25,3.2,11.8,-2.62,0.0,9.21,37.22974475972733,40.8653566272128
2013-12-26,3.31,9.18,-0.11,0.01,6.35,37.22974475972733,40.8653566272128
2013-12-27,4.08,12.2,-1.18,0.0,8.4,37.22974475972733,40.8653566272128
2013-12-28,3.98,13.9,-2.09,0.0,9.82,37.22974475972733,40.8653566272128
2013-12-29,7.4,15.18,1.95,2.35,6.91,37.22974475972733,40.8653566272128
2013-12-30,4.86,6.32,3.97,4.92,2.73,37.22974475972733,40.8653566272128
2013-12-31,5.22,8.71,3.23,5.98,2.84,37.22974475972733,40.8653566272128
2014-01-01,6.41,13.97,1.91,0.01,8.37,37.22974475972733,40.8653566272128
2014-01-02,4.85,11.42,0.31,1.12,4.75,37.22974475972733,40.8653566272128
2014-01-03,4.77,11.76,-0.08,0.4,6.21,37.22974475972733,40.8653566272128
2014-01-04,3.89,11.96,-1.37,0.0,7.65,37.22974475972733,40.8653566272128
2014-01-05,2.21,10.84,-2.54,0.0,8.98,37.22974475972733,40.8653566272128
2014-01-06,2.02,11.26,-3.49,0.0,10.37,37.22974475972733,40.8653566272128
2014-01-07,4.05,14.36,-1.52,0.0,11.34,37.22974475972733,40.8653566272128
2014-01-08,4.52,15.22,-1.7,0.0,11.48,37.22974475972733,40.8653566272128
2014-01-09,5.03,13.34,-0.56,0.0,11.31,37.22974475972733,40.8653566272128
2014-01-10,4.59,13.03,-1.48,0.0,9.22,37.22974475972733,40.8653566272128
2014-01-11,3.78,13.73,-2.19,0.0,11.3,37.22974475972733,40.8653566272128
2014-01-12,3.75,13.87,-1.82,0.0,11.28,37.22974475972733,40.8653566272128
2014-01-13,2.89,5.62,0.61,4.2,3.62,37.22974475972733,40.8653566272128
2014-01-14,5.93,12.67,1.6,0.47,6.38,37.22974475972733,40.8653566272128
2014-01-15,6.14,12.32,1.04,0.41,8.14,37.22974475972733,40.8653566272128
2014-01-16,4.94,12.26,0.04,0.0,9.22,37.22974475972733,40.8653566272128
2014-01-17,5.9,12.63,2.42,0.0,7.17,37.22974475972733,40.8653566272128
2014-01-18,6.81,16.26,1.43,0.0,12.03,37.22974475972733,40.8653566272128
2014-01-19,8.0,17.98,2.34,0.0,10.92,37.22974475972733,40.8653566272128
2014-01-20,6.99,13.87,2.0,0.0,11.9,37.22974475972733,40.8653566272128
2014-01-21,6.42,14.39,1.15,0.03,10.03,37.22974475972733,40.8653566272128
2014-01-22,6.06,13.2,1.23,1.35,5.41,37.22974475972733,40.8653566272128
2014-01-23,6.39,14.23,1.25,2.27,4.87,37.22974475972733,40.8653566272128
2014-01-24,6.8,15.28,0.13,0.0,10.96,37.22974475972733,40.8653566272128
2014-01-25,6.09,13.38,-0.46,1.43,8.55,37.22974475972733,40.8653566272128
2014-01-26,6.73,10.26,4.45,3.38,3.44,37.22974475972733,40.8653566272128
2014-01-27,8.24,12.34,5.11,5.35,1.75,37.22974475972733,40.8653566272128
2014-01-28,9.19,13.05,5.82,9.31,4.74,37.22974475972733,40.8653566272128
2014-01-29,9.13,14.89,5.73,2.01,6.41,37.22974475972733,40.8653566272128
2014-01-30,8.3,14.83,3.98,2.62,6.82,37.22974475972733,40.8653566272128
2014-01-31,6.37,15.39,1.16,0.01,14.02,37.22974475972733,40.8653566272128
2014-02-01,5.11,14.16,-1.21,0.0,14.14,37.22974475972733,40.8653566272128
2014-02-02,1.33,9.06,-4.08,0.0,14.5,37.22974475972733,40.8653566272128
2014-02-03,0.2,8.62,-4.42,0.0,14.39,37.22974475972733,40.8653566272128
2014-02-04,-0.47,7.54,-4.83,0.0,14.29,37.22974475972733,40.8653566272128
2014-02-05,2.18,10.57,-4.26,0.0,15.36,37.22974475972733,40.8653566272128
2014-02-06,2.84,11.13,-4.03,0.0,15.06,37.22974475972733,40.8653566272128
2014-02-07,3.64,12.79,-2.72,0.0,14.3,37.22974475972733,40.8653566272128
2014-02-08,3.76,14.02,-2.57,0.0,15.42,37.22974475972733,40.8653566272128
2014-02-09,5.59,15.82,-1.71,0.0,15.22,37.22974475972733,40.8653566272128
2014-02-10,7.69,15.41,1.7,0.0,13.71,37.22974475972733,40.8653566272128
2014-02-11,7.08,15.5,0.59,0.0,14.63,37.22974475972733,40.8653566272128
2014-02-12,9.33,18.35,2.52,0.0,15.54,37.22974475972733,40.8653566272128
2014-02-13,9.41,18.89,0.43,0.0,16.19,37.22974475972733,40.8653566272128
2014-02-14,7.65,17.32,1.23,0.0,15.2,37.22974475972733,40.8653566272128
2014-02-15,4.77,9.64,1.96,10.16,3.33,37.22974475972733,40.8653566272128
2014-02-16,6.26,12.66,2.39,3.18,6.36,37.22974475972733,40.8653566272128
2014-02-17,7.93,17.67,2.18,0.0,15.82,37.22974475972733,40.8653566272128
2014-02-18,9.42,19.76,2.44,0.0,16.13,37.22974475972733,40.8653566272128
2014-02-19,10.0,21.22,2.54,0.0,16.19,37.22974475972733,40.8653566272128
2014-02-20,12.01,22.05,3.3,0.0,16.44,37.22974475972733,40.8653566272128
2014-02-21,12.53,21.25,3.28,0.0,16.71,37.22974475972733,40.8653566272128
2014-02-22,10.71,17.64,5.08,0.0,12.27,37.22974475972733,40.8653566272128
2014-02-23,12.42,20.71,7.57,0.0,14.51,37.22974475972733,40.8653566272128
2014-02-24,11.61,21.31,4.75,0.0,16.7,37.22974475972733,40.8653566272128
2014-02-25,12.33,19.18,7.04,0.62,9.74,37.22974475972733,40.8653566272128
2014-02-26,10.5,15.6,6.2,5.29,9.45,37.22974475972733,40.8653566272128
2014-02-27,8.67,14.79,3.27,10.88,9.69,37.22974475972733,40.8653566272128
2014-02-28,8.3,16.18,2.38,1.64,15.93,37.22974475972733,40.8653566272128
2014-03-01,9.0,16.93,2.67,0.0,10.01,37.22974475972733,40.8653566272128
2014-03-02,9.81,16.61,3.96,0.0,11.0,37.22974475972733,40.8653566272128
2014-03-03,12.03,19.47,6.1,0.0,14.05,37.22974475972733,40.8653566272128
2014-03-04,11.47,17.71,8.56,7.45,6.03,37.22974475972733,40.8653566272128
2014-03-05,12.39,19.71,4.19,0.35,15.17,37.22974475972733,40.8653566272128
2014-03-06,13.21,21.9,6.49,0.0,15.68,37.22974475972733,40.8653566272128
2014-03-07,13.84,22.39,7.85,0.01,17.88,37.22974475972733,40.8653566272128
2014-03-08,15.31,24.55,8.66,0.13,16.69,37.22974475972733,40.8653566272128
2014-03-09,15.79,23.02,11.37,0.01,15.98,37.22974475972733,40.8653566272128
2014-03-10,12.69,14.28,9.02,22.45,2.64,37.22974475972733,40.8653566272128
2014-03-11,11.34,17.07,6.26,0.25,15.72,37.22974475972733,40.8653566272128
2014-03-12,9.93,14.49,5.59,3.1,10.85,37.22974475972733,40.8653566272128
2014-03-13,9.03,15.0,3.97,1.32,10.56,37.22974475972733,40.8653566272128
2014-03-14,7.99,11.45,4.81,1.92,8.61,37.22974475972733,40.8653566272128
2014-03-15,10.34,19.39,4.28,0.0,21.23,37.22974475972733,40.8653566272128
2014-03-16,9.53,17.07,3.05,0.21,20.06,37.22974475972733,40.8653566272128
2014-03-17,10.3,14.94,6.7,2.13,6.92,37.22974475972733,40.8653566272128
2014-03-18,9.82,14.94,5.73,3.79,8.51,37.22974475972733,40.8653566272128
2014-03-19,11.09,20.38,4.71,0.02,21.33,37.22974475972733,40.8653566272128
2014-03-20,12.4,21.8,4.02,0.0,19.99,37.22974475972733,40.8653566272128
2014-03-21,12.6,21.85,5.24,0.0,21.31,37.22974475972733,40.8653566272128
2014-03-22,13.03,24.09,4.78,0.0,20.04,37.22974475972733,40.8653566272128
2014-03-23,14.41,23.69,4.88,0.0,21.3,37.22974475972733,40.8653566272128
2014-03-24,15.55,24.29,6.54,0.0,22.32,37.22974475972733,40.8653566272128
2014-03-25,15.58,24.65,5.77,0.0,22.99,37.22974475972733,40.8653566272128
2014-03-26,15.9,23.05,10.47,0.03,18.6,37.22974475972733,40.8653566272128
2014-03-27,14.8,23.43,7.7,0.0,21.93,37.22974475972733,40.8653566272128
2014-03-28,15.36,24.69,7.38,0.0,18.06,37.22974475972733,40.8653566272128
2014-03-29,14.74,23.4,8.52,0.29,14.75,37.22974475972733,40.8653566272128
2014-03-30,7.85,12.87,1.73,1.11,11.88,37.22974475972733,40.8653566272128
2014-03-31,6.45,13.72,0.67,0.0,25.12,37.22974475972733,40.8653566272128
2014-04-01,7.05,16.65,-1.63,0.0,24.56,37.22974475972733,40.8653566272128
2014-04-02,10.5,20.53,1.34,0.0,24.37,37.22974475972733,40.8653566272128
2014-04-03,13.13,22.57,4.27,0.12,22.21,37.22974475972733,40.8653566272128
2014-04-04,12.65,20.94,6.68,0.14,24.46,37.22974475972733,40.8653566272128
2014-04-05,14.38,24.18,5.68,0.0,24.01,37.22974475972733,40.8653566272128
2014-04-06,15.83,25.68,7.29,0.0,21.66,37.22974475972733,40.8653566272128
2014-04-07,17.97,25.6,10.92,0.0,20.86,37.22974475972733,40.8653566272128
2014-04-08,16.89,24.99,10.22,0.0,22.16,37.22974475972733,40.8653566272128
2014-04-09,14.41,21.39,7.15,0.53,22.19,37.22974475972733,40.8653566272128
2014-04-10,14.35,21.91,8.59,1.12,16.49,37.22974475972733,40.8653566272128
2014-04-11,14.39,23.12,5.69,0.09,25.05,37.22974475972733,40.8653566272128
2014-04-12,16.59,25.59,6.98,0.02,23.17,37.22974475972733,40.8653566272128
2014-04-13,15.4,21.74,11.11,5.31,10.13,37.22974475972733,40.8653566272128
2014-04-14,17.02,25.85,8.38,0.96,22.26,37.22974475972733,40.8653566272128
2014-04-15,17.33,23.4,10.18,2.51,15.65,37.22974475972733,40.8653566272128
2014-04-16,17.48,25.08,11.96,2.31,14.97,37.22974475972733,40.8653566272128
2014-04-17,16.68,21.53,12.13,2.31,10.75,37.22974475972733,40.8653566272128
2014-04-18,19.79,28.42,12.69,0.09,24.26,37.22974475972733,40.8653566272128
2014-04-19,20.35,30.32,10.51,0.42,23.65,37.22974475972733,40.8653566272128
2014-04-20,19.15,29.03,13.85,5.84,9.67,37.22974475972733,40.8653566272128
2014-04-21,18.8,26.11,12.84,1.09,21.02,37.22974475972733,40.8653566272128
2014-04-22,18.15,27.48,11.22,0.02,27.6,37.22974475972733,40.8653566272128
2014-04-23,19.39,28.77,11.58,0.0,25.64,37.22974475972733,40.8653566272128
2014-04-24,21.17,29.64,12.12,0.0,27.69,37.22974475972733,40.8653566272128
2014-04-25,19.35,28.84,13.09,0.0,17.28,37.22974475972733,40.8653566272128
2014-04-26,21.15,31.24,14.21,0.15,25.75,37.22974475972733,40.8653566272128
2014-04-27,20.8,29.58,13.33,0.0,27.33,37.22974475972733,40.8653566272128
2014-04-28,19.78,30.24,11.48,1.54,19.22,37.22974475972733,40.8653566272128
2014-04-29,19.7,28.28,11.85,0.0,24.43,37.22974475972733,40.8653566272128
2014-04-30,18.76,27.07,9.75,0.0,28.26,37.22974475972733,40.8653566272128
2014-05-01,20.02,28.46,13.12,0.01,27.77,37.22974475972733,40.8653566272128
2014-05-02,19.47,27.96,11.63,0.0,28.24,37.22974475972733,40.8653566272128
2014-05-03,18.46,27.73,9.61,0.0,28.16,37.22974475972733,40.8653566272128
2014-05-04,21.92,31.23,11.18,0.0,28.46,37.22974475972733,40.8653566272128
2014-05-05,25.48,34.59,15.76,0.0,25.79,37.22974475972733,40.8653566272128
2014-05-06,23.28,31.6,17.04,0.0,18.64,37.22974475972733,40.8653566272128
2014-05-07,23.65,31.02,17.02,0.01,13.08,37.22974475972733,40.8653566272128
2014-05-08,25.75,31.62,18.27,0.01,16.57,37.22974475972733,40.8653566272128
2014-05-09,21.55,26.58,16.18,7.03,10.17,37.22974475972733,40.8653566272128
2014-05-10,20.62,29.25,13.26,0.2,26.22,37.22974475972733,40.8653566272128
2014-05-11,20.9,30.15,12.34,0.0,24.99,37.22974475972733,40.8653566272128
2014-05-12,20.92,28.43,15.45,0.2,11.85,37.22974475972733,40.8653566272128
2014-05-13,20.73,28.11,14.0,1.54,18.81,37.22974475972733,40.8653566272128
2014-05-14,20.27,27.5,13.76,2.12,18.94,37.22974475972733,40.8653566272128
2014-05-15,22.02,31.67,13.0,0.0,29.12,37.22974475972733,40.8653566272128
2014-05-16,24.69,34.73,14.68,0.0,28.92,37.22974475972733,40.8653566272128
2014-05-17,25.23,35.34,16.07,0.0,29.76,37.22974475972733,40.8653566272128
2014-05-18,22.12,30.78,14.56,0.0,30.64,37.22974475972733,40.8653566272128
2014-05-19,20.36,29.0,11.75,0.69,25.78,37.22974475972733,40.8653566272128
2014-05-20,20.75,29.41,12.11,0.02,27.12,37.22974475972733,40.8653566272128
2014-05-21,21.52,28.82,14.59,0.19,22.48,37.22974475972733,40.8653566272128
2014-05-22,22.75,30.23,16.92,0.59,14.84,37.22974475972733,40.8653566272128
2014-05-23,24.27,33.38,15.47,0.16,25.99,37.22974475972733,40.8653566272128
2014-05-24,25.65,34.64,18.66,1.59,20.62,37.22974475972733,40.8653566272128
2014-05-25,23.16,30.63,15.99,0.01,27.51,37.22974475972733,40.8653566272128
2014-05-26,24.2,32.36,16.42,0.01,27.06,37.22974475972733,40.8653566272128
2014-05-27,25.25,32.92,17.06,0.01,26.15,37.22974475972733,40.8653566272128
2014-05-28,24.9,32.99,16.66,0.06,26.59,37.22974475972733,40.8653566272128
2014-05-29,26.45,35.62,16.77,0.43,25.08,37.22974475972733,40.8653566272128
2014-05-30,27.89,37.18,18.94,0.0,28.92,37.22974475972733,40.8653566272128
2014-05-31,29.75,39.03,19.0,0.01,26.57,37.22974475972733,40.8653566272128
2014-06-01,26.26,34.1,19.01,0.0,30.04,37.22974475972733,40.8653566272128
2014-06-02,22.81,30.26,15.77,0.0,27.73,37.22974475972733,40.8653566272128
2014-06-03,22.08,29.39,13.82,1.51,23.41,37.22974475972733,40.8653566272128
2014-06-04,24.2,33.49,15.64,0.0,29.08,37.22974475972733,40.8653566272128
2014-06-05,24.21,30.59,18.73,3.75,9.44,37.22974475972733,40.8653566272128
2014-06-06,24.26,32.57,16.39,0.74,28.18,37.22974475972733,40.8653566272128
2014-06-07,23.93,31.72,15.52,0.0,26.57,37.22974475972733,40.8653566272128
2014-06-08,25.46,34.48,16.03,0.0,28.63,37.22974475972733,40.8653566272128
2014-06-09,27.89,36.56,18.34,0.0,30.41,37.22974475972733,40.8653566272128
2014-06-10,29.99,39.14,20.95,0.0,26.88,37.22974475972733,40.8653566272128
2014-06-11,28.25,35.7,20.24,0.0,30.82,37.22974475972733,40.8653566272128
2014-06-12,27.07,34.74,18.33,0.27,25.74,37.22974475972733,40.8653566272128
2014-06-13,25.48,33.49,18.81,0.03,32.14,37.22974475972733,40.8653566272128
2014-06-14,26.94,36.16,17.85,0.0,31.74,37.22974475972733,40.8653566272128
2014-06-15,28.63,37.44,18.31,0.0,29.81,37.22974475972733,40.8653566272128
2014-06-16,29.63,38.99,20.6,0.0,30.91,37.22974475972733,40.8653566272128
2014-06-17,28.67,37.57,18.78,0.0,29.98,37.22974475972733,40.8653566272128
2014-06-18,30.98,40.67,20.95,0.0,31.13,37.22974475972733,40.8653566272128
2014-06-19,32.94,41.71,24.04,0.0,30.95,37.22974475972733,40.8653566272128
2014-06-20,32.57,40.17,25.69,0.0,31.88,37.22974475972733,40.8653566272128
2014-06-21,29.35,36.71,21.61,0.0,30.89,37.22974475972733,40.8653566272128
2014-06-22,28.54,37.33,18.56,0.0,31.56,37.22974475972733,40.8653566272128
2014-06-23,30.03,38.55,22.15,0.0,31.78,37.22974475972733,40.8653566272128
2014-06-24,30.0,38.69,21.4,0.0,31.0,37.22974475972733,40.8653566272128
2014-06-25,30.3,39.38,21.65,0.0,29.98,37.22974475972733,40.8653566272128
2014-06-26,31.99,41.03,21.65,0.0,30.62,37.22974475972733,40.8653566272128
2014-06-27,32.77,41.69,24.12,0.0,31.79,37.22974475972733,40.8653566272128
2014-06-28,33.98,42.9,25.42,0.0,30.92,37.22974475972733,40.8653566272128
2014-06-29,33.4,41.37,25.18,0.0,31.18,37.22974475972733,40.8653566272128
2014-06-30,31.76,40.73,22.33,0.0,31.36,37.22974475972733,40.8653566272128
2014-07-01,32.32,41.8,21.74,0.0,31.2,37.22974475972733,40.8653566272128
2014-07-02,33.49,44.0,21.99,0.0,31.41,37.22974475972733,40.8653566272128
2014-07-03,35.56,43.94,27.48,0.0,29.17,37.22974475972733,40.8653566272128
2014-07-04,34.65,42.73,27.43,0.0,27.2,37.22974475972733,40.8653566272128
2014-07-05,34.52,42.24,26.25,0.19,24.85,37.22974475972733,40.8653566272128
2014-07-06,32.27,40.28,23.83,0.0,29.52,37.22974475972733,40.8653566272128
2014-07-07,31.46,39.75,21.72,0.0,29.56,37.22974475972733,40.8653566272128
2014-07-08,31.97,40.13,23.97,0.0,28.79,37.22974475972733,40.8653566272128
2014-07-09,31.86,40.01,23.67,0.0,30.46,37.22974475972733,40.8653566272128
2014-07-10,32.15,40.65,23.01,0.0,30.42,37.22974475972733,40.8653566272128
2014-07-11,33.79,43.48,23.41,0.0,30.82,37.22974475972733,40.8653566272128
2014-07-12,35.61,44.9,24.94,0.0,30.48,37.22974475972733,40.8653566272128
2014-07-13,32.61,40.73,24.9,0.0,30.17,37.22974475972733,40.8653566272128
2014-07-14,32.24,41.31,23.1,0.0,29.63,37.22974475972733,40.8653566272128
2014-07-15,31.97,41.18,22.43,0.0,29.29,37.22974475972733,40.8653566272128
2014-07-16,32.6,41.28,23.98,0.0,29.07,37.22974475972733,40.8653566272128
2014-07-17,32.08,40.79,23.48,0.0,30.45,37.22974475972733,40.8653566272128
2014-07-18,31.95,42.2,20.89,0.0,30.43,37.22974475972733,40.8653566272128
2014-07-19,32.26,41.49,22.69,0.0,29.65,37.22974475972733,40.8653566272128
2014-07-20,30.12,37.94,21.33,0.0,28.77,37.22974475972733,40.8653566272128
2014-07-21,30.57,37.91,22.99,0.01,21.09,37.22974475972733,40.8653566272128
2014-07-22,31.64,39.34,23.52,0.0,27.3,37.22974475972733,40.8653566272128
2014-07-23,33.37,41.39,23.92,0.0,27.47,37.22974475972733,40.8653566272128
2014-07-24,35.16,43.89,25.58,0.0,29.02,37.22974475972733,40.8653566272128
2014-07-25,33.92,42.15,25.72,0.0,28.2,37.22974475972733,40.8653566272128
2014-07-26,31.46,39.75,23.56,0.0,26.49,37.22974475972733,40.8653566272128
2014-07-27,28.91,36.46,21.18,0.0,28.66,37.22974475972733,40.8653566272128
2014-07-28,32.22,41.2,23.11,0.0,28.37,37.22974475972733,40.8653566272128
2014-07-29,34.47,42.75,26.43,0.0,28.73,37.22974475972733,40.8653566272128
2014-07-30,34.22,42.78,25.18,0.0,28.55,37.22974475972733,40.8653566272128
2014-07-31,34.79,43.79,26.09,0.0,29.28,37.22974475972733,40.8653566272128
2014-08-01,34.85,43.74,26.28,0.0,29.02,37.22974475972733,40.8653566272128
2014-08-02,34.31,43.07,25.96,0.0,28.59,37.22974475972733,40.8653566272128
2014-08-03,31.57,40.43,23.4,0.0,27.73,37.22974475972733,40.8653566272128
2014-08-04,30.05,38.04,21.97,0.0,27.59,37.22974475972733,40.8653566272128
2014-08-05,30.68,37.84,23.77,0.38,23.12,37.22974475972733,40.8653566272128
2014-08-06,30.23,37.68,22.45,0.0,25.87,37.22974475972733,40.8653566272128
2014-08-07,31.79,40.24,23.61,0.0,28.73,37.22974475972733,40.8653566272128
2014-08-08,31.52,39.37,23.51,0.0,28.26,37.22974475972733,40.8653566272128
2014-08-09,30.51,40.18,21.22,0.0,28.66,37.22974475972733,40.8653566272128
2014-08-10,31.24,40.65,22.34,0.0,27.66,37.22974475972733,40.8653566272128
2014-08-11,31.39,40.03,23.15,0.0,26.98,37.22974475972733,40.8653566272128
2014-08-12,33.02,41.99,23.81,0.0,27.06,37.22974475972733,40.8653566272128
2014-08-13,34.36,43.79,25.04,0.0,27.05,37.22974475972733,40.8653566272128
2014-08-14,34.94,44.56,25.75,0.0,26.84,37.22974475972733,40.8653566272128
2014-08-15,35.15,44.27,25.82,0.0,26.15,37.22974475972733,40.8653566272128
2014-08-16,35.2,43.7,27.2,0.0,26.49,37.22974475972733,40.8653566272128
2014-08-17,33.46,42.18,24.76,0.0,26.02,37.22974475972733,40.8653566272128
2014-08-18,34.56,42.69,26.98,0.0,22.3,37.22974475972733,40.8653566272128
2014-08-19,34.12,41.35,28.01,0.0,20.1,37.22974475972733,40.8653566272128
2014-08-20,31.74,40.17,24.34,0.63,25.12,37.22974475972733,40.8653566272128
2014-08-21,29.67,39.01,21.11,0.0,27.2,37.22974475972733,40.8653566272128
2014-08-22,31.59,42.05,21.33,0.0,26.78,37.22974475972733,40.8653566272128
2014-08-23,33.04,42.93,23.21,0.0,25.94,37.22974475972733,40.8653566272128
2014-08-24,33.5,42.35,25.4,0.0,25.79,37.22974475972733,40.8653566272128
2014-08-25,33.3,42.96,22.98,0.0,25.78,37.22974475972733,40.8653566272128
2014-08-26,34.23,43.83,23.74,0.0,20.07,37.22974475972733,40.8653566272128
2014-08-27,33.71,43.99,25.11,0.0,24.77,37.22974475972733,40.8653566272128
2014-08-28,32.26,41.65,24.11,0.0,24.7,37.22974475972733,40.8653566272128
2014-08-29,32.14,40.94,24.26,0.0,24.47,37.22974475972733,40.8653566272128
2014-08-30,32.99,42.8,24.85,0.0,24.83,37.22974475972733,40.8653566272128
2014-08-31,33.08,42.34,25.34,0.0,24.87,37.22974475972733,40.8653566272128
2014-09-01,32.28,42.45,23.89,0.0,25.08,37.22974475972733,40.8653566272128
2014-09-02,32.37,41.7,23.16,0.0,23.39,37.22974475972733,40.8653566272128
2014-09-03,31.45,39.27,25.37,0.0,22.67,37.22974475972733,40.8653566272128
2014-09-04,29.04,37.17,21.15,0.0,23.82,37.22974475972733,40.8653566272128
2014-09-05,30.13,39.02,22.43,0.0,21.58,37.22974475972733,40.8653566272128
2014-09-06,29.3,37.63,22.57,0.0,22.9,37.22974475972733,40.8653566272128
2014-09-07,28.31,36.53,20.91,0.0,23.16,37.22974475972733,40.8653566272128
2014-09-08,27.51,35.15,20.4,0.0,22.7,37.22974475972733,40.8653566272128
2014-09-09,27.16,35.24,19.74,0.0,22.85,37.22974475972733,40.8653566272128
2014-09-10,27.49,35.66,20.2,0.0,22.92,37.22974475972733,40.8653566272128
2014-09-11,27.2,35.76,18.71,0.0,22.89,37.22974475972733,40.8653566272128
2014-09-12,27.83,36.22,19.87,0.0,22.85,37.22974475972733,40.8653566272128
2014-09-13,29.06,38.03,20.88,0.0,21.96,37.22974475972733,40.8653566272128
2014-09-14,28.0,36.62,21.24,0.0,21.03,37.22974475972733,40.8653566272128
2014-09-15,27.22,35.22,21.0,0.0,21.29,37.22974475972733,40.8653566272128
2014-09-16,26.89,35.04,19.36,0.0,19.95,37.22974475972733,40.8653566272128
2014-09-17,25.65,33.23,19.69,0.0,21.28,37.22974475972733,40.8653566272128
2014-09-18,26.44,33.84,20.13,0.0,17.54,37.22974475972733,40.8653566272128
2014-09-19,26.09,34.19,18.85,0.0,19.98,37.22974475972733,40.8653566272128
2014-09-20,25.24,33.11,18.86,0.0,18.92,37.22974475972733,40.8653566272128
2014-09-21,24.58,32.65,17.21,0.0,21.33,37.22974475972733,40.8653566272128
2014-09-22,22.83,30.49,16.02,0.0,20.64,37.22974475972733,40.8653566272128
2014-09-23,23.96,32.55,16.2,0.0,20.89,37.22974475972733,40.8653566272128
2014-09-24,25.5,32.05,19.21,0.53,14.84,37.22974475972733,40.8653566272128
2014-09-25,24.43,32.05,18.93,0.06,19.23,37.22974475972733,40.8653566272128
2014-09-26,22.68,31.42,16.77,0.0,21.5,37.22974475972733,40.8653566272128
2014-09-27,23.31,31.27,16.01,0.03,19.86,37.22974475972733,40.8653566272128
2014-09-28,22.25,29.99,16.91,14.05,5.11,37.22974475972733,40.8653566272128
2014-09-29,19.33,27.03,12.64,1.09,18.67,37.22974475972733,40.8653566272128
2014-09-30,19.5,27.76,12.83,0.0,18.84,37.22974475972733,40.8653566272128
2014-10-01,20.65,29.03,12.95,0.0,19.19,37.22974475972733,40.8653566272128
2014-10-02,23.57,32.75,16.12,0.0,16.15,37.22974475972733,40.8653566272128
2014-10-03,24.21,31.92,18.26,0.05,16.54,37.22974475972733,40.8653566272128
2014-10-04,21.99,30.38,15.92,0.02,15.8,37.22974475972733,40.8653566272128
2014-10-05,22.14,30.57,15.15,0.0,17.47,37.22974475972733,40.8653566272128
2014-10-06,21.65,30.96,14.51,0.0,18.56,37.22974475972733,40.8653566272128
2014-10-07,22.88,32.41,15.34,0.0,18.3,37.22974475972733,40.8653566272128
2014-10-08,23.35,31.18,15.4,0.0,18.34,37.22974475972733,40.8653566272128
2014-10-09,23.56,31.7,16.4,0.0,17.55,37.22974475972733,40.8653566272128
2014-10-10,23.87,32.51,17.17,0.0,14.81,37.22974475972733,40.8653566272128
2014-10-11,21.81,25.01,19.18,0.01,11.13,37.22974475972733,40.8653566272128
2014-10-12,23.22,29.54,18.8,1.24,11.1,37.22974475972733,40.8653566272128
2014-10-13,22.29,29.06,16.6,0.31,14.72,37.22974475972733,40.8653566272128
2014-10-14,21.56,28.25,16.53,1.57,8.27,37.22974475972733,40.8653566272128
2014-10-15,20.16,26.63,16.05,2.81,13.09,37.22974475972733,40.8653566272128
2014-10-16,18.18,24.29,13.63,4.18,8.89,37.22974475972733,40.8653566272128
2014-10-17,17.57,24.29,11.53,3.53,12.08,37.22974475972733,40.8653566272128
2014-10-18,17.82,23.79,13.18,1.87,11.62,37.22974475972733,40.8653566272128
2014-10-19,14.8,17.52,11.61,12.73,7.87,37.22974475972733,40.8653566272128
2014-10-20,13.6,18.08,10.12,0.59,11.09,37.22974475972733,40.8653566272128
2014-10-21,14.8,21.55,10.65,0.31,12.85,37.22974475972733,40.8653566272128
2014-10-22,14.62,22.27,8.15,0.0,14.19,37.22974475972733,40.8653566272128
2014-10-23,15.95,22.46,10.61,0.0,9.23,37.22974475972733,40.8653566272128
2014-10-24,15.81,25.2,9.34,0.0,15.18,37.22974475972733,40.8653566272128
2014-10-25,16.66,25.36,10.33,0.0,14.68,37.22974475972733,40.8653566272128
2014-10-26,17.45,25.55,12.39,1.09,13.27,37.22974475972733,40.8653566272128
2014-10-27,18.4,26.5,11.46,0.02,14.09,37.22974475972733,40.8653566272128
2014-10-28,17.2,23.67,13.62,0.01,11.69,37.22974475972733,40.8653566272128
2014-10-29,18.2,25.97,13.28,0.0,12.98,37.22974475972733,40.8653566272128
2014-10-30,16.84,22.19,13.41,0.07,9.18,37.22974475972733,40.8653566272128
2014-10-31,14.81,17.64,12.8,6.75,3.59,37.22974475972733,40.8653566272128
2014-11-01,13.55,17.97,8.73,3.18,9.64,37.22974475972733,40.8653566272128
2014-11-02,12.32,19.53,6.6,0.43,12.05,37.22974475972733,40.8653566272128
2014-11-03,9.53,16.49,4.83,0.08,14.61,37.22974475972733,40.8653566272128
2014-11-04,7.9,16.16,1.34,0.0,14.55,37.22974475972733,40.8653566272128
2014-11-05,8.19,16.86,2.38,0.0,14.1,37.22974475972733,40.8653566272128
2014-11-06,9.34,19.56,1.89,0.0,13.36,37.22974475972733,40.8653566272128
2014-11-07,11.32,22.21,5.11,0.0,13.8,37.22974475972733,40.8653566272128
2014-11-08,11.96,22.21,4.05,0.0,13.38,37.22974475972733,40.8653566272128
2014-11-09,11.48,20.86,3.87,0.0,14.07,37.22974475972733,40.8653566272128
2014-11-10,11.76,20.86,4.95,0.0,13.25,37.22974475972733,40.8653566272128
2014-11-11,12.18,21.96,4.9,0.0,12.4,37.22974475972733,40.8653566272128
2014-11-12,12.49,21.68,4.92,0.0,12.29,37.22974475972733,40.8653566272128
2014-11-13,11.27,19.94,4.62,0.0,12.4,37.22974475972733,40.8653566272128
2014-11-14,13.9,20.33,10.43,0.03,9.73,37.22974475972733,40.8653566272128
2014-11-15,14.55,21.27,9.86,0.25,5.65,37.22974475972733,40.8653566272128
2014-11-16,12.1,15.03,10.17,0.44,6.56,37.22974475972733,40.8653566272128
2014-11-17,12.49,17.42,9.82,4.8,4.59,37.22974475972733,40.8653566272128
2014-11-18,12.79,19.82,8.02,0.0,10.22,37.22974475972733,40.8653566272128
2014-11-19,12.74,21.15,6.41,0.0,10.16,37.22974475972733,40.8653566272128
2014-11-20,11.38,18.55,5.64,0.0,8.25,37.22974475972733,40.8653566272128
2014-11-21,11.12,18.03,6.53,14.64,4.74,37.22974475972733,40.8653566272128
2014-11-22,10.12,13.91,7.1,7.06,6.79,37.22974475972733,40.8653566272128
2014-11-23,8.75,15.23,2.4,0.82,9.87,37.22974475972733,40.8653566272128
2014-11-24,8.42,13.27,5.56,0.84,4.28,37.22974475972733,40.8653566272128
2014-11-25,9.35,14.22,6.34,0.05,7.34,37.22974475972733,40.8653566272128
2014-11-26,7.29,11.03,3.84,19.11,0.93,37.22974475972733,40.8653566272128
2014-11-27,8.14,11.57,4.56,13.45,4.83,37.22974475972733,40.8653566272128
2014-11-28,6.76,13.6,2.34,0.02,8.84,37.22974475972733,40.8653566272128
2014-11-29,6.62,14.68,2.1,0.0,11.17,37.22974475972733,40.8653566272128
2014-11-30,6.89,15.45,0.94,0.05,9.68,37.22974475972733,40.8653566272128
2014-12-01,8.43,13.1,3.59,2.7,3.39,37.22974475972733,40.8653566272128
2014-12-02,9.67,15.07,5.56,1.01,4.59,37.22974475972733,40.8653566272128
2014-12-03,10.48,14.84,8.14,1.71,2.74,37.22974475972733,40.8653566272128
2014-12-04,10.09,17.01,5.55,0.04,6.44,37.22974475972733,40.8653566272128
2014-12-05,10.78,17.9,6.46,0.01,6.58,37.22974475972733,40.8653566272128
2014-12-06,11.02,18.14,5.76,0.0,7.69,37.22974475972733,40.8653566272128
2014-12-07,11.81,16.58,9.6,1.45,5.71,37.22974475972733,40.8653566272128
2014-12-08,11.99,17.98,9.16,4.15,5.77,37.22974475972733,40.8653566272128
2014-12-09,12.6,17.61,9.71,4.09,7.84,37.22974475972733,40.8653566272128
2014-12-10,10.06,13.41,7.63,8.45,2.08,37.22974475972733,40.8653566272128
2014-12-11,10.2,17.59,5.53,0.0,9.29,37.22974475972733,40.8653566272128
2014-12-12,9.85,16.31,6.34,0.03,3.86,37.22974475972733,40.8653566272128
2014-12-13,7.48,8.88,5.71,13.29,1.94,37.22974475972733,40.8653566272128
2014-12-14,8.5,12.75,5.08,8.33,2.6,37.22974475972733,40.8653566272128
2014-12-15,8.16,12.87,4.65,3.91,5.42,37.22974475972733,40.8653566272128
2014-12-16,7.4,15.77,3.0,0.0,10.3,37.22974475972733,40.8653566272128
2014-12-17,7.89,15.26,2.0,0.0,10.13,37.22974475972733,40.8653566272128
2014-12-18,6.65,11.92,2.97,0.0,4.12,37.22974475972733,40.8653566272128
2014-12-19,6.53,12.11,2.56,2.72,2.06,37.22974475972733,40.8653566272128
2014-12-20,7.07,13.04,3.11,0.62,5.62,37.22974475972733,40.8653566272128
2014-12-21,7.0,14.73,2.27,0.0,10.19,37.22974475972733,40.8653566272128
2014-12-22,5.79,11.94,-0.21,9.05,2.84,37.22974475972733,40.8653566272128
2014-12-23,4.81,10.62,-0.04,4.86,8.37,37.22974475972733,40.8653566272128
2014-12-24,4.17,12.9,-0.87,0.02,10.66,37.22974475972733,40.8653566272128
2014-12-25,4.87,12.61,-1.0,0.0,10.71,37.22974475972733,40.8653566272128
2014-12-26,4.18,12.32,-0.85,0.0,9.64,37.22974475972733,40.8653566272128
2014-12-27,4.68,6.83,2.27,0.11,4.23,37.22974475972733,40.8653566272128
2014-12-28,7.27,12.5,2.36,2.45,4.67,37.22974475972733,40.8653566272128
2014-12-29,7.56,14.19,1.96,0.18,4.99,37.22974475972733,40.8653566272128
2014-12-30,8.45,15.09,3.79,0.04,8.76,37.22974475972733,40.8653566272128
2014-12-31,7.87,15.0,2.5,0.0,6.96,37.22974475972733,40.8653566272128
2015-01-01,5.25,9.93,1.25,0.37,4.49,37.22974475972733,40.8653566272128
2015-01-02,5.68,11.58,2.4,1.68,5.47,37.22974475972733,40.8653566272128
2015-01-03,6.0,10.54,2.06,6.11,4.61,37.22974475972733,40.8653566272128
2015-01-04,5.08,11.26,1.24,0.19,8.43,37.22974475972733,40.8653566272128
2015-01-05,5.34,8.82,2.14,5.12,3.07,37.22974475972733,40.8653566272128
2015-01-06,6.72,12.15,2.79,2.92,8.09,37.22974475972733,40.8653566272128
2015-01-07,3.87,5.87,1.78,5.2,4.12,37.22974475972733,40.8653566272128
2015-01-08,1.7,5.59,-3.11,1.71,5.01,37.22974475972733,40.8653566272128
2015-01-09,-2.35,2.51,-5.08,1.93,7.09,37.22974475972733,40.8653566272128
2015-01-10,-1.35,4.93,-5.59,0.0,10.29,37.22974475972733,40.8653566272128
2015-01-11,-0.3,3.9,-3.36,0.0,8.91,37.22974475972733,40.8653566272128
2015-01-12,0.69,6.6,-3.66,0.0,9.67,37.22974475972733,40.8653566272128
2015-01-13,1.61,8.83,-3.13,0.0,11.39,37.22974475972733,40.8653566272128
2015-01-14,2.75,10.4,-1.85,0.0,10.82,37.22974475972733,40.8653566272128
2015-01-15,2.43,10.19,-1.31,4.27,3.38,37.22974475972733,40.8653566272128
2015-01-16,2.38,6.57,-1.38,6.58,2.93,37.22974475972733,40.8653566272128
2015-01-17,2.21,10.34,-2.42,0.0,10.09,37.22974475972733,40.8653566272128
2015-01-18,2.53,11.82,-2.62,0.0,11.25,37.22974475972733,40.8653566272128
2015-01-19,3.82,14.24,-1.71,0.0,11.25,37.22974475972733,40.8653566272128
2015-01-20,5.22,15.09,-1.03,0.0,12.36,37.22974475972733,40.8653566272128
2015-01-21,5.64,14.4,-0.83,0.0,8.39,37.22974475972733,40.8653566272128
2015-01-22,5.32,14.33,-0.27,0.0,12.11,37.22974475972733,40.8653566272128
2015-01-23,5.46,14.55,-0.12,0.0,12.49,37.22974475972733,40.8653566272128
2015-01-24,5.72,14.55,0.17,0.0,12.62,37.22974475972733,40.8653566272128
2015-01-25,6.06,14.02,1.57,0.0,10.44,37.22974475972733,40.8653566272128
2015-01-26,7.67,15.35,2.46,0.0,11.96,37.22974475972733,40.8653566272128
2015-01-27,6.71,15.76,1.14,0.0,11.35,37.22974475972733,40.8653566272128
2015-01-28,5.53,10.52,3.03,1.23,4.37,37.22974475972733,40.8653566272128
2015-01-29,5.61,13.18,1.29,0.03,9.33,37.22974475972733,40.8653566272128
2015-01-30,5.5,13.3,0.21,0.08,6.17,37.22974475972733,40.8653566272128
2015-01-31,5.73,11.69,-0.16,0.07,7.47,37.22974475972733,40.8653566272128
2015-02-01,6.39,13.89,-0.29,0.0,11.58,37.22974475972733,40.8653566272128
2015-02-02,6.88,15.58,0.92,0.0,12.29,37.22974475972733,40.8653566272128
2015-02-03,7.82,16.26,2.18,0.0,12.47,37.22974475972733,40.8653566272128
2015-02-04,7.3,13.19,3.3,0.76,8.1,37.22974475972733,40.8653566272128
2015-02-05,5.85,14.88,0.49,0.0,14.05,37.22974475972733,40.8653566272128
2015-02-06,7.83,16.44,1.09,0.0,14.69,37.22974475972733,40.8653566272128
2015-02-07,7.82,15.03,2.53,0.0,11.27,37.22974475972733,40.8653566272128
2015-02-08,8.29,15.51,4.33,0.2,10.12,37.22974475972733,40.8653566272128
2015-02-09,7.87,11.35,5.6,15.14,2.43,37.22974475972733,40.8653566272128
2015-02-10,7.66,13.08,4.31,3.8,6.61,37.22974475972733,40.8653566272128
2015-02-11,6.73,12.97,2.99,0.37,9.18,37.22974475972733,40.8653566272128
2015-02-12,5.44,10.04,0.58,0.78,7.21,37.22974475972733,40.8653566272128
2015-02-13,5.41,10.96,1.74,2.38,5.1,37.22974475972733,40.8653566272128
2015-02-14,4.48,8.96,1.81,1.82,7.32,37.22974475972733,40.8653566272128
2015-02-15,5.9,12.23,-0.07,0.24,10.19,37.22974475972733,40.8653566272128
2015-02-16,5.53,9.19,3.4,3.13,5.67,37.22974475972733,40.8653566272128
2015-02-17,5.31,9.15,3.22,3.24,6.33,37.22974475972733,40.8653566272128
2015-02-18,6.36,12.22,1.89,2.46,10.7,37.22974475972733,40.8653566272128
2015-02-19,6.11,10.05,1.98,3.75,5.68,37.22974475972733,40.8653566272128
2015-02-20,2.2,5.22,-1.17,20.81,3.09,37.22974475972733,40.8653566272128
2015-02-21,1.72,7.24,-2.4,3.03,8.48,37.22974475972733,40.8653566272128
2015-02-22,4.11,13.63,-2.49,0.0,17.59,37.22974475972733,40.8653566272128
2015-02-23,6.03,13.75,-0.98,0.0,17.69,37.22974475972733,40.8653566272128
2015-02-24,6.79,13.14,1.42,0.62,9.42,37.22974475972733,40.8653566272128
2015-02-25,5.12,8.55,0.94,3.89,4.36,37.22974475972733,40.8653566272128
2015-02-26,6.99,16.03,0.14,0.0,17.38,37.22974475972733,40.8653566272128
2015-02-27,8.95,17.3,1.99,0.0,13.44,37.22974475972733,40.8653566272128
2015-02-28,8.74,16.93,2.08,0.12,10.29,37.22974475972733,40.8653566272128
2015-03-01,8.74,15.99,4.08,0.0,15.36,37.22974475972733,40.8653566272128
2015-03-02,8.39,13.64,4.3,2.76,10.9,37.22974475972733,40.8653566272128
2015-03-03,8.24,13.54,4.75,1.74,10.84,37.22974475972733,40.8653566272128
2015-03-04,7.99,13.14,2.95,5.73,10.06,37.22974475972733,40.8653566272128
2015-03-05,4.67,12.5,-0.84,0.02,20.2,37.22974475972733,40.8653566272128
2015-03-06,6.49,15.62,-1.93,0.0,20.26,37.22974475972733,40.8653566272128
2015-03-07,9.37,18.64,1.02,0.0,17.44,37.22974475972733,40.8653566272128
2015-03-08,11.65,19.01,4.61,0.0,16.43,37.22974475972733,40.8653566272128
2015-03-09,13.04,22.22,4.07,0.0,20.04,37.22974475972733,40.8653566272128
2015-03-10,12.19,22.46,5.4,0.0,20.78,37.22974475972733,40.8653566272128
2015-03-11,12.13,20.88,4.44,0.0,16.89,37.22974475972733,40.8653566272128
2015-03-12,10.18,17.15,5.48,5.6,3.47,37.22974475972733,40.8653566272128
2015-03-13,9.13,16.7,3.14,0.94,13.95,37.22974475972733,40.8653566272128
2015-03-14,10.83,19.13,4.17,0.0,17.62,37.22974475972733,40.8653566272128
2015-03-15,11.21,19.34,5.17,0.16,19.31,37.22974475972733,40.8653566272128
2015-03-16,9.2,15.25,4.42,4.58,12.15,37.22974475972733,40.8653566272128
2015-03-17,8.99,16.23,2.86,0.35,13.56,37.22974475972733,40.8653566272128
2015-03-18,10.37,17.88,3.44,0.0,18.11,37.22974475972733,40.8653566272128
2015-03-19,9.67,17.04,5.86,1.06,7.06,37.22974475972733,40.8653566272128
2015-03-20,8.94,14.41,5.03,0.58,12.03,37.22974475972733,40.8653566272128
2015-03-21,8.59,14.24,4.11,6.51,11.46,37.22974475972733,40.8653566272128
2015-03-22,5.37,8.84,1.19,3.41,10.92,37.22974475972733,40.8653566272128
2015-03-23,7.64,15.96,0.01,0.0,21.65,37.22974475972733,40.8653566272128
2015-03-24,8.17,13.49,4.51,2.37,8.43,37.22974475972733,40.8653566272128
2015-03-25,9.33,15.25,4.93,2.51,7.93,37.22974475972733,40.8653566272128
2015-03-26,10.66,20.58,3.22,0.0,22.86,37.22974475972733,40.8653566272128
2015-03-27,12.24,20.76,4.32,0.25,21.31,37.22974475972733,40.8653566272128
2015-03-28,12.47,19.29,7.06,0.6,10.41,37.22974475972733,40.8653566272128
2015-03-29,12.22,16.41,9.05,22.59,4.57,37.22974475972733,40.8653566272128
2015-03-30,12.16,17.37,7.99,4.35,18.1,37.22974475972733,40.8653566272128
2015-03-31,11.89,18.39,6.07,0.08,17.82,37.22974475972733,40.8653566272128
2015-04-01,12.26,16.4,7.64,2.17,15.46,37.22974475972733,40.8653566272128
2015-04-02,12.96,18.69,8.27,0.42,16.54,37.22974475972733,40.8653566272128
2015-04-03,12.3,18.62,7.31,1.15,16.51,37.22974475972733,40.8653566272128
2015-04-04,13.26,19.77,8.13,0.06,17.09,37.22974475972733,40.8653566272128
2015-04-05,11.42,19.8,3.97,0.0,25.32,37.22974475972733,40.8653566272128
2015-04-06,14.05,22.87,4.76,0.0,24.61,37.22974475972733,40.8653566272128
2015-04-07,16.34,25.39,7.34,0.0,23.05,37.22974475972733,40.8653566272128
2015-04-08,16.14,23.82,10.47,0.0,16.07,37.22974475972733,40.8653566272128
2015-04-09,18.93,28.53,12.77,0.21,13.13,37.22974475972733,40.8653566272128
2015-04-10,12.84,19.11,8.08,0.01,23.99,37.22974475972733,40.8653566272128
2015-04-11,11.33,16.62,6.27,0.06,18.96,37.22974475972733,40.8653566272128
2015-04-12,10.16,15.13,5.26,3.79,13.21,37.22974475972733,40.8653566272128
2015-04-13,10.19,15.46,6.11,15.7,11.71,37.22974475972733,40.8653566272128
2015-04-14,10.68,16.17,4.5,1.57,16.65,37.22974475972733,40.8653566272128
2015-04-15,11.95,20.15,3.15,0.0,21.52,37.22974475972733,40.8653566272128
2015-04-16,13.7,22.74,6.8,0.0,17.29,37.22974475972733,40.8653566272128
2015-04-17,15.06,24.44,6.98,0.0,25.07,37.22974475972733,40.8653566272128
2015-04-18,16.12,25.18,7.45,0.0,25.93,37.22974475972733,40.8653566272128
2015-04-19,16.16,25.04,8.74,0.0,25.85,37.22974475972733,40.8653566272128
2015-04-20,15.14,22.39,9.32,0.0,18.35,37.22974475972733,40.8653566272128
2015-04-21,15.97,23.55,8.98,0.22,20.63,37.22974475972733,40.8653566272128
2015-04-22,13.2,18.91,7.11,0.46,17.41,37.22974475972733,40.8653566272128
2015-04-23,12.35,17.31,7.85,2.77,19.59,37.22974475972733,40.8653566272128
2015-04-24,9.58,15.17,6.01,1.62,17.81,37.22974475972733,40.8653566272128
2015-04-25,12.72,21.72,4.08,0.0,28.58,37.22974475972733,40.8653566272128
2015-04-26,14.55,23.78,5.77,0.0,23.58,37.22974475972733,40.8653566272128
2015-04-27,17.49,26.83,8.35,0.0,22.22,37.22974475972733,40.8653566272128
2015-04-28,18.9,29.38,9.81,0.0,25.99,37.22974475972733,40.8653566272128
2015-04-29,21.66,31.31,11.16,0.0,24.55,37.22974475972733,40.8653566272128
2015-04-30,20.51,29.43,13.71,0.0,26.59,37.22974475972733,40.8653566272128
2015-05-01,20.75,30.59,11.81,0.0,28.12,37.22974475972733,40.8653566272128
2015-05-02,18.77,27.17,11.32,0.01,24.69,37.22974475972733,40.8653566272128
2015-05-03,19.02,28.32,10.67,0.0,24.56,37.22974475972733,40.8653566272128
2015-05-04,20.81,27.96,14.23,0.32,21.32,37.22974475972733,40.8653566272128
2015-05-05,19.06,27.74,11.58,0.01,28.07,37.22974475972733,40.8653566272128
2015-05-06,19.99,29.18,11.69,0.0,27.74,37.22974475972733,40.8653566272128
2015-05-07,18.7,28.62,10.35,0.0,30.65,37.22974475972733,40.8653566272128
2015-05-08,20.96,30.95,10.76,0.0,27.36,37.22974475972733,40.8653566272128
2015-05-09,21.39,30.59,13.29,0.02,17.45,37.22974475972733,40.8653566272128
2015-05-10,19.41,25.89,13.86,0.62,18.39,37.22974475972733,40.8653566272128
2015-05-11,19.62,26.55,14.45,0.89,23.26,37.22974475972733,40.8653566272128
2015-05-12,20.27,28.25,13.77,1.22,16.61,37.22974475972733,40.8653566272128
2015-05-13,20.32,28.19,12.71,0.21,26.59,37.22974475972733,40.8653566272128
2015-05-14,18.61,26.79,12.5,3.62,20.98,37.22974475972733,40.8653566272128
2015-05-15,18.53,26.21,11.74,0.01,27.75,37.22974475972733,40.8653566272128
2015-05-16,21.04,31.36,10.66,0.0,28.48,37.22974475972733,40.8653566272128
2015-05-17,24.06,33.31,15.93,0.0,27.18,37.22974475972733,40.8653566272128
2015-05-18,24.37,33.42,15.82,0.0,29.72,37.22974475972733,40.8653566272128
2015-05-19,26.11,35.63,17.64,0.0,29.72,37.22974475972733,40.8653566272128
2015-05-20,27.05,36.78,18.77,0.0,28.23,37.22974475972733,40.8653566272128
2015-05-21,27.32,37.24,18.64,0.0,27.14,37.22974475972733,40.8653566272128
2015-05-22,25.28,34.09,18.4,0.01,18.49,37.22974475972733,40.8653566272128
2015-05-23,22.65,30.28,16.05,0.01,26.27,37.22974475972733,40.8653566272128
2015-05-24,24.44,33.07,15.53,1.19,24.05,37.22974475972733,40.8653566272128
2015-05-25,24.74,32.91,17.72,0.03,27.1,37.22974475972733,40.8653566272128
2015-05-26,24.13,32.59,16.93,0.0,28.09,37.22974475972733,40.8653566272128
2015-05-27,24.74,34.25,14.62,0.27,18.94,37.22974475972733,40.8653566272128
2015-05-28,25.33,34.66,18.51,0.01,26.69,37.22974475972733,40.8653566272128
2015-05-29,22.56,30.18,14.42,0.0,28.2,37.22974475972733,40.8653566272128
2015-05-30,22.74,30.47,15.25,0.0,27.6,37.22974475972733,40.8653566272128
2015-05-31,22.88,31.81,13.83,0.0,29.81,37.22974475972733,40.8653566272128
2015-06-01,26.74,35.77,17.11,0.06,25.08,37.22974475972733,40.8653566272128
2015-06-02,27.22,35.91,20.45,1.31,16.65,37.22974475972733,40.8653566272128
2015-06-03,27.94,36.54,19.72,0.34,26.89,37.22974475972733,40.8653566272128
2015-06-04,26.17,34.91,18.37,0.0,29.97,37.22974475972733,40.8653566272128
2015-06-05,28.42,38.07,19.81,0.0,21.97,37.22974475972733,40.8653566272128
2015-06-06,24.67,32.88,16.45,0.0,30.57,37.22974475972733,40.8653566272128
2015-06-07,26.58,34.98,17.34,0.0,26.88,37.22974475972733,40.8653566272128
2015-06-08,27.4,35.68,19.11,0.0,29.44,37.22974475972733,40.8653566272128
2015-06-09,29.89,39.04,19.3,0.0,28.65,37.22974475972733,40.8653566272128
2015-06-10,27.64,35.37,20.2,0.0,29.64,37.22974475972733,40.8653566272128
2015-06-11,24.99,32.76,16.98,0.0,30.54,37.22974475972733,40.8653566272128
2015-06-12,25.63,33.84,17.05,0.0,30.37,37.22974475972733,40.8653566272128
2015-06-13,26.83,35.91,17.17,0.0,31.04,37.22974475972733,40.8653566272128
2015-06-14,27.39,36.31,17.7,0.0,30.36,37.22974475972733,40.8653566272128
2015-06-15,27.39,35.76,18.91,0.24,27.25,37.22974475972733,40.8653566272128
2015-06-16,28.34,36.21,19.39,0.1,27.48,37.22974475972733,40.8653566272128
2015-06-17,28.46,36.14,20.9,0.01,27.14,37.22974475972733,40.8653566272128
2015-06-18,29.54,38.27,20.17,0.0,28.33,37.22974475972733,40.8653566272128
2015-06-19,28.67,36.42,20.72,0.0,29.39,37.22974475972733,40.8653566272128
2015-06-20,28.13,35.61,20.85,0.0,30.08,37.22974475972733,40.8653566272128
2015-06-21,27.49,35.41,18.64,0.0,29.9,37.22974475972733,40.8653566272128
2015-06-22,29.44,38.76,19.8,0.0,30.36,37.22974475972733,40.8653566272128
2015-06-23,31.42,40.56,21.54,0.0,31.04,37.22974475972733,40.8653566272128
2015-06-24,28.91,37.57,20.64,0.0,30.19,37.22974475972733,40.8653566272128
2015-06-25,29.07,37.27,19.95,0.0,29.21,37.22974475972733,40.8653566272128
2015-06-26,28.51,35.29,21.24,0.0,26.57,37.22974475972733,40.8653566272128
2015-06-27,28.92,35.52,21.15,0.02,26.85,37.22974475972733,40.8653566272128
2015-06-28,29.44,37.4,20.88,0.0,27.86,37.22974475972733,40.8653566272128
2015-06-29,28.33,36.4,20.33,0.0,28.59,37.22974475972733,40.8653566272128
2015-06-30,27.91,35.55,19.66,0.0,30.79,37.22974475972733,40.8653566272128
2015-07-01,30.53,40.88,19.97,0.0,31.55,37.22974475972733,40.8653566272128
2015-07-02,32.92,42.19,22.57,0.0,31.49,37.22974475972733,40.8653566272128
2015-07-03,33.61,42.87,23.43,0.0,29.81,37.22974475972733,40.8653566272128
2015-07-04,34.49,43.22,24.69,0.0,29.09,37.22974475972733,40.8653566272128
2015-07-05,31.97,40.36,23.75,0.0,29.37,37.22974475972733,40.8653566272128
2015-07-06,32.28,41.72,22.0,0.0,29.2,37.22974475972733,40.8653566272128
2015-07-07,33.81,43.46,23.48,0.0,30.18,37.22974475972733,40.8653566272128
2015-07-08,32.92,40.24,25.59,0.0,29.99,37.22974475972733,40.8653566272128
2015-07-09,31.21,39.65,21.63,0.01,30.1,37.22974475972733,40.8653566272128
2015-07-10,32.43,41.38,22.57,0.0,30.07,37.22974475972733,40.8653566272128
2015-07-11,34.86,43.38,26.66,0.0,30.61,37.22974475972733,40.8653566272128
2015-07-12,34.35,42.72,26.83,0.0,29.74,37.22974475972733,40.8653566272128
2015-07-13,31.83,39.98,23.72,0.0,28.14,37.22974475972733,40.8653566272128
2015-07-14,32.92,41.66,23.62,0.0,28.11,37.22974475972733,40.8653566272128
2015-07-15,35.2,44.18,27.45,0.01,25.63,37.22974475972733,40.8653566272128
2015-07-16,34.93,44.04,26.45,0.0,24.54,37.22974475972733,40.8653566272128
2015-07-17,34.25,43.09,24.39,0.0,27.75,37.22974475972733,40.8653566272128
2015-07-18,35.52,43.72,28.04,0.0,28.66,37.22974475972733,40.8653566272128
2015-07-19,33.99,41.99,26.03,0.0,30.05,37.22974475972733,40.8653566272128
2015-07-20,32.77,41.08,24.72,0.0,29.18,37.22974475972733,40.8653566272128
2015-07-21,33.16,41.68,24.51,0.0,29.13,37.22974475972733,40.8653566272128
2015-07-22,33.99,43.27,24.52,0.0,29.08,37.22974475972733,40.8653566272128
2015-07-23,34.75,43.94,25.76,0.0,28.07,37.22974475972733,40.8653566272128
2015-07-24,34.96,44.38,26.01,0.0,27.3,37.22974475972733,40.8653566272128
2015-07-25,36.3,44.73,27.82,0.0,28.07,37.22974475972733,40.8653566272128
2015-07-26,34.13,41.9,26.86,0.0,27.9,37.22974475972733,40.8653566272128
2015-07-27,32.52,41.4,22.75,0.0,27.61,37.22974475972733,40.8653566272128
2015-07-28,34.19,42.87,24.7,0.0,26.92,37.22974475972733,40.8653566272128
2015-07-29,36.44,45.73,27.3,0.0,25.28,37.22974475972733,40.8653566272128
2015-07-30,37.47,46.63,29.09,0.0,23.7,37.22974475972733,40.8653566272128
2015-07-31,34.35,42.79,26.77,0.0,25.82,37.22974475972733,40.8653566272128
2015-08-01,33.76,41.72,25.44,0.0,27.15,37.22974475972733,40.8653566272128
2015-08-02,33.91,42.16,26.1,0.0,27.09,37.22974475972733,40.8653566272128
2015-08-03,35.51,44.73,26.32,0.0,27.6,37.22974475972733,40.8653566272128
2015-08-04,36.88,45.79,28.17,0.0,26.28,37.22974475972733,40.8653566272128
2015-08-05,36.16,44.6,27.4,0.0,25.29,37.22974475972733,40.8653566272128
2015-08-06,35.02,43.91,25.97,0.0,24.53,37.22974475972733,40.8653566272128
2015-08-07,33.29,41.03,25.82,0.0,25.2,37.22974475972733,40.8653566272128
2015-08-08,34.12,42.9,25.07,0.01,25.96,37.22974475972733,40.8653566272128
2015-08-09,33.92,42.07,26.12,0.0,26.47,37.22974475972733,40.8653566272128
2015-08-10,33.33,42.06,24.52,0.0,26.21,37.22974475972733,40.8653566272128
2015-08-11,32.9,41.7,23.85,0.0,26.26,37.22974475972733,40.8653566272128
2015-08-12,32.17,40.8,23.65,0.0,25.98,37.22974475972733,40.8653566272128
2015-08-13,32.52,42.04,23.28,0.0,25.9,37.22974475972733,40.8653566272128
2015-08-14,33.6,42.55,25.39,0.0,25.84,37.22974475972733,40.8653566272128
2015-08-15,33.46,42.04,25.52,0.0,25.98,37.22974475972733,40.8653566272128
2015-08-16,32.05,40.02,23.99,0.0,25.78,37.22974475972733,40.8653566272128
2015-08-17,32.87,41.62,23.95,0.0,24.23,37.22974475972733,40.8653566272128
2015-08-18,32.49,41.17,23.98,0.0,25.5,37.22974475972733,40.8653566272128
2015-08-19,34.06,44.34,23.99,0.0,26.15,37.22974475972733,40.8653566272128
2015-08-20,35.57,44.92,26.4,0.0,24.81,37.22974475972733,40.8653566272128
2015-08-21,33.36,42.41,24.32,0.0,25.56,37.22974475972733,40.8653566272128
2015-08-22,34.32,43.35,24.95,0.0,25.12,37.22974475972733,40.8653566272128
2015-08-23,32.82,41.22,25.72,0.0,24.27,37.22974475972733,40.8653566272128
2015-08-24,33.17,41.33,24.45,0.0,22.89,37.22974475972733,40.8653566272128
2015-08-25,32.28,39.24,26.17,0.08,22.34,37.22974475972733,40.8653566272128
2015-08-26,28.44,35.84,21.56,0.0,25.87,37.22974475972733,40.8653566272128
2015-08-27,28.35,37.16,19.51,0.0,25.18,37.22974475972733,40.8653566272128
2015-08-28,29.16,37.93,20.4,0.0,24.62,37.22974475972733,40.8653566272128
2015-08-29,29.51,38.2,21.16,0.0,23.6,37.22974475972733,40.8653566272128
2015-08-30,30.42,38.97,21.89,0.0,23.76,37.22974475972733,40.8653566272128
2015-08-31,31.64,39.58,25.19,0.0,19.85,37.22974475972733,40.8653566272128
2015-09-01,31.04,39.39,24.77,0.0,24.15,37.22974475972733,40.8653566272128
2015-09-02,31.48,40.76,23.3,0.0,24.79,37.22974475972733,40.8653566272128
2015-09-03,31.92,41.82,22.47,0.01,24.78,37.22974475972733,40.8653566272128
2015-09-04,31.92,40.79,23.07,0.0,24.12,37.22974475972733,40.8653566272128
2015-09-05,32.83,41.02,24.3,0.05,14.66,37.22974475972733,40.8653566272128
2015-09-06,32.38,41.09,25.95,0.0,14.32,37.22974475972733,40.8653566272128
2015-09-07,31.6,38.83,25.27,0.39,18.76,37.22974475972733,40.8653566272128
2015-09-08,31.94,40.48,22.96,0.0,22.7,37.22974475972733,40.8653566272128
2015-09-09,33.19,41.1,23.42,0.0,19.61,37.22974475972733,40.8653566272128
2015-09-10,33.2,41.49,26.55,0.0,19.22,37.22974475972733,40.8653566272128
2015-09-11,32.57,42.13,24.22,0.0,18.26,37.22974475972733,40.8653566272128
2015-09-12,32.15,41.71,24.6,0.0,19.91,37.22974475972733,40.8653566272128
2015-09-13,31.53,39.78,24.1,0.0,17.55,37.22974475972733,40.8653566272128
2015-09-14,31.52,39.65,24.87,0.09,17.52,37.22974475972733,40.8653566272128
2015-09-15,31.02,39.11,24.63,0.02,17.4,37.22974475972733,40.8653566272128
2015-09-16,30.89,39.37,23.7,0.0,20.59,37.22974475972733,40.8653566272128
2015-09-17,29.01,37.82,21.62,0.0,21.79,37.22974475972733,40.8653566272128
2015-09-18,28.89,38.51,20.16,0.0,21.51,37.22974475972733,40.8653566272128
2015-09-19,30.84,39.22,22.49,0.0,20.69,37.22974475972733,40.8653566272128
2015-09-20,29.41,38.19,22.09,0.0,21.4,37.22974475972733,40.8653566272128
2015-09-21,29.23,37.95,22.02,0.0,18.39,37.22974475972733,40.8653566272128
2015-09-22,26.31,33.77,19.97,0.0,20.28,37.22974475972733,40.8653566272128
2015-09-23,26.81,35.93,19.03,0.0,20.74,37.22974475972733,40.8653566272128
2015-09-24,28.1,36.56,21.62,0.0,20.98,37.22974475972733,40.8653566272128
2015-09-25,27.35,36.09,20.65,0.0,20.62,37.22974475972733,40.8653566272128
2015-09-26,26.22,35.91,18.33,0.0,19.96,37.22974475972733,40.8653566272128
2015-09-27,26.19,34.97,18.44,0.0,19.46,37.22974475972733,40.8653566272128
2015-09-28,26.93,36.17,18.99,0.0,19.69,37.22974475972733,40.8653566272128
2015-09-29,27.68,35.39,20.96,0.0,16.51,37.22974475972733,40.8653566272128
2015-09-30,27.49,34.65,21.13,0.05,16.71,37.22974475972733,40.8653566272128
2015-10-01,26.76,34.71,21.23,0.0,16.41,37.22974475972733,40.8653566272128
2015-10-02,27.36,35.21,21.18,0.27,14.98,37.22974475972733,40.8653566272128
2015-10-03,27.83,35.8,22.7,1.09,14.95,37.22974475972733,40.8653566272128
2015-10-04,26.45,34.65,20.38,0.0,17.06,37.22974475972733,40.8653566272128
2015-10-05,25.28,32.96,17.9,0.0,18.41,37.22974475972733,40.8653566272128
2015-10-06,23.87,31.6,19.86,1.18,10.77,37.22974475972733,40.8653566272128
2015-10-07,21.57,26.13,18.24,1.75,8.43,37.22974475972733,40.8653566272128
2015-10-08,21.56,27.86,15.13,0.44,14.33,37.22974475972733,40.8653566272128
2015-10-09,21.79,27.53,15.92,0.07,13.6,37.22974475972733,40.8653566272128
2015-10-10,21.39,29.21,14.29,0.0,16.66,37.22974475972733,40.8653566272128
2015-10-11,21.3,30.17,14.22,0.0,18.41,37.22974475972733,40.8653566272128
2015-10-12,22.16,31.74,14.37,0.0,16.8,37.22974475972733,40.8653566272128
2015-10-13,23.73,30.96,16.61,0.73,13.99,37.22974475972733,40.8653566272128
2015-10-14,22.72,29.05,17.16,0.23,14.19,37.22974475972733,40.8653566272128
2015-10-15,22.91,29.65,16.81,0.0,14.36,37.22974475972733,40.8653566272128
2015-10-16,23.24,31.25,16.92,0.0,15.75,37.22974475972733,40.8653566272128
2015-10-17,21.68,30.08,17.1,0.0,17.36,37.22974475972733,40.8653566272128
2015-10-18,21.19,29.98,12.72,0.0,15.51,37.22974475972733,40.8653566272128
2015-10-19,21.08,30.2,13.86,0.0,15.78,37.22974475972733,40.8653566272128
2015-10-20,21.4,28.16,15.87,0.14,12.95,37.22974475972733,40.8653566272128
2015-10-21,22.0,29.53,16.26,0.0,14.09,37.22974475972733,40.8653566272128
2015-10-22,21.64,28.53,16.2,0.0,11.95,37.22974475972733,40.8653566272128
2015-10-23,20.98,26.76,16.99,1.19,5.41,37.22974475972733,40.8653566272128
2015-10-24,21.68,27.57,18.09,0.03,11.91,37.22974475972733,40.8653566272128
2015-10-25,20.76,26.82,15.7,7.53,4.33,37.22974475972733,40.8653566272128
2015-10-26,19.94,26.04,15.83,3.72,11.19,37.22974475972733,40.8653566272128
2015-10-27,17.65,22.53,14.42,5.41,7.63,37.22974475972733,40.8653566272128
2015-10-28,17.12,21.8,13.57,1.74,8.92,37.22974475972733,40.8653566272128
2015-10-29,16.83,21.6,13.08,2.0,5.71,37.22974475972733,40.8653566272128
2015-10-30,16.8,21.57,12.99,3.68,10.2,37.22974475972733,40.8653566272128
2015-10-31,15.67,22.83,11.83,0.0,12.88,37.22974475972733,40.8653566272128
2015-11-01,15.54,23.78,10.37,0.0,14.73,37.22974475972733,40.8653566272128
2015-11-02,13.12,21.25,7.59,0.0,15.16,37.22974475972733,40.8653566272128
2015-11-03,12.51,20.78,5.93,0.0,14.24,37.22974475972733,40.8653566272128
2015-11-04,12.92,22.11,5.24,0.0,14.55,37.22974475972733,40.8653566272128
2015-11-05,13.95,21.33,8.44,0.11,9.99,37.22974475972733,40.8653566272128
2015-11-06,15.39,22.64,11.02,0.0,11.53,37.22974475972733,40.8653566272128
2015-11-07,15.2,22.76,9.84,0.0,13.3,37.22974475972733,40.8653566272128
2015-11-08,14.98,23.15,9.57,0.56,10.71,37.22974475972733,40.8653566272128
2015-11-09,13.13,20.64,7.76,0.16,10.64,37.22974475972733,40.8653566272128
2015-11-10,10.5,17.01,6.87,0.49,10.5,37.22974475972733,40.8653566272128
2015-11-11,10.52,18.35,5.72,0.0,12.65,37.22974475972733,40.8653566272128
2015-11-12,12.23,21.82,5.67,0.0,13.07,37.22974475972733,40.8653566272128
2015-11-13,13.03,21.48,7.81,0.0,12.68,37.22974475972733,40.8653566272128
2015-11-14,12.34,20.55,6.14,0.0,13.82,37.22974475972733,40.8653566272128
2015-11-15,10.83,20.21,4.47,0.0,13.21,37.22974475972733,40.8653566272128
2015-11-16,11.65,19.05,7.98,6.59,7.39,37.22974475972733,40.8653566272128
2015-11-17,11.55,16.66,7.29,9.28,5.13,37.22974475972733,40.8653566272128
2015-11-18,10.26,17.79,5.28,0.0,12.62,37.22974475972733,40.8653566272128
2015-11-19,9.65,16.53,3.08,0.0,10.71,37.22974475972733,40.8653566272128
2015-11-20,10.07,18.73,4.26,0.0,11.93,37.22974475972733,40.8653566272128
2015-11-21,10.16,18.28,3.63,0.0,11.57,37.22974475972733,40.8653566272128
2015-11-22,9.87,18.66,3.2,0.0,11.32,37.22974475972733,40.8653566272128
2015-11-23,10.98,22.32,3.65,0.0,12.59,37.22974475972733,40.8653566272128
2015-11-24,11.96,22.65,5.49,0.0,12.63,37.22974475972733,40.8653566272128
2015-11-25,10.91,20.64,3.6,0.09,9.46,37.22974475972733,40.8653566272128
2015-11-26,10.95,17.02,6.36,0.3,5.69,37.22974475972733,40.8653566272128
2015-11-27,11.92,18.54,7.89,0.23,5.4,37.22974475972733,40.8653566272128
2015-11-28,12.11,20.17,6.09,0.0,10.23,37.22974475972733,40.8653566272128
2015-11-29,10.98,17.22,5.65,1.38,6.1,37.22974475972733,40.8653566272128
2015-11-30,10.79,17.35,5.16,1.81,6.05,37.22974475972733,40.8653566272128
2015-12-01,10.11,16.98,4.36,3.46,9.11,37.22974475972733,40.8653566272128
2015-12-02,7.27,14.71,2.18,0.26,10.37,37.22974475972733,40.8653566272128
2015-12-03,4.43,8.07,0.01,11.03,8.73,37.22974475972733,40.8653566272128
2015-12-04,2.14,9.29,-2.32,0.0,11.47,37.22974475972733,40.8653566272128
2015-12-05,2.01,9.63,-2.64,0.01,11.06,37.22974475972733,40.8653566272128
2015-12-06,3.84,11.82,-1.14,0.0,10.88,37.22974475972733,40.8653566272128
2015-12-07,4.76,13.65,-0.33,0.0,11.35,37.22974475972733,40.8653566272128
2015-12-08,6.39,15.39,0.24,0.0,11.07,37.22974475972733,40.8653566272128
2015-12-09,6.39,16.11,-0.16,0.0,11.3,37.22974475972733,40.8653566272128
2015-12-10,6.97,15.03,1.8,0.0,10.51,37.22974475972733,40.8653566272128
2015-12-11,6.41,14.29,1.56,0.0,9.87,37.22974475972733,40.8653566272128
2015-12-12,5.93,14.12,-0.21,0.0,10.35,37.22974475972733,40.8653566272128
2015-12-13,6.6,15.0,0.81,0.0,6.37,37.22974475972733,40.8653566272128
2015-12-14,9.38,15.49,5.14,0.08,6.58,37.22974475972733,40.8653566272128
2015-12-15,6.88,15.58,1.11,0.08,10.39,37.22974475972733,40.8653566272128
2015-12-16,7.33,14.11,1.8,0.0,7.68,37.22974475972733,40.8653566272128
2015-12-17,6.72,11.14,3.48,0.0,4.41,37.22974475972733,40.8653566272128
2015-12-18,6.33,13.55,0.64,0.0,8.67,37.22974475972733,40.8653566272128
2015-12-19,6.31,14.66,0.23,0.0,10.02,37.22974475972733,40.8653566272128
2015-12-20,5.71,14.61,1.45,0.0,9.86,37.22974475972733,40.8653566272128
2015-12-21,5.62,15.07,-0.68,0.0,10.08,37.22974475972733,40.8653566272128
2015-12-22,6.6,14.76,1.21,0.0,10.24,37.22974475972733,40.8653566272128
2015-12-23,6.41,14.93,-0.02,0.0,10.57,37.22974475972733,40.8653566272128
2015-12-24,5.52,15.07,0.4,0.0,10.64,37.22974475972733,40.8653566272128
2015-12-25,6.95,16.95,0.86,0.0,10.9,37.22974475972733,40.8653566272128
2015-12-26,7.59,15.26,1.66,0.0,9.92,37.22974475972733,40.8653566272128
2015-12-27,7.45,15.77,0.97,0.0,10.64,37.22974475972733,40.8653566272128
2015-12-28,7.83,16.99,0.63,0.0,10.92,37.22974475972733,40.8653566272128
2015-12-29,4.7,10.63,-0.47,0.01,6.68,37.22974475972733,40.8653566272128
2015-12-30,3.33,7.7,-0.79,3.57,2.39,37.22974475972733,40.8653566272128
2015-12-31,0.84,2.64,-1.02,15.37,2.06,37.22974475972733,40.8653566272128
2016-01-01,-1.02,1.48,-5.39,16.27,1.68,37.22974475972733,40.8653566272128
2016-01-02,-6.09,1.87,-11.0,0.39,6.68,37.22974475972733,40.8653566272128
2016-01-03,-7.54,1.15,-13.33,0.08,6.32,37.22974475972733,40.8653566272128
2016-01-04,-3.33,0.94,-9.47,1.74,2.84,37.22974475972733,40.8653566272128
2016-01-05,0.27,0.95,-1.11,15.46,3.58,37.22974475972733,40.8653566272128
2016-01-06,1.43,2.87,0.58,3.47,2.07,37.22974475972733,40.8653566272128
2016-01-07,4.07,6.29,1.65,12.51,1.43,37.22974475972733,40.8653566272128
2016-01-08,7.16,10.33,4.77,8.8,3.86,37.22974475972733,40.8653566272128
2016-01-09,5.46,11.8,0.23,3.58,10.11,37.22974475972733,40.8653566272128
2016-01-10,4.17,12.66,-2.0,0.0,11.55,37.22974475972733,40.8653566272128
2016-01-11,3.85,9.57,-0.96,0.05,6.61,37.22974475972733,40.8653566272128
2016-01-12,4.98,12.84,-0.54,0.0,10.55,37.22974475972733,40.8653566272128
2016-01-13,6.4,13.9,0.44,0.0,4.18,37.22974475972733,40.8653566272128
2016-01-14,7.24,13.59,2.42,6.68,5.55,37.22974475972733,40.8653566272128
2016-01-15,6.08,13.48,0.71,0.38,11.65,37.22974475972733,40.8653566272128
2016-01-16,5.52,13.7,-0.26,0.0,11.52,37.22974475972733,40.8653566272128
2016-01-17,5.39,13.92,-0.07,0.0,10.39,37.22974475972733,40.8653566272128
2016-01-18,6.43,11.86,2.03,1.43,3.78,37.22974475972733,40.8653566272128
2016-01-19,4.35,8.18,1.62,3.48,3.29,37.22974475972733,40.8653566272128
2016-01-20,5.31,9.86,1.46,0.11,7.6,37.22974475972733,40.8653566272128
2016-01-21,5.85,11.29,1.67,0.0,5.88,37.22974475972733,40.8653566272128
2016-01-22,5.34,11.5,0.52,0.01,7.24,37.22974475972733,40.8653566272128
2016-01-23,6.12,12.74,2.52,0.07,7.1,37.22974475972733,40.8653566272128
2016-01-24,6.14,10.98,2.88,1.9,7.18,37.22974475972733,40.8653566272128
2016-01-25,0.27,4.78,-5.67,1.18,7.58,37.22974475972733,40.8653566272128
2016-01-26,-2.53,2.83,-5.9,0.12,9.09,37.22974475972733,40.8653566272128
2016-01-27,-2.44,3.94,-5.37,0.01,11.78,37.22974475972733,40.8653566272128
2016-01-28,-2.07,4.89,-6.43,0.0,12.01,37.22974475972733,40.8653566272128
2016-01-29,1.0,8.67,-4.63,0.0,12.34,37.22974475972733,40.8653566272128
2016-01-30,4.03,11.87,-1.68,0.01,11.96,37.22974475972733,40.8653566272128
2016-01-31,4.47,12.36,0.34,0.0,10.95,37.22974475972733,40.8653566272128
2016-02-01,5.65,13.13,-0.87,0.01,9.91,37.22974475972733,40.8653566272128
2016-02-02,4.58,9.15,0.78,8.05,3.5,37.22974475972733,40.8653566272128
2016-02-03,3.62,13.31,-2.29,0.0,14.63,37.22974475972733,40.8653566272128
2016-02-04,5.58,15.19,-1.92,0.0,14.55,37.22974475972733,40.8653566272128
2016-02-05,5.71,13.27,0.6,0.0,12.59,37.22974475972733,40.8653566272128
2016-02-06,6.49,9.8,3.29,4.27,3.68,37.22974475972733,40.8653566272128
2016-02-07,6.03,9.43,3.52,6.98,5.78,37.22974475972733,40.8653566272128
2016-02-08,5.88,13.45,0.41,0.08,13.5,37.22974475972733,40.8653566272128
2016-02-09,5.82,13.82,-0.7,0.0,13.52,37.22974475972733,40.8653566272128
2016-02-10,6.11,13.43,0.64,0.0,13.16,37.22974475972733,40.8653566272128
2016-02-11,5.65,12.97,-1.16,0.0,12.23,37.22974475972733,40.8653566272128
2016-02-12,6.85,14.59,1.26,0.0,10.19,37.22974475972733,40.8653566272128
2016-02-13,8.32,16.36,2.21,0.11,13.56,37.22974475972733,40.8653566272128
2016-02-14,9.11,14.8,3.56,0.38,8.09,37.22974475972733,40.8653566272128
2016-02-15,10.4,19.02,4.43,0.0,14.28,37.22974475972733,40.8653566272128
2016-02-16,11.88,21.89,5.52,0.0,15.56,37.22974475972733,40.8653566272128
2016-02-17,12.75,23.82,5.57,0.0,16.0,37.22974475972733,40.8653566272128
2016-02-18,13.7,23.88,5.7,0.0,16.34,37.22974475972733,40.8653566272128
2016-02-19,12.85,20.29,7.39,0.0,13.08,37.22974475972733,40.8653566272128
2016-02-20,11.65,19.71,5.44,0.02,12.0,37.22974475972733,40.8653566272128
2016-02-21,12.1,17.08,5.77,0.11,6.33,37.22974475972733,40.8653566272128
2016-02-22,12.17,14.6,10.51,3.92,3.59,37.22974475972733,40.8653566272128
2016-02-23,9.74,12.28,7.39,11.19,4.22,37.22974475972733,40.8653566272128
2016-02-24,10.11,16.33,5.29,1.41,11.54,37.22974475972733,40.8653566272128
2016-02-25,11.32,16.37,7.54,0.0,9.07,37.22974475972733,40.8653566272128
2016-02-26,12.88,20.71,6.35,0.0,14.68,37.22974475972733,40.8653566272128
2016-02-27,12.43,20.24,6.57,1.75,15.22,37.22974475972733,40.8653566272128
2016-02-28,12.57,19.93,7.85,3.19,16.67,37.22974475972733,40.8653566272128
2016-02-29,12.91,22.17,7.2,0.0,17.19,37.22974475972733,40.8653566272128
2016-03-01,14.14,23.93,5.95,0.0,18.27,37.22974475972733,40.8653566272128
2016-03-02,13.71,24.05,6.48,0.0,19.06,37.22974475972733,40.8653566272128
2016-03-03,12.38,17.25,9.81,1.4,10.35,37.22974475972733,40.8653566272128
2016-03-04,12.71,19.5,7.62,4.11,6.31,37.22974475972733,40.8653566272128
2016-03-05,10.79,17.7,4.51,1.38,16.13,37.22974475972733,40.8653566272128
2016-03-06,9.86,16.35,5.03,0.37,15.28,37.22974475972733,40.8653566272128
2016-03-07,10.67,19.68,2.49,0.0,20.34,37.22974475972733,40.8653566272128
2016-03-08,11.84,21.11,3.31,0.0,20.37,37.22974475972733,40.8653566272128
2016-03-09,13.08,22.54,5.3,0.0,20.09,37.22974475972733,40.8653566272128
2016-03-10,13.42,22.01,6.32,0.86,12.43,37.22974475972733,40.8653566272128
2016-03-11,13.85,21.35,7.94,0.4,14.13,37.22974475972733,40.8653566272128
2016-03-12,13.36,21.68,6.89,0.0,17.78,37.22974475972733,40.8653566272128
2016-03-13,14.7,23.24,7.31,0.0,20.65,37.22974475972733,40.8653566272128
2016-03-14,12.04,17.33,7.62,2.72,7.58,37.22974475972733,40.8653566272128
2016-03-15,10.64,14.63,7.7,12.27,10.0,37.22974475972733,40.8653566272128
2016-03-16,10.6,16.95,4.91,6.39,11.54,37.22974475972733,40.8653566272128
2016-03-17,7.22,15.23,1.87,0.0,22.29,37.22974475972733,40.8653566272128
2016-03-18,6.74,15.27,-0.62,0.0,22.74,37.22974475972733,40.8653566272128
2016-03-19,9.11,16.11,2.94,0.03,18.27,37.22974475972733,40.8653566272128
2016-03-20,10.76,18.27,6.79,0.94,13.68,37.22974475972733,40.8653566272128
2016-03-21,9.26,17.82,2.41,0.0,20.83,37.22974475972733,40.8653566272128
2016-03-22,9.03,17.1,2.71,0.0,23.27,37.22974475972733,40.8653566272128
2016-03-23,11.58,20.81,2.84,0.0,19.58,37.22974475972733,40.8653566272128
2016-03-24,13.77,22.49,6.2,0.0,18.75,37.22974475972733,40.8653566272128
2016-03-25,14.47,20.04,9.54,0.0,13.67,37.22974475972733,40.8653566272128
2016-03-26,13.03,18.26,8.94,0.01,14.95,37.22974475972733,40.8653566272128
2016-03-27,11.91,16.77,8.24,2.17,15.36,37.22974475972733,40.8653566272128
2016-03-28,10.02,13.29,5.53,37.52,12.62,37.22974475972733,40.8653566272128
2016-03-29,8.54,15.28,4.22,1.64,13.1,37.22974475972733,40.8653566272128
2016-03-30,8.75,16.76,2.24,0.0,22.38,37.22974475972733,40.8653566272128
2016-03-31,9.9,17.7,3.93,1.35,21.81,37.22974475972733,40.8653566272128
2016-04-01,10.08,19.45,2.43,1.35,25.22,37.22974475972733,40.8653566272128
2016-04-02,12.71,23.09,3.11,0.0,24.25,37.22974475972733,40.8653566272128
2016-04-03,14.43,22.58,6.44,0.01,19.01,37.22974475972733,40.8653566272128
2016-04-04,13.65,23.41,6.32,0.0,24.66,37.22974475972733,40.8653566272128
2016-04-05,16.6,26.12,6.57,0.0,24.37,37.22974475972733,40.8653566272128
2016-04-06,17.81,27.51,10.6,0.0,22.85,37.22974475972733,40.8653566272128
2016-04-07,18.77,28.15,11.12,0.26,21.58,37.22974475972733,40.8653566272128
2016-04-08,19.99,28.21,11.67,0.0,22.41,37.22974475972733,40.8653566272128
2016-04-09,20.74,28.12,14.44,1.89,18.89,37.22974475972733,40.8653566272128
2016-04-10,19.28,26.82,14.36,12.16,20.0,37.22974475972733,40.8653566272128
2016-04-11,16.55,21.92,12.55,23.79,7.79,37.22974475972733,40.8653566272128
2016-04-12,15.39,21.14,9.03,0.64,19.17,37.22974475972733,40.8653566272128
2016-04-13,14.93,20.52,9.23,4.72,19.62,37.22974475972733,40.8653566272128
2016-04-14,15.83,22.82,9.65,1.16,19.96,37.22974475972733,40.8653566272128
2016-04-15,16.88,25.52,8.76,0.0,25.14,37.22974475972733,40.8653566272128
2016-04-16,16.62,25.65,8.99,0.44,26.5,37.22974475972733,40.8653566272128
2016-04-17,17.31,25.71,9.18,0.0,27.95,37.22974475972733,40.8653566272128
2016-04-18,17.33,26.15,9.93,0.0,27.45,37.22974475972733,40.8653566272128
2016-04-19,18.77,28.52,10.09,0.0,27.12,37.22974475972733,40.8653566272128
2016-04-20,20.08,29.88,11.5,0.0,26.52,37.22974475972733,40.8653566272128
2016-04-21,20.05,29.57,12.07,0.0,21.67,37.22974475972733,40.8653566272128
2016-04-22,16.29,26.44,8.68,0.0,29.06,37.22974475972733,40.8653566272128
2016-04-23,19.04,29.29,8.16,0.0,28.57,37.22974475972733,40.8653566272128
2016-04-24,21.55,30.63,11.5,0.0,23.95,37.22974475972733,40.8653566272128
2016-04-25,21.79,30.0,13.66,0.0,17.75,37.22974475972733,40.8653566272128
2016-04-26,18.82,28.22,9.39,0.03,24.66,37.22974475972733,40.8653566272128
2016-04-27,21.38,30.67,15.39,0.04,21.5,37.22974475972733,40.8653566272128
2016-04-28,19.71,27.75,12.22,0.37,23.2,37.22974475972733,40.8653566272128
2016-04-29,18.88,28.45,8.99,0.0,26.93,37.22974475972733,40.8653566272128
2016-04-30,19.53,27.94,12.06,0.0,23.94,37.22974475972733,40.8653566272128
2016-05-01,19.93,27.85,12.72,0.44,19.29,37.22974475972733,40.8653566272128
2016-05-02,22.03,30.26,14.41,0.13,24.01,37.22974475972733,40.8653566272128
2016-05-03,22.25,28.3,15.74,3.27,16.39,37.22974475972733,40.8653566272128
2016-05-04,20.46,26.87,13.48,3.5,17.28,37.22974475972733,40.8653566272128
2016-05-05,18.36,25.25,10.58,0.0,24.85,37.22974475972733,40.8653566272128
2016-05-06,18.16,25.66,11.78,0.04,20.65,37.22974475972733,40.8653566272128
2016-05-07,14.69,20.34,9.57,0.81,19.36,37.22974475972733,40.8653566272128
2016-05-08,17.35,26.43,8.82,0.0,27.94,37.22974475972733,40.8653566272128
2016-05-09,20.39,29.64,11.3,0.0,27.52,37.22974475972733,40.8653566272128
2016-05-10,22.0,30.66,14.05,0.0,25.42,37.22974475972733,40.8653566272128
2016-05-11,19.22,29.15,13.38,0.93,20.09,37.22974475972733,40.8653566272128
2016-05-12,21.4,29.76,12.02,0.05,24.91,37.22974475972733,40.8653566272128
2016-05-13,23.26,31.63,15.87,0.0,25.08,37.22974475972733,40.8653566272128
2016-05-14,24.13,32.85,15.5,0.02,26.28,37.22974475972733,40.8653566272128
2016-05-15,25.6,34.6,18.07,0.0,24.44,37.22974475972733,40.8653566272128
2016-05-16,25.95,33.51,19.02,0.09,21.54,37.22974475972733,40.8653566272128
2016-05-17,25.51,33.04,16.34,0.38,20.87,37.22974475972733,40.8653566272128
2016-05-18,24.03,31.21,15.67,1.35,27.53,37.22974475972733,40.8653566272128
2016-05-19,19.9,27.52,11.99,0.0,27.09,37.22974475972733,40.8653566272128
2016-05-20,21.25,30.27,13.18,0.0,30.43,37.22974475972733,40.8653566272128
2016-05-21,23.01,33.35,14.25,0.0,25.31,37.22974475972733,40.8653566272128
2016-05-22,24.09,33.18,14.53,0.0,28.13,37.22974475972733,40.8653566272128
2016-05-23,24.54,33.16,15.68,0.07,25.59,37.22974475972733,40.8653566272128
2016-05-24,20.22,27.18,13.34,0.0,26.4,37.22974475972733,40.8653566272128
2016-05-25,21.91,29.88,13.88,0.0,27.9,37.22974475972733,40.8653566272128
2016-05-26,20.29,26.81,13.25,0.44,19.46,37.22974475972733,40.8653566272128
2016-05-27,22.91,30.85,15.37,0.98,18.01,37.22974475972733,40.8653566272128
2016-05-28,21.36,28.5,14.9,0.0,27.59,37.22974475972733,40.8653566272128
2016-05-29,19.55,26.41,13.65,0.89,20.98,37.22974475972733,40.8653566272128
2016-05-30,21.6,29.92,13.31,0.0,27.53,37.22974475972733,40.8653566272128
2016-05-31,23.79,32.03,15.36,0.0,29.43,37.22974475972733,40.8653566272128
2016-06-01,25.7,34.1,17.4,0.0,30.02,37.22974475972733,40.8653566272128
2016-06-02,25.74,34.3,17.76,0.0,31.46,37.22974475972733,40.8653566272128
2016-06-03,28.19,37.02,18.93,0.01,27.81,37.22974475972733,40.8653566272128
2016-06-04,27.66,35.61,19.17,0.0,28.77,37.22974475972733,40.8653566272128
2016-06-05,26.83,35.07,17.68,0.0,24.0,37.22974475972733,40.8653566272128
2016-06-06,26.92,35.96,17.11,0.0,29.9,37.22974475972733,40.8653566272128
2016-06-07,25.07,31.3,18.37,0.31,25.57,37.22974475972733,40.8653566272128
2016-06-08,25.83,32.89,17.31,0.01,25.1,37.22974475972733,40.8653566272128
2016-06-09,25.88,33.0,17.82,0.0,28.79,37.22974475972733,40.8653566272128
2016-06-10,25.13,32.8,16.36,0.0,30.09,37.22974475972733,40.8653566272128
2016-06-11,25.44,33.38,16.82,0.0,28.0,37.22974475972733,40.8653566272128
2016-06-12,25.77,34.63,17.68,0.0,32.69,37.22974475972733,40.8653566272128
2016-06-13,27.57,36.95,17.7,0.0,31.73,37.22974475972733,40.8653566272128
2016-06-14,29.17,38.07,21.54,0.0,31.34,37.22974475972733,40.8653566272128
2016-06-15,30.45,39.97,20.36,0.38,22.14,37.22974475972733,40.8653566272128
2016-06-16,28.33,35.98,20.48,0.03,25.59,37.22974475972733,40.8653566272128
2016-06-17,27.49,34.31,21.61,0.11,23.66,37.22974475972733,40.8653566272128
2016-06-18,28.38,34.88,23.11,0.0,23.62,37.22974475972733,40.8653566272128
2016-06-19,29.19,36.68,20.53,1.15,21.77,37.22974475972733,40.8653566272128
2016-06-20,30.49,39.06,22.64,0.0,26.82,37.22974475972733,40.8653566272128
2016-06-21,32.13,40.46,23.73,0.0,29.27,37.22974475972733,40.8653566272128
2016-06-22,32.05,40.72,22.91,0.0,28.94,37.22974475972733,40.8653566272128
2016-06-23,33.23,41.82,24.34,0.0,29.62,37.22974475972733,40.8653566272128
2016-06-24,33.95,41.81,25.28,1.09,24.97,37.22974475972733,40.8653566272128
2016-06-25,34.88,43.09,26.34,0.0,28.53,37.22974475972733,40.8653566272128
2016-06-26,35.05,43.33,26.34,0.0,28.2,37.22974475972733,40.8653566272128
2016-06-27,34.3,42.59,25.25,0.0,27.34,37.22974475972733,40.8653566272128
2016-06-28,29.95,37.12,22.33,0.0,29.75,37.22974475972733,40.8653566272128
2016-06-29,31.41,40.34,21.84,0.0,28.74,37.22974475972733,40.8653566272128
2016-06-30,31.54,38.64,24.34,0.0,29.79,37.22974475972733,40.8653566272128
2016-07-01,31.41,39.0,21.93,0.0,29.9,37.22974475972733,40.8653566272128
2016-07-02,33.34,41.53,25.27,0.0,30.36,37.22974475972733,40.8653566272128
2016-07-03,33.85,42.13,25.69,0.0,29.88,37.22974475972733,40.8653566272128
2016-07-04,33.44,41.91,25.83,0.0,28.47,37.22974475972733,40.8653566272128
2016-07-05,32.45,40.07,24.45,0.01,26.06,37.22974475972733,40.8653566272128
2016-07-06,33.18,40.77,25.12,0.18,22.04,37.22974475972733,40.8653566272128
2016-07-07,34.13,41.77,26.83,0.0,25.49,37.22974475972733,40.8653566272128
2016-07-08,33.44,41.24,25.2,0.01,26.29,37.22974475972733,40.8653566272128
2016-07-09,32.61,40.17,25.63,0.0,29.1,37.22974475972733,40.8653566272128
2016-07-10,32.0,40.24,23.65,0.0,29.85,37.22974475972733,40.8653566272128
2016-07-11,31.19,39.62,23.06,0.0,31.82,37.22974475972733,40.8653566272128
2016-07-12,31.91,41.63,22.39,0.0,30.96,37.22974475972733,40.8653566272128
2016-07-13,32.37,41.32,23.34,0.0,30.51,37.22974475972733,40.8653566272128
2016-07-14,33.23,42.05,24.37,0.0,29.72,37.22974475972733,40.8653566272128
2016-07-15,34.51,43.42,24.59,0.0,29.22,37.22974475972733,40.8653566272128
2016-07-16,35.19,44.09,25.87,0.0,29.35,37.22974475972733,40.8653566272128
2016-07-17,35.9,45.1,26.33,0.0,28.56,37.22974475972733,40.8653566272128
2016-07-18,34.32,43.24,25.37,0.0,28.08,37.22974475972733,40.8653566272128
2016-07-19,33.79,42.94,25.17,0.0,27.19,37.22974475972733,40.8653566272128
2016-07-20,35.07,44.29,26.04,0.0,26.54,37.22974475972733,40.8653566272128
2016-07-21,33.46,41.8,23.93,0.0,28.04,37.22974475972733,40.8653566272128
2016-07-22,33.21,40.22,26.17,0.0,28.4,37.22974475972733,40.8653566272128
2016-07-23,33.5,42.64,24.17,0.0,29.33,37.22974475972733,40.8653566272128
2016-07-24,34.79,43.68,26.28,0.0,29.34,37.22974475972733,40.8653566272128
2016-07-25,34.33,43.32,26.47,0.0,28.42,37.22974475972733,40.8653566272128
2016-07-26,34.12,42.31,25.96,0.0,28.14,37.22974475972733,40.8653566272128
2016-07-27,32.59,41.7,22.96,0.0,29.03,37.22974475972733,40.8653566272128
2016-07-28,33.49,42.64,23.29,0.0,28.73,37.22974475972733,40.8653566272128
2016-07-29,33.23,42.15,24.81,0.0,28.76,37.22974475972733,40.8653566272128
2016-07-30,32.53,40.94,24.09,0.0,28.13,37.22974475972733,40.8653566272128
2016-07-31,32.87,42.35,23.66,0.0,27.29,37.22974475972733,40.8653566272128
2016-08-01,33.74,43.03,24.92,0.0,26.94,37.22974475972733,40.8653566272128
2016-08-02,34.0,43.35,24.44,0.0,27.92,37.22974475972733,40.8653566272128
2016-08-03,33.59,43.67,23.51,0.0,28.46,37.22974475972733,40.8653566272128
2016-08-04,34.54,44.17,24.74,0.0,27.83,37.22974475972733,40.8653566272128
2016-08-05,33.41,42.0,24.84,0.0,26.86,37.22974475972733,40.8653566272128
2016-08-06,33.12,41.12,25.08,0.0,26.35,37.22974475972733,40.8653566272128
2016-08-07,32.96,40.88,24.82,0.0,24.64,37.22974475972733,40.8653566272128
2016-08-08,35.05,43.44,25.81,0.0,24.27,37.22974475972733,40.8653566272128
2016-08-09,36.1,44.76,28.32,0.0,26.76,37.22974475972733,40.8653566272128
2016-08-10,34.28,42.73,26.38,0.0,26.4,37.22974475972733,40.8653566272128
2016-08-11,32.34,40.5,24.18,0.0,26.12,37.22974475972733,40.8653566272128
2016-08-12,33.15,41.23,25.34,0.0,25.38,37.22974475972733,40.8653566272128
2016-08-13,32.63,41.56,25.04,0.0,25.99,37.22974475972733,40.8653566272128
2016-08-14,33.04,42.05,23.36,0.0,25.32,37.22974475972733,40.8653566272128
2016-08-15,33.95,41.75,26.36,0.0,23.42,37.22974475972733,40.8653566272128
2016-08-16,33.59,41.89,24.86,0.0,24.72,37.22974475972733,40.8653566272128
2016-08-17,30.41,38.01,23.58,0.0,24.53,37.22974475972733,40.8653566272128
2016-08-18,31.69,40.35,22.65,0.0,25.52,37.22974475972733,40.8653566272128
2016-08-19,33.18,42.97,22.55,0.0,25.11,37.22974475972733,40.8653566272128
2016-08-20,34.8,44.69,26.15,0.0,25.01,37.22974475972733,40.8653566272128
2016-08-21,35.11,44.41,27.18,0.0,24.89,37.22974475972733,40.8653566272128
2016-08-22,35.68,44.42,27.97,0.0,22.48,37.22974475972733,40.8653566272128
2016-08-23,35.69,44.02,27.8,0.0,23.81,37.22974475972733,40.8653566272128
2016-08-24,35.51,44.07,27.2,0.39,22.76,37.22974475972733,40.8653566272128
2016-08-25,35.77,44.62,27.61,0.0,19.01,37.22974475972733,40.8653566272128
2016-08-26,34.58,42.41,26.81,0.0,15.6,37.22974475972733,40.8653566272128
2016-08-27,34.9,43.45,26.59,0.0,21.79,37.22974475972733,40.8653566272128
2016-08-28,33.83,42.25,26.28,0.0,22.34,37.22974475972733,40.8653566272128
2016-08-29,33.11,41.7,24.52,0.0,22.72,37.22974475972733,40.8653566272128
2016-08-30,34.16,43.03,25.85,0.0,21.2,37.22974475972733,40.8653566272128
2016-08-31,34.58,43.44,26.34,0.0,22.03,37.22974475972733,40.8653566272128
2016-09-01,31.07,40.04,21.78,0.0,23.94,37.22974475972733,40.8653566272128
2016-09-02,30.84,38.83,24.17,0.0,24.05,37.22974475972733,40.8653566272128
2016-09-03,28.79,36.38,21.27,0.0,23.08,37.22974475972733,40.8653566272128
2016-09-04,28.31,35.25,22.33,0.0,22.79,37.22974475972733,40.8653566272128
2016-09-05,27.39,34.87,20.59,0.0,23.02,37.22974475972733,40.8653566272128
2016-09-06,28.22,36.53,20.77,0.0,22.86,37.22974475972733,40.8653566272128
2016-09-07,28.82,37.42,21.96,0.0,24.75,37.22974475972733,40.8653566272128
2016-09-08,28.62,37.23,21.01,0.0,23.64,37.22974475972733,40.8653566272128
2016-09-09,29.51,38.74,21.45,0.0,23.55,37.22974475972733,40.8653566272128
2016-09-10,29.57,39.64,20.63,0.0,23.01,37.22974475972733,40.8653566272128
2016-09-11,29.63,39.75,20.79,0.0,22.7,37.22974475972733,40.8653566272128
2016-09-12,29.97,39.41,21.53,0.0,22.84,37.22974475972733,40.8653566272128
2016-09-13,28.01,36.29,21.69,0.0,22.36,37.22974475972733,40.8653566272128
2016-09-14,26.95,34.05,20.44,0.04,21.37,37.22974475972733,40.8653566272128
2016-09-15,26.67,34.34,20.22,0.5,19.04,37.22974475972733,40.8653566272128
2016-09-16,25.76,33.38,18.3,0.01,19.05,37.22974475972733,40.8653566272128
2016-09-17,25.0,32.57,18.37,0.0,21.26,37.22974475972733,40.8653566272128
2016-09-18,25.63,34.38,18.7,0.0,22.34,37.22974475972733,40.8653566272128
2016-09-19,24.99,34.95,15.85,0.0,22.01,37.22974475972733,40.8653566272128
2016-09-20,26.06,35.49,17.44,0.0,20.71,37.22974475972733,40.8653566272128
2016-09-21,24.84,31.58,19.38,0.0,16.12,37.22974475972733,40.8653566272128
2016-09-22,25.31,32.92,18.55,0.01,16.9,37.22974475972733,40.8653566272128
2016-09-23,24.44,30.58,17.99,0.73,17.32,37.22974475972733,40.8653566272128
2016-09-24,21.49,28.49,15.82,0.0,22.31,37.22974475972733,40.8653566272128
2016-09-25,20.27,29.64,13.12,0.0,22.11,37.22974475972733,40.8653566272128
2016-09-26,22.5,30.99,13.19,0.0,19.19,37.22974475972733,40.8653566272128
2016-09-27,24.41,33.11,16.92,0.0,19.14,37.22974475972733,40.8653566272128
2016-09-28,23.17,32.04,15.51,0.0,20.58,37.22974475972733,40.8653566272128
2016-09-29,21.25,29.15,15.27,0.0,21.29,37.22974475972733,40.8653566272128
2016-09-30,21.66,29.0,14.62,0.0,20.2,37.22974475972733,40.8653566272128
2016-10-01,23.01,31.8,14.91,0.0,20.6,37.22974475972733,40.8653566272128
2016-10-02,23.08,32.44,14.79,0.0,20.22,37.22974475972733,40.8653566272128
2016-10-03,23.0,33.28,14.74,0.0,19.33,37.22974475972733,40.8653566272128
2016-10-04,23.17,32.99,15.7,0.0,19.35,37.22974475972733,40.8653566272128
2016-10-05,23.03,33.64,14.97,0.0,19.32,37.22974475972733,40.8653566272128
2016-10-06,23.14,33.42,15.42,0.0,19.27,37.22974475972733,40.8653566272128
2016-10-07,23.25,33.61,15.05,0.0,18.84,37.22974475972733,40.8653566272128
2016-10-08,23.28,33.25,15.49,0.0,18.71,37.22974475972733,40.8653566272128
2016-10-09,23.07,31.98,16.35,0.0,18.13,37.22974475972733,40.8653566272128
2016-10-10,22.63,31.5,16.04,0.0,17.75,37.22974475972733,40.8653566272128
2016-10-11,21.61,29.36,16.22,0.0,16.03,37.22974475972733,40.8653566272128
2016-10-12,22.8,32.32,14.98,0.0,16.67,37.22974475972733,40.8653566272128
2016-10-13,24.22,33.18,17.1,0.0,15.94,37.22974475972733,40.8653566272128
2016-10-14,23.05,31.44,16.55,0.0,16.51,37.22974475972733,40.8653566272128
2016-10-15,20.79,28.63,15.25,0.0,17.27,37.22974475972733,40.8653566272128
2016-10-16,19.2,29.44,12.24,0.0,18.37,37.22974475972733,40.8653566272128
2016-10-17,20.96,29.26,11.38,0.0,16.49,37.22974475972733,40.8653566272128
2016-10-18,21.68,29.79,14.69,0.0,15.64,37.22974475972733,40.8653566272128
2016-10-19,20.61,28.02,15.3,0.0,15.17,37.22974475972733,40.8653566272128
2016-10-20,18.98,27.82,11.78,0.0,16.21,37.22974475972733,40.8653566272128
2016-10-21,19.7,28.13,12.42,0.0,16.14,37.22974475972733,40.8653566272128
2016-10-22,19.79,28.78,11.86,0.0,15.93,37.22974475972733,40.8653566272128
2016-10-23,20.02,28.99,11.6,0.0,15.24,37.22974475972733,40.8653566272128
2016-10-24,21.14,28.78,14.42,0.0,11.69,37.22974475972733,40.8653566272128
2016-10-25,20.5,25.67,16.01,0.0,10.34,37.22974475972733,40.8653566272128
2016-10-26,19.1,27.04,13.38,0.0,13.08,37.22974475972733,40.8653566272128
2016-10-27,19.38,28.17,10.35,0.0,14.12,37.22974475972733,40.8653566272128
2016-10-28,19.08,23.72,15.0,4.74,3.19,37.22974475972733,40.8653566272128
2016-10-29,17.81,25.74,12.77,0.01,12.63,37.22974475972733,40.8653566272128
2016-10-30,18.19,25.52,13.17,2.63,12.37,37.22974475972733,40.8653566272128
2016-10-31,16.57,22.4,12.24,8.21,6.01,37.22974475972733,40.8653566272128
2016-11-01,12.76,18.29,6.63,9.21,3.58,37.22974475972733,40.8653566272128
2016-11-02,9.07,16.07,4.88,2.9,14.84,37.22974475972733,40.8653566272128
2016-11-03,10.25,19.17,3.09,0.0,15.4,37.22974475972733,40.8653566272128
2016-11-04,10.37,20.52,3.01,0.0,14.16,37.22974475972733,40.8653566272128
2016-11-05,11.95,21.96,5.4,0.0,14.6,37.22974475972733,40.8653566272128
2016-11-06,12.95,22.7,6.96,0.0,14.29,37.22974475972733,40.8653566272128
2016-11-07,13.34,22.78,7.45,0.0,13.47,37.22974475972733,40.8653566272128
2016-11-08,14.09,22.65,8.97,0.0,13.09,37.22974475972733,40.8653566272128
2016-11-09,16.19,24.44,9.23,0.0,11.22,37.22974475972733,40.8653566272128
2016-11-10,13.1,20.51,8.75,0.0,9.3,37.22974475972733,40.8653566272128
2016-11-11,14.45,24.25,8.19,0.0,12.7,37.22974475972733,40.8653566272128
2016-11-12,15.55,24.73,9.06,0.0,11.66,37.22974475972733,40.8653566272128
2016-11-13,15.74,24.4,11.06,0.0,9.08,37.22974475972733,40.8653566272128
2016-11-14,15.0,23.2,9.65,0.0,10.18,37.22974475972733,40.8653566272128
2016-11-15,15.24,23.17,10.19,0.0,8.02,37.22974475972733,40.8653566272128
2016-11-16,13.19,18.61,8.0,2.05,9.46,37.22974475972733,40.8653566272128
2016-11-17,10.69,17.76,5.5,0.76,12.65,37.22974475972733,40.8653566272128
2016-11-18,8.09,17.18,2.48,0.04,13.34,37.22974475972733,40.8653566272128
2016-11-19,9.01,19.67,2.36,0.0,13.08,37.22974475972733,40.8653566272128
2016-11-20,9.96,18.98,2.76,0.0,12.26,37.22974475972733,40.8653566272128
2016-11-21,8.62,17.21,2.1,0.0,12.71,37.22974475972733,40.8653566272128
2016-11-22,6.68,15.27,0.86,0.0,12.16,37.22974475972733,40.8653566272128
2016-11-23,6.19,16.29,-0.21,0.0,12.91,37.22974475972733,40.8653566272128
2016-11-24,5.54,14.51,1.16,0.0,12.68,37.22974475972733,40.8653566272128
2016-11-25,6.05,15.54,0.39,0.0,11.61,37.22974475972733,40.8653566272128
2016-11-26,6.82,16.0,-0.69,0.0,12.04,37.22974475972733,40.8653566272128
2016-11-27,5.95,15.36,-0.77,0.0,12.05,37.22974475972733,40.8653566272128
2016-11-28,6.46,15.06,-0.82,0.0,11.88,37.22974475972733,40.8653566272128
2016-11-29,5.63,14.56,-0.07,0.0,10.69,37.22974475972733,40.8653566272128
2016-11-30,6.88,10.22,4.26,9.9,1.53,37.22974475972733,40.8653566272128
2016-12-01,8.25,11.81,5.09,6.14,2.08,37.22974475972733,40.8653566272128
2016-12-02,8.71,12.35,4.75,2.91,4.92,37.22974475972733,40.8653566272128
2016-12-03,6.79,12.91,1.18,0.02,8.0,37.22974475972733,40.8653566272128
2016-12-04,8.39,14.06,3.79,1.58,7.78,37.22974475972733,40.8653566272128
2016-12-05,9.03,14.67,5.25,0.09,6.49,37.22974475972733,40.8653566272128
2016-12-06,2.82,9.83,-1.52,0.0,11.82,37.22974475972733,40.8653566272128
2016-12-07,2.96,12.77,-3.14,0.0,10.97,37.22974475972733,40.8653566272128
2016-12-08,2.23,9.28,-2.96,0.0,11.52,37.22974475972733,40.8653566272128
2016-12-09,1.64,11.9,-3.78,0.0,11.4,37.22974475972733,40.8653566272128
2016-12-10,4.06,12.59,-1.73,0.0,8.78,37.22974475972733,40.8653566272128
2016-12-11,3.81,12.27,-2.08,0.0,9.22,37.22974475972733,40.8653566272128
2016-12-12,5.17,12.23,-0.22,0.1,6.53,37.22974475972733,40.8653566272128
2016-12-13,5.67,10.18,2.85,5.95,1.79,37.22974475972733,40.8653566272128
2016-12-14,5.16,9.41,0.91,29.39,1.84,37.22974475972733,40.8653566272128
2016-12-15,2.15,8.7,-2.65,2.82,6.04,37.22974475972733,40.8653566272128
2016-12-16,0.47,5.71,-4.07,1.4,3.91,37.22974475972733,40.8653566272128
2016-12-17,0.38,7.25,-4.6,0.79,7.15,37.22974475972733,40.8653566272128
2016-12-18,-0.75,6.63,-6.24,1.37,7.49,37.22974475972733,40.8653566272128
2016-12-19,-0.44,6.19,-4.77,1.53,8.75,37.22974475972733,40.8653566272128
2016-12-20,-1.7,6.81,-5.64,0.0,10.18,37.22974475972733,40.8653566272128
2016-12-21,-0.25,5.6,-4.7,0.0,5.03,37.22974475972733,40.8653566272128
2016-12-22,1.67,8.22,-2.3,0.0,6.75,37.22974475972733,40.8653566272128
2016-12-23,4.11,11.59,-1.35,0.09,8.3,37.22974475972733,40.8653566272128
2016-12-24,5.72,7.78,3.47,11.67,2.15,37.22974475972733,40.8653566272128
2016-12-25,5.01,7.23,2.75,7.58,3.43,37.22974475972733,40.8653566272128
2016-12-26,5.4,8.95,3.7,0.55,3.3,37.22974475972733,40.8653566272128
2016-12-27,6.17,10.06,3.37,0.32,6.65,37.22974475972733,40.8653566272128
2016-12-28,5.35,12.19,0.98,0.0,9.19,37.22974475972733,40.8653566272128
2016-12-29,3.78,10.06,-0.08,0.0,6.74,37.22974475972733,40.8653566272128
2016-12-30,4.5,12.64,0.32,0.0,9.53,37.22974475972733,40.8653566272128
2016-12-31,5.3,13.68,-0.05,0.0,9.0,37.22974475972733,40.8653566272128
2017-01-01,3.68,11.37,-1.53,0.01,10.46,37.22974475972733,40.8653566272128
2017-01-02,3.3,10.82,-2.24,0.0,10.47,37.22974475972733,40.8653566272128
2017-01-03,4.36,9.18,-0.31,0.97,5.81,37.22974475972733,40.8653566272128
2017-01-04,3.31,9.36,-2.06,0.1,7.2,37.22974475972733,40.8653566272128
2017-01-05,2.53,9.0,-2.75,0.0,5.17,37.22974475972733,40.8653566272128
2017-01-06,4.62,12.31,-0.9,0.0,8.68,37.22974475972733,40.8653566272128
2017-01-07,4.16,12.34,-1.08,0.0,10.43,37.22974475972733,40.8653566272128
2017-01-08,4.16,11.25,0.43,0.0,9.94,37.22974475972733,40.8653566272128
2017-01-09,3.76,10.1,-1.22,0.43,8.23,37.22974475972733,40.8653566272128
2017-01-10,4.1,11.33,-1.68,0.43,8.98,37.22974475972733,40.8653566272128
2017-01-11,3.7,12.32,-1.87,0.0,10.42,37.22974475972733,40.8653566272128
2017-01-12,3.92,12.98,-0.84,0.0,11.71,37.22974475972733,40.8653566272128
2017-01-13,2.22,9.52,-2.09,0.0,7.71,37.22974475972733,40.8653566272128
2017-01-14,1.75,9.35,-3.43,0.0,9.16,37.22974475972733,40.8653566272128
2017-01-15,1.9,5.86,-2.38,2.89,4.62,37.22974475972733,40.8653566272128
2017-01-16,3.66,11.25,-2.52,0.0,10.61,37.22974475972733,40.8653566272128
2017-01-17,4.84,12.6,-1.68,0.0,10.78,37.22974475972733,40.8653566272128
2017-01-18,5.99,13.75,0.23,0.0,10.54,37.22974475972733,40.8653566272128
2017-01-19,5.34,15.25,-0.5,0.0,11.87,37.22974475972733,40.8653566272128
2017-01-20,5.0,13.81,-0.9,0.0,11.73,37.22974475972733,40.8653566272128
2017-01-21,4.49,12.69,-0.7,0.0,10.97,37.22974475972733,40.8653566272128
2017-01-22,3.13,11.56,-1.88,0.0,13.07,37.22974475972733,40.8653566272128
2017-01-23,2.82,12.16,-3.49,0.0,12.95,37.22974475972733,40.8653566272128
2017-01-24,4.09,13.06,-2.07,0.0,13.0,37.22974475972733,40.8653566272128
2017-01-25,1.76,5.02,-1.31,1.32,1.86,37.22974475972733,40.8653566272128
2017-01-26,5.07,10.83,1.29,0.11,6.71,37.22974475972733,40.8653566272128
2017-01-27,4.23,6.91,1.81,12.11,3.04,37.22974475972733,40.8653566272128
2017-01-28,0.23,3.94,-5.54,4.24,2.17,37.22974475972733,40.8653566272128
2017-01-29,-1.16,6.74,-5.58,0.01,8.98,37.22974475972733,40.8653566272128
2017-01-30,-0.92,5.63,-5.63,0.06,6.11,37.22974475972733,40.8653566272128
2017-01-31,0.55,5.82,-5.31,1.42,3.39,37.22974475972733,40.8653566272128
2017-02-01,-3.91,-0.53,-6.82,0.36,5.9,37.22974475972733,40.8653566272128
2017-02-02,-1.75,5.4,-6.25,0.02,9.91,37.22974475972733,40.8653566272128
2017-02-03,0.13,9.64,-5.12,0.0,11.66,37.22974475972733,40.8653566272128
2017-02-04,1.41,10.01,-3.9,0.0,14.1,37.22974475972733,40.8653566272128
2017-02-05,2.36,9.06,-1.55,0.0,7.49,37.22974475972733,40.8653566272128
2017-02-06,2.87,11.5,-2.58,0.0,11.68,37.22974475972733,40.8653566272128
2017-02-07,5.14,14.8,-1.3,0.0,12.48,37.22974475972733,40.8653566272128
2017-02-08,6.76,15.26,0.62,0.08,12.98,37.22974475972733,40.8653566272128
2017-02-09,5.95,11.87,0.8,3.86,6.9,37.22974475972733,40.8653566272128
2017-02-10,5.01,13.59,-0.62,0.0,9.99,37.22974475972733,40.8653566272128
2017-02-11,5.37,14.67,-0.94,0.0,10.51,37.22974475972733,40.8653566272128
2017-02-12,4.9,11.13,0.23,0.92,11.31,37.22974475972733,40.8653566272128
2017-02-13,5.58,12.74,1.27,0.13,10.85,37.22974475972733,40.8653566272128
2017-02-14,4.83,11.52,-1.77,0.79,12.53,37.22974475972733,40.8653566272128
2017-02-15,2.8,8.66,-2.09,3.7,10.49,37.22974475972733,40.8653566272128
2017-02-16,1.04,8.88,-4.79,0.01,14.99,37.22974475972733,40.8653566272128
2017-02-17,-0.31,5.56,-4.1,0.04,17.49,37.22974475972733,40.8653566272128
2017-02-18,1.41,9.86,-5.98,0.0,17.85,37.22974475972733,40.8653566272128
2017-02-19,3.36,12.84,-3.87,0.0,17.67,37.22974475972733,40.8653566272128
2017-02-20,5.95,16.21,-2.98,0.0,17.1,37.22974475972733,40.8653566272128
2017-02-21,5.7,15.52,-2.51,0.0,17.78,37.22974475972733,40.8653566272128
2017-02-22,5.76,15.75,-1.57,0.0,16.93,37.22974475972733,40.8653566272128
2017-02-23,7.38,16.25,-0.28,0.0,15.96,37.22974475972733,40.8653566272128
2017-02-24,8.9,17.83,2.6,0.0,17.68,37.22974475972733,40.8653566272128
2017-02-25,9.76,18.57,2.18,0.0,17.1,37.22974475972733,40.8653566272128
2017-02-26,10.88,19.92,2.91,0.0,15.7,37.22974475972733,40.8653566272128
2017-02-27,11.69,20.3,4.43,0.0,15.88,37.22974475972733,40.8653566272128
2017-02-28,12.15,21.54,3.48,0.0,16.49,37.22974475972733,40.8653566272128
2017-03-01,10.81,15.57,6.47,0.0,9.61,37.22974475972733,40.8653566272128
2017-03-02,8.44,11.82,5.53,1.6,4.76,37.22974475972733,40.8653566272128
2017-03-03,8.85,14.22,3.19,4.05,2.94,37.22974475972733,40.8653566272128
2017-03-04,10.18,15.84,7.01,5.26,6.75,37.22974475972733,40.8653566272128
2017-03-05,10.54,19.6,4.26,0.0,18.5,37.22974475972733,40.8653566272128
2017-03-06,11.36,20.07,3.47,0.0,19.76,37.22974475972733,40.8653566272128
2017-03-07,11.54,19.89,2.82,0.0,18.53,37.22974475972733,40.8653566272128
2017-03-08,12.56,20.3,5.21,0.0,16.65,37.22974475972733,40.8653566272128
2017-03-09,12.14,21.89,4.43,0.0,17.14,37.22974475972733,40.8653566272128
2017-03-10,13.0,22.25,5.78,0.0,19.05,37.22974475972733,40.8653566272128
2017-03-11,12.73,19.81,7.36,0.39,11.23,37.22974475972733,40.8653566272128
2017-03-12,11.99,19.16,5.12,0.2,14.96,37.22974475972733,40.8653566272128
2017-03-13,11.13,17.38,7.0,11.23,12.43,37.22974475972733,40.8653566272128
2017-03-14,10.38,16.67,4.92,2.72,15.98,37.22974475972733,40.8653566272128
2017-03-15,9.87,15.45,5.23,4.91,14.1,37.22974475972733,40.8653566272128
2017-03-16,8.05,14.88,4.01,7.24,13.53,37.22974475972733,40.8653566272128
2017-03-17,7.35,12.81,0.97,4.5,10.92,37.22974475972733,40.8653566272128
2017-03-18,7.39,11.44,3.31,7.39,3.57,37.22974475972733,40.8653566272128
2017-03-19,9.83,18.0,2.43,0.09,15.56,37.22974475972733,40.8653566272128
2017-03-20,9.45,16.54,3.71,0.31,15.68,37.22974475972733,40.8653566272128
2017-03-21,6.24,12.27,1.53,0.11,14.68,37.22974475972733,40.8653566272128
2017-03-22,7.73,15.02,0.34,7.44,6.1,37.22974475972733,40.8653566272128
2017-03-23,9.59,17.82,2.54,0.19,19.64,37.22974475972733,40.8653566272128
2017-03-24,11.63,20.43,2.84,0.0,22.49,37.22974475972733,40.8653566272128
2017-03-25,12.31,20.95,3.87,0.0,23.73,37.22974475972733,40.8653566272128
2017-03-26,12.93,21.82,3.48,0.0,21.52,37.22974475972733,40.8653566272128
2017-03-27,13.81,21.96,4.83,0.13,17.77,37.22974475972733,40.8653566272128
2017-03-28,13.28,21.57,6.62,0.22,20.17,37.22974475972733,40.8653566272128
2017-03-29,14.65,21.86,7.0,0.0,20.34,37.22974475972733,40.8653566272128
2017-03-30,14.88,22.31,7.22,0.53,18.72,37.22974475972733,40.8653566272128
2017-03-31,12.62,17.23,8.3,2.9,13.64,37.22974475972733,40.8653566272128
2017-04-01,11.81,16.17,8.4,7.78,7.96,37.22974475972733,40.8653566272128
2017-04-02,11.1,17.28,5.35,4.27,16.56,37.22974475972733,40.8653566272128
2017-04-03,10.59,17.11,5.7,10.04,14.9,37.22974475972733,40.8653566272128
2017-04-04,12.12,21.2,3.84,0.02,25.18,37.22974475972733,40.8653566272128
2017-04-05,13.41,23.07,4.57,0.0,24.52,37.22974475972733,40.8653566272128
2017-04-06,14.62,24.65,5.94,0.0,19.82,37.22974475972733,40.8653566272128
2017-04-07,14.43,22.1,9.08,0.51,17.63,37.22974475972733,40.8653566272128
2017-04-08,13.1,19.14,7.13,0.01,14.58,37.22974475972733,40.8653566272128
2017-04-09,11.29,15.93,5.38,4.13,11.96,37.22974475972733,40.8653566272128
2017-04-10,10.05,18.51,1.99,0.01,26.01,37.22974475972733,40.8653566272128
2017-04-11,11.95,20.19,2.14,0.0,21.97,37.22974475972733,40.8653566272128
2017-04-12,13.95,22.31,5.27,0.2,16.65,37.22974475972733,40.8653566272128
2017-04-13,14.67,19.36,9.97,7.47,5.61,37.22974475972733,40.8653566272128
2017-04-14,16.08,21.33,9.99,12.84,18.12,37.22974475972733,40.8653566272128
2017-04-15,14.15,20.91,9.09,1.33,20.96,37.22974475972733,40.8653566272128
2017-04-16,15.12,22.34,7.42,0.0,23.66,37.22974475972733,40.8653566272128
2017-04-17,16.33,23.4,9.14,1.17,21.55,37.22974475972733,40.8653566272128
2017-04-18,13.96,20.67,9.46,13.37,7.72,37.22974475972733,40.8653566272128
2017-04-19,15.01,22.46,7.82,0.17,24.19,37.22974475972733,40.8653566272128
2017-04-20,16.68,24.29,9.01,0.02,23.03,37.22974475972733,40.8653566272128
2017-04-21,18.16,25.85,10.83,0.0,21.58,37.22974475972733,40.8653566272128
2017-04-22,19.16,29.55,10.02,0.0,25.43,37.22974475972733,40.8653566272128
2017-04-23,18.6,26.86,9.63,0.02,14.4,37.22974475972733,40.8653566272128
2017-04-24,13.5,21.67,7.45,0.0,23.55,37.22974475972733,40.8653566272128
2017-04-25,13.93,22.93,6.62,0.0,26.64,37.22974475972733,40.8653566272128
2017-04-26,16.38,26.27,7.1,0.0,26.93,37.22974475972733,40.8653566272128
2017-04-27,19.03,27.87,9.82,0.0,28.26,37.22974475972733,40.8653566272128
2017-04-28,18.86,27.04,10.95,0.01,23.07,37.22974475972733,40.8653566272128
2017-04-29,20.7,30.3,11.66,0.06,24.86,37.22974475972733,40.8653566272128
2017-04-30,21.05,30.8,12.26,0.0,26.04,37.22974475972733,40.8653566272128
2017-05-01,19.98,30.72,13.38,0.05,19.92,37.22974475972733,40.8653566272128
2017-05-02,17.14,22.48,13.78,12.6,6.02,37.22974475972733,40.8653566272128
2017-05-03,17.3,22.85,11.42,0.32,21.03,37.22974475972733,40.8653566272128
2017-05-04,18.29,25.17,10.94,0.04,21.26,37.22974475972733,40.8653566272128
2017-05-05,18.67,24.98,11.5,3.58,18.99,37.22974475972733,40.8653566272128
2017-05-06,19.01,26.31,11.77,0.21,21.43,37.22974475972733,40.8653566272128
2017-05-07,18.86,24.91,12.09,2.64,20.44,37.22974475972733,40.8653566272128
2017-05-08,18.89,27.39,10.16,0.0,25.94,37.22974475972733,40.8653566272128
2017-05-09,22.75,30.77,13.62,0.0,26.26,37.22974475972733,40.8653566272128
2017-05-10,23.92,32.6,13.77,0.0,22.76,37.22974475972733,40.8653566272128
2017-05-11,22.75,32.3,15.25,0.0,28.46,37.22974475972733,40.8653566272128
2017-05-12,21.44,31.19,13.64,0.0,30.27,37.22974475972733,40.8653566272128
2017-05-13,22.94,33.98,13.53,0.0,28.78,37.22974475972733,40.8653566272128
2017-05-14,24.79,34.57,15.79,0.0,26.73,37.22974475972733,40.8653566272128
2017-05-15,24.76,34.19,16.49,0.08,25.02,37.22974475972733,40.8653566272128
2017-05-16,22.67,31.39,15.11,0.0,29.99,37.22974475972733,40.8653566272128
2017-05-17,23.15,32.37,14.79,0.0,30.42,37.22974475972733,40.8653566272128
2017-05-18,24.71,34.38,14.11,0.0,26.83,37.22974475972733,40.8653566272128
2017-05-19,25.61,34.64,16.42,0.8,17.34,37.22974475972733,40.8653566272128
2017-05-20,20.4,25.8,15.55,0.64,24.87,37.22974475972733,40.8653566272128
2017-05-21,17.62,23.94,12.59,5.49,21.96,37.22974475972733,40.8653566272128
2017-05-22,18.87,26.55,10.97,0.0,27.53,37.22974475972733,40.8653566272128
2017-05-23,19.29,26.6,13.63,2.82,12.83,37.22974475972733,40.8653566272128
2017-05-24,18.52,27.23,11.71,0.27,30.12,37.22974475972733,40.8653566272128
2017-05-25,20.27,29.79,9.62,0.0,30.3,37.22974475972733,40.8653566272128
2017-05-26,22.23,29.73,13.41,0.0,21.36,37.22974475972733,40.8653566272128
2017-05-27,22.88,30.97,15.26,0.0,29.75,37.22974475972733,40.8653566272128
2017-05-28,23.6,32.86,13.76,0.0,28.44,37.22974475972733,40.8653566272128
2017-05-29,24.56,34.81,15.85,0.0,29.64,37.22974475972733,40.8653566272128
2017-05-30,24.55,34.23,15.34,0.0,30.55,37.22974475972733,40.8653566272128
2017-05-31,22.54,31.02,13.74,0.0,31.01,37.22974475972733,40.8653566272128
2017-06-01,22.53,30.39,13.63,0.0,27.05,37.22974475972733,40.8653566272128
2017-06-02,23.37,32.1,15.53,0.0,31.07,37.22974475972733,40.8653566272128
2017-06-03,25.41,34.69,16.7,0.0,31.01,37.22974475972733,40.8653566272128
2017-06-04,26.76,36.22,16.97,0.03,29.28,37.22974475972733,40.8653566272128
2017-06-05,29.17,38.45,18.35,0.0,30.82,37.22974475972733,40.8653566272128
2017-06-06,28.42,37.98,19.52,0.0,28.16,37.22974475972733,40.8653566272128
2017-06-07,26.99,36.72,17.53,0.0,30.72,37.22974475972733,40.8653566272128
2017-06-08,28.9,38.4,21.06,0.0,31.69,37.22974475972733,40.8653566272128
2017-06-09,29.87,40.09,19.91,0.0,31.13,37.22974475972733,40.8653566272128
2017-06-10,29.54,36.89,22.25,0.0,30.66,37.22974475972733,40.8653566272128
2017-06-11,28.03,35.93,20.89,0.0,31.69,37.22974475972733,40.8653566272128
2017-06-12,28.42,38.06,18.32,0.0,31.67,37.22974475972733,40.8653566272128
2017-06-13,29.44,38.89,19.35,0.0,31.0,37.22974475972733,40.8653566272128
2017-06-14,27.02,35.7,20.7,0.0,25.7,37.22974475972733,40.8653566272128
2017-06-15,26.17,35.02,16.4,0.0,30.13,37.22974475972733,40.8653566272128
2017-06-16,28.09,36.04,20.1,0.0,29.76,37.22974475972733,40.8653566272128
2017-06-17,27.88,35.8,20.71,0.0,30.83,37.22974475972733,40.8653566272128
2017-06-18,28.07,35.65,19.88,0.0,28.73,37.22974475972733,40.8653566272128
2017-06-19,28.55,36.75,20.24,0.0,29.91,37.22974475972733,40.8653566272128
2017-06-20,27.49,34.08,20.68,0.0,30.73,37.22974475972733,40.8653566272128
2017-06-21,26.7,34.71,17.62,0.23,28.38,37.22974475972733,40.8653566272128
2017-06-22,26.73,34.54,17.58,0.0,27.28,37.22974475972733,40.8653566272128
2017-06-23,28.24,36.58,20.62,0.0,30.94,37.22974475972733,40.8653566272128
2017-06-24,29.78,39.25,21.14,0.0,30.82,37.22974475972733,40.8653566272128
2017-06-25,31.45,40.87,22.63,0.0,31.07,37.22974475972733,40.8653566272128
2017-06-26,32.38,42.38,23.53,0.0,31.21,37.22974475972733,40.8653566272128
2017-06-27,33.29,42.99,22.67,0.0,31.33,37.22974475972733,40.8653566272128
2017-06-28,33.41,42.86,22.38,0.0,31.26,37.22974475972733,40.8653566272128
2017-06-29,33.84,43.51,22.2,0.0,30.42,37.22974475972733,40.8653566272128
2017-06-30,35.19,44.1,26.35,0.0,30.16,37.22974475972733,40.8653566272128
2017-07-01,34.56,43.33,26.24,0.0,30.09,37.22974475972733,40.8653566272128
2017-07-02,35.45,44.03,27.17,0.0,29.07,37.22974475972733,40.8653566272128
2017-07-03,36.07,45.41,26.17,0.0,28.43,37.22974475972733,40.8653566272128
2017-07-04,36.36,45.13,27.56,0.0,29.17,37.22974475972733,40.8653566272128
2017-07-05,35.57,45.82,23.38,0.0,30.91,37.22974475972733,40.8653566272128
2017-07-06,35.67,44.1,25.83,0.0,29.68,37.22974475972733,40.8653566272128
2017-07-07,33.52,41.79,25.27,0.0,26.97,37.22974475972733,40.8653566272128
2017-07-08,31.56,40.31,23.8,0.0,29.45,37.22974475972733,40.8653566272128
2017-07-09,31.87,41.92,21.13,0.0,30.66,37.22974475972733,40.8653566272128
2017-07-10,32.95,42.89,21.6,0.03,30.16,37.22974475972733,40.8653566272128
2017-07-11,33.55,43.16,23.56,0.0,30.27,37.22974475972733,40.8653566272128
2017-07-12,34.21,43.9,23.68,0.0,29.7,37.22974475972733,40.8653566272128
2017-07-13,33.12,42.69,23.27,0.0,28.26,37.22974475972733,40.8653566272128
2017-07-14,33.24,42.46,23.65,0.0,27.2,37.22974475972733,40.8653566272128
2017-07-15,33.35,41.93,23.75,0.0,28.34,37.22974475972733,40.8653566272128
2017-07-16,34.29,43.15,25.08,0.0,29.16,37.22974475972733,40.8653566272128
2017-07-17,35.23,45.08,24.11,0.0,29.45,37.22974475972733,40.8653566272128
2017-07-18,36.56,45.27,27.39,0.0,28.51,37.22974475972733,40.8653566272128
2017-07-19,34.69,42.91,26.08,0.0,29.02,37.22974475972733,40.8653566272128
2017-07-20,33.42,42.94,23.08,0.0,29.98,37.22974475972733,40.8653566272128
2017-07-21,34.87,43.95,25.37,0.0,28.84,37.22974475972733,40.8653566272128
2017-07-22,35.87,44.47,26.09,0.0,27.01,37.22974475972733,40.8653566272128
2017-07-23,35.11,43.5,26.04,0.0,29.26,37.22974475972733,40.8653566272128
2017-07-24,33.09,40.52,26.41,0.0,29.25,37.22974475972733,40.8653566272128
2017-07-25,32.07,41.31,22.57,0.0,28.79,37.22974475972733,40.8653566272128
2017-07-26,33.52,42.93,24.08,0.0,29.11,37.22974475972733,40.8653566272128
2017-07-27,35.29,44.52,26.37,0.0,29.19,37.22974475972733,40.8653566272128
2017-07-28,34.78,43.22,25.51,0.0,28.21,37.22974475972733,40.8653566272128
2017-07-29,32.59,40.58,25.11,0.0,27.52,37.22974475972733,40.8653566272128
2017-07-30,32.73,42.93,22.63,0.0,28.81,37.22974475972733,40.8653566272128
2017-07-31,33.99,44.07,25.02,0.0,28.58,37.22974475972733,40.8653566272128
2017-08-01,35.17,45.87,24.39,0.0,28.11,37.22974475972733,40.8653566272128
2017-08-02,35.97,45.93,26.17,0.0,27.38,37.22974475972733,40.8653566272128
2017-08-03,35.21,44.77,26.37,0.0,26.5,37.22974475972733,40.8653566272128
2017-08-04,32.39,41.33,24.09,0.0,27.44,37.22974475972733,40.8653566272128
2017-08-05,31.93,41.59,22.89,0.0,28.24,37.22974475972733,40.8653566272128
2017-08-06,32.49,41.83,22.05,0.0,28.38,37.22974475972733,40.8653566272128
2017-08-07,33.74,42.84,24.81,0.0,28.11,37.22974475972733,40.8653566272128
2017-08-08,35.63,45.17,27.0,0.0,27.7,37.22974475972733,40.8653566272128
2017-08-09,37.28,46.88,29.31,0.0,26.73,37.22974475972733,40.8653566272128
2017-08-10,37.3,46.63,28.97,0.0,27.11,37.22974475972733,40.8653566272128
2017-08-11,34.7,44.21,25.76,0.0,26.37,37.22974475972733,40.8653566272128
2017-08-12,34.27,43.49,26.28,0.0,25.94,37.22974475972733,40.8653566272128
2017-08-13,32.53,40.59,24.09,0.0,25.93,37.22974475972733,40.8653566272128
2017-08-14,32.77,40.4,24.72,0.0,24.19,37.22974475972733,40.8653566272128
2017-08-15,34.23,42.54,25.76,0.0,23.91,37.22974475972733,40.8653566272128
2017-08-16,33.42,41.4,26.38,0.0,21.37,37.22974475972733,40.8653566272128
2017-08-17,33.99,42.27,27.9,0.0,24.79,37.22974475972733,40.8653566272128
2017-08-18,32.22,40.61,24.23,0.0,25.81,37.22974475972733,40.8653566272128
2017-08-19,30.86,39.58,22.36,0.0,26.29,37.22974475972733,40.8653566272128
2017-08-20,30.75,39.77,21.78,0.0,26.24,37.22974475972733,40.8653566272128
2017-08-21,32.36,41.54,23.14,0.0,24.83,37.22974475972733,40.8653566272128
2017-08-22,30.94,38.93,23.29,0.0,25.58,37.22974475972733,40.8653566272128
2017-08-23,30.58,40.62,21.02,0.0,25.8,37.22974475972733,40.8653566272128
2017-08-24,32.76,42.62,22.85,0.0,26.28,37.22974475972733,40.8653566272128
2017-08-25,32.83,42.64,23.34,0.0,25.95,37.22974475972733,40.8653566272128
2017-08-26,33.43,43.62,25.29,0.0,25.82,37.22974475972733,40.8653566272128
2017-08-27,33.47,42.68,24.53,0.0,25.05,37.22974475972733,40.8653566272128
2017-08-28,31.37,40.19,24.17,0.0,24.32,37.22974475972733,40.8653566272128
2017-08-29,30.56,39.62,21.99,0.0,24.82,37.22974475972733,40.8653566272128
2017-08-30,29.55,38.32,21.69,0.0,24.41,37.22974475972733,40.8653566272128
2017-08-31,30.42,39.66,20.71,0.0,24.12,37.22974475972733,40.8653566272128
2017-09-01,32.09,41.15,24.54,0.0,23.07,37.22974475972733,40.8653566272128
2017-09-02,30.15,39.86,21.33,0.0,24.24,37.22974475972733,40.8653566272128
2017-09-03,30.85,41.07,21.94,0.0,24.59,37.22974475972733,40.8653566272128
2017-09-04,31.7,42.02,21.8,0.0,24.27,37.22974475972733,40.8653566272128
2017-09-05,32.26,42.77,23.11,0.0,22.92,37.22974475972733,40.8653566272128
2017-09-06,29.88,37.6,22.85,0.0,21.38,37.22974475972733,40.8653566272128
2017-09-07,28.01,36.19,20.65,0.0,23.92,37.22974475972733,40.8653566272128
2017-09-08,28.01,38.4,19.49,0.0,24.23,37.22974475972733,40.8653566272128
2017-09-09,29.54,40.83,19.97,0.0,24.48,37.22974475972733,40.8653566272128
2017-09-10,30.08,41.03,20.45,0.0,23.19,37.22974475972733,40.8653566272128
2017-09-11,30.03,41.33,20.33,0.0,23.38,37.22974475972733,40.8653566272128
2017-09-12,30.08,40.44,21.98,0.0,22.59,37.22974475972733,40.8653566272128
2017-09-13,29.66,40.19,20.69,0.0,22.45,37.22974475972733,40.8653566272128
2017-09-14,30.49,41.59,21.36,0.0,22.41,37.22974475972733,40.8653566272128
2017-09-15,31.53,41.62,21.26,0.0,21.51,37.22974475972733,40.8653566272128
2017-09-16,32.33,43.1,23.45,0.0,19.05,37.22974475972733,40.8653566272128
2017-09-17,33.55,42.55,26.52,0.0,19.83,37.22974475972733,40.8653566272128
2017-09-18,32.35,41.17,24.04,0.0,18.94,37.22974475972733,40.8653566272128
2017-09-19,31.91,40.49,22.71,0.0,20.1,37.22974475972733,40.8653566272128
2017-09-20,30.88,40.38,23.32,0.0,17.66,37.22974475972733,40.8653566272128
2017-09-21,29.35,38.03,22.68,0.0,18.73,37.22974475972733,40.8653566272128
2017-09-22,29.24,38.46,21.47,0.0,19.56,37.22974475972733,40.8653566272128
2017-09-23,25.06,32.99,17.47,0.0,21.02,37.22974475972733,40.8653566272128
2017-09-24,25.19,34.1,17.01,0.0,19.5,37.22974475972733,40.8653566272128
2017-09-25,28.7,37.11,20.34,0.0,17.14,37.22974475972733,40.8653566272128
2017-09-26,27.89,36.38,21.65,0.0,17.64,37.22974475972733,40.8653566272128
2017-09-27,25.39,33.23,17.61,0.0,19.5,37.22974475972733,40.8653566272128
2017-09-28,25.46,34.41,18.75,0.0,19.89,37.22974475972733,40.8653566272128
2017-09-29,24.8,33.36,17.47,0.0,19.19,37.22974475972733,40.8653566272128
2017-09-30,25.79,33.94,17.42,0.0,15.5,37.22974475972733,40.8653566272128
2017-10-01,24.2,30.8,17.48,0.0,18.6,37.22974475972733,40.8653566272128
2017-10-02,22.1,29.26,15.2,0.05,17.21,37.22974475972733,40.8653566272128
2017-10-03,22.11,29.92,15.95,0.0,18.8,37.22974475972733,40.8653566272128
2017-10-04,20.14,27.81,13.74,0.0,20.05,37.22974475972733,40.8653566272128
2017-10-05,19.18,26.47,12.35,0.0,19.35,37.22974475972733,40.8653566272128
2017-10-06,19.1,26.87,10.51,0.0,19.14,37.22974475972733,40.8653566272128
2017-10-07,20.42,28.51,11.05,0.0,18.71,37.22974475972733,40.8653566272128
2017-10-08,21.43,29.81,13.11,0.0,17.99,37.22974475972733,40.8653566272128
2017-10-09,23.01,30.88,15.87,0.0,11.51,37.22974475972733,40.8653566272128
2017-10-10,20.69,27.94,15.34,0.0,13.6,37.22974475972733,40.8653566272128
2017-10-11,19.93,28.51,12.72,0.0,16.89,37.22974475972733,40.8653566272128
2017-10-12,19.09,27.64,12.57,0.0,17.11,37.22974475972733,40.8653566272128
2017-10-13,19.42,27.95,11.18,0.0,17.55,37.22974475972733,40.8653566272128
2017-10-14,19.71,28.65,11.53,0.0,16.82,37.22974475972733,40.8653566272128
2017-10-15,20.11,28.96,13.22,0.0,17.04,37.22974475972733,40.8653566272128
2017-10-16,19.28,27.77,11.48,0.0,17.96,37.22974475972733,40.8653566272128
2017-10-17,17.73,25.64,11.52,0.0,17.98,37.22974475972733,40.8653566272128
2017-10-18,18.47,28.15,10.93,0.0,17.45,37.22974475972733,40.8653566272128
2017-10-19,18.99,28.17,10.27,0.0,17.01,37.22974475972733,40.8653566272128
2017-10-20,19.53,27.98,13.09,0.0,16.56,37.22974475972733,40.8653566272128
2017-10-21,18.48,28.56,10.5,0.0,12.85,37.22974475972733,40.8653566272128
2017-10-22,19.16,27.73,12.39,0.0,13.29,37.22974475972733,40.8653566272128
2017-10-23,19.37,27.91,12.49,0.0,15.39,37.22974475972733,40.8653566272128
2017-10-24,19.58,27.99,13.41,0.0,13.81,37.22974475972733,40.8653566272128
2017-10-25,21.06,30.49,14.58,0.0,13.03,37.22974475972733,40.8653566272128
2017-10-26,20.62,29.03,15.14,0.0,14.34,37.22974475972733,40.8653566272128
2017-10-27,20.23,28.14,13.4,0.0,13.61,37.22974475972733,40.8653566272128
2017-10-28,19.0,27.03,13.84,2.11,3.17,37.22974475972733,40.8653566272128
2017-10-29,16.76,23.55,11.34,0.13,9.78,37.22974475972733,40.8653566272128
2017-10-30,16.25,22.91,10.39,0.27,9.6,37.22974475972733,40.8653566272128
2017-10-31,14.56,19.4,10.13,4.04,5.87,37.22974475972733,40.8653566272128
2017-11-01,14.64,20.67,10.2,4.72,10.03,37.22974475972733,40.8653566272128
2017-11-02,14.67,21.31,10.07,0.0,13.78,37.22974475972733,40.8653566272128
2017-11-03,14.6,22.62,8.98,0.0,13.59,37.22974475972733,40.8653566272128
2017-11-04,14.43,22.51,8.87,0.0,12.55,37.22974475972733,40.8653566272128
2017-11-05,15.07,23.44,9.41,0.01,11.92,37.22974475972733,40.8653566272128
2017-11-06,15.53,21.51,11.3,0.25,4.68,37.22974475972733,40.8653566272128
2017-11-07,17.36,24.4,12.34,0.0,9.49,37.22974475972733,40.8653566272128
2017-11-08,17.41,23.42,14.18,0.39,6.3,37.22974475972733,40.8653566272128
2017-11-09,15.84,20.16,12.83,2.65,9.2,37.22974475972733,40.8653566272128
2017-11-10,13.97,21.66,8.94,0.0,12.08,37.22974475972733,40.8653566272128
2017-11-11,13.41,21.53,7.57,0.0,12.92,37.22974475972733,40.8653566272128
2017-11-12,13.27,20.95,8.32,0.0,12.4,37.22974475972733,40.8653566272128
2017-11-13,13.68,22.35,7.46,0.0,13.04,37.22974475972733,40.8653566272128
2017-11-14,14.0,23.11,6.76,0.0,11.91,37.22974475972733,40.8653566272128
2017-11-15,14.59,23.65,8.62,0.0,11.84,37.22974475972733,40.8653566272128
2017-11-16,15.49,24.21,8.77,0.0,12.25,37.22974475972733,40.8653566272128
2017-11-17,13.73,22.67,7.11,0.0,11.97,37.22974475972733,40.8653566272128
2017-11-18,13.51,22.09,7.72,0.0,10.49,37.22974475972733,40.8653566272128
2017-11-19,11.28,14.53,8.07,1.93,3.35,37.22974475972733,40.8653566272128
2017-11-20,12.01,18.43,7.76,0.24,7.69,37.22974475972733,40.8653566272128
2017-11-21,12.25,17.98,8.37,1.38,5.61,37.22974475972733,40.8653566272128
2017-11-22,7.7,14.29,3.14,0.04,11.54,37.22974475972733,40.8653566272128
2017-11-23,5.75,13.17,0.09,0.01,11.02,37.22974475972733,40.8653566272128
2017-11-24,6.06,12.31,2.66,0.07,11.56,37.22974475972733,40.8653566272128
2017-11-25,6.16,12.67,0.86,0.0,10.64,37.22974475972733,40.8653566272128
2017-11-26,8.18,13.94,3.1,0.0,7.32,37.22974475972733,40.8653566272128
2017-11-27,7.58,15.39,1.55,0.0,10.48,37.22974475972733,40.8653566272128
2017-11-28,7.97,14.8,1.81,0.66,4.77,37.22974475972733,40.8653566272128
2017-11-29,9.47,16.3,4.71,1.8,3.81,37.22974475972733,40.8653566272128
2017-11-30,9.41,16.61,4.35,0.73,8.26,37.22974475972733,40.8653566272128
2017-12-01,7.64,16.59,2.86,0.0,10.51,37.22974475972733,40.8653566272128
2017-12-02,9.7,19.33,3.08,0.0,10.99,37.22974475972733,40.8653566272128
2017-12-03,10.98,20.75,4.56,0.0,11.27,37.22974475972733,40.8653566272128
2017-12-04,12.13,21.24,4.78,0.0,10.7,37.22974475972733,40.8653566272128
2017-12-05,9.23,15.49,5.81,0.0,4.98,37.22974475972733,40.8653566272128
2017-12-06,8.46,13.85,5.57,4.57,4.15,37.22974475972733,40.8653566272128
2017-12-07,5.45,10.87,0.85,3.53,10.91,37.22974475972733,40.8653566272128
2017-12-08,4.71,13.41,-0.4,0.0,10.97,37.22974475972733,40.8653566272128
2017-12-09,4.91,13.13,-1.36,0.0,10.99,37.22974475972733,40.8653566272128
2017-12-10,4.7,11.24,-1.22,0.0,10.13,37.22974475972733,40.8653566272128
2017-12-11,5.85,15.23,-0.4,0.01,10.77,37.22974475972733,40.8653566272128
2017-12-12,8.02,18.23,2.73,0.0,10.93,37.22974475972733,40.8653566272128
2017-12-13,9.42,18.35,2.39,0.0,9.41,37.22974475972733,40.8653566272128
2017-12-14,10.04,18.14,3.49,0.0,9.88,37.22974475972733,40.8653566272128
2017-12-15,8.8,17.51,2.8,0.0,10.18,37.22974475972733,40.8653566272128
2017-12-16,8.16,17.47,1.91,0.0,10.15,37.22974475972733,40.8653566272128
2017-12-17,9.51,16.91,4.07,0.0,6.18,37.22974475972733,40.8653566272128
2017-12-18,8.48,16.71,3.45,0.04,8.04,37.22974475972733,40.8653566272128
2017-12-19,9.12,15.02,5.04,0.88,3.8,37.22974475972733,40.8653566272128
2017-12-20,10.34,15.23,7.63,0.95,4.24,37.22974475972733,40.8653566272128
2017-12-21,12.09,19.4,8.8,0.0,6.72,37.22974475972733,40.8653566272128
2017-12-22,10.64,14.51,8.54,0.09,3.71,37.22974475972733,40.8653566272128
2017-12-23,10.37,13.02,8.66,0.72,3.0,37.22974475972733,40.8653566272128
2017-12-24,10.02,15.16,6.53,0.67,3.38,37.22974475972733,40.8653566272128
2017-12-25,9.16,17.14,4.71,0.12,7.66,37.22974475972733,40.8653566272128
2017-12-26,7.9,18.17,2.18,0.0,11.0,37.22974475972733,40.8653566272128
2017-12-27,8.25,16.98,2.9,0.0,9.65,37.22974475972733,40.8653566272128
2017-12-28,7.37,13.04,3.77,0.01,7.67,37.22974475972733,40.8653566272128
2017-12-29,8.81,14.48,4.46,0.33,7.46,37.22974475972733,40.8653566272128
2017-12-30,11.27,18.75,6.77,0.04,3.71,37.22974475972733,40.8653566272128
2017-12-31,9.26,16.05,5.08,0.92,7.99,37.22974475972733,40.8653566272128
2018-01-01,9.68,15.38,6.39,0.39,4.9,37.22974475972733,40.8653566272128
2018-01-02,6.97,13.92,1.76,0.27,8.77,37.22974475972733,40.8653566272128
2018-01-03,6.01,13.41,-0.74,0.03,8.31,37.22974475972733,40.8653566272128
2018-01-04,6.36,10.09,3.89,1.99,1.89,37.22974475972733,40.8653566272128
2018-01-05,6.76,11.88,3.91,0.41,3.74,37.22974475972733,40.8653566272128
2018-01-06,7.05,15.34,1.58,0.03,10.25,37.22974475972733,40.8653566272128
2018-01-07,7.4,17.21,1.8,0.0,11.25,37.22974475972733,40.8653566272128
2018-01-08,7.34,17.22,1.18,0.0,11.46,37.22974475972733,40.8653566272128
2018-01-09,7.26,16.93,0.97,0.0,11.39,37.22974475972733,40.8653566272128
2018-01-10,8.05,16.72,2.69,0.0,11.43,37.22974475972733,40.8653566272128
2018-01-11,6.14,10.99,3.52,0.0,5.12,37.22974475972733,40.8653566272128
2018-01-12,6.87,14.17,2.63,0.0,8.93,37.22974475972733,40.8653566272128
2018-01-13,6.26,15.79,0.46,0.0,10.97,37.22974475972733,40.8653566272128
2018-01-14,6.27,13.51,1.89,0.14,3.34,37.22974475972733,40.8653566272128
2018-01-15,6.65,14.11,1.0,0.01,9.22,37.22974475972733,40.8653566272128
2018-01-16,7.24,13.36,1.54,0.2,7.46,37.22974475972733,40.8653566272128
2018-01-17,4.47,10.3,-0.57,1.57,4.77,37.22974475972733,40.8653566272128
2018-01-18,7.77,12.82,3.73,4.14,3.02,37.22974475972733,40.8653566272128
2018-01-19,4.73,8.03,2.39,10.84,2.29,37.22974475972733,40.8653566272128
2018-01-20,5.55,13.76,-0.17,0.57,10.4,37.22974475972733,40.8653566272128
2018-01-21,5.6,10.27,2.68,0.0,6.75,37.22974475972733,40.8653566272128
2018-01-22,5.29,11.93,1.7,0.0,7.5,37.22974475972733,40.8653566272128
2018-01-23,4.69,10.61,1.07,1.44,4.36,37.22974475972733,40.8653566272128
2018-01-24,7.5,11.65,4.9,1.38,5.55,37.22974475972733,40.8653566272128
2018-01-25,6.61,10.67,5.14,11.96,1.88,37.22974475972733,40.8653566272128
2018-01-26,6.86,9.81,4.69,7.62,2.81,37.22974475972733,40.8653566272128
2018-01-27,7.02,12.94,3.68,1.64,9.3,37.22974475972733,40.8653566272128
2018-01-28,4.85,12.5,-0.34,0.0,12.83,37.22974475972733,40.8653566272128
2018-01-29,3.52,11.51,-1.5,0.0,12.7,37.22974475972733,40.8653566272128
2018-01-30,3.6,13.01,-2.14,0.0,13.72,37.22974475972733,40.8653566272128
2018-01-31,4.95,13.31,-2.18,0.0,11.38,37.22974475972733,40.8653566272128
2018-02-01,6.46,13.48,1.54,0.0,12.91,37.22974475972733,40.8653566272128
2018-02-02,6.07,15.34,-0.08,0.0,13.64,37.22974475972733,40.8653566272128
2018-02-03,7.99,16.56,1.68,0.0,9.45,37.22974475972733,40.8653566272128
2018-02-04,9.3,16.23,3.11,0.0,10.35,37.22974475972733,40.8653566272128
2018-02-05,10.84,18.81,5.57,0.0,10.9,37.22974475972733,40.8653566272128
2018-02-06,8.46,17.13,1.48,0.0,13.09,37.22974475972733,40.8653566272128
2018-02-07,8.96,19.39,2.19,0.0,14.36,37.22974475972733,40.8653566272128
2018-02-08,9.56,19.72,1.48,0.0,14.44,37.22974475972733,40.8653566272128
2018-02-09,10.95,18.91,4.96,0.14,8.33,37.22974475972733,40.8653566272128
2018-02-10,10.68,18.55,5.21,0.0,11.17,37.22974475972733,40.8653566272128
2018-02-11,10.4,17.03,4.51,0.48,7.1,37.22974475972733,40.8653566272128
2018-02-12,9.98,14.27,8.01,2.15,6.33,37.22974475972733,40.8653566272128
2018-02-13,9.05,12.98,5.36,1.15,8.64,37.22974475972733,40.8653566272128
2018-02-14,8.6,16.95,2.52,0.0,13.48,37.22974475972733,40.8653566272128
2018-02-15,9.57,15.02,4.86,0.0,12.29,37.22974475972733,40.8653566272128
2018-02-16,8.51,12.97,3.64,0.34,8.17,37.22974475972733,40.8653566272128
2018-02-17,10.02,13.29,7.52,20.94,3.08,37.22974475972733,40.8653566272128
2018-02-18,9.44,13.26,5.84,2.4,8.9,37.22974475972733,40.8653566272128
2018-02-19,9.35,17.78,2.46,0.02,16.85,37.22974475972733,40.8653566272128
2018-02-20,7.93,14.85,3.07,0.11,10.7,37.22974475972733,40.8653566272128
2018-02-21,6.81,11.28,1.97,3.73,8.65,37.22974475972733,40.8653566272128
2018-02-22,8.81,13.99,4.44,2.78,10.09,37.22974475972733,40.8653566272128
2018-02-23,9.81,16.49,3.9,0.01,14.13,37.22974475972733,40.8653566272128
2018-02-24,10.59,16.27,6.59,0.12,9.95,37.22974475972733,40.8653566272128
2018-02-25,9.62,15.35,6.27,4.09,8.45,37.22974475972733,40.8653566272128
2018-02-26,8.31,13.41,5.26,1.56,10.51,37.22974475972733,40.8653566272128
2018-02-27,8.5,13.65,5.2,3.32,5.93,37.22974475972733,40.8653566272128
2018-02-28,9.49,16.92,4.14,0.18,12.94,37.22974475972733,40.8653566272128
2018-03-01,10.18,16.49,4.92,1.32,6.68,37.22974475972733,40.8653566272128
2018-03-02,10.38,16.29,5.87,1.28,14.32,37.22974475972733,40.8653566272128
2018-03-03,11.75,19.14,6.52,0.0,10.47,37.22974475972733,40.8653566272128
2018-03-04,13.96,21.54,7.25,0.0,13.11,37.22974475972733,40.8653566272128
2018-03-05,14.88,22.66,9.64,0.0,13.82,37.22974475972733,40.8653566272128
2018-03-06,13.43,20.75,7.7,0.0,7.77,37.22974475972733,40.8653566272128
2018-03-07,14.36,23.85,7.45,0.0,14.32,37.22974475972733,40.8653566272128
2018-03-08,14.06,20.35,8.95,0.01,10.45,37.22974475972733,40.8653566272128
2018-03-09,12.65,19.38,7.63,0.26,12.32,37.22974475972733,40.8653566272128
2018-03-10,10.77,20.07,3.54,0.0,21.1,37.22974475972733,40.8653566272128
2018-03-11,12.55,22.2,5.03,0.0,20.46,37.22974475972733,40.8653566272128
2018-03-12,13.68,22.59,6.64,0.0,19.31,37.22974475972733,40.8653566272128
2018-03-13,14.16,22.7,7.8,0.0,17.58,37.22974475972733,40.8653566272128
2018-03-14,14.06,21.51,8.34,0.0,12.82,37.22974475972733,40.8653566272128
2018-03-15,12.84,20.41,7.76,0.0,14.35,37.22974475972733,40.8653566272128
2018-03-16,11.81,17.32,7.07,2.6,15.56,37.22974475972733,40.8653566272128
2018-03-17,11.06,20.55,4.39,0.04,22.07,37.22974475972733,40.8653566272128
2018-03-18,14.42,25.24,4.92,0.0,20.95,37.22974475972733,40.8653566272128
2018-03-19,15.42,24.27,7.32,0.0,21.55,37.22974475972733,40.8653566272128
2018-03-20,15.51,24.36,8.45,0.0,18.49,37.22974475972733,40.8653566272128
2018-03-21,15.31,24.35,8.68,0.0,21.8,37.22974475972733,40.8653566272128
2018-03-22,15.44,24.07,8.21,0.0,17.73,37.22974475972733,40.8653566272128
2018-03-23,16.19,25.27,7.63,0.0,19.64,37.22974475972733,40.8653566272128
2018-03-24,16.38,23.48,9.85,0.0,7.59,37.22974475972733,40.8653566272128
2018-03-25,12.72,21.16,6.58,0.0,22.81,37.22974475972733,40.8653566272128
2018-03-26,14.85,23.46,7.11,0.0,23.44,37.22974475972733,40.8653566272128
2018-03-27,16.1,25.51,7.51,0.0,20.83,37.22974475972733,40.8653566272128
2018-03-28,16.99,25.02,9.75,0.21,10.28,37.22974475972733,40.8653566272128
2018-03-29,18.53,26.45,10.71,1.77,5.4,37.22974475972733,40.8653566272128
2018-03-30,12.82,18.67,8.03,0.23,18.62,37.22974475972733,40.8653566272128
2018-03-31,14.49,23.56,6.23,0.01,22.14,37.22974475972733,40.8653566272128
2018-04-01,16.77,26.01,8.28,0.0,23.07,37.22974475972733,40.8653566272128
2018-04-02,17.31,25.5,11.37,0.0,24.29,37.22974475972733,40.8653566272128
2018-04-03,16.04,25.17,8.7,0.0,21.24,37.22974475972733,40.8653566272128
2018-04-04,13.83,24.25,5.63,0.0,25.06,37.22974475972733,40.8653566272128
2018-04-05,16.12,27.46,6.42,0.0,25.76,37.22974475972733,40.8653566272128
2018-04-06,18.48,28.06,9.44,0.0,25.6,37.22974475972733,40.8653566272128
2018-04-07,18.73,29.32,9.12,0.0,25.37,37.22974475972733,40.8653566272128
2018-04-08,21.25,29.67,14.02,0.0,24.05,37.22974475972733,40.8653566272128
2018-04-09,19.5,29.55,11.62,0.0,22.42,37.22974475972733,40.8653566272128
2018-04-10,17.16,24.74,12.19,5.26,11.24,37.22974475972733,40.8653566272128
2018-04-11,17.01,23.01,11.73,2.86,15.06,37.22974475972733,40.8653566272128
2018-04-12,17.97,25.77,10.03,0.07,15.93,37.22974475972733,40.8653566272128
2018-04-13,20.08,29.35,12.14,1.59,20.49,37.22974475972733,40.8653566272128
2018-04-14,18.51,27.96,10.49,1.23,25.63,37.22974475972733,40.8653566272128
2018-04-15,18.77,27.91,11.4,0.0,26.28,37.22974475972733,40.8653566272128
2018-04-16,17.23,26.55,10.49,0.0,27.9,37.22974475972733,40.8653566272128
2018-04-17,16.9,27.94,7.0,0.0,26.4,37.22974475972733,40.8653566272128
2018-04-18,21.07,29.71,11.62,0.0,21.71,37.22974475972733,40.8653566272128
2018-04-19,21.14,31.11,10.41,0.0,25.53,37.22974475972733,40.8653566272128
2018-04-20,19.8,29.25,12.83,0.25,17.98,37.22974475972733,40.8653566272128
2018-04-21,16.61,25.4,11.07,0.81,14.0,37.22974475972733,40.8653566272128
2018-04-22,15.65,22.32,8.78,1.48,18.32,37.22974475972733,40.8653566272128
2018-04-23,17.45,26.99,8.64,0.0,27.9,37.22974475972733,40.8653566272128
2018-04-24,19.54,29.37,9.2,0.0,26.13,37.22974475972733,40.8653566272128
2018-04-25,21.37,30.48,12.29,0.0,26.94,37.22974475972733,40.8653566272128
2018-04-26,22.38,30.63,12.98,0.03,22.31,37.22974475972733,40.8653566272128
2018-04-27,19.25,27.12,15.16,2.68,12.83,37.22974475972733,40.8653566272128
2018-04-28,18.49,23.66,13.9,2.89,16.73,37.22974475972733,40.8653566272128
2018-04-29,18.96,25.99,11.58,1.71,22.34,37.22974475972733,40.8653566272128
2018-04-30,21.25,27.02,15.2,0.21,23.99,37.22974475972733,40.8653566272128
2018-05-01,21.53,29.42,14.15,1.45,17.88,37.22974475972733,40.8653566272128
2018-05-02,22.6,28.62,15.37,0.62,18.93,37.22974475972733,40.8653566272128
2018-05-03,22.39,28.6,14.59,0.64,17.28,37.22974475972733,40.8653566272128
2018-05-04,23.34,31.29,14.8,0.25,23.01,37.22974475972733,40.8653566272128
2018-05-05,23.13,31.38,15.79,3.46,16.15,37.22974475972733,40.8653566272128
2018-05-06,23.26,30.85,16.54,0.51,24.36,37.22974475972733,40.8653566272128
2018-05-07,19.75,24.76,15.83,10.64,6.14,37.22974475972733,40.8653566272128
2018-05-08,18.41,23.9,13.13,13.51,12.89,37.22974475972733,40.8653566272128
2018-05-09,16.83,21.43,10.99,2.23,16.82,37.22974475972733,40.8653566272128
2018-05-10,18.52,24.43,12.31,2.74,15.81,37.22974475972733,40.8653566272128
2018-05-11,16.53,19.98,12.97,7.05,15.59,37.22974475972733,40.8653566272128
2018-05-12,17.07,21.42,13.28,12.53,12.47,37.22974475972733,40.8653566272128
2018-05-13,17.18,22.49,12.67,2.73,14.58,37.22974475972733,40.8653566272128
2018-05-14,18.75,26.32,11.03,0.0,25.01,37.22974475972733,40.8653566272128
2018-05-15,20.66,29.34,11.54,2.6,24.89,37.22974475972733,40.8653566272128
2018-05-16,22.59,30.9,14.18,0.0,27.95,37.22974475972733,40.8653566272128
2018-05-17,23.78,32.92,14.14,0.0,29.42,37.22974475972733,40.8653566272128
2018-05-18,24.85,34.6,15.4,0.0,29.64,37.22974475972733,40.8653566272128
2018-05-19,26.34,34.45,18.47,0.0,27.2,37.22974475972733,40.8653566272128
2018-05-20,25.21,34.38,17.54,0.06,22.01,37.22974475972733,40.8653566272128
2018-05-21,25.56,35.28,17.14,0.23,24.92,37.22974475972733,40.8653566272128
2018-05-22,26.25,35.01,18.46,1.23,25.25,37.22974475972733,40.8653566272128
2018-05-23,25.44,33.73,17.73,2.58,26.44,37.22974475972733,40.8653566272128
2018-05-24,24.66,32.46,18.01,0.94,24.42,37.22974475972733,40.8653566272128
2018-05-25,25.8,34.18,16.9,0.12,26.1,37.22974475972733,40.8653566272128
2018-05-26,26.54,34.25,17.25,0.22,26.75,37.22974475972733,40.8653566272128
2018-05-27,27.74,36.48,19.17,0.07,23.4,37.22974475972733,40.8653566272128
2018-05-28,24.83,35.31,19.19,0.61,11.64,37.22974475972733,40.8653566272128
2018-05-29,24.9,33.14,17.42,0.04,25.96,37.22974475972733,40.8653566272128
2018-05-30,25.78,33.68,19.39,0.61,22.45,37.22974475972733,40.8653566272128
2018-05-31,24.66,32.27,17.79,4.35,25.76,37.22974475972733,40.8653566272128
2018-06-01,24.66,32.36,16.42,0.03,27.1,37.22974475972733,40.8653566272128
2018-06-02,24.2,31.42,18.07,0.3,23.65,37.22974475972733,40.8653566272128
2018-06-03,24.46,32.64,15.87,0.02,26.43,37.22974475972733,40.8653566272128
2018-06-04,25.51,33.7,18.38,0.92,23.86,37.22974475972733,40.8653566272128
2018-06-05,25.05,33.27,16.6,1.07,26.22,37.22974475972733,40.8653566272128
2018-06-06,26.57,35.96,17.93,0.0,31.01,37.22974475972733,40.8653566272128
2018-06-07,27.98,37.54,18.61,0.0,29.96,37.22974475972733,40.8653566272128
2018-06-08,28.92,38.24,19.9,0.0,25.17,37.22974475972733,40.8653566272128
2018-06-09,28.47,36.8,20.83,0.0,31.13,37.22974475972733,40.8653566272128
2018-06-10,28.51,37.55,20.53,0.0,31.72,37.22974475972733,40.8653566272128
2018-06-11,28.46,37.11,19.01,0.0,28.12,37.22974475972733,40.8653566272128
2018-06-12,27.33,35.55,19.44,0.0,29.2,37.22974475972733,40.8653566272128
2018-06-13,27.8,35.65,19.03,0.06,25.68,37.22974475972733,40.8653566272128
2018-06-14,28.04,35.49,21.45,0.1,18.35,37.22974475972733,40.8653566272128
2018-06-15,29.15,36.91,21.62,0.76,22.31,37.22974475972733,40.8653566272128
2018-06-16,28.97,36.7,21.64,0.09,28.64,37.22974475972733,40.8653566272128
2018-06-17,28.99,36.24,21.99,0.0,30.37,37.22974475972733,40.8653566272128
2018-06-18,27.14,35.15,17.94,0.0,29.51,37.22974475972733,40.8653566272128
2018-06-19,27.26,35.19,19.08,0.0,29.76,37.22974475972733,40.8653566272128
2018-06-20,27.73,35.01,19.43,0.0,28.75,37.22974475972733,40.8653566272128
2018-06-21,28.63,36.5,19.26,0.0,29.82,37.22974475972733,40.8653566272128
2018-06-22,28.92,37.0,19.56,0.0,29.4,37.22974475972733,40.8653566272128
2018-06-23,30.5,38.97,21.06,0.0,28.05,37.22974475972733,40.8653566272128
2018-06-24,30.97,39.73,21.62,0.0,29.35,37.22974475972733,40.8653566272128
2018-06-25,30.67,39.18,21.78,0.0,29.66,37.22974475972733,40.8653566272128
2018-06-26,30.26,38.77,21.19,0.0,30.61,37.22974475972733,40.8653566272128
2018-06-27,32.46,41.85,22.34,0.0,31.12,37.22974475972733,40.8653566272128
2018-06-28,34.46,43.74,23.72,0.0,30.66,37.22974475972733,40.8653566272128
2018-06-29,30.79,38.86,22.91,0.0,31.13,37.22974475972733,40.8653566272128
2018-06-30,28.68,37.67,19.17,0.0,31.58,37.22974475972733,40.8653566272128
2018-07-01,30.17,39.76,20.09,0.0,32.12,37.22974475972733,40.8653566272128
2018-07-02,32.73,43.96,21.28,0.0,31.72,37.22974475972733,40.8653566272128
2018-07-03,34.28,44.98,24.56,0.0,29.98,37.22974475972733,40.8653566272128
2018-07-04,35.11,45.09,25.06,0.0,29.24,37.22974475972733,40.8653566272128
2018-07-05,33.33,41.92,24.18,0.0,29.49,37.22974475972733,40.8653566272128
2018-07-06,33.08,41.4,24.39,0.0,27.98,37.22974475972733,40.8653566272128
2018-07-07,33.45,41.71,24.06,0.0,27.09,37.22974475972733,40.8653566272128
2018-07-08,31.69,40.33,22.78,0.0,30.04,37.22974475972733,40.8653566272128
2018-07-09,32.38,41.28,23.74,0.0,30.31,37.22974475972733,40.8653566272128
2018-07-10,34.16,43.98,24.29,0.0,31.04,37.22974475972733,40.8653566272128
2018-07-11,32.95,42.7,24.45,0.0,29.61,37.22974475972733,40.8653566272128
2018-07-12,32.47,41.74,23.16,0.0,29.06,37.22974475972733,40.8653566272128
2018-07-13,33.37,42.89,23.69,0.0,29.01,37.22974475972733,40.8653566272128
2018-07-14,31.98,39.93,24.37,0.0,28.13,37.22974475972733,40.8653566272128
2018-07-15,32.42,39.29,24.81,0.69,19.9,37.22974475972733,40.8653566272128
2018-07-16,31.5,39.22,23.81,0.03,29.62,37.22974475972733,40.8653566272128
2018-07-17,32.19,40.39,24.85,0.0,30.08,37.22974475972733,40.8653566272128
2018-07-18,33.12,41.8,25.15,0.0,30.35,37.22974475972733,40.8653566272128
2018-07-19,32.3,40.92,22.47,0.0,30.52,37.22974475972733,40.8653566272128
2018-07-20,30.36,38.68,21.8,0.0,29.42,37.22974475972733,40.8653566272128
2018-07-21,33.21,41.62,23.84,0.0,28.0,37.22974475972733,40.8653566272128
2018-07-22,34.06,41.77,26.92,0.0,25.23,37.22974475972733,40.8653566272128
2018-07-23,33.38,40.91,26.62,0.0,25.77,37.22974475972733,40.8653566272128
2018-07-24,33.87,42.34,25.47,0.0,28.59,37.22974475972733,40.8653566272128
2018-07-25,32.61,40.65,24.77,0.0,28.81,37.22974475972733,40.8653566272128
2018-07-26,31.17,39.14,23.24,0.0,29.77,37.22974475972733,40.8653566272128
2018-07-27,31.25,39.48,23.1,0.0,29.66,37.22974475972733,40.8653566272128
2018-07-28,31.29,40.52,22.43,0.0,29.24,37.22974475972733,40.8653566272128
2018-07-29,31.91,40.78,23.15,0.0,28.06,37.22974475972733,40.8653566272128
2018-07-30,31.11,39.27,23.08,0.0,27.34,37.22974475972733,40.8653566272128
2018-07-31,31.68,39.71,23.79,0.0,27.08,37.22974475972733,40.8653566272128
2018-08-01,32.19,40.22,24.02,0.0,26.87,37.22974475972733,40.8653566272128
2018-08-02,34.54,43.85,23.64,0.0,25.44,37.22974475972733,40.8653566272128
2018-08-03,35.12,42.6,28.45,0.09,22.36,37.22974475972733,40.8653566272128
2018-08-04,33.42,41.36,25.38,0.0,23.76,37.22974475972733,40.8653566272128
2018-08-05,33.32,41.33,24.5,0.0,26.43,37.22974475972733,40.8653566272128
2018-08-06,33.0,40.72,25.47,0.0,28.16,37.22974475972733,40.8653566272128
2018-08-07,31.89,40.78,23.1,0.0,28.18,37.22974475972733,40.8653566272128
2018-08-08,33.58,42.71,23.72,0.0,27.08,37.22974475972733,40.8653566272128
2018-08-09,33.55,41.31,26.46,0.0,27.68,37.22974475972733,40.8653566272128
2018-08-10,33.58,41.69,26.66,0.0,27.05,37.22974475972733,40.8653566272128
2018-08-11,33.65,42.12,25.84,0.0,27.42,37.22974475972733,40.8653566272128
2018-08-12,31.64,39.51,22.81,0.0,27.54,37.22974475972733,40.8653566272128
2018-08-13,32.93,41.47,25.28,0.0,27.68,37.22974475972733,40.8653566272128
2018-08-14,33.28,42.61,24.31,0.0,27.32,37.22974475972733,40.8653566272128
2018-08-15,32.84,41.94,24.0,0.0,26.87,37.22974475972733,40.8653566272128
2018-08-16,32.71,42.18,23.76,0.0,27.07,37.22974475972733,40.8653566272128
2018-08-17,32.94,42.38,24.1,0.0,26.73,37.22974475972733,40.8653566272128
2018-08-18,33.91,43.98,22.97,0.0,27.22,37.22974475972733,40.8653566272128
2018-08-19,32.61,40.73,25.57,0.0,26.61,37.22974475972733,40.8653566272128
2018-08-20,31.73,40.28,23.01,0.0,25.45,37.22974475972733,40.8653566272128
2018-08-21,31.39,39.74,23.54,0.0,25.39,37.22974475972733,40.8653566272128
2018-08-22,32.09,41.23,23.03,0.0,25.52,37.22974475972733,40.8653566272128
2018-08-23,33.13,42.0,24.41,0.0,25.61,37.22974475972733,40.8653566272128
2018-08-24,33.41,41.52,26.36,0.0,25.0,37.22974475972733,40.8653566272128
2018-08-25,33.61,42.64,24.26,0.0,25.48,37.22974475972733,40.8653566272128
2018-08-26,33.07,41.92,24.95,0.0,25.09,37.22974475972733,40.8653566272128
2018-08-27,31.03,39.56,23.3,0.0,24.27,37.22974475972733,40.8653566272128
2018-08-28,30.12,38.29,23.22,0.0,24.06,37.22974475972733,40.8653566272128
2018-08-29,29.78,38.15,22.29,0.0,25.11,37.22974475972733,40.8653566272128
2018-08-30,32.09,41.71,22.7,0.0,24.28,37.22974475972733,40.8653566272128
2018-08-31,33.46,42.31,25.01,0.0,24.07,37.22974475972733,40.8653566272128
2018-09-01,33.6,42.77,26.42,0.0,24.9,37.22974475972733,40.8653566272128
2018-09-02,32.45,42.0,24.05,0.0,24.05,37.22974475972733,40.8653566272128
2018-09-03,31.24,40.7,23.55,0.0,24.15,37.22974475972733,40.8653566272128
2018-09-04,31.07,40.45,22.43,0.0,23.7,37.22974475972733,40.8653566272128
2018-09-05,30.1,39.04,21.79,0.0,23.2,37.22974475972733,40.8653566272128
2018-09-06,29.22,36.64,22.74,0.0,22.46,37.22974475972733,40.8653566272128
2018-09-07,27.24,34.36,19.62,0.01,23.17,37.22974475972733,40.8653566272128
2018-09-08,27.21,34.23,21.49,0.14,19.38,37.22974475972733,40.8653566272128
2018-09-09,27.5,35.82,19.07,0.04,20.35,37.22974475972733,40.8653566272128
2018-09-10,26.69,33.86,20.11,0.38,16.87,37.22974475972733,40.8653566272128
2018-09-11,26.74,34.7,19.24,0.0,20.02,37.22974475972733,40.8653566272128
2018-09-12,28.23,37.25,19.21,0.0,22.03,37.22974475972733,40.8653566272128
2018-09-13,30.48,40.46,23.66,0.0,19.09,37.22974475972733,40.8653566272128
2018-09-14,31.6,40.22,25.59,0.0,15.69,37.22974475972733,40.8653566272128
2018-09-15,26.5,34.45,19.23,0.0,21.88,37.22974475972733,40.8653566272128
2018-09-16,27.16,35.95,19.31,0.0,21.99,37.22974475972733,40.8653566272128
2018-09-17,28.05,37.04,21.29,0.0,21.61,37.22974475972733,40.8653566272128
2018-09-18,28.66,37.34,20.55,0.0,19.87,37.22974475972733,40.8653566272128
2018-09-19,29.93,38.6,22.79,0.0,20.39,37.22974475972733,40.8653566272128
2018-09-20,29.16,38.18,21.12,0.0,20.96,37.22974475972733,40.8653566272128
2018-09-21,28.08,36.77,20.37,0.0,18.53,37.22974475972733,40.8653566272128
2018-09-22,28.42,37.3,20.99,0.0,19.71,37.22974475972733,40.8653566272128
2018-09-23,28.1,37.6,19.4,0.0,20.4,37.22974475972733,40.8653566272128
2018-09-24,28.4,37.45,20.07,0.0,21.23,37.22974475972733,40.8653566272128
2018-09-25,27.42,36.56,18.64,0.0,20.3,37.22974475972733,40.8653566272128
2018-09-26,26.89,36.47,19.68,0.0,20.26,37.22974475972733,40.8653566272128
2018-09-27,27.44,36.42,20.15,0.0,20.08,37.22974475972733,40.8653566272128
2018-09-28,27.22,36.61,19.79,0.0,20.45,37.22974475972733,40.8653566272128
2018-09-29,26.87,36.85,18.25,0.0,19.8,37.22974475972733,40.8653566272128
2018-09-30,27.6,36.36,20.4,0.0,18.12,37.22974475972733,40.8653566272128
2018-10-01,28.19,36.48,21.34,0.0,9.58,37.22974475972733,40.8653566272128
2018-10-02,27.59,34.23,21.94,0.0,16.27,37.22974475972733,40.8653566272128
2018-10-03,27.17,34.94,20.77,0.0,18.88,37.22974475972733,40.8653566272128
2018-10-04,25.02,33.53,18.95,0.0,17.76,37.22974475972733,40.8653566272128
2018-10-05,25.25,33.99,18.38,0.0,19.09,37.22974475972733,40.8653566272128
2018-10-06,24.69,33.37,16.57,0.0,19.07,37.22974475972733,40.8653566272128
2018-10-07,24.2,31.86,18.52,0.0,16.81,37.22974475972733,40.8653566272128
2018-10-08,23.34,29.05,18.37,0.0,10.73,37.22974475972733,40.8653566272128
2018-10-09,25.04,32.5,18.76,0.0,12.1,37.22974475972733,40.8653566272128
2018-10-10,23.43,30.01,18.63,1.14,5.94,37.22974475972733,40.8653566272128
2018-10-11,23.94,33.3,18.16,0.44,13.97,37.22974475972733,40.8653566272128
2018-10-12,23.23,31.05,17.44,0.36,12.5,37.22974475972733,40.8653566272128
2018-10-13,24.47,31.6,18.49,0.23,10.96,37.22974475972733,40.8653566272128
2018-10-14,25.68,32.42,19.59,0.01,12.12,37.22974475972733,40.8653566272128
2018-10-15,24.54,32.39,19.17,0.0,11.84,37.22974475972733,40.8653566272128
2018-10-16,24.25,31.12,19.07,0.0,12.56,37.22974475972733,40.8653566272128
2018-10-17,20.92,25.72,16.96,0.13,10.16,37.22974475972733,40.8653566272128
2018-10-18,23.15,30.22,17.89,0.01,12.64,37.22974475972733,40.8653566272128
2018-10-19,23.68,30.38,17.52,0.09,10.37,37.22974475972733,40.8653566272128
2018-10-20,21.04,25.89,17.21,1.26,8.69,37.22974475972733,40.8653566272128
2018-10-21,19.3,23.74,16.62,5.93,4.18,37.22974475972733,40.8653566272128
2018-10-22,18.72,24.15,14.61,0.02,10.7,37.22974475972733,40.8653566272128
2018-10-23,19.23,25.44,14.19,1.69,10.09,37.22974475972733,40.8653566272128
2018-10-24,18.13,21.82,15.99,6.98,4.4,37.22974475972733,40.8653566272128
2018-10-25,17.28,23.79,14.44,24.45,5.39,37.22974475972733,40.8653566272128
2018-10-26,14.0,16.87,8.35,12.63,3.85,37.22974475972733,40.8653566272128
2018-10-27,12.51,21.04,6.93,0.0,14.65,37.22974475972733,40.8653566272128
2018-10-28,14.24,24.0,7.69,0.0,15.91,37.22974475972733,40.8653566272128
2018-10-29,14.9,24.91,7.91,0.0,15.66,37.22974475972733,40.8653566272128
2018-10-30,15.55,26.2,8.15,0.0,15.69,37.22974475972733,40.8653566272128
2018-10-31,15.89,27.01,8.11,0.0,15.57,37.22974475972733,40.8653566272128
2018-11-01,16.59,26.9,9.34,0.0,13.4,37.22974475972733,40.8653566272128
2018-11-02,15.21,22.17,10.78,0.0,10.43,37.22974475972733,40.8653566272128
2018-11-03,16.43,22.46,12.45,0.78,9.73,37.22974475972733,40.8653566272128
2018-11-04,13.86,16.94,12.43,4.85,4.39,37.22974475972733,40.8653566272128
2018-11-05,12.85,14.91,11.26,11.29,1.99,37.22974475972733,40.8653566272128
2018-11-06,14.06,20.82,10.35,0.05,11.78,37.22974475972733,40.8653566272128
2018-11-07,12.58,17.4,10.0,9.62,6.37,37.22974475972733,40.8653566272128
2018-11-08,13.02,18.47,9.93,0.05,11.26,37.22974475972733,40.8653566272128
2018-11-09,12.83,18.87,7.15,0.59,11.93,37.22974475972733,40.8653566272128
2018-11-10,12.54,19.09,6.61,0.0,10.43,37.22974475972733,40.8653566272128
2018-11-11,13.26,20.79,7.05,0.0,11.28,37.22974475972733,40.8653566272128
2018-11-12,14.7,21.38,9.85,0.0,12.09,37.22974475972733,40.8653566272128
2018-11-13,13.5,21.42,6.81,0.0,12.34,37.22974475972733,40.8653566272128
2018-11-14,10.93,14.12,8.51,9.42,5.81,37.22974475972733,40.8653566272128
2018-11-15,11.68,15.58,9.29,15.46,5.47,37.22974475972733,40.8653566272128
2018-11-16,11.42,17.25,7.39,0.44,7.01,37.22974475972733,40.8653566272128
2018-11-17,11.45,17.91,7.64,0.41,10.76,37.22974475972733,40.8653566272128
2018-11-18,10.28,17.9,4.39,0.0,11.42,37.22974475972733,40.8653566272128
2018-11-19,10.23,18.19,4.79,0.0,9.74,37.22974475972733,40.8653566272128
2018-11-20,11.27,20.39,5.88,0.0,10.79,37.22974475972733,40.8653566272128
2018-11-21,12.37,18.95,7.2,0.02,6.64,37.22974475972733,40.8653566272128
2018-11-22,11.31,15.44,8.94,7.15,2.11,37.22974475972733,40.8653566272128
2018-11-23,10.73,15.27,7.28,0.22,4.54,37.22974475972733,40.8653566272128
2018-11-24,10.61,15.53,7.83,0.35,5.81,37.22974475972733,40.8653566272128
2018-11-25,10.88,17.8,6.84,1.02,9.58,37.22974475972733,40.8653566272128
2018-11-26,10.31,17.32,5.0,0.06,9.36,37.22974475972733,40.8653566272128
2018-11-27,9.02,12.83,6.42,2.07,2.57,37.22974475972733,40.8653566272128
2018-11-28,10.36,17.54,5.52,0.0,5.05,37.22974475972733,40.8653566272128
2018-11-29,10.28,12.87,8.21,4.07,5.89,37.22974475972733,40.8653566272128
2018-11-30,11.62,13.24,10.16,10.1,1.84,37.22974475972733,40.8653566272128
2018-12-01,11.44,14.06,7.27,35.39,5.34,37.22974475972733,40.8653566272128
2018-12-02,9.95,17.11,4.93,0.01,9.29,37.22974475972733,40.8653566272128
2018-12-03,10.51,17.14,5.2,0.0,8.65,37.22974475972733,40.8653566272128
2018-12-04,8.84,10.78,6.6,3.73,1.9,37.22974475972733,40.8653566272128
2018-12-05,10.86,13.96,9.12,3.08,3.87,37.22974475972733,40.8653566272128
2018-12-06,10.42,15.84,6.65,0.02,6.6,37.22974475972733,40.8653566272128
2018-12-07,8.64,13.15,4.46,2.88,4.12,37.22974475972733,40.8653566272128
2018-12-08,9.61,13.63,7.1,4.71,4.05,37.22974475972733,40.8653566272128
2018-12-09,9.89,13.97,6.43,1.6,8.1,37.22974475972733,40.8653566272128
2018-12-10,8.8,12.61,6.81,1.06,4.38,37.22974475972733,40.8653566272128
2018-12-11,9.23,14.63,5.81,3.92,4.59,37.22974475972733,40.8653566272128
2018-12-12,9.71,13.4,6.72,12.08,3.66,37.22974475972733,40.8653566272128
2018-12-13,8.12,12.38,2.89,0.1,7.5,37.22974475972733,40.8653566272128
2018-12-14,5.96,12.53,1.79,0.0,9.47,37.22974475972733,40.8653566272128
2018-12-15,6.43,14.12,1.35,0.0,10.19,37.22974475972733,40.8653566272128
2018-12-16,6.39,12.64,2.06,0.01,9.28,37.22974475972733,40.8653566272128
2018-12-17,6.47,8.74,4.8,2.76,3.91,37.22974475972733,40.8653566272128
2018-12-18,6.68,10.43,2.55,0.55,5.68,37.22974475972733,40.8653566272128
2018-12-19,8.45,12.0,6.07,0.49,5.04,37.22974475972733,40.8653566272128
2018-12-20,7.4,10.37,4.03,13.75,2.16,37.22974475972733,40.8653566272128
2018-12-21,6.92,14.22,2.15,0.0,9.88,37.22974475972733,40.8653566272128
2018-12-22,6.17,13.61,1.83,0.0,6.48,37.22974475972733,40.8653566272128
2018-12-23,5.83,13.54,0.93,0.0,8.75,37.22974475972733,40.8653566272128
2018-12-24,4.14,8.74,-0.09,17.34,6.26,37.22974475972733,40.8653566272128
2018-12-25,3.84,9.95,-1.85,0.45,4.58,37.22974475972733,40.8653566272128
2018-12-26,5.76,10.62,2.06,0.38,3.41,37.22974475972733,40.8653566272128
2018-12-27,6.4,10.19,3.78,4.7,2.29,37.22974475972733,40.8653566272128
2018-12-28,5.83,10.51,0.41,1.32,4.02,37.22974475972733,40.8653566272128
2018-12-29,2.92,9.87,-1.58,0.16,4.35,37.22974475972733,40.8653566272128
2018-12-30,2.24,5.28,-1.32,10.87,2.64,37.22974475972733,40.8653566272128
2018-12-31,3.73,6.27,2.08,3.72,4.3,37.22974475972733,40.8653566272128
2019-01-01,3.2,7.67,-0.82,0.28,5.65,37.22974475972733,40.8653566272128
2019-01-02,4.54,10.02,1.37,0.66,4.87,37.22974475972733,40.8653566272128
2019-01-03,5.56,9.59,2.41,5.12,3.21,37.22974475972733,40.8653566272128
2019-01-04,6.31,10.73,4.05,0.67,4.25,37.22974475972733,40.8653566272128
2019-01-05,5.6,11.03,2.12,0.04,8.83,37.22974475972733,40.8653566272128
2019-01-06,5.21,9.23,2.12,4.07,3.09,37.22974475972733,40.8653566272128
2019-01-07,4.57,8.76,2.26,6.27,7.44,37.22974475972733,40.8653566272128
2019-01-08,2.71,4.38,1.8,13.62,3.41,37.22974475972733,40.8653566272128
2019-01-09,1.32,4.75,-4.63,9.68,6.57,37.22974475972733,40.8653566272128
2019-01-10,-0.76,6.65,-5.36,0.0,9.52,37.22974475972733,40.8653566272128
2019-01-11,-1.27,6.66,-5.96,0.0,10.97,37.22974475972733,40.8653566272128
2019-01-12,0.79,8.09,-3.59,0.0,7.41,37.22974475972733,40.8653566272128
2019-01-13,1.23,6.66,-2.6,0.0,5.31,37.22974475972733,40.8653566272128
2019-01-14,3.5,6.14,1.67,0.49,3.03,37.22974475972733,40.8653566272128
2019-01-15,5.02,9.01,1.43,1.79,2.05,37.22974475972733,40.8653566272128
2019-01-16,5.14,9.55,1.91,0.44,5.32,37.22974475972733,40.8653566272128
2019-01-17,2.57,6.13,0.34,4.25,3.1,37.22974475972733,40.8653566272128
2019-01-18,1.81,8.7,-2.31,0.02,9.9,37.22974475972733,40.8653566272128
2019-01-19,0.81,8.09,-4.17,0.0,11.37,37.22974475972733,40.8653566272128
2019-01-20,0.84,7.63,-3.68,0.0,11.97,37.22974475972733,40.8653566272128
2019-01-21,1.68,8.94,-3.19,0.0,9.56,37.22974475972733,40.8653566272128
2019-01-22,3.48,11.51,-2.27,0.0,8.87,37.22974475972733,40.8653566272128
2019-01-23,4.06,11.49,-1.67,0.19,6.79,37.22974475972733,40.8653566272128
2019-01-24,4.9,12.42,-0.31,0.0,11.25,37.22974475972733,40.8653566272128
2019-01-25,6.36,13.14,1.58,0.02,9.69,37.22974475972733,40.8653566272128
2019-01-26,5.77,13.15,0.64,0.0,9.72,37.22974475972733,40.8653566272128
2019-01-27,8.12,14.72,3.7,0.23,5.92,37.22974475972733,40.8653566272128
2019-01-28,7.48,10.89,4.92,8.83,4.12,37.22974475972733,40.8653566272128
2019-01-29,6.78,14.22,0.91,0.17,13.07,37.22974475972733,40.8653566272128
2019-01-30,5.77,11.72,1.92,1.28,8.0,37.22974475972733,40.8653566272128
2019-01-31,6.15,10.05,3.66,4.76,4.04,37.22974475972733,40.8653566272128
2019-02-01,6.86,11.3,2.4,4.12,4.78,37.22974475972733,40.8653566272128
2019-02-02,6.21,12.54,1.69,0.99,12.68,37.22974475972733,40.8653566272128
2019-02-03,4.46,14.08,-1.46,0.0,14.61,37.22974475972733,40.8653566272128
2019-02-04,5.63,14.05,-0.68,0.0,13.92,37.22974475972733,40.8653566272128
2019-02-05,5.85,14.18,-0.45,0.0,14.79,37.22974475972733,40.8653566272128
2019-02-06,5.63,14.15,0.08,0.0,11.98,37.22974475972733,40.8653566272128
2019-02-07,5.51,8.35,2.65,2.04,3.76,37.22974475972733,40.8653566272128
2019-02-08,5.55,8.53,3.22,9.01,2.58,37.22974475972733,40.8653566272128
2019-02-09,7.16,10.45,5.06,0.57,3.6,37.22974475972733,40.8653566272128
2019-02-10,6.23,9.5,3.67,1.03,4.61,37.22974475972733,40.8653566272128
2019-02-11,6.53,13.49,2.18,0.29,12.4,37.22974475972733,40.8653566272128
2019-02-12,6.09,13.98,0.02,0.0,15.71,37.22974475972733,40.8653566272128
2019-02-13,5.15,12.38,-0.78,0.0,11.03,37.22974475972733,40.8653566272128
2019-02-14,4.54,10.68,-0.11,7.14,6.1,37.22974475972733,40.8653566272128
2019-02-15,5.12,9.83,1.08,3.04,4.5,37.22974475972733,40.8653566272128
2019-02-16,5.47,12.73,-1.23,0.0,13.73,37.22974475972733,40.8653566272128
2019-02-17,5.01,12.64,-0.93,0.0,13.41,37.22974475972733,40.8653566272128
2019-02-18,4.75,13.1,-1.37,0.11,16.63,37.22974475972733,40.8653566272128
2019-02-19,5.63,13.52,0.84,0.0,17.11,37.22974475972733,40.8653566272128
2019-02-20,6.17,14.92,-1.24,0.0,15.76,37.22974475972733,40.8653566272128
2019-02-21,7.28,14.72,-0.05,0.0,14.09,37.22974475972733,40.8653566272128
2019-02-22,7.83,12.52,3.24,2.17,11.94,37.22974475972733,40.8653566272128
2019-02-23,6.66,13.17,1.7,1.36,9.1,37.22974475972733,40.8653566272128
2019-02-24,7.75,16.46,1.5,0.0,16.93,37.22974475972733,40.8653566272128
2019-02-25,8.09,16.7,1.23,0.0,17.31,37.22974475972733,40.8653566272128
2019-02-26,6.89,12.99,2.15,13.3,9.33,37.22974475972733,40.8653566272128
2019-02-27,7.31,13.53,3.59,2.08,9.03,37.22974475972733,40.8653566272128
2019-02-28,6.11,9.61,-0.32,5.41,7.49,37.22974475972733,40.8653566272128
2019-03-01,4.23,11.72,-1.13,0.02,19.13,37.22974475972733,40.8653566272128
2019-03-02,5.55,13.22,-0.64,0.15,17.05,37.22974475972733,40.8653566272128
2019-03-03,5.21,8.12,3.24,15.28,5.07,37.22974475972733,40.8653566272128
2019-03-04,6.67,11.22,4.07,4.08,6.04,37.22974475972733,40.8653566272128
2019-03-05,7.78,14.37,2.21,0.1,10.4,37.22974475972733,40.8653566272128
2019-03-06,8.8,16.25,2.26,0.02,18.01,37.22974475972733,40.8653566272128
2019-03-07,7.03,11.27,3.33,4.47,6.54,37.22974475972733,40.8653566272128
2019-03-08,8.39,17.23,2.35,0.13,18.82,37.22974475972733,40.8653566272128
2019-03-09,9.61,18.05,1.21,0.0,20.4,37.22974475972733,40.8653566272128
2019-03-10,9.0,16.82,2.19,0.0,15.2,37.22974475972733,40.8653566272128
2019-03-11,9.97,19.39,2.35,0.0,19.66,37.22974475972733,40.8653566272128
2019-03-12,11.14,17.82,5.75,0.0,14.41,37.22974475972733,40.8653566272128
2019-03-13,11.48,17.0,8.24,0.0,13.26,37.22974475972733,40.8653566272128
2019-03-14,10.01,13.54,8.41,8.71,2.45,37.22974475972733,40.8653566272128
2019-03-15,10.22,14.91,7.56,3.34,5.96,37.22974475972733,40.8653566272128
2019-03-16,9.12,12.99,6.62,17.11,8.48,37.22974475972733,40.8653566272128
2019-03-17,8.83,15.09,3.84,8.17,16.05,37.22974475972733,40.8653566272128
2019-03-18,6.92,14.35,0.93,0.0,22.65,37.22974475972733,40.8653566272128
2019-03-19,8.47,15.97,1.29,0.02,22.46,37.22974475972733,40.8653566272128
2019-03-20,9.05,17.2,0.58,0.0,22.46,37.22974475972733,40.8653566272128
2019-03-21,11.17,19.14,2.83,0.0,21.69,37.22974475972733,40.8653566272128
2019-03-22,12.27,19.34,5.32,0.49,19.2,37.22974475972733,40.8653566272128
2019-03-23,11.65,17.82,6.43,3.84,16.23,37.22974475972733,40.8653566272128
2019-03-24,7.54,10.39,5.35,14.86,3.42,37.22974475972733,40.8653566272128
2019-03-25,8.48,11.84,5.82,13.53,6.93,37.22974475972733,40.8653566272128
2019-03-26,10.01,15.49,6.33,3.04,15.92,37.22974475972733,40.8653566272128
2019-03-27,9.24,12.32,5.38,1.56,10.89,37.22974475972733,40.8653566272128
2019-03-28,10.33,16.1,5.09,1.07,14.52,37.22974475972733,40.8653566272128
2019-03-29,8.94,11.6,5.33,6.63,4.16,37.22974475972733,40.8653566272128
2019-03-30,10.57,14.37,7.58,4.74,7.19,37.22974475972733,40.8653566272128
2019-03-31,11.74,15.34,8.44,6.1,7.61,37.22974475972733,40.8653566272128
2019-04-01,10.86,14.93,8.25,4.83,11.83,37.22974475972733,40.8653566272128
2019-04-02,10.03,15.01,7.1,7.63,14.73,37.22974475972733,40.8653566272128
2019-04-03,9.57,14.04,6.5,3.83,13.91,37.22974475972733,40.8653566272128
2019-04-04,11.11,16.53,6.59,5.37,14.89,37.22974475972733,40.8653566272128
2019-04-05,11.41,15.54,7.89,4.98,17.5,37.22974475972733,40.8653566272128
2019-04-06,13.03,19.25,5.54,4.19,17.97,37.22974475972733,40.8653566272128
2019-04-07,13.2,18.14,8.47,1.09,13.8,37.22974475972733,40.8653566272128
2019-04-08,13.66,18.73,7.65,2.31,12.85,37.22974475972733,40.8653566272128
2019-04-09,14.65,20.4,9.29,1.2,19.74,37.22974475972733,40.8653566272128
2019-04-10,13.94,20.29,8.41,9.08,13.73,37.22974475972733,40.8653566272128
2019-04-11,12.06,19.36,6.34,0.0,23.8,37.22974475972733,40.8653566272128
2019-04-12,13.6,21.99,6.25,0.0,25.55,37.22974475972733,40.8653566272128
2019-04-13,15.26,23.37,8.02,0.0,26.14,37.22974475972733,40.8653566272128
2019-04-14,16.1,24.23,10.33,0.0,23.4,37.22974475972733,40.8653566272128
2019-04-15,15.51,22.14,10.36,0.03,14.65,37.22974475972733,40.8653566272128
2019-04-16,12.49,15.91,7.61,15.05,9.82,37.22974475972733,40.8653566272128
2019-04-17,10.89,16.23,7.47,4.74,12.85,37.22974475972733,40.8653566272128
2019-04-18,11.76,17.81,7.73,1.39,19.21,37.22974475972733,40.8653566272128
2019-04-19,9.88,13.8,6.66,2.95,16.45,37.22974475972733,40.8653566272128
2019-04-20,10.66,16.42,4.48,3.08,17.89,37.22974475972733,40.8653566272128
2019-04-21,9.0,12.53,5.78,12.84,8.72,37.22974475972733,40.8653566272128
2019-04-22,9.21,14.81,4.62,4.78,16.21,37.22974475972733,40.8653566272128
2019-04-23,11.04,18.46,4.8,0.0,22.72,37.22974475972733,40.8653566272128
2019-04-24,12.52,20.76,4.81,0.0,23.98,37.22974475972733,40.8653566272128
2019-04-25,13.49,22.4,5.93,0.0,27.72,37.22974475972733,40.8653566272128
2019-04-26,14.49,22.94,6.01,0.0,27.3,37.22974475972733,40.8653566272128
2019-04-27,16.65,23.5,9.78,0.0,24.4,37.22974475972733,40.8653566272128
2019-04-28,17.41,23.38,10.77,0.0,20.01,37.22974475972733,40.8653566272128
2019-04-29,16.62,23.39,11.02,0.47,18.13,37.22974475972733,40.8653566272128
2019-04-30,18.58,26.13,10.36,0.0,26.48,37.22974475972733,40.8653566272128
2019-05-01,19.55,26.7,12.77,0.02,24.82,37.22974475972733,40.8653566272128
2019-05-02,20.01,27.59,13.4,0.12,19.53,37.22974475972733,40.8653566272128
2019-05-03,18.22,26.09,12.99,1.29,26.61,37.22974475972733,40.8653566272128
2019-05-04,14.91,18.77,11.24,8.2,15.46,37.22974475972733,40.8653566272128
2019-05-05,17.21,24.12,9.02,0.01,25.66,37.22974475972733,40.8653566272128
2019-05-06,17.7,24.68,12.58,0.57,16.6,37.22974475972733,40.8653566272128
2019-05-07,19.5,27.01,11.97,0.74,25.64,37.22974475972733,40.8653566272128
2019-05-08,16.47,23.01,10.74,0.0,28.79,37.22974475972733,40.8653566272128
2019-05-09,15.27,23.79,7.78,0.0,29.2,37.22974475972733,40.8653566272128
2019-05-10,16.5,23.6,10.57,0.01,27.22,37.22974475972733,40.8653566272128
2019-05-11,17.19,23.64,10.01,0.0,25.93,37.22974475972733,40.8653566272128
2019-05-12,20.5,28.33,13.59,0.0,23.4,37.22974475972733,40.8653566272128
2019-05-13,22.32,31.4,13.36,0.0,28.09,37.22974475972733,40.8653566272128
2019-05-14,23.53,33.6,15.46,0.0,28.67,37.22974475972733,40.8653566272128
2019-05-15,23.17,33.62,14.77,0.0,30.59,37.22974475972733,40.8653566272128
2019-05-16,24.32,35.19,14.59,0.0,30.39,37.22974475972733,40.8653566272128
2019-05-17,25.57,36.14,15.49,0.0,28.93,37.22974475972733,40.8653566272128
2019-05-18,23.2,32.88,15.92,0.0,26.64,37.22974475972733,40.8653566272128
2019-05-19,19.95,28.08,12.27,0.0,27.4,37.22974475972733,40.8653566272128
2019-05-20,21.16,29.42,13.31,0.06,27.25,37.22974475972733,40.8653566272128
2019-05-21,22.63,30.41,13.91,0.0,29.94,37.22974475972733,40.8653566272128
2019-05-22,24.57,33.44,17.82,0.0,23.61,37.22974475972733,40.8653566272128
2019-05-23,25.54,34.56,17.23,0.0,22.99,37.22974475972733,40.8653566272128
2019-05-24,26.93,35.51,18.72,0.0,21.36,37.22974475972733,40.8653566272128
2019-05-25,24.94,33.46,17.27,0.0,23.91,37.22974475972733,40.8653566272128
2019-05-26,22.71,32.72,13.71,0.0,30.52,37.22974475972733,40.8653566272128
2019-05-27,24.04,33.73,16.52,0.0,30.71,37.22974475972733,40.8653566272128
2019-05-28,25.29,35.85,16.12,0.0,29.88,37.22974475972733,40.8653566272128
2019-05-29,26.4,37.18,17.74,0.0,30.2,37.22974475972733,40.8653566272128
2019-05-30,26.74,37.14,18.13,0.0,31.24,37.22974475972733,40.8653566272128
2019-05-31,27.74,36.22,19.72,0.0,28.52,37.22974475972733,40.8653566272128
2019-06-01,29.01,37.18,21.81,0.0,28.32,37.22974475972733,40.8653566272128
2019-06-02,29.19,39.22,20.42,0.0,29.08,37.22974475972733,40.8653566272128
2019-06-03,29.79,39.54,22.3,0.0,30.21,37.22974475972733,40.8653566272128
2019-06-04,29.11,38.39,20.28,0.0,28.52,37.22974475972733,40.8653566272128
2019-06-05,28.27,37.23,19.8,0.0,26.51,37.22974475972733,40.8653566272128
2019-06-06,26.69,34.53,21.34,0.0,22.22,37.22974475972733,40.8653566272128
2019-06-07,27.52,35.6,21.31,0.0,25.58,37.22974475972733,40.8653566272128
2019-06-08,29.53,38.04,21.33,0.02,28.74,37.22974475972733,40.8653566272128
2019-06-09,29.88,39.82,21.17,0.2,24.64,37.22974475972733,40.8653566272128
2019-06-10,30.23,38.91,23.59,0.16,27.74,37.22974475972733,40.8653566272128
2019-06-11,28.16,36.89,19.47,0.02,29.52,37.22974475972733,40.8653566272128
2019-06-12,25.81,33.91,17.94,0.0,31.13,37.22974475972733,40.8653566272128
2019-06-13,25.9,34.51,17.57,0.0,30.19,37.22974475972733,40.8653566272128
2019-06-14,26.97,35.6,18.4,0.0,26.09,37.22974475972733,40.8653566272128
2019-06-15,28.51,37.76,19.48,0.0,28.92,37.22974475972733,40.8653566272128
2019-06-16,30.72,40.32,21.34,0.0,24.53,37.22974475972733,40.8653566272128
2019-06-17,28.77,36.35,21.83,0.04,29.69,37.22974475972733,40.8653566272128
2019-06-18,26.76,33.64,19.49,0.01,28.96,37.22974475972733,40.8653566272128
2019-06-19,27.32,34.88,19.3,0.0,28.78,37.22974475972733,40.8653566272128
2019-06-20,27.48,34.59,19.93,0.0,28.52,37.22974475972733,40.8653566272128
2019-06-21,26.86,34.99,18.5,0.0,28.87,37.22974475972733,40.8653566272128
2019-06-22,28.73,37.28,19.85,0.0,29.78,37.22974475972733,40.8653566272128
2019-06-23,29.42,38.45,20.87,0.0,30.47,37.22974475972733,40.8653566272128
2019-06-24,30.44,39.97,20.4,0.0,30.72,37.22974475972733,40.8653566272128
2019-06-25,32.23,42.2,21.95,0.0,30.74,37.22974475972733,40.8653566272128
2019-06-26,34.45,44.02,24.51,0.0,30.54,37.22974475972733,40.8653566272128
2019-06-27,35.07,44.45,25.92,0.0,29.54,37.22974475972733,40.8653566272128
2019-06-28,33.66,42.39,24.94,0.0,29.24,37.22974475972733,40.8653566272128
2019-06-29,31.69,38.9,22.74,0.0,28.73,37.22974475972733,40.8653566272128
2019-06-30,29.96,37.12,23.38,0.0,31.24,37.22974475972733,40.8653566272128
2019-07-01,28.13,36.64,19.75,0.0,32.22,37.22974475972733,40.8653566272128
2019-07-02,29.81,38.56,21.77,0.0,31.56,37.22974475972733,40.8653566272128
2019-07-03,30.26,39.06,21.17,0.0,30.24,37.22974475972733,40.8653566272128
2019-07-04,31.17,40.72,20.73,0.0,31.02,37.22974475972733,40.8653566272128
2019-07-05,33.09,42.22,24.34,0.0,29.95,37.22974475972733,40.8653566272128
2019-07-06,32.17,40.76,22.55,0.0,29.26,37.22974475972733,40.8653566272128
2019-07-07,33.48,41.99,25.43,0.0,29.12,37.22974475972733,40.8653566272128
2019-07-08,33.04,41.23,23.54,0.0,26.54,37.22974475972733,40.8653566272128
2019-07-09,33.8,41.82,25.5,0.0,29.57,37.22974475972733,40.8653566272128
2019-07-10,33.45,42.23,25.8,0.0,29.97,37.22974475972733,40.8653566272128
2019-07-11,34.01,42.26,25.66,0.0,30.0,37.22974475972733,40.8653566272128
2019-07-12,32.21,39.5,24.2,0.0,28.85,37.22974475972733,40.8653566272128
2019-07-13,30.36,38.1,22.19,0.0,28.27,37.22974475972733,40.8653566272128
2019-07-14,30.15,38.26,21.19,0.0,29.99,37.22974475972733,40.8653566272128
2019-07-15,29.25,35.88,21.81,0.0,29.77,37.22974475972733,40.8653566272128
2019-07-16,30.23,38.58,20.97,0.0,29.12,37.22974475972733,40.8653566272128
2019-07-17,30.4,38.77,21.31,0.0,28.94,37.22974475972733,40.8653566272128
2019-07-18,30.21,37.28,23.28,0.0,29.01,37.22974475972733,40.8653566272128
2019-07-19,30.6,38.63,22.16,0.0,29.28,37.22974475972733,40.8653566272128
2019-07-20,33.45,43.09,24.89,0.0,30.14,37.22974475972733,40.8653566272128
2019-07-21,34.3,43.43,26.28,0.0,28.73,37.22974475972733,40.8653566272128
2019-07-22,33.47,42.25,24.59,0.0,28.3,37.22974475972733,40.8653566272128
2019-07-23,33.37,41.84,25.46,0.0,28.3,37.22974475972733,40.8653566272128
2019-07-24,31.64,40.15,23.36,0.0,28.72,37.22974475972733,40.8653566272128
2019-07-25,30.89,39.18,22.78,0.0,28.96,37.22974475972733,40.8653566272128
2019-07-26,32.46,41.16,24.72,0.0,29.16,37.22974475972733,40.8653566272128
2019-07-27,33.24,42.6,24.76,0.0,28.69,37.22974475972733,40.8653566272128
2019-07-28,32.6,41.52,23.06,0.0,28.32,37.22974475972733,40.8653566272128
2019-07-29,31.28,40.62,21.79,0.0,28.05,37.22974475972733,40.8653566272128
2019-07-30,33.14,42.43,24.27,0.0,27.85,37.22974475972733,40.8653566272128
2019-07-31,33.17,42.09,23.45,0.0,27.98,37.22974475972733,40.8653566272128
2019-08-01,33.62,42.37,24.32,0.0,28.11,37.22974475972733,40.8653566272128
2019-08-02,34.23,42.89,24.86,0.0,25.94,37.22974475972733,40.8653566272128
2019-08-03,34.22,42.57,26.15,0.0,27.08,37.22974475972733,40.8653566272128
2019-08-04,34.0,42.6,26.19,0.0,27.23,37.22974475972733,40.8653566272128
2019-08-05,33.92,41.75,26.13,0.0,28.12,37.22974475972733,40.8653566272128
2019-08-06,33.3,41.28,25.69,0.0,27.85,37.22974475972733,40.8653566272128
2019-08-07,32.52,41.37,23.76,0.0,28.16,37.22974475972733,40.8653566272128
2019-08-08,32.81,42.06,22.85,0.0,27.76,37.22974475972733,40.8653566272128
2019-08-09,33.22,43.0,24.64,0.0,26.64,37.22974475972733,40.8653566272128
2019-08-10,34.54,44.58,24.23,0.0,27.07,37.22974475972733,40.8653566272128
2019-08-11,36.1,45.31,28.21,0.0,26.4,37.22974475972733,40.8653566272128
2019-08-12,36.25,45.91,26.77,0.0,26.17,37.22974475972733,40.8653566272128
2019-08-13,37.77,46.52,28.59,0.0,25.96,37.22974475972733,40.8653566272128
2019-08-14,37.28,46.27,29.16,0.0,24.16,37.22974475972733,40.8653566272128
2019-08-15,36.28,44.92,27.65,0.0,24.25,37.22974475972733,40.8653566272128
2019-08-16,31.07,38.2,24.67,0.0,25.1,37.22974475972733,40.8653566272128
2019-08-17,30.69,39.21,21.52,0.0,26.15,37.22974475972733,40.8653566272128
2019-08-18,32.29,41.17,22.36,0.0,25.52,37.22974475972733,40.8653566272128
2019-08-19,31.73,39.9,23.83,0.0,25.38,37.22974475972733,40.8653566272128
2019-08-20,33.66,42.24,24.01,0.0,25.28,37.22974475972733,40.8653566272128
2019-08-21,32.19,39.7,25.57,0.0,25.08,37.22974475972733,40.8653566272128
2019-08-22,29.89,38.35,20.79,0.0,25.8,37.22974475972733,40.8653566272128
2019-08-23,30.67,38.84,22.48,0.0,24.95,37.22974475972733,40.8653566272128
2019-08-24,32.02,40.69,22.88,0.0,24.44,37.22974475972733,40.8653566272128
2019-08-25,33.99,42.91,27.02,0.0,23.89,37.22974475972733,40.8653566272128
2019-08-26,33.95,42.88,25.57,0.0,24.36,37.22974475972733,40.8653566272128
2019-08-27,32.05,41.07,23.44,0.0,24.71,37.22974475972733,40.8653566272128
2019-08-28,32.57,42.04,24.15,0.0,24.01,37.22974475972733,40.8653566272128
2019-08-29,34.51,42.58,25.51,0.0,23.43,37.22974475972733,40.8653566272128
2019-08-30,33.0,40.64,26.0,0.42,19.82,37.22974475972733,40.8653566272128
2019-08-31,31.16,39.8,22.98,0.0,24.21,37.22974475972733,40.8653566272128
2019-09-01,30.34,38.13,22.63,0.0,23.87,37.22974475972733,40.8653566272128
2019-09-02,30.23,38.52,22.4,0.0,23.61,37.22974475972733,40.8653566272128
2019-09-03,30.36,39.6,22.77,0.0,24.11,37.22974475972733,40.8653566272128
2019-09-04,29.48,39.56,20.19,0.0,24.12,37.22974475972733,40.8653566272128
2019-09-05,29.16,38.47,19.97,0.0,23.41,37.22974475972733,40.8653566272128
2019-09-06,29.69,38.49,21.33,0.0,22.7,37.22974475972733,40.8653566272128
2019-09-07,30.19,38.96,21.91,0.0,22.35,37.22974475972733,40.8653566272128
2019-09-08,28.57,36.51,22.09,0.0,23.22,37.22974475972733,40.8653566272128
2019-09-09,26.51,35.06,18.56,0.0,23.34,37.22974475972733,40.8653566272128
2019-09-10,26.8,35.53,18.88,0.0,23.08,37.22974475972733,40.8653566272128
2019-09-11,28.05,37.13,19.21,0.0,22.44,37.22974475972733,40.8653566272128
2019-09-12,28.42,36.55,20.95,0.0,20.6,37.22974475972733,40.8653566272128
2019-09-13,27.55,35.6,19.91,0.0,20.14,37.22974475972733,40.8653566272128
2019-09-14,28.31,36.33,20.17,0.0,20.4,37.22974475972733,40.8653566272128
2019-09-15,29.54,37.91,23.0,0.03,17.78,37.22974475972733,40.8653566272128
2019-09-16,26.37,33.59,20.57,0.0,20.14,37.22974475972733,40.8653566272128
2019-09-17,26.75,34.17,20.47,0.0,19.25,37.22974475972733,40.8653566272128
2019-09-18,27.13,36.57,19.69,0.0,21.5,37.22974475972733,40.8653566272128
2019-09-19,27.98,37.09,18.99,0.0,21.74,37.22974475972733,40.8653566272128
2019-09-20,28.35,37.74,19.34,0.0,20.58,37.22974475972733,40.8653566272128
2019-09-21,26.11,35.1,17.04,0.0,21.13,37.22974475972733,40.8653566272128
2019-09-22,22.99,33.06,16.07,0.0,22.36,37.22974475972733,40.8653566272128
2019-09-23,22.73,32.95,14.14,0.0,21.7,37.22974475972733,40.8653566272128
2019-09-24,23.31,33.12,14.41,0.0,21.11,37.22974475972733,40.8653566272128
2019-09-25,24.76,33.88,15.26,0.0,20.2,37.22974475972733,40.8653566272128
2019-09-26,27.05,35.38,21.23,0.0,19.22,37.22974475972733,40.8653566272128
2019-09-27,25.57,33.37,18.58,0.0,19.55,37.22974475972733,40.8653566272128
2019-09-28,26.54,35.86,18.68,0.0,19.47,37.22974475972733,40.8653566272128
2019-09-29,25.98,34.84,19.57,0.0,19.56,37.22974475972733,40.8653566272128
2019-09-30,24.79,35.46,17.03,0.0,19.99,37.22974475972733,40.8653566272128
2019-10-01,25.32,35.02,16.56,0.0,19.0,37.22974475972733,40.8653566272128
2019-10-02,26.88,36.52,17.99,0.0,18.35,37.22974475972733,40.8653566272128
2019-10-03,25.78,34.1,19.93,0.0,18.24,37.22974475972733,40.8653566272128
2019-10-04,24.61,34.55,16.17,0.0,18.21,37.22974475972733,40.8653566272128
2019-10-05,24.5,33.15,17.63,0.0,17.7,37.22974475972733,40.8653566272128
2019-10-06,23.45,31.26,16.85,0.48,16.99,37.22974475972733,40.8653566272128
2019-10-07,22.64,30.26,15.48,0.0,17.19,37.22974475972733,40.8653566272128
2019-10-08,24.47,32.85,15.97,0.0,16.82,37.22974475972733,40.8653566272128
2019-10-09,26.38,35.95,18.91,0.0,16.7,37.22974475972733,40.8653566272128
2019-10-10,25.17,35.46,17.43,0.0,17.44,37.22974475972733,40.8653566272128
2019-10-11,26.51,34.92,18.42,0.0,16.52,37.22974475972733,40.8653566272128
2019-10-12,25.58,32.52,19.9,0.0,16.0,37.22974475972733,40.8653566272128
2019-10-13,25.57,34.16,19.21,0.0,17.03,37.22974475972733,40.8653566272128
2019-10-14,24.57,34.02,16.87,0.0,17.83,37.22974475972733,40.8653566272128
2019-10-15,24.66,34.31,16.31,0.0,16.59,37.22974475972733,40.8653566272128
2019-10-16,23.74,32.74,16.17,0.01,16.39,37.22974475972733,40.8653566272128
2019-10-17,24.11,32.12,17.61,0.76,14.75,37.22974475972733,40.8653566272128
2019-10-18,25.04,32.32,19.09,0.11,14.37,37.22974475972733,40.8653566272128
2019-10-19,24.22,28.82,21.44,1.15,9.01,37.22974475972733,40.8653566272128
2019-10-20,23.15,28.97,18.44,0.58,13.46,37.22974475972733,40.8653566272128
2019-10-21,21.15,26.83,17.0,2.41,12.69,37.22974475972733,40.8653566272128
2019-10-22,19.33,24.9,15.33,0.96,12.56,37.22974475972733,40.8653566272128
2019-10-23,19.52,26.77,13.34,0.83,14.24,37.22974475972733,40.8653566272128
2019-10-24,20.32,27.63,14.61,0.01,11.66,37.22974475972733,40.8653566272128
2019-10-25,19.39,25.61,16.09,0.29,11.74,37.22974475972733,40.8653566272128
2019-10-26,19.66,25.81,14.72,0.0,12.75,37.22974475972733,40.8653566272128
2019-10-27,18.93,27.16,12.63,0.0,14.06,37.22974475972733,40.8653566272128
2019-10-28,18.45,25.74,12.99,0.02,11.13,37.22974475972733,40.8653566272128
2019-10-29,16.11,20.05,13.02,11.52,4.08,37.22974475972733,40.8653566272128
2019-10-30,15.36,22.51,10.14,0.17,13.19,37.22974475972733,40.8653566272128
2019-10-31,14.92,23.87,8.72,0.0,14.05,37.22974475972733,40.8653566272128
2019-11-01,15.76,23.1,10.92,1.13,11.99,37.22974475972733,40.8653566272128
2019-11-02,14.47,21.79,10.36,3.59,11.47,37.22974475972733,40.8653566272128
2019-11-03,12.99,21.14,7.45,0.0,14.23,37.22974475972733,40.8653566272128
2019-11-04,12.88,22.27,7.52,0.0,14.15,37.22974475972733,40.8653566272128
2019-11-05,13.45,22.83,6.86,0.0,13.23,37.22974475972733,40.8653566272128
2019-11-06,14.68,24.15,8.43,0.0,13.51,37.22974475972733,40.8653566272128
2019-11-07,15.64,25.45,7.7,0.0,14.17,37.22974475972733,40.8653566272128
2019-11-08,15.4,26.83,7.86,0.0,14.08,37.22974475972733,40.8653566272128
2019-11-09,15.56,26.23,8.03,0.0,14.12,37.22974475972733,40.8653566272128
2019-11-10,15.54,25.85,7.77,0.0,13.84,37.22974475972733,40.8653566272128
2019-11-11,15.15,24.6,7.94,0.0,13.57,37.22974475972733,40.8653566272128
2019-11-12,15.28,24.15,8.96,0.0,12.73,37.22974475972733,40.8653566272128
2019-11-13,16.19,24.55,8.72,0.0,12.16,37.22974475972733,40.8653566272128
2019-11-14,15.92,23.93,8.81,0.0,10.75,37.22974475972733,40.8653566272128
2019-11-15,14.44,24.07,8.14,0.0,12.61,37.22974475972733,40.8653566272128
2019-11-16,12.58,21.8,6.49,0.0,13.04,37.22974475972733,40.8653566272128
2019-11-17,9.3,18.25,3.3,0.0,12.87,37.22974475972733,40.8653566272128
2019-11-18,8.86,18.39,3.47,0.0,11.83,37.22974475972733,40.8653566272128
2019-11-19,9.64,20.19,3.36,0.0,12.18,37.22974475972733,40.8653566272128
2019-11-20,10.01,21.39,3.1,0.0,12.09,37.22974475972733,40.8653566272128
2019-11-21,11.22,19.18,4.6,0.0,11.81,37.22974475972733,40.8653566272128
2019-11-22,9.59,18.14,2.34,0.0,11.72,37.22974475972733,40.8653566272128
2019-11-23,10.96,18.09,5.44,0.0,11.25,37.22974475972733,40.8653566272128
2019-11-24,10.34,18.01,3.04,0.0,10.64,37.22974475972733,40.8653566272128
2019-11-25,11.04,18.53,5.12,0.0,10.69,37.22974475972733,40.8653566272128
2019-11-26,9.44,17.57,4.23,0.0,8.6,37.22974475972733,40.8653566272128
2019-11-27,12.11,17.6,8.22,1.47,3.17,37.22974475972733,40.8653566272128
2019-11-28,11.53,16.74,8.48,3.54,5.31,37.22974475972733,40.8653566272128
2019-11-29,10.4,16.61,5.25,0.08,7.05,37.22974475972733,40.8653566272128
2019-11-30,11.16,18.46,6.28,1.5,4.6,37.22974475972733,40.8653566272128
2019-12-01,11.3,16.95,8.07,0.57,4.8,37.22974475972733,40.8653566272128
2019-12-02,9.28,11.53,6.81,19.2,3.52,37.22974475972733,40.8653566272128
2019-12-03,7.66,15.97,1.57,0.0,10.27,37.22974475972733,40.8653566272128
2019-12-04,8.06,15.13,2.55,0.05,9.81,37.22974475972733,40.8653566272128
2019-12-05,7.39,13.23,1.82,7.34,1.28,37.22974475972733,40.8653566272128
2019-12-06,6.53,8.73,5.42,17.94,1.9,37.22974475972733,40.8653566272128
2019-12-07,8.49,13.84,4.93,0.03,4.98,37.22974475972733,40.8653566272128
2019-12-08,7.08,14.03,2.75,0.1,8.06,37.22974475972733,40.8653566272128
2019-12-09,5.46,9.73,1.65,5.2,3.41,37.22974475972733,40.8653566272128
2019-12-10,5.49,5.94,4.49,13.74,1.39,37.22974475972733,40.8653566272128
2019-12-11,7.6,11.78,2.68,1.04,5.29,37.22974475972733,40.8653566272128
2019-12-12,5.59,9.0,2.13,3.84,3.22,37.22974475972733,40.8653566272128
2019-12-13,6.22,10.46,4.12,1.79,2.65,37.22974475972733,40.8653566272128
2019-12-14,6.95,9.1,5.02,6.99,1.6,37.22974475972733,40.8653566272128
2019-12-15,7.93,13.68,4.31,1.1,6.83,37.22974475972733,40.8653566272128
2019-12-16,8.18,16.04,3.88,0.0,9.41,37.22974475972733,40.8653566272128
2019-12-17,8.22,17.48,2.49,0.0,10.32,37.22974475972733,40.8653566272128
2019-12-18,7.9,17.42,2.78,0.0,10.69,37.22974475972733,40.8653566272128
2019-12-19,8.72,18.3,2.86,0.0,10.83,37.22974475972733,40.8653566272128
2019-12-20,10.44,20.36,3.64,0.0,10.77,37.22974475972733,40.8653566272128
2019-12-21,9.02,17.5,2.49,0.0,10.69,37.22974475972733,40.8653566272128
2019-12-22,6.83,14.57,1.03,0.0,9.15,37.22974475972733,40.8653566272128
2019-12-23,5.04,11.67,0.84,0.0,8.19,37.22974475972733,40.8653566272128
2019-12-24,6.39,13.59,2.54,0.0,9.75,37.22974475972733,40.8653566272128
2019-12-25,6.34,12.95,2.95,0.22,7.74,37.22974475972733,40.8653566272128
2019-12-26,5.97,7.7,4.87,6.05,2.06,37.22974475972733,40.8653566272128
2019-12-27,6.55,8.33,4.74,6.75,2.88,37.22974475972733,40.8653566272128
2019-12-28,5.65,9.99,2.17,2.11,4.76,37.22974475972733,40.8653566272128
2019-12-29,6.89,11.37,4.52,1.95,2.7,37.22974475972733,40.8653566272128
2019-12-30,7.26,13.71,2.79,1.37,6.36,37.22974475972733,40.8653566272128
2019-12-31,6.8,14.01,2.19,0.23,8.1,37.22974475972733,40.8653566272128
2020-01-01,6.0,11.3,2.32,0.14,6.23,37.22974475972733,40.8653566272128
2020-01-02,3.88,7.62,-0.1,4.5,3.39,37.22974475972733,40.8653566272128
2020-01-03,5.57,11.33,1.04,3.9,3.81,37.22974475972733,40.8653566272128
2020-01-04,4.59,9.05,1.88,0.7,4.25,37.22974475972733,40.8653566272128
2020-01-05,3.42,5.58,1.99,7.8,2.37,37.22974475972733,40.8653566272128
2020-01-06,4.74,10.24,2.06,0.36,6.02,37.22974475972733,40.8653566272128
2020-01-07,5.81,12.38,2.02,0.01,7.71,37.22974475972733,40.8653566272128
2020-01-08,4.68,7.77,2.77,5.06,1.51,37.22974475972733,40.8653566272128
2020-01-09,3.96,9.35,0.61,0.98,3.54,37.22974475972733,40.8653566272128
2020-01-10,4.49,11.55,0.3,0.84,8.43,37.22974475972733,40.8653566272128
2020-01-11,2.99,12.16,-2.7,0.0,11.56,37.22974475972733,40.8653566272128
2020-01-12,3.55,11.41,-1.88,0.0,9.33,37.22974475972733,40.8653566272128
2020-01-13,3.9,10.44,-0.42,0.07,11.66,37.22974475972733,40.8653566272128
2020-01-14,3.61,13.14,-2.34,0.0,11.87,37.22974475972733,40.8653566272128
2020-01-15,3.41,11.64,-2.09,0.0,11.72,37.22974475972733,40.8653566272128
2020-01-16,3.94,11.98,-1.97,0.03,11.08,37.22974475972733,40.8653566272128
2020-01-17,3.76,6.86,1.56,3.89,1.65,37.22974475972733,40.8653566272128
2020-01-18,4.33,7.85,2.59,2.05,4.95,37.22974475972733,40.8653566272128
2020-01-19,4.69,9.08,2.33,3.78,4.44,37.22974475972733,40.8653566272128
2020-01-20,4.9,7.24,3.47,2.98,4.26,37.22974475972733,40.8653566272128
2020-01-21,4.97,9.91,0.7,0.07,10.01,37.22974475972733,40.8653566272128
2020-01-22,3.97,12.52,-0.57,0.08,12.14,37.22974475972733,40.8653566272128
2020-01-23,2.89,10.76,-3.63,0.7,12.05,37.22974475972733,40.8653566272128
2020-01-24,1.26,2.41,0.46,13.43,4.69,37.22974475972733,40.8653566272128
2020-01-25,1.29,8.46,-3.02,0.0,12.73,37.22974475972733,40.8653566272128
2020-01-26,2.51,12.05,-3.19,0.0,12.52,37.22974475972733,40.8653566272128
2020-01-27,5.17,13.81,-2.37,0.0,12.63,37.22974475972733,40.8653566272128
2020-01-28,4.62,11.03,1.35,0.0,9.94,37.22974475972733,40.8653566272128
2020-01-29,5.0,12.57,0.5,0.0,9.58,37.22974475972733,40.8653566272128
2020-01-30,5.8,12.73,1.02,0.35,5.19,37.22974475972733,40.8653566272128
2020-01-31,4.24,7.24,0.53,16.08,2.74,37.22974475972733,40.8653566272128
2020-02-01,2.11,8.75,-2.56,2.79,9.73,37.22974475972733,40.8653566272128
2020-02-02,1.31,9.94,-4.5,0.0,12.2,37.22974475972733,40.8653566272128
2020-02-03,2.63,10.22,-2.88,0.0,8.86,37.22974475972733,40.8653566272128
2020-02-04,2.03,6.69,-1.39,1.01,4.07,37.22974475972733,40.8653566272128
2020-02-05,4.29,10.46,0.86,2.03,5.3,37.22974475972733,40.8653566272128
2020-02-06,7.49,15.48,2.51,0.0,11.77,37.22974475972733,40.8653566272128
2020-02-07,5.21,9.03,1.61,6.12,3.23,37.22974475972733,40.8653566272128
2020-02-08,3.68,7.67,-3.25,4.25,6.38,37.22974475972733,40.8653566272128
2020-02-09,-2.28,3.45,-5.5,0.11,12.2,37.22974475972733,40.8653566272128
2020-02-10,-3.37,0.92,-6.15,0.06,12.01,37.22974475972733,40.8653566272128
2020-02-11,-2.44,3.32,-7.31,0.0,13.73,37.22974475972733,40.8653566272128
2020-02-12,-1.05,4.14,-5.83,1.02,4.85,37.22974475972733,40.8653566272128
2020-02-13,-1.73,1.36,-5.18,8.06,1.75,37.22974475972733,40.8653566272128
2020-02-14,-1.4,5.97,-6.61,0.0,10.25,37.22974475972733,40.8653566272128
2020-02-15,0.89,5.56,-2.4,0.02,6.42,37.22974475972733,40.8653566272128
2020-02-16,3.74,12.11,-0.69,0.41,5.3,37.22974475972733,40.8653566272128
2020-02-17,4.94,9.84,1.87,8.19,4.45,37.22974475972733,40.8653566272128
2020-02-18,8.54,15.12,4.12,0.19,9.86,37.22974475972733,40.8653566272128
2020-02-19,7.55,10.45,5.16,3.01,5.43,37.22974475972733,40.8653566272128
2020-02-20,8.61,17.2,3.82,0.72,14.82,37.22974475972733,40.8653566272128
2020-02-21,7.77,14.67,2.96,0.1,12.91,37.22974475972733,40.8653566272128
2020-02-22,7.09,9.46,4.18,4.46,4.21,37.22974475972733,40.8653566272128
2020-02-23,8.79,16.33,3.93,1.66,12.33,37.22974475972733,40.8653566272128
2020-02-24,10.24,17.69,3.21,0.28,14.13,37.22974475972733,40.8653566272128
2020-02-25,8.6,16.7,1.67,0.04,14.85,37.22974475972733,40.8653566272128
2020-02-26,7.65,16.82,-0.79,0.0,18.49,37.22974475972733,40.8653566272128
2020-02-27,9.73,17.43,0.71,0.0,18.33,37.22974475972733,40.8653566272128
2020-02-28,11.13,16.12,7.2,0.08,12.25,37.22974475972733,40.8653566272128
2020-02-29,9.83,15.53,5.73,1.52,8.6,37.22974475972733,40.8653566272128
2020-03-01,7.16,10.74,4.21,6.99,7.32,37.22974475972733,40.8653566272128
2020-03-02,7.42,16.7,0.87,0.05,18.3,37.22974475972733,40.8653566272128
2020-03-03,8.75,17.53,0.82,0.0,18.9,37.22974475972733,40.8653566272128
2020-03-04,10.77,19.22,2.28,0.0,19.9,37.22974475972733,40.8653566272128
2020-03-05,12.36,21.2,3.96,0.0,18.87,37.22974475972733,40.8653566272128
2020-03-06,11.85,18.49,7.06,0.02,10.84,37.22974475972733,40.8653566272128
2020-03-07,12.98,18.8,8.89,0.0,10.25,37.22974475972733,40.8653566272128
2020-03-08,13.2,22.37,6.42,0.0,18.52,37.22974475972733,40.8653566272128
2020-03-09,14.27,23.22,6.63,0.0,19.84,37.22974475972733,40.8653566272128
2020-03-10,13.88,22.77,5.3,0.0,19.77,37.22974475972733,40.8653566272128
2020-03-11,13.94,23.14,6.84,0.0,12.85,37.22974475972733,40.8653566272128
2020-03-12,14.79,24.2,7.98,0.01,18.42,37.22974475972733,40.8653566272128
2020-03-13,13.96,20.05,11.26,2.87,3.97,37.22974475972733,40.8653566272128
2020-03-14,12.35,16.47,7.55,1.62,3.05,37.22974475972733,40.8653566272128
2020-03-15,12.91,21.34,6.72,0.02,15.68,37.22974475972733,40.8653566272128
2020-03-16,11.83,16.58,8.09,8.16,11.98,37.22974475972733,40.8653566272128
2020-03-17,13.79,19.58,10.09,18.66,8.52,37.22974475972733,40.8653566272128
2020-03-18,10.56,13.38,5.89,22.3,6.63,37.22974475972733,40.8653566272128
2020-03-19,7.88,12.23,4.34,5.19,11.22,37.22974475972733,40.8653566272128
2020-03-20,6.94,10.39,2.24,4.4,11.52,37.22974475972733,40.8653566272128
2020-03-21,8.19,14.69,2.01,0.0,18.16,37.22974475972733,40.8653566272128
2020-03-22,11.2,19.95,3.22,0.0,21.37,37.22974475972733,40.8653566272128
2020-03-23,12.34,20.63,4.42,0.0,22.71,37.22974475972733,40.8653566272128
2020-03-24,11.18,18.26,5.25,0.72,16.4,37.22974475972733,40.8653566272128
2020-03-25,12.53,18.81,8.73,3.22,11.53,37.22974475972733,40.8653566272128
2020-03-26,12.76,19.22,6.81,5.56,12.15,37.22974475972733,40.8653566272128
2020-03-27,13.19,18.21,9.49,4.73,7.37,37.22974475972733,40.8653566272128
2020-03-28,13.17,18.39,9.76,4.2,10.08,37.22974475972733,40.8653566272128
2020-03-29,10.32,14.28,6.82,6.72,9.61,37.22974475972733,40.8653566272128
2020-03-30,10.15,16.17,5.37,7.03,16.28,37.22974475972733,40.8653566272128
2020-03-31,10.0,16.45,3.38,0.36,17.28,37.22974475972733,40.8653566272128
2020-04-01,9.91,15.02,6.38,9.85,3.46,37.22974475972733,40.8653566272128
2020-04-02,10.4,16.87,3.28,0.47,17.19,37.22974475972733,40.8653566272128
2020-04-03,10.39,13.41,6.63,6.44,11.5,37.22974475972733,40.8653566272128
2020-04-04,12.39,19.5,5.46,0.66,24.2,37.22974475972733,40.8653566272128
2020-04-05,11.55,17.92,5.68,0.0,15.27,37.22974475972733,40.8653566272128
2020-04-06,13.74,19.99,8.64,0.0,18.38,37.22974475972733,40.8653566272128
2020-04-07,15.35,23.46,8.5,0.0,22.32,37.22974475972733,40.8653566272128
2020-04-08,15.41,22.63,9.34,0.02,21.27,37.22974475972733,40.8653566272128
2020-04-09,13.83,20.49,8.28,2.64,21.26,37.22974475972733,40.8653566272128
2020-04-10,12.79,18.52,7.61,1.56,13.01,37.22974475972733,40.8653566272128
2020-04-11,13.03,18.13,7.29,1.3,18.97,37.22974475972733,40.8653566272128
2020-04-12,12.6,20.46,5.69,0.0,25.21,37.22974475972733,40.8653566272128
2020-04-13,12.71,21.85,4.52,0.0,26.47,37.22974475972733,40.8653566272128
2020-04-14,14.65,22.43,5.82,0.0,26.97,37.22974475972733,40.8653566272128
2020-04-15,15.99,24.26,7.39,0.0,24.09,37.22974475972733,40.8653566272128
2020-04-16,15.06,21.21,9.73,0.0,19.68,37.22974475972733,40.8653566272128
2020-04-17,16.03,24.12,9.19,0.0,25.16,37.22974475972733,40.8653566272128
2020-04-18,17.27,25.68,9.45,0.0,24.97,37.22974475972733,40.8653566272128
2020-04-19,18.62,25.36,11.15,0.74,24.07,37.22974475972733,40.8653566272128
2020-04-20,17.4,24.19,11.17,0.18,17.38,37.22974475972733,40.8653566272128
2020-04-21,18.81,27.27,11.44,0.01,16.3,37.22974475972733,40.8653566272128
2020-04-22,19.52,26.46,13.36,0.02,17.41,37.22974475972733,40.8653566272128
2020-04-23,17.94,25.65,12.08,0.74,23.57,37.22974475972733,40.8653566272128
2020-04-24,15.3,22.29,9.12,0.83,21.94,37.22974475972733,40.8653566272128
2020-04-25,14.18,21.16,9.51,10.47,16.33,37.22974475972733,40.8653566272128
2020-04-26,14.59,22.23,8.43,0.55,23.56,37.22974475972733,40.8653566272128
2020-04-27,15.27,23.53,6.73,0.64,25.91,37.22974475972733,40.8653566272128
2020-04-28,17.12,24.25,9.02,0.05,24.13,37.22974475972733,40.8653566272128
2020-04-29,17.59,26.01,9.23,0.84,24.57,37.22974475972733,40.8653566272128
2020-04-30,17.97,25.93,9.85,0.26,24.43,37.22974475972733,40.8653566272128
2020-05-01,15.93,20.76,11.58,3.6,14.4,37.22974475972733,40.8653566272128
2020-05-02,16.08,22.81,10.95,1.8,21.61,37.22974475972733,40.8653566272128
2020-05-03,16.88,22.83,10.57,0.11,23.88,37.22974475972733,40.8653566272128
2020-05-04,18.33,25.14,12.49,0.0,24.71,37.22974475972733,40.8653566272128
2020-05-05,20.44,29.66,13.18,0.49,21.56,37.22974475972733,40.8653566272128
2020-05-06,14.68,17.76,10.13,13.71,7.24,37.22974475972733,40.8653566272128
2020-05-07,16.62,24.64,8.09,0.0,25.55,37.22974475972733,40.8653566272128
2020-05-08,19.89,27.96,10.51,0.02,22.89,37.22974475972733,40.8653566272128
2020-05-09,19.94,28.89,13.42,1.01,13.62,37.22974475972733,40.8653566272128
2020-05-10,16.77,24.66,10.57,0.11,29.29,37.22974475972733,40.8653566272128
2020-05-11,17.35,26.13,8.69,0.01,30.23,37.22974475972733,40.8653566272128
2020-05-12,20.71,29.56,10.54,0.0,29.84,37.22974475972733,40.8653566272128
2020-05-13,23.32,32.75,13.37,0.0,27.86,37.22974475972733,40.8653566272128
2020-05-14,23.67,33.44,16.43,0.0,30.06,37.22974475972733,40.8653566272128
2020-05-15,24.27,35.2,14.93,0.0,30.01,37.22974475972733,40.8653566272128
2020-05-16,26.3,36.33,17.27,0.0,26.59,37.22974475972733,40.8653566272128
2020-05-17,26.48,34.65,20.18,0.0,28.71,37.22974475972733,40.8653566272128
2020-05-18,26.39,36.28,17.43,0.0,27.87,37.22974475972733,40.8653566272128
2020-05-19,25.88,33.81,19.02,0.0,28.71,37.22974475972733,40.8653566272128
2020-05-20,25.43,36.21,16.31,0.0,30.39,37.22974475972733,40.8653566272128
2020-05-21,26.89,37.76,16.96,0.0,29.34,37.22974475972733,40.8653566272128
2020-05-22,27.78,37.4,18.49,0.0,27.29,37.22974475972733,40.8653566272128
2020-05-23,23.1,30.32,17.68,0.11,22.55,37.22974475972733,40.8653566272128
2020-05-24,20.32,26.2,13.79,4.77,18.57,37.22974475972733,40.8653566272128
2020-05-25,15.35,20.77,11.74,2.97,14.25,37.22974475972733,40.8653566272128
2020-05-26,20.08,30.6,10.17,0.0,28.82,37.22974475972733,40.8653566272128
2020-05-27,25.12,35.01,14.23,0.0,29.85,37.22974475972733,40.8653566272128
2020-05-28,26.66,37.2,17.77,0.06,22.6,37.22974475972733,40.8653566272128
2020-05-29,21.16,28.75,14.02,0.0,30.32,37.22974475972733,40.8653566272128
2020-05-30,20.87,30.53,11.18,0.0,31.97,37.22974475972733,40.8653566272128
2020-05-31,21.89,31.41,12.04,0.0,31.68,37.22974475972733,40.8653566272128
2020-06-01,24.19,32.97,15.61,0.0,26.2,37.22974475972733,40.8653566272128
2020-06-02,25.62,33.86,16.63,0.0,27.77,37.22974475972733,40.8653566272128
2020-06-03,22.69,29.91,16.3,0.08,28.88,37.22974475972733,40.8653566272128
2020-06-04,21.78,29.79,14.25,0.0,31.04,37.22974475972733,40.8653566272128
2020-06-05,23.17,32.45,14.27,0.0,30.97,37.22974475972733,40.8653566272128
2020-06-06,25.68,36.01,16.47,0.03,29.94,37.22974475972733,40.8653566272128
2020-06-07,27.71,38.36,16.85,0.0,31.68,37.22974475972733,40.8653566272128
2020-06-08,28.94,39.46,20.3,0.0,29.12,37.22974475972733,40.8653566272128
2020-06-09,30.76,40.87,20.81,0.0,27.94,37.22974475972733,40.8653566272128
2020-06-10,30.54,39.96,22.69,0.0,28.49,37.22974475972733,40.8653566272128
2020-06-11,26.95,35.33,18.32,0.0,30.07,37.22974475972733,40.8653566272128
2020-06-12,25.25,33.43,16.44,0.0,30.12,37.22974475972733,40.8653566272128
2020-06-13,23.94,31.81,15.03,0.0,30.55,37.22974475972733,40.8653566272128
2020-06-14,26.59,35.14,18.15,0.0,24.97,37.22974475972733,40.8653566272128
2020-06-15,27.63,35.43,19.42,0.0,26.95,37.22974475972733,40.8653566272128
2020-06-16,28.65,37.92,19.98,0.0,30.56,37.22974475972733,40.8653566272128
2020-06-17,30.06,40.36,18.8,0.0,28.84,37.22974475972733,40.8653566272128
2020-06-18,30.42,39.82,20.97,0.0,29.28,37.22974475972733,40.8653566272128
2020-06-19,26.22,33.0,18.66,0.0,29.36,37.22974475972733,40.8653566272128
2020-06-20,25.22,31.71,17.64,0.05,22.7,37.22974475972733,40.8653566272128
2020-06-21,26.82,34.22,18.8,0.01,26.48,37.22974475972733,40.8653566272128
2020-06-22,28.15,36.41,20.61,0.0,29.23,37.22974475972733,40.8653566272128
2020-06-23,28.68,37.57,19.21,0.0,31.39,37.22974475972733,40.8653566272128
2020-06-24,28.38,37.28,18.8,0.0,31.36,37.22974475972733,40.8653566272128
2020-06-25,30.65,41.2,20.58,0.0,31.54,37.22974475972733,40.8653566272128
2020-06-26,32.09,41.67,22.34,0.0,31.08,37.22974475972733,40.8653566272128
2020-06-27,31.02,39.45,22.17,0.0,29.83,37.22974475972733,40.8653566272128
2020-06-28,32.22,40.78,23.63,0.0,28.99,37.22974475972733,40.8653566272128
2020-06-29,32.73,41.53,23.62,0.0,29.12,37.22974475972733,40.8653566272128
2020-06-30,32.09,40.38,22.62,0.0,26.81,37.22974475972733,40.8653566272128
2020-07-01,31.72,39.71,24.49,0.11,27.69,37.22974475972733,40.8653566272128
2020-07-02,32.27,40.08,24.34,0.0,28.49,37.22974475972733,40.8653566272128
2020-07-03,32.86,41.88,23.33,0.0,28.18,37.22974475972733,40.8653566272128
2020-07-04,34.48,43.57,24.62,0.0,27.91,37.22974475972733,40.8653566272128
2020-07-05,34.66,43.36,26.83,0.0,29.66,37.22974475972733,40.8653566272128
2020-07-06,34.84,43.13,26.69,0.0,29.95,37.22974475972733,40.8653566272128
2020-07-07,34.9,43.04,26.77,0.0,25.2,37.22974475972733,40.8653566272128
2020-07-08,33.29,41.27,25.24,0.0,15.75,37.22974475972733,40.8653566272128
2020-07-09,33.76,42.42,25.24,0.04,26.14,37.22974475972733,40.8653566272128
2020-07-10,33.71,41.95,25.06,0.0,25.51,37.22974475972733,40.8653566272128
2020-07-11,33.85,42.55,23.89,0.0,27.79,37.22974475972733,40.8653566272128
2020-07-12,34.4,42.85,25.22,0.0,25.83,37.22974475972733,40.8653566272128
2020-07-13,33.66,41.31,24.96,0.06,23.71,37.22974475972733,40.8653566272128
2020-07-14,33.2,40.88,25.28,0.0,27.69,37.22974475972733,40.8653566272128
2020-07-15,33.99,42.3,24.77,0.0,29.31,37.22974475972733,40.8653566272128
2020-07-16,34.32,42.94,26.06,0.0,29.44,37.22974475972733,40.8653566272128
2020-07-17,33.63,42.03,26.31,0.0,28.95,37.22974475972733,40.8653566272128
2020-07-18,31.7,40.6,23.2,0.0,29.37,37.22974475972733,40.8653566272128
2020-07-19,32.78,42.53,22.58,0.0,29.59,37.22974475972733,40.8653566272128
2020-07-20,34.73,44.29,23.84,0.0,30.09,37.22974475972733,40.8653566272128
2020-07-21,34.52,45.38,22.16,0.0,30.58,37.22974475972733,40.8653566272128
2020-07-22,35.36,44.84,26.14,0.0,29.09,37.22974475972733,40.8653566272128
2020-07-23,34.94,42.89,27.04,0.0,28.2,37.22974475972733,40.8653566272128
2020-07-24,36.59,45.3,27.45,0.0,25.11,37.22974475972733,40.8653566272128
2020-07-25,34.19,41.92,26.94,0.0,27.97,37.22974475972733,40.8653566272128
2020-07-26,33.92,42.35,26.29,0.0,28.18,37.22974475972733,40.8653566272128
2020-07-27,35.85,44.86,26.03,0.0,22.99,37.22974475972733,40.8653566272128
2020-07-28,37.6,44.57,30.5,0.0,18.81,37.22974475972733,40.8653566272128
2020-07-29,36.74,45.2,28.11,0.0,26.29,37.22974475972733,40.8653566272128
2020-07-30,34.65,43.64,26.98,0.0,28.73,37.22974475972733,40.8653566272128
2020-07-31,34.25,43.7,24.3,0.0,29.09,37.22974475972733,40.8653566272128
2020-08-01,34.61,43.37,24.62,0.0,27.51,37.22974475972733,40.8653566272128
2020-08-02,33.36,42.03,24.38,0.0,25.34,37.22974475972733,40.8653566272128
2020-08-03,33.5,42.0,25.31,0.0,28.08,37.22974475972733,40.8653566272128
2020-08-04,33.18,41.78,24.83,0.0,26.1,37.22974475972733,40.8653566272128
2020-08-05,33.38,42.5,24.3,0.0,26.7,37.22974475972733,40.8653566272128
2020-08-06,34.15,43.01,25.68,0.0,28.1,37.22974475972733,40.8653566272128
2020-08-07,34.19,42.98,25.52,0.0,28.58,37.22974475972733,40.8653566272128
2020-08-08,32.8,41.69,24.4,0.0,27.76,37.22974475972733,40.8653566272128
2020-08-09,32.24,40.4,24.48,0.0,27.25,37.22974475972733,40.8653566272128
2020-08-10,30.81,38.15,23.09,0.0,26.75,37.22974475972733,40.8653566272128
2020-08-11,31.98,40.07,23.02,0.0,25.11,37.22974475972733,40.8653566272128
2020-08-12,33.37,41.43,26.07,0.0,26.35,37.22974475972733,40.8653566272128
2020-08-13,32.89,41.56,24.12,0.0,26.08,37.22974475972733,40.8653566272128
2020-08-14,32.39,41.02,24.1,0.0,26.79,37.22974475972733,40.8653566272128
2020-08-15,33.21,42.08,25.24,0.0,26.11,37.22974475972733,40.8653566272128
2020-08-16,32.28,40.9,24.46,0.0,26.16,37.22974475972733,40.8653566272128
2020-08-17,31.54,41.43,21.64,0.0,26.53,37.22974475972733,40.8653566272128
2020-08-18,30.87,40.27,21.38,0.0,26.35,37.22974475972733,40.8653566272128
2020-08-19,31.73,41.68,21.78,0.0,26.47,37.22974475972733,40.8653566272128
2020-08-20,31.93,41.59,21.96,0.0,25.85,37.22974475972733,40.8653566272128
2020-08-21,30.94,39.36,22.77,0.0,25.48,37.22974475972733,40.8653566272128
2020-08-22,30.72,37.76,23.97,0.09,23.83,37.22974475972733,40.8653566272128
2020-08-23,29.83,37.23,24.5,0.0,25.92,37.22974475972733,40.8653566272128
2020-08-24,29.11,37.72,22.26,0.0,26.16,37.22974475972733,40.8653566272128
2020-08-25,29.65,37.81,21.83,0.0,24.88,37.22974475972733,40.8653566272128
2020-08-26,30.92,39.7,22.92,0.0,26.12,37.22974475972733,40.8653566272128
2020-08-27,31.54,40.53,24.02,0.0,25.6,37.22974475972733,40.8653566272128
2020-08-28,31.31,41.13,21.94,0.0,25.47,37.22974475972733,40.8653566272128
2020-08-29,32.47,42.07,24.16,0.0,25.27,37.22974475972733,40.8653566272128
2020-08-30,33.18,43.56,24.21,0.0,25.31,37.22974475972733,40.8653566272128
2020-08-31,33.51,43.29,23.98,0.0,24.55,37.22974475972733,40.8653566272128
2020-09-01,33.41,43.49,24.74,0.01,22.89,37.22974475972733,40.8653566272128
2020-09-02,33.76,44.03,24.53,0.0,15.77,37.22974475972733,40.8653566272128
2020-09-03,33.68,42.61,25.83,0.0,22.95,37.22974475972733,40.8653566272128
2020-09-04,33.54,42.43,26.68,0.0,23.72,37.22974475972733,40.8653566272128
2020-09-05,32.76,42.64,24.43,0.0,23.15,37.22974475972733,40.8653566272128
2020-09-06,33.27,42.49,26.55,0.0,22.63,37.22974475972733,40.8653566272128
2020-09-07,31.75,41.07,23.18,0.0,22.59,37.22974475972733,40.8653566272128
2020-09-08,31.69,41.68,22.52,0.0,23.21,37.22974475972733,40.8653566272128
2020-09-09,31.29,40.89,23.63,0.0,22.9,37.22974475972733,40.8653566272128
2020-09-10,31.24,40.99,22.46,0.0,22.75,37.22974475972733,40.8653566272128
2020-09-11,32.54,41.7,23.63,0.0,18.52,37.22974475972733,40.8653566272128
2020-09-12,33.15,41.94,25.72,0.0,13.04,37.22974475972733,40.8653566272128
2020-09-13,33.18,42.82,26.06,0.0,20.89,37.22974475972733,40.8653566272128
2020-09-14,31.75,41.25,23.97,0.0,20.15,37.22974475972733,40.8653566272128
2020-09-15,29.96,39.57,21.68,0.0,21.71,37.22974475972733,40.8653566272128
2020-09-16,29.79,40.74,20.55,0.0,21.73,37.22974475972733,40.8653566272128
2020-09-17,30.04,40.31,21.01,0.0,21.21,37.22974475972733,40.8653566272128
2020-09-18,29.32,38.83,21.39,0.0,21.02,37.22974475972733,40.8653566272128
2020-09-19,29.59,39.28,20.79,0.0,21.05,37.22974475972733,40.8653566272128
2020-09-20,29.15,37.95,21.84,0.0,20.29,37.22974475972733,40.8653566272128
2020-09-21,28.55,37.68,21.15,0.0,19.39,37.22974475972733,40.8653566272128
2020-09-22,28.43,37.56,21.42,0.0,20.0,37.22974475972733,40.8653566272128
2020-09-23,27.93,37.1,19.91,0.0,20.3,37.22974475972733,40.8653566272128
2020-09-24,27.34,35.67,20.66,0.0,19.13,37.22974475972733,40.8653566272128
2020-09-25,27.22,35.27,20.96,0.0,18.79,37.22974475972733,40.8653566272128
2020-09-26,26.94,35.05,19.68,0.0,18.33,37.22974475972733,40.8653566272128
2020-09-27,27.44,36.5,19.67,0.0,19.61,37.22974475972733,40.8653566272128
2020-09-28,29.47,38.28,22.76,0.0,19.78,37.22974475972733,40.8653566272128
2020-09-29,27.74,36.46,20.66,0.0,19.38,37.22974475972733,40.8653566272128
2020-09-30,27.23,35.9,18.81,0.0,18.13,37.22974475972733,40.8653566272128
2020-10-01,26.46,34.38,19.86,0.0,18.15,37.22974475972733,40.8653566272128
2020-10-02,25.93,34.19,19.83,0.0,18.22,37.22974475972733,40.8653566272128
2020-10-03,24.45,34.09,16.85,0.0,17.76,37.22974475972733,40.8653566272128
2020-10-04,24.51,33.56,17.9,0.0,18.18,37.22974475972733,40.8653566272128
2020-10-05,24.55,33.88,16.98,0.0,18.75,37.22974475972733,40.8653566272128
2020-10-06,23.38,32.26,16.58,0.0,18.88,37.22974475972733,40.8653566272128
2020-10-07,22.28,30.78,14.68,0.0,18.07,37.22974475972733,40.8653566272128
2020-10-08,21.88,31.17,14.36,0.0,18.28,37.22974475972733,40.8653566272128
2020-10-09,21.89,30.11,13.99,0.0,18.1,37.22974475972733,40.8653566272128
2020-10-10,21.9,30.63,13.49,0.0,17.88,37.22974475972733,40.8653566272128
2020-10-11,23.14,33.09,15.17,0.0,17.23,37.22974475972733,40.8653566272128
2020-10-12,23.6,33.5,15.14,0.0,17.4,37.22974475972733,40.8653566272128
2020-10-13,23.71,34.28,15.29,0.0,17.26,37.22974475972733,40.8653566272128
2020-10-14,24.09,33.12,16.72,0.0,16.24,37.22974475972733,40.8653566272128
2020-10-15,24.02,34.02,16.5,0.0,16.67,37.22974475972733,40.8653566272128
2020-10-16,23.63,33.71,16.56,0.0,16.8,37.22974475972733,40.8653566272128
2020-10-17,22.55,32.53,15.68,0.0,16.39,37.22974475972733,40.8653566272128
2020-10-18,22.66,31.29,14.16,0.0,16.36,37.22974475972733,40.8653566272128
2020-10-19,22.53,31.24,14.44,0.0,16.0,37.22974475972733,40.8653566272128
2020-10-20,23.22,30.83,17.36,0.0,14.01,37.22974475972733,40.8653566272128
2020-10-21,23.86,32.37,17.72,0.0,15.23,37.22974475972733,40.8653566272128
2020-10-22,23.81,33.49,16.9,0.0,15.42,37.22974475972733,40.8653566272128
2020-10-23,23.21,33.16,17.1,0.0,14.71,37.22974475972733,40.8653566272128
2020-10-24,23.24,31.94,14.66,0.0,16.05,37.22974475972733,40.8653566272128
2020-10-25,22.46,29.82,15.41,0.0,11.03,37.22974475972733,40.8653566272128
2020-10-26,22.39,30.65,14.1,0.0,14.41,37.22974475972733,40.8653566272128
2020-10-27,22.47,30.79,14.3,0.0,14.32,37.22974475972733,40.8653566272128
2020-10-28,21.47,29.18,14.89,0.0,9.06,37.22974475972733,40.8653566272128
2020-10-29,22.15,30.85,15.95,0.0,11.23,37.22974475972733,40.8653566272128
2020-10-30,21.93,30.8,15.49,0.0,12.25,37.22974475972733,40.8653566272128
2020-10-31,21.02,29.16,15.55,0.0,9.09,37.22974475972733,40.8653566272128
2020-11-01,19.72,28.12,13.46,0.0,8.85,37.22974475972733,40.8653566272128
2020-11-02,19.48,23.81,15.89,0.15,4.65,37.22974475972733,40.8653566272128
2020-11-03,18.61,25.38,12.84,0.86,10.23,37.22974475972733,40.8653566272128
2020-11-04,19.52,25.22,14.99,5.09,8.45,37.22974475972733,40.8653566272128
2020-11-05,17.02,21.68,12.41,12.5,3.32,37.22974475972733,40.8653566272128
2020-11-06,14.1,19.94,10.56,1.46,7.37,37.22974475972733,40.8653566272128
2020-11-07,15.06,22.04,9.34,0.0,11.93,37.22974475972733,40.8653566272128
2020-11-08,15.15,23.89,9.05,0.0,13.23,37.22974475972733,40.8653566272128
2020-11-09,16.45,23.57,10.34,0.0,11.0,37.22974475972733,40.8653566272128
2020-11-10,15.5,21.71,10.3,0.76,9.83,37.22974475972733,40.8653566272128
2020-11-11,15.42,22.65,10.05,0.08,11.98,37.22974475972733,40.8653566272128
2020-11-12,13.99,21.73,7.94,0.01,11.44,37.22974475972733,40.8653566272128
2020-11-13,13.63,22.16,7.34,0.0,12.89,37.22974475972733,40.8653566272128
2020-11-14,11.56,18.06,5.48,0.0,9.44,37.22974475972733,40.8653566272128
2020-11-15,12.01,18.68,5.62,0.02,9.6,37.22974475972733,40.8653566272128
2020-11-16,10.54,13.31,6.4,5.87,5.12,37.22974475972733,40.8653566272128
2020-11-17,10.26,18.12,5.51,0.0,11.11,37.22974475972733,40.8653566272128
2020-11-18,11.45,19.47,4.3,0.0,12.05,37.22974475972733,40.8653566272128
2020-11-19,10.94,18.3,4.42,0.0,11.26,37.22974475972733,40.8653566272128
2020-11-20,11.06,17.44,5.88,0.74,4.9,37.22974475972733,40.8653566272128
2020-11-21,11.74,17.88,8.11,0.18,7.89,37.22974475972733,40.8653566272128
2020-11-22,10.63,19.85,5.23,0.0,12.12,37.22974475972733,40.8653566272128
2020-11-23,9.22,18.77,3.65,0.0,11.68,37.22974475972733,40.8653566272128
2020-11-24,9.37,17.85,2.56,0.0,11.53,37.22974475972733,40.8653566272128
2020-11-25,8.93,14.56,3.86,0.07,6.16,37.22974475972733,40.8653566272128
2020-11-26,7.57,10.7,4.61,3.91,4.21,37.22974475972733,40.8653566272128
2020-11-27,8.49,16.8,1.95,0.01,11.45,37.22974475972733,40.8653566272128
2020-11-28,10.46,16.7,7.07,0.01,5.44,37.22974475972733,40.8653566272128
2020-11-29,10.69,18.81,5.63,0.0,10.86,37.22974475972733,40.8653566272128
2020-11-30,8.87,15.76,4.32,0.08,8.6,37.22974475972733,40.8653566272128
2020-12-01,9.44,15.18,5.48,2.69,5.5,37.22974475972733,40.8653566272128
2020-12-02,9.86,17.34,3.69,0.02,9.47,37.22974475972733,40.8653566272128
2020-12-03,10.64,18.69,4.55,0.0,10.66,37.22974475972733,40.8653566272128
2020-12-04,9.65,17.01,3.04,0.0,9.91,37.22974475972733,40.8653566272128
2020-12-05,8.78,16.54,3.96,0.0,9.55,37.22974475972733,40.8653566272128
2020-12-06,7.27,15.89,2.83,0.0,10.83,37.22974475972733,40.8653566272128
2020-12-07,6.97,14.91,0.94,0.0,10.23,37.22974475972733,40.8653566272128
2020-12-08,7.2,13.44,2.58,0.55,3.7,37.22974475972733,40.8653566272128
2020-12-09,7.03,12.38,3.64,1.57,2.24,37.22974475972733,40.8653566272128
2020-12-10,7.32,16.4,2.15,0.0,10.31,37.22974475972733,40.8653566272128
2020-12-11,7.6,14.98,1.44,0.0,8.01,37.22974475972733,40.8653566272128
2020-12-12,7.93,14.68,3.05,0.01,6.53,37.22974475972733,40.8653566272128
2020-12-13,7.35,10.88,5.2,1.21,3.58,37.22974475972733,40.8653566272128
2020-12-14,8.43,12.52,6.15,1.12,4.47,37.22974475972733,40.8653566272128
2020-12-15,9.01,12.14,5.53,5.08,1.66,37.22974475972733,40.8653566272128
2020-12-16,8.41,14.16,4.86,0.56,3.47,37.22974475972733,40.8653566272128
2020-12-17,8.74,16.15,3.64,0.0,7.39,37.22974475972733,40.8653566272128
2020-12-18,6.64,15.86,2.16,0.0,9.08,37.22974475972733,40.8653566272128
2020-12-19,6.47,14.65,-0.21,0.03,9.22,37.22974475972733,40.8653566272128
2020-12-20,6.3,14.03,-0.22,0.53,8.18,37.22974475972733,40.8653566272128
2020-12-21,6.96,12.68,1.31,0.31,5.24,37.22974475972733,40.8653566272128
2020-12-22,7.74,11.07,6.16,11.28,2.18,37.22974475972733,40.8653566272128
2020-12-23,6.88,13.28,1.11,2.29,9.46,37.22974475972733,40.8653566272128
2020-12-24,1.7,9.1,-2.43,0.0,11.13,37.22974475972733,40.8653566272128
2020-12-25,2.52,11.22,-3.66,0.0,9.88,37.22974475972733,40.8653566272128
2020-12-26,2.91,12.08,-2.77,0.0,10.78,37.22974475972733,40.8653566272128
2020-12-27,4.94,14.54,-1.03,0.0,10.75,37.22974475972733,40.8653566272128
2020-12-28,5.31,14.42,-1.77,0.0,10.56,37.22974475972733,40.8653566272128
2020-12-29,7.26,15.46,2.21,0.0,7.45,37.22974475972733,40.8653566272128
2020-12-30,8.09,17.38,1.9,0.0,9.03,37.22974475972733,40.8653566272128
2020-12-31,8.35,17.47,2.15,0.0,10.77,37.22974475972733,40.8653566272128
2021-01-01,8.15,17.09,1.19,0.0,9.87,37.22974475972733,40.8653566272128
2021-01-02,7.42,14.16,2.39,0.0,7.97,37.22974475972733,40.8653566272128
2021-01-03,8.77,16.78,3.26,0.0,10.68,37.22974475972733,40.8653566272128
2021-01-04,7.11,15.85,0.9,0.0,10.95,37.22974475972733,40.8653566272128
2021-01-05,7.5,15.95,0.71,0.0,10.63,37.22974475972733,40.8653566272128
2021-01-06,7.79,17.11,1.21,0.0,10.74,37.22974475972733,40.8653566272128
2021-01-07,8.29,17.6,2.13,0.0,11.03,37.22974475972733,40.8653566272128
2021-01-08,7.42,15.51,0.87,0.0,9.28,37.22974475972733,40.8653566272128
2021-01-09,8.02,15.86,2.14,0.0,11.21,37.22974475972733,40.8653566272128
2021-01-10,6.63,15.58,-0.16,0.0,10.48,37.22974475972733,40.8653566272128
2021-01-11,7.8,17.08,1.74,0.0,10.34,37.22974475972733,40.8653566272128
2021-01-12,8.09,13.09,4.81,0.0,8.27,37.22974475972733,40.8653566272128
2021-01-13,8.56,13.08,4.85,0.03,6.26,37.22974475972733,40.8653566272128
2021-01-14,7.42,10.0,5.23,10.69,4.68,37.22974475972733,40.8653566272128
2021-01-15,7.7,13.7,4.19,5.27,9.03,37.22974475972733,40.8653566272128
2021-01-16,7.58,13.39,4.29,1.73,6.69,37.22974475972733,40.8653566272128
2021-01-17,6.97,10.4,4.38,4.25,2.92,37.22974475972733,40.8653566272128
2021-01-18,6.44,10.69,2.24,1.42,4.56,37.22974475972733,40.8653566272128
2021-01-19,3.78,6.38,0.47,18.11,2.52,37.22974475972733,40.8653566272128
2021-01-20,0.98,5.87,-3.66,0.43,3.37,37.22974475972733,40.8653566272128
2021-01-21,-0.68,7.11,-5.16,0.0,11.14,37.22974475972733,40.8653566272128
2021-01-22,-0.2,9.01,-6.05,0.0,11.43,37.22974475972733,40.8653566272128
2021-01-23,1.76,11.14,-3.78,0.0,10.68,37.22974475972733,40.8653566272128
2021-01-24,3.37,12.8,-3.01,0.0,12.38,37.22974475972733,40.8653566272128
2021-01-25,5.23,12.95,-2.8,0.0,11.59,37.22974475972733,40.8653566272128
2021-01-26,6.12,15.01,-1.77,0.0,11.36,37.22974475972733,40.8653566272128
2021-01-27,5.29,10.25,-0.28,0.16,8.33,37.22974475972733,40.8653566272128
2021-01-28,7.17,13.06,3.84,0.78,6.69,37.22974475972733,40.8653566272128
2021-01-29,5.6,9.41,1.39,0.87,5.98,37.22974475972733,40.8653566272128
2021-01-30,4.16,10.43,-0.4,0.27,9.11,37.22974475972733,40.8653566272128
2021-01-31,2.63,4.14,1.26,12.12,3.81,37.22974475972733,40.8653566272128
2021-02-01,6.47,13.82,1.86,0.01,9.57,37.22974475972733,40.8653566272128
2021-02-02,6.06,15.05,0.61,0.0,13.42,37.22974475972733,40.8653566272128
2021-02-03,8.03,16.77,0.84,0.02,10.81,37.22974475972733,40.8653566272128
2021-02-04,11.01,18.62,5.13,0.31,8.44,37.22974475972733,40.8653566272128
2021-02-05,8.49,13.33,3.93,0.32,7.29,37.22974475972733,40.8653566272128
2021-02-06,8.07,18.6,1.12,0.0,15.01,37.22974475972733,40.8653566272128
2021-02-07,9.48,20.27,3.25,0.0,14.76,37.22974475972733,40.8653566272128
2021-02-08,10.32,17.31,4.19,0.0,11.45,37.22974475972733,40.8653566272128
2021-02-09,11.15,19.66,5.21,0.0,12.76,37.22974475972733,40.8653566272128
2021-02-10,9.71,17.47,4.32,0.0,10.85,37.22974475972733,40.8653566272128
2021-02-11,11.19,20.07,3.89,0.0,14.73,37.22974475972733,40.8653566272128
2021-02-12,10.47,18.78,2.61,0.0,14.85,37.22974475972733,40.8653566272128
2021-02-13,11.28,18.91,6.19,0.0,15.08,37.22974475972733,40.8653566272128
2021-02-14,9.81,19.06,3.24,0.0,15.52,37.22974475972733,40.8653566272128
2021-02-15,11.7,20.31,6.21,0.0,14.13,37.22974475972733,40.8653566272128
2021-02-16,10.98,16.71,5.6,0.02,10.67,37.22974475972733,40.8653566272128
2021-02-17,7.66,12.04,2.73,7.06,9.2,37.22974475972733,40.8653566272128
2021-02-18,4.2,9.71,0.12,2.58,6.44,37.22974475972733,40.8653566272128
2021-02-19,4.34,10.32,-0.62,1.52,9.26,37.22974475972733,40.8653566272128
2021-02-20,3.08,10.18,-2.02,0.12,16.5,37.22974475972733,40.8653566272128
2021-02-21,2.03,10.41,-3.95,0.0,16.78,37.22974475972733,40.8653566272128
2021-02-22,3.37,12.85,-3.41,0.0,18.11,37.22974475972733,40.8653566272128
2021-02-23,6.31,16.48,-2.19,0.0,18.18,37.22974475972733,40.8653566272128
2021-02-24,8.55,18.6,1.83,0.0,18.08,37.22974475972733,40.8653566272128
2021-02-25,8.18,17.94,1.5,0.0,17.37,37.22974475972733,40.8653566272128
2021-02-26,8.09,16.96,-0.13,0.0,18.41,37.22974475972733,40.8653566272128
2021-02-27,8.96,17.49,0.12,0.0,17.96,37.22974475972733,40.8653566272128
2021-02-28,9.66,17.97,0.52,0.0,17.8,37.22974475972733,40.8653566272128
2021-03-01,9.96,17.8,3.96,0.11,10.85,37.22974475972733,40.8653566272128
2021-03-02,8.11,16.45,1.27,0.01,17.47,37.22974475972733,40.8653566272128
2021-03-03,10.32,18.87,3.44,0.01,12.82,37.22974475972733,40.8653566272128
2021-03-04,8.1,12.39,6.01,6.4,9.3,37.22974475972733,40.8653566272128
2021-03-05,9.4,18.65,2.19,0.16,19.67,37.22974475972733,40.8653566272128
2021-03-06,9.3,18.89,0.29,0.0,19.51,37.22974475972733,40.8653566272128
2021-03-07,11.42,19.13,4.43,1.06,16.63,37.22974475972733,40.8653566272128
2021-03-08,9.22,17.29,1.89,0.03,13.69,37.22974475972733,40.8653566272128
2021-03-09,8.82,17.11,0.72,0.0,17.45,37.22974475972733,40.8653566272128
2021-03-10,12.17,18.85,5.37,0.07,14.83,37.22974475972733,40.8653566272128
2021-03-11,13.08,21.55,7.44,0.02,18.02,37.22974475972733,40.8653566272128
2021-03-12,9.43,13.98,2.87,6.36,14.13,37.22974475972733,40.8653566272128
2021-03-13,8.09,17.52,-0.79,0.0,21.76,37.22974475972733,40.8653566272128
2021-03-14,10.89,18.53,1.87,0.0,15.97,37.22974475972733,40.8653566272128
2021-03-15,8.64,12.78,5.53,2.98,5.15,37.22974475972733,40.8653566272128
2021-03-16,12.48,21.23,6.56,0.05,17.82,37.22974475972733,40.8653566272128
2021-03-17,12.46,20.03,6.88,0.0,21.02,37.22974475972733,40.8653566272128
2021-03-18,9.47,15.06,5.27,0.3,16.22,37.22974475972733,40.8653566272128
2021-03-19,9.05,16.15,3.47,0.31,19.57,37.22974475972733,40.8653566272128
2021-03-20,11.93,18.73,5.75,0.0,14.65,37.22974475972733,40.8653566272128
2021-03-21,13.7,21.67,4.66,0.0,18.71,37.22974475972733,40.8653566272128
2021-03-22,13.24,22.08,5.7,0.11,8.96,37.22974475972733,40.8653566272128
2021-03-23,14.17,20.29,8.51,6.67,3.64,37.22974475972733,40.8653566272128
2021-03-24,13.14,16.08,8.96,2.37,14.93,37.22974475972733,40.8653566272128
2021-03-25,9.33,14.97,3.75,0.43,15.52,37.22974475972733,40.8653566272128
2021-03-26,7.43,12.14,2.92,3.47,8.04,37.22974475972733,40.8653566272128
2021-03-27,6.55,13.79,1.37,0.12,19.05,37.22974475972733,40.8653566272128
2021-03-28,8.1,18.43,0.53,0.0,24.85,37.22974475972733,40.8653566272128
2021-03-29,10.58,21.1,1.83,0.0,24.87,37.22974475972733,40.8653566272128
2021-03-30,12.22,20.38,3.72,0.0,20.8,37.22974475972733,40.8653566272128
2021-03-31,13.93,24.08,4.31,0.0,18.81,37.22974475972733,40.8653566272128
2021-04-01,12.51,20.53,5.97,0.0,23.06,37.22974475972733,40.8653566272128
2021-04-02,10.61,17.98,3.41,1.54,20.86,37.22974475972733,40.8653566272128
2021-04-03,11.43,20.23,4.07,0.5,22.65,37.22974475972733,40.8653566272128
2021-04-04,12.65,20.78,5.34,0.0,22.73,37.22974475972733,40.8653566272128
2021-04-05,14.22,22.07,7.11,0.0,15.46,37.22974475972733,40.8653566272128
2021-04-06,17.13,26.32,10.52,0.0,12.55,37.22974475972733,40.8653566272128
2021-04-07,17.51,26.44,10.34,0.0,19.24,37.22974475972733,40.8653566272128
2021-04-08,19.83,29.1,10.52,0.0,20.9,37.22974475972733,40.8653566272128
2021-04-09,19.45,27.96,12.25,0.0,22.38,37.22974475972733,40.8653566272128
2021-04-10,15.64,23.83,8.67,0.0,23.84,37.22974475972733,40.8653566272128
2021-04-11,10.58,16.78,5.97,0.0,21.5,37.22974475972733,40.8653566272128
2021-04-12,11.55,18.2,5.19,0.06,17.02,37.22974475972733,40.8653566272128
2021-04-13,12.17,19.56,6.76,0.47,20.26,37.22974475972733,40.8653566272128
2021-04-14,12.12,22.2,3.17,0.14,25.61,37.22974475972733,40.8653566272128
2021-04-15,15.19,25.03,6.06,0.0,25.32,37.22974475972733,40.8653566272128
2021-04-16,18.9,28.03,8.77,0.0,23.9,37.22974475972733,40.8653566272128
2021-04-17,21.08,30.6,11.1,0.0,25.49,37.22974475972733,40.8653566272128
2021-04-18,22.11,31.78,13.42,0.0,20.4,37.22974475972733,40.8653566272128
2021-04-19,22.89,32.49,15.47,0.0,18.01,37.22974475972733,40.8653566272128
2021-04-20,23.12,30.23,18.21,0.04,17.06,37.22974475972733,40.8653566272128
2021-04-21,24.88,34.36,16.42,0.0,23.28,37.22974475972733,40.8653566272128
2021-04-22,20.04,29.63,11.8,0.0,27.19,37.22974475972733,40.8653566272128
2021-04-23,20.26,31.48,11.36,0.0,28.75,37.22974475972733,40.8653566272128
2021-04-24,22.29,32.64,11.81,0.0,27.65,37.22974475972733,40.8653566272128
2021-04-25,23.62,34.49,18.48,0.0,13.32,37.22974475972733,40.8653566272128
2021-04-26,25.5,34.99,16.8,0.0,22.67,37.22974475972733,40.8653566272128
2021-04-27,20.35,29.46,11.98,0.0,25.74,37.22974475972733,40.8653566272128
2021-04-28,22.25,32.29,13.93,0.0,26.11,37.22974475972733,40.8653566272128
2021-04-29,24.25,34.29,14.12,0.1,25.77,37.22974475972733,40.8653566272128
2021-04-30,25.22,34.08,17.37,0.29,22.3,37.22974475972733,40.8653566272128
2021-05-01,22.37,30.05,15.64,0.01,24.08,37.22974475972733,40.8653566272128
2021-05-02,22.52,31.25,15.27,0.0,27.73,37.22974475972733,40.8653566272128
2021-05-03,25.26,34.39,15.25,0.0,27.86,37.22974475972733,40.8653566272128
2021-05-04,27.76,35.02,19.62,0.21,24.67,37.22974475972733,40.8653566272128
2021-05-05,25.54,33.01,17.94,0.07,24.07,37.22974475972733,40.8653566272128
2021-05-06,25.53,34.08,17.66,0.85,22.42,37.22974475972733,40.8653566272128
2021-05-07,23.41,30.31,17.94,0.14,26.95,37.22974475972733,40.8653566272128
2021-05-08,25.61,35.35,16.91,0.0,25.28,37.22974475972733,40.8653566272128
2021-05-09,24.97,32.38,18.37,0.0,17.69,37.22974475972733,40.8653566272128
2021-05-10,22.17,32.04,13.59,0.0,30.9,37.22974475972733,40.8653566272128
2021-05-11,22.24,32.72,12.57,0.0,31.32,37.22974475972733,40.8653566272128
2021-05-12,23.8,34.46,13.06,0.0,28.33,37.22974475972733,40.8653566272128
2021-05-13,26.9,37.2,16.41,0.0,27.66,37.22974475972733,40.8653566272128
2021-05-14,29.3,38.6,20.54,0.0,28.21,37.22974475972733,40.8653566272128
2021-05-15,27.77,37.93,18.22,0.0,29.96,37.22974475972733,40.8653566272128
2021-05-16,27.68,37.01,18.4,0.0,26.81,37.22974475972733,40.8653566272128
2021-05-17,25.77,33.56,18.96,0.0,29.09,37.22974475972733,40.8653566272128
2021-05-18,26.38,35.62,16.92,0.0,29.64,37.22974475972733,40.8653566272128
2021-05-19,27.12,36.03,17.65,0.0,29.57,37.22974475972733,40.8653566272128
2021-05-20,29.58,38.78,18.7,0.0,30.22,37.22974475972733,40.8653566272128
2021-05-21,31.06,41.01,20.27,0.0,27.38,37.22974475972733,40.8653566272128
2021-05-22,28.55,36.84,21.05,0.06,21.21,37.22974475972733,40.8653566272128
2021-05-23,23.23,31.65,15.29,0.0,25.71,37.22974475972733,40.8653566272128
2021-05-24,24.03,31.26,16.77,0.0,26.23,37.22974475972733,40.8653566272128
2021-05-25,26.52,35.61,17.4,0.0,27.7,37.22974475972733,40.8653566272128
2021-05-26,27.79,37.38,19.02,0.0,30.75,37.22974475972733,40.8653566272128
2021-05-27,28.09,38.29,17.6,0.0,31.18,37.22974475972733,40.8653566272128
2021-05-28,28.77,36.34,20.72,0.0,29.34,37.22974475972733,40.8653566272128
2021-05-29,27.0,34.83,18.52,0.0,29.75,37.22974475972733,40.8653566272128
2021-05-30,26.75,35.52,17.17,0.0,30.12,37.22974475972733,40.8653566272128
2021-05-31,27.88,36.71,18.28,0.0,29.26,37.22974475972733,40.8653566272128
2021-06-01,27.09,34.56,19.77,0.0,30.09,37.22974475972733,40.8653566272128
2021-06-02,25.6,32.44,18.03,0.0,30.98,37.22974475972733,40.8653566272128
2021-06-03,24.79,33.35,17.07,0.0,31.48,37.22974475972733,40.8653566272128
2021-06-04,25.31,33.95,15.99,0.0,30.73,37.22974475972733,40.8653566272128
2021-06-05,26.46,35.1,16.54,0.0,30.35,37.22974475972733,40.8653566272128
2021-06-06,25.55,33.76,16.95,0.0,31.31,37.22974475972733,40.8653566272128
2021-06-07,26.15,35.22,17.56,0.0,32.3,37.22974475972733,40.8653566272128
2021-06-08,27.48,36.49,17.52,0.0,30.89,37.22974475972733,40.8653566272128
2021-06-09,28.3,36.66,18.41,0.0,28.74,37.22974475972733,40.8653566272128
2021-06-10,26.62,34.81,17.73,0.0,30.53,37.22974475972733,40.8653566272128
2021-06-11,26.15,34.35,16.97,0.0,30.04,37.22974475972733,40.8653566272128
2021-06-12,26.99,34.87,18.07,0.0,29.68,37.22974475972733,40.8653566272128
2021-06-13,27.57,36.52,18.03,0.0,29.43,37.22974475972733,40.8653566272128
2021-06-14,29.17,37.74,20.37,0.0,30.51,37.22974475972733,40.8653566272128
2021-06-15,29.01,37.48,20.93,0.0,30.9,37.22974475972733,40.8653566272128
2021-06-16,27.46,36.09,17.28,0.0,31.54,37.22974475972733,40.8653566272128
2021-06-17,27.02,36.28,17.69,0.0,31.25,37.22974475972733,40.8653566272128
2021-06-18,30.07,40.38,19.95,0.0,31.96,37.22974475972733,40.8653566272128
2021-06-19,31.45,41.67,20.61,0.0,30.95,37.22974475972733,40.8653566272128
2021-06-20,29.14,38.74,19.55,0.0,30.55,37.22974475972733,40.8653566272128
2021-06-21,29.94,39.35,19.41,0.0,30.78,37.22974475972733,40.8653566272128
2021-06-22,30.69,39.4,21.24,0.0,30.47,37.22974475972733,40.8653566272128
2021-06-23,29.16,37.32,20.18,0.0,30.75,37.22974475972733,40.8653566272128
2021-06-24,29.59,37.85,20.72,0.0,30.15,37.22974475972733,40.8653566272128
2021-06-25,30.78,39.62,21.63,0.0,30.45,37.22974475972733,40.8653566272128
2021-06-26,31.6,40.53,21.74,0.0,29.93,37.22974475972733,40.8653566272128
2021-06-27,33.38,41.98,24.76,0.0,29.3,37.22974475972733,40.8653566272128
2021-06-28,34.14,43.04,25.27,0.0,29.34,37.22974475972733,40.8653566272128
2021-06-29,32.6,40.94,24.33,0.0,29.26,37.22974475972733,40.8653566272128
2021-06-30,34.2,43.17,25.35,0.0,29.0,37.22974475972733,40.8653566272128
2021-07-01,34.5,43.02,24.56,0.0,29.24,37.22974475972733,40.8653566272128
2021-07-02,35.33,44.24,26.14,0.0,28.83,37.22974475972733,40.8653566272128
2021-07-03,34.53,43.3,24.35,0.04,29.86,37.22974475972733,40.8653566272128
2021-07-04,31.18,37.89,23.67,0.0,30.48,37.22974475972733,40.8653566272128
2021-07-05,31.09,38.38,24.92,0.0,30.54,37.22974475972733,40.8653566272128
2021-07-06,30.65,38.38,21.82,0.0,28.39,37.22974475972733,40.8653566272128
2021-07-07,31.3,39.64,22.2,0.0,28.29,37.22974475972733,40.8653566272128
2021-07-08,33.56,42.19,23.8,0.0,28.93,37.22974475972733,40.8653566272128
2021-07-09,33.96,42.58,24.34,0.0,29.08,37.22974475972733,40.8653566272128
2021-07-10,34.8,42.72,25.89,0.0,28.13,37.22974475972733,40.8653566272128
2021-07-11,32.83,39.99,25.58,0.0,28.88,37.22974475972733,40.8653566272128
2021-07-12,33.26,41.48,24.25,0.0,28.87,37.22974475972733,40.8653566272128
2021-07-13,35.01,43.94,24.69,0.0,29.32,37.22974475972733,40.8653566272128
2021-07-14,35.36,43.21,27.35,0.0,28.68,37.22974475972733,40.8653566272128
2021-07-15,33.4,41.22,25.94,0.0,26.07,37.22974475972733,40.8653566272128
2021-07-16,33.47,41.35,25.89,0.0,25.09,37.22974475972733,40.8653566272128
2021-07-17,34.59,42.81,25.15,0.0,27.18,37.22974475972733,40.8653566272128
2021-07-18,35.95,43.71,26.62,0.0,25.95,37.22974475972733,40.8653566272128
2021-07-19,36.82,45.09,27.41,0.0,28.27,37.22974475972733,40.8653566272128
2021-07-20,37.08,46.54,25.57,0.0,29.26,37.22974475972733,40.8653566272128
2021-07-21,33.43,41.69,25.08,0.0,28.34,37.22974475972733,40.8653566272128
2021-07-22,33.98,42.83,23.76,0.0,26.47,37.22974475972733,40.8653566272128
2021-07-23,34.76,42.07,28.54,0.0,28.5,37.22974475972733,40.8653566272128
2021-07-24,32.98,40.99,25.41,0.0,28.36,37.22974475972733,40.8653566272128
2021-07-25,32.85,41.08,23.63,0.0,27.13,37.22974475972733,40.8653566272128
2021-07-26,35.02,43.09,26.71,0.0,27.68,37.22974475972733,40.8653566272128
2021-07-27,34.82,42.38,27.48,0.0,26.79,37.22974475972733,40.8653566272128
2021-07-28,35.38,43.74,27.66,0.0,28.53,37.22974475972733,40.8653566272128
2021-07-29,35.58,43.7,27.14,0.0,27.13,37.22974475972733,40.8653566272128
2021-07-30,35.16,43.16,28.09,0.0,25.87,37.22974475972733,40.8653566272128
2021-07-31,34.72,43.24,26.01,0.0,24.9,37.22974475972733,40.8653566272128
2021-08-01,35.25,42.78,28.3,0.0,24.67,37.22974475972733,40.8653566272128
2021-08-02,35.3,43.29,27.01,0.08,25.03,37.22974475972733,40.8653566272128
2021-08-03,35.52,43.61,26.93,0.0,27.11,37.22974475972733,40.8653566272128
2021-08-04,36.39,44.48,28.23,0.0,27.05,37.22974475972733,40.8653566272128
2021-08-05,36.3,45.25,27.15,0.01,24.37,37.22974475972733,40.8653566272128
2021-08-06,35.33,43.28,27.48,0.02,22.94,37.22974475972733,40.8653566272128
2021-08-07,34.02,41.95,26.63,0.38,20.58,37.22974475972733,40.8653566272128
2021-08-08,33.14,41.04,25.1,0.0,24.59,37.22974475972733,40.8653566272128
2021-08-09,30.31,37.24,23.2,0.01,25.77,37.22974475972733,40.8653566272128
2021-08-10,31.52,38.65,25.03,0.0,26.09,37.22974475972733,40.8653566272128
2021-08-11,31.37,38.92,24.63,0.0,24.76,37.22974475972733,40.8653566272128
2021-08-12,32.62,41.0,23.86,0.0,24.84,37.22974475972733,40.8653566272128
2021-08-13,32.75,40.46,25.34,0.4,23.65,37.22974475972733,40.8653566272128
2021-08-14,32.1,39.93,24.41,0.0,25.02,37.22974475972733,40.8653566272128
2021-08-15,32.28,40.78,23.58,0.0,26.87,37.22974475972733,40.8653566272128
2021-08-16,32.8,41.64,23.5,0.0,26.47,37.22974475972733,40.8653566272128
2021-08-17,32.5,41.3,24.44,0.0,26.63,37.22974475972733,40.8653566272128
2021-08-18,32.49,41.43,25.17,0.0,26.02,37.22974475972733,40.8653566272128
2021-08-19,30.84,39.18,23.71,0.0,26.19,37.22974475972733,40.8653566272128
2021-08-20,31.43,40.14,22.67,0.0,25.55,37.22974475972733,40.8653566272128
2021-08-21,32.45,41.55,23.47,0.0,24.99,37.22974475972733,40.8653566272128
2021-08-22,33.17,41.55,23.67,0.0,25.65,37.22974475972733,40.8653566272128
2021-08-23,34.42,43.4,26.3,0.0,22.81,37.22974475972733,40.8653566272128
2021-08-24,31.82,40.42,23.9,0.0,24.98,37.22974475972733,40.8653566272128
2021-08-25,31.05,39.67,23.17,0.0,24.99,37.22974475972733,40.8653566272128
2021-08-26,31.24,40.47,22.77,0.0,25.17,37.22974475972733,40.8653566272128
2021-08-27,32.97,43.2,23.32,0.0,25.49,37.22974475972733,40.8653566272128
2021-08-28,34.06,44.7,24.27,0.0,25.68,37.22974475972733,40.8653566272128
2021-08-29,34.1,43.87,25.43,0.0,25.01,37.22974475972733,40.8653566272128
2021-08-30,33.09,42.24,24.64,0.0,24.24,37.22974475972733,40.8653566272128
2021-08-31,30.3,39.06,22.12,0.0,24.71,37.22974475972733,40.8653566272128
2021-09-01,31.06,40.51,21.9,0.0,24.02,37.22974475972733,40.8653566272128
2021-09-02,30.57,37.96,24.81,0.0,24.23,37.22974475972733,40.8653566272128
2021-09-03,29.71,36.98,23.73,0.0,23.97,37.22974475972733,40.8653566272128
2021-09-04,27.67,36.63,20.05,0.0,24.6,37.22974475972733,40.8653566272128
2021-09-05,26.64,35.51,17.97,0.0,23.82,37.22974475972733,40.8653566272128
2021-09-06,28.15,37.09,19.92,0.0,23.42,37.22974475972733,40.8653566272128
2021-09-07,29.11,38.39,20.46,0.0,23.27,37.22974475972733,40.8653566272128
2021-09-08,29.54,38.84,21.08,0.0,23.69,37.22974475972733,40.8653566272128
2021-09-09,29.7,39.81,20.37,0.0,23.83,37.22974475972733,40.8653566272128
2021-09-10,29.65,38.94,20.82,0.0,22.55,37.22974475972733,40.8653566272128
2021-09-11,27.19,34.99,19.52,0.0,22.9,37.22974475972733,40.8653566272128
2021-09-12,27.99,36.77,19.51,0.0,22.1,37.22974475972733,40.8653566272128
2021-09-13,27.49,35.22,20.66,0.0,21.47,37.22974475972733,40.8653566272128
2021-09-14,25.82,34.13,18.77,0.0,22.03,37.22974475972733,40.8653566272128
2021-09-15,26.01,34.79,17.72,0.0,21.7,37.22974475972733,40.8653566272128
2021-09-16,25.51,32.92,18.81,0.0,21.79,37.22974475972733,40.8653566272128
2021-09-17,24.81,32.33,18.23,0.01,20.35,37.22974475972733,40.8653566272128
2021-09-18,25.28,34.07,17.55,0.0,21.41,37.22974475972733,40.8653566272128
2021-09-19,26.35,35.62,18.15,0.0,21.58,37.22974475972733,40.8653566272128
2021-09-20,27.78,36.41,20.4,0.0,20.6,37.22974475972733,40.8653566272128
2021-09-21,27.89,37.25,20.56,0.0,21.48,37.22974475972733,40.8653566272128
2021-09-22,28.11,36.89,20.8,0.0,20.11,37.22974475972733,40.8653566272128
2021-09-23,25.94,32.24,20.03,0.0,18.42,37.22974475972733,40.8653566272128
2021-09-24,23.74,29.88,18.39,0.14,12.61,37.22974475972733,40.8653566272128
2021-09-25,21.24,29.4,14.26,0.0,21.85,37.22974475972733,40.8653566272128
2021-09-26,22.58,32.61,15.06,0.0,22.15,37.22974475972733,40.8653566272128
2021-09-27,24.65,35.36,16.51,0.0,21.6,37.22974475972733,40.8653566272128
2021-09-28,24.37,34.58,15.79,0.0,20.56,37.22974475972733,40.8653566272128
2021-09-29,23.88,32.53,17.59,0.0,19.44,37.22974475972733,40.8653566272128
2021-09-30,24.11,32.16,18.18,0.0,18.2,37.22974475972733,40.8653566272128
2021-10-01,25.18,32.83,18.06,0.0,17.37,37.22974475972733,40.8653566272128
2021-10-02,26.26,35.03,17.61,0.0,17.71,37.22974475972733,40.8653566272128
2021-10-03,26.3,33.75,20.46,0.0,18.04,37.22974475972733,40.8653566272128
2021-10-04,21.91,30.25,16.25,0.0,19.62,37.22974475972733,40.8653566272128
2021-10-05,19.77,28.63,12.95,0.0,19.1,37.22974475972733,40.8653566272128
2021-10-06,18.97,27.92,12.43,0.0,19.43,37.22974475972733,40.8653566272128
2021-10-07,19.46,29.1,11.57,0.0,19.38,37.22974475972733,40.8653566272128
2021-10-08,20.79,30.96,12.27,0.0,19.08,37.22974475972733,40.8653566272128
2021-10-09,21.6,31.98,12.22,0.0,18.85,37.22974475972733,40.8653566272128
2021-10-10,22.16,33.29,13.11,0.0,18.45,37.22974475972733,40.8653566272128
2021-10-11,23.45,34.41,14.73,0.0,18.45,37.22974475972733,40.8653566272128
2021-10-12,21.98,31.03,14.5,0.0,14.84,37.22974475972733,40.8653566272128
2021-10-13,21.64,29.12,15.61,0.78,14.02,37.22974475972733,40.8653566272128
2021-10-14,23.08,31.27,15.47,0.0,14.86,37.22974475972733,40.8653566272128
2021-10-15,24.26,33.72,17.3,0.0,16.04,37.22974475972733,40.8653566272128
2021-10-16,23.04,31.93,16.24,0.0,16.08,37.22974475972733,40.8653566272128
2021-10-17,20.38,27.56,13.34,0.0,16.21,37.22974475972733,40.8653566272128
2021-10-18,20.31,28.16,13.06,0.0,15.09,37.22974475972733,40.8653566272128
2021-10-19,20.04,26.3,15.96,0.0,14.97,37.22974475972733,40.8653566272128
2021-10-20,18.92,27.28,12.47,0.0,13.87,37.22974475972733,40.8653566272128
2021-10-21,19.14,27.54,12.56,0.0,16.24,37.22974475972733,40.8653566272128
2021-10-22,18.28,27.31,11.46,0.0,16.26,37.22974475972733,40.8653566272128
2021-10-23,18.32,28.03,10.85,0.0,16.39,37.22974475972733,40.8653566272128
2021-10-24,17.7,28.53,9.93,0.0,16.73,37.22974475972733,40.8653566272128
2021-10-25,17.51,26.36,10.22,0.0,15.4,37.22974475972733,40.8653566272128
2021-10-26,18.84,26.47,12.82,0.0,13.11,37.22974475972733,40.8653566272128
2021-10-27,18.79,26.14,13.39,0.0,13.38,37.22974475972733,40.8653566272128
2021-10-28,19.38,25.48,13.49,0.2,9.85,37.22974475972733,40.8653566272128
2021-10-29,16.92,21.81,12.82,4.42,5.98,37.22974475972733,40.8653566272128
2021-10-30,16.06,20.24,12.57,3.46,5.27,37.22974475972733,40.8653566272128
2021-10-31,18.82,24.9,14.98,0.92,9.98,37.22974475972733,40.8653566272128
2021-11-01,18.61,25.41,14.26,1.32,10.73,37.22974475972733,40.8653566272128
2021-11-02,16.14,19.58,13.73,0.82,3.32,37.22974475972733,40.8653566272128
2021-11-03,16.65,23.29,11.35,0.0,10.74,37.22974475972733,40.8653566272128
2021-11-04,18.31,27.2,12.56,0.0,13.44,37.22974475972733,40.8653566272128
2021-11-05,18.42,27.17,12.43,0.0,13.68,37.22974475972733,40.8653566272128
2021-11-06,16.94,25.71,11.19,0.0,13.82,37.22974475972733,40.8653566272128
2021-11-07,16.4,25.27,9.58,0.0,14.07,37.22974475972733,40.8653566272128
2021-11-08,15.86,25.18,9.14,0.0,13.13,37.22974475972733,40.8653566272128
2021-11-09,15.13,25.11,9.05,0.0,12.6,37.22974475972733,40.8653566272128
2021-11-10,13.63,20.51,8.12,0.0,9.53,37.22974475972733,40.8653566272128
2021-11-11,13.07,21.85,8.27,0.0,11.39,37.22974475972733,40.8653566272128
2021-11-12,13.05,21.25,6.77,0.0,12.97,37.22974475972733,40.8653566272128
2021-11-13,11.22,20.16,4.3,0.0,12.92,37.22974475972733,40.8653566272128
2021-11-14,12.66,21.84,4.84,0.0,13.13,37.22974475972733,40.8653566272128
2021-11-15,14.1,22.2,8.81,0.0,10.19,37.22974475972733,40.8653566272128
2021-11-16,15.13,21.52,10.68,0.0,11.99,37.22974475972733,40.8653566272128
2021-11-17,13.36,21.33,6.51,0.0,11.91,37.22974475972733,40.8653566272128
2021-11-18,13.83,21.85,6.92,0.0,11.52,37.22974475972733,40.8653566272128
2021-11-19,13.55,21.51,7.86,0.0,11.17,37.22974475972733,40.8653566272128
2021-11-20,10.19,12.59,8.52,7.16,2.21,37.22974475972733,40.8653566272128
2021-11-21,12.46,18.88,8.45,0.01,9.02,37.22974475972733,40.8653566272128
2021-11-22,11.84,20.29,6.82,0.0,10.94,37.22974475972733,40.8653566272128
2021-11-23,11.58,19.83,6.45,0.0,11.09,37.22974475972733,40.8653566272128
2021-11-24,11.35,17.24,7.59,0.0,7.2,37.22974475972733,40.8653566272128
2021-11-25,11.13,17.25,6.63,0.95,7.48,37.22974475972733,40.8653566272128
2021-11-26,12.06,18.05,8.93,1.91,6.02,37.22974475972733,40.8653566272128
2021-11-27,11.12,17.8,6.73,0.0,6.13,37.22974475972733,40.8653566272128
2021-11-28,10.99,17.52,7.08,0.28,3.71,37.22974475972733,40.8653566272128
2021-11-29,12.57,20.85,6.33,0.0,8.35,37.22974475972733,40.8653566272128
2021-11-30,13.52,19.31,9.38,0.0,5.2,37.22974475972733,40.8653566272128
2021-12-01,11.94,17.52,8.45,0.37,6.07,37.22974475972733,40.8653566272128
2021-12-02,7.81,14.43,3.6,0.0,11.6,37.22974475972733,40.8653566272128
2021-12-03,7.99,16.58,0.98,0.0,10.78,37.22974475972733,40.8653566272128
2021-12-04,6.8,12.72,1.48,0.0,7.73,37.22974475972733,40.8653566272128
2021-12-05,7.42,11.66,5.11,0.04,5.95,37.22974475972733,40.8653566272128
2021-12-06,8.46,16.92,1.8,0.0,10.64,37.22974475972733,40.8653566272128
2021-12-07,8.43,16.92,1.89,0.0,8.85,37.22974475972733,40.8653566272128
2021-12-08,9.7,13.75,7.04,0.06,2.71,37.22974475972733,40.8653566272128
2021-12-09,8.45,13.61,3.93,0.26,4.46,37.22974475972733,40.8653566272128
2021-12-10,7.43,15.89,2.26,0.0,7.67,37.22974475972733,40.8653566272128
2021-12-11,7.48,16.36,1.83,0.0,8.31,37.22974475972733,40.8653566272128
2021-12-12,8.98,18.83,1.93,0.0,9.49,37.22974475972733,40.8653566272128
2021-12-13,12.03,20.03,4.53,0.0,5.83,37.22974475972733,40.8653566272128
2021-12-14,10.97,16.04,8.06,0.0,4.98,37.22974475972733,40.8653566272128
2021-12-15,10.2,16.9,5.77,0.01,6.27,37.22974475972733,40.8653566272128
2021-12-16,9.5,14.27,5.47,0.59,5.39,37.22974475972733,40.8653566272128
2021-12-17,8.84,15.91,5.04,1.2,5.41,37.22974475972733,40.8653566272128
2021-12-18,7.92,12.49,5.04,1.02,3.75,37.22974475972733,40.8653566272128
2021-12-19,6.97,11.41,4.51,0.92,5.14,37.22974475972733,40.8653566272128
2021-12-20,7.53,14.15,3.13,2.66,2.53,37.22974475972733,40.8653566272128
2021-12-21,6.12,10.04,1.88,5.84,2.72,37.22974475972733,40.8653566272128
2021-12-22,2.95,9.53,-1.87,0.0,9.6,37.22974475972733,40.8653566272128
2021-12-23,3.17,10.26,-2.44,0.41,5.04,37.22974475972733,40.8653566272128
2021-12-24,2.17,8.96,-3.06,1.41,9.94,37.22974475972733,40.8653566272128
2021-12-25,0.87,9.09,-4.27,0.0,10.89,37.22974475972733,40.8653566272128
2021-12-26,1.79,10.99,-3.41,0.0,10.9,37.22974475972733,40.8653566272128
2021-12-27,3.79,13.82,-1.77,0.0,9.84,37.22974475972733,40.8653566272128
2021-12-28,5.04,13.1,-1.46,0.0,10.13,37.22974475972733,40.8653566272128
2021-12-29,5.39,12.45,-0.65,0.0,9.94,37.22974475972733,40.8653566272128
2021-12-30,3.88,10.82,-2.32,0.0,9.17,37.22974475972733,40.8653566272128
2021-12-31,3.75,12.22,-2.2,0.0,10.18,37.22974475972733,40.8653566272128
2022-01-01,2.04,6.79,-1.08,0.52,3.53,37.22974475972733,40.8653566272128
2022-01-02,3.59,11.34,-1.86,0.55,6.23,37.22974475972733,40.8653566272128
2022-01-03,3.45,12.13,-0.81,0.0,11.32,37.22974475972733,40.8653566272128
2022-01-04,4.02,10.03,-2.16,0.0,4.62,37.22974475972733,40.8653566272128
2022-01-05,5.21,13.05,-0.64,0.0,10.5,37.22974475972733,40.8653566272128
2022-01-06,5.88,13.14,1.92,0.0,6.75,37.22974475972733,40.8653566272128
2022-01-07,5.87,12.48,0.81,0.0,5.55,37.22974475972733,40.8653566272128
2022-01-08,6.68,14.11,1.3,0.0,8.96,37.22974475972733,40.8653566272128
2022-01-09,6.42,14.22,0.34,0.79,7.79,37.22974475972733,40.8653566272128
2022-01-10,6.03,9.08,2.85,9.53,4.88,37.22974475972733,40.8653566272128
2022-01-11,7.04,10.31,4.46,0.01,6.24,37.22974475972733,40.8653566272128
2022-01-12,9.5,14.33,7.03,0.11,3.73,37.22974475972733,40.8653566272128
2022-01-13,9.29,13.2,7.35,2.22,4.02,37.22974475972733,40.8653566272128
2022-01-14,6.3,11.72,-0.1,1.48,8.77,37.22974475972733,40.8653566272128
2022-01-15,2.99,11.37,-3.69,0.0,11.33,37.22974475972733,40.8653566272128
2022-01-16,3.09,8.62,-2.2,0.01,12.49,37.22974475972733,40.8653566272128
2022-01-17,0.32,8.35,-4.22,0.0,12.77,37.22974475972733,40.8653566272128
2022-01-18,-0.39,6.64,-4.93,0.22,4.17,37.22974475972733,40.8653566272128
2022-01-19,-1.97,1.55,-3.81,14.99,2.95,37.22974475972733,40.8653566272128
2022-01-20,-4.39,1.12,-10.26,7.98,7.73,37.22974475972733,40.8653566272128
2022-01-21,-7.68,0.09,-13.23,8.71,10.61,37.22974475972733,40.8653566272128
2022-01-22,-5.85,1.0,-11.98,0.0,6.17,37.22974475972733,40.8653566272128
2022-01-23,-2.32,2.77,-8.11,1.72,5.92,37.22974475972733,40.8653566272128
2022-01-24,0.47,4.48,-2.8,5.69,7.09,37.22974475972733,40.8653566272128
2022-01-25,1.11,7.81,-6.12,0.36,9.41,37.22974475972733,40.8653566272128
2022-01-26,3.52,9.19,-0.13,0.41,6.35,37.22974475972733,40.8653566272128
2022-01-27,2.4,5.56,-0.7,3.54,3.23,37.22974475972733,40.8653566272128
2022-01-28,1.61,8.21,-1.9,0.3,11.51,37.22974475972733,40.8653566272128
2022-01-29,1.2,7.01,-2.99,0.84,2.65,37.22974475972733,40.8653566272128
2022-01-30,1.86,8.57,-3.53,0.0,7.37,37.22974475972733,40.8653566272128
2022-01-31,2.89,9.24,-1.38,0.0,8.38,37.22974475972733,40.8653566272128
2022-02-01,4.72,11.86,0.04,0.0,11.49,37.22974475972733,40.8653566272128
2022-02-02,4.58,12.07,-1.79,0.0,9.36,37.22974475972733,40.8653566272128
2022-02-03,5.98,13.05,1.55,2.73,12.63,37.22974475972733,40.8653566272128
2022-02-04,6.36,14.4,1.85,4.27,5.85,37.22974475972733,40.8653566272128
2022-02-05,3.99,12.0,-0.75,0.0,14.59,37.22974475972733,40.8653566272128
2022-02-06,3.95,12.31,-2.66,0.0,14.69,37.22974475972733,40.8653566272128
2022-02-07,6.15,13.24,0.46,0.0,14.63,37.22974475972733,40.8653566272128
2022-02-08,4.36,7.27,0.82,0.79,4.27,37.22974475972733,40.8653566272128
2022-02-09,8.28,15.15,3.49,0.0,12.26,37.22974475972733,40.8653566272128
2022-02-10,7.36,12.52,4.31,0.31,6.04,37.22974475972733,40.8653566272128
2022-02-11,7.22,14.83,2.31,2.48,13.03,37.22974475972733,40.8653566272128
2022-02-12,7.55,19.02,-0.15,0.0,15.81,37.22974475972733,40.8653566272128
2022-02-13,8.31,20.63,-0.34,0.0,16.36,37.22974475972733,40.8653566272128
2022-02-14,8.52,18.42,1.68,0.0,15.78,37.22974475972733,40.8653566272128
2022-02-15,7.87,17.33,0.97,0.0,15.82,37.22974475972733,40.8653566272128
2022-02-16,8.15,17.71,0.93,0.0,15.66,37.22974475972733,40.8653566272128
2022-02-17,7.52,15.7,0.36,0.0,15.63,37.22974475972733,40.8653566272128
2022-02-18,9.15,14.66,5.6,1.94,6.85,37.22974475972733,40.8653566272128
2022-02-19,9.96,18.05,4.48,0.0,12.86,37.22974475972733,40.8653566272128
2022-02-20,9.83,19.76,2.81,0.0,16.04,37.22974475972733,40.8653566272128
2022-02-21,9.67,18.72,1.38,0.0,12.23,37.22974475972733,40.8653566272128
2022-02-22,10.85,17.8,6.14,0.05,12.56,37.22974475972733,40.8653566272128
2022-02-23,11.58,20.33,5.97,0.88,13.75,37.22974475972733,40.8653566272128
2022-02-24,13.02,21.64,6.66,0.34,15.12,37.22974475972733,40.8653566272128
2022-02-25,11.83,17.98,6.42,3.41,10.91,37.22974475972733,40.8653566272128
2022-02-26,9.17,14.65,4.96,2.08,12.99,37.22974475972733,40.8653566272128
2022-02-27,9.62,17.85,2.7,0.0,12.5,37.22974475972733,40.8653566272128
2022-02-28,10.92,17.35,5.48,0.0,12.24,37.22974475972733,40.8653566272128
2022-03-01,10.46,16.42,6.13,1.85,3.84,37.22974475972733,40.8653566272128
2022-03-02,11.04,15.92,7.69,5.98,5.85,37.22974475972733,40.8653566272128
2022-03-03,11.45,18.93,7.05,3.84,9.0,37.22974475972733,40.8653566272128
2022-03-04,7.32,13.8,2.72,0.54,16.26,37.22974475972733,40.8653566272128
2022-03-05,7.87,14.18,1.66,0.01,14.24,37.22974475972733,40.8653566272128
2022-03-06,7.53,13.58,2.39,0.2,6.46,37.22974475972733,40.8653566272128
2022-03-07,8.51,17.24,1.86,0.01,19.36,37.22974475972733,40.8653566272128
2022-03-08,8.77,15.69,1.4,0.05,10.24,37.22974475972733,40.8653566272128
2022-03-09,9.05,12.59,5.95,4.53,4.8,37.22974475972733,40.8653566272128
2022-03-10,8.83,15.25,4.1,4.96,12.7,37.22974475972733,40.8653566272128
2022-03-11,6.14,10.11,0.9,6.46,8.51,37.22974475972733,40.8653566272128
2022-03-12,3.96,10.87,-2.18,0.99,11.27,37.22974475972733,40.8653566272128
2022-03-13,3.61,8.35,-0.47,7.16,12.51,37.22974475972733,40.8653566272128
2022-03-14,3.48,10.16,-0.95,0.76,11.16,37.22974475972733,40.8653566272128
2022-03-15,2.86,9.47,-4.03,0.12,15.54,37.22974475972733,40.8653566272128
2022-03-16,3.17,11.1,-2.68,0.0,21.96,37.22974475972733,40.8653566272128
2022-03-17,3.68,9.41,-3.42,0.04,8.19,37.22974475972733,40.8653566272128
2022-03-18,5.87,11.82,-0.18,1.75,8.58,37.22974475972733,40.8653566272128
2022-03-19,4.16,9.03,-1.9,3.62,8.19,37.22974475972733,40.8653566272128
2022-03-20,1.79,9.81,-4.39,0.15,19.85,37.22974475972733,40.8653566272128
2022-03-21,3.66,12.44,-3.71,0.04,17.61,37.22974475972733,40.8653566272128
2022-03-22,6.42,14.49,-1.86,4.66,17.47,37.22974475972733,40.8653566272128
2022-03-23,6.46,12.48,1.23,7.89,7.13,37.22974475972733,40.8653566272128
2022-03-24,5.69,13.73,-0.8,0.83,14.47,37.22974475972733,40.8653566272128
2022-03-25,5.93,10.79,2.2,3.06,8.99,37.22974475972733,40.8653566272128
2022-03-26,7.43,15.33,-0.98,0.47,21.38,37.22974475972733,40.8653566272128
2022-03-27,8.08,15.32,3.34,10.42,11.36,37.22974475972733,40.8653566272128
2022-03-28,8.93,17.97,-0.16,0.0,23.57,37.22974475972733,40.8653566272128
2022-03-29,12.48,21.45,2.17,0.0,23.33,37.22974475972733,40.8653566272128
2022-03-30,13.33,22.37,5.84,0.0,17.37,37.22974475972733,40.8653566272128
2022-03-31,14.75,24.77,6.4,0.0,22.27,37.22974475972733,40.8653566272128
2022-04-01,17.05,26.8,6.8,0.0,18.78,37.22974475972733,40.8653566272128
2022-04-02,17.88,28.85,9.36,0.0,21.37,37.22974475972733,40.8653566272128
2022-04-03,17.48,29.32,7.95,0.0,22.62,37.22974475972733,40.8653566272128
2022-04-04,18.09,28.01,9.88,0.0,22.43,37.22974475972733,40.8653566272128
2022-04-05,18.99,28.58,9.77,0.0,19.9,37.22974475972733,40.8653566272128
2022-04-06,17.15,24.27,11.0,0.03,12.0,37.22974475972733,40.8653566272128
2022-04-07,17.84,26.46,10.64,0.01,20.86,37.22974475972733,40.8653566272128
2022-04-08,15.03,19.62,10.76,0.13,8.01,37.22974475972733,40.8653566272128
2022-04-09,16.74,25.92,10.13,0.0,23.55,37.22974475972733,40.8653566272128
2022-04-10,17.29,25.58,7.85,0.0,17.22,37.22974475972733,40.8653566272128
2022-04-11,17.88,28.1,10.45,0.0,20.49,37.22974475972733,40.8653566272128
2022-04-12,14.25,21.66,8.21,0.01,20.37,37.22974475972733,40.8653566272128
2022-04-13,9.98,17.22,3.18,0.0,27.07,37.22974475972733,40.8653566272128
2022-04-14,10.13,20.4,0.76,0.0,26.86,37.22974475972733,40.8653566272128
2022-04-15,13.87,23.6,5.37,0.0,26.26,37.22974475972733,40.8653566272128
2022-04-16,15.49,25.4,6.91,0.0,26.16,37.22974475972733,40.8653566272128
2022-04-17,18.27,28.43,7.71,0.0,23.01,37.22974475972733,40.8653566272128
2022-04-18,18.96,28.08,10.08,0.0,19.06,37.22974475972733,40.8653566272128
2022-04-19,20.21,29.03,15.24,0.0,17.14,37.22974475972733,40.8653566272128
2022-04-20,18.65,27.99,11.14,0.0,25.1,37.22974475972733,40.8653566272128
2022-04-21,17.36,27.6,7.96,0.0,27.66,37.22974475972733,40.8653566272128
2022-04-22,19.08,29.37,9.4,0.0,25.61,37.22974475972733,40.8653566272128
2022-04-23,21.62,31.93,11.8,0.0,27.21,37.22974475972733,40.8653566272128
2022-04-24,22.33,32.64,12.59,0.0,25.13,37.22974475972733,40.8653566272128
2022-04-25,21.51,30.32,12.09,0.0,23.45,37.22974475972733,40.8653566272128
2022-04-26,21.11,28.94,14.66,2.74,21.66,37.22974475972733,40.8653566272128
2022-04-27,21.59,28.84,14.58,1.78,19.88,37.22974475972733,40.8653566272128
2022-04-28,22.69,31.16,14.68,0.05,21.06,37.22974475972733,40.8653566272128
2022-04-29,21.91,27.94,16.12,2.98,15.92,37.22974475972733,40.8653566272128
2022-04-30,21.71,29.73,14.27,9.32,18.7,37.22974475972733,40.8653566272128
2022-05-01,19.86,27.95,15.0,6.3,7.18,37.22974475972733,40.8653566272128
2022-05-02,19.28,27.8,12.21,0.0,21.59,37.22974475972733,40.8653566272128
2022-05-03,19.41,26.38,14.28,0.95,13.13,37.22974475972733,40.8653566272128
2022-05-04,21.05,30.14,14.06,2.59,13.47,37.22974475972733,40.8653566272128
2022-05-05,18.22,24.57,13.11,4.05,21.39,37.22974475972733,40.8653566272128
2022-05-06,16.49,22.39,12.02,6.09,18.88,37.22974475972733,40.8653566272128
2022-05-07,16.02,21.38,10.3,10.2,16.14,37.22974475972733,40.8653566272128
2022-05-08,17.42,22.96,11.95,3.53,22.91,37.22974475972733,40.8653566272128
2022-05-09,17.3,22.93,10.14,1.01,18.47,37.22974475972733,40.8653566272128
2022-05-10,17.47,25.06,9.53,7.09,25.37,37.22974475972733,40.8653566272128
2022-05-11,18.03,26.88,9.68,0.98,26.42,37.22974475972733,40.8653566272128
2022-05-12,17.96,26.65,10.54,0.84,24.93,37.22974475972733,40.8653566272128
2022-05-13,18.29,27.58,10.59,0.0,30.53,37.22974475972733,40.8653566272128
2022-05-14,19.93,28.98,10.48,0.01,23.6,37.22974475972733,40.8653566272128
2022-05-15,22.74,32.95,16.89,3.69,18.36,37.22974475972733,40.8653566272128
2022-05-16,20.47,27.85,15.08,1.2,27.14,37.22974475972733,40.8653566272128
2022-05-17,21.45,30.58,12.63,0.0,28.25,37.22974475972733,40.8653566272128
2022-05-18,21.83,30.71,13.12,0.0,27.97,37.22974475972733,40.8653566272128
2022-05-19,23.25,31.69,15.67,0.0,26.46,37.22974475972733,40.8653566272128
2022-05-20,20.83,28.99,13.48,0.0,30.54,37.22974475972733,40.8653566272128
2022-05-21,20.14,31.66,9.98,0.0,32.2,37.22974475972733,40.8653566272128
2022-05-22,21.58,30.81,13.33,0.0,18.7,37.22974475972733,40.8653566272128
2022-05-23,19.29,27.29,11.88,0.24,23.63,37.22974475972733,40.8653566272128
2022-05-24,20.48,27.8,13.59,0.0,27.23,37.22974475972733,40.8653566272128
2022-05-25,19.57,28.29,11.37,0.0,31.27,37.22974475972733,40.8653566272128
2022-05-26,21.66,31.73,13.0,0.0,31.77,37.22974475972733,40.8653566272128
2022-05-27,24.06,35.0,14.02,0.0,30.87,37.22974475972733,40.8653566272128
2022-05-28,25.94,36.25,16.61,0.0,29.74,37.22974475972733,40.8653566272128
2022-05-29,26.77,36.67,16.79,0.0,27.99,37.22974475972733,40.8653566272128
2022-05-30,28.23,38.11,19.5,0.05,29.89,37.22974475972733,40.8653566272128
2022-05-31,29.47,39.57,20.32,0.0,29.46,37.22974475972733,40.8653566272128
2022-06-01,30.52,40.37,20.74,0.0,26.41,37.22974475972733,40.8653566272128
2022-06-02,31.4,41.59,21.02,0.0,24.88,37.22974475972733,40.8653566272128
2022-06-03,31.66,42.34,22.52,0.0,26.04,37.22974475972733,40.8653566272128
2022-06-04,30.26,40.53,21.72,0.0,29.03,37.22974475972733,40.8653566272128
2022-06-05,29.38,39.54,20.24,0.0,29.63,37.22974475972733,40.8653566272128
2022-06-06,26.45,35.04,17.88,0.0,28.07,37.22974475972733,40.8653566272128
2022-06-07,26.23,34.57,17.41,0.0,28.77,37.22974475972733,40.8653566272128
2022-06-08,27.34,35.37,19.12,0.0,27.64,37.22974475972733,40.8653566272128
2022-06-09,27.98,34.97,20.58,0.0,29.73,37.22974475972733,40.8653566272128
2022-06-10,28.44,37.04,19.07,0.0,27.42,37.22974475972733,40.8653566272128
2022-06-11,29.26,38.27,20.61,0.0,27.49,37.22974475972733,40.8653566272128
2022-06-12,30.26,38.52,21.22,0.0,24.48,37.22974475972733,40.8653566272128
2022-06-13,27.1,33.37,20.24,0.04,27.19,37.22974475972733,40.8653566272128
2022-06-14,26.83,34.31,18.71,0.0,28.31,37.22974475972733,40.8653566272128
2022-06-15,27.19,34.46,19.34,0.0,26.07,37.22974475972733,40.8653566272128
2022-06-16,29.02,37.49,19.47,0.0,28.8,37.22974475972733,40.8653566272128
2022-06-17,30.85,39.99,20.67,0.0,29.91,37.22974475972733,40.8653566272128
2022-06-18,32.82,42.26,22.61,0.0,28.84,37.22974475972733,40.8653566272128
2022-06-19,34.04,43.19,24.4,0.0,28.48,37.22974475972733,40.8653566272128
2022-06-20,32.27,41.2,22.38,0.0,30.42,37.22974475972733,40.8653566272128
2022-06-21,30.37,38.77,21.71,0.0,30.51,37.22974475972733,40.8653566272128
2022-06-22,28.75,36.39,20.14,0.0,24.86,37.22974475972733,40.8653566272128
2022-06-23,29.93,37.18,23.11,0.0,30.18,37.22974475972733,40.8653566272128
2022-06-24,29.3,36.83,21.73,0.0,27.79,37.22974475972733,40.8653566272128
2022-06-25,28.97,36.6,21.83,0.77,16.09,37.22974475972733,40.8653566272128
2022-06-26,27.14,34.4,19.76,0.0,28.37,37.22974475972733,40.8653566272128
2022-06-27,27.24,35.69,19.05,0.0,30.11,37.22974475972733,40.8653566272128
2022-06-28,28.24,36.09,19.95,0.0,28.21,37.22974475972733,40.8653566272128
2022-06-29,29.95,39.02,19.47,0.0,29.7,37.22974475972733,40.8653566272128
2022-06-30,31.62,40.52,20.88,0.0,30.4,37.22974475972733,40.8653566272128
2022-07-01,31.98,40.4,23.47,0.0,30.76,37.22974475972733,40.8653566272128
2022-07-02,33.1,42.37,22.14,0.0,28.72,37.22974475972733,40.8653566272128
2022-07-03,32.94,41.98,24.47,0.0,30.68,37.22974475972733,40.8653566272128
2022-07-04,31.75,40.67,23.3,0.0,30.18,37.22974475972733,40.8653566272128
2022-07-05,31.44,40.49,22.62,0.0,30.51,37.22974475972733,40.8653566272128
2022-07-06,32.2,41.48,21.86,0.0,29.45,37.22974475972733,40.8653566272128
2022-07-07,33.38,42.03,23.21,0.0,26.32,37.22974475972733,40.8653566272128
2022-07-08,33.42,42.0,24.6,0.0,24.74,37.22974475972733,40.8653566272128
2022-07-09,33.67,42.53,23.91,0.0,28.82,37.22974475972733,40.8653566272128
2022-07-10,32.18,40.0,24.53,0.0,28.87,37.22974475972733,40.8653566272128
2022-07-11,30.58,39.84,20.84,0.0,30.36,37.22974475972733,40.8653566272128
2022-07-12,33.16,42.94,22.7,0.0,30.65,37.22974475972733,40.8653566272128
2022-07-13,34.39,43.42,25.81,0.0,29.81,37.22974475972733,40.8653566272128
2022-07-14,34.1,43.2,25.79,0.0,28.7,37.22974475972733,40.8653566272128
2022-07-15,34.03,43.2,24.51,0.0,27.71,37.22974475972733,40.8653566272128
2022-07-16,33.4,42.19,24.65,0.0,27.42,37.22974475972733,40.8653566272128
2022-07-17,34.6,43.45,23.35,0.0,29.09,37.22974475972733,40.8653566272128
2022-07-18,34.18,42.33,24.56,0.0,28.93,37.22974475972733,40.8653566272128
2022-07-19,34.96,43.58,25.32,0.0,28.0,37.22974475972733,40.8653566272128
2022-07-20,35.5,44.04,26.98,0.0,28.97,37.22974475972733,40.8653566272128
2022-07-21,33.06,41.36,24.02,0.0,29.54,37.22974475972733,40.8653566272128
2022-07-22,32.04,40.04,24.33,0.0,29.5,37.22974475972733,40.8653566272128
2022-07-23,33.06,42.08,23.81,0.0,29.89,37.22974475972733,40.8653566272128
2022-07-24,32.59,41.64,23.68,0.0,29.6,37.22974475972733,40.8653566272128
2022-07-25,32.76,41.95,24.47,0.0,28.23,37.22974475972733,40.8653566272128
2022-07-26,33.05,41.69,23.3,0.0,28.04,37.22974475972733,40.8653566272128
2022-07-27,32.86,42.8,23.45,0.0,29.07,37.22974475972733,40.8653566272128
2022-07-28,34.08,43.68,24.9,0.0,29.71,37.22974475972733,40.8653566272128
2022-07-29,35.25,45.37,25.18,0.0,29.34,37.22974475972733,40.8653566272128
2022-07-30,35.51,44.45,25.74,0.0,27.37,37.22974475972733,40.8653566272128
2022-07-31,34.88,43.05,26.1,0.0,26.64,37.22974475972733,40.8653566272128
2022-08-01,34.1,42.83,24.86,0.0,27.07,37.22974475972733,40.8653566272128
2022-08-02,35.15,43.62,26.19,0.0,26.19,37.22974475972733,40.8653566272128
2022-08-03,33.73,41.99,26.27,0.0,26.41,37.22974475972733,40.8653566272128
2022-08-04,35.29,44.92,25.73,0.0,26.34,37.22974475972733,40.8653566272128
2022-08-05,36.19,44.51,27.15,0.0,25.03,37.22974475972733,40.8653566272128
2022-08-06,36.11,44.21,27.6,0.0,25.21,37.22974475972733,40.8653566272128
2022-08-07,32.93,40.35,25.26,0.0,26.66,37.22974475972733,40.8653566272128
2022-08-08,32.8,41.3,23.74,0.0,26.7,37.22974475972733,40.8653566272128
2022-08-09,32.28,40.44,23.83,0.0,26.58,37.22974475972733,40.8653566272128
2022-08-10,31.58,38.94,23.84,0.0,25.97,37.22974475972733,40.8653566272128
2022-08-11,31.6,39.33,24.17,0.0,25.12,37.22974475972733,40.8653566272128
2022-08-12,33.37,42.42,23.93,0.0,26.2,37.22974475972733,40.8653566272128
2022-08-13,35.13,45.04,25.08,0.0,26.85,37.22974475972733,40.8653566272128
2022-08-14,32.98,41.93,24.39,0.0,25.87,37.22974475972733,40.8653566272128
2022-08-15,31.14,39.2,23.33,0.0,25.31,37.22974475972733,40.8653566272128
2022-08-16,31.53,41.24,21.71,0.0,26.83,37.22974475972733,40.8653566272128
2022-08-17,33.08,43.37,22.95,0.0,26.95,37.22974475972733,40.8653566272128
2022-08-18,32.35,41.63,23.67,0.0,26.48,37.22974475972733,40.8653566272128
2022-08-19,32.25,41.39,23.69,0.0,24.91,37.22974475972733,40.8653566272128
2022-08-20,31.54,40.04,24.47,0.0,23.82,37.22974475972733,40.8653566272128
2022-08-21,32.14,40.24,24.84,0.0,23.36,37.22974475972733,40.8653566272128
2022-08-22,31.51,39.79,24.15,0.0,22.99,37.22974475972733,40.8653566272128
2022-08-23,31.49,39.86,24.02,0.0,23.71,37.22974475972733,40.8653566272128
2022-08-24,32.48,40.92,24.26,0.0,23.79,37.22974475972733,40.8653566272128
2022-08-25,32.48,40.71,25.57,0.0,23.62,37.22974475972733,40.8653566272128
2022-08-26,31.25,40.22,23.06,0.0,23.72,37.22974475972733,40.8653566272128
2022-08-27,31.39,40.53,22.17,0.0,25.46,37.22974475972733,40.8653566272128
2022-08-28,32.53,41.88,23.71,0.0,25.68,37.22974475972733,40.8653566272128
2022-08-29,33.53,43.3,23.56,0.0,25.85,37.22974475972733,40.8653566272128
2022-08-30,34.79,43.6,25.89,0.0,25.02,37.22974475972733,40.8653566272128
2022-08-31,34.71,44.44,24.86,0.0,23.47,37.22974475972733,40.8653566272128
2022-09-01,35.61,44.79,26.87,0.0,22.5,37.22974475972733,40.8653566272128
2022-09-02,34.91,44.36,26.52,0.0,21.28,37.22974475972733,40.8653566272128
2022-09-03,35.15,44.66,26.47,0.0,22.1,37.22974475972733,40.8653566272128
2022-09-04,35.99,44.68,28.51,0.0,22.15,37.22974475972733,40.8653566272128
2022-09-05,32.76,41.35,23.66,0.0,23.02,37.22974475972733,40.8653566272128
2022-09-06,31.6,40.01,24.16,0.01,22.33,37.22974475972733,40.8653566272128
2022-09-07,29.94,38.06,22.66,0.0,22.56,37.22974475972733,40.8653566272128
2022-09-08,29.0,38.28,20.74,0.0,23.45,37.22974475972733,40.8653566272128
2022-09-09,29.5,38.33,21.45,0.0,23.24,37.22974475972733,40.8653566272128
2022-09-10,30.08,39.5,21.48,0.0,22.67,37.22974475972733,40.8653566272128
2022-09-11,29.73,38.68,21.55,0.0,21.99,37.22974475972733,40.8653566272128
2022-09-12,29.78,39.41,21.12,0.0,21.85,37.22974475972733,40.8653566272128
2022-09-13,28.77,37.08,20.54,0.0,21.63,37.22974475972733,40.8653566272128
2022-09-14,27.98,36.16,20.28,0.0,22.17,37.22974475972733,40.8653566272128
2022-09-15,27.31,36.22,20.37,0.0,22.99,37.22974475972733,40.8653566272128
2022-09-16,28.18,38.59,19.47,0.0,22.51,37.22974475972733,40.8653566272128
2022-09-17,29.73,40.02,22.1,0.0,21.95,37.22974475972733,40.8653566272128
2022-09-18,30.26,40.82,21.72,0.0,21.67,37.22974475972733,40.8653566272128
2022-09-19,29.58,38.77,21.08,0.0,21.69,37.22974475972733,40.8653566272128
2022-09-20,30.01,39.33,22.27,0.0,18.06,37.22974475972733,40.8653566272128
2022-09-21,28.07,35.22,21.44,0.0,16.66,37.22974475972733,40.8653566272128
2022-09-22,26.78,33.39,20.81,0.04,17.21,37.22974475972733,40.8653566272128
2022-09-23,24.46,31.61,18.65,0.0,19.04,37.22974475972733,40.8653566272128
2022-09-24,24.61,31.49,19.27,0.0,19.29,37.22974475972733,40.8653566272128
2022-09-25,23.61,31.89,17.54,0.0,21.74,37.22974475972733,40.8653566272128
2022-09-26,24.55,35.68,15.82,0.0,21.32,37.22974475972733,40.8653566272128
2022-09-27,25.47,36.6,17.31,0.0,20.82,37.22974475972733,40.8653566272128
2022-09-28,24.61,34.66,16.46,0.0,20.55,37.22974475972733,40.8653566272128
2022-09-29,26.55,37.45,17.08,0.0,20.24,37.22974475972733,40.8653566272128
2022-09-30,28.48,37.31,21.86,0.0,20.25,37.22974475972733,40.8653566272128
2022-10-01,28.48,38.19,20.71,0.0,19.58,37.22974475972733,40.8653566272128
2022-10-02,26.68,36.49,18.88,0.0,19.14,37.22974475972733,40.8653566272128
2022-10-03,26.49,35.09,18.81,0.0,17.85,37.22974475972733,40.8653566272128
2022-10-04,26.31,35.81,17.64,0.0,16.45,37.22974475972733,40.8653566272128
2022-10-05,26.4,36.23,20.28,0.0,16.68,37.22974475972733,40.8653566272128
2022-10-06,26.64,36.66,18.85,0.0,17.59,37.22974475972733,40.8653566272128
2022-10-07,27.92,36.53,18.6,0.0,15.92,37.22974475972733,40.8653566272128
2022-10-08,26.53,33.83,20.43,0.02,11.57,37.22974475972733,40.8653566272128
2022-10-09,22.69,29.08,18.28,0.12,16.1,37.22974475972733,40.8653566272128
2022-10-10,21.52,29.99,14.84,0.0,18.24,37.22974475972733,40.8653566272128
2022-10-11,21.72,30.71,14.57,0.0,18.28,37.22974475972733,40.8653566272128
2022-10-12,22.6,31.57,14.75,0.0,17.96,37.22974475972733,40.8653566272128
2022-10-13,22.93,30.15,16.52,0.0,13.23,37.22974475972733,40.8653566272128
2022-10-14,23.52,31.13,16.63,0.0,14.96,37.22974475972733,40.8653566272128
2022-10-15,22.73,28.8,18.51,0.08,9.86,37.22974475972733,40.8653566272128
2022-10-16,23.54,32.03,16.01,0.0,15.07,37.22974475972733,40.8653566272128
2022-10-17,24.19,31.49,17.37,0.0,9.35,37.22974475972733,40.8653566272128
2022-10-18,24.82,33.28,19.15,0.0,11.14,37.22974475972733,40.8653566272128
2022-10-19,23.53,32.38,16.65,0.0,14.59,37.22974475972733,40.8653566272128
2022-10-20,22.83,30.31,18.0,0.0,14.73,37.22974475972733,40.8653566272128
2022-10-21,20.82,27.09,16.57,6.81,10.39,37.22974475972733,40.8653566272128
2022-10-22,17.17,22.3,13.08,2.63,6.23,37.22974475972733,40.8653566272128
2022-10-23,17.93,25.95,12.68,0.0,14.71,37.22974475972733,40.8653566272128
2022-10-24,17.52,26.94,10.37,0.0,15.25,37.22974475972733,40.8653566272128
2022-10-25,17.95,27.58,10.64,0.0,16.08,37.22974475972733,40.8653566272128
2022-10-26,18.75,26.52,13.17,0.01,7.41,37.22974475972733,40.8653566272128
2022-10-27,19.2,26.91,13.59,0.2,12.32,37.22974475972733,40.8653566272128
2022-10-28,18.83,27.77,12.77,0.0,15.0,37.22974475972733,40.8653566272128
2022-10-29,18.16,27.51,10.19,0.0,15.08,37.22974475972733,40.8653566272128
2022-10-30,18.5,26.97,9.73,0.01,14.5,37.22974475972733,40.8653566272128
2022-10-31,17.64,23.9,13.76,0.36,6.81,37.22974475972733,40.8653566272128
2022-11-01,16.3,25.11,10.25,0.0,14.28,37.22974475972733,40.8653566272128
2022-11-02,14.82,24.03,8.69,0.0,15.02,37.22974475972733,40.8653566272128
2022-11-03,15.58,25.53,8.26,0.0,14.74,37.22974475972733,40.8653566272128
2022-11-04,16.02,25.43,9.86,0.0,14.15,37.22974475972733,40.8653566272128
2022-11-05,16.14,24.57,10.71,0.0,13.35,37.22974475972733,40.8653566272128
2022-11-06,15.5,24.86,8.57,0.0,13.64,37.22974475972733,40.8653566272128
2022-11-07,15.95,23.43,9.26,0.41,5.81,37.22974475972733,40.8653566272128
2022-11-08,15.27,21.21,12.38,2.16,3.28,37.22974475972733,40.8653566272128
2022-11-09,13.67,18.18,10.08,0.71,5.44,37.22974475972733,40.8653566272128
2022-11-10,11.63,13.92,9.04,35.89,7.93,37.22974475972733,40.8653566272128
2022-11-11,13.48,20.52,8.06,0.01,10.99,37.22974475972733,40.8653566272128
2022-11-12,13.52,22.07,7.81,0.0,12.51,37.22974475972733,40.8653566272128
2022-11-13,13.59,22.95,7.31,0.0,12.95,37.22974475972733,40.8653566272128
2022-11-14,12.83,21.37,5.92,0.0,12.87,37.22974475972733,40.8653566272128
2022-11-15,13.1,20.56,7.31,0.01,12.27,37.22974475972733,40.8653566272128
2022-11-16,11.14,13.84,9.7,4.81,1.57,37.22974475972733,40.8653566272128
2022-11-17,11.21,16.77,7.89,1.38,6.5,37.22974475972733,40.8653566272128
2022-11-18,10.9,15.63,6.7,0.39,4.86,37.22974475972733,40.8653566272128
2022-11-19,12.4,20.07,7.1,0.06,8.35,37.22974475972733,40.8653566272128
2022-11-20,13.95,23.22,8.56,0.03,11.42,37.22974475972733,40.8653566272128
2022-11-21,13.39,21.91,7.22,0.0,9.55,37.22974475972733,40.8653566272128
2022-11-22,12.01,16.32,8.73,0.11,5.76,37.22974475972733,40.8653566272128
2022-11-23,13.06,21.34,8.23,0.24,10.89,37.22974475972733,40.8653566272128
2022-11-24,12.59,19.92,7.91,4.02,4.3,37.22974475972733,40.8653566272128
2022-11-25,11.29,12.57,10.48,21.01,2.39,37.22974475972733,40.8653566272128
2022-11-26,9.69,12.93,6.74,12.49,3.94,37.22974475972733,40.8653566272128
2022-11-27,9.53,14.75,6.1,0.14,8.29,37.22974475972733,40.8653566272128
2022-11-28,10.25,17.03,5.97,0.0,9.69,37.22974475972733,40.8653566272128
2022-11-29,10.85,15.59,7.27,2.18,7.06,37.22974475972733,40.8653566272128
2022-11-30,11.92,15.39,9.4,3.74,4.15,37.22974475972733,40.8653566272128
2022-12-01,12.53,16.86,8.99,0.01,8.75,37.22974475972733,40.8653566272128
2022-12-02,12.37,18.52,7.74,0.02,7.51,37.22974475972733,40.8653566272128
2022-12-03,11.65,19.89,6.45,0.0,10.2,37.22974475972733,40.8653566272128
2022-12-04,10.43,18.1,5.82,0.0,9.92,37.22974475972733,40.8653566272128
2022-12-05,9.55,15.99,4.1,0.0,8.94,37.22974475972733,40.8653566272128
2022-12-06,9.56,16.25,3.25,0.0,8.17,37.22974475972733,40.8653566272128
2022-12-07,8.57,15.77,1.75,0.0,8.34,37.22974475972733,40.8653566272128
2022-12-08,8.72,15.58,3.5,0.0,7.41,37.22974475972733,40.8653566272128
2022-12-09,8.89,16.74,2.98,0.0,9.29,37.22974475972733,40.8653566272128
2022-12-10,9.46,17.57,3.4,0.0,10.06,37.22974475972733,40.8653566272128
2022-12-11,7.37,15.82,1.92,0.0,8.02,37.22974475972733,40.8653566272128
2022-12-12,7.44,11.82,4.3,0.08,4.71,37.22974475972733,40.8653566272128
2022-12-13,6.9,8.64,5.05,0.96,3.27,37.22974475972733,40.8653566272128
2022-12-14,8.6,14.17,4.34,0.0,5.54,37.22974475972733,40.8653566272128
2022-12-15,11.63,16.95,8.09,0.07,4.85,37.22974475972733,40.8653566272128
2022-12-16,11.08,18.23,5.62,0.0,8.35,37.22974475972733,40.8653566272128
2022-12-17,10.03,18.4,4.35,0.0,10.33,37.22974475972733,40.8653566272128
2022-12-18,9.77,19.27,4.17,0.0,10.08,37.22974475972733,40.8653566272128
2022-12-19,9.63,17.97,3.82,0.0,9.55,37.22974475972733,40.8653566272128
2022-12-20,7.64,15.01,3.54,0.0,8.24,37.22974475972733,40.8653566272128
2022-12-21,7.99,15.06,3.75,0.0,7.26,37.22974475972733,40.8653566272128
2022-12-22,7.92,14.25,4.27,0.0,8.59,37.22974475972733,40.8653566272128
2022-12-23,7.3,14.21,2.61,0.01,6.34,37.22974475972733,40.8653566272128
2022-12-24,7.06,16.08,1.67,0.0,9.51,37.22974475972733,40.8653566272128
2022-12-25,5.35,12.95,0.83,0.01,9.14,37.22974475972733,40.8653566272128
2022-12-26,6.16,9.03,4.43,3.71,2.92,37.22974475972733,40.8653566272128
2022-12-27,5.6,10.73,1.24,0.18,9.43,37.22974475972733,40.8653566272128
2022-12-28,5.57,14.64,0.33,0.0,10.06,37.22974475972733,40.8653566272128
2022-12-29,5.9,14.03,0.22,0.0,10.5,37.22974475972733,40.8653566272128
2022-12-30,5.32,14.34,0.46,0.0,10.92,37.22974475972733,40.8653566272128
2022-12-31,5.21,14.19,-0.66,0.0,10.94,37.22974475972733,40.8653566272128
2023-01-01,5.72,15.07,-1.58,0.0,10.92,37.22974475972733,40.8653566272128
2023-01-02,5.1,15.29,-0.84,0.0,11.29,37.22974475972733,40.8653566272128
2023-01-03,5.43,15.37,-0.42,0.01,11.16,37.22974475972733,40.8653566272128
2023-01-04,6.16,16.41,-0.38,0.0,11.1,37.22974475972733,40.8653566272128
2023-01-05,5.83,15.24,-1.95,0.0,11.03,37.22974475972733,40.8653566272128
2023-01-06,2.86,10.47,-1.73,0.0,9.2,37.22974475972733,40.8653566272128
2023-01-07,4.38,7.85,2.41,1.11,3.43,37.22974475972733,40.8653566272128
2023-01-08,3.44,11.11,-1.35,0.0,8.33,37.22974475972733,40.8653566272128
2023-01-09,3.6,10.6,-1.06,0.0,8.12,37.22974475972733,40.8653566272128
2023-01-10,3.35,12.32,-2.25,0.0,10.77,37.22974475972733,40.8653566272128
2023-01-11,3.54,11.96,-2.82,0.0,10.88,37.22974475972733,40.8653566272128
2023-01-12,2.78,11.42,-2.56,0.0,9.73,37.22974475972733,40.8653566272128
2023-01-13,3.17,10.54,-0.65,0.0,6.84,37.22974475972733,40.8653566272128
2023-01-14,4.56,10.56,0.27,0.77,4.91,37.22974475972733,40.8653566272128
2023-01-15,5.85,14.0,-0.19,0.11,10.51,37.22974475972733,40.8653566272128
2023-01-16,6.46,12.5,0.33,0.03,6.52,37.22974475972733,40.8653566272128
2023-01-17,6.13,13.49,1.01,0.02,8.24,37.22974475972733,40.8653566272128
2023-01-18,7.11,15.87,1.59,0.0,11.88,37.22974475972733,40.8653566272128
2023-01-19,8.16,17.52,2.41,0.0,12.1,37.22974475972733,40.8653566272128
2023-01-20,8.07,16.95,1.46,0.0,12.0,37.22974475972733,40.8653566272128
2023-01-21,7.06,15.15,0.4,0.0,12.04,37.22974475972733,40.8653566272128
2023-01-22,6.86,16.06,-0.17,0.0,12.08,37.22974475972733,40.8653566272128
2023-01-23,6.82,15.53,0.21,0.0,12.02,37.22974475972733,40.8653566272128
2023-01-24,6.15,13.83,-0.25,0.0,11.68,37.22974475972733,40.8653566272128
2023-01-25,5.97,13.87,-1.31,0.0,10.54,37.22974475972733,40.8653566272128
2023-01-26,5.68,13.62,-2.09,0.0,10.49,37.22974475972733,40.8653566272128
2023-01-27,4.94,13.79,-1.38,0.0,12.41,37.22974475972733,40.8653566272128
2023-01-28,5.81,11.79,2.11,1.15,2.68,37.22974475972733,40.8653566272128
2023-01-29,5.52,12.35,2.07,0.17,5.65,37.22974475972733,40.8653566272128
2023-01-30,4.99,9.45,1.12,5.1,3.87,37.22974475972733,40.8653566272128
2023-01-31,5.6,9.39,3.19,9.38,3.83,37.22974475972733,40.8653566272128
2023-02-01,5.72,9.91,3.49,8.98,5.64,37.22974475972733,40.8653566272128
2023-02-02,4.56,9.64,-1.06,4.55,4.22,37.22974475972733,40.8653566272128
2023-02-03,2.12,10.61,-4.2,0.0,13.74,37.22974475972733,40.8653566272128
2023-02-04,0.07,1.7,-2.62,7.97,2.25,37.22974475972733,40.8653566272128
2023-02-05,3.31,6.36,0.96,10.29,2.27,37.22974475972733,40.8653566272128
2023-02-06,6.02,11.27,2.61,13.78,5.81,37.22974475972733,40.8653566272128
2023-02-07,4.1,7.73,-0.88,5.69,4.37,37.22974475972733,40.8653566272128
2023-02-08,1.1,7.61,-4.06,2.27,7.36,37.22974475972733,40.8653566272128
2023-02-09,1.97,10.28,-3.14,0.0,13.99,37.22974475972733,40.8653566272128
2023-02-10,2.66,9.76,-3.21,0.0,12.38,37.22974475972733,40.8653566272128
2023-02-11,1.92,9.28,-2.69,0.0,14.73,37.22974475972733,40.8653566272128
2023-02-12,1.38,10.03,-4.41,0.0,15.52,37.22974475972733,40.8653566272128
2023-02-13,0.56,8.61,-4.8,0.0,15.9,37.22974475972733,40.8653566272128
2023-02-14,0.98,9.51,-5.46,0.0,16.52,37.22974475972733,40.8653566272128
2023-02-15,1.1,9.33,-4.21,0.0,14.43,37.22974475972733,40.8653566272128
2023-02-16,0.78,8.38,-3.91,0.0,16.7,37.22974475972733,40.8653566272128
2023-02-17,1.33,9.56,-4.07,0.0,16.96,37.22974475972733,40.8653566272128
2023-02-18,3.5,12.0,-3.37,0.0,16.09,37.22974475972733,40.8653566272128
2023-02-19,6.35,13.8,0.49,0.0,10.81,37.22974475972733,40.8653566272128
2023-02-20,5.77,15.33,-1.93,0.0,14.82,37.22974475972733,40.8653566272128
2023-02-21,7.71,16.45,0.81,0.02,16.16,37.22974475972733,40.8653566272128
2023-02-22,8.09,16.05,-1.38,0.0,11.26,37.22974475972733,40.8653566272128
2023-02-23,10.86,17.42,5.21,0.0,10.09,37.22974475972733,40.8653566272128
2023-02-24,8.88,18.51,2.82,0.0,17.93,37.22974475972733,40.8653566272128
2023-02-25,9.1,18.49,1.4,0.0,11.42,37.22974475972733,40.8653566272128
2023-02-26,11.45,20.27,4.26,0.0,16.8,37.22974475972733,40.8653566272128
2023-02-27,11.39,21.22,4.55,0.0,17.16,37.22974475972733,40.8653566272128
2023-02-28,11.8,23.52,2.52,0.0,18.46,37.22974475972733,40.8653566272128
2023-03-01,13.26,23.19,5.07,0.0,16.99,37.22974475972733,40.8653566272128
2023-03-02,13.96,22.43,7.62,0.0,14.7,37.22974475972733,40.8653566272128
2023-03-03,13.0,19.75,7.55,0.0,9.65,37.22974475972733,40.8653566272128
2023-03-04,12.97,20.82,6.33,0.0,13.46,37.22974475972733,40.8653566272128
2023-03-05,13.7,21.5,5.78,0.0,14.12,37.22974475972733,40.8653566272128
2023-03-06,12.69,19.85,7.61,0.0,12.45,37.22974475972733,40.8653566272128
2023-03-07,10.88,20.43,3.67,0.0,19.92,37.22974475972733,40.8653566272128
2023-03-08,10.81,18.16,5.54,0.0,16.19,37.22974475972733,40.8653566272128
2023-03-09,11.46,19.59,6.43,0.0,17.41,37.22974475972733,40.8653566272128
2023-03-10,11.9,20.29,5.69,0.0,16.69,37.22974475972733,40.8653566272128
2023-03-11,12.33,20.15,5.7,0.0,16.99,37.22974475972733,40.8653566272128
2023-03-12,13.27,21.55,5.98,0.0,17.04,37.22974475972733,40.8653566272128
2023-03-13,13.82,21.29,9.16,13.59,7.39,37.22974475972733,40.8653566272128
2023-03-14,13.47,18.78,8.03,10.95,4.35,37.22974475972733,40.8653566272128
2023-03-15,13.89,19.08,10.25,14.82,4.26,37.22974475972733,40.8653566272128
2023-03-16,12.71,16.78,10.04,0.28,9.02,37.22974475972733,40.8653566272128
2023-03-17,12.33,17.99,7.08,0.0,15.08,37.22974475972733,40.8653566272128
2023-03-18,13.37,19.81,7.92,3.34,13.01,37.22974475972733,40.8653566272128
2023-03-19,11.47,15.92,7.68,5.01,8.32,37.22974475972733,40.8653566272128
2023-03-20,7.98,11.35,5.24,2.65,10.06,37.22974475972733,40.8653566272128
2023-03-21,11.24,19.29,4.88,0.21,17.79,37.22974475972733,40.8653566272128
2023-03-22,13.84,22.54,6.72,0.0,20.41,37.22974475972733,40.8653566272128
2023-03-23,14.07,19.85,8.23,0.0,17.42,37.22974475972733,40.8653566272128
2023-03-24,14.42,19.78,9.28,0.12,8.07,37.22974475972733,40.8653566272128
2023-03-25,13.04,17.47,9.12,3.41,6.99,37.22974475972733,40.8653566272128
2023-03-26,13.65,19.66,11.27,3.85,8.5,37.22974475972733,40.8653566272128
2023-03-27,14.34,20.2,9.38,4.47,6.63,37.22974475972733,40.8653566272128
2023-03-28,13.25,20.67,6.93,0.0,18.3,37.22974475972733,40.8653566272128
2023-03-29,12.5,20.47,5.49,0.03,18.25,37.22974475972733,40.8653566272128
2023-03-30,9.0,15.89,3.86,0.02,15.57,37.22974475972733,40.8653566272128
2023-03-31,4.88,9.32,0.61,1.43,11.15,37.22974475972733,40.8653566272128
2023-04-01,6.69,15.59,-1.81,0.0,23.68,37.22974475972733,40.8653566272128
2023-04-02,9.96,17.04,3.19,0.0,16.71,37.22974475972733,40.8653566272128
2023-04-03,13.73,21.72,6.92,0.0,20.4,37.22974475972733,40.8653566272128
2023-04-04,15.83,24.61,6.65,0.0,22.19,37.22974475972733,40.8653566272128
2023-04-05,15.18,23.65,8.39,0.01,23.51,37.22974475972733,40.8653566272128
2023-04-06,12.77,19.93,6.95,0.0,19.75,37.22974475972733,40.8653566272128
2023-04-07,13.69,21.21,5.37,0.01,17.54,37.22974475972733,40.8653566272128
2023-04-08,13.64,22.03,5.73,0.0,22.07,37.22974475972733,40.8653566272128
2023-04-09,13.84,20.14,8.86,0.02,9.75,37.22974475972733,40.8653566272128
2023-04-10,16.17,23.61,12.17,1.49,11.28,37.22974475972733,40.8653566272128
2023-04-11,14.44,18.66,11.07,12.75,7.15,37.22974475972733,40.8653566272128
2023-04-12,14.23,20.19,9.07,10.04,13.63,37.22974475972733,40.8653566272128
2023-04-13,10.46,14.84,7.65,2.95,13.95,37.22974475972733,40.8653566272128
2023-04-14,12.49,19.14,6.18,0.03,20.49,37.22974475972733,40.8653566272128
2023-04-15,15.08,22.84,8.91,0.0,22.76,37.22974475972733,40.8653566272128
2023-04-16,16.72,26.52,9.35,0.0,26.24,37.22974475972733,40.8653566272128
2023-04-17,19.03,28.29,11.04,0.0,25.55,37.22974475972733,40.8653566272128
2023-04-18,20.3,29.16,11.12,0.02,22.39,37.22974475972733,40.8653566272128
2023-04-19,22.48,29.58,13.99,0.1,19.58,37.22974475972733,40.8653566272128
2023-04-20,19.11,27.52,14.23,4.17,19.22,37.22974475972733,40.8653566272128
2023-04-21,16.27,24.21,10.06,0.37,26.84,37.22974475972733,40.8653566272128
2023-04-22,15.85,23.69,7.89,0.0,20.66,37.22974475972733,40.8653566272128
2023-04-23,18.85,28.06,10.27,0.0,17.82,37.22974475972733,40.8653566272128
2023-04-24,17.93,25.07,11.24,0.0,25.09,37.22974475972733,40.8653566272128
2023-04-25,17.1,25.94,9.4,0.17,26.35,37.22974475972733,40.8653566272128
2023-04-26,18.64,25.75,11.64,0.0,23.23,37.22974475972733,40.8653566272128
2023-04-27,19.64,28.52,13.14,0.0,25.38,37.22974475972733,40.8653566272128
2023-04-28,20.18,27.73,13.9,0.02,19.29,37.22974475972733,40.8653566272128
2023-04-29,16.37,23.03,10.54,0.99,23.75,37.22974475972733,40.8653566272128
2023-04-30,13.38,19.25,8.86,1.31,18.76,37.22974475972733,40.8653566272128
2023-05-01,14.12,21.11,7.02,0.02,24.29,37.22974475972733,40.8653566272128
2023-05-02,15.33,24.37,7.31,0.0,28.4,37.22974475972733,40.8653566272128
2023-05-03,15.49,23.6,8.16,0.0,29.85,37.22974475972733,40.8653566272128
2023-05-04,17.83,28.5,7.54,0.0,29.86,37.22974475972733,40.8653566272128
2023-05-05,20.35,29.99,8.97,0.0,29.0,37.22974475972733,40.8653566272128
2023-05-06,22.35,31.08,13.71,0.08,19.06,37.22974475972733,40.8653566272128
2023-05-07,19.53,26.86,12.64,0.02,27.45,37.22974475972733,40.8653566272128
2023-05-08,19.44,27.4,12.63,0.05,25.79,37.22974475972733,40.8653566272128
2023-05-09,20.43,29.22,11.9,0.08,24.94,37.22974475972733,40.8653566272128
2023-05-10,21.74,30.95,12.58,0.0,25.63,37.22974475972733,40.8653566272128
2023-05-11,24.33,33.82,14.35,0.0,26.56,37.22974475972733,40.8653566272128
2023-05-12,23.4,32.25,15.95,0.34,13.37,37.22974475972733,40.8653566272128
2023-05-13,23.26,29.94,17.18,0.04,25.4,37.22974475972733,40.8653566272128
2023-05-14,21.15,29.72,13.26,0.0,29.64,37.22974475972733,40.8653566272128
2023-05-15,19.44,27.85,11.06,0.0,30.65,37.22974475972733,40.8653566272128
2023-05-16,21.38,31.46,11.95,0.0,30.14,37.22974475972733,40.8653566272128
2023-05-17,23.85,30.9,15.8,0.0,26.57,37.22974475972733,40.8653566272128
2023-05-18,23.85,33.78,15.0,0.0,24.59,37.22974475972733,40.8653566272128
2023-05-19,22.9,29.64,17.16,0.05,16.47,37.22974475972733,40.8653566272128
2023-05-20,21.59,29.99,14.53,0.36,20.79,37.22974475972733,40.8653566272128
2023-05-21,20.62,27.02,13.15,2.43,21.2,37.22974475972733,40.8653566272128
2023-05-22,23.56,31.36,14.71,0.18,18.11,37.22974475972733,40.8653566272128
2023-05-23,23.9,31.32,16.21,0.0,26.03,37.22974475972733,40.8653566272128
2023-05-24,23.94,32.11,17.34,0.02,24.59,37.22974475972733,40.8653566272128
2023-05-25,24.44,34.02,17.3,0.67,20.71,37.22974475972733,40.8653566272128
2023-05-26,24.71,32.89,16.41,0.0,21.94,37.22974475972733,40.8653566272128
2023-05-27,25.09,33.11,16.29,0.0,26.97,37.22974475972733,40.8653566272128
2023-05-28,23.93,30.42,18.68,0.0,8.04,37.22974475972733,40.8653566272128
2023-05-29,23.65,29.87,17.68,0.72,17.42,37.22974475972733,40.8653566272128
2023-05-30,23.62,31.86,16.19,0.23,22.97,37.22974475972733,40.8653566272128
2023-05-31,24.67,32.72,17.18,0.62,26.32,37.22974475972733,40.8653566272128
2023-06-01,24.46,32.34,15.26,0.0,29.37,37.22974475972733,40.8653566272128
2023-06-02,23.94,30.27,16.72,0.0,17.78,37.22974475972733,40.8653566272128
2023-06-03,26.98,35.84,18.02,0.0,24.57,37.22974475972733,40.8653566272128
2023-06-04,27.17,34.69,21.07,0.0,28.74,37.22974475972733,40.8653566272128
2023-06-05,25.7,34.05,17.19,0.0,30.22,37.22974475972733,40.8653566272128
2023-06-06,26.45,35.27,16.07,0.0,25.01,37.22974475972733,40.8653566272128
2023-06-07,28.16,37.36,19.03,0.0,28.42,37.22974475972733,40.8653566272128
2023-06-08,29.56,38.66,19.17,0.0,29.1,37.22974475972733,40.8653566272128
2023-06-09,28.86,35.49,23.23,0.0,15.11,37.22974475972733,40.8653566272128
2023-06-10,29.09,36.85,20.61,0.01,24.09,37.22974475972733,40.8653566272128
2023-06-11,29.9,37.15,23.28,0.0,23.67,37.22974475972733,40.8653566272128
2023-06-12,29.31,36.76,21.12,0.0,25.39,37.22974475972733,40.8653566272128
2023-06-13,27.87,35.49,19.83,0.01,28.97,37.22974475972733,40.8653566272128
2023-06-14,26.79,34.19,19.21,0.0,29.34,37.22974475972733,40.8653566272128
2023-06-15,27.15,34.21,19.14,0.0,26.6,37.22974475972733,40.8653566272128
2023-06-16,29.71,38.46,20.46,0.0,29.58,37.22974475972733,40.8653566272128
2023-06-17,29.75,38.34,20.72,0.0,30.16,37.22974475972733,40.8653566272128
2023-06-18,28.07,34.26,21.38,0.0,30.13,37.22974475972733,40.8653566272128
2023-06-19,27.56,34.86,20.11,0.0,29.4,37.22974475972733,40.8653566272128
2023-06-20,27.3,34.71,18.32,0.0,23.29,37.22974475972733,40.8653566272128
2023-06-21,29.55,37.28,21.16,0.0,26.29,37.22974475972733,40.8653566272128
2023-06-22,29.01,36.62,20.65,0.0,27.52,37.22974475972733,40.8653566272128
2023-06-23,30.18,37.02,22.43,0.0,25.42,37.22974475972733,40.8653566272128
2023-06-24,30.54,38.8,21.98,0.0,29.94,37.22974475972733,40.8653566272128
2023-06-25,31.46,40.53,22.71,0.0,30.63,37.22974475972733,40.8653566272128
2023-06-26,32.08,40.56,23.08,0.0,29.91,37.22974475972733,40.8653566272128
2023-06-27,31.56,40.79,20.81,0.0,27.72,37.22974475972733,40.8653566272128
2023-06-28,33.31,42.07,24.21,0.0,29.52,37.22974475972733,40.8653566272128
2023-06-29,32.5,40.73,22.75,0.0,29.9,37.22974475972733,40.8653566272128
2023-06-30,32.8,40.55,24.59,0.0,27.77,37.22974475972733,40.8653566272128
2023-07-01,31.01,39.26,23.58,0.0,30.4,37.22974475972733,40.8653566272128
2023-07-02,30.92,39.87,21.69,0.0,31.13,37.22974475972733,40.8653566272128
2023-07-03,32.52,42.44,22.13,0.0,30.81,37.22974475972733,40.8653566272128
2023-07-04,34.61,43.9,24.5,0.0,30.48,37.22974475972733,40.8653566272128
2023-07-05,35.28,44.3,26.23,0.0,29.66,37.22974475972733,40.8653566272128
2023-07-06,34.83,43.99,25.96,0.0,28.98,37.22974475972733,40.8653566272128
2023-07-07,34.67,43.38,26.13,0.0,27.43,37.22974475972733,40.8653566272128
2023-07-08,32.74,40.53,23.98,0.0,25.06,37.22974475972733,40.8653566272128
2023-07-09,32.73,39.78,24.87,0.0,25.32,37.22974475972733,40.8653566272128
2023-07-10,31.51,38.9,23.3,0.01,25.79,37.22974475972733,40.8653566272128
2023-07-11,30.61,37.91,23.25,0.01,28.97,37.22974475972733,40.8653566272128
2023-07-12,30.99,39.93,21.89,0.0,30.48,37.22974475972733,40.8653566272128
2023-07-13,33.19,43.14,23.07,0.0,30.74,37.22974475972733,40.8653566272128
2023-07-14,34.82,45.3,24.71,0.0,30.12,37.22974475972733,40.8653566272128
2023-07-15,35.29,45.15,25.43,0.0,29.6,37.22974475972733,40.8653566272128
2023-07-16,35.9,44.73,26.94,0.0,29.2,37.22974475972733,40.8653566272128
2023-07-17,34.21,43.5,25.31,0.0,29.18,37.22974475972733,40.8653566272128
2023-07-18,34.07,42.73,24.59,0.0,29.02,37.22974475972733,40.8653566272128
2023-07-19,35.06,43.31,25.85,0.0,28.45,37.22974475972733,40.8653566272128
2023-07-20,33.82,43.16,25.06,0.0,29.12,37.22974475972733,40.8653566272128
2023-07-21,34.22,43.84,25.05,0.0,29.59,37.22974475972733,40.8653566272128
2023-07-22,35.55,45.64,25.31,0.0,28.81,37.22974475972733,40.8653566272128
2023-07-23,36.41,46.47,26.14,0.0,28.47,37.22974475972733,40.8653566272128
2023-07-24,35.93,45.42,27.47,0.0,28.13,37.22974475972733,40.8653566272128
2023-07-25,34.72,43.12,27.44,0.0,26.99,37.22974475972733,40.8653566272128
2023-07-26,34.42,43.16,26.11,0.0,27.91,37.22974475972733,40.8653566272128
2023-07-27,35.17,44.51,25.85,0.0,27.81,37.22974475972733,40.8653566272128
2023-07-28,35.4,44.22,25.76,0.0,27.55,37.22974475972733,40.8653566272128
2023-07-29,35.66,44.12,28.09,0.0,28.25,37.22974475972733,40.8653566272128
2023-07-30,33.39,42.23,24.44,0.0,28.4,37.22974475972733,40.8653566272128
2023-07-31,32.15,39.91,25.07,0.0,27.5,37.22974475972733,40.8653566272128
2023-08-01,33.57,42.14,24.61,0.0,27.28,37.22974475972733,40.8653566272128
2023-08-02,33.13,41.96,24.65,0.0,26.08,37.22974475972733,40.8653566272128
2023-08-03,34.59,44.38,23.75,0.0,27.61,37.22974475972733,40.8653566272128
2023-08-04,35.54,44.23,27.58,0.0,27.8,37.22974475972733,40.8653566272128
2023-08-05,35.28,43.7,27.31,0.0,26.76,37.22974475972733,40.8653566272128
2023-08-06,34.33,43.18,25.85,0.0,26.55,37.22974475972733,40.8653566272128
2023-08-07,35.46,44.33,26.37,0.0,25.64,37.22974475972733,40.8653566272128
2023-08-08,36.06,44.81,26.84,0.0,25.99,37.22974475972733,40.8653566272128
2023-08-09,37.04,46.05,28.74,0.0,25.52,37.22974475972733,40.8653566272128
2023-08-10,36.91,46.11,27.93,0.0,25.04,37.22974475972733,40.8653566272128
2023-08-11,35.52,44.35,27.27,0.0,25.08,37.22974475972733,40.8653566272128
2023-08-12,35.63,45.2,27.15,0.0,26.01,37.22974475972733,40.8653566272128
2023-08-13,36.21,46.6,26.69,0.0,26.31,37.22974475972733,40.8653566272128
2023-08-14,36.43,46.41,26.72,0.0,25.78,37.22974475972733,40.8653566272128
2023-08-15,36.53,45.37,27.23,0.0,26.51,37.22974475972733,40.8653566272128
2023-08-16,36.35,45.36,26.14,0.0,26.32,37.22974475972733,40.8653566272128
2023-08-17,35.62,45.36,25.52,0.0,25.32,37.22974475972733,40.8653566272128
2023-08-18,36.26,45.05,27.88,0.0,21.34,37.22974475972733,40.8653566272128
2023-08-19,35.99,45.91,27.08,0.0,24.48,37.22974475972733,40.8653566272128
2023-08-20,35.77,44.95,26.39,0.0,25.86,37.22974475972733,40.8653566272128
2023-08-21,33.57,42.87,25.65,0.0,25.71,37.22974475972733,40.8653566272128
2023-08-22,33.81,43.73,24.11,0.0,25.53,37.22974475972733,40.8653566272128
2023-08-23,34.08,43.6,24.81,0.0,24.39,37.22974475972733,40.8653566272128
2023-08-24,33.79,42.82,24.87,0.0,25.23,37.22974475972733,40.8653566272128
2023-08-25,33.55,41.98,25.3,0.0,25.29,37.22974475972733,40.8653566272128
2023-08-26,34.23,43.26,25.9,0.0,24.76,37.22974475972733,40.8653566272128
2023-08-27,32.71,41.94,25.32,0.0,24.61,37.22974475972733,40.8653566272128
2023-08-28,30.74,38.16,23.59,0.0,23.31,37.22974475972733,40.8653566272128
2023-08-29,27.41,32.21,22.38,0.08,20.12,37.22974475972733,40.8653566272128
2023-08-30,29.9,38.4,21.87,0.0,21.07,37.22974475972733,40.8653566272128
2023-08-31,32.03,39.65,25.94,0.0,21.91,37.22974475972733,40.8653566272128
2023-09-01,32.4,40.7,24.62,0.0,22.0,37.22974475972733,40.8653566272128
2023-09-02,31.57,40.57,23.59,0.0,23.02,37.22974475972733,40.8653566272128
2023-09-03,30.61,39.17,21.94,0.0,22.46,37.22974475972733,40.8653566272128
2023-09-04,30.97,38.97,22.49,0.0,22.51,37.22974475972733,40.8653566272128
2023-09-05,33.19,42.32,24.55,0.0,22.16,37.22974475972733,40.8653566272128
2023-09-06,33.56,43.12,25.1,0.0,23.25,37.22974475972733,40.8653566272128
2023-09-07,30.24,40.24,20.88,0.0,24.34,37.22974475972733,40.8653566272128
2023-09-08,30.28,39.38,22.74,0.0,22.58,37.22974475972733,40.8653566272128
2023-09-09,30.27,39.09,22.43,0.0,22.58,37.22974475972733,40.8653566272128
2023-09-10,30.2,38.95,21.85,0.0,22.16,37.22974475972733,40.8653566272128
2023-09-11,28.89,37.33,20.9,0.0,22.16,37.22974475972733,40.8653566272128
2023-09-12,27.28,34.4,20.77,0.0,15.43,37.22974475972733,40.8653566272128
2023-09-13,27.98,35.93,21.48,1.21,18.2,37.22974475972733,40.8653566272128
2023-09-14,26.75,36.08,18.38,0.0,22.78,37.22974475972733,40.8653566272128
2023-09-15,26.73,36.56,18.02,0.0,22.04,37.22974475972733,40.8653566272128
2023-09-16,26.58,36.55,17.64,0.0,21.86,37.22974475972733,40.8653566272128
2023-09-17,27.69,37.73,20.12,0.0,21.64,37.22974475972733,40.8653566272128
2023-09-18,25.09,35.45,16.55,36.85,21.82,37.22974475972733,40.8653566272128
2023-09-19,25.55,34.17,17.75,0.0,20.89,37.22974475972733,40.8653566272128
2023-09-20,26.75,35.64,18.37,0.0,20.24,37.22974475972733,40.8653566272128
2023-09-21,28.33,37.39,20.46,0.0,19.1,37.22974475972733,40.8653566272128
2023-09-22,27.89,38.01,19.69,0.0,20.22,37.22974475972733,40.8653566272128
2023-09-23,27.35,37.79,19.33,0.0,20.44,37.22974475972733,40.8653566272128
2023-09-24,27.07,37.21,19.13,0.0,19.59,37.22974475972733,40.8653566272128
2023-09-25,27.6,36.93,21.06,0.0,18.92,37.22974475972733,40.8653566272128
2023-09-26,26.43,36.22,18.81,0.0,19.45,37.22974475972733,40.8653566272128
2023-09-27,27.56,35.79,19.87,0.0,18.94,37.22974475972733,40.8653566272128
2023-09-28,26.9,36.27,18.15,0.0,18.94,37.22974475972733,40.8653566272128
2023-09-29,25.47,33.99,18.73,0.0,18.53,37.22974475972733,40.8653566272128
2023-09-30,24.23,31.9,18.13,0.14,18.04,37.22974475972733,40.8653566272128
2023-10-01,22.76,27.93,18.39,0.04,16.25,37.22974475972733,40.8653566272128
2023-10-02,21.95,27.39,16.85,1.53,12.36,37.22974475972733,40.8653566272128
2023-10-03,21.55,27.09,16.55,0.37,12.16,37.22974475972733,40.8653566272128
2023-10-04,20.62,27.73,16.12,0.41,14.88,37.22974475972733,40.8653566272128
2023-10-05,20.7,29.02,14.29,0.0,19.18,37.22974475972733,40.8653566272128
2023-10-06,20.9,30.29,13.32,0.0,18.39,37.22974475972733,40.8653566272128
2023-10-07,21.62,31.57,13.93,0.0,18.98,37.22974475972733,40.8653566272128
2023-10-08,22.32,32.31,15.28,0.0,18.31,37.22974475972733,40.8653566272128
2023-10-09,23.43,31.16,18.04,0.0,13.27,37.22974475972733,40.8653566272128
2023-10-10,21.95,28.45,16.74,0.04,15.02,37.22974475972733,40.8653566272128
2023-10-11,22.23,28.44,17.51,0.07,14.36,37.22974475972733,40.8653566272128
2023-10-12,23.13,31.96,15.73,0.0,16.4,37.22974475972733,40.8653566272128
2023-10-13,22.57,31.73,15.51,0.0,16.76,37.22974475972733,40.8653566272128
2023-10-14,22.87,31.31,14.12,0.0,17.39,37.22974475972733,40.8653566272128
2023-10-15,22.95,30.76,16.4,0.04,8.62,37.22974475972733,40.8653566272128
2023-10-16,19.98,26.22,13.75,0.44,13.24,37.22974475972733,40.8653566272128
2023-10-17,20.57,28.45,13.92,0.01,14.51,37.22974475972733,40.8653566272128
2023-10-18,21.32,27.91,15.81,0.1,9.11,37.22974475972733,40.8653566272128
2023-10-19,20.22,25.37,16.63,4.01,7.7,37.22974475972733,40.8653566272128
2023-10-20,19.76,27.05,14.28,0.0,14.77,37.22974475972733,40.8653566272128
2023-10-21,20.89,28.16,14.29,0.0,15.56,37.22974475972733,40.8653566272128
2023-10-22,21.2,29.3,13.52,0.0,16.2,37.22974475972733,40.8653566272128
2023-10-23,21.96,29.89,13.72,0.0,14.2,37.22974475972733,40.8653566272128
2023-10-24,19.9,26.0,15.5,0.36,6.86,37.22974475972733,40.8653566272128
2023-10-25,21.12,29.44,13.15,0.0,14.47,37.22974475972733,40.8653566272128
2023-10-26,21.82,29.02,17.13,0.0,12.48,37.22974475972733,40.8653566272128
2023-10-27,20.51,27.56,14.23,0.0,11.09,37.22974475972733,40.8653566272128
2023-10-28,22.07,30.39,14.92,0.0,13.57,37.22974475972733,40.8653566272128
2023-10-29,22.36,31.79,14.63,0.0,14.28,37.22974475972733,40.8653566272128
2023-10-30,22.43,31.82,15.49,0.0,14.03,37.22974475972733,40.8653566272128
2023-10-31,22.05,29.52,17.83,0.0,12.58,37.22974475972733,40.8653566272128
2023-11-01,21.54,28.65,17.44,0.0,8.44,37.22974475972733,40.8653566272128
2023-11-02,21.59,27.88,17.33,0.7,11.17,37.22974475972733,40.8653566272128
2023-11-03,19.11,23.92,15.61,3.15,6.55,37.22974475972733,40.8653566272128
2023-11-04,18.03,25.46,12.51,0.02,11.41,37.22974475972733,40.8653566272128
2023-11-05,18.13,26.24,12.16,0.0,12.36,37.22974475972733,40.8653566272128
2023-11-06,18.27,25.84,11.6,0.0,12.6,37.22974475972733,40.8653566272128
2023-11-07,18.97,28.09,13.25,0.0,13.14,37.22974475972733,40.8653566272128
2023-11-08,18.79,27.95,11.97,0.0,13.85,37.22974475972733,40.8653566272128
2023-11-09,17.64,25.39,10.52,0.0,11.22,37.22974475972733,40.8653566272128
2023-11-10,17.58,25.97,12.02,0.0,11.41,37.22974475972733,40.8653566272128
2023-11-11,16.53,25.16,11.92,0.0,11.43,37.22974475972733,40.8653566272128
2023-11-12,17.62,24.66,13.21,0.0,9.63,37.22974475972733,40.8653566272128
2023-11-13,18.03,26.43,12.78,0.01,10.73,37.22974475972733,40.8653566272128
2023-11-14,17.44,21.94,13.78,2.43,2.36,37.22974475972733,40.8653566272128
2023-11-15,15.37,21.1,11.59,0.95,8.44,37.22974475972733,40.8653566272128
2023-11-16,14.35,20.03,9.59,1.15,6.42,37.22974475972733,40.8653566272128
2023-11-17,14.97,21.33,11.77,19.15,11.97,37.22974475972733,40.8653566272128
2023-11-18,13.28,19.28,6.17,2.76,5.41,37.22974475972733,40.8653566272128
2023-11-19,13.27,17.88,9.07,13.43,2.02,37.22974475972733,40.8653566272128
2023-11-20,9.15,12.45,5.88,35.89,2.52,37.22974475972733,40.8653566272128
2023-11-21,7.61,14.74,3.34,0.08,12.26,37.22974475972733,40.8653566272128
2023-11-22,7.95,14.46,1.83,0.0,11.83,37.22974475972733,40.8653566272128
2023-11-23,8.85,16.5,4.08,0.0,10.5,37.22974475972733,40.8653566272128
2023-11-24,9.83,17.98,3.75,0.0,11.42,37.22974475972733,40.8653566272128
2023-11-25,8.7,13.89,3.28,0.16,6.52,37.22974475972733,40.8653566272128
2023-11-26,11.76,17.0,8.92,2.24,4.54,37.22974475972733,40.8653566272128
2023-11-27,10.61,16.26,4.06,9.55,6.98,37.22974475972733,40.8653566272128
2023-11-28,5.66,13.15,0.72,0.0,12.17,37.22974475972733,40.8653566272128
2023-11-29,6.11,13.99,-0.03,0.0,9.93,37.22974475972733,40.8653566272128
2023-11-30,7.39,14.45,2.86,0.0,6.83,37.22974475972733,40.8653566272128
2023-12-01,10.0,19.72,4.34,0.0,11.37,37.22974475972733,40.8653566272128
2023-12-02,11.08,20.28,5.05,0.0,10.17,37.22974475972733,40.8653566272128
2023-12-03,10.62,18.95,3.75,0.0,10.6,37.22974475972733,40.8653566272128
2023-12-04,10.63,19.3,4.46,0.0,9.88,37.22974475972733,40.8653566272128
2023-12-05,11.37,19.38,6.67,0.01,6.97,37.22974475972733,40.8653566272128
2023-12-06,9.39,11.63,8.02,11.15,1.32,37.22974475972733,40.8653566272128
2023-12-07,10.99,15.65,7.62,0.34,5.28,37.22974475972733,40.8653566272128
2023-12-08,11.88,15.62,8.38,0.62,3.82,37.22974475972733,40.8653566272128
2023-12-09,10.83,13.04,8.83,17.76,1.37,37.22974475972733,40.8653566272128
2023-12-10,10.67,15.41,8.03,0.01,4.86,37.22974475972733,40.8653566272128
2023-12-11,11.43,17.28,6.81,12.44,6.76,37.22974475972733,40.8653566272128
2023-12-12,11.91,17.06,7.97,0.77,5.37,37.22974475972733,40.8653566272128
2023-12-13,10.0,15.61,6.44,0.1,5.95,37.22974475972733,40.8653566272128
2023-12-14,8.4,16.48,3.78,0.0,10.54,37.22974475972733,40.8653566272128
2023-12-15,8.59,16.77,2.54,0.0,9.99,37.22974475972733,40.8653566272128
2023-12-16,8.0,13.92,4.55,0.0,7.73,37.22974475972733,40.8653566272128
2023-12-17,8.36,15.86,2.01,0.05,6.98,37.22974475972733,40.8653566272128
2023-12-18,5.75,13.69,0.04,0.0,10.4,37.22974475972733,40.8653566272128
2023-12-19,6.68,14.2,0.31,0.0,9.99,37.22974475972733,40.8653566272128
2023-12-20,7.82,15.36,1.08,0.0,9.46,37.22974475972733,40.8653566272128
2023-12-21,5.72,11.25,0.96,0.0,5.94,37.22974475972733,40.8653566272128
2023-12-22,6.33,9.29,4.09,9.32,1.78,37.22974475972733,40.8653566272128
2023-12-23,7.83,11.37,6.31,12.71,3.42,37.22974475972733,40.8653566272128
2023-12-24,6.41,8.65,4.5,0.06,4.1,37.22974475972733,40.8653566272128
2023-12-25,7.86,16.21,2.59,0.0,10.26,37.22974475972733,40.8653566272128
2023-12-26,8.9,15.12,4.95,0.0,5.96,37.22974475972733,40.8653566272128
2023-12-27,8.97,15.98,3.25,0.0,9.06,37.22974475972733,40.8653566272128
2023-12-28,7.84,15.89,2.62,0.0,8.55,37.22974475972733,40.8653566272128
2023-12-29,6.34,15.29,0.13,0.0,10.57,37.22974475972733,40.8653566272128
2023-12-30,7.94,16.98,2.12,0.0,9.89,37.22974475972733,40.8653566272128
2023-12-31,7.58,13.97,2.6,0.0,7.81,37.22974475972733,40.8653566272128
2024-01-01,8.07,15.94,1.51,0.0,8.09,37.22974475972733,40.8653566272128
2024-01-02,6.16,10.44,3.71,0.0,5.54,37.22974475972733,40.8653566272128
2024-01-03,6.51,11.6,2.74,0.54,4.54,37.22974475972733,40.8653566272128
2024-01-04,7.16,9.31,5.35,8.68,1.72,37.22974475972733,40.8653566272128
2024-01-05,9.04,13.23,6.49,22.87,2.86,37.22974475972733,40.8653566272128
2024-01-06,6.86,15.2,1.81,0.0,11.56,37.22974475972733,40.8653566272128
2024-01-07,6.02,14.48,-0.04,0.0,11.06,37.22974475972733,40.8653566272128
2024-01-08,6.76,13.83,3.08,0.0,7.55,37.22974475972733,40.8653566272128
2024-01-09,7.54,13.73,3.94,0.0,5.34,37.22974475972733,40.8653566272128
2024-01-10,7.71,13.09,3.33,0.3,3.58,37.22974475972733,40.8653566272128
2024-01-11,7.16,8.99,6.15,7.09,2.53,37.22974475972733,40.8653566272128
2024-01-12,7.14,10.49,4.43,5.79,2.88,37.22974475972733,40.8653566272128
2024-01-13,7.27,10.65,4.85,6.64,6.66,37.22974475972733,40.8653566272128
2024-01-14,5.14,13.16,-0.34,0.16,9.23,37.22974475972733,40.8653566272128
2024-01-15,5.15,12.09,-2.06,0.02,7.46,37.22974475972733,40.8653566272128
2024-01-16,6.44,11.08,2.47,1.45,4.59,37.22974475972733,40.8653566272128
2024-01-17,7.73,12.17,3.79,1.17,4.61,37.22974475972733,40.8653566272128
2024-01-18,8.22,16.23,3.99,0.01,10.98,37.22974475972733,40.8653566272128
2024-01-19,9.15,15.14,3.91,0.0,8.51,37.22974475972733,40.8653566272128
2024-01-20,10.93,15.92,7.34,0.21,6.74,37.22974475972733,40.8653566272128
2024-01-21,9.93,15.86,6.2,0.31,7.06,37.22974475972733,40.8653566272128
2024-01-22,9.88,16.3,6.04,0.76,7.75,37.22974475972733,40.8653566272128
2024-01-23,10.03,16.22,6.21,9.82,5.34,37.22974475972733,40.8653566272128
2024-01-24,5.98,12.7,1.61,1.94,12.1,37.22974475972733,40.8653566272128
2024-01-25,4.84,12.03,-1.93,0.04,11.9,37.22974475972733,40.8653566272128
2024-01-26,5.24,7.96,2.34,10.83,1.57,37.22974475972733,40.8653566272128
2024-01-27,4.91,9.15,0.64,1.8,5.01,37.22974475972733,40.8653566272128
2024-01-28,4.23,10.49,-1.08,0.2,10.81,37.22974475972733,40.8653566272128
2024-01-29,3.01,8.11,0.62,3.67,4.17,37.22974475972733,40.8653566272128
2024-01-30,3.87,10.5,-1.78,0.16,8.75,37.22974475972733,40.8653566272128
2024-01-31,3.31,6.9,0.55,0.13,7.51,37.22974475972733,40.8653566272128
2024-02-01,4.07,10.96,-0.42,0.0,12.85,37.22974475972733,40.8653566272128
2024-02-02,2.87,11.54,-2.79,0.0,13.23,37.22974475972733,40.8653566272128
2024-02-03,4.11,11.91,-2.53,0.01,11.19,37.22974475972733,40.8653566272128
2024-02-04,3.95,6.84,1.84,2.06,4.42,37.22974475972733,40.8653566272128
2024-02-05,3.95,6.24,2.21,2.42,4.11,37.22974475972733,40.8653566272128
2024-02-06,5.04,11.69,0.02,0.0,9.14,37.22974475972733,40.8653566272128
2024-02-07,7.62,14.34,3.86,0.14,5.36,37.22974475972733,40.8653566272128
2024-02-08,8.9,15.16,5.3,0.75,7.17,37.22974475972733,40.8653566272128
2024-02-09,9.08,16.04,5.29,0.03,8.91,37.22974475972733,40.8653566272128
2024-02-10,8.35,14.08,5.21,1.66,11.47,37.22974475972733,40.8653566272128
2024-02-11,10.62,18.5,3.44,0.0,14.27,37.22974475972733,40.8653566272128
2024-02-12,10.98,17.29,4.48,0.0,13.75,37.22974475972733,40.8653566272128
2024-02-13,10.05,15.62,5.59,0.01,6.68,37.22974475972733,40.8653566272128
2024-02-14,11.04,13.84,9.52,12.85,2.26,37.22974475972733,40.8653566272128
2024-02-15,11.07,15.95,7.82,15.32,8.63,37.22974475972733,40.8653566272128
2024-02-16,9.56,15.29,5.05,2.13,8.91,37.22974475972733,40.8653566272128
2024-02-17,9.26,14.02,6.3,5.11,8.61,37.22974475972733,40.8653566272128
2024-02-18,9.51,14.72,4.86,0.28,11.66,37.22974475972733,40.8653566272128
2024-02-19,8.63,13.53,3.83,1.2,11.63,37.22974475972733,40.8653566272128
2024-02-20,9.45,14.62,3.08,0.71,12.74,37.22974475972733,40.8653566272128
2024-02-21,9.9,14.21,5.27,0.92,11.23,37.22974475972733,40.8653566272128
2024-02-22,9.24,15.29,3.81,0.9,6.92,37.22974475972733,40.8653566272128
2024-02-23,9.69,17.26,3.04,1.28,5.32,37.22974475972733,40.8653566272128
2024-02-24,10.13,17.21,5.76,0.0,15.12,37.22974475972733,40.8653566272128
2024-02-25,8.05,16.81,1.46,0.0,18.35,37.22974475972733,40.8653566272128
2024-02-26,5.77,13.18,-0.94,0.0,18.53,37.22974475972733,40.8653566272128
2024-02-27,5.35,13.7,-1.29,0.0,19.11,37.22974475972733,40.8653566272128
2024-02-28,4.49,13.69,-2.51,0.0,19.44,37.22974475972733,40.8653566272128
2024-02-29,7.72,15.96,-0.35,0.0,17.24,37.22974475972733,40.8653566272128
2024-03-01,7.61,16.53,-1.05,0.0,19.25,37.22974475972733,40.8653566272128
2024-03-02,7.41,14.12,-1.4,0.0,16.81,37.22974475972733,40.8653566272128
2024-03-03,4.18,10.86,-1.09,0.0,9.78,37.22974475972733,40.8653566272128
2024-03-04,7.71,16.3,0.87,0.0,17.37,37.22974475972733,40.8653566272128
2024-03-05,9.87,18.61,2.51,0.0,17.8,37.22974475972733,40.8653566272128
2024-03-06,9.67,17.1,3.33,0.63,11.02,37.22974475972733,40.8653566272128
2024-03-07,9.55,16.49,4.6,0.27,16.64,37.22974475972733,40.8653566272128
2024-03-08,9.06,16.49,1.67,0.04,17.94,37.22974475972733,40.8653566272128
2024-03-09,8.28,12.2,5.79,11.74,5.09,37.22974475972733,40.8653566272128
2024-03-10,8.77,14.49,3.92,0.95,16.3,37.22974475972733,40.8653566272128
2024-03-11,7.86,16.61,1.43,0.0,21.03,37.22974475972733,40.8653566272128
2024-03-12,10.48,19.01,1.99,0.0,20.18,37.22974475972733,40.8653566272128
2024-03-13,10.0,19.47,2.26,0.0,18.79,37.22974475972733,40.8653566272128
2024-03-14,11.65,19.97,4.68,0.0,17.02,37.22974475972733,40.8653566272128
2024-03-15,10.82,19.04,4.49,0.03,12.26,37.22974475972733,40.8653566272128
2024-03-16,10.06,16.64,4.07,0.41,17.79,37.22974475972733,40.8653566272128
2024-03-17,11.71,18.29,5.45,3.06,14.75,37.22974475972733,40.8653566272128
2024-03-18,9.63,11.26,8.31,43.77,2.0,37.22974475972733,40.8653566272128
2024-03-19,11.52,16.71,7.99,13.63,10.71,37.22974475972733,40.8653566272128
2024-03-20,10.17,16.51,5.15,2.29,16.01,37.22974475972733,40.8653566272128
2024-03-21,10.4,15.14,6.79,3.43,11.29,37.22974475972733,40.8653566272128
2024-03-22,9.46,14.67,4.86,8.44,11.96,37.22974475972733,40.8653566272128
2024-03-23,7.3,12.18,1.67,3.84,10.64,37.22974475972733,40.8653566272128
2024-03-24,7.72,15.77,0.86,0.0,16.06,37.22974475972733,40.8653566272128
2024-03-25,9.46,16.87,2.35,0.02,22.99,37.22974475972733,40.8653566272128
2024-03-26,9.1,13.5,5.2,26.01,6.51,37.22974475972733,40.8653566272128
2024-03-27,10.14,17.07,1.46,0.0,16.53,37.22974475972733,40.8653566272128
2024-03-28,13.36,21.33,7.59,0.0,21.32,37.22974475972733,40.8653566272128
2024-03-29,14.93,23.63,7.74,0.0,18.52,37.22974475972733,40.8653566272128
2024-03-30,16.12,25.13,10.56,0.0,22.96,37.22974475972733,40.8653566272128
2024-03-31,17.33,27.28,8.7,0.0,22.73,37.22974475972733,40.8653566272128
2024-04-01,17.86,27.17,9.75,0.0,23.79,37.22974475972733,40.8653566272128
2024-04-02,18.24,27.75,11.1,0.0,23.92,37.22974475972733,40.8653566272128
2024-04-03,18.33,27.96,9.38,0.0,23.76,37.22974475972733,40.8653566272128
2024-04-04,18.56,26.51,11.35,0.0,22.9,37.22974475972733,40.8653566272128
2024-04-05,18.1,25.94,12.53,0.0,24.16,37.22974475972733,40.8653566272128
2024-04-06,17.46,24.68,9.87,0.0,23.21,37.22974475972733,40.8653566272128
2024-04-07,16.32,23.22,10.72,1.26,9.13,37.22974475972733,40.8653566272128
2024-04-08,16.12,23.15,10.11,6.23,16.86,37.22974475972733,40.8653566272128
2024-04-09,16.91,23.8,13.43,15.21,5.54,37.22974475972733,40.8653566272128
2024-04-10,16.82,22.72,12.52,0.74,17.42,37.22974475972733,40.8653566272128
2024-04-11,16.7,22.93,10.15,0.09,21.2,37.22974475972733,40.8653566272128
2024-04-12,15.63,21.13,9.72,1.12,19.23,37.22974475972733,40.8653566272128
2024-04-13,17.88,26.18,10.64,0.0,25.26,37.22974475972733,40.8653566272128
2024-04-14,18.52,25.56,13.14,0.71,19.57,37.22974475972733,40.8653566272128
2024-04-15,17.77,24.25,11.83,0.67,23.04,37.22974475972733,40.8653566272128
2024-04-16,18.78,27.55,11.41,0.0,26.27,37.22974475972733,40.8653566272128
2024-04-17,19.89,28.44,10.32,0.0,26.47,37.22974475972733,40.8653566272128
2024-04-18,21.45,29.09,14.89,0.0,25.42,37.22974475972733,40.8653566272128
2024-04-19,20.89,29.63,15.09,0.0,25.07,37.22974475972733,40.8653566272128
2024-04-20,20.12,28.25,14.31,0.0,24.31,37.22974475972733,40.8653566272128
2024-04-21,19.51,27.82,12.57,0.0,23.39,37.22974475972733,40.8653566272128
2024-04-22,17.59,26.52,10.09,0.0,27.31,37.22974475972733,40.8653566272128
2024-04-23,20.18,30.2,12.57,0.0,24.96,37.22974475972733,40.8653566272128
2024-04-24,21.92,31.92,13.81,0.0,23.41,37.22974475972733,40.8653566272128
2024-04-25,23.26,32.4,14.5,0.0,25.75,37.22974475972733,40.8653566272128
2024-04-26,25.23,33.52,17.37,0.0,25.59,37.22974475972733,40.8653566272128
2024-04-27,24.8,34.11,18.12,0.0,24.22,37.22974475972733,40.8653566272128
2024-04-28,24.48,35.07,15.95,0.0,25.59,37.22974475972733,40.8653566272128
2024-04-29,24.79,35.0,16.12,0.01,25.12,37.22974475972733,40.8653566272128
2024-04-30,23.22,27.58,18.74,0.53,13.71,37.22974475972733,40.8653566272128
2024-05-01,21.59,27.48,16.51,2.1,17.75,37.22974475972733,40.8653566272128
2024-05-02,20.58,26.35,15.79,9.76,15.84,37.22974475972733,40.8653566272128
2024-05-03,18.94,25.92,14.24,4.75,20.1,37.22974475972733,40.8653566272128
2024-05-04,18.95,26.0,12.28,0.51,22.69,37.22974475972733,40.8653566272128
2024-05-05,16.93,23.93,11.41,0.26,21.97,37.22974475972733,40.8653566272128
2024-05-06,15.81,21.97,10.05,2.92,19.9,37.22974475972733,40.8653566272128
2024-05-07,15.55,21.41,10.31,8.67,19.34,37.22974475972733,40.8653566272128
2024-05-08,17.73,24.84,8.94,0.03,27.78,37.22974475972733,40.8653566272128
2024-05-09,19.51,28.33,9.2,0.0,25.85,37.22974475972733,40.8653566272128
2024-05-10,22.11,30.88,13.8,0.04,25.97,37.22974475972733,40.8653566272128
2024-05-11,22.55,28.97,17.15,0.2,10.7,37.22974475972733,40.8653566272128
2024-05-12,20.09,27.03,13.62,0.27,25.98,37.22974475972733,40.8653566272128
2024-05-13,17.45,23.4,12.66,1.27,24.73,37.22974475972733,40.8653566272128
2024-05-14,17.59,25.4,10.74,0.22,24.45,37.22974475972733,40.8653566272128
2024-05-15,18.45,25.31,12.63,0.0,20.5,37.22974475972733,40.8653566272128
2024-05-16,20.66,28.9,12.37,0.0,26.79,37.22974475972733,40.8653566272128
2024-05-17,20.63,28.61,13.15,0.0,29.01,37.22974475972733,40.8653566272128
2024-05-18,22.81,31.02,14.75,0.48,26.53,37.22974475972733,40.8653566272128
2024-05-19,23.03,29.26,16.1,1.12,26.01,37.22974475972733,40.8653566272128
2024-05-20,25.14,34.1,18.26,0.0,26.87,37.22974475972733,40.8653566272128
2024-05-21,25.4,32.63,17.92,0.0,25.74,37.22974475972733,40.8653566272128
2024-05-22,24.93,34.2,17.08,0.0,28.41,37.22974475972733,40.8653566272128
2024-05-23,25.08,33.08,17.22,0.84,22.61,37.22974475972733,40.8653566272128
2024-05-24,23.31,31.71,16.31,0.62,28.07,37.22974475972733,40.8653566272128
2024-05-25,20.95,26.82,15.82,0.93,25.79,37.22974475972733,40.8653566272128
2024-05-26,21.92,29.26,15.15,0.63,23.05,37.22974475972733,40.8653566272128
2024-05-27,24.76,33.45,15.87,0.04,25.4,37.22974475972733,40.8653566272128
2024-05-28,25.48,33.2,17.84,0.18,26.59,37.22974475972733,40.8653566272128
2024-05-29,26.02,34.22,17.24,0.54,26.42,37.22974475972733,40.8653566272128
2024-05-30,27.54,37.19,19.48,1.01,25.09,37.22974475972733,40.8653566272128
2024-05-31,24.87,33.06,16.65,0.0,27.93,37.22974475972733,40.8653566272128
2024-06-01,25.85,34.64,15.6,0.0,30.13,37.22974475972733,40.8653566272128
2024-06-02,26.89,36.95,18.01,0.0,31.81,37.22974475972733,40.8653566272128
2024-06-03,29.4,38.93,18.85,0.0,31.08,37.22974475972733,40.8653566272128
2024-06-04,30.14,40.23,20.34,0.0,30.18,37.22974475972733,40.8653566272128
2024-06-05,30.47,40.04,21.93,0.0,30.25,37.22974475972733,40.8653566272128
2024-06-06,31.09,41.12,22.45,0.0,30.57,37.22974475972733,40.8653566272128
2024-06-07,32.69,42.34,23.37,0.0,28.96,37.22974475972733,40.8653566272128
2024-06-08,32.48,41.98,23.97,0.06,20.89,37.22974475972733,40.8653566272128
2024-06-09,30.54,39.31,22.0,0.11,26.02,37.22974475972733,40.8653566272128
2024-06-10,29.82,38.73,21.62,1.11,19.85,37.22974475972733,40.8653566272128
2024-06-11,29.21,38.01,20.69,0.0,29.4,37.22974475972733,40.8653566272128
2024-06-12,31.45,40.72,21.85,0.0,31.26,37.22974475972733,40.8653566272128
2024-06-13,32.51,40.93,23.19,0.0,30.67,37.22974475972733,40.8653566272128
2024-06-14,32.75,40.91,25.13,0.0,30.91,37.22974475972733,40.8653566272128
2024-06-15,34.17,42.23,24.9,0.0,29.12,37.22974475972733,40.8653566272128
2024-06-16,32.97,41.21,25.8,0.0,29.46,37.22974475972733,40.8653566272128
2024-06-17,32.5,41.62,24.13,0.0,30.17,37.22974475972733,40.8653566272128
2024-06-18,32.32,42.24,22.03,0.0,30.56,37.22974475972733,40.8653566272128
2024-06-19,34.05,44.11,24.05,0.0,30.77,37.22974475972733,40.8653566272128
2024-06-20,35.53,45.62,24.82,0.0,28.72,37.22974475972733,40.8653566272128
2024-06-21,35.99,45.91,26.71,0.0,28.68,37.22974475972733,40.8653566272128
2024-06-22,35.54,45.17,26.23,0.06,29.4,37.22974475972733,40.8653566272128
2024-06-23,34.73,43.64,26.21,0.06,25.09,37.22974475972733,40.8653566272128
2024-06-24,34.67,43.6,24.14,0.0,28.83,37.22974475972733,40.8653566272128
2024-06-25,35.58,44.85,25.25,0.0,28.77,37.22974475972733,40.8653566272128
2024-06-26,35.21,43.86,26.9,0.0,30.24,37.22974475972733,40.8653566272128
2024-06-27,31.36,41.41,21.85,0.0,31.61,37.22974475972733,40.8653566272128
2024-06-28,32.9,42.25,24.09,0.0,31.2,37.22974475972733,40.8653566272128
2024-06-29,33.25,42.52,24.37,0.0,31.55,37.22974475972733,40.8653566272128
2024-06-30,32.66,41.35,22.79,0.0,27.08,37.22974475972733,40.8653566272128
2024-07-01,32.01,39.95,24.25,0.16,24.57,37.22974475972733,40.8653566272128
2024-07-02,31.12,38.31,23.54,0.0,26.38,37.22974475972733,40.8653566272128
2024-07-03,32.19,39.76,25.92,0.0,29.35,37.22974475972733,40.8653566272128
2024-07-04,33.59,42.45,23.45,0.19,28.92,37.22974475972733,40.8653566272128
2024-07-05,34.53,43.39,25.48,0.0,30.4,37.22974475972733,40.8653566272128
2024-07-06,32.37,41.43,22.89,0.0,30.37,37.22974475972733,40.8653566272128
2024-07-07,32.62,41.09,24.2,0.0,28.66,37.22974475972733,40.8653566272128
2024-07-08,33.6,41.63,24.34,0.0,26.19,37.22974475972733,40.8653566272128
2024-07-09,35.7,43.29,27.72,0.22,22.59,37.22974475972733,40.8653566272128
2024-07-10,35.49,43.48,27.67,0.09,22.47,37.22974475972733,40.8653566272128
2024-07-11,36.25,45.08,26.16,0.0,27.66,37.22974475972733,40.8653566272128
2024-07-12,35.27,42.91,27.5,0.0,28.53,37.22974475972733,40.8653566272128
2024-07-13,35.95,44.29,26.24,0.0,28.13,37.22974475972733,40.8653566272128
2024-07-14,35.65,43.23,26.79,0.0,25.81,37.22974475972733,40.8653566272128
2024-07-15,36.07,43.22,28.75,0.0,23.14,37.22974475972733,40.8653566272128
2024-07-16,34.84,42.63,27.11,0.0,26.09,37.22974475972733,40.8653566272128
2024-07-17,35.24,43.24,26.89,0.0,27.5,37.22974475972733,40.8653566272128
2024-07-18,36.4,44.49,27.11,0.0,26.79,37.22974475972733,40.8653566272128
2024-07-19,36.41,43.88,28.92,0.0,27.14,37.22974475972733,40.8653566272128
2024-07-20,35.18,42.18,27.73,0.0,24.99,37.22974475972733,40.8653566272128
2024-07-21,35.95,43.63,27.91,0.0,27.4,37.22974475972733,40.8653566272128
2024-07-22,37.01,45.51,28.33,0.0,27.42,37.22974475972733,40.8653566272128
2024-07-23,36.8,45.1,28.89,0.0,26.98,37.22974475972733,40.8653566272128
2024-07-24,37.08,45.13,29.33,0.0,27.72,37.22974475972733,40.8653566272128
2024-07-25,34.83,42.56,27.7,0.0,28.68,37.22974475972733,40.8653566272128
2024-07-26,34.11,41.37,26.35,0.0,27.08,37.22974475972733,40.8653566272128
2024-07-27,34.71,42.53,26.48,0.0,26.89,37.22974475972733,40.8653566272128
2024-07-28,34.73,42.03,26.65,0.0,27.42,37.22974475972733,40.8653566272128
2024-07-29,35.36,44.08,27.38,0.0,28.08,37.22974475972733,40.8653566272128
2024-07-30,33.83,42.11,26.2,0.0,28.17,37.22974475972733,40.8653566272128
2024-07-31,34.67,42.93,25.17,0.0,26.52,37.22974475972733,40.8653566272128
