date,T2M,T2M_MAX,T2M_MIN,PRECTOTCORR,ALLSKY_SFC_SW_DWN
2004-10-01,19.21,26.78,12.69,0.0,18.66
2004-10-02,16.2,23.77,9.37,0.0,17.79
2004-10-03,14.71,21.47,8.6,0.18,15.86
2004-10-04,13.57,19.3,8.31,0.0,13.36
2004-10-05,12.98,19.75,8.12,0.0,14.39
2004-10-06,13.94,22.54,5.52,0.59,15.29
2004-10-07,14.07,18.45,9.89,1.92,11.63
2004-10-08,12.41,16.75,7.87,3.76,13.24
2004-10-09,12.02,17.22,8.46,0.53,13.83
2004-10-10,14.02,20.93,7.64,0.0,17.1
2004-10-11,15.74,24.34,7.52,0.0,17.15
2004-10-12,14.98,23.21,8.59,0.05,15.03
2004-10-13,10.72,16.19,6.45,0.46,7.06
2004-10-14,11.16,20.14,3.7,0.0,14.58
2004-10-15,15.34,23.99,8.94,0.0,14.2
2004-10-16,15.9,23.05,8.74,0.0,15.1
2004-10-17,17.3,25.4,10.35,0.0,11.87
2004-10-18,18.91,27.94,13.21,0.0,14.84
2004-10-19,16.37,25.44,9.55,0.0,14.76
2004-10-20,15.11,21.74,8.49,0.1,7.91
2004-10-21,13.28,19.27,8.9,0.16,14.42
2004-10-22,13.51,20.5,8.76,0.0,14.43
2004-10-23,13.23,20.86,6.42,0.0,14.97
2004-10-24,13.9,22.51,7.98,0.0,14.56
2004-10-25,14.53,23.08,8.22,0.0,14.67
2004-10-26,14.16,23.54,6.62,0.0,14.41
2004-10-27,16.67,25.68,9.67,0.0,11.63
2004-10-28,16.85,23.15,11.32,0.0,12.48
2004-10-29,15.6,21.69,10.36,0.23,11.55
2004-10-30,15.34,21.98,9.67,0.03,12.45
2004-10-31,15.59,22.27,9.21,0.0,12.59
2004-11-01,15.59,21.87,9.93,0.0,13.42
2004-11-02,15.38,23.43,10.07,0.0,12.73
2004-11-03,12.07,19.48,7.58,0.0,12.89
2004-11-04,9.25,15.81,3.28,0.0,13.17
2004-11-05,6.28,16.74,-0.97,0.0,13.99
2004-11-06,9.85,18.11,2.16,0.0,12.0
2004-11-07,12.25,17.83,7.32,0.37,8.89
2004-11-08,11.76,17.37,7.48,0.23,9.86
2004-11-09,12.17,19.02,6.21,0.03,11.49
2004-11-10,12.73,18.42,7.07,0.02,9.5
2004-11-11,13.01,18.46,8.57,0.02,10.22
2004-11-12,13.39,20.36,7.27,0.0,10.94
2004-11-13,12.51,20.15,6.68,0.0,10.78
2004-11-14,13.09,21.91,6.06,0.3,9.03
2004-11-15,13.28,19.96,9.29,4.02,2.03
2004-11-16,10.36,15.35,7.35,3.23,9.11
2004-11-17,5.99,10.37,0.81,3.44,5.73
2004-11-18,2.64,8.99,-2.21,0.0,11.46
2004-11-19,4.12,13.48,-2.77,0.0,11.67
2004-11-20,8.01,13.29,2.26,7.13,3.5
2004-11-21,0.17,3.24,-2.41,11.05,3.32
2004-11-22,-3.07,-0.5,-6.7,0.88,2.75
2004-11-23,-4.27,0.18,-6.74,0.06,6.1
2004-11-24,-1.32,5.94,-6.78,0.26,6.34
2004-11-25,-1.37,1.48,-5.02,10.18,3.49
2004-11-26,-3.97,0.65,-8.79,0.88,5.47
2004-11-27,-5.51,0.05,-8.67,0.0,4.07
2004-11-28,-3.3,3.74,-8.97,0.0,9.14
2004-11-29,-0.29,6.51,-3.94,0.0,9.73
2004-11-30,2.03,8.67,-2.94,0.03,4.56
2004-12-01,2.94,7.1,-0.65,0.2,6.03
2004-12-02,3.1,7.91,-0.35,0.0,6.16
2004-12-03,5.25,13.0,0.29,0.0,7.82
2004-12-04,6.38,14.6,0.57,0.0,6.73
2004-12-05,4.33,9.02,-0.31,0.75,2.53
2004-12-06,0.95,7.28,-3.24,0.0,8.69
2004-12-07,-0.26,5.46,-3.65,2.04,2.26
2004-12-08,-1.07,4.8,-3.62,0.06,9.97
2004-12-09,-1.06,5.03,-4.14,0.0,9.85
2004-12-10,-1.03,3.63,-3.65,0.0,8.35
2004-12-11,-1.59,2.84,-4.2,0.02,7.09
2004-12-12,-1.1,3.99,-4.05,0.0,9.47
2004-12-13,-0.18,5.17,-3.35,0.0,9.6
2004-12-14,-0.95,3.38,-4.36,0.03,5.53
2004-12-15,-3.85,-0.53,-7.53,0.03,9.61
2004-12-16,-6.36,-0.87,-10.87,0.0,10.13
2004-12-17,-5.3,1.64,-10.59,0.0,10.16
2004-12-18,-1.52,5.71,-7.15,0.02,8.66
2004-12-19,0.69,6.36,-1.54,0.05,7.01
2004-12-20,1.53,6.64,-1.15,0.19,3.68
2004-12-21,2.02,7.85,-0.25,0.22,5.8
2004-12-22,1.14,3.87,-0.42,2.61,4.4
2004-12-23,0.57,4.49,-1.58,1.2,5.19
2004-12-24,-0.4,4.64,-3.89,0.02,5.5
2004-12-25,-1.3,4.65,-4.91,0.02,5.46
2004-12-26,-2.02,3.41,-4.69,0.0,7.43
2004-12-27,1.22,7.83,-3.26,0.0,6.8
2004-12-28,3.97,11.82,0.6,0.02,8.07
2004-12-29,3.24,8.17,-0.91,0.34,2.09
2004-12-30,3.86,12.16,-1.35,0.0,7.59
2004-12-31,3.86,12.88,-0.15,0.01,8.33
2005-01-01,3.9,12.35,-0.8,0.16,6.55
2005-01-02,1.19,6.25,-3.03,1.36,5.98
2005-01-03,-0.81,4.88,-3.94,0.07,7.63
2005-01-04,-0.36,4.3,-3.58,0.51,5.23
2005-01-05,-2.25,1.82,-5.12,0.2,7.47
2005-01-06,0.14,4.63,-2.38,0.04,6.96
2005-01-07,0.17,5.7,-2.66,0.16,6.15
2005-01-08,-0.41,6.12,-3.89,0.01,5.87
2005-01-09,-0.1,6.33,-3.91,0.0,10.35
2005-01-10,-0.08,7.8,-3.68,0.0,10.54
2005-01-11,-0.17,6.4,-3.41,0.18,10.72
2005-01-12,2.02,9.41,-2.0,0.0,10.81
2005-01-13,2.69,10.67,-0.72,0.0,10.56
2005-01-14,3.21,8.77,-1.2,0.27,8.09
2005-01-15,3.06,8.93,-0.21,1.47,5.59
2005-01-16,1.21,5.67,-1.05,6.25,3.95
2005-01-17,1.83,8.2,-1.96,0.86,6.8
2005-01-18,1.51,7.93,-3.13,0.01,9.67
2005-01-19,1.86,6.97,-2.13,0.13,7.52
2005-01-20,0.95,7.63,-2.63,0.0,9.92
2005-01-21,2.5,7.22,-0.73,0.28,2.59
2005-01-22,2.73,8.31,-1.52,1.31,8.53
2005-01-23,-0.71,2.22,-4.97,5.14,2.15
2005-01-24,-3.85,0.8,-6.35,0.03,10.7
2005-01-25,0.23,7.57,-5.13,0.51,3.19
2005-01-26,3.29,9.74,-0.21,0.31,3.82
2005-01-27,3.34,10.8,-0.66,0.11,8.24
2005-01-28,4.76,11.45,0.95,1.55,4.72
2005-01-29,6.89,15.66,1.18,1.13,9.34
2005-01-30,5.21,11.85,-1.38,7.55,8.72
2005-01-31,-0.26,4.55,-4.16,1.5,9.57
2005-02-01,-1.49,2.52,-5.13,3.12,6.21
2005-02-02,-1.72,3.83,-5.52,0.0,7.28
2005-02-03,0.03,5.09,-3.35,0.75,5.33
2005-02-04,0.74,4.45,-2.06,1.3,8.0
2005-02-05,-0.26,4.03,-4.69,1.89,6.36
2005-02-06,-4.23,-0.05,-6.83,0.14,11.09
2005-02-07,-3.74,-0.57,-6.31,0.47,10.64
2005-02-08,-4.02,1.1,-8.49,0.11,13.48
2005-02-09,-6.52,-0.95,-11.92,0.0,14.23
2005-02-10,-6.16,-0.66,-11.37,0.0,11.27
2005-02-11,-5.71,0.0,-11.61,0.0,10.69
2005-02-12,-4.44,0.5,-9.45,0.0,14.36
2005-02-13,-1.63,5.74,-8.04,0.01,11.04
2005-02-14,2.13,8.39,-2.1,0.24,7.04
2005-02-15,2.71,10.49,-2.12,0.11,12.87
2005-02-16,2.38,7.44,-2.17,0.31,4.29
2005-02-17,4.98,12.62,-0.38,0.78,6.69
2005-02-18,4.2,10.36,0.9,8.59,3.61
2005-02-19,2.71,7.63,-0.82,1.55,9.7
2005-02-20,1.5,7.4,-2.81,0.14,10.22
2005-02-21,3.05,8.39,-1.81,0.06,11.9
2005-02-22,3.1,9.37,-1.72,0.45,10.89
2005-02-23,4.95,12.63,-0.06,0.02,14.09
2005-02-24,5.35,11.9,0.07,0.03,11.53
2005-02-25,5.48,12.98,-2.4,0.0,13.96
2005-02-26,4.95,11.91,0.27,1.08,7.54
2005-02-27,6.86,12.67,2.62,1.91,10.72
2005-02-28,6.32,10.16,2.68,4.35,4.89
2005-03-01,6.89,11.04,4.1,5.63,4.49
2005-03-02,8.88,15.56,4.01,5.3,5.27
2005-03-03,5.06,10.63,-1.88,6.24,6.67
2005-03-04,1.22,7.82,-3.83,0.11,13.87
2005-03-05,3.92,12.47,-3.13,0.62,9.94
2005-03-06,6.77,13.88,1.6,1.98,7.33
2005-03-07,8.71,15.28,3.83,0.8,13.12
2005-03-08,4.9,10.81,-0.37,6.9,5.45
2005-03-09,1.5,7.4,-2.84,0.2,11.68
2005-03-10,-1.66,2.64,-4.75,0.38,14.08
2005-03-11,-1.87,1.65,-4.98,1.08,10.21
2005-03-12,-1.32,5.31,-6.17,0.02,17.2
2005-03-13,2.24,11.21,-4.42,0.0,20.55
2005-03-14,4.02,11.53,-2.69,0.23,16.72
2005-03-15,5.4,11.65,-0.14,0.0,17.7
2005-03-16,4.08,10.41,-2.14,0.0,16.13
2005-03-17,5.09,12.84,-2.67,0.0,20.66
2005-03-18,6.96,16.48,-1.74,0.08,20.73
2005-03-19,8.87,16.66,0.87,0.03,13.43
2005-03-20,5.37,10.72,0.36,1.88,5.92
2005-03-21,2.97,9.64,-1.93,0.27,19.76
2005-03-22,0.92,9.35,-5.54,0.0,22.33
2005-03-23,0.03,7.71,-6.17,0.0,22.3
2005-03-24,1.04,9.47,-5.94,0.0,22.11
2005-03-25,4.19,12.25,-3.55,0.0,22.62
2005-03-26,7.95,17.21,-1.61,0.0,21.99
2005-03-27,9.04,16.07,3.18,0.18,12.2
2005-03-28,11.96,19.91,7.68,0.3,13.3
2005-03-29,10.7,15.95,6.75,0.21,13.55
2005-03-30,9.41,16.07,3.51,0.03,15.09
2005-03-31,8.39,13.1,3.21,6.97,8.79
2005-04-01,2.69,8.59,-2.43,3.48,10.16
2005-04-02,-1.26,1.62,-3.47,1.64,10.05
2005-04-03,-0.12,4.55,-3.97,0.47,12.56
2005-04-04,0.02,6.59,-5.92,0.01,17.35
2005-04-05,2.42,9.78,-4.23,0.0,17.16
2005-04-06,5.67,14.16,-3.14,0.0,24.76
2005-04-07,8.93,16.27,0.23,0.04,19.55
2005-04-08,9.68,16.92,3.95,0.0,13.54
2005-04-09,14.44,21.9,6.77,0.0,21.94
2005-04-10,14.55,23.51,5.37,0.0,23.77
2005-04-11,16.22,25.25,7.92,0.0,21.74
2005-04-12,16.66,24.06,10.68,0.0,15.2
2005-04-13,16.37,25.99,8.73,0.0,17.72
2005-04-14,11.21,18.4,5.94,0.19,20.28
2005-04-15,8.89,14.21,3.73,0.09,17.8
2005-04-16,10.57,16.85,4.0,0.23,17.72
2005-04-17,13.04,22.57,4.18,0.03,15.69
2005-04-18,12.19,18.99,7.35,5.36,6.01
2005-04-19,10.35,16.49,4.84,2.54,16.85
2005-04-20,11.29,19.78,2.62,0.0,26.53
2005-04-21,14.83,23.36,6.81,0.43,25.32
2005-04-22,15.22,22.32,10.4,5.88,14.7
2005-04-23,9.78,13.44,6.41,3.88,9.7
2005-04-24,9.92,17.24,3.19,0.18,23.4
2005-04-25,11.52,19.57,3.51,0.0,27.28
2005-04-26,14.46,22.37,4.95,0.0,25.59
2005-04-27,13.32,18.6,7.37,5.59,15.35
2005-04-28,10.28,16.87,5.21,0.66,19.28
2005-04-29,10.66,19.02,2.8,8.54,24.22
2005-04-30,7.47,14.26,2.36,3.93,18.96
2005-05-01,7.54,12.94,3.59,1.08,18.46
2005-05-02,7.27,12.43,1.24,1.01,16.21
2005-05-03,8.77,17.16,1.27,0.13,20.2
2005-05-04,7.76,15.71,-1.44,0.02,29.17
2005-05-05,12.62,21.68,2.48,0.0,26.39
2005-05-06,16.05,22.7,10.1,0.27,17.28
2005-05-07,16.07,23.65,8.2,0.53,8.8
2005-05-08,12.08,19.61,6.84,1.91,23.46
2005-05-09,13.64,21.82,6.29,0.03,27.5
2005-05-10,16.08,24.68,7.84,0.0,26.98
2005-05-11,18.13,25.9,9.71,0.46,26.72
2005-05-12,17.97,25.62,9.64,0.08,26.01
2005-05-13,14.74,20.32,10.05,3.85,17.58
2005-05-14,12.56,19.1,7.27,0.0,25.42
2005-05-15,12.2,21.06,2.64,0.0,28.08
2005-05-16,16.39,24.46,7.88,0.0,30.23
2005-05-17,17.31,26.03,7.64,0.0,29.3
2005-05-18,19.4,27.74,9.22,0.0,29.68
2005-05-19,21.56,30.29,11.59,0.0,28.23
2005-05-20,19.28,26.01,13.89,0.3,13.49
2005-05-21,20.97,30.82,12.82,0.1,21.43
2005-05-22,17.03,26.63,8.06,0.72,30.01
2005-05-23,15.75,22.95,9.54,0.02,28.19
2005-05-24,15.03,20.64,9.61,1.68,21.75
2005-05-25,17.18,23.71,10.47,3.32,25.36
2005-05-26,15.32,18.37,12.25,3.46,15.08
2005-05-27,15.82,21.84,10.82,3.2,22.14
2005-05-28,16.53,22.8,10.0,0.82,16.87
2005-05-29,16.39,21.76,10.01,0.36,20.66
2005-05-30,16.15,20.2,10.36,6.42,20.62
2005-05-31,15.84,19.72,12.25,2.16,19.35
2005-06-01,14.69,18.67,10.35,10.83,14.41
2005-06-02,15.85,21.06,10.81,3.35,15.43
2005-06-03,15.56,22.7,9.31,0.01,26.35
2005-06-04,15.84,23.43,7.7,0.0,27.83
2005-06-05,15.74,23.22,7.38,0.0,30.32
2005-06-06,18.28,26.58,9.62,0.0,31.38
2005-06-07,21.3,29.6,12.13,0.0,30.61
2005-06-08,22.75,31.17,14.96,0.0,28.18
2005-06-09,23.65,31.62,15.08,0.08,28.39
2005-06-10,22.87,30.77,15.71,0.06,26.82
2005-06-11,18.15,24.25,12.03,0.2,26.1
2005-06-12,17.38,24.85,9.32,0.01,28.16
2005-06-13,18.91,26.2,11.22,0.29,23.31
2005-06-14,18.83,26.09,12.8,3.22,20.13
2005-06-15,16.83,22.28,11.58,0.42,23.41
2005-06-16,18.69,26.28,10.47,0.0,30.29
2005-06-17,19.69,27.46,11.05,0.0,30.14
2005-06-18,21.06,29.54,11.72,0.0,30.01
2005-06-19,20.3,27.41,13.07,0.54,26.65
2005-06-20,18.23,24.88,12.98,0.71,25.81
2005-06-21,17.74,25.36,9.71,0.02,29.04
2005-06-22,16.31,23.4,8.68,0.01,28.0
2005-06-23,17.25,25.76,7.29,0.11,31.57
2005-06-24,20.84,28.89,13.78,0.0,30.14
2005-06-25,17.9,24.51,12.65,1.91,21.99
2005-06-26,17.78,25.75,9.6,0.0,31.52
2005-06-27,19.4,28.03,10.36,0.0,31.31
2005-06-28,21.08,29.53,10.74,0.0,30.53
2005-06-29,20.7,27.4,13.22,2.58,22.3
2005-06-30,21.19,29.11,13.97,0.44,29.74
2005-07-01,22.33,31.1,11.78,0.0,30.16
2005-07-02,25.53,33.01,17.07,0.38,29.16
2005-07-03,27.2,35.17,19.89,0.03,28.03
2005-07-04,21.92,28.76,16.71,0.85,20.0
2005-07-05,19.99,25.9,14.04,0.73,18.8
2005-07-06,20.91,29.19,12.81,0.0,30.25
2005-07-07,22.92,31.68,12.71,0.0,30.35
2005-07-08,25.68,33.59,17.29,0.0,29.61
2005-07-09,26.11,34.09,17.5,0.0,29.79
2005-07-10,26.09,34.79,16.59,0.0,30.27
2005-07-11,25.82,34.71,17.07,0.0,30.68
2005-07-12,26.93,35.95,16.34,0.0,29.31
2005-07-13,28.49,37.36,20.68,0.0,28.55
2005-07-14,24.41,31.94,16.71,0.18,29.34
2005-07-15,24.95,32.81,17.69,7.32,23.95
2005-07-16,19.55,24.54,14.39,4.55,14.17
2005-07-17,20.01,27.38,11.78,0.0,28.41
2005-07-18,22.38,29.79,13.83,0.0,27.94
2005-07-19,23.45,31.29,15.44,0.0,28.29
2005-07-20,24.69,33.03,15.78,0.0,28.6
2005-07-21,25.81,34.4,16.32,0.0,28.67
2005-07-22,27.53,36.1,17.77,0.0,28.01
2005-07-23,26.35,34.32,18.37,0.01,27.76
2005-07-24,25.35,32.46,18.54,0.03,27.93
2005-07-25,24.55,32.17,16.55,0.0,28.41
2005-07-26,24.58,32.39,16.38,0.0,27.55
2005-07-27,25.19,33.64,17.17,0.0,29.01
2005-07-28,24.57,33.24,14.93,0.0,28.77
2005-07-29,25.61,34.94,16.06,0.0,27.64
2005-07-30,26.14,34.69,17.66,0.2,27.38
2005-07-31,26.1,34.1,17.91,0.15,25.8
2005-08-01,24.9,30.44,18.48,1.16,20.14
2005-08-02,25.22,31.79,20.12,0.03,25.11
2005-08-03,24.17,31.75,15.74,0.0,28.26
2005-08-04,24.29,31.43,16.26,0.0,27.42
2005-08-05,26.22,33.84,17.96,0.0,26.49
2005-08-06,26.88,35.29,18.58,0.0,27.65
2005-08-07,23.96,30.89,17.9,0.29,23.48
2005-08-08,24.36,32.17,15.76,0.0,27.41
2005-08-09,26.46,34.32,18.08,0.0,26.68
2005-08-10,25.35,33.14,17.06,0.01,26.07
2005-08-11,24.43,31.81,16.7,0.0,26.42
2005-08-12,24.91,32.87,16.9,0.0,26.03
2005-08-13,25.52,33.85,16.64,0.0,26.54
2005-08-14,26.78,34.94,17.52,0.0,26.69
2005-08-15,28.09,36.49,19.04,0.0,25.62
2005-08-16,26.85,35.96,17.37,0.0,25.8
2005-08-17,27.51,36.93,18.26,0.0,24.8
2005-08-18,26.37,35.35,17.48,0.0,25.55
2005-08-19,25.5,33.78,17.96,0.0,25.28
2005-08-20,24.28,31.97,17.13,0.05,22.76
2005-08-21,22.78,29.85,15.95,0.02,24.5
2005-08-22,23.84,31.28,16.38,0.0,24.68
2005-08-23,26.36,34.85,17.45,0.0,24.69
2005-08-24,25.75,33.6,18.09,0.0,24.51
2005-08-25,25.36,32.57,18.1,0.0,23.23
2005-08-26,25.92,33.35,18.47,0.03,21.62
2005-08-27,24.43,31.6,18.83,1.74,17.43
2005-08-28,22.8,29.89,16.15,0.0,23.7
2005-08-29,22.9,30.38,15.68,0.0,24.28
2005-08-30,21.71,28.67,15.36,0.0,25.02
2005-08-31,20.09,27.92,12.81,0.0,24.17
2005-09-01,20.69,27.96,12.36,0.0,22.82
2005-09-02,20.34,26.52,14.0,1.89,19.61
2005-09-03,17.94,22.63,13.15,0.64,15.51
2005-09-04,15.14,20.69,9.56,0.07,17.23
2005-09-05,15.47,22.7,8.69,0.0,23.22
2005-09-06,16.33,24.04,9.29,0.0,24.27
2005-09-07,17.59,25.95,9.1,0.0,23.99
2005-09-08,17.31,25.24,9.4,0.0,23.47
2005-09-09,17.39,24.76,9.78,0.0,20.51
2005-09-10,17.67,24.91,11.02,0.0,22.0
2005-09-11,17.57,25.25,9.66,0.0,22.77
2005-09-12,19.5,27.59,12.13,0.0,22.57
2005-09-13,20.39,28.35,13.28,0.0,22.23
2005-09-14,19.9,27.74,12.26,0.0,21.66
2005-09-15,21.02,29.48,12.69,0.0,20.03
2005-09-16,17.87,23.69,14.82,7.47,9.55
2005-09-17,18.93,24.78,14.18,0.5,16.81
2005-09-18,20.5,27.58,13.33,0.0,19.66
2005-09-19,20.73,27.98,12.7,0.0,20.5
2005-09-20,20.86,28.18,14.63,0.05,19.61
2005-09-21,20.79,28.46,13.38,0.15,20.38
2005-09-22,19.66,26.71,12.97,0.17,18.8
2005-09-23,18.65,24.42,12.97,2.15,14.79
2005-09-24,15.43,19.94,11.3,6.81,13.19
2005-09-25,15.44,21.0,9.61,0.41,15.73
2005-09-26,16.71,22.89,12.33,0.08,18.18
2005-09-27,15.71,22.77,10.86,0.0,18.96
2005-09-28,14.96,21.77,9.58,0.1,19.02
2005-09-29,13.25,19.97,7.33,0.16,18.79
2005-09-30,15.09,21.33,10.02,0.14,16.62
2005-10-01,17.45,24.66,10.24,0.0,16.16
2005-10-02,16.09,23.15,10.55,4.15,7.6
2005-10-03,14.05,19.93,8.56,1.21,14.96
2005-10-04,14.43,21.36,8.03,0.0,16.5
2005-10-05,13.12,19.9,7.98,0.0,18.96
2005-10-06,10.98,20.16,4.18,0.0,18.82
2005-10-07,11.0,18.96,3.88,0.0,18.12
2005-10-08,9.94,18.06,3.02,0.0,18.4
2005-10-09,9.96,17.8,4.12,0.0,17.94
2005-10-10,11.49,20.29,5.69,0.0,14.8
2005-10-11,13.21,20.83,7.6,1.34,12.36
2005-10-12,12.68,18.55,8.35,2.06,11.32
2005-10-13,13.36,19.63,7.37,0.0,13.53
2005-10-14,13.79,20.85,8.69,0.09,14.16
2005-10-15,12.01,18.63,6.64,3.4,12.03
2005-10-16,10.06,12.96,7.15,14.42,5.48
2005-10-17,7.88,13.36,3.4,0.13,9.57
2005-10-18,6.15,11.72,2.94,3.03,9.17
2005-10-19,4.14,9.7,-0.66,2.53,11.92
2005-10-20,4.79,10.37,0.96,0.49,11.36
2005-10-21,5.11,11.94,-0.29,0.0,14.43
2005-10-22,6.57,13.87,0.38,0.0,15.73
2005-10-23,8.14,16.02,1.03,0.0,15.56
2005-10-24,10.18,18.32,3.58,0.0,14.9
2005-10-25,11.37,20.57,4.25,0.0,14.24
2005-10-26,11.74,18.89,5.62,0.0,14.29
2005-10-27,11.2,19.02,5.69,0.0,14.11
2005-10-28,8.82,16.74,2.65,0.04,8.25
2005-10-29,3.75,8.96,-0.48,0.04,7.77
2005-10-30,3.35,8.08,0.1,0.08,9.57
2005-10-31,3.02,8.37,-1.02,0.41,9.28
2005-11-01,2.0,7.08,-1.5,1.22,8.42
2005-11-02,2.85,7.84,-1.72,0.41,8.7
2005-11-03,2.28,5.55,0.03,14.66,5.09
2005-11-04,1.36,2.62,0.34,19.54,1.69
2005-11-05,3.7,8.53,0.18,0.99,4.36
2005-11-06,3.17,6.52,1.36,2.63,4.55
2005-11-07,4.21,9.96,0.91,0.14,7.16
2005-11-08,4.02,10.8,-0.18,0.0,10.77
2005-11-09,3.26,11.74,-1.37,0.0,12.39
2005-11-10,4.09,12.49,-2.57,0.0,12.47
2005-11-11,5.91,13.33,-0.25,0.0,12.45
2005-11-12,5.48,12.06,0.67,0.0,10.92
2005-11-13,4.6,10.72,0.4,0.18,7.32
2005-11-14,4.19,9.15,-0.54,1.25,4.79
2005-11-15,3.07,9.22,-1.03,0.53,7.64
2005-11-16,2.96,9.94,-2.52,0.0,10.93
2005-11-17,4.97,14.76,-1.59,0.22,10.48
2005-11-18,6.4,11.75,3.12,3.11,4.21
2005-11-19,7.09,12.33,3.23,0.97,7.31
2005-11-20,6.01,12.22,0.41,5.41,4.12
2005-11-21,-1.35,1.87,-4.39,1.32,3.67
2005-11-22,-2.71,2.23,-5.77,0.05,9.51
2005-11-23,0.36,6.21,-3.55,0.34,6.42
2005-11-24,2.84,11.0,-2.66,0.11,8.62
2005-11-25,5.97,10.22,1.59,0.47,2.67
2005-11-26,8.16,13.68,4.58,0.82,4.19
2005-11-27,9.97,18.76,5.67,0.27,7.12
2005-11-28,9.98,20.43,3.95,0.0,7.95
2005-11-29,8.24,12.52,3.07,0.05,5.41
2005-11-30,4.82,10.36,1.27,0.0,9.95
2005-12-01,7.64,17.66,0.14,0.0,7.87
2005-12-02,9.05,13.98,6.07,0.0,3.47
2005-12-03,9.72,16.64,5.44,0.22,7.44
2005-12-04,7.94,16.75,3.43,0.0,9.94
2005-12-05,6.08,12.22,1.74,0.04,9.05
2005-12-06,5.0,12.87,-0.81,0.0,9.64
2005-12-07,5.6,11.91,2.31,0.0,8.32
2005-12-08,6.76,14.79,2.21,0.09,5.36
2005-12-09,6.67,13.06,1.6,0.06,8.9
2005-12-10,4.55,10.99,1.68,0.0,8.45
2005-12-11,3.07,9.17,-0.96,0.0,4.36
2005-12-12,1.5,7.49,-1.26,0.0,3.4
2005-12-13,0.73,7.6,-3.1,0.0,2.91
2005-12-14,1.24,10.3,-4.09,0.0,6.27
2005-12-15,3.43,11.86,-1.72,1.89,3.41
2005-12-16,3.34,8.72,-0.62,1.49,5.67
2005-12-17,5.07,10.84,0.51,0.1,7.15
2005-12-18,7.5,13.44,4.53,0.12,6.97
2005-12-19,2.38,8.63,-4.22,4.17,2.85
2005-12-20,-4.95,-0.18,-7.33,0.05,8.39
2005-12-21,-4.57,-0.02,-7.57,0.0,9.1
2005-12-22,-2.72,1.99,-5.62,0.72,3.71
2005-12-23,-4.36,-0.92,-8.24,0.77,4.12
2005-12-24,-5.52,-2.26,-8.21,0.91,5.41
2005-12-25,-6.75,-1.88,-10.0,0.13,7.78
2005-12-26,-3.4,2.09,-7.99,0.43,4.83
2005-12-27,-0.32,6.93,-4.5,0.0,7.54
2005-12-28,1.03,7.52,-1.83,0.02,9.13
2005-12-29,1.36,5.94,-1.03,0.77,4.05
2005-12-30,1.02,6.49,-1.33,0.04,9.1
2005-12-31,3.4,9.72,0.6,0.83,4.51
2006-01-01,1.85,5.1,0.31,0.0,6.69
2006-01-02,3.16,9.87,0.07,0.0,8.88
2006-01-03,2.79,9.25,-0.47,0.0,8.34
2006-01-04,2.57,8.4,-1.09,0.0,7.36
2006-01-05,3.22,7.6,0.46,3.98,1.58
2006-01-06,4.82,10.08,1.48,0.96,4.1
2006-01-07,2.76,7.23,-0.38,1.08,4.39
2006-01-08,-0.08,5.19,-4.21,0.34,6.1
2006-01-09,-3.3,1.57,-5.8,0.36,9.82
2006-01-10,-3.31,0.47,-5.9,0.02,4.48
2006-01-11,-1.97,2.21,-4.72,0.16,5.85
2006-01-12,-0.79,4.02,-3.87,0.01,6.05
2006-01-13,-1.13,2.47,-2.79,0.05,4.1
2006-01-14,-1.7,2.48,-4.45,0.14,5.97
2006-01-15,-4.09,1.13,-7.32,0.0,8.83
2006-01-16,-4.19,1.36,-9.51,0.0,11.51
2006-01-17,-2.94,2.5,-7.24,0.0,11.4
2006-01-18,-3.44,2.34,-8.85,0.0,10.09
2006-01-19,0.01,3.09,-5.0,5.17,1.88
2006-01-20,-3.3,-0.05,-8.08,2.08,7.07
2006-01-21,-4.36,0.27,-8.08,0.0,7.83
2006-01-22,-0.19,5.92,-5.61,1.48,6.43
2006-01-23,-1.15,2.04,-5.73,9.15,3.29
2006-01-24,-6.07,-3.31,-7.55,5.87,2.32
2006-01-25,-4.08,-0.02,-7.28,14.71,2.04
2006-01-26,-8.43,-3.56,-13.94,0.91,8.56
2006-01-27,-11.63,-5.25,-15.65,0.17,8.8
2006-01-28,-11.43,-5.01,-17.21,0.16,11.82
2006-01-29,-12.99,-7.29,-17.0,0.27,12.57
2006-01-30,-12.47,-5.54,-17.59,0.0,13.62
2006-01-31,-9.25,-1.18,-17.1,0.0,13.46
2006-02-01,-6.1,0.52,-11.42,0.62,13.89
2006-02-02,-2.81,0.56,-6.27,2.8,10.12
2006-02-03,-4.71,-0.48,-8.16,0.0,10.08
2006-02-04,-5.25,0.84,-8.96,0.0,9.77
2006-02-05,-1.04,4.21,-7.17,0.12,9.49
2006-02-06,1.69,5.69,-0.02,3.9,11.09
2006-02-07,1.46,5.26,0.05,3.8,5.3
2006-02-08,1.11,6.17,-1.62,6.35,4.48
2006-02-09,-2.08,1.48,-4.56,2.45,12.09
2006-02-10,1.74,5.93,-3.14,1.04,3.62
2006-02-11,3.94,8.96,0.81,4.5,9.94
2006-02-12,0.43,5.61,-4.25,4.23,2.7
2006-02-13,-3.01,1.46,-5.43,0.66,7.58
2006-02-14,-4.16,-0.61,-6.2,0.27,14.07
2006-02-15,-6.09,-3.07,-9.42,0.27,15.65
2006-02-16,-7.41,-2.62,-11.61,0.04,16.47
2006-02-17,-2.71,2.54,-8.98,0.64,11.7
2006-02-18,2.27,8.45,-1.86,0.58,12.58
2006-02-19,2.93,8.09,-0.08,0.07,8.91
2006-02-20,1.86,4.18,0.36,2.29,12.86
2006-02-21,3.42,10.87,-0.91,0.06,8.1
2006-02-22,3.79,11.38,-2.79,0.0,12.22
2006-02-23,4.33,13.13,-0.63,0.0,13.28
2006-02-24,5.3,15.99,-1.54,0.05,10.93
2006-02-25,5.29,13.96,-1.55,0.06,14.22
2006-02-26,5.96,12.79,1.34,1.87,15.31
2006-02-27,3.81,9.99,-1.04,0.21,15.02
2006-02-28,3.95,8.53,-1.55,0.11,5.77
2006-03-01,4.88,11.51,0.1,0.25,10.91
2006-03-02,5.59,13.24,-0.16,0.19,15.56
2006-03-03,6.03,12.68,-1.81,2.61,7.44
2006-03-04,3.08,10.45,-3.69,0.03,16.69
2006-03-05,5.89,15.07,-1.24,0.0,18.54
2006-03-06,6.59,17.1,-0.08,0.0,15.16
2006-03-07,7.02,16.36,-0.37,0.07,12.92
2006-03-08,5.47,9.76,1.58,2.85,12.42
2006-03-09,-1.38,3.29,-5.35,0.92,9.19
2006-03-10,-0.45,6.33,-5.96,0.0,19.23
2006-03-11,4.37,12.51,-2.86,0.02,12.09
2006-03-12,6.38,12.85,0.77,0.02,14.04
2006-03-13,6.3,13.0,1.84,4.88,8.92
2006-03-14,4.18,8.89,1.03,3.9,7.68
2006-03-15,3.69,8.11,0.15,2.28,13.23
2006-03-16,3.26,8.74,-1.62,1.5,14.86
2006-03-17,3.55,8.98,-0.45,1.01,10.66
2006-03-18,3.63,8.34,-0.05,6.23,13.1
2006-03-19,2.58,7.04,-0.77,1.24,11.58
2006-03-20,4.48,12.79,-3.1,0.13,20.2
2006-03-21,6.75,12.18,2.86,0.33,10.11
2006-03-22,8.74,16.23,0.82,0.03,21.5
2006-03-23,11.59,21.51,4.33,0.0,15.19
2006-03-24,9.12,15.17,4.29,0.02,15.83
2006-03-25,7.4,12.38,4.05,0.64,9.26
2006-03-26,6.21,12.2,-0.07,0.15,17.39
2006-03-27,8.28,14.09,1.05,0.02,20.2
2006-03-28,7.96,15.13,0.45,0.0,21.64
2006-03-29,9.21,17.44,0.85,0.0,19.54
2006-03-30,10.49,19.81,2.28,0.54,21.71
2006-03-31,8.95,14.41,4.52,1.6,19.1
2006-04-01,9.65,16.97,4.28,0.92,21.27
2006-04-02,7.27,14.1,1.88,0.61,18.39
2006-04-03,7.62,15.16,1.48,0.0,22.38
2006-04-04,9.06,17.1,1.37,0.06,22.81
2006-04-05,8.42,16.03,0.97,0.0,22.76
2006-04-06,9.81,18.68,0.82,0.01,22.25
2006-04-07,13.54,20.92,6.43,0.01,18.46
2006-04-08,11.85,19.47,6.98,0.13,13.26
2006-04-09,12.11,19.14,6.18,0.33,18.12
2006-04-10,10.27,17.6,4.58,0.05,22.48
2006-04-11,11.41,19.59,4.04,0.0,24.5
2006-04-12,13.9,21.03,7.96,0.0,13.76
2006-04-13,12.43,21.0,4.9,0.0,24.97
2006-04-14,10.9,14.92,7.12,2.82,10.8
2006-04-15,13.7,20.14,7.7,15.29,20.41
2006-04-16,11.54,19.29,3.95,0.09,25.56
2006-04-17,13.17,21.31,6.08,0.0,26.02
2006-04-18,12.13,18.25,5.18,0.0,18.07
2006-04-19,14.52,23.35,6.1,0.0,14.41
2006-04-20,15.09,22.46,8.55,0.0,24.08
2006-04-21,12.96,18.69,8.15,0.63,21.39
2006-04-22,10.95,16.54,6.03,4.66,21.1
2006-04-23,11.97,17.45,6.9,3.75,10.01
2006-04-24,9.08,12.57,5.52,4.43,20.18
2006-04-25,6.83,13.91,0.8,0.01,27.29
2006-04-26,5.39,12.98,-2.96,0.0,27.81
2006-04-27,9.16,17.39,-1.28,0.0,28.16
2006-04-28,13.58,20.42,8.09,0.3,21.86
2006-04-29,13.31,20.19,8.6,5.71,13.0
2006-04-30,12.91,19.03,7.5,1.77,16.9
2006-05-01,12.07,17.63,8.09,1.73,17.45
2006-05-02,10.89,16.35,5.99,3.33,15.04
2006-05-03,10.71,17.05,4.87,0.27,20.48
2006-05-04,10.38,16.09,4.85,2.28,20.03
2006-05-05,10.73,16.43,5.85,2.35,18.99
2006-05-06,12.79,18.28,7.41,2.36,19.85
2006-05-07,11.48,16.67,6.11,2.08,17.65
2006-05-08,9.36,16.32,4.06,0.62,24.38
2006-05-09,8.88,14.23,2.37,0.84,17.38
2006-05-10,12.72,19.62,4.77,0.0,25.01
2006-05-11,14.51,21.66,8.47,0.18,23.41
2006-05-12,13.5,19.47,7.15,0.08,18.01
2006-05-13,11.74,17.54,6.18,2.13,21.83
2006-05-14,12.05,20.1,3.93,0.0,26.65
2006-05-15,13.87,21.85,5.08,0.51,29.17
2006-05-16,14.0,20.83,7.43,1.9,19.95
2006-05-17,12.49,18.47,6.95,0.24,17.25
2006-05-18,14.59,22.29,5.25,0.04,25.49
2006-05-19,17.54,24.3,11.71,0.02,25.53
2006-05-20,17.7,24.92,8.52,0.0,26.92
2006-05-21,19.25,24.97,12.09,1.4,26.12
2006-05-22,19.98,26.42,12.02,0.01,26.52
2006-05-23,20.37,28.44,11.57,0.0,29.15
2006-05-24,20.75,29.28,12.17,0.0,29.84
2006-05-25,22.24,30.34,10.89,0.0,30.48
2006-05-26,21.27,28.83,13.7,0.46,18.83
2006-05-27,18.01,25.22,11.0,0.02,26.06
2006-05-28,17.44,25.17,9.11,0.0,29.17
2006-05-29,20.77,29.4,11.04,0.0,30.74
2006-05-30,22.53,31.77,13.74,0.0,30.0
2006-05-31,21.93,30.91,12.69,0.0,30.23
2006-06-01,22.6,31.48,13.46,0.01,29.66
2006-06-02,24.26,32.99,14.15,0.0,29.44
2006-06-03,26.51,34.84,19.31,0.01,27.16
2006-06-04,24.9,34.04,16.37,0.0,28.97
2006-06-05,23.9,32.66,16.04,0.0,26.35
2006-06-06,21.2,29.64,13.32,0.0,30.74
2006-06-07,19.91,28.62,10.7,0.13,28.9
2006-06-08,19.0,25.88,10.7,0.04,30.28
2006-06-09,17.22,23.16,11.17,0.83,22.93
2006-06-10,16.38,23.07,8.5,0.42,24.0
2006-06-11,15.8,21.36,10.46,2.51,24.13
2006-06-12,17.08,25.13,7.34,0.09,28.46
2006-06-13,19.69,29.06,11.39,1.55,21.23
2006-06-14,16.14,22.3,10.53,0.69,20.91
2006-06-15,17.61,25.77,8.62,0.08,26.33
2006-06-16,16.74,23.88,9.59,0.04,30.87
2006-06-17,17.95,25.86,9.54,0.0,28.79
2006-06-18,20.39,29.08,10.66,0.0,31.22
2006-06-19,21.67,30.65,11.45,0.0,31.71
2006-06-20,23.5,32.07,12.66,0.03,29.27
2006-06-21,25.06,33.12,15.29,0.22,26.57
2006-06-22,24.16,32.06,15.21,0.0,28.3
2006-06-23,23.14,30.52,14.5,0.0,27.51
2006-06-24,24.06,31.23,15.36,0.0,27.22
2006-06-25,25.16,33.21,15.88,0.0,27.93
2006-06-26,24.88,32.49,16.82,0.01,29.04
2006-06-27,23.28,30.05,16.52,0.31,26.12
2006-06-28,21.4,27.66,15.43,5.88,18.69
2006-06-29,20.24,24.33,15.55,4.72,15.32
2006-06-30,21.47,27.99,14.11,2.69,22.84
2006-07-01,22.56,30.04,13.92,0.0,30.48
2006-07-02,23.11,30.01,15.42,3.21,28.38
2006-07-03,20.89,25.56,14.79,0.72,15.75
2006-07-04,18.01,25.78,10.12,0.01,29.69
2006-07-05,18.47,26.28,10.38,0.01,26.5
2006-07-06,18.84,26.31,10.3,0.0,24.4
2006-07-07,18.9,26.29,10.55,0.0,27.25
2006-07-08,19.6,27.29,11.11,0.0,29.89
2006-07-09,20.28,28.49,10.98,0.0,30.01
2006-07-10,22.53,30.34,13.89,0.0,28.69
2006-07-11,23.44,30.56,14.83,0.31,27.54
2006-07-12,24.5,32.91,15.08,0.19,28.54
2006-07-13,25.86,33.74,15.78,0.03,26.15
2006-07-14,24.8,30.7,18.82,0.31,27.25
2006-07-15,23.43,31.15,14.93,0.0,26.46
2006-07-16,23.66,31.23,15.14,0.0,26.94
2006-07-17,25.45,33.53,15.71,0.25,24.33
2006-07-18,24.42,31.03,17.11,0.0,27.9
2006-07-19,23.25,30.89,15.8,0.0,28.91
2006-07-20,22.08,30.14,13.84,0.0,30.26
2006-07-21,21.58,29.99,12.55,0.0,26.07
2006-07-22,21.95,29.24,13.89,0.0,27.25
2006-07-23,24.27,31.52,16.09,0.01,25.58
2006-07-24,23.96,31.95,16.09,0.0,28.86
2006-07-25,23.44,31.61,14.81,0.0,28.94
2006-07-26,23.94,32.3,14.65,0.0,29.19
2006-07-27,24.47,32.74,15.5,0.0,28.62
2006-07-28,24.33,31.89,16.05,0.0,28.44
2006-07-29,23.33,30.35,15.8,0.0,27.67
2006-07-30,23.61,30.95,15.52,0.0,28.45
2006-07-31,25.86,33.31,18.93,0.0,28.01
2006-08-01,24.6,32.66,15.71,0.0,27.84
2006-08-02,25.24,33.42,15.79,0.0,27.72
2006-08-03,27.08,34.9,16.8,0.0,26.13
2006-08-04,29.4,36.71,21.56,0.0,25.69
2006-08-05,29.69,37.66,20.4,0.0,26.23
2006-08-06,30.93,38.38,22.76,0.0,25.6
2006-08-07,30.04,38.02,21.95,0.0,25.53
2006-08-08,26.26,34.33,18.52,0.0,26.09
2006-08-09,25.41,33.04,16.82,0.0,26.52
2006-08-10,26.96,34.63,16.78,0.0,25.59
2006-08-11,28.56,36.9,20.16,0.0,24.51
2006-08-12,27.59,35.9,19.04,0.0,25.65
2006-08-13,27.96,36.62,19.13,0.0,25.61
2006-08-14,28.83,37.74,19.44,0.0,25.24
2006-08-15,28.26,36.27,20.27,0.0,25.12
2006-08-16,28.37,37.02,19.8,0.0,24.81
2006-08-17,28.12,36.82,19.52,0.02,23.78
2006-08-18,27.29,34.54,20.6,1.22,21.83
2006-08-19,26.36,34.01,19.45,0.0,25.8
2006-08-20,24.36,32.22,16.48,0.0,25.82
2006-08-21,24.49,32.39,17.07,0.0,25.94
2006-08-22,26.09,34.09,17.17,0.0,25.37
2006-08-23,26.32,34.37,18.7,0.0,24.54
2006-08-24,24.9,33.11,17.1,0.0,24.17
2006-08-25,26.14,34.53,17.37,0.0,23.12
2006-08-26,28.43,36.65,19.8,0.02,21.41
2006-08-27,26.58,34.7,18.9,0.0,24.12
2006-08-28,26.54,35.04,17.83,0.02,22.99
2006-08-29,23.28,30.12,16.8,0.0,24.99
2006-08-30,25.21,34.56,16.97,0.0,24.63
2006-08-31,24.42,32.79,16.07,0.0,23.11
2006-09-01,18.34,25.22,12.41,5.3,8.8
2006-09-02,15.62,22.04,10.03,0.44,21.38
2006-09-03,17.19,25.11,9.32,0.01,23.09
2006-09-04,19.38,27.2,12.3,0.0,23.81
2006-09-05,20.36,28.81,11.07,0.0,23.0
2006-09-06,20.06,27.8,13.02,0.0,22.67
2006-09-07,17.64,25.6,9.87,0.0,24.2
2006-09-08,19.86,28.15,10.35,0.0,23.54
2006-09-09,21.88,30.71,13.73,0.0,22.92
2006-09-10,20.52,29.31,11.71,0.01,14.41
2006-09-11,19.97,26.76,14.95,0.11,17.41
2006-09-12,17.37,24.27,12.04,0.0,17.76
2006-09-13,17.52,25.32,10.09,0.0,22.33
2006-09-14,18.36,26.5,10.31,0.0,20.97
2006-09-15,18.51,26.95,10.11,0.0,21.63
2006-09-16,20.25,28.64,12.88,0.0,21.26
2006-09-17,18.36,26.72,10.45,0.0,21.11
2006-09-18,20.73,29.41,13.16,0.13,19.14
2006-09-19,21.87,29.64,15.78,0.63,17.34
2006-09-20,19.64,25.83,13.25,4.0,18.22
2006-09-21,16.84,20.79,13.29,4.65,11.41
2006-09-22,16.34,21.2,11.66,1.49,12.37
2006-09-23,16.18,20.9,11.43,4.22,14.22
2006-09-24,15.86,20.68,11.11,6.19,14.99
2006-09-25,14.21,18.32,11.05,5.52,9.91
2006-09-26,15.69,21.45,10.54,0.0,18.0
2006-09-27,17.11,24.28,10.06,0.02,16.57
2006-09-28,18.91,27.36,11.96,0.42,15.76
2006-09-29,17.43,22.64,12.74,4.11,11.96
2006-09-30,15.91,22.34,11.62,0.77,13.48
2006-10-01,15.24,21.07,10.43,0.05,12.26
2006-10-02,14.4,20.82,9.02,0.0,16.17
2006-10-03,14.74,21.63,7.94,0.0,19.12
2006-10-04,16.13,23.87,9.77,0.0,19.04
2006-10-05,17.33,25.41,10.48,0.0,18.72
2006-10-06,19.12,26.69,12.19,0.0,18.53
2006-10-07,18.85,27.5,12.79,0.0,16.49
2006-10-08,18.55,26.72,12.73,0.0,15.98
2006-10-09,17.42,25.47,11.87,0.15,15.82
2006-10-10,16.14,22.98,10.89,0.78,14.66
2006-10-11,15.04,21.23,9.74,0.02,12.36
2006-10-12,14.92,19.61,9.9,0.78,13.61
2006-10-13,14.4,18.6,11.82,2.51,8.64
2006-10-14,11.62,15.01,7.89,11.4,3.18
2006-10-15,9.08,12.32,7.04,15.15,4.59
2006-10-16,10.44,15.67,6.49,0.27,10.24
2006-10-17,8.72,10.15,7.32,6.56,3.96
2006-10-18,11.67,16.92,8.23,9.87,6.47
2006-10-19,12.62,19.03,7.57,2.67,12.5
2006-10-20,10.91,15.5,7.68,3.9,13.44
2006-10-21,11.65,18.35,6.51,0.25,14.14
2006-10-22,12.87,18.59,8.01,0.38,8.92
2006-10-23,13.4,18.27,9.24,0.4,12.08
2006-10-24,13.37,17.79,8.81,0.11,12.06
2006-10-25,13.4,19.77,7.66,0.0,14.08
2006-10-26,11.02,17.29,6.05,4.72,9.12
2006-10-27,7.9,12.08,4.52,2.85,8.37
2006-10-28,9.52,14.5,5.85,1.57,8.1
2006-10-29,9.57,14.73,6.3,0.32,6.42
2006-10-30,9.88,16.15,3.9,0.73,9.45
2006-10-31,11.53,14.17,8.72,17.28,5.03
2006-11-01,8.62,11.2,4.23,5.85,11.76
2006-11-02,8.51,15.37,2.83,0.11,12.69
2006-11-03,8.37,14.37,2.48,8.94,4.94
2006-11-04,1.34,5.41,-1.26,4.79,6.44
2006-11-05,-1.78,1.36,-5.62,2.4,6.21
2006-11-06,-1.04,4.45,-6.17,0.02,13.27
2006-11-07,1.66,7.08,-2.34,0.11,8.13
2006-11-08,3.98,10.17,0.02,0.0,11.36
2006-11-09,3.49,10.83,-0.95,0.0,12.56
2006-11-10,5.15,13.14,-1.33,0.0,12.29
2006-11-11,4.53,11.38,-0.52,0.27,5.62
2006-11-12,4.03,9.49,0.17,0.13,5.43
2006-11-13,7.18,12.63,3.09,0.92,3.19
2006-11-14,2.16,7.27,-1.22,1.17,11.61
2006-11-15,2.37,8.76,-3.04,0.0,8.42
2006-11-16,3.65,10.26,-0.7,0.0,11.58
2006-11-17,5.5,13.9,-0.89,0.0,11.38
2006-11-18,5.62,13.34,0.07,0.0,11.43
2006-11-19,2.75,9.63,-1.36,0.0,11.77
2006-11-20,3.04,10.65,-3.01,0.0,10.67
2006-11-21,6.18,12.89,0.79,0.27,9.05
2006-11-22,5.78,10.65,2.49,0.1,7.31
2006-11-23,6.46,13.11,2.24,0.0,10.52
2006-11-24,6.17,13.36,2.59,0.0,10.6
2006-11-25,6.22,13.35,1.27,0.0,10.4
2006-11-26,4.39,13.29,-1.84,0.0,10.63
2006-11-27,5.25,12.92,-1.03,0.0,10.53
2006-11-28,6.23,13.62,1.72,0.0,10.0
2006-11-29,4.34,12.51,-1.5,0.0,10.53
2006-11-30,1.27,9.2,-2.62,0.0,10.65
2006-12-01,1.81,9.68,-3.41,0.0,10.63
2006-12-02,1.04,7.3,-3.06,0.0,9.15
2006-12-03,0.68,7.45,-3.48,0.0,10.09
2006-12-04,2.21,7.84,-1.23,0.0,9.82
2006-12-05,3.83,9.69,0.16,0.01,5.28
2006-12-06,4.23,8.33,0.74,0.01,6.42
2006-12-07,5.14,10.22,1.11,0.0,8.51
2006-12-08,4.04,10.53,-0.07,0.0,9.0
2006-12-09,2.42,9.19,-1.81,0.0,9.58
2006-12-10,2.33,8.49,-2.75,0.0,9.53
2006-12-11,1.44,7.32,-1.47,0.0,8.77
2006-12-12,0.56,4.91,-1.42,0.33,3.35
2006-12-13,1.75,8.53,-2.25,0.03,6.78
2006-12-14,1.26,7.96,-3.48,0.0,4.61
2006-12-15,-0.47,5.81,-3.65,0.0,9.36
2006-12-16,-0.29,5.47,-3.28,0.0,10.04
2006-12-17,1.26,8.0,-3.07,0.0,10.03
2006-12-18,1.72,9.51,-1.87,0.0,9.37
2006-12-19,2.51,8.45,-0.87,0.0,5.6
2006-12-20,2.1,7.16,-1.04,0.11,7.27
2006-12-21,3.04,8.12,-1.19,0.21,4.62
2006-12-22,-1.87,3.1,-5.86,0.05,6.93
2006-12-23,-3.19,1.48,-5.9,0.0,9.5
2006-12-24,-2.16,2.88,-4.46,0.0,6.37
2006-12-25,-1.97,2.76,-4.9,0.01,8.81
2006-12-26,-3.43,-0.59,-8.52,0.69,6.8
2006-12-27,-7.33,-3.31,-11.14,0.07,7.33
2006-12-28,-5.13,-0.63,-8.61,0.0,8.79
2006-12-29,-5.04,1.51,-10.6,0.0,10.18
2006-12-30,-2.85,3.55,-6.64,0.0,9.74
2006-12-31,-2.47,3.6,-7.31,0.0,7.48
2007-01-01,-3.21,1.78,-8.38,0.0,10.19
2007-01-02,0.18,9.87,-5.75,0.01,9.81
2007-01-03,2.96,9.13,-0.06,0.79,6.62
2007-01-04,1.36,4.74,-0.79,7.38,2.42
2007-01-05,-0.59,3.84,-3.76,2.02,2.24
2007-01-06,-1.64,3.04,-4.07,0.21,5.63
2007-01-07,-2.18,1.81,-5.33,0.29,6.6
2007-01-08,-1.67,3.27,-5.09,0.0,9.28
2007-01-09,-0.9,5.29,-4.55,0.0,9.66
2007-01-10,-0.26,5.91,-4.2,0.0,4.99
2007-01-11,-0.72,4.88,-4.66,0.0,8.64
2007-01-12,-0.45,5.13,-5.16,0.02,5.22
2007-01-13,0.56,5.12,-2.35,1.42,3.64
2007-01-14,0.12,4.68,-2.18,0.0,5.01
2007-01-15,-0.24,5.42,-3.03,0.0,6.01
2007-01-16,-0.84,4.95,-3.3,0.0,6.16
2007-01-17,-0.9,5.98,-6.33,0.0,7.33
2007-01-18,0.38,7.56,-5.07,0.0,7.47
2007-01-19,2.31,8.72,-2.18,0.02,7.68
2007-01-20,0.15,3.6,-4.11,7.94,7.72
2007-01-21,-1.89,3.23,-5.89,0.0,11.48
2007-01-22,1.05,9.36,-4.07,0.0,11.39
2007-01-23,2.91,12.19,-1.33,0.0,10.94
2007-01-24,2.44,11.93,-2.19,0.0,10.86
2007-01-25,1.98,10.27,-2.54,0.0,7.5
2007-01-26,4.65,13.06,-0.43,0.0,8.58
2007-01-27,4.98,13.16,-1.51,0.06,8.84
2007-01-28,-0.72,4.58,-7.31,7.14,4.46
2007-01-29,-5.24,-0.83,-8.7,0.1,9.86
2007-01-30,-3.05,0.45,-7.97,1.76,6.15
2007-01-31,-4.59,0.69,-8.44,0.26,6.09
2007-02-01,-2.75,4.89,-9.39,0.17,13.33
2007-02-02,-0.63,1.56,-3.06,7.29,2.35
2007-02-03,-3.46,-1.31,-4.92,3.29,4.77
2007-02-04,-4.77,-0.15,-9.01,0.62,5.16
2007-02-05,-5.57,-1.82,-8.65,2.22,8.23
2007-02-06,-6.0,-1.32,-10.09,0.95,6.86
2007-02-07,-6.24,0.72,-11.77,0.0,13.78
2007-02-08,-1.27,6.06,-6.65,0.0,13.72
2007-02-09,1.2,6.84,-2.12,0.0,12.44
2007-02-10,1.06,7.82,-2.47,0.0,13.27
2007-02-11,1.19,8.03,-2.24,0.0,10.04
2007-02-12,1.83,8.74,-1.98,0.0,9.34
2007-02-13,2.63,9.09,-1.12,0.03,11.32
2007-02-14,4.03,10.08,-0.3,5.13,4.23
2007-02-15,3.21,9.09,-0.74,1.5,7.96
2007-02-16,1.92,8.68,-2.65,0.01,10.16
2007-02-17,2.59,9.88,-2.46,0.0,11.76
2007-02-18,1.66,8.93,-3.07,0.0,9.06
2007-02-19,2.75,10.68,-3.32,0.0,15.53
2007-02-20,5.29,12.66,-0.61,0.0,13.92
2007-02-21,5.24,12.78,-0.48,0.0,15.29
2007-02-22,4.67,12.31,-1.54,0.0,14.78
2007-02-23,5.37,12.97,-0.89,0.0,10.13
2007-02-24,2.9,9.08,-5.09,0.0,13.42
2007-02-25,-1.66,6.94,-6.81,0.0,17.33
2007-02-26,0.77,9.08,-5.23,0.0,17.09
2007-02-27,4.36,12.49,-2.68,0.0,16.02
2007-02-28,3.89,8.29,0.88,2.42,4.23
2007-03-01,4.84,11.59,0.74,0.12,11.08
2007-03-02,6.3,14.6,-1.33,0.0,14.17
2007-03-03,6.83,12.19,2.93,1.47,7.57
2007-03-04,8.4,14.91,3.88,3.17,12.55
2007-03-05,3.42,8.25,-1.98,1.49,11.07
2007-03-06,2.34,9.81,-2.73,0.02,14.76
2007-03-07,2.39,10.52,-4.27,0.0,19.4
2007-03-08,4.34,12.4,-1.91,0.0,18.93
2007-03-09,6.16,15.5,-0.72,0.0,19.2
2007-03-10,6.89,16.34,-1.1,0.0,17.61
2007-03-11,7.69,15.22,1.25,0.01,12.15
2007-03-12,6.48,14.61,-0.33,0.0,19.2
2007-03-13,1.38,6.42,-2.71,0.28,13.25
2007-03-14,-0.57,2.92,-3.21,1.76,9.76
2007-03-15,1.0,6.75,-5.05,1.93,7.16
2007-03-16,0.16,7.01,-6.13,0.02,14.5
2007-03-17,1.7,9.41,-4.75,0.0,20.99
2007-03-18,4.86,13.33,-2.51,0.0,17.41
2007-03-19,7.02,15.13,-0.57,0.0,17.22
2007-03-20,7.24,15.81,0.46,0.0,19.14
2007-03-21,8.32,17.74,1.04,0.0,20.7
2007-03-22,9.27,16.86,1.28,0.01,8.77
2007-03-23,11.9,21.02,7.02,7.84,15.95
2007-03-24,6.32,10.25,2.15,3.28,15.84
2007-03-25,4.93,11.12,0.64,1.1,16.89
2007-03-26,3.72,10.12,-1.83,0.0,12.74
2007-03-27,4.12,10.52,-2.81,0.02,19.79
2007-03-28,3.83,9.04,-0.51,0.26,10.02
2007-03-29,5.39,12.44,-1.72,0.0,21.07
2007-03-30,8.17,15.88,0.68,0.13,19.39
2007-03-31,6.45,10.39,2.42,3.98,12.07
2007-04-01,5.14,9.95,-0.37,3.01,8.5
2007-04-02,3.03,9.33,-3.18,0.34,17.52
2007-04-03,2.52,8.25,-2.27,0.15,18.16
2007-04-04,4.88,12.42,-2.85,1.18,21.46
2007-04-05,7.22,13.87,2.05,4.05,5.27
2007-04-06,8.15,14.21,2.82,1.31,14.46
2007-04-07,8.95,15.63,2.37,0.04,22.38
2007-04-08,9.63,17.59,1.83,0.0,22.82
2007-04-09,8.05,14.55,2.39,0.0,19.18
2007-04-10,7.22,15.14,-1.73,0.0,25.46
2007-04-11,8.28,16.12,0.2,0.03,23.41
2007-04-12,8.35,15.87,1.57,0.0,24.9
2007-04-13,7.35,14.43,-0.13,0.03,20.1
2007-04-14,5.84,13.11,-1.38,0.02,26.58
2007-04-15,3.9,8.96,-0.67,0.1,15.27
2007-04-16,2.95,8.7,-3.33,0.25,16.63
2007-04-17,5.56,12.18,-3.38,0.03,21.24
2007-04-18,5.2,9.06,0.0,2.41,13.87
2007-04-19,4.9,13.45,-3.66,2.05,15.48
2007-04-20,6.45,12.8,1.48,0.23,27.15
2007-04-21,10.3,19.84,-0.31,0.0,27.42
2007-04-22,12.32,20.41,5.85,0.0,22.68
2007-04-23,8.21,14.7,1.44,0.0,27.79
2007-04-24,6.81,14.91,-2.92,0.0,28.9
2007-04-25,10.19,16.29,1.96,0.0,25.97
2007-04-26,13.51,20.46,6.42,0.0,21.55
2007-04-27,13.58,20.78,6.62,0.01,21.01
2007-04-28,11.17,17.28,5.69,5.5,13.7
2007-04-29,9.64,14.51,5.94,3.5,13.02
2007-04-30,10.38,18.22,1.07,0.03,25.86
2007-05-01,14.2,21.63,6.65,0.51,19.83
2007-05-02,13.74,20.68,8.22,1.35,19.1
2007-05-03,12.89,20.42,7.15,0.01,26.95
2007-05-04,14.89,23.55,6.3,0.0,27.54
2007-05-05,17.74,25.91,9.23,0.0,27.87
2007-05-06,19.67,28.73,10.69,0.0,27.71
2007-05-07,20.64,31.05,10.42,0.0,27.39
2007-05-08,19.72,27.65,13.9,1.17,18.97
2007-05-09,17.86,24.3,11.62,0.37,24.94
2007-05-10,17.85,24.88,10.04,0.04,23.5
2007-05-11,17.03,25.44,9.23,0.0,29.53
2007-05-12,16.56,23.74,8.53,0.53,20.19
2007-05-13,18.95,27.65,10.4,0.26,29.07
2007-05-14,16.34,25.61,6.66,0.0,30.6
2007-05-15,16.54,27.01,5.98,0.0,30.51
2007-05-16,19.81,29.44,7.61,0.0,29.4
2007-05-17,20.42,27.75,13.35,0.05,22.98
2007-05-18,15.54,18.86,12.1,8.71,12.31
2007-05-19,18.82,27.69,8.86,0.45,27.27
2007-05-20,20.78,29.74,13.3,0.75,17.97
2007-05-21,18.1,25.55,11.0,0.35,27.65
2007-05-22,18.71,26.76,10.44,0.46,27.08
2007-05-23,19.21,27.0,10.78,0.08,28.12
2007-05-24,19.52,27.89,9.86,0.0,29.43
2007-05-25,20.52,28.77,9.96,0.02,22.07
2007-05-26,21.44,29.61,13.33,0.01,28.75
2007-05-27,19.57,27.4,11.52,0.08,27.18
2007-05-28,19.61,27.04,11.67,0.06,27.31
2007-05-29,19.23,24.9,14.51,1.33,20.64
2007-05-30,21.69,29.52,12.82,0.94,26.39
2007-05-31,21.71,30.48,13.61,0.09,28.18
2007-06-01,20.35,27.89,13.17,0.0,27.37
2007-06-02,20.84,28.29,12.59,0.01,28.32
2007-06-03,22.11,29.86,12.82,1.41,25.44
2007-06-04,22.82,29.45,14.11,0.11,26.13
2007-06-05,23.79,31.72,13.85,0.29,23.68
2007-06-06,22.6,29.26,16.26,4.38,18.1
2007-06-07,18.28,22.65,14.25,1.34,24.5
2007-06-08,15.97,19.3,12.77,1.59,16.31
2007-06-09,17.19,22.74,10.67,3.98,25.1
2007-06-10,16.15,23.71,11.66,4.33,12.03
2007-06-11,17.24,24.12,10.88,3.44,25.45
2007-06-12,17.21,23.75,10.45,2.2,27.09
2007-06-13,20.97,27.84,12.09,0.0,26.18
2007-06-14,23.34,30.4,16.06,0.0,26.06
2007-06-15,24.17,32.14,15.16,0.34,26.8
2007-06-16,23.92,32.08,14.74,0.48,26.97
2007-06-17,23.19,29.29,16.24,1.94,27.36
2007-06-18,22.8,29.23,14.72,0.71,25.5
2007-06-19,22.02,29.38,14.14,0.03,29.4
2007-06-20,21.71,29.23,12.1,0.0,25.49
2007-06-21,21.19,28.44,14.11,0.04,28.7
2007-06-22,20.71,29.43,10.27,0.0,32.06
2007-06-23,24.22,33.35,13.14,0.0,31.18
2007-06-24,27.58,36.56,17.51,0.0,29.73
2007-06-25,24.13,31.94,15.94,0.05,31.44
2007-06-26,25.33,33.98,15.28,0.0,29.69
2007-06-27,27.17,36.28,17.66,0.96,28.96
2007-06-28,28.44,37.02,19.36,0.0,30.12
2007-06-29,25.37,32.94,17.58,0.03,26.89
2007-06-30,22.89,29.32,16.58,0.09,25.37
2007-07-01,21.05,27.92,14.14,0.16,26.95
2007-07-02,20.55,28.03,12.87,0.0,30.48
2007-07-03,22.44,31.13,12.48,0.0,31.29
2007-07-04,24.97,34.07,14.59,0.0,31.17
2007-07-05,27.27,36.27,17.61,0.0,30.85
2007-07-06,26.24,37.29,16.79,0.0,29.32
2007-07-07,21.75,29.37,14.16,0.0,31.18
2007-07-08,22.2,31.03,12.62,0.0,31.92
2007-07-09,23.05,32.42,12.91,0.0,31.8
2007-07-10,24.77,33.47,13.38,0.0,31.05
2007-07-11,27.82,36.72,16.49,0.0,29.54
2007-07-12,28.34,37.06,18.52,0.0,29.05
2007-07-13,25.42,34.83,17.2,0.44,28.3
2007-07-14,21.92,27.61,16.25,0.31,23.94
2007-07-15,20.98,28.04,14.14,0.0,29.48
2007-07-16,20.74,28.51,12.23,0.0,30.28
2007-07-17,21.69,29.83,11.72,0.0,29.28
2007-07-18,23.65,31.02,14.25,0.0,26.89
2007-07-19,25.06,33.65,15.94,0.0,29.9
2007-07-20,25.27,34.86,14.64,0.0,29.83
2007-07-21,27.16,36.39,16.58,0.0,29.34
2007-07-22,27.5,36.56,18.13,0.0,29.49
2007-07-23,27.32,35.99,17.93,0.0,29.62
2007-07-24,27.71,36.13,18.99,0.0,29.24
2007-07-25,28.33,36.99,17.77,0.0,28.9
2007-07-26,29.89,38.71,20.5,0.0,27.84
2007-07-27,29.66,38.74,20.04,0.0,26.86
2007-07-28,30.44,38.99,21.63,0.03,26.1
2007-07-29,30.42,38.0,21.25,0.12,26.02
2007-07-30,29.37,36.74,21.64,0.06,26.03
2007-07-31,30.18,36.93,22.81,0.05,23.07
2007-08-01,30.04,38.17,21.89,0.2,20.75
2007-08-02,24.77,31.6,18.76,0.0,25.64
2007-08-03,23.9,32.23,14.93,0.0,28.2
2007-08-04,25.86,34.09,16.93,0.0,28.2
2007-08-05,26.97,35.59,17.14,0.0,27.07
2007-08-06,27.92,36.64,18.75,0.0,27.9
2007-08-07,25.74,33.73,17.82,0.0,27.89
2007-08-08,24.05,31.3,16.14,0.0,27.14
2007-08-09,24.32,31.91,16.09,0.0,26.78
2007-08-10,25.32,33.37,16.79,0.0,26.29
2007-08-11,27.64,36.3,19.07,0.0,26.19
2007-08-12,28.89,37.76,20.13,0.0,26.38
2007-08-13,26.55,34.41,18.45,0.0,26.46
2007-08-14,26.57,33.77,18.71,0.03,24.99
2007-08-15,26.58,33.39,20.41,0.04,23.81
2007-08-16,26.39,34.0,19.5,0.03,23.85
2007-08-17,25.44,32.7,18.53,0.0,26.15
2007-08-18,24.49,31.77,17.19,0.01,26.21
2007-08-19,25.49,32.62,17.53,0.06,25.32
2007-08-20,27.82,34.97,18.54,0.0,22.32
2007-08-21,28.02,34.97,21.56,0.0,23.47
2007-08-22,26.15,34.11,17.98,0.0,25.95
2007-08-23,25.31,33.08,17.28,0.0,25.61
2007-08-24,23.61,30.76,16.92,0.0,21.98
2007-08-25,23.41,29.22,17.33,0.77,21.45
2007-08-26,24.03,30.67,16.56,0.02,23.43
2007-08-27,24.23,30.36,17.27,0.54,22.27
2007-08-28,22.37,28.05,16.71,2.23,15.37
2007-08-29,23.6,30.42,16.09,0.05,22.25
2007-08-30,24.05,31.72,16.24,0.0,23.63
2007-08-31,25.14,33.35,16.41,0.0,24.19
2007-09-01,25.81,34.38,17.69,0.0,24.1
2007-09-02,26.05,35.04,16.61,0.0,23.14
2007-09-03,25.85,34.83,17.16,0.0,21.52
2007-09-04,25.37,33.45,17.67,0.0,22.55
2007-09-05,25.38,33.25,17.4,0.0,22.93
2007-09-06,23.64,31.71,16.43,0.0,22.86
2007-09-07,23.21,31.16,14.89,0.01,22.7
2007-09-08,20.59,29.17,14.11,0.0,23.17
2007-09-09,15.18,21.28,11.16,1.99,15.67
2007-09-10,15.87,23.87,7.84,0.03,23.12
2007-09-11,18.62,26.97,9.79,0.0,22.49
2007-09-12,20.47,28.79,12.87,0.0,22.32
2007-09-13,17.4,24.94,11.22,0.0,21.61
2007-09-14,15.72,23.18,7.93,0.0,22.65
2007-09-15,18.16,25.98,9.19,0.0,21.94
2007-09-16,17.3,25.13,10.74,0.0,21.51
2007-09-17,15.96,24.61,7.83,0.0,22.9
2007-09-18,18.32,27.1,8.59,0.0,22.5
2007-09-19,20.94,28.91,13.54,0.0,21.94
2007-09-20,21.17,29.81,13.21,0.0,21.36
2007-09-21,20.17,30.14,10.04,0.0,20.26
2007-09-22,18.46,26.64,10.89,0.03,20.18
2007-09-23,18.28,25.09,11.54,0.34,18.77
2007-09-24,16.08,21.59,11.6,0.11,14.78
2007-09-25,14.64,21.48,7.37,0.0,19.96
2007-09-26,17.92,25.44,11.52,0.0,20.22
2007-09-27,19.34,27.86,10.89,0.0,20.06
2007-09-28,20.37,30.03,12.53,0.0,20.0
2007-09-29,19.63,29.18,11.4,0.0,20.21
2007-09-30,18.57,27.38,9.47,0.0,20.1
2007-10-01,17.66,26.45,9.1,0.0,19.46
2007-10-02,18.98,27.22,10.41,0.02,18.32
2007-10-03,20.82,28.27,13.77,0.0,12.89
2007-10-04,20.87,28.7,14.77,0.09,13.01
2007-10-05,18.72,24.68,13.41,0.61,14.84
2007-10-06,17.66,23.81,10.92,0.04,17.0
2007-10-07,18.54,25.97,11.01,0.0,16.93
2007-10-08,19.59,27.0,13.11,0.0,15.95
2007-10-09,19.22,27.37,11.03,0.0,15.88
2007-10-10,18.4,27.29,11.09,0.01,15.03
2007-10-11,18.06,26.37,11.39,0.0,15.92
2007-10-12,18.89,26.79,11.41,0.0,14.79
2007-10-13,18.15,23.86,12.46,0.85,11.84
2007-10-14,13.7,18.02,8.88,2.34,9.85
2007-10-15,7.47,11.59,4.65,5.91,6.45
2007-10-16,7.12,13.65,1.4,0.04,16.85
2007-10-17,8.99,17.49,2.01,0.0,17.12
2007-10-18,10.58,19.16,3.72,0.09,16.79
2007-10-19,11.64,21.39,4.43,0.0,16.41
2007-10-20,12.49,20.61,5.1,0.0,12.13
2007-10-21,13.42,20.23,8.51,3.79,3.16
2007-10-22,12.19,17.08,8.79,3.23,5.78
2007-10-23,14.58,23.57,8.16,0.26,13.76
2007-10-24,12.79,17.8,7.43,0.31,11.24
2007-10-25,11.12,15.49,7.06,0.95,7.79
2007-10-26,9.91,16.94,4.5,0.0,14.4
2007-10-27,8.48,15.86,2.12,0.0,14.46
2007-10-28,9.6,16.61,2.02,0.0,14.27
2007-10-29,11.7,19.65,6.14,0.04,11.69
2007-10-30,10.18,15.19,7.57,0.76,8.81
2007-10-31,10.7,17.36,4.77,0.0,11.74
2007-11-01,13.68,21.32,8.63,0.14,8.47
2007-11-02,12.66,17.98,8.82,1.19,9.73
2007-11-03,10.06,15.62,5.66,0.03,10.79
2007-11-04,10.88,19.19,3.6,0.11,12.2
2007-11-05,11.54,14.31,8.01,21.1,3.66
2007-11-06,7.1,9.03,3.82,15.05,3.03
2007-11-07,4.31,8.86,0.53,2.91,6.79
2007-11-08,3.86,9.67,-0.42,0.43,10.1
2007-11-09,3.64,8.43,-0.03,1.24,9.52
2007-11-10,5.88,14.18,-2.54,5.49,12.07
2007-11-11,3.06,7.31,-0.26,0.81,8.54
2007-11-12,4.3,14.05,-2.13,0.0,12.54
2007-11-13,7.43,13.39,2.16,3.01,2.39
2007-11-14,6.94,11.93,2.44,2.39,9.32
2007-11-15,8.47,14.38,4.14,3.42,9.36
2007-11-16,9.19,15.74,4.29,0.0,9.84
2007-11-17,9.0,17.21,3.47,0.0,11.16
2007-11-18,8.4,16.49,2.34,0.42,9.72
2007-11-19,7.7,12.86,3.81,1.49,7.17
2007-11-20,5.08,9.92,2.06,8.66,5.34
2007-11-21,3.81,7.5,-0.22,0.64,4.53
2007-11-22,2.25,8.15,-1.64,0.0,11.39
2007-11-23,3.16,9.63,-2.05,0.0,10.36
2007-11-24,2.13,8.38,-1.68,0.0,9.21
2007-11-25,0.76,7.78,-3.03,0.0,8.07
2007-11-26,3.62,12.18,-3.1,0.02,9.28
2007-11-27,8.3,15.74,4.27,1.66,4.98
2007-11-28,0.13,3.7,-5.38,0.51,6.1
2007-11-29,-2.58,3.63,-6.26,0.0,10.63
2007-11-30,2.62,9.54,-3.03,0.19,9.82
2007-12-01,5.35,11.09,-0.36,1.1,6.94
2007-12-02,-0.23,5.03,-4.32,0.02,10.17
2007-12-03,0.97,8.21,-4.01,0.0,9.9
2007-12-04,4.37,11.87,-1.35,0.33,9.42
2007-12-05,5.6,10.26,3.11,8.88,1.93
2007-12-06,3.12,7.77,1.25,6.83,1.68
2007-12-07,1.98,6.02,-0.71,0.87,2.78
2007-12-08,2.64,9.01,-1.51,0.0,6.49
2007-12-09,4.08,10.57,-0.33,1.52,7.69
2007-12-10,6.44,10.87,3.74,5.05,4.9
2007-12-11,6.39,11.47,3.25,1.79,3.21
2007-12-12,6.66,10.89,4.16,5.38,6.65
2007-12-13,3.89,7.17,-0.4,9.76,3.44
2007-12-14,0.01,4.76,-3.04,0.81,5.46
2007-12-15,1.31,7.62,-3.5,0.11,8.35
2007-12-16,0.93,4.86,-1.86,4.57,4.23
2007-12-17,-0.55,4.51,-3.87,0.02,5.94
2007-12-18,-2.18,1.96,-4.73,0.02,7.4
2007-12-19,-2.76,1.51,-5.33,0.0,5.53
2007-12-20,-2.57,1.15,-4.63,0.0,4.13
2007-12-21,-2.76,0.34,-4.33,0.13,3.88
2007-12-22,-3.28,1.39,-6.62,0.0,3.97
2007-12-23,-3.57,1.74,-7.41,0.0,9.88
2007-12-24,-2.62,2.73,-6.81,0.0,9.86
2007-12-25,-1.86,3.21,-6.22,0.0,8.07
2007-12-26,-1.83,4.8,-7.21,0.0,5.22
2007-12-27,0.08,5.82,-3.0,0.0,4.56
2007-12-28,-1.9,2.22,-4.64,0.0,5.42
2007-12-29,-3.85,1.01,-7.72,0.0,7.87
2007-12-30,-3.88,1.16,-8.5,0.0,10.14
2007-12-31,-3.59,2.12,-7.78,0.0,10.06
2008-01-01,-2.87,3.98,-8.09,0.0,9.63
2008-01-02,-0.29,6.32,-5.66,0.92,5.24
2008-01-03,0.61,4.46,-1.88,3.31,2.78
2008-01-04,-4.38,-2.19,-8.08,1.48,6.61
2008-01-05,-5.92,-1.95,-9.19,0.05,8.42
2008-01-06,-7.2,-2.54,-10.25,0.0,8.0
2008-01-07,-3.28,2.82,-9.37,0.68,8.0
2008-01-08,-0.87,2.23,-3.4,0.24,7.7
2008-01-09,-2.48,1.11,-4.96,0.0,8.93
2008-01-10,-3.81,0.36,-6.68,0.03,7.58
2008-01-11,-5.12,0.07,-9.06,0.0,10.25
2008-01-12,-7.13,-2.11,-11.04,0.0,6.51
2008-01-13,-7.31,-0.88,-12.65,0.0,9.89
2008-01-14,-7.16,0.9,-12.7,0.0,10.57
2008-01-15,-4.37,3.31,-11.35,0.23,8.65
2008-01-16,-1.74,3.21,-4.43,0.33,5.45
2008-01-17,-0.92,4.95,-5.24,0.0,6.69
2008-01-18,-0.81,4.69,-4.1,0.0,6.89
2008-01-19,-1.9,4.03,-6.23,0.0,5.72
2008-01-20,-3.47,2.76,-7.99,0.0,5.07
2008-01-21,-3.45,2.59,-8.21,0.0,6.75
2008-01-22,-1.77,5.88,-7.37,0.0,10.84
2008-01-23,0.57,7.31,-4.64,0.0,11.54
2008-01-24,-0.05,5.15,-5.09,0.36,8.1
2008-01-25,-2.43,1.0,-7.31,0.15,9.96
2008-01-26,-5.08,0.31,-9.18,0.0,9.63
2008-01-27,-3.02,4.13,-10.22,0.34,10.72
2008-01-28,-0.88,2.14,-2.97,6.56,3.82
2008-01-29,-4.13,-2.21,-7.78,2.47,9.03
2008-01-30,-7.45,-2.93,-11.33,0.27,9.43
2008-01-31,-7.98,-2.03,-12.56,0.0,12.78
2008-02-01,-7.25,0.75,-13.48,0.0,9.5
2008-02-02,-2.8,5.21,-8.53,0.0,11.42
2008-02-03,-0.19,6.93,-5.92,0.0,11.8
2008-02-04,0.41,6.73,-3.89,0.0,12.41
2008-02-05,0.7,6.42,-3.79,0.0,12.5
2008-02-06,0.34,5.95,-3.28,0.0,11.63
2008-02-07,0.6,6.96,-2.56,0.0,11.57
2008-02-08,0.3,6.62,-3.5,0.0,13.07
2008-02-09,1.17,8.42,-3.09,0.0,12.02
2008-02-10,1.4,8.37,-2.54,0.02,9.03
2008-02-11,0.14,7.59,-3.61,0.01,11.34
2008-02-12,-1.79,3.78,-4.62,0.03,10.5
2008-02-13,-2.4,2.71,-5.04,0.02,10.81
2008-02-14,-2.55,1.13,-4.78,0.06,9.69
2008-02-15,-2.54,2.15,-6.82,0.04,11.16
2008-02-16,-0.36,3.79,-3.86,2.36,8.34
2008-02-17,-3.17,-0.73,-7.21,8.22,2.89
2008-02-18,-6.8,-4.15,-8.88,2.03,4.9
2008-02-19,-7.99,-3.14,-14.25,0.74,9.11
2008-02-20,-3.09,2.51,-6.92,0.26,6.7
2008-02-21,-1.66,5.99,-8.25,0.0,10.2
2008-02-22,1.25,7.96,-3.11,0.0,10.13
2008-02-23,1.73,8.36,-2.68,0.0,13.95
2008-02-24,0.79,7.15,-4.06,0.05,12.55
2008-02-25,-1.46,4.91,-4.53,0.0,16.24
2008-02-26,-0.05,6.3,-4.74,0.0,16.55
2008-02-27,2.23,10.31,-2.38,0.0,17.19
2008-02-28,3.1,10.42,-2.08,0.0,14.18
2008-02-29,4.47,10.1,0.39,0.04,14.3
2008-03-01,5.07,13.8,0.16,0.0,17.08
2008-03-02,3.0,9.71,-1.43,3.23,4.61
2008-03-03,2.81,10.12,-2.34,0.62,11.94
2008-03-04,6.58,16.96,-1.59,0.0,18.6
2008-03-05,5.66,15.46,-1.01,0.0,13.42
2008-03-06,7.1,15.39,1.04,0.0,15.49
2008-03-07,8.7,18.18,1.36,0.0,16.99
2008-03-08,10.91,21.29,4.36,0.0,12.83
2008-03-09,10.81,20.96,3.74,0.0,10.71
2008-03-10,7.49,15.91,-0.16,0.36,18.31
2008-03-11,5.64,12.95,-1.23,0.1,15.45
2008-03-12,5.09,9.96,-0.54,0.07,11.89
2008-03-13,6.41,12.02,0.85,0.2,12.05
2008-03-14,2.89,6.19,-0.82,2.55,8.46
2008-03-15,3.21,10.31,-2.79,0.01,20.52
2008-03-16,7.27,15.85,-1.0,0.0,20.62
2008-03-17,8.3,17.62,0.13,0.0,18.83
2008-03-18,6.09,11.06,1.28,1.65,8.7
2008-03-19,8.38,16.71,0.25,0.08,18.34
2008-03-20,9.73,15.22,5.3,2.29,10.55
2008-03-21,11.03,18.24,5.71,4.4,6.7
2008-03-22,11.55,19.91,5.52,1.04,18.79
2008-03-23,13.68,23.78,5.9,0.0,13.91
2008-03-24,14.51,24.22,6.69,0.0,12.64
2008-03-25,9.38,16.07,4.1,1.43,14.0
2008-03-26,6.87,13.73,0.5,0.41,13.44
2008-03-27,6.7,13.4,-0.71,0.02,21.13
2008-03-28,8.95,14.82,2.3,0.13,18.03
2008-03-29,8.97,13.08,4.92,7.37,10.44
2008-03-30,6.79,10.68,2.06,6.4,11.17
2008-03-31,4.56,10.38,0.97,8.82,8.44
2008-04-01,3.77,9.66,-0.29,0.29,11.62
2008-04-02,6.0,12.34,-0.62,0.11,14.72
2008-04-03,5.83,11.66,2.33,2.83,7.26
2008-04-04,6.34,11.95,1.69,2.8,13.08
2008-04-05,8.41,15.46,0.63,0.02,15.36
2008-04-06,9.94,17.76,4.97,4.62,9.13
2008-04-07,7.03,11.28,2.19,3.46,13.51
2008-04-08,8.08,15.06,1.42,0.38,19.31
2008-04-09,9.51,16.14,3.07,0.01,14.72
2008-04-10,10.53,16.91,3.24,0.1,17.02
2008-04-11,12.48,18.41,6.24,0.04,17.52
2008-04-12,15.56,24.68,7.46,0.0,21.98
2008-04-13,17.42,26.63,9.17,0.0,18.78
2008-04-14,19.19,27.31,12.23,0.02,19.28
2008-04-15,18.11,26.45,11.55,0.0,23.5
2008-04-16,12.45,19.72,5.02,0.0,23.86
2008-04-17,9.96,16.87,2.44,0.0,21.82
2008-04-18,10.79,17.59,5.18,0.0,12.07
2008-04-19,12.32,19.68,4.67,0.0,25.73
2008-04-20,15.9,25.56,5.9,0.0,25.22
2008-04-21,17.11,26.76,7.66,0.0,26.5
2008-04-22,19.92,29.66,11.31,0.0,17.59
2008-04-23,19.08,28.14,11.14,0.0,15.76
2008-04-24,16.67,24.53,8.83,0.09,18.26
2008-04-25,14.36,23.26,6.07,0.0,25.55
2008-04-26,16.51,24.7,9.11,0.04,18.41
2008-04-27,13.92,21.2,7.51,0.46,25.37
2008-04-28,10.38,15.84,5.98,1.64,19.01
2008-04-29,8.95,13.8,4.89,2.56,20.92
2008-04-30,10.13,15.28,2.95,0.58,22.55
2008-05-01,13.22,20.21,6.27,0.0,22.86
2008-05-02,13.95,20.54,7.15,0.21,21.61
2008-05-03,11.69,17.3,6.18,3.74,13.17
2008-05-04,10.44,15.48,6.06,7.09,12.04
2008-05-05,9.85,15.71,4.38,0.92,18.53
2008-05-06,9.25,16.02,3.51,0.11,23.5
2008-05-07,10.22,17.49,1.52,0.69,25.81
2008-05-08,7.58,9.73,5.56,1.81,14.12
2008-05-09,9.78,16.39,2.38,0.12,28.39
2008-05-10,9.79,15.13,4.15,0.73,22.53
2008-05-11,10.09,17.37,2.52,0.03,25.66
2008-05-12,11.86,18.74,5.12,0.01,26.3
2008-05-13,11.48,19.58,2.49,0.0,30.04
2008-05-14,14.97,22.54,5.89,0.2,16.16
2008-05-15,12.34,16.11,7.48,1.77,13.93
2008-05-16,13.04,19.56,6.26,0.72,16.58
2008-05-17,15.38,23.12,6.87,0.15,28.54
2008-05-18,18.3,25.08,10.93,0.0,28.55
2008-05-19,20.25,27.1,10.98,0.0,28.66
2008-05-20,20.07,27.71,12.2,0.19,22.55
2008-05-21,22.33,30.08,12.9,0.07,24.7
2008-05-22,22.5,30.76,14.5,0.03,24.54
2008-05-23,19.3,26.74,12.24,0.0,29.31
2008-05-24,18.31,24.75,10.66,2.67,19.84
2008-05-25,15.21,20.17,11.0,4.28,19.92
2008-05-26,16.05,23.37,8.34,0.1,25.17
2008-05-27,15.75,23.2,8.06,0.02,30.08
2008-05-28,17.7,26.93,7.51,0.0,31.02
2008-05-29,17.33,24.66,9.65,1.35,26.45
2008-05-30,15.33,23.66,6.16,0.0,32.18
2008-05-31,19.02,27.66,11.41,0.0,31.65
2008-06-01,20.04,29.05,10.77,0.38,26.22
2008-06-02,18.86,26.77,11.85,0.13,29.11
2008-06-03,16.23,24.15,8.59,0.0,30.23
2008-06-04,19.73,28.44,8.94,0.04,30.77
2008-06-05,22.11,30.99,14.43,0.0,29.86
2008-06-06,19.91,26.56,12.07,0.22,27.09
2008-06-07,18.18,23.42,12.98,1.46,22.15
2008-06-08,19.33,27.21,11.45,0.25,28.46
2008-06-09,20.08,27.31,12.02,0.55,26.26
2008-06-10,17.3,24.31,12.22,2.62,23.72
2008-06-11,16.17,22.97,9.35,0.35,25.87
2008-06-12,16.49,23.53,8.68,0.47,26.34
2008-06-13,20.76,29.12,11.34,0.0,30.05
2008-06-14,22.01,30.33,13.42,0.0,27.9
2008-06-15,22.18,30.36,12.72,0.78,23.88
2008-06-16,20.63,27.71,13.46,0.49,29.32
2008-06-17,21.26,28.92,12.65,0.0,31.06
2008-06-18,21.36,29.8,11.4,0.0,31.8
2008-06-19,23.9,32.67,13.38,0.0,30.65
2008-06-20,25.06,33.0,16.9,0.14,26.32
2008-06-21,23.51,29.94,17.35,0.03,26.75
2008-06-22,22.18,29.23,14.34,0.0,28.99
2008-06-23,22.13,29.62,13.94,0.0,31.31
2008-06-24,22.4,31.43,12.5,0.0,32.39
2008-06-25,24.16,32.7,14.65,0.0,31.29
2008-06-26,24.8,33.37,15.22,0.0,31.2
2008-06-27,26.09,34.82,15.79,0.0,29.65
2008-06-28,27.31,35.05,18.07,0.05,27.88
2008-06-29,25.74,33.95,17.02,0.0,29.59
2008-06-30,22.77,30.53,15.4,0.0,30.94
2008-07-01,22.74,31.1,13.96,0.0,31.99
2008-07-02,23.24,31.34,14.08,0.0,30.14
2008-07-03,22.26,29.5,14.6,0.0,30.88
2008-07-04,22.39,30.77,12.64,0.0,31.5
2008-07-05,24.13,32.4,14.7,0.0,28.95
2008-07-06,22.84,30.51,15.08,0.05,26.03
2008-07-07,21.14,29.18,12.02,0.0,30.96
2008-07-08,23.19,31.85,13.6,0.0,31.51
2008-07-09,24.71,33.73,13.47,0.0,31.01
2008-07-10,23.69,31.33,15.82,0.0,29.81
2008-07-11,24.08,31.96,15.84,1.84,28.56
2008-07-12,23.68,31.18,17.16,0.21,28.46
2008-07-13,21.84,30.15,13.13,0.0,30.09
2008-07-14,23.4,31.95,14.4,0.0,30.06
2008-07-15,24.26,32.68,14.03,0.0,30.0
2008-07-16,27.2,35.91,18.97,0.63,25.72
2008-07-17,21.33,28.31,14.78,0.04,27.07
2008-07-18,21.84,30.66,12.34,0.0,30.3
2008-07-19,25.5,34.56,15.09,0.0,29.84
2008-07-20,26.06,34.78,16.15,0.0,29.3
2008-07-21,24.98,33.82,15.44,0.0,30.13
2008-07-22,27.01,35.45,16.91,0.0,29.79
2008-07-23,28.48,36.9,18.94,0.0,29.19
2008-07-24,28.49,37.24,19.51,0.0,29.07
2008-07-25,25.69,34.5,17.24,0.0,28.94
2008-07-26,24.67,32.27,16.12,0.0,27.24
2008-07-27,23.01,29.89,15.9,0.0,28.26
2008-07-28,23.25,30.56,14.71,0.0,27.53
2008-07-29,24.31,31.61,15.69,0.0,25.83
2008-07-30,24.38,31.56,17.36,0.0,25.27
2008-07-31,21.73,29.84,13.79,0.0,29.33
2008-08-01,21.63,29.95,12.87,0.0,29.52
2008-08-02,22.3,30.51,13.34,0.0,28.34
2008-08-03,22.35,30.9,12.99,0.0,29.39
2008-08-04,24.16,31.86,14.82,0.0,27.82
2008-08-05,24.37,32.01,16.78,0.0,28.37
2008-08-06,24.63,33.38,15.66,0.0,28.65
2008-08-07,23.42,31.57,14.41,0.0,27.99
2008-08-08,22.45,30.99,14.6,0.0,27.98
2008-08-09,23.63,32.65,13.39,0.0,27.85
2008-08-10,24.56,33.22,15.62,0.0,27.31
2008-08-11,25.65,34.28,16.16,1.42,18.79
2008-08-12,25.12,32.22,16.39,0.21,22.27
2008-08-13,25.44,33.02,16.9,0.0,26.11
2008-08-14,25.0,32.86,17.29,0.0,26.98
2008-08-15,24.15,31.05,16.35,0.01,24.04
2008-08-16,25.46,31.36,19.03,0.38,24.34
2008-08-17,26.8,34.34,18.01,0.0,26.03
2008-08-18,27.88,35.97,20.75,0.0,26.91
2008-08-19,27.89,36.89,18.61,0.0,25.3
2008-08-20,26.34,34.49,18.31,0.0,25.09
2008-08-21,27.03,35.84,17.66,0.0,24.49
2008-08-22,26.62,34.88,17.86,0.0,24.75
2008-08-23,25.53,33.06,17.77,0.0,24.91
2008-08-24,27.35,34.83,19.16,0.0,23.11
2008-08-25,27.8,35.35,19.87,0.02,23.47
2008-08-26,27.38,35.35,19.46,0.0,20.8
2008-08-27,26.19,34.07,18.37,0.26,22.19
2008-08-28,26.09,34.37,17.25,0.01,22.08
2008-08-29,26.85,34.39,18.55,0.0,20.83
2008-08-30,26.09,33.27,18.78,0.01,21.65
2008-08-31,24.3,30.62,18.12,0.42,22.06
2008-09-01,23.11,30.65,15.63,0.0,22.56
2008-09-02,22.77,31.38,14.87,0.0,22.27
2008-09-03,23.96,31.66,15.58,0.0,20.86
2008-09-04,25.01,32.41,17.39,0.0,21.4
2008-09-05,25.26,33.05,17.2,0.0,22.47
2008-09-06,24.48,32.71,15.5,0.0,23.16
2008-09-07,23.59,32.18,14.98,0.0,22.98
2008-09-08,22.79,31.03,14.38,0.0,22.76
2008-09-09,22.41,30.85,14.54,0.0,22.98
2008-09-10,20.9,28.3,13.94,0.05,21.96
2008-09-11,18.54,26.29,10.51,0.0,22.54
2008-09-12,21.81,30.5,13.11,0.0,22.13
2008-09-13,21.28,29.51,12.7,0.0,21.5
2008-09-14,23.85,31.33,16.07,0.03,18.03
2008-09-15,22.94,31.24,15.51,0.18,20.38
2008-09-16,23.51,32.01,16.15,0.08,19.97
2008-09-17,23.88,31.5,16.96,0.57,15.47
2008-09-18,17.83,22.63,13.22,0.29,13.75
2008-09-19,16.94,23.96,10.6,0.01,17.54
2008-09-20,17.36,22.87,12.85,1.81,12.97
2008-09-21,15.96,21.57,10.76,6.18,9.35
2008-09-22,15.49,20.35,11.69,4.48,16.31
2008-09-23,14.3,19.25,9.68,4.59,14.32
2008-09-24,13.96,19.72,9.15,0.09,17.03
2008-09-25,16.0,22.86,8.48,0.19,15.69
2008-09-26,14.69,18.68,11.15,11.68,12.55
2008-09-27,13.15,17.86,9.99,5.81,13.86
2008-09-28,12.95,18.54,8.53,0.74,13.35
2008-09-29,13.59,18.95,9.97,8.08,10.03
2008-09-30,10.52,15.41,6.95,6.99,12.0
2008-10-01,11.65,18.28,4.64,0.01,19.11
2008-10-02,12.92,20.28,7.18,0.0,19.14
2008-10-03,15.59,23.24,8.37,0.47,14.38
2008-10-04,16.44,23.01,10.87,0.8,14.2
2008-10-05,16.16,22.98,10.61,0.12,12.81
2008-10-06,13.87,20.91,8.3,0.01,17.11
2008-10-07,11.01,17.9,5.02,0.0,18.12
2008-10-08,11.59,18.74,5.82,0.0,17.32
2008-10-09,12.46,19.13,6.6,0.02,15.65
2008-10-10,10.84,16.68,6.57,0.0,10.17
2008-10-11,10.26,15.72,5.45,0.1,12.28
2008-10-12,10.64,17.04,6.91,0.0,13.66
2008-10-13,12.63,22.9,4.76,0.0,16.14
2008-10-14,14.55,24.35,7.37,2.16,12.34
2008-10-15,13.8,19.68,10.72,6.48,8.13
2008-10-16,11.85,16.67,9.18,1.85,7.18
2008-10-17,12.47,18.77,7.34,0.0,15.61
2008-10-18,12.45,19.14,7.0,0.0,14.03
2008-10-19,13.06,21.17,6.94,0.0,15.11
2008-10-20,13.4,21.4,8.24,0.0,14.91
2008-10-21,11.08,18.85,5.96,0.0,15.11
2008-10-22,9.93,17.46,4.59,0.0,14.75
2008-10-23,9.18,15.98,4.23,0.0,12.87
2008-10-24,8.46,15.49,3.49,0.0,12.68
2008-10-25,8.87,15.03,3.43,0.04,10.31
2008-10-26,9.23,16.09,4.59,0.08,11.15
2008-10-27,8.56,12.23,6.01,5.93,8.18
2008-10-28,8.39,12.38,5.22,5.31,6.42
2008-10-29,8.87,15.03,4.46,0.03,10.58
2008-10-30,9.95,17.12,5.46,0.0,13.22
2008-10-31,12.27,20.16,6.12,0.0,9.81
2008-11-01,12.56,19.33,6.26,0.0,12.75
2008-11-02,12.07,18.26,7.36,0.0,9.86
2008-11-03,13.21,20.2,7.92,0.03,9.9
2008-11-04,10.64,18.3,5.24,0.0,13.23
2008-11-05,10.22,18.27,3.46,0.0,13.29
2008-11-06,11.58,18.37,6.4,0.0,13.01
2008-11-07,8.92,16.1,3.69,0.0,12.45
2008-11-08,7.08,14.11,3.32,0.0,11.3
2008-11-09,5.91,13.26,1.47,0.0,12.04
2008-11-10,4.7,13.56,-0.07,0.0,12.76
2008-11-11,5.69,14.87,-1.16,0.0,11.88
2008-11-12,8.72,15.6,2.8,0.12,10.49
2008-11-13,8.09,12.19,4.6,1.88,8.06
2008-11-14,6.85,12.71,3.31,0.0,8.54
2008-11-15,7.29,13.72,3.22,0.0,9.44
2008-11-16,6.01,12.77,1.28,0.0,7.99
2008-11-17,5.57,12.93,-0.41,0.0,8.82
2008-11-18,7.54,12.24,3.57,3.72,3.18
2008-11-19,7.13,11.93,4.44,4.85,3.93
2008-11-20,6.32,10.49,3.34,1.38,7.57
2008-11-21,5.53,12.41,1.74,0.01,8.72
2008-11-22,7.97,13.95,1.98,0.18,6.22
2008-11-23,8.32,10.72,4.98,10.06,4.0
2008-11-24,9.33,13.25,6.67,4.52,3.27
2008-11-25,8.8,15.33,4.72,1.04,9.93
2008-11-26,8.89,16.05,4.99,0.05,10.05
2008-11-27,6.36,11.89,0.88,2.31,4.9
2008-11-28,1.24,5.61,-2.87,0.84,5.87
2008-11-29,0.55,5.86,-3.41,0.74,10.05
2008-11-30,5.05,10.53,0.9,0.63,7.58
2008-12-01,5.66,11.9,1.5,0.0,9.35
2008-12-02,4.02,12.01,-0.74,0.0,6.72
2008-12-03,5.29,13.92,0.56,0.0,8.15
2008-12-04,5.91,15.23,-0.61,0.0,7.47
2008-12-05,6.76,12.4,1.56,0.0,4.35
2008-12-06,8.12,14.33,3.97,0.0,8.76
2008-12-07,7.33,13.74,3.74,0.0,6.06
2008-12-08,4.93,8.48,0.48,7.81,3.18
2008-12-09,-0.02,3.59,-2.72,3.05,5.32
2008-12-10,-1.8,4.09,-4.62,0.06,9.53
2008-12-11,-2.29,4.81,-5.29,0.0,9.81
2008-12-12,-0.74,7.37,-4.8,0.0,8.25
2008-12-13,1.08,5.76,-2.42,0.24,5.43
2008-12-14,1.9,7.59,-1.41,0.01,8.79
2008-12-15,1.73,7.8,-1.58,0.0,7.95
2008-12-16,0.23,6.43,-3.63,0.0,4.81
2008-12-17,-0.89,5.71,-3.78,0.0,5.01
2008-12-18,1.09,4.95,-2.28,0.0,4.19
2008-12-19,2.96,9.18,-0.29,0.0,8.63
2008-12-20,2.69,8.4,-0.8,1.23,5.76
2008-12-21,2.48,5.75,-1.09,6.39,4.54
2008-12-22,1.53,5.7,-0.98,3.65,3.28
2008-12-23,1.49,6.3,-0.9,3.47,2.83
2008-12-24,-1.2,1.12,-3.13,5.21,2.51
2008-12-25,-3.93,-0.26,-6.26,0.07,8.23
2008-12-26,-3.98,0.46,-6.38,0.0,8.18
2008-12-27,-2.79,0.82,-5.51,0.08,5.89
2008-12-28,-2.15,-0.03,-3.23,3.74,1.44
2008-12-29,-4.03,-0.18,-8.66,1.69,6.26
2008-12-30,-6.98,-2.55,-11.36,0.05,6.46
2008-12-31,-9.29,-4.88,-12.44,0.12,5.78
2009-01-01,-8.74,-3.59,-11.98,0.0,3.61
2009-01-02,-7.2,-0.24,-13.68,0.13,3.77
2009-01-03,-0.97,1.8,-4.5,3.25,2.23
2009-01-04,1.59,4.46,0.32,4.28,1.74
2009-01-05,2.03,5.55,0.56,4.13,2.62
2009-01-06,2.77,7.51,1.24,6.4,3.29
2009-01-07,0.48,3.59,-2.04,7.78,5.8
2009-01-08,-1.67,4.51,-4.55,0.0,7.67
2009-01-09,-2.5,2.1,-4.8,0.02,7.87
2009-01-10,-1.38,4.43,-6.98,0.01,8.42
2009-01-11,-4.11,-0.21,-7.71,0.03,6.78
2009-01-12,-4.75,1.17,-9.53,0.0,10.94
2009-01-13,-4.1,3.64,-9.68,0.0,11.35
2009-01-14,-1.49,3.8,-7.41,0.37,7.38
2009-01-15,3.42,10.27,-0.33,0.04,10.15
2009-01-16,1.29,3.41,0.35,7.69,2.34
2009-01-17,-0.16,3.06,-5.15,3.69,3.12
2009-01-18,-1.91,2.81,-5.13,0.02,11.18
2009-01-19,0.16,5.66,-3.07,0.0,8.77
2009-01-20,0.65,6.56,-1.86,0.0,11.12
2009-01-21,1.39,7.99,-1.84,0.0,11.18
2009-01-22,2.89,11.55,-1.33,0.0,11.32
2009-01-23,2.07,5.66,-0.43,0.52,2.42
2009-01-24,3.54,7.45,0.68,1.65,4.66
2009-01-25,5.45,9.76,1.66,9.5,5.17
2009-01-26,5.64,11.37,1.42,7.72,7.96
2009-01-27,5.09,11.05,1.71,0.13,9.85
2009-01-28,4.37,9.4,0.03,1.97,7.08
2009-01-29,2.74,7.17,0.43,9.39,7.19
2009-01-30,2.06,5.81,-0.95,3.11,8.01
2009-01-31,1.05,5.19,-2.1,2.12,6.87
2009-02-01,1.11,6.34,-2.6,0.05,9.95
2009-02-02,2.04,7.02,-1.8,0.0,8.53
2009-02-03,3.26,10.12,-1.67,0.0,7.57
2009-02-04,5.19,13.19,0.51,0.0,10.6
2009-02-05,5.47,11.15,2.07,0.14,6.83
2009-02-06,4.95,10.68,1.26,0.22,9.9
2009-02-07,4.98,11.27,0.29,0.67,7.67
2009-02-08,6.42,10.11,4.09,5.05,3.66
2009-02-09,6.71,11.28,3.74,6.6,2.67
2009-02-10,2.8,6.21,-0.82,2.34,4.8
2009-02-11,2.29,8.52,-2.29,0.02,12.04
2009-02-12,5.65,12.4,0.05,0.18,10.69
2009-02-13,5.84,12.57,1.78,0.67,8.91
2009-02-14,5.63,11.21,1.34,5.76,7.7
2009-02-15,3.19,6.14,-1.28,7.93,6.71
2009-02-16,-1.55,1.52,-4.29,1.38,5.8
2009-02-17,-2.6,0.67,-4.85,0.07,10.17
2009-02-18,-0.19,4.71,-4.39,0.0,11.93
2009-02-19,1.08,3.73,-1.74,3.11,2.17
2009-02-20,0.88,4.55,-1.99,7.5,7.88
2009-02-21,-0.86,2.83,-3.28,1.42,4.82
2009-02-22,-2.16,1.65,-5.38,0.11,9.75
2009-02-23,-0.47,3.97,-3.85,2.4,7.2
2009-02-24,-0.68,3.05,-2.99,5.19,6.47
2009-02-25,0.08,4.28,-3.85,0.19,9.59
2009-02-26,2.37,7.23,-2.44,4.69,5.73
2009-02-27,0.35,5.47,-3.75,1.24,7.17
2009-02-28,-0.52,4.74,-4.35,0.03,11.23
2009-03-01,-2.17,2.49,-4.74,0.04,11.96
2009-03-02,0.6,6.65,-4.88,0.46,6.73
2009-03-03,2.59,6.7,-0.13,0.63,8.4
2009-03-04,4.45,9.45,0.36,0.35,9.81
2009-03-05,5.12,11.72,-1.24,0.15,7.01
2009-03-06,8.41,16.56,2.94,0.04,12.33
2009-03-07,9.41,16.45,4.36,0.65,8.56
2009-03-08,7.19,11.95,2.73,1.36,15.36
2009-03-09,4.92,10.82,1.22,0.05,11.88
2009-03-10,5.83,12.05,-0.29,2.42,10.14
2009-03-11,2.65,7.86,-1.35,0.11,14.7
2009-03-12,5.48,12.62,-1.84,0.4,16.62
2009-03-13,3.91,12.11,-0.72,9.28,6.91
2009-03-14,0.21,3.49,-2.59,1.49,12.31
2009-03-15,-0.69,3.11,-4.1,1.33,7.9
2009-03-16,-1.71,1.87,-5.18,1.04,12.41
2009-03-17,-0.15,4.66,-3.79,0.06,12.11
2009-03-18,1.6,6.51,-2.76,0.86,10.33
2009-03-19,1.5,5.83,-4.63,4.67,11.0
2009-03-20,-0.33,6.16,-4.97,0.7,19.92
2009-03-21,1.36,8.97,-4.3,0.0,19.02
2009-03-22,4.05,11.57,-2.43,1.76,9.83
2009-03-23,2.5,7.12,-1.25,1.23,7.91
2009-03-24,0.86,7.01,-3.69,0.2,16.13
2009-03-25,4.82,11.95,-2.7,0.28,13.26
2009-03-26,6.32,10.85,2.91,2.89,10.35
2009-03-27,2.91,7.68,-2.92,3.31,10.53
2009-03-28,0.14,7.12,-5.4,0.23,17.69
2009-03-29,2.85,10.04,-3.89,0.0,22.15
2009-03-30,6.47,14.14,-1.18,0.0,13.91
2009-03-31,11.08,18.09,3.49,0.0,21.14
2009-04-01,13.72,19.82,7.49,0.0,21.37
2009-04-02,13.02,19.79,8.26,1.03,15.24
2009-04-03,8.92,14.04,3.74,4.52,18.06
2009-04-04,8.97,16.6,0.21,0.04,22.29
2009-04-05,10.04,17.36,3.94,0.43,23.89
2009-04-06,8.45,15.7,4.22,10.82,9.49
2009-04-07,7.15,12.18,3.46,4.28,12.27
2009-04-08,7.36,12.04,3.23,1.45,14.52
2009-04-09,7.56,14.73,0.16,0.1,20.97
2009-04-10,9.1,15.56,1.5,0.02,23.76
2009-04-11,10.05,16.67,4.66,0.0,23.6
2009-04-12,9.25,17.19,1.25,0.0,24.64
2009-04-13,11.04,19.32,2.32,0.0,24.34
2009-04-14,12.75,20.27,5.18,0.4,23.03
2009-04-15,9.01,12.62,5.73,4.6,13.6
2009-04-16,6.78,12.64,2.23,0.91,19.86
2009-04-17,5.17,11.23,0.14,0.9,15.97
2009-04-18,6.75,14.43,-2.05,0.0,27.16
2009-04-19,10.7,18.83,0.45,0.0,25.99
2009-04-20,13.52,19.61,5.88,1.36,22.89
2009-04-21,13.56,19.09,8.29,0.72,22.7
2009-04-22,12.17,18.91,6.68,2.17,13.88
2009-04-23,9.02,14.61,3.54,3.2,15.89
2009-04-24,8.35,13.43,3.9,3.85,13.47
2009-04-25,9.66,15.61,4.38,0.01,21.94
2009-04-26,9.55,15.5,1.72,0.04,23.17
2009-04-27,7.52,13.87,1.89,8.68,9.29
2009-04-28,6.39,12.63,0.88,0.66,22.58
2009-04-29,10.79,17.89,3.41,3.17,17.82
2009-04-30,9.97,15.26,5.85,0.96,15.88
2009-05-01,11.15,17.82,3.71,0.34,22.05
2009-05-02,9.85,15.58,4.42,1.24,20.42
2009-05-03,10.68,18.12,4.11,0.36,23.41
2009-05-04,9.61,15.5,6.78,9.22,9.78
2009-05-05,9.83,14.11,6.81,9.08,6.91
2009-05-06,9.38,13.58,5.22,0.74,13.95
2009-05-07,10.12,16.81,2.44,3.73,26.62
2009-05-08,9.82,15.05,4.01,1.04,19.37
2009-05-09,9.59,17.08,0.91,0.0,28.53
2009-05-10,10.22,16.71,2.64,0.0,23.5
2009-05-11,11.32,17.96,4.93,0.0,22.64
2009-05-12,13.51,20.01,5.26,0.0,25.91
2009-05-13,15.4,22.91,6.57,0.03,28.52
2009-05-14,16.32,22.15,11.03,1.15,24.39
2009-05-15,17.47,24.62,10.88,0.0,28.55
2009-05-16,18.27,26.22,9.56,0.0,29.0
2009-05-17,19.18,27.86,10.21,0.0,29.9
2009-05-18,20.25,28.7,10.9,0.0,29.39
2009-05-19,20.8,28.25,14.44,0.13,25.58
2009-05-20,19.74,27.17,13.49,0.93,24.31
2009-05-21,17.35,23.7,11.32,3.95,14.94
2009-05-22,14.89,18.39,11.3,8.37,16.79
2009-05-23,15.31,20.56,8.56,1.56,24.18
2009-05-24,15.53,22.94,9.25,0.03,24.35
2009-05-25,13.35,20.98,5.69,0.0,30.78
2009-05-26,12.74,20.13,5.18,0.32,22.28
2009-05-27,11.35,18.71,3.88,0.04,27.95
2009-05-28,12.17,19.45,4.37,0.0,26.34
2009-05-29,15.12,23.62,5.66,0.0,31.33
2009-05-30,18.56,26.6,9.87,0.12,28.97
2009-05-31,19.42,26.74,11.8,0.02,25.34
2009-06-01,19.05,27.3,10.51,0.0,30.17
2009-06-02,21.7,29.64,11.71,0.19,29.56
2009-06-03,22.74,29.84,15.96,0.84,20.63
2009-06-04,19.12,25.9,12.01,0.43,29.0
2009-06-05,15.64,20.61,10.84,1.38,19.21
2009-06-06,16.88,24.71,7.79,0.0,30.93
2009-06-07,18.44,27.04,9.7,0.0,31.88
2009-06-08,20.24,29.48,9.93,0.0,31.82
2009-06-09,22.19,30.97,12.19,0.0,31.24
2009-06-10,22.73,30.71,13.42,0.05,26.82
2009-06-11,20.91,26.11,15.37,4.39,27.04
2009-06-12,22.41,29.51,14.89,0.04,28.93
2009-06-13,20.87,27.66,13.32,2.99,27.96
2009-06-14,18.25,23.65,13.57,1.78,19.72
2009-06-15,16.97,24.09,9.96,0.03,31.16
2009-06-16,16.82,24.19,9.12,0.0,30.94
2009-06-17,18.86,28.27,8.84,0.0,31.46
2009-06-18,19.97,27.31,11.43,0.0,28.05
2009-06-19,18.7,27.53,10.87,0.0,31.99
2009-06-20,20.35,29.66,9.15,0.0,32.14
2009-06-21,23.1,31.63,13.43,0.09,28.63
2009-06-22,23.24,30.53,14.95,0.0,29.0
2009-06-23,23.99,32.28,15.19,0.14,25.48
2009-06-24,25.04,33.38,16.16,0.84,25.05
2009-06-25,23.72,33.13,16.25,0.27,20.22
2009-06-26,22.62,30.47,15.02,0.07,28.21
2009-06-27,22.06,29.74,13.47,0.22,24.57
2009-06-28,21.22,27.69,14.35,2.02,23.11
2009-06-29,22.19,29.4,14.27,0.12,28.9
2009-06-30,21.92,29.66,14.3,0.99,29.36
2009-07-01,23.69,31.84,14.41,0.0,29.41
2009-07-02,25.38,33.31,16.4,0.06,28.26
2009-07-03,26.65,34.18,19.1,0.75,25.11
2009-07-04,24.16,30.3,17.35,2.64,26.24
2009-07-05,21.88,28.38,15.86,4.63,25.07
2009-07-06,22.43,29.47,14.08,0.71,28.08
2009-07-07,24.54,30.29,16.92,0.09,22.13
2009-07-08,25.5,32.19,18.31,0.0,27.34
2009-07-09,25.24,33.31,16.37,0.0,29.9
2009-07-10,26.32,34.39,17.27,0.0,28.79
2009-07-11,27.07,34.24,19.87,0.36,27.09
2009-07-12,27.27,34.36,19.07,0.31,24.85
2009-07-13,22.88,28.33,17.74,0.49,21.84
2009-07-14,19.0,24.31,13.85,3.06,19.79
2009-07-15,18.92,25.46,11.95,0.99,16.89
2009-07-16,19.88,25.18,15.37,3.63,10.64
2009-07-17,21.55,28.25,15.05,0.04,22.61
2009-07-18,21.97,29.17,14.12,0.0,23.24
2009-07-19,23.33,30.28,15.17,0.0,26.26
2009-07-20,24.6,31.95,16.09,0.0,27.97
2009-07-21,23.96,31.06,15.75,0.0,26.46
2009-07-22,22.66,30.07,15.51,0.0,28.38
2009-07-23,21.47,30.23,12.41,0.0,30.03
2009-07-24,22.42,31.34,12.53,0.0,29.75
2009-07-25,23.74,32.05,14.68,0.0,29.15
2009-07-26,25.57,34.28,16.18,0.0,29.16
2009-07-27,25.53,33.77,17.23,0.04,24.32
2009-07-28,21.66,29.31,15.76,0.03,28.48
2009-07-29,21.75,30.11,12.93,0.0,29.52
2009-07-30,22.6,30.36,13.66,0.0,27.88
2009-07-31,21.97,29.74,13.79,0.0,26.61
2009-08-01,22.31,29.4,14.0,0.0,24.05
2009-08-02,22.69,28.43,14.97,0.0,23.59
2009-08-03,23.21,30.69,15.39,0.0,27.76
2009-08-04,25.13,33.33,15.65,0.0,28.38
2009-08-05,26.31,34.77,16.74,0.0,28.11
2009-08-06,26.61,35.02,17.16,0.06,24.55
2009-08-07,24.73,32.39,16.54,0.12,25.62
2009-08-08,23.77,29.7,17.29,0.04,23.39
2009-08-09,21.9,27.98,15.67,0.0,23.38
2009-08-10,20.03,26.71,14.04,0.0,24.8
2009-08-11,19.35,26.27,12.27,0.0,24.58
2009-08-12,20.19,28.19,11.31,0.0,26.87
2009-08-13,21.58,29.44,12.96,0.0,25.93
2009-08-14,23.73,31.57,14.55,0.0,27.53
2009-08-15,24.91,33.39,15.36,0.0,26.68
2009-08-16,23.93,32.48,15.27,0.0,26.07
2009-08-17,22.14,30.18,14.37,0.0,26.14
2009-08-18,23.32,31.44,15.13,0.0,25.19
2009-08-19,23.49,31.73,15.46,0.0,25.96
2009-08-20,23.0,30.51,15.97,0.0,25.85
2009-08-21,21.19,28.74,14.5,0.0,26.52
2009-08-22,20.21,28.2,12.3,0.0,26.61
2009-08-23,19.33,27.62,11.44,0.0,26.85
2009-08-24,19.79,28.13,11.02,0.0,25.93
2009-08-25,22.19,30.68,13.5,0.0,24.66
2009-08-26,21.01,27.46,14.95,0.0,23.31
2009-08-27,20.26,28.18,12.89,0.0,25.62
2009-08-28,19.98,29.59,10.59,0.0,25.93
2009-08-29,21.76,30.98,11.58,0.0,25.42
2009-08-30,23.06,31.49,14.53,2.0,24.19
2009-08-31,23.02,31.18,14.53,0.0,20.89
2009-09-01,22.42,30.14,14.51,0.21,21.26
2009-09-02,20.56,28.03,13.42,0.06,23.59
2009-09-03,19.74,27.92,11.59,0.0,23.96
2009-09-04,21.42,30.23,12.14,0.0,24.15
2009-09-05,23.49,31.67,16.57,0.0,24.09
2009-09-06,23.02,30.95,14.64,0.0,23.33
2009-09-07,22.54,29.9,15.08,0.2,20.86
2009-09-08,21.89,29.34,15.52,0.95,18.53
2009-09-09,18.87,24.17,13.48,3.11,16.05
2009-09-10,19.17,26.1,11.21,0.0,21.01
2009-09-11,21.31,27.44,13.77,0.16,17.4
2009-09-12,19.67,25.39,16.47,5.14,11.49
2009-09-13,18.51,23.5,13.87,1.44,13.36
2009-09-14,17.13,23.75,11.69,0.0,20.77
2009-09-15,18.33,23.75,13.6,0.07,12.38
2009-09-16,17.39,24.01,10.56,0.03,19.4
2009-09-17,16.9,23.6,9.65,0.0,20.99
2009-09-18,18.91,25.53,12.43,0.0,18.91
2009-09-19,17.02,22.7,11.71,0.16,12.81
2009-09-20,15.06,20.26,9.71,1.49,12.04
2009-09-21,12.03,18.32,6.92,0.61,15.6
2009-09-22,13.8,20.19,8.76,0.17,12.82
2009-09-23,14.86,21.67,8.59,0.0,17.63
2009-09-24,15.61,22.97,8.43,0.0,21.13
2009-09-25,17.43,25.19,9.65,0.0,19.81
2009-09-26,17.65,24.88,11.43,0.35,17.97
2009-09-27,14.37,20.85,9.19,0.0,19.29
2009-09-28,11.47,18.93,4.93,0.0,20.75
2009-09-29,12.26,20.47,4.43,0.0,20.41
2009-09-30,14.94,24.15,6.65,0.0,19.71
2009-10-01,15.36,23.7,7.15,0.0,18.7
2009-10-02,17.56,26.58,9.46,0.0,18.46
2009-10-03,18.42,27.91,11.01,0.0,16.65
2009-10-04,18.47,26.96,11.94,0.0,17.54
2009-10-05,16.95,23.27,10.69,1.24,16.32
2009-10-06,16.39,23.35,10.85,0.4,13.67
2009-10-07,13.47,20.97,7.31,0.0,18.24
2009-10-08,14.12,22.61,5.72,0.0,18.09
2009-10-09,16.33,23.5,9.78,0.0,17.98
2009-10-10,16.5,24.77,8.78,0.0,17.87
2009-10-11,16.45,25.45,9.73,0.0,17.43
2009-10-12,16.93,26.16,10.96,0.0,16.86
2009-10-13,16.0,24.94,8.56,0.03,15.86
2009-10-14,15.79,20.77,10.98,1.97,7.44
2009-10-15,15.13,23.68,7.97,0.51,14.32
2009-10-16,17.03,25.32,10.65,0.02,14.38
2009-10-17,18.63,27.53,12.52,0.06,11.67
2009-10-18,18.27,26.4,11.4,0.1,8.77
2009-10-19,19.91,27.8,13.36,0.57,9.0
2009-10-20,18.63,25.01,14.66,0.22,10.61
2009-10-21,17.0,23.9,11.53,0.33,12.08
2009-10-22,14.37,21.29,9.7,0.0,13.8
2009-10-23,15.37,23.35,8.07,0.0,14.47
2009-10-24,16.69,25.35,9.36,0.84,13.2
2009-10-25,16.48,24.46,10.7,0.3,12.85
2009-10-26,16.67,23.67,10.89,0.02,11.65
2009-10-27,14.06,18.74,10.17,1.26,10.71
2009-10-28,12.6,17.75,7.57,1.71,6.61
2009-10-29,11.44,16.5,8.31,0.96,9.27
2009-10-30,9.75,13.81,5.58,1.2,6.27
2009-10-31,7.83,13.27,4.29,8.8,6.8
2009-11-01,6.16,9.58,2.26,6.46,3.33
2009-11-02,2.44,5.03,0.28,3.37,5.93
2009-11-03,3.26,8.31,-0.96,0.03,10.09
2009-11-04,8.07,12.63,3.65,23.93,3.01
2009-11-05,7.96,15.24,1.85,0.07,13.03
2009-11-06,9.45,16.83,3.36,0.0,9.76
2009-11-07,11.66,19.44,7.36,0.0,11.59
2009-11-08,11.57,21.01,4.23,0.0,11.34
2009-11-09,12.23,18.94,7.0,0.0,11.28
2009-11-10,10.58,19.11,5.1,0.01,11.86
2009-11-11,9.5,16.93,4.66,3.03,4.25
2009-11-12,7.98,13.09,4.9,4.56,5.78
2009-11-13,5.95,10.5,1.62,2.12,5.72
2009-11-14,3.93,8.52,0.98,0.58,6.49
2009-11-15,4.96,10.66,-0.01,0.24,10.16
2009-11-16,5.04,9.22,1.79,1.61,4.14
2009-11-17,4.48,8.98,0.16,0.05,6.04
2009-11-18,2.69,8.67,-1.48,0.0,11.08
2009-11-19,4.3,11.04,-0.77,0.0,9.59
2009-11-20,4.07,11.69,-1.69,0.02,8.13
2009-11-21,3.82,10.73,0.02,0.0,11.4
2009-11-22,4.79,11.58,-0.15,0.0,11.3
2009-11-23,5.43,14.88,-1.15,0.0,11.18
2009-11-24,6.4,13.59,2.33,0.0,8.52
2009-11-25,4.87,12.72,-0.22,0.0,9.51
2009-11-26,3.98,10.62,-0.61,0.0,10.47
2009-11-27,3.71,11.31,-0.74,0.0,10.84
2009-11-28,3.87,12.73,-1.85,0.0,9.91
2009-11-29,5.19,11.99,1.12,0.24,5.79
2009-11-30,3.47,8.78,-1.47,0.0,7.18
2009-12-01,2.4,10.8,-1.85,0.0,8.04
2009-12-02,3.66,13.35,-1.96,0.06,10.29
2009-12-03,4.67,12.05,-0.75,3.23,3.52
2009-12-04,6.45,10.75,3.22,3.83,4.83
2009-12-05,4.1,5.63,2.81,6.04,2.38
2009-12-06,4.41,9.48,1.51,2.41,3.32
2009-12-07,3.08,7.07,0.11,1.94,5.16
2009-12-08,1.57,6.81,-1.81,0.04,7.87
2009-12-09,1.72,6.69,-2.23,0.0,8.15
2009-12-10,3.83,8.67,0.16,1.6,5.35
2009-12-11,3.93,4.94,3.24,7.74,2.54
2009-12-12,3.75,8.37,1.48,0.47,3.09
2009-12-13,2.44,8.28,-3.03,7.97,5.1
2009-12-14,-1.27,4.3,-4.02,0.01,5.99
2009-12-15,1.64,9.26,-4.12,2.09,6.59
2009-12-16,1.62,3.11,0.13,3.23,2.8
2009-12-17,3.2,7.77,0.76,0.95,2.95
2009-12-18,3.86,8.88,-1.41,3.13,4.35
2009-12-19,4.0,8.22,0.48,1.76,5.85
2009-12-20,6.4,13.11,1.76,0.47,5.38
2009-12-21,2.87,5.62,-3.74,15.54,3.71
2009-12-22,-0.53,4.82,-4.12,0.06,7.39
2009-12-23,2.23,9.48,-3.08,0.0,6.52
2009-12-24,6.11,12.81,2.18,0.0,8.84
2009-12-25,5.81,12.83,-0.11,0.19,6.44
2009-12-26,7.58,13.01,4.36,2.06,4.63
2009-12-27,7.94,14.11,3.36,0.26,4.95
2009-12-28,7.75,10.45,5.79,1.79,1.57
2009-12-29,2.99,6.32,-3.46,6.56,3.24
2009-12-30,-0.59,5.62,-4.41,0.03,10.06
2009-12-31,1.43,9.46,-3.98,0.0,6.77
2010-01-01,5.84,13.9,-0.38,0.01,9.69
2010-01-02,6.26,12.84,1.71,3.76,5.53
2010-01-03,3.78,7.18,1.25,2.76,4.36
2010-01-04,-1.37,2.26,-5.79,1.35,6.24
2010-01-05,-2.44,2.62,-5.52,0.01,10.11
2010-01-06,1.69,10.12,-3.05,0.0,7.3
2010-01-07,4.43,12.15,0.31,0.0,8.25
2010-01-08,5.86,13.76,1.57,0.0,9.83
2010-01-09,5.82,14.25,0.69,0.0,6.05
2010-01-10,4.35,10.34,0.93,0.0,4.89
2010-01-11,2.75,6.84,-0.56,3.21,7.33
2010-01-12,2.12,6.73,-1.95,0.92,5.83
2010-01-13,3.23,8.12,-0.31,2.73,5.55
2010-01-14,2.52,5.73,0.23,3.35,4.18
2010-01-15,2.84,6.26,-0.46,3.88,5.15
2010-01-16,3.74,6.34,2.04,1.61,2.55
2010-01-17,4.49,6.56,3.24,2.55,2.15
2010-01-18,4.5,9.49,2.1,1.18,6.3
2010-01-19,3.41,5.91,1.39,1.78,3.79
2010-01-20,1.85,6.48,-2.02,3.66,6.38
2010-01-21,-0.85,2.32,-4.24,2.28,4.61
2010-01-22,0.07,4.18,-4.35,2.14,2.63
2010-01-23,0.87,5.8,-4.58,7.4,5.17
2010-01-24,-3.29,1.17,-6.67,0.1,8.84
2010-01-25,-5.91,-3.33,-8.32,0.08,8.44
2010-01-26,-8.27,-3.36,-11.93,0.0,11.82
2010-01-27,-6.59,-1.65,-12.37,0.35,9.43
2010-01-28,-1.69,1.33,-3.88,3.83,3.37
2010-01-29,1.29,6.42,-2.99,0.27,5.42
2010-01-30,1.29,3.31,0.12,2.7,6.28
2010-01-31,2.67,9.22,-1.22,1.65,4.6
2010-02-01,3.05,10.38,-0.88,0.58,12.25
2010-02-02,3.98,10.24,-0.62,2.32,6.94
2010-02-03,-3.09,2.82,-6.7,4.43,4.91
2010-02-04,-4.58,-1.73,-6.7,0.18,7.49
2010-02-05,-4.2,-1.16,-7.96,0.12,8.74
2010-02-06,-4.29,2.0,-9.13,0.0,13.56
2010-02-07,0.05,5.01,-4.27,0.43,7.08
2010-02-08,0.85,4.0,-0.52,1.78,2.9
2010-02-09,1.22,4.97,-0.76,2.93,7.76
2010-02-10,2.98,9.09,-0.84,1.04,12.08
2010-02-11,4.15,9.36,0.57,1.01,3.68
2010-02-12,5.06,10.84,1.46,2.09,7.22
2010-02-13,5.82,11.51,1.76,0.1,8.75
2010-02-14,7.38,15.31,1.12,0.4,11.03
2010-02-15,8.96,16.8,4.55,0.15,4.09
2010-02-16,6.59,11.98,2.48,0.0,12.85
2010-02-17,7.02,15.0,2.41,0.0,10.35
2010-02-18,7.23,14.84,1.11,0.56,11.95
2010-02-19,7.0,11.94,2.54,2.81,12.59
2010-02-20,8.1,14.52,2.57,0.05,6.09
2010-02-21,7.71,14.07,2.0,4.83,3.19
2010-02-22,2.98,7.35,0.34,0.34,12.63
2010-02-23,3.99,9.38,0.24,0.24,12.19
2010-02-24,4.79,8.66,1.5,1.67,8.0
2010-02-25,3.88,8.51,0.88,3.66,6.34
2010-02-26,4.53,8.94,1.55,4.61,7.7
2010-02-27,5.2,10.09,2.23,3.2,10.78
2010-02-28,5.4,10.8,2.11,1.52,9.79
2010-03-01,5.43,12.28,0.11,0.0,13.8
2010-03-02,9.65,18.06,3.38,0.31,17.27
2010-03-03,4.29,9.08,-2.87,1.1,12.74
2010-03-04,1.08,4.68,-3.5,0.02,12.34
2010-03-05,6.32,12.41,0.53,1.14,9.92
2010-03-06,7.74,12.82,3.47,2.66,8.19
2010-03-07,4.64,10.4,-2.24,1.77,16.35
2010-03-08,9.35,15.21,4.66,1.36,6.92
2010-03-09,11.75,18.99,6.15,0.8,8.65
2010-03-10,6.83,12.26,2.24,0.01,15.97
2010-03-11,9.95,17.89,5.07,0.0,10.17
2010-03-12,9.84,15.1,5.28,0.0,14.37
2010-03-13,6.78,12.01,3.04,0.0,17.4
2010-03-14,7.17,14.58,1.26,2.73,11.18
2010-03-15,3.14,8.51,-2.07,4.55,6.78
2010-03-16,-0.25,5.97,-5.15,0.16,16.01
2010-03-17,1.61,8.89,-3.23,0.0,21.35
2010-03-18,-0.03,5.94,-3.77,0.0,21.91
2010-03-19,1.06,8.07,-4.61,0.0,21.54
2010-03-20,3.25,10.64,-3.77,0.0,20.86
2010-03-21,6.57,14.71,-0.58,0.0,22.77
2010-03-22,8.76,17.21,0.28,0.0,22.27
2010-03-23,10.77,18.76,4.28,0.0,21.15
2010-03-24,10.74,19.71,2.74,0.0,17.49
2010-03-25,11.19,18.31,6.09,0.07,11.05
2010-03-26,8.84,16.73,2.05,0.33,18.51
2010-03-27,10.42,17.86,2.79,0.0,22.38
2010-03-28,11.2,20.12,2.75,0.96,21.84
2010-03-29,5.88,9.22,2.06,2.49,11.76
2010-03-30,5.33,9.82,1.27,0.81,10.5
2010-03-31,8.36,16.23,0.1,0.07,13.38
2010-04-01,10.13,17.23,3.19,0.07,18.92
2010-04-02,11.07,18.64,3.45,1.06,18.24
2010-04-03,8.87,14.59,4.52,1.52,15.19
2010-04-04,8.31,15.93,3.07,0.0,23.79
2010-04-05,9.64,17.79,0.94,0.0,24.69
2010-04-06,12.01,20.75,4.21,1.0,22.3
2010-04-07,6.2,10.29,2.76,4.31,11.53
2010-04-08,5.57,11.28,1.46,0.6,10.79
2010-04-09,5.69,12.0,0.51,0.01,15.11
2010-04-10,5.34,12.19,-1.05,0.0,19.74
2010-04-11,6.34,11.32,1.41,5.86,11.28
2010-04-12,5.14,10.35,1.69,3.66,12.7
2010-04-13,6.79,14.76,-1.73,0.0,24.72
2010-04-14,9.02,15.32,1.23,0.41,17.58
2010-04-15,11.57,18.13,4.11,0.0,20.18
2010-04-16,13.44,21.11,6.36,0.03,23.0
2010-04-17,14.45,21.73,8.69,0.93,21.72
2010-04-18,11.92,17.26,7.99,3.59,16.98
2010-04-19,14.21,21.14,6.77,0.05,22.18
2010-04-20,13.97,19.78,8.44,3.64,12.33
2010-04-21,10.34,14.77,6.51,4.67,17.6
2010-04-22,8.53,15.08,2.7,0.31,22.17
2010-04-23,10.52,18.11,2.78,0.0,27.27
2010-04-24,12.29,20.28,4.12,0.0,26.31
2010-04-25,13.69,20.04,7.34,0.01,21.5
2010-04-26,13.8,20.69,8.56,0.89,23.53
2010-04-27,11.68,16.57,6.74,1.96,18.03
2010-04-28,11.5,18.65,5.35,0.28,25.19
2010-04-29,11.08,18.37,4.44,0.15,26.66
2010-04-30,10.74,18.55,3.5,0.05,28.58
2010-05-01,10.91,19.34,1.97,0.0,29.42
2010-05-02,12.72,20.67,4.38,0.0,29.13
2010-05-03,13.6,22.08,3.68,0.0,29.11
2010-05-04,14.66,23.96,5.55,0.0,29.46
2010-05-05,14.26,23.87,4.38,0.0,29.52
2010-05-06,15.87,23.98,6.26,0.0,19.78
2010-05-07,18.78,28.24,10.04,0.06,26.09
2010-05-08,17.22,25.21,9.1,0.0,27.42
2010-05-09,16.95,23.14,12.44,5.38,11.1
2010-05-10,14.63,21.46,8.78,0.28,27.91
2010-05-11,14.87,23.16,6.17,0.0,29.81
2010-05-12,17.25,25.45,8.48,0.0,27.86
2010-05-13,20.65,28.45,13.54,0.0,28.42
2010-05-14,20.4,29.15,12.63,0.06,26.7
2010-05-15,18.9,23.77,12.9,0.12,13.84
2010-05-16,21.7,29.29,14.83,0.0,24.72
2010-05-17,15.85,22.86,9.36,0.0,28.98
2010-05-18,14.24,21.95,7.06,0.31,24.41
2010-05-19,13.3,19.35,7.74,3.24,20.03
2010-05-20,13.08,18.58,8.03,2.04,18.95
2010-05-21,12.67,19.49,6.4,1.86,18.6
2010-05-22,11.78,18.2,7.27,6.05,16.11
2010-05-23,10.76,14.99,7.03,3.84,14.2
2010-05-24,14.0,20.77,5.83,1.43,26.15
2010-05-25,16.28,22.55,9.31,0.59,23.98
2010-05-26,17.87,25.5,8.61,0.0,28.81
2010-05-27,18.64,26.92,11.22,6.21,24.34
2010-05-28,17.82,25.0,9.73,0.76,27.51
2010-05-29,20.34,27.98,12.88,0.03,25.82
2010-05-30,20.97,27.56,13.07,0.0,27.82
2010-05-31,22.14,29.52,15.7,1.05,26.28
2010-06-01,21.76,30.15,13.22,0.17,22.95
2010-06-02,22.29,29.95,15.61,0.0,25.36
2010-06-03,21.02,28.8,13.14,0.0,27.27
2010-06-04,21.48,29.72,12.84,0.0,28.91
2010-06-05,21.89,29.31,12.56,0.02,28.57
2010-06-06,21.23,28.93,14.19,10.42,19.2
2010-06-07,16.66,21.8,12.72,4.74,21.98
2010-06-08,17.09,22.81,11.67,2.61,22.97
2010-06-09,18.33,24.45,11.93,7.38,21.32
2010-06-10,17.85,21.71,13.64,10.3,18.96
2010-06-11,17.3,21.12,12.67,4.59,19.05
2010-06-12,19.75,26.6,12.14,0.09,25.37
2010-06-13,23.54,32.0,13.7,0.64,28.48
2010-06-14,23.3,31.77,15.52,2.84,21.02
2010-06-15,22.73,29.47,16.99,0.86,28.96
2010-06-16,22.75,31.17,13.94,0.0,30.21
2010-06-17,22.4,30.38,14.14,0.0,30.05
2010-06-18,21.97,28.6,14.33,0.01,27.17
2010-06-19,22.07,28.85,14.3,0.28,26.77
2010-06-20,23.11,30.37,17.1,2.01,28.17
2010-06-21,23.01,30.35,15.41,1.24,29.21
2010-06-22,21.93,28.88,16.0,2.22,28.17
2010-06-23,17.87,24.21,12.14,2.2,21.88
2010-06-24,15.95,21.17,10.71,3.76,17.17
2010-06-25,16.53,22.05,11.05,4.35,14.42
2010-06-26,17.76,24.21,11.5,1.65,21.7
2010-06-27,18.19,23.74,12.04,4.66,21.87
2010-06-28,17.91,23.84,12.39,6.07,23.07
2010-06-29,18.77,25.82,10.8,0.16,27.26
2010-06-30,21.06,28.05,14.37,1.96,24.49
2010-07-01,20.64,27.09,13.65,0.92,28.68
2010-07-02,21.45,28.78,12.63,0.0,27.09
2010-07-03,22.45,30.33,14.13,0.0,30.12
2010-07-04,24.13,32.15,15.11,1.74,26.53
2010-07-05,24.33,32.25,15.87,2.07,28.82
2010-07-06,24.81,32.34,16.52,0.69,28.67
2010-07-07,23.61,31.48,16.66,0.05,29.54
2010-07-08,24.78,31.27,18.21,1.18,21.5
2010-07-09,22.7,29.12,16.74,2.59,25.4
2010-07-10,22.78,30.83,14.68,0.0,27.99
2010-07-11,24.5,33.03,15.61,0.0,27.74
2010-07-12,25.92,34.27,16.68,0.0,27.79
2010-07-13,26.24,34.24,19.0,0.05,29.02
2010-07-14,24.45,31.81,16.79,0.0,28.59
2010-07-15,23.87,30.39,16.45,0.07,27.1
2010-07-16,21.96,28.71,15.72,0.13,22.33
2010-07-17,22.02,29.28,14.04,0.0,30.24
2010-07-18,23.34,30.89,14.55,0.0,29.62
2010-07-19,24.64,31.19,17.85,1.19,25.51
2010-07-20,24.28,30.22,16.21,0.37,24.17
2010-07-21,25.36,32.27,18.61,0.01,24.92
2010-07-22,25.11,31.76,16.71,0.0,24.71
2010-07-23,25.49,32.73,18.8,0.01,26.85
2010-07-24,23.8,30.66,16.19,0.0,29.01
2010-07-25,25.77,33.05,16.92,0.01,26.2
2010-07-26,27.49,35.86,19.75,0.05,25.46
2010-07-27,26.35,34.71,17.18,0.0,27.39
2010-07-28,26.4,34.79,18.18,0.0,27.64
2010-07-29,26.31,34.03,18.81,0.0,24.39
2010-07-30,27.24,36.22,18.62,0.0,27.93
2010-07-31,29.9,38.6,20.11,0.0,27.76
2010-08-01,30.59,39.25,21.27,0.0,26.68
2010-08-02,29.16,37.7,20.84,0.0,26.59
2010-08-03,28.02,36.69,19.09,0.0,27.67
2010-08-04,29.85,38.44,19.64,0.05,26.47
2010-08-05,30.15,37.36,22.69,0.68,16.1
2010-08-06,30.02,38.05,21.08,0.16,24.23
2010-08-07,29.88,37.52,22.23,0.0,26.15
2010-08-08,30.71,38.74,21.47,0.0,25.89
2010-08-09,29.97,37.68,21.34,0.04,23.77
2010-08-10,29.33,36.4,22.54,0.12,25.46
2010-08-11,28.49,35.99,21.61,0.0,26.63
2010-08-12,27.81,36.22,18.67,0.0,27.32
2010-08-13,27.78,35.96,19.38,0.0,27.0
2010-08-14,28.11,36.55,18.89,0.0,26.38
2010-08-15,27.35,35.23,19.6,0.0,26.49
2010-08-16,26.88,34.05,19.33,0.0,26.11
2010-08-17,26.49,34.01,18.45,0.0,25.95
2010-08-18,27.97,35.76,20.62,0.0,25.43
2010-08-19,26.91,35.14,18.73,0.0,25.34
2010-08-20,27.05,35.7,18.08,0.0,25.06
2010-08-21,24.55,31.36,18.17,0.0,25.23
2010-08-22,22.1,28.92,15.84,0.0,26.19
2010-08-23,21.35,29.52,14.09,0.0,26.81
2010-08-24,23.4,32.55,13.07,0.0,26.74
2010-08-25,24.29,32.78,15.24,0.0,26.33
2010-08-26,23.5,31.56,15.68,0.0,26.32
2010-08-27,22.84,30.85,14.9,0.0,25.44
2010-08-28,25.07,32.91,15.93,0.0,25.34
2010-08-29,27.07,35.53,17.74,0.0,24.53
2010-08-30,27.32,35.59,17.7,0.0,23.54
2010-08-31,28.79,36.27,21.63,0.11,20.72
2010-09-01,24.65,32.61,15.61,0.65,20.63
2010-09-02,17.92,24.67,13.17,0.06,25.25
2010-09-03,19.44,28.02,10.46,0.0,24.4
2010-09-04,21.76,30.25,12.77,0.0,24.05
2010-09-05,23.27,31.46,15.06,0.0,23.19
2010-09-06,23.49,31.81,14.71,0.31,20.87
2010-09-07,21.72,27.87,15.85,0.22,16.34
2010-09-08,21.27,29.06,13.36,0.0,22.33
2010-09-09,22.59,30.63,14.16,0.0,23.35
2010-09-10,21.74,30.09,14.03,0.0,23.37
2010-09-11,22.12,30.36,12.92,0.0,23.2
2010-09-12,23.41,31.79,16.03,0.75,22.25
2010-09-13,18.98,24.59,14.65,0.33,16.73
2010-09-14,17.27,24.51,10.79,0.03,21.92
2010-09-15,19.06,27.37,10.46,0.0,22.02
2010-09-16,21.54,29.44,13.59,0.0,21.51
2010-09-17,22.32,30.53,13.87,0.03,19.38
2010-09-18,20.99,28.96,13.87,0.02,21.63
2010-09-19,22.02,30.75,13.08,0.0,21.59
2010-09-20,24.05,31.97,15.1,0.0,18.29
2010-09-21,22.71,30.78,15.51,0.05,17.59
2010-09-22,21.7,28.69,15.49,0.34,16.96
2010-09-23,20.26,27.37,13.43,0.0,18.37
2010-09-24,21.22,29.37,14.12,0.0,18.09
2010-09-25,21.05,28.64,14.74,0.15,18.74
2010-09-26,22.01,28.74,15.17,0.0,17.5
2010-09-27,22.94,30.61,17.36,0.0,15.81
2010-09-28,19.73,26.44,14.22,0.0,18.42
2010-09-29,21.29,28.51,12.85,0.0,16.03
2010-09-30,19.62,24.27,12.38,2.35,11.62
2010-10-01,16.75,24.11,11.29,0.2,16.85
2010-10-02,13.51,19.58,8.34,2.79,13.14
2010-10-03,10.88,17.01,5.63,0.07,16.15
2010-10-04,10.48,17.77,4.43,0.0,17.72
2010-10-05,10.95,18.35,3.81,0.01,18.43
2010-10-06,12.53,20.5,5.12,0.0,16.96
2010-10-07,10.55,17.6,6.22,6.26,3.79
2010-10-08,6.52,9.92,3.03,10.49,5.43
2010-10-09,5.57,10.48,2.43,1.57,8.28
2010-10-10,6.96,15.9,0.44,0.0,13.01
2010-10-11,8.84,14.47,2.69,0.0,17.39
2010-10-12,9.94,13.75,6.55,0.67,7.71
2010-10-13,14.37,20.16,8.99,6.66,5.6
2010-10-14,15.27,19.07,12.92,15.77,5.2
2010-10-15,15.33,21.46,9.97,5.49,10.7
2010-10-16,14.34,19.42,10.91,6.88,9.65
2010-10-17,13.85,20.57,9.04,0.4,12.55
2010-10-18,14.24,21.23,8.32,0.64,14.26
2010-10-19,15.57,22.79,10.78,2.79,6.12
2010-10-20,13.28,17.37,9.6,13.34,3.06
2010-10-21,13.85,20.48,8.95,0.0,14.93
2010-10-22,13.46,19.1,8.82,0.13,11.06
2010-10-23,10.01,16.46,5.59,0.0,9.79
2010-10-24,7.89,14.37,4.32,0.0,9.84
2010-10-25,9.52,17.33,3.61,0.0,14.89
2010-10-26,12.49,19.95,6.87,0.66,10.9
2010-10-27,13.0,18.02,8.93,1.08,7.23
2010-10-28,12.67,18.88,9.22,28.07,2.87
2010-10-29,7.92,11.36,3.15,11.12,5.24
2010-10-30,5.38,11.92,0.55,0.01,13.34
2010-10-31,5.26,13.4,-1.06,0.0,14.74
2010-11-01,5.12,13.83,-1.96,0.0,14.83
2010-11-02,6.93,15.26,-0.04,0.0,14.69
2010-11-03,7.64,15.71,1.51,0.0,14.46
2010-11-04,7.89,16.2,1.89,0.0,14.07
2010-11-05,9.71,17.81,3.44,0.01,12.77
2010-11-06,8.89,16.81,2.16,0.0,13.65
2010-11-07,10.14,18.2,4.48,0.0,13.15
2010-11-08,10.54,18.66,4.8,0.0,12.86
2010-11-09,10.34,19.63,4.32,0.0,8.84
2010-11-10,10.41,20.75,3.67,0.0,12.28
2010-11-11,11.18,19.39,5.1,0.0,12.8
2010-11-12,10.3,19.65,3.95,0.0,11.49
2010-11-13,12.12,19.19,6.61,0.0,9.18
2010-11-14,11.06,18.74,6.07,0.0,11.07
2010-11-15,12.15,21.48,6.27,0.0,10.82
2010-11-16,14.45,20.35,8.99,0.0,9.76
2010-11-17,13.01,20.44,8.61,0.0,7.74
2010-11-18,12.27,19.88,6.01,0.0,11.03
2010-11-19,11.51,18.75,7.03,0.0,11.11
2010-11-20,10.0,17.9,5.7,0.0,10.46
2010-11-21,8.15,14.95,3.84,0.0,9.53
2010-11-22,5.98,13.16,1.41,0.0,7.64
2010-11-23,7.91,16.93,1.42,0.01,7.93
2010-11-24,9.42,13.93,6.63,3.4,1.81
2010-11-25,9.44,14.72,6.17,2.44,4.61
2010-11-26,10.57,15.13,7.4,5.11,6.22
2010-11-27,10.59,15.46,8.12,0.0,6.2
2010-11-28,10.57,19.73,5.6,0.0,9.73
2010-11-29,10.43,18.25,6.47,0.0,5.87
2010-11-30,10.39,18.58,5.06,0.0,6.25
2010-12-01,10.02,17.82,4.94,0.0,8.81
2010-12-02,11.04,16.67,6.9,0.08,5.64
2010-12-03,10.88,17.09,8.11,0.89,7.69
2010-12-04,9.48,19.74,3.84,0.0,8.03
2010-12-05,6.82,12.98,2.08,1.05,4.0
2010-12-06,4.57,10.31,0.38,0.03,5.17
2010-12-07,2.49,8.52,-0.21,0.0,7.91
2010-12-08,5.4,12.96,-0.19,0.0,9.6
2010-12-09,7.52,14.93,2.53,0.11,8.48
2010-12-10,7.45,12.31,1.84,12.49,3.81
2010-12-11,-0.53,1.18,-2.45,13.04,1.68
2010-12-12,-1.43,1.32,-4.95,1.65,1.4
2010-12-13,-2.53,2.09,-7.41,1.78,6.21
2010-12-14,1.71,3.14,-0.15,8.47,2.65
2010-12-15,1.79,3.2,-0.08,4.75,5.39
2010-12-16,4.82,8.67,1.41,8.94,2.23
2010-12-17,6.44,10.73,3.07,8.85,5.74
2010-12-18,2.52,7.23,-2.14,1.57,8.07
2010-12-19,2.85,9.79,-2.47,0.04,4.66
2010-12-20,3.75,10.1,-0.33,0.21,4.08
2010-12-21,5.47,10.97,2.37,0.0,8.17
2010-12-22,4.15,9.17,1.32,0.0,8.39
2010-12-23,3.03,10.68,-0.6,0.0,8.14
2010-12-24,3.24,10.78,-0.73,0.0,5.93
2010-12-25,6.09,14.49,0.51,0.0,5.56
2010-12-26,6.99,13.26,4.0,0.03,4.51
2010-12-27,7.2,10.93,4.56,0.0,3.84
2010-12-28,6.81,12.86,1.62,0.1,4.94
2010-12-29,4.71,11.79,-0.5,1.38,7.86
2010-12-30,1.7,4.14,-1.27,4.83,4.45
2010-12-31,-0.55,3.89,-3.06,0.67,4.85
2011-01-01,-2.04,2.77,-5.06,0.0,5.68
2011-01-02,-0.29,6.0,-5.03,0.16,7.71
2011-01-03,2.91,7.86,-0.1,1.94,3.84
2011-01-04,2.7,6.47,-0.08,4.94,4.76
2011-01-05,1.22,5.97,-1.82,0.72,3.02
2011-01-06,-0.01,4.65,-2.68,1.7,3.07
2011-01-07,-0.77,2.92,-3.98,2.68,4.97
2011-01-08,-2.33,3.11,-5.14,0.08,10.26
2011-01-09,-1.92,2.03,-5.11,0.0,8.33
2011-01-10,-0.24,4.32,-2.68,0.01,6.64
2011-01-11,-0.77,3.89,-3.04,0.0,5.38
2011-01-12,0.09,6.21,-3.49,0.0,6.63
2011-01-13,1.15,6.85,-1.48,0.0,8.39
2011-01-14,0.29,7.68,-3.57,0.0,4.99
2011-01-15,0.15,4.76,-2.58,0.0,4.86
2011-01-16,-0.59,2.13,-2.76,0.0,6.6
2011-01-17,0.62,7.66,-2.97,0.01,8.7
2011-01-18,0.38,6.04,-2.13,0.0,9.85
2011-01-19,0.44,6.13,-3.12,0.0,6.34
2011-01-20,0.69,8.09,-3.45,0.0,6.74
2011-01-21,1.21,8.16,-2.2,0.0,8.78
2011-01-22,1.14,3.71,-0.6,0.12,7.96
2011-01-23,3.86,9.49,-0.17,0.17,6.73
2011-01-24,4.49,8.69,2.44,4.23,6.22
2011-01-25,2.1,5.42,-1.22,12.48,2.47
2011-01-26,-0.91,2.66,-4.09,1.99,6.54
2011-01-27,-2.26,2.42,-5.37,0.05,10.63
2011-01-28,-1.8,2.75,-5.21,1.82,8.28
2011-01-29,-1.23,1.35,-2.75,4.8,3.65
2011-01-30,-1.85,1.31,-3.7,1.19,2.97
2011-01-31,-3.92,-0.68,-6.73,0.15,6.39
2011-02-01,-5.72,-1.51,-9.08,0.03,11.45
2011-02-02,-5.43,-1.2,-9.08,0.0,14.07
2011-02-03,-4.81,1.73,-10.65,0.24,14.03
2011-02-04,-1.94,4.53,-5.21,0.02,13.67
2011-02-05,-2.36,3.46,-7.88,0.01,14.39
2011-02-06,-0.5,6.99,-6.79,0.0,14.21
2011-02-07,0.84,7.31,-3.36,0.0,14.04
2011-02-08,2.21,8.23,-1.51,0.0,14.32
2011-02-09,1.55,8.77,-2.34,0.0,14.67
2011-02-10,-0.94,4.58,-4.03,0.0,14.54
2011-02-11,-2.37,2.02,-5.3,0.0,15.08
2011-02-12,0.55,9.02,-5.34,0.0,15.15
2011-02-13,1.46,5.67,-1.79,0.12,10.74
2011-02-14,2.29,8.17,-1.73,0.68,7.56
2011-02-15,1.08,6.0,-2.62,1.43,6.38
2011-02-16,-0.2,5.71,-3.98,0.01,11.9
2011-02-17,1.62,7.91,-3.97,0.0,13.44
2011-02-18,5.02,13.34,-1.3,0.0,13.84
2011-02-19,4.91,11.94,1.02,5.55,3.8
2011-02-20,2.4,6.55,-1.61,3.84,7.24
2011-02-21,0.73,6.11,-3.18,0.27,9.09
2011-02-22,2.73,9.66,-2.48,1.76,7.0
2011-02-23,5.2,9.97,2.18,3.54,10.61
2011-02-24,4.97,10.62,0.54,3.36,12.5
2011-02-25,5.07,9.36,1.74,6.63,7.76
2011-02-26,4.57,8.74,1.86,5.22,9.29
2011-02-27,3.86,8.67,0.94,0.09,7.04
2011-02-28,3.69,8.88,0.56,0.48,9.84
2011-03-01,3.54,9.89,-0.34,0.05,10.2
2011-03-02,3.54,10.48,-1.74,0.0,16.26
2011-03-03,1.88,8.64,-3.31,0.0,17.65
2011-03-04,4.0,10.55,-1.68,0.06,12.54
2011-03-05,3.25,10.85,-2.84,0.0,17.25
2011-03-06,5.4,11.67,0.32,7.65,6.91
2011-03-07,2.02,6.07,-2.24,5.59,7.66
2011-03-08,-1.54,2.14,-3.75,4.38,4.06
2011-03-09,-2.95,-0.09,-5.0,7.85,1.78
2011-03-10,-3.69,0.79,-7.98,0.29,5.7
2011-03-11,-4.37,1.21,-8.97,0.01,12.49
2011-03-12,-1.85,3.68,-6.58,0.0,15.67
2011-03-13,0.35,6.5,-4.24,0.0,19.26
2011-03-14,2.87,10.68,-2.3,0.0,19.67
2011-03-15,5.76,15.14,-2.34,0.0,19.52
2011-03-16,9.24,16.96,1.65,0.0,18.51
2011-03-17,11.54,19.08,5.49,0.02,19.93
2011-03-18,9.17,14.89,5.69,3.01,7.4
2011-03-19,9.1,15.0,3.6,0.63,17.89
2011-03-20,7.5,11.9,3.46,1.15,13.77
2011-03-21,5.49,10.63,0.91,3.74,7.76
2011-03-22,3.16,8.84,-1.69,0.31,9.36
2011-03-23,0.95,7.21,-4.38,0.0,15.11
2011-03-24,2.42,8.92,-3.77,0.0,19.06
2011-03-25,3.72,11.1,-3.06,0.0,22.22
2011-03-26,6.16,15.45,-2.24,0.0,23.34
2011-03-27,6.84,13.98,0.12,0.0,18.91
2011-03-28,7.03,12.26,1.94,0.03,16.97
2011-03-29,9.57,16.47,2.37,0.0,19.12
2011-03-30,9.05,14.12,3.83,0.45,17.03
2011-03-31,9.58,15.85,3.74,0.09,12.97
2011-04-01,9.65,14.55,5.32,0.45,14.53
2011-04-02,9.8,16.06,4.46,3.19,7.39
2011-04-03,7.7,12.81,3.16,3.05,12.22
2011-04-04,7.5,12.0,3.6,4.47,15.03
2011-04-05,7.16,13.48,1.7,4.35,17.6
2011-04-06,6.95,12.01,2.65,1.1,17.39
2011-04-07,7.43,12.22,2.43,0.0,14.18
2011-04-08,9.17,16.78,0.76,0.33,22.3
2011-04-09,10.67,16.78,6.29,1.28,16.21
2011-04-10,6.74,11.54,-0.66,2.69,15.26
2011-04-11,2.35,6.63,-2.27,0.26,20.52
2011-04-12,0.67,5.36,-4.54,0.18,20.17
2011-04-13,6.29,13.37,-1.59,0.0,16.84
2011-04-14,7.68,14.81,1.73,2.39,15.11
2011-04-15,8.51,15.47,3.43,0.21,21.03
2011-04-16,8.57,14.23,2.78,0.05,16.28
2011-04-17,9.04,13.97,5.05,0.62,11.7
2011-04-18,11.02,16.89,6.45,1.78,9.57
2011-04-19,9.89,16.93,3.82,1.67,14.09
2011-04-20,6.46,11.64,1.98,3.5,16.31
2011-04-21,6.01,11.53,1.39,1.73,16.49
2011-04-22,6.41,14.82,-0.87,0.09,26.95
2011-04-23,8.17,15.4,0.64,0.6,25.12
2011-04-24,4.94,8.48,1.54,6.4,8.19
2011-04-25,8.32,14.31,2.54,0.83,20.77
2011-04-26,10.36,17.88,2.71,0.0,26.3
2011-04-27,11.59,18.15,4.36,0.16,15.68
2011-04-28,10.69,17.13,5.55,2.25,14.76
2011-04-29,10.96,16.77,6.19,4.05,18.07
2011-04-30,10.61,16.78,5.08,2.43,23.68
2011-05-01,11.92,17.82,5.03,0.4,22.64
2011-05-02,13.37,18.18,7.55,1.13,19.61
2011-05-03,14.56,21.62,7.11,0.24,18.89
2011-05-04,14.49,21.71,8.18,3.85,23.91
2011-05-05,12.08,17.5,7.63,1.86,15.82
2011-05-06,9.93,14.96,5.19,4.31,15.87
2011-05-07,7.68,14.31,2.55,0.01,22.08
2011-05-08,9.02,16.29,0.07,0.01,28.24
2011-05-09,11.92,19.45,4.56,0.0,21.85
2011-05-10,11.55,18.58,4.52,0.08,25.16
2011-05-11,12.52,18.86,5.66,5.51,15.93
2011-05-12,11.28,16.04,6.32,3.34,15.03
2011-05-13,9.94,12.83,7.0,3.18,13.05
2011-05-14,10.41,15.37,7.04,0.96,19.43
2011-05-15,11.37,17.64,4.03,0.15,25.4
2011-05-16,14.3,20.98,7.25,0.0,27.59
2011-05-17,16.3,23.14,9.76,0.11,27.93
2011-05-18,14.92,22.01,8.11,1.0,20.22
2011-05-19,15.0,21.45,8.19,4.47,19.9
2011-05-20,12.49,17.04,7.53,3.16,15.44
2011-05-21,13.13,19.17,8.02,1.93,18.29
2011-05-22,13.3,19.69,7.3,0.14,21.15
2011-05-23,14.9,22.21,6.53,0.0,24.97
2011-05-24,16.32,23.23,8.39,0.14,26.88
2011-05-25,16.82,23.42,9.32,2.43,22.55
2011-05-26,17.21,23.08,11.07,1.22,23.14
2011-05-27,17.38,23.23,11.16,8.16,24.42
2011-05-28,16.35,20.27,11.31,5.25,21.0
2011-05-29,16.28,21.33,10.41,4.61,21.8
2011-05-30,16.21,21.23,10.89,1.13,20.24
2011-05-31,17.55,22.52,11.68,1.21,21.7
2011-06-01,17.37,22.75,10.62,1.7,25.98
2011-06-02,17.3,23.0,10.92,2.23,26.81
2011-06-03,18.23,25.0,11.51,0.85,28.04
2011-06-04,18.04,24.62,11.15,9.68,28.42
2011-06-05,17.74,23.46,11.79,0.68,25.06
2011-06-06,18.71,25.46,10.55,0.0,27.99
2011-06-07,20.54,27.18,11.9,0.0,27.42
2011-06-08,20.87,26.73,14.96,0.0,28.87
2011-06-09,22.09,30.34,12.3,2.31,28.76
2011-06-10,20.91,27.13,15.51,8.04,25.53
2011-06-11,16.65,22.48,11.97,2.62,20.42
2011-06-12,16.26,22.08,10.42,4.22,19.93
2011-06-13,14.91,18.12,12.42,15.09,9.31
2011-06-14,15.53,19.27,11.9,4.52,19.79
2011-06-15,18.11,23.69,12.04,0.16,26.41
2011-06-16,18.08,23.42,12.66,3.47,18.61
2011-06-17,18.47,24.89,12.35,2.36,27.23
2011-06-18,17.8,23.39,12.41,1.24,17.93
2011-06-19,18.77,24.05,12.22,0.05,24.35
2011-06-20,20.11,27.35,12.68,0.0,31.22
2011-06-21,20.48,28.04,11.52,0.03,27.93
2011-06-22,19.11,26.14,12.67,0.0,31.62
2011-06-23,17.96,25.96,9.94,0.0,32.16
2011-06-24,18.65,28.16,9.15,0.0,32.2
2011-06-25,21.37,30.57,10.32,0.0,31.76
2011-06-26,17.13,24.17,10.68,0.17,18.14
2011-06-27,14.1,19.85,8.77,1.2,24.48
2011-06-28,14.93,21.68,6.54,0.02,25.89
2011-06-29,17.56,23.88,11.23,1.23,21.82
2011-06-30,18.32,25.24,10.42,0.19,26.3
2011-07-01,21.19,27.14,14.62,0.38,24.09
2011-07-02,19.8,25.33,14.34,0.6,25.45
2011-07-03,21.63,29.55,13.19,0.0,30.57
2011-07-04,21.67,29.12,13.82,0.0,29.22
2011-07-05,20.04,27.66,13.34,0.0,30.17
2011-07-06,22.17,29.99,13.78,2.64,25.03
2011-07-07,22.14,29.56,13.65,0.0,26.87
2011-07-08,23.11,30.87,14.56,0.0,28.14
2011-07-09,23.88,32.09,15.26,0.0,29.8
2011-07-10,22.99,31.05,15.34,0.0,31.1
2011-07-11,22.1,30.56,13.8,0.0,30.95
2011-07-12,21.68,29.15,13.32,0.0,29.04
2011-07-13,22.28,29.5,13.97,0.03,25.33
2011-07-14,23.65,30.63,16.39,0.05,23.59
2011-07-15,22.6,28.66,15.69,2.15,26.32
2011-07-16,22.35,30.11,14.65,0.06,25.1
2011-07-17,23.01,31.17,14.09,0.0,27.78
2011-07-18,24.21,31.95,16.17,0.19,27.46
2011-07-19,23.88,31.45,15.32,0.0,26.62
2011-07-20,25.2,31.89,16.87,0.0,27.67
2011-07-21,26.61,34.98,17.32,0.0,27.48
2011-07-22,24.55,31.7,17.43,0.01,25.98
2011-07-23,23.74,30.29,16.69,0.0,24.92
2011-07-24,24.1,32.37,15.19,0.74,28.12
2011-07-25,26.24,34.7,17.92,0.85,25.46
2011-07-26,26.03,34.16,16.44,0.0,27.22
2011-07-27,26.83,35.25,17.76,0.0,27.68
2011-07-28,27.43,36.04,18.69,0.0,28.55
2011-07-29,27.54,36.51,17.34,0.0,28.57
2011-07-30,28.41,36.61,18.79,0.0,27.01
2011-07-31,28.13,35.95,19.35,0.0,27.1
2011-08-01,28.17,36.88,18.42,0.35,25.18
2011-08-02,26.14,34.33,19.45,7.16,21.61
2011-08-03,22.96,28.92,18.07,0.01,22.4
2011-08-04,22.63,29.61,16.07,0.04,25.3
2011-08-05,23.09,30.39,15.5,0.0,25.66
2011-08-06,23.12,30.87,14.8,0.0,26.73
2011-08-07,23.26,30.87,15.22,0.0,27.46
2011-08-08,24.48,32.76,15.4,0.0,28.08
2011-08-09,25.48,34.39,15.39,0.0,28.16
2011-08-10,25.64,34.67,15.24,0.0,27.96
2011-08-11,24.92,33.9,16.55,4.8,25.47
2011-08-12,18.96,24.76,14.3,2.1,18.06
2011-08-13,19.92,26.41,13.05,0.05,20.08
2011-08-14,22.24,28.66,14.58,0.0,25.05
2011-08-15,24.24,31.46,16.07,0.0,21.17
2011-08-16,24.62,32.05,17.17,0.06,24.39
2011-08-17,23.38,30.96,16.18,0.0,25.92
2011-08-18,22.97,29.98,15.56,0.0,25.18
2011-08-19,21.32,27.96,15.36,0.0,23.56
2011-08-20,21.18,29.05,13.96,0.0,26.16
2011-08-21,20.61,29.24,12.43,0.0,26.91
2011-08-22,21.4,29.48,12.88,0.0,26.46
2011-08-23,21.9,30.4,13.32,0.0,26.5
2011-08-24,20.91,29.22,13.12,0.0,26.43
2011-08-25,20.64,29.18,12.33,0.0,26.25
2011-08-26,20.73,28.9,12.5,0.0,26.21
2011-08-27,20.54,29.08,12.96,0.0,25.63
2011-08-28,20.57,29.39,11.85,0.0,26.12
2011-08-29,21.6,31.45,11.55,0.0,24.12
2011-08-30,23.42,30.92,16.1,0.05,21.93
2011-08-31,20.4,28.01,13.96,0.17,24.77
2011-09-01,20.21,28.19,11.96,0.0,23.69
2011-09-02,21.32,28.23,13.79,0.0,22.78
2011-09-03,20.33,27.53,13.06,0.0,21.26
2011-09-04,19.82,27.18,12.61,0.0,23.54
2011-09-05,20.11,27.8,11.8,0.0,24.13
2011-09-06,20.9,29.2,12.77,0.0,23.38
2011-09-07,20.39,28.5,11.98,0.0,23.18
2011-09-08,22.3,29.71,13.74,0.0,22.53
2011-09-09,22.19,29.9,14.09,0.0,22.05
2011-09-10,20.86,28.35,13.39,0.0,21.5
2011-09-11,20.22,28.17,12.15,0.0,22.65
2011-09-12,20.03,28.69,11.64,0.0,23.33
2011-09-13,20.42,29.08,11.81,0.0,23.35
2011-09-14,20.59,29.3,12.57,0.0,23.3
2011-09-15,20.77,29.51,11.66,0.0,22.75
2011-09-16,20.06,28.55,11.82,0.0,21.88
2011-09-17,19.57,27.41,12.29,0.0,21.86
2011-09-18,18.86,26.76,11.98,0.0,21.15
2011-09-19,19.72,27.76,11.36,0.0,19.56
2011-09-20,19.68,27.62,11.59,0.0,20.59
2011-09-21,21.29,29.62,13.65,0.01,19.41
2011-09-22,19.6,26.23,14.92,1.27,9.09
2011-09-23,17.01,21.0,14.09,1.72,10.41
2011-09-24,16.97,24.48,11.46,0.0,20.41
2011-09-25,16.43,23.93,9.03,0.0,19.98
2011-09-26,15.65,22.89,9.47,0.0,20.13
2011-09-27,14.36,22.48,6.74,0.0,20.0
2011-09-28,15.7,24.2,7.96,0.0,19.21
2011-09-29,15.44,23.58,8.2,0.0,20.12
2011-09-30,13.18,19.02,9.35,0.04,11.82
2011-10-01,11.25,17.85,5.03,0.0,19.33
2011-10-02,12.96,20.55,6.57,0.0,19.97
2011-10-03,12.39,20.22,6.41,0.0,17.63
2011-10-04,13.29,21.7,5.46,0.0,19.64
2011-10-05,15.52,23.09,8.69,0.0,18.28
2011-10-06,16.85,24.04,9.7,0.0,17.91
2011-10-07,16.75,25.23,9.06,0.0,16.76
2011-10-08,16.35,23.48,9.32,0.0,16.31
2011-10-09,16.01,21.22,10.55,12.57,5.51
2011-10-10,16.7,21.24,13.05,15.34,12.03
2011-10-11,16.28,22.86,11.39,4.18,10.28
2011-10-12,12.16,16.34,8.76,2.67,10.19
2011-10-13,11.67,17.22,7.74,0.32,10.93
2011-10-14,12.1,19.5,6.01,0.36,13.9
2011-10-15,12.38,20.28,6.32,0.05,15.57
2011-10-16,10.79,17.47,6.79,3.04,4.04
2011-10-17,10.02,15.88,5.12,4.82,7.47
2011-10-18,5.7,11.9,-0.02,1.6,13.41
2011-10-19,3.84,10.6,-2.19,0.0,16.82
2011-10-20,6.34,13.67,0.46,0.0,16.68
2011-10-21,8.34,15.99,1.49,0.0,16.38
2011-10-22,9.03,16.76,4.02,0.0,13.93
2011-10-23,7.29,15.25,2.48,0.0,13.7
2011-10-24,7.14,13.07,2.03,0.0,11.01
2011-10-25,9.0,16.22,3.63,0.0,13.74
2011-10-26,7.59,14.55,2.89,0.0,7.87
2011-10-27,3.24,10.27,-1.62,0.0,15.34
2011-10-28,3.68,11.83,-2.45,0.0,13.94
2011-10-29,3.93,11.71,-0.27,0.0,12.55
2011-10-30,2.81,10.21,-1.97,0.0,7.84
2011-10-31,3.56,11.29,-1.94,0.0,13.09
2011-11-01,4.78,12.67,-1.9,0.0,14.1
2011-11-02,5.67,13.25,0.63,0.01,13.18
2011-11-03,3.31,6.93,0.68,2.88,5.8
2011-11-04,3.48,10.46,-0.6,0.84,10.66
2011-11-05,4.08,11.45,-1.34,0.02,13.47
2011-11-06,5.83,12.74,0.12,0.0,13.34
2011-11-07,3.53,11.7,-2.2,0.0,13.58
2011-11-08,1.28,8.8,-4.52,0.0,12.43
2011-11-09,4.77,14.92,-2.44,0.0,12.97
2011-11-10,4.52,11.49,-1.72,0.07,10.62
2011-11-11,3.56,8.21,-1.52,0.58,7.52
2011-11-12,-1.55,3.89,-5.04,0.0,12.78
2011-11-13,-1.62,5.03,-5.32,0.0,12.67
2011-11-14,-0.45,5.83,-4.08,0.04,10.58
2011-11-15,0.6,6.26,-3.25,1.36,3.58
2011-11-16,1.6,7.22,-2.26,0.65,3.84
2011-11-17,0.88,6.26,-2.36,0.55,4.22
2011-11-18,0.2,6.64,-3.1,0.0,6.0
2011-11-19,0.35,7.78,-3.4,0.0,10.32
2011-11-20,-0.56,5.92,-4.02,0.0,4.99
2011-11-21,-1.02,5.45,-4.55,0.0,9.26
2011-11-22,1.08,9.34,-4.06,0.0,11.21
2011-11-23,1.1,8.47,-3.44,0.0,10.82
2011-11-24,-0.68,6.69,-5.07,0.0,9.67
2011-11-25,-2.27,5.37,-5.91,0.0,11.8
2011-11-26,-1.14,5.0,-5.56,0.0,11.55
2011-11-27,-1.28,4.22,-4.84,0.0,10.4
2011-11-28,-0.47,4.87,-4.72,0.0,10.74
2011-11-29,-0.53,6.12,-3.9,0.0,10.78
2011-11-30,-0.65,6.09,-4.7,0.0,11.12
2011-12-01,-0.09,6.41,-4.3,0.0,10.98
2011-12-02,0.16,6.28,-5.16,0.0,10.06
2011-12-03,0.31,6.82,-4.26,0.0,10.43
2011-12-04,1.98,9.51,-1.19,0.0,10.26
2011-12-05,2.6,9.62,-0.64,0.0,10.22
2011-12-06,2.62,10.27,-0.95,0.01,7.96
2011-12-07,2.96,8.64,-0.86,3.65,3.76
2011-12-08,2.26,5.48,-0.58,5.25,3.09
2011-12-09,-0.81,2.95,-4.78,1.39,5.09
2011-12-10,-2.59,2.63,-5.0,0.02,9.97
2011-12-11,0.42,6.43,-4.53,0.0,7.82
2011-12-12,1.41,8.49,-1.61,0.0,9.36
2011-12-13,2.11,9.55,-1.93,0.0,8.72
2011-12-14,3.93,10.23,0.62,0.0,8.11
2011-12-15,3.0,10.24,-2.11,0.0,9.43
2011-12-16,2.54,10.39,-2.67,2.39,5.82
2011-12-17,2.66,10.59,-3.4,0.11,8.12
2011-12-18,6.23,13.74,2.3,0.68,5.54
2011-12-19,5.32,10.56,2.99,0.07,4.06
2011-12-20,5.1,13.91,0.78,0.21,4.71
2011-12-21,4.78,8.91,2.37,0.52,5.53
2011-12-22,3.81,10.15,-0.32,0.74,7.94
2011-12-23,3.46,8.09,0.78,13.79,2.73
2011-12-24,-0.3,2.53,-3.06,2.6,3.74
2011-12-25,-2.36,1.49,-6.1,0.27,5.27
2011-12-26,-3.35,2.77,-6.43,0.0,4.71
2011-12-27,-3.03,2.58,-5.67,0.0,5.31
2011-12-28,-3.38,1.39,-5.62,0.0,3.99
2011-12-29,-5.02,1.06,-9.63,0.0,3.85
2011-12-30,-1.4,5.24,-7.31,0.15,4.77
2011-12-31,0.86,5.43,-1.92,1.2,4.01
2012-01-01,0.09,1.69,-1.01,6.56,1.7
2012-01-02,-1.43,3.68,-4.88,0.01,8.83
2012-01-03,-2.03,2.82,-4.91,0.04,9.81
2012-01-04,-1.63,5.22,-5.17,0.0,9.76
2012-01-05,-1.02,5.27,-6.0,0.0,5.23
2012-01-06,1.44,7.27,-2.02,0.53,8.75
2012-01-07,3.08,8.5,0.25,1.08,4.38
2012-01-08,1.99,6.28,-0.4,3.0,3.16
2012-01-09,0.45,4.44,-2.84,5.89,3.24
2012-01-10,0.0,3.71,-2.8,8.86,1.48
2012-01-11,0.81,4.17,-1.29,3.23,6.09
2012-01-12,-0.95,2.45,-3.72,0.7,3.73
2012-01-13,-2.64,3.3,-5.66,0.06,6.87
2012-01-14,-1.47,4.15,-6.0,0.38,9.11
2012-01-15,-1.33,1.52,-5.3,5.89,3.85
2012-01-16,-5.13,-2.44,-7.52,0.47,7.45
2012-01-17,-7.11,-4.43,-10.7,0.12,9.2
2012-01-18,-9.74,-4.41,-13.89,0.01,11.02
2012-01-19,-9.63,-5.67,-12.62,0.11,10.43
2012-01-20,-7.71,-2.08,-13.18,0.12,9.29
2012-01-21,-0.34,4.78,-4.56,1.91,5.8
2012-01-22,-2.86,0.22,-7.52,7.5,9.84
2012-01-23,-4.74,2.19,-9.82,0.0,9.9
2012-01-24,-1.91,3.68,-7.88,3.05,11.27
2012-01-25,0.29,1.24,-0.98,10.43,8.25
2012-01-26,0.69,3.8,-2.19,10.46,1.67
2012-01-27,-2.97,-0.19,-7.06,3.36,1.25
2012-01-28,-5.54,0.61,-11.21,0.42,3.54
2012-01-29,-8.67,-1.73,-12.44,0.01,12.29
2012-01-30,-8.04,-3.04,-13.36,1.43,11.98
2012-01-31,-10.03,-5.59,-14.31,0.33,12.77
2012-02-01,-11.41,-5.79,-14.7,0.06,14.03
2012-02-02,-9.29,-4.14,-17.53,0.69,11.05
2012-02-03,-2.01,4.24,-5.34,1.09,11.28
2012-02-04,-0.63,6.9,-5.17,0.01,13.93
2012-02-05,0.07,7.79,-4.28,0.0,13.5
2012-02-06,0.81,7.71,-3.97,1.47,12.46
2012-02-07,0.38,2.15,-1.24,6.84,7.08
2012-02-08,0.28,4.69,-2.66,0.56,12.93
2012-02-09,-2.46,0.17,-4.83,4.5,8.85
2012-02-10,-3.87,-0.46,-6.09,0.6,12.49
2012-02-11,-4.64,0.86,-8.84,0.01,14.92
2012-02-12,-2.28,3.6,-8.42,0.02,13.25
2012-02-13,-0.08,7.12,-6.21,0.0,15.21
2012-02-14,1.68,6.81,-1.92,1.91,14.39
2012-02-15,0.95,5.27,-2.39,4.45,14.29
2012-02-16,-0.69,2.15,-3.16,1.91,11.41
2012-02-17,-2.89,-0.62,-6.17,5.17,14.83
2012-02-18,-5.82,-2.25,-9.4,0.96,15.77
2012-02-19,-6.47,-0.84,-10.88,0.0,16.79
2012-02-20,-6.28,-0.29,-11.6,0.0,16.73
2012-02-21,-3.34,3.36,-9.37,0.0,16.77
2012-02-22,-1.95,4.79,-7.91,0.0,16.12
2012-02-23,-0.98,3.76,-4.39,0.0,16.31
2012-02-24,-0.37,6.21,-5.84,0.0,16.42
2012-02-25,1.05,5.89,-2.53,0.37,14.62
2012-02-26,2.74,8.73,0.4,0.24,16.1
2012-02-27,3.54,8.22,0.43,3.51,8.73
2012-02-28,-0.77,6.86,-7.23,8.32,2.77
2012-02-29,-5.02,-2.94,-6.44,2.79,3.99
2012-03-01,-4.75,-1.82,-7.18,0.74,19.93
2012-03-02,-4.5,-0.18,-7.53,0.4,18.91
2012-03-03,-1.98,4.68,-7.48,3.04,16.9
2012-03-04,-3.84,0.91,-7.56,0.67,15.83
2012-03-05,-2.03,3.7,-8.21,0.22,18.67
2012-03-06,0.75,4.39,-1.66,2.24,17.63
2012-03-07,1.05,7.19,-2.35,0.42,17.16
2012-03-08,2.71,9.04,-2.57,0.01,18.0
2012-03-09,2.1,7.44,-1.67,0.38,15.81
2012-03-10,1.16,7.9,-4.12,0.0,15.24
2012-03-11,0.07,6.11,-4.4,0.44,15.64
2012-03-12,5.25,11.11,-0.63,2.92,16.99
2012-03-13,3.44,8.08,-0.77,5.13,6.53
2012-03-14,1.36,5.48,-3.52,5.59,6.5
2012-03-15,-0.49,4.03,-4.25,1.85,12.83
2012-03-16,-3.86,0.28,-7.32,0.57,16.27
2012-03-17,-1.63,3.94,-6.42,0.0,20.82
2012-03-18,1.64,9.06,-3.2,0.0,21.66
2012-03-19,5.23,13.04,-1.93,0.0,21.65
2012-03-20,6.4,13.77,1.02,0.0,20.77
2012-03-21,4.68,13.43,-2.03,0.0,21.22
2012-03-22,3.87,11.72,-2.42,0.0,17.53
2012-03-23,3.94,10.81,-2.6,0.0,22.3
2012-03-24,6.87,14.02,0.87,0.0,22.86
2012-03-25,8.46,15.55,0.95,0.0,21.95
2012-03-26,8.69,15.08,4.03,0.37,18.56
2012-03-27,1.88,7.68,-3.95,0.14,23.53
2012-03-28,-0.99,4.59,-4.89,0.2,11.84
2012-03-29,2.13,8.71,-3.67,0.01,20.24
2012-03-30,5.62,12.96,-2.38,1.83,16.48
2012-03-31,6.56,12.39,3.03,3.1,15.64
2012-04-01,8.14,15.17,2.61,0.14,15.36
2012-04-02,6.11,11.39,2.01,0.22,14.88
2012-04-03,9.0,17.29,0.27,0.0,24.89
2012-04-04,11.5,19.84,1.63,0.0,23.41
2012-04-05,10.32,15.28,6.63,0.09,12.44
2012-04-06,13.46,22.16,5.74,0.16,17.53
2012-04-07,11.98,19.68,4.39,0.38,20.24
2012-04-08,13.22,21.59,5.46,0.13,21.34
2012-04-09,10.19,16.03,4.52,0.68,19.4
2012-04-10,7.03,12.71,2.45,5.16,10.46
2012-04-11,6.86,10.58,3.07,2.62,14.35
2012-04-12,8.19,16.13,1.52,0.8,23.8
2012-04-13,11.54,19.29,4.06,0.0,23.17
2012-04-14,11.16,17.37,4.68,1.04,11.44
2012-04-15,11.66,17.04,6.85,1.14,18.31
2012-04-16,10.51,17.29,3.11,0.0,24.49
2012-04-17,12.85,21.27,5.78,0.0,25.08
2012-04-18,13.69,23.14,7.77,0.81,17.28
2012-04-19,10.27,15.52,5.7,1.27,13.9
2012-04-20,11.27,19.77,2.89,0.0,26.18
2012-04-21,11.8,19.29,4.98,0.56,14.82
2012-04-22,10.44,16.98,4.82,0.03,21.51
2012-04-23,12.73,20.09,6.07,0.0,23.57
2012-04-24,15.03,21.75,6.61,0.0,25.58
2012-04-25,16.32,22.9,10.83,0.03,25.32
2012-04-26,17.61,25.4,9.06,0.01,26.16
2012-04-27,16.29,24.31,8.92,0.2,18.86
2012-04-28,17.05,25.16,8.81,0.0,26.33
2012-04-29,17.44,26.3,8.87,0.02,25.8
2012-04-30,16.04,21.77,10.41,0.0,18.21
2012-05-01,17.0,26.06,7.58,0.0,26.9
2012-05-02,17.39,25.62,9.59,0.13,17.85
2012-05-03,16.37,22.3,11.24,0.79,17.28
2012-05-04,14.36,17.68,10.06,2.12,22.67
2012-05-05,15.62,21.82,9.43,3.74,23.59
2012-05-06,15.47,21.77,9.56,4.48,23.28
2012-05-07,15.46,21.73,8.51,3.18,23.98
2012-05-08,17.48,24.29,10.63,3.36,28.33
2012-05-09,18.0,25.26,10.45,0.24,22.93
2012-05-10,16.64,23.74,10.52,9.38,17.32
2012-05-11,13.4,17.31,9.45,5.51,10.63
2012-05-12,15.22,20.88,8.85,4.96,22.03
2012-05-13,14.12,18.81,10.55,2.02,19.15
2012-05-14,14.54,19.89,9.68,3.24,18.25
2012-05-15,16.17,23.51,8.89,0.41,25.64
2012-05-16,13.23,18.87,8.23,4.5,12.84
2012-05-17,15.46,23.08,7.47,0.04,24.75
2012-05-18,14.85,23.81,6.56,0.9,27.19
2012-05-19,12.72,19.9,6.53,0.82,24.72
2012-05-20,11.11,16.68,6.59,1.33,20.24
2012-05-21,11.9,16.96,6.77,1.11,21.93
2012-05-22,16.4,24.72,6.56,0.02,27.84
2012-05-23,16.27,21.83,10.84,0.56,25.39
2012-05-24,14.25,19.87,8.27,1.45,21.65
2012-05-25,12.78,18.43,8.64,1.9,16.88
2012-05-26,14.16,20.63,7.69,0.39,14.7
2012-05-27,16.59,22.09,10.54,0.41,24.48
2012-05-28,16.51,23.11,11.15,2.61,24.06
2012-05-29,16.31,23.14,9.09,0.12,25.65
2012-05-30,15.31,21.41,9.19,0.86,24.85
2012-05-31,13.24,16.44,8.84,4.33,18.93
2012-06-01,15.44,22.02,7.62,1.2,28.8
2012-06-02,18.37,25.9,9.82,0.0,28.94
2012-06-03,20.56,27.57,12.75,0.16,27.88
2012-06-04,19.51,25.85,13.17,2.65,20.59
2012-06-05,20.77,28.45,11.42,0.05,29.43
2012-06-06,19.67,26.94,12.96,0.76,25.81
2012-06-07,15.93,21.51,10.81,1.18,18.68
2012-06-08,16.76,24.92,7.97,0.0,30.3
2012-06-09,19.23,27.8,10.12,0.0,31.37
2012-06-10,21.46,30.78,10.93,0.0,31.97
2012-06-11,24.53,32.5,13.91,0.0,31.41
2012-06-12,25.55,32.74,17.22,0.0,28.91
2012-06-13,25.68,33.75,17.8,0.0,30.31
2012-06-14,25.56,34.32,16.0,0.53,28.57
2012-06-15,25.34,33.89,15.95,1.28,29.02
2012-06-16,24.76,32.71,17.1,0.0,29.62
2012-06-17,22.31,31.07,14.65,0.0,32.14
2012-06-18,20.61,30.61,10.68,0.0,32.41
2012-06-19,21.31,30.83,11.69,0.0,31.89
2012-06-20,21.68,31.26,12.31,0.01,32.07
2012-06-21,21.06,30.56,10.76,0.02,32.22
2012-06-22,21.67,29.68,12.63,0.37,30.87
2012-06-23,23.27,31.8,13.49,0.13,29.55
2012-06-24,23.23,30.89,15.59,0.45,26.76
2012-06-25,22.95,30.45,14.21,0.04,29.02
2012-06-26,25.08,32.64,15.8,0.0,28.24
2012-06-27,24.69,31.6,17.6,0.52,27.42
2012-06-28,20.72,26.4,16.12,0.06,26.13
2012-06-29,20.62,28.45,12.05,0.0,29.87
2012-06-30,21.53,29.5,12.49,0.0,30.74
2012-07-01,20.93,28.77,13.19,0.0,31.23
2012-07-02,18.8,25.81,12.25,0.0,24.82
2012-07-03,19.29,26.18,11.9,0.35,24.23
2012-07-04,21.28,29.56,11.63,0.0,26.82
2012-07-05,23.62,31.72,14.14,0.0,27.77
2012-07-06,23.49,31.12,14.85,0.0,26.8
2012-07-07,24.67,32.03,16.07,0.0,26.45
2012-07-08,22.4,28.48,15.69,0.77,23.0
2012-07-09,22.02,27.94,15.35,0.7,23.27
2012-07-10,22.65,30.4,14.12,0.0,30.98
2012-07-11,23.55,31.93,14.69,0.0,30.84
2012-07-12,24.38,32.91,14.51,0.0,30.43
2012-07-13,25.64,33.76,16.06,0.0,29.23
2012-07-14,26.06,34.18,17.05,0.0,29.41
2012-07-15,25.6,34.59,16.38,0.0,30.84
2012-07-16,27.74,37.99,16.1,0.0,30.76
2012-07-17,28.86,37.61,19.68,0.0,29.74
2012-07-18,27.09,35.6,17.99,0.0,28.76
2012-07-19,27.33,35.51,18.96,0.0,27.87
2012-07-20,27.94,36.24,18.84,0.53,26.36
2012-07-21,27.55,36.17,18.82,0.04,27.07
2012-07-22,28.04,36.4,18.79,0.0,28.71
2012-07-23,28.97,37.13,19.94,0.0,26.42
2012-07-24,29.81,38.89,19.89,0.0,28.07
2012-07-25,30.05,39.73,19.9,0.0,28.86
2012-07-26,31.05,40.18,20.92,0.0,28.57
2012-07-27,31.49,40.28,21.17,0.19,25.85
2012-07-28,31.08,38.77,22.05,0.37,24.85
2012-07-29,29.66,37.01,21.64,0.19,26.98
2012-07-30,28.64,35.93,20.43,0.07,25.47
2012-07-31,26.75,32.48,20.89,4.09,23.12
2012-08-01,24.63,30.0,19.31,2.89,25.95
2012-08-02,25.18,32.42,16.75,0.18,25.48
2012-08-03,25.7,31.4,19.9,0.52,25.3
2012-08-04,24.69,30.64,18.72,0.66,24.54
2012-08-05,24.35,30.16,17.71,0.2,24.69
2012-08-06,24.62,31.28,17.48,0.09,21.29
2012-08-07,24.48,31.64,16.9,0.04,21.65
2012-08-08,24.3,30.71,17.24,0.0,20.95
2012-08-09,24.94,32.19,17.21,0.26,22.09
2012-08-10,25.29,31.82,18.13,0.0,23.59
2012-08-11,25.54,32.15,18.06,0.0,24.45
2012-08-12,26.05,33.71,19.11,2.33,22.87
2012-08-13,21.89,28.5,16.59,0.01,25.76
2012-08-14,22.74,29.47,15.63,0.0,24.52
2012-08-15,22.56,30.42,14.95,0.0,25.97
2012-08-16,22.02,29.91,14.46,0.0,26.1
2012-08-17,22.16,30.17,14.13,0.0,26.71
2012-08-18,21.56,28.89,13.6,0.0,24.17
2012-08-19,21.19,27.41,14.44,0.0,20.92
2012-08-20,20.48,27.5,13.93,0.0,24.94
2012-08-21,20.67,28.39,12.94,0.0,26.53
2012-08-22,23.18,31.23,14.38,0.0,23.56
2012-08-23,22.36,30.94,14.76,0.0,26.81
2012-08-24,21.69,31.48,12.48,0.0,27.11
2012-08-25,22.84,33.51,12.43,0.0,27.02
2012-08-26,24.91,35.02,14.41,0.0,25.91
2012-08-27,26.81,35.15,19.9,0.0,25.07
2012-08-28,20.09,26.53,14.38,0.69,20.61
2012-08-29,18.55,26.06,12.22,0.06,25.56
2012-08-30,18.43,27.55,10.34,0.0,26.22
2012-08-31,19.35,28.17,10.46,0.0,24.19
2012-09-01,19.68,27.86,11.6,0.0,24.73
2012-09-02,20.24,29.33,11.36,0.0,24.83
2012-09-03,20.42,30.27,10.84,0.0,25.3
2012-09-04,21.54,31.33,11.65,0.0,24.66
2012-09-05,23.21,32.47,14.45,0.0,24.38
2012-09-06,23.72,32.59,13.53,0.0,23.98
2012-09-07,23.32,31.87,14.26,0.0,22.32
2012-09-08,20.71,28.34,13.78,0.0,21.52
2012-09-09,19.73,26.61,12.99,0.0,22.56
2012-09-10,17.81,24.2,12.05,0.0,22.56
2012-09-11,17.28,25.6,10.18,0.0,23.18
2012-09-12,19.14,27.92,9.31,0.01,22.0
2012-09-13,21.53,29.2,14.45,0.0,21.07
2012-09-14,21.13,28.64,12.96,0.0,21.23
2012-09-15,23.0,31.09,16.11,0.0,21.27
2012-09-16,23.31,31.77,14.75,0.0,21.53
2012-09-17,23.84,31.91,13.8,0.0,20.69
2012-09-18,22.75,29.85,15.76,0.0,20.24
2012-09-19,20.95,28.99,13.42,0.96,18.06
2012-09-20,20.04,26.43,13.09,0.07,18.44
2012-09-21,20.59,27.99,13.65,0.29,17.44
2012-09-22,15.94,22.13,11.51,0.04,19.56
2012-09-23,16.43,24.12,8.56,0.0,21.15
2012-09-24,18.69,26.5,10.28,0.0,21.2
2012-09-25,20.41,27.95,13.02,0.0,20.74
2012-09-26,20.69,29.22,12.01,0.0,20.61
2012-09-27,21.77,30.41,14.41,0.0,19.98
2012-09-28,21.3,30.17,13.59,0.0,19.59
2012-09-29,21.77,31.28,12.83,0.0,19.26
2012-09-30,22.22,31.84,13.98,0.01,18.77
2012-10-01,22.11,30.12,16.86,0.87,15.73
2012-10-02,21.29,28.9,15.65,0.99,17.0
2012-10-03,18.36,24.29,13.91,3.28,10.73
2012-10-04,16.73,23.44,11.27,1.45,12.24
2012-10-05,16.18,22.01,12.11,0.08,15.77
2012-10-06,16.67,24.17,10.72,0.01,17.27
2012-10-07,16.79,23.69,9.98,2.87,16.91
2012-10-08,16.51,23.73,11.01,0.01,14.18
2012-10-09,13.15,17.8,9.79,0.44,9.72
2012-10-10,14.95,21.16,8.72,2.81,13.97
2012-10-11,12.18,15.67,8.76,11.95,5.03
2012-10-12,12.25,19.74,6.08,0.0,15.68
2012-10-13,14.34,21.94,9.54,0.0,13.52
2012-10-14,14.66,23.07,8.04,0.0,16.0
2012-10-15,16.36,24.51,10.39,0.0,16.03
2012-10-16,17.65,24.89,11.46,0.0,15.92
2012-10-17,18.24,26.05,12.42,0.0,15.01
2012-10-18,17.17,25.32,11.6,0.03,15.37
2012-10-19,14.65,22.33,9.4,0.0,15.8
2012-10-20,13.43,21.5,6.7,0.04,15.26
2012-10-21,14.38,21.2,8.26,1.64,7.83
2012-10-22,13.34,18.23,9.81,1.29,7.27
2012-10-23,13.0,18.89,8.19,0.83,12.63
2012-10-24,13.27,18.25,9.09,1.3,11.58
2012-10-25,12.73,17.65,8.02,1.19,12.82
2012-10-26,11.86,17.59,6.92,0.01,13.69
2012-10-27,12.4,20.32,6.22,0.0,14.14
2012-10-28,13.78,21.08,7.58,0.0,11.0
2012-10-29,13.75,21.06,10.0,0.0,11.7
2012-10-30,13.92,21.38,9.04,0.44,7.43
2012-10-31,13.2,18.33,10.05,0.03,7.88
2012-11-01,14.11,21.02,7.06,0.02,13.05
2012-11-02,14.18,20.57,10.36,0.34,9.89
2012-11-03,13.96,19.26,9.29,1.23,11.17
2012-11-04,14.45,21.17,8.82,0.0,12.42
2012-11-05,14.18,20.98,9.68,0.0,11.87
2012-11-06,12.85,19.91,7.4,0.0,10.79
2012-11-07,13.76,20.95,9.14,1.02,7.36
2012-11-08,7.3,11.83,4.06,20.42,2.9
2012-11-09,6.04,8.92,3.75,3.42,3.61
2012-11-10,4.88,7.45,3.23,3.71,3.24
2012-11-11,6.32,11.67,2.94,3.51,8.11
2012-11-12,7.37,14.98,2.83,0.29,11.91
2012-11-13,6.74,13.96,3.05,0.0,8.68
2012-11-14,6.21,12.5,2.62,0.02,6.95
2012-11-15,5.17,11.87,2.19,0.0,7.89
2012-11-16,6.87,15.53,0.89,0.0,6.73
2012-11-17,7.05,15.63,1.39,0.0,6.52
2012-11-18,6.4,14.62,1.81,0.0,4.06
2012-11-19,5.68,12.95,1.49,0.0,3.63
2012-11-20,4.26,12.11,-1.4,0.0,4.17
2012-11-21,3.99,10.97,-2.16,0.1,3.31
2012-11-22,3.85,9.51,-0.45,0.01,3.81
2012-11-23,4.51,9.86,0.91,0.51,4.17
2012-11-24,3.84,9.67,0.71,0.01,6.6
2012-11-25,2.67,9.23,-2.27,0.11,9.13
2012-11-26,3.4,10.02,-0.84,0.0,10.39
2012-11-27,1.64,9.13,-3.16,0.0,10.91
2012-11-28,3.18,11.41,-2.71,0.0,10.22
2012-11-29,6.59,13.75,1.99,0.0,8.63
2012-11-30,8.3,16.26,4.58,0.09,7.2
2012-12-01,7.11,14.62,2.26,0.14,6.22
2012-12-02,8.21,17.11,3.49,0.24,9.9
2012-12-03,9.35,15.97,3.73,4.08,3.29
2012-12-04,2.75,6.73,-2.19,6.58,1.59
2012-12-05,-0.12,6.11,-4.43,0.07,9.81
2012-12-06,3.79,9.46,-1.22,2.53,7.47
2012-12-07,3.21,9.03,-1.49,4.18,4.8
2012-12-08,-0.31,5.23,-3.09,0.48,9.45
2012-12-09,2.95,10.96,-3.15,1.1,9.54
2012-12-10,5.05,9.53,2.22,9.44,1.89
2012-12-11,1.63,6.76,-0.99,1.11,6.25
2012-12-12,3.67,8.64,-1.33,3.33,2.71
2012-12-13,-0.32,4.62,-5.77,2.37,6.05
2012-12-14,-3.39,1.92,-6.32,0.0,9.69
2012-12-15,-2.52,2.1,-5.5,0.0,9.86
2012-12-16,-0.79,3.45,-3.72,0.04,5.0
2012-12-17,2.12,7.25,-0.11,6.31,3.27
2012-12-18,1.38,3.13,-0.03,6.0,2.2
2012-12-19,4.79,10.39,1.03,13.4,7.07
2012-12-20,1.93,6.29,-2.82,8.61,2.39
2012-12-21,-2.5,0.6,-4.1,1.64,3.93
2012-12-22,-1.11,3.81,-4.36,0.09,4.82
2012-12-23,1.06,2.94,-1.37,3.67,3.11
2012-12-24,2.13,6.51,-1.69,1.3,5.25
2012-12-25,1.44,7.54,-1.91,0.0,7.11
2012-12-26,1.56,8.78,-1.89,0.0,7.71
2012-12-27,2.78,11.23,-1.53,0.0,7.51
2012-12-28,3.14,6.82,1.36,0.04,6.27
2012-12-29,3.37,7.92,0.56,0.16,5.32
2012-12-30,2.2,7.98,-2.38,0.01,7.37
2012-12-31,0.77,7.88,-3.27,0.01,7.79
2013-01-01,1.75,8.54,-1.89,0.0,4.86
2013-01-02,1.4,8.5,-2.75,0.0,3.39
2013-01-03,1.78,8.26,-2.18,0.0,3.73
2013-01-04,0.95,4.98,-1.63,0.02,3.22
2013-01-05,-1.04,3.1,-3.33,0.71,4.8
2013-01-06,-0.99,2.68,-2.9,0.11,6.73
2013-01-07,-2.4,-0.3,-4.0,0.8,6.07
2013-01-08,-4.88,-3.85,-7.44,2.2,2.58
2013-01-09,-6.4,-2.35,-8.67,0.97,4.05
2013-01-10,-6.38,-0.97,-9.29,0.03,7.17
2013-01-11,-3.49,2.51,-9.96,1.52,4.23
2013-01-12,1.45,6.14,-1.49,7.56,1.84
2013-01-13,0.62,3.18,-0.65,2.17,6.37
2013-01-14,0.44,6.4,-2.65,0.02,8.89
2013-01-15,-0.38,5.79,-2.87,0.0,7.1
2013-01-16,0.82,8.75,-2.65,0.06,9.34
2013-01-17,2.42,8.33,-1.59,1.2,7.08
2013-01-18,2.48,7.3,-0.19,0.24,3.63
2013-01-19,1.11,5.73,-1.22,8.43,1.69
2013-01-20,1.88,8.49,-2.99,0.52,9.27
2013-01-21,3.66,11.76,-1.69,0.01,11.06
2013-01-22,5.9,13.82,1.88,0.6,10.44
2013-01-23,4.58,10.27,1.23,0.97,5.4
2013-01-24,4.42,10.18,1.43,0.46,10.54
2013-01-25,4.2,9.28,0.7,2.42,6.58
2013-01-26,3.8,9.41,0.0,0.65,6.52
2013-01-27,3.81,7.7,0.96,4.43,7.19
2013-01-28,2.74,6.41,0.33,0.86,6.8
2013-01-29,0.49,4.38,-2.28,3.19,8.43
2013-01-30,-0.99,1.44,-3.83,0.32,6.19
2013-01-31,-1.19,3.97,-4.76,0.01,8.78
2013-02-01,-1.04,3.68,-4.3,0.47,8.33
2013-02-02,0.82,9.4,-4.22,0.0,11.26
2013-02-03,4.84,13.75,-0.05,0.0,11.89
2013-02-04,5.62,12.99,1.39,0.0,9.74
2013-02-05,4.94,13.0,0.41,0.0,13.47
2013-02-06,5.33,11.72,0.52,0.08,10.27
2013-02-07,5.57,12.94,0.28,0.19,9.39
2013-02-08,6.03,11.53,1.9,2.48,8.56
2013-02-09,5.02,10.75,0.67,1.03,12.1
2013-02-10,4.35,10.61,-1.57,0.69,12.16
2013-02-11,2.83,6.58,1.03,3.1,8.28
2013-02-12,2.82,7.98,-0.87,0.04,8.63
2013-02-13,3.48,11.56,-2.41,0.0,13.88
2013-02-14,5.46,13.34,-1.4,0.43,14.45
2013-02-15,3.93,7.74,1.01,4.87,10.16
2013-02-16,1.01,5.26,-1.69,0.41,6.33
2013-02-17,0.67,5.96,-2.7,0.44,9.53
2013-02-18,0.16,4.8,-2.48,1.59,8.59
2013-02-19,1.75,7.93,-3.87,0.13,13.07
2013-02-20,1.57,6.09,-3.27,8.31,5.37
2013-02-21,1.38,7.76,-3.59,0.02,8.44
2013-02-22,1.79,3.26,0.19,1.83,3.45
2013-02-23,4.46,9.32,-0.39,3.26,8.44
2013-02-24,5.02,12.49,1.11,0.03,14.97
2013-02-25,6.52,15.21,0.28,0.0,15.33
2013-02-26,7.05,15.55,-0.21,0.0,16.96
2013-02-27,5.01,10.74,-0.31,0.26,14.64
2013-02-28,2.59,6.63,-1.65,6.63,10.41
2013-03-01,1.46,7.65,-4.04,0.06,17.93
2013-03-02,3.39,10.66,-3.61,0.0,18.63
2013-03-03,5.4,11.64,1.11,0.4,9.77
2013-03-04,3.17,9.46,-2.82,1.59,15.59
2013-03-05,-1.9,3.38,-6.71,0.06,15.27
2013-03-06,-2.26,4.31,-6.77,0.0,19.98
2013-03-07,3.38,12.57,-3.32,0.0,15.6
2013-03-08,4.22,10.87,0.23,0.02,13.38
2013-03-09,6.17,11.82,1.91,0.08,8.49
2013-03-10,7.13,12.85,2.17,0.51,10.06
2013-03-11,8.07,15.81,2.98,0.67,10.2
2013-03-12,9.11,15.82,4.5,4.6,7.21
2013-03-13,9.24,16.36,3.67,2.82,17.64
2013-03-14,10.79,18.89,3.89,0.06,17.67
2013-03-15,12.39,21.0,6.84,1.98,8.28
2013-03-16,5.83,10.63,1.98,1.57,14.31
2013-03-17,0.51,4.66,-3.8,1.21,10.42
2013-03-18,0.39,7.23,-4.92,0.0,21.9
2013-03-19,5.05,12.36,-1.85,0.0,15.35
2013-03-20,7.03,15.1,0.39,0.0,19.32
2013-03-21,8.84,16.09,1.22,0.05,13.31
2013-03-22,9.07,18.63,1.14,7.19,5.84
2013-03-23,1.08,5.13,-3.95,2.83,7.71
2013-03-24,2.72,10.02,-4.64,0.0,20.12
2013-03-25,8.11,17.65,-1.21,0.01,18.51
2013-03-26,8.3,14.18,4.85,0.76,4.4
2013-03-27,7.9,13.44,2.63,0.75,15.48
2013-03-28,8.24,13.42,3.88,0.73,9.85
2013-03-29,7.96,14.58,1.78,0.0,21.74
2013-03-30,10.61,18.96,2.86,0.48,21.42
2013-03-31,13.03,22.05,4.4,0.02,22.05
2013-04-01,13.91,21.77,7.52,4.12,13.88
2013-04-02,10.74,17.81,5.29,0.81,21.83
2013-04-03,11.2,16.0,6.23,2.08,6.44
2013-04-04,8.53,12.3,5.28,6.88,8.83
2013-04-05,10.48,17.65,4.28,0.15,23.65
2013-04-06,14.21,23.32,4.97,0.0,22.52
2013-04-07,15.24,24.5,7.93,0.0,15.94
2013-04-08,9.69,14.78,5.8,0.76,11.21
2013-04-09,8.42,13.87,3.48,3.91,17.56
2013-04-10,8.09,13.86,3.49,1.62,19.5
2013-04-11,9.26,14.99,4.34,0.17,20.52
2013-04-12,9.39,16.06,2.41,0.0,25.6
2013-04-13,12.56,19.48,5.39,0.0,24.76
2013-04-14,12.9,19.5,6.36,1.68,19.1
2013-04-15,8.66,11.74,6.26,14.21,6.58
2013-04-16,7.83,11.27,4.84,1.53,8.2
2013-04-17,7.21,13.17,2.67,1.6,8.96
2013-04-18,6.33,12.71,1.13,0.03,12.64
2013-04-19,8.11,14.23,1.63,0.57,20.03
2013-04-20,9.23,15.4,4.45,3.78,18.62
2013-04-21,7.62,14.15,2.87,1.22,17.78
2013-04-22,7.6,13.58,0.81,2.51,17.42
2013-04-23,10.52,17.3,2.71,0.01,27.26
2013-04-24,11.58,19.62,3.04,0.0,28.32
2013-04-25,11.67,19.85,2.13,0.0,28.12
2013-04-26,14.3,21.58,6.99,0.01,26.99
2013-04-27,14.77,23.06,6.17,0.0,27.83
2013-04-28,17.81,25.91,9.01,0.0,27.88
2013-04-29,18.66,26.72,11.91,0.0,26.37
2013-04-30,18.21,26.34,10.72,0.0,26.64
2013-05-01,17.68,26.31,8.52,0.02,28.21
2013-05-02,18.37,26.07,11.09,0.0,26.83
2013-05-03,17.72,26.15,9.28,0.12,28.45
2013-05-04,20.05,27.45,12.69,0.01,27.49
2013-05-05,17.88,26.18,11.56,0.17,27.19
2013-05-06,17.65,26.31,8.83,0.01,28.32
2013-05-07,17.6,25.91,9.01,0.04,27.62
2013-05-08,17.1,25.68,8.66,0.0,27.8
2013-05-09,17.16,24.55,9.61,0.15,19.67
2013-05-10,15.79,20.61,12.05,2.68,15.31
2013-05-11,14.27,17.88,10.29,5.13,14.25
2013-05-12,13.85,18.04,9.44,5.63,17.77
2013-05-13,13.24,19.4,7.34,6.12,19.74
2013-05-14,11.46,15.63,6.86,7.38,13.47
2013-05-15,11.92,15.93,8.54,3.7,17.18
2013-05-16,15.37,22.62,6.74,0.0,28.31
2013-05-17,17.01,24.46,10.53,0.87,18.93
2013-05-18,19.83,27.55,13.18,0.15,27.06
2013-05-19,18.75,25.61,12.71,0.03,27.65
2013-05-20,17.43,24.36,9.88,0.0,29.28
2013-05-21,18.67,26.73,10.74,0.0,29.09
2013-05-22,19.94,26.67,10.85,0.03,28.2
2013-05-23,19.98,27.03,12.92,0.0,12.54
2013-05-24,19.77,26.3,12.13,0.03,26.47
2013-05-25,18.11,25.69,9.0,0.0,31.27
2013-05-26,17.95,25.87,9.83,0.03,31.12
2013-05-27,18.12,25.93,9.96,0.0,30.71
2013-05-28,17.28,24.39,8.7,0.0,31.39
2013-05-29,19.19,27.43,11.3,0.0,17.13
2013-05-30,20.16,28.4,12.79,0.0,24.6
2013-05-31,21.43,30.62,11.68,0.0,28.23
2013-06-01,19.1,26.4,11.76,0.0,30.93
2013-06-02,19.69,28.91,12.04,0.04,21.14
2013-06-03,16.27,23.14,9.97,0.3,26.28
2013-06-04,18.51,26.41,8.47,0.68,29.7
2013-06-05,18.47,25.03,10.97,1.99,26.75
2013-06-06,16.35,22.54,9.79,1.69,22.89
2013-06-07,16.8,23.77,8.96,0.16,27.99
2013-06-08,18.47,24.84,12.0,4.41,25.28
2013-06-09,17.18,21.59,11.83,0.65,22.47
2013-06-10,18.06,25.36,9.8,0.0,29.19
2013-06-11,21.17,28.64,12.98,0.01,30.94
2013-06-12,21.83,30.49,14.55,0.08,27.19
2013-06-13,19.82,27.68,12.25,0.41,27.06
2013-06-14,19.11,25.9,13.06,3.5,27.52
2013-06-15,18.56,24.36,11.9,1.66,26.08
2013-06-16,19.12,26.26,12.24,0.06,25.96
2013-06-17,19.33,25.99,13.47,0.0,18.55
2013-06-18,20.76,29.14,12.5,0.0,28.28
2013-06-19,21.13,29.44,11.82,0.0,30.99
2013-06-20,20.64,27.98,13.38,0.0,31.22
2013-06-21,19.38,27.36,11.85,0.0,32.05
2013-06-22,20.28,29.2,10.86,0.0,32.07
2013-06-23,22.0,31.67,11.01,0.0,31.99
2013-06-24,24.28,32.67,14.39,0.0,29.3
2013-06-25,25.61,34.0,15.95,0.0,28.39
2013-06-26,26.65,35.07,16.81,0.19,29.39
2013-06-27,26.37,35.01,17.27,0.3,29.91
2013-06-28,27.48,35.66,16.9,0.01,28.7
2013-06-29,28.56,35.63,20.89,0.0,28.93
2013-06-30,26.76,34.09,19.62,0.0,27.98
2013-07-01,20.86,27.43,14.9,0.02,27.86
2013-07-02,18.92,25.66,12.93,0.0,21.19
2013-07-03,19.75,28.58,10.53,0.0,31.24
2013-07-04,21.73,30.53,11.68,0.0,31.5
2013-07-05,23.94,32.67,13.85,0.0,30.46
2013-07-06,25.77,33.93,15.7,0.0,26.85
2013-07-07,26.24,33.73,17.86,0.0,29.06
2013-07-08,26.82,34.84,17.77,0.0,28.0
2013-07-09,26.5,34.19,18.91,0.0,30.05
2013-07-10,25.38,32.94,17.3,0.01,28.92
2013-07-11,24.82,32.41,16.55,0.02,23.5
2013-07-12,26.99,33.98,19.03,0.06,26.63
2013-07-13,26.79,34.2,19.98,0.08,21.37
2013-07-14,25.62,32.11,19.57,0.0,25.27
2013-07-15,26.48,33.75,20.21,3.61,21.89
2013-07-16,24.07,30.19,18.75,2.69,21.37
2013-07-17,22.34,28.79,16.98,1.08,19.46
2013-07-18,20.81,26.16,15.42,0.64,13.14
2013-07-19,21.34,28.62,13.82,0.0,28.02
2013-07-20,21.91,29.6,13.8,0.0,29.8
2013-07-21,22.72,30.39,13.51,0.0,25.5
2013-07-22,21.76,28.64,14.63,0.0,25.38
2013-07-23,21.31,28.74,14.18,0.0,25.93
2013-07-24,22.14,30.06,13.19,0.0,30.16
2013-07-25,22.47,30.56,13.01,0.0,30.39
2013-07-26,22.28,29.84,13.54,0.0,29.01
2013-07-27,21.19,28.67,14.09,0.0,24.63
2013-07-28,20.89,28.63,12.75,0.0,28.14
2013-07-29,21.27,29.03,13.14,0.0,29.68
2013-07-30,23.18,30.78,13.71,0.0,29.17
2013-07-31,24.21,31.99,14.55,0.0,27.74
2013-08-01,23.27,28.97,18.03,0.48,20.41
2013-08-02,23.0,29.7,15.85,0.0,23.95
2013-08-03,23.42,30.98,15.47,0.0,27.56
2013-08-04,22.88,30.68,14.75,0.0,27.32
2013-08-05,21.08,28.98,13.62,0.0,29.67
2013-08-06,21.86,29.75,13.71,0.0,28.54
2013-08-07,21.61,29.38,13.42,0.0,28.35
2013-08-08,22.56,30.09,14.37,0.0,27.04
2013-08-09,22.61,30.53,14.67,0.0,27.63
2013-08-10,22.24,30.68,13.59,0.0,28.25
2013-08-11,23.87,31.9,13.94,0.0,26.84
2013-08-12,25.09,32.72,16.16,0.18,18.95
2013-08-13,24.58,32.35,16.77,0.0,25.88
2013-08-14,24.31,32.66,15.39,0.0,26.93
2013-08-15,24.04,32.16,15.54,0.0,26.8
2013-08-16,24.29,31.21,17.05,0.01,24.95
2013-08-17,24.62,30.75,17.29,0.02,21.22
2013-08-18,23.83,30.13,16.74,0.07,21.28
2013-08-19,23.01,29.11,16.16,0.0,23.17
2013-08-20,21.77,29.09,14.93,0.0,26.51
2013-08-21,21.68,30.03,13.88,0.0,26.78
2013-08-22,22.72,30.32,14.77,0.0,26.13
2013-08-23,24.25,31.98,15.34,0.13,20.92
2013-08-24,22.29,27.48,16.94,0.1,18.8
2013-08-25,22.94,30.11,15.46,0.0,23.03
2013-08-26,24.41,31.76,15.57,0.0,22.64
2013-08-27,26.03,33.29,18.85,0.0,24.29
2013-08-28,26.14,33.69,17.22,0.0,24.41
2013-08-29,26.58,34.13,19.56,0.0,23.95
2013-08-30,25.8,34.24,17.17,0.1,19.26
2013-08-31,23.04,29.89,18.21,2.86,13.98
2013-09-01,19.8,24.87,15.84,0.63,19.97
2013-09-02,19.66,26.69,12.54,0.0,23.93
2013-09-03,20.72,28.25,13.11,0.0,23.02
2013-09-04,16.59,22.4,10.4,1.89,14.38
2013-09-05,14.45,21.65,7.6,0.0,20.87
2013-09-06,15.75,23.5,7.67,0.0,24.77
2013-09-07,16.76,24.58,8.63,0.0,24.36
2013-09-08,17.09,25.16,9.13,0.0,23.49
2013-09-09,16.46,23.47,9.57,0.0,23.0
2013-09-10,18.53,26.58,9.48,0.0,23.32
2013-09-11,19.82,28.13,11.16,0.0,22.8
2013-09-12,21.47,29.28,12.28,0.0,22.63
2013-09-13,23.83,33.1,15.2,0.0,21.96
2013-09-14,22.18,30.99,14.86,0.0,21.41
2013-09-15,16.8,23.55,10.96,0.0,22.79
2013-09-16,17.38,25.97,8.77,0.0,21.87
2013-09-17,17.87,22.31,13.76,0.66,13.17
2013-09-18,19.11,26.28,11.95,0.0,18.72
2013-09-19,20.53,26.19,14.95,0.0,17.46
2013-09-20,20.57,27.27,12.89,0.09,18.87
2013-09-21,17.45,22.68,12.11,1.69,13.64
2013-09-22,14.01,20.61,8.31,0.01,19.69
2013-09-23,13.07,20.01,6.15,0.0,20.22
2013-09-24,14.0,21.89,6.75,0.0,18.3
2013-09-25,14.95,22.89,7.66,0.0,19.42
2013-09-26,16.82,25.19,9.53,0.0,20.54
2013-09-27,18.1,26.72,10.3,0.0,18.48
2013-09-28,16.94,23.8,11.02,0.0,19.07
2013-09-29,16.89,24.01,9.98,0.0,18.99
2013-09-30,19.02,26.82,11.44,0.0,18.6
2013-10-01,17.99,25.43,11.97,0.88,13.12
2013-10-02,14.6,18.93,9.85,4.99,8.36
2013-10-03,8.8,14.05,3.17,1.06,10.34
2013-10-04,4.96,9.18,1.34,0.17,11.59
2013-10-05,4.44,9.54,-0.1,0.0,14.84
2013-10-06,4.68,11.13,-0.98,0.0,15.06
2013-10-07,5.72,12.99,-1.9,0.0,19.21
2013-10-08,8.81,16.82,1.42,0.0,19.18
2013-10-09,11.21,20.22,2.05,0.0,19.18
2013-10-10,13.24,22.63,5.16,0.0,18.2
2013-10-11,15.24,24.29,7.91,0.0,17.34
2013-10-12,14.84,23.6,7.81,0.0,16.3
2013-10-13,13.29,20.97,7.11,0.0,16.21
2013-10-14,10.87,18.87,4.61,0.0,17.28
2013-10-15,11.61,19.59,4.09,0.0,16.85
2013-10-16,14.13,24.19,5.58,0.0,15.98
2013-10-17,13.6,17.89,10.41,3.78,4.97
2013-10-18,10.79,14.04,7.45,4.4,9.4
2013-10-19,8.46,12.37,4.79,0.87,9.4
2013-10-20,6.33,12.98,1.44,0.0,15.66
2013-10-21,7.02,14.73,0.48,0.0,16.81
2013-10-22,8.79,17.35,1.96,0.0,16.55
2013-10-23,10.95,20.25,4.27,0.0,15.49
2013-10-24,8.7,16.24,3.65,0.0,16.0
2013-10-25,8.42,17.1,0.47,0.0,15.45
2013-10-26,10.32,18.48,4.65,0.0,15.17
2013-10-27,9.71,17.45,2.47,0.0,15.5
2013-10-28,10.01,17.89,3.14,0.0,15.07
2013-10-29,11.52,19.98,5.95,0.0,14.09
2013-10-30,12.14,21.82,4.34,0.0,14.05
2013-10-31,11.85,21.39,5.08,0.0,13.84
2013-11-01,10.56,20.8,3.19,0.0,13.7
2013-11-02,12.49,20.85,5.75,0.0,13.44
2013-11-03,12.74,21.29,6.15,0.0,13.31
2013-11-04,12.88,21.49,7.16,0.0,13.36
2013-11-05,11.78,17.78,6.5,0.0,10.16
2013-11-06,9.99,17.43,4.04,0.0,10.26
2013-11-07,10.62,15.16,6.52,0.67,6.96
2013-11-08,6.59,13.96,0.87,0.27,11.18
2013-11-09,5.25,13.11,0.29,0.0,13.27
2013-11-10,5.19,14.63,-0.76,0.0,12.81
2013-11-11,7.37,17.47,1.0,0.0,12.27
2013-11-12,9.22,18.26,3.62,0.0,11.33
2013-11-13,8.54,17.23,1.51,0.0,12.05
2013-11-14,8.84,17.14,3.54,0.0,9.61
2013-11-15,7.77,15.76,2.0,0.0,9.73
2013-11-16,5.34,12.56,1.82,0.0,10.93
2013-11-17,3.89,11.95,-1.72,0.0,4.71
2013-11-18,3.59,12.54,-2.5,0.0,11.3
2013-11-19,5.54,14.9,-1.48,0.0,11.14
2013-11-20,7.34,16.47,1.22,0.0,10.65
2013-11-21,8.55,16.8,3.35,0.0,10.19
2013-11-22,8.01,13.76,3.63,0.99,5.84
2013-11-23,9.35,16.72,4.71,0.11,8.65
2013-11-24,9.19,15.25,4.98,0.01,8.19
2013-11-25,9.84,16.06,4.75,1.12,5.7
2013-11-26,9.53,14.08,6.42,4.58,6.33
2013-11-27,8.84,13.11,5.82,5.0,8.5
2013-11-28,4.25,9.81,0.62,0.15,5.76
2013-11-29,0.47,5.22,-4.1,0.22,5.93
2013-11-30,0.14,6.12,-3.8,0.0,10.49
2013-12-01,2.4,8.55,-2.28,0.0,7.03
2013-12-02,7.67,14.37,3.26,0.28,7.98
2013-12-03,1.54,5.9,-5.51,0.22,9.52
2013-12-04,-2.4,2.26,-6.31,1.28,7.16
2013-12-05,-1.82,6.19,-5.89,0.48,10.49
2013-12-06,-0.89,6.49,-4.69,0.0,9.96
2013-12-07,0.6,7.73,-4.92,2.54,3.19
2013-12-08,-4.6,-0.95,-6.72,0.1,6.53
2013-12-09,-3.61,-0.13,-6.59,0.04,7.38
2013-12-10,-1.67,0.93,-5.28,0.59,3.64
2013-12-11,-6.34,-3.13,-9.69,0.1,7.67
2013-12-12,-7.91,-4.28,-12.1,0.0,7.5
2013-12-13,-7.7,-2.79,-11.13,0.0,7.88
2013-12-14,-6.33,-0.47,-10.77,0.0,8.76
2013-12-15,-4.42,1.8,-8.58,0.0,5.85
2013-12-16,-3.17,3.25,-7.33,0.0,6.77
2013-12-17,-2.64,2.99,-6.74,0.0,4.0
2013-12-18,-2.94,2.88,-6.15,0.0,5.98
2013-12-19,-3.91,2.29,-7.77,0.0,4.21
2013-12-20,-1.83,4.87,-6.69,0.0,5.43
2013-12-21,-2.16,3.53,-5.36,0.0,4.16
2013-12-22,-3.9,2.88,-8.6,0.0,4.88
2013-12-23,-4.34,3.61,-9.58,0.0,6.01
2013-12-24,-2.05,6.15,-8.04,0.0,6.65
2013-12-25,-0.07,4.6,-2.37,0.0,4.76
2013-12-26,0.37,7.67,-2.71,0.0,7.38
2013-12-27,0.6,7.98,-3.79,0.0,8.12
2013-12-28,2.83,9.58,0.25,0.32,8.27
2013-12-29,0.86,3.16,-0.78,0.58,2.05
2013-12-30,1.29,7.67,-2.19,0.57,6.15
2013-12-31,2.08,8.89,-2.32,0.0,7.54
2014-01-01,0.58,7.3,-2.68,0.0,5.76
2014-01-02,0.48,7.45,-2.71,0.01,4.85
2014-01-03,1.2,5.95,-1.57,5.44,4.21
2014-01-04,0.63,4.98,-1.34,2.92,3.94
2014-01-05,1.1,8.14,-2.63,0.0,5.36
2014-01-06,0.16,7.23,-3.19,0.0,5.45
2014-01-07,-1.11,4.51,-4.31,0.0,4.49
2014-01-08,-0.62,7.7,-4.63,0.0,5.5
2014-01-09,-0.21,7.0,-3.6,0.0,5.24
2014-01-10,-1.38,5.21,-4.23,0.0,5.18
2014-01-11,0.83,7.25,-2.89,0.0,5.17
2014-01-12,1.6,7.72,-2.33,0.0,5.45
2014-01-13,1.69,8.1,-1.35,0.0,7.75
2014-01-14,0.74,5.3,-1.45,0.0,5.14
2014-01-15,1.8,9.03,-1.34,0.0,10.13
2014-01-16,2.64,8.26,-0.3,0.0,5.99
2014-01-17,2.91,9.01,-0.92,0.0,7.26
2014-01-18,4.26,12.33,-1.23,0.0,10.6
2014-01-19,4.27,10.84,-0.6,0.0,9.23
2014-01-20,4.03,13.19,-0.69,0.0,8.85
2014-01-21,4.57,15.28,-0.73,0.0,10.83
2014-01-22,3.52,10.48,-0.92,2.34,6.43
2014-01-23,3.5,10.28,-0.15,0.62,11.24
2014-01-24,3.05,9.55,-2.26,0.5,9.75
2014-01-25,3.9,11.34,0.37,5.81,2.58
2014-01-26,4.33,7.69,1.03,7.24,2.32
2014-01-27,4.58,9.9,2.04,3.78,7.93
2014-01-28,4.06,8.39,0.54,1.22,6.92
2014-01-29,4.66,11.3,0.64,1.7,5.36
2014-01-30,1.9,7.15,-1.26,0.04,10.92
2014-01-31,0.82,7.61,-2.81,0.0,12.84
2014-02-01,-0.77,6.66,-5.02,0.0,13.34
2014-02-02,-1.67,5.83,-5.52,0.0,13.54
2014-02-03,-1.85,4.89,-5.27,0.0,13.45
2014-02-04,-1.93,3.76,-5.03,0.0,13.73
2014-02-05,-0.38,4.92,-4.0,0.0,14.19
2014-02-06,0.89,5.85,-2.92,0.0,13.85
2014-02-07,2.01,8.24,-1.82,0.0,13.93
2014-02-08,2.26,10.44,-1.66,0.0,14.07
2014-02-09,3.08,11.28,-1.95,0.01,8.06
2014-02-10,4.58,11.0,0.03,0.84,6.61
2014-02-11,4.9,13.24,0.32,0.01,14.34
2014-02-12,6.4,16.25,-0.42,0.0,14.63
2014-02-13,7.36,15.81,0.1,0.0,14.04
2014-02-14,6.51,11.62,3.13,0.75,6.68
2014-02-15,3.82,7.51,0.34,0.97,8.56
2014-02-16,4.34,10.17,-0.01,0.04,11.5
2014-02-17,5.23,13.68,-1.4,0.0,15.65
2014-02-18,7.68,17.83,-0.6,0.0,15.41
2014-02-19,8.0,17.57,1.75,0.0,15.63
2014-02-20,8.96,18.95,1.26,0.0,16.55
2014-02-21,9.28,17.17,3.38,0.0,13.21
2014-02-22,9.39,17.06,4.64,0.0,12.04
2014-02-23,7.78,16.65,-0.04,0.02,15.21
2014-02-24,5.88,11.54,1.96,8.13,7.92
2014-02-25,4.24,7.94,1.73,3.1,6.09
2014-02-26,3.06,8.7,-1.23,0.03,12.56
2014-02-27,2.26,8.3,-2.3,1.33,15.52
2014-02-28,3.21,9.93,-3.14,0.0,10.9
2014-03-01,5.37,14.42,-2.1,0.06,13.86
2014-03-02,9.31,18.44,3.2,0.06,7.69
2014-03-03,8.15,14.54,5.21,0.82,8.16
2014-03-04,6.51,11.11,2.8,0.6,11.68
2014-03-05,7.59,15.21,0.82,2.93,14.86
2014-03-06,7.84,12.8,3.12,1.2,14.61
2014-03-07,6.81,11.06,2.69,2.52,12.13
2014-03-08,8.3,16.87,3.13,5.18,6.11
2014-03-09,7.23,14.05,2.69,4.55,7.46
2014-03-10,4.24,6.42,1.54,7.32,5.29
2014-03-11,4.24,9.51,0.6,1.23,11.47
2014-03-12,2.39,7.66,-1.76,0.74,12.14
2014-03-13,0.31,4.38,-4.0,0.52,13.79
2014-03-14,1.36,8.63,-5.27,0.0,20.44
2014-03-15,3.61,11.21,-1.12,0.0,20.57
2014-03-16,4.42,12.64,-2.49,0.19,13.65
2014-03-17,6.45,13.13,1.94,0.28,13.4
2014-03-18,7.47,15.16,1.49,0.0,19.72
2014-03-19,8.48,16.36,1.97,0.0,21.44
2014-03-20,7.43,14.3,1.49,0.0,15.77
2014-03-21,5.62,14.02,-1.95,0.0,22.4
2014-03-22,8.21,17.81,-1.7,0.0,22.84
2014-03-23,10.69,19.51,3.93,0.0,22.02
2014-03-24,11.46,20.91,4.3,0.0,21.45
2014-03-25,10.7,19.87,4.64,0.2,17.53
2014-03-26,7.8,15.95,0.73,0.0,17.82
2014-03-27,8.98,17.61,1.6,0.0,20.37
2014-03-28,9.53,17.41,3.35,1.07,10.33
2014-03-29,6.98,13.12,-1.03,0.49,15.8
2014-03-30,0.39,7.83,-6.31,0.0,23.56
2014-03-31,3.92,13.41,-4.5,0.0,24.6
2014-04-01,8.9,17.93,-0.51,0.0,24.32
2014-04-02,9.23,16.31,2.19,0.0,20.16
2014-04-03,9.05,15.91,3.81,0.01,16.36
2014-04-04,10.42,19.05,1.63,0.0,22.03
2014-04-05,11.98,20.57,4.54,0.0,19.55
2014-04-06,13.14,20.65,7.1,0.0,20.48
2014-04-07,13.5,21.6,7.82,0.02,18.84
2014-04-08,7.97,13.16,3.06,3.84,13.16
2014-04-09,8.81,16.45,0.88,0.61,24.1
2014-04-10,10.95,19.05,2.33,0.15,22.2
2014-04-11,10.53,17.97,3.57,2.85,19.48
2014-04-12,9.53,15.7,4.22,4.37,19.2
2014-04-13,9.51,16.41,0.95,0.09,24.63
2014-04-14,9.08,13.71,4.6,0.3,16.03
2014-04-15,10.24,16.32,5.79,1.66,17.73
2014-04-16,12.55,19.69,4.45,0.0,20.55
2014-04-17,14.38,20.42,8.25,0.09,19.09
2014-04-18,12.41,20.05,5.9,0.96,18.51
2014-04-19,10.17,19.86,3.38,1.69,22.76
2014-04-20,11.03,19.14,2.72,0.0,25.61
2014-04-21,11.22,17.84,4.72,0.26,21.67
2014-04-22,14.83,22.15,6.69,0.01,21.2
2014-04-23,16.09,23.4,8.54,0.0,24.05
2014-04-24,18.57,27.68,9.79,0.31,21.55
2014-04-25,18.3,26.43,11.81,0.22,17.32
2014-04-26,15.5,22.79,9.7,0.0,22.98
2014-04-27,15.91,23.18,9.97,1.67,22.14
2014-04-28,13.5,18.83,9.05,2.29,16.01
2014-04-29,12.05,17.64,6.9,3.63,17.13
2014-04-30,12.75,20.51,6.39,2.39,20.57
2014-05-01,11.69,17.26,6.56,1.86,18.49
2014-05-02,12.5,18.37,7.91,3.15,20.87
2014-05-03,13.8,20.58,5.48,0.18,24.47
2014-05-04,16.77,24.12,10.13,0.31,12.28
2014-05-05,13.22,17.11,9.28,19.59,5.05
2014-05-06,13.53,20.01,8.5,1.28,21.18
2014-05-07,13.49,20.89,7.51,0.0,21.65
2014-05-08,12.32,17.93,5.28,3.74,18.9
2014-05-09,14.26,21.05,9.21,4.34,19.25
2014-05-10,13.4,21.05,6.23,0.98,22.42
2014-05-11,12.37,18.39,5.9,1.99,22.1
2014-05-12,13.86,20.2,6.09,0.09,24.31
2014-05-13,16.26,20.92,10.7,0.1,22.94
2014-05-14,18.16,26.06,9.04,0.24,23.39
2014-05-15,19.12,28.44,11.18,0.0,24.57
2014-05-16,17.84,27.41,9.8,0.0,30.35
2014-05-17,16.49,25.13,7.6,0.0,29.91
2014-05-18,13.8,20.04,8.07,0.28,26.26
2014-05-19,14.56,21.74,6.44,0.0,28.47
2014-05-20,15.89,23.86,6.84,0.0,28.04
2014-05-21,16.01,23.07,7.94,0.27,23.13
2014-05-22,16.3,21.72,11.04,1.1,17.61
2014-05-23,15.79,20.65,9.33,2.47,23.8
2014-05-24,16.24,21.32,10.73,1.29,19.62
2014-05-25,17.5,23.98,11.07,0.44,24.97
2014-05-26,17.98,23.49,12.15,2.22,26.65
2014-05-27,18.61,26.33,11.35,0.96,27.48
2014-05-28,19.89,27.21,10.9,0.1,26.9
2014-05-29,21.31,28.09,14.46,3.27,23.33
2014-05-30,17.14,23.58,11.41,4.93,13.36
2014-05-31,16.59,23.88,9.26,0.58,26.49
2014-06-01,12.95,15.95,9.08,3.77,17.24
2014-06-02,15.06,20.73,9.21,3.3,21.28
2014-06-03,15.54,22.29,9.12,1.0,22.97
2014-06-04,19.82,29.22,11.13,0.44,17.54
2014-06-05,17.57,22.77,12.92,4.95,20.15
2014-06-06,14.12,17.37,11.12,11.62,13.5
2014-06-07,14.51,18.26,11.47,9.68,17.36
2014-06-08,16.33,21.24,11.19,1.3,16.67
2014-06-09,16.59,20.89,10.67,5.6,19.38
2014-06-10,18.63,25.22,11.55,0.79,27.7
2014-06-11,19.82,26.6,12.71,0.02,29.37
2014-06-12,17.2,23.5,10.12,0.0,25.38
2014-06-13,17.14,24.82,8.17,0.0,32.03
2014-06-14,20.45,27.64,12.38,0.0,31.14
2014-06-15,22.48,30.07,12.96,1.74,27.77
2014-06-16,19.22,24.59,13.58,5.68,22.87
2014-06-17,20.34,27.91,12.23,0.02,30.14
2014-06-18,21.88,29.61,14.23,0.0,27.44
2014-06-19,23.25,30.93,15.63,0.5,27.34
2014-06-20,19.72,27.75,13.04,0.83,28.7
2014-06-21,17.24,23.62,10.39,0.0,30.61
2014-06-22,17.34,23.38,11.55,0.25,27.47
2014-06-23,17.95,25.93,9.46,0.0,31.59
2014-06-24,18.97,26.9,9.78,0.0,31.94
2014-06-25,20.36,28.87,10.48,0.0,31.22
2014-06-26,23.66,32.25,15.25,0.0,30.0
2014-06-27,24.74,33.93,16.23,0.01,27.05
2014-06-28,24.58,32.76,17.37,5.75,24.34
2014-06-29,21.68,29.39,14.37,0.15,29.77
2014-06-30,22.34,31.02,12.77,0.0,31.85
2014-07-01,24.69,32.76,14.63,0.0,30.05
2014-07-02,24.88,33.11,16.73,0.0,30.4
2014-07-03,23.85,31.96,15.13,0.0,30.85
2014-07-04,21.6,28.86,14.45,1.46,23.3
2014-07-05,19.8,25.64,14.25,0.6,25.31
2014-07-06,21.49,28.54,13.2,0.0,29.46
2014-07-07,23.6,31.54,14.61,0.0,30.37
2014-07-08,23.25,31.17,14.62,0.0,29.13
2014-07-09,24.21,32.36,15.05,0.0,30.51
2014-07-10,27.47,35.58,18.89,0.0,30.35
2014-07-11,27.52,36.86,17.1,0.0,28.28
2014-07-12,27.1,35.26,19.47,0.0,29.61
2014-07-13,24.97,32.29,17.18,0.0,28.35
2014-07-14,24.93,32.47,16.51,0.0,26.85
2014-07-15,25.84,33.5,17.39,0.02,27.18
2014-07-16,26.91,34.77,18.12,0.05,26.47
2014-07-17,25.01,32.4,17.04,0.0,27.43
2014-07-18,25.96,32.68,18.54,0.23,25.54
2014-07-19,24.57,30.63,19.08,1.8,23.83
2014-07-20,22.66,29.11,16.09,0.02,23.12
2014-07-21,22.53,29.35,14.38,0.0,22.64
2014-07-22,24.71,32.1,16.53,0.0,28.11
2014-07-23,27.43,34.96,18.19,0.0,27.7
2014-07-24,27.26,35.58,18.41,0.0,28.1
2014-07-25,25.31,33.12,16.56,0.0,27.97
2014-07-26,25.36,32.28,17.7,0.65,24.0
2014-07-27,25.31,32.4,18.33,0.28,27.8
2014-07-28,26.22,33.59,18.71,0.0,28.85
2014-07-29,27.97,35.15,19.83,0.0,27.52
2014-07-30,27.3,35.71,18.73,0.0,27.16
2014-07-31,26.74,34.54,18.8,0.0,28.17
2014-08-01,28.71,36.2,21.84,0.05,26.62
2014-08-02,27.91,36.02,20.1,0.22,27.87
2014-08-03,25.38,32.76,18.79,1.25,25.69
2014-08-04,24.82,30.96,18.05,1.59,23.71
2014-08-05,23.3,28.37,18.78,1.2,22.85
2014-08-06,23.67,30.71,16.08,0.01,26.78
2014-08-07,24.98,32.78,18.04,6.01,20.11
2014-08-08,22.29,28.71,16.35,1.13,25.96
2014-08-09,22.39,28.66,15.31,0.0,21.57
2014-08-10,23.13,30.22,16.47,0.0,26.48
2014-08-11,23.88,31.28,16.22,0.0,24.4
2014-08-12,24.77,31.26,18.84,0.0,23.83
2014-08-13,24.23,32.35,16.45,0.0,27.61
2014-08-14,25.04,34.69,15.18,0.0,26.61
2014-08-15,27.43,35.65,20.8,0.0,26.18
2014-08-16,26.25,35.09,17.88,0.0,27.31
2014-08-17,27.22,36.32,17.68,0.0,26.96
2014-08-18,24.07,31.31,17.73,1.18,22.77
2014-08-19,23.63,29.52,18.79,4.3,20.91
2014-08-20,23.81,30.72,16.84,0.04,24.15
2014-08-21,25.73,33.12,18.8,0.0,25.58
2014-08-22,24.34,32.79,16.31,0.0,25.9
2014-08-23,23.77,31.49,16.49,0.0,25.2
2014-08-24,24.49,32.15,15.88,0.0,25.91
2014-08-25,26.23,34.18,17.87,0.0,23.95
2014-08-26,25.9,35.06,17.26,0.0,24.58
2014-08-27,28.04,37.1,18.91,0.0,24.51
2014-08-28,28.72,37.69,19.83,0.32,22.53
2014-08-29,25.33,32.43,19.03,1.41,21.68
2014-08-30,24.1,31.25,17.68,0.01,23.38
2014-08-31,25.34,33.17,17.76,0.01,22.62
2014-09-01,26.4,34.18,17.7,0.12,21.18
2014-09-02,25.94,33.12,18.06,0.09,20.33
2014-09-03,26.15,33.74,18.5,0.01,20.96
2014-09-04,26.44,33.2,19.23,0.0,20.65
2014-09-05,25.56,33.11,17.77,0.08,21.82
2014-09-06,24.24,32.55,17.73,9.17,19.64
2014-09-07,21.46,26.45,16.72,1.07,21.22
2014-09-08,20.16,25.43,15.33,4.0,15.49
2014-09-09,19.17,24.72,13.43,0.24,21.87
2014-09-10,18.85,23.9,14.21,3.0,11.93
2014-09-11,19.54,26.01,13.02,0.39,21.25
2014-09-12,21.19,28.04,15.32,0.0,21.21
2014-09-13,21.16,28.09,15.23,0.1,18.18
2014-09-14,19.95,24.31,16.26,1.38,16.19
2014-09-15,19.94,26.2,14.06,4.0,20.05
2014-09-16,19.87,25.93,13.51,1.12,18.41
2014-09-17,17.08,20.45,14.62,6.49,6.91
2014-09-18,15.72,20.28,12.23,1.29,13.78
2014-09-19,15.39,20.85,11.63,2.3,13.01
2014-09-20,14.7,20.96,9.77,0.15,17.25
2014-09-21,15.12,21.69,7.84,0.0,20.58
2014-09-22,18.24,24.14,12.68,0.01,19.08
2014-09-23,20.27,27.85,12.67,1.63,13.58
2014-09-24,13.34,19.53,8.6,0.74,20.76
2014-09-25,12.68,20.03,5.83,0.0,21.11
2014-09-26,14.33,21.96,6.59,0.05,19.09
2014-09-27,15.29,20.06,12.14,5.54,13.02
2014-09-28,11.39,13.3,8.09,22.64,8.52
2014-09-29,11.33,18.32,5.96,0.04,14.19
2014-09-30,11.0,18.24,4.05,0.0,20.15
2014-10-01,13.31,20.64,6.46,0.0,20.08
2014-10-02,12.54,20.37,5.71,0.0,19.49
2014-10-03,12.04,19.14,7.69,0.0,18.81
2014-10-04,12.02,19.67,4.99,0.0,17.68
2014-10-05,14.71,22.42,7.08,0.0,17.15
2014-10-06,15.68,22.0,10.43,0.04,13.6
2014-10-07,15.15,22.29,9.36,0.08,17.12
2014-10-08,15.22,22.39,9.53,0.1,15.64
2014-10-09,14.63,22.61,8.69,0.0,16.4
2014-10-10,14.81,23.86,8.06,0.02,16.7
2014-10-11,15.46,23.03,9.81,0.26,13.52
2014-10-12,14.29,19.24,10.26,0.76,11.26
2014-10-13,13.51,19.14,9.74,3.59,11.53
2014-10-14,11.84,16.67,8.91,4.14,11.68
2014-10-15,11.94,16.07,8.66,1.39,12.75
2014-10-16,11.29,18.04,6.17,0.47,8.23
2014-10-17,13.18,17.04,10.01,5.03,6.39
2014-10-18,13.48,20.41,7.84,1.39,7.63
2014-10-19,7.93,14.59,1.64,0.01,15.96
2014-10-20,5.01,12.24,-1.97,0.0,16.88
2014-10-21,7.84,17.0,1.48,0.0,16.59
2014-10-22,10.8,21.66,2.94,0.0,14.59
2014-10-23,11.74,19.12,5.79,0.01,10.41
2014-10-24,12.5,18.07,9.54,7.97,7.48
2014-10-25,11.24,15.91,8.45,3.89,5.81
2014-10-26,11.82,17.26,7.58,2.97,9.79
2014-10-27,11.03,16.12,6.11,4.6,10.22
2014-10-28,11.1,16.91,6.93,0.62,8.38
2014-10-29,10.91,17.45,5.25,5.7,9.71
2014-10-30,9.99,13.69,7.08,5.43,6.84
2014-10-31,8.28,12.67,6.04,4.18,7.12
2014-11-01,6.53,10.92,2.83,1.27,7.69
2014-11-02,4.83,10.87,-0.46,0.01,5.43
2014-11-03,2.28,8.05,-2.53,0.0,12.23
2014-11-04,2.05,9.45,-3.75,0.0,14.02
2014-11-05,4.17,12.28,-2.31,0.0,13.98
2014-11-06,5.93,15.29,0.05,0.0,13.46
2014-11-07,5.89,14.62,-1.04,0.0,13.44
2014-11-08,7.52,16.24,1.86,0.0,11.03
2014-11-09,9.62,18.73,2.31,0.0,8.78
2014-11-10,10.12,17.11,5.53,0.01,10.37
2014-11-11,10.29,16.66,5.3,0.0,11.51
2014-11-12,9.27,16.77,3.92,0.0,11.7
2014-11-13,9.15,16.65,4.43,0.24,7.15
2014-11-14,8.82,12.44,6.1,0.53,7.53
2014-11-15,8.82,14.53,4.95,0.13,9.28
2014-11-16,8.02,14.64,2.68,0.05,9.56
2014-11-17,7.18,13.75,3.51,0.0,9.68
2014-11-18,9.12,15.82,4.22,0.0,10.35
2014-11-19,9.53,16.58,4.53,0.0,7.93
2014-11-20,8.28,14.02,4.31,7.97,4.64
2014-11-21,5.09,8.49,2.64,2.11,4.18
2014-11-22,2.87,6.56,0.63,3.01,6.7
2014-11-23,2.74,7.93,-2.5,0.0,5.59
2014-11-24,-0.12,5.52,-4.5,0.01,5.65
2014-11-25,-0.01,1.97,-2.17,5.06,4.02
2014-11-26,1.28,4.14,-0.98,1.98,3.57
2014-11-27,0.98,6.58,-2.94,0.13,6.35
2014-11-28,0.79,7.34,-3.05,0.0,8.38
2014-11-29,3.1,9.7,-2.64,0.01,5.28
2014-11-30,5.03,9.73,0.44,3.16,2.72
2014-12-01,6.77,10.57,4.38,0.56,4.23
2014-12-02,8.07,14.74,4.63,0.33,6.07
2014-12-03,8.84,14.6,5.5,0.78,6.19
2014-12-04,8.12,12.99,5.01,0.44,4.21
2014-12-05,7.46,12.18,4.82,0.39,6.7
2014-12-06,7.13,12.46,4.34,0.0,5.99
2014-12-07,7.01,11.63,4.2,0.09,4.82
2014-12-08,6.85,10.38,4.19,0.52,2.99
2014-12-09,7.39,9.69,5.14,4.69,4.3
2014-12-10,6.84,12.11,4.06,0.2,6.91
2014-12-11,5.47,12.15,2.63,0.01,7.31
2014-12-12,7.2,12.38,4.82,7.96,2.42
2014-12-13,4.75,9.97,1.67,0.33,4.71
2014-12-14,3.78,10.35,0.86,0.0,5.06
2014-12-15,0.85,6.45,-2.13,0.0,3.8
2014-12-16,-0.02,6.42,-2.76,0.0,5.61
2014-12-17,1.8,7.05,-2.27,0.01,2.94
2014-12-18,2.64,5.2,0.97,4.34,2.48
2014-12-19,3.4,7.9,0.97,1.1,5.02
2014-12-20,1.69,7.59,-2.83,0.0,5.95
2014-12-21,1.53,8.26,-3.08,0.19,5.9
2014-12-22,-0.59,3.74,-4.56,0.46,8.41
2014-12-23,-0.99,5.93,-5.17,0.0,7.39
2014-12-24,1.35,9.81,-2.84,0.0,9.93
2014-12-25,1.95,10.33,-2.05,0.0,10.22
2014-12-26,2.21,9.64,-2.28,0.0,8.63
2014-12-27,5.13,10.79,1.03,1.71,5.92
2014-12-28,2.77,7.18,-2.3,2.6,6.83
2014-12-29,6.44,12.17,2.58,2.53,6.4
2014-12-30,6.11,11.59,3.35,2.88,5.32
2014-12-31,5.14,9.99,2.64,2.42,2.16
2015-01-01,2.46,5.7,0.18,9.79,3.7
2015-01-02,-0.26,4.17,-3.45,0.37,3.69
2015-01-03,-1.34,4.75,-4.35,0.0,5.29
2015-01-04,-1.11,3.75,-4.51,0.34,6.64
2015-01-05,-0.42,2.97,-2.71,2.57,4.01
2015-01-06,-3.19,-0.59,-5.25,5.81,2.09
2015-01-07,-5.63,-3.97,-9.88,4.5,1.98
2015-01-08,-9.63,-6.66,-15.14,0.02,5.11
2015-01-09,-12.36,-7.47,-15.69,0.0,10.83
2015-01-10,-7.79,-3.54,-14.21,0.99,2.59
2015-01-11,-2.69,1.88,-6.13,0.24,1.36
2015-01-12,0.51,3.23,-3.32,0.75,2.23
2015-01-13,-0.88,2.84,-4.99,6.75,7.96
2015-01-14,-2.0,3.2,-5.14,0.01,10.15
2015-01-15,-0.87,5.22,-5.01,0.06,5.76
2015-01-16,0.02,4.4,-2.48,0.14,6.59
2015-01-17,-0.85,4.19,-3.5,0.0,7.29
2015-01-18,-1.58,4.46,-4.61,0.0,5.47
2015-01-19,-1.91,1.72,-3.93,0.0,6.62
2015-01-20,0.23,7.66,-3.78,0.0,9.08
2015-01-21,2.38,8.75,-1.04,0.0,9.73
2015-01-22,0.94,7.18,-1.45,0.0,10.28
2015-01-23,1.65,9.24,-1.85,0.0,10.25
2015-01-24,2.81,11.44,-2.01,0.09,10.36
2015-01-25,2.73,9.0,-1.08,0.53,5.4
2015-01-26,3.11,8.59,-1.59,0.22,7.76
2015-01-27,3.73,9.81,-1.14,0.19,10.77
2015-01-28,2.77,6.89,0.27,2.89,8.43
2015-01-29,2.51,8.38,-1.03,0.01,10.63
2015-01-30,2.66,8.58,-1.22,0.06,9.44
2015-01-31,4.36,10.87,0.03,0.23,5.65
2015-02-01,6.45,12.0,3.19,0.06,9.21
2015-02-02,6.38,13.46,2.02,0.63,7.71
2015-02-03,4.27,8.48,0.28,3.5,8.56
2015-02-04,2.43,7.84,-1.03,0.06,12.24
2015-02-05,4.06,11.8,-2.08,0.0,13.06
2015-02-06,5.24,15.62,-0.45,0.0,13.36
2015-02-07,3.78,10.47,-0.49,0.0,12.64
2015-02-08,2.3,7.39,-2.53,0.92,11.24
2015-02-09,1.6,4.65,-1.12,2.0,7.24
2015-02-10,1.47,6.95,-1.66,5.56,1.73
2015-02-11,0.41,4.57,-3.25,5.73,2.32
2015-02-12,-0.47,4.5,-3.82,0.36,3.39
2015-02-13,0.08,5.39,-4.23,0.26,6.96
2015-02-14,0.46,5.03,-2.65,1.66,5.58
2015-02-15,1.47,7.0,-2.63,2.16,7.43
2015-02-16,0.82,5.17,-2.64,1.39,3.31
2015-02-17,-3.11,-0.4,-5.24,0.14,8.62
2015-02-18,-5.53,-4.4,-6.45,0.24,8.52
2015-02-19,-3.4,0.38,-6.26,2.23,5.82
2015-02-20,-2.82,1.42,-6.66,1.44,6.32
2015-02-21,-4.34,1.07,-9.71,0.04,15.92
2015-02-22,-3.01,4.92,-9.6,0.0,15.04
2015-02-23,1.33,7.75,-3.16,2.31,9.31
2015-02-24,1.63,5.8,-0.17,6.06,9.83
2015-02-25,3.68,10.27,-0.28,0.95,9.88
2015-02-26,4.88,11.88,-0.81,0.04,12.29
2015-02-27,7.46,15.39,1.75,0.31,16.09
2015-02-28,6.2,11.38,1.44,1.0,13.5
2015-03-01,5.74,10.84,2.67,0.22,11.11
2015-03-02,3.79,9.62,-0.52,0.07,15.71
2015-03-03,3.67,9.34,-1.78,0.28,9.11
2015-03-04,1.53,6.53,-4.76,0.14,14.82
2015-03-05,0.58,8.24,-5.39,0.0,19.18
2015-03-06,6.28,14.98,-0.99,0.0,11.03
2015-03-07,8.54,16.79,2.03,0.0,16.26
2015-03-08,10.48,19.21,2.98,0.0,18.72
2015-03-09,9.88,19.25,1.85,0.0,18.8
2015-03-10,10.81,19.55,3.41,0.0,16.28
2015-03-11,10.29,16.46,5.84,2.24,11.68
2015-03-12,5.09,9.06,1.21,14.43,5.08
2015-03-13,4.74,9.73,0.76,1.8,13.53
2015-03-14,5.24,9.94,2.04,2.63,11.75
2015-03-15,4.68,8.86,1.52,0.76,12.35
2015-03-16,4.31,9.9,-0.85,0.07,14.57
2015-03-17,2.41,8.75,-3.1,0.22,15.45
2015-03-18,1.76,8.38,-5.04,2.07,15.69
2015-03-19,2.13,5.83,-1.01,2.54,9.89
2015-03-20,1.21,6.44,-3.43,2.17,18.03
2015-03-21,-0.53,3.05,-3.26,2.68,12.42
2015-03-22,1.97,9.16,-2.53,0.07,19.44
2015-03-23,3.78,9.76,-3.47,1.99,14.28
2015-03-24,4.84,9.97,0.91,0.67,15.33
2015-03-25,4.58,11.85,-1.4,0.05,22.0
2015-03-26,8.73,17.34,0.74,0.0,20.07
2015-03-27,11.52,18.21,7.51,12.16,7.06
2015-03-28,9.76,15.05,5.49,11.96,7.32
2015-03-29,8.23,13.31,3.98,6.79,14.34
2015-03-30,6.84,11.57,3.55,12.51,13.64
2015-03-31,6.46,10.87,1.86,1.82,10.38
2015-04-01,8.38,15.49,1.8,0.0,19.65
2015-04-02,6.56,13.15,-1.68,0.57,9.84
2015-04-03,3.93,11.67,-4.33,0.0,23.04
2015-04-04,2.05,7.06,-2.36,0.57,22.43
2015-04-05,5.31,13.21,-2.76,0.01,16.84
2015-04-06,9.15,17.69,0.93,0.07,23.24
2015-04-07,9.09,14.55,5.06,3.89,13.42
2015-04-08,5.62,10.3,-0.25,2.63,13.76
2015-04-09,4.75,9.04,0.9,5.77,8.2
2015-04-10,1.25,3.97,-3.4,0.49,13.96
2015-04-11,0.84,6.04,-4.95,0.0,17.39
2015-04-12,3.85,10.8,-3.01,0.0,23.12
2015-04-13,5.73,13.52,-2.69,0.0,21.99
2015-04-14,7.84,15.33,-0.04,0.12,24.94
2015-04-15,7.87,13.01,2.71,0.0,19.04
2015-04-16,10.28,16.95,3.12,0.0,25.9
2015-04-17,11.79,19.62,3.7,0.0,26.05
2015-04-18,12.4,19.99,4.68,0.0,22.01
2015-04-19,12.56,20.29,6.01,0.0,26.06
2015-04-20,6.65,11.56,1.96,1.01,12.04
2015-04-21,4.89,11.24,-1.49,0.39,20.49
2015-04-22,3.67,10.05,-2.21,0.16,20.83
2015-04-23,2.79,7.17,-1.48,1.02,19.26
2015-04-24,4.81,12.74,-4.53,0.0,28.74
2015-04-25,9.5,18.75,-1.16,0.0,25.5
2015-04-26,10.29,16.42,5.14,0.22,15.1
2015-04-27,12.47,19.23,5.23,0.0,27.11
2015-04-28,15.44,24.18,7.16,0.0,24.35
2015-04-29,14.73,22.25,9.49,0.01,23.86
2015-04-30,12.95,19.78,7.26,0.02,24.18
2015-05-01,10.6,15.32,8.34,3.35,16.96
2015-05-02,14.06,20.46,6.66,0.28,26.73
2015-05-03,12.93,17.45,7.02,2.84,13.81
2015-05-04,12.11,19.32,6.33,0.0,26.37
2015-05-05,14.16,21.92,4.35,0.0,29.05
2015-05-06,15.65,23.27,8.82,0.0,27.44
2015-05-07,16.4,24.21,6.34,0.0,28.98
2015-05-08,16.02,22.21,10.65,10.87,9.91
2015-05-09,13.84,21.05,7.69,0.15,26.33
2015-05-10,12.99,20.47,5.58,0.0,27.34
2015-05-11,12.99,20.29,4.65,0.05,25.89
2015-05-12,12.82,20.18,5.71,0.09,28.17
2015-05-13,11.45,18.6,4.18,0.01,24.32
2015-05-14,13.24,20.17,4.91,0.0,26.77
2015-05-15,15.59,23.68,6.24,0.12,29.34
2015-05-16,18.65,27.18,9.13,0.56,27.67
2015-05-17,21.11,29.27,12.8,0.34,27.46
2015-05-18,21.84,30.01,13.04,0.96,27.33
2015-05-19,21.52,29.74,12.55,0.67,27.88
2015-05-20,21.12,31.19,11.77,0.03,27.68
2015-05-21,16.44,23.78,10.19,0.58,25.75
2015-05-22,16.71,23.19,10.8,0.48,25.25
2015-05-23,17.24,22.99,10.51,0.71,25.0
2015-05-24,19.92,29.01,10.74,1.32,24.75
2015-05-25,19.77,27.74,12.11,4.71,26.86
2015-05-26,19.16,27.01,12.49,0.08,28.69
2015-05-27,18.98,27.17,12.56,6.81,11.74
2015-05-28,15.58,21.4,10.89,1.91,21.25
2015-05-29,13.6,16.94,9.75,14.55,5.95
2015-05-30,12.53,15.87,9.6,5.34,10.96
2015-05-31,14.16,20.27,8.08,0.71,19.38
2015-06-01,16.3,23.5,7.74,0.06,27.72
2015-06-02,18.68,27.57,10.12,6.8,25.38
2015-06-03,16.75,21.54,12.91,5.05,18.84
2015-06-04,14.1,16.47,12.27,11.27,14.7
2015-06-05,13.88,16.81,11.1,0.64,12.8
2015-06-06,14.69,17.95,10.7,1.08,13.95
2015-06-07,17.81,24.2,10.74,2.01,22.15
2015-06-08,18.9,24.41,13.97,1.94,20.8
2015-06-09,18.67,24.98,12.6,1.02,24.71
2015-06-10,17.43,23.24,11.61,5.66,25.3
2015-06-11,17.26,22.33,11.54,3.34,21.4
2015-06-12,16.35,20.52,12.56,2.42,15.37
2015-06-13,17.9,23.96,11.33,0.19,20.84
2015-06-14,18.24,24.22,11.77,0.59,24.46
2015-06-15,18.85,25.24,12.3,0.56,26.73
2015-06-16,19.7,27.01,11.64,1.91,26.71
2015-06-17,19.16,25.23,13.6,0.68,26.68
2015-06-18,20.03,27.5,12.51,5.88,26.99
2015-06-19,18.75,25.69,13.37,6.96,25.46
2015-06-20,17.54,23.08,12.26,1.38,23.83
2015-06-21,19.41,25.93,11.75,0.81,26.74
2015-06-22,20.31,26.4,13.29,1.23,26.55
2015-06-23,19.39,25.03,14.17,7.88,21.77
2015-06-24,17.93,22.9,13.57,4.68,24.19
2015-06-25,18.77,25.43,11.24,0.02,26.01
2015-06-26,18.81,25.55,11.23,0.08,26.78
2015-06-27,18.13,22.61,13.86,20.09,15.64
2015-06-28,16.18,20.36,10.93,1.86,23.3
2015-06-29,17.06,22.7,10.31,0.17,20.39
2015-06-30,18.45,23.22,13.12,2.62,23.8
2015-07-01,21.05,27.49,14.03,0.0,27.48
2015-07-02,20.72,27.84,13.29,2.49,26.14
2015-07-03,19.87,26.16,13.32,0.01,26.06
2015-07-04,20.35,27.33,13.17,0.0,27.38
2015-07-05,22.01,28.94,13.72,0.0,28.03
2015-07-06,22.99,29.83,16.51,0.0,26.96
2015-07-07,21.7,28.87,14.68,0.0,27.73
2015-07-08,21.07,28.29,13.43,0.0,29.94
2015-07-09,22.88,29.42,13.6,0.2,28.06
2015-07-10,24.3,30.88,18.05,1.17,27.89
2015-07-11,22.51,30.0,15.5,0.31,27.09
2015-07-12,21.28,27.4,16.03,0.0,22.68
2015-07-13,19.83,27.02,12.92,0.0,28.64
2015-07-14,20.75,29.13,11.3,0.0,30.27
2015-07-15,21.07,28.51,12.77,0.0,29.08
2015-07-16,21.3,29.08,13.36,0.0,29.81
2015-07-17,20.06,28.39,12.02,0.0,30.84
2015-07-18,19.61,28.61,11.33,0.0,31.24
2015-07-19,19.8,29.17,10.32,0.0,30.97
2015-07-20,21.57,30.91,11.24,0.0,30.95
2015-07-21,22.7,32.37,13.15,0.0,30.73
2015-07-22,21.42,30.6,11.79,0.0,30.73
2015-07-23,22.26,31.01,13.44,0.0,29.83
2015-07-24,25.27,33.94,14.93,0.0,27.8
2015-07-25,25.61,33.4,17.79,0.0,26.98
2015-07-26,25.93,33.36,19.67,0.0,26.23
2015-07-27,24.59,32.03,17.93,0.07,26.07
2015-07-28,24.56,32.97,16.01,0.0,28.13
2015-07-29,25.61,34.27,16.82,0.0,28.27
2015-07-30,26.99,36.02,17.36,0.0,25.97
2015-07-31,27.64,35.96,19.38,2.12,25.32
2015-08-01,26.3,33.51,18.5,0.05,26.55
2015-08-02,25.53,31.93,19.46,0.43,23.25
2015-08-03,26.39,33.71,18.76,0.0,25.32
2015-08-04,27.15,35.01,19.52,0.07,25.8
2015-08-05,26.72,34.29,18.18,0.21,25.55
2015-08-06,27.23,34.75,18.52,3.18,24.84
2015-08-07,25.63,31.47,19.63,0.72,20.8
2015-08-08,26.18,33.63,18.95,0.49,26.47
2015-08-09,26.17,34.03,18.94,0.11,26.1
2015-08-10,26.56,34.07,17.84,0.62,24.27
2015-08-11,25.06,31.14,19.5,1.74,21.32
2015-08-12,24.36,31.83,17.21,0.02,26.03
2015-08-13,26.41,33.93,17.5,0.0,25.98
2015-08-14,27.85,34.78,21.1,0.09,24.19
2015-08-15,26.66,33.04,20.27,3.57,22.14
2015-08-16,24.93,31.44,18.66,0.93,24.33
2015-08-17,25.53,32.3,18.48,0.0,24.71
2015-08-18,27.11,34.13,19.73,0.0,24.19
2015-08-19,28.01,35.2,20.8,0.01,22.93
2015-08-20,27.0,33.31,20.07,0.05,22.49
2015-08-21,25.8,31.09,21.69,18.82,19.47
2015-08-22,25.44,32.44,19.51,0.16,22.07
2015-08-23,23.36,29.37,18.14,0.66,20.68
2015-08-24,21.66,28.26,15.98,0.0,23.26
2015-08-25,19.19,25.91,13.28,0.0,23.74
2015-08-26,18.14,25.17,11.11,0.0,25.08
2015-08-27,19.4,26.69,12.5,0.0,24.49
2015-08-28,19.4,27.35,11.95,0.0,26.13
2015-08-29,18.76,26.6,10.77,0.01,25.26
2015-08-30,19.86,28.56,11.67,0.0,25.18
2015-08-31,20.3,29.36,11.93,0.0,24.56
2015-09-01,20.56,30.5,11.03,0.0,25.56
2015-09-02,23.16,32.32,12.85,0.0,25.08
2015-09-03,24.58,33.71,17.16,0.04,24.44
2015-09-04,24.54,33.91,15.05,0.02,22.73
2015-09-05,24.48,33.24,16.85,0.0,23.84
2015-09-06,23.97,33.33,14.0,0.0,24.17
2015-09-07,26.21,33.49,17.83,0.0,22.22
2015-09-08,25.35,32.83,17.7,0.31,19.78
2015-09-09,24.47,30.88,19.13,0.0,19.68
2015-09-10,24.99,33.82,16.71,0.0,21.54
2015-09-11,26.57,34.62,19.29,1.26,20.97
2015-09-12,25.38,34.38,17.96,0.37,18.89
2015-09-13,21.56,28.66,16.08,0.91,20.58
2015-09-14,22.6,30.36,14.71,0.0,20.35
2015-09-15,23.87,31.79,16.07,0.0,19.99
2015-09-16,23.89,32.02,16.19,0.0,20.25
2015-09-17,23.33,31.37,15.52,0.0,20.85
2015-09-18,23.12,32.13,15.12,0.0,21.6
2015-09-19,23.22,31.27,15.02,0.0,21.29
2015-09-20,22.3,29.75,15.1,0.0,19.97
2015-09-21,19.99,25.24,14.15,0.72,15.62
2015-09-22,20.29,28.08,13.35,1.9,15.96
2015-09-23,19.94,25.56,15.67,1.9,11.77
2015-09-24,19.64,26.15,12.61,0.05,17.86
2015-09-25,21.08,28.32,14.06,0.0,18.21
2015-09-26,22.02,29.25,14.09,0.0,18.81
2015-09-27,22.61,29.43,15.41,0.0,17.0
2015-09-28,22.24,30.01,15.26,0.17,15.68
2015-09-29,20.26,26.2,15.97,1.11,14.01
2015-09-30,16.65,21.02,12.11,6.12,9.89
2015-10-01,16.19,22.29,11.17,0.66,12.8
2015-10-02,16.78,23.79,10.53,0.12,17.1
2015-10-03,17.44,24.91,11.41,0.0,17.81
2015-10-04,17.98,25.82,12.14,0.0,18.18
2015-10-05,18.47,25.76,11.29,0.0,16.19
2015-10-06,15.63,21.1,11.31,9.76,6.4
2015-10-07,13.04,18.48,9.45,0.96,8.24
2015-10-08,13.24,18.4,7.31,0.01,13.41
2015-10-09,14.42,20.17,9.6,0.0,15.51
2015-10-10,13.93,20.83,7.36,0.0,16.4
2015-10-11,17.49,26.6,9.41,1.33,12.23
2015-10-12,17.7,23.13,14.12,1.48,10.78
2015-10-13,15.11,20.67,10.36,0.47,12.7
2015-10-14,13.6,20.2,9.15,0.0,15.59
2015-10-15,14.8,22.23,8.8,0.0,16.43
2015-10-16,14.72,22.62,7.83,0.0,16.25
2015-10-17,15.37,21.61,8.93,0.0,13.43
2015-10-18,15.95,23.86,11.29,0.0,13.94
2015-10-19,16.7,24.08,11.02,0.0,13.18
2015-10-20,16.04,23.61,8.95,0.01,15.54
2015-10-21,16.18,22.35,10.93,2.76,11.56
2015-10-22,15.3,21.28,11.39,2.0,7.81
2015-10-23,14.5,18.18,11.53,5.13,4.7
2015-10-24,14.6,19.08,10.89,10.18,9.39
2015-10-25,10.59,15.0,6.57,1.57,6.84
2015-10-26,7.78,15.07,3.42,0.03,14.75
2015-10-27,6.76,13.7,1.46,0.0,13.61
2015-10-28,6.97,13.14,3.33,0.0,10.84
2015-10-29,6.75,13.7,2.39,0.0,7.8
2015-10-30,6.89,14.1,2.62,0.0,11.96
2015-10-31,6.58,13.14,1.7,0.0,7.12
2015-11-01,5.38,13.79,-0.35,0.0,14.99
2015-11-02,5.1,14.55,-2.59,0.0,14.48
2015-11-03,7.05,15.87,0.25,0.0,14.1
2015-11-04,7.87,17.9,0.53,0.0,14.04
2015-11-05,9.19,18.03,2.01,0.0,13.62
2015-11-06,9.89,18.26,2.88,0.0,12.88
2015-11-07,10.33,18.58,4.49,0.0,12.76
2015-11-08,6.37,12.43,2.53,0.0,10.88
2015-11-09,5.22,11.23,1.28,0.17,9.61
2015-11-10,5.23,10.8,1.39,0.01,12.34
2015-11-11,6.28,11.86,0.14,0.0,5.36
2015-11-12,9.23,15.82,5.54,0.0,7.17
2015-11-13,8.9,16.56,2.91,0.0,12.2
2015-11-14,6.6,14.15,3.31,0.0,12.7
2015-11-15,7.06,14.96,1.53,0.0,11.6
2015-11-16,7.32,14.38,3.13,0.0,9.2
2015-11-17,5.44,11.96,0.26,0.0,11.97
2015-11-18,3.75,9.78,-0.8,0.0,11.38
2015-11-19,5.76,14.52,-1.02,0.0,11.02
2015-11-20,6.84,16.07,1.46,0.0,11.66
2015-11-21,7.13,16.8,1.55,0.0,11.22
2015-11-22,8.37,17.3,3.3,0.0,10.72
2015-11-23,8.31,16.47,2.56,0.0,11.19
2015-11-24,7.95,16.29,1.86,0.0,9.77
2015-11-25,8.73,16.24,5.61,0.0,4.85
2015-11-26,8.86,15.85,2.48,0.81,3.99
2015-11-27,9.16,15.62,5.14,3.26,6.83
2015-11-28,8.49,15.01,4.76,4.56,7.09
2015-11-29,7.14,11.96,3.86,0.36,6.79
2015-11-30,3.15,7.07,-2.09,2.25,5.78
2015-12-01,1.59,7.62,-2.58,0.04,9.48
2015-12-02,1.63,8.04,-4.16,1.3,4.18
2015-12-03,-2.68,1.58,-5.25,0.3,8.21
2015-12-04,-2.27,2.55,-5.28,0.0,7.0
2015-12-05,-2.69,2.25,-5.61,0.01,10.86
2015-12-06,-1.0,4.28,-4.68,0.0,9.58
2015-12-07,1.39,7.74,-2.09,0.0,10.15
2015-12-08,2.79,9.68,-0.77,0.0,9.84
2015-12-09,0.75,8.83,-3.19,0.0,9.69
2015-12-10,0.9,7.29,-3.58,0.0,8.9
2015-12-11,1.85,8.75,-1.9,0.01,7.24
2015-12-12,1.21,8.86,-2.65,0.01,8.86
2015-12-13,-0.31,6.97,-3.72,0.0,5.92
2015-12-14,-0.8,4.34,-3.78,0.0,5.41
2015-12-15,-0.85,5.59,-3.69,0.0,6.26
2015-12-16,-1.18,4.57,-3.73,0.0,4.02
2015-12-17,-0.8,5.21,-3.42,0.0,4.82
2015-12-18,-0.88,5.63,-3.61,0.0,7.69
2015-12-19,-0.14,7.61,-3.72,0.0,6.93
2015-12-20,-0.3,5.34,-3.15,0.0,4.17
2015-12-21,-1.08,4.45,-3.39,0.0,3.38
2015-12-22,0.4,6.49,-3.28,0.0,4.3
2015-12-23,-0.8,4.46,-3.93,0.0,5.15
2015-12-24,0.51,7.25,-2.89,0.0,4.73
2015-12-25,0.71,6.65,-1.65,0.0,7.43
2015-12-26,0.83,7.4,-2.22,0.0,5.75
2015-12-27,0.7,7.11,-2.38,0.0,8.1
2015-12-28,0.99,8.3,-3.04,0.06,6.5
2015-12-29,0.35,9.26,-3.43,0.0,5.04
2015-12-30,-2.28,1.16,-6.31,0.16,6.21
2015-12-31,-6.42,-4.14,-8.06,0.09,7.91
2016-01-01,-7.67,-4.8,-10.19,0.13,9.13
2016-01-02,-7.72,-3.01,-10.37,0.0,10.03
2016-01-03,-3.6,1.44,-9.41,0.05,6.43
2016-01-04,-0.36,1.49,-1.86,5.78,3.04
2016-01-05,2.69,5.54,-0.36,14.62,1.85
2016-01-06,4.17,8.41,2.35,1.85,4.25
2016-01-07,4.33,7.27,2.13,5.38,2.88
2016-01-08,0.25,3.77,-3.31,1.16,4.82
2016-01-09,-1.38,3.8,-4.23,0.0,9.88
2016-01-10,1.48,10.0,-3.74,0.93,9.12
2016-01-11,3.91,10.36,0.51,2.4,6.43
2016-01-12,5.25,13.66,0.06,0.01,10.27
2016-01-13,6.41,12.24,1.9,11.9,2.04
2016-01-14,0.77,3.99,-4.09,3.44,4.98
2016-01-15,-0.99,4.53,-4.31,0.0,9.9
2016-01-16,2.96,10.43,-2.11,0.01,9.25
2016-01-17,3.76,9.32,0.81,0.05,4.51
2016-01-18,2.56,6.54,-2.55,10.87,4.63
2016-01-19,-4.04,-1.52,-6.86,1.06,4.5
2016-01-20,-3.77,0.71,-7.69,0.56,8.66
2016-01-21,0.31,4.71,-2.76,9.18,2.21
2016-01-22,-2.34,1.88,-7.75,1.12,4.65
2016-01-23,-5.59,-2.61,-8.17,0.17,5.23
2016-01-24,-8.49,-4.9,-12.16,0.05,9.63
2016-01-25,-8.83,-4.77,-12.02,0.0,11.99
2016-01-26,-8.78,-4.72,-12.76,0.0,8.16
2016-01-27,-6.78,-1.0,-11.08,0.01,12.28
2016-01-28,-2.71,1.47,-7.58,0.13,4.87
2016-01-29,0.73,5.88,-1.93,0.06,9.47
2016-01-30,1.35,7.36,-1.41,0.0,8.25
2016-01-31,1.78,8.18,-1.8,0.01,8.06
2016-02-01,1.55,7.06,-0.9,0.04,5.5
2016-02-02,2.94,7.29,-2.12,0.14,13.03
2016-02-03,3.76,13.9,-2.43,0.0,13.11
2016-02-04,4.22,14.34,-1.4,0.0,12.38
2016-02-05,4.93,12.62,-0.65,4.42,8.8
2016-02-06,0.44,5.43,-3.54,2.59,4.2
2016-02-07,-2.19,3.09,-5.2,0.03,12.59
2016-02-08,-1.89,3.9,-5.31,0.0,14.4
2016-02-09,0.04,7.05,-3.9,0.0,14.38
2016-02-10,1.82,9.65,-2.83,0.0,13.8
2016-02-11,3.7,9.76,0.3,2.82,3.91
2016-02-12,6.14,13.61,2.36,0.07,7.99
2016-02-13,5.57,10.48,2.74,3.4,3.32
2016-02-14,7.52,15.05,2.4,1.45,8.2
2016-02-15,8.92,18.13,2.87,0.14,10.95
2016-02-16,10.97,19.8,3.66,0.0,13.45
2016-02-17,11.6,16.7,6.72,0.0,11.66
2016-02-18,11.46,20.07,5.15,0.0,13.48
2016-02-19,10.05,17.4,4.6,0.01,11.53
2016-02-20,6.39,11.06,2.95,0.01,7.8
2016-02-21,3.78,7.15,-1.35,0.42,6.58
2016-02-22,0.87,8.12,-4.38,0.02,16.97
2016-02-23,2.83,10.99,-3.23,0.0,16.7
2016-02-24,7.72,18.0,-1.68,1.15,12.48
2016-02-25,7.0,12.89,2.6,2.6,7.67
2016-02-26,8.88,17.59,1.02,0.05,15.72
2016-02-27,9.19,15.48,4.71,1.16,12.72
2016-02-28,8.31,16.5,1.86,0.0,15.94
2016-02-29,9.38,19.19,1.84,0.0,16.04
2016-03-01,11.87,23.99,4.25,0.0,17.92
2016-03-02,10.91,21.54,3.03,0.71,13.96
2016-03-03,7.9,12.71,1.93,7.72,6.24
2016-03-04,6.38,12.81,1.43,2.23,8.81
2016-03-05,3.52,7.03,-1.08,10.71,6.95
2016-03-06,4.27,12.22,-1.47,0.01,19.0
2016-03-07,6.8,16.28,-1.12,0.0,18.89
2016-03-08,8.62,18.55,0.11,0.0,19.33
2016-03-09,9.44,18.81,1.44,0.0,18.49
2016-03-10,8.12,13.99,3.78,0.16,10.5
2016-03-11,6.83,13.11,2.07,0.01,15.61
2016-03-12,8.51,16.19,2.63,0.0,19.27
2016-03-13,10.04,18.86,1.7,0.01,18.09
2016-03-14,5.1,7.51,1.12,15.96,3.58
2016-03-15,2.82,8.3,-0.93,0.04,9.62
2016-03-16,1.7,6.08,-1.62,0.1,9.84
2016-03-17,2.14,8.15,-2.65,0.0,12.84
2016-03-18,3.46,11.87,-4.22,0.0,21.92
2016-03-19,2.1,4.38,-0.22,8.16,5.94
2016-03-20,3.72,8.35,-0.15,0.29,12.55
2016-03-21,3.92,10.53,-3.34,0.0,19.48
2016-03-22,7.3,14.6,-1.23,0.0,16.99
2016-03-23,9.96,18.79,2.04,0.0,14.99
2016-03-24,10.92,19.03,6.55,1.0,10.89
2016-03-25,8.5,14.03,2.93,3.3,12.66
2016-03-26,4.55,8.51,0.14,4.27,7.61
2016-03-27,3.57,9.82,-2.32,1.68,7.9
2016-03-28,2.62,7.53,-2.53,1.52,10.32
2016-03-29,2.92,9.57,-5.07,0.0,23.45
2016-03-30,6.64,13.46,-0.88,0.01,20.06
2016-03-31,9.08,16.59,2.18,0.0,23.69
2016-04-01,11.12,20.41,2.0,0.0,24.1
2016-04-02,11.85,20.18,4.21,0.0,21.51
2016-04-03,10.44,17.5,4.75,0.0,24.31
2016-04-04,11.27,20.5,3.28,0.0,25.11
2016-04-05,12.82,21.65,5.62,0.0,25.04
2016-04-06,14.36,23.05,6.35,0.0,24.07
2016-04-07,15.85,24.23,8.22,0.0,22.15
2016-04-08,15.36,24.78,8.07,0.04,12.69
2016-04-09,15.84,25.39,8.15,0.56,16.01
2016-04-10,13.34,19.18,8.28,1.49,20.12
2016-04-11,11.04,17.78,6.15,1.11,18.17
2016-04-12,9.26,14.0,5.1,1.54,11.94
2016-04-13,11.4,17.68,6.67,0.09,20.76
2016-04-14,13.38,21.05,5.15,0.96,24.63
2016-04-15,15.42,24.59,7.96,0.03,19.81
2016-04-16,14.01,22.29,7.48,0.0,27.17
2016-04-17,15.5,24.21,6.73,0.0,27.39
2016-04-18,16.57,24.82,8.61,0.0,26.98
2016-04-19,18.18,26.34,10.35,0.0,25.59
2016-04-20,18.27,28.39,9.73,0.0,21.84
2016-04-21,10.27,14.98,2.62,0.01,21.51
2016-04-22,9.11,17.93,0.08,0.0,29.08
2016-04-23,13.6,21.42,4.63,0.0,19.42
2016-04-24,15.85,24.34,9.3,0.03,21.46
2016-04-25,13.04,18.71,7.84,1.29,17.15
2016-04-26,12.37,19.8,5.76,6.27,14.56
2016-04-27,9.47,17.4,2.46,0.0,26.93
2016-04-28,12.0,19.73,5.21,0.0,28.4
2016-04-29,13.78,21.65,5.32,0.0,23.38
2016-04-30,13.62,17.72,9.98,0.66,21.29
2016-05-01,15.01,21.25,9.97,0.05,25.1
2016-05-02,15.56,23.72,6.42,0.24,21.3
2016-05-03,16.68,25.24,10.05,5.17,20.68
2016-05-04,11.19,15.93,6.44,3.3,18.02
2016-05-05,9.3,13.63,5.31,2.77,16.78
2016-05-06,9.81,14.51,6.28,5.81,13.0
2016-05-07,11.42,16.93,6.91,0.47,21.88
2016-05-08,13.69,20.72,6.54,0.47,24.99
2016-05-09,15.2,22.81,7.31,0.02,24.76
2016-05-10,12.62,18.3,7.81,3.41,18.43
2016-05-11,14.05,21.7,6.51,0.01,23.32
2016-05-12,16.78,25.9,7.72,0.03,19.23
2016-05-13,18.8,25.04,13.34,1.56,20.53
2016-05-14,17.6,25.61,9.27,0.11,21.9
2016-05-15,19.07,26.84,13.59,3.24,18.43
2016-05-16,17.11,24.38,10.48,0.79,28.53
2016-05-17,17.38,25.43,8.7,0.03,28.34
2016-05-18,13.55,18.85,8.83,6.06,20.51
2016-05-19,13.07,20.36,6.89,0.21,29.34
2016-05-20,15.23,23.1,7.51,0.0,28.95
2016-05-21,17.31,24.66,10.33,0.03,18.98
2016-05-22,16.18,21.91,10.96,9.6,12.99
2016-05-23,13.04,17.78,9.46,3.76,10.94
2016-05-24,14.53,21.29,7.29,0.02,26.73
2016-05-25,15.43,22.7,8.23,1.51,21.11
2016-05-26,12.69,18.72,7.21,3.53,24.4
2016-05-27,13.12,19.82,8.29,0.5,24.27
2016-05-28,12.27,16.54,8.56,0.64,15.28
2016-05-29,14.4,21.38,6.48,0.21,22.28
2016-05-30,18.6,26.6,8.79,0.31,28.44
2016-05-31,20.69,29.36,13.07,1.62,27.41
2016-06-01,20.51,26.53,14.3,0.01,28.39
2016-06-02,22.29,30.52,14.24,0.0,27.97
2016-06-03,22.47,30.62,15.24,0.36,22.19
2016-06-04,19.29,26.33,12.68,0.01,27.44
2016-06-05,18.25,25.48,12.0,0.96,28.78
2016-06-06,18.16,24.99,12.48,3.14,22.35
2016-06-07,16.84,23.82,10.38,1.04,27.62
2016-06-08,14.55,19.06,10.4,1.62,10.08
2016-06-09,14.26,21.02,8.19,0.31,20.43
2016-06-10,16.57,24.34,7.7,0.0,27.89
2016-06-11,18.83,26.77,10.35,0.0,29.47
2016-06-12,20.24,28.45,10.4,0.0,31.55
2016-06-13,22.47,30.97,13.23,0.0,27.73
2016-06-14,19.14,25.31,14.27,1.47,9.38
2016-06-15,19.04,25.24,12.01,0.09,26.52
2016-06-16,20.76,28.13,13.17,0.0,29.1
2016-06-17,20.55,29.14,11.69,0.0,32.2
2016-06-18,20.86,29.42,11.79,0.0,31.42
2016-06-19,22.51,31.61,12.89,0.0,31.13
2016-06-20,23.7,32.4,14.45,0.0,30.83
2016-06-21,23.96,32.16,14.82,0.0,30.78
2016-06-22,24.49,32.94,15.44,0.0,30.37
2016-06-23,25.43,33.5,15.7,0.0,29.3
2016-06-24,25.16,32.61,17.36,0.0,28.22
2016-06-25,24.38,31.97,16.31,0.0,29.75
2016-06-26,26.52,34.81,16.9,0.0,29.96
2016-06-27,27.38,35.5,19.46,0.38,25.02
2016-06-28,24.22,31.71,17.47,0.13,27.23
2016-06-29,21.11,27.96,16.38,4.73,17.9
2016-06-30,20.61,27.22,14.73,0.13,23.41
2016-07-01,22.35,29.95,14.16,0.0,26.96
2016-07-02,23.48,31.24,14.87,0.0,30.4
2016-07-03,25.08,32.2,16.36,0.15,28.91
2016-07-04,24.23,30.06,17.66,0.01,26.44
2016-07-05,23.15,29.51,15.34,0.0,28.18
2016-07-06,23.53,31.11,15.34,0.0,28.83
2016-07-07,24.69,32.41,15.38,0.0,25.08
2016-07-08,22.99,29.8,17.19,0.0,28.37
2016-07-09,21.5,29.35,13.75,0.0,30.8
2016-07-10,22.35,30.87,12.77,0.0,31.22
2016-07-11,21.47,29.8,12.67,0.0,30.81
2016-07-12,22.56,31.38,13.61,0.0,31.1
2016-07-13,25.06,34.48,13.82,0.0,30.85
2016-07-14,27.15,35.86,18.25,0.0,30.79
2016-07-15,27.11,36.24,17.06,0.0,31.02
2016-07-16,28.58,37.61,18.02,0.0,30.34
2016-07-17,28.72,37.53,18.57,0.0,29.66
2016-07-18,28.35,37.43,18.92,0.0,28.7
2016-07-19,25.76,32.84,19.27,0.0,27.38
2016-07-20,24.63,31.34,18.71,0.41,21.37
2016-07-21,23.55,29.02,18.78,0.93,22.8
2016-07-22,24.05,31.72,16.72,0.0,28.56
2016-07-23,24.09,32.74,14.45,0.0,29.94
2016-07-24,23.16,30.65,16.09,0.0,30.18
2016-07-25,23.01,31.07,14.95,0.0,29.9
2016-07-26,24.12,32.16,15.03,0.0,29.58
2016-07-27,25.65,34.01,15.93,0.0,28.04
2016-07-28,25.75,33.57,17.01,0.0,27.74
2016-07-29,25.7,33.67,17.81,0.08,27.14
2016-07-30,27.01,34.43,19.31,0.54,23.46
2016-07-31,25.73,32.6,19.54,0.0,25.56
2016-08-01,25.95,34.03,17.2,0.0,27.69
2016-08-02,27.9,35.76,18.75,0.01,25.24
2016-08-03,27.18,34.11,21.37,0.5,21.27
2016-08-04,27.07,34.12,19.8,0.01,25.55
2016-08-05,26.53,33.4,19.66,0.31,24.68
2016-08-06,26.07,32.92,18.84,0.18,24.24
2016-08-07,26.09,32.88,18.76,0.0,25.29
2016-08-08,25.84,33.22,18.25,0.0,26.83
2016-08-09,26.11,33.42,18.65,0.0,26.9
2016-08-10,27.38,34.75,18.44,0.26,24.94
2016-08-11,27.71,34.19,20.09,0.01,24.79
2016-08-12,28.55,35.8,19.76,0.04,22.46
2016-08-13,27.27,35.14,21.01,4.47,20.07
2016-08-14,21.64,27.04,17.16,2.8,17.62
2016-08-15,20.81,28.43,13.86,0.0,26.61
2016-08-16,20.73,28.34,12.82,0.0,26.78
2016-08-17,22.05,29.57,13.71,0.02,26.75
2016-08-18,23.27,31.1,15.37,0.0,25.96
2016-08-19,24.41,32.52,15.8,0.0,25.93
2016-08-20,26.12,34.79,16.95,0.0,25.59
2016-08-21,25.49,33.37,18.88,0.16,24.33
2016-08-22,24.43,32.38,16.75,0.0,24.42
2016-08-23,26.26,33.78,18.08,0.02,21.49
2016-08-24,27.23,35.05,19.01,2.02,21.96
2016-08-25,25.51,32.75,18.65,0.09,20.87
2016-08-26,24.74,32.13,17.73,0.93,22.69
2016-08-27,23.82,30.62,17.37,3.28,20.06
2016-08-28,23.15,28.99,17.68,1.61,20.38
2016-08-29,23.57,30.54,16.69,1.11,20.67
2016-08-30,23.63,30.89,16.71,0.65,22.89
2016-08-31,22.46,29.09,16.42,0.0,22.97
2016-09-01,20.86,27.73,14.79,0.0,21.45
2016-09-02,20.06,27.07,13.64,0.0,20.68
2016-09-03,19.46,25.61,13.16,0.0,21.18
2016-09-04,18.76,25.84,12.97,0.0,21.96
2016-09-05,20.85,27.63,12.59,0.01,17.42
2016-09-06,22.75,30.29,14.65,0.0,20.39
2016-09-07,24.21,31.61,16.59,0.0,20.23
2016-09-08,21.78,29.67,13.97,0.0,23.22
2016-09-09,22.96,31.45,14.35,0.0,22.38
2016-09-10,23.27,31.61,14.65,0.04,21.92
2016-09-11,25.2,32.97,17.8,0.0,19.35
2016-09-12,24.01,32.07,15.65,0.01,19.66
2016-09-13,22.01,29.38,15.02,3.28,18.47
2016-09-14,20.48,26.33,15.89,0.61,18.31
2016-09-15,18.57,23.22,14.25,3.81,14.83
2016-09-16,17.27,23.22,11.05,0.0,20.26
2016-09-17,17.04,24.33,8.81,0.0,22.62
2016-09-18,19.3,26.83,11.02,0.0,21.64
2016-09-19,22.24,30.35,14.85,0.01,20.69
2016-09-20,20.03,25.09,14.82,8.64,12.54
2016-09-21,16.88,22.0,11.99,0.92,15.64
2016-09-22,15.41,20.08,11.5,8.37,16.0
2016-09-23,11.51,16.36,6.14,3.46,15.41
2016-09-24,9.86,16.39,4.0,0.0,19.91
2016-09-25,10.7,17.65,4.59,0.0,18.21
2016-09-26,11.43,18.26,4.23,0.0,18.6
2016-09-27,13.44,20.51,7.55,0.03,19.28
2016-09-28,12.84,19.77,8.08,0.23,18.93
2016-09-29,11.98,19.64,5.2,0.0,20.11
2016-09-30,13.42,21.55,6.23,0.0,19.68
2016-10-01,13.85,21.94,6.74,0.0,19.67
2016-10-02,16.04,24.73,9.15,0.0,19.14
2016-10-03,17.87,26.49,10.96,0.0,17.37
2016-10-04,18.15,26.1,12.03,0.0,17.59
2016-10-05,17.49,26.62,10.96,0.0,17.48
2016-10-06,15.76,23.72,9.12,0.0,16.0
2016-10-07,16.76,23.83,10.38,0.0,16.28
2016-10-08,16.74,23.92,10.29,0.18,13.23
2016-10-09,15.14,21.04,11.07,0.76,14.11
2016-10-10,15.25,22.43,8.85,0.0,16.08
2016-10-11,16.65,23.69,8.83,0.0,15.95
2016-10-12,19.05,26.68,13.77,0.31,12.22
2016-10-13,16.29,23.72,10.91,0.0,11.98
2016-10-14,12.22,18.86,6.56,0.0,16.89
2016-10-15,9.19,16.53,3.5,0.0,17.19
2016-10-16,12.31,20.06,5.31,0.0,15.79
2016-10-17,12.74,20.85,6.09,0.34,13.63
2016-10-18,7.08,12.74,2.74,0.17,10.39
2016-10-19,8.39,16.28,1.78,0.0,15.14
2016-10-20,10.98,19.04,5.23,0.0,15.59
2016-10-21,11.29,19.7,3.67,0.0,14.89
2016-10-22,13.26,22.0,5.69,0.0,14.25
2016-10-23,13.85,20.82,7.8,0.0,10.88
2016-10-24,12.84,18.68,7.72,0.0,8.99
2016-10-25,10.37,16.73,5.95,0.0,13.5
2016-10-26,8.28,15.9,1.98,0.0,15.24
2016-10-27,10.63,17.9,5.26,0.13,8.54
2016-10-28,11.08,18.36,6.08,0.03,8.73
2016-10-29,10.54,17.94,4.54,0.62,7.2
2016-10-30,8.5,14.83,3.21,0.0,11.92
2016-10-31,4.76,10.41,0.8,0.09,10.83
2016-11-01,1.37,7.3,-3.86,0.07,12.31
2016-11-02,1.56,8.6,-3.52,0.0,14.36
2016-11-03,6.6,16.66,-2.17,0.0,14.22
2016-11-04,8.22,16.26,1.11,0.0,12.68
2016-11-05,8.89,15.85,3.31,0.0,11.06
2016-11-06,10.54,18.52,3.75,0.0,11.26
2016-11-07,10.37,18.04,5.54,0.0,11.29
2016-11-08,12.09,20.99,7.02,0.0,6.04
2016-11-09,14.46,23.8,7.84,0.0,7.23
2016-11-10,11.88,17.48,6.66,0.13,6.97
2016-11-11,9.79,16.73,5.83,0.0,11.03
2016-11-12,9.17,15.35,4.73,0.0,11.22
2016-11-13,9.54,16.46,3.95,0.08,7.08
2016-11-14,7.96,14.16,4.13,0.0,9.49
2016-11-15,4.32,8.85,-0.38,0.03,5.5
2016-11-16,1.42,4.89,-3.32,0.58,6.02
2016-11-17,-0.7,6.15,-5.01,0.0,9.07
2016-11-18,0.17,7.7,-4.67,0.0,12.12
2016-11-19,2.32,12.81,-3.99,0.0,12.1
2016-11-20,4.68,14.7,-3.07,0.0,11.71
2016-11-21,5.97,16.15,-1.14,0.0,11.28
2016-11-22,4.72,15.28,-2.47,0.0,11.21
2016-11-23,4.28,14.35,-1.74,0.0,11.42
2016-11-24,2.63,13.44,-4.17,0.0,11.4
2016-11-25,4.53,13.52,-0.8,0.0,11.14
2016-11-26,4.27,12.33,-1.74,0.0,10.4
2016-11-27,4.84,14.23,-0.74,0.0,10.51
2016-11-28,6.64,14.35,1.27,0.05,7.66
2016-11-29,6.44,12.43,2.57,9.06,2.31
2016-11-30,1.2,4.55,-4.63,13.57,3.64
2016-12-01,-2.63,2.28,-6.05,0.21,4.28
2016-12-02,-2.33,1.54,-5.81,0.09,8.91
2016-12-03,0.53,5.16,-2.19,0.63,4.94
2016-12-04,0.69,5.31,-2.17,0.02,5.51
2016-12-05,-1.38,5.17,-6.48,0.31,9.5
2016-12-06,-2.85,4.0,-6.59,0.0,10.71
2016-12-07,-1.2,4.74,-4.47,0.0,9.52
2016-12-08,-2.5,1.39,-5.13,0.0,10.3
2016-12-09,-1.17,5.08,-5.69,0.0,10.22
2016-12-10,0.71,8.04,-2.73,0.0,9.75
2016-12-11,1.52,8.45,-2.11,0.0,9.82
2016-12-12,2.28,8.82,-1.35,0.06,7.52
2016-12-13,0.69,3.65,-3.58,6.5,3.18
2016-12-14,-5.07,-1.73,-7.97,0.96,7.81
2016-12-15,-5.21,-1.32,-8.56,0.08,8.24
2016-12-16,-3.98,-0.65,-6.33,0.54,4.69
2016-12-17,-5.23,-0.54,-8.68,0.01,6.55
2016-12-18,-7.5,-1.48,-11.39,0.0,8.18
2016-12-19,-7.47,-1.35,-12.34,0.0,8.74
2016-12-20,-6.04,0.52,-11.55,0.16,6.34
2016-12-21,-4.17,-1.12,-6.8,1.49,4.92
2016-12-22,-3.02,-0.28,-6.39,2.57,3.67
2016-12-23,-2.51,1.91,-4.62,3.44,2.31
2016-12-24,-1.59,2.98,-5.02,0.03,3.4
2016-12-25,-1.12,2.64,-4.24,0.05,3.85
2016-12-26,-1.89,0.13,-3.17,3.91,3.04
2016-12-27,-1.53,2.41,-5.25,0.74,3.54
2016-12-28,-3.8,-0.58,-7.68,2.9,4.29
2016-12-29,-0.37,2.37,-3.14,14.81,3.86
2016-12-30,-4.49,-1.36,-7.96,9.91,1.69
2016-12-31,-7.4,-2.95,-11.08,2.3,2.27
2017-01-01,-10.1,-3.16,-14.06,0.56,7.53
2017-01-02,-10.59,-4.27,-14.72,1.97,5.69
2017-01-03,-10.74,-3.63,-15.03,1.92,5.76
2017-01-04,-7.71,-1.61,-14.4,0.01,7.15
2017-01-05,-0.2,0.85,-3.41,1.93,4.35
2017-01-06,0.74,2.26,-0.56,0.1,10.06
2017-01-07,-1.29,2.09,-5.78,3.13,7.67
2017-01-08,-5.43,-2.26,-9.07,4.16,2.65
2017-01-09,-7.85,-3.33,-12.85,0.67,9.34
2017-01-10,-4.69,1.46,-13.37,2.52,6.3
2017-01-11,-2.37,2.17,-5.69,0.95,10.93
2017-01-12,-2.18,3.69,-6.29,0.79,6.86
2017-01-13,-5.38,0.38,-8.7,0.03,11.28
2017-01-14,-3.36,3.39,-9.12,0.0,11.29
2017-01-15,-0.44,5.76,-4.71,0.26,8.63
2017-01-16,1.59,5.89,-0.52,0.46,7.82
2017-01-17,1.87,6.66,-0.05,2.08,7.72
2017-01-18,1.61,5.14,-0.2,4.16,8.61
2017-01-19,0.67,5.58,-2.15,0.02,7.09
2017-01-20,0.11,4.95,-2.81,1.48,6.78
2017-01-21,-1.89,2.98,-3.89,0.01,8.65
2017-01-22,-2.66,1.52,-5.3,0.0,8.9
2017-01-23,-3.37,2.07,-6.81,0.06,8.73
2017-01-24,-2.16,3.74,-6.41,0.77,8.53
2017-01-25,-0.42,3.5,-3.02,0.86,6.76
2017-01-26,-2.21,-0.63,-5.28,0.67,6.88
2017-01-27,-6.29,-3.5,-9.47,0.09,11.5
2017-01-28,-7.22,-3.39,-10.05,0.03,10.42
2017-01-29,-5.09,-0.34,-8.55,0.0,12.65
2017-01-30,-5.87,-0.19,-11.35,0.03,12.37
2017-01-31,-8.23,-3.37,-13.13,0.14,13.91
2017-02-01,-7.89,-1.67,-13.53,0.0,13.48
2017-02-02,-6.21,1.89,-11.94,0.0,13.73
2017-02-03,-1.16,7.43,-8.86,0.0,10.83
2017-02-04,1.82,7.68,-1.33,0.03,6.33
2017-02-05,1.95,7.5,-1.4,2.17,5.49
2017-02-06,3.4,10.35,-0.1,0.33,9.7
2017-02-07,3.72,12.71,-0.76,0.0,8.8
2017-02-08,2.57,9.22,-0.26,0.0,8.66
2017-02-09,4.6,11.0,0.03,0.0,9.58
2017-02-10,2.98,9.78,-2.14,0.01,7.19
2017-02-11,0.65,7.03,-3.55,0.0,6.37
2017-02-12,-2.5,2.53,-5.54,0.01,9.54
2017-02-13,-3.78,0.56,-6.32,0.0,11.48
2017-02-14,-4.19,-0.06,-7.4,0.0,12.19
2017-02-15,-4.62,-0.38,-8.83,0.31,10.96
2017-02-16,-3.07,1.98,-6.48,0.09,11.57
2017-02-17,-4.04,1.87,-9.22,0.0,16.15
2017-02-18,0.13,9.66,-7.28,0.0,15.64
2017-02-19,1.56,8.92,-2.22,0.0,12.88
2017-02-20,2.66,10.8,-2.15,0.02,12.99
2017-02-21,3.47,9.45,-0.3,0.74,9.81
2017-02-22,2.48,8.06,-1.38,0.13,8.76
2017-02-23,3.75,12.18,-1.92,0.0,16.34
2017-02-24,4.78,14.25,-1.87,0.0,16.93
2017-02-25,5.04,15.03,-0.88,0.0,16.47
2017-02-26,5.82,11.82,0.92,0.34,8.2
2017-02-27,6.67,14.04,1.25,0.0,12.16
2017-02-28,7.68,16.66,1.64,0.0,13.09
2017-03-01,9.02,16.95,2.03,0.06,14.72
2017-03-02,6.62,11.85,2.56,5.96,9.28
2017-03-03,5.83,11.44,2.16,1.43,13.06
2017-03-04,4.74,11.73,-1.65,0.09,17.36
2017-03-05,2.33,10.59,-4.05,0.0,19.73
2017-03-06,6.33,16.54,-2.28,0.0,18.61
2017-03-07,7.05,15.8,0.61,0.0,17.37
2017-03-08,6.94,14.77,0.03,0.02,14.75
2017-03-09,9.56,17.37,3.22,2.64,8.37
2017-03-10,6.9,10.93,3.54,8.57,6.69
2017-03-11,6.07,11.78,2.1,1.69,12.07
2017-03-12,5.1,8.84,1.9,14.75,5.12
2017-03-13,4.88,9.71,1.05,2.41,9.43
2017-03-14,2.23,5.51,-1.28,3.01,6.52
2017-03-15,1.37,6.95,-2.6,0.39,7.79
2017-03-16,1.87,7.42,-3.43,0.23,12.74
2017-03-17,0.59,5.48,-2.9,1.87,8.99
2017-03-18,0.44,7.14,-4.09,0.01,19.92
2017-03-19,3.83,12.77,-3.95,0.5,13.94
2017-03-20,5.96,11.14,2.28,0.24,18.67
2017-03-21,7.91,13.55,2.6,0.01,14.5
2017-03-22,7.5,15.48,0.04,0.0,22.51
2017-03-23,4.82,14.31,-3.8,0.0,22.1
2017-03-24,6.33,15.65,-3.53,0.0,23.01
2017-03-25,10.33,18.6,2.04,0.0,22.53
2017-03-26,10.6,18.68,1.75,0.14,21.1
2017-03-27,8.2,14.24,1.4,1.11,12.03
2017-03-28,5.08,12.64,-1.35,0.0,23.09
2017-03-29,7.7,15.88,-0.31,0.0,24.07
2017-03-30,8.9,17.15,1.56,1.04,18.15
2017-03-31,7.48,12.91,3.11,5.95,12.48
2017-04-01,6.9,13.2,2.43,1.3,21.6
2017-04-02,7.8,16.16,-1.24,0.0,24.59
2017-04-03,9.35,18.6,0.74,0.0,25.28
2017-04-04,10.86,19.49,1.51,0.0,22.79
2017-04-05,13.27,20.63,6.01,0.03,15.87
2017-04-06,12.42,19.81,5.76,0.75,16.9
2017-04-07,9.2,15.39,3.44,1.35,17.77
2017-04-08,5.28,9.3,-0.83,2.49,11.6
2017-04-09,3.05,8.45,-1.36,0.06,16.1
2017-04-10,3.89,10.63,-2.61,0.0,19.16
2017-04-11,6.19,14.52,-2.25,0.0,26.38
2017-04-12,8.43,17.23,2.99,0.43,11.39
2017-04-13,8.95,15.31,3.91,5.39,9.8
2017-04-14,9.46,17.09,3.97,0.85,22.91
2017-04-15,10.5,17.69,2.0,0.01,21.72
2017-04-16,12.29,19.69,4.58,0.46,19.98
2017-04-17,10.9,18.34,3.5,0.05,20.15
2017-04-18,9.75,16.3,3.07,0.27,11.93
2017-04-19,10.18,18.65,0.73,0.0,25.59
2017-04-20,12.15,20.95,3.74,1.33,20.82
2017-04-21,9.2,15.35,3.97,3.26,8.3
2017-04-22,8.02,13.65,2.46,0.53,12.43
2017-04-23,4.22,8.53,-0.01,2.38,10.54
2017-04-24,5.4,12.64,-1.99,0.0,16.3
2017-04-25,6.26,15.19,-2.72,0.0,26.93
2017-04-26,10.22,19.39,-0.3,0.0,28.87
2017-04-27,14.08,21.41,5.06,0.0,28.74
2017-04-28,16.05,23.3,8.21,0.0,28.64
2017-04-29,16.51,24.83,8.37,0.0,27.88
2017-04-30,17.68,25.86,8.86,0.38,22.77
2017-05-01,14.97,21.73,10.13,1.66,16.11
2017-05-02,14.68,20.83,8.98,1.65,20.51
2017-05-03,16.29,22.59,10.81,0.13,24.82
2017-05-04,16.22,23.23,9.99,0.04,25.36
2017-05-05,16.56,23.3,10.11,0.16,22.62
2017-05-06,15.26,22.03,8.48,6.59,19.74
2017-05-07,12.65,18.68,6.27,0.6,19.8
2017-05-08,15.69,23.74,10.68,0.5,21.36
2017-05-09,15.47,22.02,8.63,0.01,12.77
2017-05-10,15.69,22.75,9.62,0.03,27.2
2017-05-11,14.41,22.05,6.13,0.0,29.31
2017-05-12,17.03,24.75,8.76,0.0,28.38
2017-05-13,20.59,30.57,11.97,0.0,25.59
2017-05-14,20.58,29.57,12.45,0.0,27.62
2017-05-15,15.0,21.9,8.75,0.0,25.13
2017-05-16,14.14,22.13,5.76,0.0,25.26
2017-05-17,14.29,20.3,10.03,0.7,14.7
2017-05-18,15.68,21.1,10.05,1.67,19.6
2017-05-19,11.79,14.39,9.32,6.9,9.07
2017-05-20,11.28,17.14,6.52,0.17,24.5
2017-05-21,11.81,19.79,3.56,1.61,16.52
2017-05-22,10.09,15.54,4.48,2.79,19.3
2017-05-23,11.59,18.44,3.38,0.05,20.08
2017-05-24,13.97,21.12,5.61,0.0,28.74
2017-05-25,15.97,24.03,7.08,1.24,27.96
2017-05-26,13.05,16.02,10.03,9.95,13.74
2017-05-27,13.14,16.91,9.43,11.38,17.05
2017-05-28,13.66,18.63,9.59,2.36,17.95
2017-05-29,16.04,22.99,8.78,0.45,24.92
2017-05-30,14.5,20.1,7.81,1.49,21.88
2017-05-31,13.63,18.83,8.9,1.96,19.09
2017-06-01,15.15,21.72,6.94,2.41,23.53
2017-06-02,17.92,24.45,10.11,0.43,22.12
2017-06-03,20.34,26.21,13.18,0.03,27.73
2017-06-04,20.36,25.7,14.99,2.82,16.8
2017-06-05,18.84,24.7,12.85,6.03,20.74
2017-06-06,18.19,24.39,11.69,0.3,24.71
2017-06-07,21.08,28.06,12.86,0.0,30.31
2017-06-08,22.71,29.81,15.23,0.67,24.79
2017-06-09,20.48,27.52,14.21,4.38,24.53
2017-06-10,17.23,23.48,11.82,0.23,25.09
2017-06-11,18.18,24.79,11.44,0.35,23.87
2017-06-12,19.7,26.46,12.26,0.15,26.71
2017-06-13,21.37,28.68,12.82,0.19,27.54
2017-06-14,20.15,26.64,14.86,0.52,27.27
2017-06-15,19.01,24.74,12.68,0.01,20.72
2017-06-16,18.25,25.33,11.21,0.0,29.45
2017-06-17,20.31,28.54,11.34,0.38,29.42
2017-06-18,19.0,27.11,12.27,2.13,15.09
2017-06-19,15.23,20.06,10.26,12.78,16.5
2017-06-20,15.15,21.86,10.1,1.57,16.01
2017-06-21,16.15,22.71,8.89,1.76,15.54
2017-06-22,18.66,25.73,10.11,0.04,28.36
2017-06-23,20.62,27.96,12.54,0.0,29.83
2017-06-24,22.01,29.82,13.77,0.0,30.82
2017-06-25,22.12,29.77,13.73,0.0,31.34
2017-06-26,23.65,31.34,13.78,0.0,30.36
2017-06-27,25.39,33.05,17.69,0.0,28.03
2017-06-28,25.0,33.09,17.0,0.0,29.48
2017-06-29,24.22,32.23,15.99,0.0,31.17
2017-06-30,25.7,34.84,16.07,0.0,30.49
2017-07-01,25.35,34.08,16.99,0.0,31.48
2017-07-02,27.2,35.79,15.78,0.0,32.23
2017-07-03,29.29,38.07,20.77,0.0,30.89
2017-07-04,24.66,31.22,18.36,0.0,28.13
2017-07-05,23.02,30.36,15.18,0.01,26.03
2017-07-06,22.4,29.9,14.99,0.01,30.39
2017-07-07,21.14,28.7,13.26,0.0,30.22
2017-07-08,20.82,27.97,13.84,0.0,30.39
2017-07-09,22.91,31.33,12.78,0.0,30.74
2017-07-10,24.07,32.47,14.41,0.0,30.44
2017-07-11,25.22,33.71,15.06,0.0,30.23
2017-07-12,26.71,35.06,18.68,0.0,30.78
2017-07-13,26.14,35.05,15.74,0.0,31.23
2017-07-14,25.98,34.15,16.36,0.0,29.72
2017-07-15,26.26,34.46,17.51,1.6,27.51
2017-07-16,27.07,34.03,19.28,1.37,25.09
2017-07-17,27.82,36.07,19.78,0.0,27.43
2017-07-18,25.49,33.62,17.1,0.05,27.81
2017-07-19,24.83,31.46,17.35,0.0,23.93
2017-07-20,24.91,31.4,17.6,0.0,25.4
2017-07-21,26.25,33.64,17.85,0.03,25.88
2017-07-22,26.15,33.06,18.55,0.16,25.09
2017-07-23,25.5,33.07,17.67,0.0,29.44
2017-07-24,24.76,32.06,17.28,0.0,27.9
2017-07-25,26.47,34.29,17.09,0.0,28.59
2017-07-26,28.7,36.55,19.33,0.0,28.68
2017-07-27,28.64,37.58,20.97,0.0,28.25
2017-07-28,22.86,29.11,17.39,0.41,24.93
2017-07-29,22.08,29.69,13.99,0.0,28.15
2017-07-30,23.56,31.51,15.46,0.0,28.84
2017-07-31,23.76,32.29,14.73,0.0,29.41
2017-08-01,24.52,34.3,14.58,0.0,27.92
2017-08-02,26.38,35.11,16.94,0.01,27.13
2017-08-03,27.22,34.35,19.82,0.75,25.69
2017-08-04,23.69,28.3,19.74,4.49,15.44
2017-08-05,23.4,29.09,17.17,0.24,18.7
2017-08-06,24.82,31.25,18.73,0.72,23.61
2017-08-07,26.76,33.49,19.67,0.01,23.14
2017-08-08,28.32,36.8,19.49,0.0,24.66
2017-08-09,28.93,37.81,19.97,0.0,27.13
2017-08-10,27.32,35.61,19.59,0.0,27.01
2017-08-11,26.57,34.44,18.76,0.0,25.93
2017-08-12,26.74,33.97,20.14,0.0,25.06
2017-08-13,27.59,36.19,18.75,0.0,25.94
2017-08-14,26.04,34.27,17.64,0.0,25.58
2017-08-15,24.91,32.52,18.02,0.0,24.71
2017-08-16,25.24,32.15,19.17,0.08,21.91
2017-08-17,26.22,33.11,19.51,0.59,21.76
2017-08-18,25.92,32.48,18.69,0.02,22.81
2017-08-19,25.69,32.58,18.92,0.0,23.68
2017-08-20,26.42,33.77,19.54,0.0,24.31
2017-08-21,24.54,30.55,19.03,2.2,20.34
2017-08-22,21.75,27.73,16.45,5.04,22.92
2017-08-23,20.38,27.42,14.52,0.02,22.86
2017-08-24,21.22,28.88,13.97,0.0,24.14
2017-08-25,20.67,28.15,13.83,0.0,25.7
2017-08-26,19.83,28.13,12.44,0.0,26.24
2017-08-27,20.32,28.66,12.35,0.0,25.55
2017-08-28,22.06,29.37,14.31,0.0,24.6
2017-08-29,23.36,29.6,16.58,0.0,22.2
2017-08-30,22.66,29.35,16.75,0.38,20.79
2017-08-31,20.2,26.67,14.73,1.03,23.0
2017-09-01,20.13,28.3,12.19,0.0,25.22
2017-09-02,21.73,30.05,12.2,0.0,25.44
2017-09-03,24.05,32.29,16.95,0.0,24.99
2017-09-04,25.4,34.63,16.54,0.0,24.04
2017-09-05,22.84,31.46,14.83,0.0,23.02
2017-09-06,16.95,22.11,11.15,2.52,16.81
2017-09-07,15.91,23.8,7.6,0.0,24.49
2017-09-08,20.14,29.07,11.72,0.0,22.38
2017-09-09,23.41,31.53,14.14,0.0,23.44
2017-09-10,24.76,33.25,15.47,0.0,21.66
2017-09-11,25.53,34.02,19.14,0.0,21.86
2017-09-12,25.89,35.17,17.75,0.0,22.05
2017-09-13,24.77,33.79,17.31,0.0,22.32
2017-09-14,23.79,33.64,14.34,0.0,22.02
2017-09-15,24.32,34.25,14.6,0.0,21.3
2017-09-16,26.26,35.31,17.29,0.0,19.55
2017-09-17,26.99,36.37,18.33,0.0,18.48
2017-09-18,27.67,36.76,18.99,0.0,17.44
2017-09-19,27.06,34.82,19.76,0.0,17.53
2017-09-20,25.68,33.69,18.0,0.0,20.08
2017-09-21,25.67,34.57,18.79,0.0,18.75
2017-09-22,18.28,23.9,13.83,0.0,20.94
2017-09-23,16.29,23.2,9.67,0.0,19.65
2017-09-24,17.26,25.73,8.7,0.0,20.08
2017-09-25,18.98,27.21,11.63,0.0,18.11
2017-09-26,21.28,28.26,15.34,1.15,13.72
2017-09-27,18.86,25.29,13.54,0.05,17.75
2017-09-28,18.29,24.91,12.2,0.0,14.37
2017-09-29,17.0,23.96,10.47,0.14,14.58
2017-09-30,17.69,24.25,11.57,0.42,13.98
2017-10-01,15.31,19.42,11.44,6.98,11.9
2017-10-02,12.87,17.84,9.35,5.39,8.96
2017-10-03,11.6,17.28,6.69,0.21,18.59
2017-10-04,10.33,18.1,3.32,0.0,19.87
2017-10-05,11.78,19.3,4.76,0.0,19.71
2017-10-06,12.98,21.93,5.15,0.0,19.05
2017-10-07,14.92,24.08,6.73,0.08,12.68
2017-10-08,15.72,22.57,10.12,3.2,9.57
2017-10-09,10.59,15.9,6.61,0.38,11.4
2017-10-10,9.47,16.8,2.98,0.0,16.09
2017-10-11,10.74,17.74,4.11,0.0,15.98
2017-10-12,11.63,18.74,5.56,0.0,17.62
2017-10-13,12.05,18.83,5.41,0.0,17.79
2017-10-14,11.15,18.67,4.82,0.01,15.75
2017-10-15,9.75,16.46,3.9,0.0,14.61
2017-10-16,11.58,19.32,5.09,0.0,11.3
2017-10-17,10.11,18.27,3.96,0.0,16.88
2017-10-18,12.0,20.77,5.21,0.0,16.81
2017-10-19,13.07,21.44,5.69,0.0,16.15
2017-10-20,14.16,22.72,8.5,0.0,15.87
2017-10-21,14.6,23.07,9.02,0.0,15.49
2017-10-22,13.28,21.08,6.57,0.0,15.56
2017-10-23,13.81,22.89,6.38,0.0,13.25
2017-10-24,13.9,22.0,7.73,0.39,12.03
2017-10-25,12.75,17.18,9.76,4.75,5.43
2017-10-26,10.27,16.21,6.23,0.26,12.49
2017-10-27,10.93,17.62,4.61,0.0,12.99
2017-10-28,12.75,19.11,7.4,0.04,10.21
2017-10-29,10.36,13.7,7.55,3.47,4.48
2017-10-30,7.72,13.22,2.76,0.48,5.72
2017-10-31,3.35,9.91,-1.46,0.0,13.54
2017-11-01,1.34,8.2,-4.06,0.0,14.26
2017-11-02,2.65,10.06,-3.94,0.0,14.02
2017-11-03,5.26,14.36,-1.64,0.0,13.61
2017-11-04,7.14,12.89,3.38,0.32,8.83
2017-11-05,5.25,6.67,4.1,15.41,2.61
2017-11-06,5.97,10.73,2.39,2.27,3.82
2017-11-07,6.06,13.13,0.85,0.03,9.99
2017-11-08,6.69,13.49,0.34,0.0,9.59
2017-11-09,6.14,14.54,-0.16,0.0,11.35
2017-11-10,6.83,14.16,2.67,0.0,10.6
2017-11-11,7.6,14.72,1.4,0.0,10.53
2017-11-12,8.62,17.45,1.21,0.0,10.58
2017-11-13,9.81,17.28,4.27,0.0,5.7
2017-11-14,10.52,16.06,5.47,0.32,8.63
2017-11-15,9.94,17.08,5.91,0.0,11.06
2017-11-16,8.75,17.08,2.56,0.0,11.28
2017-11-17,8.27,16.91,1.79,0.0,11.26
2017-11-18,6.62,13.5,2.58,0.0,8.45
2017-11-19,7.55,14.96,2.15,0.03,7.77
2017-11-20,7.84,12.58,4.28,7.54,4.15
2017-11-21,1.17,5.52,-2.24,8.19,4.09
2017-11-22,-0.5,3.87,-3.81,0.05,9.5
2017-11-23,1.9,5.52,-0.21,0.49,3.99
2017-11-24,3.46,8.15,0.78,0.01,5.6
2017-11-25,2.15,8.89,-1.85,0.0,10.25
2017-11-26,3.5,10.25,-0.8,0.0,9.44
2017-11-27,6.25,12.35,1.43,1.66,6.36
2017-11-28,6.7,11.3,2.76,7.76,5.84
2017-11-29,3.39,7.63,-0.69,0.26,7.3
2017-11-30,3.38,11.6,-2.85,0.0,10.52
2017-12-01,4.65,12.53,0.06,0.0,7.98
2017-12-02,5.97,13.64,1.68,0.0,9.15
2017-12-03,7.83,15.73,2.97,0.0,8.8
2017-12-04,9.03,17.48,3.67,0.16,8.06
2017-12-05,3.19,6.56,-3.01,7.72,3.43
2017-12-06,-1.48,2.35,-5.27,0.14,7.46
2017-12-07,-2.26,3.03,-5.54,0.0,5.9
2017-12-08,-0.13,7.34,-4.07,0.0,10.16
2017-12-09,2.14,10.23,-2.59,0.03,8.84
2017-12-10,5.1,11.67,0.93,1.22,8.35
2017-12-11,5.84,12.61,1.63,0.6,9.59
2017-12-12,5.1,11.13,0.26,0.0,9.21
2017-12-13,5.59,12.38,1.47,0.0,9.23
2017-12-14,3.68,9.42,-0.94,0.0,5.78
2017-12-15,3.4,10.84,-0.59,0.0,8.2
2017-12-16,5.7,13.53,0.73,0.04,8.89
2017-12-17,7.2,14.16,4.03,0.71,5.94
2017-12-18,8.0,12.75,4.9,7.78,2.35
2017-12-19,5.8,9.89,3.58,0.14,6.31
2017-12-20,3.73,7.68,1.45,0.15,4.61
2017-12-21,4.63,10.83,0.74,0.47,4.98
2017-12-22,4.8,9.01,2.03,0.78,4.15
2017-12-23,3.58,9.26,-1.4,5.32,3.41
2017-12-24,-1.54,2.94,-5.77,1.13,4.91
2017-12-25,-3.29,2.89,-7.05,0.05,9.79
2017-12-26,-1.2,6.54,-5.26,0.0,7.61
2017-12-27,1.11,9.69,-3.08,0.0,6.29
2017-12-28,2.08,10.14,-2.46,0.0,6.97
2017-12-29,4.88,11.45,0.85,0.05,4.15
2017-12-30,4.02,7.96,1.58,0.9,6.77
2017-12-31,3.13,6.38,-0.49,4.24,5.35
2018-01-01,-0.27,5.47,-3.32,0.06,8.22
2018-01-02,1.55,8.64,-3.08,0.0,9.61
2018-01-03,4.71,11.35,0.06,1.87,6.74
2018-01-04,3.93,7.54,1.84,4.12,5.25
2018-01-05,3.15,8.41,-0.1,0.07,7.49
2018-01-06,1.57,8.01,-2.0,0.22,9.43
2018-01-07,1.07,8.33,-2.6,0.0,9.01
2018-01-08,1.74,8.65,-2.84,0.0,6.6
2018-01-09,0.96,6.57,-3.5,0.0,5.21
2018-01-10,0.23,4.18,-2.93,0.0,3.37
2018-01-11,3.34,9.98,0.14,1.14,5.7
2018-01-12,4.68,9.9,0.92,2.67,5.06
2018-01-13,3.54,8.29,0.59,1.69,6.33
2018-01-14,0.41,2.1,-2.52,11.23,1.79
2018-01-15,-2.44,2.41,-4.78,0.04,5.2
2018-01-16,-0.18,5.37,-4.61,0.83,5.25
2018-01-17,1.72,7.14,-1.22,0.45,6.42
2018-01-18,2.2,9.45,-2.52,9.76,2.59
2018-01-19,-2.6,1.84,-5.55,0.04,9.35
2018-01-20,-0.38,8.87,-6.14,0.03,11.26
2018-01-21,2.53,7.47,-0.9,0.0,7.87
2018-01-22,3.13,8.04,0.28,8.38,3.68
2018-01-23,0.36,4.37,-4.56,6.82,4.47
2018-01-24,-2.47,1.28,-4.83,0.91,4.86
2018-01-25,-4.28,-2.79,-5.54,3.22,8.73
2018-01-26,-3.07,1.11,-5.45,1.42,9.02
2018-01-27,-2.88,1.76,-5.63,0.0,5.45
2018-01-28,-2.32,1.42,-4.77,0.0,5.88
2018-01-29,-2.45,2.27,-5.49,0.0,10.34
2018-01-30,0.28,6.81,-3.67,0.0,12.66
2018-01-31,1.99,8.62,-2.24,0.0,12.62
2018-02-01,2.31,10.24,-1.36,0.0,13.05
2018-02-02,2.47,8.78,-1.17,0.0,10.15
2018-02-03,4.3,10.32,0.04,0.0,6.44
2018-02-04,5.25,9.68,2.18,0.0,5.22
2018-02-05,5.49,12.26,1.32,0.01,6.06
2018-02-06,4.4,11.67,0.92,0.07,10.04
2018-02-07,5.5,13.0,-0.87,1.69,12.07
2018-02-08,8.72,17.74,3.12,0.23,7.71
2018-02-09,5.46,12.19,1.54,0.15,12.05
2018-02-10,6.02,10.53,2.27,1.9,6.29
2018-02-11,7.79,16.17,1.63,0.2,10.47
2018-02-12,4.3,9.43,1.29,0.24,10.0
2018-02-13,2.39,7.04,-1.59,0.32,10.89
2018-02-14,3.64,11.07,-2.38,2.92,11.8
2018-02-15,5.03,9.95,0.98,2.07,9.47
2018-02-16,5.29,11.0,1.36,0.02,11.37
2018-02-17,4.5,12.68,-1.31,0.0,12.46
2018-02-18,2.65,9.23,-2.69,0.0,15.89
2018-02-19,3.33,8.58,-1.45,0.0,13.52
2018-02-20,4.65,9.63,-0.03,1.11,10.7
2018-02-21,5.22,10.33,2.91,1.04,8.33
2018-02-22,6.67,12.73,0.97,0.38,12.88
2018-02-23,6.72,11.12,2.9,0.49,12.9
2018-02-24,6.59,12.89,1.12,0.57,14.17
2018-02-25,2.75,6.88,-2.51,4.25,8.63
2018-02-26,3.59,9.03,-3.01,2.16,10.06
2018-02-27,5.82,11.48,0.51,2.18,12.93
2018-02-28,5.2,11.68,-0.57,5.52,7.11
2018-03-01,-0.25,4.39,-3.78,0.12,13.78
2018-03-02,5.06,13.2,-3.42,0.03,12.92
2018-03-03,7.57,13.02,3.7,1.42,9.96
2018-03-04,7.7,13.62,4.24,5.68,5.94
2018-03-05,7.84,13.77,3.75,0.35,12.64
2018-03-06,9.31,15.62,4.86,7.77,10.9
2018-03-07,10.0,17.3,5.51,1.26,9.57
2018-03-08,8.81,14.72,5.19,2.05,6.33
2018-03-09,6.46,11.47,3.05,0.34,12.69
2018-03-10,7.1,13.91,0.34,0.0,19.15
2018-03-11,7.76,14.16,1.24,0.0,14.9
2018-03-12,9.63,17.29,3.56,0.0,19.31
2018-03-13,8.9,16.54,2.88,2.16,12.2
2018-03-14,7.63,12.77,3.12,0.64,14.39
2018-03-15,6.09,11.63,2.0,2.59,12.5
2018-03-16,5.79,11.76,1.79,0.23,13.31
2018-03-17,9.63,17.15,2.09,0.0,17.21
2018-03-18,11.5,18.72,6.56,0.0,10.77
2018-03-19,10.86,18.49,3.88,0.0,13.03
2018-03-20,10.03,15.72,4.56,0.04,14.14
2018-03-21,8.73,17.37,2.08,0.0,21.02
2018-03-22,10.59,20.79,3.74,0.03,13.26
2018-03-23,14.56,20.92,8.19,0.64,9.09
2018-03-24,8.04,11.21,3.18,1.91,12.7
2018-03-25,7.81,13.43,2.69,0.3,15.17
2018-03-26,10.0,18.13,2.75,0.0,8.13
2018-03-27,10.39,18.41,2.23,0.19,20.72
2018-03-28,12.24,20.88,5.42,0.97,21.15
2018-03-29,6.69,10.8,1.27,17.77,6.75
2018-03-30,6.11,12.71,0.53,0.08,16.0
2018-03-31,8.68,16.61,0.77,0.03,23.26
2018-04-01,12.66,21.97,4.77,0.0,18.65
2018-04-02,7.29,11.69,1.57,0.86,15.92
2018-04-03,6.54,12.53,-0.27,0.0,23.62
2018-04-04,9.42,16.5,2.47,0.0,25.18
2018-04-05,11.9,20.4,5.21,0.0,24.84
2018-04-06,13.43,22.59,5.48,0.0,24.44
2018-04-07,14.22,23.42,5.42,0.0,24.66
2018-04-08,12.23,17.59,7.24,0.23,15.08
2018-04-09,11.5,17.63,6.98,0.76,12.79
2018-04-10,12.38,19.49,6.83,0.11,20.99
2018-04-11,15.16,21.87,7.89,0.0,18.5
2018-04-12,15.1,20.79,9.81,0.44,18.45
2018-04-13,16.16,23.04,10.27,0.01,23.86
2018-04-14,15.69,23.53,8.01,0.0,24.67
2018-04-15,13.16,20.7,6.36,0.0,26.02
2018-04-16,11.71,20.81,3.3,0.0,20.11
2018-04-17,14.17,24.39,4.6,0.0,24.16
2018-04-18,17.31,25.91,7.08,0.0,26.47
2018-04-19,15.75,24.63,7.24,0.0,26.1
2018-04-20,10.15,18.66,4.78,2.03,17.0
2018-04-21,7.65,13.76,2.04,0.15,16.43
2018-04-22,10.05,18.28,0.95,0.0,27.29
2018-04-23,15.8,23.05,8.03,0.0,27.49
2018-04-24,15.62,23.93,6.66,0.0,27.36
2018-04-25,16.87,24.76,10.0,0.0,26.79
2018-04-26,17.43,25.12,9.18,0.0,24.06
2018-04-27,17.84,24.45,11.38,0.0,24.17
2018-04-28,17.35,25.51,10.79,0.0,27.39
2018-04-29,16.51,25.57,7.84,0.0,28.72
2018-04-30,17.46,26.61,8.15,0.0,28.69
2018-05-01,18.83,27.24,9.87,0.14,24.98
2018-05-02,17.83,24.99,10.6,2.09,19.85
2018-05-03,18.68,25.63,11.14,0.12,23.29
2018-05-04,20.82,28.17,14.54,0.0,24.43
2018-05-05,18.28,24.46,11.86,2.45,19.53
2018-05-06,16.01,21.31,12.32,6.06,12.25
2018-05-07,15.86,22.13,10.97,1.96,24.91
2018-05-08,13.64,19.74,8.6,2.71,19.59
2018-05-09,12.97,16.97,9.76,4.95,12.09
2018-05-10,13.94,17.43,9.19,2.82,21.04
2018-05-11,13.64,17.93,9.45,3.07,21.68
2018-05-12,12.0,15.23,8.84,7.51,11.61
2018-05-13,12.95,20.08,5.97,0.34,23.54
2018-05-14,15.43,23.46,8.16,0.32,28.71
2018-05-15,16.95,24.85,7.45,0.0,29.81
2018-05-16,20.13,27.76,12.82,0.03,28.85
2018-05-17,20.46,26.13,14.61,0.23,25.42
2018-05-18,18.57,22.8,12.87,0.33,16.03
2018-05-19,19.43,24.72,14.88,0.64,23.41
2018-05-20,19.38,25.87,13.83,8.51,20.0
2018-05-21,19.34,26.46,11.82,3.47,24.63
2018-05-22,21.16,29.24,13.55,0.22,19.34
2018-05-23,20.49,27.8,12.29,0.08,27.55
2018-05-24,21.61,28.36,13.45,7.35,24.09
2018-05-25,20.84,27.37,13.68,4.27,20.46
2018-05-26,17.68,21.73,13.58,3.25,16.31
2018-05-27,19.12,26.29,11.89,0.86,25.7
2018-05-28,19.22,25.63,13.18,13.57,22.01
2018-05-29,17.8,23.34,13.45,6.73,22.24
2018-05-30,17.33,22.56,11.73,1.56,19.58
2018-05-31,17.11,22.76,11.64,0.29,22.94
2018-06-01,17.02,22.1,11.83,1.11,18.53
2018-06-02,18.28,25.3,9.47,0.0,29.01
2018-06-03,19.15,26.34,10.39,0.0,30.45
2018-06-04,18.45,26.49,9.72,0.02,30.44
2018-06-05,19.46,28.35,10.23,0.82,27.14
2018-06-06,19.39,25.3,13.02,0.66,26.91
2018-06-07,21.04,28.22,13.24,1.23,27.01
2018-06-08,21.7,29.17,13.73,0.03,29.52
2018-06-09,23.24,29.93,15.77,0.0,30.75
2018-06-10,24.43,32.05,16.52,1.03,25.11
2018-06-11,22.04,27.22,16.6,1.78,27.59
2018-06-12,19.63,27.07,12.51,0.04,31.75
2018-06-13,20.92,29.66,10.52,0.0,31.91
2018-06-14,23.45,31.68,14.51,4.07,28.38
2018-06-15,22.37,30.14,15.78,9.41,27.8
2018-06-16,19.9,27.58,14.29,3.86,21.16
2018-06-17,18.8,24.99,12.89,0.83,21.3
2018-06-18,18.77,25.04,12.54,0.87,24.28
2018-06-19,18.78,23.79,12.21,11.77,23.05
2018-06-20,19.05,23.48,13.18,3.97,20.12
2018-06-21,19.16,23.14,15.58,4.34,20.65
2018-06-22,19.88,25.9,13.66,5.15,26.74
2018-06-23,19.84,25.99,13.76,1.81,26.28
2018-06-24,21.14,27.88,13.38,0.5,24.68
2018-06-25,22.07,28.38,14.69,1.16,25.95
2018-06-26,23.06,29.74,14.79,2.79,28.64
2018-06-27,23.77,32.07,15.63,0.45,26.73
2018-06-28,23.57,31.63,16.13,0.0,31.15
2018-06-29,20.99,27.79,14.16,0.0,27.32
2018-06-30,21.18,27.96,14.35,0.0,24.76
2018-07-01,22.02,29.27,13.94,0.0,29.04
2018-07-02,23.73,31.44,14.75,0.0,28.66
2018-07-03,23.69,31.3,16.33,0.0,30.69
2018-07-04,22.7,30.28,15.08,0.0,31.75
2018-07-05,21.75,29.77,13.11,0.0,31.32
2018-07-06,21.55,29.26,13.02,0.0,30.78
2018-07-07,22.96,30.16,13.44,0.0,29.87
2018-07-08,25.69,33.04,17.34,0.01,28.09
2018-07-09,25.1,33.0,16.87,0.14,27.02
2018-07-10,25.41,33.26,16.9,0.01,28.0
2018-07-11,26.53,35.08,17.35,0.04,26.84
2018-07-12,25.46,33.09,17.54,0.3,26.81
2018-07-13,25.09,32.62,17.32,0.0,28.04
2018-07-14,23.86,29.12,18.37,0.52,23.73
2018-07-15,23.39,29.8,17.69,0.01,27.78
2018-07-16,22.26,28.93,15.12,0.0,27.26
2018-07-17,22.36,29.9,13.46,0.0,30.36
2018-07-18,25.74,33.03,18.46,1.53,24.09
2018-07-19,22.64,28.13,16.95,1.64,25.97
2018-07-20,22.73,29.77,15.16,0.01,28.13
2018-07-21,24.23,30.85,15.78,0.0,26.39
2018-07-22,24.9,31.77,17.55,0.0,27.31
2018-07-23,25.54,32.51,16.34,0.04,28.43
2018-07-24,25.81,32.65,19.28,0.86,24.36
2018-07-25,23.84,30.02,17.9,0.14,22.23
2018-07-26,24.52,31.07,18.33,5.33,24.06
2018-07-27,25.07,31.83,18.07,0.09,25.49
2018-07-28,23.75,30.06,17.57,1.41,23.85
2018-07-29,24.53,31.73,16.28,0.0,27.1
2018-07-30,26.79,34.35,17.19,0.23,24.99
2018-07-31,27.09,34.77,19.92,2.22,22.68
2018-08-01,26.25,33.05,19.47,0.49,24.93
2018-08-02,25.01,31.37,18.75,8.18,21.91
2018-08-03,23.61,29.18,18.8,0.0,21.05
2018-08-04,22.99,28.81,17.44,0.06,25.7
2018-08-05,23.85,31.24,16.02,0.04,23.46
2018-08-06,24.7,32.02,16.26,0.04,25.15
2018-08-07,24.68,30.98,17.77,0.2,22.59
2018-08-08,24.0,30.14,17.32,0.04,25.57
2018-08-09,23.9,30.87,16.02,0.0,23.67
2018-08-10,22.79,29.52,16.83,0.0,24.38
2018-08-11,20.56,28.38,13.07,0.0,28.43
2018-08-12,21.12,29.17,12.64,0.0,28.57
2018-08-13,21.67,29.92,13.91,0.0,28.32
2018-08-14,21.33,30.24,12.03,0.0,28.5
2018-08-15,23.91,32.05,13.93,0.0,28.24
2018-08-16,25.93,34.05,16.75,0.0,27.34
2018-08-17,27.31,35.35,19.48,0.0,25.11
2018-08-18,26.31,33.84,17.28,0.03,23.81
2018-08-19,24.73,31.13,18.68,0.0,23.58
2018-08-20,23.36,30.44,16.03,0.0,26.24
2018-08-21,24.97,32.57,16.22,0.0,23.99
2018-08-22,25.04,32.49,17.57,0.0,24.87
2018-08-23,24.09,32.42,16.16,0.0,25.92
2018-08-24,24.88,33.5,15.71,0.0,25.18
2018-08-25,26.88,35.19,18.23,0.0,24.66
2018-08-26,26.87,34.88,18.25,0.0,23.85
2018-08-27,27.17,35.1,18.97,0.01,23.71
2018-08-28,27.26,34.55,18.98,0.0,23.7
2018-08-29,26.64,34.1,18.69,0.77,21.62
2018-08-30,25.57,32.09,18.73,0.16,21.35
2018-08-31,25.76,32.87,18.98,0.0,22.8
2018-09-01,25.63,32.94,17.55,0.0,21.94
2018-09-02,25.66,33.27,18.14,0.0,23.96
2018-09-03,24.84,31.72,16.99,0.0,23.8
2018-09-04,26.39,33.7,18.86,0.0,22.41
2018-09-05,25.91,33.96,18.22,0.04,20.66
2018-09-06,20.9,25.27,16.38,1.38,18.1
2018-09-07,19.11,25.82,12.61,0.0,20.56
2018-09-08,20.03,26.61,13.87,0.0,21.41
2018-09-09,18.74,22.14,15.56,0.04,18.77
2018-09-10,18.97,24.9,12.88,0.08,21.01
2018-09-11,17.44,23.82,11.19,0.06,20.56
2018-09-12,19.29,26.9,11.78,0.16,20.35
2018-09-13,22.03,30.76,15.29,1.27,17.35
2018-09-14,18.14,23.45,13.14,0.02,18.9
2018-09-15,17.65,24.09,12.52,0.01,14.29
2018-09-16,19.0,26.23,10.66,0.0,19.85
2018-09-17,19.06,25.51,12.49,0.0,17.18
2018-09-18,18.29,24.82,12.25,0.0,17.69
2018-09-19,18.11,26.63,10.34,0.0,22.02
2018-09-20,18.04,27.54,8.57,0.0,21.84
2018-09-21,19.64,27.87,10.94,0.0,20.95
2018-09-22,20.63,28.08,13.86,0.0,21.52
2018-09-23,20.55,29.13,11.52,0.0,21.51
2018-09-24,22.91,31.8,15.25,0.0,21.0
2018-09-25,19.58,28.24,12.73,0.01,19.62
2018-09-26,13.5,18.58,9.1,0.0,3.66
2018-09-27,13.2,20.36,7.91,0.0,14.7
2018-09-28,15.9,25.42,6.69,0.0,19.28
2018-09-29,19.82,27.8,13.41,2.11,18.48
2018-09-30,19.21,25.93,12.42,1.95,16.36
2018-10-01,18.79,25.25,14.07,1.1,15.65
2018-10-02,17.31,24.02,12.0,0.13,16.01
2018-10-03,18.55,25.42,12.35,0.0,18.25
2018-10-04,16.55,23.67,10.68,0.0,16.69
2018-10-05,14.12,21.1,9.22,0.0,17.66
2018-10-06,11.82,20.71,5.35,0.0,19.4
2018-10-07,12.35,21.42,3.87,0.0,18.97
2018-10-08,15.8,24.94,7.16,0.0,17.86
2018-10-09,15.83,23.27,9.13,0.14,15.12
2018-10-10,14.84,22.55,8.23,0.01,14.39
2018-10-11,13.74,19.81,8.75,6.99,13.06
2018-10-12,15.39,22.39,9.58,0.78,14.46
2018-10-13,14.72,20.18,10.42,1.21,8.06
2018-10-14,14.77,21.6,8.68,0.26,15.03
2018-10-15,15.98,23.74,8.39,0.0,15.5
2018-10-16,15.83,24.53,9.55,0.03,12.53
2018-10-17,16.24,22.75,10.62,0.11,11.17
2018-10-18,17.22,22.66,12.62,0.31,11.22
2018-10-19,17.25,22.76,12.55,1.03,11.21
2018-10-20,16.26,21.95,11.07,3.11,12.88
2018-10-21,12.62,16.25,9.24,8.07,6.15
2018-10-22,11.72,17.93,5.9,0.01,10.7
2018-10-23,13.75,20.9,8.01,0.02,12.3
2018-10-24,14.22,20.54,9.68,5.67,11.4
2018-10-25,7.07,11.64,2.39,10.15,4.25
2018-10-26,4.51,9.94,0.6,0.06,15.3
2018-10-27,6.41,14.07,0.74,0.0,15.35
2018-10-28,8.6,18.49,1.38,0.0,15.23
2018-10-29,11.18,21.24,2.87,0.0,15.12
2018-10-30,12.97,21.66,4.93,0.0,14.07
2018-10-31,13.17,21.55,6.8,0.0,13.77
2018-11-01,11.79,20.64,5.72,0.0,14.2
2018-11-02,11.87,20.87,4.76,0.0,14.04
2018-11-03,8.78,16.5,3.02,0.0,14.07
2018-11-04,9.76,18.67,3.97,0.0,12.7
2018-11-05,8.35,17.22,3.01,0.0,13.44
2018-11-06,7.71,15.73,1.92,0.0,13.18
2018-11-07,6.58,13.02,1.94,0.0,13.17
2018-11-08,7.59,15.78,1.89,0.0,12.65
2018-11-09,7.3,15.03,1.75,0.0,9.99
2018-11-10,6.88,14.66,0.69,0.0,9.74
2018-11-11,7.34,14.53,1.22,0.0,11.46
2018-11-12,6.08,14.7,-0.07,0.0,11.78
2018-11-13,5.24,12.08,0.69,0.0,8.87
2018-11-14,1.98,8.35,-2.73,0.0,12.19
2018-11-15,1.14,6.56,-3.44,0.74,9.13
2018-11-16,1.28,6.6,-1.69,0.61,6.66
2018-11-17,1.25,5.25,-1.92,0.3,5.79
2018-11-18,5.96,12.82,0.95,0.46,6.85
2018-11-19,8.46,16.25,2.33,0.01,10.18
2018-11-20,9.68,15.6,5.86,0.02,9.13
2018-11-21,9.35,14.63,6.3,0.28,4.46
2018-11-22,7.8,13.42,3.94,0.31,8.92
2018-11-23,5.48,10.54,0.34,1.2,3.89
2018-11-24,1.84,8.27,-1.69,0.0,10.74
2018-11-25,2.63,10.27,-2.48,0.0,7.62
2018-11-26,5.81,14.35,-1.48,0.39,7.67
2018-11-27,8.57,14.59,4.8,0.85,5.65
2018-11-28,9.84,12.24,8.2,4.36,2.72
2018-11-29,6.86,8.89,5.29,9.32,3.95
2018-11-30,5.85,7.99,3.49,4.65,1.41
2018-12-01,3.52,9.09,0.07,0.26,5.27
2018-12-02,3.73,10.63,-0.4,0.01,6.2
2018-12-03,4.85,12.22,-0.35,0.03,6.72
2018-12-04,6.17,12.32,2.67,0.16,3.93
2018-12-05,5.66,11.26,3.23,0.86,6.71
2018-12-06,2.92,6.01,0.7,3.62,2.2
2018-12-07,0.8,5.54,-4.61,0.39,6.14
2018-12-08,-0.98,5.31,-4.96,0.0,9.69
2018-12-09,3.09,10.54,-3.23,1.25,7.83
2018-12-10,6.23,11.51,1.94,7.37,6.0
2018-12-11,3.4,6.4,0.24,7.3,5.98
2018-12-12,-0.01,3.3,-4.2,2.74,5.12
2018-12-13,-2.6,1.98,-5.95,2.07,9.61
2018-12-14,2.55,8.23,-3.0,2.94,2.84
2018-12-15,4.4,9.47,1.94,0.57,6.01
2018-12-16,4.37,7.71,2.9,0.16,5.48
2018-12-17,3.64,9.19,0.19,1.63,4.19
2018-12-18,3.93,9.83,-0.07,10.41,6.53
2018-12-19,3.55,8.05,0.37,1.27,5.24
2018-12-20,1.4,7.23,-2.13,0.85,4.9
2018-12-21,1.39,5.98,-1.62,0.0,4.58
2018-12-22,2.29,8.62,-1.59,0.0,9.06
2018-12-23,1.66,7.18,-3.0,0.03,5.76
2018-12-24,2.19,7.64,-0.15,0.02,7.88
2018-12-25,3.01,7.08,-1.92,17.9,2.06
2018-12-26,-4.78,-1.26,-10.65,3.78,2.94
2018-12-27,-7.68,-1.55,-12.0,0.03,6.07
2018-12-28,-5.81,-0.07,-9.37,0.0,4.12
2018-12-29,-5.46,-0.82,-10.22,0.21,3.37
2018-12-30,-3.15,0.38,-5.26,0.28,5.47
2018-12-31,-4.32,0.06,-7.84,0.06,3.03
2019-01-01,-3.57,1.67,-7.84,0.07,4.48
2019-01-02,0.28,2.76,-1.37,1.71,3.87
2019-01-03,0.89,5.34,-2.9,1.42,6.61
2019-01-04,0.72,4.25,-3.15,2.04,8.49
2019-01-05,-0.82,4.74,-4.18,2.89,3.09
2019-01-06,-2.51,0.43,-6.31,5.84,0.82
2019-01-07,-4.06,-0.74,-6.54,0.88,3.32
2019-01-08,-5.5,-3.74,-7.53,3.05,1.88
2019-01-09,-8.27,-3.0,-11.07,0.02,9.57
2019-01-10,-3.59,3.89,-11.15,0.0,7.25
2019-01-11,0.85,5.97,-2.4,0.01,8.44
2019-01-12,2.0,7.08,-0.24,1.81,7.03
2019-01-13,0.19,3.7,-2.34,2.94,3.85
2019-01-14,0.29,5.51,-3.49,1.12,4.19
2019-01-15,1.69,5.15,-2.48,8.44,1.89
2019-01-16,-4.24,-1.33,-8.1,1.83,5.23
2019-01-17,-3.18,1.49,-6.86,0.1,6.68
2019-01-18,-3.35,2.36,-7.49,0.0,9.14
2019-01-19,-1.06,5.78,-6.17,0.0,8.18
2019-01-20,0.59,6.16,-2.87,0.0,9.65
2019-01-21,0.34,3.06,-0.86,3.87,3.7
2019-01-22,0.46,4.91,-2.35,0.56,5.05
2019-01-23,1.84,9.18,-1.67,0.3,10.08
2019-01-24,2.01,5.26,-1.27,1.93,4.5
2019-01-25,2.89,7.39,-1.15,0.39,6.6
2019-01-26,4.43,9.51,1.18,3.96,2.28
2019-01-27,1.2,4.13,-0.98,1.32,4.86
2019-01-28,2.12,8.75,-2.38,0.02,10.3
2019-01-29,2.6,9.46,-2.43,0.0,10.54
2019-01-30,3.37,9.04,-0.3,0.74,6.1
2019-01-31,3.62,8.98,-0.82,3.11,7.91
2019-02-01,1.45,6.31,-2.96,0.19,7.18
2019-02-02,1.83,8.38,-3.15,0.0,12.95
2019-02-03,3.05,11.27,-2.58,0.0,13.09
2019-02-04,3.97,12.06,-0.69,0.0,13.1
2019-02-05,4.48,12.98,-1.15,0.0,13.82
2019-02-06,6.05,12.63,1.44,5.0,5.21
2019-02-07,4.17,8.2,1.36,7.65,5.86
2019-02-08,3.83,7.68,0.78,7.13,4.78
2019-02-09,2.14,5.03,-0.06,3.6,4.89
2019-02-10,1.82,5.7,-0.71,0.86,6.0
2019-02-11,1.98,9.1,-3.35,0.0,13.58
2019-02-12,3.09,11.43,-3.14,0.0,13.31
2019-02-13,4.09,9.25,-0.1,0.07,7.62
2019-02-14,2.79,6.48,-0.52,0.73,6.81
2019-02-15,1.3,7.05,-2.04,0.62,6.6
2019-02-16,-0.29,5.47,-3.82,0.0,8.98
2019-02-17,0.96,6.97,-4.18,0.0,15.67
2019-02-18,2.07,10.03,-3.02,0.0,15.82
2019-02-19,2.85,9.74,-2.93,0.0,15.14
2019-02-20,4.62,11.58,-1.7,0.0,16.32
2019-02-21,3.36,10.53,-1.94,0.0,15.26
2019-02-22,3.41,9.87,-0.76,0.0,13.76
2019-02-23,3.18,7.4,-0.09,0.33,8.29
2019-02-24,3.92,8.75,0.16,0.67,5.77
2019-02-25,3.85,10.82,-0.61,0.0,10.36
2019-02-26,2.6,8.52,-2.63,1.76,11.37
2019-02-27,-1.0,1.36,-3.38,0.09,8.96
2019-02-28,-2.27,1.73,-4.96,0.03,11.86
2019-03-01,1.4,10.3,-5.0,0.0,18.11
2019-03-02,4.24,11.39,-1.73,0.0,14.28
2019-03-03,3.94,8.92,0.23,0.04,13.96
2019-03-04,4.09,9.12,-0.22,0.59,16.4
2019-03-05,4.77,11.81,-1.17,0.41,17.53
2019-03-06,5.65,11.96,-0.96,1.08,12.5
2019-03-07,5.2,9.93,1.03,0.54,19.41
2019-03-08,3.9,11.33,-1.42,0.0,19.76
2019-03-09,7.09,16.37,-1.54,0.0,17.25
2019-03-10,7.8,15.37,2.56,0.0,18.45
2019-03-11,8.69,17.39,2.13,0.0,18.93
2019-03-12,7.3,13.21,3.18,0.15,8.57
2019-03-13,6.73,12.04,2.76,2.14,12.4
2019-03-14,6.49,13.3,0.08,1.12,17.17
2019-03-15,5.96,10.26,2.1,12.26,9.63
2019-03-16,2.86,7.69,-0.11,3.56,9.19
2019-03-17,4.69,10.18,0.85,0.05,11.2
2019-03-18,7.5,15.43,-0.37,0.0,21.52
2019-03-19,9.68,17.72,2.77,0.0,21.1
2019-03-20,10.46,18.37,4.81,0.0,21.31
2019-03-21,6.69,14.32,0.32,0.0,22.01
2019-03-22,5.32,12.46,-1.39,0.0,21.9
2019-03-23,6.1,13.99,-1.93,0.0,22.34
2019-03-24,-0.36,5.91,-5.9,0.0,19.23
2019-03-25,1.8,10.43,-5.06,0.0,23.66
2019-03-26,5.54,13.74,-0.73,0.0,23.88
2019-03-27,7.41,15.68,1.19,0.0,21.41
2019-03-28,5.35,11.5,-0.03,0.15,17.33
2019-03-29,1.93,5.93,-2.86,2.45,17.33
2019-03-30,1.12,8.5,-4.58,1.25,20.18
2019-03-31,3.04,10.68,-3.09,1.16,12.59
2019-04-01,5.61,12.39,0.18,0.02,15.94
2019-04-02,6.3,12.55,0.34,0.03,19.61
2019-04-03,6.33,11.72,0.57,0.0,17.81
2019-04-04,8.45,15.01,1.34,0.0,20.12
2019-04-05,9.75,15.69,4.93,0.03,19.56
2019-04-06,9.84,17.6,2.8,1.32,19.32
2019-04-07,10.03,15.48,5.71,1.92,14.65
2019-04-08,12.04,18.51,6.37,0.77,19.78
2019-04-09,8.78,13.63,4.6,5.55,10.51
2019-04-10,7.99,13.44,2.84,3.86,16.6
2019-04-11,9.79,15.8,5.45,3.04,11.89
2019-04-12,10.43,17.14,2.77,0.39,18.79
2019-04-13,11.93,19.37,5.04,4.84,15.31
2019-04-14,10.99,17.62,6.27,2.61,16.09
2019-04-15,8.3,11.78,5.32,3.41,15.58
2019-04-16,7.01,10.86,3.08,2.44,13.26
2019-04-17,6.14,11.31,1.76,0.19,18.74
2019-04-18,6.16,11.16,2.49,1.52,20.27
2019-04-19,4.67,10.06,-0.72,0.69,12.7
2019-04-20,1.04,5.71,-3.68,0.09,18.58
2019-04-21,2.79,8.95,-2.52,0.36,16.6
2019-04-22,4.21,11.79,-4.07,0.01,26.51
2019-04-23,7.81,15.3,-1.1,0.0,27.79
2019-04-24,10.99,18.24,3.1,0.03,16.33
2019-04-25,14.12,20.71,7.08,0.18,23.98
2019-04-26,14.59,20.46,9.27,2.7,19.33
2019-04-27,14.21,21.17,7.25,0.11,26.0
2019-04-28,14.66,21.74,7.5,0.68,21.68
2019-04-29,16.2,23.63,9.22,0.01,26.44
2019-04-30,16.35,24.52,9.33,0.02,27.09
2019-05-01,15.17,22.65,6.93,0.01,25.09
2019-05-02,12.79,18.81,5.9,4.48,18.5
2019-05-03,10.21,16.51,3.84,0.11,25.15
2019-05-04,13.61,20.99,6.16,0.0,27.06
2019-05-05,15.0,22.6,8.02,1.03,21.08
2019-05-06,16.6,26.07,8.22,0.01,26.32
2019-05-07,13.98,22.06,6.79,1.65,22.83
2019-05-08,7.36,9.98,4.55,1.84,13.13
2019-05-09,10.43,16.3,3.59,0.03,21.03
2019-05-10,11.66,17.16,6.77,0.99,12.8
2019-05-11,11.31,16.16,6.18,2.45,15.08
2019-05-12,12.45,19.65,5.23,0.07,28.45
2019-05-13,15.51,23.41,7.11,0.0,29.79
2019-05-14,17.93,27.9,7.44,0.06,27.11
2019-05-15,20.68,30.36,10.29,0.0,29.04
2019-05-16,20.68,29.15,13.23,0.01,24.69
2019-05-17,21.24,30.32,12.8,0.36,25.41
2019-05-18,16.44,22.5,12.06,1.56,20.71
2019-05-19,16.58,23.08,9.26,0.82,23.38
2019-05-20,20.75,29.67,10.82,0.01,24.85
2019-05-21,19.2,26.87,13.51,0.01,18.84
2019-05-22,19.34,26.33,13.38,0.29,21.08
2019-05-23,18.89,26.17,13.47,0.19,15.91
2019-05-24,19.56,26.65,13.96,3.72,24.51
2019-05-25,16.97,23.85,11.5,2.48,25.81
2019-05-26,16.8,24.35,9.29,0.0,29.91
2019-05-27,19.23,27.43,9.92,0.0,30.48
2019-05-28,22.16,31.01,12.07,0.01,29.51
2019-05-29,23.92,33.9,14.74,0.09,28.11
2019-05-30,22.21,28.79,14.5,0.0,26.54
2019-05-31,23.36,30.12,15.87,0.44,23.66
2019-06-01,22.78,28.56,18.42,2.2,23.33
2019-06-02,22.24,27.6,16.93,0.02,20.22
2019-06-03,22.29,29.67,14.5,0.01,26.94
2019-06-04,22.08,30.52,14.33,0.0,28.58
2019-06-05,20.88,29.78,12.31,0.0,30.17
2019-06-06,21.0,29.37,11.74,0.0,29.23
2019-06-07,22.11,30.5,12.79,0.04,27.44
2019-06-08,22.28,30.06,13.69,3.72,27.64
2019-06-09,21.78,29.38,14.5,9.89,21.16
2019-06-10,20.95,26.51,14.66,5.01,23.64
2019-06-11,19.76,24.97,15.03,5.08,24.84
2019-06-12,18.45,23.93,12.71,1.48,18.81
2019-06-13,19.5,25.89,14.26,4.19,22.22
2019-06-14,19.83,27.37,11.56,0.36,27.37
2019-06-15,18.73,23.45,13.1,5.39,16.31
2019-06-16,19.46,25.21,12.8,7.08,22.49
2019-06-17,20.48,26.28,13.98,3.46,21.03
2019-06-18,19.57,23.96,14.82,6.45,17.66
2019-06-19,18.99,23.34,15.05,3.8,19.25
2019-06-20,19.78,25.16,14.82,5.44,16.04
2019-06-21,20.7,26.81,14.52,0.39,18.01
2019-06-22,20.01,24.06,15.47,2.41,23.04
2019-06-23,21.69,29.42,13.89,0.0,30.09
2019-06-24,22.06,30.04,13.3,0.0,31.02
2019-06-25,24.57,32.27,15.69,0.01,27.39
2019-06-26,24.61,32.37,16.59,0.16,28.01
2019-06-27,23.94,31.11,16.26,0.09,29.31
2019-06-28,24.21,31.58,17.27,0.34,29.28
2019-06-29,20.28,26.17,13.89,0.0,24.45
2019-06-30,17.46,24.71,10.52,0.0,28.99
2019-07-01,17.24,25.12,9.6,0.0,32.0
2019-07-02,19.49,28.39,9.25,0.0,32.35
2019-07-03,22.16,31.65,12.03,0.0,31.79
2019-07-04,22.94,31.72,13.5,2.48,30.93
2019-07-05,23.26,30.65,14.99,0.18,26.96
2019-07-06,22.94,29.66,15.26,0.06,27.2
2019-07-07,22.81,29.85,14.83,0.0,30.0
2019-07-08,23.79,31.74,15.91,0.0,31.26
2019-07-09,23.63,30.97,15.19,0.0,30.42
2019-07-10,24.1,31.56,16.32,0.0,28.27
2019-07-11,22.78,31.61,15.73,4.25,19.24
2019-07-12,18.4,25.01,12.18,0.0,24.25
2019-07-13,17.51,24.41,10.21,0.0,24.18
2019-07-14,20.54,27.59,12.5,0.76,21.17
2019-07-15,18.72,24.65,13.38,1.26,17.97
2019-07-16,20.73,27.7,11.95,0.37,26.09
2019-07-17,21.65,27.96,16.2,11.74,16.66
2019-07-18,18.92,24.61,14.07,2.44,16.13
2019-07-19,19.97,27.26,12.58,0.32,26.82
2019-07-20,21.04,28.64,13.36,0.0,29.65
2019-07-21,21.31,29.12,13.44,0.0,29.94
2019-07-22,21.24,28.46,13.36,0.0,24.4
2019-07-23,20.63,28.45,12.47,0.0,30.19
2019-07-24,21.43,28.59,13.13,0.0,26.48
2019-07-25,21.8,28.53,14.65,0.0,25.01
2019-07-26,22.52,29.88,14.54,0.0,28.63
2019-07-27,23.69,31.82,14.14,0.0,29.79
2019-07-28,24.58,32.84,15.2,0.0,29.7
2019-07-29,27.01,36.21,17.14,0.0,29.24
2019-07-30,26.82,35.17,18.08,0.0,28.77
2019-07-31,26.18,33.93,17.52,0.0,27.88
2019-08-01,27.51,35.21,18.79,0.0,22.29
2019-08-02,26.81,33.57,20.99,0.0,27.37
2019-08-03,25.46,32.85,18.13,0.0,28.29
2019-08-04,24.97,32.74,18.44,0.03,22.98
2019-08-05,21.8,27.83,16.93,0.16,23.5
2019-08-06,21.13,28.53,14.51,0.0,27.39
2019-08-07,20.61,29.1,12.44,0.0,29.03
2019-08-08,22.03,31.47,11.77,0.0,29.14
2019-08-09,23.75,33.03,13.66,0.0,28.98
2019-08-10,23.44,32.04,14.25,0.0,28.44
2019-08-11,22.74,31.33,14.44,0.0,28.32
2019-08-12,22.72,32.72,12.89,0.0,28.22
2019-08-13,24.06,34.54,13.62,0.0,27.84
2019-08-14,28.48,37.65,17.82,0.04,19.65
2019-08-15,28.39,35.97,21.13,3.03,16.32
2019-08-16,24.31,30.57,18.95,3.35,21.67
2019-08-17,22.77,29.13,16.69,2.13,18.11
2019-08-18,19.43,24.53,15.5,2.91,16.61
2019-08-19,18.13,22.9,13.71,0.0,20.77
2019-08-20,19.96,25.94,14.44,1.63,14.36
2019-08-21,18.86,21.96,15.27,4.38,15.88
2019-08-22,21.03,27.58,15.01,0.19,19.96
2019-08-23,22.04,29.38,14.97,0.09,23.19
2019-08-24,22.87,30.76,15.08,0.0,25.01
2019-08-25,23.44,31.09,15.47,0.0,24.97
2019-08-26,23.23,31.25,15.55,0.0,24.6
2019-08-27,22.22,30.1,14.74,0.0,25.42
2019-08-28,21.62,28.91,14.3,0.0,24.51
2019-08-29,22.23,29.94,14.5,0.0,24.56
2019-08-30,22.25,30.19,14.46,0.0,23.86
2019-08-31,21.88,29.73,13.75,0.0,23.36
2019-09-01,22.65,30.22,13.9,0.0,23.34
2019-09-02,24.57,31.97,16.73,0.0,21.75
2019-09-03,24.35,32.31,15.9,0.0,21.07
2019-09-04,23.8,31.27,15.83,0.21,21.39
2019-09-05,22.55,29.25,15.71,0.12,14.87
2019-09-06,22.69,30.06,15.08,0.01,19.32
2019-09-07,21.03,28.73,14.16,0.0,22.81
2019-09-08,20.0,27.3,12.34,0.0,22.57
2019-09-09,20.12,27.66,12.51,0.0,22.16
2019-09-10,20.64,28.53,12.55,0.0,21.63
2019-09-11,20.93,29.0,12.72,0.0,20.83
2019-09-12,20.28,28.19,12.67,0.0,22.54
2019-09-13,19.68,26.79,12.0,0.01,22.42
2019-09-14,18.62,25.39,12.62,2.78,19.48
2019-09-15,17.1,23.86,11.43,0.01,20.09
2019-09-16,16.6,22.34,11.04,0.0,11.94
2019-09-17,18.6,26.32,11.07,0.0,21.3
2019-09-18,20.7,30.01,11.74,0.0,22.19
2019-09-19,21.28,29.94,13.09,0.0,21.36
2019-09-20,18.39,26.8,11.27,0.01,20.45
2019-09-21,13.98,20.29,7.76,0.0,18.77
2019-09-22,11.82,19.66,4.69,0.0,22.23
2019-09-23,15.45,24.34,8.26,0.0,21.6
2019-09-24,19.43,28.52,9.13,0.0,20.07
2019-09-25,18.18,22.13,14.11,1.35,8.84
2019-09-26,19.01,25.96,11.68,0.0,17.7
2019-09-27,18.97,26.58,12.7,0.0,17.22
2019-09-28,16.24,23.33,10.4,0.0,19.87
2019-09-29,17.71,25.77,9.68,0.0,19.83
2019-09-30,19.38,27.61,12.81,0.0,19.77
2019-10-01,18.76,27.55,10.62,0.0,19.83
2019-10-02,19.14,28.68,10.4,0.0,18.85
2019-10-03,19.68,27.67,11.68,0.0,18.31
2019-10-04,19.0,27.82,10.95,0.0,18.64
2019-10-05,18.17,23.93,12.83,0.39,11.52
2019-10-06,14.46,20.06,9.43,1.26,9.2
2019-10-07,15.23,22.01,7.79,0.0,15.46
2019-10-08,16.77,23.92,11.35,0.1,8.54
2019-10-09,16.83,24.4,10.15,0.0,16.46
2019-10-10,18.03,26.66,11.7,0.0,17.39
2019-10-11,16.99,24.45,11.27,0.0,13.94
2019-10-12,15.93,23.45,10.26,0.0,16.99
2019-10-13,15.02,24.41,7.12,0.0,17.73
2019-10-14,17.03,27.52,7.76,0.0,17.32
2019-10-15,20.29,29.72,11.85,0.33,15.46
2019-10-16,19.26,25.2,14.83,0.39,9.55
2019-10-17,19.15,25.08,13.5,2.47,12.71
2019-10-18,16.62,22.26,12.08,2.8,12.05
2019-10-19,14.68,21.76,8.72,0.14,14.52
2019-10-20,13.2,21.56,5.64,0.01,14.02
2019-10-21,13.84,19.9,7.96,0.11,11.65
2019-10-22,13.04,19.03,8.84,0.02,8.52
2019-10-23,13.43,20.92,8.2,0.0,14.09
2019-10-24,13.55,22.6,7.36,0.0,14.93
2019-10-25,13.73,21.89,7.17,0.0,14.86
2019-10-26,11.62,19.46,4.88,0.0,14.46
2019-10-27,10.82,18.15,5.99,0.0,11.82
2019-10-28,12.04,19.4,5.55,0.02,13.09
2019-10-29,12.21,19.43,5.21,0.01,13.48
2019-10-30,12.15,20.12,6.01,0.0,13.82
2019-10-31,12.71,19.89,6.89,0.0,12.26
2019-11-01,8.28,12.61,2.03,4.56,3.09
2019-11-02,4.58,11.27,1.1,0.13,11.78
2019-11-03,6.88,16.18,-0.45,0.0,13.76
2019-11-04,9.81,18.18,2.92,0.0,11.36
2019-11-05,12.17,19.62,6.09,0.0,9.61
2019-11-06,13.06,20.64,7.89,0.0,13.05
2019-11-07,12.37,22.16,6.35,0.0,12.74
2019-11-08,12.46,21.31,7.14,0.0,12.7
2019-11-09,12.35,20.89,7.68,0.0,12.36
2019-11-10,12.32,20.66,6.05,0.0,12.36
2019-11-11,13.12,21.69,7.3,0.0,11.1
2019-11-12,12.0,21.09,6.54,0.0,11.43
2019-11-13,11.23,19.9,4.18,0.0,11.14
2019-11-14,13.41,22.01,7.16,1.55,10.29
2019-11-15,10.24,13.75,7.57,5.35,5.08
2019-11-16,10.33,18.14,5.78,0.0,9.88
2019-11-17,8.94,17.72,2.04,0.0,10.95
2019-11-18,9.49,17.26,4.05,0.0,9.81
2019-11-19,8.09,15.42,2.83,0.0,9.02
2019-11-20,5.52,13.06,0.54,0.0,10.34
2019-11-21,5.33,13.84,0.02,0.06,9.74
2019-11-22,5.81,13.17,1.28,0.06,10.18
2019-11-23,6.79,14.67,1.83,0.06,9.56
2019-11-24,7.09,11.16,3.67,0.0,7.76
2019-11-25,6.69,11.52,2.17,0.04,8.86
2019-11-26,8.65,15.48,4.1,3.87,3.73
2019-11-27,7.69,11.88,3.83,2.84,5.36
2019-11-28,6.49,13.46,2.28,0.0,7.78
2019-11-29,8.53,14.4,2.5,6.27,1.96
2019-11-30,8.23,13.62,4.62,0.29,7.77
2019-12-01,4.8,7.06,-0.6,4.67,2.89
2019-12-02,0.52,5.82,-2.74,0.02,10.62
2019-12-03,2.35,10.4,-2.72,0.0,10.2
2019-12-04,2.1,7.51,-0.69,7.56,1.36
2019-12-05,-1.34,3.99,-6.48,0.29,6.46
2019-12-06,-3.05,3.11,-6.81,0.0,8.28
2019-12-07,-1.77,4.53,-5.17,0.02,3.55
2019-12-08,0.29,6.13,-3.06,0.11,3.9
2019-12-09,0.16,5.93,-3.64,0.2,4.29
2019-12-10,0.45,7.96,-4.32,0.0,5.54
2019-12-11,2.55,8.17,-1.99,6.4,6.68
2019-12-12,2.73,4.9,1.34,7.09,1.7
2019-12-13,4.23,8.06,1.12,0.53,7.39
2019-12-14,5.31,10.03,3.17,0.05,7.67
2019-12-15,5.13,11.17,1.84,0.0,8.57
2019-12-16,3.74,8.39,0.96,0.0,6.21
2019-12-17,2.29,10.19,-1.76,0.06,6.79
2019-12-18,3.39,12.46,-1.5,0.06,6.73
2019-12-19,4.16,12.73,-0.05,0.11,7.68
2019-12-20,3.47,12.53,-1.55,0.06,7.15
2019-12-21,5.51,14.07,0.38,0.06,8.57
2019-12-22,4.96,11.54,0.52,0.1,5.33
2019-12-23,7.24,11.06,5.16,3.93,2.4
2019-12-24,4.75,7.68,1.12,13.16,3.51
2019-12-25,2.54,5.78,-0.44,8.42,2.28
2019-12-26,0.97,4.5,-1.97,3.44,3.63
2019-12-27,0.81,4.51,-1.42,0.8,6.22
2019-12-28,-0.06,3.83,-1.9,0.38,4.99
2019-12-29,0.08,4.55,-2.11,1.03,2.42
2019-12-30,0.29,2.69,-2.44,7.19,1.41
2019-12-31,1.22,4.8,-1.02,0.82,3.51
2020-01-01,-0.69,3.59,-2.8,0.3,4.68
2020-01-02,-0.89,3.2,-4.07,0.15,8.05
2020-01-03,-1.76,4.6,-4.9,0.0,9.28
2020-01-04,-2.46,1.96,-5.1,0.01,5.34
2020-01-05,-1.97,2.56,-4.96,0.01,6.66
2020-01-06,0.76,3.27,-1.61,13.39,0.87
2020-01-07,-0.2,1.89,-2.95,6.56,2.14
2020-01-08,-0.65,3.87,-3.16,2.15,2.68
2020-01-09,-2.84,2.07,-6.42,0.13,7.34
2020-01-10,-3.33,1.51,-6.44,0.0,10.63
2020-01-11,-2.21,2.99,-5.48,0.0,10.71
2020-01-12,-0.6,4.36,-2.73,0.0,7.6
2020-01-13,-1.17,3.76,-3.49,0.0,10.55
2020-01-14,-0.62,5.08,-5.68,0.0,10.26
2020-01-15,0.28,5.54,-2.39,0.0,8.88
2020-01-16,-1.32,4.7,-4.54,0.01,7.64
2020-01-17,-1.9,4.19,-5.36,0.41,8.01
2020-01-18,-2.03,3.07,-4.47,0.0,5.84
2020-01-19,-3.32,0.4,-5.72,0.09,6.34
2020-01-20,-2.9,1.0,-7.24,0.94,6.18
2020-01-21,-3.21,1.74,-7.22,0.21,8.88
2020-01-22,-3.67,2.61,-8.39,0.0,10.95
2020-01-23,-2.36,3.51,-7.22,0.04,8.23
2020-01-24,-3.67,0.58,-7.07,0.0,9.02
2020-01-25,-2.28,5.14,-8.79,0.0,12.07
2020-01-26,1.48,8.01,-2.63,0.0,10.77
2020-01-27,1.99,7.16,-0.21,0.01,7.85
2020-01-28,1.93,5.8,-0.46,3.87,4.48
2020-01-29,1.87,8.81,-1.07,0.13,10.12
2020-01-30,2.49,8.02,-1.78,5.99,2.66
2020-01-31,-2.25,1.48,-5.12,0.69,8.85
2020-02-01,0.05,5.09,-3.58,0.51,7.4
2020-02-02,2.07,9.86,-1.96,0.0,11.45
2020-02-03,3.89,11.5,-1.05,0.14,9.94
2020-02-04,6.04,11.09,3.29,1.82,5.35
2020-02-05,7.46,14.19,2.96,0.03,7.0
2020-02-06,5.05,8.69,0.38,15.98,5.22
2020-02-07,-0.9,1.16,-5.03,1.93,4.4
2020-02-08,-5.35,-2.67,-7.67,0.31,9.06
2020-02-09,-5.94,-2.58,-8.87,0.04,7.64
2020-02-10,-5.76,-0.71,-9.53,0.05,10.05
2020-02-11,-1.63,6.04,-8.47,0.48,3.9
2020-02-12,1.29,6.15,-1.55,4.22,3.33
2020-02-13,0.19,4.36,-4.04,2.81,9.32
2020-02-14,0.41,6.35,-4.45,0.02,10.63
2020-02-15,1.47,5.08,-0.27,0.11,10.62
2020-02-16,1.26,7.46,-3.2,0.01,7.59
2020-02-17,0.12,7.85,-3.85,0.0,15.69
2020-02-18,-0.07,7.26,-4.67,0.0,15.91
2020-02-19,3.23,9.78,-2.6,0.0,15.98
2020-02-20,3.78,10.89,-1.81,0.05,11.05
2020-02-21,2.43,6.53,-0.77,10.16,3.73
2020-02-22,0.39,3.88,-1.85,1.71,4.8
2020-02-23,1.57,7.84,-2.53,0.22,9.22
2020-02-24,3.68,10.78,-2.21,0.0,13.68
2020-02-25,2.2,7.42,-3.38,0.0,17.74
2020-02-26,4.46,15.94,-3.71,0.0,17.27
2020-02-27,5.47,11.41,-0.11,0.06,5.24
2020-02-28,7.43,12.65,4.33,2.87,10.69
2020-02-29,4.15,8.1,-0.18,7.47,8.58
2020-03-01,2.84,8.71,-2.5,0.06,16.93
2020-03-02,5.09,14.58,-2.69,0.0,18.3
2020-03-03,8.38,17.59,0.39,0.0,18.41
2020-03-04,8.34,17.1,2.04,0.0,14.03
2020-03-05,8.03,14.48,3.94,0.39,7.97
2020-03-06,7.36,12.84,2.8,0.29,14.83
2020-03-07,8.92,16.4,1.47,0.0,19.21
2020-03-08,10.41,19.52,3.17,0.0,16.86
2020-03-09,11.3,20.74,4.18,0.0,15.39
2020-03-10,8.22,13.2,3.29,2.06,10.9
2020-03-11,8.38,14.59,2.87,0.0,18.36
2020-03-12,9.24,14.83,3.13,0.01,18.61
2020-03-13,10.44,17.86,4.87,0.17,13.61
2020-03-14,11.93,18.77,6.14,0.0,19.32
2020-03-15,10.47,17.93,4.72,0.42,14.31
2020-03-16,1.68,5.55,-3.73,4.23,5.84
2020-03-17,-2.06,3.67,-6.47,0.1,19.61
2020-03-18,-1.56,5.03,-6.81,0.39,15.92
2020-03-19,-1.03,2.29,-3.59,4.2,8.89
2020-03-20,0.43,6.84,-4.87,0.45,13.74
2020-03-21,3.03,10.85,-3.84,0.0,19.61
2020-03-22,5.75,14.45,-2.1,0.0,21.1
2020-03-23,7.82,14.44,1.94,0.01,19.49
2020-03-24,7.56,13.68,3.1,0.92,15.14
2020-03-25,7.29,14.99,1.08,0.37,18.03
2020-03-26,8.11,15.95,1.95,0.0,20.15
2020-03-27,8.7,13.01,5.03,2.54,14.44
2020-03-28,7.25,10.27,5.14,9.06,5.57
2020-03-29,5.42,9.01,2.7,0.55,9.3
2020-03-30,5.75,11.98,1.13,0.11,11.13
2020-03-31,7.32,14.25,-0.08,1.47,19.44
2020-04-01,7.69,13.47,2.24,1.57,15.72
2020-04-02,8.1,14.03,1.95,5.8,16.4
2020-04-03,4.0,7.83,0.18,3.74,14.68
2020-04-04,6.45,12.3,-1.21,0.05,12.57
2020-04-05,11.49,20.96,6.14,0.19,12.16
2020-04-06,9.38,15.65,1.63,0.56,13.88
2020-04-07,5.83,14.26,-1.63,0.04,23.59
2020-04-08,7.64,15.77,0.24,0.76,21.64
2020-04-09,7.25,13.53,1.73,3.4,20.62
2020-04-10,7.44,15.37,-1.0,0.02,26.01
2020-04-11,7.42,16.2,-1.47,0.0,23.35
2020-04-12,7.51,15.47,1.07,0.0,26.19
2020-04-13,8.2,16.85,-0.31,0.0,26.52
2020-04-14,11.29,19.22,2.87,0.0,23.29
2020-04-15,10.31,16.71,5.33,1.06,11.65
2020-04-16,7.34,13.76,2.46,1.92,16.22
2020-04-17,9.47,18.91,-0.07,0.0,27.24
2020-04-18,12.78,21.4,5.48,0.0,26.96
2020-04-19,13.54,21.13,5.62,0.0,26.64
2020-04-20,15.2,23.52,7.57,0.05,22.29
2020-04-21,11.65,16.45,8.05,0.18,8.51
2020-04-22,8.39,10.03,5.07,1.88,6.11
2020-04-23,6.77,13.95,1.52,0.0,23.93
2020-04-24,7.17,13.76,-1.16,0.02,22.37
2020-04-25,9.08,17.47,1.71,0.0,28.56
2020-04-26,10.5,18.35,-0.12,0.0,28.3
2020-04-27,12.65,19.49,5.55,0.0,23.49
2020-04-28,11.77,19.71,3.89,0.0,27.54
2020-04-29,13.52,20.58,5.0,0.07,25.11
2020-04-30,12.77,17.66,8.8,2.99,13.35
2020-05-01,11.47,15.7,7.79,2.99,18.64
2020-05-02,10.88,14.31,6.96,9.35,19.32
2020-05-03,9.96,14.42,6.65,8.13,9.06
2020-05-04,11.29,16.66,6.7,0.92,19.38
2020-05-05,10.6,15.87,6.11,2.11,19.63
2020-05-06,11.89,18.71,4.82,0.0,27.57
2020-05-07,11.01,15.51,5.18,3.98,6.72
2020-05-08,10.17,17.64,3.27,0.25,26.0
2020-05-09,10.07,17.33,1.82,0.0,29.89
2020-05-10,12.57,19.95,3.01,0.0,29.02
2020-05-11,15.34,24.23,6.21,0.0,26.96
2020-05-12,19.47,29.49,9.14,0.0,27.42
2020-05-13,18.27,26.28,9.19,0.0,29.95
2020-05-14,19.69,27.86,9.72,0.0,29.39
2020-05-15,22.91,31.19,12.35,0.0,28.18
2020-05-16,23.29,33.08,15.73,0.0,27.72
2020-05-17,22.45,30.46,14.71,0.0,28.39
2020-05-18,23.61,33.49,14.65,0.0,25.74
2020-05-19,23.08,31.14,16.4,0.0,28.5
2020-05-20,24.04,33.07,15.01,0.0,25.45
2020-05-21,22.99,30.94,16.69,0.13,21.58
2020-05-22,13.92,21.84,4.5,2.48,18.41
2020-05-23,8.2,16.05,1.32,0.03,24.32
2020-05-24,10.04,17.9,2.4,0.0,31.01
2020-05-25,12.82,22.1,2.79,0.0,29.87
2020-05-26,15.95,24.89,7.27,1.49,23.71
2020-05-27,16.12,26.12,7.61,0.42,26.61
2020-05-28,15.02,23.53,7.56,0.13,27.59
2020-05-29,10.6,14.85,7.37,14.72,16.15
2020-05-30,12.89,19.06,6.21,0.31,24.21
2020-05-31,15.37,20.84,9.44,0.39,20.3
2020-06-01,14.13,20.73,7.95,4.44,20.04
2020-06-02,12.56,18.12,7.58,1.58,25.0
2020-06-03,14.24,20.8,7.01,0.2,26.65
2020-06-04,15.35,22.2,9.26,0.2,27.49
2020-06-05,18.22,25.97,9.39,0.0,31.65
2020-06-06,21.07,29.15,12.16,0.0,29.95
2020-06-07,22.42,32.44,12.67,0.0,30.2
2020-06-08,22.53,32.12,13.8,0.0,29.98
2020-06-09,23.67,31.51,14.44,0.38,29.5
2020-06-10,23.21,30.85,14.97,0.8,22.55
2020-06-11,19.66,24.45,13.88,7.76,23.71
2020-06-12,17.44,22.59,12.45,0.97,21.44
2020-06-13,14.13,19.53,11.32,7.9,12.7
2020-06-14,15.42,19.71,10.9,0.47,23.91
2020-06-15,18.42,24.34,12.42,4.7,17.29
2020-06-16,20.78,28.75,13.01,0.06,28.81
2020-06-17,22.39,29.5,15.69,3.25,24.05
2020-06-18,18.96,23.73,13.7,5.62,23.72
2020-06-19,17.14,22.97,12.78,2.71,21.1
2020-06-20,17.2,23.47,11.79,0.33,23.93
2020-06-21,20.18,26.83,12.27,1.02,28.37
2020-06-22,21.28,28.43,13.41,1.27,27.16
2020-06-23,21.33,29.34,14.82,2.77,27.57
2020-06-24,19.08,26.05,12.4,0.03,29.13
2020-06-25,20.89,28.28,12.15,0.0,26.79
2020-06-26,21.32,28.34,14.08,0.01,26.74
2020-06-27,20.96,28.52,12.92,0.0,31.12
2020-06-28,21.97,30.02,13.34,0.0,31.08
2020-06-29,22.76,30.61,14.3,0.0,29.21
2020-06-30,21.65,30.39,12.75,0.0,31.74
2020-07-01,22.11,30.02,12.73,0.05,29.64
2020-07-02,22.74,30.7,14.27,0.0,30.81
2020-07-03,24.69,32.28,14.69,0.0,29.19
2020-07-04,25.95,34.02,18.52,0.0,30.5
2020-07-05,25.25,34.11,15.52,0.03,30.81
2020-07-06,25.26,33.74,16.46,0.0,30.24
2020-07-07,26.8,34.68,17.04,0.27,26.51
2020-07-08,25.05,31.6,17.84,0.91,28.09
2020-07-09,23.15,30.18,17.22,0.11,27.42
2020-07-10,22.13,30.09,13.57,0.0,28.81
2020-07-11,22.63,31.88,13.28,0.0,31.1
2020-07-12,24.9,33.23,15.26,0.02,30.31
2020-07-13,24.3,30.94,17.36,0.07,28.27
2020-07-14,24.22,30.93,16.9,0.57,26.88
2020-07-15,26.96,34.49,19.25,0.01,28.1
2020-07-16,25.9,34.31,17.13,0.52,27.82
2020-07-17,25.14,32.37,16.67,0.0,26.36
2020-07-18,26.09,33.73,17.24,0.0,26.91
2020-07-19,28.82,36.8,19.71,0.0,28.05
2020-07-20,27.67,35.85,19.41,0.0,27.89
2020-07-21,24.76,32.69,16.83,0.0,29.72
2020-07-22,23.53,31.1,16.24,0.0,29.99
2020-07-23,22.88,31.05,14.02,0.0,30.21
2020-07-24,23.39,31.94,14.49,0.0,29.95
2020-07-25,24.26,32.76,14.36,0.0,29.79
2020-07-26,27.62,35.59,18.2,0.0,27.59
2020-07-27,27.26,35.29,18.31,0.0,27.36
2020-07-28,26.73,33.28,20.74,0.0,25.39
2020-07-29,25.83,34.09,17.45,0.0,29.02
2020-07-30,26.18,34.64,17.73,0.0,29.16
2020-07-31,26.01,34.24,17.32,0.0,29.0
2020-08-01,26.77,34.52,17.94,0.0,27.88
2020-08-02,24.81,31.59,17.96,0.13,27.34
2020-08-03,23.05,31.26,15.69,0.0,28.33
2020-08-04,23.97,32.61,13.68,0.0,29.12
2020-08-05,24.97,33.81,15.77,0.0,29.19
2020-08-06,25.82,34.97,15.23,0.0,28.69
2020-08-07,27.24,36.6,16.88,0.0,27.94
2020-08-08,27.8,36.74,18.21,0.0,26.37
2020-08-09,26.72,34.09,18.76,0.11,24.7
2020-08-10,24.69,31.18,19.15,0.09,19.32
2020-08-11,24.62,31.01,17.47,0.0,24.05
2020-08-12,24.46,31.29,17.51,0.0,25.59
2020-08-13,24.35,31.24,17.08,0.0,25.43
2020-08-14,22.61,29.89,16.51,0.0,27.42
2020-08-15,20.7,28.56,13.93,0.0,28.01
2020-08-16,21.14,29.29,12.56,0.0,27.18
2020-08-17,20.78,28.65,13.72,0.0,26.78
2020-08-18,22.06,30.64,12.62,0.0,26.6
2020-08-19,24.85,33.18,16.4,0.0,25.82
2020-08-20,24.49,32.28,17.69,0.0,22.79
2020-08-21,21.75,28.73,14.38,0.0,23.28
2020-08-22,21.78,29.6,13.96,0.0,22.09
2020-08-23,21.98,29.55,14.01,0.0,25.37
2020-08-24,22.69,30.37,15.26,0.0,25.67
2020-08-25,24.16,32.52,14.94,0.0,25.6
2020-08-26,25.08,33.56,16.0,0.01,22.25
2020-08-27,23.82,31.94,15.81,0.0,23.59
2020-08-28,23.95,32.64,15.33,0.0,25.07
2020-08-29,24.8,34.29,15.6,0.0,25.29
2020-08-30,26.15,35.35,15.84,0.0,25.05
2020-08-31,26.81,34.98,19.46,0.0,24.54
2020-09-01,27.4,35.86,19.94,0.01,21.9
2020-09-02,27.67,36.5,19.94,0.0,22.39
2020-09-03,28.78,37.57,21.08,0.0,22.92
2020-09-04,27.16,38.15,17.49,0.0,22.57
2020-09-05,22.02,28.28,16.5,0.0,19.57
2020-09-06,20.77,28.71,13.47,0.0,22.93
2020-09-07,22.8,30.86,13.94,0.0,22.8
2020-09-08,24.5,32.41,16.78,0.0,22.71
2020-09-09,21.88,28.53,16.0,0.0,22.95
2020-09-10,21.11,29.21,13.6,0.0,22.99
2020-09-11,23.57,32.54,14.08,0.0,21.74
2020-09-12,24.43,33.88,16.02,2.24,18.11
2020-09-13,22.71,30.14,15.28,0.05,19.86
2020-09-14,23.34,30.94,16.1,0.0,20.63
2020-09-15,22.25,30.25,14.96,0.0,21.41
2020-09-16,21.17,30.49,12.68,0.0,21.82
2020-09-17,23.1,31.82,13.96,0.0,21.38
2020-09-18,23.26,31.19,15.74,0.0,19.64
2020-09-19,21.48,27.06,16.71,0.51,16.1
2020-09-20,21.2,28.1,15.27,0.3,17.43
2020-09-21,19.23,26.22,13.07,0.58,12.67
2020-09-22,20.05,26.96,12.42,0.01,19.61
2020-09-23,22.0,28.37,15.77,0.0,18.89
2020-09-24,21.41,28.23,13.42,0.0,18.38
2020-09-25,19.19,24.48,14.29,3.08,14.04
2020-09-26,20.73,28.28,12.92,0.0,19.22
2020-09-27,22.09,29.65,14.48,0.0,18.45
2020-09-28,22.71,30.79,16.19,0.0,19.27
2020-09-29,23.14,30.21,16.07,0.34,14.79
2020-09-30,17.91,23.28,12.55,0.0,19.05
2020-10-01,16.38,23.3,9.71,0.18,17.46
2020-10-02,15.86,22.75,9.4,0.15,19.2
2020-10-03,17.34,24.72,12.1,0.0,18.45
2020-10-04,18.08,25.82,10.61,0.0,17.97
2020-10-05,19.61,28.69,10.55,0.0,17.72
2020-10-06,22.99,30.16,16.54,0.0,17.34
2020-10-07,22.82,31.33,14.07,0.15,16.42
2020-10-08,22.15,31.09,16.14,0.23,13.44
2020-10-09,21.15,29.75,15.1,0.88,12.53
2020-10-10,17.1,23.91,11.38,0.2,13.24
2020-10-11,17.18,25.07,10.15,0.0,16.28
2020-10-12,18.43,26.34,11.47,0.0,16.4
2020-10-13,19.14,26.98,12.51,0.0,16.79
2020-10-14,18.07,26.25,11.78,0.0,14.86
2020-10-15,17.5,24.96,10.97,0.0,15.92
2020-10-16,18.48,25.4,12.72,0.0,16.31
2020-10-17,18.47,26.78,10.83,0.05,15.72
2020-10-18,17.74,24.57,13.63,3.89,11.08
2020-10-19,14.74,18.98,10.54,2.99,8.49
2020-10-20,14.71,19.56,10.73,0.55,7.0
2020-10-21,14.26,21.35,9.28,0.27,13.47
2020-10-22,15.12,23.02,7.52,0.01,14.4
2020-10-23,16.19,24.41,9.6,0.0,14.41
2020-10-24,16.93,26.32,10.64,0.0,13.44
2020-10-25,16.91,25.67,10.63,0.0,14.51
2020-10-26,16.99,25.41,11.23,0.0,13.43
2020-10-27,16.53,25.35,11.0,0.0,12.75
2020-10-28,16.01,23.22,10.33,0.0,13.45
2020-10-29,13.64,20.58,8.17,2.76,10.05
2020-10-30,12.54,18.87,7.18,9.61,8.13
2020-10-31,9.6,14.04,6.21,0.31,12.89
2020-11-01,7.39,14.05,2.42,0.01,8.39
2020-11-02,6.18,14.41,-0.17,0.0,13.8
2020-11-03,7.69,14.22,2.09,2.0,11.28
2020-11-04,7.34,12.79,3.97,4.87,4.82
2020-11-05,9.17,15.43,4.85,0.6,6.08
2020-11-06,9.14,15.53,4.19,0.0,10.95
2020-11-07,6.71,12.71,2.63,0.0,8.68
2020-11-08,6.66,14.7,1.7,0.0,13.01
2020-11-09,7.8,16.8,1.62,0.0,12.82
2020-11-10,7.32,15.64,1.21,0.0,12.36
2020-11-11,6.36,13.33,1.94,0.16,10.99
2020-11-12,4.33,11.31,-0.04,0.21,12.06
2020-11-13,5.39,14.41,-0.38,0.0,11.74
2020-11-14,6.16,13.04,1.75,0.49,5.93
2020-11-15,4.8,11.59,0.57,0.69,10.4
2020-11-16,5.44,11.72,0.65,0.0,10.99
2020-11-17,5.71,12.78,0.78,0.0,11.22
2020-11-18,5.43,12.54,0.55,0.0,10.47
2020-11-19,4.11,8.6,1.6,0.01,7.77
2020-11-20,2.15,7.21,-1.02,0.69,3.51
2020-11-21,1.76,9.32,-2.08,0.0,11.07
2020-11-22,0.98,8.08,-3.92,0.0,10.71
2020-11-23,0.54,7.27,-3.99,0.0,11.55
2020-11-24,1.64,9.95,-3.5,0.0,11.16
2020-11-25,2.0,8.31,-3.16,0.0,8.72
2020-11-26,-0.28,7.68,-4.26,0.0,11.11
2020-11-27,0.2,7.75,-3.89,0.0,11.22
2020-11-28,1.52,9.8,-3.11,0.0,11.24
2020-11-29,1.87,9.93,-2.22,0.0,10.73
2020-11-30,2.99,10.31,-1.79,0.08,9.23
2020-12-01,4.18,7.98,1.72,0.08,4.28
2020-12-02,4.22,10.53,0.09,0.0,8.73
2020-12-03,4.7,12.54,-0.31,0.0,9.29
2020-12-04,4.17,12.18,-0.34,0.0,9.37
2020-12-05,4.86,12.7,-0.6,0.0,9.49
2020-12-06,4.65,11.58,-0.84,0.0,9.83
2020-12-07,4.46,12.65,-1.87,0.03,8.79
2020-12-08,4.01,7.94,1.27,1.99,4.81
2020-12-09,3.29,10.34,-0.24,0.02,9.09
2020-12-10,3.48,12.15,-1.54,0.0,8.68
2020-12-11,5.37,10.09,1.06,1.68,7.05
2020-12-12,6.58,11.54,3.86,0.73,3.93
2020-12-13,6.85,12.51,4.26,0.86,2.4
2020-12-14,6.18,10.8,3.01,7.05,2.28
2020-12-15,5.97,11.27,1.23,1.29,3.69
2020-12-16,4.86,9.41,0.77,0.29,4.6
2020-12-17,2.71,8.5,-0.82,0.0,5.23
2020-12-18,0.86,5.84,-1.8,0.0,5.0
2020-12-19,0.87,6.79,-1.9,0.0,8.56
2020-12-20,-0.01,6.66,-4.0,0.0,9.56
2020-12-21,-0.48,3.86,-3.19,0.0,7.26
2020-12-22,-0.2,5.62,-4.13,0.0,3.63
2020-12-23,-2.34,2.42,-5.11,0.0,6.91
2020-12-24,-0.89,5.05,-4.77,0.22,4.06
2020-12-25,2.58,11.53,-1.88,0.0,8.76
2020-12-26,2.43,9.61,-0.94,0.0,7.89
2020-12-27,3.63,10.49,0.46,0.0,7.51
2020-12-28,3.95,10.83,0.13,0.96,5.37
2020-12-29,4.87,12.13,0.96,0.34,9.19
2020-12-30,3.76,12.03,-0.17,0.0,9.58
2020-12-31,3.81,11.75,-1.23,0.0,7.95
2021-01-01,4.01,10.95,-1.0,0.12,9.21
2021-01-02,4.99,11.23,0.54,0.01,9.42
2021-01-03,2.86,10.24,-1.69,0.0,8.17
2021-01-04,3.78,11.33,-1.86,0.0,8.6
2021-01-05,4.95,9.89,0.94,7.28,3.18
2021-01-06,5.15,10.63,1.47,0.16,6.52
2021-01-07,5.65,14.0,-0.17,0.0,6.99
2021-01-08,6.28,13.39,2.3,0.0,8.11
2021-01-09,7.14,14.14,3.24,0.13,8.08
2021-01-10,8.03,14.7,4.25,0.22,5.51
2021-01-11,9.76,17.21,5.7,0.03,3.5
2021-01-12,10.9,18.15,7.24,0.0,5.6
2021-01-13,5.75,8.89,1.69,16.23,2.01
2021-01-14,1.05,4.47,-4.01,1.12,4.77
2021-01-15,-1.43,3.71,-4.67,1.85,2.9
2021-01-16,0.62,5.88,-4.13,0.9,4.04
2021-01-17,-2.55,1.77,-6.4,3.28,5.58
2021-01-18,-6.14,-3.82,-8.08,0.7,5.86
2021-01-19,-6.55,-1.97,-10.25,0.0,10.37
2021-01-20,-7.38,-1.92,-11.93,0.0,11.23
2021-01-21,-3.79,2.99,-9.71,0.0,7.14
2021-01-22,-0.9,6.04,-5.77,0.0,9.66
2021-01-23,0.64,7.65,-2.9,0.0,11.68
2021-01-24,2.16,9.28,-1.08,0.0,7.74
2021-01-25,2.25,6.41,-0.88,0.59,3.63
2021-01-26,4.33,8.93,1.82,0.78,4.9
2021-01-27,4.52,12.05,-0.54,3.44,4.24
2021-01-28,-1.13,1.94,-3.87,1.29,6.95
2021-01-29,-3.05,1.91,-6.29,0.01,10.85
2021-01-30,0.44,4.94,-4.68,4.5,3.93
2021-01-31,2.42,8.81,-1.42,0.96,8.73
2021-02-01,4.24,12.9,-1.83,0.0,11.0
2021-02-02,6.02,15.5,0.17,0.0,11.35
2021-02-03,6.97,14.56,0.56,0.0,11.68
2021-02-04,6.9,15.0,0.79,0.0,13.34
2021-02-05,5.18,12.1,0.02,0.0,13.53
2021-02-06,6.57,16.28,-0.79,0.0,13.73
2021-02-07,7.69,17.94,-0.45,0.0,12.61
2021-02-08,6.65,12.07,2.97,0.01,7.33
2021-02-09,7.26,15.5,1.78,0.08,12.24
2021-02-10,5.22,10.78,1.59,0.07,8.96
2021-02-11,7.16,17.86,-0.6,0.0,13.43
2021-02-12,4.19,11.5,-3.98,0.05,9.01
2021-02-13,0.48,7.35,-4.94,0.0,14.19
2021-02-14,4.2,12.58,-2.27,0.03,8.83
2021-02-15,0.09,3.21,-4.66,3.94,3.82
2021-02-16,-5.22,-2.97,-7.19,4.46,7.6
2021-02-17,-6.09,-2.96,-9.85,1.35,8.56
2021-02-18,-5.39,-0.82,-9.84,0.02,12.07
2021-02-19,-3.45,0.67,-7.31,0.3,8.92
2021-02-20,-5.16,0.28,-9.42,0.0,13.61
2021-02-21,-4.05,2.74,-11.14,0.0,15.66
2021-02-22,-0.8,5.9,-7.24,0.0,15.55
2021-02-23,2.46,10.03,-1.83,0.0,16.46
2021-02-24,2.59,11.51,-2.3,0.0,16.71
2021-02-25,0.82,7.92,-3.07,0.0,12.13
2021-02-26,2.73,9.93,-2.7,0.0,17.6
2021-02-27,3.9,11.2,-1.15,0.0,17.98
2021-02-28,3.09,11.42,-3.87,0.01,13.96
2021-03-01,-0.3,6.29,-5.23,0.0,15.73
2021-03-02,0.37,6.47,-4.25,0.4,13.2
2021-03-03,1.83,10.54,-4.0,0.33,18.59
2021-03-04,1.48,8.76,-4.25,0.0,19.36
2021-03-05,4.6,15.17,-3.45,0.0,20.09
2021-03-06,4.25,11.97,-1.29,0.1,10.62
2021-03-07,2.51,7.71,-3.34,1.09,7.03
2021-03-08,1.21,7.95,-5.06,0.05,19.61
2021-03-09,2.97,9.87,-3.04,0.0,18.03
2021-03-10,5.75,13.97,-1.8,0.01,12.54
2021-03-11,4.88,11.56,-2.49,3.18,8.06
2021-03-12,-0.53,5.93,-5.72,0.01,20.53
2021-03-13,3.88,13.2,-4.07,0.0,20.59
2021-03-14,8.03,14.74,1.93,0.12,9.15
2021-03-15,8.31,13.77,3.22,1.09,12.97
2021-03-16,5.62,8.45,2.62,4.56,12.33
2021-03-17,3.39,7.11,-0.08,7.81,10.84
2021-03-18,2.25,6.69,-1.6,0.6,14.03
2021-03-19,3.97,11.45,-3.94,2.08,12.93
2021-03-20,5.92,11.42,2.2,3.83,8.79
2021-03-21,8.95,18.03,2.21,0.44,11.85
2021-03-22,11.21,19.82,3.0,3.2,11.12
2021-03-23,4.83,9.76,-1.11,14.5,3.96
2021-03-24,-0.04,4.17,-2.7,8.5,8.07
2021-03-25,-2.37,0.59,-5.8,0.88,10.2
2021-03-26,-3.72,0.02,-7.88,0.35,12.88
2021-03-27,-0.4,5.16,-5.65,0.03,15.06
2021-03-28,3.34,10.01,-2.95,0.0,22.99
2021-03-29,4.84,13.18,-3.0,0.37,22.05
2021-03-30,3.28,8.16,-0.35,2.08,18.14
2021-03-31,3.85,9.17,-0.32,1.0,12.45
2021-04-01,4.37,9.41,0.44,5.29,8.92
2021-04-02,4.15,10.14,-0.67,3.26,12.39
2021-04-03,7.09,14.37,-1.35,0.07,20.01
2021-04-04,8.5,15.33,0.79,0.85,16.8
2021-04-05,10.83,18.96,5.73,1.65,9.91
2021-04-06,11.34,19.33,5.16,0.78,10.7
2021-04-07,12.76,21.47,4.7,0.0,25.22
2021-04-08,10.83,18.17,4.29,0.21,19.62
2021-04-09,2.7,7.58,-1.11,1.7,12.34
2021-04-10,0.45,4.48,-3.36,2.05,17.29
2021-04-11,0.88,5.96,-4.63,0.35,12.12
2021-04-12,2.87,9.38,-2.04,0.12,12.31
2021-04-13,5.38,12.7,-0.68,0.0,18.01
2021-04-14,10.26,17.65,3.29,0.32,18.89
2021-04-15,11.96,18.92,5.16,0.0,22.68
2021-04-16,13.1,20.09,5.67,0.01,13.66
2021-04-17,14.29,21.87,8.95,0.09,13.66
2021-04-18,14.79,23.17,9.58,3.54,5.65
2021-04-19,14.28,21.01,8.96,0.7,13.5
2021-04-20,12.52,19.51,5.61,0.0,27.25
2021-04-21,9.85,17.08,2.7,0.0,26.31
2021-04-22,9.94,17.43,2.09,0.0,27.26
2021-04-23,13.45,22.77,4.02,0.0,26.4
2021-04-24,13.69,21.29,6.19,0.0,19.41
2021-04-25,12.08,16.94,8.29,1.81,14.39
2021-04-26,10.58,15.42,6.47,1.53,14.02
2021-04-27,12.19,21.17,2.84,0.0,26.66
2021-04-28,16.59,24.07,8.27,0.02,22.25
2021-04-29,19.92,27.7,12.26,0.01,24.01
2021-04-30,18.03,25.24,12.27,0.01,25.39
2021-05-01,19.53,26.73,10.36,0.0,27.12
2021-05-02,21.02,29.11,12.3,0.0,22.57
2021-05-03,22.09,30.24,13.98,0.02,23.84
2021-05-04,16.61,21.7,11.98,0.01,16.87
2021-05-05,17.31,24.51,8.83,0.0,26.13
2021-05-06,14.85,18.61,11.52,0.21,12.2
2021-05-07,16.47,23.97,8.08,0.0,29.02
2021-05-08,18.4,28.49,10.98,0.31,18.28
2021-05-09,13.08,19.66,4.85,0.0,29.05
2021-05-10,9.72,18.37,2.21,0.0,31.33
2021-05-11,14.12,22.91,3.64,0.0,30.94
2021-05-12,17.36,27.44,6.49,0.0,30.27
2021-05-13,19.11,29.03,9.85,0.0,29.64
2021-05-14,19.41,29.46,10.77,0.0,30.43
2021-05-15,19.26,28.53,9.61,0.0,29.98
2021-05-16,16.67,23.01,11.57,0.34,20.02
2021-05-17,15.42,22.24,9.58,0.02,24.44
2021-05-18,19.16,28.0,9.3,0.0,27.0
2021-05-19,17.58,25.89,9.4,0.0,31.01
2021-05-20,21.32,31.67,11.33,0.0,30.26
2021-05-21,19.28,28.67,11.65,0.07,29.02
2021-05-22,12.47,17.5,8.1,1.59,16.07
2021-05-23,14.44,23.43,5.43,0.0,30.57
2021-05-24,17.77,26.99,7.96,0.0,30.4
2021-05-25,19.78,28.49,10.37,0.0,30.99
2021-05-26,21.53,31.26,10.63,0.0,30.47
2021-05-27,21.19,30.18,13.39,2.12,24.36
2021-05-28,20.52,26.69,12.27,0.49,27.93
2021-05-29,15.74,21.3,10.8,2.27,17.57
2021-05-30,18.76,27.83,8.85,0.07,29.2
2021-05-31,17.88,22.48,13.38,1.6,19.92
2021-06-01,14.38,20.1,8.95,1.73,15.94
2021-06-02,12.64,18.36,6.83,1.63,24.59
2021-06-03,13.34,21.24,4.96,0.0,26.8
2021-06-04,13.7,20.79,6.6,0.0,21.35
2021-06-05,13.88,20.92,6.0,0.0,23.19
2021-06-06,15.61,23.98,6.62,0.0,32.01
2021-06-07,17.85,25.97,8.75,0.01,30.15
2021-06-08,18.97,24.39,14.25,6.57,18.67
2021-06-09,17.88,23.64,11.68,2.37,24.78
2021-06-10,16.04,19.18,11.37,4.3,22.25
2021-06-11,17.59,23.91,10.62,3.04,18.84
2021-06-12,18.15,23.91,12.96,3.65,24.28
2021-06-13,19.62,26.37,11.6,0.83,27.19
2021-06-14,17.15,21.18,13.12,9.44,19.06
2021-06-15,15.59,22.45,8.45,0.22,24.05
2021-06-16,14.42,20.08,10.74,1.48,19.78
2021-06-17,16.67,23.62,9.9,0.05,21.85
2021-06-18,18.99,26.7,9.83,0.02,29.0
2021-06-19,21.37,27.95,13.74,0.21,27.18
2021-06-20,22.25,30.53,12.89,0.68,26.08
2021-06-21,20.14,27.33,13.54,3.05,23.54
2021-06-22,18.66,23.16,14.6,12.84,20.83
2021-06-23,19.91,27.0,11.95,0.17,27.33
2021-06-24,20.5,26.44,13.96,0.35,20.86
2021-06-25,20.76,27.38,13.37,0.76,25.85
2021-06-26,21.42,27.87,14.41,0.41,24.78
2021-06-27,23.29,30.35,15.3,0.01,28.46
2021-06-28,23.77,30.25,16.69,0.23,27.61
2021-06-29,23.04,30.64,15.68,0.0,30.89
2021-06-30,23.45,31.64,14.25,0.0,31.42
2021-07-01,25.27,33.31,16.45,0.0,31.59
2021-07-02,27.41,36.61,17.01,0.02,28.58
2021-07-03,21.64,28.47,16.2,17.07,20.22
2021-07-04,18.95,24.76,14.38,0.01,22.9
2021-07-05,19.57,26.4,12.18,0.0,27.85
2021-07-06,20.52,26.38,14.37,1.28,25.56
2021-07-07,21.66,28.3,15.29,0.04,23.05
2021-07-08,23.05,29.4,15.98,0.2,25.13
2021-07-09,22.65,29.04,15.5,0.0,27.77
2021-07-10,22.28,29.52,15.15,0.0,29.01
2021-07-11,22.33,29.95,14.01,0.0,30.39
2021-07-12,24.05,32.34,14.91,0.0,29.01
2021-07-13,25.1,32.76,18.18,0.0,28.96
2021-07-14,24.1,31.46,16.41,0.0,29.15
2021-07-15,24.36,32.82,15.53,0.0,30.42
2021-07-16,24.68,33.32,15.16,0.0,30.2
2021-07-17,27.74,35.33,17.82,0.0,29.93
2021-07-18,29.49,37.77,20.3,0.0,28.78
2021-07-19,28.64,37.84,19.24,0.0,29.5
2021-07-20,27.82,36.96,17.41,0.0,29.06
2021-07-21,27.3,35.06,19.41,0.0,27.54
2021-07-22,24.63,31.49,17.56,0.0,27.05
2021-07-23,22.53,29.6,14.97,0.0,26.77
2021-07-24,22.55,29.52,15.8,0.01,27.24
2021-07-25,22.66,29.89,15.11,0.11,28.07
2021-07-26,24.16,31.16,17.33,0.0,26.97
2021-07-27,24.51,31.91,16.38,0.0,27.02
2021-07-28,23.83,31.68,16.25,0.0,29.37
2021-07-29,23.05,31.79,14.07,0.0,29.15
2021-07-30,24.25,33.52,14.2,0.0,29.33
2021-07-31,25.41,33.78,16.07,0.0,29.23
2021-08-01,25.5,34.03,16.67,0.0,29.15
2021-08-02,24.83,33.02,16.08,0.0,29.07
2021-08-03,26.48,35.61,16.72,0.0,29.07
2021-08-04,27.43,35.96,18.38,0.0,28.18
2021-08-05,27.34,35.6,18.68,0.0,27.61
2021-08-06,28.96,36.69,19.94,0.0,26.91
2021-08-07,24.38,29.28,18.98,3.48,10.62
2021-08-08,22.2,28.0,16.59,1.52,19.14
2021-08-09,23.02,29.98,16.89,0.03,25.31
2021-08-10,21.87,27.93,15.54,0.03,25.46
2021-08-11,21.22,27.26,15.34,0.43,21.93
2021-08-12,22.1,29.36,14.19,0.8,25.85
2021-08-13,22.31,28.61,15.31,0.0,22.48
2021-08-14,21.2,28.44,14.91,0.0,26.56
2021-08-15,20.12,28.18,13.35,0.0,27.41
2021-08-16,21.09,29.68,11.86,0.0,27.62
2021-08-17,24.37,32.31,14.39,0.0,27.21
2021-08-18,25.54,33.35,17.5,0.0,26.6
2021-08-19,23.78,32.21,15.88,0.0,26.68
2021-08-20,22.83,30.33,16.09,0.0,26.08
2021-08-21,23.09,31.38,15.0,0.0,26.17
2021-08-22,23.62,31.75,15.49,0.0,25.61
2021-08-23,22.49,30.26,15.34,0.0,25.63
2021-08-24,23.08,30.77,14.71,0.0,25.5
2021-08-25,24.47,32.93,15.08,0.0,24.38
2021-08-26,25.72,33.45,17.21,0.0,23.59
2021-08-27,27.6,35.36,19.17,0.0,23.75
2021-08-28,27.88,36.22,19.79,0.0,23.88
2021-08-29,26.79,34.62,17.77,0.0,24.27
2021-08-30,25.66,33.54,17.72,0.02,21.14
2021-08-31,25.83,32.71,20.07,0.42,20.87
2021-09-01,25.58,32.2,19.69,0.93,19.09
2021-09-02,20.71,26.43,14.74,0.3,21.54
2021-09-03,17.64,24.56,10.9,0.0,21.65
2021-09-04,18.52,25.98,10.78,0.0,23.98
2021-09-05,19.88,27.5,11.6,0.01,22.55
2021-09-06,18.58,25.88,11.97,0.2,20.28
2021-09-07,17.09,25.17,9.72,0.06,21.13
2021-09-08,18.13,27.41,9.52,0.0,22.96
2021-09-09,20.48,29.4,11.32,0.12,22.82
2021-09-10,20.54,28.68,14.2,0.87,20.13
2021-09-11,17.7,24.15,12.78,1.13,18.95
2021-09-12,18.74,26.2,10.36,0.0,22.02
2021-09-13,21.55,28.1,14.73,0.0,14.79
2021-09-14,19.8,26.39,12.34,3.39,15.45
2021-09-15,16.57,19.67,13.14,10.52,7.85
2021-09-16,14.05,18.46,10.9,4.24,7.47
2021-09-17,15.73,21.24,10.89,0.01,21.48
2021-09-18,17.8,25.83,9.02,0.0,20.71
2021-09-19,19.9,27.1,13.47,0.22,20.48
2021-09-20,20.43,28.29,13.43,0.01,20.07
2021-09-21,19.65,26.68,13.39,0.22,17.95
2021-09-22,15.6,21.15,10.84,0.59,16.28
2021-09-23,11.13,15.15,7.1,0.77,12.34
2021-09-24,10.37,16.47,5.02,0.01,20.37
2021-09-25,12.95,20.64,5.46,0.0,17.4
2021-09-26,14.17,21.59,6.35,0.0,20.33
2021-09-27,16.54,24.28,9.52,0.0,19.84
2021-09-28,15.34,23.43,7.47,0.0,19.68
2021-09-29,14.51,22.18,8.19,0.31,15.07
2021-09-30,12.64,18.94,8.08,0.0,16.67
2021-10-01,11.23,18.58,5.34,0.0,19.94
2021-10-02,11.44,19.1,4.08,0.0,19.02
2021-10-03,11.71,19.81,4.64,0.0,18.02
2021-10-04,11.56,18.52,4.79,0.0,18.22
2021-10-05,10.58,17.9,4.21,0.0,15.21
2021-10-06,9.8,17.4,2.86,0.0,18.97
2021-10-07,11.18,19.15,3.97,0.0,17.88
2021-10-08,12.9,21.9,5.09,0.0,18.38
2021-10-09,15.88,25.3,7.53,0.0,17.47
2021-10-10,17.78,26.25,10.17,0.0,17.23
2021-10-11,16.52,25.17,7.62,0.0,16.85
2021-10-12,17.7,25.05,11.49,0.4,14.11
2021-10-13,14.27,21.01,9.32,0.44,12.9
2021-10-14,14.35,21.46,8.47,0.0,14.74
2021-10-15,14.96,22.54,8.12,0.0,14.71
2021-10-16,15.34,22.19,10.3,0.81,12.47
2021-10-17,12.09,17.29,8.2,1.33,7.75
2021-10-18,11.22,16.99,7.61,0.02,10.75
2021-10-19,10.69,16.94,5.5,0.25,11.3
2021-10-20,9.13,15.82,4.46,0.0,12.51
2021-10-21,8.76,16.11,3.3,0.0,15.93
2021-10-22,11.18,20.45,3.89,0.0,15.87
2021-10-23,12.29,21.41,5.35,0.0,15.64
2021-10-24,11.26,18.73,4.96,0.0,14.58
2021-10-25,7.78,13.72,2.02,0.0,12.78
2021-10-26,4.66,13.17,-1.31,0.0,15.52
2021-10-27,7.7,16.89,0.02,0.01,11.73
2021-10-28,8.97,17.31,2.02,0.12,13.48
2021-10-29,7.57,14.39,2.29,0.0,13.35
2021-10-30,8.54,16.47,2.91,0.0,13.39
2021-10-31,10.21,16.18,6.01,0.96,5.36
2021-11-01,11.49,17.42,8.0,3.15,6.58
2021-11-02,12.46,18.21,9.28,1.32,10.32
2021-11-03,12.55,18.14,8.25,2.32,10.32
2021-11-04,11.63,19.18,6.03,0.0,12.46
2021-11-05,11.22,18.42,4.88,0.0,13.08
2021-11-06,11.45,19.4,5.34,0.0,13.19
2021-11-07,10.71,19.4,3.64,0.0,11.56
2021-11-08,11.3,20.45,5.67,0.0,12.28
2021-11-09,12.33,21.0,6.63,0.0,12.57
2021-11-10,6.06,11.46,-1.17,1.76,11.39
2021-11-11,0.47,7.18,-3.5,0.0,13.2
2021-11-12,0.3,9.0,-5.22,0.0,13.18
2021-11-13,3.73,12.69,-2.86,0.0,12.28
2021-11-14,6.75,16.19,1.46,0.0,10.78
2021-11-15,8.12,16.9,2.43,0.0,11.25
2021-11-16,4.06,11.85,-0.63,0.0,11.72
2021-11-17,5.13,14.93,-1.92,0.0,11.18
2021-11-18,8.72,16.62,3.02,0.0,10.17
2021-11-19,5.83,10.26,2.0,1.0,4.01
2021-11-20,3.52,9.24,-0.42,0.03,7.09
2021-11-21,3.22,11.11,-2.65,0.0,11.3
2021-11-22,5.47,14.59,-1.9,0.0,10.99
2021-11-23,7.03,13.15,2.24,0.51,7.96
2021-11-24,6.12,9.44,1.68,8.47,1.99
2021-11-25,3.51,9.18,0.41,0.1,5.73
2021-11-26,5.91,13.21,0.31,0.06,7.9
2021-11-27,9.42,14.41,6.6,6.32,2.73
2021-11-28,11.58,17.72,7.92,1.01,7.09
2021-11-29,12.41,18.4,7.78,4.19,7.58
2021-11-30,11.86,17.33,4.89,6.75,7.59
2021-12-01,1.65,6.64,-2.54,0.29,7.09
2021-12-02,0.63,7.74,-4.07,0.0,10.12
2021-12-03,2.9,11.42,-2.21,0.02,8.43
2021-12-04,5.55,11.11,1.81,0.49,3.8
2021-12-05,6.14,12.99,2.36,0.04,5.1
2021-12-06,5.79,14.06,1.26,0.0,8.21
2021-12-07,6.93,14.05,2.67,6.6,6.91
2021-12-08,4.77,8.71,1.85,0.96,5.74
2021-12-09,3.65,9.65,0.29,0.14,7.83
2021-12-10,4.87,13.82,-0.98,0.0,8.2
2021-12-11,6.23,13.72,1.41,0.02,6.19
2021-12-12,5.58,15.13,1.08,0.02,9.37
2021-12-13,6.16,15.21,-0.69,0.25,8.78
2021-12-14,5.47,8.12,3.77,14.55,1.47
2021-12-15,1.94,6.36,-0.55,7.24,3.73
2021-12-16,0.33,3.67,-1.8,2.34,3.6
2021-12-17,-1.28,2.83,-4.69,2.35,4.85
2021-12-18,-2.71,0.63,-4.6,1.73,2.55
2021-12-19,-1.85,0.62,-4.86,18.02,1.63
2021-12-20,-4.62,0.17,-8.04,0.07,4.34
2021-12-21,-6.11,-1.18,-11.0,0.34,5.63
2021-12-22,-8.85,-3.82,-12.37,0.0,7.69
2021-12-23,-9.25,-4.13,-13.95,0.01,6.84
2021-12-24,-10.58,-5.0,-15.23,0.0,8.0
2021-12-25,-5.66,1.08,-11.06,0.0,8.87
2021-12-26,-1.4,2.99,-4.78,0.01,5.08
2021-12-27,0.17,4.77,-2.52,0.05,8.92
2021-12-28,0.56,5.29,-1.46,0.0,8.83
2021-12-29,1.38,7.55,-1.19,0.03,7.67
2021-12-30,1.65,7.78,-1.9,0.02,8.07
2021-12-31,2.58,8.94,-2.53,0.0,8.71
2022-01-01,2.2,8.34,-1.86,0.19,5.73
2022-01-02,2.39,7.21,-2.94,0.53,6.64
2022-01-03,0.15,6.47,-3.62,0.0,9.83
2022-01-04,2.44,7.73,-0.87,0.0,8.0
2022-01-05,3.48,11.73,-1.4,0.0,9.89
2022-01-06,5.98,12.54,2.05,0.0,9.66
2022-01-07,5.03,9.25,2.45,0.03,6.02
2022-01-08,5.05,11.32,2.15,0.32,7.41
2022-01-09,4.92,11.14,1.34,3.5,9.62
2022-01-10,4.06,8.36,1.96,0.47,6.58
2022-01-11,4.61,9.68,1.38,2.36,5.81
2022-01-12,2.16,3.7,-0.53,9.75,2.89
2022-01-13,-2.3,1.58,-7.53,0.25,6.22
2022-01-14,-4.48,0.35,-7.52,0.0,10.57
2022-01-15,-2.76,1.67,-5.23,0.08,7.08
2022-01-16,-3.86,-0.34,-7.37,0.04,8.73
2022-01-17,-4.15,1.39,-8.73,0.0,11.31
2022-01-18,-2.91,0.79,-8.42,0.64,4.17
2022-01-19,-6.63,-2.87,-9.13,0.06,7.12
2022-01-20,-6.4,-1.35,-10.41,0.0,10.69
2022-01-21,-1.96,6.17,-8.59,0.24,4.37
2022-01-22,0.12,3.43,-4.06,10.59,3.01
2022-01-23,-5.18,-3.26,-6.78,5.43,3.04
2022-01-24,-7.26,-5.1,-9.09,0.44,4.51
2022-01-25,-7.88,-5.43,-9.57,4.23,3.24
2022-01-26,-7.09,-2.88,-11.36,1.27,6.87
2022-01-27,-8.84,-3.33,-13.58,0.05,7.54
2022-01-28,-8.98,-4.04,-14.79,0.01,4.8
2022-01-29,-10.45,-4.55,-15.58,0.01,6.83
2022-01-30,-3.73,1.85,-10.89,1.25,6.09
2022-01-31,-2.19,1.21,-7.65,5.55,3.79
2022-02-01,-3.04,2.69,-10.19,0.02,3.16
2022-02-02,1.28,4.98,-1.25,0.25,3.86
2022-02-03,1.42,5.05,-1.22,1.15,3.99
2022-02-04,-1.75,1.47,-7.07,1.31,6.11
2022-02-05,-3.7,1.69,-7.38,0.0,12.8
2022-02-06,-1.19,4.61,-5.34,0.0,13.14
2022-02-07,0.31,8.54,-5.77,0.23,13.37
2022-02-08,4.06,10.17,0.02,3.14,5.95
2022-02-09,-0.22,2.89,-3.76,9.16,4.05
2022-02-10,-2.26,3.61,-5.35,0.28,11.44
2022-02-11,-2.26,3.92,-5.63,0.0,14.42
2022-02-12,0.77,9.65,-4.3,0.0,14.71
2022-02-13,0.9,7.77,-3.04,0.0,13.11
2022-02-14,0.69,5.87,-2.81,0.0,4.81
2022-02-15,0.11,5.06,-3.84,0.0,4.22
2022-02-16,-1.03,5.25,-4.48,0.0,14.87
2022-02-17,-0.56,5.83,-4.21,0.0,13.23
2022-02-18,2.03,9.02,-1.6,4.71,8.4
2022-02-19,1.53,7.12,-2.47,0.2,11.21
2022-02-20,1.99,8.5,-3.2,0.0,13.53
2022-02-21,4.8,11.29,-0.22,0.01,15.11
2022-02-22,5.76,11.76,2.0,2.18,7.91
2022-02-23,5.81,12.79,0.62,0.19,11.69
2022-02-24,5.51,11.25,1.6,10.63,5.69
2022-02-25,1.74,4.1,-1.63,4.17,3.81
2022-02-26,1.73,7.65,-2.59,0.23,9.9
2022-02-27,4.75,10.96,-0.33,0.06,11.49
2022-02-28,4.98,11.59,0.56,5.93,6.02
2022-03-01,2.59,7.29,-1.38,2.17,8.89
2022-03-02,1.29,4.07,-0.09,9.15,7.75
2022-03-03,-1.91,1.32,-6.74,9.45,8.2
2022-03-04,-2.81,2.05,-7.46,0.01,12.85
2022-03-05,0.46,6.92,-5.62,0.02,12.78
2022-03-06,2.96,8.13,-2.11,0.01,12.15
2022-03-07,4.03,10.18,-1.39,3.98,9.41
2022-03-08,2.68,8.11,-2.33,0.91,14.37
2022-03-09,1.45,5.92,-1.71,1.78,11.35
2022-03-10,-2.48,-0.01,-3.9,4.07,10.63
2022-03-11,-4.56,-1.71,-8.56,2.67,14.07
2022-03-12,-6.25,-2.59,-9.51,0.12,15.57
2022-03-13,-6.2,-2.86,-9.42,0.11,13.38
2022-03-14,-4.8,0.7,-10.85,0.0,16.28
2022-03-15,-3.68,1.07,-7.62,0.03,17.26
2022-03-16,-1.69,4.11,-6.92,0.0,18.53
2022-03-17,0.17,3.86,-2.39,0.15,11.53
2022-03-18,-3.58,-0.64,-6.73,0.06,16.5
2022-03-19,-5.52,-1.17,-9.92,0.07,16.48
2022-03-20,-3.39,2.51,-9.26,0.22,16.4
2022-03-21,-2.19,2.2,-6.15,0.36,20.49
2022-03-22,-1.64,2.44,-4.61,0.07,12.59
2022-03-23,-0.98,3.69,-5.6,0.0,13.35
2022-03-24,-0.59,3.13,-3.89,0.49,12.77
2022-03-25,1.09,7.79,-4.28,0.05,18.71
2022-03-26,-0.16,3.63,-3.2,0.34,13.42
2022-03-27,1.88,9.51,-4.14,0.0,23.56
2022-03-28,5.58,14.1,-2.0,0.0,23.04
2022-03-29,4.85,10.55,-0.56,0.24,8.44
2022-03-30,6.57,14.22,0.24,0.08,20.76
2022-03-31,9.07,18.83,1.09,0.0,14.33
2022-04-01,10.71,20.32,3.17,0.0,14.82
2022-04-02,12.6,20.87,6.71,0.0,20.6
2022-04-03,10.44,18.07,4.21,0.0,18.07
2022-04-04,9.37,16.82,1.83,0.0,22.7
2022-04-05,11.03,20.33,6.24,0.0,13.43
2022-04-06,11.23,18.54,4.65,0.0,23.7
2022-04-07,10.42,18.8,5.19,0.91,11.75
2022-04-08,9.34,14.36,4.44,1.0,15.76
2022-04-09,11.82,21.18,2.37,0.0,25.59
2022-04-10,13.59,20.76,7.45,0.13,23.69
2022-04-11,6.56,13.96,0.81,1.8,16.49
2022-04-12,2.42,7.11,-1.85,0.29,18.13
2022-04-13,2.14,8.49,-3.47,0.0,20.32
2022-04-14,5.72,13.5,-2.66,0.0,26.26
2022-04-15,8.94,17.28,0.32,0.0,25.37
2022-04-16,11.77,19.63,2.43,0.0,21.1
2022-04-17,12.58,20.31,5.54,0.0,5.76
2022-04-18,14.79,23.35,8.24,0.05,23.41
2022-04-19,9.28,14.41,5.16,1.01,13.03
2022-04-20,8.78,15.46,2.61,0.01,25.97
2022-04-21,10.06,17.8,1.81,0.0,24.11
2022-04-22,13.29,21.45,6.25,0.0,22.79
2022-04-23,16.28,25.84,6.75,0.0,20.86
2022-04-24,17.38,26.03,8.76,0.0,26.83
2022-04-25,17.89,27.68,10.83,0.0,27.55
2022-04-26,17.18,25.24,8.44,0.0,25.11
2022-04-27,17.61,25.47,10.66,0.22,24.43
2022-04-28,17.37,25.36,10.24,0.06,25.64
2022-04-29,18.0,25.51,10.19,0.09,23.61
2022-04-30,14.54,19.47,9.8,0.49,10.27
2022-05-01,12.4,17.68,7.72,0.43,9.1
2022-05-02,11.87,19.49,5.31,3.15,18.88
2022-05-03,14.69,20.52,8.32,2.61,17.33
2022-05-04,10.56,13.13,6.5,4.09,10.13
2022-05-05,9.19,14.93,5.07,0.12,17.5
2022-05-06,8.06,13.25,3.1,0.33,17.65
2022-05-07,8.64,14.93,2.08,0.01,18.22
2022-05-08,11.09,19.29,1.85,0.0,26.48
2022-05-09,12.97,20.59,6.67,0.0,26.34
2022-05-10,12.5,20.68,4.27,0.0,28.23
2022-05-11,13.28,20.23,6.0,0.48,20.54
2022-05-12,13.62,20.99,4.73,0.15,29.13
2022-05-13,15.7,23.93,7.06,0.0,30.25
2022-05-14,17.43,25.7,7.43,0.2,28.38
2022-05-15,14.47,20.17,9.81,3.54,13.44
2022-05-16,15.6,23.0,7.91,0.44,24.49
2022-05-17,15.7,20.93,10.45,3.55,23.36
2022-05-18,17.75,26.49,8.17,0.03,28.32
2022-05-19,9.7,14.83,4.88,2.41,14.0
2022-05-20,11.13,19.39,2.61,0.0,30.99
2022-05-21,15.63,24.05,5.84,0.0,31.07
2022-05-22,17.67,26.13,9.26,0.02,29.93
2022-05-23,15.54,22.92,9.28,0.84,21.83
2022-05-24,14.73,22.43,6.76,0.0,29.78
2022-05-25,16.95,24.5,9.43,0.0,26.94
2022-05-26,19.52,28.69,9.29,0.0,29.7
2022-05-27,19.82,27.26,11.82,0.01,25.45
2022-05-28,20.85,28.3,12.04,0.0,29.35
2022-05-29,23.18,30.7,16.32,0.17,28.1
2022-05-30,24.19,32.96,16.63,0.18,28.09
2022-05-31,22.83,31.28,14.32,0.0,28.05
2022-06-01,22.55,31.29,13.85,0.12,26.29
2022-06-02,22.9,32.17,14.4,0.93,27.06
2022-06-03,22.67,31.56,14.01,1.94,24.42
2022-06-04,22.92,31.74,13.73,0.71,27.13
2022-06-05,21.36,27.33,14.97,2.35,26.04
2022-06-06,21.13,28.06,14.13,2.44,24.14
2022-06-07,18.95,23.6,13.9,15.07,21.46
2022-06-08,20.23,26.38,13.21,4.69,23.94
2022-06-09,20.72,27.91,12.0,0.07,28.67
2022-06-10,21.69,27.45,14.87,2.4,24.56
2022-06-11,21.71,29.33,15.56,5.51,18.98
2022-06-12,16.89,20.59,12.81,1.28,20.5
2022-06-13,17.13,21.46,12.16,2.43,19.31
2022-06-14,17.53,21.04,12.84,2.05,19.05
2022-06-15,20.02,26.19,13.02,1.21,25.95
2022-06-16,20.28,27.19,13.05,0.22,26.02
2022-06-17,20.47,27.01,13.16,0.7,24.06
2022-06-18,22.12,29.85,13.32,0.93,27.53
2022-06-19,21.08,28.79,13.44,1.37,28.53
2022-06-20,22.69,30.58,13.94,0.24,29.16
2022-06-21,19.05,23.49,13.94,4.23,22.09
2022-06-22,20.02,28.65,11.38,0.14,28.22
2022-06-23,20.3,26.98,13.52,0.02,29.81
2022-06-24,18.37,24.11,13.74,0.01,24.45
2022-06-25,17.56,24.42,11.76,0.01,20.27
2022-06-26,17.21,24.01,10.98,0.05,20.66
2022-06-27,17.07,22.85,11.33,2.86,18.35
2022-06-28,18.3,24.23,13.51,3.81,19.81
2022-06-29,18.17,24.45,12.36,0.48,20.1
2022-06-30,19.93,26.59,12.52,6.95,22.73
2022-07-01,20.02,26.02,14.13,2.76,22.02
2022-07-02,21.05,29.27,12.79,0.0,30.57
2022-07-03,19.55,28.24,11.75,0.0,32.45
2022-07-04,18.54,28.15,8.59,0.0,32.35
2022-07-05,19.55,29.24,9.72,0.0,31.79
2022-07-06,20.98,29.83,11.04,0.0,31.11
2022-07-07,22.85,31.05,13.51,0.02,27.19
2022-07-08,23.82,30.94,15.61,2.35,24.68
2022-07-09,24.38,31.76,17.14,4.22,26.0
2022-07-10,20.37,25.42,14.52,6.93,23.15
2022-07-11,19.98,27.62,12.34,0.0,27.97
2022-07-12,21.47,28.86,14.03,0.0,27.26
2022-07-13,22.12,29.61,13.61,0.0,26.7
2022-07-14,21.83,28.95,15.94,0.0,28.72
2022-07-15,20.61,28.29,12.13,0.0,29.75
2022-07-16,22.13,29.64,13.61,0.0,29.57
2022-07-17,22.58,29.81,14.61,0.0,25.67
2022-07-18,21.81,28.43,15.15,0.0,24.06
2022-07-19,20.92,27.73,14.15,0.0,25.3
2022-07-20,20.5,28.1,12.56,0.0,30.01
2022-07-21,20.46,28.13,12.19,0.0,30.2
2022-07-22,21.93,29.63,13.59,0.0,30.1
2022-07-23,21.96,29.81,13.7,0.0,30.23
2022-07-24,21.18,29.12,13.34,0.0,30.41
2022-07-25,21.93,30.22,13.08,0.0,29.77
2022-07-26,22.77,30.58,14.05,0.0,28.19
2022-07-27,24.2,33.39,14.36,0.0,29.6
2022-07-28,25.6,35.35,14.8,0.0,29.54
2022-07-29,25.97,35.5,15.73,0.0,28.81
2022-07-30,25.8,34.8,16.01,0.0,28.22
2022-07-31,26.52,35.26,17.07,0.0,28.21
2022-08-01,26.58,34.61,18.3,0.0,26.21
2022-08-02,26.57,34.27,20.56,0.0,25.76
2022-08-03,27.14,34.71,20.16,0.01,25.15
2022-08-04,28.31,36.39,19.76,0.28,23.81
2022-08-05,28.35,35.85,20.63,1.11,25.76
2022-08-06,28.06,35.48,19.82,0.35,23.73
2022-08-07,25.51,30.96,20.32,3.06,22.93
2022-08-08,25.48,32.51,18.73,0.1,24.37
2022-08-09,25.54,32.71,17.94,0.25,22.74
2022-08-10,25.27,31.66,18.3,0.28,21.01
2022-08-11,23.95,29.91,18.01,0.02,25.46
2022-08-12,24.49,31.38,16.65,0.0,25.39
2022-08-13,26.73,33.01,19.53,0.17,23.51
2022-08-14,27.58,33.94,19.24,0.27,22.55
2022-08-15,25.39,31.95,18.98,2.27,22.18
2022-08-16,23.96,31.58,16.26,0.0,26.27
2022-08-17,25.25,33.06,16.87,0.0,25.32
2022-08-18,25.58,33.14,17.75,0.0,24.7
2022-08-19,25.51,32.28,18.99,0.0,24.13
2022-08-20,25.34,31.76,18.13,0.0,23.74
2022-08-21,27.21,33.89,20.89,0.63,22.56
2022-08-22,28.37,35.27,20.69,0.09,21.0
2022-08-23,28.35,35.7,20.41,0.0,22.23
2022-08-24,27.88,35.92,20.05,0.36,20.61
2022-08-25,25.29,31.72,19.02,1.06,23.38
2022-08-26,25.63,32.82,18.18,0.15,21.39
2022-08-27,24.74,31.76,17.5,0.05,22.88
2022-08-28,26.13,32.99,18.57,0.54,20.02
2022-08-29,27.0,34.88,19.31,0.0,23.14
2022-08-30,26.92,35.8,18.97,0.0,24.03
2022-08-31,25.83,35.73,17.34,0.0,24.51
2022-09-01,24.76,33.51,16.71,0.0,24.05
2022-09-02,24.99,33.72,15.65,0.01,23.67
2022-09-03,25.29,33.25,16.17,0.0,23.12
2022-09-04,23.76,30.73,17.61,0.0,22.9
2022-09-05,21.95,28.07,16.93,1.12,19.36
2022-09-06,19.31,25.7,14.62,0.12,17.75
2022-09-07,16.63,23.79,10.88,0.0,23.13
2022-09-08,17.1,25.3,9.1,0.0,24.4
2022-09-09,19.98,28.49,10.1,0.0,23.87
2022-09-10,23.64,31.25,14.77,0.0,23.29
2022-09-11,24.81,32.68,17.7,0.0,22.78
2022-09-12,22.39,31.07,15.24,0.15,18.53
2022-09-13,18.66,25.16,13.46,0.05,21.97
2022-09-14,17.29,25.06,9.7,0.0,22.61
2022-09-15,20.7,28.89,10.76,0.0,22.24
2022-09-16,24.92,33.48,15.87,0.0,21.6
2022-09-17,25.48,34.5,16.15,0.0,21.56
2022-09-18,25.34,34.67,16.59,0.0,21.38
2022-09-19,20.95,27.4,14.97,0.0,19.13
2022-09-20,20.65,27.83,13.57,0.04,18.4
2022-09-21,17.36,23.33,12.44,0.53,14.99
2022-09-22,14.7,21.45,8.88,2.49,11.86
2022-09-23,12.83,19.54,6.64,0.21,20.63
2022-09-24,13.17,19.69,6.91,0.05,20.78
2022-09-25,14.91,23.9,7.47,0.0,21.1
2022-09-26,16.92,27.32,8.3,0.0,20.87
2022-09-27,18.8,29.52,9.43,0.0,19.32
2022-09-28,20.06,26.13,13.86,1.51,14.11
2022-09-29,20.38,27.61,14.9,0.84,16.63
2022-09-30,22.16,29.28,16.03,0.0,17.84
2022-10-01,22.16,29.44,16.27,0.0,19.06
2022-10-02,21.58,32.42,13.32,0.4,10.88
2022-10-03,15.52,22.99,9.2,0.0,19.03
2022-10-04,15.6,22.84,8.38,0.01,14.66
2022-10-05,14.72,20.28,9.36,0.04,11.25
2022-10-06,14.26,20.34,9.39,0.0,12.46
2022-10-07,12.49,17.35,8.89,1.73,5.1
2022-10-08,12.25,16.49,9.88,5.28,5.77
2022-10-09,13.23,18.95,9.28,0.14,7.94
2022-10-10,13.46,19.74,8.96,0.0,16.76
2022-10-11,13.96,21.7,6.09,0.0,16.77
2022-10-12,14.16,21.0,8.92,0.0,11.76
2022-10-13,13.63,21.54,7.09,0.0,16.09
2022-10-14,13.45,19.82,7.73,0.34,11.6
2022-10-15,14.37,19.46,10.94,0.4,9.09
2022-10-16,14.03,17.52,11.61,4.84,5.25
2022-10-17,13.94,19.37,10.85,2.34,5.91
2022-10-18,13.99,21.14,9.71,1.32,10.66
2022-10-19,13.67,19.02,9.74,0.27,12.69
2022-10-20,12.0,18.03,6.73,0.04,9.69
2022-10-21,8.19,14.33,2.89,0.0,15.99
2022-10-22,6.27,13.78,0.2,0.0,16.8
2022-10-23,8.51,16.26,0.99,0.0,14.01
2022-10-24,11.13,18.72,4.3,0.0,15.34
2022-10-25,11.66,18.58,4.43,0.0,15.38
2022-10-26,11.77,19.23,5.87,0.0,14.81
2022-10-27,10.93,18.9,5.08,0.0,13.04
2022-10-28,8.66,15.96,3.83,0.0,14.71
2022-10-29,7.15,15.26,1.96,0.0,15.0
2022-10-30,8.37,17.63,0.95,0.0,14.62
2022-10-31,10.2,19.32,4.33,0.0,13.9
2022-11-01,8.49,16.73,3.41,0.0,14.32
2022-11-02,8.64,17.16,2.2,0.0,14.19
2022-11-03,9.58,19.44,1.78,0.0,13.49
2022-11-04,9.83,18.09,3.63,0.0,12.85
2022-11-05,11.66,20.86,5.15,0.0,13.26
2022-11-06,10.71,19.53,4.31,0.0,12.53
2022-11-07,9.89,14.43,6.36,1.32,6.71
2022-11-08,9.07,14.11,4.87,0.17,10.26
2022-11-09,8.67,14.3,4.88,0.2,8.6
2022-11-10,7.51,14.85,1.51,0.0,12.43
2022-11-11,7.33,14.55,1.28,0.0,12.18
2022-11-12,6.7,15.87,-0.63,0.0,11.8
2022-11-13,6.04,14.68,-0.08,0.0,12.23
2022-11-14,5.45,14.42,-0.92,0.0,12.13
2022-11-15,4.89,13.79,-0.83,0.0,10.85
2022-11-16,6.87,15.47,0.43,0.0,11.38
2022-11-17,7.66,15.67,0.82,0.05,9.85
2022-11-18,10.27,15.63,6.38,0.41,4.91
2022-11-19,11.41,19.18,6.25,0.06,5.77
2022-11-20,11.56,18.8,7.66,0.0,8.02
2022-11-21,11.56,17.73,7.64,0.51,5.35
2022-11-22,10.09,15.13,4.79,1.69,8.08
2022-11-23,8.53,16.72,3.38,0.0,8.41
2022-11-24,8.24,12.83,5.61,5.24,2.02
2022-11-25,6.18,8.87,4.13,1.78,3.65
2022-11-26,3.91,9.34,-0.59,0.19,8.53
2022-11-27,3.14,10.23,-1.82,0.0,9.67
2022-11-28,3.82,10.89,-1.4,0.0,9.75
2022-11-29,7.59,15.32,2.57,0.03,4.63
2022-11-30,7.67,15.43,1.92,0.0,8.55
2022-12-01,8.16,14.74,3.72,0.07,5.76
2022-12-02,7.18,13.2,2.98,0.05,8.75
2022-12-03,6.12,12.29,1.85,0.0,6.44
2022-12-04,5.42,12.71,0.78,0.0,7.17
2022-12-05,3.91,10.56,0.15,0.0,8.4
2022-12-06,2.28,7.96,-1.15,0.0,8.34
2022-12-07,4.29,11.75,-2.17,0.0,8.73
2022-12-08,5.49,12.2,1.8,0.0,9.02
2022-12-09,6.25,13.0,1.77,0.0,6.75
2022-12-10,6.86,14.25,2.24,0.09,4.83
2022-12-11,8.53,14.01,5.48,2.57,3.01
2022-12-12,8.53,12.03,6.13,2.18,4.83
2022-12-13,8.74,14.65,4.06,2.18,4.28
2022-12-14,5.56,7.39,2.25,10.23,3.14
2022-12-15,8.03,14.95,3.56,0.7,6.57
2022-12-16,8.58,15.01,5.05,0.0,7.32
2022-12-17,8.39,16.11,3.17,0.0,7.77
2022-12-18,8.39,15.17,4.15,0.0,6.12
2022-12-19,4.38,8.14,0.7,0.06,2.22
2022-12-20,-0.98,4.02,-5.25,0.08,6.29
2022-12-21,-1.33,5.44,-5.6,0.0,6.41
2022-12-22,-0.55,6.52,-3.59,0.0,2.4
2022-12-23,0.66,8.34,-3.18,0.0,3.1
2022-12-24,1.45,8.2,-3.43,0.03,4.88
2022-12-25,0.98,6.25,-2.6,0.95,3.98
2022-12-26,1.48,6.18,-2.68,0.24,5.39
2022-12-27,0.37,7.8,-3.06,0.0,9.8
2022-12-28,2.55,8.54,-2.61,0.0,6.5
2022-12-29,2.78,10.45,-1.07,0.0,9.27
2022-12-30,1.56,9.28,-2.56,0.0,9.34
2022-12-31,2.22,9.91,-2.85,0.0,6.08
2023-01-01,0.56,9.22,-3.88,0.0,9.71
2023-01-02,-0.29,7.67,-5.73,0.0,9.86
2023-01-03,-0.11,7.4,-4.19,0.0,10.18
2023-01-04,0.42,7.0,-2.75,0.0,9.95
2023-01-05,0.66,7.64,-3.28,0.0,9.77
2023-01-06,0.92,5.88,-2.37,0.14,4.42
2023-01-07,0.23,5.65,-3.72,0.0,5.14
2023-01-08,-1.1,4.65,-3.85,0.0,4.54
2023-01-09,-1.6,4.25,-4.35,0.0,4.16
2023-01-10,1.16,9.25,-3.87,0.02,9.56
2023-01-11,2.87,6.83,-0.3,0.3,3.5
2023-01-12,2.54,7.86,-0.37,0.23,5.81
2023-01-13,2.16,9.17,-2.38,0.11,8.56
2023-01-14,1.59,8.98,-3.6,0.0,10.6
2023-01-15,1.71,9.07,-2.35,0.0,9.71
2023-01-16,2.11,10.11,-3.13,0.11,10.74
2023-01-17,3.26,12.01,-1.79,0.0,9.32
2023-01-18,5.38,13.33,1.49,0.0,10.34
2023-01-19,5.08,13.16,0.96,0.0,11.18
2023-01-20,5.04,16.36,-1.62,0.0,11.79
2023-01-21,3.48,10.95,-0.34,0.0,11.19
2023-01-22,4.46,12.48,-1.65,0.0,11.27
2023-01-23,4.69,10.99,-0.78,0.0,11.16
2023-01-24,4.52,10.84,-0.25,0.0,11.78
2023-01-25,1.43,7.79,-2.89,0.0,5.55
2023-01-26,1.89,9.73,-3.51,0.03,10.11
2023-01-27,5.56,13.15,0.35,0.78,3.71
2023-01-28,3.92,9.32,0.42,3.51,10.05
2023-01-29,1.09,5.71,-3.2,0.21,8.21
2023-01-30,-0.63,3.9,-4.07,0.48,7.17
2023-01-31,-1.0,2.8,-3.77,3.9,5.33
2023-02-01,-2.19,0.97,-5.51,0.62,6.45
2023-02-02,-2.79,1.33,-6.02,0.18,7.41
2023-02-03,-0.69,5.24,-4.9,5.1,6.61
2023-02-04,-3.45,1.04,-6.69,1.67,5.76
2023-02-05,-1.6,2.62,-5.75,1.32,6.77
2023-02-06,-1.77,0.47,-3.39,6.17,1.52
2023-02-07,-3.94,-0.78,-7.86,0.61,7.95
2023-02-08,-6.07,-1.18,-10.32,0.02,10.73
2023-02-09,-4.39,-0.23,-7.55,0.03,7.37
2023-02-10,-4.58,0.3,-9.16,0.02,5.99
2023-02-11,-5.25,0.67,-10.69,0.0,7.38
2023-02-12,-5.0,0.2,-9.69,0.0,8.47
2023-02-13,-3.75,2.95,-9.54,0.0,10.25
2023-02-14,-2.98,3.46,-8.24,0.0,13.72
2023-02-15,-2.26,2.45,-5.5,0.02,8.91
2023-02-16,-2.3,2.13,-5.94,0.0,8.84
2023-02-17,-0.93,6.3,-7.45,0.0,12.62
2023-02-18,2.22,10.37,-2.83,0.0,13.3
2023-02-19,4.58,14.17,-1.69,0.0,13.49
2023-02-20,2.79,10.54,-1.03,0.74,6.18
2023-02-21,3.74,12.17,-1.1,0.0,14.47
2023-02-22,5.8,14.73,-2.15,0.0,16.26
2023-02-23,5.77,13.43,-0.94,0.0,15.46
2023-02-24,5.18,12.67,-1.82,0.0,13.42
2023-02-25,5.85,14.02,-0.28,0.0,12.98
2023-02-26,6.38,15.92,0.82,0.0,14.26
2023-02-27,8.2,19.38,0.34,0.0,11.88
2023-02-28,9.35,15.24,4.05,0.01,10.13
2023-03-01,12.62,21.2,6.57,0.0,12.99
2023-03-02,10.87,18.48,3.85,0.03,13.4
2023-03-03,9.79,16.93,4.53,0.38,15.59
2023-03-04,7.78,14.94,1.48,0.06,12.05
2023-03-05,7.82,14.84,2.71,5.65,4.29
2023-03-06,4.56,9.27,0.66,0.77,11.22
2023-03-07,5.05,11.03,-0.9,0.0,14.18
2023-03-08,7.65,12.93,2.55,0.0,14.24
2023-03-09,8.93,15.22,4.29,0.0,14.65
2023-03-10,9.48,16.04,3.59,0.01,15.2
2023-03-11,9.85,15.85,4.66,0.86,7.34
2023-03-12,6.63,9.26,3.56,15.02,4.49
2023-03-13,3.44,6.28,-0.12,5.24,5.89
2023-03-14,3.75,11.18,-1.7,0.2,9.4
2023-03-15,5.89,14.28,-0.06,0.04,16.71
2023-03-16,6.66,13.8,0.94,0.36,11.84
2023-03-17,6.22,10.65,2.32,12.34,3.64
2023-03-18,4.48,9.57,1.32,3.49,10.95
2023-03-19,4.02,7.32,2.24,3.66,4.46
2023-03-20,6.11,14.85,-0.02,0.66,19.94
2023-03-21,7.14,15.44,-0.92,0.0,20.47
2023-03-22,7.11,14.09,0.65,0.2,7.9
2023-03-23,6.81,12.23,3.13,0.6,10.32
2023-03-24,8.01,14.66,1.66,0.63,15.67
2023-03-25,9.28,16.7,2.84,0.0,20.8
2023-03-26,9.66,18.26,1.33,0.51,17.44
2023-03-27,10.35,20.03,3.44,0.12,20.79
2023-03-28,9.46,15.17,5.0,4.89,11.49
2023-03-29,1.08,4.62,-3.01,3.21,8.78
2023-03-30,-2.13,1.96,-5.34,0.12,15.14
2023-03-31,1.03,8.51,-7.08,0.05,23.93
2023-04-01,8.6,17.91,-0.02,0.02,20.04
2023-04-02,9.96,15.06,4.83,0.45,13.78
2023-04-03,12.72,21.14,5.49,0.11,19.62
2023-04-04,13.17,21.87,7.27,1.38,13.72
2023-04-05,9.85,15.12,6.46,1.73,14.7
2023-04-06,7.35,11.87,2.67,2.89,18.37
2023-04-07,6.2,10.23,1.24,2.28,14.26
2023-04-08,7.37,15.12,-0.17,0.0,22.16
2023-04-09,11.33,18.41,4.48,2.74,15.56
2023-04-10,9.08,14.98,3.47,7.45,6.34
2023-04-11,7.43,13.34,2.64,3.37,15.47
2023-04-12,5.76,11.53,0.28,1.56,17.43
2023-04-13,7.35,12.54,2.88,0.02,17.31
2023-04-14,11.1,20.72,1.43,0.0,25.33
2023-04-15,14.07,21.99,4.78,0.16,22.6
2023-04-16,14.21,22.47,8.32,0.59,16.99
2023-04-17,14.58,23.05,7.96,0.01,15.27
2023-04-18,13.55,19.27,9.19,0.48,15.71
2023-04-19,13.95,22.31,6.71,0.45,20.76
2023-04-20,9.07,13.06,5.29,1.86,15.36
2023-04-21,9.23,14.53,2.91,0.54,19.3
2023-04-22,9.54,15.28,2.51,1.59,21.22
2023-04-23,9.39,14.89,4.94,2.89,13.73
2023-04-24,9.64,17.01,2.33,0.22,25.64
2023-04-25,11.63,18.85,3.2,0.47,20.19
2023-04-26,12.48,19.34,7.85,0.6,20.44
2023-04-27,9.86,16.91,5.15,9.6,8.44
2023-04-28,6.65,13.02,1.46,0.21,13.25
2023-04-29,5.6,11.86,0.17,0.07,13.65
2023-04-30,6.08,13.87,-1.76,0.0,15.47
2023-05-01,8.97,17.15,1.3,0.0,28.07
2023-05-02,11.32,19.31,1.42,0.0,29.92
2023-05-03,13.99,22.96,5.68,0.0,29.25
2023-05-04,14.32,22.49,6.27,0.45,17.47
2023-05-05,15.58,24.65,7.42,0.1,18.97
2023-05-06,15.51,22.41,9.36,1.24,25.64
2023-05-07,11.39,17.08,7.15,1.92,18.18
2023-05-08,13.39,20.13,5.3,0.14,22.37
2023-05-09,15.53,22.84,7.14,0.24,23.48
2023-05-10,14.31,20.27,9.7,1.52,18.94
2023-05-11,15.29,22.59,8.08,3.11,15.59
2023-05-12,13.42,19.15,8.79,13.7,15.51
2023-05-13,12.64,19.97,7.94,0.63,18.57
2023-05-14,13.68,22.02,5.35,0.0,29.12
2023-05-15,15.86,22.37,7.88,0.0,24.42
2023-05-16,19.57,27.82,11.67,0.0,28.17
2023-05-17,19.08,27.76,12.53,6.65,20.97
2023-05-18,16.06,23.05,9.56,0.74,22.16
2023-05-19,12.96,18.56,8.46,3.88,19.62
2023-05-20,13.07,18.2,7.8,3.42,17.89
2023-05-21,15.83,21.03,9.46,1.92,21.56
2023-05-22,14.73,19.07,11.58,4.0,18.34
2023-05-23,13.74,17.13,10.34,10.19,11.15
2023-05-24,14.55,20.17,8.12,2.37,21.03
2023-05-25,15.66,21.63,9.45,4.11,21.54
2023-05-26,16.09,20.49,9.7,0.58,20.05
2023-05-27,18.61,25.71,10.8,0.66,25.39
2023-05-28,16.28,23.64,11.28,3.2,20.34
2023-05-29,16.71,22.9,10.67,6.66,18.57
2023-05-30,15.63,20.04,12.7,10.25,12.42
2023-05-31,16.14,20.82,10.81,2.27,22.31
2023-06-01,16.43,21.24,12.05,2.57,19.48
2023-06-02,16.87,22.03,11.06,1.02,23.62
2023-06-03,18.43,24.97,13.22,11.94,15.77
2023-06-04,15.22,18.8,12.2,4.58,15.23
2023-06-05,15.33,20.0,11.56,1.4,15.82
2023-06-06,16.63,23.16,10.41,0.22,23.43
2023-06-07,18.48,26.38,10.46,0.0,31.03
2023-06-08,19.62,25.88,11.24,0.25,27.05
2023-06-09,20.06,24.78,15.95,1.68,21.44
2023-06-10,19.37,23.65,14.22,1.14,25.11
2023-06-11,17.91,21.42,15.26,9.03,17.73
2023-06-12,16.42,19.45,13.23,0.57,25.0
2023-06-13,16.79,21.36,12.15,4.08,21.35
2023-06-14,16.71,20.54,13.06,7.27,19.0
2023-06-15,18.88,25.61,10.71,0.0,29.69
2023-06-16,21.89,28.62,13.47,0.19,27.26
2023-06-17,21.41,28.93,14.5,0.33,27.63
2023-06-18,19.03,24.81,14.08,0.61,23.39
2023-06-19,17.13,20.56,13.86,11.72,12.16
2023-06-20,17.6,23.25,12.76,0.87,22.59
2023-06-21,17.98,23.52,12.59,2.62,16.59
2023-06-22,18.17,24.77,10.79,0.04,29.72
2023-06-23,18.2,26.04,10.14,0.0,31.27
2023-06-24,20.08,28.11,10.43,0.0,32.1
2023-06-25,22.02,29.82,12.38,0.0,31.37
2023-06-26,22.45,29.5,16.73,2.85,27.42
2023-06-27,21.16,27.27,14.02,0.0,28.63
2023-06-28,22.37,29.01,15.35,0.44,25.88
2023-06-29,21.49,28.52,15.26,1.03,29.82
2023-06-30,19.59,26.0,13.76,0.0,27.38
2023-07-01,20.68,28.69,10.84,0.0,31.36
2023-07-02,23.52,31.51,14.29,0.0,30.86
2023-07-03,25.56,33.4,16.54,0.25,27.67
2023-07-04,25.26,32.63,17.44,0.15,27.91
2023-07-05,25.15,33.36,16.64,0.0,29.59
2023-07-06,24.82,33.61,15.36,0.13,30.13
2023-07-07,23.22,28.93,17.27,0.34,19.7
2023-07-08,21.36,27.5,15.63,3.47,21.23
2023-07-09,18.45,24.08,13.91,0.64,15.82
2023-07-10,19.14,26.82,12.46,0.02,25.18
2023-07-11,18.89,26.52,10.66,0.0,29.69
2023-07-12,21.88,30.49,12.36,0.0,29.0
2023-07-13,23.88,32.81,15.15,0.0,30.53
2023-07-14,24.71,33.96,15.03,0.0,30.34
2023-07-15,24.72,33.26,16.32,0.0,29.79
2023-07-16,22.87,31.17,14.97,0.0,30.75
2023-07-17,22.39,30.6,14.56,0.0,30.74
2023-07-18,22.36,31.29,13.63,0.0,31.03
2023-07-19,21.88,30.91,12.7,0.0,30.72
2023-07-20,23.13,32.05,13.56,0.0,30.09
2023-07-21,25.28,33.8,15.79,0.0,27.97
2023-07-22,26.05,33.89,17.77,0.0,29.37
2023-07-23,26.61,35.05,16.54,0.0,28.73
2023-07-24,25.07,32.23,18.11,0.0,27.32
2023-07-25,23.54,31.91,15.31,0.0,30.22
2023-07-26,26.47,35.46,15.54,0.0,28.78
2023-07-27,28.96,38.46,19.4,0.01,24.86
2023-07-28,21.93,29.8,14.82,0.0,29.99
2023-07-29,23.71,32.28,14.51,0.0,29.28
2023-07-30,24.07,32.38,14.82,0.0,29.09
2023-07-31,25.25,33.38,15.4,0.0,28.84
2023-08-01,27.77,35.01,18.91,0.21,24.81
2023-08-02,27.88,34.88,20.6,0.65,27.27
2023-08-03,27.53,35.72,18.35,0.0,28.15
2023-08-04,27.4,35.25,18.5,0.0,28.4
2023-08-05,28.51,36.69,19.0,0.0,28.54
2023-08-06,29.59,38.48,20.07,0.04,26.8
2023-08-07,28.15,35.85,20.87,0.28,27.56
2023-08-08,28.75,38.16,19.85,0.0,26.81
2023-08-09,27.97,35.67,21.16,0.0,25.81
2023-08-10,28.71,36.64,20.73,0.0,24.95
2023-08-11,25.68,32.65,18.97,0.0,23.86
2023-08-12,26.7,35.02,19.24,0.0,24.9
2023-08-13,29.57,39.1,19.81,0.0,26.01
2023-08-14,32.26,41.41,23.03,0.05,22.91
2023-08-15,32.45,41.53,23.8,0.0,24.92
2023-08-16,31.28,40.41,21.81,0.0,25.03
2023-08-17,30.48,39.68,20.71,0.33,24.82
2023-08-18,31.12,39.36,24.23,0.0,25.49
2023-08-19,29.57,38.58,20.87,0.0,25.38
2023-08-20,28.45,36.94,20.2,0.0,25.81
2023-08-21,27.01,35.36,18.98,0.0,25.6
2023-08-22,26.57,34.31,19.44,0.0,25.59
2023-08-23,26.28,33.93,18.11,0.0,25.77
2023-08-24,26.44,34.54,18.08,0.01,24.73
2023-08-25,26.18,34.24,19.83,0.0,24.73
2023-08-26,24.54,32.83,16.87,0.0,25.46
2023-08-27,23.88,32.45,15.51,0.0,23.51
2023-08-28,23.91,32.27,16.2,0.02,24.25
2023-08-29,24.3,31.72,15.6,0.0,24.36
2023-08-30,26.61,35.02,17.87,0.0,24.28
2023-08-31,26.27,34.83,17.59,0.0,22.63
2023-09-01,25.54,32.99,17.73,0.0,22.63
2023-09-02,25.5,32.15,19.23,3.92,20.57
2023-09-03,20.44,24.68,17.2,5.07,8.71
2023-09-04,19.74,24.34,16.27,2.17,10.55
2023-09-05,22.38,30.12,15.76,0.22,20.87
2023-09-06,24.08,32.1,16.42,0.0,21.98
2023-09-07,23.36,30.75,16.54,0.01,21.98
2023-09-08,21.95,28.35,16.47,0.67,16.91
2023-09-09,21.85,28.62,15.0,0.07,21.56
2023-09-10,19.96,26.37,14.43,0.0,22.81
2023-09-11,17.15,24.93,10.17,0.0,23.88
2023-09-12,17.02,24.67,9.7,0.0,23.58
2023-09-13,17.2,24.98,9.66,0.0,23.48
2023-09-14,17.74,26.27,8.9,0.0,23.37
2023-09-15,18.53,27.09,8.34,0.0,22.95
2023-09-16,19.88,28.29,11.66,0.0,22.23
2023-09-17,18.44,26.31,11.14,0.0,21.59
2023-09-18,17.16,26.16,9.43,0.0,22.04
2023-09-19,16.59,25.57,8.17,0.0,21.96
2023-09-20,19.0,28.1,9.9,0.0,21.83
2023-09-21,19.82,28.74,10.93,0.0,21.52
2023-09-22,20.09,28.7,10.84,0.0,20.05
2023-09-23,21.01,30.11,12.15,0.0,20.45
2023-09-24,23.11,31.15,14.21,0.0,20.08
2023-09-25,22.78,31.42,13.16,0.0,19.95
2023-09-26,21.24,29.47,13.52,0.0,19.37
2023-09-27,21.59,29.86,12.56,0.37,18.74
2023-09-28,21.99,29.47,15.8,3.1,13.34
2023-09-29,19.35,25.61,13.59,1.44,17.36
2023-09-30,17.94,22.62,14.39,1.75,12.86
2023-10-01,15.27,18.15,13.16,6.68,9.67
2023-10-02,15.47,19.17,12.15,1.39,10.06
2023-10-03,15.52,19.99,12.5,0.16,13.12
2023-10-04,14.49,20.95,7.98,0.0,17.95
2023-10-05,14.74,21.88,8.03,0.0,18.27
2023-10-06,15.07,22.34,8.18,0.0,17.33
2023-10-07,14.78,21.39,8.22,0.0,15.78
2023-10-08,16.49,24.99,8.54,0.0,17.5
2023-10-09,13.8,21.02,7.21,0.0,9.79
2023-10-10,13.52,20.38,8.23,0.0,16.81
2023-10-11,11.84,19.32,6.01,0.0,16.3
2023-10-12,11.27,18.76,5.54,0.0,17.95
2023-10-13,13.96,22.43,6.62,0.0,17.49
2023-10-14,14.46,23.45,6.88,0.01,16.61
2023-10-15,15.43,21.18,10.91,0.48,13.23
2023-10-16,14.12,22.26,7.24,0.0,16.38
2023-10-17,14.13,21.48,8.19,0.0,14.31
2023-10-18,12.31,17.42,7.86,1.34,5.61
2023-10-19,11.62,18.39,7.14,0.21,12.37
2023-10-20,13.96,22.83,5.88,0.0,15.94
2023-10-21,16.68,25.71,8.85,0.0,14.76
2023-10-22,17.77,26.48,10.3,0.0,14.8
2023-10-23,18.3,25.8,10.85,0.0,14.55
2023-10-24,17.99,26.09,10.3,0.0,14.15
2023-10-25,17.7,27.77,9.98,0.0,11.66
2023-10-26,17.08,24.08,12.57,0.0,10.04
2023-10-27,17.58,26.04,11.18,0.0,12.91
2023-10-28,17.2,25.53,10.08,0.0,11.9
2023-10-29,16.96,23.88,10.63,0.0,12.5
2023-10-30,17.48,24.84,12.9,0.0,10.29
2023-10-31,17.35,24.46,11.65,0.01,11.6
2023-11-01,16.66,23.3,11.2,0.04,10.94
2023-11-02,15.11,21.77,9.95,0.73,7.08
2023-11-03,14.91,22.21,9.98,0.86,11.59
2023-11-04,16.28,25.35,10.85,0.0,12.15
2023-11-05,16.51,23.61,11.64,0.0,8.67
2023-11-06,15.42,21.78,10.84,0.0,11.31
2023-11-07,14.81,21.77,8.98,0.0,12.22
2023-11-08,14.71,22.23,8.86,0.0,12.52
2023-11-09,13.42,20.48,9.23,0.01,10.79
2023-11-10,12.88,18.17,9.1,0.02,9.36
2023-11-11,14.3,20.83,8.46,0.0,8.58
2023-11-12,13.53,19.91,9.94,0.55,5.51
2023-11-13,12.83,19.45,7.49,7.41,6.57
2023-11-14,9.82,15.09,5.48,2.56,10.09
2023-11-15,9.12,18.71,1.12,0.0,11.45
2023-11-16,7.59,16.99,2.1,5.03,3.88
2023-11-17,6.11,13.37,1.75,0.02,9.56
2023-11-18,7.9,14.9,2.79,11.4,4.36
2023-11-19,1.65,4.95,-0.73,1.32,4.8
2023-11-20,1.72,7.08,-2.14,0.01,7.73
2023-11-21,4.63,11.05,0.83,0.0,9.59
2023-11-22,8.07,15.42,3.13,0.02,7.37
2023-11-23,8.48,14.22,4.01,0.02,6.89
2023-11-24,10.18,17.46,5.12,0.28,8.05
2023-11-25,9.29,13.53,4.82,12.63,3.63
2023-11-26,8.26,15.54,0.48,9.9,3.63
2023-11-27,-0.75,2.58,-5.16,0.07,8.38
2023-11-28,0.37,6.38,-5.45,0.13,10.65
2023-11-29,5.86,10.46,2.32,1.04,2.37
2023-11-30,8.57,13.94,4.66,0.51,5.71
2023-12-01,8.38,15.94,4.26,0.0,8.6
2023-12-02,8.69,17.22,3.12,0.0,8.88
2023-12-03,9.29,17.17,4.42,0.0,7.41
2023-12-04,8.92,14.06,5.7,0.0,7.97
2023-12-05,7.48,14.57,3.21,0.0,8.81
2023-12-06,6.61,12.61,2.06,0.71,6.02
2023-12-07,7.21,12.62,4.58,0.52,5.6
2023-12-08,6.57,9.61,3.85,7.46,2.5
2023-12-09,3.92,7.26,1.16,4.99,2.82
2023-12-10,3.24,7.58,-0.24,0.4,6.26
2023-12-11,5.35,8.86,3.2,0.65,2.26
2023-12-12,4.37,9.74,0.64,0.67,5.67
2023-12-13,2.72,8.41,-0.65,0.01,8.92
2023-12-14,5.75,15.07,-0.82,0.0,8.94
2023-12-15,8.36,16.64,4.22,0.0,7.06
2023-12-16,9.27,15.01,5.95,3.34,4.6
2023-12-17,3.5,8.65,-3.23,0.37,6.71
2023-12-18,-0.22,5.53,-5.02,0.0,9.9
2023-12-19,1.26,7.68,-3.15,0.0,9.8
2023-12-20,1.77,9.8,-3.13,0.0,9.85
2023-12-21,3.42,6.13,-0.36,0.75,2.2
2023-12-22,5.67,10.11,1.59,2.96,4.83
2023-12-23,4.52,9.75,-0.84,1.22,9.22
2023-12-24,4.63,10.5,1.54,1.18,6.79
2023-12-25,5.55,14.54,0.63,0.0,9.55
2023-12-26,5.78,15.05,0.6,0.0,9.6
2023-12-27,3.17,6.92,1.22,0.0,9.62
2023-12-28,4.1,11.17,-0.56,0.0,9.31
2023-12-29,2.52,10.49,-2.78,0.0,9.98
2023-12-30,5.31,12.58,0.34,0.0,9.15
2023-12-31,4.68,9.43,1.05,0.0,5.47
2024-01-01,5.32,11.21,1.09,0.09,6.53
2024-01-02,6.51,11.04,3.46,0.89,4.64
2024-01-03,6.6,11.57,3.99,0.15,6.28
2024-01-04,6.9,11.89,3.45,0.93,5.94
2024-01-05,6.02,10.48,0.67,1.31,9.09
2024-01-06,3.94,12.91,-2.9,0.0,10.06
2024-01-07,7.29,12.97,2.08,1.28,3.84
2024-01-08,8.63,12.46,6.09,3.33,3.57
2024-01-09,6.86,10.33,4.23,9.86,4.43
2024-01-10,3.57,8.17,0.56,4.82,3.59
2024-01-11,1.25,7.18,-2.44,0.02,8.65
2024-01-12,-0.93,4.3,-5.54,0.13,6.12
2024-01-13,-3.72,1.2,-5.95,0.0,8.21
2024-01-14,-2.46,2.63,-5.89,0.0,11.08
2024-01-15,1.1,7.95,-3.39,0.01,6.36
2024-01-16,4.73,9.63,1.78,4.49,2.91
2024-01-17,4.85,10.24,0.0,0.69,7.99
2024-01-18,4.53,11.34,-1.15,0.58,5.93
2024-01-19,7.66,14.06,4.65,2.34,5.48
2024-01-20,7.75,12.51,4.66,3.22,6.98
2024-01-21,3.39,6.36,-0.34,9.67,3.05
2024-01-22,-0.9,3.6,-3.71,0.0,8.74
2024-01-23,-2.68,3.47,-5.77,0.0,11.46
2024-01-24,-3.13,2.45,-6.13,0.0,9.53
2024-01-25,-1.52,2.85,-4.58,0.02,9.3
2024-01-26,-0.19,2.68,-1.87,0.32,5.33
2024-01-27,-0.75,1.96,-2.59,0.13,9.14
2024-01-28,-1.28,2.02,-3.18,0.44,5.45
2024-01-29,-1.44,1.7,-3.18,0.04,7.32
2024-01-30,-1.25,3.37,-3.73,0.0,11.1
2024-01-31,-0.61,5.65,-3.88,0.0,12.06
2024-02-01,-0.4,4.52,-3.3,0.0,13.04
2024-02-02,0.99,6.36,-2.98,0.0,13.09
2024-02-03,0.64,5.52,-2.97,0.0,11.47
2024-02-04,0.68,6.29,-3.14,0.01,9.71
2024-02-05,2.64,8.73,-1.2,0.01,8.55
2024-02-06,5.62,14.16,0.56,0.0,13.44
2024-02-07,6.56,16.99,-1.52,0.0,13.97
2024-02-08,7.03,13.4,3.19,0.0,10.33
2024-02-09,5.56,11.28,1.4,0.0,11.0
2024-02-10,5.97,14.87,-0.5,0.0,13.22
2024-02-11,6.92,15.32,2.05,0.0,9.39
2024-02-12,8.11,15.6,3.42,0.01,9.31
2024-02-13,7.05,11.43,4.54,4.84,4.19
2024-02-14,5.85,10.15,3.17,7.49,6.94
2024-02-15,5.42,10.96,0.76,0.44,9.97
2024-02-16,4.04,11.21,-0.07,0.0,8.84
2024-02-17,3.25,9.99,-1.48,0.01,8.92
2024-02-18,2.67,7.56,-0.7,0.31,10.13
2024-02-19,2.21,8.3,-3.39,0.0,12.32
2024-02-20,3.15,9.27,-1.05,0.0,13.45
2024-02-21,3.95,10.2,-2.82,0.0,12.26
2024-02-22,3.16,8.35,-0.63,0.01,13.3
2024-02-23,4.09,12.21,-2.59,0.0,16.0
2024-02-24,6.71,14.3,-0.02,0.0,15.24
2024-02-25,7.34,14.92,1.25,0.0,16.46
2024-02-26,6.41,12.73,1.85,0.05,10.21
2024-02-27,8.07,13.62,2.04,0.01,14.43
2024-02-28,9.28,16.52,2.98,0.0,16.33
2024-02-29,9.04,17.13,2.16,0.0,17.2
2024-03-01,9.11,18.24,2.57,0.0,10.59
2024-03-02,9.38,16.26,4.47,0.31,15.7
2024-03-03,6.24,12.0,1.72,0.41,13.54
2024-03-04,6.21,12.46,1.27,0.43,13.45
2024-03-05,6.77,16.11,-0.07,4.09,12.45
2024-03-06,4.36,10.09,-0.24,1.69,9.63
2024-03-07,3.44,9.22,-0.57,0.01,11.64
2024-03-08,3.96,9.58,-1.16,2.7,14.12
2024-03-09,3.25,7.93,-0.22,2.52,10.03
2024-03-10,3.57,10.1,-1.7,0.0,15.07
2024-03-11,5.47,14.89,-3.22,0.0,19.24
2024-03-12,8.42,19.45,-0.62,0.0,19.0
2024-03-13,6.78,13.5,2.39,1.69,7.24
2024-03-14,6.13,11.72,0.47,0.29,15.55
2024-03-15,5.8,11.41,0.5,0.32,13.7
2024-03-16,5.18,10.38,1.17,0.16,15.54
2024-03-17,6.94,13.02,1.15,0.0,16.27
2024-03-18,6.43,14.34,-0.58,0.0,19.21
2024-03-19,6.08,14.01,-2.18,0.0,21.69
2024-03-20,6.96,13.0,2.64,1.57,15.55
2024-03-21,2.94,7.72,-1.77,2.11,9.44
2024-03-22,0.39,4.51,-4.15,0.67,13.85
2024-03-23,2.26,8.56,-2.99,0.3,14.52
2024-03-24,5.1,13.43,-3.93,0.0,23.28
2024-03-25,6.77,14.71,-1.57,4.15,16.35
2024-03-26,5.36,11.5,-0.68,0.03,21.06
2024-03-27,10.26,19.29,3.91,0.1,13.74
2024-03-28,13.77,23.06,4.87,0.01,19.22
2024-03-29,14.32,21.37,8.95,1.2,20.37
2024-03-30,14.7,23.07,7.42,0.0,21.92
2024-03-31,16.33,24.7,7.48,0.0,22.93
2024-04-01,16.85,24.78,8.15,0.0,22.66
2024-04-02,18.06,25.98,10.04,0.0,20.38
2024-04-03,15.94,25.42,8.32,0.0,22.88
2024-04-04,14.99,24.49,6.3,0.0,23.88
2024-04-05,11.87,18.86,5.77,0.0,23.71
2024-04-06,10.38,17.43,4.13,0.0,22.06
2024-04-07,10.33,17.65,3.4,0.03,24.0
2024-04-08,9.26,15.04,4.91,1.43,9.32
2024-04-09,12.88,19.71,5.48,0.13,21.51
2024-04-10,13.52,19.35,7.72,0.18,19.42
2024-04-11,14.65,21.37,7.98,0.0,19.26
2024-04-12,13.88,18.87,9.37,0.0,13.92
2024-04-13,14.55,20.39,9.21,0.03,20.37
2024-04-14,13.21,18.69,8.55,0.21,20.87
2024-04-15,13.27,22.28,4.27,0.0,26.73
2024-04-16,16.71,27.35,5.81,0.0,26.35
2024-04-17,17.9,27.38,10.23,0.0,24.31
2024-04-18,17.33,25.51,9.91,0.0,23.91
2024-04-19,15.79,23.34,8.34,1.49,24.23
2024-04-20,13.26,20.06,7.78,2.85,13.6
2024-04-21,13.05,20.45,6.09,0.18,24.33
2024-04-22,14.58,22.58,6.52,0.0,25.48
2024-04-23,18.52,26.87,11.56,0.0,19.57
2024-04-24,21.19,29.02,13.7,0.0,9.12
2024-04-25,20.43,27.31,15.02,0.0,9.05
2024-04-26,20.35,29.45,12.92,0.01,25.25
2024-04-27,17.16,26.19,10.8,0.35,18.72
2024-04-28,18.51,25.58,13.59,4.69,18.36
2024-04-29,17.35,23.11,12.85,3.56,17.79
2024-04-30,16.94,20.91,13.03,4.04,16.75
2024-05-01,15.85,21.38,11.31,12.77,10.49
2024-05-02,13.78,21.87,8.36,0.34,16.01
2024-05-03,13.63,19.64,7.54,0.89,14.58
2024-05-04,12.25,18.18,7.99,5.5,24.75
2024-05-05,10.19,14.21,5.99,4.34,20.33
2024-05-06,10.24,18.36,1.63,0.0,30.58
2024-05-07,12.93,21.14,4.1,0.0,30.43
2024-05-08,14.75,22.95,4.43,0.0,27.85
2024-05-09,15.89,22.5,8.81,0.01,17.05
2024-05-10,17.48,24.85,9.73,0.38,21.86
2024-05-11,14.2,18.98,9.26,9.33,18.71
2024-05-12,12.27,17.25,8.33,2.89,8.02
2024-05-13,11.96,17.84,6.78,2.12,19.01
2024-05-14,9.46,16.63,2.55,0.11,28.68
2024-05-15,13.0,21.3,4.8,0.23,26.97
2024-05-16,14.26,22.03,5.52,0.0,25.59
2024-05-17,17.59,26.07,9.06,0.04,23.47
2024-05-18,19.57,27.8,11.76,0.0,28.32
2024-05-19,17.38,22.77,10.53,0.01,20.92
2024-05-20,19.05,24.71,14.14,1.42,24.9
2024-05-21,18.94,27.48,11.1,0.55,28.9
2024-05-22,20.25,28.87,10.83,4.54,25.34
2024-05-23,18.91,24.98,12.54,1.7,14.05
2024-05-24,14.47,19.54,9.23,5.82,13.4
2024-05-25,14.03,18.52,9.74,1.24,22.99
2024-05-26,15.87,21.75,8.29,0.81,26.53
2024-05-27,15.03,19.45,10.41,3.86,12.8
2024-05-28,15.62,20.01,10.39,6.82,14.69
2024-05-29,17.23,23.75,7.77,1.92,26.68
2024-05-30,17.44,23.15,11.81,6.94,23.21
2024-05-31,17.32,23.03,11.43,0.42,22.97
2024-06-01,20.47,28.26,12.22,0.0,29.23
2024-06-02,22.31,30.34,12.57,0.0,28.72
2024-06-03,24.73,32.19,16.37,0.04,28.17
2024-06-04,25.15,30.89,18.18,0.05,25.6
2024-06-05,25.91,33.85,17.76,0.0,30.01
2024-06-06,25.28,33.26,16.83,0.05,28.93
2024-06-07,22.27,29.12,16.64,10.91,22.32
2024-06-08,20.16,25.94,14.83,5.09,18.71
2024-06-09,20.76,28.29,13.07,0.0,30.75
2024-06-10,21.84,29.67,13.4,0.0,30.74
2024-06-11,25.33,33.1,15.61,0.0,30.45
2024-06-12,27.5,35.01,18.65,0.0,29.63
2024-06-13,27.29,35.46,19.11,0.0,26.23
2024-06-14,26.79,36.57,19.52,6.66,24.53
2024-06-15,21.49,27.96,15.37,0.04,31.19
2024-06-16,21.48,29.76,12.93,0.0,31.48
2024-06-17,23.44,32.58,13.7,0.0,31.11
2024-06-18,25.08,34.46,15.18,0.02,30.13
2024-06-19,25.58,34.08,16.81,0.0,30.11
2024-06-20,25.72,34.05,16.89,0.0,30.17
2024-06-21,24.51,32.35,17.67,0.0,31.59
2024-06-22,23.72,33.13,14.85,0.0,31.75
2024-06-23,23.57,33.91,12.94,0.0,32.12
2024-06-24,26.29,35.81,15.1,0.19,31.47
2024-06-25,27.48,35.78,19.02,7.17,29.38
2024-06-26,24.28,31.76,17.67,0.0,31.16
2024-06-27,23.87,32.2,15.31,0.0,31.32
2024-06-28,25.47,34.44,15.18,0.1,29.37
2024-06-29,22.56,28.73,17.59,0.19,24.52
2024-06-30,22.36,29.51,14.89,0.01,30.61
2024-07-01,23.28,30.53,14.89,0.0,29.17
2024-07-02,24.36,31.71,15.62,0.0,31.1
2024-07-03,27.54,37.29,16.96,0.2,26.26
2024-07-04,26.75,34.5,18.38,0.13,27.17
2024-07-05,23.09,26.39,18.57,0.16,22.42
2024-07-06,24.36,31.68,16.91,0.02,27.66
2024-07-07,26.31,34.49,17.76,0.0,27.63
2024-07-08,27.26,35.21,17.97,0.0,27.67
2024-07-09,26.9,33.79,18.83,1.53,24.78
2024-07-10,26.73,32.61,19.26,1.04,25.23
2024-07-11,26.24,32.11,19.8,0.92,21.79
2024-07-12,27.71,35.3,20.17,2.55,25.58
2024-07-13,25.93,31.87,20.51,0.04,25.82
2024-07-14,25.9,31.74,20.67,0.22,24.28
2024-07-15,26.15,32.88,19.66,0.0,26.68
2024-07-16,27.28,33.96,18.9,0.21,27.07
2024-07-17,27.82,34.21,20.74,1.75,21.65
2024-07-18,27.67,34.96,18.72,0.0,25.59
2024-07-19,27.86,34.76,21.82,0.0,27.08
2024-07-20,27.28,34.54,18.61,0.02,26.64
2024-07-21,29.04,36.0,20.66,0.0,26.23
2024-07-22,30.28,37.07,24.42,0.0,27.82
2024-07-23,29.61,37.22,21.28,2.42,24.78
2024-07-24,27.38,32.61,21.6,1.83,23.82
2024-07-25,24.94,29.87,19.59,4.66,19.16
2024-07-26,22.78,28.31,17.82,0.05,19.58
2024-07-27,22.22,29.2,16.04,0.0,25.69
2024-07-28,23.9,32.35,15.51,0.0,27.86
2024-07-29,24.28,33.1,15.87,0.0,29.88
2024-07-30,24.83,32.5,16.14,0.0,28.49
2024-07-31,23.9,30.83,17.79,0.0,28.39
