date,T2M,T2M_MAX,T2M_MIN,PRECTOTCORR,ALLSKY_SFC_SW_DWN
2004-10-01,19.1,25.9,14.15,0.0,19.48
2004-10-02,17.84,24.95,12.4,0.02,18.8
2004-10-03,14.99,21.48,9.41,0.2,18.32
2004-10-04,14.28,20.71,8.72,0.04,13.66
2004-10-05,13.38,22.05,5.3,0.0,19.27
2004-10-06,14.79,23.72,9.75,0.1,15.23
2004-10-07,16.34,24.68,9.16,0.0,16.79
2004-10-08,16.94,23.41,12.2,1.56,14.03
2004-10-09,15.35,22.44,8.3,0.14,16.23
2004-10-10,12.26,18.95,7.31,0.0,18.23
2004-10-11,13.23,20.96,7.37,0.0,17.42
2004-10-12,13.37,21.46,7.97,0.03,14.54
2004-10-13,12.3,17.37,8.75,0.5,9.18
2004-10-14,11.97,19.87,3.64,0.15,15.95
2004-10-15,13.73,19.96,9.44,0.06,15.85
2004-10-16,13.7,20.01,8.15,0.08,14.55
2004-10-17,13.98,19.9,8.99,0.0,15.13
2004-10-18,14.31,21.98,7.7,0.0,16.57
2004-10-19,14.64,22.33,7.31,0.0,16.42
2004-10-20,14.65,21.61,8.91,0.0,15.84
2004-10-21,7.35,11.51,2.08,10.13,3.6
2004-10-22,5.68,13.67,-0.74,0.74,10.96
2004-10-23,7.19,15.97,-1.3,0.0,16.33
2004-10-24,8.31,16.95,0.66,0.0,15.7
2004-10-25,10.03,17.63,3.83,0.0,15.23
2004-10-26,10.76,18.8,4.0,0.0,15.37
2004-10-27,12.61,20.61,5.91,0.0,13.87
2004-10-28,12.9,19.04,8.52,0.01,9.07
2004-10-29,12.63,20.61,6.43,0.81,12.45
2004-10-30,9.58,11.78,7.63,6.92,4.46
2004-10-31,8.82,13.2,6.09,1.33,7.14
2004-11-01,9.53,16.42,3.73,0.0,13.16
2004-11-02,9.92,16.1,4.98,0.0,13.06
2004-11-03,8.9,15.14,3.92,0.16,12.31
2004-11-04,6.27,10.58,1.3,16.83,3.74
2004-11-05,4.82,12.43,-1.93,0.0,14.24
2004-11-06,5.26,11.46,0.92,0.33,10.47
2004-11-07,6.2,10.98,1.98,2.34,7.32
2004-11-08,7.74,11.8,4.07,0.37,7.63
2004-11-09,7.93,12.28,5.82,3.02,4.55
2004-11-10,7.61,12.02,5.04,0.17,9.39
2004-11-11,7.32,12.7,4.09,0.29,8.68
2004-11-12,7.17,14.27,1.59,0.39,12.18
2004-11-13,6.87,14.26,-0.32,0.0,12.27
2004-11-14,7.26,13.86,1.99,0.0,12.35
2004-11-15,6.69,12.95,2.64,0.02,11.56
2004-11-16,5.18,9.61,2.78,16.63,2.31
2004-11-17,4.8,7.56,2.48,32.47,2.04
2004-11-18,1.64,4.84,-3.4,10.79,7.64
2004-11-19,1.5,8.0,-3.95,0.0,11.51
2004-11-20,1.08,5.3,-1.62,0.02,7.29
2004-11-21,0.73,3.29,-1.69,11.49,2.12
2004-11-22,-1.33,0.66,-5.32,47.33,0.83
2004-11-23,-8.82,-4.69,-18.13,3.78,4.88
2004-11-24,-13.05,-5.25,-19.14,0.07,8.67
2004-11-25,-8.79,-3.36,-14.33,3.77,3.49
2004-11-26,-4.78,-3.23,-8.5,25.19,1.6
2004-11-27,-8.93,-3.96,-16.91,8.44,4.32
2004-11-28,-11.04,-3.96,-16.71,0.0,10.73
2004-11-29,-8.89,-0.97,-14.78,0.0,10.59
2004-11-30,-10.26,-1.25,-15.74,0.0,10.8
2004-12-01,-8.4,-0.73,-14.61,0.17,8.9
2004-12-02,-10.31,-3.7,-13.65,0.06,10.78
2004-12-03,-7.31,-0.44,-14.05,0.0,10.41
2004-12-04,-6.31,0.29,-12.54,0.0,10.36
2004-12-05,-3.39,0.12,-6.78,1.25,4.89
2004-12-06,-7.73,-2.45,-11.01,0.22,9.49
2004-12-07,-6.87,-1.16,-11.44,0.06,8.57
2004-12-08,-8.43,-2.85,-12.19,0.88,6.32
2004-12-09,-9.5,-2.86,-13.24,0.0,7.06
2004-12-10,-13.11,-5.02,-17.53,0.0,10.09
2004-12-11,-9.28,-3.95,-15.89,3.72,7.43
2004-12-12,-13.61,-7.57,-17.04,0.36,10.15
2004-12-13,-12.1,-4.34,-19.34,0.0,9.55
2004-12-14,-9.14,-3.57,-13.94,2.59,8.31
2004-12-15,-13.09,-7.53,-19.55,3.66,8.69
2004-12-16,-15.94,-8.18,-20.66,0.08,9.89
2004-12-17,-17.31,-10.22,-21.77,0.0,10.55
2004-12-18,-12.52,-5.89,-18.94,0.0,10.46
2004-12-19,-9.19,-4.47,-13.26,0.09,6.88
2004-12-20,-8.62,-4.15,-11.64,0.07,5.41
2004-12-21,-6.14,-0.31,-10.32,0.04,7.53
2004-12-22,-6.15,-0.51,-10.35,0.0,8.9
2004-12-23,-4.11,0.09,-9.32,3.92,6.93
2004-12-24,-1.4,0.04,-4.04,9.4,3.78
2004-12-25,-3.56,-0.27,-6.67,0.73,6.38
2004-12-26,-6.65,-0.49,-10.33,0.0,9.44
2004-12-27,-7.6,-1.45,-11.14,0.0,9.24
2004-12-28,-5.86,0.24,-9.17,0.0,9.42
2004-12-29,-2.01,2.27,-8.08,0.0,9.86
2004-12-30,-0.94,2.02,-3.55,0.0,9.0
2004-12-31,-1.31,2.47,-4.47,0.0,10.36
2005-01-01,-1.16,2.02,-5.58,0.0,10.03
2005-01-02,-0.1,0.9,-1.54,11.95,3.76
2005-01-03,-4.44,-0.18,-12.45,3.62,8.68
2005-01-04,-6.55,-1.51,-13.0,2.33,4.28
2005-01-05,-3.45,-1.13,-6.69,25.84,2.05
2005-01-06,-8.42,-3.39,-14.05,3.6,9.83
2005-01-07,-9.21,-1.74,-16.19,0.2,6.94
2005-01-08,-8.82,-3.08,-12.07,1.35,7.92
2005-01-09,-11.63,-3.86,-16.67,0.0,10.69
2005-01-10,-11.8,-4.32,-17.43,0.0,10.94
2005-01-11,-10.62,-3.84,-14.07,0.0,11.25
2005-01-12,-8.99,-0.91,-14.57,0.0,11.15
2005-01-13,-9.4,-1.3,-14.17,0.0,11.13
2005-01-14,-7.79,-1.09,-13.31,0.0,10.47
2005-01-15,-9.01,-2.86,-13.28,0.01,8.83
2005-01-16,-6.57,-0.45,-11.75,0.0,10.47
2005-01-17,-5.16,-0.19,-10.06,0.14,10.14
2005-01-18,-3.9,-0.46,-8.09,2.49,8.02
2005-01-19,-5.05,-2.02,-8.12,3.56,6.73
2005-01-20,-6.13,-2.06,-8.88,1.23,7.12
2005-01-21,-6.2,-1.3,-9.43,0.21,8.23
2005-01-22,-5.45,-1.1,-8.46,0.75,6.46
2005-01-23,-5.75,-0.59,-11.1,5.96,10.11
2005-01-24,-5.42,-2.19,-11.9,15.33,7.05
2005-01-25,-11.35,-2.97,-19.04,0.0,12.05
2005-01-26,-7.5,-1.35,-13.06,0.0,11.15
2005-01-27,-7.01,-0.72,-12.79,0.0,11.68
2005-01-28,-4.57,0.53,-10.16,0.0,10.47
2005-01-29,-2.3,0.9,-4.73,0.0,7.92
2005-01-30,-1.92,0.31,-4.89,19.75,3.97
2005-01-31,-0.22,1.22,-1.77,9.62,8.13
2005-02-01,-2.14,-0.8,-5.3,14.33,5.59
2005-02-02,-5.36,-1.62,-10.23,1.16,4.97
2005-02-03,-5.0,-1.63,-7.42,0.99,5.28
2005-02-04,-4.47,-0.99,-7.29,0.68,5.97
2005-02-05,-5.16,-2.13,-7.32,6.65,4.63
2005-02-06,-6.33,-2.51,-9.21,2.83,4.7
2005-02-07,-8.06,-3.56,-12.66,1.11,14.1
2005-02-08,-9.66,-3.96,-15.57,4.06,11.39
2005-02-09,-10.38,-5.78,-15.13,1.56,8.47
2005-02-10,-11.91,-5.75,-19.32,0.04,15.09
2005-02-11,-12.93,-6.47,-17.12,0.08,14.75
2005-02-12,-13.11,-7.21,-17.96,0.03,14.57
2005-02-13,-14.05,-6.08,-22.56,0.0,15.58
2005-02-14,-11.5,-3.97,-18.93,0.0,15.7
2005-02-15,-7.65,-0.26,-15.51,0.0,16.03
2005-02-16,-3.4,1.34,-11.57,0.0,15.94
2005-02-17,-0.56,2.61,-4.48,0.0,14.97
2005-02-18,-0.26,1.8,-3.56,0.01,15.15
2005-02-19,0.28,1.66,-1.48,5.78,6.34
2005-02-20,-0.03,0.58,-0.7,18.99,5.28
2005-02-21,-1.49,-0.04,-8.37,7.23,10.12
2005-02-22,-6.26,-0.25,-12.46,0.0,15.52
2005-02-23,-6.15,-0.05,-12.51,0.0,15.55
2005-02-24,-3.66,0.37,-8.3,0.0,13.74
2005-02-25,-3.9,0.06,-8.61,0.0,12.97
2005-02-26,-2.37,0.66,-7.04,0.0,13.31
2005-02-27,-1.5,0.62,-5.56,6.7,7.57
2005-02-28,0.73,1.35,0.09,5.36,10.41
2005-03-01,0.68,1.05,0.41,7.08,5.61
2005-03-02,1.06,3.02,-0.31,1.03,8.38
2005-03-03,1.86,4.54,-0.51,4.05,4.36
2005-03-04,0.38,1.48,-3.85,25.46,4.21
2005-03-05,-2.17,2.55,-6.98,0.99,15.8
2005-03-06,0.02,3.18,-2.71,4.39,7.08
2005-03-07,1.03,4.31,-1.22,1.53,14.42
2005-03-08,1.21,4.34,-0.67,13.13,4.79
2005-03-09,2.14,4.75,-0.38,7.49,7.81
2005-03-10,0.09,1.68,-0.66,9.47,3.71
2005-03-11,-1.07,0.54,-2.59,3.79,8.7
2005-03-12,-1.59,1.09,-3.56,10.76,5.09
2005-03-13,-1.46,3.81,-5.22,0.01,12.21
2005-03-14,-0.9,4.41,-4.93,0.0,14.26
2005-03-15,-0.03,5.99,-4.6,0.0,21.12
2005-03-16,0.69,7.13,-3.7,0.0,20.5
2005-03-17,0.0,6.18,-3.87,0.0,21.67
2005-03-18,2.04,7.95,-3.4,0.0,21.26
2005-03-19,2.16,5.98,-1.12,0.01,15.21
2005-03-20,2.28,6.29,-1.4,4.55,10.26
2005-03-21,0.96,3.97,-1.8,5.09,11.75
2005-03-22,0.46,3.34,-2.46,6.77,7.56
2005-03-23,-0.06,3.91,-6.14,2.4,11.08
2005-03-24,-4.64,-0.39,-7.89,0.61,18.26
2005-03-25,-4.54,-1.48,-7.9,0.05,18.16
2005-03-26,-3.35,2.65,-10.8,0.0,19.57
2005-03-27,0.97,5.36,-2.54,0.02,15.52
2005-03-28,2.59,7.96,-1.47,0.06,15.73
2005-03-29,4.7,8.91,0.25,0.3,11.79
2005-03-30,7.19,12.05,3.42,1.14,17.37
2005-03-31,7.15,11.84,1.6,1.79,16.9
2005-04-01,7.44,10.89,4.52,4.08,14.78
2005-04-02,4.93,7.89,1.36,3.22,12.27
2005-04-03,3.12,6.05,-0.11,5.36,12.1
2005-04-04,1.06,4.28,-2.19,5.39,12.37
2005-04-05,1.18,6.1,-3.9,0.01,19.33
2005-04-06,2.82,9.1,-2.9,0.0,19.24
2005-04-07,4.27,10.76,-2.73,0.0,25.42
2005-04-08,6.98,13.44,0.2,0.0,23.17
2005-04-09,7.74,14.43,1.82,0.07,13.11
2005-04-10,7.76,14.08,1.18,0.19,22.79
2005-04-11,8.47,15.6,1.38,0.0,24.3
2005-04-12,9.65,17.33,0.88,0.0,24.47
2005-04-13,11.27,17.71,3.61,0.0,23.33
2005-04-14,10.8,16.72,6.74,0.32,11.09
2005-04-15,9.62,13.17,3.26,9.29,15.23
2005-04-16,4.36,8.15,-0.38,2.14,19.75
2005-04-17,5.76,10.1,1.23,0.1,21.75
2005-04-18,7.62,13.21,1.94,0.05,21.72
2005-04-19,9.52,14.99,4.45,0.28,14.54
2005-04-20,9.15,14.82,2.4,0.0,26.31
2005-04-21,10.2,15.49,4.37,0.0,25.04
2005-04-22,11.53,16.12,6.54,0.03,14.29
2005-04-23,13.23,18.13,8.44,1.99,8.68
2005-04-24,11.5,15.69,9.05,14.65,12.47
2005-04-25,10.59,13.48,8.37,6.81,8.64
2005-04-26,9.37,12.59,6.8,3.86,10.06
2005-04-27,8.97,13.65,5.4,2.4,20.97
2005-04-28,8.45,13.18,4.02,7.16,13.34
2005-04-29,9.14,13.21,4.59,0.29,24.3
2005-04-30,10.04,15.56,3.79,0.0,24.14
2005-05-01,10.09,14.6,6.16,0.03,21.11
2005-05-02,8.57,13.14,4.22,0.78,12.72
2005-05-03,4.73,6.11,3.15,8.43,8.31
2005-05-04,4.34,8.6,0.78,2.93,19.03
2005-05-05,6.56,11.44,0.79,0.02,23.25
2005-05-06,9.3,14.7,2.96,0.0,26.26
2005-05-07,12.49,17.1,7.43,0.17,25.95
2005-05-08,13.01,17.67,8.39,2.18,19.42
2005-05-09,11.12,15.02,6.17,1.82,26.77
2005-05-10,12.68,19.9,3.86,0.0,30.06
2005-05-11,13.61,19.29,6.59,0.0,29.18
2005-05-12,14.47,20.94,8.17,0.0,27.59
2005-05-13,15.17,21.15,8.16,0.08,25.48
2005-05-14,14.18,20.01,8.45,0.45,25.38
2005-05-15,12.89,18.29,6.87,0.82,22.83
2005-05-16,11.84,16.16,5.76,0.03,24.88
2005-05-17,12.48,17.64,8.34,0.89,18.03
2005-05-18,12.52,19.12,4.82,0.06,27.19
2005-05-19,12.63,18.17,7.23,1.73,25.16
2005-05-20,13.05,19.94,5.3,0.1,29.2
2005-05-21,14.73,21.32,7.43,0.02,29.05
2005-05-22,15.84,21.87,9.93,0.42,24.06
2005-05-23,16.53,23.06,8.92,5.05,26.03
2005-05-24,15.98,21.16,10.74,4.08,17.25
2005-05-25,14.35,19.71,9.18,0.38,25.67
2005-05-26,14.48,20.64,9.1,0.22,24.42
2005-05-27,15.52,21.04,8.79,2.6,26.58
2005-05-28,16.95,23.54,11.17,0.11,28.18
2005-05-29,15.34,21.48,9.18,0.0,28.27
2005-05-30,15.58,20.8,10.12,0.22,21.33
2005-05-31,14.96,19.23,10.26,0.11,27.1
2005-06-01,12.76,16.11,10.0,9.57,17.18
2005-06-02,13.82,18.15,8.45,1.05,24.75
2005-06-03,14.51,19.96,8.31,0.2,24.27
2005-06-04,13.83,19.04,9.7,8.64,17.03
2005-06-05,14.16,20.56,10.24,10.86,13.45
2005-06-06,13.83,18.48,9.09,0.08,26.35
2005-06-07,15.11,22.12,7.94,0.0,31.8
2005-06-08,16.57,25.45,6.48,0.0,31.79
2005-06-09,18.61,26.04,9.03,0.0,31.5
2005-06-10,19.88,26.34,11.38,0.0,31.3
2005-06-11,20.45,27.78,13.09,0.0,30.44
2005-06-12,19.87,25.84,13.3,0.0,31.37
2005-06-13,18.41,25.45,11.74,0.1,29.93
2005-06-14,17.68,23.94,10.74,0.05,31.92
2005-06-15,19.84,26.23,13.31,0.43,20.61
2005-06-16,19.15,26.31,11.82,0.0,30.82
2005-06-17,18.43,26.76,8.18,0.0,31.76
2005-06-18,18.77,27.4,9.57,0.0,31.97
2005-06-19,19.98,27.97,10.75,0.0,31.81
2005-06-20,18.25,25.84,9.69,0.08,28.61
2005-06-21,16.45,23.83,8.49,0.01,31.71
2005-06-22,15.88,22.87,8.59,0.01,25.13
2005-06-23,14.83,23.53,6.99,0.0,31.98
2005-06-24,18.91,28.17,7.23,0.0,31.45
2005-06-25,20.13,28.71,8.86,0.05,31.25
2005-06-26,18.73,27.0,9.66,0.18,25.51
2005-06-27,17.56,24.42,11.38,0.29,29.61
2005-06-28,20.3,27.35,10.87,0.01,30.87
2005-06-29,22.39,29.08,15.66,0.12,27.67
2005-06-30,21.91,29.02,14.34,0.06,29.78
2005-07-01,21.39,29.69,11.75,0.0,29.75
2005-07-02,23.09,30.8,14.04,0.04,30.03
2005-07-03,25.13,31.93,19.34,0.19,30.16
2005-07-04,24.42,31.91,16.53,0.0,30.48
2005-07-05,20.66,27.49,14.48,0.01,31.59
2005-07-06,20.6,27.59,12.91,0.03,27.45
2005-07-07,22.95,31.12,13.04,0.0,30.4
2005-07-08,26.22,33.54,19.28,0.0,30.61
2005-07-09,26.36,34.43,16.98,0.01,30.74
2005-07-10,25.8,34.06,16.48,0.0,29.86
2005-07-11,26.03,34.74,17.04,0.0,29.81
2005-07-12,26.5,35.8,17.78,0.0,31.03
2005-07-13,25.62,34.97,17.19,0.0,31.15
2005-07-14,25.59,35.47,16.15,0.0,31.24
2005-07-15,24.29,31.82,17.15,0.0,30.48
2005-07-16,23.32,31.03,15.56,0.0,29.93
2005-07-17,24.83,32.11,17.97,0.0,28.65
2005-07-18,24.63,31.59,17.84,0.0,30.7
2005-07-19,24.21,32.98,14.04,0.0,30.44
2005-07-20,24.57,33.71,14.08,0.0,29.97
2005-07-21,25.42,33.76,15.79,0.01,28.97
2005-07-22,25.39,34.06,15.62,0.0,28.89
2005-07-23,26.32,34.76,17.18,0.03,29.38
2005-07-24,25.63,35.09,15.36,0.21,28.4
2005-07-25,26.55,33.72,19.16,0.02,28.52
2005-07-26,26.56,33.54,19.9,0.02,27.23
2005-07-27,26.94,36.29,17.14,0.0,28.86
2005-07-28,28.52,36.79,19.89,0.42,26.85
2005-07-29,27.67,36.02,19.48,0.09,28.57
2005-07-30,26.79,35.5,17.65,0.0,28.33
2005-07-31,26.93,33.62,20.69,0.0,28.37
2005-08-01,25.36,33.55,18.45,0.0,28.81
2005-08-02,24.89,31.92,18.96,0.0,26.62
2005-08-03,24.16,31.42,17.82,0.22,20.94
2005-08-04,23.83,30.49,17.12,0.31,23.52
2005-08-05,24.64,31.17,18.93,0.0,25.26
2005-08-06,25.85,33.93,16.64,0.0,27.3
2005-08-07,26.37,34.19,18.37,0.0,26.95
2005-08-08,27.53,35.55,19.91,0.02,27.23
2005-08-09,27.69,36.33,18.99,0.01,27.65
2005-08-10,26.16,31.42,20.73,1.48,22.73
2005-08-11,24.51,32.76,17.7,4.89,23.2
2005-08-12,23.89,32.06,16.63,0.0,26.36
2005-08-13,24.98,33.1,16.34,0.0,26.95
2005-08-14,25.32,33.04,16.51,0.04,26.88
2005-08-15,26.17,33.51,18.66,0.0,27.87
2005-08-16,25.99,33.85,16.9,0.0,27.42
2005-08-17,26.54,34.34,18.34,0.0,27.62
2005-08-18,26.4,34.11,19.33,0.0,26.91
2005-08-19,25.94,34.61,16.55,0.0,27.26
2005-08-20,25.05,35.22,15.01,0.0,27.38
2005-08-21,24.26,31.37,17.81,0.13,25.78
2005-08-22,22.92,31.17,13.94,0.02,26.51
2005-08-23,23.9,33.25,13.81,0.0,27.05
2005-08-24,25.76,33.64,20.16,0.0,26.39
2005-08-25,24.76,31.88,19.02,0.0,26.08
2005-08-26,23.95,32.49,15.96,0.02,26.11
2005-08-27,22.63,32.18,13.86,0.0,25.88
2005-08-28,22.19,29.11,15.75,0.0,25.56
2005-08-29,22.0,30.67,13.91,0.01,23.52
2005-08-30,20.54,28.29,13.75,0.05,24.63
2005-08-31,20.01,26.92,13.08,0.25,24.43
2005-09-01,21.77,28.42,15.73,0.06,15.76
2005-09-02,20.81,27.97,15.02,0.08,22.8
2005-09-03,19.64,25.52,14.06,1.29,17.97
2005-09-04,17.58,22.74,12.26,0.15,17.79
2005-09-05,15.68,23.43,8.51,0.0,23.48
2005-09-06,15.05,24.77,6.89,0.0,24.88
2005-09-07,18.29,27.49,8.35,0.0,24.64
2005-09-08,19.0,27.76,9.81,0.0,23.74
2005-09-09,18.7,27.02,10.34,0.0,21.65
2005-09-10,20.06,27.85,13.97,0.0,20.63
2005-09-11,18.7,25.21,13.33,0.0,23.64
2005-09-12,17.61,26.07,8.21,0.0,23.75
2005-09-13,17.5,27.29,7.68,0.0,23.58
2005-09-14,18.55,27.6,9.76,0.0,22.59
2005-09-15,19.12,26.98,11.73,0.0,22.83
2005-09-16,19.71,27.19,13.16,0.0,22.61
2005-09-17,20.95,29.22,13.83,0.0,22.34
2005-09-18,20.65,29.14,11.89,0.0,21.53
2005-09-19,20.0,29.16,11.47,0.0,21.57
2005-09-20,19.86,27.43,12.68,0.02,20.36
2005-09-21,19.9,26.92,14.6,0.13,21.61
2005-09-22,19.23,26.49,13.73,0.01,20.04
2005-09-23,17.91,25.07,12.42,0.0,21.3
2005-09-24,15.92,23.33,10.27,0.0,21.02
2005-09-25,14.87,21.75,9.62,0.0,20.46
2005-09-26,15.52,22.96,10.16,0.03,19.13
2005-09-27,15.84,23.1,7.87,0.01,18.31
2005-09-28,16.04,22.37,9.24,0.38,13.75
2005-09-29,13.78,17.39,10.63,2.74,10.82
2005-09-30,12.44,16.97,9.29,0.78,12.28
2005-10-01,13.4,20.77,7.38,0.0,18.55
2005-10-02,14.51,22.41,8.06,0.0,19.14
2005-10-03,14.61,20.88,10.15,6.64,17.36
2005-10-04,13.1,19.29,7.0,1.93,17.66
2005-10-05,12.72,19.72,6.51,0.16,18.57
2005-10-06,12.36,19.77,5.51,0.03,19.25
2005-10-07,11.68,19.13,5.33,0.0,19.33
2005-10-08,8.13,17.12,1.81,0.0,19.64
2005-10-09,9.33,17.95,0.48,0.0,19.15
2005-10-10,12.9,20.52,6.58,0.0,17.29
2005-10-11,15.78,23.92,10.13,0.0,16.56
2005-10-12,16.53,23.13,11.37,0.0,9.3
2005-10-13,17.29,23.85,11.94,0.0,17.18
2005-10-14,17.93,25.06,12.58,0.28,10.79
2005-10-15,14.6,21.26,8.67,0.0,16.74
2005-10-16,12.69,19.35,7.04,3.93,11.57
2005-10-17,9.54,13.36,5.5,2.69,8.65
2005-10-18,8.99,15.3,4.23,0.36,12.04
2005-10-19,7.86,12.57,4.69,13.17,3.97
2005-10-20,3.75,7.24,-0.54,2.04,10.65
2005-10-21,3.72,10.08,-2.28,0.67,15.72
2005-10-22,4.65,10.61,-0.55,0.34,16.37
2005-10-23,5.56,14.32,-1.19,0.0,16.79
2005-10-24,7.05,16.42,-1.93,0.0,16.42
2005-10-25,6.56,16.66,-1.59,0.0,16.3
2005-10-26,9.01,17.92,1.16,0.0,15.74
2005-10-27,8.74,17.04,2.07,0.0,15.72
2005-10-28,7.32,13.68,1.48,0.75,11.73
2005-10-29,6.69,12.25,0.9,8.66,7.84
2005-10-30,8.43,15.68,2.26,0.74,8.91
2005-10-31,8.63,15.37,3.07,1.76,8.63
2005-11-01,5.49,11.1,1.57,0.15,14.89
2005-11-02,4.92,11.24,1.28,0.0,14.16
2005-11-03,4.44,10.52,0.56,0.01,11.36
2005-11-04,5.58,11.74,0.83,0.88,13.12
2005-11-05,3.68,8.68,0.43,11.73,6.45
2005-11-06,3.71,10.76,-2.35,0.3,10.86
2005-11-07,4.94,9.55,2.07,0.0,8.85
2005-11-08,4.16,8.77,0.44,0.14,9.67
2005-11-09,2.56,9.29,-2.0,0.0,11.87
2005-11-10,2.83,10.87,-3.28,0.0,13.22
2005-11-11,2.24,10.53,-3.3,0.0,12.7
2005-11-12,2.04,8.82,-3.75,0.03,12.62
2005-11-13,2.77,7.7,-1.47,0.02,10.86
2005-11-14,2.57,9.55,-2.63,0.0,12.22
2005-11-15,3.89,10.75,-1.6,0.0,11.42
2005-11-16,3.62,9.23,0.31,0.0,8.81
2005-11-17,2.67,8.76,-0.56,0.0,11.92
2005-11-18,1.47,6.68,-1.65,0.01,9.27
2005-11-19,1.45,5.81,-1.14,0.54,4.51
2005-11-20,0.99,4.37,-1.62,5.81,1.86
2005-11-21,1.19,4.69,-0.73,26.54,1.5
2005-11-22,-0.15,1.84,-3.7,8.91,6.32
2005-11-23,-3.14,3.22,-9.27,0.0,9.34
2005-11-24,-0.35,8.03,-5.46,0.0,11.16
2005-11-25,3.33,9.9,-1.98,0.0,9.13
2005-11-26,5.87,12.79,1.9,0.0,8.13
2005-11-27,7.55,14.59,2.86,0.0,7.17
2005-11-28,7.77,15.32,1.03,0.0,9.79
2005-11-29,6.93,12.46,3.35,1.21,6.22
2005-11-30,5.65,11.27,1.7,0.55,8.17
2005-12-01,4.48,11.88,-2.01,1.72,9.9
2005-12-02,7.0,14.28,1.54,0.0,9.2
2005-12-03,6.44,13.16,3.79,1.24,4.74
2005-12-04,6.05,12.29,3.32,0.14,9.72
2005-12-05,5.26,11.16,2.19,0.0,10.06
2005-12-06,5.24,11.62,1.55,0.0,10.16
2005-12-07,5.16,11.75,1.4,0.0,10.48
2005-12-08,5.48,11.97,1.62,0.0,10.42
2005-12-09,6.44,12.91,2.92,0.0,9.86
2005-12-10,5.83,12.88,2.41,0.0,9.54
2005-12-11,5.69,13.32,0.15,0.0,9.3
2005-12-12,3.05,11.34,-2.34,0.01,10.19
2005-12-13,2.13,9.66,-3.59,0.02,10.25
2005-12-14,3.12,9.48,-0.37,0.0,10.02
2005-12-15,2.52,8.52,-0.92,14.71,6.45
2005-12-16,1.67,3.2,-0.2,24.65,1.8
2005-12-17,0.7,2.38,-0.47,3.55,2.88
2005-12-18,1.47,4.12,0.31,2.87,4.09
2005-12-19,1.61,4.08,0.23,4.36,3.41
2005-12-20,1.53,4.09,0.16,9.6,3.12
2005-12-21,1.16,3.48,-0.35,4.31,3.07
2005-12-22,-0.62,1.96,-2.38,1.42,5.5
2005-12-23,-1.97,0.28,-4.88,16.35,1.21
2005-12-24,-3.39,-1.02,-5.82,18.42,2.92
2005-12-25,-4.67,-2.72,-7.57,17.33,1.73
2005-12-26,-8.86,-3.63,-15.29,2.52,4.58
2005-12-27,-12.82,-4.46,-19.45,0.0,5.57
2005-12-28,-14.73,-6.76,-19.51,0.0,9.99
2005-12-29,-13.63,-3.83,-19.87,0.0,10.15
2005-12-30,-11.61,-5.04,-17.4,0.0,10.51
2005-12-31,-8.58,-2.94,-16.45,0.0,4.88
2006-01-01,-4.07,-0.07,-9.54,0.0,9.21
2006-01-02,-4.5,-1.38,-9.31,1.2,5.38
2006-01-03,-5.79,0.17,-10.36,0.0,9.47
2006-01-04,-5.99,-0.32,-10.65,0.0,8.73
2006-01-05,-2.58,0.95,-7.31,0.66,6.76
2006-01-06,-0.36,0.19,-1.37,3.04,2.94
2006-01-07,-0.48,0.09,-1.61,13.54,2.06
2006-01-08,-1.81,-0.22,-3.91,3.42,4.06
2006-01-09,-5.78,-1.41,-10.04,1.48,5.69
2006-01-10,-7.03,-2.0,-11.85,5.25,3.45
2006-01-11,-6.38,-3.53,-8.12,4.92,6.84
2006-01-12,-8.48,-3.46,-12.09,1.46,3.09
2006-01-13,-7.07,-2.12,-11.7,1.7,6.21
2006-01-14,-9.68,-3.17,-13.59,0.05,10.08
2006-01-15,-12.18,-4.84,-16.99,0.0,11.56
2006-01-16,-14.06,-7.2,-18.33,0.0,11.82
2006-01-17,-11.32,-4.64,-15.23,0.0,12.0
2006-01-18,-10.73,-4.79,-15.37,0.07,10.45
2006-01-19,-8.53,-4.48,-11.3,1.33,6.09
2006-01-20,-5.6,-4.18,-7.08,16.43,2.8
2006-01-21,-13.56,-6.47,-20.81,0.62,12.42
2006-01-22,-12.19,-4.96,-20.41,0.01,12.17
2006-01-23,-8.33,-3.69,-12.51,15.03,7.51
2006-01-24,-5.3,-1.04,-8.71,1.75,7.49
2006-01-25,-2.75,0.18,-7.13,25.53,4.88
2006-01-26,-2.64,-1.05,-5.01,14.45,3.89
2006-01-27,-4.75,-1.29,-10.5,5.42,2.08
2006-01-28,-12.55,-4.88,-18.32,0.12,6.51
2006-01-29,-14.03,-5.13,-18.32,0.01,9.82
2006-01-30,-13.71,-4.95,-19.89,0.06,13.77
2006-01-31,-13.45,-6.84,-19.89,0.24,10.99
2006-02-01,-9.49,-5.4,-15.14,1.78,6.53
2006-02-02,-5.17,-2.31,-9.92,21.03,6.25
2006-02-03,-1.0,0.33,-3.8,12.95,4.63
2006-02-04,-1.93,0.12,-6.55,3.64,13.07
2006-02-05,-4.64,-1.13,-8.13,1.23,10.18
2006-02-06,-2.94,-0.32,-6.78,4.19,5.79
2006-02-07,-1.91,-0.24,-4.96,5.74,3.76
2006-02-08,-0.05,0.46,-3.08,4.28,7.09
2006-02-09,-2.45,0.25,-5.3,28.78,5.75
2006-02-10,-3.74,-1.37,-5.75,0.5,2.81
2006-02-11,-3.21,-0.2,-5.99,0.38,7.02
2006-02-12,-2.26,-0.32,-5.5,1.55,7.46
2006-02-13,-2.61,-0.48,-5.41,20.66,7.79
2006-02-14,-3.43,-1.13,-6.75,14.0,3.59
2006-02-15,-4.65,-0.66,-8.2,15.73,1.76
2006-02-16,-7.55,-5.0,-11.32,4.49,8.87
2006-02-17,-13.7,-6.73,-23.01,0.3,16.0
2006-02-18,-9.62,-3.46,-14.82,0.05,16.22
2006-02-19,-6.79,-0.5,-13.12,0.09,16.91
2006-02-20,-5.89,0.22,-13.79,0.0,16.43
2006-02-21,-5.23,0.2,-10.77,0.0,16.09
2006-02-22,-6.11,0.16,-10.79,0.0,17.44
2006-02-23,-5.93,0.27,-11.58,0.0,17.9
2006-02-24,-4.86,1.12,-12.79,0.0,17.55
2006-02-25,-2.61,1.24,-6.06,0.0,15.98
2006-02-26,-1.84,1.05,-6.12,0.0,10.6
2006-02-27,0.83,1.49,-2.64,0.04,13.02
2006-02-28,0.92,1.89,-0.62,0.14,14.72
2006-03-01,0.6,1.35,-0.79,6.48,5.07
2006-03-02,-1.19,0.34,-3.33,0.03,17.24
2006-03-03,-0.52,0.9,-4.06,4.04,10.49
2006-03-04,-1.7,0.5,-8.7,5.22,19.71
2006-03-05,-1.62,1.94,-8.38,0.0,19.7
2006-03-06,-2.48,0.97,-6.15,0.0,17.67
2006-03-07,-1.37,2.38,-4.91,0.0,17.99
2006-03-08,0.82,3.71,-4.91,10.91,5.64
2006-03-09,1.52,3.17,-0.74,8.78,6.99
2006-03-10,-1.21,0.37,-2.67,4.16,5.91
2006-03-11,-1.34,2.96,-4.25,0.07,15.24
2006-03-12,1.38,6.78,-3.83,0.0,14.01
2006-03-13,3.1,7.11,-0.57,0.0,15.69
2006-03-14,4.83,10.02,0.91,0.0,18.02
2006-03-15,2.0,5.13,-0.87,2.33,11.09
2006-03-16,1.76,6.05,-1.57,0.57,13.25
2006-03-17,0.93,3.56,-1.26,6.37,12.01
2006-03-18,0.89,3.54,-1.41,5.11,11.13
2006-03-19,0.24,2.07,-1.92,18.94,5.27
2006-03-20,-0.97,3.21,-4.65,0.61,18.7
2006-03-21,0.67,5.36,-3.65,2.05,14.41
2006-03-22,2.42,7.21,-1.22,3.94,14.29
2006-03-23,5.01,11.63,-1.39,0.0,16.78
2006-03-24,7.94,13.98,2.2,0.0,18.22
2006-03-25,6.02,11.32,0.77,4.32,8.65
2006-03-26,2.95,5.67,0.51,2.75,15.35
2006-03-27,3.58,6.65,0.85,6.53,15.26
2006-03-28,4.53,7.87,1.0,0.0,16.37
2006-03-29,5.2,9.73,0.17,0.0,22.65
2006-03-30,6.15,10.87,1.7,0.01,22.04
2006-03-31,6.07,10.17,2.67,0.06,18.53
2006-04-01,7.55,12.19,3.08,0.18,19.17
2006-04-02,5.92,7.79,3.13,4.53,9.25
2006-04-03,4.15,6.58,1.44,10.28,12.38
2006-04-04,3.0,6.34,0.78,6.44,10.42
2006-04-05,3.7,8.81,0.26,25.89,9.37
2006-04-06,3.64,6.22,1.02,6.58,12.06
2006-04-07,6.02,12.34,-1.57,0.0,19.46
2006-04-08,8.88,14.72,3.29,0.0,22.07
2006-04-09,9.36,13.54,4.97,0.49,19.27
2006-04-10,10.78,15.84,4.95,0.29,22.44
2006-04-11,9.67,13.61,5.17,0.24,13.56
2006-04-12,8.97,13.15,4.96,0.07,19.28
2006-04-13,10.2,14.86,5.63,4.31,20.6
2006-04-14,11.25,15.81,5.8,0.49,19.75
2006-04-15,12.79,18.0,8.06,0.66,17.04
2006-04-16,11.66,16.94,7.99,4.97,9.56
2006-04-17,11.52,17.27,6.53,7.17,18.95
2006-04-18,9.66,14.51,5.37,2.41,19.02
2006-04-19,9.4,13.98,4.67,1.58,23.07
2006-04-20,10.76,15.06,7.08,0.53,17.58
2006-04-21,10.98,15.55,7.16,3.32,15.99
2006-04-22,11.2,15.83,7.36,0.4,24.71
2006-04-23,7.59,11.22,4.06,4.79,7.11
2006-04-24,10.13,16.09,7.13,5.14,15.94
2006-04-25,7.57,10.7,4.55,13.82,13.4
2006-04-26,6.2,9.79,2.68,3.3,8.45
2006-04-27,4.59,9.99,0.48,0.88,26.57
2006-04-28,5.19,9.84,-0.18,0.0,19.34
2006-04-29,6.51,10.83,2.88,2.6,13.08
2006-04-30,9.38,14.12,4.06,3.35,17.22
2006-05-01,10.71,15.17,5.82,0.12,23.43
2006-05-02,10.45,14.65,6.68,0.51,22.38
2006-05-03,10.69,15.03,6.25,14.06,15.16
2006-05-04,11.01,15.07,6.96,0.66,25.04
2006-05-05,10.86,15.28,6.27,8.02,12.73
2006-05-06,10.92,14.72,5.93,11.9,15.76
2006-05-07,10.14,14.8,6.4,3.4,12.65
2006-05-08,11.73,17.21,6.61,2.28,17.91
2006-05-09,10.89,15.08,5.63,0.32,19.83
2006-05-10,10.59,14.84,6.61,0.01,29.27
2006-05-11,11.23,15.98,5.3,0.0,28.79
2006-05-12,13.35,18.61,7.77,0.0,29.82
2006-05-13,13.39,19.4,7.99,0.05,28.02
2006-05-14,11.4,16.44,6.93,0.02,29.09
2006-05-15,11.61,17.21,4.54,0.12,31.17
2006-05-16,13.98,20.13,7.05,0.0,29.07
2006-05-17,14.11,20.28,7.16,0.04,26.56
2006-05-18,10.08,14.58,4.78,0.31,22.6
2006-05-19,11.95,18.04,4.03,0.0,28.94
2006-05-20,14.22,20.58,7.06,0.05,26.67
2006-05-21,14.49,20.8,7.16,0.03,29.7
2006-05-22,14.6,20.45,8.78,0.26,25.1
2006-05-23,13.9,19.62,7.74,0.08,29.94
2006-05-24,15.1,21.96,7.92,0.0,30.17
2006-05-25,15.45,21.67,8.32,0.0,31.21
2006-05-26,17.34,22.77,10.96,0.0,30.78
2006-05-27,17.21,22.97,11.99,0.17,27.9
2006-05-28,14.69,20.44,9.33,0.04,31.07
2006-05-29,14.69,22.04,5.69,0.0,31.55
2006-05-30,17.55,24.3,9.61,0.0,31.52
2006-05-31,19.32,26.65,10.66,0.0,30.95
2006-06-01,19.57,26.49,11.55,0.01,28.75
2006-06-02,21.62,29.69,13.47,0.18,27.32
2006-06-03,20.34,28.0,12.29,0.0,30.79
2006-06-04,21.38,28.87,12.55,0.0,30.25
2006-06-05,21.41,28.52,13.76,0.0,31.07
2006-06-06,22.37,29.7,13.43,0.07,29.0
2006-06-07,21.72,28.84,14.68,0.0,30.67
2006-06-08,19.41,25.84,12.89,0.0,31.67
2006-06-09,17.65,25.19,10.35,0.0,31.75
2006-06-10,17.45,25.06,10.18,0.0,31.29
2006-06-11,18.97,26.41,12.52,0.0,30.97
2006-06-12,19.27,27.02,12.02,0.0,31.6
2006-06-13,19.97,28.0,9.81,0.0,31.74
2006-06-14,20.58,26.83,14.25,0.0,31.19
2006-06-15,19.67,27.12,13.71,0.0,31.42
2006-06-16,19.76,26.73,13.7,0.0,31.34
2006-06-17,20.42,27.31,11.62,0.0,31.84
2006-06-18,22.06,28.8,14.63,0.0,31.45
2006-06-19,21.02,29.12,9.82,0.0,31.71
2006-06-20,22.19,30.0,11.58,0.03,31.58
2006-06-21,23.94,30.02,18.51,0.0,30.86
2006-06-22,24.6,31.13,17.6,0.0,27.23
2006-06-23,23.36,30.69,16.54,0.0,29.64
2006-06-24,23.2,30.74,15.04,0.0,31.19
2006-06-25,23.62,30.86,15.57,0.0,30.11
2006-06-26,23.92,31.68,15.89,0.38,30.39
2006-06-27,23.45,31.73,13.8,0.01,29.36
2006-06-28,23.12,31.05,14.4,0.42,29.65
2006-06-29,22.74,29.28,17.85,0.03,27.73
2006-06-30,22.1,28.85,15.47,0.2,25.34
2006-07-01,21.34,27.96,15.43,0.55,23.04
2006-07-02,20.74,26.43,14.6,0.81,27.89
2006-07-03,22.01,29.26,14.37,1.29,26.31
2006-07-04,21.66,27.67,15.98,1.97,24.62
2006-07-05,21.47,28.17,16.02,0.09,28.95
2006-07-06,21.35,28.71,13.61,0.0,30.91
2006-07-07,20.63,27.78,14.02,0.02,30.37
2006-07-08,20.66,27.08,14.85,0.03,29.58
2006-07-09,22.06,30.18,12.83,0.0,31.39
2006-07-10,23.4,32.06,13.45,0.0,31.36
2006-07-11,24.57,34.43,14.06,0.0,30.6
2006-07-12,25.74,34.9,16.31,0.0,31.11
2006-07-13,25.87,34.6,15.7,0.0,30.72
2006-07-14,25.82,34.03,17.19,0.0,29.64
2006-07-15,23.06,29.28,17.25,0.21,28.85
2006-07-16,23.44,30.55,15.2,0.0,25.46
2006-07-17,25.24,32.43,16.22,0.0,27.98
2006-07-18,26.91,35.05,18.95,0.0,29.38
2006-07-19,26.23,34.21,16.22,0.0,30.08
2006-07-20,26.17,34.46,15.35,0.0,29.81
2006-07-21,26.99,35.2,18.79,0.0,29.27
2006-07-22,25.62,32.85,19.94,0.0,29.6
2006-07-23,24.36,31.79,17.42,0.0,29.77
2006-07-24,25.09,33.08,17.61,0.0,30.15
2006-07-25,24.38,33.31,14.46,0.0,28.27
2006-07-26,25.08,34.09,15.78,0.0,28.67
2006-07-27,26.2,34.55,18.87,0.0,29.6
2006-07-28,24.61,33.9,15.21,0.04,27.94
2006-07-29,20.76,28.91,15.3,10.98,17.59
2006-07-30,20.24,27.16,13.45,0.0,28.35
2006-07-31,23.1,30.65,14.32,0.0,28.95
2006-08-01,24.34,31.07,18.73,0.11,23.91
2006-08-02,24.27,31.71,18.58,0.0,26.24
2006-08-03,24.98,33.07,15.51,0.0,27.47
2006-08-04,26.36,34.5,17.14,0.0,27.41
2006-08-05,26.8,34.27,20.2,0.0,27.46
2006-08-06,26.68,34.8,19.04,0.0,28.8
2006-08-07,27.38,36.04,18.53,0.0,27.6
2006-08-08,27.96,35.09,22.17,0.0,25.14
2006-08-09,26.01,33.21,20.2,0.0,28.14
2006-08-10,26.17,35.04,15.45,0.0,28.08
2006-08-11,28.86,36.81,20.83,0.0,27.28
2006-08-12,29.69,38.22,20.64,0.0,27.32
2006-08-13,29.3,38.02,19.57,0.0,27.97
2006-08-14,27.84,37.07,18.77,0.0,27.8
2006-08-15,26.33,35.73,17.39,0.0,28.1
2006-08-16,26.58,35.56,17.56,0.0,26.57
2006-08-17,25.44,33.92,19.08,0.08,21.44
2006-08-18,24.44,33.06,17.7,0.03,22.38
2006-08-19,25.2,32.81,16.92,0.01,23.2
2006-08-20,25.69,33.03,18.93,0.0,19.91
2006-08-21,24.62,31.61,18.05,0.03,20.6
2006-08-22,24.29,31.05,18.32,0.0,20.35
2006-08-23,25.39,32.53,17.28,0.16,22.83
2006-08-24,25.47,33.16,18.44,0.0,23.91
2006-08-25,25.61,32.75,19.06,0.0,24.96
2006-08-26,25.69,34.1,18.5,0.01,19.51
2006-08-27,26.58,33.7,20.42,0.04,19.71
2006-08-28,24.89,32.42,18.7,0.0,25.29
2006-08-29,23.8,31.07,16.85,0.01,23.36
2006-08-30,24.88,32.91,18.19,0.0,25.17
2006-08-31,25.64,34.1,17.42,0.0,24.96
2006-09-01,24.98,32.75,18.76,0.0,24.28
2006-09-02,23.95,31.35,17.58,0.0,23.06
2006-09-03,21.97,28.22,16.7,0.0,24.86
2006-09-04,21.21,30.6,11.47,0.0,24.76
2006-09-05,20.13,28.78,12.26,0.0,23.94
2006-09-06,19.68,27.44,11.56,0.0,24.27
2006-09-07,18.95,26.8,10.5,0.03,24.84
2006-09-08,19.6,27.77,10.35,0.0,24.55
2006-09-09,21.25,28.82,14.95,0.0,23.73
2006-09-10,21.1,30.69,10.67,0.0,23.9
2006-09-11,21.42,30.83,12.27,0.01,22.66
2006-09-12,21.03,27.6,13.36,0.01,22.92
2006-09-13,18.77,27.6,11.01,0.0,23.19
2006-09-14,18.18,26.89,9.94,0.01,22.97
2006-09-15,16.55,24.74,8.42,0.0,22.99
2006-09-16,14.79,23.3,7.71,0.0,21.33
2006-09-17,12.94,21.06,6.53,0.0,23.39
2006-09-18,16.4,25.43,6.52,0.0,23.11
2006-09-19,18.09,25.53,11.71,0.0,22.79
2006-09-20,18.19,26.32,11.0,0.0,21.14
2006-09-21,16.94,24.2,10.97,0.0,18.0
2006-09-22,15.99,21.93,11.1,0.7,16.6
2006-09-23,16.4,22.05,12.11,2.3,16.5
2006-09-24,16.5,22.9,11.56,0.47,18.74
2006-09-25,16.09,22.73,10.73,0.16,18.32
2006-09-26,13.15,17.84,9.76,0.63,16.63
2006-09-27,15.04,21.8,8.32,0.28,19.2
2006-09-28,16.17,23.9,7.91,0.0,20.79
2006-09-29,17.5,25.41,10.25,0.43,17.35
2006-09-30,17.22,22.92,13.29,0.03,16.4
2006-10-01,16.31,21.87,11.17,0.23,13.51
2006-10-02,16.39,22.75,10.31,1.93,14.95
2006-10-03,17.01,24.41,12.33,2.52,14.54
2006-10-04,13.15,16.93,8.73,15.54,10.13
2006-10-05,13.53,21.49,6.75,0.02,19.78
2006-10-06,13.62,21.67,6.58,0.0,19.51
2006-10-07,15.02,22.85,7.62,0.0,19.44
2006-10-08,16.11,23.28,10.32,0.0,19.02
2006-10-09,15.92,22.61,11.31,0.0,17.67
2006-10-10,15.24,21.51,10.76,0.0,17.48
2006-10-11,13.72,19.63,9.47,0.04,13.79
2006-10-12,13.62,19.58,9.7,0.7,10.15
2006-10-13,12.32,17.43,8.3,0.71,14.34
2006-10-14,12.55,17.5,8.08,1.24,10.82
2006-10-15,11.44,15.48,7.8,11.93,9.16
2006-10-16,8.93,11.56,7.35,6.82,5.0
2006-10-17,8.84,12.85,5.79,7.75,10.13
2006-10-18,10.36,15.57,5.87,0.77,13.18
2006-10-19,12.65,17.79,8.93,0.55,14.81
2006-10-20,11.44,18.2,7.21,8.04,6.12
2006-10-21,9.08,13.73,5.19,0.5,12.59
2006-10-22,9.41,16.5,3.06,0.27,15.21
2006-10-23,9.38,15.62,5.45,0.0,13.69
2006-10-24,10.17,16.31,4.59,0.0,14.68
2006-10-25,9.04,14.98,4.72,9.58,10.34
2006-10-26,7.69,10.53,5.74,2.67,4.77
2006-10-27,8.06,12.02,4.72,3.83,7.72
2006-10-28,8.53,11.78,5.29,10.36,8.66
2006-10-29,7.55,12.36,4.66,59.21,3.92
2006-10-30,5.34,8.49,2.38,6.86,4.5
2006-10-31,7.9,13.14,2.83,3.41,9.75
2006-11-01,10.61,13.6,8.19,27.69,8.5
2006-11-02,7.46,10.54,5.72,20.69,5.68
2006-11-03,6.66,8.88,5.5,2.48,7.31
2006-11-04,7.87,10.36,6.2,9.81,3.02
2006-11-05,6.61,8.94,1.55,18.74,4.18
2006-11-06,0.9,4.83,-2.63,0.26,9.6
2006-11-07,-1.15,3.86,-4.27,0.0,10.82
2006-11-08,-0.79,4.79,-4.15,0.0,13.51
2006-11-09,1.36,7.64,-3.5,0.0,13.45
2006-11-10,2.5,8.32,-1.31,0.0,13.28
2006-11-11,1.28,5.93,-1.15,0.0,13.22
2006-11-12,1.38,6.65,-1.38,0.0,12.21
2006-11-13,2.27,7.64,-1.36,0.0,8.99
2006-11-14,1.18,4.95,-1.51,9.04,3.16
2006-11-15,-0.6,4.4,-4.46,5.86,11.6
2006-11-16,-0.75,5.29,-4.77,0.0,11.9
2006-11-17,2.0,8.19,-2.21,0.0,11.15
2006-11-18,1.31,6.82,-3.65,0.01,10.71
2006-11-19,-2.41,0.84,-4.12,0.23,11.61
2006-11-20,-1.19,4.55,-4.27,0.0,12.33
2006-11-21,1.03,5.56,-2.48,0.0,11.97
2006-11-22,1.84,5.91,0.24,0.0,11.67
2006-11-23,1.31,5.65,-1.67,0.0,10.48
2006-11-24,1.0,7.46,-2.4,0.0,11.13
2006-11-25,0.47,7.01,-2.61,0.0,10.98
2006-11-26,0.78,7.84,-2.31,0.0,11.11
2006-11-27,0.69,6.79,-1.98,0.0,11.04
2006-11-28,1.11,7.21,-1.82,0.0,11.01
2006-11-29,-0.14,5.24,-2.74,0.0,11.15
2006-11-30,-0.85,4.27,-3.04,0.0,11.02
2006-12-01,-1.04,5.16,-5.93,0.0,10.3
2006-12-02,-1.24,3.76,-3.7,0.0,8.73
2006-12-03,-2.18,3.87,-7.28,0.0,10.77
2006-12-04,0.24,5.14,-3.9,0.0,10.02
2006-12-05,0.62,4.19,-1.48,0.0,9.77
2006-12-06,-0.9,3.98,-5.62,0.0,9.91
2006-12-07,-0.31,5.2,-5.41,0.0,8.45
2006-12-08,0.13,5.99,-5.54,0.0,9.92
2006-12-09,0.2,5.05,-2.59,0.0,9.93
2006-12-10,-1.24,5.55,-6.4,0.1,9.95
2006-12-11,-1.6,4.16,-5.65,0.0,9.54
2006-12-12,-1.18,4.72,-6.88,0.0,10.12
2006-12-13,-0.82,3.89,-5.11,0.0,9.28
2006-12-14,-1.97,3.57,-7.5,0.01,9.79
2006-12-15,-3.27,-0.61,-6.54,0.55,6.58
2006-12-16,-4.3,1.68,-8.63,0.0,10.21
2006-12-17,-1.65,5.72,-6.73,0.0,10.11
2006-12-18,0.5,6.65,-5.2,0.0,8.82
2006-12-19,2.93,7.9,0.08,0.0,10.16
2006-12-20,0.69,5.42,-1.74,0.0,8.7
2006-12-21,-0.2,4.22,-2.61,0.0,9.33
2006-12-22,-1.28,1.75,-4.22,2.35,5.44
2006-12-23,-5.15,-0.37,-9.38,1.34,9.69
2006-12-24,-6.36,0.64,-10.16,0.0,9.92
2006-12-25,-6.4,-0.29,-10.49,0.0,10.36
2006-12-26,-6.26,-4.76,-8.37,12.71,1.13
2006-12-27,-9.03,-6.84,-11.27,6.63,1.8
2006-12-28,-11.84,-6.4,-17.39,0.36,3.59
2006-12-29,-13.38,-5.03,-20.78,0.07,6.29
2006-12-30,-12.72,-3.88,-18.64,0.0,6.3
2006-12-31,-12.06,-5.14,-16.09,0.0,7.11
2007-01-01,-13.02,-4.67,-17.75,0.0,9.99
2007-01-02,-13.02,-7.23,-18.15,0.0,10.0
2007-01-03,-7.31,-2.09,-10.8,0.0,7.99
2007-01-04,-5.38,-0.34,-9.82,0.0,5.13
2007-01-05,-4.81,-0.43,-6.9,7.59,2.99
2007-01-06,-6.23,-2.16,-10.3,6.19,3.89
2007-01-07,-8.9,-2.53,-14.82,0.27,6.86
2007-01-08,-12.68,-5.31,-17.47,0.0,8.56
2007-01-09,-12.83,-4.41,-17.79,0.0,9.27
2007-01-10,-12.52,-4.79,-16.53,0.0,9.4
2007-01-11,-13.19,-6.02,-16.97,0.0,9.71
2007-01-12,-12.92,-4.04,-18.55,0.0,9.41
2007-01-13,-8.95,-1.5,-14.86,0.0,9.74
2007-01-14,-8.87,-3.31,-13.66,0.0,8.06
2007-01-15,-7.35,-1.16,-12.74,0.1,11.76
2007-01-16,-8.91,-4.27,-14.48,0.35,12.27
2007-01-17,-9.39,-2.44,-14.31,0.0,11.95
2007-01-18,-7.99,-0.71,-13.62,0.0,12.13
2007-01-19,-7.58,-2.21,-10.69,0.46,10.37
2007-01-20,-6.16,-2.47,-9.3,5.98,8.17
2007-01-21,-8.25,-1.33,-12.71,1.05,10.26
2007-01-22,-9.4,-1.37,-14.44,0.0,11.81
2007-01-23,-4.6,1.9,-11.19,0.0,11.83
2007-01-24,-1.45,3.57,-6.46,0.0,11.99
2007-01-25,-0.27,5.38,-4.88,0.0,12.44
2007-01-26,0.48,5.86,-4.81,0.0,12.19
2007-01-27,-0.1,4.19,-3.73,0.0,12.23
2007-01-28,-2.58,1.26,-5.8,4.03,5.81
2007-01-29,-5.53,-2.51,-8.88,7.13,11.84
2007-01-30,-7.72,-4.98,-10.29,6.76,3.32
2007-01-31,-9.92,-6.86,-14.92,4.7,11.66
2007-02-01,-12.31,-6.79,-16.03,0.15,13.65
2007-02-02,-10.59,-4.6,-16.41,0.06,8.74
2007-02-03,-4.96,0.09,-9.64,3.73,7.03
2007-02-04,-4.33,-0.21,-7.4,2.33,7.9
2007-02-05,-2.55,-0.36,-6.0,7.41,3.65
2007-02-06,-1.42,-0.74,-2.18,22.17,2.67
2007-02-07,-3.53,-0.32,-10.27,2.2,13.42
2007-02-08,-6.27,0.23,-14.2,0.0,13.67
2007-02-09,-4.56,0.2,-9.46,0.0,11.9
2007-02-10,-4.46,0.29,-8.53,0.0,13.69
2007-02-11,-4.58,0.66,-9.28,0.0,15.26
2007-02-12,-2.96,1.4,-6.64,0.0,15.15
2007-02-13,-2.52,0.15,-5.36,4.57,7.73
2007-02-14,-2.61,2.07,-7.1,0.05,12.57
2007-02-15,-1.15,1.86,-4.03,5.13,7.04
2007-02-16,-0.08,2.43,-1.56,1.43,8.55
2007-02-17,-1.01,3.83,-6.16,0.0,13.29
2007-02-18,-0.91,3.45,-4.54,0.0,14.32
2007-02-19,-0.31,4.35,-5.36,0.0,16.08
2007-02-20,-0.34,3.64,-2.71,0.0,15.42
2007-02-21,-0.5,2.96,-2.99,0.0,8.01
2007-02-22,1.13,5.19,-1.38,0.01,14.92
2007-02-23,1.78,5.34,-0.22,0.5,8.71
2007-02-24,0.95,3.59,-1.85,2.93,5.29
2007-02-25,-2.73,3.94,-7.66,0.14,16.27
2007-02-26,-0.73,4.83,-5.06,0.05,14.86
2007-02-27,-0.93,4.04,-4.86,0.0,18.94
2007-02-28,-0.02,3.96,-2.54,0.45,12.87
2007-03-01,1.37,7.0,-1.5,0.98,13.14
2007-03-02,2.19,6.59,-1.29,0.08,14.92
2007-03-03,1.99,6.01,-0.46,0.97,10.07
2007-03-04,2.06,5.45,0.06,9.15,7.45
2007-03-05,2.16,5.4,0.76,22.96,3.54
2007-03-06,0.89,4.22,-3.14,6.66,7.97
2007-03-07,1.24,7.94,-4.0,0.0,13.95
2007-03-08,3.05,8.28,-0.38,0.0,13.2
2007-03-09,1.77,6.65,-3.45,0.0,16.56
2007-03-10,1.15,7.72,-3.64,0.0,19.65
2007-03-11,4.06,9.64,-0.87,0.0,18.46
2007-03-12,4.11,9.23,0.8,0.0,14.99
2007-03-13,2.71,7.16,-0.87,8.65,8.19
2007-03-14,2.75,7.41,-0.78,7.8,11.79
2007-03-15,0.66,4.16,-1.38,15.67,7.04
2007-03-16,-1.77,0.81,-4.95,8.21,11.68
2007-03-17,-3.54,-0.23,-6.97,1.13,17.59
2007-03-18,-2.15,2.91,-7.0,0.0,17.79
2007-03-19,-0.05,2.69,-2.23,0.27,11.77
2007-03-20,1.09,4.66,-1.2,2.65,11.57
2007-03-21,1.78,5.72,-1.16,1.19,12.19
2007-03-22,3.1,7.21,-0.23,0.03,18.07
2007-03-23,3.11,8.13,-0.97,0.02,11.95
2007-03-24,3.11,6.59,0.18,11.16,6.28
2007-03-25,2.03,5.6,-1.39,2.68,13.95
2007-03-26,1.58,5.69,-1.59,1.01,14.92
2007-03-27,1.69,6.03,-2.74,0.07,20.05
2007-03-28,1.81,6.31,-2.0,0.12,18.26
2007-03-29,1.24,4.78,-1.71,3.58,13.9
2007-03-30,2.12,6.5,-2.21,0.32,18.87
2007-03-31,3.6,8.8,-0.67,0.0,21.0
2007-04-01,2.01,4.93,-0.22,5.76,7.76
2007-04-02,2.54,7.56,-0.69,7.64,10.54
2007-04-03,1.06,4.13,-0.92,21.34,9.6
2007-04-04,-0.36,2.38,-2.32,1.05,13.65
2007-04-05,1.57,7.25,-2.66,0.39,16.33
2007-04-06,4.17,9.52,-1.6,0.22,13.67
2007-04-07,6.54,11.35,2.43,0.38,14.24
2007-04-08,6.84,11.88,2.11,1.75,16.02
2007-04-09,5.09,10.22,0.27,2.55,14.41
2007-04-10,5.27,9.32,1.45,8.03,10.26
2007-04-11,5.92,11.19,0.38,9.68,12.88
2007-04-12,4.12,7.68,1.53,8.36,14.17
2007-04-13,3.64,7.08,0.87,2.63,15.34
2007-04-14,3.82,8.44,-1.02,0.18,19.81
2007-04-15,1.95,6.73,-3.24,2.75,18.26
2007-04-16,1.18,4.17,-2.25,2.95,13.99
2007-04-17,2.01,6.88,-3.2,4.61,13.39
2007-04-18,5.56,11.64,-0.21,8.69,9.33
2007-04-19,1.77,3.55,-1.71,7.45,5.94
2007-04-20,-1.26,1.53,-4.82,6.46,6.93
2007-04-21,1.49,8.56,-5.49,0.02,22.84
2007-04-22,5.73,13.14,-2.03,0.0,24.5
2007-04-23,4.66,9.56,0.91,8.3,16.73
2007-04-24,3.36,10.53,-1.52,7.51,11.33
2007-04-25,4.43,10.9,-1.76,0.09,23.63
2007-04-26,6.24,12.48,-1.27,0.0,24.58
2007-04-27,7.67,12.99,3.11,0.24,14.27
2007-04-28,8.22,13.07,4.13,0.02,23.46
2007-04-29,8.39,12.48,3.89,10.8,15.91
2007-04-30,5.89,7.68,2.67,14.31,17.43
2007-05-01,6.74,12.08,1.59,0.0,21.6
2007-05-02,8.56,14.3,2.34,0.0,13.87
2007-05-03,9.11,13.49,4.69,0.11,18.9
2007-05-04,9.48,12.87,6.22,2.03,12.51
2007-05-05,11.47,17.18,4.0,0.66,25.9
2007-05-06,14.03,19.81,6.66,0.0,27.93
2007-05-07,14.86,21.68,6.0,0.0,28.25
2007-05-08,16.15,21.55,11.12,0.0,26.31
2007-05-09,14.3,18.84,10.39,0.14,13.32
2007-05-10,13.03,17.45,9.11,0.76,17.31
2007-05-11,12.96,16.18,9.2,1.71,13.03
2007-05-12,14.38,19.87,10.36,4.59,12.92
2007-05-13,15.01,19.43,11.17,7.5,16.36
2007-05-14,13.17,16.96,8.05,2.83,20.22
2007-05-15,12.66,19.02,6.04,0.0,29.81
2007-05-16,13.68,21.08,5.83,0.11,30.46
2007-05-17,14.39,21.18,6.22,0.04,30.4
2007-05-18,13.22,18.28,8.35,1.16,20.83
2007-05-19,12.63,15.93,8.83,1.16,19.53
2007-05-20,13.82,18.58,6.55,0.0,26.13
2007-05-21,16.93,22.69,10.01,0.0,28.92
2007-05-22,17.1,22.86,10.24,0.0,30.27
2007-05-23,15.67,22.21,11.9,0.04,21.92
2007-05-24,18.5,25.33,11.48,0.02,26.52
2007-05-25,18.25,25.11,13.06,0.38,20.89
2007-05-26,18.14,27.12,12.35,1.14,20.54
2007-05-27,17.09,23.85,11.56,2.03,10.41
2007-05-28,17.7,23.29,12.73,1.85,26.98
2007-05-29,17.05,22.25,11.39,0.0,26.41
2007-05-30,17.63,22.4,12.59,0.24,27.8
2007-05-31,15.3,20.09,10.54,2.75,18.04
2007-06-01,16.53,22.64,9.8,0.03,27.89
2007-06-02,15.76,20.95,9.38,0.28,22.77
2007-06-03,14.49,20.54,8.12,0.31,24.99
2007-06-04,16.01,22.81,7.55,0.01,29.31
2007-06-05,17.25,23.9,9.17,0.0,30.02
2007-06-06,17.55,24.68,8.14,0.0,31.72
2007-06-07,18.99,25.56,12.95,0.11,27.6
2007-06-08,17.14,23.73,10.81,0.0,30.14
2007-06-09,16.08,22.24,9.95,0.39,28.58
2007-06-10,16.2,20.69,11.09,1.83,25.57
2007-06-11,17.12,23.37,11.13,1.0,22.18
2007-06-12,16.65,22.66,10.33,1.04,29.27
2007-06-13,18.49,25.5,10.39,0.0,31.37
2007-06-14,20.49,28.13,12.44,0.37,31.29
2007-06-15,21.72,29.18,13.59,0.0,31.2
2007-06-16,21.87,29.59,12.06,0.01,30.4
2007-06-17,22.55,29.36,15.5,1.07,27.17
2007-06-18,20.36,27.15,13.9,2.0,25.81
2007-06-19,18.82,27.37,12.25,1.84,21.44
2007-06-20,17.93,26.3,10.24,0.17,30.32
2007-06-21,17.84,25.95,10.3,0.0,28.63
2007-06-22,16.53,23.71,11.07,0.01,31.5
2007-06-23,19.13,27.77,9.96,0.0,31.85
2007-06-24,20.29,29.03,11.21,0.0,32.38
2007-06-25,19.66,27.89,12.29,0.0,31.74
2007-06-26,18.76,27.49,10.1,0.0,31.54
2007-06-27,19.98,28.15,12.54,0.0,31.44
2007-06-28,21.38,29.71,13.22,0.0,31.69
2007-06-29,21.66,29.85,13.32,0.05,28.88
2007-06-30,22.5,30.41,13.57,0.2,28.3
2007-07-01,21.41,28.99,12.09,0.3,30.72
2007-07-02,21.6,30.46,11.59,0.01,31.11
2007-07-03,21.66,29.85,12.63,0.02,29.02
2007-07-04,21.97,29.46,14.66,0.0,30.45
2007-07-05,23.38,31.14,14.72,0.0,30.32
2007-07-06,24.63,31.56,15.13,0.01,29.52
2007-07-07,25.51,33.34,16.02,0.14,28.09
2007-07-08,22.42,31.1,13.06,0.0,30.36
2007-07-09,22.84,30.83,15.54,0.0,30.81
2007-07-10,24.5,33.31,15.48,0.0,31.1
2007-07-11,25.79,32.91,17.73,0.0,30.77
2007-07-12,26.5,34.05,18.4,0.0,29.81
2007-07-13,26.71,35.39,18.01,0.11,29.4
2007-07-14,25.33,32.44,17.58,0.56,28.97
2007-07-15,22.52,31.49,15.37,0.04,25.4
2007-07-16,19.77,29.53,11.75,3.5,18.98
2007-07-17,14.59,22.09,9.11,1.82,12.45
2007-07-18,18.06,24.47,12.08,0.19,26.1
2007-07-19,20.38,27.83,12.91,0.0,28.09
2007-07-20,22.92,31.44,14.44,0.01,28.63
2007-07-21,23.67,31.34,15.13,0.03,26.9
2007-07-22,23.68,30.71,16.11,0.0,28.39
2007-07-23,24.0,31.37,17.12,0.0,29.28
2007-07-24,24.84,32.94,16.42,0.0,29.54
2007-07-25,25.5,34.08,16.64,0.0,29.63
2007-07-26,26.27,34.0,17.0,2.04,25.76
2007-07-27,25.6,33.96,17.24,0.0,27.68
2007-07-28,24.61,32.18,16.93,0.0,29.45
2007-07-29,24.45,31.98,16.82,0.0,30.13
2007-07-30,25.9,33.8,17.31,0.0,28.15
2007-07-31,26.3,34.23,17.54,0.0,25.0
2007-08-01,27.17,35.01,17.42,0.0,27.41
2007-08-02,27.34,34.75,18.25,0.51,24.6
2007-08-03,26.45,34.35,18.84,0.21,25.17
2007-08-04,24.41,31.79,18.21,0.05,27.46
2007-08-05,25.37,32.78,17.08,0.0,27.22
2007-08-06,26.51,33.91,19.17,0.22,25.42
2007-08-07,25.56,32.6,18.9,0.0,27.91
2007-08-08,25.66,34.55,16.55,0.0,28.22
2007-08-09,26.58,35.26,18.95,0.18,28.23
2007-08-10,26.22,35.56,15.37,0.0,28.25
2007-08-11,26.98,35.04,18.79,0.01,27.65
2007-08-12,26.83,34.94,18.04,0.0,27.39
2007-08-13,26.75,34.83,19.68,0.0,27.34
2007-08-14,26.27,34.44,19.71,0.0,27.87
2007-08-15,24.71,32.52,16.49,0.0,27.51
2007-08-16,24.76,32.15,15.72,0.04,24.31
2007-08-17,21.76,28.46,16.11,2.21,18.5
2007-08-18,21.47,29.48,13.8,0.51,25.42
2007-08-19,22.19,29.65,13.81,0.16,24.4
2007-08-20,22.6,28.86,15.67,0.07,21.49
2007-08-21,23.58,29.41,18.18,0.0,22.26
2007-08-22,22.13,29.64,15.23,0.08,25.98
2007-08-23,21.86,28.59,15.57,0.88,21.3
2007-08-24,22.23,28.81,15.05,0.18,21.92
2007-08-25,23.81,31.03,17.63,0.03,23.2
2007-08-26,22.97,30.25,16.02,1.21,17.81
2007-08-27,22.56,29.97,16.07,0.03,23.53
2007-08-28,21.8,29.22,15.49,0.53,24.47
2007-08-29,21.95,29.39,15.82,0.87,23.26
2007-08-30,21.95,30.39,13.12,0.0,24.41
2007-08-31,22.11,30.57,14.43,0.0,25.42
2007-09-01,22.84,31.44,15.81,0.0,25.52
2007-09-02,23.95,32.57,14.42,0.0,24.69
2007-09-03,24.77,32.47,17.0,0.0,20.34
2007-09-04,25.39,32.15,20.41,0.0,23.82
2007-09-05,24.13,32.59,15.93,0.0,24.22
2007-09-06,24.14,32.55,15.43,0.0,24.58
2007-09-07,24.2,33.13,14.68,0.0,24.26
2007-09-08,23.87,31.6,16.33,0.0,24.0
2007-09-09,19.98,27.56,13.23,0.0,24.13
2007-09-10,17.81,25.12,10.73,0.0,24.6
2007-09-11,19.28,28.03,12.52,0.0,24.53
2007-09-12,20.36,28.55,13.89,0.0,23.51
2007-09-13,19.82,27.16,14.19,0.0,23.61
2007-09-14,19.28,27.03,13.81,0.0,23.27
2007-09-15,17.84,27.19,8.94,0.0,23.75
2007-09-16,19.13,26.66,12.42,0.0,22.36
2007-09-17,16.41,24.69,10.37,0.0,23.6
2007-09-18,17.77,28.08,8.3,0.0,23.38
2007-09-19,19.06,27.21,12.03,0.0,22.84
2007-09-20,19.2,27.29,12.73,0.0,22.85
2007-09-21,19.44,28.91,9.84,0.0,22.19
2007-09-22,19.26,27.95,10.7,0.0,21.86
2007-09-23,20.16,28.68,13.2,0.0,21.47
2007-09-24,19.61,27.74,12.85,0.0,20.38
2007-09-25,15.22,21.31,10.21,0.01,15.9
2007-09-26,16.53,24.13,8.34,0.0,20.93
2007-09-27,17.43,26.08,8.91,0.0,20.83
2007-09-28,17.5,26.33,9.74,0.0,20.63
2007-09-29,17.18,24.99,10.52,0.0,20.55
2007-09-30,17.19,24.3,10.45,0.0,19.18
2007-10-01,18.38,23.62,14.24,0.0,16.89
2007-10-02,18.31,24.31,12.18,0.0,17.38
2007-10-03,18.33,25.45,10.94,0.0,18.97
2007-10-04,18.39,25.12,11.87,0.0,18.47
2007-10-05,15.74,23.21,10.62,1.09,6.38
2007-10-06,15.24,21.94,9.53,0.6,14.44
2007-10-07,13.66,18.86,8.62,0.03,14.92
2007-10-08,15.36,22.25,8.85,0.0,17.61
2007-10-09,15.5,23.06,8.23,0.0,17.78
2007-10-10,16.03,22.29,11.43,0.0,14.12
2007-10-11,14.55,18.42,11.61,0.17,14.48
2007-10-12,15.23,21.9,9.63,0.0,15.05
2007-10-13,15.28,22.22,9.03,0.2,12.59
2007-10-14,13.98,19.69,9.71,1.21,10.2
2007-10-15,13.35,17.69,10.05,0.16,10.51
2007-10-16,12.74,18.63,7.32,2.42,11.11
2007-10-17,7.61,14.24,2.36,0.13,17.78
2007-10-18,9.16,17.15,1.31,0.0,17.25
2007-10-19,10.75,17.74,6.16,0.01,16.84
2007-10-20,9.44,13.72,5.81,2.4,11.21
2007-10-21,10.58,17.18,5.7,0.0,15.33
2007-10-22,12.59,19.33,7.32,0.0,15.16
2007-10-23,13.07,19.86,7.8,0.0,14.63
2007-10-24,13.01,20.04,6.26,0.0,13.8
2007-10-25,14.25,21.02,7.27,0.0,13.22
2007-10-26,13.81,18.92,9.71,0.56,10.19
2007-10-27,11.68,18.23,5.58,0.69,12.3
2007-10-28,10.07,16.89,4.8,0.01,13.31
2007-10-29,9.76,15.65,5.35,0.0,13.1
2007-10-30,8.89,15.51,4.92,4.03,11.88
2007-10-31,6.32,11.9,2.38,6.43,6.34
2007-11-01,6.63,14.16,0.77,0.62,14.59
2007-11-02,8.16,15.77,0.98,0.0,14.71
2007-11-03,7.67,14.38,1.55,0.0,12.87
2007-11-04,4.46,14.24,-2.92,0.0,14.73
2007-11-05,5.68,10.84,1.76,1.79,5.8
2007-11-06,7.99,12.38,4.45,6.08,5.13
2007-11-07,7.61,10.44,5.02,6.82,3.38
2007-11-08,5.33,9.91,2.06,1.0,5.17
2007-11-09,3.85,6.88,0.72,13.12,2.76
2007-11-10,1.26,7.47,-2.63,0.0,11.38
2007-11-11,2.75,6.99,-2.09,11.56,3.07
2007-11-12,2.55,6.81,-1.73,1.09,12.74
2007-11-13,2.23,8.12,-1.13,0.0,12.48
2007-11-14,2.83,8.15,-0.49,0.0,9.71
2007-11-15,4.86,9.61,1.61,0.03,9.8
2007-11-16,6.25,12.67,1.9,0.0,11.48
2007-11-17,4.88,12.84,-1.28,0.0,12.05
2007-11-18,5.1,13.21,-1.71,0.0,11.3
2007-11-19,4.78,10.07,1.14,0.22,8.75
2007-11-20,4.5,8.94,2.29,3.04,3.73
2007-11-21,3.59,7.61,0.98,6.67,3.11
2007-11-22,1.96,4.75,0.02,7.39,5.66
2007-11-23,0.02,3.04,-3.46,6.61,6.2
2007-11-24,-1.58,3.3,-4.74,1.37,10.09
2007-11-25,-2.63,3.83,-5.56,0.0,11.01
2007-11-26,-0.4,6.52,-5.07,0.0,11.03
2007-11-27,0.06,5.01,-2.54,0.01,8.0
2007-11-28,-1.46,0.81,-2.65,2.78,4.19
2007-11-29,-3.39,0.5,-6.3,0.39,9.54
2007-11-30,-2.13,4.36,-7.88,0.0,9.91
2007-12-01,0.49,5.84,-2.81,0.46,6.58
2007-12-02,-1.2,1.22,-4.99,5.31,3.15
2007-12-03,-3.64,1.63,-8.21,0.0,9.05
2007-12-04,-2.36,2.07,-5.2,0.0,9.23
2007-12-05,-1.26,2.04,-3.54,5.16,2.55
2007-12-06,1.09,5.21,-2.22,23.55,2.89
2007-12-07,1.12,3.16,-1.2,6.71,4.65
2007-12-08,-0.74,2.69,-2.82,0.23,6.5
2007-12-09,-0.87,3.35,-3.14,0.0,6.76
2007-12-10,-0.43,2.83,-2.3,4.97,2.93
2007-12-11,-0.23,1.35,-1.4,3.66,3.12
2007-12-12,1.16,3.89,-0.44,0.98,4.3
2007-12-13,1.86,5.07,0.48,5.53,3.29
2007-12-14,1.06,2.85,-0.31,9.56,2.16
2007-12-15,0.93,3.14,-1.06,0.49,6.32
2007-12-16,0.23,5.21,-3.25,0.01,6.69
2007-12-17,-2.89,-0.36,-7.01,6.32,4.2
2007-12-18,-4.03,-0.54,-7.18,0.41,5.42
2007-12-19,-8.83,-5.49,-13.99,1.75,7.25
2007-12-20,-7.91,-1.57,-14.32,0.0,9.8
2007-12-21,-6.78,-1.42,-11.16,0.0,9.69
2007-12-22,-7.13,-0.89,-10.97,0.0,9.99
2007-12-23,-6.78,1.34,-11.68,0.0,10.28
2007-12-24,-6.34,2.3,-11.63,0.0,10.17
2007-12-25,-6.08,1.85,-11.6,0.0,10.4
2007-12-26,-6.39,1.48,-11.39,0.0,9.4
2007-12-27,-6.42,0.69,-11.04,0.0,9.95
2007-12-28,-6.53,1.09,-11.04,0.0,9.97
2007-12-29,-8.4,-0.39,-14.05,0.0,9.78
2007-12-30,-6.96,-2.37,-10.91,0.01,6.24
2007-12-31,-5.93,-1.88,-9.07,0.11,6.82
2008-01-01,-7.12,-1.09,-13.39,0.17,8.3
2008-01-02,-3.56,1.47,-6.68,0.0,8.04
2008-01-03,-3.85,2.08,-8.17,0.0,9.72
2008-01-04,-2.94,0.92,-6.02,8.37,3.54
2008-01-05,-5.8,-3.15,-9.16,8.42,5.89
2008-01-06,-10.37,-4.99,-16.8,0.04,10.67
2008-01-07,-14.01,-5.71,-19.21,0.0,11.05
2008-01-08,-11.96,-6.27,-17.19,0.43,7.12
2008-01-09,-14.04,-6.52,-19.34,0.08,10.62
2008-01-10,-14.85,-6.21,-20.54,0.0,10.85
2008-01-11,-13.55,-6.67,-18.14,0.0,10.93
2008-01-12,-13.93,-5.24,-19.13,0.0,11.42
2008-01-13,-14.86,-7.67,-19.38,0.0,11.28
2008-01-14,-14.92,-7.3,-19.69,0.0,11.67
2008-01-15,-13.91,-5.3,-19.06,0.0,11.6
2008-01-16,-7.82,-1.67,-13.71,0.0,10.67
2008-01-17,-7.04,-0.01,-13.89,0.0,11.78
2008-01-18,-7.9,0.27,-14.13,0.0,11.45
2008-01-19,-7.15,0.88,-13.54,0.0,11.74
2008-01-20,-9.81,-1.23,-15.78,0.0,11.69
2008-01-21,-8.26,0.83,-15.21,0.0,12.02
2008-01-22,-6.61,2.23,-13.26,0.0,12.18
2008-01-23,-4.29,1.25,-8.8,0.0,8.69
2008-01-24,-3.49,3.24,-9.22,0.0,11.2
2008-01-25,-3.92,1.64,-9.12,0.36,8.09
2008-01-26,-4.66,0.01,-9.5,0.0,9.1
2008-01-27,-6.21,-0.34,-11.61,0.33,11.83
2008-01-28,-4.43,-2.61,-6.1,9.93,4.64
2008-01-29,-2.28,-0.94,-4.04,26.06,2.29
2008-01-30,-4.4,-1.48,-9.86,12.64,2.29
2008-01-31,-10.11,-4.08,-16.63,0.87,7.83
2008-02-01,-12.44,-3.32,-19.34,0.14,13.8
2008-02-02,-13.83,-4.96,-19.92,0.0,13.92
2008-02-03,-12.84,-4.97,-18.66,0.0,14.22
2008-02-04,-11.52,-2.1,-17.91,0.0,14.69
2008-02-05,-9.35,-0.95,-16.49,0.0,14.27
2008-02-06,-6.9,0.01,-12.03,0.0,14.62
2008-02-07,-6.85,-0.01,-11.65,0.0,14.6
2008-02-08,-5.0,-0.71,-12.83,8.54,7.87
2008-02-09,-4.49,0.34,-9.73,0.8,10.93
2008-02-10,-6.02,0.25,-11.83,0.0,11.01
2008-02-11,-4.27,1.45,-12.15,1.29,9.87
2008-02-12,-3.1,-0.23,-5.46,4.43,8.62
2008-02-13,-4.17,-0.56,-6.92,0.7,9.66
2008-02-14,-4.61,-1.81,-7.74,5.55,5.41
2008-02-15,-8.17,-4.13,-16.03,4.36,16.02
2008-02-16,-10.01,-4.1,-15.92,0.54,13.02
2008-02-17,-5.55,-2.53,-11.5,6.31,6.61
2008-02-18,-1.55,0.98,-5.12,10.6,5.14
2008-02-19,-5.18,-0.23,-11.29,3.24,5.37
2008-02-20,-11.33,-6.41,-16.23,0.17,14.57
2008-02-21,-10.83,-2.65,-18.33,0.0,17.36
2008-02-22,-8.14,0.14,-15.9,0.0,17.67
2008-02-23,-4.92,1.58,-10.97,0.0,17.71
2008-02-24,-3.61,0.83,-6.94,1.55,11.1
2008-02-25,-1.78,1.12,-5.39,5.67,9.13
2008-02-26,-1.44,2.11,-4.85,7.8,8.82
2008-02-27,-2.72,3.35,-8.67,0.0,14.04
2008-02-28,-0.4,4.92,-4.18,0.0,11.89
2008-02-29,1.32,5.2,-1.7,0.02,11.35
2008-03-01,1.51,5.16,-0.98,0.13,12.65
2008-03-02,1.04,5.09,-1.58,1.07,10.49
2008-03-03,0.17,4.14,-3.63,12.45,3.85
2008-03-04,-2.59,3.34,-8.77,0.98,17.97
2008-03-05,2.79,9.13,-2.64,0.0,18.98
2008-03-06,4.75,10.12,1.24,0.0,15.42
2008-03-07,5.91,12.2,1.31,0.0,18.43
2008-03-08,6.69,13.65,1.71,0.0,15.79
2008-03-09,7.7,11.99,2.7,0.29,13.21
2008-03-10,8.22,14.25,3.11,2.3,11.85
2008-03-11,6.57,11.87,2.31,0.64,15.52
2008-03-12,4.4,9.6,0.99,0.02,18.45
2008-03-13,3.37,7.41,0.07,1.75,10.75
2008-03-14,1.14,4.54,-1.35,9.6,12.05
2008-03-15,-0.91,2.23,-5.02,6.88,13.76
2008-03-16,-1.05,3.75,-5.38,0.0,13.52
2008-03-17,2.1,7.61,-2.56,0.0,20.02
2008-03-18,4.06,9.41,0.19,0.0,17.28
2008-03-19,4.97,11.0,0.55,0.0,16.81
2008-03-20,5.18,10.5,0.8,0.02,19.34
2008-03-21,5.86,9.35,3.12,1.07,8.99
2008-03-22,6.93,11.69,1.72,0.02,11.7
2008-03-23,9.74,16.53,2.99,0.0,18.96
2008-03-24,11.59,17.87,7.16,0.0,20.18
2008-03-25,10.08,16.59,3.63,0.0,16.98
2008-03-26,7.58,13.92,1.98,0.0,21.58
2008-03-27,7.82,14.29,2.47,0.0,23.19
2008-03-28,6.89,11.79,2.96,0.01,19.84
2008-03-29,7.53,13.19,2.57,0.0,17.63
2008-03-30,9.79,18.06,3.75,0.64,20.62
2008-03-31,6.48,12.25,1.45,4.85,16.36
2008-04-01,4.93,9.61,0.21,1.95,14.73
2008-04-02,2.52,6.61,-0.44,0.48,15.47
2008-04-03,3.48,9.39,-0.95,0.0,21.52
2008-04-04,4.16,9.14,-0.87,4.97,11.94
2008-04-05,4.66,9.14,0.3,0.75,19.96
2008-04-06,6.59,11.26,1.87,0.0,17.79
2008-04-07,5.47,12.67,1.62,9.35,7.55
2008-04-08,5.89,12.24,-1.03,0.08,22.46
2008-04-09,4.07,7.28,1.78,5.03,15.28
2008-04-10,5.08,10.53,0.3,0.16,12.53
2008-04-11,6.9,10.81,2.7,0.17,16.01
2008-04-12,8.47,13.39,3.64,0.0,19.37
2008-04-13,10.37,18.76,1.63,0.0,23.79
2008-04-14,13.34,21.36,4.12,0.01,22.59
2008-04-15,13.94,21.51,6.21,0.01,21.95
2008-04-16,13.52,19.42,7.01,0.51,14.66
2008-04-17,6.88,13.02,0.46,0.0,26.44
2008-04-18,6.69,13.8,-2.04,0.03,21.68
2008-04-19,9.06,14.82,3.43,1.5,20.73
2008-04-20,8.39,15.92,0.73,0.0,26.37
2008-04-21,12.14,17.48,5.84,0.54,23.95
2008-04-22,15.05,21.01,9.26,0.0,27.16
2008-04-23,16.94,23.72,10.95,0.01,25.1
2008-04-24,17.25,23.84,11.31,0.0,24.13
2008-04-25,16.19,23.68,9.33,0.0,24.2
2008-04-26,17.61,24.19,11.72,0.0,20.72
2008-04-27,16.04,23.68,10.76,0.0,18.17
2008-04-28,14.47,20.82,9.69,0.0,24.44
2008-04-29,12.02,18.06,8.48,6.95,6.23
2008-04-30,10.97,16.58,7.36,0.87,22.96
2008-05-01,10.76,16.4,5.85,0.0,28.32
2008-05-02,9.86,15.9,2.31,0.26,23.49
2008-05-03,7.46,11.21,4.16,6.26,14.89
2008-05-04,9.33,14.96,3.49,3.66,22.48
2008-05-05,11.63,18.74,4.89,0.0,24.72
2008-05-06,7.95,12.88,2.8,3.61,18.71
2008-05-07,6.92,13.72,0.36,0.1,26.54
2008-05-08,7.1,12.2,3.37,0.46,18.75
2008-05-09,5.01,8.31,3.0,9.33,10.16
2008-05-10,6.24,9.89,3.42,3.27,19.51
2008-05-11,7.35,12.42,2.48,4.89,19.36
2008-05-12,7.88,11.9,3.0,0.34,18.48
2008-05-13,9.03,15.02,4.41,0.4,25.76
2008-05-14,9.3,16.55,0.37,0.18,31.49
2008-05-15,9.28,17.99,2.68,5.31,14.83
2008-05-16,11.65,17.92,4.1,0.41,23.42
2008-05-17,12.66,18.06,6.56,1.77,22.07
2008-05-18,12.83,18.71,7.76,4.24,22.97
2008-05-19,13.66,18.4,9.37,0.92,23.39
2008-05-20,13.5,20.21,6.41,0.03,28.17
2008-05-21,15.05,22.81,6.45,0.0,31.72
2008-05-22,16.48,24.62,6.56,0.0,31.13
2008-05-23,18.56,26.1,8.45,0.01,29.67
2008-05-24,20.68,25.86,14.68,0.0,29.26
2008-05-25,17.94,23.81,12.7,0.0,23.47
2008-05-26,15.62,22.1,9.85,0.88,23.05
2008-05-27,13.34,18.49,8.69,0.07,21.84
2008-05-28,14.47,22.06,6.52,0.17,27.29
2008-05-29,15.2,22.63,6.61,0.34,27.99
2008-05-30,13.44,21.88,6.01,0.05,32.65
2008-05-31,14.26,22.79,4.17,0.0,30.32
2008-06-01,17.32,23.91,10.66,0.0,32.08
2008-06-02,18.29,26.17,10.24,0.0,25.3
2008-06-03,17.46,24.61,10.64,0.0,30.14
2008-06-04,16.72,23.61,9.39,0.0,32.93
2008-06-05,18.11,25.47,11.33,0.0,33.04
2008-06-06,19.35,26.29,11.58,0.0,31.74
2008-06-07,18.58,25.18,12.56,0.0,31.35
2008-06-08,17.79,24.23,11.1,0.0,30.62
2008-06-09,17.46,25.91,8.85,0.03,31.09
2008-06-10,18.28,26.58,9.05,0.95,25.76
2008-06-11,17.67,23.59,12.5,2.59,25.84
2008-06-12,14.19,19.13,9.88,3.84,18.62
2008-06-13,16.25,23.92,7.4,0.0,30.48
2008-06-14,18.16,26.36,8.97,0.01,31.09
2008-06-15,19.09,27.64,10.0,0.01,31.99
2008-06-16,19.23,27.15,11.12,1.13,29.55
2008-06-17,19.32,28.39,10.49,0.0,31.18
2008-06-18,18.64,25.95,11.78,0.18,30.72
2008-06-19,19.01,27.96,10.34,0.0,31.44
2008-06-20,21.77,30.1,12.91,0.0,31.71
2008-06-21,21.49,30.35,11.55,0.01,30.73
2008-06-22,19.56,27.1,12.17,0.63,26.75
2008-06-23,18.46,25.57,11.79,0.0,30.8
2008-06-24,19.14,27.26,12.19,0.0,31.89
2008-06-25,21.4,30.9,11.45,0.0,31.72
2008-06-26,22.78,32.02,13.35,0.0,31.22
2008-06-27,24.76,33.8,15.1,0.0,30.92
2008-06-28,23.91,33.26,14.68,0.0,31.11
2008-06-29,23.11,31.38,14.73,0.0,30.93
2008-06-30,20.73,28.61,13.72,0.0,29.88
2008-07-01,19.24,27.72,11.4,0.0,32.16
2008-07-02,21.76,30.28,12.1,0.0,31.43
2008-07-03,20.73,29.25,10.2,0.01,31.84
2008-07-04,19.99,29.21,11.04,0.0,32.2
2008-07-05,21.29,30.04,10.81,0.0,32.15
2008-07-06,23.42,30.85,16.27,0.0,31.84
2008-07-07,20.62,30.18,12.5,0.29,27.69
2008-07-08,17.83,25.27,11.52,0.95,31.08
2008-07-09,21.18,30.11,11.49,0.0,30.82
2008-07-10,23.93,31.71,16.7,0.0,30.69
2008-07-11,23.95,33.27,12.31,0.0,31.02
2008-07-12,25.28,35.17,14.95,0.01,29.48
2008-07-13,25.38,34.03,16.09,0.0,29.79
2008-07-14,25.25,32.76,17.68,0.0,30.21
2008-07-15,23.23,31.53,14.05,0.6,24.69
2008-07-16,24.14,32.41,15.33,0.0,30.04
2008-07-17,25.76,33.12,18.24,0.01,30.79
2008-07-18,25.57,32.75,19.36,0.0,31.09
2008-07-19,25.21,35.22,14.13,0.0,31.47
2008-07-20,27.08,36.81,16.01,0.0,31.01
2008-07-21,26.48,35.42,15.67,0.15,29.89
2008-07-22,25.86,32.9,18.87,0.0,28.87
2008-07-23,26.47,34.06,18.18,0.0,28.07
2008-07-24,27.54,34.86,19.1,0.0,27.46
2008-07-25,27.88,34.69,21.44,0.03,25.57
2008-07-26,26.59,33.3,20.02,0.0,29.11
2008-07-27,25.02,31.88,18.7,0.0,29.45
2008-07-28,24.58,33.8,15.7,0.0,30.41
2008-07-29,24.93,34.95,13.84,0.0,30.0
2008-07-30,26.08,35.61,15.1,0.0,29.38
2008-07-31,27.78,36.6,16.93,0.0,28.53
2008-08-01,28.87,36.84,19.94,0.0,26.4
2008-08-02,27.73,36.31,17.95,0.0,26.13
2008-08-03,27.58,35.27,20.5,0.0,27.52
2008-08-04,27.61,35.28,21.2,0.0,28.32
2008-08-05,26.65,35.06,18.59,0.0,28.76
2008-08-06,25.03,33.21,16.48,0.0,27.62
2008-08-07,24.21,32.08,16.26,0.2,23.52
2008-08-08,24.2,31.53,16.87,0.51,20.68
2008-08-09,24.28,30.95,17.39,1.35,26.41
2008-08-10,24.04,30.39,17.7,0.15,24.18
2008-08-11,24.49,31.93,16.03,0.01,26.45
2008-08-12,26.27,33.0,19.2,0.0,26.52
2008-08-13,25.4,33.84,17.12,0.23,25.13
2008-08-14,24.72,33.12,16.18,0.0,26.12
2008-08-15,24.43,32.31,16.88,0.0,25.42
2008-08-16,23.66,29.97,18.13,0.16,20.94
2008-08-17,23.98,30.3,18.85,0.07,25.89
2008-08-18,24.92,33.61,15.35,0.0,26.41
2008-08-19,26.02,33.92,16.49,0.0,25.33
2008-08-20,26.96,34.31,17.85,0.03,24.07
2008-08-21,25.93,32.19,20.27,0.08,23.47
2008-08-22,24.68,32.32,18.08,0.07,18.29
2008-08-23,24.03,30.67,17.42,0.12,18.61
2008-08-24,23.25,28.65,18.27,1.51,14.55
2008-08-25,22.94,30.07,15.11,0.75,19.51
2008-08-26,24.07,31.6,16.05,0.0,21.1
2008-08-27,24.65,31.7,18.39,0.04,21.09
2008-08-28,24.29,32.62,15.76,0.0,22.99
2008-08-29,25.39,33.31,17.98,0.05,19.83
2008-08-30,25.18,33.05,18.24,0.0,23.54
2008-08-31,23.45,30.56,17.34,0.0,24.89
2008-09-01,22.91,30.9,14.41,0.0,25.25
2008-09-02,23.4,32.16,14.51,0.0,24.41
2008-09-03,24.29,31.45,18.63,0.32,23.33
2008-09-04,23.92,31.57,17.8,0.0,24.67
2008-09-05,23.78,31.81,17.06,0.0,22.22
2008-09-06,23.33,31.39,16.42,0.0,24.54
2008-09-07,20.94,29.33,13.17,0.0,24.71
2008-09-08,21.88,29.32,15.77,0.1,22.93
2008-09-09,20.54,27.22,13.52,0.0,19.22
2008-09-10,19.46,24.73,14.4,0.47,15.81
2008-09-11,18.41,25.16,11.63,0.01,20.87
2008-09-12,17.68,24.51,11.69,0.0,23.72
2008-09-13,19.5,26.32,13.79,0.0,21.87
2008-09-14,19.08,25.51,13.49,0.27,15.24
2008-09-15,20.23,28.35,12.23,0.0,22.43
2008-09-16,20.82,28.59,12.12,0.0,22.22
2008-09-17,21.89,28.72,16.71,0.0,22.04
2008-09-18,19.51,26.4,14.17,0.0,21.52
2008-09-19,18.1,25.75,12.24,0.0,22.27
2008-09-20,17.02,23.62,10.92,0.0,17.94
2008-09-21,18.34,24.99,12.77,0.0,18.54
2008-09-22,17.87,24.56,12.31,0.0,18.86
2008-09-23,12.27,19.65,9.21,10.46,6.63
2008-09-24,14.17,21.24,8.61,0.27,20.38
2008-09-25,14.09,21.48,7.77,0.0,20.6
2008-09-26,14.58,20.31,10.98,0.94,18.12
2008-09-27,11.19,14.41,8.86,16.66,3.17
2008-09-28,11.31,16.71,7.69,1.28,16.7
2008-09-29,11.02,18.47,5.71,0.31,18.83
2008-09-30,8.97,11.93,6.33,13.71,4.47
2008-10-01,10.0,16.79,2.57,0.21,20.32
2008-10-02,11.6,19.26,4.32,0.0,20.48
2008-10-03,12.89,21.64,5.47,0.0,20.27
2008-10-04,13.28,20.09,7.56,0.0,18.31
2008-10-05,14.24,20.48,9.41,0.0,18.49
2008-10-06,14.49,20.95,10.03,0.22,17.59
2008-10-07,13.34,19.69,9.58,0.0,18.77
2008-10-08,12.16,18.09,7.67,0.01,18.95
2008-10-09,11.42,17.53,5.86,0.26,16.79
2008-10-10,10.91,18.37,4.29,0.0,16.42
2008-10-11,11.3,19.05,3.06,0.0,17.52
2008-10-12,12.37,20.26,4.34,0.0,16.96
2008-10-13,15.56,22.49,10.36,0.0,15.82
2008-10-14,16.57,24.19,9.34,0.0,16.48
2008-10-15,16.11,24.09,11.33,0.67,12.46
2008-10-16,12.23,17.64,8.49,0.89,13.99
2008-10-17,10.75,16.56,5.87,0.18,15.53
2008-10-18,10.99,16.66,6.72,0.22,14.84
2008-10-19,11.14,17.29,4.81,0.0,14.24
2008-10-20,11.47,19.31,3.35,0.0,16.27
2008-10-21,11.67,18.74,5.22,0.0,15.96
2008-10-22,9.59,12.11,6.69,0.35,11.27
2008-10-23,10.47,16.91,6.54,5.37,9.61
2008-10-24,10.71,16.84,6.55,15.32,8.88
2008-10-25,9.69,14.77,4.64,4.69,8.71
2008-10-26,8.37,14.85,2.1,3.29,12.35
2008-10-27,7.54,10.96,5.55,0.52,10.58
2008-10-28,7.84,13.25,4.42,1.63,10.3
2008-10-29,8.03,13.15,3.96,0.0,10.9
2008-10-30,6.9,13.13,2.33,0.0,10.32
2008-10-31,6.89,13.34,0.87,0.0,13.98
2008-11-01,5.93,13.14,-0.3,0.0,13.84
2008-11-02,6.48,12.44,-0.38,0.0,13.95
2008-11-03,6.09,11.23,0.27,0.53,12.0
2008-11-04,5.97,11.26,0.76,0.01,13.49
2008-11-05,4.72,12.91,-1.61,0.0,13.84
2008-11-06,5.28,12.77,-1.83,0.0,13.22
2008-11-07,6.72,12.77,1.45,0.02,13.24
2008-11-08,5.07,12.67,-1.26,0.0,12.79
2008-11-09,4.24,11.45,-0.59,0.0,13.38
2008-11-10,3.03,10.67,-1.39,0.0,12.28
2008-11-11,3.04,9.17,-2.24,0.0,9.45
2008-11-12,4.41,10.62,0.22,0.0,12.26
2008-11-13,4.15,10.55,-2.54,0.0,9.84
2008-11-14,4.42,8.1,-1.08,0.18,10.32
2008-11-15,2.59,10.04,-3.03,0.0,12.36
2008-11-16,2.94,9.64,-2.99,0.0,12.32
2008-11-17,2.47,9.85,-3.44,0.0,11.97
2008-11-18,2.66,8.56,-0.87,0.0,11.62
2008-11-19,2.35,6.47,-1.12,2.88,3.2
2008-11-20,2.04,3.19,0.79,5.82,2.53
2008-11-21,3.09,5.37,2.18,4.24,3.75
2008-11-22,3.46,6.82,2.23,7.73,3.17
2008-11-23,4.87,7.96,3.12,1.71,4.68
2008-11-24,4.7,8.51,2.41,1.85,6.38
2008-11-25,4.93,8.83,2.04,0.07,6.22
2008-11-26,4.41,11.39,-1.82,0.0,10.73
2008-11-27,3.5,10.44,-1.78,0.0,10.74
2008-11-28,2.49,6.43,-0.27,7.98,3.05
2008-11-29,0.86,5.04,-2.44,7.46,3.49
2008-11-30,2.11,9.86,-2.79,0.0,10.13
2008-12-01,2.27,8.8,-2.44,0.0,9.61
2008-12-02,1.99,10.65,-3.0,0.0,9.88
2008-12-03,1.43,10.57,-2.95,0.0,9.11
2008-12-04,1.62,11.08,-2.78,0.0,9.29
2008-12-05,2.4,12.91,-2.92,0.0,9.24
2008-12-06,2.52,12.09,-1.58,0.0,7.87
2008-12-07,3.26,12.13,-2.75,0.0,8.55
2008-12-08,2.19,7.61,-1.49,0.0,9.54
2008-12-09,0.43,4.67,-2.31,5.16,2.88
2008-12-10,-1.92,0.93,-6.09,14.03,4.06
2008-12-11,-6.09,0.32,-9.98,0.09,8.29
2008-12-12,-6.16,0.72,-10.24,0.0,10.65
2008-12-13,-4.52,2.47,-9.64,0.0,9.98
2008-12-14,-5.13,1.42,-10.77,0.0,8.37
2008-12-15,-6.95,-0.67,-11.74,0.0,8.2
2008-12-16,-6.68,0.37,-11.66,0.0,9.4
2008-12-17,-5.97,0.01,-10.77,0.0,9.12
2008-12-18,-3.62,2.51,-7.42,0.0,8.48
2008-12-19,-3.13,0.96,-5.58,0.0,6.05
2008-12-20,-3.44,2.23,-6.2,0.01,9.06
2008-12-21,-4.01,-1.34,-6.81,2.94,5.3
2008-12-22,-2.54,-0.15,-5.05,7.15,1.46
2008-12-23,-0.72,1.15,-3.6,7.36,2.74
2008-12-24,-0.79,0.44,-1.74,12.45,1.41
2008-12-25,-4.26,-0.22,-9.93,6.55,6.42
2008-12-26,-10.63,-3.05,-15.92,0.02,5.7
2008-12-27,-11.37,-2.53,-17.99,0.0,7.4
2008-12-28,-11.71,-2.15,-18.8,0.0,7.03
2008-12-29,-7.2,-2.18,-13.02,4.67,4.31
2008-12-30,-6.77,-2.4,-9.89,4.52,3.31
2008-12-31,-7.92,-4.67,-10.65,4.92,4.76
2009-01-01,-13.26,-8.82,-21.04,2.67,7.47
2009-01-02,-18.32,-9.76,-23.98,0.02,10.36
2009-01-03,-12.78,-6.73,-18.17,0.0,9.67
2009-01-04,-8.01,-2.98,-12.09,0.32,6.83
2009-01-05,-6.05,-1.96,-8.58,1.16,4.96
2009-01-06,-5.84,-1.62,-8.36,1.75,4.56
2009-01-07,-5.6,-1.41,-8.83,2.11,4.04
2009-01-08,-5.32,-0.86,-10.27,0.57,8.64
2009-01-09,-8.84,-1.97,-17.94,0.11,6.71
2009-01-10,-14.17,-6.33,-20.24,0.0,11.33
2009-01-11,-13.09,-5.91,-18.76,0.0,9.42
2009-01-12,-14.76,-7.64,-19.37,0.0,11.48
2009-01-13,-12.26,-5.41,-16.41,0.0,11.24
2009-01-14,-9.14,-0.81,-16.39,0.0,12.03
2009-01-15,-5.65,0.65,-11.22,0.0,11.22
2009-01-16,-3.74,2.08,-8.64,0.0,10.32
2009-01-17,-2.34,0.27,-7.56,0.16,7.74
2009-01-18,-5.39,0.45,-11.32,0.0,9.35
2009-01-19,-4.23,0.45,-7.99,0.0,9.44
2009-01-20,-4.02,0.79,-7.79,0.0,10.32
2009-01-21,-4.36,1.13,-9.58,0.0,11.42
2009-01-22,-7.6,-0.83,-11.79,0.0,12.06
2009-01-23,-3.89,2.39,-10.39,0.0,12.28
2009-01-24,-3.99,0.98,-6.87,0.34,8.12
2009-01-25,-4.31,-0.57,-6.89,2.4,5.35
2009-01-26,-2.77,0.06,-5.83,3.96,4.13
2009-01-27,-2.08,0.68,-5.15,5.07,5.63
2009-01-28,-2.76,1.98,-7.61,0.0,7.5
2009-01-29,-1.58,3.0,-6.41,3.43,8.14
2009-01-30,-0.56,2.25,-2.24,5.86,4.77
2009-01-31,-1.15,1.09,-2.88,4.4,5.92
2009-02-01,-1.42,0.75,-3.45,4.1,3.95
2009-02-02,-2.8,0.87,-6.14,0.31,8.38
2009-02-03,-3.97,1.44,-8.9,0.0,10.59
2009-02-04,-1.51,5.01,-7.77,0.0,10.93
2009-02-05,-0.72,2.02,-2.93,0.01,10.4
2009-02-06,0.51,3.95,-1.98,0.45,7.86
2009-02-07,0.71,3.53,-1.43,1.05,10.1
2009-02-08,0.89,4.23,-1.14,2.2,9.83
2009-02-09,0.14,1.68,-1.01,10.08,5.68
2009-02-10,1.7,6.15,-0.99,7.71,4.27
2009-02-11,-0.51,2.77,-2.43,0.01,13.79
2009-02-12,-0.39,3.76,-2.95,0.12,12.59
2009-02-13,1.78,6.0,-1.07,0.93,11.18
2009-02-14,2.72,7.61,0.07,0.0,12.12
2009-02-15,1.8,5.37,-1.38,0.06,8.98
2009-02-16,1.17,5.39,-1.36,2.7,9.47
2009-02-17,-2.04,0.41,-4.45,4.08,11.94
2009-02-18,-3.69,0.2,-6.33,0.0,13.52
2009-02-19,-2.91,1.13,-6.48,0.8,12.38
2009-02-20,-1.05,2.91,-4.57,4.72,3.96
2009-02-21,-1.53,0.83,-4.19,13.67,3.65
2009-02-22,-4.48,-2.04,-6.69,2.46,6.3
2009-02-23,-4.83,-1.42,-7.65,1.68,9.2
2009-02-24,-2.59,0.96,-6.06,9.28,6.32
2009-02-25,-0.73,0.37,-2.92,13.38,4.29
2009-02-26,-1.42,1.54,-3.97,2.67,6.04
2009-02-27,-0.78,0.7,-3.33,26.93,3.39
2009-02-28,-1.92,-0.5,-4.21,13.34,3.12
2009-03-01,-2.16,-0.6,-5.33,14.84,8.26
2009-03-02,-7.61,-2.24,-12.79,0.27,17.39
2009-03-03,-7.2,-2.95,-12.39,3.94,4.22
2009-03-04,-5.78,-2.06,-10.01,1.02,18.02
2009-03-05,-4.28,-1.24,-9.23,1.75,17.62
2009-03-06,-1.21,-0.23,-2.58,3.13,7.56
2009-03-07,0.51,3.58,-2.18,0.0,15.09
2009-03-08,2.93,7.66,0.13,1.47,12.54
2009-03-09,2.66,5.56,-1.43,20.74,5.43
2009-03-10,1.39,5.65,-1.33,0.68,18.45
2009-03-11,2.47,5.84,-0.67,2.93,10.42
2009-03-12,3.41,7.98,0.18,0.42,14.16
2009-03-13,4.33,9.73,1.03,0.01,12.42
2009-03-14,2.93,6.5,-0.17,2.5,10.12
2009-03-15,-0.73,2.12,-2.94,10.15,5.91
2009-03-16,-2.73,0.22,-5.41,1.47,11.36
2009-03-17,-3.07,0.98,-7.11,0.03,17.88
2009-03-18,-2.28,0.57,-4.84,1.28,13.91
2009-03-19,0.3,4.41,-3.41,1.25,12.6
2009-03-20,0.84,4.24,-1.33,2.26,11.51
2009-03-21,0.73,6.57,-3.37,0.07,19.16
2009-03-22,1.68,8.01,-3.26,0.0,21.65
2009-03-23,1.6,5.79,-2.0,8.63,6.57
2009-03-24,-0.25,1.84,-3.46,23.01,8.23
2009-03-25,-1.24,3.86,-5.46,0.15,16.72
2009-03-26,0.47,4.33,-3.21,0.01,11.9
2009-03-27,1.8,5.65,-1.34,2.19,12.15
2009-03-28,1.03,3.82,-0.85,8.7,7.98
2009-03-29,1.04,4.9,-1.89,2.59,14.72
2009-03-30,3.68,10.98,-1.64,0.02,18.14
2009-03-31,4.64,12.07,-0.36,0.0,21.35
2009-04-01,6.77,12.59,1.22,0.0,23.08
2009-04-02,6.66,11.32,2.21,0.01,21.02
2009-04-03,5.81,9.49,2.26,1.11,12.54
2009-04-04,4.81,9.16,2.48,12.36,7.19
2009-04-05,6.03,11.87,2.05,0.21,23.32
2009-04-06,6.54,12.77,0.76,0.19,22.31
2009-04-07,6.05,11.46,1.28,1.39,16.9
2009-04-08,4.04,7.29,-0.04,3.42,18.66
2009-04-09,3.42,8.75,-3.33,0.23,19.43
2009-04-10,2.49,10.48,-5.0,0.0,26.92
2009-04-11,4.27,9.61,0.03,0.1,24.44
2009-04-12,4.7,10.12,-1.7,0.01,23.45
2009-04-13,4.19,9.46,-1.17,0.01,27.51
2009-04-14,4.49,12.08,-3.01,0.0,23.89
2009-04-15,4.05,7.97,0.22,10.68,6.57
2009-04-16,3.33,7.01,0.62,7.54,13.08
2009-04-17,2.63,6.07,-0.33,8.33,8.37
2009-04-18,2.27,6.03,-0.71,11.65,12.63
2009-04-19,4.87,11.45,-1.69,0.11,23.73
2009-04-20,6.47,12.87,-0.04,0.0,23.6
2009-04-21,7.04,11.7,2.11,0.51,21.9
2009-04-22,7.53,11.64,3.11,3.36,18.17
2009-04-23,7.71,13.33,2.44,3.07,15.2
2009-04-24,6.72,12.11,1.71,1.29,21.28
2009-04-25,5.95,9.89,2.65,3.13,13.35
2009-04-26,6.21,9.96,2.77,0.32,19.06
2009-04-27,7.5,12.91,0.85,0.22,23.45
2009-04-28,7.24,11.84,2.31,0.46,11.29
2009-04-29,9.39,14.55,3.7,0.01,25.12
2009-04-30,9.6,14.48,4.19,0.0,22.98
2009-05-01,10.0,14.8,4.58,0.0,25.51
2009-05-02,9.72,14.58,4.89,0.02,24.14
2009-05-03,9.09,14.42,2.44,0.02,26.25
2009-05-04,9.42,13.14,5.83,6.04,8.88
2009-05-05,9.62,13.21,5.72,1.79,16.27
2009-05-06,7.32,11.88,3.62,1.09,21.52
2009-05-07,7.5,11.65,3.36,1.15,17.76
2009-05-08,7.87,12.55,2.71,0.43,22.25
2009-05-09,8.17,13.17,2.46,0.14,20.01
2009-05-10,8.99,15.29,1.27,0.02,24.01
2009-05-11,8.62,14.0,3.35,0.65,23.26
2009-05-12,8.65,14.11,1.94,0.0,23.06
2009-05-13,10.87,16.44,4.48,0.0,27.86
2009-05-14,12.02,18.29,5.38,0.0,28.04
2009-05-15,12.92,20.24,3.86,0.0,29.86
2009-05-16,14.33,21.46,6.66,0.27,29.27
2009-05-17,14.53,21.36,5.73,0.0,30.51
2009-05-18,16.48,22.7,8.91,0.0,29.7
2009-05-19,17.72,23.34,11.35,0.0,28.97
2009-05-20,18.2,24.62,11.22,0.0,28.23
2009-05-21,17.93,24.88,11.76,0.21,18.35
2009-05-22,15.53,21.79,8.77,0.0,26.03
2009-05-23,16.41,21.47,9.86,3.63,24.88
2009-05-24,15.03,20.48,9.2,1.77,25.88
2009-05-25,12.97,18.05,6.9,0.89,27.19
2009-05-26,11.94,18.02,5.35,1.25,29.05
2009-05-27,10.89,17.28,3.19,0.75,24.09
2009-05-28,12.39,18.36,5.82,0.26,30.72
2009-05-29,12.68,18.57,6.21,0.0,31.89
2009-05-30,13.79,21.76,3.54,0.0,32.88
2009-05-31,14.42,22.63,5.54,0.0,32.15
2009-06-01,14.73,22.98,6.27,0.0,31.62
2009-06-02,16.72,23.45,8.72,0.02,30.76
2009-06-03,18.8,24.81,12.3,0.24,30.45
2009-06-04,19.37,26.23,12.59,0.0,28.85
2009-06-05,17.59,24.43,11.78,0.0,31.12
2009-06-06,16.21,23.64,8.11,0.3,31.32
2009-06-07,13.67,19.36,9.41,0.11,22.49
2009-06-08,12.96,17.01,9.15,0.89,23.63
2009-06-09,15.72,22.03,8.8,1.18,22.86
2009-06-10,17.33,24.1,9.16,0.11,28.02
2009-06-11,19.24,26.49,12.29,0.02,23.17
2009-06-12,19.84,27.36,11.49,0.62,19.58
2009-06-13,18.72,26.58,11.82,1.78,20.89
2009-06-14,19.69,25.66,12.81,0.62,25.86
2009-06-15,19.49,26.36,10.8,1.37,28.66
2009-06-16,19.39,26.98,11.54,1.33,24.07
2009-06-17,16.84,23.34,12.83,2.57,22.95
2009-06-18,17.21,23.28,10.84,0.12,18.73
2009-06-19,16.49,22.8,11.2,0.5,24.49
2009-06-20,15.29,20.29,10.82,1.92,19.03
2009-06-21,16.98,21.77,11.79,1.17,22.84
2009-06-22,19.81,27.74,11.54,0.99,27.16
2009-06-23,20.07,27.73,11.93,0.01,30.27
2009-06-24,20.51,28.34,12.57,0.0,30.86
2009-06-25,21.4,28.87,12.98,0.38,26.65
2009-06-26,21.0,29.22,12.44,1.77,22.85
2009-06-27,22.14,30.26,12.93,0.56,22.18
2009-06-28,20.7,27.11,12.61,0.16,26.92
2009-06-29,22.06,29.81,14.94,0.0,30.48
2009-06-30,23.33,31.12,15.79,0.0,31.39
2009-07-01,23.0,30.62,14.18,0.0,31.51
2009-07-02,22.71,31.86,13.6,0.0,30.51
2009-07-03,23.39,31.62,14.3,0.0,29.65
2009-07-04,22.11,30.19,13.14,0.0,29.41
2009-07-05,21.45,29.08,12.41,0.32,26.64
2009-07-06,19.78,24.96,14.78,0.38,21.57
2009-07-07,21.03,28.46,12.12,0.19,27.12
2009-07-08,21.96,29.04,14.68,0.02,23.06
2009-07-09,22.73,29.92,14.95,0.05,28.34
2009-07-10,23.54,31.72,14.78,0.07,29.19
2009-07-11,23.49,32.27,13.99,0.0,31.02
2009-07-12,25.0,33.44,15.07,0.0,30.24
2009-07-13,25.21,33.33,16.38,0.0,30.87
2009-07-14,23.77,31.31,16.54,0.0,30.86
2009-07-15,20.63,27.71,13.62,0.01,27.73
2009-07-16,20.92,27.9,13.12,0.01,25.82
2009-07-17,22.83,30.51,14.63,0.0,27.18
2009-07-18,23.57,31.1,16.29,0.01,27.85
2009-07-19,24.59,32.28,17.21,0.25,27.44
2009-07-20,25.44,32.94,17.17,0.21,24.9
2009-07-21,24.63,32.11,16.8,0.0,27.15
2009-07-22,24.76,31.52,17.73,0.68,24.23
2009-07-23,24.95,33.09,17.75,1.19,25.64
2009-07-24,24.43,31.96,18.0,0.99,22.59
2009-07-25,22.64,29.84,16.65,0.9,18.1
2009-07-26,22.62,30.2,15.05,0.01,24.11
2009-07-27,23.77,31.31,15.47,0.01,26.49
2009-07-28,22.78,31.96,13.12,0.02,26.27
2009-07-29,18.6,28.21,10.06,0.0,30.6
2009-07-30,21.4,32.41,10.81,0.0,30.47
2009-07-31,22.0,30.87,12.75,0.4,28.39
2009-08-01,22.03,29.24,14.64,1.8,25.48
2009-08-02,20.56,29.36,10.82,0.0,28.21
2009-08-03,21.85,30.14,13.69,0.02,26.82
2009-08-04,22.18,30.56,12.94,0.01,26.79
2009-08-05,24.12,32.17,15.06,0.0,28.12
2009-08-06,25.33,33.4,17.43,0.0,27.59
2009-08-07,24.05,30.23,19.11,0.0,26.85
2009-08-08,23.11,29.47,17.93,0.16,24.94
2009-08-09,21.16,26.19,16.58,0.31,19.62
2009-08-10,20.67,28.34,14.58,0.23,24.73
2009-08-11,20.35,28.09,12.4,0.0,25.97
2009-08-12,20.24,27.49,13.13,0.0,28.03
2009-08-13,21.1,30.26,10.74,0.0,27.19
2009-08-14,22.63,30.95,15.45,0.06,27.3
2009-08-15,22.76,32.34,12.65,0.0,27.68
2009-08-16,23.31,32.39,15.09,0.0,27.54
2009-08-17,24.88,33.67,15.66,0.0,27.25
2009-08-18,25.33,32.5,18.99,0.0,26.8
2009-08-19,25.87,32.94,19.1,0.0,25.95
2009-08-20,24.12,32.26,15.45,0.1,25.72
2009-08-21,21.85,30.79,14.0,0.0,26.7
2009-08-22,20.81,29.81,11.69,0.0,27.51
2009-08-23,19.48,29.07,10.08,0.0,27.9
2009-08-24,20.41,30.89,10.32,0.0,27.76
2009-08-25,21.76,28.84,15.93,0.0,26.31
2009-08-26,21.73,29.44,14.56,0.0,25.71
2009-08-27,20.02,28.62,11.69,0.77,23.73
2009-08-28,20.1,28.34,11.93,0.0,25.11
2009-08-29,21.33,28.66,15.13,0.0,25.17
2009-08-30,22.51,29.46,17.32,0.0,23.75
2009-08-31,21.86,30.03,12.68,0.04,22.25
2009-09-01,22.58,29.66,16.27,0.18,22.09
2009-09-02,21.9,28.29,17.25,0.05,23.45
2009-09-03,20.79,29.07,11.17,0.0,24.95
2009-09-04,22.87,30.61,17.38,0.0,24.96
2009-09-05,22.32,30.76,13.95,0.0,24.78
2009-09-06,20.88,28.83,12.2,0.0,24.7
2009-09-07,20.95,29.28,12.99,0.0,23.25
2009-09-08,20.55,27.3,15.08,0.01,20.27
2009-09-09,20.62,27.64,15.58,0.33,20.85
2009-09-10,19.03,25.25,13.96,0.39,18.53
2009-09-11,18.18,25.75,11.23,0.02,21.43
2009-09-12,18.69,25.48,12.77,0.0,20.32
2009-09-13,18.69,24.75,13.94,0.52,13.37
2009-09-14,18.54,24.66,12.67,1.01,19.08
2009-09-15,19.45,25.74,12.23,0.01,21.91
2009-09-16,18.21,25.22,11.95,0.53,17.24
2009-09-17,14.2,20.55,9.89,0.81,17.28
2009-09-18,15.56,23.6,7.08,0.0,20.71
2009-09-19,15.12,20.77,10.77,0.77,15.15
2009-09-20,11.29,13.5,8.55,4.93,7.49
2009-09-21,11.05,14.56,8.84,8.54,5.01
2009-09-22,11.34,16.34,7.55,8.01,17.13
2009-09-23,11.58,18.35,4.7,0.05,21.03
2009-09-24,12.1,19.57,6.46,0.0,21.23
2009-09-25,13.46,21.23,5.91,0.0,20.78
2009-09-26,14.36,21.48,8.62,0.0,20.88
2009-09-27,11.75,20.26,4.8,0.01,20.37
2009-09-28,6.5,12.6,1.34,0.06,20.22
2009-09-29,7.08,14.73,0.19,0.58,21.17
2009-09-30,10.0,17.01,5.15,0.0,20.88
2009-10-01,12.09,19.03,6.54,0.0,19.8
2009-10-02,12.66,20.94,5.19,0.0,19.78
2009-10-03,13.72,22.3,4.87,0.0,19.91
2009-10-04,14.92,23.41,5.62,0.0,19.2
2009-10-05,16.1,24.9,7.08,0.0,19.35
2009-10-06,15.46,21.64,9.38,0.12,14.47
2009-10-07,12.99,19.16,6.99,0.63,16.91
2009-10-08,13.83,20.33,6.3,0.0,16.62
2009-10-09,15.4,20.54,10.69,0.04,15.84
2009-10-10,12.67,17.16,7.76,0.98,13.73
2009-10-11,12.56,20.4,5.52,0.0,17.42
2009-10-12,14.21,21.08,8.27,0.0,17.31
2009-10-13,14.28,21.73,9.09,0.0,10.4
2009-10-14,13.36,20.04,9.62,0.0,16.15
2009-10-15,13.97,21.84,7.85,0.0,17.16
2009-10-16,14.81,22.93,8.03,0.0,16.78
2009-10-17,15.77,23.08,10.3,0.0,16.57
2009-10-18,15.1,22.72,7.03,0.0,16.9
2009-10-19,14.79,23.06,7.12,0.0,16.77
2009-10-20,14.82,23.05,7.8,0.0,15.65
2009-10-21,15.45,22.79,8.91,0.0,15.73
2009-10-22,15.05,21.38,11.38,0.0,12.92
2009-10-23,12.76,17.08,8.17,0.03,12.71
2009-10-24,12.52,18.94,7.6,0.0,13.92
2009-10-25,12.62,19.01,8.03,0.02,13.58
2009-10-26,12.13,18.7,5.43,0.0,14.47
2009-10-27,11.6,17.44,7.52,1.99,10.37
2009-10-28,8.17,10.62,6.97,10.54,6.38
2009-10-29,7.98,10.47,6.52,11.11,3.92
2009-10-30,8.39,11.35,6.69,30.5,1.96
2009-10-31,8.08,9.57,6.88,41.5,3.19
2009-11-01,7.95,8.89,6.39,82.88,2.74
2009-11-02,6.8,9.0,4.91,10.88,2.99
2009-11-03,4.1,5.32,3.06,14.36,2.92
2009-11-04,3.86,6.07,2.2,3.7,6.03
2009-11-05,5.2,8.69,3.04,2.47,3.75
2009-11-06,5.21,11.57,0.72,0.02,12.2
2009-11-07,7.23,14.6,0.34,0.0,12.18
2009-11-08,8.32,14.35,4.07,0.0,13.11
2009-11-09,7.43,12.06,3.09,1.01,7.28
2009-11-10,6.33,13.28,2.07,0.0,12.72
2009-11-11,7.1,13.99,1.98,0.0,12.85
2009-11-12,7.02,12.42,3.84,0.0,12.27
2009-11-13,5.99,11.09,2.16,0.03,8.96
2009-11-14,5.79,9.73,3.2,1.63,5.04
2009-11-15,4.29,7.05,2.17,2.18,6.47
2009-11-16,2.43,5.7,0.3,0.16,8.37
2009-11-17,2.32,5.47,0.6,1.16,6.41
2009-11-18,2.6,6.91,0.2,0.52,7.13
2009-11-19,1.53,6.35,-2.66,0.03,9.47
2009-11-20,1.56,6.48,-1.41,0.27,8.15
2009-11-21,0.68,5.28,-3.91,0.04,8.09
2009-11-22,0.7,5.57,-3.83,0.23,11.02
2009-11-23,1.76,7.33,-0.75,0.13,10.52
2009-11-24,2.4,7.8,-0.42,0.0,11.26
2009-11-25,1.76,4.67,-0.1,0.32,5.98
2009-11-26,0.89,4.8,-3.0,0.72,6.05
2009-11-27,0.06,6.83,-3.75,0.0,11.69
2009-11-28,0.03,7.88,-3.78,0.0,11.77
2009-11-29,0.59,7.53,-3.44,0.0,11.56
2009-11-30,0.81,4.78,-2.34,0.05,7.58
2009-12-01,0.12,5.97,-2.75,0.02,10.97
2009-12-02,0.12,6.37,-2.79,0.0,11.07
2009-12-03,0.55,5.58,-2.62,0.0,10.21
2009-12-04,-0.32,3.55,-2.54,0.0,5.87
2009-12-05,1.14,5.58,-1.82,0.0,7.81
2009-12-06,0.9,3.33,-0.93,0.83,5.59
2009-12-07,0.49,3.09,-1.28,6.61,1.92
2009-12-08,0.04,2.68,-1.41,2.45,4.53
2009-12-09,-0.6,3.12,-2.17,2.31,5.19
2009-12-10,-0.83,1.94,-2.42,1.85,4.46
2009-12-11,-0.71,2.93,-2.59,0.28,3.02
2009-12-12,-0.87,0.61,-2.17,3.93,3.84
2009-12-13,-0.27,1.44,-2.05,15.01,2.36
2009-12-14,-2.19,0.24,-8.85,8.11,6.87
2009-12-15,-5.9,0.41,-11.0,0.02,7.51
2009-12-16,-2.6,0.54,-5.59,1.76,3.19
2009-12-17,-0.39,0.25,-1.62,18.27,1.36
2009-12-18,-0.2,0.28,-0.82,13.79,2.38
2009-12-19,-0.09,0.64,-0.56,15.49,3.32
2009-12-20,0.74,0.81,0.62,3.68,3.78
2009-12-21,1.07,2.14,0.52,2.72,3.45
2009-12-22,1.43,3.7,-0.55,2.43,5.27
2009-12-23,2.48,5.81,0.31,0.0,7.25
2009-12-24,2.23,5.0,0.14,0.0,5.53
2009-12-25,1.66,5.26,-0.84,0.01,6.48
2009-12-26,0.46,3.55,-1.29,2.27,2.9
2009-12-27,1.6,6.2,-1.2,0.6,8.0
2009-12-28,2.17,6.61,-0.11,0.54,6.92
2009-12-29,2.34,4.43,0.66,6.47,3.7
2009-12-30,1.17,2.32,-0.11,10.59,2.29
2009-12-31,0.95,5.03,-2.41,3.8,4.83
2010-01-01,0.05,5.96,-2.62,0.02,9.73
2010-01-02,0.2,0.96,-1.16,8.66,4.39
2010-01-03,0.28,0.97,-1.02,21.38,4.36
2010-01-04,-0.28,1.25,-1.94,19.66,1.12
2010-01-05,-5.03,-1.84,-8.86,4.93,3.75
2010-01-06,-5.66,1.83,-11.29,0.0,8.3
2010-01-07,-0.43,3.47,-4.48,0.0,8.6
2010-01-08,-0.96,4.87,-4.86,0.0,8.84
2010-01-09,-0.73,4.85,-3.42,0.0,8.89
2010-01-10,-0.35,5.4,-5.52,0.0,8.69
2010-01-11,0.66,4.07,-1.45,0.02,8.72
2010-01-12,-0.04,2.12,-1.19,0.86,7.6
2010-01-13,-0.34,0.37,-1.19,9.31,1.35
2010-01-14,-0.46,1.51,-2.24,4.75,4.14
2010-01-15,0.25,1.41,-1.1,7.28,2.74
2010-01-16,1.52,4.03,0.19,3.47,3.12
2010-01-17,1.97,5.28,0.12,0.81,5.13
2010-01-18,3.16,6.83,1.15,0.75,6.54
2010-01-19,0.51,2.81,-0.69,12.02,1.87
2010-01-20,0.74,2.6,-1.21,9.84,3.41
2010-01-21,0.01,1.84,-1.64,9.12,6.16
2010-01-22,-2.02,-0.2,-3.42,0.93,7.73
2010-01-23,-1.44,0.0,-2.89,9.32,2.76
2010-01-24,-0.61,0.7,-1.88,13.28,3.21
2010-01-25,-2.47,-0.32,-9.67,17.42,4.65
2010-01-26,-12.02,-7.33,-18.82,2.53,7.05
2010-01-27,-16.77,-9.1,-22.19,0.08,11.02
2010-01-28,-11.0,-5.86,-16.31,1.26,5.59
2010-01-29,-7.77,-3.72,-11.02,0.78,5.97
2010-01-30,-3.51,0.02,-9.24,3.08,3.95
2010-01-31,0.25,0.58,-0.27,6.32,3.02
2010-02-01,-0.65,0.57,-4.68,0.78,7.33
2010-02-02,-2.47,1.54,-5.64,0.07,8.35
2010-02-03,-0.45,1.81,-3.49,5.65,6.97
2010-02-04,-2.49,0.07,-6.78,6.8,8.49
2010-02-05,-6.54,-5.12,-8.25,0.81,6.02
2010-02-06,-6.5,-3.57,-9.32,0.35,9.8
2010-02-07,-6.65,-1.63,-11.7,0.0,13.4
2010-02-08,-5.36,-2.28,-7.72,0.39,11.59
2010-02-09,-4.62,-1.55,-6.97,2.24,5.82
2010-02-10,-2.89,1.13,-6.41,0.3,9.87
2010-02-11,-1.3,0.92,-3.96,0.93,7.82
2010-02-12,-0.29,1.24,-1.53,1.92,6.17
2010-02-13,1.76,4.86,-0.41,0.56,8.59
2010-02-14,3.19,7.44,0.91,0.0,12.77
2010-02-15,3.41,8.02,0.4,3.73,4.66
2010-02-16,3.53,5.77,0.23,2.3,6.99
2010-02-17,4.98,9.21,2.29,0.01,10.76
2010-02-18,3.39,6.2,0.29,0.01,8.51
2010-02-19,3.89,7.03,0.04,0.4,7.54
2010-02-20,3.16,8.99,-1.78,0.06,15.6
2010-02-21,3.29,5.99,1.15,1.28,12.38
2010-02-22,0.61,3.77,-4.42,6.06,10.31
2010-02-23,-1.34,2.04,-4.55,1.86,11.38
2010-02-24,-1.31,1.12,-2.99,0.62,12.68
2010-02-25,-0.31,2.55,-2.14,0.39,8.2
2010-02-26,1.38,7.04,-2.72,0.04,11.84
2010-02-27,0.77,3.33,-0.88,1.39,11.32
2010-02-28,0.83,3.72,-0.92,2.17,9.1
2010-03-01,1.44,5.02,-1.57,4.88,8.18
2010-03-02,1.67,6.98,-2.19,0.51,15.09
2010-03-03,1.45,4.29,-0.93,23.51,5.54
2010-03-04,0.48,5.39,-2.47,2.7,14.4
2010-03-05,-0.38,2.36,-2.09,3.1,7.06
2010-03-06,2.28,5.78,-1.21,1.6,9.84
2010-03-07,3.53,6.0,1.93,0.7,4.98
2010-03-08,4.57,6.38,3.19,0.0,6.57
2010-03-09,6.76,11.3,3.52,1.25,9.36
2010-03-10,8.1,12.16,4.32,0.25,14.97
2010-03-11,8.33,13.29,4.89,0.01,11.16
2010-03-12,8.6,12.81,4.57,0.29,10.8
2010-03-13,8.17,10.66,4.85,0.82,7.41
2010-03-14,6.07,8.96,4.43,0.51,4.6
2010-03-15,8.72,11.47,5.22,1.88,7.96
2010-03-16,4.85,9.76,-2.55,0.59,15.97
2010-03-17,0.58,6.0,-4.83,0.0,21.87
2010-03-18,1.1,6.31,-5.72,2.23,14.03
2010-03-19,-2.48,3.2,-6.62,0.31,22.36
2010-03-20,-0.42,5.37,-4.34,0.0,22.56
2010-03-21,2.09,8.2,-3.39,0.0,23.12
2010-03-22,4.63,10.07,-0.69,0.0,21.39
2010-03-23,6.06,13.3,-0.65,0.0,22.96
2010-03-24,7.7,14.87,0.18,0.0,22.2
2010-03-25,8.94,14.01,4.42,0.0,20.11
2010-03-26,8.12,11.83,5.09,0.25,17.3
2010-03-27,5.37,10.54,1.3,0.09,19.12
2010-03-28,4.75,11.25,-2.07,0.39,20.82
2010-03-29,6.6,9.36,4.53,5.8,8.51
2010-03-30,5.78,8.41,1.0,14.05,12.87
2010-03-31,2.76,6.03,-0.22,1.11,16.85
2010-04-01,4.2,8.67,-0.84,0.09,15.91
2010-04-02,6.55,10.68,3.33,1.27,19.67
2010-04-03,6.55,10.85,1.44,0.59,14.26
2010-04-04,7.57,12.42,1.51,0.04,18.86
2010-04-05,4.62,12.49,-2.11,0.01,25.91
2010-04-06,7.22,13.03,-0.15,0.0,22.99
2010-04-07,7.04,12.06,2.26,2.76,7.2
2010-04-08,3.95,7.89,-0.09,0.15,18.04
2010-04-09,3.3,6.6,0.17,1.03,17.26
2010-04-10,3.38,7.71,-0.05,2.83,15.79
2010-04-11,2.55,6.78,-0.74,5.31,9.15
2010-04-12,6.59,12.61,1.27,3.32,11.96
2010-04-13,4.43,8.54,-0.73,2.43,10.92
2010-04-14,4.83,12.24,-3.28,0.0,27.22
2010-04-15,7.1,11.65,2.56,0.0,21.3
2010-04-16,9.66,15.22,3.61,0.0,23.74
2010-04-17,9.95,15.15,3.78,0.0,19.27
2010-04-18,10.05,15.22,5.35,0.1,20.59
2010-04-19,9.37,14.98,3.75,0.45,20.76
2010-04-20,10.31,16.64,2.49,0.0,25.78
2010-04-21,8.65,10.22,6.91,4.53,5.75
2010-04-22,8.65,12.44,5.93,13.34,13.67
2010-04-23,7.55,12.66,2.56,6.23,22.69
2010-04-24,4.23,7.83,0.32,0.45,21.97
2010-04-25,7.82,14.55,0.13,0.03,27.44
2010-04-26,10.43,15.84,5.72,0.01,25.02
2010-04-27,9.82,15.06,5.21,2.94,16.66
2010-04-28,8.52,14.55,4.79,7.24,12.8
2010-04-29,8.82,12.83,5.44,2.03,17.55
2010-04-30,8.84,12.72,4.36,9.6,15.58
2010-05-01,8.28,11.11,5.51,15.7,11.98
2010-05-02,6.67,9.29,3.7,5.35,11.01
2010-05-03,5.66,8.74,2.89,8.22,13.44
2010-05-04,7.49,11.84,2.86,1.47,19.92
2010-05-05,8.11,12.61,3.58,0.27,21.34
2010-05-06,8.42,12.78,3.73,1.0,20.19
2010-05-07,10.38,15.44,3.82,0.02,24.27
2010-05-08,12.09,15.52,7.64,0.33,21.86
2010-05-09,14.04,18.0,9.62,0.72,19.59
2010-05-10,13.55,18.14,9.64,3.72,22.39
2010-05-11,14.11,17.75,9.93,1.02,19.7
2010-05-12,16.17,21.55,9.68,0.11,26.52
2010-05-13,16.0,20.83,11.14,0.0,28.48
2010-05-14,16.72,22.09,10.07,0.13,27.83
2010-05-15,15.78,21.18,10.26,0.0,26.18
2010-05-16,15.96,20.95,8.53,0.0,24.0
2010-05-17,16.0,22.02,8.14,0.01,27.43
2010-05-18,12.53,18.12,7.33,0.02,28.37
2010-05-19,11.41,16.08,7.56,0.14,27.91
2010-05-20,11.94,17.09,6.41,0.01,27.39
2010-05-21,11.53,15.71,6.07,1.25,23.52
2010-05-22,12.16,17.22,6.33,0.31,25.71
2010-05-23,12.3,18.02,6.12,2.08,22.02
2010-05-24,10.11,15.41,3.92,1.94,25.12
2010-05-25,11.43,17.85,3.89,0.2,30.65
2010-05-26,13.78,19.61,7.36,0.0,28.95
2010-05-27,16.11,21.8,8.93,0.0,29.2
2010-05-28,15.25,19.98,9.72,1.1,10.47
2010-05-29,16.11,23.18,9.56,0.57,24.24
2010-05-30,15.0,19.59,9.58,2.83,25.36
2010-05-31,16.77,23.06,8.86,0.25,29.07
2010-06-01,19.91,25.27,13.71,0.0,29.6
2010-06-02,20.55,27.19,15.17,0.02,27.07
2010-06-03,21.46,28.16,15.88,0.0,27.99
2010-06-04,22.04,28.21,15.95,0.0,31.1
2010-06-05,23.09,29.9,15.34,0.3,24.77
2010-06-06,23.16,29.58,16.97,0.37,22.29
2010-06-07,19.25,25.47,11.3,0.0,29.25
2010-06-08,15.68,21.95,8.67,0.03,30.75
2010-06-09,17.16,23.43,10.23,0.39,27.8
2010-06-10,18.93,26.16,12.25,0.0,29.99
2010-06-11,18.53,24.58,11.82,0.0,29.51
2010-06-12,20.3,26.14,14.19,0.0,30.15
2010-06-13,20.55,28.73,12.13,0.0,31.12
2010-06-14,23.6,32.27,12.77,0.02,29.66
2010-06-15,24.44,30.77,18.96,0.2,25.54
2010-06-16,21.39,28.31,14.44,2.17,29.85
2010-06-17,17.92,23.1,13.55,6.2,26.46
2010-06-18,19.39,26.32,11.77,0.67,28.14
2010-06-19,20.53,26.45,14.06,9.07,19.13
2010-06-20,20.88,27.14,14.28,11.88,25.0
2010-06-21,20.74,26.31,14.93,0.01,30.06
2010-06-22,20.02,26.55,13.22,0.0,29.69
2010-06-23,20.65,27.65,12.54,0.0,27.86
2010-06-24,13.93,19.18,9.59,4.06,15.24
2010-06-25,16.15,23.33,7.31,2.22,30.25
2010-06-26,19.05,25.06,12.59,0.39,27.36
2010-06-27,19.93,26.81,12.39,0.0,30.52
2010-06-28,20.07,27.23,12.79,0.0,31.77
2010-06-29,19.81,27.04,13.36,0.0,31.83
2010-06-30,19.94,27.05,12.42,0.0,31.06
2010-07-01,21.51,28.76,13.94,0.0,31.08
2010-07-02,22.38,29.97,12.45,0.0,30.85
2010-07-03,23.63,32.07,13.87,0.0,31.41
2010-07-04,24.74,32.81,14.44,0.0,31.5
2010-07-05,25.3,32.94,17.77,0.0,31.07
2010-07-06,24.99,32.29,18.86,0.3,30.25
2010-07-07,25.44,32.35,19.09,0.0,30.48
2010-07-08,24.71,33.86,14.26,0.0,30.47
2010-07-09,24.0,31.54,18.03,0.0,31.05
2010-07-10,24.74,32.65,16.3,0.0,32.26
2010-07-11,26.62,34.87,17.72,0.0,31.85
2010-07-12,27.08,35.68,18.74,0.0,31.97
2010-07-13,25.02,34.61,15.99,0.16,30.92
2010-07-14,24.98,33.34,16.94,0.0,29.12
2010-07-15,24.0,30.98,16.01,0.0,26.7
2010-07-16,24.58,31.22,17.04,0.06,26.21
2010-07-17,24.4,31.3,16.7,0.87,23.76
2010-07-18,24.02,30.44,17.04,3.38,26.3
2010-07-19,23.84,31.98,14.99,0.01,28.35
2010-07-20,26.0,34.34,17.12,0.02,28.54
2010-07-21,26.24,34.42,17.74,2.88,27.03
2010-07-22,25.95,33.8,18.48,0.01,28.27
2010-07-23,25.96,33.2,18.38,0.39,26.93
2010-07-24,24.54,31.05,18.3,0.78,23.18
2010-07-25,24.12,29.97,16.98,0.01,24.57
2010-07-26,26.17,33.46,20.22,0.17,26.8
2010-07-27,26.37,35.01,18.48,0.0,29.13
2010-07-28,26.33,34.24,18.4,0.0,29.57
2010-07-29,24.65,33.12,16.86,0.0,30.27
2010-07-30,24.93,34.08,16.31,0.0,30.16
2010-07-31,24.11,33.05,16.0,0.0,30.29
2010-08-01,23.08,31.39,15.57,0.0,30.46
2010-08-02,22.65,32.01,13.44,0.0,29.79
2010-08-03,23.75,32.27,14.63,0.0,25.88
2010-08-04,24.79,32.71,15.9,0.0,27.1
2010-08-05,26.42,33.24,19.55,0.0,24.95
2010-08-06,27.71,34.99,19.77,0.0,26.48
2010-08-07,27.69,35.64,19.83,0.0,26.29
2010-08-08,26.78,34.51,19.76,0.0,26.47
2010-08-09,25.51,32.69,18.69,0.0,28.72
2010-08-10,25.01,32.56,17.22,0.0,28.54
2010-08-11,26.03,33.45,18.7,0.0,27.7
2010-08-12,26.98,34.65,19.6,0.01,26.35
2010-08-13,26.2,35.1,16.61,0.0,27.2
2010-08-14,26.74,34.39,18.68,0.37,26.41
2010-08-15,26.69,33.81,20.29,0.0,27.03
2010-08-16,26.23,33.33,19.69,1.25,25.7
2010-08-17,25.47,32.33,18.29,0.07,26.95
2010-08-18,25.49,32.48,19.14,0.0,27.11
2010-08-19,24.48,33.73,14.09,0.0,27.62
2010-08-20,25.14,35.11,15.38,0.0,27.44
2010-08-21,23.58,32.99,15.85,0.0,27.18
2010-08-22,24.24,34.16,15.31,0.0,26.57
2010-08-23,25.08,32.36,17.59,0.01,26.13
2010-08-24,26.43,34.0,18.1,0.0,24.38
2010-08-25,24.95,33.2,16.6,0.0,22.26
2010-08-26,22.89,28.91,17.32,3.47,15.83
2010-08-27,21.1,28.5,14.33,0.0,24.63
2010-08-28,23.0,30.88,14.62,0.0,25.2
2010-08-29,24.57,32.03,17.13,0.0,25.52
2010-08-30,25.51,33.43,17.0,0.0,24.74
2010-08-31,25.26,33.48,17.58,0.0,23.79
2010-09-01,24.65,31.05,19.18,0.0,24.18
2010-09-02,23.97,30.45,18.31,0.0,20.73
2010-09-03,24.45,31.66,18.23,0.0,24.02
2010-09-04,23.87,32.33,15.05,0.0,24.47
2010-09-05,25.31,33.84,16.37,0.0,23.19
2010-09-06,25.09,32.54,18.27,0.0,23.35
2010-09-07,22.91,29.29,17.91,0.0,23.85
2010-09-08,22.87,30.37,16.54,0.04,22.5
2010-09-09,21.7,30.8,12.6,0.0,23.9
2010-09-10,21.88,31.28,13.06,0.0,23.06
2010-09-11,22.22,29.51,15.22,0.0,22.86
2010-09-12,21.75,29.59,13.32,0.0,22.62
2010-09-13,20.33,27.36,13.99,0.0,22.43
2010-09-14,18.14,24.66,12.28,0.25,19.52
2010-09-15,18.57,26.68,10.6,0.0,23.26
2010-09-16,19.99,27.37,14.02,0.0,23.14
2010-09-17,20.15,28.73,11.6,0.0,22.58
2010-09-18,20.7,28.28,14.67,0.01,20.94
2010-09-19,19.52,27.35,11.44,0.0,22.17
2010-09-20,21.09,27.5,15.83,0.0,21.94
2010-09-21,21.66,28.87,16.3,0.0,21.57
2010-09-22,21.65,28.13,16.54,0.02,16.92
2010-09-23,18.35,24.21,13.72,0.39,12.12
2010-09-24,19.67,27.1,12.9,0.0,17.08
2010-09-25,18.02,25.75,12.67,1.52,9.93
2010-09-26,17.75,25.51,11.48,0.02,18.5
2010-09-27,19.53,27.31,13.12,0.0,20.07
2010-09-28,19.98,27.41,14.48,0.0,19.38
2010-09-29,19.07,26.29,13.41,0.0,18.53
2010-09-30,18.99,26.12,14.17,0.0,18.37
2010-10-01,16.69,21.75,11.54,2.3,13.04
2010-10-02,15.31,21.47,9.39,0.66,17.96
2010-10-03,13.61,17.37,10.69,8.08,4.5
2010-10-04,14.42,19.55,10.71,2.4,12.65
2010-10-05,14.2,19.51,9.92,0.03,13.91
2010-10-06,12.82,18.97,8.96,0.02,16.73
2010-10-07,12.12,18.89,6.69,0.0,16.87
2010-10-08,13.85,19.43,9.45,0.35,8.8
2010-10-09,12.09,17.57,8.24,0.0,10.84
2010-10-10,9.81,15.38,5.43,0.0,14.64
2010-10-11,6.76,12.2,3.18,2.72,10.56
2010-10-12,7.38,13.5,2.0,0.02,17.24
2010-10-13,9.06,15.27,3.94,0.29,9.86
2010-10-14,10.04,14.69,6.28,1.27,3.84
2010-10-15,10.79,14.48,8.56,14.48,4.05
2010-10-16,12.75,18.94,8.32,4.04,13.51
2010-10-17,12.65,18.32,7.91,0.11,15.55
2010-10-18,12.57,19.01,7.91,0.0,16.78
2010-10-19,13.55,21.25,7.04,0.0,16.15
2010-10-20,15.44,23.44,9.04,0.0,16.15
2010-10-21,17.29,23.08,14.59,0.0,13.97
2010-10-22,14.39,21.4,7.84,0.01,16.38
2010-10-23,12.42,20.24,6.41,0.0,13.79
2010-10-24,13.43,19.41,8.73,0.0,15.38
2010-10-25,13.21,18.34,9.86,0.03,13.11
2010-10-26,12.17,17.47,6.5,0.09,14.55
2010-10-27,12.35,18.62,7.17,0.0,14.89
2010-10-28,10.43,18.03,4.47,0.0,14.8
2010-10-29,11.1,17.48,6.25,3.08,12.78
2010-10-30,7.15,10.45,3.34,8.97,6.34
2010-10-31,4.34,10.62,-1.17,3.09,15.4
2010-11-01,2.43,11.09,-3.85,0.0,15.86
2010-11-02,2.84,12.72,-3.43,0.0,15.53
2010-11-03,4.55,14.61,-3.28,0.0,14.9
2010-11-04,5.5,14.97,-1.0,0.0,14.91
2010-11-05,5.71,15.74,-1.29,0.0,14.83
2010-11-06,7.84,17.57,-0.72,0.0,14.68
2010-11-07,8.96,15.24,5.65,0.0,13.4
2010-11-08,6.92,13.17,2.97,0.0,13.62
2010-11-09,6.95,13.57,2.5,0.0,13.45
2010-11-10,8.16,15.35,3.12,0.0,13.16
2010-11-11,7.91,16.43,1.66,0.0,13.26
2010-11-12,7.9,16.42,1.23,0.0,13.12
2010-11-13,9.01,17.09,3.59,0.0,13.03
2010-11-14,7.42,17.19,0.16,0.0,12.84
2010-11-15,7.82,18.12,0.3,0.0,12.73
2010-11-16,8.32,16.74,1.96,0.0,12.37
2010-11-17,8.52,15.05,4.78,0.0,11.57
2010-11-18,8.25,14.6,4.64,0.0,12.26
2010-11-19,7.27,15.88,1.54,0.0,12.07
2010-11-20,7.09,15.67,0.28,0.0,12.1
2010-11-21,7.16,15.66,0.3,0.0,11.94
2010-11-22,6.89,14.01,3.27,0.0,11.71
2010-11-23,4.84,11.67,0.34,0.0,8.45
2010-11-24,4.35,9.95,1.49,0.0,9.63
2010-11-25,4.46,10.23,1.14,0.0,8.01
2010-11-26,4.98,10.79,1.13,0.0,10.32
2010-11-27,5.86,11.81,2.79,0.0,10.36
2010-11-28,6.27,12.55,2.01,0.0,10.86
2010-11-29,7.08,15.31,0.56,0.0,9.91
2010-11-30,7.42,14.68,3.42,0.0,10.63
2010-12-01,7.13,13.52,4.03,0.0,10.19
2010-12-02,7.6,14.25,3.15,0.0,8.19
2010-12-03,7.38,16.14,2.17,0.0,10.28
2010-12-04,9.34,18.04,2.65,0.0,10.19
2010-12-05,9.77,17.23,4.84,0.0,10.76
2010-12-06,7.54,13.16,4.42,0.0,8.73
2010-12-07,5.2,9.81,2.93,0.12,7.55
2010-12-08,4.37,9.43,0.8,0.0,10.42
2010-12-09,2.67,9.73,-1.54,0.0,10.57
2010-12-10,0.49,5.12,-2.13,0.03,9.06
2010-12-11,0.44,3.15,-1.59,11.21,3.54
2010-12-12,0.12,1.96,-2.02,14.39,1.73
2010-12-13,-3.71,-1.43,-5.62,1.81,3.16
2010-12-14,-4.53,-2.01,-6.8,6.14,3.85
2010-12-15,-2.98,0.65,-5.37,3.37,4.15
2010-12-16,-3.2,1.98,-7.22,0.0,8.83
2010-12-17,-1.43,3.48,-4.43,0.01,8.36
2010-12-18,-1.45,0.62,-3.79,2.58,2.32
2010-12-19,-0.7,2.98,-3.82,0.64,4.88
2010-12-20,-0.57,5.73,-4.34,0.0,8.14
2010-12-21,0.06,6.57,-4.08,0.0,9.25
2010-12-22,0.09,7.87,-3.22,0.0,9.48
2010-12-23,-0.64,6.16,-3.82,0.0,10.16
2010-12-24,0.4,7.46,-3.48,0.0,10.2
2010-12-25,0.0,7.11,-3.77,0.0,10.3
2010-12-26,-0.31,6.97,-5.15,0.0,9.67
2010-12-27,3.29,10.8,-1.4,0.0,9.79
2010-12-28,4.24,11.23,-0.39,0.0,10.05
2010-12-29,4.27,9.23,1.85,0.0,8.65
2010-12-30,1.62,5.53,-1.96,0.44,8.11
2010-12-31,-1.08,0.72,-2.09,8.08,2.36
2011-01-01,-2.8,-0.4,-4.75,2.19,3.47
2011-01-02,-3.25,0.4,-6.09,0.14,5.26
2011-01-03,-3.83,1.6,-7.23,0.0,6.54
2011-01-04,-2.75,0.19,-4.89,4.76,6.44
2011-01-05,-2.24,3.27,-6.74,0.72,5.32
2011-01-06,-1.73,2.34,-5.01,0.0,5.97
2011-01-07,-1.71,2.21,-5.01,0.03,5.85
2011-01-08,-0.84,3.68,-5.59,0.14,6.08
2011-01-09,-1.96,1.35,-5.4,0.0,7.85
2011-01-10,-4.11,1.17,-8.32,0.01,10.15
2011-01-11,-6.3,-1.32,-10.16,0.0,10.68
2011-01-12,-6.29,0.81,-11.35,0.0,11.02
2011-01-13,-4.42,1.1,-9.18,0.0,10.68
2011-01-14,-2.41,2.24,-5.5,0.0,9.09
2011-01-15,-3.55,2.5,-8.08,0.01,9.49
2011-01-16,-3.61,1.53,-8.72,0.0,10.72
2011-01-17,-2.13,2.4,-5.6,0.0,10.51
2011-01-18,-2.81,3.44,-8.43,0.0,10.78
2011-01-19,-2.79,3.08,-8.14,0.0,10.9
2011-01-20,-2.68,3.71,-8.93,0.0,10.88
2011-01-21,-1.12,3.7,-4.8,0.0,10.12
2011-01-22,-0.49,6.17,-6.86,0.0,10.02
2011-01-23,-0.89,3.72,-3.6,0.0,9.78
2011-01-24,-2.5,1.63,-5.74,0.2,7.36
2011-01-25,-2.51,1.14,-5.0,0.6,7.53
2011-01-26,-2.22,1.93,-6.62,2.18,3.63
2011-01-27,-1.14,0.97,-2.9,16.27,3.67
2011-01-28,-1.88,1.26,-4.03,1.86,4.98
2011-01-29,-1.88,0.28,-3.68,3.71,4.07
2011-01-30,-1.05,0.33,-3.07,20.34,3.87
2011-01-31,-0.77,0.18,-2.03,10.03,2.81
2011-02-01,-6.47,-2.34,-10.25,3.17,7.04
2011-02-02,-11.45,-6.55,-19.52,1.71,11.94
2011-02-03,-14.55,-5.55,-21.49,0.0,14.22
2011-02-04,-10.74,-5.95,-15.05,0.49,7.29
2011-02-05,-12.29,-4.58,-16.13,0.0,13.38
2011-02-06,-7.81,-0.79,-13.75,0.0,14.1
2011-02-07,-6.27,-0.5,-10.6,0.0,14.33
2011-02-08,-7.43,-0.35,-12.84,0.0,15.04
2011-02-09,-6.58,0.38,-13.47,0.0,14.73
2011-02-10,-8.12,-1.18,-13.27,0.0,11.02
2011-02-11,-11.4,-4.95,-17.63,0.01,14.32
2011-02-12,-10.75,-1.33,-18.98,0.0,13.49
2011-02-13,-6.63,-1.72,-12.12,0.12,7.73
2011-02-14,-4.8,-0.94,-7.7,0.66,8.25
2011-02-15,-3.41,-1.08,-6.11,9.53,5.05
2011-02-16,-4.92,-0.68,-11.28,3.27,8.39
2011-02-17,-7.69,-0.96,-14.77,0.0,12.1
2011-02-18,-3.71,1.19,-7.85,0.0,15.85
2011-02-19,-2.24,1.66,-6.16,1.91,7.9
2011-02-20,-0.62,2.06,-2.63,12.4,9.81
2011-02-21,-0.91,1.52,-2.37,6.02,4.9
2011-02-22,-0.86,2.98,-4.42,0.56,7.27
2011-02-23,1.51,4.95,-0.88,4.66,8.94
2011-02-24,1.6,4.95,0.06,13.89,10.64
2011-02-25,1.09,3.88,-0.35,3.41,4.51
2011-02-26,1.19,3.46,-0.38,11.34,4.2
2011-02-27,0.51,3.87,-1.42,2.82,4.57
2011-02-28,0.82,4.73,-1.23,4.52,7.2
2011-03-01,0.09,4.68,-3.97,0.12,14.45
2011-03-02,-1.3,4.76,-4.97,0.0,18.53
2011-03-03,-2.88,1.7,-5.32,0.0,17.96
2011-03-04,-2.61,2.61,-6.42,0.0,19.34
2011-03-05,-2.52,3.12,-9.15,0.0,20.0
2011-03-06,-0.55,3.9,-4.61,0.36,17.99
2011-03-07,-0.94,0.92,-3.06,6.72,4.74
2011-03-08,0.82,2.06,0.01,8.82,4.42
2011-03-09,1.55,4.95,-1.32,13.41,6.09
2011-03-10,-0.85,2.4,-3.07,1.45,5.81
2011-03-11,-2.56,-0.4,-5.13,8.61,4.78
2011-03-12,-3.06,1.02,-6.46,0.0,12.94
2011-03-13,-2.88,3.26,-7.57,0.18,20.66
2011-03-14,-2.18,3.5,-7.14,0.0,21.65
2011-03-15,-0.49,6.16,-6.94,0.0,21.65
2011-03-16,3.31,9.86,-1.69,0.0,19.9
2011-03-17,4.2,10.38,-0.55,0.0,20.51
2011-03-18,5.93,11.98,0.84,0.0,18.04
2011-03-19,5.43,11.03,2.0,0.0,15.55
2011-03-20,6.59,13.0,2.73,0.02,16.94
2011-03-21,4.7,9.1,1.59,2.63,11.5
2011-03-22,3.26,7.99,-0.3,4.31,6.5
2011-03-23,1.45,5.52,-2.41,2.98,6.93
2011-03-24,0.61,4.94,-3.31,2.55,13.96
2011-03-25,0.67,7.41,-4.17,0.05,21.14
2011-03-26,3.53,10.9,-4.28,0.0,23.96
2011-03-27,5.81,11.51,1.77,0.0,24.26
2011-03-28,5.15,10.37,1.15,0.0,21.38
2011-03-29,5.57,10.52,1.83,0.0,22.74
2011-03-30,6.41,12.45,1.35,0.0,19.84
2011-03-31,7.32,12.69,2.82,0.0,19.89
2011-04-01,8.86,15.05,4.16,0.0,21.01
2011-04-02,8.76,14.65,4.99,0.0,12.81
2011-04-03,6.57,11.64,3.77,11.33,4.24
2011-04-04,7.26,13.26,3.6,14.39,6.08
2011-04-05,4.03,7.0,1.92,11.67,5.71
2011-04-06,4.33,6.79,1.45,4.77,14.68
2011-04-07,5.01,8.48,2.86,6.49,14.34
2011-04-08,4.07,7.09,1.36,13.8,11.31
2011-04-09,5.13,8.5,3.28,6.82,11.65
2011-04-10,4.42,7.01,1.9,19.72,2.63
2011-04-11,4.58,6.73,3.21,15.82,9.48
2011-04-12,3.0,6.82,-1.51,17.88,5.26
2011-04-13,-0.6,4.19,-4.63,1.5,15.68
2011-04-14,1.86,8.58,-3.57,0.0,18.66
2011-04-15,4.06,9.94,-1.27,0.0,22.08
2011-04-16,5.79,11.49,-0.45,0.26,24.67
2011-04-17,8.6,13.77,2.59,1.18,21.41
2011-04-18,10.71,16.11,4.54,0.35,21.99
2011-04-19,11.6,17.36,5.92,1.41,19.74
2011-04-20,7.92,11.92,2.69,11.15,10.91
2011-04-21,7.02,11.73,1.16,1.04,23.39
2011-04-22,5.33,10.45,2.13,43.27,6.2
2011-04-23,5.59,9.17,3.31,10.17,12.34
2011-04-24,5.86,10.24,2.29,0.01,19.15
2011-04-25,7.45,12.79,1.45,0.67,21.62
2011-04-26,6.3,10.4,2.68,2.76,17.12
2011-04-27,7.59,13.4,2.04,0.07,25.68
2011-04-28,9.52,14.55,2.91,0.03,25.34
2011-04-29,8.41,12.85,4.84,9.01,5.61
2011-04-30,8.2,11.68,5.17,6.19,11.58
2011-05-01,7.16,8.89,5.45,7.8,9.15
2011-05-02,8.0,12.08,4.98,7.11,15.47
2011-05-03,8.04,11.79,4.52,0.28,18.77
2011-05-04,10.37,14.65,5.37,0.19,23.11
2011-05-05,10.37,13.04,7.04,4.52,16.16
2011-05-06,9.29,13.36,4.51,1.16,21.09
2011-05-07,8.66,13.29,3.64,1.11,15.81
2011-05-08,8.33,12.11,4.18,0.96,22.31
2011-05-09,9.22,15.27,2.56,0.0,27.77
2011-05-10,10.58,14.78,6.7,2.81,27.13
2011-05-11,12.64,17.93,6.78,0.94,22.02
2011-05-12,10.73,16.28,4.98,2.13,23.35
2011-05-13,8.02,11.59,4.17,2.22,22.23
2011-05-14,7.28,10.96,4.36,2.52,20.0
2011-05-15,6.83,10.54,3.29,1.6,19.25
2011-05-16,8.93,13.27,3.69,0.19,25.75
2011-05-17,11.23,17.93,3.34,0.02,29.65
2011-05-18,13.85,20.85,5.0,0.03,25.11
2011-05-19,12.86,17.86,8.97,12.31,21.1
2011-05-20,11.69,14.91,8.4,3.12,16.37
2011-05-21,10.92,15.33,6.21,5.95,17.91
2011-05-22,11.1,16.57,4.66,0.01,25.39
2011-05-23,11.04,15.84,5.76,2.05,23.31
2011-05-24,12.01,18.63,4.36,0.01,29.9
2011-05-25,14.29,19.15,7.57,0.55,28.76
2011-05-26,14.98,20.0,8.86,0.23,28.1
2011-05-27,14.67,20.04,6.89,0.02,26.97
2011-05-28,14.84,19.68,11.25,0.0,15.01
2011-05-29,14.11,18.64,9.27,6.41,16.57
2011-05-30,16.89,22.77,8.87,6.03,25.75
2011-05-31,17.83,22.52,12.66,0.0,30.54
2011-06-01,18.19,25.25,10.2,1.72,20.04
2011-06-02,16.8,23.95,10.88,7.62,26.42
2011-06-03,16.68,21.02,12.28,0.04,28.48
2011-06-04,16.94,21.29,13.06,0.63,28.76
2011-06-05,17.18,21.56,13.24,0.46,26.1
2011-06-06,16.05,20.31,11.85,4.13,24.82
2011-06-07,17.26,22.78,10.6,0.13,29.48
2011-06-08,18.49,23.76,12.74,0.24,29.53
2011-06-09,16.64,23.07,10.89,0.01,31.62
2011-06-10,16.92,23.52,8.67,0.07,30.93
2011-06-11,16.78,22.43,11.28,0.17,28.57
2011-06-12,14.21,18.06,9.35,7.74,27.3
2011-06-13,14.62,18.83,9.63,3.58,19.12
2011-06-14,14.53,18.05,10.42,5.27,24.79
2011-06-15,16.13,21.39,10.52,0.0,28.52
2011-06-16,18.28,25.53,10.22,0.0,30.47
2011-06-17,19.68,26.06,12.99,0.0,31.51
2011-06-18,19.99,26.5,13.29,0.0,31.97
2011-06-19,19.75,25.69,14.25,0.0,31.46
2011-06-20,19.02,25.83,11.12,0.02,29.67
2011-06-21,18.52,26.11,11.31,0.0,32.14
2011-06-22,18.23,26.83,10.6,0.0,31.37
2011-06-23,17.46,26.15,10.08,0.0,31.7
2011-06-24,16.7,25.56,8.75,0.0,32.04
2011-06-25,20.7,28.28,11.51,0.0,31.55
2011-06-26,21.63,28.9,14.34,0.0,31.61
2011-06-27,20.16,27.28,14.01,0.0,30.9
2011-06-28,20.45,28.09,13.87,0.0,31.2
2011-06-29,20.07,27.06,13.75,0.0,31.53
2011-06-30,19.33,25.72,13.39,0.0,31.73
2011-07-01,19.74,29.28,9.12,0.0,32.04
2011-07-02,21.54,28.3,14.85,0.0,31.34
2011-07-03,21.17,29.16,11.66,0.0,30.87
2011-07-04,22.22,29.59,12.85,0.0,30.32
2011-07-05,22.31,30.24,12.94,0.0,29.63
2011-07-06,22.71,30.9,12.65,0.0,31.09
2011-07-07,25.67,33.13,17.51,0.0,31.29
2011-07-08,25.43,32.09,19.7,0.0,30.76
2011-07-09,24.92,33.69,16.29,0.0,30.69
2011-07-10,24.06,32.74,14.71,0.0,27.91
2011-07-11,23.87,32.13,15.65,0.03,26.38
2011-07-12,24.46,31.83,17.35,0.0,26.29
2011-07-13,24.18,30.98,17.58,0.04,28.47
2011-07-14,25.67,32.46,18.16,0.0,29.39
2011-07-15,26.16,33.72,18.53,0.0,29.21
2011-07-16,24.35,31.66,16.33,0.03,28.53
2011-07-17,22.96,30.5,14.87,1.11,22.11
2011-07-18,23.85,31.43,15.8,0.15,21.53
2011-07-19,23.36,29.9,16.37,0.74,18.68
2011-07-20,21.36,26.31,17.66,1.92,14.32
2011-07-21,23.17,28.7,17.83,0.0,27.08
2011-07-22,24.72,31.6,17.06,0.03,27.83
2011-07-23,23.1,29.23,16.98,0.56,24.15
2011-07-24,23.41,30.23,16.09,0.01,27.59
2011-07-25,24.97,32.42,16.32,0.0,28.05
2011-07-26,26.39,34.35,19.08,0.0,29.8
2011-07-27,27.62,38.14,16.19,0.0,29.79
2011-07-28,29.51,38.74,19.96,0.0,28.41
2011-07-29,29.24,36.79,21.0,0.0,26.41
2011-07-30,29.57,36.12,24.77,0.0,22.03
2011-07-31,28.86,36.23,23.14,0.0,29.07
2011-08-01,28.29,35.32,20.69,0.0,29.11
2011-08-02,29.56,37.22,22.19,0.0,27.74
2011-08-03,28.81,36.17,22.22,0.0,28.81
2011-08-04,25.48,34.56,15.14,0.0,29.11
2011-08-05,25.87,33.54,17.59,0.0,28.97
2011-08-06,24.73,34.57,15.45,0.0,28.06
2011-08-07,25.76,34.03,17.67,0.0,24.97
2011-08-08,26.25,34.26,17.79,0.0,27.01
2011-08-09,26.36,33.54,20.59,0.01,27.23
2011-08-10,25.06,32.61,18.66,0.0,27.87
2011-08-11,25.11,32.82,17.16,0.0,25.69
2011-08-12,24.23,31.0,18.17,0.0,26.57
2011-08-13,22.46,29.47,16.7,0.0,26.75
2011-08-14,22.59,29.64,16.62,0.0,27.54
2011-08-15,23.89,32.17,16.93,0.0,27.34
2011-08-16,23.68,32.31,14.52,0.67,26.74
2011-08-17,23.23,32.17,14.09,0.0,26.38
2011-08-18,23.94,32.82,15.39,0.0,26.09
2011-08-19,23.55,32.37,16.01,0.05,24.58
2011-08-20,22.35,29.41,15.32,0.56,21.65
2011-08-21,22.36,29.74,13.8,0.01,21.1
2011-08-22,23.12,30.89,15.6,0.0,25.33
2011-08-23,22.5,31.27,13.69,0.0,26.92
2011-08-24,22.4,31.82,13.81,0.0,26.58
2011-08-25,22.4,30.98,13.52,0.0,26.11
2011-08-26,22.15,30.17,13.81,0.0,25.67
2011-08-27,21.71,30.24,13.34,0.0,25.89
2011-08-28,21.46,29.79,12.74,0.0,25.08
2011-08-29,19.95,28.3,13.61,0.0,26.36
2011-08-30,21.6,31.02,13.14,0.0,26.19
2011-08-31,22.58,28.97,16.58,0.0,25.4
2011-09-01,22.81,31.17,15.03,0.0,25.52
2011-09-02,21.18,30.56,11.72,0.0,23.89
2011-09-03,20.52,26.36,14.85,0.15,19.99
2011-09-04,20.71,27.1,13.81,0.0,21.93
2011-09-05,20.14,28.34,11.62,0.05,24.33
2011-09-06,19.03,28.3,10.07,0.0,25.3
2011-09-07,19.44,28.89,10.81,0.0,24.68
2011-09-08,20.01,27.54,14.67,0.0,24.59
2011-09-09,19.53,26.43,13.46,0.0,23.55
2011-09-10,20.2,28.14,13.34,0.0,23.74
2011-09-11,19.25,28.84,10.75,0.0,23.98
2011-09-12,18.62,27.74,10.85,0.0,23.37
2011-09-13,19.36,28.68,10.54,0.0,23.45
2011-09-14,20.19,28.84,10.83,0.0,22.61
2011-09-15,20.96,28.35,14.8,0.01,19.9
2011-09-16,19.47,27.79,10.8,0.0,22.03
2011-09-17,20.14,28.9,11.66,0.0,22.44
2011-09-18,20.19,29.01,12.1,0.0,22.25
2011-09-19,19.98,27.38,13.49,0.0,21.34
2011-09-20,18.25,24.5,12.47,0.39,15.22
2011-09-21,17.76,25.42,10.3,0.0,20.4
2011-09-22,18.23,25.39,13.33,0.0,20.85
2011-09-23,17.81,23.65,12.5,0.06,12.82
2011-09-24,17.75,23.77,13.57,1.86,13.41
2011-09-25,15.32,19.95,11.54,4.22,15.67
2011-09-26,14.33,19.67,8.95,0.29,14.92
2011-09-27,14.12,18.66,10.07,0.21,15.01
2011-09-28,13.79,21.13,7.26,0.0,20.45
2011-09-29,14.65,20.96,9.97,1.66,17.9
2011-09-30,10.09,12.73,7.45,2.9,11.49
2011-10-01,9.33,15.05,5.45,2.05,13.98
2011-10-02,8.97,16.96,2.46,0.0,20.84
2011-10-03,9.47,16.74,3.28,0.0,18.68
2011-10-04,9.34,17.28,0.85,0.0,20.66
2011-10-05,11.91,19.47,4.88,0.0,20.32
2011-10-06,12.25,21.2,3.26,0.0,19.72
2011-10-07,13.56,20.8,7.48,0.0,19.1
2011-10-08,13.61,20.32,9.22,0.0,16.96
2011-10-09,13.73,20.74,7.14,0.0,16.9
2011-10-10,15.49,23.12,8.7,0.0,16.84
2011-10-11,17.61,25.66,9.91,0.0,16.92
2011-10-12,17.05,23.19,11.75,0.48,14.98
2011-10-13,10.74,16.21,4.35,5.82,11.37
2011-10-14,10.69,16.7,6.64,0.01,13.53
2011-10-15,11.59,18.38,6.33,0.0,12.91
2011-10-16,13.39,20.61,8.06,0.03,13.75
2011-10-17,12.62,18.74,7.96,0.0,13.55
2011-10-18,11.39,16.81,6.6,0.12,12.84
2011-10-19,7.3,11.53,1.29,18.37,6.94
2011-10-20,2.21,7.79,-2.09,0.6,14.84
2011-10-21,4.86,13.85,-2.95,0.0,17.15
2011-10-22,8.59,16.77,0.29,0.0,16.18
2011-10-23,10.33,16.91,6.68,0.0,15.77
2011-10-24,9.16,14.07,5.46,0.0,13.0
2011-10-25,8.62,13.37,5.65,0.26,8.12
2011-10-26,7.09,12.38,2.9,0.3,11.91
2011-10-27,3.87,8.51,-0.66,2.89,6.73
2011-10-28,3.9,10.55,-1.35,0.04,13.11
2011-10-29,4.1,10.23,0.57,0.22,9.91
2011-10-30,3.38,8.08,-0.28,0.02,10.42
2011-10-31,2.71,7.02,-0.84,0.46,9.76
2011-11-01,3.79,9.33,-0.98,0.0,13.97
2011-11-02,4.3,10.25,0.31,0.0,14.05
2011-11-03,1.87,5.91,-0.98,5.59,4.46
2011-11-04,1.67,6.57,-2.34,4.92,3.24
2011-11-05,2.62,7.02,-0.39,6.93,3.83
2011-11-06,1.31,6.12,-2.7,1.68,9.58
2011-11-07,-0.35,7.03,-5.08,0.0,11.46
2011-11-08,-2.18,3.22,-5.5,0.0,13.89
2011-11-09,-0.94,6.78,-5.22,0.0,12.2
2011-11-10,-1.23,3.83,-4.62,0.11,8.37
2011-11-11,-1.4,2.01,-3.61,1.41,3.89
2011-11-12,-2.39,2.06,-7.17,3.35,4.12
2011-11-13,-4.13,1.54,-7.53,0.0,11.59
2011-11-14,-2.03,3.85,-6.36,0.63,6.97
2011-11-15,1.01,5.86,-1.65,1.3,5.1
2011-11-16,0.9,6.02,-1.67,1.22,6.04
2011-11-17,1.11,4.65,-0.83,4.5,6.63
2011-11-18,0.47,2.64,-0.72,16.58,1.77
2011-11-19,1.58,5.6,-0.71,5.8,2.96
2011-11-20,0.3,6.52,-4.04,0.32,8.49
2011-11-21,0.22,6.88,-4.83,0.0,9.96
2011-11-22,0.52,6.31,-2.82,0.0,8.94
2011-11-23,-0.98,5.18,-4.4,0.0,8.86
2011-11-24,-2.7,1.01,-6.38,0.0,9.71
2011-11-25,-4.73,-0.25,-8.25,0.0,11.64
2011-11-26,-5.03,2.65,-11.28,0.0,10.84
2011-11-27,-3.04,1.69,-5.75,0.0,9.95
2011-11-28,-2.65,1.96,-6.27,0.0,10.71
2011-11-29,-2.27,4.02,-5.9,0.0,9.27
2011-11-30,-3.74,2.98,-9.21,0.0,8.71
2011-12-01,-4.7,1.12,-9.24,0.0,11.21
2011-12-02,-4.44,0.07,-8.29,0.0,8.24
2011-12-03,-3.87,2.0,-9.13,0.0,10.61
2011-12-04,-1.82,6.99,-8.06,0.0,10.9
2011-12-05,-0.91,7.24,-6.47,0.0,10.63
2011-12-06,-0.04,6.18,-4.0,0.0,10.05
2011-12-07,-0.5,5.79,-4.11,0.0,10.32
2011-12-08,-1.72,3.27,-4.56,0.0,9.2
2011-12-09,-2.95,1.09,-6.04,2.68,4.11
2011-12-10,-4.06,-0.01,-9.68,8.22,5.11
2011-12-11,-5.78,2.2,-11.88,0.0,9.37
2011-12-12,-4.65,2.73,-8.43,0.0,8.67
2011-12-13,-4.35,3.87,-9.54,0.0,9.45
2011-12-14,-1.98,2.79,-7.08,0.01,7.55
2011-12-15,0.26,5.98,-4.95,0.08,8.01
2011-12-16,-1.44,4.98,-6.03,0.0,8.82
2011-12-17,-1.68,1.2,-3.44,4.34,4.96
2011-12-18,-1.94,2.31,-4.13,0.0,6.83
2011-12-19,-1.34,6.86,-7.77,0.0,8.42
2011-12-20,1.21,7.47,-3.87,0.0,8.26
2011-12-21,0.96,5.4,-1.09,0.04,7.78
2011-12-22,-0.3,3.02,-3.2,0.16,3.94
2011-12-23,-0.75,3.24,-3.77,0.16,5.04
2011-12-24,-1.23,0.91,-2.82,5.64,1.92
2011-12-25,-0.98,1.65,-2.73,14.56,3.5
2011-12-26,-2.92,0.1,-8.44,2.59,3.18
2011-12-27,-7.1,-0.2,-10.6,0.0,9.0
2011-12-28,-6.62,0.8,-11.3,0.0,9.8
2011-12-29,-4.25,3.41,-10.02,0.0,10.15
2011-12-30,-4.3,1.55,-7.5,0.0,8.67
2011-12-31,-4.81,-0.2,-7.32,1.39,3.88
2012-01-01,-3.55,0.21,-6.02,0.83,5.45
2012-01-02,-2.59,0.87,-6.08,0.35,5.47
2012-01-03,-5.21,1.16,-10.05,0.0,6.47
2012-01-04,-4.76,3.97,-10.9,0.0,9.21
2012-01-05,-3.08,3.73,-8.38,0.0,9.92
2012-01-06,-4.65,-0.91,-7.5,1.37,4.1
2012-01-07,-3.03,2.03,-6.48,0.34,7.27
2012-01-08,-2.74,1.29,-6.22,1.41,5.67
2012-01-09,-1.93,1.02,-4.2,5.92,4.63
2012-01-10,-1.68,1.44,-4.1,0.6,7.23
2012-01-11,-2.78,1.4,-6.09,2.3,6.96
2012-01-12,-3.16,-0.12,-5.43,2.81,5.72
2012-01-13,-4.05,-1.08,-5.64,6.4,3.37
2012-01-14,-4.34,-1.22,-6.61,1.63,3.45
2012-01-15,-3.36,-1.37,-5.24,8.59,2.65
2012-01-16,-2.46,-1.11,-3.46,8.61,4.03
2012-01-17,-3.66,-1.07,-6.98,8.77,3.61
2012-01-18,-5.64,-2.75,-9.44,5.46,5.09
2012-01-19,-9.65,-6.36,-14.72,2.9,5.27
2012-01-20,-14.0,-7.81,-21.8,0.63,11.77
2012-01-21,-14.94,-6.66,-23.18,0.04,11.37
2012-01-22,-9.12,-5.09,-13.8,2.87,6.23
2012-01-23,-7.77,-3.31,-11.37,1.67,6.47
2012-01-24,-9.62,-4.37,-14.4,0.04,11.27
2012-01-25,-10.01,-5.05,-15.23,2.63,5.9
2012-01-26,-6.17,-2.49,-9.36,6.39,5.49
2012-01-27,-2.3,-0.5,-5.6,8.48,2.29
2012-01-28,-6.02,-0.66,-17.49,1.2,6.96
2012-01-29,-11.63,-3.59,-19.57,1.18,11.61
2012-01-30,-6.12,-2.7,-9.35,5.02,6.17
2012-01-31,-4.68,-1.19,-6.75,15.03,4.21
2012-02-01,-2.88,-0.87,-9.63,32.23,3.01
2012-02-02,-12.92,-7.05,-20.14,0.45,13.67
2012-02-03,-11.32,-1.86,-20.99,0.0,14.0
2012-02-04,-12.26,-3.0,-17.97,0.0,14.78
2012-02-05,-11.11,-1.65,-20.02,0.0,14.75
2012-02-06,-7.73,-1.66,-11.91,0.0,14.48
2012-02-07,-6.9,-3.33,-10.44,8.24,4.47
2012-02-08,-4.37,-2.26,-6.15,3.61,5.25
2012-02-09,-3.29,-1.02,-6.86,12.83,2.65
2012-02-10,-5.02,-1.02,-16.42,9.85,3.44
2012-02-11,-14.22,-5.44,-18.95,0.07,13.62
2012-02-12,-12.63,-2.07,-19.78,0.0,15.88
2012-02-13,-7.23,-0.55,-16.63,0.0,12.75
2012-02-14,-4.1,0.2,-9.03,0.0,14.72
2012-02-15,-3.06,0.48,-8.31,0.75,7.82
2012-02-16,-2.77,-0.96,-7.64,11.58,7.68
2012-02-17,-4.94,-2.27,-9.85,16.55,4.18
2012-02-18,-5.59,-3.15,-9.29,16.45,5.3
2012-02-19,-10.76,-4.45,-18.02,2.02,10.41
2012-02-20,-14.66,-5.76,-21.8,0.0,17.09
2012-02-21,-12.58,-2.59,-21.33,0.0,17.47
2012-02-22,-12.0,-1.89,-18.12,0.0,18.11
2012-02-23,-10.51,-1.26,-19.29,0.0,18.21
2012-02-24,-8.81,-2.06,-14.77,0.0,17.78
2012-02-25,-7.47,-1.73,-11.82,0.0,17.66
2012-02-26,-7.25,-1.55,-14.28,0.0,18.5
2012-02-27,-3.34,-0.72,-8.6,5.66,8.01
2012-02-28,0.14,0.93,-1.17,4.18,9.48
2012-02-29,-0.83,0.51,-2.77,13.55,2.62
2012-03-01,-6.12,-1.23,-10.78,10.72,7.39
2012-03-02,-8.71,-4.83,-15.97,3.18,6.25
2012-03-03,-10.81,-5.41,-17.46,1.17,15.45
2012-03-04,-8.3,-4.0,-15.86,7.31,7.34
2012-03-05,-11.76,-5.68,-16.97,0.01,20.45
2012-03-06,-10.06,-6.06,-14.46,1.95,12.57
2012-03-07,-6.67,-1.77,-10.44,2.19,12.25
2012-03-08,-5.09,-1.01,-9.08,0.0,20.59
2012-03-09,-5.05,-0.66,-11.42,0.01,16.07
2012-03-10,-10.97,-3.85,-17.86,0.0,20.16
2012-03-11,-10.91,-3.61,-18.18,0.0,22.49
2012-03-12,-5.66,-2.08,-8.28,4.41,7.08
2012-03-13,-2.33,1.09,-7.5,0.0,17.37
2012-03-14,-1.04,1.03,-5.8,5.59,11.36
2012-03-15,-1.19,-0.06,-2.74,3.64,8.54
2012-03-16,-5.28,-2.86,-10.15,4.03,7.77
2012-03-17,-9.8,-6.13,-14.95,0.24,22.44
2012-03-18,-9.31,-1.25,-17.64,0.0,23.15
2012-03-19,-5.63,0.63,-11.89,0.0,21.42
2012-03-20,-4.6,0.56,-10.18,0.0,23.15
2012-03-21,-4.17,0.78,-9.77,0.0,23.25
2012-03-22,-4.23,0.56,-9.47,0.0,23.41
2012-03-23,-4.24,0.59,-9.37,0.0,23.52
2012-03-24,-2.97,1.25,-7.77,0.0,23.81
2012-03-25,-2.51,0.8,-6.56,0.0,22.41
2012-03-26,-0.66,1.26,-3.51,1.63,12.61
2012-03-27,-1.32,0.95,-8.94,4.41,10.79
2012-03-28,-3.52,1.98,-11.27,0.59,14.22
2012-03-29,-0.45,2.66,-3.78,7.29,11.03
2012-03-30,0.03,2.29,-2.17,3.66,12.04
2012-03-31,-0.03,2.17,-2.19,4.68,3.56
2012-04-01,2.19,6.28,-0.9,0.87,9.19
2012-04-02,3.22,8.85,-0.81,4.87,6.49
2012-04-03,5.59,11.71,0.18,0.33,16.2
2012-04-04,6.23,13.41,-0.82,0.0,16.8
2012-04-05,6.73,13.77,-0.93,0.0,17.52
2012-04-06,7.43,13.66,0.93,0.0,17.4
2012-04-07,8.34,14.39,1.99,0.01,18.53
2012-04-08,6.31,10.45,3.75,4.64,10.65
2012-04-09,8.91,14.94,3.08,1.93,18.12
2012-04-10,6.91,13.0,2.94,6.24,7.66
2012-04-11,7.43,13.14,3.0,10.54,10.59
2012-04-12,6.56,11.47,2.38,5.39,18.26
2012-04-13,7.65,13.48,1.48,0.0,22.2
2012-04-14,9.73,16.58,0.8,0.0,25.26
2012-04-15,10.27,15.16,6.78,0.03,18.09
2012-04-16,6.93,10.02,4.17,11.15,12.87
2012-04-17,6.38,10.81,2.46,1.47,19.4
2012-04-18,7.98,16.18,-0.45,0.0,25.02
2012-04-19,7.51,11.49,3.66,1.69,15.21
2012-04-20,6.86,11.52,1.68,0.55,23.8
2012-04-21,8.4,13.75,3.26,0.0,21.69
2012-04-22,8.9,13.99,3.65,0.0,23.26
2012-04-23,9.5,15.68,1.3,0.0,26.59
2012-04-24,9.83,16.57,1.23,0.01,26.19
2012-04-25,12.14,17.58,5.9,0.16,25.41
2012-04-26,11.16,15.42,5.3,0.01,24.64
2012-04-27,10.17,15.29,5.72,0.03,19.76
2012-04-28,11.65,16.75,5.75,0.0,25.78
2012-04-29,11.69,18.19,4.6,0.64,23.06
2012-04-30,12.86,17.84,6.51,0.01,24.36
2012-05-01,13.02,18.94,4.8,0.0,28.68
2012-05-02,13.61,20.61,7.84,0.49,23.88
2012-05-03,13.31,18.05,9.26,2.81,17.5
2012-05-04,10.39,13.17,7.8,10.74,13.91
2012-05-05,10.07,13.22,7.7,5.16,14.77
2012-05-06,10.4,13.88,6.79,9.67,16.64
2012-05-07,11.21,15.51,6.24,0.99,20.04
2012-05-08,10.12,13.64,5.73,2.03,19.59
2012-05-09,12.6,17.37,7.71,0.49,26.58
2012-05-10,15.66,21.35,9.32,0.08,23.06
2012-05-11,16.0,21.03,10.98,0.52,25.93
2012-05-12,14.29,19.71,9.2,1.23,18.27
2012-05-13,14.09,19.77,7.83,0.6,22.74
2012-05-14,11.74,15.34,7.4,0.04,20.06
2012-05-15,11.24,14.31,7.74,4.42,16.76
2012-05-16,12.9,17.71,6.42,0.51,26.54
2012-05-17,12.97,16.81,8.56,2.17,18.54
2012-05-18,13.67,18.58,8.29,0.0,29.43
2012-05-19,15.11,20.93,8.12,0.09,20.99
2012-05-20,16.16,22.08,10.88,0.53,20.25
2012-05-21,13.83,18.81,8.55,0.01,27.82
2012-05-22,10.4,14.35,5.78,0.62,19.83
2012-05-23,12.16,18.43,4.16,4.15,25.92
2012-05-24,13.12,18.71,6.44,0.14,27.67
2012-05-25,11.43,16.66,6.32,3.22,21.47
2012-05-26,10.05,15.09,5.09,0.42,20.23
2012-05-27,12.39,18.76,4.46,0.02,26.33
2012-05-28,14.07,19.71,9.17,0.03,19.03
2012-05-29,13.15,19.22,7.91,0.86,24.67
2012-05-30,16.41,22.44,10.43,0.49,20.47
2012-05-31,16.09,21.86,9.4,0.0,29.77
2012-06-01,13.93,20.36,8.14,0.0,31.58
2012-06-02,14.66,21.07,8.54,0.0,31.07
2012-06-03,15.8,24.01,7.33,0.0,30.9
2012-06-04,19.11,26.74,9.53,0.0,30.96
2012-06-05,19.56,24.7,13.81,0.0,30.62
2012-06-06,19.56,25.96,11.88,0.0,31.87
2012-06-07,18.06,24.76,11.67,0.0,31.65
2012-06-08,17.21,23.86,10.81,0.02,30.61
2012-06-09,17.68,26.3,9.03,0.0,30.46
2012-06-10,19.55,27.15,11.64,0.0,30.96
2012-06-11,20.21,27.05,13.31,0.0,30.07
2012-06-12,20.62,27.7,13.18,0.0,29.38
2012-06-13,20.14,26.62,13.77,0.03,28.18
2012-06-14,23.17,29.98,14.38,0.0,29.18
2012-06-15,24.72,31.05,18.56,0.04,28.07
2012-06-16,22.79,30.44,14.62,0.07,30.56
2012-06-17,20.96,29.24,13.57,0.0,32.25
2012-06-18,16.61,24.27,9.19,0.0,31.28
2012-06-19,18.24,26.22,10.82,0.0,32.23
2012-06-20,19.66,27.17,11.05,0.0,32.14
2012-06-21,20.85,28.5,11.85,0.0,27.69
2012-06-22,21.77,29.84,12.13,0.0,28.51
2012-06-23,22.0,27.8,15.88,0.51,24.7
2012-06-24,20.9,27.06,14.63,0.01,22.93
2012-06-25,18.79,24.03,14.72,4.38,21.69
2012-06-26,20.92,27.16,14.77,0.03,26.77
2012-06-27,21.32,28.13,13.36,0.32,27.58
2012-06-28,20.26,27.37,13.95,0.34,24.73
2012-06-29,18.52,27.72,10.66,0.04,28.38
2012-06-30,18.48,27.15,10.32,0.35,28.95
2012-07-01,16.02,23.69,9.16,0.02,32.15
2012-07-02,17.77,26.25,8.91,0.06,31.81
2012-07-03,19.03,25.71,11.76,0.02,21.69
2012-07-04,18.6,25.02,11.48,1.14,29.08
2012-07-05,19.49,28.05,9.55,0.0,30.87
2012-07-06,20.99,30.04,10.85,0.0,30.56
2012-07-07,22.35,31.65,12.84,0.0,29.98
2012-07-08,22.94,31.33,14.0,0.13,28.27
2012-07-09,22.67,30.14,14.43,0.01,23.42
2012-07-10,22.78,28.4,16.87,0.11,23.12
2012-07-11,23.79,30.82,15.73,0.0,29.03
2012-07-12,25.03,32.4,15.91,0.01,26.27
2012-07-13,25.8,33.61,16.81,0.0,28.83
2012-07-14,26.3,34.0,18.22,0.01,28.6
2012-07-15,23.97,31.58,16.61,0.1,29.59
2012-07-16,23.95,31.62,16.15,0.0,30.41
2012-07-17,25.15,32.75,17.41,0.0,30.49
2012-07-18,26.47,34.32,17.7,0.01,29.56
2012-07-19,26.25,35.1,16.71,0.0,30.5
2012-07-20,25.53,34.95,16.34,0.0,30.29
2012-07-21,26.4,34.43,17.51,0.0,29.01
2012-07-22,26.63,34.71,17.49,0.01,27.47
2012-07-23,27.79,36.26,18.28,0.0,28.44
2012-07-24,28.4,36.4,19.65,0.0,27.53
2012-07-25,27.63,35.92,20.02,0.0,28.42
2012-07-26,27.39,35.41,18.49,0.0,29.79
2012-07-27,27.46,35.59,18.65,0.0,26.45
2012-07-28,29.06,36.12,22.88,0.04,25.83
2012-07-29,26.68,34.52,18.65,1.06,23.15
2012-07-30,22.03,26.27,17.91,2.02,21.51
2012-07-31,25.43,34.29,16.88,0.56,21.3
2012-08-01,24.53,30.48,19.69,1.88,19.61
2012-08-02,25.03,31.3,19.82,0.09,27.86
2012-08-03,24.88,32.38,17.68,0.0,29.66
2012-08-04,25.04,34.94,13.9,0.0,29.44
2012-08-05,25.86,34.7,15.42,0.0,28.81
2012-08-06,25.86,33.23,17.4,0.0,28.16
2012-08-07,24.93,32.75,16.38,0.0,26.1
2012-08-08,25.28,32.06,19.34,0.01,24.85
2012-08-09,24.98,31.5,19.2,0.15,27.18
2012-08-10,24.62,32.57,14.97,0.0,26.46
2012-08-11,25.9,33.35,17.89,0.0,26.9
2012-08-12,26.16,33.29,18.45,0.0,26.7
2012-08-13,25.36,31.65,19.6,0.0,25.85
2012-08-14,24.92,33.59,16.05,0.0,25.95
2012-08-15,24.93,33.59,15.0,0.0,26.94
2012-08-16,25.1,32.55,19.1,0.0,26.86
2012-08-17,24.13,32.68,15.14,0.0,26.48
2012-08-18,22.84,31.91,14.17,0.0,26.31
2012-08-19,23.44,30.51,18.05,0.0,26.34
2012-08-20,22.19,30.7,13.18,0.15,26.74
2012-08-21,21.37,30.77,13.25,0.0,26.53
2012-08-22,22.09,31.16,13.96,0.0,26.54
2012-08-23,21.56,30.44,13.55,0.0,26.63
2012-08-24,23.8,32.93,14.56,0.0,26.63
2012-08-25,25.16,33.68,15.94,0.0,26.07
2012-08-26,26.08,34.48,16.22,0.0,24.95
2012-08-27,26.76,33.23,22.06,0.0,23.67
2012-08-28,25.57,31.61,20.61,0.0,24.41
2012-08-29,25.5,31.97,19.43,0.01,20.66
2012-08-30,21.83,29.97,13.32,0.07,19.76
2012-08-31,22.51,29.07,17.55,0.22,20.28
2012-09-01,20.27,26.67,13.24,0.36,18.96
2012-09-02,19.49,25.83,13.55,0.82,17.05
2012-09-03,19.58,26.24,14.27,0.65,21.05
2012-09-04,19.67,27.84,12.66,0.0,24.41
2012-09-05,21.11,30.13,12.34,0.0,25.14
2012-09-06,21.93,31.34,12.42,0.0,24.89
2012-09-07,23.93,30.75,18.4,0.0,24.27
2012-09-08,20.62,29.48,11.67,0.0,23.09
2012-09-09,20.38,28.02,12.98,0.02,18.47
2012-09-10,18.22,25.18,11.09,0.19,18.51
2012-09-11,19.04,26.22,12.83,0.01,20.26
2012-09-12,18.38,24.2,13.1,0.0,16.58
2012-09-13,19.26,26.92,12.43,0.0,19.43
2012-09-14,20.04,27.21,14.82,0.0,22.79
2012-09-15,18.56,27.87,10.03,0.0,23.05
2012-09-16,20.32,28.81,11.5,0.0,22.81
2012-09-17,21.14,29.48,12.98,0.0,22.81
2012-09-18,20.89,29.14,15.23,0.0,22.42
2012-09-19,19.75,27.37,14.66,0.0,22.3
2012-09-20,18.32,25.36,13.43,0.0,21.85
2012-09-21,17.69,25.14,12.55,0.0,21.74
2012-09-22,17.48,24.3,11.61,0.0,20.93
2012-09-23,17.55,25.06,10.66,0.0,21.35
2012-09-24,16.49,26.22,7.92,0.0,22.08
2012-09-25,18.16,26.98,10.48,0.0,21.56
2012-09-26,18.92,27.0,12.48,0.0,21.42
2012-09-27,17.72,26.72,8.55,0.0,21.04
2012-09-28,17.87,26.56,8.75,0.0,20.88
2012-09-29,19.56,27.21,11.57,0.0,20.04
2012-09-30,19.89,27.39,12.47,0.0,19.75
2012-10-01,19.61,27.54,11.11,0.0,19.28
2012-10-02,20.7,27.22,15.15,0.0,17.34
2012-10-03,19.74,23.51,16.17,0.69,14.33
2012-10-04,17.46,23.74,12.32,1.13,13.58
2012-10-05,15.46,21.69,10.3,0.01,17.68
2012-10-06,16.41,22.17,10.6,0.0,15.85
2012-10-07,16.34,22.45,12.4,0.75,12.06
2012-10-08,16.13,22.31,11.12,1.41,11.67
2012-10-09,13.54,18.46,9.6,0.08,14.07
2012-10-10,12.06,15.43,9.21,11.46,9.17
2012-10-11,13.5,19.09,8.7,0.91,9.29
2012-10-12,10.72,15.57,6.2,0.14,13.96
2012-10-13,11.87,19.65,3.53,0.0,16.15
2012-10-14,13.34,18.82,8.66,0.0,16.19
2012-10-15,12.87,20.52,4.9,0.0,17.89
2012-10-16,13.1,21.37,5.24,0.0,17.72
2012-10-17,12.56,21.55,5.51,0.0,17.26
2012-10-18,11.62,20.19,5.5,0.0,17.04
2012-10-19,12.56,19.91,4.57,0.01,16.12
2012-10-20,11.44,16.68,8.69,1.45,6.32
2012-10-21,10.66,14.09,8.01,1.99,10.32
2012-10-22,11.94,18.42,6.22,1.57,13.16
2012-10-23,9.66,12.8,7.28,8.95,4.51
2012-10-24,9.58,13.46,6.97,11.8,8.06
2012-10-25,7.54,10.55,4.57,10.57,2.49
2012-10-26,7.74,10.29,5.03,4.43,3.6
2012-10-27,7.93,12.69,4.47,0.4,10.81
2012-10-28,8.43,15.71,3.35,0.0,14.33
2012-10-29,9.33,16.35,2.91,0.0,15.23
2012-10-30,9.63,16.2,5.69,0.0,13.58
2012-10-31,10.3,17.32,4.22,0.0,13.75
2012-11-01,8.78,13.24,4.32,0.04,7.37
2012-11-02,9.44,15.28,3.92,0.03,10.94
2012-11-03,9.32,13.67,7.14,0.79,4.28
2012-11-04,10.51,15.75,7.26,0.01,10.2
2012-11-05,9.84,15.81,5.92,0.0,11.64
2012-11-06,8.67,15.42,4.25,0.0,12.08
2012-11-07,9.09,15.68,5.84,0.0,11.73
2012-11-08,8.29,13.01,4.66,0.0,9.71
2012-11-09,9.09,13.21,5.02,3.04,4.52
2012-11-10,8.06,10.89,6.11,16.48,5.29
2012-11-11,9.09,13.57,5.68,15.98,7.22
2012-11-12,6.07,11.99,2.3,8.59,4.5
2012-11-13,3.9,9.22,0.05,0.04,6.7
2012-11-14,3.95,10.15,-2.03,0.0,9.76
2012-11-15,4.8,11.57,-1.25,0.0,12.27
2012-11-16,5.34,12.74,-1.22,0.0,12.85
2012-11-17,5.37,11.72,1.12,0.0,12.15
2012-11-18,5.96,11.84,0.46,0.0,11.19
2012-11-19,4.42,9.02,0.88,0.0,5.39
2012-11-20,4.41,11.41,-1.41,0.0,7.27
2012-11-21,3.89,9.67,-1.15,0.78,7.2
2012-11-22,3.58,6.54,0.9,2.18,7.58
2012-11-23,4.32,8.37,0.76,1.06,7.6
2012-11-24,2.81,7.94,-2.29,0.71,4.94
2012-11-25,2.78,5.42,0.74,2.24,4.82
2012-11-26,2.0,6.84,-1.29,0.37,8.53
2012-11-27,1.5,8.07,-3.34,0.0,11.29
2012-11-28,2.71,8.58,-0.9,0.0,11.44
2012-11-29,2.9,9.53,-0.77,0.0,10.62
2012-11-30,2.13,6.31,-1.23,0.0,10.23
2012-12-01,3.95,12.42,-1.75,0.0,10.9
2012-12-02,5.92,13.98,0.96,0.0,10.01
2012-12-03,4.07,11.51,-0.07,0.03,9.46
2012-12-04,0.29,2.79,-1.3,9.71,2.59
2012-12-05,-1.66,0.69,-3.62,12.88,4.18
2012-12-06,-2.67,0.52,-4.34,3.97,3.7
2012-12-07,-1.4,0.68,-3.8,17.64,2.53
2012-12-08,-0.87,0.34,-2.44,13.02,1.95
2012-12-09,-3.61,0.0,-8.94,0.06,4.82
2012-12-10,-3.52,0.26,-9.18,0.81,5.54
2012-12-11,-0.73,-0.16,-2.36,4.84,3.55
2012-12-12,-2.7,0.19,-7.72,0.24,6.38
2012-12-13,-3.15,0.28,-7.05,0.0,5.76
2012-12-14,-5.16,0.17,-10.63,0.08,6.02
2012-12-15,-8.97,-1.79,-13.43,0.23,8.2
2012-12-16,-8.76,-3.0,-14.56,0.16,6.48
2012-12-17,-8.39,-4.55,-11.71,3.01,4.5
2012-12-18,-5.74,-2.56,-10.69,17.35,2.67
2012-12-19,-1.78,-0.06,-4.44,10.51,3.24
2012-12-20,-0.07,0.35,-0.65,15.7,1.86
2012-12-21,-0.35,0.4,-1.78,10.83,2.05
2012-12-22,-2.24,-0.42,-4.7,4.26,3.0
2012-12-23,-0.81,-0.02,-2.0,5.08,2.46
2012-12-24,-0.39,0.09,-2.5,6.44,1.13
2012-12-25,-3.42,-0.1,-8.27,0.0,6.92
2012-12-26,-9.3,-3.45,-13.09,0.0,7.96
2012-12-27,-9.91,-1.24,-15.27,0.0,10.32
2012-12-28,-5.23,-0.03,-11.97,0.0,9.08
2012-12-29,-4.63,-0.27,-9.57,0.0,8.26
2012-12-30,-5.54,-0.88,-11.72,0.0,8.72
2012-12-31,-12.17,-4.5,-17.74,0.0,10.46
2013-01-01,-7.8,-1.78,-13.18,0.0,10.2
2013-01-02,-9.27,-1.63,-14.98,0.0,9.63
2013-01-03,-11.13,-2.79,-16.19,0.0,10.74
2013-01-04,-8.2,-1.12,-14.43,0.0,9.38
2013-01-05,-6.09,-2.82,-10.5,6.5,5.96
2013-01-06,-3.09,-2.16,-3.76,9.98,1.66
2013-01-07,-2.13,-1.02,-3.74,21.29,2.98
2013-01-08,-4.06,-2.25,-8.22,8.1,3.0
2013-01-09,-7.62,-5.6,-10.78,29.68,2.15
2013-01-10,-11.75,-6.16,-19.46,4.15,3.92
2013-01-11,-14.56,-8.21,-20.22,0.19,8.07
2013-01-12,-11.96,-7.09,-14.84,0.33,6.86
2013-01-13,-9.5,-4.53,-13.8,0.0,6.32
2013-01-14,-9.9,-2.23,-16.45,0.0,7.89
2013-01-15,-14.36,-6.63,-18.83,0.0,10.05
2013-01-16,-9.37,-1.33,-17.19,0.0,10.74
2013-01-17,-8.34,-2.43,-11.14,0.0,9.79
2013-01-18,-6.94,-1.71,-9.79,0.0,10.2
2013-01-19,-6.48,-1.1,-11.02,0.0,9.92
2013-01-20,-5.12,-1.65,-10.11,0.35,6.06
2013-01-21,-4.95,-0.85,-8.44,0.0,10.24
2013-01-22,-2.81,-0.13,-6.84,0.96,8.29
2013-01-23,-0.07,0.31,-0.46,1.41,4.85
2013-01-24,-0.62,0.11,-2.95,0.15,7.46
2013-01-25,-0.75,0.21,-2.62,3.31,1.76
2013-01-26,0.29,0.91,-0.28,0.77,5.12
2013-01-27,1.0,1.4,0.59,32.68,2.61
2013-01-28,-0.21,1.04,-4.98,0.53,6.55
2013-01-29,-2.42,0.29,-5.41,1.44,8.04
2013-01-30,-4.02,-0.13,-7.88,0.59,5.96
2013-01-31,-2.83,0.18,-7.02,10.45,5.63
2013-02-01,-2.97,-0.77,-4.8,4.59,5.43
2013-02-02,-5.87,-1.98,-14.55,5.51,6.41
2013-02-03,-7.07,-0.78,-14.81,0.0,9.43
2013-02-04,-5.43,-0.31,-10.75,0.0,9.15
2013-02-05,-2.87,-0.11,-5.22,0.0,8.51
2013-02-06,-1.24,1.18,-4.34,5.55,6.96
2013-02-07,-0.98,0.06,-3.27,7.17,5.48
2013-02-08,-2.36,0.71,-5.94,0.0,8.16
2013-02-09,-1.66,1.87,-5.06,0.0,7.74
2013-02-10,-1.52,2.36,-5.26,0.08,8.98
2013-02-11,0.09,0.97,-1.24,6.74,6.69
2013-02-12,-0.89,0.17,-4.58,2.32,6.03
2013-02-13,-4.96,0.24,-11.08,0.0,10.37
2013-02-14,-2.66,1.91,-8.22,0.0,12.34
2013-02-15,-0.76,1.83,-4.67,3.96,7.92
2013-02-16,-1.4,0.51,-3.32,5.35,9.2
2013-02-17,-2.53,-0.37,-4.34,3.2,6.35
2013-02-18,-2.77,-0.74,-5.25,10.87,6.28
2013-02-19,-3.57,-1.0,-7.87,1.5,8.52
2013-02-20,-4.78,-0.06,-10.41,3.83,8.18
2013-02-21,-2.24,0.89,-6.24,5.4,9.56
2013-02-22,-2.22,2.18,-6.54,0.17,10.25
2013-02-23,0.14,3.08,-2.95,4.46,5.43
2013-02-24,0.42,3.57,-2.85,0.06,12.18
2013-02-25,-0.16,5.47,-4.41,0.0,12.65
2013-02-26,1.55,5.71,-1.75,0.0,11.66
2013-02-27,1.7,5.75,-1.12,0.05,11.11
2013-02-28,1.39,4.45,-0.75,5.4,8.33
2013-03-01,-0.73,1.18,-2.87,8.31,4.94
2013-03-02,-1.19,1.44,-2.79,1.0,9.62
2013-03-03,-0.68,1.49,-2.35,0.03,7.08
2013-03-04,2.28,6.0,-0.11,0.93,8.6
2013-03-05,-1.04,2.05,-6.97,5.18,5.99
2013-03-06,-5.07,-0.82,-8.05,0.02,16.29
2013-03-07,-3.96,1.01,-9.25,0.0,19.44
2013-03-08,-1.85,2.57,-5.93,0.0,14.56
2013-03-09,0.7,4.72,-2.31,0.0,17.16
2013-03-10,1.81,5.25,-0.97,0.0,20.05
2013-03-11,2.44,6.99,-1.03,0.0,18.82
2013-03-12,4.05,7.91,0.32,3.3,8.37
2013-03-13,5.4,8.97,1.88,2.92,11.06
2013-03-14,6.54,12.53,1.76,0.3,15.6
2013-03-15,8.08,13.76,2.82,0.03,16.29
2013-03-16,7.87,10.71,5.46,5.97,10.27
2013-03-17,3.38,6.26,-0.35,20.76,13.9
2013-03-18,-1.26,0.28,-5.07,2.91,10.02
2013-03-19,-0.17,5.77,-5.76,0.0,18.55
2013-03-20,2.48,7.02,-1.51,0.0,19.27
2013-03-21,4.73,10.4,-0.32,0.0,21.34
2013-03-22,4.84,10.07,1.26,0.0,18.54
2013-03-23,1.64,4.49,-1.75,14.45,12.86
2013-03-24,-0.95,2.89,-3.93,0.33,14.71
2013-03-25,1.75,8.45,-3.92,0.0,20.65
2013-03-26,4.14,9.98,0.15,0.0,14.36
2013-03-27,4.39,8.67,0.7,0.28,15.63
2013-03-28,5.04,9.55,1.83,0.02,16.04
2013-03-29,5.3,9.05,2.73,0.26,14.54
2013-03-30,5.82,10.5,2.31,0.43,19.83
2013-03-31,7.51,13.77,0.23,0.0,23.4
2013-04-01,9.27,14.65,3.66,0.0,21.05
2013-04-02,10.22,14.88,6.21,0.16,18.06
2013-04-03,9.91,14.42,6.09,0.0,20.81
2013-04-04,9.88,15.52,4.07,0.81,19.12
2013-04-05,9.07,14.75,4.27,4.66,17.41
2013-04-06,10.45,17.78,2.96,0.0,23.49
2013-04-07,12.78,19.46,4.14,0.0,23.28
2013-04-08,12.98,18.27,7.68,0.0,23.74
2013-04-09,8.14,11.72,5.0,0.03,21.7
2013-04-10,5.68,9.06,3.69,5.99,11.21
2013-04-11,6.0,9.7,3.22,0.94,14.67
2013-04-12,6.53,9.97,3.91,1.99,13.4
2013-04-13,7.81,13.41,2.18,0.0,26.03
2013-04-14,8.88,15.11,2.55,0.01,26.5
2013-04-15,8.7,12.96,4.33,0.36,20.48
2013-04-16,6.79,10.12,3.23,5.16,3.93
2013-04-17,5.06,8.82,0.93,1.33,14.27
2013-04-18,5.91,9.76,3.57,1.28,16.83
2013-04-19,5.49,9.29,2.63,3.4,15.93
2013-04-20,4.5,7.55,1.63,11.85,12.95
2013-04-21,4.64,8.35,1.98,1.13,23.45
2013-04-22,4.05,7.77,0.71,7.34,16.14
2013-04-23,4.4,9.79,-1.51,1.15,24.07
2013-04-24,3.17,10.09,-3.06,0.0,29.45
2013-04-25,5.16,13.85,-3.39,0.0,27.54
2013-04-26,8.68,15.95,-0.13,0.0,27.03
2013-04-27,10.78,17.25,2.5,0.0,27.56
2013-04-28,12.76,19.41,4.72,0.0,28.46
2013-04-29,13.92,21.15,5.41,0.0,28.82
2013-04-30,14.01,21.87,7.0,0.01,27.77
2013-05-01,13.88,21.15,6.99,0.0,28.03
2013-05-02,13.24,20.73,5.45,0.0,28.69
2013-05-03,15.28,20.71,9.14,0.0,27.85
2013-05-04,14.68,18.57,10.72,0.0,25.87
2013-05-05,14.55,19.12,8.66,0.0,24.08
2013-05-06,14.66,18.2,10.98,0.18,19.88
2013-05-07,13.41,16.84,8.78,0.71,19.76
2013-05-08,13.51,16.87,9.72,1.9,22.1
2013-05-09,11.99,15.9,7.56,2.8,22.02
2013-05-10,12.32,15.7,8.88,2.75,16.32
2013-05-11,12.17,16.69,6.84,14.92,8.47
2013-05-12,9.31,11.32,7.0,5.81,13.73
2013-05-13,9.46,13.26,5.91,4.99,15.57
2013-05-14,9.22,12.27,6.53,9.06,16.5
2013-05-15,9.68,13.49,5.12,3.88,19.17
2013-05-16,8.61,12.34,4.99,3.13,21.92
2013-05-17,11.06,16.76,3.75,0.2,27.13
2013-05-18,12.73,17.62,8.22,1.01,20.53
2013-05-19,12.08,17.18,6.69,0.1,26.89
2013-05-20,12.25,16.92,7.14,1.44,18.01
2013-05-21,9.71,13.68,6.72,3.96,17.73
2013-05-22,12.78,18.35,5.74,0.13,27.71
2013-05-23,15.99,20.92,9.95,0.0,29.3
2013-05-24,18.16,23.67,11.35,0.03,26.3
2013-05-25,14.28,21.82,9.45,3.0,17.58
2013-05-26,15.28,21.6,7.57,0.74,29.48
2013-05-27,13.31,18.0,9.27,4.17,23.86
2013-05-28,12.16,17.0,7.07,11.56,21.29
2013-05-29,12.65,18.24,5.31,0.49,30.52
2013-05-30,15.32,20.53,8.87,0.0,27.8
2013-05-31,15.95,20.9,12.79,0.06,24.81
2013-06-01,17.13,22.67,11.61,0.98,25.86
2013-06-02,15.4,21.94,7.67,0.03,30.47
2013-06-03,17.58,23.18,12.42,0.0,29.42
2013-06-04,16.37,23.5,7.62,0.0,32.73
2013-06-05,17.22,23.22,10.81,0.0,32.08
2013-06-06,15.8,21.57,9.81,0.34,30.99
2013-06-07,14.24,18.6,9.94,1.01,24.25
2013-06-08,14.4,20.43,8.01,0.15,29.1
2013-06-09,16.67,22.06,10.56,0.61,27.39
2013-06-10,16.53,23.62,9.33,0.49,26.02
2013-06-11,16.92,22.89,10.18,0.8,27.76
2013-06-12,18.99,24.53,12.88,0.0,29.87
2013-06-13,20.46,26.3,14.18,0.0,31.46
2013-06-14,21.1,27.32,14.73,0.0,31.84
2013-06-15,21.11,28.89,13.98,0.0,31.99
2013-06-16,20.55,26.88,14.45,0.0,31.39
2013-06-17,19.73,27.06,9.94,0.0,29.81
2013-06-18,19.03,26.25,12.01,2.53,23.31
2013-06-19,16.84,22.25,11.78,7.32,17.57
2013-06-20,17.41,24.47,10.48,0.0,29.45
2013-06-21,16.59,24.18,10.05,0.0,29.97
2013-06-22,18.11,27.15,7.82,0.0,32.57
2013-06-23,20.18,28.67,9.74,0.0,32.29
2013-06-24,21.64,29.48,11.8,0.0,31.31
2013-06-25,20.92,29.08,11.85,0.0,30.23
2013-06-26,21.7,29.74,12.59,0.0,30.8
2013-06-27,22.15,29.66,14.58,0.0,31.09
2013-06-28,21.58,28.89,15.23,0.0,31.4
2013-06-29,22.55,29.6,14.37,0.0,31.31
2013-06-30,24.31,31.71,14.8,0.0,31.73
2013-07-01,23.41,31.1,15.74,0.0,32.06
2013-07-02,21.6,28.86,15.01,0.0,28.92
2013-07-03,21.05,29.36,12.99,0.21,29.19
2013-07-04,22.53,30.49,13.84,0.02,30.12
2013-07-05,23.23,30.89,14.0,0.01,30.62
2013-07-06,23.45,31.98,13.87,0.0,31.45
2013-07-07,25.1,31.8,18.98,0.0,31.65
2013-07-08,24.95,32.97,16.22,0.0,31.67
2013-07-09,24.43,33.25,16.32,0.0,30.27
2013-07-10,25.89,34.21,17.08,0.0,30.5
2013-07-11,25.48,33.78,16.25,0.0,29.69
2013-07-12,24.98,32.29,16.72,0.02,26.64
2013-07-13,25.33,32.75,16.23,0.03,27.04
2013-07-14,25.98,33.35,17.49,0.08,27.12
2013-07-15,25.83,34.78,15.33,0.0,30.32
2013-07-16,26.79,33.79,19.52,0.0,30.33
2013-07-17,24.78,33.67,14.63,0.0,30.69
2013-07-18,24.35,32.7,17.86,0.0,30.5
2013-07-19,23.54,31.91,15.19,0.0,27.85
2013-07-20,23.1,31.52,15.08,0.0,29.79
2013-07-21,25.31,33.55,17.29,0.0,27.16
2013-07-22,24.97,33.35,16.48,0.0,28.47
2013-07-23,24.95,32.32,18.01,0.0,29.13
2013-07-24,24.71,32.25,16.31,0.0,29.91
2013-07-25,24.03,33.78,14.05,0.04,28.98
2013-07-26,22.17,30.66,14.39,0.0,29.67
2013-07-27,23.75,31.44,16.29,0.0,29.19
2013-07-28,22.12,29.56,14.71,0.0,27.06
2013-07-29,19.78,28.1,12.54,0.0,29.37
2013-07-30,18.43,27.33,10.39,0.0,30.57
2013-07-31,21.0,31.03,11.1,0.0,30.78
2013-08-01,22.64,32.34,12.1,0.0,30.04
2013-08-02,22.98,32.55,12.68,0.0,28.75
2013-08-03,24.1,33.44,14.5,0.0,28.59
2013-08-04,23.47,33.5,14.64,0.0,29.12
2013-08-05,19.99,28.9,12.66,0.0,29.78
2013-08-06,21.54,31.07,12.26,0.0,29.39
2013-08-07,23.12,31.46,13.49,0.0,28.96
2013-08-08,22.52,31.8,13.54,0.04,26.97
2013-08-09,21.71,29.73,14.45,0.0,28.12
2013-08-10,23.72,31.35,15.4,0.0,27.3
2013-08-11,25.23,31.79,18.89,0.0,26.88
2013-08-12,25.32,32.29,18.58,0.0,26.21
2013-08-13,25.26,32.5,18.48,0.0,26.59
2013-08-14,23.95,33.16,14.68,0.0,27.29
2013-08-15,25.02,33.19,15.89,0.0,27.17
2013-08-16,24.73,33.26,15.29,0.0,27.43
2013-08-17,24.91,32.15,18.6,0.0,26.81
2013-08-18,25.05,31.78,18.1,0.0,26.68
2013-08-19,22.76,30.71,14.88,0.03,21.36
2013-08-20,23.39,31.06,15.94,0.07,22.96
2013-08-21,21.48,28.35,14.12,0.07,22.09
2013-08-22,22.83,30.56,14.54,0.0,26.37
2013-08-23,24.18,31.49,18.17,0.0,25.84
2013-08-24,22.72,29.59,16.75,0.0,25.55
2013-08-25,22.47,30.36,15.31,0.0,25.34
2013-08-26,22.71,31.24,13.79,0.0,25.32
2013-08-27,24.38,31.72,17.53,0.0,24.51
2013-08-28,24.89,33.12,15.96,0.0,25.43
2013-08-29,25.23,32.86,17.36,0.0,22.95
2013-08-30,24.58,32.37,16.68,0.0,23.25
2013-08-31,23.05,30.04,17.4,0.0,23.76
2013-09-01,23.24,29.87,17.17,0.0,23.28
2013-09-02,23.63,30.82,18.15,0.0,23.64
2013-09-03,22.16,29.82,15.83,0.0,24.7
2013-09-04,21.1,27.87,15.22,0.0,23.84
2013-09-05,17.9,25.07,10.98,0.02,22.25
2013-09-06,16.83,25.97,8.08,0.0,25.65
2013-09-07,18.86,26.59,12.48,0.0,25.13
2013-09-08,18.66,27.6,8.57,0.0,24.73
2013-09-09,18.32,26.37,10.43,0.0,23.67
2013-09-10,17.61,25.98,8.6,0.0,24.6
2013-09-11,19.03,27.59,11.42,0.0,24.34
2013-09-12,19.06,28.05,9.75,0.0,24.12
2013-09-13,19.82,29.05,9.74,0.0,24.27
2013-09-14,20.78,29.78,11.56,0.0,23.42
2013-09-15,20.35,27.03,14.76,0.0,22.75
2013-09-16,18.8,25.49,13.81,0.0,22.72
2013-09-17,17.63,24.45,12.35,0.0,22.28
2013-09-18,15.44,19.98,11.09,0.5,11.23
2013-09-19,15.93,21.14,11.32,0.97,16.59
2013-09-20,17.67,23.42,13.04,1.31,18.06
2013-09-21,17.48,23.27,12.86,0.0,19.57
2013-09-22,15.37,19.17,11.71,4.64,13.71
2013-09-23,14.33,18.91,10.11,3.14,13.13
2013-09-24,12.21,18.67,7.6,0.05,20.24
2013-09-25,12.12,19.54,6.6,0.0,21.27
2013-09-26,13.87,21.61,5.71,0.0,21.9
2013-09-27,15.34,23.99,7.4,0.0,21.5
2013-09-28,15.25,21.62,11.02,0.0,19.06
2013-09-29,14.96,22.4,8.62,0.0,19.52
2013-09-30,15.23,22.9,9.28,0.0,20.55
2013-10-01,15.57,23.72,10.09,0.0,20.03
2013-10-02,14.62,21.03,8.45,0.22,12.47
2013-10-03,15.53,21.64,10.32,1.17,12.21
2013-10-04,11.04,15.04,4.4,6.44,15.48
2013-10-05,7.45,13.61,2.42,0.0,17.31
2013-10-06,5.48,10.63,0.66,0.79,9.47
2013-10-07,5.29,12.51,-0.36,0.1,17.5
2013-10-08,5.44,11.05,1.15,0.05,17.41
2013-10-09,6.63,15.06,-0.23,0.0,19.51
2013-10-10,9.22,19.17,2.04,0.0,19.46
2013-10-11,10.83,21.04,2.53,0.0,19.06
2013-10-12,10.98,20.76,3.55,0.0,18.69
2013-10-13,11.29,20.8,4.32,0.0,17.59
2013-10-14,11.53,19.56,4.46,0.0,15.94
2013-10-15,11.95,20.1,4.47,0.0,16.84
2013-10-16,12.08,18.78,7.82,0.0,16.93
2013-10-17,10.89,18.31,5.75,0.0,16.63
2013-10-18,12.39,19.68,5.57,0.1,13.61
2013-10-19,8.13,11.75,3.65,3.2,8.2
2013-10-20,6.09,12.86,1.3,1.34,15.71
2013-10-21,6.08,15.23,-0.58,0.0,17.25
2013-10-22,8.19,18.13,-0.07,0.0,17.01
2013-10-23,9.73,18.68,1.61,0.0,16.55
2013-10-24,8.12,16.16,3.74,2.04,10.85
2013-10-25,7.8,16.28,2.0,0.02,13.79
2013-10-26,7.82,15.02,2.75,2.5,10.75
2013-10-27,6.64,12.4,2.62,0.33,13.51
2013-10-28,6.98,14.09,0.54,0.0,14.33
2013-10-29,6.71,14.82,-1.19,0.0,15.57
2013-10-30,7.84,15.91,1.02,0.0,15.08
2013-10-31,8.81,16.59,2.32,0.0,14.79
2013-11-01,8.62,16.35,1.43,0.0,14.6
2013-11-02,7.92,16.37,0.25,0.0,13.57
2013-11-03,8.25,15.4,1.13,0.0,14.31
2013-11-04,9.34,15.79,5.69,0.0,14.15
2013-11-05,8.37,15.08,3.37,0.0,9.96
2013-11-06,8.64,14.01,4.65,0.0,11.39
2013-11-07,8.32,12.67,5.09,0.05,7.95
2013-11-08,7.25,11.2,5.02,8.21,4.64
2013-11-09,4.43,5.45,3.52,16.15,2.04
2013-11-10,7.0,11.39,4.51,1.74,6.85
2013-11-11,6.21,10.12,3.11,6.55,6.51
2013-11-12,6.17,12.23,2.5,0.21,10.48
2013-11-13,5.01,11.67,-0.26,0.02,11.87
2013-11-14,6.04,12.91,1.19,0.0,12.48
2013-11-15,5.27,9.33,2.36,0.06,8.2
2013-11-16,5.32,10.79,1.11,0.01,11.81
2013-11-17,4.05,9.54,0.79,0.01,8.96
2013-11-18,3.83,9.89,-0.32,0.0,11.67
2013-11-19,4.28,12.18,-1.93,0.0,11.83
2013-11-20,5.08,10.44,1.67,0.12,9.21
2013-11-21,3.89,9.72,-0.17,0.02,7.94
2013-11-22,3.86,10.96,-2.12,0.0,11.74
2013-11-23,4.35,11.1,0.29,0.0,11.7
2013-11-24,4.08,9.62,1.12,0.01,10.55
2013-11-25,3.24,6.51,0.71,0.41,5.19
2013-11-26,3.74,8.24,0.96,0.15,4.45
2013-11-27,4.22,6.67,1.78,2.37,3.05
2013-11-28,3.4,4.54,1.48,7.44,3.62
2013-11-29,3.3,4.7,1.42,9.03,1.69
2013-11-30,0.54,3.68,-5.06,3.68,8.0
2013-12-01,0.87,7.48,-5.17,0.0,9.86
2013-12-02,2.11,7.56,-0.16,0.0,6.38
2013-12-03,0.15,5.02,-6.81,0.24,5.04
2013-12-04,-3.06,2.25,-6.78,0.01,9.68
2013-12-05,-0.8,2.8,-3.18,0.45,4.61
2013-12-06,-1.65,3.66,-4.41,0.0,9.59
2013-12-07,-1.73,0.96,-4.71,1.84,4.97
2013-12-08,-3.41,0.16,-10.84,14.32,3.0
2013-12-09,-11.9,-5.94,-16.18,0.33,7.48
2013-12-10,-10.58,-5.54,-16.13,0.11,6.63
2013-12-11,-9.14,-6.63,-10.66,9.46,2.11
2013-12-12,-8.06,-3.96,-10.97,19.2,0.97
2013-12-13,-8.64,-5.03,-13.74,2.71,3.23
2013-12-14,-11.88,-5.91,-17.78,3.6,8.01
2013-12-15,-12.27,-4.82,-17.92,0.05,7.79
2013-12-16,-12.57,-4.79,-16.97,0.0,8.97
2013-12-17,-10.39,-4.63,-14.12,0.0,9.18
2013-12-18,-12.38,-5.76,-16.93,0.0,9.81
2013-12-19,-13.61,-5.63,-18.39,0.0,9.49
2013-12-20,-13.45,-5.78,-17.01,0.0,9.79
2013-12-21,-10.2,-3.61,-14.99,0.0,9.99
2013-12-22,-8.44,-2.11,-12.09,0.0,10.49
2013-12-23,-9.94,-2.56,-15.67,0.0,10.38
2013-12-24,-7.15,-0.26,-12.52,0.0,10.59
2013-12-25,-10.67,-2.38,-16.39,0.0,10.04
2013-12-26,-6.48,0.11,-13.3,0.0,9.06
2013-12-27,-6.21,-1.55,-10.71,0.0,6.95
2013-12-28,-9.59,-2.34,-14.76,0.0,9.86
2013-12-29,-6.66,0.0,-10.76,0.0,9.94
2013-12-30,-4.24,-0.94,-9.17,8.17,4.85
2013-12-31,-1.39,-0.43,-2.11,4.32,3.84
2014-01-01,-6.08,-0.95,-10.3,0.03,6.0
2014-01-02,-5.93,-0.83,-10.61,0.0,5.81
2014-01-03,-8.41,-1.12,-13.43,0.0,5.75
2014-01-04,-11.69,-3.27,-16.59,0.0,6.92
2014-01-05,-13.08,-5.81,-17.63,0.0,7.75
2014-01-06,-11.12,-4.09,-16.0,0.0,8.99
2014-01-07,-9.47,-3.0,-13.08,0.0,9.94
2014-01-08,-8.87,-2.14,-13.4,0.0,10.65
2014-01-09,-8.21,-0.96,-15.16,0.0,11.11
2014-01-10,-7.47,-1.16,-12.32,0.0,9.66
2014-01-11,-8.87,-0.93,-16.71,0.0,10.5
2014-01-12,-7.79,-0.63,-13.31,0.0,10.62
2014-01-13,-6.79,-3.04,-10.97,1.9,2.88
2014-01-14,-4.48,-1.04,-6.73,0.38,7.74
2014-01-15,-4.8,0.2,-10.32,0.0,9.31
2014-01-16,-5.32,0.47,-12.43,0.0,8.79
2014-01-17,-2.7,1.19,-7.31,0.0,7.08
2014-01-18,-4.81,1.04,-8.67,0.0,9.96
2014-01-19,-0.94,4.76,-6.3,0.0,8.59
2014-01-20,-0.49,4.2,-4.29,0.0,10.28
2014-01-21,-0.58,3.18,-2.87,0.0,9.11
2014-01-22,-1.22,1.34,-2.81,1.4,5.29
2014-01-23,-0.61,1.65,-2.36,4.51,3.99
2014-01-24,-1.35,2.92,-5.49,0.06,7.81
2014-01-25,-1.99,1.74,-6.02,0.75,6.92
2014-01-26,-1.2,0.89,-2.02,2.81,3.45
2014-01-27,-0.51,1.46,-2.51,10.25,2.37
2014-01-28,0.37,2.35,-1.14,11.04,4.71
2014-01-29,0.46,1.41,-1.03,3.65,4.18
2014-01-30,-0.27,1.09,-4.58,15.18,3.7
2014-01-31,-3.92,1.96,-7.41,0.92,11.83
2014-02-01,-6.24,-0.95,-11.39,0.09,11.35
2014-02-02,-10.93,-3.44,-15.86,0.0,14.28
2014-02-03,-12.89,-3.82,-19.46,0.0,13.78
2014-02-04,-12.16,-3.97,-18.46,0.05,13.97
2014-02-05,-10.13,-2.01,-16.58,0.0,14.54
2014-02-06,-5.82,1.62,-11.57,0.0,14.28
2014-02-07,-5.76,2.06,-12.77,0.0,14.7
2014-02-08,-4.71,3.06,-11.26,0.0,14.59
2014-02-09,-2.32,5.12,-8.79,0.0,13.18
2014-02-10,-0.29,4.46,-3.13,0.0,9.97
2014-02-11,-0.24,4.49,-2.54,0.02,14.47
2014-02-12,-0.1,6.79,-4.23,0.0,15.78
2014-02-13,1.66,7.53,-2.98,0.0,14.88
2014-02-14,2.7,7.89,0.11,0.0,12.82
2014-02-15,-0.12,1.72,-1.54,5.56,8.42
2014-02-16,-0.09,3.32,-3.03,5.15,8.03
2014-02-17,-0.09,5.6,-3.71,0.0,13.7
2014-02-18,1.92,7.47,-2.06,0.0,13.08
2014-02-19,3.24,7.83,0.51,0.0,13.11
2014-02-20,4.33,10.05,1.21,0.0,13.98
2014-02-21,3.9,9.15,1.03,0.0,14.15
2014-02-22,3.94,8.55,1.27,0.0,13.53
2014-02-23,5.2,10.22,1.85,0.0,14.04
2014-02-24,4.73,10.76,-0.06,0.0,14.32
2014-02-25,4.39,10.42,0.27,2.35,12.03
2014-02-26,1.67,5.58,-0.89,18.66,9.64
2014-02-27,1.26,3.96,-0.63,3.1,8.1
2014-02-28,1.06,5.48,-1.67,5.95,9.94
2014-03-01,0.65,5.31,-3.26,0.0,9.91
2014-03-02,1.95,7.22,-0.81,0.37,11.28
2014-03-03,4.54,9.82,-0.26,0.12,13.51
2014-03-04,2.47,3.76,0.6,9.24,3.1
2014-03-05,4.0,8.51,1.12,0.42,12.92
2014-03-06,4.64,10.12,1.08,0.0,11.51
2014-03-07,5.41,10.73,0.93,1.43,12.85
2014-03-08,7.23,13.04,2.16,0.01,13.64
2014-03-09,6.83,11.34,1.48,0.46,13.17
2014-03-10,5.85,9.66,3.34,8.8,4.98
2014-03-11,3.02,6.2,0.46,0.97,12.22
2014-03-12,1.87,5.96,-1.18,1.64,12.1
2014-03-13,0.56,4.36,-1.56,3.91,6.24
2014-03-14,1.84,5.02,-1.1,2.34,12.2
2014-03-15,2.44,7.38,-2.79,0.06,18.94
2014-03-16,3.29,7.89,0.37,0.25,18.2
2014-03-17,1.09,4.12,-1.24,6.99,10.46
2014-03-18,1.57,4.66,-2.18,8.18,6.58
2014-03-19,2.13,8.41,-3.46,0.0,19.45
2014-03-20,4.66,11.12,-0.85,0.03,21.44
2014-03-21,3.78,10.69,-2.2,0.15,21.3
2014-03-22,4.26,12.31,-2.63,0.0,23.13
2014-03-23,6.21,13.1,-0.6,0.0,22.66
2014-03-24,7.28,14.17,1.23,0.0,22.65
2014-03-25,7.44,13.55,2.11,0.0,22.74
2014-03-26,7.44,12.04,3.87,0.16,17.08
2014-03-27,7.04,11.48,3.49,0.59,19.59
2014-03-28,6.78,11.98,2.26,0.0,19.53
2014-03-29,4.91,9.76,1.7,6.04,11.53
2014-03-30,-1.46,2.16,-7.32,6.72,6.4
2014-03-31,-3.07,2.39,-7.29,0.16,23.05
2014-04-01,0.57,6.5,-4.39,0.0,23.15
2014-04-02,3.72,9.9,-1.7,0.01,21.99
2014-04-03,4.08,10.31,-1.35,0.6,21.16
2014-04-04,3.66,10.77,-3.38,0.26,25.68
2014-04-05,6.11,11.98,0.89,0.0,22.95
2014-04-06,7.38,12.99,2.13,0.01,18.92
2014-04-07,8.91,15.36,2.95,0.02,18.4
2014-04-08,9.24,15.48,3.62,0.25,17.84
2014-04-09,5.6,9.71,2.13,5.91,15.64
2014-04-10,5.28,9.48,1.29,12.66,14.37
2014-04-11,6.15,11.26,0.99,0.59,19.88
2014-04-12,8.6,14.46,2.27,0.0,22.11
2014-04-13,6.5,10.02,3.59,3.32,5.63
2014-04-14,8.0,13.83,1.24,0.85,23.1
2014-04-15,7.86,12.15,4.59,4.61,18.29
2014-04-16,7.26,10.03,4.44,4.75,13.15
2014-04-17,9.93,16.45,5.01,6.36,18.31
2014-04-18,12.3,18.22,6.02,2.43,19.04
2014-04-19,12.59,18.61,6.91,0.04,23.7
2014-04-20,10.37,15.89,5.77,8.76,12.62
2014-04-21,9.78,15.25,4.21,3.71,23.0
2014-04-22,10.19,15.28,6.08,2.53,25.26
2014-04-23,9.67,16.05,2.54,0.34,26.52
2014-04-24,10.25,17.62,2.04,0.0,27.18
2014-04-25,11.74,17.91,7.86,0.24,22.1
2014-04-26,12.81,18.93,7.07,0.56,23.66
2014-04-27,12.69,18.86,6.48,0.0,28.73
2014-04-28,12.22,18.39,4.74,3.47,16.53
2014-04-29,11.01,16.68,5.67,0.37,24.33
2014-04-30,10.3,16.95,4.49,0.02,28.37
2014-05-01,10.61,16.5,5.14,3.95,18.69
2014-05-02,10.5,16.8,3.84,0.0,24.28
2014-05-03,11.02,16.2,5.64,0.01,27.4
2014-05-04,12.27,18.61,4.7,0.0,28.11
2014-05-05,15.48,22.4,8.17,0.0,26.34
2014-05-06,16.16,22.58,11.51,0.19,22.16
2014-05-07,15.73,18.76,11.88,0.05,15.72
2014-05-08,16.04,22.47,10.19,0.8,15.94
2014-05-09,14.04,17.46,11.36,9.05,10.55
2014-05-10,13.9,18.61,9.52,1.89,24.68
2014-05-11,13.86,19.69,7.63,0.25,27.89
2014-05-12,12.28,18.85,7.4,0.61,20.89
2014-05-13,10.69,18.23,4.94,5.06,15.39
2014-05-14,11.34,17.45,5.41,0.63,16.08
2014-05-15,13.05,20.25,4.5,0.07,28.18
2014-05-16,16.37,22.66,8.72,0.0,28.83
2014-05-17,17.84,24.48,10.25,0.0,28.95
2014-05-18,15.7,22.22,8.26,0.0,30.53
2014-05-19,12.47,18.72,6.94,3.62,24.09
2014-05-20,10.21,15.47,4.87,0.27,21.3
2014-05-21,10.87,15.81,5.37,0.99,21.1
2014-05-22,11.57,17.0,6.73,2.15,18.36
2014-05-23,13.63,19.29,6.6,2.7,23.83
2014-05-24,14.97,21.29,8.9,7.35,11.96
2014-05-25,14.65,20.36,7.81,1.16,26.45
2014-05-26,14.24,19.13,9.28,3.79,25.01
2014-05-27,14.48,20.06,9.53,0.52,23.58
2014-05-28,13.71,19.12,6.91,0.28,27.33
2014-05-29,16.24,21.86,9.44,0.15,28.27
2014-05-30,18.0,24.77,9.81,0.03,29.85
2014-05-31,19.95,26.6,13.9,2.35,26.69
2014-06-01,18.14,25.62,10.82,0.37,28.9
2014-06-02,15.78,22.72,9.82,0.85,24.52
2014-06-03,12.87,18.7,7.71,2.18,24.2
2014-06-04,14.55,21.68,5.58,0.0,27.85
2014-06-05,13.92,20.25,7.57,1.72,11.3
2014-06-06,15.56,22.61,7.86,3.19,25.01
2014-06-07,15.48,21.86,9.1,0.32,24.47
2014-06-08,16.93,23.35,10.45,0.75,28.69
2014-06-09,18.26,24.31,11.52,0.0,31.55
2014-06-10,20.69,27.22,14.29,0.95,28.37
2014-06-11,19.68,26.2,12.68,0.06,30.87
2014-06-12,14.43,18.84,9.57,6.81,23.32
2014-06-13,13.78,21.31,6.53,0.18,32.15
2014-06-14,16.41,24.57,6.06,0.0,32.23
2014-06-15,20.17,26.63,14.53,0.0,31.24
2014-06-16,20.07,27.44,9.94,0.0,30.95
2014-06-17,21.27,28.75,13.26,0.03,28.38
2014-06-18,20.85,28.8,12.46,0.01,31.46
2014-06-19,22.42,30.82,12.99,0.0,31.0
2014-06-20,23.01,30.08,15.27,0.0,32.01
2014-06-21,20.04,27.81,11.79,0.0,31.45
2014-06-22,19.72,26.96,12.87,0.0,32.52
2014-06-23,19.75,28.2,10.34,0.0,31.12
2014-06-24,21.03,29.91,11.26,0.0,29.42
2014-06-25,21.84,29.51,13.25,0.12,28.39
2014-06-26,21.42,29.69,12.66,0.01,31.6
2014-06-27,21.56,30.29,12.86,0.0,32.06
2014-06-28,23.37,32.07,13.75,0.0,30.93
2014-06-29,22.98,30.6,14.6,0.1,30.98
2014-06-30,22.63,31.12,12.8,0.01,31.39
2014-07-01,24.61,32.09,15.28,0.0,31.76
2014-07-02,24.21,32.15,14.61,0.0,31.24
2014-07-03,24.39,32.23,17.27,0.0,29.59
2014-07-04,24.73,32.48,17.09,0.11,28.37
2014-07-05,23.22,29.7,18.02,4.82,20.88
2014-07-06,24.05,30.92,17.94,0.05,28.64
2014-07-07,23.66,30.33,16.3,0.0,31.34
2014-07-08,22.32,30.48,13.04,0.01,27.93
2014-07-09,22.93,30.48,14.94,0.0,30.11
2014-07-10,24.07,30.99,16.85,0.0,31.58
2014-07-11,24.99,33.54,13.67,0.0,31.51
2014-07-12,26.74,35.41,15.93,0.0,30.98
2014-07-13,27.72,34.26,22.24,0.02,30.99
2014-07-14,25.29,34.02,14.8,0.02,30.74
2014-07-15,25.2,33.73,14.95,0.0,30.1
2014-07-16,27.1,34.2,20.59,0.0,30.57
2014-07-17,27.44,34.89,19.3,0.0,31.17
2014-07-18,26.78,35.5,16.68,0.0,31.89
2014-07-19,25.75,35.3,15.04,0.0,30.97
2014-07-20,24.48,32.18,17.37,0.0,30.85
2014-07-21,20.44,25.61,15.65,5.2,15.04
2014-07-22,21.6,28.81,12.51,0.34,26.69
2014-07-23,23.94,31.36,15.53,0.0,28.37
2014-07-24,25.88,33.34,17.35,0.0,30.05
2014-07-25,26.99,35.34,18.51,0.0,29.74
2014-07-26,26.52,33.71,19.6,0.0,27.0
2014-07-27,23.22,30.12,17.28,0.0,29.12
2014-07-28,24.15,32.18,14.45,0.03,27.84
2014-07-29,25.56,33.2,17.27,0.04,28.79
2014-07-30,25.98,32.7,19.12,0.01,27.12
2014-07-31,25.23,34.13,15.7,0.01,29.48
2014-08-01,26.83,34.34,18.91,0.0,30.03
2014-08-02,26.96,35.21,16.84,0.0,29.73
2014-08-03,26.82,35.38,19.74,0.0,29.02
2014-08-04,24.88,32.49,18.06,0.05,27.92
2014-08-05,22.37,28.0,17.41,3.01,19.26
2014-08-06,21.48,26.6,15.41,0.09,24.71
2014-08-07,23.09,30.53,15.6,0.0,28.7
2014-08-08,24.67,32.42,18.1,0.0,29.49
2014-08-09,25.45,33.9,17.11,0.0,28.4
2014-08-10,23.83,31.96,13.58,0.0,29.02
2014-08-11,24.31,32.97,14.21,0.0,28.31
2014-08-12,24.43,33.9,14.36,0.0,27.41
2014-08-13,25.58,34.3,15.99,0.0,26.81
2014-08-14,26.78,35.62,17.88,0.0,27.3
2014-08-15,26.7,35.44,17.9,0.0,25.96
2014-08-16,27.31,35.18,18.92,0.0,25.57
2014-08-17,26.44,35.05,19.05,0.0,25.9
2014-08-18,25.95,33.16,19.91,0.0,22.86
2014-08-19,26.51,33.91,19.79,0.0,18.95
2014-08-20,25.07,31.8,19.12,0.6,22.5
2014-08-21,23.49,31.43,15.87,0.0,27.46
2014-08-22,24.42,33.71,13.3,0.0,26.55
2014-08-23,25.88,33.48,17.26,0.04,24.33
2014-08-24,26.19,33.51,20.08,0.0,25.13
2014-08-25,26.22,34.16,18.34,0.0,25.55
2014-08-26,26.23,34.14,17.52,0.0,22.74
2014-08-27,26.37,34.21,18.4,0.0,23.27
2014-08-28,26.76,34.57,19.89,0.0,24.77
2014-08-29,25.42,32.13,18.69,0.0,25.7
2014-08-30,24.02,33.42,15.68,0.0,24.7
2014-08-31,23.59,31.91,15.24,0.0,25.09
2014-09-01,24.82,32.23,18.19,0.0,25.6
2014-09-02,24.19,32.52,14.48,0.0,24.97
2014-09-03,24.38,31.44,19.15,0.0,23.0
2014-09-04,23.41,30.09,18.64,0.0,24.64
2014-09-05,23.22,30.89,14.82,0.0,23.06
2014-09-06,23.08,30.03,17.23,0.03,22.33
2014-09-07,21.16,28.12,15.6,0.0,24.07
2014-09-08,20.34,28.19,13.37,0.0,24.23
2014-09-09,20.33,28.3,14.37,0.0,22.94
2014-09-10,20.61,28.72,13.86,0.0,23.05
2014-09-11,20.19,27.66,13.75,0.0,23.81
2014-09-12,20.83,29.27,13.7,0.0,23.63
2014-09-13,20.1,29.08,11.84,0.0,22.83
2014-09-14,20.61,27.74,14.9,0.0,19.73
2014-09-15,19.69,26.99,13.79,0.0,22.16
2014-09-16,18.68,25.06,13.19,0.77,19.73
2014-09-17,18.25,25.02,12.84,0.01,18.01
2014-09-18,16.61,22.43,10.54,0.0,15.62
2014-09-19,17.96,24.47,12.27,0.01,20.11
2014-09-20,17.39,23.57,11.52,0.54,17.14
2014-09-21,16.47,24.22,9.11,0.03,20.41
2014-09-22,15.85,22.32,10.86,0.01,19.23
2014-09-23,15.28,22.41,10.22,0.0,20.54
2014-09-24,14.94,20.23,9.66,0.89,12.15
2014-09-25,14.26,21.63,9.43,0.0,22.05
2014-09-26,12.96,21.45,4.41,0.0,22.14
2014-09-27,14.93,21.5,9.4,0.58,19.16
2014-09-28,13.12,18.71,9.96,45.27,4.12
2014-09-29,12.1,17.89,7.81,1.5,15.12
2014-09-30,11.38,17.34,5.24,0.46,16.62
2014-10-01,12.72,18.97,7.56,0.07,20.15
2014-10-02,14.18,21.28,7.67,0.11,16.0
2014-10-03,15.67,22.67,10.29,0.31,17.08
2014-10-04,13.88,19.22,9.64,5.46,14.38
2014-10-05,12.75,18.55,7.74,0.0,17.32
2014-10-06,14.34,20.65,10.17,0.0,18.64
2014-10-07,13.48,20.57,6.93,0.0,17.76
2014-10-08,13.07,19.85,6.17,0.04,17.09
2014-10-09,13.63,19.99,8.36,0.02,17.08
2014-10-10,14.69,20.78,8.67,0.0,16.99
2014-10-11,13.46,17.53,9.7,0.18,13.32
2014-10-12,13.36,18.59,9.49,0.98,9.61
2014-10-13,12.8,18.56,8.57,2.02,13.28
2014-10-14,12.22,17.04,8.46,1.65,10.49
2014-10-15,11.32,16.05,7.87,4.34,8.72
2014-10-16,9.77,13.14,6.73,3.45,8.7
2014-10-17,8.9,12.84,7.08,1.33,10.55
2014-10-18,8.68,12.58,7.11,10.15,8.55
2014-10-19,6.68,8.72,1.67,15.37,6.65
2014-10-20,3.48,6.45,1.11,2.02,12.36
2014-10-21,6.6,12.46,3.03,0.87,11.12
2014-10-22,7.57,12.9,4.4,0.0,12.42
2014-10-23,7.56,11.99,4.79,0.0,9.85
2014-10-24,8.75,15.91,3.42,0.0,14.93
2014-10-25,9.58,16.11,5.87,0.02,13.82
2014-10-26,9.53,14.73,5.59,0.12,13.35
2014-10-27,9.78,14.29,6.49,0.14,11.55
2014-10-28,9.37,15.13,4.05,0.0,12.15
2014-10-29,8.55,13.52,4.12,0.0,13.33
2014-10-30,8.53,14.19,4.37,0.07,11.87
2014-10-31,6.87,9.21,5.75,6.07,2.54
2014-11-01,5.52,7.81,3.48,2.31,7.67
2014-11-02,3.69,7.48,-0.03,3.34,7.64
2014-11-03,-0.93,4.92,-5.31,0.13,14.6
2014-11-04,-1.2,5.7,-5.43,0.01,12.64
2014-11-05,-0.52,6.83,-4.68,0.0,14.73
2014-11-06,1.27,9.73,-3.75,0.0,14.59
2014-11-07,3.61,13.12,-2.7,0.0,14.58
2014-11-08,5.42,12.31,0.32,0.0,14.02
2014-11-09,5.14,12.36,-0.08,0.0,13.93
2014-11-10,5.38,13.52,-1.17,0.0,13.15
2014-11-11,6.06,13.89,-0.14,0.0,13.03
2014-11-12,5.2,12.87,-1.13,0.0,12.54
2014-11-13,4.85,10.82,1.42,0.0,12.54
2014-11-14,4.8,10.14,0.75,0.01,7.87
2014-11-15,5.38,10.25,1.12,0.58,5.42
2014-11-16,4.4,10.56,1.09,1.77,4.27
2014-11-17,4.07,9.63,0.43,2.76,4.78
2014-11-18,4.73,10.54,0.3,0.01,10.08
2014-11-19,5.27,11.77,-0.06,0.0,10.94
2014-11-20,4.31,9.94,-0.51,0.0,10.14
2014-11-21,3.2,7.84,0.43,8.91,7.85
2014-11-22,0.53,2.53,-1.24,11.2,5.64
2014-11-23,0.6,6.15,-2.83,0.17,7.51
2014-11-24,-0.68,2.02,-2.9,1.68,4.08
2014-11-25,0.5,4.35,-2.03,0.9,4.89
2014-11-26,0.59,4.29,-1.37,10.44,2.7
2014-11-27,-1.01,1.32,-2.65,5.54,2.47
2014-11-28,-1.23,3.59,-5.14,0.16,5.79
2014-11-29,-1.85,3.62,-5.69,0.0,8.97
2014-11-30,-0.47,4.76,-3.72,0.05,8.33
2014-12-01,-1.12,0.59,-2.28,1.68,2.0
2014-12-02,-0.92,3.76,-3.85,2.1,6.43
2014-12-03,0.2,1.71,-1.27,1.71,2.63
2014-12-04,1.5,7.56,-2.95,0.0,6.35
2014-12-05,1.76,4.9,-1.04,0.14,5.94
2014-12-06,2.63,8.84,-1.37,0.04,7.11
2014-12-07,3.54,8.13,1.22,1.25,4.74
2014-12-08,3.38,6.86,0.79,5.48,3.76
2014-12-09,5.63,9.62,3.74,0.32,6.57
2014-12-10,1.9,3.11,0.1,5.13,2.02
2014-12-11,2.27,8.81,-2.85,0.0,7.79
2014-12-12,1.96,7.07,-3.02,0.07,5.26
2014-12-13,1.26,3.11,-0.89,19.52,1.96
2014-12-14,1.05,5.6,-3.53,9.14,3.61
2014-12-15,-2.48,1.79,-4.89,1.44,6.59
2014-12-16,-2.14,4.47,-5.13,0.21,9.37
2014-12-17,-0.87,5.59,-5.02,0.0,10.07
2014-12-18,-0.05,3.87,-2.43,0.0,7.26
2014-12-19,-0.85,2.17,-2.49,1.79,4.49
2014-12-20,-0.43,3.54,-3.79,1.2,5.9
2014-12-21,-1.15,4.03,-4.29,0.0,9.31
2014-12-22,-1.4,2.07,-3.4,7.33,5.61
2014-12-23,-3.53,-0.15,-7.35,7.32,8.39
2014-12-24,-4.59,1.7,-8.4,0.16,7.98
2014-12-25,-3.47,2.83,-7.84,0.0,9.47
2014-12-26,-3.42,2.01,-7.02,0.0,8.9
2014-12-27,-2.35,0.85,-5.06,0.37,4.42
2014-12-28,-0.3,1.76,-1.66,1.51,4.22
2014-12-29,0.7,3.4,-0.76,0.3,4.76
2014-12-30,0.71,3.93,-1.2,0.16,4.01
2014-12-31,0.64,4.37,-0.91,0.01,7.85
2015-01-01,-0.35,2.01,-2.09,0.69,3.8
2015-01-02,-0.55,0.97,-1.34,3.26,4.62
2015-01-03,-1.03,1.12,-2.45,4.65,2.66
2015-01-04,-2.75,0.09,-5.15,1.91,5.52
2015-01-05,-2.39,-1.05,-4.3,7.55,2.55
2015-01-06,-0.95,0.25,-2.31,8.49,3.59
2015-01-07,-3.65,-2.16,-4.76,8.19,2.61
2015-01-08,-8.47,-4.74,-12.28,5.63,2.89
2015-01-09,-13.03,-8.1,-21.46,1.94,6.15
2015-01-10,-15.94,-7.59,-23.72,0.06,5.88
2015-01-11,-12.13,-6.26,-15.79,0.16,9.74
2015-01-12,-10.07,-4.4,-13.91,0.0,9.91
2015-01-13,-7.38,-0.66,-12.13,0.0,10.96
2015-01-14,-5.17,0.06,-10.6,0.0,9.92
2015-01-15,-4.28,-0.05,-9.47,1.92,8.99
2015-01-16,-4.42,-1.21,-9.0,4.37,4.89
2015-01-17,-8.54,-1.96,-13.6,0.19,9.57
2015-01-18,-10.0,-2.8,-13.52,0.0,9.69
2015-01-19,-9.03,-1.24,-13.49,0.0,10.32
2015-01-20,-5.85,0.11,-11.97,0.0,10.39
2015-01-21,-3.27,1.4,-7.29,0.03,8.22
2015-01-22,-3.83,1.31,-7.55,0.05,10.1
2015-01-23,-4.87,2.43,-9.92,0.02,10.52
2015-01-24,-2.98,2.28,-7.67,0.0,10.21
2015-01-25,-1.16,3.09,-4.49,0.0,8.46
2015-01-26,-0.26,3.31,-3.81,0.12,9.24
2015-01-27,-1.41,3.65,-6.06,0.03,9.47
2015-01-28,-1.86,2.87,-4.39,10.08,5.59
2015-01-29,-2.45,0.77,-4.54,2.61,6.93
2015-01-30,-3.0,1.42,-7.05,0.07,7.36
2015-01-31,-2.75,1.43,-7.94,0.01,8.57
2015-02-01,-1.14,2.1,-3.2,0.0,7.98
2015-02-02,0.55,5.11,-2.59,0.0,12.11
2015-02-03,0.6,5.31,-2.21,0.05,8.53
2015-02-04,-0.42,2.26,-2.86,7.58,6.47
2015-02-05,-1.82,4.03,-6.14,0.29,10.28
2015-02-06,-0.88,6.01,-7.01,0.0,11.46
2015-02-07,0.43,4.19,-2.41,0.08,9.99
2015-02-08,0.33,2.76,-1.28,0.62,8.8
2015-02-09,-0.54,0.53,-1.45,8.15,2.93
2015-02-10,-0.96,1.39,-2.99,7.71,4.27
2015-02-11,-1.08,1.58,-3.25,1.89,7.38
2015-02-12,-2.89,-1.06,-5.16,2.38,5.14
2015-02-13,-3.33,-0.67,-6.14,4.12,7.04
2015-02-14,-3.16,-0.99,-5.13,4.27,9.55
2015-02-15,-4.23,-0.89,-7.02,5.3,12.84
2015-02-16,-3.41,0.11,-7.3,0.53,8.8
2015-02-17,-2.74,-0.36,-4.48,2.86,6.94
2015-02-18,-2.37,0.2,-4.33,4.69,12.38
2015-02-19,-2.17,1.26,-5.27,6.55,4.13
2015-02-20,-2.4,0.76,-4.83,6.89,4.87
2015-02-21,-5.8,-1.81,-11.35,1.73,6.59
2015-02-22,-5.88,1.33,-12.36,0.0,17.49
2015-02-23,-2.73,3.82,-9.04,0.0,17.92
2015-02-24,-0.56,3.71,-4.6,0.0,10.74
2015-02-25,-1.23,0.11,-2.67,0.57,7.44
2015-02-26,0.1,6.34,-4.27,0.02,16.49
2015-02-27,2.41,9.22,-2.75,0.0,17.86
2015-02-28,2.28,7.59,-1.19,0.51,12.2
2015-03-01,1.61,4.84,-0.8,0.09,10.02
2015-03-02,0.86,3.4,-1.41,0.25,12.04
2015-03-03,0.26,2.96,-2.07,1.9,9.81
2015-03-04,-0.67,2.17,-3.74,2.76,9.93
2015-03-05,-3.42,1.39,-6.33,0.11,20.04
2015-03-06,-0.74,4.78,-6.11,0.0,19.08
2015-03-07,3.9,9.77,-1.37,0.0,16.22
2015-03-08,4.82,9.8,1.65,0.0,18.38
2015-03-09,4.95,10.58,-1.97,0.0,19.8
2015-03-10,1.99,9.42,-2.75,0.0,20.52
2015-03-11,5.44,13.2,-1.32,0.0,19.27
2015-03-12,5.4,13.42,-0.57,2.63,7.95
2015-03-13,2.0,7.36,-2.01,2.4,12.66
2015-03-14,3.25,8.67,-2.31,2.17,12.59
2015-03-15,3.94,8.82,-0.4,1.02,14.19
2015-03-16,1.32,3.77,-1.57,6.06,10.96
2015-03-17,-0.13,1.96,-1.8,4.8,11.83
2015-03-18,1.82,7.63,-3.52,0.0,15.13
2015-03-19,2.72,9.05,-1.78,0.21,12.52
2015-03-20,1.72,4.7,-0.77,5.74,6.23
2015-03-21,0.61,2.97,-1.31,5.54,7.92
2015-03-22,-1.74,0.52,-4.89,8.07,10.51
2015-03-23,-0.93,4.62,-6.36,0.39,16.99
2015-03-24,-0.46,2.51,-2.0,3.94,7.75
2015-03-25,0.31,2.92,-2.2,7.04,7.07
2015-03-26,1.89,8.35,-3.46,0.0,19.06
2015-03-27,4.27,11.27,-2.35,0.35,17.31
2015-03-28,4.64,9.06,0.42,0.98,10.48
2015-03-29,4.91,10.14,0.44,15.91,8.79
2015-03-30,2.87,5.55,0.69,15.69,11.62
2015-03-31,3.57,7.25,1.07,0.35,14.22
2015-04-01,4.61,8.17,2.79,0.4,13.33
2015-04-02,5.3,8.7,1.87,0.55,10.16
2015-04-03,5.78,8.95,3.54,0.61,11.95
2015-04-04,5.25,8.55,1.67,3.24,9.19
2015-04-05,4.04,11.25,-2.51,0.0,23.6
2015-04-06,6.07,12.01,0.57,0.0,23.85
2015-04-07,8.35,13.63,3.59,0.04,21.14
2015-04-08,8.11,12.47,4.12,2.96,13.57
2015-04-09,10.53,16.65,4.28,3.9,13.29
2015-04-10,7.53,10.59,2.26,2.53,22.76
2015-04-11,4.12,8.63,0.82,1.39,16.31
2015-04-12,3.85,8.0,-0.46,6.7,12.72
2015-04-13,0.93,2.54,-0.94,9.66,8.76
2015-04-14,0.91,3.88,-2.14,1.79,11.05
2015-04-15,3.23,9.12,-2.81,0.02,21.0
2015-04-16,6.53,13.09,-0.92,0.0,25.1
2015-04-17,7.61,14.24,-0.45,0.0,27.27
2015-04-18,9.24,14.66,5.05,0.0,24.99
2015-04-19,8.94,13.34,4.29,0.12,23.36
2015-04-20,7.07,9.86,3.22,0.48,11.96
2015-04-21,7.81,12.05,3.62,4.53,15.11
2015-04-22,5.68,8.47,3.84,5.46,15.57
2015-04-23,4.55,8.06,1.93,8.62,13.33
2015-04-24,0.36,1.83,-3.99,10.04,13.97
2015-04-25,3.43,11.12,-5.3,0.04,27.52
2015-04-26,6.25,10.98,0.22,0.0,21.72
2015-04-27,8.67,13.81,2.53,0.02,22.75
2015-04-28,11.21,16.3,5.96,0.01,25.19
2015-04-29,12.38,17.9,6.64,0.0,24.28
2015-04-30,12.85,18.36,8.45,0.0,24.38
2015-05-01,11.99,18.18,3.92,0.06,28.0
2015-05-02,10.58,16.02,5.39,2.08,23.43
2015-05-03,10.03,16.25,3.51,0.02,25.09
2015-05-04,9.27,12.48,5.52,8.32,12.27
2015-05-05,9.26,15.83,2.98,6.6,27.46
2015-05-06,9.26,15.52,2.46,1.0,26.34
2015-05-07,8.93,15.82,0.94,0.05,30.41
2015-05-08,12.43,18.41,7.0,0.0,29.09
2015-05-09,12.46,17.54,7.35,0.35,18.46
2015-05-10,9.62,11.91,7.03,2.87,14.82
2015-05-11,9.78,13.23,6.12,1.72,21.81
2015-05-12,9.22,12.38,6.83,4.89,13.13
2015-05-13,11.67,16.23,6.9,3.16,26.4
2015-05-14,8.37,14.46,3.9,5.58,18.43
2015-05-15,9.28,13.31,4.82,3.56,26.42
2015-05-16,12.33,18.65,5.2,0.0,28.97
2015-05-17,12.79,18.57,7.13,0.07,25.41
2015-05-18,13.29,20.65,5.66,0.0,29.37
2015-05-19,14.76,22.06,6.0,0.0,29.92
2015-05-20,16.69,23.75,7.98,0.0,29.29
2015-05-21,18.58,24.83,11.0,0.0,28.09
2015-05-22,12.75,16.26,10.18,1.12,8.45
2015-05-23,14.43,18.7,9.42,0.69,23.53
2015-05-24,14.04,18.19,8.23,1.57,21.8
2015-05-25,14.78,18.75,10.21,0.78,25.0
2015-05-26,15.21,20.95,9.02,0.02,29.82
2015-05-27,16.14,21.86,10.59,0.05,20.98
2015-05-28,15.5,22.26,9.16,0.79,24.15
2015-05-29,14.68,21.02,8.46,0.01,30.02
2015-05-30,14.62,21.28,7.52,0.0,24.56
2015-05-31,14.59,21.24,6.87,0.0,30.6
2015-06-01,17.59,23.08,12.24,0.0,27.46
2015-06-02,18.21,23.42,12.54,0.61,16.28
2015-06-03,19.36,27.01,11.31,1.02,26.63
2015-06-04,17.96,24.29,11.1,0.0,30.93
2015-06-05,18.66,24.75,13.91,0.08,15.89
2015-06-06,18.42,25.08,12.48,0.0,31.07
2015-06-07,19.24,25.85,10.88,0.0,30.91
2015-06-08,19.19,26.94,10.29,0.0,30.32
2015-06-09,20.36,26.74,13.33,0.0,29.2
2015-06-10,19.86,27.15,13.1,0.0,30.48
2015-06-11,17.96,24.83,11.69,0.0,31.3
2015-06-12,18.35,24.68,11.59,0.2,30.8
2015-06-13,20.01,28.23,9.95,0.0,31.77
2015-06-14,20.54,27.6,13.81,0.0,30.6
2015-06-15,20.04,26.41,13.48,0.05,29.51
2015-06-16,18.71,24.31,13.31,7.25,24.43
2015-06-17,17.99,23.35,12.23,1.63,25.41
2015-06-18,20.67,26.3,13.96,0.49,28.19
2015-06-19,19.9,26.59,13.49,0.0,27.83
2015-06-20,20.69,28.11,13.95,0.05,28.22
2015-06-21,20.25,26.99,13.26,0.0,30.82
2015-06-22,22.16,30.17,13.6,0.0,31.51
2015-06-23,23.21,31.33,13.16,0.0,31.69
2015-06-24,23.7,31.14,16.64,0.0,30.6
2015-06-25,22.32,28.68,15.33,0.05,30.78
2015-06-26,20.42,26.71,13.92,0.9,23.4
2015-06-27,19.08,24.06,13.57,0.83,25.29
2015-06-28,20.11,26.9,13.59,0.02,27.5
2015-06-29,21.51,29.39,14.83,0.0,28.64
2015-06-30,21.53,28.74,15.58,0.0,31.7
2015-07-01,22.65,32.5,11.67,0.0,32.71
2015-07-02,24.25,33.39,12.58,0.0,32.65
2015-07-03,25.34,32.52,18.36,0.0,31.99
2015-07-04,24.72,33.5,13.68,0.0,30.64
2015-07-05,26.35,34.01,19.41,0.0,30.62
2015-07-06,26.66,34.32,20.14,0.0,30.16
2015-07-07,24.81,33.97,14.27,0.0,30.6
2015-07-08,25.08,34.05,15.05,0.0,30.42
2015-07-09,25.76,33.38,19.2,0.0,31.18
2015-07-10,25.19,32.99,18.09,0.0,31.62
2015-07-11,24.78,34.25,15.56,0.0,31.18
2015-07-12,25.0,34.0,15.94,0.0,30.64
2015-07-13,24.77,31.74,17.97,0.07,29.84
2015-07-14,23.91,31.39,14.15,0.0,29.88
2015-07-15,25.22,32.55,19.27,1.02,23.43
2015-07-16,25.61,33.33,16.83,0.11,23.94
2015-07-17,26.08,34.81,18.32,0.03,27.81
2015-07-18,23.4,31.63,16.27,0.0,29.95
2015-07-19,21.87,29.88,14.61,0.01,31.35
2015-07-20,22.33,31.05,15.18,0.0,30.96
2015-07-21,24.5,33.51,14.19,0.02,30.63
2015-07-22,25.5,34.55,15.68,0.0,29.65
2015-07-23,25.64,33.99,16.15,0.0,28.7
2015-07-24,27.36,34.93,18.47,0.0,27.33
2015-07-25,27.96,34.84,21.95,0.0,28.18
2015-07-26,25.68,33.01,18.65,0.0,29.36
2015-07-27,25.27,32.72,18.47,0.0,28.98
2015-07-28,26.24,33.29,20.03,0.0,28.95
2015-07-29,26.78,35.27,17.17,0.0,28.23
2015-07-30,27.66,35.88,17.33,0.16,26.05
2015-07-31,27.87,35.18,21.39,0.3,23.75
2015-08-01,27.0,34.18,20.95,0.0,28.41
2015-08-02,26.58,33.3,20.53,0.0,27.88
2015-08-03,27.28,35.31,18.95,0.0,28.53
2015-08-04,27.19,34.9,19.3,0.0,27.3
2015-08-05,27.46,35.37,20.46,0.0,26.94
2015-08-06,27.02,34.42,19.74,0.0,28.01
2015-08-07,26.33,32.7,20.84,0.04,24.64
2015-08-08,25.79,33.34,17.93,0.02,26.99
2015-08-09,25.9,34.05,16.41,0.02,26.75
2015-08-10,26.55,34.77,17.69,0.0,25.75
2015-08-11,27.37,35.61,19.49,0.0,27.55
2015-08-12,27.39,34.64,20.69,0.0,27.34
2015-08-13,27.7,35.25,19.95,0.0,28.01
2015-08-14,27.39,34.63,20.42,0.0,27.69
2015-08-15,27.23,34.87,20.39,0.0,27.47
2015-08-16,25.23,32.61,18.8,0.0,27.1
2015-08-17,24.87,32.12,17.76,0.34,22.87
2015-08-18,25.98,32.96,19.87,0.0,25.74
2015-08-19,26.84,34.97,19.01,0.0,26.93
2015-08-20,28.07,35.28,21.29,0.0,24.76
2015-08-21,27.37,35.48,19.54,0.0,26.36
2015-08-22,25.71,34.05,15.76,0.02,26.31
2015-08-23,25.82,33.58,16.72,0.02,24.06
2015-08-24,23.72,28.16,18.95,1.99,19.73
2015-08-25,21.33,26.54,16.39,6.09,19.65
2015-08-26,20.49,25.94,15.83,0.33,24.22
2015-08-27,20.21,27.84,12.11,0.03,24.79
2015-08-28,20.6,28.1,12.87,0.37,23.82
2015-08-29,20.75,28.66,11.85,0.42,22.49
2015-08-30,21.56,29.37,13.41,0.0,24.33
2015-08-31,20.89,28.75,15.05,0.01,23.02
2015-09-01,19.97,27.28,14.15,0.0,25.22
2015-09-02,21.86,30.04,12.91,0.0,25.32
2015-09-03,23.09,31.06,14.79,0.0,25.49
2015-09-04,23.6,31.42,16.62,0.0,24.86
2015-09-05,21.97,29.89,17.31,0.1,17.58
2015-09-06,19.43,26.66,14.5,1.41,11.56
2015-09-07,21.96,29.11,15.46,0.53,22.6
2015-09-08,22.91,30.54,15.54,0.01,23.79
2015-09-09,23.67,30.56,16.53,0.0,22.34
2015-09-10,24.97,31.41,19.39,0.0,20.48
2015-09-11,24.05,31.66,15.86,0.0,20.82
2015-09-12,23.65,31.57,15.17,0.0,20.47
2015-09-13,23.18,29.7,17.26,0.0,18.69
2015-09-14,22.25,28.6,17.29,0.0,20.37
2015-09-15,22.68,29.79,17.65,0.0,22.63
2015-09-16,20.44,28.89,12.03,0.0,21.99
2015-09-17,20.18,28.58,11.67,0.0,22.89
2015-09-18,21.04,29.01,12.42,0.01,22.07
2015-09-19,21.59,29.05,14.34,0.0,21.16
2015-09-20,21.31,29.14,13.31,0.0,22.0
2015-09-21,21.13,29.11,14.33,0.0,19.7
2015-09-22,20.12,26.76,15.8,0.0,20.56
2015-09-23,19.21,27.2,13.01,0.0,21.36
2015-09-24,19.99,28.18,12.82,0.0,21.33
2015-09-25,20.09,28.65,11.82,0.0,20.91
2015-09-26,19.49,27.86,11.63,0.01,20.49
2015-09-27,18.9,26.53,11.65,0.01,19.84
2015-09-28,19.61,26.77,12.8,0.03,19.75
2015-09-29,18.72,26.18,14.0,0.08,15.01
2015-09-30,17.71,22.27,13.91,0.85,14.53
2015-10-01,17.24,22.16,13.22,0.29,16.43
2015-10-02,17.35,22.45,13.75,2.33,8.94
2015-10-03,17.37,23.18,13.09,6.01,13.49
2015-10-04,16.11,23.34,11.01,0.0,15.69
2015-10-05,14.92,20.89,9.98,0.0,19.21
2015-10-06,14.64,22.32,10.35,2.47,11.14
2015-10-07,12.08,15.57,9.85,10.76,4.07
2015-10-08,10.73,15.26,6.77,4.61,12.47
2015-10-09,10.92,15.93,6.72,5.4,10.27
2015-10-10,10.87,16.33,6.75,1.36,15.37
2015-10-11,11.85,18.78,6.48,0.0,18.14
2015-10-12,14.3,22.22,7.83,0.01,16.8
2015-10-13,14.56,20.02,11.21,1.6,14.3
2015-10-14,12.46,15.77,10.29,1.37,13.34
2015-10-15,12.73,18.42,8.17,1.05,15.02
2015-10-16,12.7,19.59,7.33,0.0,17.13
2015-10-17,9.57,17.38,4.63,0.0,18.15
2015-10-18,11.41,19.04,4.12,0.0,15.65
2015-10-19,12.53,19.62,7.1,0.0,16.09
2015-10-20,11.46,17.36,8.06,0.09,11.6
2015-10-21,12.21,18.66,7.07,0.03,14.37
2015-10-22,12.44,15.87,10.15,1.23,10.36
2015-10-23,10.16,12.94,8.52,3.97,3.44
2015-10-24,11.78,18.3,8.03,0.1,11.19
2015-10-25,12.05,16.07,8.76,19.87,1.87
2015-10-26,11.29,14.07,9.0,26.54,4.65
2015-10-27,6.84,8.82,4.4,55.57,7.71
2015-10-28,7.76,10.79,5.53,9.15,6.22
2015-10-29,7.78,12.41,5.02,0.46,3.06
2015-10-30,6.59,9.88,4.97,8.32,7.33
2015-10-31,5.61,10.84,1.79,0.37,12.55
2015-11-01,4.3,10.96,0.34,0.0,15.09
2015-11-02,2.14,8.19,-1.89,0.0,14.95
2015-11-03,3.25,10.02,-3.09,0.0,14.87
2015-11-04,6.25,13.08,0.16,0.0,14.28
2015-11-05,6.39,12.76,2.46,0.0,11.78
2015-11-06,7.64,13.84,2.43,0.0,13.71
2015-11-07,6.73,13.87,-1.02,0.0,13.89
2015-11-08,6.08,11.24,2.93,1.48,11.24
2015-11-09,4.38,7.88,0.82,1.08,10.07
2015-11-10,1.62,4.06,-2.5,2.16,5.51
2015-11-11,1.07,6.77,-3.56,0.06,11.35
2015-11-12,3.28,10.22,-1.31,0.08,10.73
2015-11-13,3.66,10.11,-0.25,0.06,12.9
2015-11-14,2.37,8.64,-2.55,0.0,13.42
2015-11-15,3.07,8.62,-1.16,0.0,13.22
2015-11-16,2.25,7.97,-2.09,3.6,6.83
2015-11-17,2.16,7.09,-3.55,10.62,4.69
2015-11-18,0.07,6.22,-3.99,0.17,12.21
2015-11-19,1.82,6.54,-0.88,1.75,8.42
2015-11-20,1.67,7.23,-2.76,0.15,12.2
2015-11-21,2.71,8.19,-0.09,0.0,12.3
2015-11-22,3.11,11.25,-2.65,0.0,12.33
2015-11-23,1.79,11.51,-2.41,0.0,12.27
2015-11-24,2.53,11.42,-2.59,0.0,12.28
2015-11-25,4.5,9.89,1.26,0.62,9.42
2015-11-26,2.11,6.65,-1.22,0.02,6.96
2015-11-27,2.87,6.29,-0.46,0.27,4.76
2015-11-28,4.16,9.35,0.94,0.01,9.48
2015-11-29,2.61,5.38,-0.32,6.65,2.23
2015-11-30,3.04,6.19,0.53,0.88,5.01
2015-12-01,1.14,3.7,-2.03,19.91,4.99
2015-12-02,-1.79,1.33,-4.29,1.37,7.25
2015-12-03,-5.29,-2.46,-12.13,11.94,3.81
2015-12-04,-9.14,-3.7,-13.74,0.97,8.77
2015-12-05,-9.44,-3.79,-14.55,0.08,9.47
2015-12-06,-7.94,-1.38,-11.96,0.0,9.38
2015-12-07,-6.64,-1.02,-10.21,0.01,9.96
2015-12-08,-3.81,1.67,-7.06,0.0,10.12
2015-12-09,-4.37,1.65,-8.34,0.0,9.58
2015-12-10,-4.38,2.58,-9.52,0.01,9.53
2015-12-11,-1.85,4.24,-6.71,0.0,8.57
2015-12-12,-2.31,3.49,-6.3,0.0,8.85
2015-12-13,-2.16,3.37,-4.87,0.09,6.02
2015-12-14,-1.62,5.09,-5.58,0.31,6.3
2015-12-15,-2.38,2.57,-6.21,0.0,9.18
2015-12-16,-2.11,2.08,-4.84,0.0,7.0
2015-12-17,-1.7,3.05,-3.95,0.0,6.08
2015-12-18,-2.48,3.32,-7.96,0.0,8.58
2015-12-19,-2.5,3.69,-6.97,0.0,7.88
2015-12-20,-3.82,2.83,-8.71,0.0,7.24
2015-12-21,-3.57,2.73,-8.24,0.0,8.94
2015-12-22,-1.58,5.31,-6.48,0.0,9.08
2015-12-23,0.49,5.09,-2.87,0.0,8.03
2015-12-24,-2.57,2.66,-7.03,0.0,8.85
2015-12-25,-1.74,4.16,-5.98,0.0,9.05
2015-12-26,-1.77,4.88,-7.77,0.0,8.98
2015-12-27,-0.88,5.62,-6.46,0.0,9.53
2015-12-28,0.43,6.51,-4.25,0.0,9.18
2015-12-29,0.3,4.59,-2.59,0.0,7.0
2015-12-30,-2.17,0.09,-4.74,5.05,2.93
2015-12-31,-4.83,-3.66,-6.51,17.7,3.4
2016-01-01,-7.74,-3.95,-13.02,23.14,1.93
2016-01-02,-13.14,-9.84,-16.89,5.46,2.77
2016-01-03,-16.21,-11.87,-20.35,0.15,4.97
2016-01-04,-13.47,-7.68,-20.29,1.02,3.56
2016-01-05,-5.29,-3.11,-8.56,5.49,2.56
2016-01-06,-2.07,-0.61,-4.09,3.15,3.25
2016-01-07,-0.19,0.37,-0.71,11.83,2.43
2016-01-08,-0.14,0.39,-0.48,24.51,2.41
2016-01-09,-3.23,-0.26,-12.71,5.83,4.67
2016-01-10,-8.78,-0.99,-15.56,0.01,7.82
2016-01-11,-5.88,-2.3,-9.04,0.01,3.82
2016-01-12,-4.4,-0.54,-8.53,0.0,9.56
2016-01-13,-3.2,-0.61,-5.46,0.07,6.46
2016-01-14,-0.94,0.11,-2.65,3.82,4.19
2016-01-15,-4.11,-0.33,-10.32,2.78,8.27
2016-01-16,-5.98,-0.35,-9.91,0.0,7.56
2016-01-17,-3.2,0.38,-6.54,0.0,10.61
2016-01-18,-2.22,0.47,-8.17,5.04,3.8
2016-01-19,-1.69,0.15,-2.6,10.49,6.55
2016-01-20,-3.9,-2.48,-6.22,2.62,6.73
2016-01-21,-4.66,-1.63,-7.31,0.0,5.38
2016-01-22,-4.34,-0.4,-7.53,0.0,10.65
2016-01-23,-2.09,-0.03,-4.9,1.15,7.7
2016-01-24,-1.32,-0.22,-3.86,11.72,7.13
2016-01-25,-6.6,-1.78,-11.7,15.48,6.16
2016-01-26,-15.39,-10.83,-23.98,3.48,11.1
2016-01-27,-20.75,-11.57,-25.57,0.25,13.46
2016-01-28,-16.63,-7.49,-25.11,0.0,13.08
2016-01-29,-10.71,-1.91,-19.96,0.0,12.73
2016-01-30,-4.35,-0.42,-9.86,0.09,12.51
2016-01-31,-4.42,-0.36,-7.69,0.0,11.69
2016-02-01,-5.03,-0.91,-8.8,0.14,9.31
2016-02-02,-3.8,-0.84,-11.66,4.07,5.14
2016-02-03,-9.23,-1.35,-15.83,0.0,14.18
2016-02-04,-4.51,0.63,-10.55,0.0,14.41
2016-02-05,-2.81,0.58,-6.78,0.0,12.06
2016-02-06,-2.36,0.42,-6.57,7.44,8.19
2016-02-07,-1.21,-0.25,-3.4,14.57,3.86
2016-02-08,-5.35,-0.59,-11.69,0.63,14.36
2016-02-09,-7.08,-0.91,-12.7,0.03,10.73
2016-02-10,-6.7,-0.83,-12.23,0.0,12.38
2016-02-11,-6.74,-1.11,-12.0,0.0,12.58
2016-02-12,-5.01,-0.79,-9.14,0.0,9.81
2016-02-13,-3.04,0.49,-7.3,0.01,10.36
2016-02-14,-0.89,0.15,-2.73,1.73,6.62
2016-02-15,-2.07,0.38,-4.72,0.0,10.63
2016-02-16,-1.22,1.1,-4.4,0.0,11.72
2016-02-17,-0.77,1.03,-3.49,0.0,13.13
2016-02-18,-0.68,2.37,-4.6,0.0,13.24
2016-02-19,1.15,3.86,-1.07,0.03,12.03
2016-02-20,1.34,3.82,-0.02,0.25,11.22
2016-02-21,1.87,5.02,-0.16,1.03,3.2
2016-02-22,2.68,5.39,0.97,3.09,5.04
2016-02-23,2.32,5.7,0.63,1.12,3.86
2016-02-24,1.29,3.98,-0.23,0.19,7.34
2016-02-25,1.76,4.08,-0.22,0.13,5.67
2016-02-26,3.37,9.2,-0.67,0.01,12.92
2016-02-27,4.9,10.25,-0.55,0.03,12.65
2016-02-28,3.73,9.37,-1.36,1.15,15.01
2016-02-29,3.14,10.22,-1.54,0.0,13.55
2016-03-01,4.61,12.57,-1.72,0.0,15.59
2016-03-02,7.19,13.92,2.55,0.0,15.05
2016-03-03,5.16,8.79,1.89,2.18,12.25
2016-03-04,4.56,8.69,1.15,11.59,5.9
2016-03-05,3.03,6.77,-0.15,1.97,11.63
2016-03-06,1.08,4.4,-2.27,3.02,8.62
2016-03-07,2.73,9.38,-2.93,0.0,16.62
2016-03-08,3.9,9.7,-1.47,0.0,15.3
2016-03-09,4.86,10.8,0.37,0.0,14.95
2016-03-10,4.81,9.72,1.36,0.88,13.8
2016-03-11,3.95,8.87,0.55,6.82,11.16
2016-03-12,4.8,9.08,1.48,0.47,13.04
2016-03-13,4.9,11.08,-0.9,0.0,20.96
2016-03-14,3.64,8.19,0.52,12.18,7.18
2016-03-15,1.86,4.64,0.46,11.25,9.94
2016-03-16,0.5,2.72,-2.35,3.94,12.38
2016-03-17,-2.84,2.2,-6.49,0.07,18.38
2016-03-18,-2.08,3.52,-6.65,0.03,22.43
2016-03-19,-0.63,2.55,-3.87,0.23,14.3
2016-03-20,-0.15,2.79,-5.04,10.31,7.23
2016-03-21,-0.28,5.17,-6.2,0.12,17.63
2016-03-22,0.53,5.64,-3.56,0.18,22.83
2016-03-23,3.1,8.56,-1.49,0.0,18.65
2016-03-24,4.67,9.74,0.64,0.0,19.79
2016-03-25,4.19,9.11,-0.07,0.01,15.26
2016-03-26,4.08,8.72,0.07,0.35,13.96
2016-03-27,4.49,8.09,2.62,2.15,10.93
2016-03-28,2.13,4.82,-0.6,19.53,4.26
2016-03-29,0.07,2.59,-2.48,10.95,5.96
2016-03-30,-0.67,5.1,-7.66,0.1,16.04
2016-03-31,-0.26,3.15,-3.73,0.33,16.79
2016-04-01,2.08,8.37,-4.16,0.01,24.9
2016-04-02,5.6,11.61,-0.19,0.0,23.1
2016-04-03,4.15,8.05,-0.96,0.61,15.14
2016-04-04,4.6,11.75,-2.37,0.01,23.71
2016-04-05,7.42,13.22,2.99,0.0,24.02
2016-04-06,9.13,14.45,3.81,0.03,23.12
2016-04-07,8.92,13.97,2.02,1.25,19.43
2016-04-08,9.76,16.16,1.48,0.0,23.72
2016-04-09,11.05,15.51,7.11,0.07,18.35
2016-04-10,9.51,12.58,6.63,5.06,9.71
2016-04-11,5.83,9.33,2.55,24.75,5.81
2016-04-12,6.53,10.64,2.16,1.44,18.13
2016-04-13,6.91,13.14,1.21,0.38,19.43
2016-04-14,7.25,12.31,1.39,0.62,19.46
2016-04-15,8.47,14.69,2.13,0.0,24.3
2016-04-16,7.76,13.63,1.33,5.33,24.84
2016-04-17,6.91,15.03,-1.69,0.0,27.91
2016-04-18,7.62,14.74,0.2,0.0,27.86
2016-04-19,8.7,16.18,0.84,0.0,26.7
2016-04-20,10.84,17.36,3.58,0.01,26.48
2016-04-21,11.33,16.82,5.66,0.04,21.6
2016-04-22,6.51,13.66,0.02,0.0,29.51
2016-04-23,9.47,16.07,1.2,0.0,29.23
2016-04-24,11.78,17.39,6.35,0.0,24.81
2016-04-25,11.98,16.96,6.97,0.02,13.61
2016-04-26,11.02,16.78,5.45,0.05,26.73
2016-04-27,12.13,16.16,7.65,3.38,16.33
2016-04-28,10.98,14.96,7.38,12.43,16.68
2016-04-29,10.16,14.54,5.04,1.46,26.02
2016-04-30,10.95,15.38,6.83,0.5,18.67
2016-05-01,10.83,14.36,7.2,2.62,16.2
2016-05-02,11.63,16.97,5.77,4.92,23.69
2016-05-03,11.52,15.19,7.24,4.23,12.93
2016-05-04,10.8,13.87,4.91,3.78,16.44
2016-05-05,8.89,14.45,2.15,0.2,22.12
2016-05-06,9.04,13.63,4.37,3.45,15.49
2016-05-07,6.63,10.39,2.4,3.87,19.7
2016-05-08,8.86,14.38,2.9,0.83,25.25
2016-05-09,10.87,16.9,3.33,0.0,27.26
2016-05-10,10.84,15.12,5.83,1.83,25.35
2016-05-11,10.53,15.68,6.16,2.06,18.07
2016-05-12,11.2,16.3,5.14,0.61,25.67
2016-05-13,13.54,17.51,8.59,1.98,20.06
2016-05-14,15.09,19.35,9.54,6.72,26.34
2016-05-15,16.38,20.66,12.15,0.11,22.54
2016-05-16,15.19,19.34,11.31,0.57,21.66
2016-05-17,15.27,20.77,9.06,1.12,24.33
2016-05-18,15.21,20.53,6.99,3.77,19.33
2016-05-19,12.04,17.45,6.0,0.0,29.56
2016-05-20,12.13,18.39,3.74,0.01,30.05
2016-05-21,14.65,20.98,6.47,0.0,29.26
2016-05-22,16.63,21.61,11.86,0.0,29.06
2016-05-23,15.68,21.73,10.12,1.62,22.43
2016-05-24,12.24,17.05,7.36,0.24,25.57
2016-05-25,12.17,18.22,5.06,0.01,30.6
2016-05-26,11.48,16.0,6.6,0.21,19.92
2016-05-27,11.78,16.66,7.02,12.96,10.57
2016-05-28,13.51,19.16,7.2,0.14,26.96
2016-05-29,9.74,13.59,5.97,5.61,19.95
2016-05-30,11.35,16.07,7.01,1.38,25.04
2016-05-31,12.39,18.92,4.66,1.24,28.82
2016-06-01,13.28,20.3,5.62,0.88,28.77
2016-06-02,14.56,21.4,6.65,0.05,31.01
2016-06-03,16.15,22.02,7.5,0.0,29.54
2016-06-04,17.69,22.85,12.4,0.01,27.91
2016-06-05,16.26,22.99,9.58,0.23,22.87
2016-06-06,17.87,23.46,12.87,0.01,29.34
2016-06-07,14.43,19.01,10.15,4.65,18.85
2016-06-08,13.98,19.2,7.86,3.94,19.5
2016-06-09,15.63,22.46,9.7,0.77,24.98
2016-06-10,14.78,20.87,8.07,0.32,28.42
2016-06-11,15.5,21.44,8.36,0.31,28.95
2016-06-12,14.24,21.28,7.11,0.05,33.08
2016-06-13,16.28,23.79,5.72,0.0,32.7
2016-06-14,19.67,25.82,12.52,0.0,31.95
2016-06-15,19.85,26.51,12.69,0.97,24.02
2016-06-16,15.85,22.19,10.92,3.8,22.21
2016-06-17,14.98,20.67,9.93,5.69,19.42
2016-06-18,14.48,19.99,10.9,1.34,19.88
2016-06-19,16.46,22.16,10.56,4.09,20.72
2016-06-20,18.32,25.19,11.49,0.03,28.12
2016-06-21,19.5,26.39,12.82,0.0,30.14
2016-06-22,20.23,28.39,12.96,0.0,30.41
2016-06-23,21.41,29.36,13.16,0.0,30.16
2016-06-24,22.16,29.26,14.8,0.02,29.11
2016-06-25,21.29,27.82,14.46,0.0,29.46
2016-06-26,22.21,29.91,14.84,0.01,30.09
2016-06-27,23.88,31.58,15.28,0.0,29.59
2016-06-28,23.38,30.6,16.4,0.0,30.44
2016-06-29,22.89,29.67,15.81,0.02,30.54
2016-06-30,22.95,29.68,17.13,0.05,30.37
2016-07-01,22.22,29.03,15.67,0.0,31.14
2016-07-02,22.82,30.91,14.45,0.0,29.84
2016-07-03,23.65,31.64,15.47,0.01,29.7
2016-07-04,24.07,32.12,15.66,0.08,28.89
2016-07-05,23.06,31.52,15.51,1.73,27.43
2016-07-06,21.54,27.22,16.19,0.76,22.95
2016-07-07,22.19,28.88,14.07,0.26,28.91
2016-07-08,22.6,29.56,14.74,5.43,24.11
2016-07-09,21.84,30.17,13.71,0.35,29.99
2016-07-10,23.06,30.07,15.75,0.0,30.75
2016-07-11,19.03,26.67,12.47,0.0,31.86
2016-07-12,18.95,27.09,11.17,0.0,31.56
2016-07-13,21.58,29.77,14.06,0.0,31.34
2016-07-14,23.39,32.38,13.38,0.0,31.26
2016-07-15,24.59,33.2,14.54,0.0,30.12
2016-07-16,24.5,32.5,15.56,0.0,28.71
2016-07-17,26.53,35.23,18.39,0.0,26.4
2016-07-18,27.03,35.49,18.11,0.0,26.99
2016-07-19,26.0,32.56,20.35,0.01,27.45
2016-07-20,26.98,34.89,19.07,0.0,26.23
2016-07-21,25.75,33.13,18.04,0.0,29.86
2016-07-22,25.31,31.75,19.46,0.0,30.26
2016-07-23,23.56,32.41,15.21,0.0,30.61
2016-07-24,24.47,34.68,15.23,0.0,29.61
2016-07-25,23.87,33.38,15.41,0.0,29.3
2016-07-26,24.98,33.0,16.97,0.0,28.82
2016-07-27,25.34,32.99,17.93,0.0,29.7
2016-07-28,25.27,33.47,16.03,0.0,29.24
2016-07-29,24.57,32.46,15.95,0.0,28.58
2016-07-30,25.29,32.74,18.64,0.0,27.22
2016-07-31,24.96,32.37,17.04,0.06,27.4
2016-08-01,25.29,32.37,17.79,0.04,28.12
2016-08-02,25.75,34.0,17.41,0.0,29.67
2016-08-03,26.43,34.84,15.94,0.0,29.44
2016-08-04,27.11,35.52,17.37,0.0,28.65
2016-08-05,27.22,35.26,18.53,0.01,25.76
2016-08-06,26.55,34.63,18.08,0.0,28.26
2016-08-07,25.94,32.73,20.66,0.0,25.85
2016-08-08,25.18,33.97,15.44,0.04,24.7
2016-08-09,26.6,35.48,17.59,0.0,27.5
2016-08-10,27.1,35.07,20.05,0.0,27.86
2016-08-11,26.23,33.84,19.6,0.0,27.78
2016-08-12,25.72,34.01,16.9,0.0,26.99
2016-08-13,26.1,34.61,17.94,0.02,26.28
2016-08-14,25.44,31.63,19.48,0.0,26.94
2016-08-15,24.76,33.27,15.95,0.0,24.52
2016-08-16,25.92,33.34,17.86,0.0,24.54
2016-08-17,24.47,31.06,19.1,0.02,22.84
2016-08-18,23.8,32.39,14.67,0.0,25.87
2016-08-19,25.22,34.68,15.86,0.0,25.81
2016-08-20,26.7,34.78,18.13,0.0,24.39
2016-08-21,27.05,35.3,18.65,0.0,26.1
2016-08-22,27.0,33.88,20.41,0.02,22.8
2016-08-23,25.95,33.59,17.77,0.0,26.07
2016-08-24,26.05,33.96,18.46,0.0,25.77
2016-08-25,25.78,33.78,16.61,0.0,22.65
2016-08-26,26.11,32.78,20.63,0.02,17.03
2016-08-27,25.96,33.62,18.63,0.0,22.46
2016-08-28,25.87,32.97,19.85,0.0,24.15
2016-08-29,25.44,32.29,19.33,0.0,24.81
2016-08-30,26.7,33.72,21.69,0.0,22.71
2016-08-31,26.24,33.19,20.8,0.0,24.29
2016-09-01,22.57,31.07,13.8,0.0,23.52
2016-09-02,21.61,29.58,14.59,0.09,24.1
2016-09-03,21.45,28.28,15.67,0.0,23.87
2016-09-04,20.52,26.9,15.45,0.17,20.95
2016-09-05,19.5,26.2,14.61,0.01,21.79
2016-09-06,19.78,27.2,13.67,0.06,22.45
2016-09-07,18.86,27.03,11.84,0.0,24.71
2016-09-08,19.29,28.23,11.67,0.0,24.45
2016-09-09,20.41,29.4,11.33,0.0,24.55
2016-09-10,21.01,29.75,11.36,0.0,24.16
2016-09-11,21.83,29.67,14.49,0.0,23.8
2016-09-12,20.57,28.96,11.28,0.0,23.78
2016-09-13,19.93,28.2,12.9,0.0,23.07
2016-09-14,18.56,25.2,13.26,0.0,21.05
2016-09-15,17.87,21.98,14.35,2.8,15.35
2016-09-16,17.36,23.14,12.0,1.35,16.79
2016-09-17,15.37,21.68,9.79,1.1,17.63
2016-09-18,16.18,24.15,8.62,0.08,23.04
2016-09-19,17.61,25.34,11.24,0.0,22.94
2016-09-20,17.62,25.68,9.98,0.0,21.01
2016-09-21,15.74,20.24,12.12,1.19,13.08
2016-09-22,15.17,20.57,8.68,1.12,12.18
2016-09-23,14.77,20.07,10.6,4.72,13.53
2016-09-24,10.47,16.12,5.35,2.1,20.09
2016-09-25,10.99,19.14,3.16,0.0,22.35
2016-09-26,12.68,18.77,6.22,0.0,20.86
2016-09-27,14.6,21.29,8.73,0.0,19.94
2016-09-28,14.29,21.86,6.6,0.0,20.99
2016-09-29,10.3,18.48,4.3,0.0,21.6
2016-09-30,10.23,17.42,4.11,0.0,19.33
2016-10-01,11.94,21.16,5.23,0.0,20.97
2016-10-02,14.44,23.56,5.12,0.0,20.72
2016-10-03,15.57,23.61,8.06,0.0,20.44
2016-10-04,16.11,23.28,10.86,0.0,19.47
2016-10-05,15.84,23.93,8.32,0.0,19.13
2016-10-06,15.76,24.8,7.71,0.0,19.3
2016-10-07,15.86,23.47,10.25,0.0,19.18
2016-10-08,15.68,23.04,9.94,0.0,19.01
2016-10-09,15.86,22.97,10.41,0.0,18.53
2016-10-10,15.52,22.92,9.88,0.0,18.22
2016-10-11,14.69,20.22,10.76,0.0,17.36
2016-10-12,14.53,22.22,8.49,0.03,16.83
2016-10-13,15.48,22.37,10.36,0.0,15.42
2016-10-14,14.56,20.79,10.14,0.0,15.9
2016-10-15,11.34,18.65,5.18,0.06,15.49
2016-10-16,10.04,18.93,2.49,0.0,17.97
2016-10-17,11.18,18.16,6.24,0.03,15.96
2016-10-18,12.19,18.53,6.69,0.13,14.64
2016-10-19,10.33,15.12,6.54,0.34,12.88
2016-10-20,10.93,18.07,5.0,0.0,16.13
2016-10-21,10.79,18.55,2.34,0.0,16.61
2016-10-22,11.22,18.37,4.82,0.0,16.54
2016-10-23,11.18,18.72,4.12,0.0,16.37
2016-10-24,10.0,16.64,4.63,0.85,11.05
2016-10-25,8.81,15.28,4.3,1.47,11.64
2016-10-26,7.77,13.42,3.11,3.65,12.07
2016-10-27,8.85,15.25,3.75,0.06,14.18
2016-10-28,7.76,10.3,5.42,16.57,2.91
2016-10-29,8.69,15.92,4.16,0.58,12.89
2016-10-30,8.21,12.89,4.23,7.06,7.73
2016-10-31,7.39,9.54,5.61,9.94,5.04
2016-11-01,4.24,7.4,-0.13,43.16,2.14
2016-11-02,-3.8,1.09,-8.61,3.33,11.88
2016-11-03,-1.04,6.0,-8.51,0.0,14.24
2016-11-04,2.94,9.71,-2.1,0.0,14.16
2016-11-05,2.34,10.72,-2.96,0.0,13.47
2016-11-06,2.74,11.03,-2.26,0.0,13.65
2016-11-07,4.6,12.25,-2.42,0.0,13.37
2016-11-08,6.8,13.32,2.74,0.0,12.96
2016-11-09,7.95,15.19,2.86,0.0,10.29
2016-11-10,7.49,12.88,5.22,0.0,8.21
2016-11-11,7.87,13.55,4.09,0.0,12.73
2016-11-12,7.82,14.79,1.45,0.0,11.77
2016-11-13,8.01,14.02,5.26,0.01,9.57
2016-11-14,8.08,13.79,4.4,0.0,11.67
2016-11-15,7.37,12.45,4.78,0.0,6.91
2016-11-16,5.86,9.93,2.6,2.39,8.95
2016-11-17,2.97,7.45,-1.3,9.14,10.76
2016-11-18,-0.88,5.11,-4.67,0.0,12.75
2016-11-19,0.32,7.98,-3.57,0.0,12.68
2016-11-20,0.6,7.84,-3.29,0.0,12.46
2016-11-21,-0.36,7.04,-4.2,0.0,12.45
2016-11-22,-1.82,4.72,-4.77,0.0,12.65
2016-11-23,-0.97,5.54,-4.59,0.0,12.42
2016-11-24,-1.39,5.25,-4.63,0.0,12.38
2016-11-25,0.53,7.23,-4.12,0.0,12.18
2016-11-26,0.64,5.77,-2.32,0.0,12.03
2016-11-27,0.2,5.08,-3.21,0.0,11.56
2016-11-28,0.15,4.92,-2.28,0.0,11.48
2016-11-29,-0.32,4.68,-3.82,0.0,10.27
2016-11-30,-0.69,2.45,-3.02,7.19,1.48
2016-12-01,0.06,2.29,-1.75,9.66,2.14
2016-12-02,0.16,2.25,-1.9,13.86,2.46
2016-12-03,-2.76,-0.5,-5.94,1.15,4.49
2016-12-04,-1.71,0.9,-3.39,1.21,5.43
2016-12-05,-1.22,1.38,-5.43,3.35,3.9
2016-12-06,-10.36,-4.44,-14.83,0.91,8.94
2016-12-07,-6.43,0.27,-11.36,0.0,10.29
2016-12-08,-10.65,-5.57,-14.18,0.06,11.06
2016-12-09,-7.56,0.4,-14.91,0.0,10.23
2016-12-10,-4.5,0.77,-8.36,2.27,6.48
2016-12-11,-5.36,-0.05,-8.86,0.0,8.08
2016-12-12,-3.53,1.26,-7.72,0.12,8.81
2016-12-13,-2.52,-1.3,-3.29,4.08,3.44
2016-12-14,-3.73,-1.02,-9.48,31.98,0.91
2016-12-15,-9.95,-6.19,-14.21,3.52,3.46
2016-12-16,-8.97,-5.83,-11.77,5.17,3.03
2016-12-17,-12.45,-6.2,-20.45,1.63,6.18
2016-12-18,-16.7,-9.26,-20.53,0.09,9.81
2016-12-19,-17.31,-9.81,-21.09,0.99,9.29
2016-12-20,-16.53,-8.65,-20.96,0.0,9.91
2016-12-21,-10.85,-5.9,-15.57,0.0,6.74
2016-12-22,-11.71,-4.6,-17.54,0.0,8.37
2016-12-23,-8.76,-1.74,-14.96,0.16,9.77
2016-12-24,-1.93,0.07,-5.57,10.81,4.7
2016-12-25,-0.77,-0.14,-3.24,8.56,4.18
2016-12-26,-3.18,-0.83,-5.04,3.44,2.54
2016-12-27,-4.96,-0.59,-8.58,0.04,5.78
2016-12-28,-7.11,-1.09,-12.59,0.13,7.15
2016-12-29,-6.05,-0.83,-9.98,0.13,6.52
2016-12-30,-8.3,-0.61,-16.42,0.01,6.46
2016-12-31,-5.58,0.15,-10.23,0.13,8.77
2017-01-01,-5.7,-1.75,-8.19,1.24,9.04
2017-01-02,-8.31,-3.51,-13.67,0.13,9.7
2017-01-03,-8.07,-3.34,-13.02,0.97,5.52
2017-01-04,-7.82,-3.79,-12.51,1.1,8.27
2017-01-05,-9.73,-3.74,-14.99,0.02,8.75
2017-01-06,-4.94,-0.2,-9.31,0.08,8.79
2017-01-07,-5.08,0.15,-8.45,0.01,9.8
2017-01-08,-4.3,0.18,-8.67,0.27,9.26
2017-01-09,-4.74,-0.81,-8.0,1.26,6.14
2017-01-10,-5.56,-1.51,-11.16,2.21,10.5
2017-01-11,-10.24,-2.54,-14.82,0.0,8.71
2017-01-12,-9.58,-1.71,-15.73,0.0,7.62
2017-01-13,-8.69,-2.69,-15.25,1.12,7.25
2017-01-14,-10.41,-3.11,-15.88,0.84,7.34
2017-01-15,-8.01,-3.49,-13.4,0.05,7.26
2017-01-16,-7.27,-1.04,-13.95,0.0,9.43
2017-01-17,-3.95,-0.03,-7.16,0.0,8.31
2017-01-18,-2.96,0.32,-5.61,0.0,6.87
2017-01-19,-5.35,-0.46,-11.19,0.0,7.79
2017-01-20,-7.0,-0.35,-12.81,0.1,8.54
2017-01-21,-9.09,-2.34,-13.9,0.09,8.41
2017-01-22,-11.96,-5.22,-16.2,0.0,11.13
2017-01-23,-12.56,-5.62,-16.66,0.0,11.72
2017-01-24,-10.1,-1.39,-17.84,0.0,12.92
2017-01-25,-6.08,-2.81,-10.49,4.14,4.26
2017-01-26,-4.36,-1.69,-7.34,2.81,6.55
2017-01-27,-3.26,-1.51,-7.62,17.49,3.6
2017-01-28,-10.69,-7.43,-14.82,10.81,3.26
2017-01-29,-13.44,-6.69,-19.46,2.09,10.95
2017-01-30,-13.32,-7.57,-18.39,0.35,11.03
2017-01-31,-9.76,-6.23,-13.59,5.33,6.53
2017-02-01,-10.53,-8.29,-13.88,5.44,7.78
2017-02-02,-14.32,-6.67,-18.98,0.03,14.49
2017-02-03,-11.57,-2.26,-19.37,0.0,14.74
2017-02-04,-9.22,-2.04,-14.1,0.0,13.73
2017-02-05,-7.13,-3.51,-10.13,0.34,11.84
2017-02-06,-6.81,-1.63,-10.85,0.09,13.22
2017-02-07,-6.85,-0.42,-11.44,0.0,13.17
2017-02-08,-5.07,-0.48,-10.11,0.02,13.73
2017-02-09,-3.48,-0.55,-8.1,2.44,11.51
2017-02-10,-6.24,-0.69,-10.37,0.0,12.26
2017-02-11,-8.78,-1.7,-13.87,0.0,14.15
2017-02-12,-7.98,-1.24,-14.76,0.17,13.83
2017-02-13,-6.88,-2.82,-9.82,1.67,14.17
2017-02-14,-6.39,-2.42,-8.66,2.13,14.13
2017-02-15,-8.33,-4.03,-15.58,5.62,10.19
2017-02-16,-13.77,-6.7,-20.66,2.1,13.88
2017-02-17,-16.43,-8.94,-21.96,0.06,17.43
2017-02-18,-14.09,-4.69,-22.52,0.0,17.88
2017-02-19,-9.98,-1.0,-17.55,0.0,17.49
2017-02-20,-6.51,0.68,-14.15,0.0,16.72
2017-02-21,-6.11,-0.21,-12.24,0.0,17.65
2017-02-22,-4.39,0.09,-8.25,0.01,15.98
2017-02-23,-3.35,0.47,-7.72,0.51,14.69
2017-02-24,-1.52,2.73,-5.32,0.0,17.1
2017-02-25,-0.3,3.7,-3.69,0.0,14.22
2017-02-26,0.44,4.72,-2.23,0.0,12.83
2017-02-27,0.57,5.81,-3.73,0.0,13.52
2017-02-28,1.86,6.84,-2.33,0.0,12.95
2017-03-01,1.95,7.25,-2.37,0.0,12.45
2017-03-02,1.83,4.42,-1.11,0.43,9.91
2017-03-03,1.34,5.76,-2.46,1.71,7.56
2017-03-04,0.84,4.36,-3.54,6.14,7.87
2017-03-05,0.26,7.0,-4.04,0.0,14.87
2017-03-06,2.08,8.75,-3.01,0.0,18.53
2017-03-07,3.27,8.45,-0.75,0.0,17.13
2017-03-08,2.93,7.96,-0.99,0.17,15.76
2017-03-09,3.88,9.24,-0.44,0.0,15.59
2017-03-10,5.19,11.86,-0.43,0.0,16.58
2017-03-11,4.14,8.52,0.85,3.8,7.66
2017-03-12,2.44,6.62,-0.61,1.98,12.17
2017-03-13,1.74,5.59,-0.51,7.29,8.79
2017-03-14,2.21,6.28,-0.03,2.24,10.69
2017-03-15,-0.07,2.21,-1.88,11.44,12.37
2017-03-16,-1.25,1.0,-4.59,7.46,7.66
2017-03-17,-1.73,0.89,-5.49,4.32,8.46
2017-03-18,-0.97,0.34,-2.27,15.31,4.75
2017-03-19,-0.55,5.47,-8.04,0.36,13.06
2017-03-20,-0.26,3.38,-4.82,2.4,11.12
2017-03-21,-2.33,1.51,-6.31,0.32,13.67
2017-03-22,-1.49,1.06,-4.25,6.77,7.55
2017-03-23,-0.63,6.33,-6.61,0.01,22.35
2017-03-24,1.47,8.33,-3.53,0.0,23.25
2017-03-25,3.31,9.31,-2.21,0.0,23.54
2017-03-26,4.58,9.96,0.74,0.0,19.85
2017-03-27,4.02,8.08,-0.22,0.29,14.41
2017-03-28,3.98,8.08,-0.21,0.74,15.71
2017-03-29,5.44,11.24,1.69,0.67,19.82
2017-03-30,5.83,11.5,0.98,0.01,21.38
2017-03-31,4.61,8.57,0.96,2.71,16.31
2017-04-01,4.19,6.03,2.77,3.51,12.63
2017-04-02,3.15,7.0,0.33,3.64,14.83
2017-04-03,1.37,4.97,-2.28,12.11,9.05
2017-04-04,3.36,10.4,-3.79,0.0,21.11
2017-04-05,5.97,13.01,-0.75,0.0,22.97
2017-04-06,7.16,12.77,2.96,0.0,22.77
2017-04-07,6.13,10.14,2.76,5.66,12.68
2017-04-08,4.8,8.76,1.5,1.94,15.74
2017-04-09,3.14,6.63,-0.39,9.82,8.64
2017-04-10,1.7,8.2,-4.73,0.07,20.95
2017-04-11,3.23,8.48,-1.24,0.0,20.04
2017-04-12,5.25,13.91,-3.55,0.02,22.4
2017-04-13,9.62,12.77,6.16,10.09,7.27
2017-04-14,9.26,12.22,5.7,15.08,12.38
2017-04-15,7.04,10.62,4.3,3.94,14.22
2017-04-16,7.48,12.48,3.63,0.02,19.55
2017-04-17,7.23,11.93,2.76,0.35,20.79
2017-04-18,6.96,12.07,3.64,4.89,10.23
2017-04-19,6.74,11.98,3.35,1.07,21.95
2017-04-20,7.07,11.92,2.22,0.01,21.02
2017-04-21,8.55,14.25,3.64,0.0,19.72
2017-04-22,10.27,16.42,3.83,0.0,24.24
2017-04-23,10.9,16.94,2.99,4.59,7.66
2017-04-24,5.69,11.58,0.01,0.07,29.08
2017-04-25,4.97,12.45,-2.61,0.0,29.59
2017-04-26,8.07,15.7,-0.49,0.0,28.98
2017-04-27,10.15,16.95,2.09,0.0,28.71
2017-04-28,11.6,17.8,4.59,0.09,24.03
2017-04-29,10.63,15.51,5.06,0.86,21.06
2017-04-30,11.28,16.99,4.37,0.0,26.46
2017-05-01,12.07,18.89,5.29,1.79,21.25
2017-05-02,9.16,13.58,5.87,3.6,8.23
2017-05-03,9.08,12.53,5.79,0.41,14.78
2017-05-04,10.1,14.73,5.58,0.24,18.17
2017-05-05,10.06,13.67,6.18,5.38,16.54
2017-05-06,10.33,13.63,6.62,1.75,20.96
2017-05-07,9.87,13.01,6.11,9.35,9.4
2017-05-08,10.21,14.73,5.9,0.13,23.11
2017-05-09,11.92,16.05,7.37,0.54,23.64
2017-05-10,13.89,19.96,7.7,0.48,22.47
2017-05-11,14.28,20.69,7.87,0.02,27.36
2017-05-12,12.15,20.12,4.58,0.0,30.05
2017-05-13,13.97,21.58,4.65,0.0,29.61
2017-05-14,16.41,21.92,10.98,0.44,28.02
2017-05-15,13.06,18.96,6.99,10.82,19.84
2017-05-16,11.73,18.83,4.5,0.1,28.37
2017-05-17,13.19,20.15,4.97,0.0,30.23
2017-05-18,15.37,21.09,9.59,0.01,25.52
2017-05-19,16.05,22.13,10.43,3.01,17.69
2017-05-20,12.27,15.92,9.13,2.19,23.23
2017-05-21,8.92,12.69,5.3,9.44,18.0
2017-05-22,10.03,16.07,4.32,0.01,22.7
2017-05-23,7.69,11.27,3.86,10.42,7.26
2017-05-24,10.13,17.22,3.81,2.27,27.99
2017-05-25,11.45,17.11,4.97,0.01,30.21
2017-05-26,13.24,18.22,8.11,0.11,23.17
2017-05-27,14.44,21.0,7.73,0.42,28.07
2017-05-28,13.94,19.68,5.92,0.05,28.75
2017-05-29,16.85,23.33,11.34,0.08,28.41
2017-05-30,15.73,22.18,9.49,0.0,31.36
2017-05-31,14.31,20.48,7.39,0.0,31.56
2017-06-01,12.37,17.5,7.9,0.31,18.7
2017-06-02,12.91,20.08,5.87,0.0,30.48
2017-06-03,15.49,23.19,5.68,0.0,32.02
2017-06-04,17.76,24.02,10.86,0.0,30.74
2017-06-05,19.71,27.1,10.15,0.0,31.14
2017-06-06,20.87,28.58,13.07,0.06,27.89
2017-06-07,19.31,24.9,12.56,0.0,30.71
2017-06-08,20.32,27.29,11.99,0.0,31.97
2017-06-09,21.4,28.46,13.33,0.0,31.44
2017-06-10,20.53,27.36,13.62,0.0,31.23
2017-06-11,18.72,24.74,12.9,0.0,31.83
2017-06-12,19.2,25.67,11.39,0.0,31.3
2017-06-13,19.99,26.96,11.62,0.0,32.03
2017-06-14,19.4,26.35,10.78,0.47,21.63
2017-06-15,16.98,24.26,9.64,0.07,29.82
2017-06-16,17.9,23.95,11.92,0.18,28.96
2017-06-17,17.52,24.63,8.39,0.0,31.81
2017-06-18,19.29,25.34,12.81,0.0,29.82
2017-06-19,19.3,26.81,12.83,0.0,29.26
2017-06-20,18.02,24.79,11.67,0.02,29.35
2017-06-21,17.81,24.53,11.39,0.09,27.75
2017-06-22,17.16,22.45,11.05,1.57,24.13
2017-06-23,17.87,26.03,9.03,0.0,30.73
2017-06-24,20.09,28.51,10.5,0.0,31.49
2017-06-25,20.53,29.05,12.07,0.0,31.9
2017-06-26,23.3,31.49,12.96,0.0,31.76
2017-06-27,25.39,33.07,17.05,0.0,31.78
2017-06-28,25.96,33.83,16.98,0.0,32.3
2017-06-29,24.21,32.81,13.04,0.09,30.41
2017-06-30,23.24,31.13,15.9,0.0,30.47
2017-07-01,22.88,29.76,16.26,0.0,31.53
2017-07-02,24.04,32.92,15.34,0.0,31.44
2017-07-03,26.24,34.16,16.5,0.0,30.11
2017-07-04,27.22,34.75,18.34,0.0,30.41
2017-07-05,27.54,35.47,20.26,0.08,31.37
2017-07-06,25.06,34.49,15.37,0.0,30.47
2017-07-07,24.19,31.63,15.1,0.04,29.55
2017-07-08,22.36,31.41,12.61,0.0,31.61
2017-07-09,24.08,32.25,15.73,0.0,31.98
2017-07-10,25.41,33.89,16.11,0.0,31.95
2017-07-11,24.44,32.96,13.97,0.0,30.8
2017-07-12,25.59,33.67,16.4,0.1,30.27
2017-07-13,26.0,32.84,20.6,0.5,26.99
2017-07-14,25.93,32.1,19.52,0.01,28.43
2017-07-15,26.16,32.97,20.29,0.0,28.87
2017-07-16,26.5,33.93,18.94,0.0,29.52
2017-07-17,27.03,35.24,16.99,0.0,30.98
2017-07-18,26.98,35.63,17.25,0.0,30.27
2017-07-19,27.45,34.39,21.4,0.0,29.93
2017-07-20,26.59,35.63,16.33,0.0,30.49
2017-07-21,26.67,35.64,15.15,0.0,30.56
2017-07-22,28.42,35.83,21.65,0.0,29.23
2017-07-23,27.14,33.9,20.37,0.0,30.24
2017-07-24,24.35,32.72,15.09,0.21,29.38
2017-07-25,24.8,32.11,17.46,0.06,29.7
2017-07-26,25.61,33.79,17.56,0.0,30.03
2017-07-27,26.21,35.47,16.34,0.0,30.32
2017-07-28,26.6,33.97,19.68,0.0,29.52
2017-07-29,26.55,32.89,20.63,0.0,29.28
2017-07-30,26.0,35.7,16.11,0.0,29.34
2017-07-31,27.19,36.94,16.81,0.02,28.79
2017-08-01,27.93,37.34,18.37,0.45,28.49
2017-08-02,28.47,36.9,19.21,0.35,28.13
2017-08-03,28.31,36.11,19.63,0.0,26.24
2017-08-04,27.32,35.17,20.92,0.0,28.7
2017-08-05,26.0,33.86,17.7,0.0,29.37
2017-08-06,25.94,33.37,19.45,0.0,29.35
2017-08-07,26.13,33.86,18.2,0.0,29.11
2017-08-08,26.59,35.62,17.71,0.0,29.11
2017-08-09,26.94,36.59,16.5,0.0,28.21
2017-08-10,27.9,36.74,18.66,0.0,27.15
2017-08-11,28.12,35.59,21.11,0.0,27.42
2017-08-12,27.66,35.3,21.43,0.0,26.6
2017-08-13,26.08,33.2,20.07,0.0,27.28
2017-08-14,25.77,33.67,18.53,0.0,25.57
2017-08-15,25.52,33.07,16.91,0.0,24.22
2017-08-16,25.38,29.79,20.82,0.8,16.69
2017-08-17,25.2,32.57,18.59,1.8,22.54
2017-08-18,24.62,32.02,17.87,0.16,25.78
2017-08-19,24.32,31.61,16.06,0.0,26.97
2017-08-20,24.75,32.73,17.26,0.0,27.76
2017-08-21,25.17,33.05,18.93,0.0,26.92
2017-08-22,24.97,32.72,19.08,0.0,26.65
2017-08-23,24.2,32.11,17.36,0.0,27.4
2017-08-24,23.82,33.42,13.84,0.0,27.05
2017-08-25,24.02,34.19,13.48,0.0,27.26
2017-08-26,24.04,33.76,15.29,0.0,26.21
2017-08-27,24.69,32.86,16.23,0.0,25.83
2017-08-28,23.77,31.19,16.78,0.0,25.0
2017-08-29,23.09,29.79,16.74,0.0,25.51
2017-08-30,22.88,29.68,18.02,0.0,25.86
2017-08-31,23.15,29.77,16.22,0.0,25.46
2017-09-01,24.76,31.58,19.45,0.0,24.43
2017-09-02,23.85,30.53,19.42,0.0,25.38
2017-09-03,22.25,31.54,11.92,0.0,25.32
2017-09-04,24.27,33.02,15.13,0.0,25.21
2017-09-05,24.14,32.74,15.18,0.0,24.4
2017-09-06,22.77,30.04,16.05,0.0,23.44
2017-09-07,19.24,26.33,12.86,0.0,24.29
2017-09-08,18.72,28.91,9.62,0.0,25.12
2017-09-09,21.88,32.04,10.91,0.0,24.89
2017-09-10,23.42,32.39,15.28,0.0,24.74
2017-09-11,21.86,31.3,11.36,0.0,24.09
2017-09-12,22.0,31.27,11.43,0.0,24.04
2017-09-13,23.16,31.25,14.89,0.0,23.01
2017-09-14,22.64,32.39,12.89,0.0,22.89
2017-09-15,23.06,32.04,13.38,0.0,21.98
2017-09-16,23.28,31.94,14.31,0.0,21.22
2017-09-17,22.25,30.26,14.92,0.0,21.89
2017-09-18,22.31,30.66,13.39,0.0,20.55
2017-09-19,22.76,30.3,15.82,0.0,19.74
2017-09-20,22.92,30.85,15.29,0.0,17.85
2017-09-21,23.57,30.02,19.41,0.02,18.05
2017-09-22,21.98,28.73,17.49,0.0,20.06
2017-09-23,19.86,26.17,15.28,0.0,21.66
2017-09-24,17.88,26.51,9.44,0.0,21.57
2017-09-25,19.24,26.34,13.57,0.0,19.99
2017-09-26,18.82,25.04,12.05,0.0,16.71
2017-09-27,17.81,24.5,12.66,0.0,19.8
2017-09-28,16.86,23.82,10.06,0.0,19.56
2017-09-29,15.89,22.91,10.07,0.0,18.18
2017-09-30,16.09,22.43,9.88,0.03,17.52
2017-10-01,15.5,21.41,10.66,0.01,18.34
2017-10-02,12.96,17.88,8.77,1.4,12.69
2017-10-03,11.71,18.31,6.43,0.84,14.66
2017-10-04,9.02,15.2,4.56,0.39,18.8
2017-10-05,9.7,18.04,2.68,0.0,20.05
2017-10-06,10.24,18.7,1.83,0.0,19.75
2017-10-07,12.01,19.54,6.32,0.0,19.64
2017-10-08,12.54,19.53,6.61,0.0,18.81
2017-10-09,13.7,19.38,8.8,0.06,10.59
2017-10-10,13.74,19.15,9.75,1.17,11.36
2017-10-11,12.25,17.92,7.72,0.22,13.67
2017-10-12,11.4,17.84,5.3,0.0,14.9
2017-10-13,10.9,17.98,2.85,0.01,17.25
2017-10-14,11.46,18.08,6.85,0.0,17.95
2017-10-15,10.48,18.18,4.01,0.0,17.93
2017-10-16,8.8,18.06,1.74,0.0,16.51
2017-10-17,6.13,14.0,-0.13,0.0,17.88
2017-10-18,9.42,17.96,1.51,0.0,17.2
2017-10-19,10.37,17.97,2.2,0.0,17.03
2017-10-20,10.87,17.87,5.59,0.0,16.51
2017-10-21,10.49,18.22,3.96,0.0,15.26
2017-10-22,10.41,16.71,6.94,0.0,15.18
2017-10-23,10.61,17.3,6.23,0.0,16.0
2017-10-24,11.07,17.53,6.59,0.0,14.65
2017-10-25,13.03,19.57,8.75,0.0,12.91
2017-10-26,12.52,18.86,8.56,0.0,14.61
2017-10-27,11.44,17.88,7.31,0.0,14.25
2017-10-28,8.49,12.78,2.89,14.3,3.72
2017-10-29,7.98,12.24,2.51,0.38,4.04
2017-10-30,8.71,12.77,5.48,1.35,5.62
2017-10-31,6.87,9.98,4.73,9.64,4.71
2017-11-01,6.13,10.26,1.88,8.08,10.22
2017-11-02,4.19,11.1,-2.11,0.02,14.8
2017-11-03,6.27,12.58,0.8,0.02,14.25
2017-11-04,6.47,11.3,2.36,0.0,12.68
2017-11-05,7.88,13.75,4.16,0.0,11.95
2017-11-06,6.55,11.09,2.99,3.02,3.3
2017-11-07,9.54,13.3,7.27,0.48,8.85
2017-11-08,8.34,12.17,6.52,4.28,4.53
2017-11-09,7.42,10.04,5.64,6.01,7.08
2017-11-10,7.3,13.16,3.99,0.37,11.78
2017-11-11,5.7,10.65,2.56,0.3,11.25
2017-11-12,5.07,11.23,1.61,0.04,12.54
2017-11-13,6.81,13.83,1.44,0.0,12.79
2017-11-14,7.84,14.26,4.26,0.0,11.92
2017-11-15,5.85,13.59,0.25,0.0,11.91
2017-11-16,5.95,14.17,-0.94,0.0,12.29
2017-11-17,5.81,12.98,-0.3,0.0,12.17
2017-11-18,5.93,12.41,2.36,0.0,11.9
2017-11-19,4.42,9.39,0.96,2.04,2.63
2017-11-20,3.64,6.87,-0.21,3.1,4.46
2017-11-21,5.3,7.87,1.2,6.01,3.46
2017-11-22,-0.26,2.12,-3.41,2.07,6.05
2017-11-23,-3.36,0.68,-5.62,2.35,8.34
2017-11-24,-4.64,-0.61,-7.5,3.38,9.41
2017-11-25,-3.63,1.48,-6.55,0.04,9.49
2017-11-26,-2.11,2.65,-5.76,0.0,7.9
2017-11-27,-0.77,4.48,-4.5,0.0,9.04
2017-11-28,0.04,4.51,-2.08,0.1,4.0
2017-11-29,0.15,3.53,-1.4,3.18,2.75
2017-11-30,0.02,4.62,-3.79,2.37,8.66
2017-12-01,-0.57,7.31,-4.05,0.12,10.64
2017-12-02,0.59,9.38,-3.25,0.0,10.41
2017-12-03,1.15,9.62,-2.23,0.0,10.41
2017-12-04,4.11,12.75,-1.66,0.0,10.46
2017-12-05,2.12,8.11,-2.13,0.0,4.97
2017-12-06,-0.92,1.54,-3.78,10.03,2.21
2017-12-07,-5.3,-2.05,-8.17,2.88,7.59
2017-12-08,-3.5,1.52,-7.87,0.0,7.7
2017-12-09,-2.21,2.71,-4.88,0.0,10.29
2017-12-10,-2.19,2.27,-4.7,0.0,8.14
2017-12-11,-1.36,4.54,-5.45,0.0,7.75
2017-12-12,-1.06,7.37,-6.13,0.04,8.37
2017-12-13,1.09,8.78,-3.93,0.0,8.78
2017-12-14,2.88,7.89,0.16,0.0,8.15
2017-12-15,2.0,7.65,-1.88,0.0,8.06
2017-12-16,1.49,7.38,-1.95,0.1,8.47
2017-12-17,1.32,5.61,-0.41,0.21,6.91
2017-12-18,1.16,5.5,-1.06,0.0,6.61
2017-12-19,0.58,3.67,-1.17,0.39,3.41
2017-12-20,1.3,2.92,-0.11,2.95,3.43
2017-12-21,3.61,9.06,0.87,0.1,8.28
2017-12-22,2.88,7.87,0.32,0.59,3.37
2017-12-23,3.35,6.96,1.15,3.41,3.07
2017-12-24,0.63,1.92,-0.78,7.3,2.62
2017-12-25,0.84,5.37,-4.44,0.44,8.87
2017-12-26,-0.99,6.31,-4.52,0.0,10.21
2017-12-27,1.77,8.83,-2.23,0.0,9.66
2017-12-28,1.95,5.69,-0.47,0.0,9.15
2017-12-29,1.96,6.39,-0.68,0.18,8.67
2017-12-30,3.84,10.2,0.46,3.1,2.84
2017-12-31,2.22,7.86,-0.84,2.27,5.48
2018-01-01,0.77,4.56,-1.63,5.54,2.9
2018-01-02,-1.45,3.06,-4.28,1.85,5.37
2018-01-03,-2.28,2.34,-4.5,0.0,8.33
2018-01-04,-1.52,1.77,-4.05,2.09,2.83
2018-01-05,-1.24,1.61,-3.18,2.3,3.33
2018-01-06,-2.03,3.41,-5.21,0.0,7.69
2018-01-07,-1.89,4.51,-4.64,0.0,9.5
2018-01-08,-1.17,5.96,-5.67,0.0,8.7
2018-01-09,-1.48,5.72,-6.35,0.0,8.73
2018-01-10,-0.96,4.42,-6.22,0.0,8.65
2018-01-11,-2.06,1.09,-3.9,0.07,3.82
2018-01-12,-1.89,2.82,-5.5,0.0,6.69
2018-01-13,-0.59,4.45,-3.9,0.04,9.71
2018-01-14,-0.73,3.33,-2.39,0.96,4.17
2018-01-15,-1.65,1.9,-5.73,0.32,6.81
2018-01-16,-2.73,0.09,-6.66,4.13,7.2
2018-01-17,-4.14,0.59,-8.1,0.91,6.36
2018-01-18,-1.67,-0.18,-3.73,6.51,2.68
2018-01-19,-0.27,1.91,-2.71,10.31,1.24
2018-01-20,-3.3,1.87,-8.87,1.64,8.12
2018-01-21,-3.35,0.95,-6.9,0.0,7.35
2018-01-22,-3.08,1.22,-7.01,0.01,7.62
2018-01-23,-2.79,2.73,-7.54,0.52,6.34
2018-01-24,-0.9,1.57,-3.4,2.82,3.72
2018-01-25,-0.41,1.33,-1.78,4.15,1.46
2018-01-26,-1.09,1.37,-3.27,3.64,4.57
2018-01-27,-2.51,1.33,-5.97,1.16,7.5
2018-01-28,-5.97,0.16,-10.04,0.0,9.53
2018-01-29,-6.13,0.56,-12.61,0.0,12.51
2018-01-30,-6.04,-0.45,-11.25,0.0,13.1
2018-01-31,-4.2,0.26,-7.61,0.0,11.09
2018-02-01,-2.56,1.78,-5.4,0.0,12.17
2018-02-02,-1.54,4.49,-5.91,0.0,13.64
2018-02-03,0.22,4.52,-2.34,0.0,11.96
2018-02-04,0.99,3.83,-0.93,0.01,10.68
2018-02-05,2.24,7.79,-0.34,0.01,8.91
2018-02-06,2.09,6.8,-0.64,0.0,13.32
2018-02-07,0.98,8.01,-2.5,0.0,14.04
2018-02-08,2.87,10.77,-2.81,0.0,14.02
2018-02-09,2.74,7.09,-0.63,0.01,10.52
2018-02-10,2.45,8.13,-2.03,0.0,12.71
2018-02-11,3.08,8.15,0.01,0.95,9.49
2018-02-12,1.83,4.19,-0.27,3.79,7.17
2018-02-13,0.87,4.05,-2.4,1.15,7.64
2018-02-14,-0.02,6.14,-4.21,0.11,13.55
2018-02-15,1.4,6.94,-2.77,0.0,12.65
2018-02-16,2.9,8.11,-0.95,0.09,14.36
2018-02-17,3.25,8.3,0.11,6.26,10.49
2018-02-18,0.95,3.85,-2.02,20.76,4.93
2018-02-19,-0.5,4.38,-4.82,0.76,14.04
2018-02-20,-0.02,3.89,-3.05,0.44,9.4
2018-02-21,0.59,5.62,-1.7,0.64,8.75
2018-02-22,1.19,4.71,-1.2,1.29,11.07
2018-02-23,1.49,5.72,-2.69,0.04,13.35
2018-02-24,1.29,5.03,-1.24,0.79,10.22
2018-02-25,0.59,3.91,-1.35,5.76,9.24
2018-02-26,0.29,3.64,-2.42,6.07,12.44
2018-02-27,0.84,3.83,-1.67,1.43,7.33
2018-02-28,2.29,7.79,-1.11,0.39,10.21
2018-03-01,1.31,4.89,-1.17,3.46,4.76
2018-03-02,-0.31,4.5,-3.92,1.61,12.5
2018-03-03,2.28,6.17,-1.4,0.16,5.23
2018-03-04,4.93,9.23,0.83,1.66,9.11
2018-03-05,5.41,9.26,2.24,1.0,13.1
2018-03-06,5.29,9.36,1.35,1.15,8.53
2018-03-07,5.58,10.18,2.32,0.44,14.05
2018-03-08,4.94,7.53,2.06,1.38,6.54
2018-03-09,2.92,4.47,-2.41,11.26,5.68
2018-03-10,2.38,9.51,-4.35,0.01,19.83
2018-03-11,4.04,9.86,-1.78,0.0,19.09
2018-03-12,5.65,10.72,1.61,0.0,17.94
2018-03-13,5.85,11.77,1.9,0.0,14.96
2018-03-14,4.63,7.85,1.1,0.25,8.53
2018-03-15,5.11,9.9,1.3,0.28,12.83
2018-03-16,3.17,6.91,-0.24,3.11,12.21
2018-03-17,3.44,10.4,-3.18,0.49,20.75
2018-03-18,6.88,15.88,-1.0,0.0,20.88
2018-03-19,7.86,13.27,3.98,0.0,21.78
2018-03-20,7.73,14.2,3.19,0.0,19.9
2018-03-21,7.09,13.24,2.09,0.02,20.35
2018-03-22,7.31,13.28,2.96,0.0,18.34
2018-03-23,7.5,14.43,2.18,0.0,20.07
2018-03-24,7.81,13.23,3.81,4.95,6.17
2018-03-25,6.15,11.05,2.46,0.4,21.78
2018-03-26,6.78,12.77,1.93,0.0,22.04
2018-03-27,7.61,14.07,1.98,0.0,21.87
2018-03-28,9.26,15.34,3.02,0.9,14.48
2018-03-29,9.88,16.48,5.77,4.63,5.48
2018-03-30,4.52,7.41,-0.01,3.17,14.89
2018-03-31,5.22,11.95,-1.88,0.02,19.27
2018-04-01,8.01,15.22,-0.35,0.0,23.65
2018-04-02,8.48,14.59,3.44,0.0,24.16
2018-04-03,6.9,13.06,-0.12,0.05,17.79
2018-04-04,4.11,12.69,-2.64,0.06,26.19
2018-04-05,7.59,15.93,-1.69,0.0,25.6
2018-04-06,9.12,16.29,0.26,0.0,25.81
2018-04-07,11.5,18.34,5.0,0.0,25.83
2018-04-08,12.27,19.06,5.92,0.0,23.71
2018-04-09,12.84,18.92,7.27,0.0,22.24
2018-04-10,9.23,14.54,4.9,3.0,11.47
2018-04-11,9.4,15.81,5.14,9.0,13.03
2018-04-12,10.72,15.34,5.2,0.73,19.07
2018-04-13,10.44,15.31,5.79,1.59,18.81
2018-04-14,9.67,16.55,3.44,0.25,23.86
2018-04-15,8.13,15.44,2.31,0.0,27.45
2018-04-16,7.46,14.29,-0.31,0.0,27.98
2018-04-17,9.54,16.44,3.1,0.0,26.75
2018-04-18,11.46,18.56,4.55,0.0,22.78
2018-04-19,12.3,18.52,6.24,0.02,25.19
2018-04-20,8.26,12.94,4.46,1.12,10.72
2018-04-21,5.98,10.8,1.51,7.78,15.86
2018-04-22,6.07,12.4,1.01,1.54,20.59
2018-04-23,7.81,16.04,-1.27,0.0,27.98
2018-04-24,10.35,16.72,3.33,0.0,26.1
2018-04-25,12.54,19.07,6.15,0.0,25.63
2018-04-26,13.87,20.37,6.05,0.0,25.75
2018-04-27,11.47,15.45,7.74,2.03,18.02
2018-04-28,10.47,14.78,4.91,1.92,15.98
2018-04-29,11.92,16.94,6.48,0.91,19.61
2018-04-30,13.1,19.27,7.82,0.16,23.56
2018-05-01,13.05,19.27,8.17,0.12,20.19
2018-05-02,13.56,19.04,8.04,0.14,24.09
2018-05-03,13.44,18.55,9.49,1.78,16.65
2018-05-04,12.88,16.33,9.3,2.42,13.64
2018-05-05,13.36,18.85,8.23,1.63,18.06
2018-05-06,11.99,16.23,8.07,3.84,18.44
2018-05-07,11.37,17.06,7.79,5.62,6.83
2018-05-08,10.11,12.15,7.38,9.56,8.19
2018-05-09,9.04,12.69,6.58,8.07,12.48
2018-05-10,9.02,13.53,5.51,3.2,14.98
2018-05-11,9.56,13.64,6.37,5.12,13.62
2018-05-12,8.92,11.36,6.98,6.54,10.89
2018-05-13,9.78,14.32,6.5,1.5,17.89
2018-05-14,10.49,14.58,6.78,0.82,17.53
2018-05-15,11.09,15.88,6.04,1.86,18.97
2018-05-16,13.68,19.87,6.09,0.02,27.37
2018-05-17,15.29,21.77,7.76,0.28,29.99
2018-05-18,16.41,23.23,7.67,0.0,29.98
2018-05-19,17.18,21.83,9.67,0.14,25.88
2018-05-20,17.39,21.8,12.7,1.7,26.08
2018-05-21,16.17,20.87,11.55,3.56,24.65
2018-05-22,16.4,22.56,9.66,2.78,21.94
2018-05-23,14.71,19.44,10.74,3.12,22.12
2018-05-24,13.8,18.27,10.81,3.73,16.73
2018-05-25,15.81,20.95,9.98,1.48,26.27
2018-05-26,17.63,22.26,12.24,0.03,27.78
2018-05-27,17.99,24.36,11.99,0.2,25.18
2018-05-28,17.36,25.22,11.77,0.69,18.18
2018-05-29,16.02,20.34,12.75,2.65,23.05
2018-05-30,15.26,19.37,11.84,5.83,24.3
2018-05-31,15.76,21.89,10.71,5.48,26.19
2018-06-01,16.12,20.49,11.9,2.74,24.4
2018-06-02,14.84,19.91,10.04,4.95,19.45
2018-06-03,16.08,20.73,10.65,0.28,23.77
2018-06-04,16.2,21.38,11.48,1.37,22.48
2018-06-05,16.23,21.63,10.74,0.65,25.33
2018-06-06,18.06,24.55,12.12,0.0,30.77
2018-06-07,19.35,25.84,12.29,0.43,30.37
2018-06-08,19.33,26.16,12.89,0.08,30.14
2018-06-09,18.08,25.72,10.37,0.0,31.37
2018-06-10,18.63,26.41,10.34,0.0,31.54
2018-06-11,19.34,27.11,10.04,0.0,30.32
2018-06-12,19.06,26.09,11.03,0.14,26.24
2018-06-13,19.8,26.41,12.94,0.63,25.76
2018-06-14,18.62,24.66,12.43,2.67,22.21
2018-06-15,18.97,25.16,13.69,3.79,18.73
2018-06-16,18.46,23.85,14.36,4.51,25.81
2018-06-17,18.93,25.79,12.23,0.15,28.99
2018-06-18,18.68,24.84,11.64,0.36,30.37
2018-06-19,19.67,25.3,13.54,0.26,29.38
2018-06-20,20.37,26.22,14.3,0.03,29.01
2018-06-21,20.54,27.69,12.12,0.06,27.84
2018-06-22,21.12,27.54,14.09,0.02,27.87
2018-06-23,21.03,27.61,12.79,0.69,27.73
2018-06-24,22.39,30.09,13.03,0.01,28.89
2018-06-25,22.93,30.7,14.74,0.0,30.06
2018-06-26,23.47,30.73,16.02,0.0,30.9
2018-06-27,24.03,32.04,15.66,0.0,31.67
2018-06-28,25.63,33.83,15.94,0.0,30.72
2018-06-29,25.57,33.39,18.35,0.0,31.33
2018-06-30,23.31,30.94,16.52,0.0,31.54
2018-07-01,24.19,32.6,14.94,0.0,33.01
2018-07-02,25.8,35.44,14.55,0.0,32.41
2018-07-03,28.46,37.18,17.55,0.0,30.38
2018-07-04,28.84,36.73,21.18,0.0,28.87
2018-07-05,27.81,34.95,21.2,0.0,30.28
2018-07-06,24.95,31.43,19.16,0.02,28.13
2018-07-07,24.72,32.01,16.55,0.07,27.63
2018-07-08,24.81,31.83,18.04,0.0,30.76
2018-07-09,25.81,33.89,19.01,0.0,31.52
2018-07-10,27.63,37.23,16.67,0.03,30.91
2018-07-11,28.61,36.91,19.72,0.0,30.84
2018-07-12,29.34,37.03,21.41,0.0,30.12
2018-07-13,28.22,37.11,18.33,0.0,29.41
2018-07-14,26.12,33.92,18.54,0.04,28.8
2018-07-15,23.08,29.46,16.84,1.29,17.3
2018-07-16,21.86,29.59,13.18,0.6,28.54
2018-07-17,23.4,31.38,14.05,0.0,28.96
2018-07-18,24.29,32.08,15.87,0.0,30.44
2018-07-19,24.61,32.22,18.06,0.0,31.24
2018-07-20,23.42,30.86,15.8,0.0,30.74
2018-07-21,23.79,32.26,13.36,0.04,28.26
2018-07-22,23.92,32.49,15.94,0.22,23.23
2018-07-23,24.02,31.21,15.82,0.22,26.35
2018-07-24,25.2,31.88,17.78,0.0,29.72
2018-07-25,25.42,32.03,19.33,0.0,30.04
2018-07-26,24.7,32.25,17.0,0.01,30.95
2018-07-27,26.17,34.91,16.89,0.0,31.24
2018-07-28,26.65,34.98,17.93,0.04,30.41
2018-07-29,27.28,34.94,19.95,0.0,29.56
2018-07-30,26.52,33.91,20.04,0.0,28.65
2018-07-31,26.82,35.58,18.64,0.0,28.27
2018-08-01,26.08,33.46,20.54,0.13,27.48
2018-08-02,25.81,34.82,16.55,0.08,26.3
2018-08-03,25.64,32.85,17.46,0.29,24.21
2018-08-04,24.19,30.85,18.37,1.09,23.21
2018-08-05,25.63,32.01,19.55,0.02,26.82
2018-08-06,25.92,33.7,18.36,0.0,28.34
2018-08-07,25.82,33.96,16.4,0.0,28.84
2018-08-08,25.52,34.33,15.86,0.01,28.23
2018-08-09,24.25,33.1,15.29,0.05,25.18
2018-08-10,24.82,33.35,16.8,0.0,27.09
2018-08-11,24.57,33.2,15.85,0.0,27.79
2018-08-12,24.04,30.9,17.37,0.0,28.53
2018-08-13,22.86,31.56,15.18,0.0,28.02
2018-08-14,23.97,32.47,15.53,0.04,25.72
2018-08-15,24.81,32.92,16.17,0.0,26.66
2018-08-16,25.85,33.86,17.04,0.0,26.88
2018-08-17,27.21,34.37,19.98,0.0,27.37
2018-08-18,26.36,33.83,19.66,0.0,27.15
2018-08-19,23.73,31.1,14.97,0.22,26.59
2018-08-20,23.29,30.8,15.21,0.0,25.05
2018-08-21,24.76,32.39,17.88,0.0,25.92
2018-08-22,25.0,33.18,16.51,0.01,25.35
2018-08-23,24.62,33.07,16.05,0.04,25.82
2018-08-24,25.5,33.12,17.53,0.0,25.38
2018-08-25,26.72,34.3,20.04,0.0,26.03
2018-08-26,25.89,33.82,16.97,0.0,26.03
2018-08-27,25.02,32.55,18.74,0.0,24.82
2018-08-28,23.96,31.16,17.61,0.0,23.21
2018-08-29,24.43,32.08,18.25,0.0,24.99
2018-08-30,24.29,31.94,17.3,0.0,25.88
2018-08-31,24.97,32.7,18.18,0.0,25.16
2018-09-01,24.2,32.36,15.61,0.0,24.99
2018-09-02,24.41,32.14,16.3,0.0,24.53
2018-09-03,24.05,31.86,16.52,0.09,23.19
2018-09-04,23.45,31.3,15.56,0.0,23.44
2018-09-05,24.08,30.63,19.7,0.0,23.67
2018-09-06,22.05,28.36,16.25,0.0,23.51
2018-09-07,19.33,25.81,13.65,0.01,21.81
2018-09-08,19.17,23.55,15.35,0.56,16.29
2018-09-09,19.6,25.9,13.34,0.22,20.67
2018-09-10,18.22,23.28,12.48,0.41,14.17
2018-09-11,18.57,24.19,13.37,0.07,19.05
2018-09-12,19.65,27.9,11.51,0.0,23.25
2018-09-13,21.3,29.14,12.21,0.0,18.64
2018-09-14,22.41,30.12,14.78,0.07,14.04
2018-09-15,19.69,26.17,14.08,0.0,22.76
2018-09-16,20.0,27.46,14.09,0.0,22.47
2018-09-17,19.02,26.95,10.83,0.0,21.34
2018-09-18,18.91,27.02,11.07,0.0,20.98
2018-09-19,19.2,27.66,11.89,0.0,21.78
2018-09-20,20.0,28.13,11.6,0.0,20.92
2018-09-21,20.75,27.05,15.54,0.01,19.49
2018-09-22,19.82,26.5,13.67,0.14,16.11
2018-09-23,18.82,26.62,11.13,0.06,19.51
2018-09-24,19.03,26.83,11.08,0.0,21.88
2018-09-25,20.11,27.02,14.72,0.0,21.28
2018-09-26,18.6,27.42,9.65,0.0,20.62
2018-09-27,18.15,27.26,8.99,0.0,20.54
2018-09-28,18.58,27.53,10.04,0.0,20.68
2018-09-29,19.8,26.72,15.7,0.0,20.46
2018-09-30,18.8,26.15,11.85,0.0,19.09
2018-10-01,19.2,25.24,14.01,0.09,12.77
2018-10-02,17.96,23.97,12.33,0.0,16.14
2018-10-03,17.5,23.63,11.87,0.0,19.51
2018-10-04,17.74,24.5,13.17,0.0,17.31
2018-10-05,14.3,22.35,7.84,0.0,19.38
2018-10-06,13.29,23.04,6.1,0.0,19.59
2018-10-07,14.91,23.28,7.37,0.05,17.06
2018-10-08,16.54,21.8,11.3,0.26,14.98
2018-10-09,16.06,22.25,9.88,1.22,12.27
2018-10-10,14.93,19.61,11.43,2.98,8.4
2018-10-11,14.81,21.05,7.95,0.47,15.43
2018-10-12,14.38,18.85,9.82,0.25,12.65
2018-10-13,14.6,21.61,9.2,0.71,14.23
2018-10-14,15.74,21.36,9.59,0.09,12.13
2018-10-15,16.38,21.08,11.99,0.0,14.18
2018-10-16,16.29,23.22,10.05,0.03,14.29
2018-10-17,14.76,20.52,10.02,0.0,13.89
2018-10-18,14.98,20.99,9.96,0.0,14.4
2018-10-19,14.58,19.44,11.36,0.54,12.6
2018-10-20,11.75,14.72,9.52,2.04,11.09
2018-10-21,10.26,11.72,9.09,4.9,3.82
2018-10-22,10.15,13.66,7.45,4.1,7.55
2018-10-23,9.1,12.77,7.02,5.37,6.53
2018-10-24,9.52,11.33,7.89,20.16,3.28
2018-10-25,9.74,11.48,8.91,15.91,2.32
2018-10-26,6.25,9.76,0.7,34.8,3.04
2018-10-27,3.62,10.64,-2.01,0.02,15.85
2018-10-28,5.13,14.17,-1.26,0.0,15.81
2018-10-29,6.5,16.28,0.09,0.0,15.67
2018-10-30,7.89,17.74,0.55,0.0,15.63
2018-10-31,8.86,18.06,1.64,0.0,14.92
2018-11-01,8.93,17.15,1.81,0.0,14.78
2018-11-02,7.78,11.98,4.67,0.0,11.34
2018-11-03,7.77,13.12,3.95,0.02,11.18
2018-11-04,7.08,12.98,3.0,0.14,8.97
2018-11-05,4.65,6.23,3.04,6.43,2.19
2018-11-06,5.74,11.12,1.67,0.27,10.27
2018-11-07,4.54,8.38,1.98,2.12,8.5
2018-11-08,4.89,10.72,0.23,0.86,11.99
2018-11-09,5.05,10.35,0.5,0.04,12.39
2018-11-10,5.18,11.07,1.08,0.0,11.63
2018-11-11,5.38,10.2,1.43,0.0,8.61
2018-11-12,5.82,10.89,2.09,0.16,10.5
2018-11-13,4.69,11.29,-1.78,0.03,12.09
2018-11-14,2.92,4.87,1.12,9.57,2.61
2018-11-15,1.58,3.27,0.4,14.67,3.01
2018-11-16,3.08,5.78,0.73,1.95,6.15
2018-11-17,3.32,6.7,-0.52,2.75,10.75
2018-11-18,2.35,8.49,-1.57,0.0,9.05
2018-11-19,3.67,10.93,-1.69,0.0,10.41
2018-11-20,4.92,11.21,1.38,0.0,9.47
2018-11-21,3.54,7.12,1.0,0.62,7.11
2018-11-22,3.45,5.02,1.09,8.33,2.17
2018-11-23,2.81,6.85,-0.33,1.61,5.69
2018-11-24,1.75,6.86,-2.46,0.06,6.29
2018-11-25,2.14,7.65,-2.77,0.23,8.89
2018-11-26,1.6,6.16,-1.38,0.96,10.28
2018-11-27,1.56,4.69,-0.97,0.41,2.6
2018-11-28,4.03,7.9,1.83,0.11,3.52
2018-11-29,4.45,8.18,1.14,8.06,6.52
2018-11-30,4.24,8.97,0.74,13.42,1.63
2018-12-01,3.67,6.02,1.08,21.32,2.27
2018-12-02,2.92,7.17,-0.14,1.25,9.57
2018-12-03,2.22,7.69,-1.51,0.0,9.6
2018-12-04,1.39,5.41,-1.9,1.76,2.64
2018-12-05,2.66,4.0,1.95,12.75,2.07
2018-12-06,2.39,7.32,-1.41,0.0,8.01
2018-12-07,0.42,4.6,-2.85,0.31,5.98
2018-12-08,1.08,3.86,-0.95,2.3,4.52
2018-12-09,0.17,3.25,-2.06,2.51,6.62
2018-12-10,0.09,3.02,-2.24,0.84,2.65
2018-12-11,1.28,3.19,-0.21,8.95,2.01
2018-12-12,0.5,1.22,-0.35,27.55,2.53
2018-12-13,-1.82,0.68,-6.64,5.18,5.71
2018-12-14,-5.37,-0.96,-7.79,0.06,4.96
2018-12-15,-2.9,2.22,-6.64,0.0,8.26
2018-12-16,-1.53,1.77,-4.3,0.0,7.85
2018-12-17,-0.79,2.36,-2.34,0.75,3.76
2018-12-18,-1.15,2.04,-3.62,1.36,4.16
2018-12-19,0.11,2.97,-1.86,0.54,5.05
2018-12-20,-0.46,3.92,-4.58,2.49,2.9
2018-12-21,-1.73,3.95,-4.75,0.05,9.4
2018-12-22,-1.6,3.79,-4.96,0.02,7.64
2018-12-23,-1.56,3.23,-3.72,0.1,8.05
2018-12-24,-3.01,-0.31,-8.23,18.21,2.0
2018-12-25,-5.68,-1.45,-9.01,0.16,2.97
2018-12-26,-2.95,-0.34,-5.0,1.12,1.92
2018-12-27,-1.03,0.59,-3.36,5.72,2.38
2018-12-28,-4.33,-1.11,-11.66,7.18,2.45
2018-12-29,-8.23,-1.0,-15.37,0.44,3.69
2018-12-30,-6.25,-2.76,-9.07,1.68,3.71
2018-12-31,-4.99,-2.06,-7.46,6.36,1.63
2019-01-01,-6.93,-3.21,-10.74,0.36,4.74
2019-01-02,-5.11,-0.46,-8.12,0.39,5.55
2019-01-03,-3.93,-0.66,-7.53,2.79,3.53
2019-01-04,-3.24,-0.61,-6.98,0.2,3.39
2019-01-05,-2.19,-0.06,-5.99,0.01,5.58
2019-01-06,-2.68,-0.27,-6.56,3.06,2.95
2019-01-07,-4.92,-1.53,-8.67,5.13,5.63
2019-01-08,-4.12,-2.61,-7.85,9.59,2.71
2019-01-09,-6.41,-3.15,-11.66,12.32,3.43
2019-01-10,-11.84,-5.07,-16.91,0.0,10.12
2019-01-11,-12.44,-4.24,-19.64,0.0,9.88
2019-01-12,-8.07,-3.26,-11.95,0.0,8.5
2019-01-13,-7.48,-2.34,-11.26,1.67,6.24
2019-01-14,-3.56,-0.82,-7.31,2.42,4.36
2019-01-15,-1.93,-0.84,-4.77,5.46,1.32
2019-01-16,-2.43,-0.94,-5.4,1.2,3.5
2019-01-17,-5.4,-2.03,-9.75,2.96,3.02
2019-01-18,-11.39,-4.86,-17.82,0.02,8.7
2019-01-19,-12.86,-3.95,-19.8,0.0,12.59
2019-01-20,-10.52,-3.4,-15.53,0.0,11.61
2019-01-21,-9.05,-1.77,-15.24,0.0,10.93
2019-01-22,-6.69,-1.29,-10.39,0.0,9.73
2019-01-23,-6.34,-0.58,-11.65,0.0,9.43
2019-01-24,-4.08,0.32,-7.94,0.11,9.89
2019-01-25,-2.24,0.16,-5.79,3.05,5.95
2019-01-26,-2.97,0.45,-6.17,0.07,8.28
2019-01-27,-0.8,1.26,-4.42,2.63,6.18
2019-01-28,0.79,1.77,-0.18,9.57,5.39
2019-01-29,-2.48,-0.07,-5.96,1.84,12.68
2019-01-30,-4.18,-0.19,-7.22,0.1,7.53
2019-01-31,-3.44,-0.37,-6.26,1.29,3.6
2019-02-01,-2.02,0.11,-4.76,4.41,4.49
2019-02-02,-4.32,-0.74,-11.36,2.85,7.4
2019-02-03,-8.2,-1.24,-12.39,0.0,11.37
2019-02-04,-6.69,1.31,-11.65,0.0,11.82
2019-02-05,-4.62,2.48,-11.05,0.0,11.3
2019-02-06,-0.92,2.29,-5.64,0.0,11.02
2019-02-07,-0.91,0.7,-3.25,1.63,6.72
2019-02-08,-1.5,1.18,-4.28,9.62,4.9
2019-02-09,-0.84,1.61,-3.61,1.93,7.41
2019-02-10,-0.88,1.29,-2.67,0.7,7.47
2019-02-11,-1.93,1.69,-5.39,0.0,10.59
2019-02-12,-3.03,2.87,-9.34,0.0,12.06
2019-02-13,-1.81,2.6,-5.97,0.0,12.12
2019-02-14,-1.65,3.16,-6.31,3.92,9.8
2019-02-15,-1.12,0.7,-4.42,7.71,7.8
2019-02-16,-2.91,1.43,-6.98,1.02,10.71
2019-02-17,-3.36,0.61,-6.72,0.27,11.19
2019-02-18,-3.65,2.3,-9.82,0.0,11.49
2019-02-19,-3.78,1.18,-8.0,0.0,13.98
2019-02-20,-3.17,2.34,-9.47,0.0,13.73
2019-02-21,-1.71,1.26,-3.83,0.05,9.55
2019-02-22,-1.71,1.27,-4.19,0.35,9.27
2019-02-23,-0.41,2.69,-2.88,1.1,9.82
2019-02-24,-0.43,5.14,-4.5,0.0,12.09
2019-02-25,-0.05,5.21,-3.73,0.0,11.73
2019-02-26,-0.09,3.13,-2.15,3.19,11.74
2019-02-27,-0.39,1.77,-1.84,15.52,9.62
2019-02-28,-2.03,-0.03,-7.48,14.28,6.58
2019-03-01,-5.38,0.34,-12.3,0.1,13.46
2019-03-02,-3.18,0.3,-7.67,0.19,10.78
2019-03-03,-2.09,-0.45,-3.44,6.59,8.33
2019-03-04,-1.07,1.34,-2.96,3.97,4.72
2019-03-05,-0.5,2.32,-2.62,0.12,8.94
2019-03-06,0.52,4.96,-3.58,0.01,11.51
2019-03-07,-0.07,1.63,-1.85,5.86,8.93
2019-03-08,-0.44,4.63,-3.46,0.07,19.8
2019-03-09,1.1,7.26,-3.44,0.0,20.56
2019-03-10,2.18,6.67,-0.92,0.0,17.77
2019-03-11,2.74,8.59,-1.97,0.0,18.09
2019-03-12,3.36,7.72,0.15,0.0,14.73
2019-03-13,2.51,6.47,-0.24,0.02,13.42
2019-03-14,0.98,4.08,-0.96,10.6,5.11
2019-03-15,1.67,5.22,-0.73,0.68,6.22
2019-03-16,0.47,2.35,-1.83,6.88,6.05
2019-03-17,-0.05,3.65,-4.01,5.31,10.9
2019-03-18,-1.45,4.14,-5.86,0.42,22.09
2019-03-19,-0.96,3.02,-3.37,0.37,22.69
2019-03-20,1.18,6.77,-3.52,0.0,17.72
2019-03-21,3.08,9.05,-1.94,0.0,21.79
2019-03-22,3.25,9.01,-1.24,0.01,21.27
2019-03-23,2.52,6.04,-0.17,3.57,17.6
2019-03-24,1.17,2.97,-1.48,19.23,10.32
2019-03-25,-0.04,3.65,-2.67,13.72,5.51
2019-03-26,2.4,6.8,-0.68,0.77,12.61
2019-03-27,2.49,5.55,0.31,0.91,7.92
2019-03-28,1.95,4.58,-0.07,2.61,10.68
2019-03-29,1.32,3.28,-0.67,4.99,6.07
2019-03-30,1.51,4.21,-0.37,8.8,4.64
2019-03-31,3.74,6.87,0.32,14.59,3.64
2019-04-01,2.9,6.04,-0.3,1.58,12.73
2019-04-02,1.96,4.97,-0.79,2.68,7.53
2019-04-03,2.6,6.06,0.29,2.33,9.64
2019-04-04,3.08,6.75,-0.02,2.0,10.57
2019-04-05,4.95,8.76,0.89,1.64,14.92
2019-04-06,4.43,8.26,1.15,5.12,10.69
2019-04-07,6.33,10.15,3.34,0.0,16.29
2019-04-08,6.42,10.04,3.27,0.13,11.41
2019-04-09,6.84,10.75,3.72,0.27,14.43
2019-04-10,7.0,10.62,2.59,13.38,9.71
2019-04-11,5.74,9.92,2.34,0.16,18.97
2019-04-12,6.25,12.44,1.65,0.02,22.01
2019-04-13,7.54,14.42,-0.8,0.0,26.1
2019-04-14,8.87,14.07,3.86,0.13,22.0
2019-04-15,8.05,13.49,3.85,1.91,18.57
2019-04-16,5.45,8.75,2.15,10.24,8.37
2019-04-17,4.12,6.83,1.59,10.67,9.78
2019-04-18,4.34,6.92,2.62,2.5,13.17
2019-04-19,3.14,6.04,1.28,4.59,14.06
2019-04-20,2.51,5.93,-0.62,6.68,13.98
2019-04-21,2.01,5.34,-0.46,16.44,6.35
2019-04-22,1.03,4.23,-1.82,5.19,8.97
2019-04-23,2.36,7.18,-3.89,0.09,18.07
2019-04-24,4.44,10.67,-2.81,0.0,22.1
2019-04-25,5.02,11.19,-1.94,0.0,25.36
2019-04-26,6.11,12.56,-1.1,0.0,26.28
2019-04-27,7.97,13.62,2.34,0.0,24.2
2019-04-28,8.08,11.93,4.32,0.08,15.6
2019-04-29,7.59,11.56,3.99,2.51,15.35
2019-04-30,9.99,16.74,2.36,0.01,25.35
2019-05-01,11.0,15.9,5.97,0.41,22.45
2019-05-02,11.49,14.14,8.5,9.57,14.84
2019-05-03,10.26,14.14,4.26,9.04,24.34
2019-05-04,5.49,9.56,2.48,29.32,12.62
2019-05-05,7.58,13.63,1.79,0.07,26.61
2019-05-06,9.89,13.94,5.51,0.68,16.33
2019-05-07,11.27,16.05,6.69,2.52,22.42
2019-05-08,11.69,16.32,6.73,0.0,26.96
2019-05-09,8.9,13.14,3.95,0.0,24.63
2019-05-10,9.32,14.59,4.66,0.0,27.1
2019-05-11,9.6,14.12,5.24,0.07,25.89
2019-05-12,11.16,14.47,6.86,0.74,20.1
2019-05-13,13.9,18.41,9.1,0.0,29.56
2019-05-14,15.01,20.67,8.74,0.0,30.11
2019-05-15,15.02,21.79,6.03,0.0,30.8
2019-05-16,16.45,23.36,6.99,0.0,30.74
2019-05-17,17.9,24.08,9.92,0.0,29.66
2019-05-18,18.0,23.04,13.79,0.42,24.91
2019-05-19,15.21,20.04,10.2,0.67,27.93
2019-05-20,13.17,17.7,8.85,0.11,26.59
2019-05-21,12.78,18.24,5.56,0.15,28.66
2019-05-22,15.4,20.26,9.97,0.11,24.76
2019-05-23,15.98,21.17,11.2,0.16,23.28
2019-05-24,17.65,23.25,10.61,0.02,25.74
2019-05-25,16.41,22.18,11.42,0.08,17.61
2019-05-26,15.29,20.36,10.08,0.0,31.47
2019-05-27,14.56,21.3,6.65,0.0,31.41
2019-05-28,16.2,23.38,7.56,0.04,31.64
2019-05-29,16.11,23.56,7.5,0.0,31.83
2019-05-30,16.66,24.06,7.99,0.0,31.72
2019-05-31,18.17,24.25,10.2,0.0,30.95
2019-06-01,18.45,24.08,12.13,0.03,23.94
2019-06-02,20.05,26.43,12.55,0.0,29.47
2019-06-03,22.47,27.72,16.44,0.0,30.28
2019-06-04,22.47,28.4,17.0,0.0,28.48
2019-06-05,20.89,26.76,15.89,0.0,28.59
2019-06-06,19.69,25.78,14.83,0.0,21.86
2019-06-07,18.74,23.02,14.04,0.0,25.49
2019-06-08,20.25,26.1,15.07,0.0,29.37
2019-06-09,19.96,27.66,14.71,0.0,28.66
2019-06-10,20.95,28.61,14.28,4.28,23.86
2019-06-11,21.79,28.33,13.82,0.5,24.0
2019-06-12,18.32,25.09,11.51,0.0,32.16
2019-06-13,18.87,24.82,12.97,0.0,28.25
2019-06-14,19.88,25.42,12.74,0.52,27.84
2019-06-15,20.95,27.07,12.88,0.07,26.84
2019-06-16,22.48,28.07,16.97,0.08,26.58
2019-06-17,21.42,28.65,14.19,0.78,27.6
2019-06-18,19.45,24.89,13.18,0.39,25.23
2019-06-19,20.93,25.84,14.94,0.06,28.51
2019-06-20,21.14,26.56,15.24,0.17,26.83
2019-06-21,20.98,26.13,15.52,0.08,27.75
2019-06-22,22.36,29.33,14.08,0.0,30.3
2019-06-23,23.8,30.56,17.35,0.0,31.57
2019-06-24,23.97,31.15,16.82,0.0,31.58
2019-06-25,24.32,32.14,14.59,0.0,31.19
2019-06-26,25.21,33.37,15.24,0.0,30.97
2019-06-27,25.18,33.02,16.09,0.04,31.42
2019-06-28,25.16,31.91,17.74,0.1,29.49
2019-06-29,23.29,30.12,16.41,0.31,25.89
2019-06-30,19.58,28.18,11.78,0.04,31.07
2019-07-01,16.92,24.94,9.53,0.0,32.62
2019-07-02,19.97,28.74,10.79,0.0,32.34
2019-07-03,22.07,30.3,13.19,0.0,29.12
2019-07-04,23.0,31.55,12.87,0.0,30.32
2019-07-05,23.25,32.11,14.24,0.02,29.2
2019-07-06,23.09,31.43,14.33,0.7,28.16
2019-07-07,23.41,31.32,14.72,0.0,29.29
2019-07-08,24.24,30.78,18.12,0.51,25.54
2019-07-09,22.13,29.29,14.83,0.01,29.7
2019-07-10,23.57,32.19,14.29,0.0,31.22
2019-07-11,24.96,31.84,19.0,0.0,31.12
2019-07-12,23.76,30.52,17.09,0.0,29.87
2019-07-13,21.77,28.57,14.41,0.03,28.6
2019-07-14,21.54,29.29,14.87,0.1,31.28
2019-07-15,21.22,28.37,14.28,0.0,30.69
2019-07-16,21.71,29.29,14.6,0.0,29.35
2019-07-17,22.62,30.24,14.29,0.0,29.12
2019-07-18,22.84,30.04,16.31,0.0,27.65
2019-07-19,24.03,32.54,17.3,0.0,30.57
2019-07-20,25.9,36.04,15.31,0.0,31.17
2019-07-21,28.36,36.54,19.39,0.0,29.51
2019-07-22,27.94,35.01,21.61,0.0,29.1
2019-07-23,26.09,33.63,17.29,0.0,29.51
2019-07-24,24.71,31.9,18.34,0.0,30.05
2019-07-25,23.81,30.49,17.33,0.0,30.29
2019-07-26,23.15,31.87,13.95,0.0,29.03
2019-07-27,24.71,34.0,15.25,0.0,29.66
2019-07-28,24.61,33.69,16.06,0.13,28.98
2019-07-29,25.31,32.56,19.18,0.0,29.36
2019-07-30,25.88,33.51,18.48,0.0,29.59
2019-07-31,26.77,34.47,19.14,0.0,29.44
2019-08-01,27.07,36.2,16.87,0.0,29.48
2019-08-02,26.17,34.39,17.69,0.0,27.39
2019-08-03,25.1,33.87,17.24,0.0,27.12
2019-08-04,25.92,32.88,18.85,0.0,28.82
2019-08-05,23.66,32.86,15.55,0.0,28.88
2019-08-06,23.33,32.39,14.35,0.0,28.64
2019-08-07,23.86,33.07,14.5,0.0,28.91
2019-08-08,24.44,34.12,15.63,0.0,28.69
2019-08-09,23.95,32.35,15.96,0.0,28.14
2019-08-10,25.89,35.29,17.33,0.0,27.89
2019-08-11,24.37,33.65,16.3,0.0,27.95
2019-08-12,26.28,35.97,17.69,0.0,27.91
2019-08-13,26.48,35.93,17.64,0.0,28.19
2019-08-14,27.69,36.64,17.51,0.0,27.47
2019-08-15,29.15,35.91,22.9,0.0,24.58
2019-08-16,27.03,33.81,20.37,0.0,24.78
2019-08-17,24.92,31.77,18.32,0.0,26.84
2019-08-18,25.1,32.11,18.65,0.0,26.5
2019-08-19,25.39,32.15,19.04,0.0,26.21
2019-08-20,26.36,32.8,21.33,0.04,25.81
2019-08-21,25.8,33.64,19.46,0.0,26.5
2019-08-22,23.2,30.28,16.59,0.0,26.89
2019-08-23,23.49,30.48,17.01,0.0,25.87
2019-08-24,23.44,30.23,16.96,0.08,25.24
2019-08-25,24.82,32.49,18.52,0.0,25.25
2019-08-26,24.24,33.21,14.61,0.0,23.55
2019-08-27,24.45,30.99,18.56,0.0,25.74
2019-08-28,22.65,31.05,13.19,0.05,25.02
2019-08-29,24.63,32.12,17.16,0.0,23.68
2019-08-30,24.46,30.86,18.87,2.72,14.92
2019-08-31,23.03,30.66,15.77,0.07,24.26
2019-09-01,21.76,28.9,14.68,0.0,22.93
2019-09-02,22.67,29.35,16.94,0.05,23.21
2019-09-03,21.84,30.16,13.32,0.0,25.16
2019-09-04,22.23,29.52,14.78,0.0,24.83
2019-09-05,21.95,29.22,15.13,0.0,24.4
2019-09-06,21.96,29.32,15.19,0.0,22.81
2019-09-07,20.96,28.18,12.72,0.07,21.81
2019-09-08,20.28,27.4,13.79,0.12,23.26
2019-09-09,19.4,25.95,14.37,0.1,21.76
2019-09-10,18.88,25.94,12.21,0.01,21.73
2019-09-11,19.26,26.46,12.24,0.0,20.53
2019-09-12,18.13,25.52,12.09,0.0,21.71
2019-09-13,17.6,25.21,10.32,0.0,23.23
2019-09-14,19.24,27.22,10.51,0.0,21.93
2019-09-15,20.55,27.37,13.81,0.83,16.02
2019-09-16,19.39,25.89,13.33,0.15,17.46
2019-09-17,17.63,23.92,12.56,0.07,17.14
2019-09-18,18.73,27.54,10.59,0.0,22.83
2019-09-19,19.47,27.67,12.32,0.0,22.94
2019-09-20,19.7,27.02,13.48,0.0,21.57
2019-09-21,17.11,24.96,9.27,0.0,22.12
2019-09-22,13.7,24.28,6.19,0.0,23.19
2019-09-23,15.53,24.1,7.11,0.0,22.67
2019-09-24,16.51,24.04,10.37,0.0,22.5
2019-09-25,16.45,23.55,10.92,0.0,20.83
2019-09-26,17.59,24.92,11.24,0.0,20.2
2019-09-27,17.93,24.99,12.28,0.0,20.45
2019-09-28,16.86,24.47,10.92,0.48,18.99
2019-09-29,16.33,25.26,8.62,0.0,20.63
2019-09-30,16.36,26.12,7.03,0.0,21.06
2019-10-01,18.34,25.61,13.23,0.0,20.53
2019-10-02,17.99,26.71,8.4,0.0,20.11
2019-10-03,18.74,26.38,13.69,0.01,16.64
2019-10-04,18.16,25.22,11.38,0.0,18.76
2019-10-05,17.27,23.86,12.37,0.0,18.17
2019-10-06,15.64,21.49,9.64,0.35,16.08
2019-10-07,14.21,20.41,9.0,0.14,15.24
2019-10-08,14.69,21.71,8.84,0.0,17.65
2019-10-09,18.37,24.78,12.93,0.04,13.87
2019-10-10,17.81,25.29,10.22,0.0,17.46
2019-10-11,18.8,24.83,13.62,0.0,16.88
2019-10-12,15.3,21.6,9.9,0.0,17.17
2019-10-13,12.97,22.87,5.67,0.0,18.79
2019-10-14,14.45,24.09,4.99,0.0,18.73
2019-10-15,15.3,24.36,6.35,0.0,18.18
2019-10-16,15.84,23.89,7.64,0.0,17.61
2019-10-17,16.54,23.4,11.46,0.01,14.13
2019-10-18,15.5,21.6,8.94,0.23,14.91
2019-10-19,14.21,18.8,11.83,2.0,9.79
2019-10-20,12.61,16.98,8.96,0.69,11.47
2019-10-21,11.28,14.46,8.62,1.73,8.54
2019-10-22,9.93,13.16,7.9,3.41,11.86
2019-10-23,10.3,15.14,7.12,0.61,12.66
2019-10-24,10.82,16.32,6.05,0.0,13.12
2019-10-25,10.97,16.27,5.9,0.0,14.1
2019-10-26,11.02,16.14,6.84,0.0,13.43
2019-10-27,10.3,17.42,3.48,0.0,14.37
2019-10-28,10.1,14.8,5.93,0.1,8.56
2019-10-29,7.87,11.16,6.04,8.07,4.62
2019-10-30,8.46,13.7,4.92,4.02,12.23
2019-10-31,7.62,14.78,2.57,0.0,14.25
2019-11-01,7.22,12.06,4.25,0.48,10.27
2019-11-02,5.54,9.82,2.62,14.58,10.93
2019-11-03,4.67,11.8,-1.66,0.0,15.23
2019-11-04,5.78,13.67,0.03,0.0,14.64
2019-11-05,5.77,13.27,1.23,0.0,13.4
2019-11-06,6.08,15.26,-1.25,0.0,13.54
2019-11-07,7.3,17.05,-0.21,0.0,14.02
2019-11-08,8.05,18.19,0.22,0.0,14.16
2019-11-09,8.06,17.4,1.11,0.0,13.81
2019-11-10,7.74,16.84,1.04,0.0,13.77
2019-11-11,6.69,16.14,-1.47,0.0,13.43
2019-11-12,6.52,15.65,-1.29,0.0,12.17
2019-11-13,7.18,14.49,0.71,0.0,12.16
2019-11-14,7.81,15.28,2.6,0.0,12.12
2019-11-15,5.61,15.07,-0.97,0.0,12.69
2019-11-16,4.09,13.96,-1.92,0.0,12.74
2019-11-17,1.13,9.57,-3.99,0.0,13.02
2019-11-18,1.25,9.13,-4.11,0.0,12.45
2019-11-19,1.72,10.56,-3.33,0.0,12.35
2019-11-20,2.99,10.92,-3.44,0.0,12.15
2019-11-21,3.18,9.26,-0.1,0.0,12.29
2019-11-22,2.69,7.92,-0.12,0.0,11.52
2019-11-23,3.04,8.29,-0.52,0.0,10.94
2019-11-24,3.35,8.7,0.01,0.0,10.7
2019-11-25,3.01,7.86,0.06,0.0,10.69
2019-11-26,2.32,7.5,-0.63,0.02,6.98
2019-11-27,2.12,5.8,-0.38,3.89,1.25
2019-11-28,2.03,4.28,0.73,6.23,2.76
2019-11-29,1.99,6.19,-0.34,1.64,5.69
2019-11-30,3.01,4.5,1.31,4.39,2.18
2019-12-01,3.44,4.24,2.63,5.41,1.61
2019-12-02,2.55,6.08,-3.68,12.17,2.28
2019-12-03,-0.24,7.68,-5.21,0.32,8.7
2019-12-04,0.48,4.96,-3.38,0.57,4.77
2019-12-05,0.18,2.16,-1.41,2.51,3.6
2019-12-06,0.0,4.92,-2.85,2.52,4.68
2019-12-07,-0.1,6.15,-3.65,0.15,6.61
2019-12-08,-0.75,4.92,-4.06,2.14,6.85
2019-12-09,-1.26,1.6,-2.95,2.88,5.4
2019-12-10,-0.89,2.7,-3.24,4.5,2.44
2019-12-11,-0.97,3.07,-4.08,2.27,5.12
2019-12-12,-1.51,2.35,-4.62,2.53,3.86
2019-12-13,-0.52,1.83,-1.8,2.87,2.19
2019-12-14,0.04,2.55,-1.34,1.44,1.89
2019-12-15,0.24,3.1,-2.49,1.24,4.96
2019-12-16,-0.54,5.55,-3.87,0.06,8.34
2019-12-17,-0.96,5.79,-3.75,0.0,9.74
2019-12-18,-0.54,7.1,-3.94,0.0,10.07
2019-12-19,1.22,9.58,-2.8,0.0,10.52
2019-12-20,4.52,12.3,-0.25,0.0,8.99
2019-12-21,4.11,9.69,1.19,0.0,9.83
2019-12-22,1.4,5.75,-0.98,0.0,8.07
2019-12-23,0.31,6.42,-2.81,0.0,8.25
2019-12-24,0.16,5.72,-2.74,0.0,7.92
2019-12-25,0.61,4.87,-1.62,0.49,2.06
2019-12-26,-0.59,1.26,-1.8,4.17,2.87
2019-12-27,-0.82,1.47,-2.37,9.36,2.19
2019-12-28,-2.07,0.6,-4.03,1.71,2.92
2019-12-29,-1.61,1.16,-3.75,1.33,2.78
2019-12-30,-0.33,2.95,-2.18,0.34,6.99
2019-12-31,-0.89,3.91,-4.92,3.0,6.11
2020-01-01,-2.08,0.24,-4.29,4.18,2.91
2020-01-02,-3.01,0.58,-5.48,3.06,3.93
2020-01-03,-2.82,0.39,-4.98,2.68,1.54
2020-01-04,-2.7,0.49,-5.24,0.21,4.08
2020-01-05,-3.63,-0.7,-6.03,0.59,3.77
2020-01-06,-4.21,0.63,-7.14,0.04,4.6
2020-01-07,-2.83,1.75,-5.82,0.27,4.4
2020-01-08,-2.99,0.47,-6.94,0.68,3.2
2020-01-09,-5.01,0.52,-10.09,0.55,6.33
2020-01-10,-5.72,0.88,-10.79,0.06,10.26
2020-01-11,-6.69,0.05,-11.49,0.0,11.0
2020-01-12,-4.13,1.25,-9.03,1.23,8.29
2020-01-13,-5.7,-1.71,-10.8,2.09,9.09
2020-01-14,-6.45,1.95,-12.64,0.0,10.44
2020-01-15,-2.98,2.54,-6.86,0.0,9.86
2020-01-16,-4.9,1.95,-10.58,0.0,9.61
2020-01-17,-3.9,0.82,-8.62,2.72,5.5
2020-01-18,-3.68,1.08,-7.32,3.72,5.85
2020-01-19,-3.31,-0.27,-5.49,1.69,4.22
2020-01-20,-2.75,1.15,-7.18,5.63,2.99
2020-01-21,-6.27,-0.11,-9.58,0.0,8.71
2020-01-22,-7.47,-0.3,-11.28,0.0,11.64
2020-01-23,-6.68,-0.71,-12.92,1.79,9.98
2020-01-24,-6.99,-4.42,-10.39,9.28,5.61
2020-01-25,-11.18,-4.34,-16.61,0.04,12.29
2020-01-26,-6.98,1.4,-13.54,0.0,12.24
2020-01-27,-4.74,2.95,-11.82,0.0,12.39
2020-01-28,-1.57,2.7,-5.46,0.0,8.04
2020-01-29,-2.56,1.38,-4.81,0.01,9.51
2020-01-30,-2.0,1.04,-5.33,1.13,4.57
2020-01-31,-1.82,-0.52,-5.37,20.12,1.77
2020-02-01,-7.16,-3.68,-13.99,8.28,10.4
2020-02-02,-10.04,-1.94,-17.45,0.01,13.41
2020-02-03,-8.5,-2.39,-13.08,0.04,8.01
2020-02-04,-6.95,-3.82,-10.35,2.21,6.03
2020-02-05,-3.79,-0.98,-8.29,1.6,4.4
2020-02-06,-4.03,1.53,-8.9,0.0,11.03
2020-02-07,-1.26,0.23,-3.53,6.63,1.59
2020-02-08,-4.07,-1.63,-11.92,8.0,3.23
2020-02-09,-14.65,-10.16,-20.59,1.48,8.39
2020-02-10,-14.85,-10.96,-19.19,0.19,11.67
2020-02-11,-17.23,-8.12,-26.67,0.26,16.07
2020-02-12,-12.18,-9.22,-16.63,4.94,7.87
2020-02-13,-10.64,-6.88,-13.91,6.32,7.62
2020-02-14,-12.89,-5.92,-17.08,0.06,16.35
2020-02-15,-7.23,-0.9,-16.52,0.82,8.75
2020-02-16,-3.23,-0.09,-7.87,0.74,9.62
2020-02-17,-2.62,0.19,-5.45,5.15,6.83
2020-02-18,-3.03,0.31,-6.7,0.17,13.35
2020-02-19,-1.16,0.52,-3.74,2.48,7.25
2020-02-20,-1.21,3.01,-6.02,1.69,15.55
2020-02-21,-0.22,3.03,-2.71,0.15,9.68
2020-02-22,0.55,3.49,-1.16,4.9,4.83
2020-02-23,0.72,4.9,-2.33,0.14,11.74
2020-02-24,0.63,4.76,-2.02,0.18,9.68
2020-02-25,-0.32,4.14,-5.02,1.53,8.73
2020-02-26,-0.57,6.33,-5.58,0.0,16.43
2020-02-27,2.37,7.72,-1.13,0.0,18.47
2020-02-28,1.84,5.9,-0.76,0.41,13.5
2020-02-29,1.06,3.07,-0.21,15.64,6.55
2020-03-01,0.88,4.13,-2.21,15.87,3.21
2020-03-02,0.47,6.34,-4.56,0.8,10.85
2020-03-03,1.15,7.55,-3.11,0.0,13.2
2020-03-04,3.99,11.81,-2.74,0.0,15.3
2020-03-05,5.98,12.07,0.09,0.0,15.59
2020-03-06,5.66,10.0,2.38,0.03,12.38
2020-03-07,4.97,11.45,-0.42,0.19,12.31
2020-03-08,4.75,12.68,-0.87,0.0,18.32
2020-03-09,5.94,13.34,-1.49,0.0,19.28
2020-03-10,6.77,12.44,2.06,0.0,18.75
2020-03-11,7.59,12.89,3.19,0.08,12.69
2020-03-12,8.6,14.35,2.94,0.28,18.52
2020-03-13,5.45,7.84,3.12,4.65,8.82
2020-03-14,4.97,9.53,1.5,3.4,3.55
2020-03-15,5.38,11.77,0.15,0.19,12.13
2020-03-16,5.04,7.72,2.21,10.51,8.47
2020-03-17,5.44,7.81,3.51,20.63,4.24
2020-03-18,3.02,6.3,0.22,25.15,4.56
2020-03-19,0.94,4.37,-1.6,2.26,8.39
2020-03-20,-0.11,2.55,-2.17,12.82,3.96
2020-03-21,1.49,6.61,-3.16,0.16,14.53
2020-03-22,3.31,9.46,-2.28,0.0,17.66
2020-03-23,4.09,11.46,-2.41,0.0,21.56
2020-03-24,3.72,6.84,0.42,0.1,16.24
2020-03-25,4.49,9.18,1.28,3.2,13.51
2020-03-26,4.04,9.09,0.24,1.8,14.25
2020-03-27,4.86,8.85,1.31,6.07,5.86
2020-03-28,5.12,9.56,0.77,5.65,5.36
2020-03-29,2.58,5.13,-0.13,10.57,8.49
2020-03-30,1.82,4.83,-0.96,2.54,9.9
2020-03-31,3.02,7.27,-1.15,0.42,16.32
2020-04-01,1.79,4.24,-0.32,20.28,4.51
2020-04-02,2.99,7.02,0.92,1.57,13.1
2020-04-03,2.9,6.36,1.17,12.76,6.42
2020-04-04,4.18,8.71,0.66,2.42,19.68
2020-04-05,5.42,11.23,-0.58,0.01,17.34
2020-04-06,7.31,11.15,3.67,0.51,13.6
2020-04-07,6.99,11.19,2.77,0.2,14.43
2020-04-08,6.68,12.14,0.68,0.02,22.06
2020-04-09,6.21,10.99,0.41,2.4,19.35
2020-04-10,4.82,9.53,-0.01,7.87,8.48
2020-04-11,4.63,8.75,1.16,0.69,14.98
2020-04-12,3.81,10.1,-2.95,0.9,22.96
2020-04-13,4.55,11.37,-3.38,0.0,25.7
2020-04-14,6.62,12.17,1.5,0.0,26.21
2020-04-15,7.14,13.09,2.52,0.01,24.76
2020-04-16,6.97,11.29,2.94,0.4,16.93
2020-04-17,8.57,14.98,2.94,0.03,23.99
2020-04-18,9.81,15.79,3.77,0.01,24.21
2020-04-19,9.59,13.33,6.53,7.53,19.53
2020-04-20,8.76,13.05,3.54,0.7,18.96
2020-04-21,8.81,13.14,4.92,1.08,14.71
2020-04-22,10.21,13.79,6.8,5.83,14.1
2020-04-23,9.31,12.78,3.91,8.17,16.52
2020-04-24,6.17,12.47,0.12,0.71,20.89
2020-04-25,4.26,9.36,1.31,23.11,11.89
2020-04-26,6.0,10.26,2.63,9.12,20.21
2020-04-27,6.96,11.67,1.63,2.64,24.98
2020-04-28,7.28,10.6,3.74,1.73,19.41
2020-04-29,8.53,13.78,2.54,0.04,25.67
2020-04-30,8.95,13.24,4.17,0.14,22.92
2020-05-01,7.7,13.31,4.12,6.24,9.29
2020-05-02,7.48,11.1,3.87,1.43,19.81
2020-05-03,8.05,12.15,3.77,0.69,17.39
2020-05-04,9.75,15.07,4.67,0.27,19.31
2020-05-05,11.89,16.87,6.51,1.43,14.34
2020-05-06,9.06,13.63,4.18,14.06,6.28
2020-05-07,8.02,13.3,3.39,0.78,24.53
2020-05-08,9.43,12.97,5.22,2.43,16.19
2020-05-09,10.81,14.6,6.59,11.81,7.61
2020-05-10,9.11,13.17,6.2,5.03,14.64
2020-05-11,8.66,14.68,1.99,0.25,29.69
2020-05-12,10.96,16.96,4.43,0.0,30.24
2020-05-13,14.2,20.48,8.1,2.37,28.67
2020-05-14,12.74,19.64,5.65,0.0,30.97
2020-05-15,14.27,22.18,5.58,0.0,29.41
2020-05-16,16.08,23.33,7.96,0.0,28.15
2020-05-17,15.14,21.44,9.37,0.0,30.02
2020-05-18,15.66,23.51,7.72,0.0,27.47
2020-05-19,14.56,21.5,8.46,0.0,30.75
2020-05-20,14.4,22.18,6.44,0.0,31.21
2020-05-21,17.8,24.24,8.21,0.04,30.06
2020-05-22,18.29,23.1,13.44,0.09,28.24
2020-05-23,14.25,18.29,10.73,0.91,22.28
2020-05-24,11.93,16.96,5.07,14.26,11.98
2020-05-25,7.33,10.56,2.87,3.47,13.35
2020-05-26,11.88,20.52,2.15,0.0,31.32
2020-05-27,15.78,22.03,9.06,0.0,31.36
2020-05-28,17.55,24.37,10.75,0.04,21.24
2020-05-29,15.38,21.99,7.92,0.0,30.26
2020-05-30,13.23,19.69,7.11,0.0,32.44
2020-05-31,14.52,21.32,7.27,0.0,32.56
2020-06-01,15.39,21.3,9.14,0.0,27.21
2020-06-02,16.32,22.07,12.53,0.0,23.67
2020-06-03,14.45,20.57,9.15,0.4,20.76
2020-06-04,13.91,19.91,7.95,0.0,30.75
2020-06-05,14.78,20.61,8.96,0.0,31.2
2020-06-06,16.15,23.47,7.48,0.0,32.47
2020-06-07,18.48,25.31,9.91,0.0,31.38
2020-06-08,18.94,26.51,9.87,0.0,31.82
2020-06-09,20.19,27.8,10.39,0.03,30.22
2020-06-10,21.47,28.41,13.16,0.22,28.08
2020-06-11,20.45,27.46,14.57,1.03,22.77
2020-06-12,17.76,23.9,12.01,0.0,30.23
2020-06-13,16.12,22.81,9.62,0.0,31.53
2020-06-14,17.26,23.92,10.44,0.05,23.31
2020-06-15,17.24,22.57,11.36,2.16,21.39
2020-06-16,20.38,28.07,10.66,0.08,30.58
2020-06-17,22.03,28.29,16.35,0.32,29.7
2020-06-18,20.78,27.84,11.57,0.08,29.31
2020-06-19,18.98,25.32,13.2,0.01,30.56
2020-06-20,17.19,21.86,11.96,0.36,24.65
2020-06-21,16.02,20.52,10.51,7.53,21.02
2020-06-22,18.38,25.18,11.14,0.02,29.67
2020-06-23,20.52,28.09,12.14,0.07,31.18
2020-06-24,21.17,28.57,13.05,0.0,30.66
2020-06-25,20.66,29.79,11.6,0.0,32.0
2020-06-26,22.65,30.53,13.19,0.0,31.65
2020-06-27,23.04,29.74,15.51,0.36,28.91
2020-06-28,20.99,28.89,13.27,0.08,27.95
2020-06-29,21.76,28.99,14.03,0.75,31.08
2020-06-30,21.73,28.64,15.7,1.64,27.32
2020-07-01,17.38,22.69,14.21,3.51,19.9
2020-07-02,20.5,27.6,13.39,0.0,27.89
2020-07-03,22.52,30.3,13.32,0.01,27.33
2020-07-04,23.08,31.06,14.2,0.5,25.87
2020-07-05,22.74,29.75,15.81,0.08,30.48
2020-07-06,23.42,31.16,15.37,0.0,30.75
2020-07-07,24.76,31.52,15.67,0.0,28.43
2020-07-08,24.85,31.37,19.52,0.03,23.17
2020-07-09,23.57,30.69,15.81,0.12,27.88
2020-07-10,23.04,30.84,15.72,0.46,25.81
2020-07-11,22.74,30.28,15.12,0.21,28.55
2020-07-12,24.0,31.37,15.21,0.2,28.16
2020-07-13,20.83,26.22,16.65,5.06,22.61
2020-07-14,21.53,29.07,13.75,0.07,29.64
2020-07-15,23.15,31.4,14.1,0.0,30.23
2020-07-16,24.39,32.72,14.41,0.17,29.67
2020-07-17,26.02,32.48,19.95,0.36,28.93
2020-07-18,26.0,33.55,16.91,0.0,29.76
2020-07-19,26.79,34.69,18.89,0.0,30.42
2020-07-20,27.14,35.99,18.23,0.0,30.9
2020-07-21,27.07,37.13,16.87,0.0,31.04
2020-07-22,25.49,35.2,16.99,0.03,28.66
2020-07-23,25.46,33.59,17.15,0.08,26.78
2020-07-24,26.87,33.58,20.15,0.03,25.85
2020-07-25,27.14,34.76,19.86,0.06,28.94
2020-07-26,25.6,33.13,18.5,0.0,29.69
2020-07-27,27.14,34.32,19.1,0.01,28.05
2020-07-28,27.15,33.41,20.23,0.22,13.53
2020-07-29,26.76,34.4,19.64,0.05,28.17
2020-07-30,25.41,34.5,16.07,0.0,30.03
2020-07-31,26.15,34.24,17.11,0.0,28.56
2020-08-01,25.79,33.96,17.02,0.0,28.22
2020-08-02,25.15,31.99,17.69,0.23,23.15
2020-08-03,24.04,31.95,15.53,0.2,28.45
2020-08-04,24.79,32.64,16.75,0.0,26.33
2020-08-05,23.88,31.64,17.87,0.0,29.13
2020-08-06,23.93,32.67,15.28,0.0,29.08
2020-08-07,23.82,31.81,16.48,0.0,28.89
2020-08-08,22.94,30.37,15.93,0.0,28.61
2020-08-09,24.45,33.14,14.62,0.0,28.31
2020-08-10,24.49,31.47,18.97,0.0,27.47
2020-08-11,24.12,31.98,17.9,0.09,27.22
2020-08-12,23.51,31.96,15.18,0.0,26.68
2020-08-13,24.31,32.09,16.67,0.09,25.81
2020-08-14,23.84,32.43,15.99,0.09,24.8
2020-08-15,22.91,31.23,15.67,0.05,27.05
2020-08-16,23.53,31.12,15.16,0.13,26.0
2020-08-17,24.04,32.07,15.94,0.01,26.33
2020-08-18,23.13,31.64,13.67,0.0,26.7
2020-08-19,23.74,32.46,13.47,0.0,26.8
2020-08-20,25.12,32.48,19.51,0.0,26.94
2020-08-21,24.07,31.15,18.28,0.0,26.63
2020-08-22,20.36,26.72,13.63,2.56,20.6
2020-08-23,17.6,23.82,12.91,2.42,24.06
2020-08-24,18.67,27.38,10.77,0.0,27.11
2020-08-25,20.62,28.59,11.93,0.0,26.42
2020-08-26,20.62,28.83,11.98,0.0,26.76
2020-08-27,21.96,30.22,12.16,0.0,25.33
2020-08-28,22.83,31.47,12.75,0.0,25.76
2020-08-29,22.55,32.25,13.79,0.0,26.29
2020-08-30,24.81,33.84,15.36,0.0,25.94
2020-08-31,24.98,33.51,15.65,0.0,25.44
2020-09-01,24.69,32.72,16.43,0.0,22.38
2020-09-02,24.29,31.22,16.99,0.0,15.43
2020-09-03,22.63,31.54,14.58,0.0,24.2
2020-09-04,22.33,30.5,13.76,0.0,24.88
2020-09-05,23.75,32.47,15.1,0.0,23.15
2020-09-06,24.16,31.71,18.22,0.0,23.66
2020-09-07,23.24,30.29,16.88,0.0,24.24
2020-09-08,22.81,31.42,14.66,0.0,24.38
2020-09-09,21.62,30.76,14.05,0.0,23.42
2020-09-10,22.27,30.77,14.02,0.0,22.8
2020-09-11,23.28,31.21,15.68,0.0,20.38
2020-09-12,23.31,30.91,14.82,0.0,19.63
2020-09-13,24.15,32.07,15.54,0.0,20.9
2020-09-14,24.42,31.85,18.05,0.0,21.56
2020-09-15,23.08,31.46,14.69,0.0,22.34
2020-09-16,22.6,31.43,13.96,0.0,22.16
2020-09-17,22.84,30.81,16.88,0.0,22.05
2020-09-18,21.67,29.44,15.19,0.0,22.39
2020-09-19,20.86,28.76,13.22,0.0,21.6
2020-09-20,20.1,28.39,11.96,0.0,20.85
2020-09-21,20.62,27.56,14.33,0.0,19.9
2020-09-22,20.83,27.68,14.91,0.0,20.06
2020-09-23,19.75,27.82,12.18,0.0,20.67
2020-09-24,20.31,27.74,14.55,0.0,19.72
2020-09-25,19.38,26.43,13.87,0.19,18.82
2020-09-26,18.48,24.5,12.3,0.71,15.79
2020-09-27,18.33,26.42,11.18,0.0,20.46
2020-09-28,18.34,27.25,10.88,0.0,20.49
2020-09-29,18.13,25.63,11.52,0.0,20.14
2020-09-30,18.07,25.34,12.67,0.0,17.79
2020-10-01,17.16,23.7,11.94,0.0,18.96
2020-10-02,17.04,23.93,11.65,0.18,17.32
2020-10-03,16.47,24.23,9.18,0.0,19.34
2020-10-04,16.17,23.09,10.34,0.0,18.58
2020-10-05,14.58,23.44,7.36,0.58,18.58
2020-10-06,13.2,21.55,6.93,0.0,19.16
2020-10-07,12.68,19.94,5.99,0.04,17.85
2020-10-08,11.58,19.18,5.37,0.0,18.77
2020-10-09,12.25,21.36,4.82,0.0,18.89
2020-10-10,14.02,23.41,6.11,0.0,18.36
2020-10-11,15.98,23.28,9.03,0.0,16.54
2020-10-12,16.09,24.14,7.96,0.0,17.69
2020-10-13,16.62,24.47,10.25,0.0,17.98
2020-10-14,16.24,23.98,7.69,0.0,16.91
2020-10-15,17.01,24.93,9.82,0.0,17.62
2020-10-16,16.06,24.35,6.95,0.0,17.52
2020-10-17,15.98,24.46,8.5,0.0,17.08
2020-10-18,15.13,23.09,9.09,0.0,16.68
2020-10-19,14.26,21.05,10.22,0.0,16.24
2020-10-20,14.09,20.33,7.59,0.0,14.46
2020-10-21,13.47,19.89,6.58,0.0,16.08
2020-10-22,14.36,22.21,8.04,0.0,16.11
2020-10-23,13.82,22.52,5.63,0.0,16.48
2020-10-24,13.85,23.68,5.2,0.0,16.25
2020-10-25,14.33,21.37,8.81,0.0,11.56
2020-10-26,14.02,20.29,10.23,0.0,14.71
2020-10-27,13.32,20.74,6.81,0.0,14.37
2020-10-28,12.67,20.64,6.77,0.26,12.5
2020-10-29,14.71,21.61,8.45,0.01,12.38
2020-10-30,14.58,21.17,10.49,0.0,11.75
2020-10-31,13.52,18.33,10.15,0.0,9.23
2020-11-01,11.12,17.09,6.79,0.03,8.83
2020-11-02,9.77,13.25,7.94,4.03,2.98
2020-11-03,8.62,11.12,6.76,3.75,6.18
2020-11-04,8.27,14.27,3.14,5.95,6.32
2020-11-05,8.53,14.98,4.29,12.21,3.34
2020-11-06,6.07,9.56,3.1,4.68,5.81
2020-11-07,5.54,11.66,1.14,0.09,10.96
2020-11-08,4.66,13.05,-0.66,0.0,13.82
2020-11-09,7.22,13.12,2.25,0.0,11.08
2020-11-10,7.54,13.11,4.09,0.08,10.88
2020-11-11,4.65,11.87,-0.54,0.11,12.92
2020-11-12,4.57,11.22,0.09,0.05,12.24
2020-11-13,4.34,11.75,-2.49,0.0,13.47
2020-11-14,3.97,10.01,-0.68,0.0,11.93
2020-11-15,4.16,9.81,0.27,0.01,11.53
2020-11-16,2.8,5.65,0.26,0.83,5.57
2020-11-17,3.18,9.02,-2.0,0.26,11.71
2020-11-18,3.37,10.17,-1.86,0.0,12.18
2020-11-19,3.42,9.23,-0.36,0.01,11.58
2020-11-20,2.67,7.03,-0.79,0.55,3.65
2020-11-21,2.83,8.27,-1.61,3.02,4.82
2020-11-22,2.35,9.9,-2.83,0.0,11.97
2020-11-23,-0.64,6.0,-3.73,0.0,12.27
2020-11-24,1.53,9.58,-3.83,0.0,12.03
2020-11-25,2.57,6.16,0.35,0.01,7.76
2020-11-26,0.41,5.34,-3.97,0.88,7.78
2020-11-27,-0.9,6.92,-4.73,0.0,11.93
2020-11-28,0.46,6.84,-4.13,0.52,5.01
2020-11-29,0.7,7.98,-2.8,0.0,9.49
2020-11-30,0.47,5.37,-2.56,0.09,6.84
2020-12-01,0.81,4.39,-2.07,0.58,3.38
2020-12-02,2.07,7.98,-2.16,0.07,8.78
2020-12-03,1.97,8.67,-2.53,0.0,9.67
2020-12-04,1.59,7.84,-2.56,0.0,8.2
2020-12-05,-0.02,7.02,-3.98,0.0,9.09
2020-12-06,-1.35,5.75,-4.52,0.0,10.18
2020-12-07,-0.48,3.99,-4.02,1.04,9.96
2020-12-08,-1.13,2.34,-2.94,0.05,3.87
2020-12-09,-0.24,3.47,-3.28,5.34,1.87
2020-12-10,-1.49,4.74,-4.04,0.66,7.63
2020-12-11,-0.61,3.56,-3.84,0.0,5.69
2020-12-12,-0.36,3.6,-2.32,0.23,3.72
2020-12-13,0.97,5.09,-1.02,1.22,3.03
2020-12-14,0.65,1.77,-0.4,1.19,1.7
2020-12-15,1.32,5.63,-1.22,1.05,3.88
2020-12-16,1.28,5.63,-1.99,0.56,4.22
2020-12-17,0.66,6.38,-2.73,0.16,7.01
2020-12-18,-1.99,4.2,-5.05,0.74,10.23
2020-12-19,-0.57,4.43,-3.59,0.01,9.88
2020-12-20,-1.15,3.65,-3.99,0.08,7.32
2020-12-21,-1.78,3.12,-5.39,0.04,7.36
2020-12-22,-1.4,0.86,-2.57,11.12,2.02
2020-12-23,-3.16,-0.26,-9.46,5.2,4.95
2020-12-24,-9.24,-3.41,-14.34,1.02,8.47
2020-12-25,-8.79,-1.42,-14.07,0.0,9.75
2020-12-26,-5.45,2.58,-11.06,0.0,9.46
2020-12-27,-3.72,4.78,-9.57,0.0,9.76
2020-12-28,-1.31,5.34,-7.02,0.0,7.91
2020-12-29,0.9,6.51,-2.88,0.0,6.21
2020-12-30,-0.83,7.2,-5.27,0.0,8.97
2020-12-31,0.29,7.56,-5.34,0.0,9.19
2021-01-01,0.63,6.67,-3.6,0.0,8.78
2021-01-02,0.17,6.73,-4.61,0.0,8.47
2021-01-03,-0.39,5.5,-3.03,0.0,9.49
2021-01-04,-2.07,5.23,-7.02,0.0,9.77
2021-01-05,-1.37,6.26,-7.43,0.0,9.85
2021-01-06,0.67,6.39,-2.32,0.0,9.96
2021-01-07,0.52,7.01,-3.07,0.0,10.25
2021-01-08,0.35,5.78,-4.57,0.0,9.96
2021-01-09,1.78,6.19,-0.59,0.0,10.33
2021-01-10,0.97,5.79,-2.45,0.0,9.57
2021-01-11,1.95,7.17,-0.78,0.0,9.25
2021-01-12,3.08,7.06,1.12,0.02,8.41
2021-01-13,3.06,8.41,1.02,0.07,5.63
2021-01-14,0.08,2.45,-2.42,4.96,3.29
2021-01-15,-1.31,0.58,-3.78,8.98,7.45
2021-01-16,-0.93,2.0,-2.92,2.22,3.34
2021-01-17,-1.11,1.09,-3.36,8.44,2.32
2021-01-18,-1.86,-1.18,-2.85,9.57,3.2
2021-01-19,-4.29,-2.27,-6.21,20.45,1.99
2021-01-20,-7.5,-4.09,-15.09,5.16,4.22
2021-01-21,-14.77,-7.23,-19.56,0.05,12.35
2021-01-22,-15.91,-6.72,-21.26,0.0,12.45
2021-01-23,-12.86,-2.99,-20.33,0.0,12.92
2021-01-24,-6.81,-0.52,-12.39,0.0,12.91
2021-01-25,-5.74,-0.22,-10.34,0.0,12.88
2021-01-26,-4.59,0.02,-10.09,0.0,12.32
2021-01-27,-3.27,0.57,-6.45,0.21,8.96
2021-01-28,-1.52,0.35,-4.99,2.64,3.41
2021-01-29,-1.87,0.5,-5.58,3.73,3.5
2021-01-30,-5.45,-2.03,-10.06,0.9,11.19
2021-01-31,-5.87,-2.64,-9.16,2.1,3.61
2021-02-01,-3.94,-0.09,-7.1,0.0,7.98
2021-02-02,-3.99,3.61,-9.17,0.0,11.08
2021-02-03,-1.3,4.96,-7.19,0.0,8.15
2021-02-04,1.78,5.13,-0.78,0.76,9.25
2021-02-05,0.32,4.02,-3.61,1.32,5.89
2021-02-06,-0.52,6.03,-5.16,0.0,13.39
2021-02-07,2.1,7.57,-1.78,0.0,11.82
2021-02-08,1.93,6.87,-1.07,0.0,12.49
2021-02-09,2.49,7.9,-1.51,0.02,12.24
2021-02-10,2.32,7.15,-1.51,1.64,10.43
2021-02-11,2.82,9.37,-1.06,0.56,10.31
2021-02-12,2.57,8.54,-0.91,0.0,10.54
2021-02-13,1.66,6.45,-1.49,0.04,10.55
2021-02-14,1.93,8.12,-1.91,0.0,10.78
2021-02-15,3.14,9.32,-1.86,0.05,9.65
2021-02-16,3.03,7.13,0.66,2.36,6.83
2021-02-17,0.41,3.72,-3.55,19.03,4.87
2021-02-18,-3.69,-1.24,-5.84,5.44,3.83
2021-02-19,-5.99,-3.39,-8.55,4.62,3.96
2021-02-20,-6.56,-2.47,-12.97,3.44,7.26
2021-02-21,-8.67,-3.04,-13.35,0.46,11.7
2021-02-22,-7.28,-0.46,-14.03,0.0,13.03
2021-02-23,-3.32,3.77,-9.44,0.0,12.77
2021-02-24,-2.45,3.79,-7.74,0.0,18.05
2021-02-25,-2.04,3.67,-6.11,0.0,15.86
2021-02-26,-1.63,5.05,-7.8,0.0,18.4
2021-02-27,0.41,6.01,-4.53,0.0,18.25
2021-02-28,1.29,6.56,-2.13,0.01,17.29
2021-03-01,0.11,3.64,-2.31,5.65,9.69
2021-03-02,-0.14,3.64,-2.64,3.64,11.35
2021-03-03,0.11,4.46,-3.24,0.57,6.23
2021-03-04,0.54,6.3,-3.93,7.45,12.36
2021-03-05,0.85,6.5,-3.99,2.42,19.57
2021-03-06,1.81,7.54,-1.99,0.0,19.45
2021-03-07,1.42,5.47,-2.14,0.76,12.45
2021-03-08,0.24,4.56,-3.53,2.44,10.77
2021-03-09,-0.68,4.03,-3.6,0.0,15.37
2021-03-10,1.39,5.72,-2.14,0.74,12.26
2021-03-11,3.99,8.93,-0.19,6.3,13.24
2021-03-12,-2.02,2.23,-9.25,20.0,4.82
2021-03-13,-2.74,4.56,-11.68,0.0,16.54
2021-03-14,1.94,7.18,-2.4,0.0,16.88
2021-03-15,0.79,3.54,-1.05,3.41,8.06
2021-03-16,3.98,9.91,-1.93,3.47,11.08
2021-03-17,4.18,9.43,-0.45,0.73,16.04
2021-03-18,0.98,3.24,-1.35,3.85,12.3
2021-03-19,0.25,3.7,-3.04,1.67,13.34
2021-03-20,0.79,5.35,-3.45,0.02,11.99
2021-03-21,2.77,7.7,-1.88,0.01,13.73
2021-03-22,4.87,9.8,-0.41,0.62,13.35
2021-03-23,5.59,8.34,3.88,13.88,4.07
2021-03-24,4.8,7.88,0.99,15.47,11.22
2021-03-25,0.29,2.28,-4.06,5.55,9.1
2021-03-26,-1.31,1.78,-4.8,8.11,4.01
2021-03-27,-3.06,-0.27,-7.68,2.11,9.94
2021-03-28,-1.79,6.0,-8.84,0.0,15.02
2021-03-29,1.33,8.94,-5.27,0.0,24.1
2021-03-30,3.63,10.21,-3.51,0.0,21.51
2021-03-31,6.46,13.99,-1.32,0.0,20.55
2021-04-01,6.59,12.16,0.74,0.03,18.34
2021-04-02,2.78,6.98,-1.27,0.39,16.83
2021-04-03,2.73,7.1,-0.72,0.61,17.0
2021-04-04,4.5,10.29,-0.17,0.0,18.2
2021-04-05,5.4,10.17,0.73,0.0,13.98
2021-04-06,7.15,13.18,1.16,0.0,13.19
2021-04-07,9.5,16.03,3.71,0.0,20.66
2021-04-08,11.37,17.74,4.8,0.0,21.23
2021-04-09,12.14,17.75,5.77,0.01,19.8
2021-04-10,8.98,14.58,4.55,0.21,18.16
2021-04-11,5.4,10.42,-0.94,0.03,17.71
2021-04-12,2.88,6.69,-1.85,0.45,17.03
2021-04-13,3.99,8.5,0.39,4.55,19.33
2021-04-14,5.0,11.77,-0.51,0.69,23.08
2021-04-15,7.06,14.11,0.22,0.02,24.19
2021-04-16,9.77,15.2,3.69,0.0,22.34
2021-04-17,11.92,17.12,7.55,0.0,24.47
2021-04-18,13.67,19.72,8.04,0.0,19.15
2021-04-19,14.49,20.26,9.96,0.0,20.45
2021-04-20,12.26,17.14,9.38,0.18,15.39
2021-04-21,15.38,22.39,9.09,0.34,22.38
2021-04-22,13.47,20.34,6.57,0.02,28.08
2021-04-23,12.3,19.7,5.16,0.04,28.9
2021-04-24,13.75,21.36,5.85,0.0,28.64
2021-04-25,14.92,21.89,9.53,0.0,15.89
2021-04-26,16.07,22.53,10.37,0.17,16.64
2021-04-27,15.04,21.14,9.88,0.07,23.41
2021-04-28,14.59,20.78,8.89,0.0,24.87
2021-04-29,15.49,21.42,10.42,2.73,23.85
2021-04-30,13.99,20.57,7.5,1.7,21.14
2021-05-01,10.91,15.86,6.55,1.96,17.97
2021-05-02,11.97,19.51,4.87,0.15,27.73
2021-05-03,14.98,21.6,5.8,0.0,28.24
2021-05-04,14.87,20.44,8.75,5.74,23.96
2021-05-05,12.82,18.59,7.32,0.56,22.83
2021-05-06,13.74,20.8,5.55,0.61,24.99
2021-05-07,11.9,16.65,8.12,1.66,21.74
2021-05-08,14.81,22.56,5.4,0.0,27.53
2021-05-09,14.71,21.84,6.21,0.38,20.37
2021-05-10,9.66,19.99,1.07,0.08,31.62
2021-05-11,12.13,20.22,1.5,0.0,31.59
2021-05-12,15.06,21.73,7.57,0.0,31.05
2021-05-13,18.02,24.75,11.17,0.0,30.16
2021-05-14,18.18,25.94,9.55,0.0,29.27
2021-05-15,19.35,26.49,10.18,0.0,29.52
2021-05-16,18.84,25.46,12.59,0.0,26.16
2021-05-17,16.93,23.62,9.78,0.0,27.02
2021-05-18,16.26,22.68,9.72,0.0,30.73
2021-05-19,18.51,24.92,11.22,0.0,30.22
2021-05-20,19.96,26.92,12.94,0.0,31.07
2021-05-21,22.03,29.49,14.59,0.0,29.69
2021-05-22,18.22,27.0,12.79,0.04,14.44
2021-05-23,16.01,21.46,9.58,0.0,25.19
2021-05-24,16.01,23.94,8.31,0.22,24.95
2021-05-25,16.03,23.03,9.32,0.0,26.06
2021-05-26,16.58,24.76,7.33,0.0,31.39
2021-05-27,18.23,26.55,9.53,0.0,31.8
2021-05-28,19.77,27.31,12.53,0.0,30.03
2021-05-29,18.45,25.88,11.31,0.01,30.05
2021-05-30,17.44,24.2,9.65,0.0,30.85
2021-05-31,18.84,25.73,11.71,0.0,30.73
2021-06-01,19.08,26.81,11.79,0.0,30.88
2021-06-02,16.41,23.8,9.7,0.0,30.99
2021-06-03,16.03,22.81,8.95,0.0,32.46
2021-06-04,16.83,23.38,10.38,0.0,31.8
2021-06-05,17.56,24.17,9.52,0.0,30.64
2021-06-06,17.13,23.67,10.52,0.0,30.87
2021-06-07,17.26,25.28,8.65,0.0,32.7
2021-06-08,18.61,26.32,8.43,0.0,31.17
2021-06-09,19.8,26.61,12.82,0.12,28.05
2021-06-10,18.92,25.88,12.52,0.03,29.67
2021-06-11,18.36,25.8,10.57,0.0,31.54
2021-06-12,19.89,28.01,12.73,0.03,30.21
2021-06-13,19.35,25.99,12.53,0.07,28.25
2021-06-14,20.79,28.18,13.15,0.0,31.77
2021-06-15,22.51,29.92,15.6,0.14,31.43
2021-06-16,22.63,30.79,13.64,0.0,32.8
2021-06-17,20.66,29.78,11.94,0.0,33.11
2021-06-18,23.05,34.07,10.58,0.0,32.61
2021-06-19,25.53,34.89,13.73,0.0,31.4
2021-06-20,25.37,33.06,19.52,0.0,31.09
2021-06-21,24.47,31.83,18.16,0.0,31.64
2021-06-22,24.66,32.24,18.24,0.0,31.49
2021-06-23,23.95,31.19,17.14,0.0,31.8
2021-06-24,24.07,31.55,16.29,0.0,31.77
2021-06-25,24.87,32.26,17.82,0.0,31.76
2021-06-26,24.58,31.85,18.45,0.0,31.68
2021-06-27,25.33,31.96,18.65,0.02,29.86
2021-06-28,26.94,34.4,19.17,0.04,29.83
2021-06-29,25.72,32.4,19.58,0.02,29.42
2021-06-30,26.17,33.44,17.76,0.0,29.24
2021-07-01,26.54,35.12,15.84,0.0,30.2
2021-07-02,27.14,34.55,20.35,0.0,29.37
2021-07-03,26.13,34.3,17.49,0.05,30.44
2021-07-04,24.66,31.75,17.96,0.0,31.11
2021-07-05,22.12,29.04,14.56,0.0,31.92
2021-07-06,23.19,29.53,16.73,0.02,29.07
2021-07-07,23.93,30.49,16.53,0.01,29.41
2021-07-08,24.48,32.89,14.37,0.0,30.05
2021-07-09,26.06,33.78,17.18,0.0,28.63
2021-07-10,25.64,33.36,16.66,0.03,28.63
2021-07-11,25.7,32.06,20.58,0.04,27.3
2021-07-12,26.03,33.99,17.76,0.0,30.11
2021-07-13,26.34,35.41,16.0,0.18,29.6
2021-07-14,26.06,34.59,17.81,0.05,28.03
2021-07-15,23.83,31.49,17.25,2.17,23.81
2021-07-16,24.57,30.31,17.48,0.02,26.02
2021-07-17,26.11,33.2,16.79,0.0,26.63
2021-07-18,27.77,33.77,21.56,0.01,26.31
2021-07-19,28.9,36.15,20.37,0.0,29.35
2021-07-20,30.06,37.99,21.93,0.0,29.85
2021-07-21,28.37,35.66,20.94,0.0,29.92
2021-07-22,27.46,35.68,18.82,0.01,27.41
2021-07-23,25.55,33.7,18.65,0.05,26.98
2021-07-24,24.89,32.21,17.18,0.0,29.09
2021-07-25,25.4,32.37,17.56,0.0,29.31
2021-07-26,26.77,33.41,20.61,0.0,29.04
2021-07-27,26.04,32.79,19.57,0.0,27.07
2021-07-28,25.03,33.09,17.66,0.0,27.44
2021-07-29,24.62,32.11,17.36,0.01,27.78
2021-07-30,24.17,31.76,16.81,0.0,28.19
2021-07-31,25.21,32.32,17.57,0.06,23.47
2021-08-01,25.68,32.02,18.45,0.36,22.87
2021-08-02,24.61,31.27,18.07,0.97,27.47
2021-08-03,24.67,31.74,17.76,0.0,27.69
2021-08-04,25.81,33.33,17.94,0.0,28.38
2021-08-05,26.54,34.55,17.9,0.0,22.15
2021-08-06,24.64,32.74,18.61,0.3,23.51
2021-08-07,23.9,30.09,18.33,3.55,19.65
2021-08-08,24.96,32.13,18.09,0.1,21.45
2021-08-09,23.83,30.68,17.2,0.13,25.59
2021-08-10,24.01,30.79,18.17,0.0,26.31
2021-08-11,22.86,29.1,16.49,0.01,24.53
2021-08-12,24.29,30.72,17.24,0.11,24.58
2021-08-13,24.84,31.88,17.37,0.1,24.94
2021-08-14,24.69,32.02,18.04,0.08,24.63
2021-08-15,24.3,32.37,16.91,0.0,26.56
2021-08-16,24.84,32.29,16.44,0.01,26.33
2021-08-17,24.63,33.11,15.61,0.0,25.76
2021-08-18,24.79,33.09,15.84,0.0,26.49
2021-08-19,24.3,30.78,18.45,0.0,25.29
2021-08-20,24.18,31.63,16.18,0.0,25.32
2021-08-21,24.56,31.98,15.59,0.0,23.56
2021-08-22,24.98,32.0,17.78,0.0,23.56
2021-08-23,25.22,32.51,16.73,0.04,19.24
2021-08-24,24.92,31.59,18.54,0.0,23.46
2021-08-25,24.01,30.96,17.84,0.0,25.51
2021-08-26,24.74,32.27,18.88,0.0,25.61
2021-08-27,25.3,33.69,14.68,0.0,25.79
2021-08-28,26.71,35.57,15.97,0.0,25.68
2021-08-29,26.57,34.52,18.13,0.0,25.08
2021-08-30,26.38,33.46,20.24,0.0,24.47
2021-08-31,24.13,31.3,18.6,0.0,25.11
2021-09-01,23.71,31.51,17.87,0.0,25.45
2021-09-02,22.24,30.11,15.81,0.0,25.22
2021-09-03,19.38,27.55,12.87,0.0,22.74
2021-09-04,19.56,27.8,11.51,0.0,24.61
2021-09-05,19.95,27.53,14.15,0.0,24.99
2021-09-06,20.91,27.58,15.71,0.0,24.41
2021-09-07,21.38,29.1,12.09,0.0,24.01
2021-09-08,21.64,30.14,12.62,0.0,23.9
2021-09-09,20.85,30.14,11.19,0.0,23.61
2021-09-10,21.5,29.78,12.34,0.0,23.33
2021-09-11,20.15,27.16,14.12,0.0,23.26
2021-09-12,20.28,27.8,13.74,0.0,22.75
2021-09-13,20.48,27.28,15.05,0.01,20.52
2021-09-14,20.04,27.67,14.24,0.0,22.59
2021-09-15,19.35,27.45,13.23,0.0,22.88
2021-09-16,17.5,24.43,11.99,0.0,21.19
2021-09-17,16.88,22.85,12.45,0.03,18.08
2021-09-18,17.32,25.03,10.31,0.0,21.06
2021-09-19,18.27,25.96,12.08,0.0,22.27
2021-09-20,18.33,26.25,10.52,0.0,20.67
2021-09-21,18.54,27.51,9.84,0.0,21.99
2021-09-22,18.38,26.51,10.9,0.01,19.8
2021-09-23,17.17,21.88,11.73,0.53,15.3
2021-09-24,14.17,18.89,9.86,6.29,9.26
2021-09-25,11.94,18.55,6.62,0.52,21.71
2021-09-26,11.92,21.27,3.98,0.0,22.11
2021-09-27,15.87,25.11,6.43,0.0,21.74
2021-09-28,16.61,24.12,8.44,0.0,21.18
2021-09-29,15.89,22.87,9.86,0.01,20.04
2021-09-30,15.96,22.55,11.53,0.1,18.44
2021-10-01,16.1,21.89,11.22,0.09,16.94
2021-10-02,17.14,23.43,11.41,0.08,17.31
2021-10-03,17.54,26.36,11.75,0.01,15.61
2021-10-04,14.61,21.12,9.8,0.03,19.45
2021-10-05,11.85,18.51,5.89,0.15,17.01
2021-10-06,10.01,16.56,4.68,0.29,18.78
2021-10-07,10.59,19.12,2.25,0.0,18.99
2021-10-08,12.35,20.7,4.27,0.0,19.06
2021-10-09,13.64,23.16,4.05,0.0,19.18
2021-10-10,14.7,23.64,5.76,0.0,19.12
2021-10-11,14.25,23.27,5.25,0.0,18.72
2021-10-12,14.53,22.96,7.36,0.0,16.61
2021-10-13,12.58,16.55,7.65,0.3,13.23
2021-10-14,14.83,21.49,9.42,0.0,15.42
2021-10-15,16.57,23.67,10.87,0.07,15.71
2021-10-16,16.19,22.63,11.69,0.0,16.92
2021-10-17,13.06,18.83,8.35,0.12,16.74
2021-10-18,11.17,16.85,7.39,4.77,10.42
2021-10-19,10.37,14.63,6.78,3.19,10.8
2021-10-20,8.34,14.46,3.49,0.03,14.73
2021-10-21,8.21,16.98,1.03,0.0,16.74
2021-10-22,9.88,17.91,2.14,0.0,16.46
2021-10-23,9.17,16.8,0.86,0.0,16.5
2021-10-24,10.33,18.47,3.39,0.0,16.69
2021-10-25,9.64,16.54,4.84,0.0,12.84
2021-10-26,5.83,14.01,-0.26,0.0,15.4
2021-10-27,8.67,15.76,2.39,0.0,14.95
2021-10-28,9.31,15.84,3.38,0.44,10.81
2021-10-29,6.91,9.44,5.21,10.96,2.16
2021-10-30,6.44,10.25,4.41,8.91,2.72
2021-10-31,9.31,13.51,6.49,4.78,5.68
2021-11-01,9.57,13.38,7.06,1.95,9.71
2021-11-02,9.54,13.33,7.26,4.74,4.68
2021-11-03,10.19,15.26,7.06,1.52,7.68
2021-11-04,9.07,16.28,4.28,0.02,13.56
2021-11-05,8.58,16.87,3.56,0.0,13.82
2021-11-06,7.08,15.27,1.92,0.0,13.95
2021-11-07,6.59,15.23,0.29,0.0,14.23
2021-11-08,7.74,16.34,0.01,0.0,12.97
2021-11-09,9.3,16.13,4.73,0.0,13.27
2021-11-10,6.19,11.16,1.22,0.0,8.45
2021-11-11,3.68,9.84,0.13,0.0,10.24
2021-11-12,2.71,10.07,-1.77,0.0,12.83
2021-11-13,4.87,12.86,-1.5,0.0,13.16
2021-11-14,6.07,14.96,-0.83,0.0,12.99
2021-11-15,6.86,12.5,2.97,0.0,11.26
2021-11-16,3.98,12.07,-1.16,0.0,12.64
2021-11-17,4.45,11.76,-1.42,0.0,12.38
2021-11-18,5.73,12.63,-0.1,0.0,11.59
2021-11-19,5.46,10.76,2.74,0.0,9.13
2021-11-20,2.2,5.38,0.81,5.55,3.27
2021-11-21,3.91,9.17,0.55,1.22,7.71
2021-11-22,3.71,10.97,-1.83,0.0,9.51
2021-11-23,3.88,9.91,1.02,0.0,9.0
2021-11-24,3.25,6.51,-0.2,0.05,4.08
2021-11-25,4.54,7.81,2.87,1.48,5.7
2021-11-26,4.02,5.18,3.17,7.76,2.49
2021-11-27,4.29,9.11,1.92,0.17,6.12
2021-11-28,2.63,4.69,0.94,1.9,2.79
2021-11-29,6.31,13.64,1.93,0.01,9.57
2021-11-30,6.57,12.22,2.77,0.01,5.39
2021-12-01,3.94,6.5,0.07,7.33,2.71
2021-12-02,-1.0,4.1,-4.86,0.14,10.7
2021-12-03,0.53,6.26,-4.11,0.0,11.03
2021-12-04,1.19,7.39,-1.92,0.0,9.04
2021-12-05,1.96,6.9,-0.38,0.0,5.35
2021-12-06,2.55,9.07,-1.7,0.0,9.53
2021-12-07,2.61,9.55,-0.63,0.0,8.68
2021-12-08,1.47,5.5,-0.84,4.4,2.96
2021-12-09,0.58,3.1,-1.8,3.8,2.19
2021-12-10,0.1,6.25,-3.26,0.05,8.28
2021-12-11,1.19,8.95,-3.39,0.0,10.11
2021-12-12,3.34,10.63,-1.56,0.0,8.82
2021-12-13,4.15,10.18,0.21,0.0,6.31
2021-12-14,4.5,9.4,2.44,0.0,4.18
2021-12-15,3.11,8.73,-0.01,0.0,8.33
2021-12-16,1.49,5.77,-1.06,3.18,5.55
2021-12-17,1.98,5.26,0.38,8.16,3.26
2021-12-18,0.6,2.36,-1.37,3.82,2.41
2021-12-19,0.08,1.26,-0.97,2.69,1.65
2021-12-20,-1.3,1.45,-3.38,9.96,2.02
2021-12-21,-2.19,-0.1,-5.34,5.45,2.94
2021-12-22,-8.66,-4.33,-13.84,0.61,7.76
2021-12-23,-9.72,-3.7,-13.93,0.14,4.24
2021-12-24,-10.24,-4.65,-13.14,3.33,8.56
2021-12-25,-9.17,-2.65,-14.97,0.0,8.75
2021-12-26,-6.8,0.55,-12.3,0.0,9.1
2021-12-27,-6.26,1.41,-10.89,0.0,7.36
2021-12-28,-5.54,1.8,-12.3,0.0,8.02
2021-12-29,-3.18,1.36,-5.99,0.0,7.39
2021-12-30,-4.22,0.88,-8.08,0.0,7.64
2021-12-31,-5.15,1.68,-10.99,0.08,8.56
2022-01-01,-4.98,-0.66,-7.49,0.27,3.59
2022-01-02,-4.12,0.02,-7.31,3.81,4.63
2022-01-03,-6.92,-1.62,-12.06,0.72,9.98
2022-01-04,-4.9,-2.09,-7.21,0.07,4.58
2022-01-05,-3.77,1.68,-8.79,0.01,10.01
2022-01-06,-1.54,3.88,-4.97,0.0,8.51
2022-01-07,-1.18,4.24,-4.33,0.0,6.69
2022-01-08,-1.65,4.16,-7.34,0.0,8.49
2022-01-09,-0.94,4.6,-5.68,0.52,8.03
2022-01-10,-1.49,0.55,-3.12,11.86,3.46
2022-01-11,-1.31,1.71,-3.15,0.96,3.36
2022-01-12,0.05,1.52,-2.13,2.43,2.21
2022-01-13,0.48,1.28,-0.48,19.32,3.25
2022-01-14,-7.05,-0.75,-14.82,7.61,7.64
2022-01-15,-8.32,-2.91,-15.17,0.68,5.94
2022-01-16,-11.74,-6.92,-15.06,0.96,9.59
2022-01-17,-14.38,-7.04,-19.38,0.03,12.48
2022-01-18,-12.5,-6.83,-18.6,0.36,8.72
2022-01-19,-10.0,-6.74,-13.08,7.85,4.1
2022-01-20,-11.56,-7.24,-17.73,4.55,10.82
2022-01-21,-14.13,-7.3,-18.25,0.03,12.95
2022-01-22,-12.18,-4.57,-18.11,0.03,6.91
2022-01-23,-8.96,-3.73,-13.26,0.78,7.52
2022-01-24,-6.84,-3.15,-9.96,6.14,5.64
2022-01-25,-7.08,-2.88,-9.74,1.26,12.07
2022-01-26,-5.7,-1.29,-9.22,1.92,4.6
2022-01-27,-4.72,-1.32,-9.04,5.23,5.77
2022-01-28,-7.46,-4.11,-10.18,2.36,10.64
2022-01-29,-8.45,-4.48,-11.69,1.21,4.35
2022-01-30,-10.11,-4.85,-14.1,0.57,5.82
2022-01-31,-7.12,-2.77,-11.12,0.35,5.54
2022-02-01,-6.29,-1.1,-10.5,0.1,10.8
2022-02-02,-4.56,-0.64,-7.92,0.0,10.41
2022-02-03,-4.36,0.37,-8.12,1.12,13.16
2022-02-04,-2.89,-0.16,-7.01,3.11,5.4
2022-02-05,-6.68,-2.42,-15.18,1.46,12.19
2022-02-06,-8.48,-2.32,-15.41,0.0,14.28
2022-02-07,-7.69,-1.99,-12.04,0.0,14.1
2022-02-08,-5.89,-0.85,-10.78,0.14,4.32
2022-02-09,-1.84,0.44,-5.4,0.39,11.21
2022-02-10,-1.02,0.19,-3.16,8.36,3.85
2022-02-11,-4.8,-0.57,-10.75,1.24,13.2
2022-02-12,-6.19,0.6,-11.75,0.0,14.58
2022-02-13,-5.49,0.88,-10.82,0.0,14.31
2022-02-14,-1.02,4.46,-7.5,0.0,14.41
2022-02-15,-1.03,3.14,-4.87,0.0,14.45
2022-02-16,-2.2,3.96,-7.18,0.0,11.94
2022-02-17,-1.41,4.26,-7.53,0.0,12.75
2022-02-18,-0.86,1.07,-2.7,0.56,8.52
2022-02-19,0.72,5.02,-2.06,0.25,10.17
2022-02-20,1.21,7.67,-2.55,0.0,14.92
2022-02-21,2.36,7.43,-1.19,0.15,13.05
2022-02-22,1.98,5.09,-0.21,1.64,14.82
2022-02-23,2.7,6.5,0.3,4.11,13.61
2022-02-24,4.26,11.5,-1.6,0.16,12.38
2022-02-25,2.08,6.81,-1.69,7.84,9.69
2022-02-26,0.71,3.74,-1.43,1.19,11.35
2022-02-27,1.85,8.45,-2.65,0.0,12.72
2022-02-28,1.77,6.04,-0.89,0.03,11.99
2022-03-01,1.22,3.52,-1.02,3.14,6.89
2022-03-02,2.15,5.79,-0.3,5.97,5.2
2022-03-03,2.22,6.58,-0.38,16.43,5.43
2022-03-04,-2.24,0.52,-5.71,4.71,5.39
2022-03-05,-3.26,0.11,-6.09,0.11,7.96
2022-03-06,-1.34,2.45,-4.71,0.0,8.43
2022-03-07,0.78,6.54,-3.89,0.0,20.24
2022-03-08,0.66,4.52,-2.37,1.21,11.1
2022-03-09,0.44,1.72,-0.68,14.14,5.48
2022-03-10,0.73,2.98,-1.62,5.04,8.67
2022-03-11,-1.58,0.68,-3.84,9.24,3.96
2022-03-12,-5.11,-3.01,-7.12,1.67,7.23
2022-03-13,-5.37,-3.49,-7.17,5.98,19.0
2022-03-14,-4.52,-1.59,-8.39,6.53,8.61
2022-03-15,-6.39,-2.7,-9.8,4.17,9.82
2022-03-16,-7.96,-2.87,-14.17,0.45,22.27
2022-03-17,-6.81,-2.24,-11.31,0.04,11.12
2022-03-18,-5.46,-2.62,-8.18,0.84,9.53
2022-03-19,-4.14,-1.18,-7.13,6.09,8.7
2022-03-20,-7.35,-3.59,-11.96,2.4,20.92
2022-03-21,-6.34,0.52,-14.32,1.08,19.44
2022-03-22,-2.29,2.66,-8.75,3.47,16.09
2022-03-23,0.04,3.62,-2.27,14.06,8.29
2022-03-24,-1.89,0.97,-4.64,4.93,17.11
2022-03-25,-2.56,-0.33,-5.28,6.57,3.63
2022-03-26,-2.54,0.4,-6.31,1.0,22.87
2022-03-27,-1.99,1.13,-4.76,3.34,16.7
2022-03-28,-0.67,3.98,-5.6,0.0,23.53
2022-03-29,3.69,10.7,-1.95,0.0,24.27
2022-03-30,5.36,9.44,1.04,0.0,19.98
2022-03-31,6.69,13.17,1.04,0.0,23.61
2022-04-01,7.7,13.95,1.6,0.0,16.31
2022-04-02,9.31,15.43,4.43,0.0,22.49
2022-04-03,9.77,16.71,4.6,0.0,21.97
2022-04-04,9.63,15.07,5.67,0.0,20.79
2022-04-05,9.14,14.92,4.4,0.0,18.28
2022-04-06,7.56,11.43,3.59,0.99,15.25
2022-04-07,6.9,12.35,2.25,5.75,18.01
2022-04-08,5.68,7.9,3.3,2.51,7.89
2022-04-09,7.99,13.29,4.08,3.29,22.88
2022-04-10,7.47,13.5,-0.26,0.0,17.07
2022-04-11,9.31,15.43,3.52,0.0,21.57
2022-04-12,5.46,8.71,2.14,0.71,14.75
2022-04-13,1.57,5.2,-2.37,0.24,18.08
2022-04-14,2.16,9.94,-5.69,0.0,26.47
2022-04-15,5.56,13.1,-2.89,0.0,26.69
2022-04-16,7.44,14.23,-1.04,0.0,25.51
2022-04-17,9.72,16.49,1.98,0.0,26.4
2022-04-18,10.88,16.25,6.44,0.0,19.0
2022-04-19,12.23,17.28,7.87,0.0,15.76
2022-04-20,10.78,15.83,6.23,0.0,23.36
2022-04-21,11.07,16.5,5.74,0.0,27.06
2022-04-22,11.76,17.98,5.18,0.0,23.12
2022-04-23,12.42,20.29,3.28,0.0,25.64
2022-04-24,13.17,20.25,6.86,0.0,25.82
2022-04-25,12.95,18.53,6.94,0.0,24.73
2022-04-26,11.92,14.7,9.08,1.23,18.79
2022-04-27,11.65,15.61,7.95,1.41,19.94
2022-04-28,11.69,14.45,8.24,0.65,17.09
2022-04-29,11.06,14.13,7.76,0.6,17.36
2022-04-30,11.26,16.17,6.16,0.15,21.37
2022-05-01,10.22,13.77,7.18,8.43,7.6
2022-05-02,11.16,16.12,7.35,0.93,18.42
2022-05-03,9.59,13.81,6.7,5.15,11.92
2022-05-04,10.52,15.85,5.14,0.65,15.77
2022-05-05,9.57,13.12,5.93,5.59,15.18
2022-05-06,7.79,12.09,4.15,3.87,15.29
2022-05-07,6.89,10.77,3.81,4.18,16.69
2022-05-08,7.38,11.72,3.77,1.39,16.16
2022-05-09,7.67,12.06,2.17,2.12,18.42
2022-05-10,8.2,12.46,3.18,2.58,20.61
2022-05-11,9.05,15.42,2.12,0.1,28.18
2022-05-12,7.79,12.11,2.6,6.05,21.54
2022-05-13,8.2,16.01,0.13,0.6,30.63
2022-05-14,11.76,18.91,4.04,0.0,24.99
2022-05-15,12.97,20.35,8.44,1.51,18.22
2022-05-16,10.99,15.39,5.48,9.95,22.69
2022-05-17,11.52,18.87,2.5,0.04,28.64
2022-05-18,12.67,17.82,4.69,3.08,28.45
2022-05-19,14.47,19.79,9.15,0.66,23.77
2022-05-20,11.37,17.53,3.72,0.05,25.69
2022-05-21,9.99,18.26,1.3,0.0,32.4
2022-05-22,13.45,21.25,6.24,0.0,23.04
2022-05-23,11.56,15.83,6.71,0.87,19.06
2022-05-24,9.78,14.95,4.54,0.93,21.59
2022-05-25,9.32,16.82,1.1,0.0,30.76
2022-05-26,11.93,20.4,2.08,0.0,32.4
2022-05-27,14.73,22.78,4.81,0.0,31.68
2022-05-28,16.32,24.06,6.82,0.0,31.02
2022-05-29,17.35,24.63,10.39,0.73,26.14
2022-05-30,17.89,25.74,8.94,0.0,30.51
2022-05-31,19.32,26.93,10.52,0.13,29.71
2022-06-01,20.11,27.17,11.96,2.01,27.57
2022-06-02,21.51,29.38,12.38,0.0,27.43
2022-06-03,23.19,30.51,14.22,0.0,27.03
2022-06-04,23.05,31.24,16.7,0.0,28.97
2022-06-05,21.73,29.22,14.89,0.0,31.15
2022-06-06,19.88,27.69,13.5,0.0,28.11
2022-06-07,18.69,24.97,11.6,0.07,30.14
2022-06-08,19.57,25.86,13.12,0.05,26.65
2022-06-09,19.28,25.56,12.9,0.1,27.01
2022-06-10,19.65,25.39,13.82,0.0,27.61
2022-06-11,21.05,28.49,12.17,0.02,28.52
2022-06-12,20.88,28.68,14.75,0.58,23.5
2022-06-13,19.6,25.74,13.78,0.46,29.06
2022-06-14,17.89,23.68,11.71,2.5,23.41
2022-06-15,18.12,23.45,13.47,1.25,21.9
2022-06-16,19.53,27.51,10.58,0.0,28.66
2022-06-17,21.75,29.33,12.49,0.0,30.59
2022-06-18,23.85,30.67,16.77,0.0,31.4
2022-06-19,24.6,31.85,16.74,0.0,30.44
2022-06-20,24.55,31.76,15.14,0.0,30.75
2022-06-21,23.07,31.02,14.93,0.0,29.86
2022-06-22,18.71,25.7,12.43,0.02,26.81
2022-06-23,19.0,27.07,10.51,0.0,30.04
2022-06-24,20.04,26.32,13.8,0.07,25.98
2022-06-25,19.39,27.31,13.13,2.1,16.31
2022-06-26,18.51,24.31,13.15,0.91,22.51
2022-06-27,19.32,25.58,12.02,0.01,29.66
2022-06-28,20.09,27.15,12.98,0.0,31.03
2022-06-29,21.27,29.19,12.81,0.0,30.87
2022-06-30,22.99,31.73,12.98,0.0,31.32
2022-07-01,23.73,32.49,13.48,0.0,31.02
2022-07-02,22.28,31.18,12.95,0.01,28.47
2022-07-03,20.26,28.92,12.29,0.0,32.06
2022-07-04,20.56,28.88,12.92,0.0,31.23
2022-07-05,22.59,31.06,12.99,0.03,31.13
2022-07-06,22.74,31.39,14.05,0.0,30.99
2022-07-07,23.79,31.91,14.43,0.03,27.95
2022-07-08,24.63,31.57,17.64,0.36,25.05
2022-07-09,25.88,33.8,16.52,0.0,28.93
2022-07-10,26.27,33.82,18.92,0.0,29.68
2022-07-11,24.4,32.69,16.41,0.0,31.58
2022-07-12,24.53,33.77,14.47,0.0,31.45
2022-07-13,25.04,34.33,13.6,0.0,31.0
2022-07-14,25.7,35.81,14.03,0.0,30.3
2022-07-15,27.84,36.89,18.34,0.0,28.69
2022-07-16,28.02,35.51,21.43,0.0,28.56
2022-07-17,27.12,35.6,17.13,0.0,29.53
2022-07-18,26.92,35.77,16.47,0.0,29.54
2022-07-19,26.36,34.19,16.85,0.0,28.97
2022-07-20,26.39,35.31,16.3,0.0,29.79
2022-07-21,24.8,33.49,15.78,0.0,30.11
2022-07-22,24.02,31.0,16.89,0.0,29.3
2022-07-23,23.44,32.98,14.36,0.0,29.99
2022-07-24,22.26,31.94,13.22,0.02,29.71
2022-07-25,23.09,32.01,13.73,0.0,29.21
2022-07-26,24.63,32.22,16.11,0.0,27.54
2022-07-27,24.44,33.99,13.35,0.0,29.83
2022-07-28,25.49,35.22,15.6,0.0,30.06
2022-07-29,26.83,36.69,16.04,0.0,29.61
2022-07-30,27.14,34.97,18.1,0.0,28.07
2022-07-31,26.83,33.35,19.72,0.0,27.14
2022-08-01,26.94,33.99,19.22,0.0,28.08
2022-08-02,27.5,34.27,19.66,0.0,28.01
2022-08-03,28.02,34.63,21.27,0.0,27.25
2022-08-04,27.83,36.38,18.12,0.0,27.25
2022-08-05,27.58,35.3,18.34,0.0,27.4
2022-08-06,27.34,35.83,17.83,0.0,26.98
2022-08-07,26.18,34.1,18.64,0.0,27.59
2022-08-08,25.94,33.3,19.04,0.0,25.6
2022-08-09,26.37,34.45,18.33,0.0,26.94
2022-08-10,25.91,33.13,19.78,0.0,27.07
2022-08-11,25.95,33.46,18.89,0.0,27.19
2022-08-12,26.19,35.47,15.86,0.0,27.4
2022-08-13,26.82,35.93,16.73,0.0,27.68
2022-08-14,26.71,34.8,18.85,0.0,27.32
2022-08-15,25.27,32.68,19.18,0.0,26.44
2022-08-16,25.98,35.99,16.65,0.0,27.47
2022-08-17,26.11,35.79,14.75,0.0,27.71
2022-08-18,26.3,35.73,15.8,0.0,27.42
2022-08-19,25.51,33.38,16.61,0.0,27.08
2022-08-20,25.07,32.06,18.1,0.0,25.55
2022-08-21,24.77,30.78,19.81,0.0,21.68
2022-08-22,24.08,32.08,18.8,0.06,20.95
2022-08-23,25.15,32.71,17.15,0.01,22.32
2022-08-24,25.63,33.54,16.77,0.0,23.28
2022-08-25,26.21,33.42,19.78,0.0,24.44
2022-08-26,25.43,32.61,19.31,0.0,24.68
2022-08-27,24.79,31.93,19.36,0.0,25.66
2022-08-28,24.79,32.88,17.45,0.0,26.64
2022-08-29,24.78,33.72,16.07,0.0,26.47
2022-08-30,24.24,33.56,14.11,0.0,25.51
2022-08-31,25.6,34.12,15.54,0.0,24.27
2022-09-01,26.28,33.77,19.08,0.0,22.52
2022-09-02,26.77,34.58,18.02,0.0,21.92
2022-09-03,26.89,34.93,18.7,0.0,21.89
2022-09-04,26.28,34.52,17.77,0.0,22.64
2022-09-05,24.08,32.06,15.12,0.0,24.18
2022-09-06,21.88,30.11,14.09,0.01,22.89
2022-09-07,20.3,27.56,12.57,0.01,21.55
2022-09-08,20.35,27.59,12.6,0.0,24.26
2022-09-09,20.73,28.57,12.8,0.0,24.5
2022-09-10,20.95,29.9,10.9,0.0,24.23
2022-09-11,21.72,29.72,13.09,0.0,23.24
2022-09-12,21.63,30.82,12.11,0.0,22.83
2022-09-13,20.61,27.99,14.07,0.01,22.37
2022-09-14,18.92,26.66,12.65,0.08,21.85
2022-09-15,17.86,27.04,9.25,0.0,23.77
2022-09-16,20.03,29.09,9.97,0.0,22.74
2022-09-17,21.17,29.55,13.15,0.0,21.99
2022-09-18,22.58,30.84,13.74,0.0,21.92
2022-09-19,22.09,29.46,16.44,0.02,22.05
2022-09-20,21.22,28.92,15.48,0.0,19.29
2022-09-21,20.86,27.3,15.5,0.72,15.85
2022-09-22,17.9,22.64,13.12,5.22,12.27
2022-09-23,15.4,21.85,10.44,0.5,18.28
2022-09-24,14.85,20.31,8.6,0.04,9.29
2022-09-25,13.84,21.52,7.58,0.05,21.93
2022-09-26,15.49,25.3,7.24,0.0,21.65
2022-09-27,17.19,27.14,7.82,0.0,21.38
2022-09-28,18.57,26.97,10.07,0.0,20.85
2022-09-29,19.41,27.89,11.49,0.0,20.57
2022-09-30,18.22,27.0,10.18,0.0,20.41
2022-10-01,17.93,26.91,11.03,0.0,20.07
2022-10-02,18.58,27.28,10.58,0.0,19.53
2022-10-03,18.02,25.14,13.05,0.0,17.09
2022-10-04,17.47,24.45,11.94,0.0,16.19
2022-10-05,19.14,26.77,12.98,0.0,15.7
2022-10-06,19.3,26.51,13.59,0.0,18.16
2022-10-07,19.2,26.17,11.39,0.0,17.26
2022-10-08,19.6,27.02,13.26,0.0,13.65
2022-10-09,15.36,19.55,9.42,2.98,12.01
2022-10-10,13.49,20.22,8.89,0.01,17.7
2022-10-11,13.1,20.8,5.35,0.0,18.29
2022-10-12,13.94,22.03,5.65,0.0,17.67
2022-10-13,15.16,19.41,11.51,0.11,14.52
2022-10-14,13.36,18.2,9.49,2.23,9.9
2022-10-15,13.7,17.88,10.79,0.63,9.61
2022-10-16,15.23,20.86,10.81,0.22,15.28
2022-10-17,14.97,21.56,10.3,0.08,10.27
2022-10-18,13.68,21.81,7.2,0.0,12.96
2022-10-19,15.04,21.98,9.06,0.0,13.0
2022-10-20,14.39,20.59,8.57,0.08,15.16
2022-10-21,8.87,11.32,5.8,20.45,6.02
2022-10-22,8.23,13.41,3.34,7.48,8.68
2022-10-23,9.02,16.37,3.03,0.03,15.84
2022-10-24,9.24,16.35,3.64,0.03,14.58
2022-10-25,8.92,16.94,1.12,0.0,16.26
2022-10-26,8.88,15.84,4.61,0.07,10.1
2022-10-27,9.52,14.83,5.84,0.5,12.74
2022-10-28,8.72,17.32,2.22,0.0,15.29
2022-10-29,8.47,17.07,1.46,0.0,15.28
2022-10-30,8.61,15.41,3.29,0.0,14.97
2022-10-31,6.95,11.06,4.57,0.2,10.67
2022-11-01,7.22,14.12,0.76,0.03,14.68
2022-11-02,5.38,13.58,-2.22,0.0,15.14
2022-11-03,7.57,15.03,0.71,0.0,14.44
2022-11-04,7.08,13.8,1.45,0.0,13.88
2022-11-05,7.65,12.65,4.71,0.0,13.14
2022-11-06,7.59,14.25,3.13,0.0,13.71
2022-11-07,7.79,14.22,2.37,0.0,9.55
2022-11-08,7.3,12.54,3.43,0.02,7.78
2022-11-09,4.99,8.99,0.8,0.75,4.84
2022-11-10,3.91,9.11,0.67,7.94,2.3
2022-11-11,5.14,10.58,1.13,1.29,8.63
2022-11-12,4.97,12.87,-0.95,0.0,12.7
2022-11-13,5.25,13.43,-2.68,0.04,13.08
2022-11-14,5.66,12.79,1.17,0.0,12.96
2022-11-15,4.8,11.19,0.76,0.0,12.71
2022-11-16,2.51,5.83,1.08,2.62,2.29
2022-11-17,3.07,6.7,1.36,3.61,3.75
2022-11-18,3.97,7.62,1.98,0.05,3.89
2022-11-19,5.32,11.15,1.27,0.07,6.19
2022-11-20,5.95,14.15,-0.78,0.0,10.89
2022-11-21,6.58,13.8,1.24,0.0,8.11
2022-11-22,5.74,10.59,2.67,0.0,6.28
2022-11-23,5.16,11.6,1.03,0.02,10.57
2022-11-24,5.6,11.56,1.23,0.39,7.51
2022-11-25,3.4,6.86,1.35,9.52,1.59
2022-11-26,1.75,3.2,0.91,18.6,2.35
2022-11-27,2.29,7.6,-1.4,1.66,8.62
2022-11-28,2.49,8.24,-1.3,0.0,9.65
2022-11-29,3.69,9.54,-0.65,0.97,6.94
2022-11-30,3.93,7.37,1.75,4.37,5.34
2022-12-01,4.37,10.78,0.23,0.05,9.0
2022-12-02,4.7,9.67,1.43,0.11,6.22
2022-12-03,2.93,9.37,-1.66,0.43,9.71
2022-12-04,1.92,7.86,-2.9,0.0,10.32
2022-12-05,1.86,6.58,-1.29,0.25,9.28
2022-12-06,1.09,5.08,-2.01,0.12,6.62
2022-12-07,0.43,4.04,-1.99,0.58,5.45
2022-12-08,0.63,4.8,-2.06,0.03,6.81
2022-12-09,1.23,7.3,-2.42,0.0,8.05
2022-12-10,-0.25,6.84,-3.29,0.04,10.01
2022-12-11,0.55,6.78,-3.01,0.0,8.75
2022-12-12,-0.54,2.53,-2.13,0.19,4.46
2022-12-13,-0.17,1.44,-1.65,1.39,2.72
2022-12-14,1.75,5.3,-0.34,0.03,4.87
2022-12-15,3.3,6.9,1.51,0.34,4.08
2022-12-16,2.66,7.66,-2.08,0.19,7.87
2022-12-17,0.75,8.55,-2.74,0.0,10.3
2022-12-18,1.44,10.81,-3.2,0.0,9.75
2022-12-19,1.84,9.86,-3.0,0.0,9.78
2022-12-20,1.25,7.15,-2.58,0.0,8.99
2022-12-21,1.27,6.1,-2.33,0.0,6.23
2022-12-22,0.05,5.35,-3.46,0.0,9.07
2022-12-23,0.29,5.67,-3.12,0.1,8.5
2022-12-24,0.46,6.25,-3.28,0.0,9.4
2022-12-25,-0.66,3.72,-3.45,0.11,8.48
2022-12-26,-0.9,2.62,-3.17,0.72,5.6
2022-12-27,-1.79,1.33,-3.96,0.04,9.33
2022-12-28,-0.72,4.34,-4.03,0.0,9.79
2022-12-29,0.02,3.97,-2.41,0.07,10.51
2022-12-30,-2.14,4.65,-7.63,0.0,10.88
2022-12-31,-2.54,5.23,-8.45,0.0,10.98
2023-01-01,-1.96,5.91,-8.63,0.0,10.91
2023-01-02,-2.19,6.66,-7.76,0.0,10.86
2023-01-03,-0.63,7.76,-7.44,0.17,10.89
2023-01-04,0.16,7.4,-5.25,0.0,11.08
2023-01-05,-1.17,5.26,-7.11,0.0,10.54
2023-01-06,-2.42,1.69,-6.6,0.03,6.69
2023-01-07,-1.86,0.7,-3.77,0.55,2.81
2023-01-08,-2.84,0.88,-5.6,0.74,8.07
2023-01-09,-4.34,0.2,-9.52,4.6,9.24
2023-01-10,-6.71,1.33,-12.31,0.0,10.89
2023-01-11,-3.99,2.82,-10.09,0.0,10.78
2023-01-12,-3.31,3.64,-10.25,0.0,9.49
2023-01-13,-2.18,2.02,-5.32,0.0,7.23
2023-01-14,-2.19,1.01,-4.57,0.11,4.15
2023-01-15,-0.71,3.7,-4.99,0.0,7.97
2023-01-16,-0.47,3.34,-3.43,0.0,6.71
2023-01-17,0.35,4.73,-3.27,0.0,8.14
2023-01-18,0.6,5.73,-4.6,0.0,9.97
2023-01-19,1.23,8.09,-3.46,0.0,10.24
2023-01-20,2.14,10.06,-2.44,0.0,11.11
2023-01-21,2.5,7.61,-0.94,0.0,11.53
2023-01-22,1.49,7.34,-2.2,0.0,10.63
2023-01-23,0.4,6.11,-3.31,0.0,11.47
2023-01-24,-1.12,4.18,-4.15,0.0,11.51
2023-01-25,-1.01,2.92,-4.21,0.0,10.48
2023-01-26,-1.88,0.98,-5.32,0.0,9.58
2023-01-27,-2.21,3.58,-6.64,0.0,12.56
2023-01-28,-2.71,0.07,-4.19,4.88,2.64
2023-01-29,-2.71,0.9,-5.64,4.92,2.74
2023-01-30,-3.2,0.05,-6.62,4.72,2.26
2023-01-31,-2.38,0.37,-4.36,11.3,4.55
2023-02-01,-3.1,-1.03,-4.87,3.64,2.68
2023-02-02,-3.88,-1.84,-7.79,12.91,1.79
2023-02-03,-8.79,-4.18,-14.13,0.23,8.02
2023-02-04,-9.52,-4.64,-15.32,3.79,1.73
2023-02-05,-4.68,-2.26,-8.88,8.22,2.11
2023-02-06,-1.86,-0.65,-3.13,14.69,2.26
2023-02-07,-3.39,-1.82,-6.16,11.05,3.0
2023-02-08,-8.33,-4.64,-11.93,4.56,2.76
2023-02-09,-9.83,-4.05,-13.5,0.0,14.54
2023-02-10,-11.81,-3.35,-18.33,0.0,14.74
2023-02-11,-13.73,-4.74,-19.4,0.0,15.2
2023-02-12,-15.7,-6.04,-21.64,0.0,15.25
2023-02-13,-14.89,-4.35,-22.12,0.0,15.48
2023-02-14,-13.32,-3.86,-20.51,0.0,16.7
2023-02-15,-11.64,-5.6,-17.39,2.17,12.47
2023-02-16,-12.58,-6.52,-19.44,0.75,16.53
2023-02-17,-10.39,-4.26,-15.78,0.0,16.66
2023-02-18,-8.15,-1.52,-12.9,0.0,15.99
2023-02-19,-6.29,-1.01,-11.16,0.57,7.55
2023-02-20,-4.31,0.73,-8.72,0.02,10.26
2023-02-21,-3.4,-0.15,-7.9,0.24,14.15
2023-02-22,-4.66,0.05,-10.17,0.0,15.19
2023-02-23,-2.6,0.86,-5.96,0.0,10.74
2023-02-24,-5.29,0.1,-9.45,0.0,18.36
2023-02-25,-1.28,3.64,-7.72,0.0,13.77
2023-02-26,1.15,5.52,-1.6,0.0,17.48
2023-02-27,0.58,7.2,-3.99,0.0,18.02
2023-02-28,2.01,11.56,-4.21,0.0,16.57
2023-03-01,4.58,12.94,-2.51,0.0,12.05
2023-03-02,5.28,9.93,1.51,0.3,11.91
2023-03-03,2.19,5.78,0.29,0.09,7.2
2023-03-04,4.29,8.75,1.0,0.02,12.65
2023-03-05,4.54,9.0,0.96,0.02,12.25
2023-03-06,4.51,7.83,-0.21,1.85,7.22
2023-03-07,3.55,10.21,-0.76,0.14,14.21
2023-03-08,4.21,8.68,0.73,0.08,12.62
2023-03-09,2.87,6.35,-1.3,0.01,13.42
2023-03-10,4.04,8.6,0.3,0.0,15.77
2023-03-11,3.36,7.98,-0.04,0.0,9.29
2023-03-12,4.51,10.94,-0.45,0.02,12.82
2023-03-13,5.01,10.18,1.14,0.68,9.11
2023-03-14,5.84,11.78,0.83,8.82,4.61
2023-03-15,7.85,13.73,3.72,9.67,6.34
2023-03-16,4.44,8.12,2.69,5.25,5.55
2023-03-17,4.71,9.19,2.1,0.5,12.39
2023-03-18,5.96,10.73,2.4,0.14,13.16
2023-03-19,4.89,9.09,2.19,10.46,3.74
2023-03-20,3.58,8.08,0.66,2.09,11.08
2023-03-21,3.78,8.98,-1.71,2.19,13.15
2023-03-22,6.31,13.04,-0.27,0.02,19.58
2023-03-23,5.8,9.68,2.54,0.89,12.46
2023-03-24,6.52,9.92,4.44,0.4,8.27
2023-03-25,5.45,9.47,2.54,7.6,3.39
2023-03-26,7.04,12.43,2.77,4.59,9.62
2023-03-27,6.18,9.58,3.45,3.66,9.52
2023-03-28,6.56,12.35,1.9,0.07,18.84
2023-03-29,5.52,10.89,0.39,3.97,8.83
2023-03-30,1.72,5.66,-3.0,1.55,8.94
2023-03-31,-2.37,0.31,-5.79,11.84,4.46
2023-04-01,-1.52,4.84,-5.94,0.59,17.27
2023-04-02,2.17,7.31,-4.22,0.02,15.85
2023-04-03,6.41,10.96,3.23,0.08,17.36
2023-04-04,7.7,14.27,2.88,0.0,21.52
2023-04-05,8.12,13.82,2.89,0.17,17.01
2023-04-06,5.06,9.48,1.3,0.25,13.67
2023-04-07,4.87,8.59,1.84,2.92,9.3
2023-04-08,6.25,11.91,1.5,0.7,21.16
2023-04-09,5.46,8.27,2.94,0.8,9.63
2023-04-10,6.69,9.75,3.91,2.91,4.53
2023-04-11,6.8,10.12,4.81,8.29,4.12
2023-04-12,8.54,13.18,4.25,22.14,6.0
2023-04-13,3.15,5.66,1.57,5.52,6.63
2023-04-14,3.82,7.44,0.53,0.5,15.58
2023-04-15,6.97,13.88,0.01,0.0,21.42
2023-04-16,9.87,17.51,0.84,0.0,25.67
2023-04-17,10.9,16.18,5.01,0.02,23.9
2023-04-18,11.4,17.57,4.54,0.27,24.36
2023-04-19,12.08,16.82,8.02,1.71,18.95
2023-04-20,10.14,14.66,6.7,5.15,12.02
2023-04-21,9.31,14.22,5.33,5.14,24.08
2023-04-22,8.26,13.06,2.82,0.0,21.51
2023-04-23,9.36,14.75,3.91,0.32,16.44
2023-04-24,9.26,14.12,4.81,2.87,15.12
2023-04-25,8.88,13.76,4.46,1.95,22.95
2023-04-26,9.62,14.44,5.14,0.1,22.64
2023-04-27,10.66,16.71,5.79,1.99,21.06
2023-04-28,10.18,15.17,5.57,0.14,12.52
2023-04-29,8.36,13.04,3.49,7.8,7.99
2023-04-30,5.4,9.63,0.31,5.44,14.88
2023-05-01,5.62,9.54,2.87,1.58,19.47
2023-05-02,6.45,11.84,0.43,0.07,24.47
2023-05-03,5.88,11.08,0.95,0.11,24.6
2023-05-04,8.38,16.25,-1.4,0.0,30.09
2023-05-05,12.29,18.8,5.26,0.0,29.34
2023-05-06,13.08,20.24,7.76,0.0,18.54
2023-05-07,12.33,18.44,6.88,0.05,22.12
2023-05-08,10.88,15.45,6.56,0.34,20.31
2023-05-09,11.43,16.35,6.35,0.06,25.71
2023-05-10,13.05,18.88,5.98,0.0,27.01
2023-05-11,14.68,19.37,8.81,0.0,24.5
2023-05-12,14.14,17.45,9.88,0.25,11.89
2023-05-13,13.27,20.23,6.77,5.16,20.48
2023-05-14,10.28,18.33,3.57,1.23,27.96
2023-05-15,8.28,15.65,1.21,0.02,29.39
2023-05-16,11.65,19.24,2.48,0.0,31.14
2023-05-17,14.58,20.7,8.96,0.0,29.28
2023-05-18,15.67,22.76,8.38,0.0,26.97
2023-05-19,15.29,22.71,10.67,3.29,18.85
2023-05-20,11.52,14.41,8.29,6.73,17.79
2023-05-21,11.41,15.05,8.44,9.29,19.36
2023-05-22,13.39,19.0,7.73,1.51,22.64
2023-05-23,15.18,21.47,9.13,0.54,26.1
2023-05-24,14.51,19.69,10.39,5.53,16.78
2023-05-25,16.11,20.7,10.63,3.69,18.07
2023-05-26,14.1,18.99,8.01,2.33,21.05
2023-05-27,15.68,21.0,9.1,1.0,22.47
2023-05-28,16.08,21.33,11.39,0.16,11.12
2023-05-29,15.1,21.18,10.97,5.18,12.94
2023-05-30,15.27,20.54,10.17,1.81,20.19
2023-05-31,15.11,18.68,10.96,1.52,27.52
2023-06-01,16.44,22.22,11.33,0.0,27.92
2023-06-02,15.79,21.2,9.71,0.08,23.49
2023-06-03,17.37,23.87,10.04,1.25,24.19
2023-06-04,18.27,25.13,13.16,0.58,28.23
2023-06-05,17.76,24.01,11.59,0.0,31.02
2023-06-06,17.68,23.88,10.94,0.04,26.5
2023-06-07,18.71,25.61,11.87,0.0,28.98
2023-06-08,19.83,26.6,11.32,0.0,30.76
2023-06-09,18.36,23.52,14.87,0.14,15.78
2023-06-10,17.33,21.24,12.92,2.0,21.2
2023-06-11,18.99,24.31,12.51,0.42,22.46
2023-06-12,20.01,26.15,15.16,0.0,23.49
2023-06-13,19.55,26.07,13.16,0.0,27.38
2023-06-14,18.6,24.5,12.33,0.14,28.18
2023-06-15,18.29,24.13,13.24,0.38,24.95
2023-06-16,19.22,26.63,10.62,0.0,30.17
2023-06-17,19.98,26.84,12.02,0.0,31.23
2023-06-18,19.47,25.96,13.41,0.1,29.76
2023-06-19,19.31,26.31,12.39,0.04,26.54
2023-06-20,17.54,23.52,11.43,0.19,23.59
2023-06-21,18.98,25.58,10.65,0.08,29.04
2023-06-22,20.61,26.99,15.1,0.93,25.36
2023-06-23,19.39,26.64,12.69,0.5,21.28
2023-06-24,19.21,26.9,11.63,0.0,29.47
2023-06-25,22.54,30.59,13.2,0.0,31.17
2023-06-26,23.5,30.83,15.36,0.0,30.28
2023-06-27,23.44,30.77,16.63,0.33,28.49
2023-06-28,22.97,30.43,14.54,0.14,27.77
2023-06-29,22.75,30.32,14.88,0.0,30.75
2023-06-30,21.55,29.93,13.71,0.1,28.46
2023-07-01,20.11,28.77,12.08,0.0,31.79
2023-07-02,22.32,30.48,11.97,0.0,31.71
2023-07-03,24.5,32.35,16.82,0.0,31.61
2023-07-04,24.06,33.55,13.77,0.73,30.06
2023-07-05,24.84,33.34,16.61,0.0,30.11
2023-07-06,25.38,33.9,16.54,0.0,29.38
2023-07-07,27.15,35.86,17.7,0.0,28.94
2023-07-08,25.41,31.89,19.53,0.43,27.41
2023-07-09,24.96,31.22,18.68,0.23,23.48
2023-07-10,22.46,28.8,16.06,1.12,25.23
2023-07-11,20.54,27.48,13.97,0.17,25.94
2023-07-12,21.64,30.81,12.09,0.0,31.24
2023-07-13,23.06,32.56,12.94,0.0,31.44
2023-07-14,25.98,34.89,16.26,0.0,30.65
2023-07-15,25.26,33.9,16.68,0.0,30.26
2023-07-16,24.86,34.26,16.73,0.0,29.85
2023-07-17,22.83,33.49,13.73,0.0,30.33
2023-07-18,23.16,32.49,13.65,0.0,30.11
2023-07-19,25.5,34.0,15.64,0.0,29.22
2023-07-20,26.26,34.3,16.2,0.0,29.3
2023-07-21,27.24,35.27,19.31,0.0,30.2
2023-07-22,26.6,36.58,16.16,0.0,29.82
2023-07-23,28.12,36.9,18.4,0.0,29.3
2023-07-24,27.06,35.99,18.74,0.06,28.18
2023-07-25,25.49,34.46,17.64,0.29,26.31
2023-07-26,26.8,34.66,18.14,0.0,27.96
2023-07-27,27.81,35.72,20.01,0.0,26.64
2023-07-28,27.98,35.33,20.47,0.0,28.19
2023-07-29,25.82,35.79,16.36,0.0,29.37
2023-07-30,26.42,34.9,17.53,0.0,28.8
2023-07-31,25.19,32.08,18.75,0.0,28.13
2023-08-01,25.85,33.99,17.91,0.0,28.62
2023-08-02,26.03,32.82,20.1,0.0,28.08
2023-08-03,25.83,35.4,15.45,0.0,28.82
2023-08-04,26.45,35.79,17.77,0.0,27.63
2023-08-05,26.82,34.58,18.33,0.01,26.63
2023-08-06,27.94,35.49,20.65,0.04,25.32
2023-08-07,28.4,36.0,19.95,0.0,27.01
2023-08-08,28.72,36.78,20.66,0.0,27.49
2023-08-09,28.99,37.35,19.54,0.0,26.94
2023-08-10,30.29,37.8,23.12,0.0,25.12
2023-08-11,29.81,36.21,23.45,0.0,24.25
2023-08-12,29.46,36.57,23.06,0.0,25.83
2023-08-13,28.69,37.18,19.53,0.0,26.62
2023-08-14,27.98,36.89,18.94,0.07,26.29
2023-08-15,27.65,36.83,19.68,0.0,27.76
2023-08-16,27.59,36.04,18.21,0.0,27.23
2023-08-17,27.04,35.62,17.78,0.0,26.12
2023-08-18,28.36,34.71,23.61,0.16,21.76
2023-08-19,27.29,35.31,20.4,0.0,26.6
2023-08-20,26.07,34.01,16.98,0.0,26.54
2023-08-21,26.88,33.63,20.82,0.0,26.44
2023-08-22,26.27,34.59,18.32,0.0,26.22
2023-08-23,25.85,34.69,16.44,0.04,25.95
2023-08-24,26.04,34.21,16.79,0.0,25.87
2023-08-25,24.07,32.97,15.15,0.0,25.13
2023-08-26,23.96,32.56,16.99,0.0,25.52
2023-08-27,24.52,32.88,15.51,0.0,25.39
2023-08-28,24.27,30.91,18.78,0.02,23.98
2023-08-29,19.79,23.62,15.06,7.67,14.42
2023-08-30,20.31,27.51,13.26,0.29,21.59
2023-08-31,23.5,30.31,17.1,0.0,22.63
2023-09-01,24.23,32.1,15.73,0.0,21.35
2023-09-02,24.99,33.24,16.4,0.0,22.85
2023-09-03,24.56,31.9,18.14,0.0,23.86
2023-09-04,22.06,28.98,15.41,0.0,22.09
2023-09-05,24.11,31.91,17.3,0.0,22.96
2023-09-06,25.47,32.99,19.82,0.0,24.18
2023-09-07,24.58,33.62,15.79,0.0,24.49
2023-09-08,22.43,31.87,13.86,0.01,23.57
2023-09-09,21.25,28.23,15.94,0.09,20.67
2023-09-10,19.46,27.55,12.79,0.0,20.52
2023-09-11,19.62,26.69,12.98,0.14,20.85
2023-09-12,18.19,22.41,13.76,5.02,12.45
2023-09-13,16.51,21.76,11.21,3.07,18.31
2023-09-14,16.85,25.5,9.2,0.0,23.15
2023-09-15,18.39,26.17,10.21,0.0,22.09
2023-09-16,19.1,27.11,11.29,0.0,22.52
2023-09-17,18.21,27.65,9.75,0.0,22.02
2023-09-18,18.57,27.29,10.74,0.21,21.4
2023-09-19,18.9,27.22,11.05,0.0,20.69
2023-09-20,20.17,27.84,12.8,0.0,20.81
2023-09-21,20.64,27.45,13.48,0.0,17.92
2023-09-22,20.94,29.21,12.62,0.0,20.93
2023-09-23,21.08,29.29,12.92,0.0,20.59
2023-09-24,20.86,29.24,12.27,0.0,19.92
2023-09-25,20.26,27.86,13.6,0.2,16.3
2023-09-26,19.74,27.6,11.95,0.0,19.94
2023-09-27,19.75,26.88,12.19,0.0,19.38
2023-09-28,20.15,27.31,12.98,0.0,19.21
2023-09-29,19.8,26.98,13.53,0.0,18.7
2023-09-30,18.24,25.27,13.24,0.01,17.35
2023-10-01,15.78,19.82,12.74,3.38,11.61
2023-10-02,12.63,14.22,10.49,16.03,8.74
2023-10-03,12.3,16.26,9.35,7.01,7.85
2023-10-04,9.47,12.52,5.31,7.8,7.24
2023-10-05,11.3,19.16,3.38,0.14,19.62
2023-10-06,13.19,20.33,6.79,0.0,19.1
2023-10-07,12.63,19.95,4.07,0.04,19.16
2023-10-08,12.87,21.35,5.13,0.0,18.64
2023-10-09,13.49,19.31,8.24,0.05,9.2
2023-10-10,13.12,17.97,8.67,1.69,12.4
2023-10-11,13.03,18.67,8.34,0.92,14.97
2023-10-12,12.73,21.25,4.21,0.11,18.12
2023-10-13,13.48,19.87,7.42,0.0,16.99
2023-10-14,13.28,20.74,5.31,0.0,17.97
2023-10-15,13.35,21.34,6.01,0.29,13.24
2023-10-16,11.83,15.34,9.45,3.07,9.73
2023-10-17,11.83,17.45,7.52,2.33,13.11
2023-10-18,10.85,14.68,7.93,3.28,7.86
2023-10-19,8.97,11.76,5.33,14.23,4.6
2023-10-20,9.8,16.69,4.13,0.01,14.86
2023-10-21,11.93,17.99,6.86,0.0,15.76
2023-10-22,12.46,19.41,4.26,0.0,16.03
2023-10-23,12.66,18.86,6.64,0.0,13.01
2023-10-24,10.37,14.54,6.75,1.51,10.49
2023-10-25,11.37,18.1,6.87,0.13,14.74
2023-10-26,11.94,16.66,8.28,0.0,10.49
2023-10-27,11.51,15.83,7.37,0.0,11.12
2023-10-28,12.77,18.72,7.81,0.0,13.93
2023-10-29,13.54,20.13,8.46,0.0,14.29
2023-10-30,12.61,20.12,6.24,0.0,13.49
2023-10-31,13.56,20.5,6.34,0.0,12.25
2023-11-01,13.1,18.0,8.25,0.13,11.09
2023-11-02,10.25,14.33,8.02,0.74,9.53
2023-11-03,9.49,11.54,8.03,9.91,5.95
2023-11-04,10.21,15.98,6.02,1.0,12.78
2023-11-05,10.02,17.83,3.2,0.0,13.75
2023-11-06,9.6,15.74,4.38,0.0,11.52
2023-11-07,9.96,16.92,4.34,0.0,13.44
2023-11-08,8.38,17.39,0.88,0.0,14.02
2023-11-09,8.94,14.7,5.34,0.0,11.41
2023-11-10,9.31,14.4,5.05,0.47,8.56
2023-11-11,8.95,14.78,5.68,0.0,10.93
2023-11-12,9.28,15.29,5.33,0.0,9.85
2023-11-13,8.67,15.31,4.5,0.0,9.97
2023-11-14,7.69,10.88,5.27,3.93,2.0
2023-11-15,6.51,11.01,4.35,1.56,7.68
2023-11-16,7.11,10.1,4.3,1.99,4.11
2023-11-17,5.7,11.26,1.83,18.47,11.54
2023-11-18,5.34,9.04,2.33,2.62,4.9
2023-11-19,7.21,10.29,5.46,15.41,2.04
2023-11-20,3.87,6.43,-0.14,30.16,3.54
2023-11-21,-0.8,2.46,-3.95,4.28,9.42
2023-11-22,-1.6,3.27,-4.81,0.0,10.01
2023-11-23,1.4,6.97,-2.69,0.0,10.28
2023-11-24,3.2,8.78,-0.17,0.0,10.57
2023-11-25,2.28,7.69,-0.85,0.06,6.77
2023-11-26,3.78,6.89,0.18,3.64,2.71
2023-11-27,3.93,6.93,-0.42,13.31,4.89
2023-11-28,-1.93,2.82,-4.95,0.03,10.81
2023-11-29,-0.18,4.72,-3.79,0.0,9.11
2023-11-30,1.36,6.7,-1.09,0.0,8.1
2023-12-01,2.65,10.17,-1.81,0.0,11.09
2023-12-02,3.05,10.54,-1.98,0.0,9.34
2023-12-03,3.59,9.44,0.14,0.0,8.54
2023-12-04,4.28,9.7,1.29,0.0,8.91
2023-12-05,5.67,11.52,1.8,0.7,6.63
2023-12-06,2.97,4.79,0.99,9.0,1.94
2023-12-07,3.96,6.27,2.28,2.72,3.65
2023-12-08,4.45,5.49,3.73,0.36,3.56
2023-12-09,2.4,3.8,1.09,8.96,1.83
2023-12-10,3.57,5.16,2.72,1.66,3.33
2023-12-11,4.32,8.06,0.83,3.22,8.03
2023-12-12,3.69,7.47,0.41,8.46,5.56
2023-12-13,2.3,5.46,-0.22,4.9,3.84
2023-12-14,1.23,6.52,-2.9,0.69,9.43
2023-12-15,3.13,10.24,-2.06,0.0,9.52
2023-12-16,3.32,8.29,-0.2,0.0,8.39
2023-12-17,0.54,5.56,-4.67,2.47,4.78
2023-12-18,-3.57,2.15,-6.49,0.02,10.23
2023-12-19,-1.84,3.08,-5.19,0.0,10.31
2023-12-20,0.37,5.12,-3.45,0.0,10.13
2023-12-21,-0.08,3.89,-2.64,0.07,7.44
2023-12-22,-0.11,1.71,-1.33,11.89,1.43
2023-12-23,-0.35,1.11,-2.07,17.42,1.72
2023-12-24,-1.56,0.53,-5.28,1.57,2.13
2023-12-25,-1.76,1.76,-5.63,0.1,8.68
2023-12-26,0.11,2.33,-3.24,0.0,7.48
2023-12-27,0.11,5.4,-3.59,0.0,9.71
2023-12-28,0.01,5.49,-4.21,0.0,9.41
2023-12-29,-1.2,5.89,-4.72,0.0,10.6
2023-12-30,0.14,7.14,-4.19,0.0,10.64
2023-12-31,1.41,5.31,-0.94,0.0,9.32
2024-01-01,1.3,5.8,-2.2,0.0,8.75
2024-01-02,0.33,2.89,-1.74,0.01,7.99
2024-01-03,-0.81,1.47,-2.06,0.74,4.06
2024-01-04,-0.62,0.7,-1.33,8.21,2.92
2024-01-05,-0.24,0.55,-3.63,21.26,1.54
2024-01-06,-6.06,0.62,-11.04,0.04,9.61
2024-01-07,-3.1,2.01,-6.65,0.0,10.52
2024-01-08,-1.57,2.0,-3.87,0.0,5.84
2024-01-09,-0.21,3.22,-2.89,0.71,4.17
2024-01-10,-0.09,1.57,-2.21,4.15,2.63
2024-01-11,-0.77,1.24,-2.61,5.16,2.31
2024-01-12,-1.68,0.45,-3.33,8.47,2.61
2024-01-13,-3.71,-1.1,-6.9,8.91,7.41
2024-01-14,-8.11,-1.33,-14.82,3.73,9.8
2024-01-15,-7.78,-1.67,-12.71,0.03,10.85
2024-01-16,-3.29,0.04,-8.61,0.71,4.12
2024-01-17,-0.63,0.44,-3.03,0.72,3.5
2024-01-18,-1.39,2.14,-4.34,0.0,8.15
2024-01-19,-0.58,2.49,-3.26,0.0,6.18
2024-01-20,1.12,2.18,0.28,0.07,6.05
2024-01-21,1.05,2.35,0.47,0.84,3.04
2024-01-22,0.7,1.81,-0.21,6.45,3.53
2024-01-23,0.45,1.33,-0.63,15.74,3.32
2024-01-24,-5.95,-0.7,-13.9,9.86,5.14
2024-01-25,-7.98,-0.7,-14.4,0.14,9.96
2024-01-26,-3.94,-0.4,-8.94,8.71,2.01
2024-01-27,-3.3,-1.25,-7.8,11.59,4.25
2024-01-28,-8.15,-2.86,-15.01,1.23,8.22
2024-01-29,-7.11,-2.93,-13.6,2.51,4.55
2024-01-30,-10.91,-3.8,-14.58,0.0,9.56
2024-01-31,-11.6,-4.18,-16.51,0.0,11.8
2024-02-01,-10.7,-3.71,-14.53,0.0,11.96
2024-02-02,-11.44,-4.46,-16.05,0.0,11.35
2024-02-03,-7.22,-1.86,-12.15,0.06,8.27
2024-02-04,-6.08,-2.13,-9.59,0.63,8.53
2024-02-05,-4.71,-1.64,-7.44,1.89,7.4
2024-02-06,-3.62,-0.61,-7.22,0.0,5.69
2024-02-07,-1.28,-0.07,-2.76,0.05,6.29
2024-02-08,0.31,0.75,-0.24,0.23,5.81
2024-02-09,0.27,1.84,-0.78,0.23,7.21
2024-02-10,0.64,4.93,-3.53,0.13,11.02
2024-02-11,1.46,6.66,-3.51,0.0,12.79
2024-02-12,2.36,7.6,-0.8,0.0,11.24
2024-02-13,3.07,6.95,0.98,0.03,11.79
2024-02-14,1.92,6.04,0.03,6.16,3.53
2024-02-15,2.65,5.97,-0.37,7.86,7.03
2024-02-16,2.96,5.72,0.82,0.72,9.04
2024-02-17,0.79,2.85,-0.86,4.52,8.3
2024-02-18,0.95,4.29,-1.51,2.94,9.94
2024-02-19,0.51,4.05,-3.26,2.77,11.02
2024-02-20,1.09,4.06,-2.5,0.28,13.3
2024-02-21,0.78,4.17,-1.42,0.15,12.28
2024-02-22,0.72,3.31,-0.83,1.16,7.78
2024-02-23,1.26,4.35,-0.82,4.99,7.28
2024-02-24,0.72,6.23,-3.6,0.0,13.11
2024-02-25,-0.93,4.48,-4.33,0.0,17.75
2024-02-26,-2.65,2.5,-5.77,0.0,18.91
2024-02-27,-2.76,1.84,-5.63,0.0,19.26
2024-02-28,-3.27,2.71,-9.99,0.0,19.51
2024-02-29,-1.45,5.18,-8.09,0.0,19.64
2024-03-01,1.39,7.99,-5.2,0.0,18.4
2024-03-02,1.61,6.23,-1.3,0.0,16.24
2024-03-03,0.38,4.68,-2.2,0.0,13.17
2024-03-04,1.26,5.45,-2.04,0.0,14.91
2024-03-05,1.66,7.2,-2.07,0.12,16.56
2024-03-06,1.35,4.9,-1.3,7.89,7.63
2024-03-07,0.77,3.38,-1.43,8.0,10.95
2024-03-08,-0.13,3.09,-3.51,0.91,11.09
2024-03-09,-0.33,2.77,-2.22,3.43,5.94
2024-03-10,-0.24,2.57,-2.54,3.42,8.88
2024-03-11,0.2,6.1,-4.74,0.03,17.5
2024-03-12,1.7,9.16,-4.15,0.0,18.71
2024-03-13,3.23,8.78,-1.22,0.0,17.84
2024-03-14,4.4,8.6,0.67,0.0,14.39
2024-03-15,4.19,9.39,0.28,2.54,14.0
2024-03-16,2.58,6.05,0.01,1.19,12.1
2024-03-17,2.84,5.64,0.51,2.98,12.7
2024-03-18,2.28,5.51,0.49,26.07,2.67
2024-03-19,4.13,7.98,0.56,20.95,5.84
2024-03-20,3.12,5.32,1.37,10.84,6.65
2024-03-21,2.71,4.91,1.29,8.53,5.22
2024-03-22,1.89,3.31,0.16,15.42,4.73
2024-03-23,-0.37,1.28,-3.89,11.52,7.29
2024-03-24,-0.62,4.61,-6.12,0.02,14.19
2024-03-25,0.51,6.35,-5.21,0.23,16.45
2024-03-26,0.79,3.61,-3.42,12.43,5.15
2024-03-27,0.25,5.29,-4.83,0.02,16.56
2024-03-28,5.09,11.26,-0.51,0.0,19.26
2024-03-29,7.32,14.02,-0.05,0.0,17.14
2024-03-30,8.0,15.2,1.32,0.0,22.89
2024-03-31,9.1,16.4,0.61,0.0,20.89
2024-04-01,10.61,16.94,2.53,0.0,22.38
2024-04-02,9.79,16.82,1.73,0.0,23.72
2024-04-03,10.7,17.41,2.73,0.0,22.99
2024-04-04,11.63,16.6,7.16,0.0,22.33
2024-04-05,10.65,16.02,5.74,0.0,20.6
2024-04-06,10.92,15.52,6.71,0.28,21.94
2024-04-07,8.82,11.68,5.3,5.39,9.21
2024-04-08,8.38,11.43,6.14,11.69,8.95
2024-04-09,9.4,14.99,5.47,15.6,10.31
2024-04-10,7.4,10.95,2.81,7.99,11.99
2024-04-11,6.6,9.9,2.88,1.73,15.59
2024-04-12,8.79,14.76,2.34,0.0,19.01
2024-04-13,9.97,16.23,2.17,0.0,26.25
2024-04-14,10.22,15.06,6.21,1.03,22.02
2024-04-15,9.2,14.09,4.66,0.4,22.66
2024-04-16,10.75,17.38,2.47,0.0,26.87
2024-04-17,12.24,18.65,4.72,0.0,26.5
2024-04-18,12.86,18.29,8.34,0.0,25.49
2024-04-19,13.96,19.38,9.04,0.0,24.93
2024-04-20,13.18,18.27,8.71,0.0,24.82
2024-04-21,12.13,17.23,7.4,0.0,23.58
2024-04-22,11.82,18.34,5.12,0.0,27.49
2024-04-23,11.91,19.06,4.77,0.0,20.72
2024-04-24,13.15,19.75,5.2,0.0,22.26
2024-04-25,15.63,21.62,8.11,0.0,24.82
2024-04-26,17.45,21.3,12.91,0.0,25.55
2024-04-27,17.54,22.45,10.12,0.0,23.61
2024-04-28,17.82,23.41,11.84,0.0,27.0
2024-04-29,18.0,24.04,10.32,0.0,27.73
2024-04-30,14.97,17.88,10.11,3.35,21.62
2024-05-01,13.76,17.61,11.2,3.63,17.84
2024-05-02,12.49,15.43,10.29,6.66,15.51
2024-05-03,12.03,16.29,7.66,9.52,18.93
2024-05-04,10.26,14.19,6.65,5.0,18.09
2024-05-05,9.24,14.08,4.51,2.01,18.5
2024-05-06,7.66,12.13,2.61,5.97,16.59
2024-05-07,6.76,9.24,4.84,7.62,14.18
2024-05-08,8.32,12.73,4.38,2.56,24.0
2024-05-09,10.63,17.27,2.77,0.0,27.5
2024-05-10,13.15,17.56,8.53,0.0,25.52
2024-05-11,12.16,18.25,8.84,1.91,6.78
2024-05-12,12.64,17.77,7.37,2.71,25.5
2024-05-13,10.49,13.83,7.32,3.52,19.38
2024-05-14,8.7,12.23,5.87,5.08,18.81
2024-05-15,9.13,12.4,4.82,0.96,20.88
2024-05-16,10.73,15.31,5.9,1.8,24.98
2024-05-17,9.68,15.92,2.27,1.35,30.74
2024-05-18,10.78,16.82,2.86,0.12,31.0
2024-05-19,13.46,17.1,9.95,2.68,22.99
2024-05-20,14.04,20.19,6.07,0.01,23.58
2024-05-21,14.47,20.46,7.9,0.18,27.46
2024-05-22,15.07,19.91,8.23,0.86,27.9
2024-05-23,14.5,19.64,7.96,4.86,23.69
2024-05-24,14.4,20.71,7.33,0.54,23.15
2024-05-25,13.51,17.68,9.48,0.74,21.34
2024-05-26,12.31,15.71,9.35,7.31,17.1
2024-05-27,15.39,20.71,10.28,0.26,26.31
2024-05-28,17.03,23.41,10.46,0.4,26.26
2024-05-29,17.5,23.39,10.82,0.89,27.54
2024-05-30,19.45,25.08,13.81,14.64,25.04
2024-05-31,18.22,24.37,12.66,0.0,28.82
2024-06-01,16.22,21.58,11.15,0.01,27.27
2024-06-02,15.66,23.17,8.26,0.0,31.94
2024-06-03,18.29,26.26,9.91,0.0,31.13
2024-06-04,18.92,25.91,11.8,0.01,30.67
2024-06-05,19.28,25.7,11.91,0.0,31.09
2024-06-06,19.73,27.62,11.39,0.0,31.52
2024-06-07,20.98,28.97,11.99,0.0,29.43
2024-06-08,20.52,28.73,13.92,1.48,20.88
2024-06-09,20.17,26.35,13.22,1.86,27.56
2024-06-10,19.48,25.78,13.01,2.31,19.47
2024-06-11,19.51,26.64,11.15,0.0,29.95
2024-06-12,20.43,27.84,12.49,0.26,30.98
2024-06-13,20.35,27.96,12.42,0.0,30.76
2024-06-14,19.91,27.55,12.31,0.0,31.35
2024-06-15,21.67,29.03,12.23,0.0,29.08
2024-06-16,23.7,29.89,17.4,0.04,28.87
2024-06-17,24.23,30.73,16.48,0.0,31.25
2024-06-18,24.98,31.74,17.46,0.0,31.08
2024-06-19,24.3,31.88,15.41,0.0,30.93
2024-06-20,25.8,33.06,16.96,0.0,30.29
2024-06-21,24.28,32.24,16.21,0.0,30.39
2024-06-22,23.13,31.39,15.57,0.0,31.66
2024-06-23,22.99,32.34,14.91,0.0,29.5
2024-06-24,24.43,31.88,17.83,0.01,29.95
2024-06-25,24.89,32.35,16.92,0.06,27.99
2024-06-26,22.89,32.15,13.85,0.14,30.6
2024-06-27,18.44,27.83,9.69,0.0,32.51
2024-06-28,21.11,30.89,11.5,0.45,32.08
2024-06-29,22.48,31.45,12.91,0.14,30.9
2024-06-30,22.77,31.13,13.84,0.16,26.79
2024-07-01,21.15,27.59,14.01,0.92,24.65
2024-07-02,20.86,27.14,13.68,0.84,27.57
2024-07-03,22.28,28.01,16.41,0.2,27.45
2024-07-04,24.46,31.6,15.4,0.0,29.86
2024-07-05,26.38,33.63,18.72,0.0,30.44
2024-07-06,26.55,35.17,17.43,0.03,30.28
2024-07-07,26.09,34.1,17.63,0.75,27.83
2024-07-08,23.51,30.06,17.67,1.09,24.65
2024-07-09,23.83,29.68,16.43,1.77,23.35
2024-07-10,24.31,31.16,16.51,1.09,22.59
2024-07-11,26.62,34.01,18.05,0.01,27.52
2024-07-12,27.06,34.05,19.29,0.0,29.54
2024-07-13,26.39,35.35,16.17,0.01,29.36
2024-07-14,26.83,35.13,17.65,0.29,25.89
2024-07-15,25.74,32.01,22.0,0.19,21.71
2024-07-16,27.0,34.05,18.72,0.01,24.71
2024-07-17,28.02,35.19,20.89,0.08,26.18
2024-07-18,26.56,34.97,17.5,0.75,26.47
2024-07-19,26.74,33.55,19.2,0.9,27.07
2024-07-20,25.98,32.4,20.67,0.75,22.78
2024-07-21,25.22,32.27,18.27,0.0,27.68
2024-07-22,26.88,34.48,18.09,0.0,26.94
2024-07-23,27.82,35.9,19.05,0.04,28.16
2024-07-24,26.44,34.95,18.21,0.14,27.87
2024-07-25,25.25,34.07,16.74,0.0,28.64
2024-07-26,26.14,33.48,18.3,0.01,28.08
2024-07-27,25.42,32.09,19.33,0.02,25.96
2024-07-28,23.32,30.25,16.82,0.26,26.6
2024-07-29,23.15,30.88,15.29,0.0,28.95
2024-07-30,25.03,33.68,15.79,0.0,29.25
2024-07-31,25.6,33.62,15.67,0.0,26.39
