date,T2M,T2M_MAX,T2M_MIN,PRECTOTCORR,ALLSKY_SFC_SW_DWN
2004-10-01,18.43,25.74,13.31,0.0,18.88
2004-10-02,17.74,24.93,10.65,0.06,16.82
2004-10-03,14.06,20.46,7.66,0.46,10.9
2004-10-04,11.78,20.22,4.86,0.03,12.41
2004-10-05,11.78,20.82,3.46,0.0,19.04
2004-10-06,13.21,22.49,5.88,0.25,13.68
2004-10-07,14.83,23.66,7.08,0.01,16.15
2004-10-08,15.44,22.23,9.06,2.98,14.37
2004-10-09,14.12,20.81,8.88,0.78,12.52
2004-10-10,12.11,18.58,6.79,0.0,14.06
2004-10-11,12.98,19.8,7.76,0.0,17.8
2004-10-12,13.52,20.32,8.35,0.01,16.27
2004-10-13,11.7,19.63,5.56,0.08,14.82
2004-10-14,11.19,19.17,3.32,0.02,14.22
2004-10-15,13.02,18.65,8.77,0.18,14.01
2004-10-16,13.14,19.15,7.61,0.15,13.32
2004-10-17,13.38,19.93,7.2,0.0,14.74
2004-10-18,14.54,21.97,9.38,0.0,16.13
2004-10-19,15.08,22.34,10.22,0.0,14.36
2004-10-20,14.79,21.56,10.54,0.0,14.63
2004-10-21,7.43,10.02,0.13,3.48,5.74
2004-10-22,4.08,13.71,-3.2,0.12,13.1
2004-10-23,6.28,16.07,-3.26,0.0,16.46
2004-10-24,8.53,16.02,1.9,0.0,14.84
2004-10-25,10.12,17.88,4.26,0.0,14.83
2004-10-26,10.78,18.92,4.67,0.0,15.05
2004-10-27,13.1,20.91,7.07,0.0,13.45
2004-10-28,13.8,19.9,9.75,0.01,11.18
2004-10-29,12.64,20.3,8.42,1.24,11.83
2004-10-30,9.09,11.48,7.43,10.53,3.9
2004-10-31,8.43,13.56,4.96,0.66,8.05
2004-11-01,9.72,16.45,4.27,0.0,11.8
2004-11-02,10.23,16.79,6.01,0.0,12.23
2004-11-03,9.33,15.52,3.91,0.02,11.61
2004-11-04,4.98,8.76,-2.23,1.96,8.72
2004-11-05,3.94,11.97,-3.36,0.0,13.72
2004-11-06,5.0,11.11,0.74,0.36,13.01
2004-11-07,5.93,11.27,2.35,1.02,4.66
2004-11-08,6.58,11.71,2.73,0.5,6.88
2004-11-09,7.29,11.44,4.46,1.24,7.53
2004-11-10,6.9,12.22,3.45,0.02,9.39
2004-11-11,7.07,13.07,2.21,0.03,8.24
2004-11-12,7.6,15.33,1.33,0.04,11.43
2004-11-13,7.02,14.29,0.37,0.0,12.28
2004-11-14,6.88,13.64,1.4,0.0,10.67
2004-11-15,6.75,13.02,2.24,0.09,11.06
2004-11-16,4.94,7.3,2.55,10.57,2.85
2004-11-17,4.36,6.1,0.95,16.31,1.78
2004-11-18,-0.99,3.91,-7.83,6.42,9.08
2004-11-19,-1.18,6.07,-7.91,0.0,10.75
2004-11-20,0.25,4.6,-2.4,0.12,9.15
2004-11-21,0.17,1.34,-1.13,25.59,1.89
2004-11-22,-1.51,-0.04,-4.76,44.97,1.54
2004-11-23,-10.15,-5.79,-19.63,0.88,8.03
2004-11-24,-13.53,-5.1,-20.97,0.03,9.54
2004-11-25,-9.24,-4.77,-15.55,7.21,3.52
2004-11-26,-6.02,-4.23,-7.41,25.98,3.87
2004-11-27,-9.67,-4.08,-18.66,7.34,8.07
2004-11-28,-10.49,-1.98,-17.38,0.0,10.62
2004-11-29,-9.7,-1.54,-14.6,0.0,10.06
2004-11-30,-8.82,-0.74,-14.16,0.0,10.71
2004-12-01,-7.99,-0.21,-14.05,0.04,6.91
2004-12-02,-10.87,-1.24,-16.46,0.01,9.82
2004-12-03,-6.32,-0.3,-14.43,0.0,7.85
2004-12-04,-4.43,0.65,-9.05,0.0,9.73
2004-12-05,-3.78,-0.19,-9.01,0.22,3.85
2004-12-06,-9.56,-1.57,-15.13,0.14,8.59
2004-12-07,-8.68,-2.32,-13.05,0.08,9.48
2004-12-08,-9.73,-1.71,-13.89,1.97,7.77
2004-12-09,-9.68,-0.52,-16.75,0.0,9.94
2004-12-10,-13.14,-4.11,-18.46,0.02,10.2
2004-12-11,-10.44,-4.73,-17.28,0.27,9.21
2004-12-12,-14.18,-5.98,-18.91,0.11,8.94
2004-12-13,-11.07,-2.07,-18.85,0.0,9.56
2004-12-14,-9.42,-4.11,-13.62,0.58,7.5
2004-12-15,-15.41,-8.04,-20.93,0.49,8.81
2004-12-16,-17.16,-8.55,-21.89,0.02,10.62
2004-12-17,-14.96,-6.09,-21.63,0.0,10.64
2004-12-18,-13.24,-6.4,-17.19,0.0,10.62
2004-12-19,-11.03,-5.71,-17.14,0.19,7.84
2004-12-20,-8.95,-4.42,-12.3,0.15,8.28
2004-12-21,-6.13,-0.4,-10.63,0.06,8.14
2004-12-22,-7.09,-0.2,-11.64,0.02,9.18
2004-12-23,-5.2,-0.93,-10.08,8.17,7.2
2004-12-24,-2.91,-0.8,-4.59,18.62,6.69
2004-12-25,-3.99,0.42,-9.31,1.39,9.42
2004-12-26,-6.54,0.52,-12.01,0.0,10.15
2004-12-27,-5.93,1.61,-11.8,0.0,10.3
2004-12-28,-1.86,3.21,-7.09,0.0,9.52
2004-12-29,-0.95,1.49,-3.12,0.0,9.08
2004-12-30,-1.97,0.94,-4.39,0.0,8.39
2004-12-31,-2.76,0.89,-5.64,0.0,9.92
2005-01-01,-2.33,1.14,-6.0,0.0,10.38
2005-01-02,-2.39,-0.29,-4.67,4.16,7.35
2005-01-03,-6.22,-0.79,-14.31,0.78,8.83
2005-01-04,-9.19,-2.88,-15.05,3.97,6.97
2005-01-05,-5.71,-2.34,-9.69,15.64,6.27
2005-01-06,-11.56,-4.48,-16.07,0.22,10.59
2005-01-07,-10.39,-2.17,-16.36,0.02,9.84
2005-01-08,-9.99,-0.87,-14.8,0.14,10.91
2005-01-09,-9.88,-0.71,-15.69,0.0,10.98
2005-01-10,-9.02,-0.44,-15.34,0.01,9.99
2005-01-11,-9.17,-2.9,-14.53,0.03,10.08
2005-01-12,-8.21,0.44,-14.9,0.0,9.96
2005-01-13,-7.81,0.08,-14.02,0.0,10.47
2005-01-14,-8.07,-1.22,-12.65,0.0,11.02
2005-01-15,-8.31,-2.7,-12.66,0.0,9.07
2005-01-16,-7.36,-1.82,-10.95,0.0,9.68
2005-01-17,-6.56,-0.72,-10.59,0.94,10.88
2005-01-18,-5.95,-1.1,-10.0,1.77,9.12
2005-01-19,-6.64,-1.43,-9.92,2.38,9.73
2005-01-20,-7.3,-1.87,-12.03,0.18,10.13
2005-01-21,-6.97,-2.64,-10.83,0.06,9.54
2005-01-22,-4.68,-1.3,-7.94,0.2,8.84
2005-01-23,-6.49,-1.32,-12.8,11.36,11.34
2005-01-24,-7.46,-4.12,-17.78,29.51,10.15
2005-01-25,-13.11,-4.4,-20.56,0.0,13.04
2005-01-26,-8.5,-1.83,-13.8,0.0,11.03
2005-01-27,-7.47,-1.46,-11.94,0.0,9.56
2005-01-28,-4.3,0.18,-9.41,0.0,9.62
2005-01-29,-4.03,-0.18,-7.41,0.0,11.89
2005-01-30,-4.16,-1.0,-7.74,27.08,7.09
2005-01-31,-2.55,-0.09,-5.76,13.22,8.5
2005-02-01,-3.39,-1.42,-8.88,9.81,5.74
2005-02-02,-8.45,-2.39,-15.36,0.33,12.4
2005-02-03,-7.05,-2.42,-11.08,1.24,14.17
2005-02-04,-5.92,-1.62,-9.94,1.11,11.3
2005-02-05,-6.02,-2.09,-9.3,5.91,12.41
2005-02-06,-6.34,-2.43,-11.05,0.63,12.4
2005-02-07,-10.88,-3.41,-17.12,0.04,14.65
2005-02-08,-11.06,-6.47,-16.09,0.52,12.73
2005-02-09,-10.65,-6.2,-14.5,0.24,11.79
2005-02-10,-12.49,-6.13,-17.39,0.02,15.23
2005-02-11,-12.76,-6.51,-17.48,0.03,15.4
2005-02-12,-13.54,-6.72,-20.06,0.02,15.38
2005-02-13,-13.58,-7.34,-19.15,0.0,15.81
2005-02-14,-11.18,-4.35,-17.56,0.0,15.36
2005-02-15,-7.7,-0.62,-13.23,0.0,16.87
2005-02-16,-5.19,0.27,-11.99,0.0,15.45
2005-02-17,-2.53,0.32,-6.12,0.0,15.46
2005-02-18,-2.06,0.72,-6.75,0.01,14.65
2005-02-19,-1.1,0.52,-3.5,8.42,11.86
2005-02-20,-0.34,0.13,-1.38,14.29,14.43
2005-02-21,-3.22,-0.38,-11.33,0.92,16.04
2005-02-22,-6.06,-0.23,-12.36,0.0,17.32
2005-02-23,-5.52,-0.29,-10.19,0.0,17.36
2005-02-24,-4.38,-0.35,-9.33,0.0,17.44
2005-02-25,-3.67,-0.51,-7.84,0.0,17.57
2005-02-26,-3.02,-0.34,-7.0,0.03,16.55
2005-02-27,-1.61,-0.19,-4.62,10.32,13.36
2005-02-28,0.01,0.61,-0.66,9.75,8.98
2005-03-01,0.35,0.62,0.07,9.22,11.1
2005-03-02,0.79,1.44,0.21,2.24,2.9
2005-03-03,0.77,1.08,0.39,9.75,2.7
2005-03-04,-0.23,0.75,-4.93,17.64,2.98
2005-03-05,-4.16,0.9,-11.08,0.02,12.57
2005-03-06,-1.56,0.39,-4.89,4.44,9.41
2005-03-07,-0.93,1.06,-3.9,0.72,16.38
2005-03-08,0.12,1.17,-0.71,9.16,9.61
2005-03-09,0.24,1.36,-3.0,6.43,9.23
2005-03-10,-1.56,0.39,-3.74,7.34,3.95
2005-03-11,-2.43,-0.32,-5.64,6.05,17.76
2005-03-12,-3.24,-0.54,-5.78,9.14,14.96
2005-03-13,-5.07,0.51,-11.39,0.0,22.52
2005-03-14,-4.5,2.56,-12.14,0.0,22.73
2005-03-15,-3.33,3.09,-9.48,0.0,22.28
2005-03-16,-2.91,3.6,-8.49,0.0,22.37
2005-03-17,-3.14,2.83,-8.33,0.0,22.1
2005-03-18,-0.43,6.07,-7.12,0.0,22.44
2005-03-19,1.52,5.96,-1.67,0.05,19.27
2005-03-20,1.1,5.1,-1.68,4.81,17.39
2005-03-21,-1.15,3.36,-4.37,1.81,19.98
2005-03-22,-1.17,3.47,-4.38,4.51,20.55
2005-03-23,-2.38,2.48,-8.7,0.17,20.81
2005-03-24,-6.69,-1.23,-11.48,0.1,23.14
2005-03-25,-5.67,-0.58,-9.3,0.01,21.57
2005-03-26,-4.38,2.41,-12.74,0.0,23.1
2005-03-27,0.29,4.56,-3.57,0.04,19.56
2005-03-28,2.33,6.73,-1.75,0.72,12.4
2005-03-29,3.89,6.48,1.98,1.03,16.17
2005-03-30,6.13,10.08,2.9,2.92,10.15
2005-03-31,6.31,10.93,2.35,3.83,12.03
2005-04-01,6.3,10.03,3.62,9.35,10.39
2005-04-02,3.54,6.11,1.5,6.0,8.44
2005-04-03,2.24,5.43,-0.9,8.43,5.45
2005-04-04,0.04,4.7,-3.88,2.7,10.36
2005-04-05,0.55,6.85,-5.54,0.0,16.54
2005-04-06,1.91,8.26,-3.88,0.0,20.89
2005-04-07,4.7,12.08,-3.54,0.0,23.17
2005-04-08,7.29,13.67,0.34,0.0,19.04
2005-04-09,7.64,13.31,1.91,0.01,20.21
2005-04-10,7.97,15.31,0.57,0.02,21.79
2005-04-11,8.57,16.81,0.49,0.0,23.15
2005-04-12,10.54,18.22,1.21,0.0,22.96
2005-04-13,11.24,18.49,4.16,0.0,24.18
2005-04-14,10.93,16.55,6.29,0.24,13.79
2005-04-15,9.42,13.82,3.59,4.03,12.15
2005-04-16,4.54,8.28,-0.25,0.79,15.45
2005-04-17,5.89,10.44,1.37,0.2,19.88
2005-04-18,7.98,13.47,2.41,0.12,20.12
2005-04-19,8.71,14.53,4.57,0.83,16.02
2005-04-20,9.51,15.11,4.18,0.0,23.27
2005-04-21,9.79,15.79,3.17,0.0,23.92
2005-04-22,9.16,13.91,4.59,0.21,9.11
2005-04-23,11.74,16.34,7.62,4.07,7.29
2005-04-24,9.48,11.95,6.94,29.98,5.66
2005-04-25,9.54,12.87,6.34,2.9,8.8
2005-04-26,8.65,14.78,3.66,1.64,15.97
2005-04-27,9.24,15.11,4.55,0.75,25.46
2005-04-28,7.45,11.42,3.46,12.92,10.91
2005-04-29,8.31,13.68,2.01,0.09,23.11
2005-04-30,9.11,14.79,3.03,0.11,19.64
2005-05-01,9.05,13.45,4.72,0.12,16.54
2005-05-02,6.73,11.11,1.85,0.82,17.36
2005-05-03,5.05,8.96,1.6,3.61,7.93
2005-05-04,4.5,9.87,-1.49,1.87,18.7
2005-05-05,6.27,12.69,-1.73,0.0,23.15
2005-05-06,8.55,14.88,0.64,0.0,24.31
2005-05-07,12.37,17.57,7.61,0.49,22.38
2005-05-08,12.0,18.1,7.84,2.85,14.16
2005-05-09,10.87,15.08,5.72,1.52,22.64
2005-05-10,11.71,19.05,3.03,0.0,29.52
2005-05-11,13.39,19.6,5.37,0.0,27.41
2005-05-12,14.69,20.41,8.4,0.0,25.77
2005-05-13,14.21,20.45,8.65,0.19,22.04
2005-05-14,11.88,17.65,6.2,0.57,14.56
2005-05-15,10.69,16.3,4.97,0.84,16.96
2005-05-16,11.53,16.52,5.11,0.0,25.75
2005-05-17,11.7,15.98,6.57,1.44,19.6
2005-05-18,11.54,18.82,3.72,0.13,24.22
2005-05-19,12.35,18.52,5.18,2.27,27.69
2005-05-20,14.0,20.83,5.31,0.01,29.77
2005-05-21,15.34,22.1,6.82,0.0,28.41
2005-05-22,15.64,20.87,10.51,1.04,24.54
2005-05-23,15.24,22.0,8.31,4.47,17.29
2005-05-24,14.61,18.97,9.18,7.55,15.37
2005-05-25,14.39,19.06,9.31,0.64,22.43
2005-05-26,14.07,18.58,8.29,0.83,19.21
2005-05-27,13.85,18.82,7.74,4.3,21.33
2005-05-28,15.38,21.74,8.13,0.32,25.03
2005-05-29,14.12,19.31,7.48,0.16,27.74
2005-05-30,13.72,18.47,8.63,0.15,22.12
2005-05-31,13.42,18.32,7.67,0.21,24.98
2005-06-01,11.68,15.03,8.72,10.53,16.78
2005-06-02,12.19,15.78,7.72,2.6,16.37
2005-06-03,12.56,17.94,7.07,0.31,16.43
2005-06-04,11.31,15.6,7.77,10.02,10.03
2005-06-05,10.74,13.94,7.16,11.85,10.49
2005-06-06,12.5,17.77,6.01,0.4,19.17
2005-06-07,13.97,20.84,4.84,0.0,32.5
2005-06-08,15.7,23.36,6.19,0.0,30.54
2005-06-09,17.1,24.23,7.51,0.0,31.63
2005-06-10,18.12,24.74,9.49,0.0,30.84
2005-06-11,18.93,25.53,11.54,0.0,28.21
2005-06-12,18.06,23.93,10.53,0.0,27.89
2005-06-13,16.95,23.53,8.85,0.29,23.6
2005-06-14,16.82,22.35,10.42,0.09,29.99
2005-06-15,18.28,24.59,12.37,1.04,22.49
2005-06-16,16.82,23.09,10.29,0.0,29.59
2005-06-17,15.78,23.52,7.98,0.0,32.4
2005-06-18,16.3,24.27,6.92,0.0,31.77
2005-06-19,17.54,24.78,8.25,0.0,31.55
2005-06-20,15.95,22.9,8.97,0.2,23.61
2005-06-21,14.16,21.67,5.48,0.0,28.12
2005-06-22,14.21,20.96,7.66,0.0,24.76
2005-06-23,13.18,21.58,4.57,0.0,32.57
2005-06-24,16.65,25.61,5.59,0.0,31.54
2005-06-25,17.69,26.33,8.82,0.13,29.98
2005-06-26,15.44,23.12,9.48,0.33,15.25
2005-06-27,15.67,22.99,8.42,0.1,24.36
2005-06-28,18.58,25.54,9.1,0.0,29.94
2005-06-29,21.01,27.22,13.48,0.36,27.32
2005-06-30,20.47,27.49,12.45,0.05,25.46
2005-07-01,19.74,27.12,11.31,0.0,28.98
2005-07-02,20.56,27.85,12.51,0.22,28.26
2005-07-03,21.88,29.63,12.84,0.29,29.07
2005-07-04,22.0,30.43,13.55,0.01,29.2
2005-07-05,19.53,26.11,11.86,0.02,30.82
2005-07-06,18.35,24.99,11.19,0.07,28.12
2005-07-07,20.64,28.79,10.9,0.0,30.56
2005-07-08,22.73,31.08,13.31,0.0,29.71
2005-07-09,23.1,31.56,14.5,0.02,29.3
2005-07-10,23.69,32.23,15.33,0.0,28.77
2005-07-11,23.72,31.99,15.88,0.0,29.79
2005-07-12,23.26,32.61,14.93,0.0,31.25
2005-07-13,22.61,31.79,14.75,0.0,30.64
2005-07-14,23.56,32.93,12.87,0.0,30.61
2005-07-15,23.38,31.15,16.63,0.0,29.87
2005-07-16,21.66,29.61,13.9,0.0,29.71
2005-07-17,22.46,29.7,15.38,0.0,27.75
2005-07-18,21.3,30.53,11.84,0.0,30.09
2005-07-19,21.93,31.0,11.84,0.0,29.36
2005-07-20,23.1,31.72,13.95,0.0,29.08
2005-07-21,24.15,32.37,14.92,0.0,28.0
2005-07-22,24.04,32.7,14.72,0.0,27.46
2005-07-23,24.34,32.97,14.84,0.01,28.79
2005-07-24,24.87,33.64,15.64,0.56,26.63
2005-07-25,24.98,33.32,15.83,0.03,28.07
2005-07-26,25.08,32.84,17.38,0.0,27.21
2005-07-27,25.37,34.55,15.64,0.01,28.25
2005-07-28,26.59,35.84,18.16,1.62,24.17
2005-07-29,26.15,35.44,17.55,0.09,26.88
2005-07-30,26.07,34.91,17.59,0.0,26.91
2005-07-31,26.17,33.51,19.27,0.0,27.03
2005-08-01,25.13,32.88,17.88,0.0,27.51
2005-08-02,24.2,31.79,16.85,0.02,23.14
2005-08-03,22.05,28.27,16.34,0.18,15.94
2005-08-04,23.25,30.15,16.09,0.69,18.39
2005-08-05,24.4,30.8,18.38,0.0,23.19
2005-08-06,24.87,32.77,15.78,0.0,26.09
2005-08-07,25.58,33.66,17.17,0.0,25.63
2005-08-08,26.11,34.19,19.11,0.01,26.41
2005-08-09,26.26,35.49,17.05,0.0,27.79
2005-08-10,25.71,33.26,18.17,3.08,22.16
2005-08-11,22.99,30.64,16.09,2.76,23.25
2005-08-12,22.7,31.44,14.44,0.0,26.9
2005-08-13,23.68,32.65,14.86,0.0,27.28
2005-08-14,23.95,32.86,15.1,0.02,26.59
2005-08-15,24.29,33.1,14.78,0.0,27.51
2005-08-16,25.06,33.93,15.59,0.0,26.87
2005-08-17,26.04,34.18,17.88,0.0,27.15
2005-08-18,25.83,34.14,17.01,0.0,26.1
2005-08-19,26.03,34.73,17.96,0.0,26.94
2005-08-20,25.09,34.66,15.86,0.0,26.98
2005-08-21,23.22,31.55,15.31,0.28,22.17
2005-08-22,21.43,30.66,12.88,0.03,26.89
2005-08-23,23.2,32.87,13.02,0.0,26.33
2005-08-24,25.2,33.74,17.54,0.0,26.11
2005-08-25,24.81,32.0,19.69,0.0,25.89
2005-08-26,23.91,32.64,14.22,0.01,24.71
2005-08-27,22.69,31.9,13.13,0.0,23.88
2005-08-28,21.95,29.15,16.2,0.03,21.79
2005-08-29,21.2,29.72,13.58,0.0,23.45
2005-08-30,19.94,28.53,12.37,0.01,23.59
2005-08-31,19.5,27.36,11.6,0.14,24.9
2005-09-01,21.1,28.32,13.71,0.07,18.57
2005-09-02,21.23,28.03,14.82,0.06,19.13
2005-09-03,18.29,25.3,11.73,2.78,18.63
2005-09-04,16.46,22.51,9.64,0.69,11.88
2005-09-05,12.99,20.92,5.83,0.01,19.89
2005-09-06,13.95,24.79,3.89,0.0,24.96
2005-09-07,17.09,27.24,7.3,0.0,24.34
2005-09-08,17.51,27.32,8.08,0.0,23.32
2005-09-09,17.73,26.84,9.06,0.0,22.71
2005-09-10,18.86,26.57,11.55,0.0,16.99
2005-09-11,17.75,25.48,10.92,0.0,22.32
2005-09-12,16.49,25.64,8.01,0.0,23.13
2005-09-13,17.15,26.7,8.01,0.0,22.82
2005-09-14,17.84,26.87,9.57,0.0,22.45
2005-09-15,18.77,27.28,10.22,0.0,22.2
2005-09-16,19.72,27.03,13.33,0.0,22.24
2005-09-17,20.72,27.93,14.98,0.0,21.41
2005-09-18,19.95,28.73,11.03,0.0,20.3
2005-09-19,19.34,28.25,11.0,0.0,20.32
2005-09-20,19.06,27.76,10.63,0.01,19.59
2005-09-21,19.21,26.95,12.81,0.09,21.27
2005-09-22,19.04,26.62,13.29,0.0,19.07
2005-09-23,16.84,24.46,10.68,0.0,21.32
2005-09-24,15.54,23.08,9.48,0.0,20.5
2005-09-25,14.85,21.65,9.45,0.03,17.2
2005-09-26,15.02,22.57,8.46,0.34,17.96
2005-09-27,15.23,22.7,6.94,0.01,18.08
2005-09-28,15.34,21.06,9.44,0.44,14.68
2005-09-29,11.41,15.32,7.78,3.14,9.82
2005-09-30,10.61,14.53,6.95,1.36,9.78
2005-10-01,12.46,19.87,5.52,0.0,17.33
2005-10-02,14.22,21.61,7.94,0.0,17.1
2005-10-03,13.5,20.68,7.84,6.57,13.08
2005-10-04,12.11,19.84,5.63,0.1,11.45
2005-10-05,10.74,19.25,4.98,0.02,19.51
2005-10-06,10.52,19.71,2.45,0.01,19.18
2005-10-07,9.15,18.8,0.66,0.0,18.63
2005-10-08,7.18,17.01,-0.77,0.0,19.22
2005-10-09,8.75,18.06,0.23,0.0,19.03
2005-10-10,11.45,19.62,3.96,0.0,17.43
2005-10-11,13.84,22.39,5.93,0.0,15.61
2005-10-12,15.58,22.74,9.82,0.0,13.84
2005-10-13,16.29,23.37,10.38,0.0,16.96
2005-10-14,16.58,23.62,12.23,0.14,10.08
2005-10-15,14.09,20.84,8.78,0.01,15.86
2005-10-16,11.16,18.22,6.08,7.88,8.84
2005-10-17,8.99,12.88,6.35,4.52,8.64
2005-10-18,8.58,14.1,4.09,0.88,4.81
2005-10-19,6.08,8.97,1.96,18.13,1.51
2005-10-20,2.19,6.04,-0.83,1.2,6.81
2005-10-21,2.92,10.02,-4.48,0.12,10.35
2005-10-22,4.36,11.93,-2.81,0.03,13.25
2005-10-23,6.11,14.27,-0.94,0.0,13.73
2005-10-24,7.43,16.49,-0.72,0.0,13.26
2005-10-25,7.33,17.6,-0.45,0.0,14.06
2005-10-26,9.13,17.65,1.2,0.0,13.87
2005-10-27,9.34,17.29,3.37,0.0,14.66
2005-10-28,7.63,14.23,2.28,0.96,9.49
2005-10-29,4.71,8.24,2.0,19.08,2.5
2005-10-30,6.97,12.89,2.93,6.37,2.73
2005-10-31,7.08,11.28,2.94,6.53,2.71
2005-11-01,3.88,9.57,0.6,0.29,11.56
2005-11-02,3.72,10.03,0.08,0.03,9.72
2005-11-03,3.38,8.01,-0.07,0.14,6.91
2005-11-04,3.93,9.56,-1.03,2.69,10.29
2005-11-05,2.33,6.18,-1.95,11.11,4.93
2005-11-06,2.4,9.05,-3.95,0.04,8.78
2005-11-07,3.95,7.77,0.94,0.02,9.84
2005-11-08,2.62,8.04,-1.74,0.25,8.02
2005-11-09,1.69,8.95,-3.0,0.0,10.82
2005-11-10,2.69,11.19,-3.77,0.0,12.89
2005-11-11,1.82,10.25,-3.34,0.01,11.51
2005-11-12,0.61,8.11,-4.28,0.01,12.21
2005-11-13,1.81,7.37,-3.12,0.0,11.07
2005-11-14,2.27,8.51,-1.91,0.0,11.85
2005-11-15,2.46,8.81,-2.37,0.0,10.58
2005-11-16,2.67,8.88,-1.51,0.0,9.24
2005-11-17,2.51,8.07,-0.27,0.0,11.34
2005-11-18,1.36,6.13,-1.34,0.05,10.44
2005-11-19,1.19,5.85,-0.94,1.17,6.06
2005-11-20,0.49,3.52,-1.57,9.92,2.79
2005-11-21,0.19,1.51,-1.0,32.83,1.5
2005-11-22,-3.05,-0.28,-10.19,1.2,4.69
2005-11-23,-8.24,0.64,-15.36,0.0,6.99
2005-11-24,-3.19,4.13,-8.39,0.0,9.65
2005-11-25,0.49,6.28,-4.09,0.0,8.93
2005-11-26,4.07,9.69,0.47,0.0,6.82
2005-11-27,5.44,11.05,2.29,0.0,6.65
2005-11-28,6.69,13.16,2.03,0.0,9.42
2005-11-29,5.21,10.27,2.44,1.09,6.64
2005-11-30,4.67,10.6,-0.05,2.27,8.46
2005-12-01,4.15,11.25,-0.56,3.39,7.11
2005-12-02,6.37,13.24,1.88,0.0,7.07
2005-12-03,4.89,10.5,2.08,1.49,3.01
2005-12-04,4.58,11.09,1.43,0.02,9.76
2005-12-05,4.78,9.95,1.96,0.0,9.19
2005-12-06,4.11,10.39,0.17,0.0,9.81
2005-12-07,4.12,10.45,0.55,0.0,9.84
2005-12-08,4.89,10.8,1.48,0.0,9.79
2005-12-09,5.19,11.64,2.26,0.0,8.92
2005-12-10,4.01,11.34,0.59,0.0,8.82
2005-12-11,4.96,12.27,0.39,0.0,9.42
2005-12-12,2.16,10.45,-2.77,0.06,9.44
2005-12-13,1.75,8.8,-3.26,0.03,10.13
2005-12-14,2.18,8.2,-1.21,0.0,9.7
2005-12-15,1.07,6.55,-1.82,13.19,6.43
2005-12-16,-0.25,0.36,-1.7,31.24,2.38
2005-12-17,-0.06,0.52,-1.02,5.92,5.38
2005-12-18,0.67,1.04,0.32,4.13,3.69
2005-12-19,0.67,1.15,-0.32,8.13,2.09
2005-12-20,-0.32,0.68,-2.9,20.7,2.55
2005-12-21,-2.33,0.1,-3.69,4.83,2.37
2005-12-22,-3.25,0.07,-6.02,1.96,3.84
2005-12-23,-2.96,-0.25,-6.27,11.18,2.24
2005-12-24,-4.62,-2.21,-6.56,23.54,1.56
2005-12-25,-6.41,-2.88,-9.79,11.04,4.49
2005-12-26,-12.12,-4.64,-19.62,0.28,9.53
2005-12-27,-12.36,-5.01,-19.67,0.0,9.95
2005-12-28,-12.63,-1.99,-18.38,0.0,10.55
2005-12-29,-9.6,-0.54,-16.02,0.0,10.78
2005-12-30,-9.2,-0.32,-14.21,0.0,10.91
2005-12-31,-7.51,-1.57,-14.61,0.0,7.36
2006-01-01,-5.32,-0.4,-10.28,0.0,9.33
2006-01-02,-5.61,-1.17,-12.61,0.58,7.82
2006-01-03,-6.92,-0.56,-12.52,0.0,9.29
2006-01-04,-6.16,-0.45,-9.71,0.0,9.19
2006-01-05,-4.63,-0.19,-9.18,0.59,7.62
2006-01-06,-2.64,-0.37,-5.31,2.11,7.46
2006-01-07,-1.79,0.06,-3.93,1.86,7.4
2006-01-08,-2.89,-0.38,-4.71,1.0,6.91
2006-01-09,-6.63,-1.18,-14.07,0.2,9.28
2006-01-10,-9.09,-3.62,-14.21,2.18,7.66
2006-01-11,-5.62,-1.78,-7.36,7.07,9.41
2006-01-12,-7.17,-3.13,-10.33,0.14,7.17
2006-01-13,-8.33,-1.77,-12.95,0.2,9.35
2006-01-14,-10.8,-2.39,-16.19,0.06,11.12
2006-01-15,-12.93,-4.46,-18.9,0.0,11.65
2006-01-16,-12.75,-2.82,-18.95,0.0,11.78
2006-01-17,-10.99,-4.44,-15.81,0.0,12.07
2006-01-18,-11.28,-5.42,-16.35,0.08,10.88
2006-01-19,-8.51,-4.49,-11.62,1.75,10.73
2006-01-20,-6.65,-4.31,-9.51,20.11,8.13
2006-01-21,-16.12,-10.68,-22.24,0.08,12.2
2006-01-22,-13.01,-5.4,-22.21,0.01,11.23
2006-01-23,-9.67,-5.66,-14.37,16.78,9.33
2006-01-24,-7.42,-1.89,-11.6,2.22,11.37
2006-01-25,-4.16,-0.63,-8.38,19.08,9.25
2006-01-26,-4.29,-1.48,-6.56,6.62,4.21
2006-01-27,-6.8,-2.07,-13.0,4.7,5.41
2006-01-28,-12.66,-3.48,-18.44,0.04,11.68
2006-01-29,-13.78,-3.22,-20.63,0.0,13.14
2006-01-30,-14.4,-5.3,-22.4,0.01,13.58
2006-01-31,-13.76,-7.08,-22.54,0.11,12.78
2006-02-01,-9.87,-5.57,-14.21,1.89,9.47
2006-02-02,-6.37,-3.49,-10.4,16.29,6.59
2006-02-03,-2.08,0.75,-5.71,8.91,10.24
2006-02-04,-3.49,0.47,-8.17,0.55,12.76
2006-02-05,-5.37,-1.28,-9.84,2.45,12.45
2006-02-06,-2.24,-0.74,-4.45,8.44,6.96
2006-02-07,-1.89,-0.78,-4.16,7.76,11.41
2006-02-08,-0.53,0.09,-1.99,9.42,6.51
2006-02-09,-2.99,-0.75,-6.12,25.78,7.11
2006-02-10,-4.12,-1.3,-7.59,0.77,6.87
2006-02-11,-2.45,-0.7,-3.74,0.92,7.18
2006-02-12,-2.44,-0.83,-5.28,4.02,3.28
2006-02-13,-2.56,-1.27,-3.87,31.75,8.55
2006-02-14,-3.88,-1.47,-5.45,13.16,9.47
2006-02-15,-4.81,-1.68,-10.69,13.27,6.81
2006-02-16,-10.95,-6.66,-16.84,6.33,12.67
2006-02-17,-15.61,-7.53,-24.83,0.02,17.63
2006-02-18,-10.45,-3.88,-16.95,0.03,15.28
2006-02-19,-6.98,-0.24,-14.86,0.36,16.95
2006-02-20,-5.41,0.36,-14.71,0.0,17.25
2006-02-21,-5.01,0.7,-11.62,0.0,17.11
2006-02-22,-6.14,0.8,-12.56,0.0,17.93
2006-02-23,-3.84,1.55,-10.06,0.0,18.34
2006-02-24,-4.42,0.37,-9.65,0.0,18.1
2006-02-25,-2.69,0.67,-5.89,0.0,15.82
2006-02-26,-1.44,0.67,-5.08,0.0,14.48
2006-02-27,-0.82,1.13,-4.48,0.04,14.65
2006-02-28,-0.37,0.72,-2.39,0.18,14.37
2006-03-01,-0.42,1.34,-2.25,4.52,11.21
2006-03-02,-2.29,1.25,-7.12,0.02,17.81
2006-03-03,-0.58,0.63,-2.55,1.45,11.54
2006-03-04,-2.47,0.3,-7.78,0.52,19.77
2006-03-05,-3.05,-0.1,-7.45,0.0,18.24
2006-03-06,-1.84,0.78,-5.21,0.0,19.34
2006-03-07,-1.46,1.67,-5.05,0.01,19.48
2006-03-08,-0.67,1.41,-4.68,24.39,12.01
2006-03-09,-0.23,0.87,-1.8,13.16,11.28
2006-03-10,-1.79,0.11,-3.87,2.63,5.63
2006-03-11,-2.61,1.62,-6.99,0.0,14.51
2006-03-12,-1.51,3.08,-5.63,0.0,10.17
2006-03-13,-0.35,4.59,-4.92,0.0,19.72
2006-03-14,1.12,6.32,-3.38,0.06,20.46
2006-03-15,0.97,3.18,-0.87,2.76,16.36
2006-03-16,0.11,4.34,-5.43,0.17,15.22
2006-03-17,-0.11,2.54,-2.5,6.81,17.7
2006-03-18,-0.64,2.43,-4.14,6.65,13.8
2006-03-19,-1.25,0.7,-5.71,15.56,9.59
2006-03-20,-4.3,1.17,-10.85,0.01,20.34
2006-03-21,-0.59,3.4,-5.36,2.0,19.3
2006-03-22,2.04,5.4,-1.07,0.97,18.07
2006-03-23,2.8,7.9,-3.38,0.0,16.45
2006-03-24,5.92,9.9,1.61,0.31,20.39
2006-03-25,4.01,7.22,0.68,9.0,14.86
2006-03-26,2.31,5.11,-0.11,4.75,17.86
2006-03-27,3.23,6.11,0.69,8.02,19.7
2006-03-28,4.14,7.89,0.01,0.0,22.84
2006-03-29,4.91,10.3,-0.5,0.0,24.18
2006-03-30,6.06,11.7,1.2,0.0,23.95
2006-03-31,6.04,10.25,2.99,0.17,21.69
2006-04-01,6.33,10.77,3.11,0.26,19.16
2006-04-02,5.28,8.32,2.33,3.47,11.76
2006-04-03,3.64,7.03,1.41,17.9,6.4
2006-04-04,2.95,6.14,0.49,6.22,10.25
2006-04-05,2.72,6.5,0.12,21.91,7.58
2006-04-06,3.29,7.0,0.04,2.29,13.16
2006-04-07,6.57,13.37,-0.86,0.0,15.89
2006-04-08,8.8,14.15,4.83,0.02,17.37
2006-04-09,8.2,11.55,4.41,1.38,10.91
2006-04-10,9.32,15.78,2.68,0.61,20.96
2006-04-11,7.68,13.17,4.32,0.77,7.22
2006-04-12,9.05,14.36,2.84,0.01,20.01
2006-04-13,9.72,13.5,6.41,7.87,18.21
2006-04-14,10.29,14.98,5.3,1.75,17.5
2006-04-15,11.43,16.68,5.97,0.66,9.2
2006-04-16,9.85,14.98,5.23,11.04,16.52
2006-04-17,10.54,16.32,5.22,2.57,17.2
2006-04-18,9.64,15.91,3.54,0.28,24.31
2006-04-19,9.42,15.48,3.3,0.17,22.46
2006-04-20,10.32,15.31,6.3,0.93,12.99
2006-04-21,10.96,14.67,6.58,5.47,14.64
2006-04-22,10.4,15.01,4.22,1.81,19.43
2006-04-23,8.64,11.71,5.03,5.33,10.16
2006-04-24,9.39,15.67,5.75,6.55,17.01
2006-04-25,6.42,10.57,3.02,19.49,9.3
2006-04-26,3.12,9.6,-1.58,0.89,13.63
2006-04-27,3.48,10.59,-3.36,0.06,24.32
2006-04-28,5.05,10.69,-1.26,0.01,20.24
2006-04-29,6.33,10.49,2.3,6.95,10.66
2006-04-30,9.07,12.88,5.31,3.54,17.73
2006-05-01,10.47,14.05,6.2,0.26,19.25
2006-05-02,9.71,14.29,6.16,0.74,14.26
2006-05-03,7.89,12.98,3.65,15.82,18.76
2006-05-04,9.48,15.0,3.94,2.02,24.71
2006-05-05,10.29,15.39,6.19,16.97,8.4
2006-05-06,10.62,13.84,7.44,16.65,8.76
2006-05-07,10.58,14.44,7.6,5.88,6.96
2006-05-08,10.41,14.77,6.75,5.23,10.83
2006-05-09,9.87,14.86,4.2,0.18,21.8
2006-05-10,8.83,14.13,2.91,0.01,27.14
2006-05-11,10.18,15.23,4.15,0.0,25.69
2006-05-12,12.37,18.03,6.55,0.0,29.31
2006-05-13,12.4,17.98,6.69,0.12,24.96
2006-05-14,9.85,16.06,3.03,0.03,25.18
2006-05-15,10.17,17.21,1.29,0.29,30.29
2006-05-16,12.25,19.04,4.34,0.0,27.57
2006-05-17,12.56,18.28,6.45,0.01,26.11
2006-05-18,9.45,13.04,5.64,0.88,15.76
2006-05-19,10.73,17.98,1.82,0.0,22.75
2006-05-20,13.14,19.72,6.13,0.03,27.06
2006-05-21,13.46,19.52,6.0,0.01,28.96
2006-05-22,13.69,19.38,7.18,0.03,29.16
2006-05-23,13.62,20.27,7.51,0.01,29.32
2006-05-24,14.89,21.92,7.27,0.0,30.45
2006-05-25,15.73,21.82,7.8,0.0,30.15
2006-05-26,16.02,22.18,7.82,0.0,30.54
2006-05-27,16.18,22.0,9.43,1.09,24.83
2006-05-28,12.34,18.59,6.22,0.21,25.95
2006-05-29,14.02,21.33,5.02,0.0,31.7
2006-05-30,17.29,23.19,10.01,0.0,31.0
2006-05-31,18.87,24.83,12.98,0.0,31.49
2006-06-01,19.63,26.08,12.47,0.29,29.36
2006-06-02,20.21,27.87,11.98,0.41,24.72
2006-06-03,18.92,26.28,10.99,0.0,30.45
2006-06-04,19.89,27.07,10.93,0.0,29.32
2006-06-05,20.34,26.98,12.12,0.0,30.87
2006-06-06,21.27,27.49,13.22,0.15,29.13
2006-06-07,19.98,26.34,13.75,0.0,29.92
2006-06-08,17.85,23.53,11.46,0.0,31.1
2006-06-09,16.43,23.1,9.01,0.0,31.64
2006-06-10,15.66,22.46,8.68,0.0,31.97
2006-06-11,16.98,23.67,10.86,0.0,31.05
2006-06-12,16.2,23.18,7.63,0.0,30.87
2006-06-13,17.46,24.65,7.45,0.0,31.62
2006-06-14,18.26,24.27,12.58,0.0,31.06
2006-06-15,17.42,24.36,10.44,0.0,32.39
2006-06-16,18.0,24.32,11.42,0.0,30.28
2006-06-17,17.96,24.53,8.69,0.01,32.32
2006-06-18,17.75,25.41,8.59,0.0,31.22
2006-06-19,18.25,25.98,8.94,0.0,31.14
2006-06-20,19.85,27.19,11.14,0.03,30.57
2006-06-21,21.82,28.13,15.78,0.0,30.67
2006-06-22,23.02,28.69,16.54,0.0,28.34
2006-06-23,21.44,29.21,13.02,0.0,27.11
2006-06-24,21.3,27.93,12.7,0.04,30.33
2006-06-25,21.72,28.5,12.57,0.03,29.03
2006-06-26,21.28,28.48,13.46,0.93,25.83
2006-06-27,21.35,28.93,13.5,0.03,26.42
2006-06-28,21.64,29.11,13.36,0.98,26.01
2006-06-29,21.02,27.21,14.04,0.05,25.38
2006-06-30,19.8,25.82,13.0,0.3,23.71
2006-07-01,18.85,24.42,13.52,0.7,20.93
2006-07-02,19.17,24.73,13.16,0.35,25.83
2006-07-03,18.89,25.15,11.78,3.1,21.79
2006-07-04,17.95,23.82,12.84,3.47,22.57
2006-07-05,19.39,26.32,11.42,0.56,25.26
2006-07-06,19.82,26.4,11.84,0.0,28.48
2006-07-07,18.61,25.9,9.64,0.2,25.79
2006-07-08,18.59,25.02,11.35,0.26,25.39
2006-07-09,18.96,27.09,9.88,0.0,30.4
2006-07-10,20.89,29.53,11.83,0.0,30.03
2006-07-11,22.27,30.99,13.71,0.0,28.52
2006-07-12,22.84,31.46,14.0,0.0,30.48
2006-07-13,23.08,31.43,13.72,0.0,29.92
2006-07-14,23.68,32.33,14.03,0.0,26.33
2006-07-15,21.96,28.97,15.7,0.42,23.16
2006-07-16,20.63,28.64,12.28,0.0,29.0
2006-07-17,22.46,30.6,13.44,0.0,27.31
2006-07-18,23.94,32.38,15.58,0.0,27.5
2006-07-19,23.36,32.6,14.77,0.0,27.34
2006-07-20,24.04,33.32,14.33,0.0,27.74
2006-07-21,24.99,33.91,15.19,0.0,28.74
2006-07-22,23.81,31.67,15.1,0.0,29.47
2006-07-23,23.44,30.81,15.66,0.0,28.69
2006-07-24,24.18,31.91,16.94,0.0,27.27
2006-07-25,23.1,31.43,13.95,0.0,24.08
2006-07-26,24.3,32.66,15.81,0.0,25.46
2006-07-27,25.11,32.86,17.62,0.0,27.64
2006-07-28,23.14,31.64,15.61,0.14,23.58
2006-07-29,17.66,22.86,12.06,21.17,14.65
2006-07-30,18.77,27.56,9.66,0.0,28.99
2006-07-31,21.42,29.31,11.95,0.0,29.26
2006-08-01,22.94,29.84,16.0,0.27,23.86
2006-08-02,23.65,30.32,17.22,0.0,23.61
2006-08-03,22.93,30.93,14.26,0.0,27.03
2006-08-04,24.06,32.44,15.03,0.0,26.36
2006-08-05,25.49,33.89,17.03,0.0,26.91
2006-08-06,25.54,34.44,17.04,0.0,28.65
2006-08-07,25.91,34.08,17.0,0.0,26.57
2006-08-08,27.19,34.81,21.33,0.0,24.43
2006-08-09,25.34,32.58,18.57,0.0,27.97
2006-08-10,24.96,34.21,12.64,0.0,27.82
2006-08-11,26.22,35.49,15.81,0.0,26.89
2006-08-12,27.86,36.77,19.26,0.0,26.43
2006-08-13,27.64,36.93,17.39,0.0,27.43
2006-08-14,27.05,36.37,16.39,0.0,27.5
2006-08-15,25.73,35.32,16.2,0.0,27.32
2006-08-16,25.66,34.83,16.65,0.0,26.29
2006-08-17,25.5,34.22,17.65,0.03,20.79
2006-08-18,23.72,31.78,17.65,0.4,16.43
2006-08-19,24.03,32.23,16.57,0.02,22.93
2006-08-20,23.73,31.75,15.71,0.0,18.14
2006-08-21,21.75,29.25,15.54,0.03,20.96
2006-08-22,22.57,30.6,14.51,0.01,22.1
2006-08-23,22.95,31.66,13.82,0.41,24.51
2006-08-24,24.06,32.73,15.08,0.0,23.84
2006-08-25,24.69,32.33,15.92,0.0,24.64
2006-08-26,25.05,33.19,18.65,0.01,17.06
2006-08-27,25.7,33.49,20.09,0.1,19.92
2006-08-28,24.08,32.53,16.34,0.0,25.1
2006-08-29,23.74,31.35,17.03,0.03,22.55
2006-08-30,24.43,32.35,17.44,0.0,24.64
2006-08-31,24.77,34.07,16.72,0.0,24.72
2006-09-01,23.37,31.89,16.67,0.0,24.1
2006-09-02,22.5,30.76,14.51,0.0,22.41
2006-09-03,21.5,28.41,15.64,0.0,24.81
2006-09-04,20.09,29.69,11.23,0.0,24.18
2006-09-05,19.37,28.5,11.74,0.0,24.53
2006-09-06,18.98,27.97,10.78,0.03,23.49
2006-09-07,16.93,25.9,8.87,0.03,24.91
2006-09-08,17.96,27.97,7.71,0.0,24.3
2006-09-09,20.22,28.49,12.91,0.0,23.39
2006-09-10,19.84,29.94,10.46,0.0,23.72
2006-09-11,20.97,30.16,11.8,0.0,21.46
2006-09-12,19.78,27.47,11.48,0.01,20.57
2006-09-13,17.18,26.82,9.1,0.0,22.68
2006-09-14,16.89,26.48,8.86,0.01,22.72
2006-09-15,14.26,22.31,7.91,0.0,22.14
2006-09-16,12.96,22.06,4.84,0.0,20.83
2006-09-17,12.88,22.67,4.58,0.0,23.6
2006-09-18,15.86,25.7,5.74,0.0,22.58
2006-09-19,18.23,25.76,12.03,0.0,22.39
2006-09-20,18.31,25.96,12.44,0.0,21.05
2006-09-21,16.31,23.85,9.92,0.0,19.3
2006-09-22,15.77,21.31,10.54,1.76,12.33
2006-09-23,14.81,19.05,11.47,5.01,12.89
2006-09-24,15.11,21.06,9.35,1.14,18.49
2006-09-25,14.85,21.46,9.92,0.49,14.87
2006-09-26,12.92,17.98,9.2,1.33,14.15
2006-09-27,13.63,21.45,6.2,0.03,17.74
2006-09-28,14.92,23.18,6.63,0.0,20.67
2006-09-29,16.56,23.91,11.29,0.46,15.74
2006-09-30,16.28,22.65,11.59,0.03,15.2
2006-10-01,16.24,22.82,11.41,0.07,14.31
2006-10-02,15.62,20.89,10.15,4.26,12.69
2006-10-03,16.1,22.18,11.9,3.9,13.0
2006-10-04,14.44,19.66,10.54,1.49,15.04
2006-10-05,14.71,23.46,6.4,0.0,19.6
2006-10-06,15.2,23.36,7.1,0.0,19.23
2006-10-07,15.57,23.74,8.14,0.0,19.14
2006-10-08,16.51,23.81,11.3,0.0,18.7
2006-10-09,15.99,22.86,11.03,0.0,16.77
2006-10-10,15.58,22.59,10.82,0.0,15.0
2006-10-11,13.9,20.08,8.56,0.1,13.57
2006-10-12,13.73,20.0,9.03,1.26,8.03
2006-10-13,12.07,16.86,7.86,0.5,12.83
2006-10-14,12.06,17.7,6.38,0.86,5.81
2006-10-15,10.26,13.58,7.85,6.17,6.71
2006-10-16,8.68,12.82,5.36,3.25,6.47
2006-10-17,8.69,13.43,5.31,4.74,6.95
2006-10-18,10.02,15.28,6.09,1.35,8.11
2006-10-19,11.51,17.04,7.18,1.33,13.2
2006-10-20,9.69,14.91,4.61,9.58,5.87
2006-10-21,8.52,12.84,5.57,1.03,11.23
2006-10-22,9.05,16.34,2.77,0.01,14.13
2006-10-23,9.61,15.94,5.29,0.0,10.46
2006-10-24,10.45,16.44,5.88,0.0,13.36
2006-10-25,8.18,14.85,3.61,5.94,12.43
2006-10-26,8.22,12.68,5.22,0.29,10.03
2006-10-27,7.46,10.43,5.49,6.48,7.2
2006-10-28,6.8,9.71,5.16,9.83,4.26
2006-10-29,7.84,13.08,4.23,18.31,6.19
2006-10-30,5.88,8.95,4.06,13.05,4.98
2006-10-31,7.95,12.35,4.08,3.19,5.58
2006-11-01,9.97,13.21,6.96,19.69,7.43
2006-11-02,6.9,9.44,4.42,15.54,5.31
2006-11-03,6.7,9.68,4.57,2.83,8.2
2006-11-04,7.45,9.79,6.28,23.53,3.68
2006-11-05,4.75,6.87,-0.4,33.26,2.63
2006-11-06,-0.32,4.14,-4.52,0.08,9.96
2006-11-07,-1.53,3.25,-4.55,0.0,8.96
2006-11-08,-1.47,4.02,-4.38,0.01,10.49
2006-11-09,0.8,7.34,-4.3,0.0,11.52
2006-11-10,2.56,8.51,-1.12,0.0,12.19
2006-11-11,1.27,6.6,-2.01,0.0,12.12
2006-11-12,1.32,6.43,-1.48,0.02,9.0
2006-11-13,1.91,7.36,-1.35,0.02,6.73
2006-11-14,-0.11,2.29,-2.21,5.69,1.75
2006-11-15,-1.58,4.16,-5.05,0.51,7.92
2006-11-16,-0.68,5.92,-5.03,0.0,8.69
2006-11-17,1.36,8.46,-2.76,0.0,8.5
2006-11-18,0.34,6.48,-4.49,0.02,8.07
2006-11-19,-3.29,1.76,-6.6,0.02,9.85
2006-11-20,-0.75,6.78,-6.88,0.0,10.67
2006-11-21,1.33,6.31,-1.26,0.0,10.3
2006-11-22,1.78,6.38,-0.91,0.0,9.97
2006-11-23,1.64,6.31,-1.05,0.0,9.62
2006-11-24,2.09,8.82,-2.43,0.0,10.41
2006-11-25,1.34,8.75,-3.18,0.0,10.05
2006-11-26,1.42,9.61,-3.19,0.0,10.12
2006-11-27,0.97,8.26,-2.99,0.0,8.98
2006-11-28,0.68,7.65,-3.18,0.0,10.09
2006-11-29,-0.45,6.02,-3.93,0.0,9.81
2006-11-30,-1.57,4.84,-5.33,0.0,10.18
2006-12-01,-1.65,5.7,-5.65,0.0,10.25
2006-12-02,-1.85,3.78,-4.99,0.02,9.71
2006-12-03,-1.2,5.64,-7.21,0.0,10.1
2006-12-04,0.86,5.71,-2.21,0.0,11.09
2006-12-05,0.35,4.2,-1.88,0.0,10.9
2006-12-06,-0.75,3.46,-3.82,0.0,9.74
2006-12-07,-0.35,5.3,-4.73,0.0,9.63
2006-12-08,0.01,6.8,-5.76,0.0,9.72
2006-12-09,0.14,5.22,-2.82,0.0,10.07
2006-12-10,-0.48,6.25,-6.02,0.01,9.83
2006-12-11,-1.09,6.01,-6.76,0.0,9.44
2006-12-12,-0.64,5.38,-5.34,0.0,9.75
2006-12-13,-0.98,3.88,-4.39,0.0,9.15
2006-12-14,-2.22,4.29,-7.3,0.02,8.89
2006-12-15,-3.48,-0.69,-7.48,0.09,8.25
2006-12-16,-3.81,3.75,-9.03,0.0,9.53
2006-12-17,-0.17,9.64,-5.95,0.0,9.84
2006-12-18,2.75,10.28,-1.56,0.0,9.47
2006-12-19,3.41,7.88,0.78,0.0,9.58
2006-12-20,0.76,5.65,-2.32,0.0,9.43
2006-12-21,-0.17,4.81,-2.47,0.17,8.67
2006-12-22,-2.11,0.92,-5.26,0.92,5.68
2006-12-23,-5.58,0.46,-9.56,0.07,9.56
2006-12-24,-6.48,0.44,-10.63,0.0,8.78
2006-12-25,-6.01,0.42,-10.87,0.12,10.08
2006-12-26,-6.27,-4.73,-7.73,8.6,2.82
2006-12-27,-9.44,-6.7,-12.37,0.84,7.67
2006-12-28,-10.9,-4.42,-15.55,0.04,9.75
2006-12-29,-10.4,-3.57,-15.62,0.01,10.18
2006-12-30,-8.17,-0.27,-14.05,0.0,9.74
2006-12-31,-8.5,-1.09,-13.2,0.0,9.74
2007-01-01,-8.39,0.42,-14.22,0.0,10.13
2007-01-02,-7.68,0.18,-13.9,0.0,9.65
2007-01-03,-5.68,-0.82,-8.56,0.0,8.73
2007-01-04,-4.52,0.04,-7.18,0.0,7.66
2007-01-05,-5.0,-1.24,-6.64,9.16,2.28
2007-01-06,-5.56,-0.76,-9.09,4.88,7.13
2007-01-07,-7.92,-1.37,-13.96,0.06,8.57
2007-01-08,-7.95,-0.72,-13.26,0.0,9.36
2007-01-09,-7.6,-0.23,-13.19,0.0,8.07
2007-01-10,-7.86,-0.34,-13.5,0.0,10.15
2007-01-11,-8.81,-0.89,-14.04,0.0,10.99
2007-01-12,-7.22,0.38,-12.74,0.0,10.62
2007-01-13,-6.09,0.08,-9.87,0.0,9.51
2007-01-14,-6.4,-0.53,-9.96,0.03,8.2
2007-01-15,-4.47,1.55,-10.31,0.03,9.89
2007-01-16,-6.58,-2.29,-11.05,0.01,10.59
2007-01-17,-6.16,0.6,-10.59,0.0,11.14
2007-01-18,-4.52,2.21,-9.09,0.0,11.46
2007-01-19,-4.71,-0.48,-8.7,0.96,8.91
2007-01-20,-5.16,-3.28,-6.31,13.91,7.86
2007-01-21,-6.2,-0.37,-13.68,2.23,10.61
2007-01-22,-6.55,1.99,-13.89,0.0,11.13
2007-01-23,-1.88,4.18,-7.41,0.0,12.23
2007-01-24,-0.9,4.85,-5.53,0.0,11.87
2007-01-25,0.38,5.86,-3.96,0.0,12.65
2007-01-26,0.84,6.19,-2.77,0.0,10.83
2007-01-27,-0.32,4.35,-3.96,0.0,11.55
2007-01-28,-3.37,-0.26,-6.24,7.01,5.36
2007-01-29,-7.86,-3.9,-11.75,4.03,13.9
2007-01-30,-9.0,-5.26,-12.83,9.47,9.9
2007-01-31,-10.54,-6.74,-14.74,2.2,12.08
2007-02-01,-12.9,-7.57,-17.46,0.58,13.89
2007-02-02,-11.14,-6.34,-15.45,0.14,10.39
2007-02-03,-6.92,-1.62,-11.74,5.55,9.43
2007-02-04,-5.4,-0.41,-9.49,4.09,11.65
2007-02-05,-3.86,-1.14,-7.99,11.73,7.91
2007-02-06,-2.49,-0.71,-5.15,32.03,6.2
2007-02-07,-5.65,-0.32,-13.53,0.66,13.08
2007-02-08,-6.82,-0.15,-14.16,0.0,13.59
2007-02-09,-5.62,-0.24,-11.36,0.0,12.31
2007-02-10,-4.8,0.23,-9.93,0.0,13.97
2007-02-11,-5.33,0.19,-10.47,0.0,15.42
2007-02-12,-4.77,-0.81,-8.61,0.0,14.82
2007-02-13,-4.1,-0.74,-8.09,2.21,12.73
2007-02-14,-5.85,-0.62,-11.32,0.34,14.68
2007-02-15,-2.76,-0.21,-6.22,9.0,11.78
2007-02-16,-1.39,0.88,-4.98,0.82,15.39
2007-02-17,-4.07,1.28,-10.0,0.0,15.82
2007-02-18,-5.33,1.27,-11.31,0.0,15.37
2007-02-19,-4.21,2.36,-11.21,0.0,16.86
2007-02-20,-3.19,2.44,-8.64,0.0,15.04
2007-02-21,-1.46,2.11,-4.15,0.0,13.23
2007-02-22,0.03,4.25,-2.37,0.02,15.75
2007-02-23,1.08,5.25,-1.69,1.15,12.13
2007-02-24,-0.71,2.89,-9.06,5.96,13.61
2007-02-25,-6.51,1.81,-13.19,0.07,17.84
2007-02-26,-3.54,3.92,-10.39,0.0,17.7
2007-02-27,-1.92,4.09,-7.69,0.0,18.98
2007-02-28,-0.69,3.47,-4.09,0.94,15.39
2007-03-01,0.56,4.61,-1.5,2.2,12.71
2007-03-02,1.79,6.48,-1.66,0.32,16.19
2007-03-03,1.68,5.54,-1.1,1.86,12.3
2007-03-04,1.53,4.81,-0.53,7.29,11.6
2007-03-05,0.88,2.7,-0.49,39.36,5.35
2007-03-06,-1.64,0.65,-5.85,4.63,3.65
2007-03-07,-2.12,4.0,-8.52,0.0,13.42
2007-03-08,1.09,6.32,-3.36,0.0,8.32
2007-03-09,1.17,7.77,-3.99,0.0,19.39
2007-03-10,2.05,9.19,-4.75,0.0,20.38
2007-03-11,3.82,9.96,-1.67,0.0,20.62
2007-03-12,2.83,8.15,-1.25,0.0,19.71
2007-03-13,1.48,6.2,-1.28,11.22,17.83
2007-03-14,1.59,5.76,-2.32,9.5,18.15
2007-03-15,0.34,3.15,-1.89,12.79,16.69
2007-03-16,-2.16,1.91,-7.19,7.88,18.15
2007-03-17,-4.75,-0.41,-8.71,0.06,21.55
2007-03-18,-1.59,3.22,-6.42,0.02,20.11
2007-03-19,0.03,4.48,-3.44,0.18,18.72
2007-03-20,1.81,6.12,-1.62,0.95,19.9
2007-03-21,2.39,6.0,-0.11,0.5,19.82
2007-03-22,3.61,9.28,-0.75,0.0,21.44
2007-03-23,3.8,8.94,0.53,0.01,17.99
2007-03-24,2.49,6.26,-0.66,17.36,13.93
2007-03-25,1.7,6.39,-2.02,1.45,12.69
2007-03-26,1.13,6.16,-2.47,0.15,19.27
2007-03-27,1.06,5.86,-3.68,0.2,21.79
2007-03-28,1.89,6.67,-1.67,0.11,22.0
2007-03-29,0.72,4.13,-2.5,5.03,19.99
2007-03-30,2.08,8.15,-3.22,0.02,22.82
2007-03-31,3.74,8.92,0.01,0.01,22.72
2007-04-01,1.2,3.18,-1.73,3.4,17.89
2007-04-02,2.15,7.89,-1.97,3.02,14.49
2007-04-03,0.12,3.5,-2.72,17.04,14.08
2007-04-04,-1.34,1.77,-4.33,1.56,21.5
2007-04-05,1.02,6.97,-3.87,0.73,23.11
2007-04-06,3.9,9.62,-1.34,0.76,13.49
2007-04-07,5.5,10.98,0.98,0.26,21.5
2007-04-08,6.1,12.65,-0.28,0.31,24.42
2007-04-09,3.54,9.7,-2.26,2.21,18.13
2007-04-10,4.04,8.88,-0.15,5.46,15.02
2007-04-11,5.13,10.54,-0.37,1.58,21.72
2007-04-12,3.7,7.79,-0.07,6.85,21.9
2007-04-13,3.74,7.62,0.31,3.3,20.47
2007-04-14,3.06,9.32,-2.77,0.42,21.94
2007-04-15,1.65,7.5,-4.27,0.72,25.31
2007-04-16,0.87,5.16,-2.59,1.62,21.34
2007-04-17,1.6,6.37,-3.34,4.89,19.27
2007-04-18,2.92,8.44,-1.22,9.43,9.83
2007-04-19,1.05,3.69,-3.36,8.47,11.03
2007-04-20,-1.61,1.54,-5.26,3.76,10.12
2007-04-21,1.51,9.26,-7.27,0.01,29.66
2007-04-22,6.05,12.81,-0.96,0.0,29.27
2007-04-23,5.93,11.62,-0.19,1.83,23.22
2007-04-24,2.41,9.35,-2.46,3.91,23.72
2007-04-25,3.7,11.14,-4.39,0.1,29.1
2007-04-26,6.73,13.24,-0.25,0.0,27.84
2007-04-27,7.75,12.55,3.95,1.37,25.09
2007-04-28,7.95,14.34,0.82,0.02,26.94
2007-04-29,7.63,11.86,2.72,14.1,18.59
2007-04-30,5.88,9.36,2.73,12.17,18.34
2007-05-01,6.65,12.29,0.85,0.08,19.7
2007-05-02,8.44,14.43,1.79,0.26,8.89
2007-05-03,9.38,14.58,4.41,0.53,18.59
2007-05-04,8.4,13.92,2.67,2.78,11.95
2007-05-05,10.48,17.0,1.35,0.18,22.62
2007-05-06,14.2,20.96,6.4,0.0,26.44
2007-05-07,14.96,21.85,6.66,0.0,25.73
2007-05-08,15.96,21.94,10.93,0.09,24.13
2007-05-09,12.13,15.37,9.14,1.46,10.8
2007-05-10,12.18,18.57,7.91,0.46,17.78
2007-05-11,12.5,17.5,7.91,4.31,13.07
2007-05-12,13.55,19.49,8.64,4.25,13.62
2007-05-13,13.83,19.84,8.34,7.67,12.9
2007-05-14,13.32,18.69,6.22,4.85,23.17
2007-05-15,12.08,20.34,2.97,0.0,30.67
2007-05-16,12.95,20.74,4.34,0.01,30.89
2007-05-17,13.42,21.08,5.05,0.36,30.93
2007-05-18,13.95,19.58,8.15,1.37,22.67
2007-05-19,13.01,17.42,7.81,1.72,20.61
2007-05-20,14.6,20.11,7.01,0.0,24.94
2007-05-21,16.17,22.0,8.95,0.0,27.03
2007-05-22,16.3,22.62,8.68,0.0,29.44
2007-05-23,15.8,21.97,10.75,0.02,17.46
2007-05-24,17.41,24.95,9.74,0.01,26.49
2007-05-25,17.79,24.88,12.25,0.74,19.47
2007-05-26,16.84,25.49,10.69,4.66,20.63
2007-05-27,15.76,21.24,11.23,1.46,8.49
2007-05-28,16.75,21.94,12.11,4.1,23.77
2007-05-29,16.43,21.59,9.43,0.0,27.03
2007-05-30,17.18,22.37,10.72,0.6,25.85
2007-05-31,15.26,19.37,10.61,6.78,18.39
2007-06-01,16.04,21.17,9.78,0.12,24.87
2007-06-02,15.84,21.16,9.63,0.05,18.61
2007-06-03,14.69,20.64,8.0,0.77,21.29
2007-06-04,15.71,22.27,7.05,0.01,29.16
2007-06-05,15.82,22.71,7.53,0.0,31.48
2007-06-06,16.46,23.21,7.84,0.0,30.89
2007-06-07,17.43,24.25,10.73,0.01,26.77
2007-06-08,16.01,21.71,9.96,0.0,30.26
2007-06-09,15.55,20.48,8.77,1.73,24.29
2007-06-10,15.51,19.91,10.93,3.78,24.41
2007-06-11,16.08,21.87,9.14,2.34,17.14
2007-06-12,15.25,20.3,9.33,2.61,22.12
2007-06-13,15.96,23.29,6.56,0.0,31.08
2007-06-14,18.65,25.49,10.73,0.96,30.89
2007-06-15,19.83,26.86,11.54,0.0,30.2
2007-06-16,20.66,27.45,12.24,0.18,28.07
2007-06-17,20.22,27.0,12.4,1.85,25.77
2007-06-18,18.81,25.76,11.75,4.17,27.03
2007-06-19,15.53,20.58,10.18,1.67,17.75
2007-06-20,15.66,23.33,8.51,0.02,28.82
2007-06-21,15.63,22.88,8.16,0.0,27.33
2007-06-22,15.14,22.74,8.29,0.0,31.86
2007-06-23,17.74,26.38,7.64,0.0,31.87
2007-06-24,18.57,27.14,9.95,0.0,32.08
2007-06-25,17.16,24.95,9.69,0.0,30.93
2007-06-26,16.37,25.19,7.37,0.0,31.89
2007-06-27,19.03,27.9,10.1,0.0,31.35
2007-06-28,20.03,28.57,10.99,0.0,31.23
2007-06-29,20.65,28.61,11.94,0.01,30.0
2007-06-30,20.72,28.76,12.77,0.77,25.9
2007-07-01,19.31,27.02,11.3,0.67,27.17
2007-07-02,19.91,28.11,10.91,0.03,27.84
2007-07-03,19.83,27.6,12.38,0.01,27.87
2007-07-04,21.09,28.47,12.3,0.0,30.49
2007-07-05,22.74,29.74,14.41,0.0,30.42
2007-07-06,23.45,30.92,14.04,0.0,30.9
2007-07-07,23.31,31.47,13.6,0.38,26.14
2007-07-08,20.06,29.57,10.77,0.0,30.64
2007-07-09,20.43,29.46,12.17,0.0,31.15
2007-07-10,22.3,31.15,12.1,0.0,31.24
2007-07-11,23.63,31.77,15.42,0.0,29.97
2007-07-12,23.77,32.19,13.72,0.0,28.05
2007-07-13,24.77,33.71,14.77,0.01,27.52
2007-07-14,23.6,31.75,15.22,1.72,26.08
2007-07-15,19.69,27.37,13.34,0.63,20.59
2007-07-16,13.46,17.68,8.7,6.78,11.55
2007-07-17,14.86,22.3,7.85,1.49,13.77
2007-07-18,17.49,25.5,9.98,0.01,21.18
2007-07-19,19.44,28.11,10.91,0.0,28.42
2007-07-20,21.43,29.34,13.62,0.0,28.67
2007-07-21,21.81,29.32,14.27,0.1,24.72
2007-07-22,22.44,30.37,14.16,0.0,28.47
2007-07-23,23.2,31.44,15.47,0.0,29.22
2007-07-24,23.94,32.0,15.62,0.0,28.57
2007-07-25,25.31,33.38,16.28,0.01,29.21
2007-07-26,25.32,33.89,17.74,4.48,21.73
2007-07-27,23.87,32.46,15.83,0.0,28.31
2007-07-28,23.34,32.07,14.84,0.0,30.11
2007-07-29,23.92,31.88,15.09,0.0,30.03
2007-07-30,25.01,33.3,15.12,0.0,28.19
2007-07-31,24.97,32.9,17.04,0.0,23.28
2007-08-01,25.61,33.99,15.95,0.0,24.74
2007-08-02,25.34,33.72,16.51,1.09,21.68
2007-08-03,24.54,33.27,16.8,0.05,26.13
2007-08-04,23.74,31.75,15.71,0.0,27.22
2007-08-05,24.79,32.34,16.47,0.0,26.25
2007-08-06,25.75,33.32,17.53,0.58,23.56
2007-08-07,25.1,32.85,17.6,0.0,26.22
2007-08-08,25.2,33.7,16.4,0.0,27.19
2007-08-09,25.15,34.32,15.74,0.79,26.59
2007-08-10,24.8,34.14,15.07,0.0,26.93
2007-08-11,25.77,35.12,15.6,0.05,26.03
2007-08-12,26.88,34.66,19.37,0.0,27.51
2007-08-13,26.42,34.41,19.47,0.0,27.26
2007-08-14,26.04,34.18,19.11,0.0,26.77
2007-08-15,24.13,33.07,14.35,0.0,25.91
2007-08-16,23.39,31.52,14.51,0.75,23.95
2007-08-17,21.52,28.37,15.63,3.53,17.31
2007-08-18,20.31,27.79,12.79,0.03,24.6
2007-08-19,21.46,28.93,13.84,0.03,22.88
2007-08-20,22.09,29.39,13.61,0.29,20.52
2007-08-21,22.88,29.25,17.05,0.0,24.23
2007-08-22,22.14,30.11,13.7,0.19,22.44
2007-08-23,21.26,27.98,14.74,0.12,20.64
2007-08-24,20.73,28.12,14.19,0.27,19.74
2007-08-25,22.13,30.29,13.24,0.01,21.66
2007-08-26,22.36,29.66,14.55,1.55,17.5
2007-08-27,21.52,29.41,14.17,0.49,19.51
2007-08-28,21.64,28.35,14.18,1.82,21.74
2007-08-29,21.19,27.22,15.39,2.11,17.48
2007-08-30,20.92,28.92,13.5,0.0,24.04
2007-08-31,21.41,30.36,13.4,0.0,25.38
2007-09-01,21.89,31.17,13.54,0.0,25.89
2007-09-02,23.03,31.89,14.28,0.0,24.81
2007-09-03,24.03,32.17,15.7,0.0,19.21
2007-09-04,24.99,31.82,19.86,0.0,22.73
2007-09-05,24.09,31.51,17.95,0.0,23.95
2007-09-06,24.02,32.26,16.6,0.0,24.13
2007-09-07,23.33,32.96,14.15,0.0,23.97
2007-09-08,22.94,31.24,16.32,0.0,23.49
2007-09-09,19.34,27.62,12.76,0.0,24.0
2007-09-10,17.64,25.51,10.84,0.0,24.18
2007-09-11,18.89,27.47,11.42,0.0,23.94
2007-09-12,19.89,27.99,12.32,0.0,23.3
2007-09-13,20.07,27.07,15.07,0.0,23.21
2007-09-14,17.44,26.23,8.95,0.01,21.66
2007-09-15,17.4,26.9,8.33,0.0,23.43
2007-09-16,18.53,26.22,11.43,0.01,22.52
2007-09-17,14.9,23.88,8.47,0.0,23.57
2007-09-18,16.75,27.09,7.03,0.0,22.82
2007-09-19,18.31,27.12,10.15,0.0,22.61
2007-09-20,18.34,26.89,10.17,0.0,22.19
2007-09-21,19.25,27.88,11.63,0.0,21.57
2007-09-22,18.87,27.45,11.61,0.0,21.35
2007-09-23,19.73,27.85,12.86,0.0,21.04
2007-09-24,19.48,27.09,13.39,0.0,17.8
2007-09-25,15.71,21.67,10.47,0.07,15.15
2007-09-26,15.77,24.13,8.38,0.0,20.33
2007-09-27,16.94,26.27,8.38,0.0,20.65
2007-09-28,17.38,27.18,9.35,0.0,20.54
2007-09-29,16.82,25.49,9.28,0.0,20.4
2007-09-30,16.42,24.46,8.19,0.0,18.99
2007-10-01,18.19,24.37,12.11,0.0,17.51
2007-10-02,16.8,22.89,11.73,0.0,16.12
2007-10-03,17.39,25.28,10.39,0.0,16.98
2007-10-04,17.34,23.65,11.66,0.0,15.76
2007-10-05,15.64,22.71,11.5,0.29,7.77
2007-10-06,14.05,20.97,8.56,2.29,12.26
2007-10-07,14.15,20.21,9.39,0.0,14.43
2007-10-08,14.87,22.55,9.12,0.0,17.29
2007-10-09,14.71,22.74,6.91,0.0,16.89
2007-10-10,14.82,21.21,9.57,0.05,15.06
2007-10-11,14.06,21.46,8.69,0.01,14.32
2007-10-12,15.04,21.56,9.51,0.0,13.86
2007-10-13,14.66,22.0,8.96,0.26,12.91
2007-10-14,14.35,19.89,8.61,2.17,10.66
2007-10-15,12.72,19.04,7.18,0.18,11.04
2007-10-16,10.09,16.31,3.13,5.59,6.82
2007-10-17,5.59,13.22,0.14,0.17,14.12
2007-10-18,6.93,16.22,-0.94,0.0,17.12
2007-10-19,9.08,17.04,2.89,0.01,16.79
2007-10-20,8.8,14.13,3.99,2.18,8.4
2007-10-21,10.07,15.84,5.24,0.0,14.52
2007-10-22,11.94,18.39,7.86,0.01,13.92
2007-10-23,12.82,19.39,8.41,0.0,12.76
2007-10-24,13.19,20.12,8.56,0.0,13.27
2007-10-25,14.56,20.89,9.81,0.0,9.84
2007-10-26,13.34,19.05,8.28,0.11,12.58
2007-10-27,9.39,16.23,4.3,1.09,9.67
2007-10-28,8.39,15.33,2.38,0.0,13.51
2007-10-29,8.61,15.59,3.15,0.0,11.47
2007-10-30,7.47,13.9,4.06,9.42,6.69
2007-10-31,6.07,12.39,1.21,7.93,9.48
2007-11-01,5.72,14.57,-1.57,0.04,14.34
2007-11-02,7.3,15.91,0.88,0.0,12.46
2007-11-03,6.12,12.69,-0.54,0.13,8.23
2007-11-04,3.4,12.51,-4.54,0.0,14.0
2007-11-05,5.83,10.52,1.66,4.0,5.47
2007-11-06,6.78,9.57,4.95,15.81,2.73
2007-11-07,6.15,10.45,2.38,11.99,2.66
2007-11-08,4.31,9.04,0.21,2.71,5.02
2007-11-09,2.37,5.65,-2.6,19.87,2.27
2007-11-10,-0.11,6.3,-3.82,0.14,9.99
2007-11-11,2.62,5.76,-2.13,20.54,3.59
2007-11-12,-0.1,5.25,-5.54,0.77,7.95
2007-11-13,1.37,6.93,-2.12,0.0,9.48
2007-11-14,2.18,7.13,-0.94,0.03,5.81
2007-11-15,4.24,9.19,1.27,0.03,8.78
2007-11-16,5.61,11.52,1.14,0.0,9.66
2007-11-17,4.97,12.76,-0.9,0.0,11.81
2007-11-18,5.29,11.92,0.13,0.0,11.71
2007-11-19,3.4,8.37,1.16,0.18,6.25
2007-11-20,3.08,6.11,1.37,7.37,3.32
2007-11-21,2.43,6.54,-0.72,5.04,5.47
2007-11-22,0.71,5.98,-3.56,4.98,6.02
2007-11-23,-0.79,4.01,-4.97,0.91,6.29
2007-11-24,-1.79,3.98,-5.47,0.12,9.12
2007-11-25,-0.76,5.77,-4.68,0.0,11.28
2007-11-26,-0.32,6.21,-4.57,0.0,11.09
2007-11-27,0.13,4.8,-1.7,0.14,8.01
2007-11-28,-1.69,0.56,-3.95,2.12,5.28
2007-11-29,-5.19,-0.08,-8.31,0.01,6.89
2007-11-30,-2.92,4.67,-8.92,0.0,6.71
2007-12-01,-0.78,4.02,-4.97,0.14,3.45
2007-12-02,-2.14,1.74,-6.81,4.63,7.77
2007-12-03,-3.94,2.31,-9.51,0.0,10.36
2007-12-04,-2.76,1.41,-6.23,0.01,9.64
2007-12-05,-2.14,1.13,-4.59,2.76,6.45
2007-12-06,0.1,3.96,-2.88,16.3,4.89
2007-12-07,-0.34,1.15,-3.03,11.83,4.75
2007-12-08,-2.84,0.92,-5.2,0.02,7.41
2007-12-09,-2.53,1.35,-4.63,0.17,7.37
2007-12-10,-1.87,0.62,-4.23,8.14,6.3
2007-12-11,-1.9,-0.05,-3.08,5.16,4.92
2007-12-12,-0.31,1.31,-2.7,1.78,5.57
2007-12-13,1.07,2.57,-0.01,12.44,3.11
2007-12-14,0.09,0.74,-1.0,19.57,1.23
2007-12-15,-2.23,0.81,-8.84,0.42,6.1
2007-12-16,-6.12,0.36,-11.41,0.0,8.37
2007-12-17,-5.58,-0.09,-10.43,0.95,8.75
2007-12-18,-7.55,-2.47,-16.52,0.04,7.25
2007-12-19,-14.42,-6.86,-18.27,0.09,8.93
2007-12-20,-11.95,-4.16,-18.17,0.0,8.24
2007-12-21,-10.99,-3.14,-15.74,0.0,9.09
2007-12-22,-10.67,-3.2,-15.19,0.0,9.23
2007-12-23,-9.61,0.17,-14.92,0.0,10.43
2007-12-24,-8.29,1.06,-13.26,0.0,10.32
2007-12-25,-8.61,-0.22,-12.73,0.0,10.48
2007-12-26,-9.26,-0.82,-14.19,0.0,10.01
2007-12-27,-9.18,-0.75,-14.46,0.0,10.17
2007-12-28,-7.63,0.2,-13.0,0.0,9.89
2007-12-29,-10.04,-2.51,-14.67,0.0,9.36
2007-12-30,-9.63,-3.69,-14.21,0.02,9.56
2007-12-31,-10.27,-3.54,-16.03,0.01,7.89
2008-01-01,-10.6,-3.51,-17.04,0.01,9.98
2008-01-02,-5.74,0.14,-9.58,0.0,8.44
2008-01-03,-6.09,0.66,-11.47,0.01,9.61
2008-01-04,-4.81,-1.03,-8.8,13.35,7.47
2008-01-05,-7.62,-5.19,-10.55,3.63,8.82
2008-01-06,-10.6,-3.7,-19.4,0.0,10.62
2008-01-07,-13.54,-4.64,-20.01,0.0,10.98
2008-01-08,-14.3,-7.7,-20.13,0.16,8.42
2008-01-09,-15.01,-5.76,-20.86,0.01,10.54
2008-01-10,-15.87,-6.79,-22.14,0.0,11.4
2008-01-11,-14.06,-6.33,-18.38,0.0,11.24
2008-01-12,-15.42,-6.78,-20.28,0.0,11.99
2008-01-13,-16.1,-7.3,-21.49,0.0,11.66
2008-01-14,-14.48,-4.48,-20.22,0.0,12.29
2008-01-15,-11.14,-1.93,-18.71,0.0,12.26
2008-01-16,-8.43,-2.4,-14.43,0.0,9.09
2008-01-17,-8.16,-1.42,-14.48,0.0,12.0
2008-01-18,-8.62,-1.33,-13.77,0.0,11.7
2008-01-19,-8.75,-0.64,-14.59,0.0,12.28
2008-01-20,-10.96,-1.92,-17.28,0.0,12.45
2008-01-21,-8.46,0.19,-14.17,0.0,12.41
2008-01-22,-6.61,1.57,-12.95,0.0,12.51
2008-01-23,-4.24,1.64,-8.99,0.0,9.96
2008-01-24,-3.73,3.41,-9.16,0.02,12.15
2008-01-25,-4.85,-1.15,-7.38,1.0,10.03
2008-01-26,-6.15,-0.74,-11.11,0.0,11.26
2008-01-27,-8.89,-0.79,-14.88,0.08,12.82
2008-01-28,-6.46,-3.63,-10.54,18.89,8.64
2008-01-29,-2.95,-1.31,-4.9,41.02,6.05
2008-01-30,-5.66,-2.43,-11.78,15.24,10.25
2008-01-31,-12.09,-5.65,-20.23,0.15,13.16
2008-02-01,-13.3,-2.7,-20.78,0.01,13.98
2008-02-02,-14.05,-3.37,-21.11,0.0,13.63
2008-02-03,-11.99,-0.18,-20.63,0.0,14.99
2008-02-04,-9.08,0.14,-15.59,0.0,15.11
2008-02-05,-9.49,-1.28,-15.93,0.0,14.89
2008-02-06,-8.75,-1.02,-13.73,0.0,14.76
2008-02-07,-9.56,-1.63,-13.8,0.0,15.3
2008-02-08,-7.04,-0.99,-14.43,1.07,10.81
2008-02-09,-6.4,-0.33,-11.26,0.32,14.33
2008-02-10,-7.58,-0.23,-12.27,0.0,14.71
2008-02-11,-6.11,-0.3,-12.52,0.14,13.91
2008-02-12,-5.88,-2.05,-9.68,2.73,12.29
2008-02-13,-6.92,-1.52,-11.84,0.08,14.64
2008-02-14,-7.49,-2.71,-12.58,4.84,14.48
2008-02-15,-10.96,-5.68,-17.17,0.71,16.74
2008-02-16,-10.81,-5.15,-17.84,1.4,13.38
2008-02-17,-5.43,-3.0,-10.21,13.09,13.05
2008-02-18,-2.11,-0.54,-3.55,19.93,14.83
2008-02-19,-8.09,-0.59,-20.68,4.2,13.82
2008-02-20,-14.25,-5.71,-23.15,0.03,17.41
2008-02-21,-12.56,-3.69,-20.86,0.0,18.84
2008-02-22,-8.31,-0.49,-17.1,0.0,18.44
2008-02-23,-6.37,-0.72,-11.01,0.0,18.11
2008-02-24,-5.59,-1.41,-10.05,2.74,10.79
2008-02-25,-2.78,0.59,-6.97,2.27,12.47
2008-02-26,-1.83,0.46,-6.39,2.67,14.35
2008-02-27,-4.32,0.7,-10.29,0.0,18.28
2008-02-28,-2.99,0.06,-5.75,0.0,19.22
2008-02-29,-1.36,0.5,-3.83,0.0,16.04
2008-03-01,-2.16,0.31,-5.29,0.05,16.63
2008-03-02,-1.32,1.66,-4.67,2.19,11.62
2008-03-03,-1.47,0.5,-7.72,10.12,7.64
2008-03-04,-5.22,1.63,-13.5,0.06,19.69
2008-03-05,-0.25,4.84,-5.58,0.0,20.46
2008-03-06,1.98,5.91,-1.09,0.0,19.38
2008-03-07,3.84,8.67,-1.0,0.0,19.65
2008-03-08,4.38,10.32,0.06,0.0,19.24
2008-03-09,5.41,9.11,1.49,0.24,16.04
2008-03-10,6.12,11.94,1.64,5.61,12.67
2008-03-11,4.95,10.48,1.69,0.85,18.85
2008-03-12,4.47,8.78,2.05,0.01,16.78
2008-03-13,3.22,7.61,0.32,0.38,18.66
2008-03-14,1.37,5.3,-0.93,8.42,18.42
2008-03-15,-1.47,2.19,-5.64,5.79,19.2
2008-03-16,-1.02,3.94,-5.63,0.02,18.45
2008-03-17,2.22,7.97,-1.38,0.0,21.08
2008-03-18,3.6,9.52,-0.68,0.0,19.65
2008-03-19,4.87,10.99,0.81,0.0,19.61
2008-03-20,5.46,10.15,1.02,0.11,20.35
2008-03-21,5.07,8.36,2.48,2.04,15.09
2008-03-22,4.44,6.85,1.76,0.13,17.65
2008-03-23,9.05,16.28,3.15,0.0,21.02
2008-03-24,11.09,18.21,6.23,0.0,21.02
2008-03-25,8.9,16.12,2.38,0.0,20.75
2008-03-26,6.28,12.84,-0.25,0.0,22.62
2008-03-27,6.44,13.93,-1.57,0.0,22.93
2008-03-28,5.73,11.01,1.26,0.05,20.64
2008-03-29,5.53,11.32,0.22,0.0,18.03
2008-03-30,8.09,16.24,1.08,2.38,20.14
2008-03-31,5.63,9.56,1.77,5.51,20.68
2008-04-01,4.18,8.83,0.19,2.38,10.35
2008-04-02,2.23,6.98,-1.26,1.06,16.52
2008-04-03,3.18,9.51,-1.69,0.0,17.57
2008-04-04,3.81,8.52,-0.69,6.55,11.9
2008-04-05,3.97,8.74,-0.61,1.45,18.32
2008-04-06,5.85,10.81,0.66,0.0,16.27
2008-04-07,5.02,10.58,1.55,8.36,8.99
2008-04-08,5.04,10.59,0.72,0.22,15.14
2008-04-09,2.58,6.06,-0.74,3.24,13.01
2008-04-10,4.61,10.35,-1.25,0.12,18.07
2008-04-11,6.75,11.36,1.99,0.53,18.39
2008-04-12,8.41,13.69,4.21,0.1,18.8
2008-04-13,10.97,19.83,2.05,0.0,22.81
2008-04-14,13.68,21.67,5.05,0.05,20.18
2008-04-15,14.24,19.94,7.48,0.09,19.94
2008-04-16,12.51,18.02,5.01,1.26,14.55
2008-04-17,5.25,11.71,-2.09,0.01,17.13
2008-04-18,6.27,14.74,-3.52,0.08,21.46
2008-04-19,7.92,13.12,1.56,3.61,14.28
2008-04-20,8.06,16.41,-1.18,0.0,25.44
2008-04-21,12.02,18.05,4.9,1.48,20.54
2008-04-22,14.44,21.62,6.89,0.0,26.62
2008-04-23,16.62,23.49,10.64,0.08,23.04
2008-04-24,15.99,23.11,9.95,0.0,23.56
2008-04-25,15.43,23.7,8.24,0.0,20.19
2008-04-26,15.3,21.08,9.13,0.0,18.96
2008-04-27,14.48,21.69,9.06,0.0,16.95
2008-04-28,12.78,19.49,6.31,0.0,23.73
2008-04-29,9.5,13.07,5.35,9.7,9.82
2008-04-30,10.31,15.45,5.08,1.67,21.95
2008-05-01,10.06,15.31,3.81,0.01,21.47
2008-05-02,9.06,15.14,1.08,0.59,21.92
2008-05-03,8.16,11.25,4.56,1.75,15.6
2008-05-04,8.55,13.93,2.8,9.84,17.14
2008-05-05,10.91,16.98,4.99,0.01,19.64
2008-05-06,7.15,11.77,0.95,4.17,11.38
2008-05-07,5.51,12.58,-2.86,0.01,27.65
2008-05-08,6.54,11.73,2.4,1.94,22.4
2008-05-09,4.38,6.83,1.58,13.82,9.92
2008-05-10,6.25,11.65,0.13,1.69,17.67
2008-05-11,6.95,11.51,1.88,4.76,19.0
2008-05-12,7.36,12.23,3.05,0.77,20.22
2008-05-13,7.92,14.25,2.1,0.94,25.24
2008-05-14,8.48,16.12,-0.53,0.01,31.06
2008-05-15,8.22,15.87,3.11,8.28,14.74
2008-05-16,9.35,15.47,1.85,1.64,15.86
2008-05-17,10.87,16.1,4.75,3.94,18.24
2008-05-18,10.57,15.68,4.9,8.35,17.34
2008-05-19,11.56,16.1,6.64,2.09,15.54
2008-05-20,12.59,20.26,4.73,0.11,27.43
2008-05-21,13.91,21.92,4.01,0.0,31.69
2008-05-22,15.63,22.97,6.4,0.0,31.49
2008-05-23,17.68,23.95,9.23,0.05,27.5
2008-05-24,18.98,23.63,14.55,0.0,28.97
2008-05-25,16.64,21.66,10.96,0.0,24.22
2008-05-26,13.51,19.82,7.33,2.36,16.17
2008-05-27,11.81,17.38,6.74,0.03,20.2
2008-05-28,12.44,20.29,4.28,0.18,29.91
2008-05-29,12.9,20.56,5.43,0.55,19.6
2008-05-30,9.93,18.51,1.08,0.01,32.3
2008-05-31,12.29,20.33,1.63,0.0,33.09
2008-06-01,16.04,22.56,7.85,0.0,31.6
2008-06-02,17.2,24.38,10.17,0.01,24.56
2008-06-03,14.17,22.06,6.12,0.02,26.0
2008-06-04,13.94,21.9,4.2,0.0,33.25
2008-06-05,16.85,23.28,8.66,0.0,32.78
2008-06-06,19.19,24.85,13.32,0.0,31.54
2008-06-07,17.61,23.83,10.93,0.62,28.03
2008-06-08,15.13,22.61,6.63,0.0,27.14
2008-06-09,15.31,22.59,7.39,0.03,29.44
2008-06-10,16.53,24.52,7.59,2.76,22.55
2008-06-11,15.68,21.21,10.17,5.08,13.44
2008-06-12,12.34,16.37,8.31,3.72,13.14
2008-06-13,14.0,21.64,5.49,0.22,24.37
2008-06-14,16.06,24.07,7.06,0.01,29.16
2008-06-15,16.87,24.75,7.46,0.0,31.13
2008-06-16,16.5,25.07,9.12,2.99,20.82
2008-06-17,16.51,25.29,7.62,0.0,26.68
2008-06-18,16.26,24.53,8.65,0.01,30.64
2008-06-19,16.92,26.64,6.54,0.0,32.85
2008-06-20,19.58,28.15,10.88,0.0,31.07
2008-06-21,19.42,27.79,11.44,0.0,31.0
2008-06-22,16.15,22.7,10.08,1.55,23.87
2008-06-23,16.42,24.58,8.63,0.0,29.54
2008-06-24,17.06,25.75,8.58,0.0,32.16
2008-06-25,19.11,28.15,9.61,0.0,32.01
2008-06-26,21.06,29.83,11.71,0.0,31.62
2008-06-27,22.76,31.29,13.66,0.0,29.85
2008-06-28,21.91,30.3,13.29,0.0,30.24
2008-06-29,20.87,29.12,12.51,0.0,29.88
2008-06-30,18.34,26.8,10.44,0.0,27.09
2008-07-01,16.76,26.54,7.0,0.0,32.88
2008-07-02,19.03,29.14,8.75,0.0,31.93
2008-07-03,19.07,28.36,10.3,0.01,31.26
2008-07-04,17.48,26.66,8.25,0.0,32.47
2008-07-05,20.11,29.25,9.6,0.0,32.22
2008-07-06,21.16,30.22,11.2,0.0,30.59
2008-07-07,18.31,26.83,11.36,0.01,28.02
2008-07-08,17.33,26.01,9.49,0.06,30.96
2008-07-09,19.81,29.39,8.85,0.0,31.55
2008-07-10,21.64,30.43,11.57,0.0,30.69
2008-07-11,22.03,31.35,11.5,0.0,30.46
2008-07-12,23.77,33.23,13.83,0.01,28.42
2008-07-13,24.42,33.37,15.55,0.0,26.89
2008-07-14,24.06,32.26,15.27,0.12,29.73
2008-07-15,20.56,27.67,13.76,1.42,23.89
2008-07-16,22.11,30.91,12.55,0.0,30.45
2008-07-17,24.12,32.4,14.23,0.01,29.4
2008-07-18,24.01,32.14,16.44,0.0,29.81
2008-07-19,24.48,33.63,13.85,0.0,30.9
2008-07-20,25.8,35.67,15.4,0.03,29.85
2008-07-21,25.86,35.5,15.88,0.35,28.12
2008-07-22,25.19,33.35,16.06,0.0,27.56
2008-07-23,26.41,34.33,17.46,0.0,26.54
2008-07-24,26.92,33.95,18.99,0.0,26.77
2008-07-25,26.72,34.39,19.06,0.01,25.16
2008-07-26,25.67,32.55,19.99,0.0,29.11
2008-07-27,25.0,32.02,18.8,0.0,29.15
2008-07-28,23.78,33.0,13.42,0.0,28.77
2008-07-29,24.05,33.6,13.74,0.0,28.23
2008-07-30,24.72,35.17,15.51,0.0,27.87
2008-07-31,25.99,36.23,15.82,0.0,27.07
2008-08-01,26.93,36.07,17.02,0.0,26.14
2008-08-02,26.73,36.16,17.16,0.0,26.24
2008-08-03,26.4,34.95,16.8,0.0,27.47
2008-08-04,26.41,35.23,17.41,0.0,28.09
2008-08-05,25.12,34.83,15.77,0.0,27.87
2008-08-06,24.73,34.22,15.67,0.0,26.73
2008-08-07,23.66,30.89,16.31,0.33,23.23
2008-08-08,23.52,30.88,15.74,0.31,23.45
2008-08-09,23.94,31.33,15.86,0.26,25.26
2008-08-10,22.94,28.99,16.97,0.41,17.97
2008-08-11,23.92,31.91,14.95,0.04,25.65
2008-08-12,24.95,33.39,15.78,0.0,24.78
2008-08-13,23.53,32.73,16.53,0.06,21.09
2008-08-14,23.58,32.39,14.98,0.01,26.17
2008-08-15,23.88,32.34,16.05,0.0,23.48
2008-08-16,23.1,30.25,16.34,0.53,17.89
2008-08-17,23.65,30.35,17.55,0.3,23.03
2008-08-18,24.39,32.79,15.26,0.0,25.81
2008-08-19,25.7,34.2,15.9,0.0,24.56
2008-08-20,26.16,34.38,16.63,0.05,20.53
2008-08-21,23.97,32.41,15.87,0.01,24.19
2008-08-22,23.61,32.06,15.16,0.0,23.32
2008-08-23,22.69,31.27,16.25,0.1,17.84
2008-08-24,22.23,29.89,17.06,0.38,16.28
2008-08-25,22.85,29.76,15.24,0.2,17.02
2008-08-26,24.22,32.1,15.18,0.0,21.12
2008-08-27,23.97,32.01,16.19,0.11,18.96
2008-08-28,24.01,32.48,15.21,0.0,23.06
2008-08-29,25.99,32.69,20.14,0.15,19.07
2008-08-30,24.98,32.82,18.97,0.0,23.43
2008-08-31,23.87,31.73,17.1,0.01,23.39
2008-09-01,22.45,31.48,14.38,0.0,23.26
2008-09-02,22.46,31.59,13.61,0.0,24.36
2008-09-03,23.66,31.44,17.34,0.02,23.7
2008-09-04,23.2,31.33,16.12,0.0,24.85
2008-09-05,22.84,31.73,14.53,0.0,23.86
2008-09-06,20.96,30.33,12.85,0.0,24.48
2008-09-07,20.7,29.99,11.61,0.0,24.13
2008-09-08,20.54,28.62,14.54,0.0,22.99
2008-09-09,18.9,27.12,11.85,0.0,21.4
2008-09-10,17.58,26.11,9.48,0.03,20.74
2008-09-11,16.09,24.31,9.38,0.0,21.31
2008-09-12,16.51,24.62,7.4,0.0,21.99
2008-09-13,19.4,26.69,13.38,0.0,20.83
2008-09-14,19.21,25.97,13.56,0.01,15.77
2008-09-15,19.09,28.29,10.9,0.0,21.61
2008-09-16,20.12,28.92,11.4,0.0,21.64
2008-09-17,21.0,29.1,13.96,0.0,20.16
2008-09-18,19.59,26.65,13.28,0.0,20.77
2008-09-19,17.25,25.35,10.3,0.0,21.46
2008-09-20,15.8,21.76,9.45,0.0,16.09
2008-09-21,17.07,24.09,11.55,0.0,16.48
2008-09-22,16.9,23.87,11.07,0.03,14.85
2008-09-23,11.3,15.28,8.36,8.26,6.15
2008-09-24,13.23,21.18,6.47,0.02,18.69
2008-09-25,13.23,21.54,5.37,0.0,20.84
2008-09-26,14.15,20.77,10.93,1.32,16.43
2008-09-27,10.78,12.74,8.7,12.6,5.74
2008-09-28,10.22,16.46,4.44,1.66,11.01
2008-09-29,10.33,18.36,2.46,0.07,18.98
2008-09-30,8.88,12.58,4.18,14.75,4.18
2008-10-01,8.51,17.0,0.96,0.07,18.12
2008-10-02,10.55,19.12,2.26,0.0,20.71
2008-10-03,12.07,20.81,4.43,0.0,20.07
2008-10-04,12.8,20.72,6.09,0.0,17.31
2008-10-05,14.03,20.68,8.29,0.0,17.45
2008-10-06,14.88,21.13,10.19,0.58,16.83
2008-10-07,13.14,20.05,8.85,0.0,17.87
2008-10-08,11.85,18.46,5.95,0.24,15.75
2008-10-09,10.99,17.63,5.16,0.46,16.16
2008-10-10,10.2,17.93,3.91,0.0,17.12
2008-10-11,10.42,18.55,2.47,0.0,17.05
2008-10-12,11.05,19.11,3.79,0.0,16.33
2008-10-13,14.17,22.58,6.4,0.0,15.32
2008-10-14,15.63,23.52,7.85,0.0,15.73
2008-10-15,15.94,24.83,8.8,1.18,10.22
2008-10-16,11.46,17.26,6.77,1.57,12.05
2008-10-17,9.87,16.96,3.01,0.11,14.28
2008-10-18,10.69,17.27,5.27,0.01,14.3
2008-10-19,10.75,18.94,2.93,0.0,15.3
2008-10-20,11.01,19.26,3.81,0.0,16.02
2008-10-21,10.52,18.95,2.56,0.0,15.49
2008-10-22,9.34,13.5,5.57,0.41,9.99
2008-10-23,9.57,16.1,5.09,8.71,7.97
2008-10-24,7.83,13.13,5.09,4.04,8.18
2008-10-25,8.51,13.44,3.87,5.36,9.6
2008-10-26,7.68,14.75,0.71,0.73,12.05
2008-10-27,7.36,12.04,4.5,0.34,8.46
2008-10-28,6.88,11.85,4.06,2.09,8.29
2008-10-29,7.72,13.48,3.1,0.29,11.34
2008-10-30,7.42,14.89,1.8,0.0,12.18
2008-10-31,7.39,14.32,0.72,0.0,13.51
2008-11-01,5.98,13.76,-0.3,0.0,13.86
2008-11-02,6.14,13.31,-0.72,0.0,13.81
2008-11-03,6.5,12.6,0.06,1.1,12.87
2008-11-04,6.42,13.85,0.27,0.0,13.48
2008-11-05,4.8,13.63,-1.93,0.0,12.28
2008-11-06,4.99,12.27,-1.88,0.0,13.14
2008-11-07,4.92,12.46,-0.95,0.0,10.66
2008-11-08,4.08,12.21,-2.86,0.0,13.78
2008-11-09,4.34,12.34,-0.86,0.0,13.61
2008-11-10,2.29,9.46,-1.78,0.0,12.38
2008-11-11,1.65,7.48,-2.17,0.0,7.36
2008-11-12,3.14,10.01,-2.69,0.0,12.42
2008-11-13,3.47,9.91,-1.8,0.0,9.91
2008-11-14,4.4,10.81,-1.7,0.01,11.31
2008-11-15,3.16,11.02,-3.28,0.0,11.92
2008-11-16,2.39,10.23,-2.93,0.0,11.48
2008-11-17,2.3,9.61,-3.21,0.0,11.91
2008-11-18,2.64,8.66,-1.17,0.0,9.0
2008-11-19,1.79,5.44,-0.56,5.69,2.41
2008-11-20,1.35,2.59,0.64,9.79,2.41
2008-11-21,2.59,5.8,0.61,6.3,4.78
2008-11-22,3.65,6.55,2.2,9.78,3.59
2008-11-23,4.57,7.64,2.72,4.15,3.39
2008-11-24,4.89,7.93,2.56,3.31,2.83
2008-11-25,4.35,8.7,0.88,0.17,5.3
2008-11-26,3.78,11.4,-2.3,0.0,9.67
2008-11-27,3.65,10.07,-1.39,0.01,9.96
2008-11-28,1.75,5.33,-1.51,18.76,2.15
2008-11-29,2.2,6.53,-1.32,8.1,5.49
2008-11-30,2.5,9.18,-2.54,0.0,8.18
2008-12-01,2.41,8.98,-2.17,0.0,9.99
2008-12-02,2.04,9.8,-2.59,0.0,10.8
2008-12-03,1.22,9.7,-3.21,0.0,10.71
2008-12-04,2.69,10.88,-2.01,0.0,10.49
2008-12-05,3.82,11.55,-0.91,0.0,10.14
2008-12-06,4.69,13.4,-0.1,0.0,9.44
2008-12-07,4.84,12.3,0.05,0.0,9.45
2008-12-08,2.27,7.55,-1.02,0.0,9.71
2008-12-09,-1.14,0.95,-2.88,10.04,1.8
2008-12-10,-3.78,-0.18,-9.93,11.39,4.93
2008-12-11,-8.34,0.24,-14.68,0.01,10.27
2008-12-12,-7.43,1.16,-12.94,0.0,10.41
2008-12-13,-6.46,0.79,-11.18,0.0,10.82
2008-12-14,-6.38,1.27,-11.25,0.0,10.58
2008-12-15,-7.75,0.07,-13.41,0.0,10.71
2008-12-16,-7.58,1.16,-14.09,0.0,10.93
2008-12-17,-5.53,2.73,-12.78,0.0,10.7
2008-12-18,-3.42,4.26,-8.76,0.0,10.75
2008-12-19,-2.6,1.4,-5.08,0.0,7.49
2008-12-20,-3.37,2.08,-6.43,0.0,10.13
2008-12-21,-4.54,-1.4,-6.88,2.02,9.11
2008-12-22,-3.52,-0.7,-6.03,4.92,6.83
2008-12-23,-1.74,0.39,-4.05,11.87,11.96
2008-12-24,-1.95,-0.69,-3.68,21.68,1.86
2008-12-25,-5.15,-1.53,-11.4,3.63,6.56
2008-12-26,-10.91,-3.64,-17.14,0.0,9.55
2008-12-27,-12.06,-2.93,-18.83,0.0,10.01
2008-12-28,-12.34,-3.64,-19.41,0.1,9.29
2008-12-29,-8.55,-4.03,-14.34,5.37,6.67
2008-12-30,-10.57,-4.53,-16.25,0.78,9.4
2008-12-31,-13.65,-7.4,-20.3,0.62,8.45
2009-01-01,-13.85,-8.26,-23.2,0.26,9.5
2009-01-02,-17.7,-7.9,-24.45,0.0,10.96
2009-01-03,-13.76,-7.7,-18.64,0.02,9.35
2009-01-04,-8.75,-3.99,-12.73,1.4,9.07
2009-01-05,-6.76,-2.61,-9.31,2.68,10.29
2009-01-06,-6.06,-2.58,-8.55,3.61,12.61
2009-01-07,-6.32,-3.19,-9.18,3.21,9.51
2009-01-08,-6.48,-1.43,-12.05,0.09,9.19
2009-01-09,-10.48,-2.53,-21.24,0.0,8.62
2009-01-10,-14.53,-4.52,-22.62,0.0,11.72
2009-01-11,-13.47,-5.58,-18.52,0.0,10.76
2009-01-12,-14.56,-5.6,-20.26,0.0,11.78
2009-01-13,-10.5,-0.2,-16.17,0.0,11.82
2009-01-14,-8.3,-0.42,-14.37,0.0,12.0
2009-01-15,-5.73,0.47,-11.19,0.0,10.09
2009-01-16,-2.48,0.76,-5.19,0.03,10.23
2009-01-17,-2.94,0.29,-6.98,0.45,8.83
2009-01-18,-6.24,-0.86,-11.64,0.0,9.52
2009-01-19,-5.47,-0.89,-8.45,0.0,11.16
2009-01-20,-5.6,-0.67,-9.44,0.0,11.08
2009-01-21,-7.17,-0.04,-13.48,0.0,11.42
2009-01-22,-8.01,0.05,-13.99,0.0,12.67
2009-01-23,-4.04,1.05,-7.48,0.0,12.46
2009-01-24,-5.48,-0.84,-8.27,0.47,9.41
2009-01-25,-5.23,-1.34,-8.25,5.01,7.95
2009-01-26,-3.13,-0.6,-5.21,6.63,5.22
2009-01-27,-3.08,0.21,-6.58,5.1,8.29
2009-01-28,-3.95,0.28,-8.49,0.03,10.79
2009-01-29,-3.14,0.76,-7.43,5.61,9.29
2009-01-30,-1.22,0.64,-2.62,7.67,7.93
2009-01-31,-1.69,0.31,-2.97,7.91,3.61
2009-02-01,-3.01,-0.44,-6.8,7.44,6.79
2009-02-02,-6.56,-0.58,-12.7,0.03,13.0
2009-02-03,-6.53,0.02,-12.04,0.0,12.62
2009-02-04,-4.23,1.64,-10.44,0.0,9.54
2009-02-05,-1.8,0.84,-3.9,0.05,7.36
2009-02-06,-0.88,2.15,-2.87,0.4,8.61
2009-02-07,-0.59,2.39,-2.99,0.09,11.69
2009-02-08,-0.58,2.88,-3.79,1.05,10.41
2009-02-09,-0.37,0.52,-1.38,19.87,6.59
2009-02-10,-0.21,1.39,-2.97,11.6,5.95
2009-02-11,-3.37,1.34,-7.41,0.0,13.1
2009-02-12,-3.33,1.49,-7.71,0.56,11.48
2009-02-13,0.47,3.31,-1.87,1.68,10.03
2009-02-14,0.23,4.43,-3.53,0.03,13.11
2009-02-15,0.58,3.86,-2.81,1.32,11.15
2009-02-16,0.16,2.94,-2.34,6.13,7.42
2009-02-17,-3.66,-0.99,-8.03,4.31,11.62
2009-02-18,-6.53,-1.13,-11.44,0.0,15.91
2009-02-19,-5.95,-0.3,-11.79,0.8,15.8
2009-02-20,-3.62,0.18,-7.98,9.49,14.7
2009-02-21,-2.72,0.1,-4.83,10.53,13.58
2009-02-22,-4.5,-1.51,-6.82,2.14,15.09
2009-02-23,-4.96,-1.42,-7.77,4.79,16.09
2009-02-24,-3.12,0.27,-6.29,15.05,11.64
2009-02-25,-2.03,-0.15,-4.06,13.64,5.71
2009-02-26,-3.58,0.13,-8.77,3.12,7.15
2009-02-27,-1.91,0.46,-4.82,11.14,7.13
2009-02-28,-2.31,-0.27,-4.42,10.99,7.2
2009-03-01,-4.47,-1.19,-11.19,6.44,8.38
2009-03-02,-10.06,-2.86,-17.8,0.09,19.25
2009-03-03,-6.42,-2.1,-11.04,2.28,12.17
2009-03-04,-7.06,-1.19,-14.67,0.77,19.88
2009-03-05,-4.03,0.44,-8.23,1.67,19.13
2009-03-06,-1.82,0.15,-4.54,2.72,14.75
2009-03-07,0.95,4.77,-1.79,0.01,13.74
2009-03-08,1.71,6.99,-2.33,3.59,16.72
2009-03-09,1.79,4.32,-0.43,29.94,16.97
2009-03-10,0.14,3.83,-4.0,1.23,18.05
2009-03-11,1.54,4.06,-0.49,4.4,17.39
2009-03-12,2.06,5.8,-1.44,0.77,12.58
2009-03-13,2.2,7.05,-2.26,0.0,10.82
2009-03-14,1.77,4.98,-2.28,4.0,16.94
2009-03-15,-3.26,0.32,-5.98,6.15,19.6
2009-03-16,-4.4,-0.79,-7.73,0.88,21.0
2009-03-17,-4.93,0.0,-11.17,0.02,22.71
2009-03-18,-3.98,-0.12,-7.58,2.43,19.05
2009-03-19,-1.16,2.82,-4.84,3.06,17.55
2009-03-20,-0.44,2.85,-3.57,2.41,17.79
2009-03-21,-1.51,4.09,-8.16,0.0,22.98
2009-03-22,-0.29,5.71,-5.76,0.0,23.13
2009-03-23,-0.33,2.67,-3.39,13.1,6.92
2009-03-24,-2.18,0.12,-11.67,28.81,5.84
2009-03-25,-6.08,1.72,-15.89,0.0,24.66
2009-03-26,-1.33,2.94,-5.29,0.11,21.48
2009-03-27,0.36,3.78,-3.29,4.88,13.35
2009-03-28,0.8,3.62,-1.21,13.64,8.18
2009-03-29,-0.15,5.0,-4.73,4.35,21.25
2009-03-30,2.6,10.17,-3.46,0.0,22.86
2009-03-31,4.52,12.41,-0.77,0.0,23.54
2009-04-01,6.43,12.97,-0.94,0.0,21.85
2009-04-02,6.68,11.6,2.22,0.08,20.71
2009-04-03,4.84,8.02,1.4,1.62,17.88
2009-04-04,4.55,8.73,0.3,5.69,16.03
2009-04-05,5.15,12.52,-1.78,0.03,22.99
2009-04-06,6.2,12.4,0.21,0.48,19.11
2009-04-07,5.97,11.88,1.57,1.95,16.54
2009-04-08,3.92,7.9,0.26,1.13,13.11
2009-04-09,2.19,8.72,-5.21,0.01,17.28
2009-04-10,2.01,10.51,-6.27,0.0,26.13
2009-04-11,4.16,10.19,-0.85,0.0,25.87
2009-04-12,3.2,10.66,-4.52,0.0,25.47
2009-04-13,3.57,10.83,-4.41,0.0,27.4
2009-04-14,4.16,10.64,-3.03,0.02,22.82
2009-04-15,2.34,5.97,-0.22,19.16,10.26
2009-04-16,2.97,7.83,-0.72,1.05,16.98
2009-04-17,2.52,6.16,-1.53,1.89,15.04
2009-04-18,2.32,6.09,-1.51,9.75,15.13
2009-04-19,4.92,12.36,-2.76,0.0,26.72
2009-04-20,6.04,13.39,-1.56,0.0,22.85
2009-04-21,6.78,11.83,1.39,0.6,21.47
2009-04-22,7.08,11.61,2.66,2.92,23.22
2009-04-23,7.95,13.0,3.9,4.29,15.12
2009-04-24,6.34,11.71,-0.21,1.26,16.84
2009-04-25,6.12,10.59,2.62,4.96,18.52
2009-04-26,5.35,10.92,0.59,0.58,19.09
2009-04-27,6.39,12.11,-0.91,0.31,21.37
2009-04-28,5.25,7.44,2.45,1.75,8.63
2009-04-29,8.19,14.5,2.32,0.01,23.23
2009-04-30,8.07,13.07,2.01,0.03,19.81
2009-05-01,8.91,14.24,3.8,0.01,20.61
2009-05-02,8.94,14.33,3.1,0.1,19.4
2009-05-03,8.75,14.01,3.27,0.12,23.26
2009-05-04,7.98,11.72,4.26,9.96,10.77
2009-05-05,8.18,11.21,3.61,3.99,10.14
2009-05-06,6.31,11.13,1.57,0.4,19.65
2009-05-07,7.36,11.26,3.68,1.96,13.1
2009-05-08,7.94,12.8,3.45,0.3,21.22
2009-05-09,7.02,11.31,2.22,0.38,16.22
2009-05-10,7.78,14.79,-0.52,0.07,26.12
2009-05-11,7.55,13.52,-0.12,0.48,23.44
2009-05-12,8.27,13.77,1.08,0.01,24.94
2009-05-13,10.3,15.58,4.3,0.0,26.16
2009-05-14,11.7,17.27,4.71,0.01,25.08
2009-05-15,12.5,20.42,3.08,0.0,28.27
2009-05-16,13.48,21.36,5.5,0.01,30.03
2009-05-17,13.79,21.25,4.79,0.0,30.65
2009-05-18,15.6,22.2,6.58,0.0,28.65
2009-05-19,17.26,22.73,10.16,0.0,27.74
2009-05-20,17.23,23.51,10.84,0.11,24.57
2009-05-21,16.47,23.61,10.48,0.43,20.37
2009-05-22,14.31,20.48,7.21,0.0,26.7
2009-05-23,15.03,19.63,9.29,2.62,22.52
2009-05-24,13.01,18.55,6.47,3.84,19.84
2009-05-25,10.83,17.47,3.48,0.13,22.89
2009-05-26,9.22,16.44,1.48,2.65,26.8
2009-05-27,8.38,14.83,0.85,2.03,18.4
2009-05-28,9.46,16.75,0.92,0.52,27.36
2009-05-29,10.38,17.05,1.53,0.0,29.17
2009-05-30,12.58,20.69,2.26,0.0,32.85
2009-05-31,13.02,21.58,3.97,0.0,32.5
2009-06-01,13.39,21.46,4.67,0.0,32.01
2009-06-02,14.94,21.82,5.99,0.11,30.27
2009-06-03,17.57,23.74,10.68,0.59,29.46
2009-06-04,17.81,24.53,11.53,0.0,27.74
2009-06-05,16.27,22.05,10.0,0.05,31.42
2009-06-06,14.02,21.21,5.67,0.77,24.61
2009-06-07,13.0,18.37,7.51,0.02,22.45
2009-06-08,12.66,18.12,6.89,2.15,21.39
2009-06-09,13.55,18.89,6.86,2.5,20.71
2009-06-10,15.76,21.57,7.81,0.39,27.56
2009-06-11,16.32,24.16,10.2,0.28,24.92
2009-06-12,17.9,25.77,10.52,1.7,22.31
2009-06-13,17.24,25.13,10.7,1.71,22.94
2009-06-14,17.53,24.21,11.28,1.19,23.61
2009-06-15,16.37,23.26,8.82,3.0,22.69
2009-06-16,16.78,24.16,9.39,2.94,22.62
2009-06-17,16.45,23.34,10.25,2.94,21.53
2009-06-18,15.39,20.84,10.03,0.06,20.88
2009-06-19,14.62,21.43,8.67,0.6,19.56
2009-06-20,15.14,20.85,9.58,0.28,19.01
2009-06-21,16.48,22.3,9.11,0.3,18.69
2009-06-22,18.29,25.25,10.22,1.99,27.14
2009-06-23,18.63,25.51,11.27,0.25,30.14
2009-06-24,19.21,26.58,11.05,0.0,27.13
2009-06-25,19.45,26.32,11.48,0.41,24.46
2009-06-26,19.81,27.05,12.16,1.64,23.36
2009-06-27,20.57,27.35,13.78,1.41,21.0
2009-06-28,19.3,25.66,11.57,0.47,24.39
2009-06-29,20.68,27.89,13.37,0.0,28.31
2009-06-30,22.14,28.56,15.49,0.0,31.26
2009-07-01,20.39,28.04,12.04,0.0,31.14
2009-07-02,20.2,28.42,11.57,0.0,30.5
2009-07-03,20.94,28.97,12.77,0.0,29.06
2009-07-04,19.77,27.2,12.02,0.0,30.74
2009-07-05,18.99,26.57,11.23,0.79,18.79
2009-07-06,18.06,24.11,11.39,0.03,22.63
2009-07-07,19.54,27.1,10.37,0.02,28.38
2009-07-08,20.71,26.85,13.81,0.0,20.91
2009-07-09,21.08,28.17,13.02,0.02,27.06
2009-07-10,21.02,28.88,12.78,0.19,30.01
2009-07-11,21.9,29.65,11.89,0.0,30.88
2009-07-12,23.54,31.86,13.79,0.0,29.13
2009-07-13,23.46,31.73,13.13,0.0,30.85
2009-07-14,22.25,30.18,12.69,0.02,30.39
2009-07-15,19.76,26.71,12.05,0.12,24.53
2009-07-16,19.6,26.62,11.11,0.01,21.17
2009-07-17,21.88,29.39,13.86,0.01,21.87
2009-07-18,22.88,29.66,15.47,0.21,23.5
2009-07-19,23.48,30.83,15.4,0.72,22.37
2009-07-20,22.92,30.64,15.03,0.41,23.7
2009-07-21,21.88,29.41,14.78,0.04,26.35
2009-07-22,21.53,28.55,15.46,1.42,22.58
2009-07-23,21.87,29.79,14.59,2.75,22.95
2009-07-24,21.53,29.43,15.28,2.06,17.19
2009-07-25,19.51,25.82,13.94,1.14,20.82
2009-07-26,20.02,26.81,13.22,0.0,23.83
2009-07-27,21.34,29.1,13.66,0.04,26.58
2009-07-28,19.29,28.03,10.22,0.02,22.18
2009-07-29,16.48,26.05,7.45,0.0,30.23
2009-07-30,19.05,30.41,7.17,0.0,28.25
2009-07-31,20.35,30.17,10.5,0.98,26.75
2009-08-01,19.39,28.26,11.44,4.64,23.48
2009-08-02,19.01,27.39,9.69,0.0,26.53
2009-08-03,20.54,29.03,12.05,0.05,21.43
2009-08-04,21.26,29.2,12.64,0.0,27.04
2009-08-05,22.76,31.02,13.67,0.0,28.2
2009-08-06,23.78,32.35,14.24,0.0,27.48
2009-08-07,23.37,30.29,17.93,0.01,23.71
2009-08-08,21.89,29.19,15.57,0.38,23.01
2009-08-09,19.5,26.88,13.22,0.47,23.98
2009-08-10,18.11,26.31,10.82,0.02,22.28
2009-08-11,18.31,27.98,9.53,0.0,24.47
2009-08-12,18.32,27.63,8.99,0.0,28.0
2009-08-13,19.09,28.67,8.87,0.0,27.98
2009-08-14,21.18,29.96,12.9,0.15,25.58
2009-08-15,21.8,31.29,12.39,0.0,26.89
2009-08-16,22.55,31.69,13.99,0.0,27.22
2009-08-17,23.55,32.93,15.37,0.0,26.52
2009-08-18,24.09,32.2,16.78,0.0,26.74
2009-08-19,23.4,32.47,15.19,0.0,25.51
2009-08-20,22.69,32.09,14.41,0.2,23.35
2009-08-21,19.72,29.21,12.36,0.0,27.25
2009-08-22,18.82,29.25,9.28,0.0,27.05
2009-08-23,17.84,27.91,9.14,0.0,27.98
2009-08-24,18.93,29.84,7.43,0.0,27.64
2009-08-25,20.58,28.84,11.89,0.0,26.07
2009-08-26,19.71,28.77,10.85,0.01,25.88
2009-08-27,18.45,26.29,11.14,1.67,23.04
2009-08-28,19.72,28.1,11.2,0.0,24.57
2009-08-29,21.77,28.67,15.98,0.01,23.37
2009-08-30,21.97,29.1,15.36,0.0,22.11
2009-08-31,20.35,29.28,11.93,0.16,24.32
2009-09-01,20.26,29.29,11.58,0.42,20.03
2009-09-02,20.05,28.48,12.57,0.15,21.1
2009-09-03,19.67,28.66,11.06,0.0,24.77
2009-09-04,21.15,29.75,13.28,0.0,24.44
2009-09-05,20.41,29.62,11.34,0.0,23.27
2009-09-06,19.54,28.86,9.97,0.0,24.55
2009-09-07,20.16,28.9,11.33,0.0,22.5
2009-09-08,19.8,27.48,11.55,0.0,19.32
2009-09-09,20.53,27.38,15.1,1.24,19.52
2009-09-10,18.48,24.45,13.23,0.68,16.01
2009-09-11,18.06,25.97,10.1,0.05,20.48
2009-09-12,19.1,25.71,12.68,0.01,18.36
2009-09-13,18.39,24.72,13.37,1.47,13.86
2009-09-14,18.56,25.1,13.36,2.19,17.47
2009-09-15,17.33,24.49,10.24,0.0,20.83
2009-09-16,16.21,22.94,10.45,0.41,15.53
2009-09-17,13.95,21.27,8.46,0.08,18.73
2009-09-18,14.26,21.5,5.72,0.0,21.13
2009-09-19,14.77,20.74,11.3,1.68,16.83
2009-09-20,11.81,14.14,9.97,7.29,6.76
2009-09-21,10.07,12.65,7.35,18.01,4.06
2009-09-22,10.57,15.82,7.07,16.07,17.35
2009-09-23,10.05,17.17,3.31,0.05,13.1
2009-09-24,11.25,19.92,3.64,0.0,21.12
2009-09-25,12.49,20.72,4.6,0.0,20.97
2009-09-26,13.25,21.03,6.9,0.0,20.22
2009-09-27,8.91,17.99,1.88,0.03,15.58
2009-09-28,4.21,9.6,-1.03,0.13,13.6
2009-09-29,6.61,15.11,-1.9,0.03,15.43
2009-09-30,9.84,16.88,4.48,0.0,20.63
2009-10-01,11.79,19.04,6.53,0.0,18.4
2009-10-02,12.48,20.28,5.44,0.0,19.56
2009-10-03,13.98,21.91,7.47,0.0,19.59
2009-10-04,14.96,23.83,6.31,0.0,19.28
2009-10-05,15.84,24.3,7.1,0.0,17.44
2009-10-06,13.76,21.1,7.78,0.21,15.83
2009-10-07,12.92,19.53,7.16,0.29,16.22
2009-10-08,12.8,19.34,5.38,0.01,14.45
2009-10-09,13.7,19.56,8.8,0.18,12.94
2009-10-10,11.57,18.06,6.09,1.14,13.91
2009-10-11,11.72,19.76,3.79,0.0,16.97
2009-10-12,13.59,20.51,8.02,0.0,16.76
2009-10-13,13.48,21.11,7.86,0.0,10.92
2009-10-14,12.7,19.49,7.78,0.0,16.38
2009-10-15,13.19,20.64,7.28,0.0,16.8
2009-10-16,13.78,21.74,7.39,0.0,16.74
2009-10-17,14.98,21.96,10.5,0.0,16.02
2009-10-18,14.83,22.68,8.45,0.0,16.61
2009-10-19,15.14,23.19,8.6,0.0,16.44
2009-10-20,14.9,22.58,9.54,0.0,14.7
2009-10-21,15.06,22.3,8.91,0.0,15.05
2009-10-22,12.67,16.84,8.54,0.0,11.71
2009-10-23,12.91,18.16,9.12,0.14,10.43
2009-10-24,11.78,17.05,7.68,0.0,11.66
2009-10-25,11.72,18.58,6.93,0.09,12.92
2009-10-26,11.43,18.46,4.96,0.0,13.67
2009-10-27,10.29,16.2,6.17,3.2,10.3
2009-10-28,7.19,9.24,5.52,10.94,7.31
2009-10-29,7.16,9.48,5.18,9.4,5.7
2009-10-30,6.61,9.62,3.13,52.47,2.57
2009-10-31,5.98,7.77,3.78,60.28,2.68
2009-11-01,5.8,7.54,3.96,38.11,2.82
2009-11-02,5.92,8.46,3.7,13.32,2.85
2009-11-03,3.28,4.55,0.68,11.95,4.68
2009-11-04,3.51,6.59,0.62,7.94,4.25
2009-11-05,5.22,8.22,3.79,5.89,3.82
2009-11-06,6.5,12.87,2.58,0.0,12.01
2009-11-07,6.68,13.11,1.79,0.0,11.29
2009-11-08,7.33,13.89,2.61,0.0,12.05
2009-11-09,6.12,9.6,1.88,2.15,5.37
2009-11-10,6.78,14.6,0.78,0.0,11.0
2009-11-11,7.03,13.94,2.09,0.0,12.52
2009-11-12,6.13,12.18,2.59,0.0,10.86
2009-11-13,4.79,10.45,-0.02,0.63,5.37
2009-11-14,5.12,9.39,2.1,2.42,6.02
2009-11-15,3.31,6.13,0.08,5.04,2.95
2009-11-16,0.64,3.89,-1.73,0.43,8.13
2009-11-17,1.69,5.03,-0.81,1.92,5.25
2009-11-18,2.07,7.48,-1.71,0.07,8.07
2009-11-19,1.38,8.1,-3.12,0.0,9.85
2009-11-20,0.7,5.86,-2.91,0.09,7.05
2009-11-21,0.23,4.37,-3.92,0.09,6.47
2009-11-22,0.6,6.89,-3.7,0.01,6.5
2009-11-23,1.59,8.56,-2.4,0.0,9.96
2009-11-24,3.04,8.4,0.24,0.0,10.62
2009-11-25,1.88,4.96,-1.02,0.03,7.73
2009-11-26,0.42,5.63,-3.25,0.02,5.7
2009-11-27,-0.09,6.15,-4.62,0.0,11.35
2009-11-28,1.78,9.08,-2.77,0.0,11.23
2009-11-29,1.53,7.68,-1.7,0.0,11.09
2009-11-30,1.3,5.91,-2.17,0.0,6.08
2009-12-01,-0.06,6.2,-4.64,0.0,9.96
2009-12-02,0.44,6.7,-3.49,0.0,10.32
2009-12-03,0.43,5.34,-2.5,0.0,9.15
2009-12-04,-1.13,2.84,-3.39,0.0,5.69
2009-12-05,0.48,5.05,-2.49,0.01,7.01
2009-12-06,1.1,3.87,-0.16,0.72,5.78
2009-12-07,0.71,3.85,-1.83,4.66,4.79
2009-12-08,-0.7,2.92,-4.07,5.09,4.54
2009-12-09,-2.02,2.71,-5.63,1.03,4.94
2009-12-10,-1.27,1.63,-2.77,1.5,5.77
2009-12-11,-0.96,2.35,-2.99,0.66,3.83
2009-12-12,-1.14,0.45,-2.56,7.19,1.51
2009-12-13,-0.96,0.54,-2.81,22.24,1.26
2009-12-14,-4.61,0.05,-12.96,4.53,3.64
2009-12-15,-10.07,-2.44,-17.61,0.0,4.8
2009-12-16,-4.11,-0.66,-8.9,3.82,3.95
2009-12-17,-0.91,-0.27,-1.37,24.08,2.51
2009-12-18,-1.2,-0.09,-2.79,7.66,3.47
2009-12-19,-0.48,1.15,-2.62,13.36,3.32
2009-12-20,0.42,1.07,0.15,3.28,3.88
2009-12-21,0.85,1.17,0.32,5.76,3.69
2009-12-22,0.33,1.83,-3.41,3.18,2.93
2009-12-23,-0.31,2.75,-3.76,0.0,5.11
2009-12-24,-0.75,2.15,-3.59,0.0,6.9
2009-12-25,-0.29,2.61,-2.25,0.01,5.69
2009-12-26,-0.42,1.46,-2.32,2.2,3.91
2009-12-27,0.07,4.59,-4.03,0.09,6.63
2009-12-28,1.12,3.98,-1.37,0.81,5.59
2009-12-29,1.97,3.05,1.42,12.72,2.58
2009-12-30,0.07,1.28,-1.39,16.52,2.62
2009-12-31,-1.38,2.35,-6.67,3.93,3.66
2010-01-01,-1.99,3.26,-6.84,0.13,9.76
2010-01-02,0.35,1.32,-1.75,15.7,6.93
2010-01-03,-0.34,0.5,-1.39,37.35,7.67
2010-01-04,-0.95,0.88,-8.37,11.8,1.59
2010-01-05,-10.14,-2.73,-16.6,0.62,4.56
2010-01-06,-8.46,-0.79,-15.93,0.0,9.13
2010-01-07,-3.7,0.29,-6.56,0.0,9.93
2010-01-08,-2.0,3.46,-6.26,0.0,9.65
2010-01-09,-3.16,2.51,-6.45,0.0,9.79
2010-01-10,-2.21,3.29,-6.63,0.0,9.99
2010-01-11,-1.2,2.12,-3.61,0.13,9.41
2010-01-12,-1.38,0.94,-2.96,1.63,8.27
2010-01-13,-1.51,0.14,-3.06,14.22,5.54
2010-01-14,-0.95,0.47,-2.58,8.67,5.44
2010-01-15,-0.49,0.26,-1.47,16.42,3.08
2010-01-16,0.63,1.69,-0.8,6.65,2.48
2010-01-17,1.01,2.01,0.1,1.75,1.86
2010-01-18,1.76,3.1,0.16,1.7,4.77
2010-01-19,0.13,1.64,-1.56,14.51,1.8
2010-01-20,0.35,1.05,-0.47,19.35,2.55
2010-01-21,-1.37,0.17,-3.55,12.93,6.37
2010-01-22,-3.91,-1.47,-6.25,0.83,6.81
2010-01-23,-2.23,-0.81,-4.06,15.17,3.17
2010-01-24,-1.14,-0.29,-2.39,23.22,4.87
2010-01-25,-5.78,-2.74,-12.38,17.57,3.15
2010-01-26,-14.26,-8.33,-24.09,0.18,12.57
2010-01-27,-16.66,-6.49,-24.75,0.01,14.49
2010-01-28,-12.77,-8.63,-18.34,2.49,9.93
2010-01-29,-9.71,-4.99,-13.2,1.6,9.7
2010-01-30,-5.2,-1.74,-9.95,4.16,10.23
2010-01-31,-1.25,-0.12,-2.84,6.92,7.16
2010-02-01,-1.08,0.44,-5.58,1.42,11.1
2010-02-02,-3.83,-0.22,-6.42,0.04,6.67
2010-02-03,-1.77,0.33,-5.41,5.38,9.01
2010-02-04,-4.54,-1.31,-9.44,2.98,7.25
2010-02-05,-8.73,-4.87,-11.26,0.35,7.92
2010-02-06,-9.2,-3.53,-14.8,0.01,14.33
2010-02-07,-9.6,-3.24,-15.66,0.0,14.55
2010-02-08,-7.59,-3.48,-11.31,0.46,12.75
2010-02-09,-6.63,-3.15,-9.43,1.75,12.88
2010-02-10,-5.74,-1.22,-10.19,0.07,12.82
2010-02-11,-3.99,-0.25,-8.74,0.99,11.24
2010-02-12,-1.9,-0.24,-3.84,4.27,13.1
2010-02-13,-0.94,0.95,-4.17,0.7,10.16
2010-02-14,-0.52,1.28,-2.07,0.02,12.45
2010-02-15,0.54,2.04,-1.49,1.82,4.2
2010-02-16,1.22,1.76,0.7,0.66,10.97
2010-02-17,2.38,3.7,1.71,0.03,8.8
2010-02-18,1.78,2.56,0.68,0.09,8.4
2010-02-19,1.89,3.9,-1.89,0.62,7.95
2010-02-20,0.33,5.33,-5.37,0.0,16.24
2010-02-21,2.08,3.64,0.38,2.8,12.9
2010-02-22,-0.85,1.65,-7.7,4.93,13.03
2010-02-23,-4.17,0.39,-8.92,0.19,13.33
2010-02-24,-2.48,0.95,-5.63,0.15,14.95
2010-02-25,-0.84,2.02,-2.65,0.52,14.96
2010-02-26,0.1,4.57,-4.54,0.03,15.29
2010-02-27,0.07,3.05,-3.02,0.52,14.77
2010-02-28,0.23,3.17,-2.05,2.51,14.11
2010-03-01,0.99,5.49,-2.58,0.64,12.93
2010-03-02,0.23,4.52,-3.89,1.44,12.91
2010-03-03,1.43,3.97,-1.99,37.57,6.21
2010-03-04,-3.19,1.58,-6.31,0.34,9.6
2010-03-05,-1.72,0.9,-4.3,5.55,7.89
2010-03-06,0.36,3.34,-2.67,3.19,8.51
2010-03-07,2.29,4.63,1.05,0.97,7.79
2010-03-08,3.29,5.06,1.73,0.0,3.77
2010-03-09,4.42,6.81,2.8,0.48,7.29
2010-03-10,5.74,9.45,3.18,0.03,12.54
2010-03-11,5.94,9.55,3.15,0.04,9.12
2010-03-12,7.02,12.15,3.36,0.79,14.91
2010-03-13,7.02,10.53,4.51,0.67,9.97
2010-03-14,5.11,7.15,3.04,0.65,9.41
2010-03-15,7.9,11.42,3.5,6.13,6.68
2010-03-16,3.02,7.44,-5.08,1.43,11.35
2010-03-17,-0.38,5.85,-5.87,0.0,18.75
2010-03-18,-0.73,4.34,-7.07,0.19,17.12
2010-03-19,-3.06,3.62,-8.06,0.05,21.24
2010-03-20,-1.28,5.41,-6.86,0.0,22.39
2010-03-21,2.78,9.74,-3.53,0.0,22.71
2010-03-22,5.06,10.29,1.0,0.0,20.54
2010-03-23,6.01,13.46,0.1,0.0,21.44
2010-03-24,7.49,14.31,0.41,0.0,22.24
2010-03-25,8.55,12.95,5.04,0.01,20.67
2010-03-26,7.71,12.02,3.18,0.51,19.15
2010-03-27,5.95,11.5,1.3,0.0,18.91
2010-03-28,5.56,10.99,-0.32,0.76,18.79
2010-03-29,6.51,9.66,4.25,13.46,12.03
2010-03-30,5.33,8.73,1.02,26.83,12.72
2010-03-31,2.97,7.64,-0.99,0.47,12.46
2010-04-01,4.7,9.31,0.15,0.52,11.25
2010-04-02,6.42,10.37,3.37,2.47,17.13
2010-04-03,6.36,10.49,1.6,1.7,14.96
2010-04-04,5.83,12.44,-1.56,0.04,15.34
2010-04-05,4.38,13.12,-4.03,0.0,22.79
2010-04-06,6.06,13.01,-1.66,0.0,23.07
2010-04-07,6.35,11.85,1.12,0.53,12.77
2010-04-08,3.03,6.63,0.07,0.15,19.22
2010-04-09,3.49,6.9,0.75,1.19,17.81
2010-04-10,2.86,6.33,-0.56,0.57,17.26
2010-04-11,2.19,5.69,-1.22,6.87,11.79
2010-04-12,5.09,10.68,1.13,6.28,12.69
2010-04-13,3.43,7.32,-3.15,3.16,12.42
2010-04-14,4.07,11.3,-4.27,0.0,24.33
2010-04-15,6.95,11.39,2.72,0.0,18.69
2010-04-16,9.0,14.11,3.05,0.0,24.62
2010-04-17,8.71,12.3,5.91,0.01,18.99
2010-04-18,9.54,15.85,3.67,0.3,19.76
2010-04-19,8.73,14.86,1.07,0.84,19.51
2010-04-20,10.4,16.37,3.85,0.0,25.48
2010-04-21,8.02,9.98,5.48,8.21,5.78
2010-04-22,7.82,12.41,3.34,3.86,18.61
2010-04-23,5.96,12.41,-0.33,2.13,14.55
2010-04-24,5.57,11.81,-1.49,0.02,24.06
2010-04-25,7.49,15.04,-1.45,0.0,28.61
2010-04-26,10.2,15.38,4.9,0.02,23.89
2010-04-27,8.37,12.78,3.35,4.19,15.94
2010-04-28,7.79,13.73,2.39,11.72,11.56
2010-04-29,8.33,13.49,3.54,1.99,14.27
2010-04-30,8.29,12.27,3.08,10.9,14.13
2010-05-01,7.53,11.57,5.21,17.47,11.42
2010-05-02,6.54,9.69,2.96,1.25,18.07
2010-05-03,5.63,9.77,1.39,6.47,16.04
2010-05-04,7.12,12.36,0.98,0.94,22.03
2010-05-05,8.59,13.33,3.06,0.19,20.15
2010-05-06,8.62,13.32,2.17,1.04,21.83
2010-05-07,10.51,14.93,4.58,0.01,24.39
2010-05-08,12.15,16.36,8.21,0.39,21.96
2010-05-09,13.0,17.18,8.52,2.54,13.03
2010-05-10,12.11,17.4,7.5,5.25,18.33
2010-05-11,12.13,15.65,7.27,0.85,20.69
2010-05-12,14.53,20.59,7.69,0.26,24.7
2010-05-13,14.54,20.74,7.63,0.0,28.09
2010-05-14,15.5,21.53,7.47,0.46,27.47
2010-05-15,14.98,20.43,8.95,0.01,26.19
2010-05-16,15.62,20.64,9.66,0.68,22.66
2010-05-17,15.74,21.54,8.69,0.01,26.67
2010-05-18,11.89,17.67,6.46,0.0,28.68
2010-05-19,11.36,15.71,7.02,0.38,26.65
2010-05-20,11.55,15.98,6.29,0.07,21.21
2010-05-21,11.2,15.7,6.38,3.34,22.14
2010-05-22,11.59,16.3,6.25,1.15,22.45
2010-05-23,11.39,16.56,6.46,4.67,18.0
2010-05-24,9.51,14.74,3.62,4.27,19.02
2010-05-25,10.64,16.94,2.46,0.01,29.06
2010-05-26,13.14,18.58,6.45,0.0,26.27
2010-05-27,15.05,20.39,8.36,0.0,27.22
2010-05-28,13.78,17.52,9.13,1.65,14.77
2010-05-29,13.77,20.23,7.81,0.03,23.51
2010-05-30,14.48,19.89,8.24,3.74,25.07
2010-05-31,16.08,22.3,7.84,0.04,29.82
2010-06-01,18.05,24.01,10.77,0.0,28.29
2010-06-02,18.96,25.43,12.81,0.05,20.36
2010-06-03,19.53,25.92,12.78,0.0,26.36
2010-06-04,20.11,25.74,13.06,0.0,31.32
2010-06-05,21.13,27.11,14.2,0.28,28.43
2010-06-06,21.13,27.13,14.83,0.96,21.88
2010-06-07,17.82,23.91,10.39,0.01,28.43
2010-06-08,14.38,19.84,7.26,0.2,28.73
2010-06-09,15.6,20.77,9.75,1.07,23.23
2010-06-10,17.08,24.19,8.77,0.0,27.25
2010-06-11,17.02,22.75,10.58,0.0,29.37
2010-06-12,18.81,24.17,12.59,0.0,29.74
2010-06-13,19.97,27.12,12.31,0.0,29.68
2010-06-14,21.49,29.68,11.9,0.0,28.32
2010-06-15,22.06,28.4,15.24,0.61,20.52
2010-06-16,18.71,25.95,12.29,5.34,20.76
2010-06-17,16.7,22.64,11.26,11.86,25.37
2010-06-18,17.14,23.45,10.07,0.26,23.41
2010-06-19,18.86,24.52,11.91,11.74,20.13
2010-06-20,19.07,24.42,12.66,5.47,23.3
2010-06-21,19.11,24.26,13.04,0.03,25.25
2010-06-22,18.4,24.42,11.31,0.05,27.38
2010-06-23,19.49,25.7,11.94,0.0,25.16
2010-06-24,12.2,15.58,8.3,5.58,19.34
2010-06-25,14.54,21.42,5.46,0.17,27.53
2010-06-26,17.51,23.12,10.65,0.84,22.48
2010-06-27,18.39,24.67,10.39,0.01,27.47
2010-06-28,18.71,25.38,10.52,0.0,31.65
2010-06-29,18.84,24.95,12.85,0.0,31.06
2010-06-30,18.77,24.86,11.39,0.02,29.41
2010-07-01,19.69,26.38,12.07,0.02,28.45
2010-07-02,19.7,27.21,11.06,0.0,28.4
2010-07-03,21.5,29.1,12.9,0.0,29.66
2010-07-04,22.05,29.95,12.94,0.0,30.64
2010-07-05,23.27,31.12,13.87,0.0,30.09
2010-07-06,23.21,30.36,14.45,0.77,28.91
2010-07-07,23.78,30.21,17.71,0.0,28.59
2010-07-08,23.09,31.42,13.38,0.0,30.59
2010-07-09,22.76,29.68,16.64,0.0,30.52
2010-07-10,23.31,30.25,14.93,0.0,30.96
2010-07-11,24.35,31.72,17.08,0.0,30.35
2010-07-12,23.97,32.59,16.35,0.0,31.84
2010-07-13,22.84,31.63,14.89,0.13,30.75
2010-07-14,21.34,29.78,13.1,0.0,30.5
2010-07-15,21.47,29.28,13.21,0.02,27.53
2010-07-16,21.75,29.18,13.09,0.02,25.64
2010-07-17,21.62,27.76,15.89,2.7,19.49
2010-07-18,20.81,27.76,13.91,7.73,21.33
2010-07-19,21.44,28.87,13.93,0.01,27.22
2010-07-20,22.91,30.69,15.23,0.05,26.35
2010-07-21,23.46,31.47,15.68,7.6,25.12
2010-07-22,23.38,31.48,15.57,0.07,25.67
2010-07-23,23.51,31.37,15.51,1.0,23.07
2010-07-24,21.58,29.3,15.06,2.71,20.01
2010-07-25,21.59,28.41,13.61,0.03,23.97
2010-07-26,23.15,29.92,16.87,0.49,24.96
2010-07-27,24.15,32.45,16.12,0.0,28.4
2010-07-28,24.87,33.45,17.48,0.0,29.69
2010-07-29,23.43,32.12,15.44,0.0,30.11
2010-07-30,23.85,32.91,15.75,0.0,29.87
2010-07-31,23.19,32.46,14.7,0.0,30.25
2010-08-01,22.84,32.02,13.94,0.0,27.98
2010-08-02,22.8,31.78,13.65,0.0,28.38
2010-08-03,22.68,30.8,14.72,0.0,22.41
2010-08-04,23.93,32.03,14.0,0.0,27.18
2010-08-05,24.61,32.61,15.01,0.0,25.87
2010-08-06,25.55,34.07,16.47,0.0,24.73
2010-08-07,26.03,34.34,17.9,0.0,22.49
2010-08-08,26.15,34.11,17.61,0.0,24.06
2010-08-09,24.56,32.26,16.84,0.0,28.52
2010-08-10,23.91,31.68,14.53,0.0,28.33
2010-08-11,24.81,32.5,17.32,0.0,25.98
2010-08-12,24.61,33.3,15.46,0.01,21.79
2010-08-13,24.46,33.13,16.28,0.0,27.34
2010-08-14,24.83,33.55,16.14,0.96,25.76
2010-08-15,24.5,33.29,15.72,0.03,26.7
2010-08-16,23.54,32.51,14.58,3.21,24.67
2010-08-17,22.79,31.22,14.86,0.19,26.01
2010-08-18,22.49,31.75,12.72,0.0,25.63
2010-08-19,22.3,31.18,13.42,0.0,27.6
2010-08-20,23.22,33.14,13.58,0.0,26.07
2010-08-21,21.43,30.48,13.78,0.0,26.63
2010-08-22,21.22,31.12,12.11,0.0,26.47
2010-08-23,22.73,32.05,13.42,0.05,25.79
2010-08-24,24.3,32.79,15.66,0.0,23.73
2010-08-25,23.37,31.4,15.85,0.01,21.29
2010-08-26,20.26,26.32,15.0,7.21,19.76
2010-08-27,19.47,27.89,11.71,0.0,23.27
2010-08-28,21.73,29.76,12.78,0.0,25.16
2010-08-29,24.24,31.14,17.28,0.0,25.51
2010-08-30,25.13,32.51,18.02,0.0,23.63
2010-08-31,23.79,32.6,14.7,0.0,22.12
2010-09-01,22.81,30.02,15.61,0.0,24.4
2010-09-02,23.01,29.72,17.22,0.0,21.28
2010-09-03,23.09,31.15,15.12,0.0,23.39
2010-09-04,23.09,31.68,13.02,0.0,23.7
2010-09-05,24.42,33.14,15.37,0.0,22.71
2010-09-06,24.02,32.18,15.82,0.0,23.18
2010-09-07,22.54,29.63,17.1,0.0,23.57
2010-09-08,21.85,29.58,14.31,0.12,21.89
2010-09-09,20.69,29.91,11.92,0.0,23.19
2010-09-10,21.3,30.42,12.54,0.0,22.4
2010-09-11,21.75,30.16,13.43,0.0,22.1
2010-09-12,21.76,30.04,13.89,0.0,22.57
2010-09-13,19.8,27.38,13.53,0.0,22.62
2010-09-14,17.28,23.62,12.2,0.67,17.7
2010-09-15,17.33,26.18,8.82,0.0,23.27
2010-09-16,18.5,27.26,9.85,0.0,22.98
2010-09-17,19.8,28.42,11.32,0.0,22.45
2010-09-18,20.45,28.45,13.39,0.01,19.2
2010-09-19,19.0,27.28,10.92,0.0,22.13
2010-09-20,20.57,28.0,13.62,0.0,21.58
2010-09-21,21.58,28.53,16.71,0.0,21.52
2010-09-22,20.39,25.02,16.4,0.01,15.56
2010-09-23,16.99,22.59,12.38,1.07,14.38
2010-09-24,18.25,26.18,10.44,0.0,16.4
2010-09-25,16.95,25.98,10.78,1.87,12.66
2010-09-26,16.31,24.4,8.91,0.0,18.31
2010-09-27,19.01,26.9,11.75,0.0,18.67
2010-09-28,19.68,27.4,13.24,0.0,18.04
2010-09-29,19.55,26.21,15.04,0.0,16.79
2010-09-30,18.65,24.51,14.01,0.03,15.07
2010-10-01,16.29,20.63,12.5,3.62,11.07
2010-10-02,15.28,21.87,9.61,0.28,14.78
2010-10-03,12.05,13.98,9.64,14.85,8.4
2010-10-04,13.19,18.61,8.57,4.64,13.45
2010-10-05,13.17,19.06,7.12,0.02,13.91
2010-10-06,11.34,19.22,6.15,0.0,14.82
2010-10-07,9.35,16.01,3.53,0.0,12.11
2010-10-08,11.86,17.39,7.54,0.94,8.0
2010-10-09,10.54,16.01,5.59,0.02,12.24
2010-10-10,8.82,14.75,4.31,0.32,15.44
2010-10-11,7.01,11.88,3.06,0.31,8.78
2010-10-12,6.72,13.07,0.78,0.0,16.43
2010-10-13,8.42,13.25,4.13,0.56,5.69
2010-10-14,9.94,14.48,6.98,2.38,4.17
2010-10-15,10.91,15.42,8.82,11.1,3.93
2010-10-16,12.16,17.45,8.61,8.78,7.49
2010-10-17,11.79,17.38,7.51,0.06,11.08
2010-10-18,12.01,18.73,5.99,0.26,15.33
2010-10-19,13.55,20.25,8.73,0.0,15.46
2010-10-20,15.11,22.19,10.7,0.0,15.03
2010-10-21,15.65,20.95,12.12,0.01,10.84
2010-10-22,13.15,20.6,6.28,0.05,15.41
2010-10-23,11.35,19.03,5.55,0.01,11.99
2010-10-24,11.59,18.78,5.08,0.0,14.6
2010-10-25,12.39,17.76,7.54,0.0,12.35
2010-10-26,11.72,18.28,5.58,0.0,14.41
2010-10-27,10.8,17.28,5.11,0.0,13.4
2010-10-28,10.46,17.72,4.49,0.0,12.95
2010-10-29,10.73,17.07,5.6,3.13,9.25
2010-10-30,6.07,10.91,-0.22,11.19,3.84
2010-10-31,1.88,9.8,-3.54,0.32,14.38
2010-11-01,1.89,11.76,-4.8,0.0,15.22
2010-11-02,2.5,12.71,-4.07,0.0,14.9
2010-11-03,5.05,14.95,-3.14,0.0,14.41
2010-11-04,6.6,15.32,0.66,0.0,14.51
2010-11-05,6.3,16.87,-0.78,0.0,14.31
2010-11-06,7.97,17.94,-0.59,0.0,14.16
2010-11-07,8.78,15.14,4.56,0.0,12.8
2010-11-08,6.73,13.1,2.45,0.0,13.23
2010-11-09,7.08,13.53,3.19,0.0,13.18
2010-11-10,7.66,15.0,2.22,0.0,12.85
2010-11-11,8.49,17.16,1.76,0.0,12.92
2010-11-12,8.81,17.24,3.14,0.0,12.8
2010-11-13,8.89,17.18,3.32,0.0,12.74
2010-11-14,8.44,17.17,2.38,0.0,12.2
2010-11-15,9.21,17.96,3.37,0.0,11.83
2010-11-16,8.62,16.74,2.12,0.0,11.52
2010-11-17,8.35,14.17,5.18,0.0,10.82
2010-11-18,7.97,14.52,4.42,0.0,11.9
2010-11-19,8.37,16.86,2.76,0.0,11.7
2010-11-20,7.62,16.04,1.66,0.0,11.7
2010-11-21,7.3,15.78,2.12,0.0,11.37
2010-11-22,6.17,13.7,0.27,0.0,11.58
2010-11-23,4.16,11.76,-1.13,0.0,9.79
2010-11-24,3.94,9.2,0.77,0.0,9.56
2010-11-25,4.53,9.5,1.36,0.0,3.85
2010-11-26,4.9,10.39,1.27,0.0,6.95
2010-11-27,5.75,11.79,2.78,0.0,8.19
2010-11-28,6.68,13.42,2.94,0.0,10.54
2010-11-29,7.32,14.53,2.06,0.0,9.8
2010-11-30,7.27,13.72,4.0,0.0,8.76
2010-12-01,7.11,13.37,4.1,0.0,9.02
2010-12-02,7.41,14.43,3.53,0.0,8.26
2010-12-03,8.67,16.4,3.46,0.0,9.29
2010-12-04,9.59,17.42,3.45,0.0,10.16
2010-12-05,8.85,16.31,3.33,0.0,10.17
2010-12-06,6.11,12.65,2.01,0.0,8.89
2010-12-07,3.86,8.26,1.5,0.39,4.36
2010-12-08,3.75,9.73,0.5,0.0,10.0
2010-12-09,3.15,9.23,0.03,0.0,10.16
2010-12-10,0.99,5.28,-2.01,0.22,7.18
2010-12-11,0.53,2.87,-0.43,14.49,1.52
2010-12-12,-0.65,0.93,-3.75,14.5,1.45
2010-12-13,-4.18,-0.83,-6.27,2.14,2.79
2010-12-14,-4.89,-2.81,-6.89,8.96,2.39
2010-12-15,-3.47,-0.81,-5.38,7.93,2.99
2010-12-16,-4.9,-0.86,-7.71,0.0,4.72
2010-12-17,-4.12,0.5,-7.42,0.14,5.56
2010-12-18,-2.43,-0.26,-4.23,3.65,4.06
2010-12-19,-2.14,0.19,-5.01,1.15,3.73
2010-12-20,-5.18,0.87,-10.83,0.0,8.94
2010-12-21,-4.22,1.91,-9.27,0.0,9.81
2010-12-22,-2.68,3.73,-6.36,0.0,10.22
2010-12-23,-3.93,3.21,-7.86,0.0,9.87
2010-12-24,-3.74,4.03,-8.16,0.0,9.84
2010-12-25,-2.72,4.3,-6.56,0.0,9.92
2010-12-26,-0.56,4.85,-4.58,0.0,9.24
2010-12-27,3.32,8.95,-0.47,0.0,8.97
2010-12-28,3.58,9.54,0.44,0.0,9.22
2010-12-29,2.27,7.61,-0.48,0.0,8.76
2010-12-30,-0.32,1.56,-2.47,0.67,7.26
2010-12-31,-1.95,-0.23,-2.8,6.62,3.95
2011-01-01,-2.44,0.53,-5.07,2.2,5.16
2011-01-02,-3.92,-0.06,-6.91,0.01,7.71
2011-01-03,-4.46,0.6,-8.04,0.0,7.81
2011-01-04,-3.31,-1.1,-5.59,2.85,7.57
2011-01-05,-1.74,3.35,-5.7,0.47,5.59
2011-01-06,-2.46,2.46,-7.29,0.0,6.1
2011-01-07,-2.0,2.19,-6.25,0.1,6.93
2011-01-08,-1.31,2.7,-5.29,0.44,7.73
2011-01-09,-2.9,1.83,-7.1,0.0,7.58
2011-01-10,-4.34,1.38,-8.79,0.0,8.92
2011-01-11,-5.68,0.22,-10.51,0.0,9.88
2011-01-12,-5.64,0.82,-11.41,0.0,10.03
2011-01-13,-4.88,0.65,-9.82,0.0,10.24
2011-01-14,-3.35,1.45,-5.99,0.01,7.86
2011-01-15,-3.89,2.85,-8.6,0.0,9.08
2011-01-16,-3.17,2.35,-8.3,0.0,10.01
2011-01-17,-2.38,2.36,-4.92,0.0,9.34
2011-01-18,-3.02,3.36,-8.49,0.0,8.94
2011-01-19,-2.98,3.37,-7.47,0.0,9.46
2011-01-20,-2.85,3.51,-8.11,0.0,10.66
2011-01-21,-1.41,3.83,-4.96,0.0,10.77
2011-01-22,-0.32,5.27,-4.61,0.0,10.07
2011-01-23,-0.97,3.26,-3.39,0.0,10.6
2011-01-24,-2.37,0.8,-5.3,0.35,6.67
2011-01-25,-2.32,0.72,-4.41,1.53,6.94
2011-01-26,-2.44,0.51,-5.52,4.11,6.58
2011-01-27,-1.97,-0.15,-4.7,16.9,5.7
2011-01-28,-3.3,-0.21,-4.88,0.33,5.98
2011-01-29,-2.96,-0.54,-4.33,3.21,6.41
2011-01-30,-2.1,-0.1,-4.26,20.49,4.37
2011-01-31,-3.19,-0.6,-9.33,7.45,5.52
2011-02-01,-9.27,-4.73,-12.98,1.05,12.13
2011-02-02,-12.16,-6.38,-19.9,0.18,13.75
2011-02-03,-13.43,-4.09,-22.73,0.01,13.51
2011-02-04,-10.3,-5.83,-14.64,0.45,10.96
2011-02-05,-12.65,-3.18,-21.06,0.0,14.87
2011-02-06,-8.66,-1.13,-14.66,0.0,13.19
2011-02-07,-6.81,-0.07,-12.23,0.01,12.3
2011-02-08,-7.76,0.3,-15.1,0.01,13.1
2011-02-09,-7.17,0.4,-14.07,0.0,15.06
2011-02-10,-9.29,-2.59,-14.59,0.0,14.08
2011-02-11,-12.11,-5.45,-17.65,0.0,14.49
2011-02-12,-10.78,-1.61,-19.5,0.0,14.45
2011-02-13,-6.58,-1.15,-11.35,0.11,12.01
2011-02-14,-5.61,-2.07,-10.4,0.4,12.52
2011-02-15,-3.47,-1.39,-6.62,4.21,12.31
2011-02-16,-5.81,-0.44,-13.51,0.87,15.39
2011-02-17,-8.46,-0.4,-16.16,0.0,15.76
2011-02-18,-3.95,2.1,-9.35,0.01,14.67
2011-02-19,-2.19,1.45,-6.31,5.56,9.62
2011-02-20,-1.61,0.92,-3.6,20.96,11.75
2011-02-21,-2.52,0.66,-8.98,7.22,7.55
2011-02-22,-3.93,1.59,-10.04,0.78,13.66
2011-02-23,0.45,3.08,-1.92,15.33,7.37
2011-02-24,0.11,2.23,-2.26,18.84,12.21
2011-02-25,-0.1,2.14,-2.04,6.01,3.29
2011-02-26,0.6,1.68,-0.38,7.72,4.92
2011-02-27,-0.21,2.28,-2.38,1.03,6.79
2011-02-28,-0.41,2.75,-2.58,1.32,14.24
2011-03-01,-1.71,3.52,-7.17,0.01,17.79
2011-03-02,-4.22,2.51,-9.53,0.0,18.48
2011-03-03,-5.64,-0.05,-9.58,0.0,19.44
2011-03-04,-6.96,0.65,-14.07,0.0,20.22
2011-03-05,-5.54,2.04,-14.46,0.0,20.19
2011-03-06,-2.1,3.48,-6.95,0.94,17.7
2011-03-07,-1.68,0.59,-3.9,10.51,13.06
2011-03-08,0.3,1.61,-1.0,12.62,11.35
2011-03-09,0.7,2.98,-2.16,13.49,6.93
2011-03-10,-3.04,0.04,-5.41,3.13,5.12
2011-03-11,-4.12,-0.76,-6.53,9.17,4.26
2011-03-12,-5.39,0.18,-10.77,0.0,17.42
2011-03-13,-6.2,1.53,-12.58,0.01,20.79
2011-03-14,-4.86,3.21,-12.65,0.0,22.64
2011-03-15,-2.46,5.22,-10.03,0.0,22.46
2011-03-16,1.05,6.94,-4.04,0.0,21.52
2011-03-17,3.39,9.1,-1.68,0.0,21.16
2011-03-18,4.91,11.18,0.38,0.02,19.19
2011-03-19,4.49,9.23,1.19,0.0,17.3
2011-03-20,4.82,10.46,0.36,0.07,20.68
2011-03-21,4.02,9.61,0.71,6.26,14.99
2011-03-22,3.31,8.51,-0.65,3.81,13.08
2011-03-23,0.58,4.8,-3.12,3.24,17.29
2011-03-24,0.08,4.85,-4.03,0.24,21.35
2011-03-25,-0.15,7.39,-5.27,0.0,22.49
2011-03-26,2.88,11.66,-5.08,0.0,24.42
2011-03-27,5.46,11.2,1.03,0.0,24.4
2011-03-28,5.09,9.69,1.23,0.0,22.77
2011-03-29,5.15,9.24,1.75,0.02,22.71
2011-03-30,6.12,12.06,1.13,0.0,22.33
2011-03-31,7.45,12.59,2.9,0.02,22.01
2011-04-01,8.48,14.57,4.25,0.0,20.81
2011-04-02,8.45,14.29,3.8,0.0,15.82
2011-04-03,5.69,9.89,3.37,22.26,12.41
2011-04-04,5.03,9.88,1.22,17.51,11.76
2011-04-05,3.0,4.87,1.19,11.93,6.75
2011-04-06,4.08,8.28,0.9,2.55,10.13
2011-04-07,3.9,8.77,-0.55,2.63,11.31
2011-04-08,4.29,7.84,1.15,8.54,16.35
2011-04-09,4.97,8.47,1.78,3.17,17.33
2011-04-10,4.9,6.86,3.87,10.4,6.3
2011-04-11,3.03,7.14,-0.97,9.09,12.32
2011-04-12,0.42,5.21,-5.82,24.38,2.83
2011-04-13,-2.38,3.59,-8.41,0.33,19.56
2011-04-14,1.34,7.75,-4.72,0.0,18.62
2011-04-15,3.52,9.34,-1.71,0.0,21.59
2011-04-16,5.88,10.89,0.18,1.21,19.05
2011-04-17,8.26,13.06,2.96,2.53,20.05
2011-04-18,10.87,16.43,6.06,1.1,18.97
2011-04-19,11.58,17.17,5.69,8.52,16.56
2011-04-20,7.84,12.0,2.56,19.36,15.94
2011-04-21,6.05,11.22,1.13,0.13,19.29
2011-04-22,4.57,10.21,1.82,20.08,13.47
2011-04-23,5.64,9.31,3.18,7.91,15.14
2011-04-24,5.97,10.52,2.04,0.02,18.84
2011-04-25,6.76,12.44,0.11,0.79,23.71
2011-04-26,6.06,10.26,2.05,2.22,21.85
2011-04-27,7.7,14.34,0.83,0.0,23.11
2011-04-28,8.98,14.67,2.96,0.23,26.29
2011-04-29,8.14,11.88,5.66,13.16,5.76
2011-04-30,8.97,13.24,6.1,2.6,20.86
2011-05-01,7.7,10.39,5.0,4.22,11.11
2011-05-02,8.07,12.39,4.54,6.03,15.84
2011-05-03,8.59,12.47,5.98,0.27,17.84
2011-05-04,10.59,14.67,5.7,0.65,19.59
2011-05-05,10.03,13.29,7.26,4.36,15.26
2011-05-06,8.88,12.02,3.73,2.07,11.33
2011-05-07,7.56,12.74,0.96,1.92,16.33
2011-05-08,8.06,12.91,3.47,2.77,18.96
2011-05-09,9.22,15.65,1.75,0.0,27.75
2011-05-10,10.08,14.02,6.47,5.77,21.95
2011-05-11,11.14,16.4,5.47,2.59,19.51
2011-05-12,9.32,16.11,3.78,2.48,17.4
2011-05-13,6.77,11.05,2.01,2.83,16.97
2011-05-14,6.6,10.31,3.91,2.66,18.24
2011-05-15,7.37,11.99,3.67,0.54,18.73
2011-05-16,8.76,13.17,3.12,0.35,20.47
2011-05-17,11.39,18.1,3.82,0.06,27.42
2011-05-18,13.25,20.02,5.18,0.0,21.74
2011-05-19,11.16,15.51,8.19,2.53,18.69
2011-05-20,10.63,14.49,5.66,2.14,20.16
2011-05-21,8.67,12.09,3.84,13.64,8.51
2011-05-22,9.94,17.02,1.47,0.01,24.91
2011-05-23,10.26,16.54,4.82,3.9,21.95
2011-05-24,11.9,19.14,3.17,0.0,24.2
2011-05-25,13.58,19.72,5.37,0.04,27.78
2011-05-26,13.83,19.61,6.29,0.61,25.23
2011-05-27,13.93,19.21,6.39,0.0,27.38
2011-05-28,14.18,19.11,9.86,0.01,15.15
2011-05-29,12.86,16.78,9.11,7.72,18.1
2011-05-30,15.18,21.4,7.95,9.53,23.92
2011-05-31,16.8,21.96,11.6,0.0,30.57
2011-06-01,17.39,24.01,9.79,3.89,17.86
2011-06-02,15.85,22.18,10.25,16.3,25.21
2011-06-03,15.17,20.77,7.66,0.13,25.4
2011-06-04,15.73,20.73,10.39,1.55,27.01
2011-06-05,14.94,20.62,8.88,0.85,24.59
2011-06-06,14.82,20.03,7.91,5.81,23.79
2011-06-07,16.12,21.76,8.43,0.01,28.07
2011-06-08,16.92,22.53,11.08,0.01,26.14
2011-06-09,15.77,22.96,8.49,0.0,32.81
2011-06-10,15.37,22.94,7.15,0.01,26.48
2011-06-11,15.41,20.65,10.48,0.4,24.03
2011-06-12,13.59,17.99,7.92,14.81,21.43
2011-06-13,13.59,17.93,7.53,4.81,20.47
2011-06-14,13.64,17.31,8.4,10.03,21.13
2011-06-15,14.89,19.57,9.0,0.0,24.93
2011-06-16,17.25,23.61,9.0,0.0,29.29
2011-06-17,18.77,24.21,12.44,0.01,30.35
2011-06-18,18.35,24.34,10.35,0.01,31.11
2011-06-19,18.73,23.93,12.94,0.07,29.94
2011-06-20,16.72,23.0,9.97,0.35,27.24
2011-06-21,16.45,24.43,8.11,0.0,32.55
2011-06-22,16.08,24.22,8.54,0.0,31.54
2011-06-23,14.92,23.38,7.33,0.0,32.64
2011-06-24,14.75,23.11,6.8,0.0,33.3
2011-06-25,18.19,25.87,8.79,0.0,32.04
2011-06-26,20.68,26.65,13.9,0.0,31.28
2011-06-27,18.6,25.14,12.93,0.0,29.83
2011-06-28,18.72,25.41,12.73,0.0,30.39
2011-06-29,18.51,24.43,12.11,0.02,31.55
2011-06-30,17.83,23.74,10.99,0.0,30.64
2011-07-01,17.76,25.56,8.22,0.0,32.11
2011-07-02,18.29,26.03,10.05,0.48,30.62
2011-07-03,18.8,26.34,9.93,0.0,30.31
2011-07-04,20.35,27.8,11.32,0.05,29.63
2011-07-05,20.5,28.0,12.41,0.0,29.22
2011-07-06,21.65,28.6,12.23,0.0,30.91
2011-07-07,24.12,30.61,17.08,0.0,29.08
2011-07-08,23.95,30.12,17.75,0.0,30.33
2011-07-09,21.97,30.18,12.54,0.0,30.42
2011-07-10,22.32,30.38,15.01,0.0,24.82
2011-07-11,21.26,28.38,14.07,0.02,26.79
2011-07-12,22.64,29.92,16.13,0.03,23.4
2011-07-13,22.23,29.11,14.11,0.22,26.66
2011-07-14,24.28,30.55,17.03,0.0,29.39
2011-07-15,24.46,31.57,16.73,0.0,28.63
2011-07-16,21.5,30.15,13.22,0.92,24.24
2011-07-17,20.67,27.23,14.05,2.17,21.91
2011-07-18,21.79,28.96,13.91,0.38,22.23
2011-07-19,20.36,27.45,15.14,2.87,10.26
2011-07-20,19.28,23.9,14.29,1.3,16.71
2011-07-21,20.98,27.11,13.05,0.0,26.31
2011-07-22,22.34,29.2,14.99,0.11,25.18
2011-07-23,21.1,27.73,14.23,0.25,25.4
2011-07-24,21.44,29.14,13.63,0.03,26.93
2011-07-25,22.94,31.2,13.76,0.02,26.15
2011-07-26,24.51,31.73,17.08,0.0,27.12
2011-07-27,24.99,34.99,14.17,0.0,29.62
2011-07-28,27.22,36.02,18.92,0.0,28.31
2011-07-29,27.38,35.7,18.95,0.0,24.52
2011-07-30,27.67,35.02,22.09,0.0,23.23
2011-07-31,27.19,34.55,20.07,0.0,27.13
2011-08-01,26.63,34.38,18.46,0.0,29.13
2011-08-02,27.77,35.3,20.32,0.0,27.84
2011-08-03,26.98,34.87,17.46,0.0,28.4
2011-08-04,24.15,33.95,14.66,0.0,27.54
2011-08-05,23.78,32.84,15.08,0.0,27.32
2011-08-06,22.98,32.34,14.1,0.0,27.46
2011-08-07,23.9,32.36,16.07,0.0,26.03
2011-08-08,24.07,32.62,15.72,0.0,27.1
2011-08-09,24.53,32.96,16.78,0.01,27.04
2011-08-10,24.65,32.84,16.65,0.0,28.01
2011-08-11,24.75,32.88,16.51,0.01,24.99
2011-08-12,23.87,30.59,17.13,0.01,26.43
2011-08-13,22.09,28.94,16.16,0.0,25.59
2011-08-14,22.26,29.25,16.09,0.03,26.01
2011-08-15,22.89,30.67,14.52,0.0,25.47
2011-08-16,22.43,30.96,13.42,1.73,24.31
2011-08-17,22.18,30.7,13.97,0.0,25.32
2011-08-18,22.6,31.72,14.49,0.0,25.69
2011-08-19,21.7,30.89,13.26,0.12,24.15
2011-08-20,20.81,28.84,13.97,1.5,20.99
2011-08-21,21.06,27.99,12.82,0.03,21.42
2011-08-22,21.05,29.58,12.87,0.0,25.66
2011-08-23,20.78,30.18,12.06,0.0,26.56
2011-08-24,20.48,29.98,11.91,0.0,26.32
2011-08-25,21.11,31.14,11.88,0.0,25.52
2011-08-26,21.13,30.39,13.04,0.0,25.37
2011-08-27,20.3,29.44,11.77,0.0,25.97
2011-08-28,20.96,30.04,12.31,0.0,25.08
2011-08-29,20.43,29.59,12.12,0.0,25.77
2011-08-30,20.72,30.47,10.59,0.0,26.59
2011-08-31,21.82,28.27,15.26,0.0,23.58
2011-09-01,21.91,30.24,13.24,0.0,22.01
2011-09-02,20.91,29.74,12.68,0.08,20.32
2011-09-03,19.34,26.05,11.21,0.42,16.44
2011-09-04,19.37,26.43,12.27,0.24,17.61
2011-09-05,18.19,26.88,10.65,0.15,23.23
2011-09-06,16.89,26.89,8.38,0.0,25.21
2011-09-07,18.23,27.53,8.66,0.0,24.93
2011-09-08,19.58,27.51,12.36,0.0,24.39
2011-09-09,19.61,26.9,13.85,0.0,23.61
2011-09-10,18.04,26.3,10.17,0.0,22.77
2011-09-11,17.81,27.65,9.28,0.0,24.02
2011-09-12,17.31,27.05,9.44,0.0,22.94
2011-09-13,17.94,27.82,9.32,0.0,22.73
2011-09-14,19.57,28.42,10.81,0.0,22.37
2011-09-15,19.95,28.38,12.81,0.0,16.11
2011-09-16,18.68,27.4,10.76,0.0,21.81
2011-09-17,19.05,28.47,10.82,0.0,22.3
2011-09-18,19.42,28.44,10.91,0.0,21.88
2011-09-19,19.35,27.43,11.31,0.0,19.88
2011-09-20,18.4,24.93,12.6,0.77,13.73
2011-09-21,17.41,25.13,9.2,0.0,19.06
2011-09-22,17.64,25.54,10.8,0.0,19.21
2011-09-23,15.27,21.04,12.05,0.49,9.72
2011-09-24,16.01,23.28,10.29,2.54,11.32
2011-09-25,14.93,20.82,10.9,2.21,12.91
2011-09-26,14.49,20.05,8.99,0.19,18.62
2011-09-27,14.97,20.43,9.95,0.01,17.12
2011-09-28,14.62,21.84,7.12,0.0,19.42
2011-09-29,14.42,20.7,8.01,0.52,16.72
2011-09-30,10.95,16.05,7.03,0.8,14.7
2011-10-01,8.93,14.93,4.13,0.18,16.09
2011-10-02,8.61,17.25,1.12,0.0,20.92
2011-10-03,9.24,16.51,2.61,0.01,14.54
2011-10-04,8.31,18.54,-1.4,0.0,20.35
2011-10-05,10.43,19.45,2.42,0.0,19.97
2011-10-06,12.15,21.07,3.3,0.0,19.36
2011-10-07,13.52,20.97,7.16,0.0,18.79
2011-10-08,14.06,20.25,9.9,0.0,15.44
2011-10-09,13.81,20.56,7.93,0.0,15.57
2011-10-10,15.6,22.14,10.4,0.0,13.65
2011-10-11,17.16,24.81,10.47,0.0,16.56
2011-10-12,17.07,23.56,11.33,1.11,13.03
2011-10-13,11.1,16.26,5.99,2.59,9.41
2011-10-14,10.73,16.67,5.82,0.06,9.98
2011-10-15,11.08,16.79,6.55,0.01,11.2
2011-10-16,12.73,18.64,7.4,0.01,11.14
2011-10-17,11.63,18.44,5.52,0.01,12.09
2011-10-18,10.51,15.6,5.84,1.63,10.11
2011-10-19,6.43,10.88,-0.94,12.71,9.54
2011-10-20,1.69,8.27,-4.03,0.42,12.53
2011-10-21,5.59,15.94,-3.92,0.0,16.44
2011-10-22,8.42,16.06,0.78,0.0,15.46
2011-10-23,10.12,16.99,5.52,0.0,15.15
2011-10-24,8.76,14.61,4.51,0.0,13.06
2011-10-25,7.76,13.43,3.47,0.41,8.99
2011-10-26,6.26,12.98,0.2,0.45,11.4
2011-10-27,4.35,10.13,-0.78,0.89,7.32
2011-10-28,3.89,11.85,-1.68,0.0,13.16
2011-10-29,3.41,11.1,-1.09,0.01,12.41
2011-10-30,3.1,9.11,-1.56,0.01,8.23
2011-10-31,3.1,8.61,-1.31,0.02,9.62
2011-11-01,3.45,10.63,-3.41,0.0,14.48
2011-11-02,4.15,9.83,0.62,0.0,13.66
2011-11-03,1.86,5.53,-0.59,9.08,4.63
2011-11-04,0.44,4.51,-2.72,10.86,3.77
2011-11-05,1.1,4.95,-1.98,13.32,2.96
2011-11-06,0.08,6.53,-4.36,0.42,8.96
2011-11-07,-2.62,4.77,-7.3,0.0,12.65
2011-11-08,-2.71,3.87,-7.79,0.0,13.91
2011-11-09,-0.78,6.84,-4.87,0.0,12.41
2011-11-10,-0.98,3.33,-4.23,0.69,5.82
2011-11-11,-2.3,-0.06,-3.72,3.38,4.11
2011-11-12,-3.92,-0.51,-9.61,1.77,8.91
2011-11-13,-5.79,1.75,-10.77,0.0,12.7
2011-11-14,-3.58,2.86,-9.45,0.49,12.2
2011-11-15,-0.45,4.96,-3.81,3.09,6.26
2011-11-16,0.4,4.52,-1.77,2.39,4.31
2011-11-17,0.5,3.35,-1.25,9.04,3.38
2011-11-18,0.09,3.81,-2.96,10.52,2.76
2011-11-19,-0.25,3.98,-4.46,6.43,6.3
2011-11-20,-0.15,6.15,-4.82,1.17,9.07
2011-11-21,-0.77,6.13,-6.29,0.0,10.42
2011-11-22,-0.61,5.16,-3.66,0.0,10.02
2011-11-23,-2.07,4.46,-6.05,0.0,10.76
2011-11-24,-4.47,0.58,-9.37,0.0,9.83
2011-11-25,-6.13,0.8,-10.36,0.0,11.92
2011-11-26,-5.01,2.67,-11.18,0.0,10.55
2011-11-27,-3.24,2.93,-7.6,0.0,10.19
2011-11-28,-2.97,2.44,-7.65,0.0,11.36
2011-11-29,-3.25,3.22,-8.02,0.0,9.57
2011-11-30,-5.42,1.91,-10.78,0.0,10.33
2011-12-01,-5.63,0.82,-10.91,0.0,10.89
2011-12-02,-5.0,-0.89,-8.04,0.02,7.85
2011-12-03,-4.55,2.46,-9.77,0.0,10.97
2011-12-04,-1.29,6.45,-7.24,0.0,10.92
2011-12-05,0.21,7.07,-4.4,0.0,10.62
2011-12-06,-0.14,6.45,-4.75,0.0,10.53
2011-12-07,-0.6,5.52,-4.9,0.0,10.31
2011-12-08,-2.36,2.82,-6.45,0.12,5.81
2011-12-09,-3.23,-0.15,-5.21,5.08,5.67
2011-12-10,-3.64,0.87,-9.92,10.16,7.1
2011-12-11,-5.94,1.18,-11.32,0.0,10.5
2011-12-12,-3.65,3.25,-7.62,0.0,10.08
2011-12-13,-2.94,4.17,-8.1,0.0,10.41
2011-12-14,-1.92,2.26,-5.28,0.01,8.37
2011-12-15,-0.39,4.75,-3.37,0.2,8.09
2011-12-16,-1.64,4.67,-5.55,0.0,8.81
2011-12-17,-2.51,0.88,-4.77,0.87,8.39
2011-12-18,-2.55,1.56,-5.21,0.0,8.16
2011-12-19,-0.98,6.36,-5.72,0.0,9.06
2011-12-20,-0.34,6.65,-4.7,0.0,9.21
2011-12-21,-0.07,4.52,-2.78,0.11,8.02
2011-12-22,-0.92,1.95,-2.74,0.31,7.0
2011-12-23,-1.28,1.69,-3.12,0.47,7.25
2011-12-24,-1.3,0.3,-2.29,5.28,4.9
2011-12-25,-1.68,1.15,-3.65,11.11,3.98
2011-12-26,-3.49,1.58,-9.46,1.9,6.45
2011-12-27,-6.41,1.28,-11.05,0.0,10.39
2011-12-28,-4.09,4.02,-9.87,0.0,10.62
2011-12-29,-2.92,4.09,-6.78,0.0,10.62
2011-12-30,-4.79,1.27,-8.55,0.0,10.44
2011-12-31,-5.23,-1.02,-8.17,1.77,5.67
2012-01-01,-3.92,-0.52,-6.43,1.52,6.43
2012-01-02,-2.87,1.95,-9.14,0.38,6.77
2012-01-03,-6.63,0.31,-11.73,0.0,9.9
2012-01-04,-3.47,5.07,-10.73,0.0,10.51
2012-01-05,-2.54,3.93,-6.4,0.0,10.8
2012-01-06,-5.33,-1.85,-8.75,2.75,8.76
2012-01-07,-3.49,0.97,-6.16,0.95,7.8
2012-01-08,-3.1,0.54,-6.04,3.12,7.99
2012-01-09,-2.28,-0.49,-4.24,11.26,6.51
2012-01-10,-3.16,-0.23,-5.44,0.82,8.31
2012-01-11,-3.51,0.42,-6.65,1.5,6.38
2012-01-12,-4.3,-0.56,-7.63,1.15,9.16
2012-01-13,-4.24,-1.14,-6.16,1.41,9.03
2012-01-14,-4.98,-1.62,-7.55,1.63,8.51
2012-01-15,-3.19,-1.05,-5.54,14.97,11.51
2012-01-16,-2.84,-1.33,-3.86,22.86,7.14
2012-01-17,-3.71,-2.39,-5.02,15.34,2.19
2012-01-18,-9.2,-5.32,-15.98,2.39,8.54
2012-01-19,-13.34,-7.23,-20.44,0.94,9.73
2012-01-20,-16.15,-8.22,-22.77,0.16,12.58
2012-01-21,-15.77,-7.72,-24.76,0.21,10.05
2012-01-22,-10.08,-5.78,-14.15,3.21,6.56
2012-01-23,-8.55,-4.26,-11.99,1.65,10.16
2012-01-24,-11.25,-4.29,-16.46,0.02,11.49
2012-01-25,-10.22,-5.46,-14.65,3.02,10.8
2012-01-26,-6.96,-2.86,-9.77,5.21,12.36
2012-01-27,-3.35,-1.13,-7.03,9.88,7.65
2012-01-28,-9.26,-2.31,-20.16,0.27,7.62
2012-01-29,-14.69,-5.46,-22.18,0.31,13.8
2012-01-30,-7.58,-3.34,-12.56,10.48,9.83
2012-01-31,-5.6,-1.98,-7.69,19.21,10.52
2012-02-01,-6.42,-1.79,-13.14,13.02,8.84
2012-02-02,-14.15,-7.35,-21.86,0.04,14.33
2012-02-03,-9.4,-1.03,-15.8,0.0,14.52
2012-02-04,-10.44,-0.75,-16.35,0.0,15.52
2012-02-05,-9.07,-0.23,-16.28,0.0,15.36
2012-02-06,-8.7,-1.73,-13.73,0.0,14.89
2012-02-07,-7.76,-4.06,-11.46,8.42,8.69
2012-02-08,-5.91,-1.9,-8.11,4.88,11.08
2012-02-09,-4.7,-1.4,-7.14,13.92,11.81
2012-02-10,-7.77,-1.84,-18.93,3.82,11.15
2012-02-11,-14.14,-4.08,-20.46,0.14,15.59
2012-02-12,-10.04,-1.17,-18.85,0.0,16.22
2012-02-13,-7.42,-1.0,-14.74,0.0,13.68
2012-02-14,-5.51,-0.68,-8.98,0.0,14.09
2012-02-15,-5.23,-1.0,-10.04,2.77,13.94
2012-02-16,-4.88,-1.99,-10.43,12.31,13.21
2012-02-17,-6.43,-2.55,-12.37,25.8,7.39
2012-02-18,-6.65,-3.64,-11.31,7.54,13.45
2012-02-19,-13.08,-5.33,-19.55,0.17,18.26
2012-02-20,-14.25,-4.4,-21.65,0.0,18.69
2012-02-21,-12.67,-2.96,-20.55,0.0,18.78
2012-02-22,-12.3,-1.54,-19.92,0.0,18.54
2012-02-23,-10.39,-1.15,-19.64,0.0,18.75
2012-02-24,-9.84,-2.93,-14.9,0.0,19.02
2012-02-25,-8.45,-2.48,-14.14,0.01,18.36
2012-02-26,-7.65,-1.42,-15.78,0.03,18.72
2012-02-27,-3.93,-1.31,-8.14,11.15,15.99
2012-02-28,-0.75,0.61,-1.8,8.9,14.31
2012-02-29,-2.07,-0.85,-3.84,14.36,5.57
2012-03-01,-7.27,-2.26,-11.35,7.16,14.33
2012-03-02,-9.56,-4.44,-16.95,4.66,16.03
2012-03-03,-10.73,-4.91,-18.43,1.26,16.75
2012-03-04,-9.98,-6.53,-17.42,5.58,16.43
2012-03-05,-12.02,-6.03,-17.14,0.01,20.16
2012-03-06,-9.96,-6.11,-13.92,2.83,18.49
2012-03-07,-7.06,-2.29,-10.77,1.07,17.93
2012-03-08,-6.48,-1.15,-11.77,0.0,21.83
2012-03-09,-6.51,-0.36,-14.67,0.01,16.79
2012-03-10,-12.95,-4.41,-21.67,0.0,21.14
2012-03-11,-11.05,-1.75,-21.87,0.1,23.04
2012-03-12,-6.55,-3.26,-9.31,8.85,15.38
2012-03-13,-3.96,-0.3,-7.95,0.04,17.68
2012-03-14,-2.13,-0.02,-5.93,11.28,16.28
2012-03-15,-3.26,-0.69,-6.65,1.4,18.13
2012-03-16,-8.01,-5.16,-12.46,0.36,11.84
2012-03-17,-12.42,-6.48,-20.17,0.01,22.69
2012-03-18,-9.68,-0.48,-20.97,0.0,23.14
2012-03-19,-5.22,0.35,-11.12,0.0,22.89
2012-03-20,-4.68,0.77,-10.24,0.0,23.67
2012-03-21,-4.33,0.78,-9.74,0.0,23.69
2012-03-22,-4.61,0.48,-10.05,0.0,23.63
2012-03-23,-5.21,0.22,-11.31,0.0,23.26
2012-03-24,-4.04,0.5,-10.11,0.0,24.72
2012-03-25,-3.11,0.23,-7.29,0.0,24.68
2012-03-26,-0.95,0.91,-4.53,0.33,16.47
2012-03-27,-2.22,0.26,-11.26,1.45,18.8
2012-03-28,-6.78,-0.43,-16.74,0.68,24.81
2012-03-29,-1.84,0.02,-4.11,7.52,18.07
2012-03-30,-1.94,0.1,-5.44,3.32,20.74
2012-03-31,-1.93,0.13,-5.28,6.34,10.76
2012-04-01,0.32,2.18,-1.44,2.51,12.91
2012-04-02,0.92,3.6,-2.09,6.27,12.86
2012-04-03,1.57,6.73,-2.96,0.07,23.38
2012-04-04,1.56,8.13,-3.82,0.0,24.34
2012-04-05,3.41,10.19,-3.12,0.0,23.85
2012-04-06,6.41,13.28,-0.06,0.0,22.25
2012-04-07,7.87,13.86,3.29,0.13,16.49
2012-04-08,7.16,12.07,2.99,2.9,18.93
2012-04-09,7.63,12.33,2.85,1.78,17.24
2012-04-10,7.76,13.35,3.2,2.2,17.13
2012-04-11,7.69,12.45,2.01,14.29,6.79
2012-04-12,6.62,11.15,1.73,5.02,14.66
2012-04-13,6.89,13.46,-0.72,0.0,20.59
2012-04-14,9.1,16.31,0.08,0.0,24.75
2012-04-15,9.17,13.93,4.55,0.01,20.11
2012-04-16,6.03,10.17,0.91,9.45,17.67
2012-04-17,5.81,11.31,0.42,1.6,14.66
2012-04-18,7.52,16.58,-2.49,0.0,23.26
2012-04-19,6.15,10.99,2.17,4.14,18.41
2012-04-20,6.59,12.12,0.25,0.17,19.06
2012-04-21,8.11,13.6,2.58,0.05,20.26
2012-04-22,8.41,13.59,2.14,0.16,21.96
2012-04-23,8.85,15.93,0.42,0.0,25.26
2012-04-24,9.88,17.11,0.92,0.02,25.84
2012-04-25,11.69,17.81,3.94,0.38,25.4
2012-04-26,11.36,16.17,4.83,0.02,23.27
2012-04-27,9.12,14.29,5.13,0.05,15.82
2012-04-28,9.6,15.94,2.78,0.0,21.34
2012-04-29,11.12,17.65,2.93,0.72,23.14
2012-04-30,11.91,18.6,4.02,0.0,26.7
2012-05-01,12.59,19.81,3.82,0.0,28.77
2012-05-02,13.26,20.56,5.79,0.03,25.51
2012-05-03,12.56,18.31,7.93,7.45,13.38
2012-05-04,10.22,13.33,7.66,10.05,13.54
2012-05-05,9.78,13.5,7.16,6.11,11.25
2012-05-06,9.97,14.53,5.0,2.61,12.62
2012-05-07,10.18,14.2,5.52,1.02,18.49
2012-05-08,10.38,15.17,3.44,0.61,22.3
2012-05-09,12.18,17.99,4.85,0.43,24.09
2012-05-10,14.05,20.49,6.74,0.11,24.41
2012-05-11,15.03,20.38,10.22,1.4,22.85
2012-05-12,13.44,19.6,7.65,1.92,19.83
2012-05-13,12.68,18.86,7.12,0.58,20.44
2012-05-14,11.51,15.72,6.36,0.06,21.1
2012-05-15,11.37,14.94,7.92,7.54,17.73
2012-05-16,12.29,16.91,6.27,1.3,22.68
2012-05-17,12.76,16.77,7.99,4.63,16.01
2012-05-18,13.09,18.53,6.52,0.0,27.99
2012-05-19,13.32,19.72,7.67,0.45,16.46
2012-05-20,14.33,19.82,8.01,1.08,19.05
2012-05-21,13.38,18.02,7.94,0.04,27.1
2012-05-22,11.29,17.26,5.61,0.26,21.13
2012-05-23,11.41,17.82,4.21,4.67,24.67
2012-05-24,11.74,17.76,3.74,0.31,24.51
2012-05-25,10.6,14.71,6.39,8.07,14.22
2012-05-26,9.67,12.49,6.57,1.18,17.75
2012-05-27,11.55,17.03,4.31,0.1,22.44
2012-05-28,12.97,17.99,7.6,0.15,20.57
2012-05-29,12.89,18.47,7.43,1.8,21.99
2012-05-30,14.78,20.68,8.52,0.81,21.17
2012-05-31,15.61,20.56,10.01,0.16,29.08
2012-06-01,13.42,19.31,7.5,0.14,29.37
2012-06-02,13.37,19.84,5.24,0.0,30.36
2012-06-03,15.24,22.71,5.95,0.0,32.18
2012-06-04,17.38,24.32,8.92,0.0,30.69
2012-06-05,17.94,22.97,12.92,0.0,30.66
2012-06-06,17.68,23.87,9.15,0.0,31.64
2012-06-07,17.09,22.7,11.47,0.01,30.05
2012-06-08,15.66,21.33,9.22,1.14,21.3
2012-06-09,15.75,23.19,7.51,0.0,29.39
2012-06-10,17.93,24.9,9.35,0.0,30.47
2012-06-11,19.08,25.47,10.01,0.0,29.24
2012-06-12,19.72,26.2,12.55,0.0,27.93
2012-06-13,18.78,25.59,11.12,0.0,27.92
2012-06-14,20.8,27.65,13.01,0.0,28.69
2012-06-15,22.48,29.08,15.33,0.03,26.8
2012-06-16,20.41,27.79,12.89,0.19,30.31
2012-06-17,17.8,26.29,9.45,0.0,32.0
2012-06-18,14.79,23.33,6.22,0.0,30.1
2012-06-19,17.11,25.83,8.27,0.0,32.57
2012-06-20,18.72,26.21,10.43,0.0,30.7
2012-06-21,19.27,26.28,11.66,0.0,22.45
2012-06-22,19.95,27.35,11.95,0.0,27.11
2012-06-23,20.12,25.52,14.01,0.69,25.37
2012-06-24,19.97,26.36,13.33,0.03,22.91
2012-06-25,18.75,23.8,13.57,6.74,22.12
2012-06-26,19.38,25.67,12.35,0.07,26.63
2012-06-27,19.5,25.86,12.47,0.07,26.95
2012-06-28,18.21,24.62,11.3,0.81,19.55
2012-06-29,16.02,24.02,8.56,0.0,28.02
2012-06-30,15.84,24.21,7.73,0.41,30.39
2012-07-01,13.88,21.51,6.91,0.05,29.2
2012-07-02,14.96,24.26,5.53,0.16,26.17
2012-07-03,16.21,23.01,8.11,0.25,23.52
2012-07-04,16.56,23.46,9.92,3.19,19.48
2012-07-05,17.05,25.34,7.98,0.0,28.12
2012-07-06,18.72,27.22,9.89,0.0,30.48
2012-07-07,20.46,28.87,11.81,0.0,29.85
2012-07-08,21.14,29.02,13.05,0.23,24.94
2012-07-09,21.39,29.05,13.68,0.61,20.44
2012-07-10,19.77,25.82,13.89,0.28,23.69
2012-07-11,20.71,28.73,12.23,0.0,29.47
2012-07-12,22.18,30.3,12.69,0.01,28.27
2012-07-13,23.78,31.75,14.79,0.0,29.41
2012-07-14,24.05,32.28,15.11,0.06,27.36
2012-07-15,22.36,30.88,14.73,0.14,29.84
2012-07-16,22.32,31.39,13.48,0.0,30.9
2012-07-17,23.75,32.69,14.86,0.0,30.88
2012-07-18,24.3,32.94,15.45,0.01,30.34
2012-07-19,23.65,32.86,14.86,0.0,30.55
2012-07-20,23.56,32.65,14.8,0.0,30.56
2012-07-21,24.75,32.75,15.97,0.0,27.73
2012-07-22,25.59,33.82,16.29,0.04,25.21
2012-07-23,27.2,35.66,17.33,0.0,27.84
2012-07-24,27.06,35.82,17.71,0.0,26.77
2012-07-25,27.0,35.48,18.16,0.0,25.08
2012-07-26,26.54,34.77,17.83,0.0,27.17
2012-07-27,27.08,35.15,17.15,0.0,26.8
2012-07-28,28.24,35.12,21.33,0.02,23.8
2012-07-29,24.45,32.42,18.46,0.3,18.86
2012-07-30,23.27,30.89,16.83,0.26,21.33
2012-07-31,24.39,31.57,16.39,0.15,19.02
2012-08-01,24.22,31.06,17.78,3.98,21.74
2012-08-02,24.64,31.24,19.43,0.27,26.29
2012-08-03,24.43,31.7,17.39,0.0,29.67
2012-08-04,23.8,33.44,12.48,0.0,29.13
2012-08-05,24.21,34.1,14.13,0.0,26.35
2012-08-06,23.98,33.09,15.17,0.04,24.86
2012-08-07,24.3,32.72,15.23,0.14,22.81
2012-08-08,24.81,31.91,17.6,0.23,22.75
2012-08-09,24.95,31.7,19.51,0.39,22.1
2012-08-10,23.93,31.62,15.85,0.01,23.85
2012-08-11,24.5,32.44,15.7,0.0,24.52
2012-08-12,25.53,33.15,16.84,0.0,25.96
2012-08-13,25.63,32.28,19.39,0.0,24.04
2012-08-14,24.66,33.16,16.11,0.0,24.7
2012-08-15,24.59,33.73,15.73,0.0,26.01
2012-08-16,24.53,32.24,17.85,0.0,25.94
2012-08-17,23.11,31.98,14.06,0.0,23.79
2012-08-18,22.71,31.31,13.47,0.0,24.8
2012-08-19,23.23,30.61,16.57,0.0,25.19
2012-08-20,20.59,30.23,12.2,0.39,23.01
2012-08-21,20.28,29.21,12.14,0.0,25.68
2012-08-22,20.9,30.49,12.39,0.0,26.57
2012-08-23,20.79,30.74,11.94,0.0,27.25
2012-08-24,23.08,32.37,13.71,0.0,26.47
2012-08-25,24.52,33.3,14.68,0.0,26.41
2012-08-26,25.23,34.31,15.61,0.0,25.35
2012-08-27,25.66,33.1,19.81,0.0,22.5
2012-08-28,24.78,31.54,19.37,0.0,24.15
2012-08-29,23.42,31.27,15.62,0.05,21.27
2012-08-30,21.5,30.64,12.49,0.15,19.96
2012-08-31,21.76,28.57,15.36,0.58,16.54
2012-09-01,19.01,25.81,13.09,1.1,14.56
2012-09-02,18.27,24.0,12.83,0.82,15.51
2012-09-03,18.85,27.06,11.75,0.05,18.15
2012-09-04,19.94,29.13,11.27,0.0,24.38
2012-09-05,20.87,30.71,11.61,0.0,25.18
2012-09-06,21.32,30.66,11.67,0.0,25.09
2012-09-07,22.63,30.4,14.37,0.0,24.69
2012-09-08,19.74,29.12,11.81,0.0,22.05
2012-09-09,19.49,27.94,11.59,0.1,20.42
2012-09-10,18.26,27.17,10.29,0.42,20.18
2012-09-11,18.33,26.42,10.35,0.01,21.48
2012-09-12,18.17,24.21,11.25,0.0,16.99
2012-09-13,18.86,26.62,11.55,0.0,18.74
2012-09-14,19.56,26.9,13.25,0.0,22.31
2012-09-15,18.43,27.98,10.01,0.0,23.38
2012-09-16,19.92,28.92,10.47,0.0,22.79
2012-09-17,20.96,29.09,13.71,0.0,22.47
2012-09-18,20.87,29.23,14.12,0.0,22.21
2012-09-19,20.41,27.75,15.72,0.0,22.15
2012-09-20,18.32,25.55,12.87,0.0,21.53
2012-09-21,17.85,25.32,12.53,0.0,20.32
2012-09-22,17.27,24.42,11.6,0.18,19.07
2012-09-23,16.55,24.02,8.87,0.0,20.82
2012-09-24,15.77,25.86,6.08,0.0,21.49
2012-09-25,17.79,26.73,10.12,0.0,21.29
2012-09-26,18.41,26.9,10.49,0.0,21.03
2012-09-27,17.58,27.07,9.09,0.01,20.45
2012-09-28,18.28,27.01,9.04,0.0,20.74
2012-09-29,19.17,26.93,12.39,0.0,19.59
2012-09-30,19.48,27.53,13.54,0.0,19.01
2012-10-01,19.16,27.77,11.11,0.0,19.2
2012-10-02,20.44,27.06,13.88,0.01,17.22
2012-10-03,18.76,23.0,13.22,0.34,14.73
2012-10-04,16.46,22.67,11.4,3.14,13.04
2012-10-05,14.92,21.29,8.8,0.04,15.45
2012-10-06,15.48,21.56,8.83,0.0,14.81
2012-10-07,14.48,19.46,9.8,1.77,10.31
2012-10-08,14.08,19.42,10.49,3.15,10.99
2012-10-09,12.81,18.43,8.94,0.76,13.85
2012-10-10,11.29,15.37,8.11,8.07,10.25
2012-10-11,11.98,16.87,7.23,1.29,9.69
2012-10-12,10.14,16.26,4.85,0.31,10.69
2012-10-13,10.42,18.23,2.1,0.0,14.69
2012-10-14,12.57,19.02,7.63,0.0,16.99
2012-10-15,12.89,21.05,6.31,0.0,17.71
2012-10-16,13.47,22.22,5.33,0.0,17.47
2012-10-17,13.21,22.07,5.68,0.0,17.06
2012-10-18,11.95,20.86,5.23,0.0,15.89
2012-10-19,12.15,19.51,4.62,0.01,15.99
2012-10-20,10.22,16.45,5.81,0.55,11.09
2012-10-21,9.46,13.72,5.45,0.6,10.97
2012-10-22,10.77,17.32,4.9,0.46,11.17
2012-10-23,9.26,12.26,6.32,7.97,3.97
2012-10-24,9.24,13.28,6.91,2.93,9.37
2012-10-25,7.21,9.14,6.25,13.77,4.77
2012-10-26,7.18,9.86,4.92,10.26,4.28
2012-10-27,7.41,13.1,3.3,0.62,11.38
2012-10-28,8.2,15.17,3.43,0.0,14.63
2012-10-29,9.94,18.02,3.99,0.0,14.52
2012-10-30,9.85,16.46,5.86,0.0,12.26
2012-10-31,10.2,17.45,3.53,0.0,12.52
2012-11-01,9.27,12.15,6.29,0.03,6.96
2012-11-02,9.0,15.16,3.58,0.01,9.98
2012-11-03,9.69,14.9,6.41,0.39,10.37
2012-11-04,9.45,15.74,4.99,0.03,12.16
2012-11-05,9.21,15.27,5.39,0.0,11.72
2012-11-06,8.94,15.04,5.25,0.0,13.28
2012-11-07,9.33,15.62,6.02,0.0,12.21
2012-11-08,8.26,12.77,5.4,0.02,8.28
2012-11-09,8.6,13.04,6.22,4.17,3.29
2012-11-10,7.81,10.52,6.25,18.21,4.84
2012-11-11,7.84,11.0,5.96,33.21,2.95
2012-11-12,6.45,11.82,2.44,7.82,4.36
2012-11-13,5.18,11.39,1.14,0.14,5.91
2012-11-14,4.39,11.75,-0.87,0.01,8.9
2012-11-15,4.87,12.46,-1.73,0.0,11.71
2012-11-16,5.67,12.44,0.47,0.0,12.34
2012-11-17,5.28,11.39,1.04,0.0,11.64
2012-11-18,4.42,10.73,-0.65,0.0,11.12
2012-11-19,5.03,11.18,0.7,0.0,8.67
2012-11-20,4.16,11.29,-0.64,0.0,9.65
2012-11-21,3.93,9.85,-0.71,0.06,8.67
2012-11-22,2.85,6.37,0.22,0.94,5.33
2012-11-23,3.43,7.9,-0.46,1.97,6.49
2012-11-24,3.77,8.62,-0.6,0.97,6.4
2012-11-25,2.48,6.38,0.14,3.99,5.33
2012-11-26,2.54,7.61,-1.91,0.23,7.51
2012-11-27,1.45,8.54,-3.5,0.0,10.55
2012-11-28,2.13,8.16,-1.49,0.0,11.12
2012-11-29,2.5,8.27,-0.85,0.0,8.98
2012-11-30,2.46,7.06,-0.6,0.0,9.81
2012-12-01,4.3,11.31,-0.8,0.0,10.43
2012-12-02,6.82,13.51,3.21,0.0,9.48
2012-12-03,3.84,10.47,0.34,0.2,8.09
2012-12-04,0.22,2.17,-1.52,18.29,2.07
2012-12-05,-2.93,0.07,-5.66,10.54,3.17
2012-12-06,-4.33,-0.42,-7.75,5.48,3.33
2012-12-07,-2.47,-0.01,-4.86,17.39,0.65
2012-12-08,-2.04,0.35,-8.28,7.99,2.79
2012-12-09,-6.25,-0.82,-10.44,0.07,5.57
2012-12-10,-4.78,-0.42,-11.1,1.52,5.06
2012-12-11,-2.1,-0.48,-4.99,6.55,4.9
2012-12-12,-4.52,-0.48,-7.69,0.02,5.89
2012-12-13,-4.11,-0.34,-7.39,0.0,6.03
2012-12-14,-7.04,-0.39,-12.74,0.06,7.26
2012-12-15,-11.16,-2.83,-17.13,0.02,9.64
2012-12-16,-10.39,-3.39,-17.63,0.01,9.03
2012-12-17,-9.15,-4.62,-14.2,5.04,4.91
2012-12-18,-6.11,-3.91,-8.89,23.32,2.79
2012-12-19,-2.24,-0.71,-3.87,14.5,4.51
2012-12-20,-1.17,0.12,-2.33,19.92,1.79
2012-12-21,-1.27,-0.41,-3.33,11.1,2.12
2012-12-22,-2.88,-0.92,-5.54,5.56,2.93
2012-12-23,-1.31,-0.51,-2.29,9.15,2.65
2012-12-24,-1.57,-0.69,-5.32,10.22,1.36
2012-12-25,-6.92,-0.11,-11.21,0.0,7.86
2012-12-26,-9.22,-0.52,-13.52,0.0,9.68
2012-12-27,-7.17,1.01,-12.41,0.0,10.7
2012-12-28,-4.64,0.27,-9.46,0.0,7.8
2012-12-29,-5.53,-1.0,-9.59,0.0,8.69
2012-12-30,-6.81,-0.87,-16.18,0.0,8.15
2012-12-31,-11.48,-2.05,-18.72,0.0,10.96
2013-01-01,-9.36,-2.78,-13.36,0.0,10.6
2013-01-02,-8.73,-0.7,-13.65,0.0,10.39
2013-01-03,-9.33,-0.35,-14.49,0.0,10.71
2013-01-04,-8.55,-2.07,-12.88,0.0,9.85
2013-01-05,-8.0,-3.93,-11.86,9.72,8.55
2013-01-06,-5.05,-2.55,-7.0,15.77,8.45
2013-01-07,-3.06,-1.36,-5.62,35.7,2.72
2013-01-08,-6.96,-4.02,-10.04,7.62,4.98
2013-01-09,-10.15,-6.15,-12.57,9.97,8.3
2013-01-10,-12.24,-6.27,-20.58,0.79,11.23
2013-01-11,-14.79,-7.96,-21.31,0.1,11.11
2013-01-12,-11.65,-7.26,-14.59,0.66,10.9
2013-01-13,-9.99,-5.4,-13.91,0.02,8.55
2013-01-14,-10.82,-1.86,-18.68,0.01,9.98
2013-01-15,-13.06,-2.65,-19.63,0.0,12.55
2013-01-16,-9.27,-1.87,-14.62,0.0,11.51
2013-01-17,-9.43,-4.03,-12.95,0.0,10.23
2013-01-18,-8.17,-2.66,-12.21,0.0,9.79
2013-01-19,-8.54,-2.26,-13.68,0.0,9.06
2013-01-20,-6.38,-1.72,-9.28,0.61,10.25
2013-01-21,-6.41,-0.9,-11.59,0.0,8.82
2013-01-22,-3.34,-0.51,-6.5,2.37,10.02
2013-01-23,-1.93,-0.29,-3.8,2.98,7.93
2013-01-24,-1.61,-0.14,-3.7,0.48,6.13
2013-01-25,-1.18,-0.04,-3.52,6.22,4.17
2013-01-26,-0.59,0.57,-2.31,2.02,6.16
2013-01-27,0.35,0.98,-0.21,21.13,3.73
2013-01-28,-1.25,-0.01,-5.23,0.03,3.27
2013-01-29,-3.99,0.56,-8.47,0.13,12.4
2013-01-30,-5.33,-0.48,-12.01,0.81,8.35
2013-01-31,-3.6,-0.46,-7.43,9.62,11.1
2013-02-01,-3.23,-1.18,-5.06,5.16,8.13
2013-02-02,-7.3,-2.84,-15.24,0.76,11.93
2013-02-03,-6.71,-1.39,-15.37,0.0,11.71
2013-02-04,-3.91,-0.17,-6.84,0.0,13.56
2013-02-05,-4.17,-0.62,-7.59,0.0,11.91
2013-02-06,-2.83,0.01,-7.07,4.48,12.78
2013-02-07,-2.32,-0.36,-6.12,7.09,10.93
2013-02-08,-3.91,-0.35,-7.37,0.0,12.18
2013-02-09,-2.17,0.21,-6.28,0.0,10.69
2013-02-10,-3.1,0.37,-6.98,0.08,12.3
2013-02-11,-1.41,0.13,-3.81,6.33,11.98
2013-02-12,-2.24,0.55,-9.21,0.51,12.04
2013-02-13,-6.11,0.13,-12.56,0.0,16.26
2013-02-14,-4.44,0.23,-10.0,0.0,16.0
2013-02-15,-2.06,0.38,-6.44,6.42,12.37
2013-02-16,-1.41,-0.4,-2.86,3.83,13.17
2013-02-17,-3.32,-1.49,-5.67,1.82,11.08
2013-02-18,-5.62,-1.62,-11.59,8.48,6.24
2013-02-19,-6.09,-1.84,-11.71,0.11,14.99
2013-02-20,-6.31,-1.75,-13.32,8.13,13.46
2013-02-21,-4.2,-0.42,-9.24,6.03,15.96
2013-02-22,-4.7,-0.7,-9.28,0.59,11.05
2013-02-23,-0.92,0.05,-2.69,6.77,12.73
2013-02-24,-1.44,1.6,-6.16,0.02,14.86
2013-02-25,-3.77,0.8,-9.6,0.0,17.0
2013-02-26,-2.54,0.16,-5.14,0.0,17.5
2013-02-27,-0.83,1.52,-3.81,1.03,14.85
2013-02-28,0.65,1.38,-0.26,10.85,13.64
2013-03-01,-1.45,-0.06,-4.2,7.61,5.59
2013-03-02,-3.42,-0.51,-6.21,0.19,15.37
2013-03-03,-2.12,-0.07,-5.46,0.26,9.29
2013-03-04,0.2,1.49,-1.48,1.33,11.39
2013-03-05,-4.52,-0.95,-11.37,1.23,7.45
2013-03-06,-9.86,-3.51,-14.67,0.0,18.74
2013-03-07,-8.15,-0.18,-15.99,0.0,20.85
2013-03-08,-4.92,0.81,-11.34,0.0,19.4
2013-03-09,-1.23,1.92,-4.42,0.0,17.86
2013-03-10,0.24,3.7,-2.75,0.0,20.42
2013-03-11,1.19,4.42,-1.51,0.06,18.09
2013-03-12,3.43,5.99,1.08,4.53,14.22
2013-03-13,4.32,6.65,2.67,5.59,6.88
2013-03-14,5.43,9.28,2.61,0.4,19.54
2013-03-15,6.01,10.34,2.31,0.03,18.28
2013-03-16,5.88,7.22,4.1,4.91,13.04
2013-03-17,2.63,4.81,-0.93,9.26,13.49
2013-03-18,-3.61,0.81,-8.66,2.19,9.3
2013-03-19,-2.07,4.1,-9.06,0.0,22.26
2013-03-20,2.4,7.52,-2.14,0.0,22.06
2013-03-21,4.62,10.05,0.23,0.0,22.85
2013-03-22,4.6,9.55,1.27,0.07,19.91
2013-03-23,0.61,3.24,-4.29,15.21,16.68
2013-03-24,-1.78,3.11,-5.66,0.02,17.53
2013-03-25,1.18,8.08,-4.82,0.0,23.71
2013-03-26,3.09,7.79,-0.27,0.0,15.93
2013-03-27,3.57,7.76,-0.21,0.02,20.09
2013-03-28,4.26,8.55,1.11,0.18,19.29
2013-03-29,4.96,9.9,2.03,0.58,21.24
2013-03-30,5.52,11.08,0.59,0.21,21.7
2013-03-31,7.68,14.6,0.44,0.0,24.43
2013-04-01,9.27,14.48,4.7,0.0,21.27
2013-04-02,9.82,14.0,5.84,0.55,17.68
2013-04-03,9.88,15.18,5.38,0.16,19.72
2013-04-04,9.04,15.32,1.74,1.84,19.29
2013-04-05,8.68,14.2,4.03,0.91,17.59
2013-04-06,10.81,19.32,1.86,0.0,23.23
2013-04-07,12.89,19.64,6.35,0.0,19.88
2013-04-08,12.03,18.02,6.85,0.0,21.17
2013-04-09,8.0,12.81,4.33,0.03,18.56
2013-04-10,5.58,8.31,2.99,5.44,13.04
2013-04-11,5.97,9.92,2.97,1.76,13.59
2013-04-12,5.63,9.59,2.73,4.41,7.93
2013-04-13,6.99,13.51,1.08,0.0,23.56
2013-04-14,8.8,15.33,2.0,0.0,24.41
2013-04-15,8.12,12.39,2.82,1.33,19.88
2013-04-16,5.95,8.89,2.57,7.36,6.2
2013-04-17,4.58,8.28,2.03,2.08,10.41
2013-04-18,5.23,9.25,1.05,3.01,11.71
2013-04-19,5.13,9.68,1.36,2.24,16.44
2013-04-20,3.78,6.01,1.82,11.67,12.19
2013-04-21,4.77,8.67,0.85,2.18,17.25
2013-04-22,4.58,9.0,0.34,2.76,17.57
2013-04-23,3.33,10.52,-3.23,1.14,21.81
2013-04-24,2.35,10.37,-3.84,0.0,29.12
2013-04-25,4.88,14.27,-4.9,0.0,23.02
2013-04-26,7.67,16.31,-1.57,0.0,24.44
2013-04-27,10.34,17.2,1.47,0.0,27.5
2013-04-28,13.1,19.49,4.95,0.0,28.59
2013-04-29,14.25,21.8,5.94,0.0,28.44
2013-04-30,14.02,21.6,6.68,0.0,24.45
2013-05-01,14.07,20.35,7.51,0.0,23.81
2013-05-02,13.24,20.7,4.79,0.0,28.02
2013-05-03,13.81,20.38,5.59,0.0,27.12
2013-05-04,13.01,18.99,5.16,0.0,24.69
2013-05-05,13.59,18.94,7.04,0.03,22.51
2013-05-06,13.91,19.22,7.1,0.04,20.08
2013-05-07,12.93,17.45,7.37,1.89,18.1
2013-05-08,12.95,17.25,7.82,0.4,20.78
2013-05-09,12.04,16.64,6.19,5.69,24.21
2013-05-10,11.79,15.05,8.84,5.68,12.61
2013-05-11,9.58,13.49,6.67,7.77,11.86
2013-05-12,8.16,10.64,5.78,3.32,15.27
2013-05-13,9.37,12.9,6.05,3.44,15.93
2013-05-14,8.72,12.39,5.92,5.15,20.51
2013-05-15,8.81,12.38,4.05,6.44,18.07
2013-05-16,9.86,14.58,5.64,0.56,21.73
2013-05-17,11.86,18.31,4.08,0.03,27.43
2013-05-18,12.18,16.48,7.54,1.35,19.25
2013-05-19,11.2,16.98,5.33,0.28,21.52
2013-05-20,10.99,15.51,5.87,2.75,17.63
2013-05-21,11.24,16.07,6.98,4.13,21.32
2013-05-22,13.67,19.36,6.42,0.4,27.6
2013-05-23,16.1,21.05,11.09,0.0,30.49
2013-05-24,17.7,22.45,12.2,0.42,22.95
2013-05-25,12.92,19.84,7.6,6.16,11.54
2013-05-26,13.2,20.59,5.07,0.14,30.0
2013-05-27,13.95,20.39,6.35,0.45,30.95
2013-05-28,12.22,17.31,6.05,4.65,20.85
2013-05-29,13.29,20.12,4.31,0.04,31.24
2013-05-30,14.73,20.33,7.01,0.06,25.67
2013-05-31,16.07,20.01,10.66,0.48,24.1
2013-06-01,16.14,21.95,9.45,1.09,16.35
2013-06-02,14.51,21.24,6.32,0.0,31.37
2013-06-03,16.08,22.49,10.56,0.15,28.77
2013-06-04,14.57,21.67,5.78,0.0,32.36
2013-06-05,15.68,22.17,7.09,0.01,30.54
2013-06-06,15.05,20.57,9.1,0.61,25.47
2013-06-07,12.0,17.27,5.64,0.92,25.17
2013-06-08,13.19,19.21,4.82,0.87,28.48
2013-06-09,15.13,20.59,8.77,1.9,25.75
2013-06-10,13.51,20.12,8.09,0.25,17.26
2013-06-11,14.77,21.18,7.84,0.23,25.86
2013-06-12,17.42,23.38,9.45,0.08,29.02
2013-06-13,19.29,24.83,13.63,0.01,30.59
2013-06-14,19.57,25.59,12.5,0.0,32.1
2013-06-15,19.54,26.61,12.09,0.0,31.84
2013-06-16,19.02,25.32,12.55,0.14,31.65
2013-06-17,18.27,25.1,10.81,0.01,27.95
2013-06-18,16.48,22.85,10.77,4.36,20.16
2013-06-19,15.21,21.36,9.89,3.59,17.85
2013-06-20,15.64,23.26,8.14,0.0,28.7
2013-06-21,14.56,22.24,7.64,0.0,31.97
2013-06-22,15.44,24.54,5.2,0.0,31.22
2013-06-23,18.19,26.22,8.6,0.0,32.18
2013-06-24,19.85,27.45,10.58,0.0,30.11
2013-06-25,18.98,26.42,11.19,0.0,30.76
2013-06-26,19.52,27.5,10.87,0.0,31.16
2013-06-27,20.9,28.55,12.38,0.0,31.1
2013-06-28,21.17,28.44,13.27,0.0,31.25
2013-06-29,21.53,28.77,12.85,0.0,29.85
2013-06-30,22.52,30.25,13.13,0.0,31.03
2013-07-01,22.18,30.06,15.04,0.0,31.27
2013-07-02,19.05,26.16,12.1,0.0,29.13
2013-07-03,18.79,26.72,10.43,0.02,28.24
2013-07-04,20.66,28.18,12.36,0.02,28.99
2013-07-05,21.24,29.21,12.41,0.01,29.65
2013-07-06,22.32,30.41,12.74,0.0,30.95
2013-07-07,22.57,30.41,13.67,0.0,31.52
2013-07-08,22.1,30.66,12.17,0.0,31.35
2013-07-09,23.51,31.95,15.13,0.0,30.32
2013-07-10,23.95,32.01,16.12,0.0,29.03
2013-07-11,24.08,33.25,15.5,0.0,28.39
2013-07-12,22.96,30.89,15.34,0.01,28.15
2013-07-13,23.7,31.98,15.59,0.12,26.92
2013-07-14,23.8,32.6,15.52,0.61,26.01
2013-07-15,24.19,32.81,15.18,0.0,28.78
2013-07-16,24.69,32.93,15.85,0.0,29.93
2013-07-17,23.82,32.9,14.43,0.0,29.26
2013-07-18,23.38,32.12,14.31,0.0,29.25
2013-07-19,20.86,28.75,13.76,0.05,24.32
2013-07-20,21.65,30.66,12.61,0.0,30.72
2013-07-21,24.05,32.0,15.23,0.0,26.57
2013-07-22,23.53,32.04,15.4,0.0,23.77
2013-07-23,23.22,31.65,14.66,0.0,26.82
2013-07-24,22.57,31.62,13.47,0.01,28.13
2013-07-25,22.08,31.58,13.51,0.42,27.92
2013-07-26,20.23,29.85,11.37,0.0,30.57
2013-07-27,21.51,31.59,12.6,0.0,27.76
2013-07-28,18.53,26.84,12.23,0.0,21.43
2013-07-29,17.75,26.82,10.69,0.0,29.37
2013-07-30,16.54,26.08,7.66,0.0,30.54
2013-07-31,18.95,29.38,8.73,0.0,29.73
2013-08-01,21.38,31.51,11.81,0.0,29.75
2013-08-02,22.4,31.92,12.88,0.0,27.87
2013-08-03,22.68,32.3,14.08,0.0,28.28
2013-08-04,20.02,30.72,11.86,0.0,29.45
2013-08-05,18.22,27.47,10.57,0.0,29.81
2013-08-06,20.13,30.64,9.65,0.0,29.56
2013-08-07,21.67,31.44,12.22,0.0,28.56
2013-08-08,20.79,30.02,12.12,0.01,27.4
2013-08-09,20.31,29.83,10.95,0.0,28.29
2013-08-10,22.15,31.13,13.66,0.0,27.84
2013-08-11,23.35,31.59,13.57,0.0,27.27
2013-08-12,24.9,31.67,19.27,0.0,24.87
2013-08-13,23.71,32.16,15.02,0.01,25.05
2013-08-14,23.4,32.16,14.6,0.0,25.97
2013-08-15,24.08,32.89,15.09,0.0,26.05
2013-08-16,24.34,33.13,14.22,0.0,26.3
2013-08-17,23.74,32.51,13.59,0.0,26.27
2013-08-18,23.27,32.08,14.68,0.04,21.49
2013-08-19,21.72,29.4,14.4,0.29,20.39
2013-08-20,22.19,30.06,15.23,0.13,20.88
2013-08-21,21.09,28.17,13.54,0.04,22.71
2013-08-22,22.28,30.37,13.75,0.0,26.29
2013-08-23,23.65,31.24,16.72,0.0,25.31
2013-08-24,22.94,29.89,16.97,0.0,25.28
2013-08-25,21.35,28.8,13.23,0.03,22.44
2013-08-26,21.98,30.5,13.61,0.0,24.45
2013-08-27,22.53,31.09,13.93,0.0,24.36
2013-08-28,23.9,32.41,14.63,0.0,25.13
2013-08-29,24.43,32.9,15.47,0.0,22.27
2013-08-30,24.36,32.71,16.04,0.0,22.24
2013-08-31,22.97,30.22,17.32,0.0,23.59
2013-09-01,22.23,29.85,15.99,0.0,22.94
2013-09-02,21.59,30.28,13.12,0.0,23.91
2013-09-03,21.5,29.35,15.28,0.0,23.64
2013-09-04,19.04,27.04,11.11,0.08,23.38
2013-09-05,14.08,21.74,8.18,0.26,24.21
2013-09-06,15.3,25.53,5.55,0.0,25.84
2013-09-07,17.05,26.14,8.44,0.0,24.81
2013-09-08,17.21,26.95,8.15,0.0,24.67
2013-09-09,16.8,26.24,8.6,0.03,20.32
2013-09-10,16.32,25.46,7.99,0.0,24.46
2013-09-11,17.01,26.56,8.63,0.0,23.88
2013-09-12,18.07,28.08,8.57,0.0,22.97
2013-09-13,19.06,28.51,9.73,0.0,24.15
2013-09-14,21.01,29.49,13.53,0.0,23.23
2013-09-15,20.46,27.8,14.67,0.0,22.54
2013-09-16,18.0,25.95,10.74,0.0,21.72
2013-09-17,18.06,24.51,12.97,0.14,19.85
2013-09-18,15.18,19.35,11.89,1.58,10.99
2013-09-19,15.86,21.27,11.5,0.68,13.75
2013-09-20,17.81,23.91,12.66,0.55,18.86
2013-09-21,17.52,23.38,13.28,0.03,16.02
2013-09-22,14.6,19.09,10.23,4.39,8.67
2013-09-23,12.21,18.81,6.61,1.36,14.8
2013-09-24,10.53,18.36,3.38,0.0,20.79
2013-09-25,11.28,19.29,5.27,0.0,19.16
2013-09-26,12.4,21.36,4.0,0.0,21.56
2013-09-27,14.69,23.43,6.39,0.0,21.55
2013-09-28,15.67,22.39,9.21,0.04,17.31
2013-09-29,13.3,21.69,5.7,0.0,19.4
2013-09-30,14.18,22.43,7.24,0.0,20.0
2013-10-01,15.26,23.53,9.61,0.0,19.44
2013-10-02,13.5,19.14,8.3,0.07,8.84
2013-10-03,14.17,20.41,9.14,1.39,9.88
2013-10-04,8.52,14.81,1.09,2.72,11.77
2013-10-05,5.74,13.56,-0.57,0.06,12.56
2013-10-06,3.75,9.77,-0.96,1.03,4.8
2013-10-07,4.34,12.28,-1.82,0.0,14.33
2013-10-08,5.02,13.12,-0.73,0.0,17.79
2013-10-09,7.34,18.25,-1.8,0.0,18.94
2013-10-10,10.36,21.0,0.86,0.0,19.0
2013-10-11,12.3,22.73,2.55,0.0,18.75
2013-10-12,11.9,22.05,3.44,0.0,18.26
2013-10-13,11.1,20.04,4.89,0.0,17.3
2013-10-14,11.08,19.77,3.59,0.0,16.51
2013-10-15,11.84,20.1,4.52,0.0,16.86
2013-10-16,11.85,18.93,7.05,0.0,16.63
2013-10-17,10.71,18.43,5.62,0.0,16.19
2013-10-18,11.98,19.33,5.3,0.51,10.87
2013-10-19,7.46,11.69,4.04,3.82,6.99
2013-10-20,5.22,11.83,-0.03,0.03,13.19
2013-10-21,5.73,15.12,-2.86,0.0,16.97
2013-10-22,9.15,18.81,1.08,0.0,16.64
2013-10-23,9.14,19.0,1.88,0.03,15.88
2013-10-24,6.84,11.78,3.81,1.35,7.89
2013-10-25,7.39,15.61,1.85,0.0,14.52
2013-10-26,7.03,15.56,0.76,0.82,14.04
2013-10-27,6.4,13.12,0.82,0.05,13.43
2013-10-28,7.15,15.15,1.85,0.0,13.89
2013-10-29,7.44,15.86,-0.51,0.0,15.13
2013-10-30,9.46,17.2,3.22,0.0,14.7
2013-10-31,9.51,16.82,3.98,0.0,14.36
2013-11-01,8.88,16.55,2.07,0.0,14.18
2013-11-02,9.19,16.63,2.25,0.0,13.22
2013-11-03,8.96,15.98,3.85,0.0,14.05
2013-11-04,9.09,15.89,5.0,0.0,13.93
2013-11-05,7.8,14.06,3.07,0.0,7.26
2013-11-06,7.88,12.68,4.02,0.0,8.81
2013-11-07,8.05,12.38,5.31,0.04,5.89
2013-11-08,6.81,10.6,3.72,3.01,8.58
2013-11-09,4.21,6.35,2.72,7.56,3.5
2013-11-10,5.98,10.74,2.85,1.23,6.23
2013-11-11,6.01,10.32,3.58,2.07,6.67
2013-11-12,5.91,11.58,1.38,0.02,9.08
2013-11-13,5.94,12.85,-0.5,0.0,10.71
2013-11-14,6.68,12.95,3.1,0.0,12.32
2013-11-15,5.53,9.95,2.94,0.01,7.93
2013-11-16,4.81,11.85,-1.2,0.0,12.03
2013-11-17,4.14,9.29,1.18,0.01,9.64
2013-11-18,3.71,9.76,-0.36,0.0,11.29
2013-11-19,4.1,12.36,-1.91,0.0,11.72
2013-11-20,4.98,11.67,0.97,0.0,9.93
2013-11-21,4.76,10.4,1.12,0.0,9.06
2013-11-22,4.45,12.26,-1.27,0.0,11.52
2013-11-23,4.49,11.45,0.42,0.0,11.44
2013-11-24,4.21,7.97,1.84,0.19,9.98
2013-11-25,3.76,6.42,1.48,1.63,2.33
2013-11-26,4.73,8.03,2.86,0.89,2.16
2013-11-27,3.84,6.47,1.79,3.95,1.96
2013-11-28,3.75,6.92,0.85,3.5,5.25
2013-11-29,1.87,4.54,-0.62,6.97,1.96
2013-11-30,-1.84,3.14,-6.09,1.27,5.8
2013-12-01,0.14,6.99,-6.11,0.0,6.26
2013-12-02,1.41,5.52,-1.2,0.05,5.86
2013-12-03,-1.93,4.04,-8.09,0.27,5.56
2013-12-04,-4.22,1.88,-8.88,0.0,10.69
2013-12-05,-0.81,4.32,-3.72,0.33,5.33
2013-12-06,-1.82,4.56,-6.38,0.0,10.6
2013-12-07,-2.68,0.64,-5.53,2.82,6.76
2013-12-08,-4.22,0.16,-11.54,10.53,4.17
2013-12-09,-10.77,-6.45,-14.66,0.03,7.79
2013-12-10,-9.89,-6.19,-13.31,0.65,6.99
2013-12-11,-8.44,-5.85,-9.98,4.72,6.07
2013-12-12,-10.52,-9.54,-11.97,9.1,2.42
2013-12-13,-9.21,-5.58,-13.32,2.63,6.24
2013-12-14,-11.54,-3.58,-17.73,1.33,9.32
2013-12-15,-11.97,-3.51,-18.39,0.0,8.59
2013-12-16,-11.05,-1.62,-16.6,0.0,9.37
2013-12-17,-8.95,-1.22,-15.12,0.0,10.14
2013-12-18,-10.13,-2.85,-13.31,0.0,10.44
2013-12-19,-9.4,-1.18,-15.92,0.0,10.32
2013-12-20,-9.73,-0.89,-16.21,0.0,10.59
2013-12-21,-6.84,2.04,-12.24,0.0,10.48
2013-12-22,-6.81,1.33,-11.08,0.0,10.62
2013-12-23,-5.97,1.39,-11.12,0.0,10.46
2013-12-24,-4.84,1.8,-8.52,0.0,10.5
2013-12-25,-5.12,1.72,-8.88,0.0,10.31
2013-12-26,-4.0,1.74,-7.84,0.0,8.73
2013-12-27,-2.95,1.19,-6.14,0.0,8.27
2013-12-28,-3.4,3.48,-7.4,0.0,9.95
2013-12-29,-3.1,3.87,-6.71,0.0,9.51
2013-12-30,-2.08,0.15,-4.36,5.25,4.95
2013-12-31,-1.34,1.74,-5.75,2.72,7.63
2014-01-01,-4.21,2.3,-9.3,0.0,9.33
2014-01-02,-4.49,0.72,-8.18,0.0,7.98
2014-01-03,-5.38,0.47,-9.78,0.0,8.45
2014-01-04,-6.32,0.56,-11.19,0.0,9.79
2014-01-05,-6.71,1.91,-12.92,0.0,9.98
2014-01-06,-6.24,3.25,-12.05,0.0,10.24
2014-01-07,-3.54,5.18,-9.87,0.0,10.86
2014-01-08,-3.76,3.98,-9.02,0.0,10.83
2014-01-09,-3.31,3.27,-8.33,0.0,10.96
2014-01-10,-2.19,3.36,-5.82,0.0,11.24
2014-01-11,-1.64,5.42,-6.13,0.0,10.24
2014-01-12,-3.55,3.44,-8.84,0.0,10.91
2014-01-13,-4.2,-1.2,-6.23,0.62,6.58
2014-01-14,-2.99,2.26,-6.12,0.05,10.44
2014-01-15,-1.72,3.53,-4.93,0.0,10.18
2014-01-16,-2.53,3.06,-6.94,0.0,9.73
2014-01-17,-1.66,1.41,-4.99,0.0,7.99
2014-01-18,-0.99,6.42,-6.99,0.0,11.21
2014-01-19,1.66,6.83,-1.57,0.0,9.66
2014-01-20,0.98,6.21,-1.96,0.0,11.52
2014-01-21,0.74,5.24,-1.42,0.01,10.06
2014-01-22,-0.09,2.14,-1.41,1.56,6.69
2014-01-23,-0.71,1.93,-2.97,2.81,7.42
2014-01-24,-1.57,2.88,-4.81,0.0,10.25
2014-01-25,-1.73,1.02,-4.88,3.2,7.23
2014-01-26,-1.51,-0.16,-2.7,8.3,4.02
2014-01-27,-0.72,0.55,-2.72,12.04,4.14
2014-01-28,-0.68,0.41,-2.66,10.87,4.89
2014-01-29,-0.66,0.76,-2.99,8.39,2.74
2014-01-30,-2.04,0.11,-10.27,11.69,7.72
2014-01-31,-8.64,-0.24,-14.43,0.11,10.91
2014-02-01,-9.6,-1.58,-14.94,0.0,13.08
2014-02-02,-13.59,-5.93,-18.88,0.0,14.42
2014-02-03,-15.92,-7.62,-20.23,0.0,14.43
2014-02-04,-15.72,-6.46,-21.91,0.0,14.95
2014-02-05,-10.2,-0.33,-19.32,0.0,14.63
2014-02-06,-7.1,0.22,-12.61,0.0,14.95
2014-02-07,-6.95,0.16,-11.94,0.0,14.79
2014-02-08,-5.67,2.15,-12.07,0.0,15.3
2014-02-09,-3.11,3.43,-8.54,0.0,14.41
2014-02-10,-2.14,2.98,-6.58,0.01,13.0
2014-02-11,-1.26,4.36,-5.16,0.12,13.2
2014-02-12,-1.94,5.47,-6.68,0.0,14.6
2014-02-13,0.26,6.88,-4.69,0.0,15.58
2014-02-14,0.71,6.96,-2.64,0.0,14.82
2014-02-15,-1.49,1.31,-3.8,4.03,12.22
2014-02-16,-1.05,3.38,-4.39,3.27,13.17
2014-02-17,-0.41,6.22,-5.99,0.0,15.9
2014-02-18,2.14,8.88,-2.49,0.0,15.94
2014-02-19,3.04,8.59,-0.37,0.0,16.39
2014-02-20,4.37,10.49,0.74,0.0,16.62
2014-02-21,4.39,10.3,1.18,0.0,16.66
2014-02-22,4.18,9.05,1.53,0.0,15.6
2014-02-23,4.54,10.18,0.25,0.0,16.18
2014-02-24,4.21,10.53,-0.42,0.0,16.38
2014-02-25,2.75,9.44,-1.72,5.73,14.99
2014-02-26,1.28,4.04,-0.81,26.06,13.83
2014-02-27,0.62,3.93,-2.5,5.08,14.6
2014-02-28,0.12,5.18,-4.25,9.19,15.89
2014-03-01,0.11,5.43,-4.87,0.0,12.66
2014-03-02,0.61,6.11,-1.75,0.19,11.67
2014-03-03,3.97,9.68,-0.67,0.03,14.61
2014-03-04,1.91,3.96,0.7,13.05,6.2
2014-03-05,3.18,7.68,0.37,0.77,10.64
2014-03-06,4.11,9.49,0.77,0.01,11.43
2014-03-07,4.96,10.44,0.39,1.11,11.48
2014-03-08,6.34,12.52,1.08,0.32,11.51
2014-03-09,6.05,12.23,1.05,1.09,10.07
2014-03-10,4.36,8.57,1.52,5.4,4.77
2014-03-11,2.77,6.24,-0.13,1.95,15.8
2014-03-12,1.49,5.26,-0.98,0.57,10.73
2014-03-13,-0.34,3.09,-2.68,4.12,15.4
2014-03-14,1.42,5.69,-3.01,0.84,12.29
2014-03-15,3.05,9.56,-3.53,0.0,21.07
2014-03-16,3.63,8.9,-0.12,0.09,19.38
2014-03-17,1.63,4.68,-0.02,2.61,13.14
2014-03-18,2.35,6.89,-1.98,4.74,15.75
2014-03-19,3.1,9.59,-4.09,0.0,18.15
2014-03-20,5.32,11.68,0.7,0.41,20.19
2014-03-21,2.99,11.27,-3.93,0.11,21.06
2014-03-22,5.01,13.61,-4.26,0.0,23.3
2014-03-23,6.76,13.99,0.22,0.0,22.82
2014-03-24,7.6,14.2,1.9,0.0,22.85
2014-03-25,7.59,13.73,3.23,0.01,21.96
2014-03-26,6.91,11.12,3.64,0.6,17.08
2014-03-27,7.44,13.49,3.03,0.74,18.66
2014-03-28,6.45,12.76,0.9,0.03,16.9
2014-03-29,3.69,7.76,1.73,3.97,12.93
2014-03-30,-5.17,1.48,-8.13,1.98,17.43
2014-03-31,-2.32,4.81,-8.62,0.0,22.42
2014-04-01,0.71,7.56,-4.71,0.0,21.37
2014-04-02,3.55,9.74,-1.63,0.0,20.52
2014-04-03,3.16,9.16,-2.29,0.11,17.1
2014-04-04,3.35,11.45,-3.91,0.06,24.93
2014-04-05,6.4,11.88,0.65,0.01,21.55
2014-04-06,7.88,13.75,2.98,0.11,19.55
2014-04-07,8.91,15.46,2.45,0.12,19.81
2014-04-08,9.02,15.45,3.43,0.7,18.13
2014-04-09,5.36,9.84,1.45,4.38,12.88
2014-04-10,5.23,9.25,2.29,6.19,15.29
2014-04-11,5.68,11.86,0.04,0.08,16.04
2014-04-12,7.49,13.54,1.23,0.02,20.63
2014-04-13,6.18,8.73,2.82,3.43,9.99
2014-04-14,6.92,11.9,1.77,1.29,18.14
2014-04-15,7.63,12.16,4.22,4.35,12.06
2014-04-16,6.46,9.98,4.16,4.38,6.23
2014-04-17,8.99,16.52,2.96,4.68,18.26
2014-04-18,10.95,17.36,4.5,3.72,14.66
2014-04-19,12.17,18.9,6.78,0.16,22.51
2014-04-20,10.24,15.86,5.81,2.79,17.99
2014-04-21,9.22,14.12,4.53,2.43,18.81
2014-04-22,9.58,16.23,3.13,0.35,21.12
2014-04-23,9.0,16.04,1.75,0.12,20.41
2014-04-24,10.46,18.88,-0.06,0.0,26.67
2014-04-25,11.82,17.05,7.65,1.08,20.18
2014-04-26,12.71,19.46,7.05,0.02,21.61
2014-04-27,12.88,19.76,6.66,0.0,25.82
2014-04-28,11.72,18.57,4.39,1.52,24.6
2014-04-29,9.98,15.94,3.72,0.68,18.93
2014-04-30,10.3,17.15,4.98,0.01,23.64
2014-05-01,10.24,16.42,4.73,1.7,19.75
2014-05-02,10.63,17.36,4.62,0.0,24.83
2014-05-03,10.31,15.85,4.89,0.09,19.28
2014-05-04,11.54,19.15,2.14,0.0,23.84
2014-05-05,15.25,22.71,7.76,0.0,22.96
2014-05-06,15.17,22.58,9.03,0.09,16.27
2014-05-07,14.79,19.39,10.23,0.06,15.49
2014-05-08,15.26,21.2,8.69,1.38,14.95
2014-05-09,13.15,16.23,9.87,14.22,7.81
2014-05-10,13.48,19.1,8.27,0.55,25.19
2014-05-11,13.37,19.58,6.37,0.08,25.93
2014-05-12,12.34,17.97,7.5,0.6,22.23
2014-05-13,11.54,18.09,5.32,3.92,19.28
2014-05-14,10.11,15.85,4.62,1.09,11.83
2014-05-15,12.86,20.26,3.89,0.71,26.74
2014-05-16,16.36,23.11,8.46,0.0,27.75
2014-05-17,17.61,24.64,10.43,0.0,28.11
2014-05-18,15.33,22.15,8.56,0.0,29.17
2014-05-19,11.6,17.47,6.38,2.35,19.48
2014-05-20,9.39,14.57,3.94,1.73,18.55
2014-05-21,9.26,13.68,3.97,4.34,15.48
2014-05-22,10.3,15.44,5.2,4.77,15.08
2014-05-23,12.45,17.76,6.85,1.36,20.79
2014-05-24,12.42,18.03,6.4,9.38,11.35
2014-05-25,13.47,19.19,7.8,0.89,17.98
2014-05-26,13.77,18.87,7.9,2.23,22.17
2014-05-27,13.22,17.38,8.93,1.3,16.64
2014-05-28,13.75,19.79,6.75,0.99,24.64
2014-05-29,16.05,21.6,9.1,0.64,27.61
2014-05-30,17.23,24.31,9.15,0.02,28.79
2014-05-31,19.05,26.0,12.29,2.19,26.28
2014-06-01,17.04,24.57,9.8,0.08,29.75
2014-06-02,14.75,21.02,8.22,2.95,19.56
2014-06-03,12.23,16.86,6.54,1.34,17.67
2014-06-04,13.85,21.11,4.04,0.0,27.61
2014-06-05,13.55,18.33,7.23,6.7,15.99
2014-06-06,13.24,19.54,6.64,2.6,24.06
2014-06-07,14.65,19.82,9.13,1.92,22.31
2014-06-08,15.56,22.18,7.09,0.36,28.46
2014-06-09,17.73,23.92,11.19,0.0,30.31
2014-06-10,19.42,26.1,11.15,0.83,29.41
2014-06-11,17.93,26.06,9.41,0.04,27.22
2014-06-12,14.6,21.62,8.14,2.77,25.21
2014-06-13,13.19,21.47,5.1,0.01,28.87
2014-06-14,16.05,24.43,5.41,0.0,32.55
2014-06-15,19.82,26.41,13.76,0.0,30.26
2014-06-16,19.45,27.35,9.12,0.0,28.78
2014-06-17,20.73,28.75,10.45,0.0,24.04
2014-06-18,21.1,29.47,11.39,0.0,30.99
2014-06-19,21.88,29.82,13.1,0.0,30.56
2014-06-20,21.59,29.83,13.14,0.0,32.16
2014-06-21,19.58,27.66,12.78,0.0,32.45
2014-06-22,18.82,27.12,9.55,0.0,29.82
2014-06-23,19.11,27.76,9.86,0.0,31.23
2014-06-24,19.93,28.63,10.4,0.0,29.94
2014-06-25,21.33,29.68,12.89,0.04,26.92
2014-06-26,20.69,29.53,12.02,0.0,32.18
2014-06-27,21.05,30.35,10.87,0.0,31.86
2014-06-28,22.44,31.09,12.65,0.0,30.21
2014-06-29,21.91,30.22,13.46,0.82,29.13
2014-06-30,22.39,30.92,12.61,0.34,28.25
2014-07-01,24.42,32.0,15.74,0.0,30.54
2014-07-02,24.06,32.82,13.6,0.0,30.27
2014-07-03,23.74,32.36,15.09,0.0,30.12
2014-07-04,24.13,31.85,15.62,0.06,28.28
2014-07-05,22.96,29.99,16.79,4.65,20.41
2014-07-06,22.25,30.12,13.86,0.18,28.77
2014-07-07,21.67,30.54,11.93,0.0,28.93
2014-07-08,21.21,29.3,12.95,0.0,29.03
2014-07-09,21.55,30.77,12.31,0.0,31.36
2014-07-10,22.61,31.45,12.29,0.0,31.44
2014-07-11,24.57,33.4,14.05,0.0,31.93
2014-07-12,26.14,34.6,15.79,0.0,30.11
2014-07-13,26.27,34.48,17.62,0.01,29.86
2014-07-14,24.69,33.76,15.53,0.01,27.06
2014-07-15,24.78,33.7,15.13,0.0,28.86
2014-07-16,26.25,34.17,17.98,0.0,29.41
2014-07-17,27.15,35.03,19.82,0.0,31.03
2014-07-18,26.1,35.13,16.4,0.0,31.62
2014-07-19,25.48,34.62,15.57,0.0,29.67
2014-07-20,24.03,32.48,15.14,0.01,28.92
2014-07-21,19.33,24.44,14.17,4.65,14.12
2014-07-22,21.1,29.02,11.7,0.03,27.14
2014-07-23,24.26,31.73,15.33,0.0,27.58
2014-07-24,25.92,34.06,16.38,0.0,27.93
2014-07-25,26.8,34.87,18.75,0.0,27.88
2014-07-26,25.9,34.17,17.07,0.0,25.44
2014-07-27,23.63,30.62,17.52,0.0,28.79
2014-07-28,23.85,32.21,14.37,0.01,26.63
2014-07-29,24.45,33.04,16.04,0.01,28.86
2014-07-30,24.91,33.49,16.17,0.01,28.36
2014-07-31,24.63,33.39,15.89,0.0,29.55
2014-08-01,25.58,34.79,15.76,0.0,29.88
2014-08-02,26.2,34.99,15.86,0.0,29.56
2014-08-03,26.87,35.27,19.32,0.0,27.96
2014-08-04,24.98,33.44,17.27,0.03,25.33
2014-08-05,21.03,27.66,16.08,1.48,16.03
2014-08-06,20.7,26.85,13.93,0.08,21.1
2014-08-07,22.25,30.95,13.43,0.0,28.8
2014-08-08,24.24,32.49,15.78,0.0,29.12
2014-08-09,24.88,33.74,16.42,0.0,28.61
2014-08-10,23.98,33.08,14.38,0.0,26.58
2014-08-11,24.07,32.58,14.97,0.0,26.25
2014-08-12,24.81,33.69,15.84,0.0,25.31
2014-08-13,25.53,34.09,16.58,0.0,24.87
2014-08-14,26.58,34.97,17.66,0.0,26.32
2014-08-15,26.45,35.19,17.18,0.0,23.77
2014-08-16,27.06,35.24,17.16,0.0,22.71
2014-08-17,26.49,35.12,19.21,0.0,24.52
2014-08-18,25.97,33.33,19.52,0.0,23.84
2014-08-19,26.16,33.87,19.79,0.03,19.13
2014-08-20,24.32,31.77,17.48,0.12,22.6
2014-08-21,23.42,31.34,14.65,0.0,27.19
2014-08-22,23.99,33.6,13.14,0.1,26.14
2014-08-23,25.38,33.74,16.96,0.32,23.69
2014-08-24,25.29,33.7,16.77,0.0,23.59
2014-08-25,26.18,33.66,18.03,0.0,24.97
2014-08-26,25.6,33.6,16.93,0.0,20.79
2014-08-27,25.94,34.31,16.98,0.0,22.75
2014-08-28,26.44,34.04,18.99,0.01,24.61
2014-08-29,24.52,32.1,17.12,0.02,25.05
2014-08-30,23.16,32.44,14.81,0.0,23.69
2014-08-31,23.71,32.3,15.48,0.0,24.28
2014-09-01,23.17,31.87,13.88,0.0,25.61
2014-09-02,23.73,32.41,14.2,0.0,23.76
2014-09-03,24.39,31.21,18.81,0.0,23.52
2014-09-04,23.4,30.68,17.29,0.0,23.27
2014-09-05,23.13,31.12,14.56,0.0,20.78
2014-09-06,23.08,30.42,16.87,0.09,21.42
2014-09-07,21.24,28.36,15.07,0.0,24.01
2014-09-08,20.77,28.51,13.88,0.0,23.96
2014-09-09,20.96,27.71,15.57,0.05,18.91
2014-09-10,20.66,28.37,13.61,0.0,20.0
2014-09-11,20.47,27.68,14.61,0.01,23.13
2014-09-12,20.67,28.48,13.72,0.0,20.89
2014-09-13,19.88,28.44,12.08,0.0,22.25
2014-09-14,19.3,27.46,11.68,0.02,19.5
2014-09-15,19.37,26.66,12.7,0.04,18.66
2014-09-16,18.15,24.67,12.15,0.48,15.56
2014-09-17,17.42,24.79,10.8,0.05,17.16
2014-09-18,15.98,22.11,9.68,0.08,15.41
2014-09-19,17.17,23.99,10.95,0.12,18.35
2014-09-20,16.03,22.18,10.85,2.26,12.82
2014-09-21,15.75,23.59,7.99,0.01,17.88
2014-09-22,15.83,21.05,11.75,0.11,15.66
2014-09-23,15.64,22.8,10.27,0.0,19.69
2014-09-24,14.62,21.78,8.93,0.82,12.24
2014-09-25,12.14,20.6,4.2,0.0,22.15
2014-09-26,11.6,20.83,2.98,0.0,22.09
2014-09-27,14.7,20.41,8.65,2.05,17.88
2014-09-28,11.2,14.14,7.1,28.54,3.6
2014-09-29,10.4,16.78,6.26,3.12,10.85
2014-09-30,10.14,16.3,4.69,1.31,9.07
2014-10-01,11.5,18.71,3.95,0.03,18.76
2014-10-02,12.78,21.31,4.61,0.04,16.55
2014-10-03,14.79,22.03,8.49,0.06,17.67
2014-10-04,13.86,19.49,9.73,2.41,12.79
2014-10-05,12.96,19.08,7.8,0.14,16.96
2014-10-06,13.89,20.62,8.79,0.0,16.1
2014-10-07,13.13,21.03,6.37,0.0,14.89
2014-10-08,12.8,19.81,5.37,0.0,16.6
2014-10-09,12.89,20.4,6.23,0.01,16.87
2014-10-10,14.09,21.04,7.08,0.01,16.4
2014-10-11,13.65,17.92,10.35,0.1,14.2
2014-10-12,12.09,16.76,8.34,1.22,9.69
2014-10-13,12.48,17.89,7.07,2.04,9.44
2014-10-14,11.77,16.96,7.94,2.66,10.68
2014-10-15,11.06,15.18,7.95,5.61,8.73
2014-10-16,9.36,12.57,6.78,4.9,7.56
2014-10-17,8.84,14.64,4.2,0.88,7.42
2014-10-18,8.55,12.8,5.86,8.51,7.21
2014-10-19,6.14,12.28,-0.81,3.94,10.89
2014-10-20,4.57,12.93,-2.03,0.12,16.76
2014-10-21,7.04,14.49,1.98,0.17,15.06
2014-10-22,7.32,13.62,3.24,0.0,15.44
2014-10-23,7.01,11.21,4.47,0.0,6.64
2014-10-24,8.59,15.51,4.1,0.0,13.77
2014-10-25,9.48,15.85,5.4,0.05,11.12
2014-10-26,9.06,13.01,5.61,0.25,10.28
2014-10-27,9.44,13.93,6.49,0.15,11.06
2014-10-28,9.23,14.54,5.38,0.09,11.66
2014-10-29,8.84,14.51,4.0,0.0,12.21
2014-10-30,7.76,12.99,3.11,1.19,9.99
2014-10-31,5.53,7.19,3.74,7.37,2.69
2014-11-01,4.33,7.46,1.23,2.42,4.74
2014-11-02,2.06,8.59,-3.33,0.89,8.56
2014-11-03,-2.01,4.72,-6.22,0.27,11.07
2014-11-04,-2.3,4.69,-6.5,0.0,8.01
2014-11-05,0.35,8.14,-5.55,0.0,13.46
2014-11-06,2.99,12.56,-3.11,0.0,13.69
2014-11-07,4.6,13.89,-1.99,0.0,13.74
2014-11-08,5.28,12.38,0.27,0.0,13.39
2014-11-09,4.75,11.78,-0.16,0.0,13.55
2014-11-10,5.36,12.94,0.13,0.0,12.1
2014-11-11,6.0,13.5,0.76,0.0,12.74
2014-11-12,5.0,12.78,-1.07,0.0,12.41
2014-11-13,4.39,11.12,-0.22,0.0,12.23
2014-11-14,5.04,10.64,2.19,0.0,7.47
2014-11-15,4.06,8.3,1.04,1.49,4.73
2014-11-16,4.17,10.55,1.69,4.97,2.96
2014-11-17,4.37,9.52,1.07,1.03,6.42
2014-11-18,4.88,10.6,1.17,0.0,9.62
2014-11-19,5.21,12.05,0.32,0.0,10.54
2014-11-20,4.15,9.59,-0.02,0.01,8.63
2014-11-21,2.59,5.51,1.02,4.12,6.23
2014-11-22,0.3,2.75,-1.8,7.31,4.25
2014-11-23,-1.74,5.4,-6.79,0.02,7.65
2014-11-24,-1.84,3.17,-6.72,0.4,6.47
2014-11-25,-0.93,3.51,-3.38,1.71,6.91
2014-11-26,-0.65,3.01,-3.0,8.5,2.14
2014-11-27,-1.55,1.08,-4.51,6.49,3.16
2014-11-28,-1.75,3.39,-4.64,0.03,4.58
2014-11-29,-2.04,3.99,-7.1,0.0,7.69
2014-11-30,-0.72,3.86,-3.74,0.41,7.08
2014-12-01,-1.24,0.88,-2.82,0.47,4.38
2014-12-02,-3.05,2.83,-7.7,1.93,6.76
2014-12-03,0.3,2.22,-2.56,0.79,5.16
2014-12-04,1.46,5.12,-0.81,0.02,7.61
2014-12-05,2.04,6.39,-0.89,1.04,5.62
2014-12-06,1.76,7.74,-2.44,0.03,6.19
2014-12-07,2.14,5.72,0.29,0.73,5.58
2014-12-08,2.27,4.8,0.5,4.07,3.0
2014-12-09,4.13,8.25,1.78,0.93,3.23
2014-12-10,1.86,3.94,0.89,6.34,2.01
2014-12-11,2.54,8.78,-1.99,0.03,8.97
2014-12-12,0.74,6.46,-2.66,0.65,5.98
2014-12-13,0.77,3.73,-0.71,10.96,2.75
2014-12-14,0.02,4.88,-3.29,3.37,4.59
2014-12-15,-0.45,6.06,-4.6,0.53,7.87
2014-12-16,-0.73,5.71,-5.07,0.0,8.26
2014-12-17,0.02,5.62,-3.0,0.0,9.76
2014-12-18,0.21,3.56,-1.31,0.04,7.51
2014-12-19,-0.32,2.11,-1.75,0.95,3.26
2014-12-20,-0.18,3.95,-3.17,0.34,6.0
2014-12-21,-1.22,4.89,-5.48,0.0,9.22
2014-12-22,-1.77,1.1,-3.66,3.33,6.04
2014-12-23,-4.12,0.77,-7.82,0.65,7.75
2014-12-24,-3.15,3.26,-6.93,0.01,6.81
2014-12-25,-1.74,3.59,-4.78,0.0,9.88
2014-12-26,-2.82,2.46,-6.24,0.0,9.66
2014-12-27,-2.45,1.39,-5.58,0.41,6.32
2014-12-28,-1.15,1.4,-2.84,3.04,4.34
2014-12-29,0.01,2.63,-1.1,0.54,3.58
2014-12-30,0.47,2.37,-0.37,0.31,4.24
2014-12-31,0.73,3.55,-0.5,0.13,4.38
2015-01-01,0.07,2.41,-1.55,2.58,4.65
2015-01-02,-1.41,0.67,-3.94,7.67,3.53
2015-01-03,-2.31,0.52,-4.67,2.92,3.61
2015-01-04,-4.23,0.29,-8.33,0.2,5.77
2015-01-05,-2.99,-1.27,-5.57,13.35,3.59
2015-01-06,-1.49,-0.54,-2.47,21.29,2.63
2015-01-07,-4.53,-3.02,-6.98,12.36,1.61
2015-01-08,-10.15,-7.59,-13.0,2.83,5.22
2015-01-09,-14.0,-8.31,-22.95,0.32,10.21
2015-01-10,-15.5,-8.69,-23.04,0.0,9.06
2015-01-11,-13.13,-7.17,-18.4,0.0,10.99
2015-01-12,-10.45,-5.82,-14.05,0.0,8.82
2015-01-13,-8.79,-1.33,-13.48,0.0,10.44
2015-01-14,-6.1,0.36,-9.96,0.0,11.17
2015-01-15,-5.04,0.25,-11.2,3.42,10.33
2015-01-16,-4.56,-0.5,-10.7,3.48,11.0
2015-01-17,-9.38,-0.94,-15.77,0.0,10.78
2015-01-18,-9.54,0.17,-16.16,0.0,11.29
2015-01-19,-6.29,0.15,-12.82,0.0,11.78
2015-01-20,-3.06,1.21,-7.44,0.0,12.16
2015-01-21,-3.49,-0.12,-5.92,0.03,9.48
2015-01-22,-5.67,0.28,-11.52,0.05,12.02
2015-01-23,-7.22,-0.03,-12.87,0.01,12.57
2015-01-24,-6.63,-0.62,-10.58,0.0,12.6
2015-01-25,-5.48,-0.06,-9.29,0.0,11.33
2015-01-26,-3.86,1.18,-9.13,0.59,8.39
2015-01-27,-5.01,1.47,-10.14,0.11,10.21
2015-01-28,-4.79,0.6,-9.95,4.41,8.55
2015-01-29,-3.4,-0.22,-6.02,0.42,10.88
2015-01-30,-4.3,-0.33,-9.21,0.06,10.01
2015-01-31,-3.11,0.28,-7.0,0.1,9.09
2015-02-01,-1.77,1.25,-3.7,0.16,8.19
2015-02-02,-1.81,2.88,-5.11,0.0,12.81
2015-02-03,-1.86,3.81,-5.69,0.17,10.72
2015-02-04,-1.98,1.51,-7.02,3.97,7.98
2015-02-05,-3.91,3.06,-9.53,0.02,14.19
2015-02-06,-1.95,4.42,-7.66,0.0,13.67
2015-02-07,-0.3,4.21,-3.37,0.06,12.53
2015-02-08,-0.12,2.61,-1.61,1.44,11.45
2015-02-09,-0.72,0.84,-3.49,20.51,8.01
2015-02-10,-1.99,0.35,-4.61,5.61,6.51
2015-02-11,-1.88,0.66,-4.69,3.59,5.78
2015-02-12,-3.94,-1.61,-6.07,3.28,8.1
2015-02-13,-4.64,-1.19,-8.22,1.42,13.13
2015-02-14,-4.88,-1.13,-8.44,0.51,13.91
2015-02-15,-5.65,-0.45,-11.39,0.22,15.89
2015-02-16,-4.08,0.02,-8.71,1.32,13.52
2015-02-17,-2.88,-0.53,-4.51,9.64,10.89
2015-02-18,-3.3,-0.11,-6.11,3.11,13.59
2015-02-19,-2.27,0.43,-4.63,7.14,8.6
2015-02-20,-3.66,-0.3,-7.12,2.56,10.28
2015-02-21,-6.93,-1.65,-11.99,0.41,15.02
2015-02-22,-5.64,2.54,-12.89,0.0,18.15
2015-02-23,-2.93,3.6,-9.15,0.0,18.62
2015-02-24,-1.46,2.85,-4.09,0.06,13.6
2015-02-25,-2.16,-0.48,-3.73,1.54,13.43
2015-02-26,-1.06,5.96,-5.6,0.11,17.32
2015-02-27,0.31,8.5,-5.46,0.0,17.72
2015-02-28,1.12,6.07,-2.04,1.19,16.51
2015-03-01,1.5,5.62,-0.96,0.04,12.65
2015-03-02,0.89,4.18,-1.27,0.39,14.62
2015-03-03,0.34,3.44,-1.81,0.14,10.71
2015-03-04,-0.87,2.65,-6.16,3.26,13.11
2015-03-05,-4.11,1.38,-8.01,0.26,17.29
2015-03-06,-0.99,6.52,-8.05,0.0,17.9
2015-03-07,3.24,9.22,-1.33,0.0,13.12
2015-03-08,4.61,11.08,0.66,0.0,17.4
2015-03-09,5.13,12.63,-2.2,0.0,20.2
2015-03-10,3.74,12.58,-2.68,0.0,19.16
2015-03-11,4.69,12.64,-1.59,0.0,17.17
2015-03-12,4.0,12.19,-0.98,4.17,10.26
2015-03-13,1.14,6.28,-2.83,2.14,12.31
2015-03-14,2.55,8.24,-3.27,1.44,13.53
2015-03-15,3.25,8.36,-1.8,0.16,17.55
2015-03-16,1.52,5.59,-1.43,3.53,11.52
2015-03-17,0.92,4.55,-1.92,2.15,13.4
2015-03-18,2.04,7.31,-2.5,0.0,16.93
2015-03-19,0.99,6.49,-2.57,2.51,14.67
2015-03-20,1.6,5.65,-1.55,5.97,15.41
2015-03-21,0.44,3.19,-1.26,16.41,10.67
2015-03-22,-2.28,0.08,-8.94,12.41,6.19
2015-03-23,-3.7,3.38,-12.15,0.07,15.87
2015-03-24,-1.02,1.27,-2.36,5.81,12.48
2015-03-25,-0.31,3.66,-4.63,7.22,14.52
2015-03-26,2.36,10.12,-5.16,0.0,21.7
2015-03-27,4.46,11.26,-1.1,0.0,14.98
2015-03-28,3.28,7.31,0.33,1.14,15.81
2015-03-29,4.54,10.28,0.95,15.66,13.48
2015-03-30,2.11,5.5,0.5,10.87,10.78
2015-03-31,3.43,8.39,-1.64,0.37,13.93
2015-04-01,4.79,8.26,2.58,1.71,15.46
2015-04-02,5.65,9.51,2.53,0.32,11.27
2015-04-03,5.84,9.89,2.67,2.0,13.57
2015-04-04,4.52,9.14,-3.38,4.97,10.34
2015-04-05,2.43,10.77,-5.78,0.0,21.17
2015-04-06,5.41,11.66,-0.14,0.0,21.08
2015-04-07,7.87,13.63,1.98,0.05,18.89
2015-04-08,6.83,10.92,1.33,1.27,19.58
2015-04-09,9.86,16.33,5.03,4.68,9.5
2015-04-10,6.07,10.68,1.34,0.58,21.0
2015-04-11,2.91,7.57,-1.95,2.34,14.04
2015-04-12,2.41,6.2,-1.71,6.22,18.32
2015-04-13,2.33,6.97,-1.18,4.33,16.57
2015-04-14,1.4,6.17,-3.3,0.31,18.76
2015-04-15,3.11,9.35,-2.91,0.0,21.85
2015-04-16,6.38,13.47,-0.04,0.0,25.16
2015-04-17,7.69,15.41,-0.56,0.0,26.48
2015-04-18,9.4,15.19,4.58,0.04,24.5
2015-04-19,8.97,13.76,4.24,0.35,20.71
2015-04-20,6.86,9.71,4.14,2.67,7.95
2015-04-21,6.31,10.59,2.43,7.53,10.24
2015-04-22,3.99,7.67,0.94,2.74,9.87
2015-04-23,3.04,5.87,-1.28,7.56,8.08
2015-04-24,0.65,4.72,-4.2,9.12,8.75
2015-04-25,3.86,13.03,-5.92,0.01,22.4
2015-04-26,6.2,12.36,-0.1,0.0,19.56
2015-04-27,8.11,13.59,3.32,0.24,19.35
2015-04-28,10.22,16.15,4.26,0.21,22.89
2015-04-29,12.2,18.2,6.95,0.0,20.95
2015-04-30,12.36,18.29,5.34,0.08,20.37
2015-05-01,10.5,18.07,1.83,0.39,25.51
2015-05-02,9.53,14.38,3.73,1.72,17.72
2015-05-03,8.79,15.98,0.45,0.14,23.94
2015-05-04,8.98,13.34,3.83,4.76,14.92
2015-05-05,8.49,17.26,0.81,0.07,26.76
2015-05-06,7.84,16.01,0.25,0.08,26.89
2015-05-07,8.39,16.6,-1.65,0.0,31.1
2015-05-08,12.02,18.84,4.42,0.02,27.34
2015-05-09,11.34,14.88,7.44,5.06,13.79
2015-05-10,9.67,13.33,7.38,4.72,12.98
2015-05-11,10.01,14.37,6.53,1.11,19.75
2015-05-12,8.99,13.13,4.66,2.94,17.64
2015-05-13,9.92,14.91,4.03,1.28,19.79
2015-05-14,8.45,12.58,5.02,4.08,13.59
2015-05-15,9.78,15.71,3.85,1.2,27.33
2015-05-16,12.41,18.89,5.7,0.0,23.59
2015-05-17,12.59,18.34,6.23,0.6,19.95
2015-05-18,13.63,21.18,5.41,0.02,27.45
2015-05-19,15.44,22.98,6.6,0.0,28.57
2015-05-20,16.85,23.55,8.31,0.0,29.14
2015-05-21,17.75,24.25,10.36,0.0,27.28
2015-05-22,14.11,20.42,8.89,0.07,11.46
2015-05-23,13.65,17.94,9.04,1.59,13.62
2015-05-24,13.93,18.7,7.11,0.41,23.24
2015-05-25,14.06,17.56,9.35,1.0,20.04
2015-05-26,14.81,20.42,8.04,0.0,29.71
2015-05-27,15.36,21.46,9.23,0.07,19.72
2015-05-28,14.47,21.37,8.03,0.37,18.47
2015-05-29,14.17,20.22,7.58,0.01,30.16
2015-05-30,13.33,19.46,6.99,0.0,21.07
2015-05-31,13.96,20.21,6.97,0.0,26.62
2015-06-01,16.13,21.75,10.39,0.0,30.68
2015-06-02,16.28,22.99,9.49,0.87,16.06
2015-06-03,18.29,24.48,11.78,3.15,25.36
2015-06-04,16.6,23.12,9.42,0.03,30.98
2015-06-05,17.87,23.98,11.12,0.08,22.43
2015-06-06,17.41,24.08,10.25,0.02,30.64
2015-06-07,18.25,24.8,10.49,0.0,31.2
2015-06-08,18.34,26.17,9.71,0.0,28.61
2015-06-09,19.72,25.78,13.52,0.11,26.97
2015-06-10,19.16,26.01,12.51,0.0,29.91
2015-06-11,17.4,23.73,10.76,0.0,29.12
2015-06-12,17.87,23.56,11.69,0.47,26.2
2015-06-13,19.09,26.4,9.13,0.01,29.67
2015-06-14,19.58,26.88,9.72,0.12,27.87
2015-06-15,18.55,25.87,9.73,0.77,21.42
2015-06-16,16.32,22.05,10.42,5.91,23.01
2015-06-17,16.51,23.03,8.28,1.65,27.81
2015-06-18,19.08,25.32,11.11,1.76,26.76
2015-06-19,19.26,25.77,13.48,0.0,28.54
2015-06-20,19.79,27.15,11.43,0.04,25.11
2015-06-21,20.48,26.65,13.06,0.0,28.91
2015-06-22,21.64,28.7,13.49,0.0,30.16
2015-06-23,22.22,30.32,11.96,0.0,30.8
2015-06-24,22.62,30.83,12.66,0.0,29.34
2015-06-25,20.77,28.67,11.73,0.08,28.76
2015-06-26,18.36,24.47,12.74,4.21,17.44
2015-06-27,18.32,24.03,11.96,1.98,25.1
2015-06-28,19.23,26.29,12.37,0.28,25.41
2015-06-29,20.59,28.07,13.57,0.0,29.29
2015-06-30,20.71,27.93,14.16,0.0,31.55
2015-07-01,20.35,29.83,9.61,0.0,32.22
2015-07-02,22.53,32.44,11.38,0.0,32.21
2015-07-03,23.0,31.63,14.82,0.0,31.82
2015-07-04,23.54,32.32,13.01,0.0,30.38
2015-07-05,25.0,33.63,15.1,0.0,30.59
2015-07-06,25.29,33.76,16.59,0.01,30.09
2015-07-07,23.56,32.35,14.13,0.0,28.19
2015-07-08,24.45,33.05,15.75,0.0,27.44
2015-07-09,24.17,32.51,15.3,0.0,31.1
2015-07-10,23.69,32.01,15.46,0.0,30.5
2015-07-11,23.11,31.97,14.69,0.0,30.9
2015-07-12,23.06,32.76,14.52,0.0,28.57
2015-07-13,22.33,31.29,13.32,0.86,25.7
2015-07-14,22.57,31.01,13.62,0.0,28.67
2015-07-15,24.12,30.98,18.24,0.28,19.61
2015-07-16,24.26,33.06,15.19,0.69,24.37
2015-07-17,22.98,32.45,13.77,0.11,28.71
2015-07-18,21.44,31.86,11.49,0.0,30.67
2015-07-19,19.98,29.74,11.14,0.0,29.41
2015-07-20,21.22,30.96,11.25,0.0,30.49
2015-07-21,23.64,32.79,13.16,0.02,30.3
2015-07-22,24.38,33.37,15.5,0.0,29.18
2015-07-23,24.84,33.75,15.76,0.0,28.47
2015-07-24,26.38,34.57,16.22,0.0,29.31
2015-07-25,26.72,33.75,19.86,0.0,28.79
2015-07-26,24.95,32.53,18.73,0.0,29.52
2015-07-27,24.28,32.56,15.18,0.0,28.29
2015-07-28,24.53,32.94,15.09,0.0,27.51
2015-07-29,25.61,34.57,15.81,0.0,27.1
2015-07-30,27.26,35.72,16.81,0.16,27.05
2015-07-31,26.85,35.11,18.42,0.01,24.43
2015-08-01,25.74,33.35,16.61,0.0,28.55
2015-08-02,26.23,33.44,19.95,0.0,27.5
2015-08-03,25.82,34.59,16.75,0.01,28.19
2015-08-04,26.06,34.12,16.81,0.0,26.85
2015-08-05,26.88,34.77,20.38,0.0,26.27
2015-08-06,25.67,33.99,16.89,0.0,27.52
2015-08-07,24.93,32.56,15.67,0.02,25.19
2015-08-08,25.15,33.15,16.03,0.03,24.2
2015-08-09,25.31,33.38,15.81,0.28,26.0
2015-08-10,26.06,34.53,17.43,0.0,23.87
2015-08-11,26.44,34.88,17.25,0.0,27.65
2015-08-12,27.13,34.58,19.83,0.0,27.52
2015-08-13,26.64,35.68,17.08,0.0,27.95
2015-08-14,27.19,35.42,18.72,0.0,27.48
2015-08-15,27.02,35.09,18.94,0.0,27.72
2015-08-16,25.66,32.69,17.56,0.06,25.65
2015-08-17,24.58,30.78,18.41,3.63,19.44
2015-08-18,25.14,32.55,16.8,0.0,23.49
2015-08-19,26.5,34.04,19.38,0.0,26.08
2015-08-20,27.51,34.66,20.66,0.0,23.95
2015-08-21,26.75,35.34,17.68,0.0,25.86
2015-08-22,24.95,33.8,15.95,0.28,23.16
2015-08-23,25.82,33.5,17.02,0.06,22.35
2015-08-24,22.8,28.93,15.81,2.16,18.05
2015-08-25,19.73,27.99,12.33,0.49,22.87
2015-08-26,19.45,27.61,11.08,0.04,20.64
2015-08-27,19.89,28.11,11.59,0.0,21.17
2015-08-28,19.69,27.38,11.63,1.62,20.02
2015-08-29,19.91,27.73,11.66,0.35,21.0
2015-08-30,21.12,28.85,13.42,0.0,22.46
2015-08-31,21.24,29.73,13.69,0.0,23.84
2015-09-01,20.05,28.91,12.46,0.0,25.37
2015-09-02,21.43,30.21,12.16,0.0,25.48
2015-09-03,23.04,31.66,14.11,0.0,24.58
2015-09-04,23.26,31.28,16.51,0.0,24.92
2015-09-05,21.87,29.72,15.69,0.19,20.49
2015-09-06,19.23,25.92,12.97,1.13,17.69
2015-09-07,20.97,29.73,12.06,0.17,23.26
2015-09-08,22.11,30.87,13.15,0.0,23.23
2015-09-09,23.73,30.79,16.89,0.0,21.97
2015-09-10,24.4,31.01,19.18,0.0,20.81
2015-09-11,23.17,31.68,15.49,0.0,21.31
2015-09-12,23.35,31.63,14.74,0.0,20.2
2015-09-13,22.56,29.95,16.38,0.01,20.03
2015-09-14,21.9,29.1,16.74,0.01,22.54
2015-09-15,21.3,29.67,14.51,0.0,21.96
2015-09-16,19.24,28.0,11.32,0.0,22.27
2015-09-17,19.91,28.93,10.92,0.0,22.62
2015-09-18,20.53,29.03,11.66,0.0,21.69
2015-09-19,20.94,28.77,13.02,0.0,20.88
2015-09-20,20.94,28.88,12.97,0.0,20.8
2015-09-21,20.63,27.75,14.01,0.0,16.83
2015-09-22,19.36,25.71,14.06,0.0,19.5
2015-09-23,18.78,26.54,12.12,0.0,20.08
2015-09-24,19.67,27.69,13.62,0.0,21.25
2015-09-25,20.01,28.28,11.99,0.0,20.02
2015-09-26,19.17,27.7,11.12,0.11,19.03
2015-09-27,19.31,26.08,13.41,0.11,18.4
2015-09-28,19.55,26.59,12.33,0.0,18.66
2015-09-29,19.02,25.7,13.77,0.44,16.87
2015-09-30,16.92,20.63,13.47,1.73,9.89
2015-10-01,17.04,22.81,11.58,0.21,16.64
2015-10-02,14.04,17.65,11.57,16.18,2.8
2015-10-03,15.09,20.99,10.94,0.64,12.47
2015-10-04,14.06,21.98,7.72,0.04,14.65
2015-10-05,12.89,20.75,5.44,0.0,18.83
2015-10-06,14.82,22.32,10.17,5.86,13.02
2015-10-07,10.7,13.41,7.87,20.84,3.22
2015-10-08,10.64,15.86,6.61,2.14,8.68
2015-10-09,10.63,15.14,6.58,3.09,10.55
2015-10-10,10.19,16.59,4.82,0.09,13.33
2015-10-11,10.89,18.42,4.28,0.0,17.24
2015-10-12,13.5,20.14,8.53,0.19,14.78
2015-10-13,12.18,18.27,8.0,1.02,13.21
2015-10-14,12.26,16.6,8.21,0.56,9.78
2015-10-15,11.7,18.7,5.19,0.17,15.94
2015-10-16,11.5,19.49,4.45,0.0,17.16
2015-10-17,9.63,18.83,2.48,0.0,18.24
2015-10-18,10.99,19.46,2.68,0.0,15.53
2015-10-19,12.65,19.09,7.59,0.0,15.41
2015-10-20,12.14,17.23,8.93,0.03,14.07
2015-10-21,11.87,18.7,6.47,0.0,13.06
2015-10-22,11.34,16.56,7.65,1.59,10.95
2015-10-23,9.94,13.32,7.81,8.28,4.67
2015-10-24,10.9,14.83,8.43,1.39,6.8
2015-10-25,10.28,13.16,8.73,20.8,4.68
2015-10-26,9.77,12.19,8.31,41.69,4.49
2015-10-27,8.55,11.17,4.36,11.39,4.66
2015-10-28,6.48,10.67,3.81,5.25,4.24
2015-10-29,6.7,11.96,3.38,0.37,7.31
2015-10-30,7.27,13.33,2.26,0.3,10.89
2015-10-31,5.99,11.93,0.83,0.0,10.6
2015-11-01,3.46,11.51,-1.71,0.0,14.36
2015-11-02,1.97,9.45,-2.72,0.0,13.21
2015-11-03,3.57,11.68,-3.19,0.0,14.47
2015-11-04,5.78,13.9,-1.39,0.0,14.34
2015-11-05,6.34,13.83,2.11,0.0,13.42
2015-11-06,7.51,15.03,1.11,0.0,13.89
2015-11-07,7.38,14.64,1.55,0.0,13.79
2015-11-08,6.4,12.6,2.57,0.0,13.1
2015-11-09,4.16,8.77,-0.66,0.18,8.77
2015-11-10,1.42,5.93,-3.53,1.3,4.43
2015-11-11,0.92,7.2,-4.28,0.17,6.73
2015-11-12,3.19,10.53,-1.56,0.44,7.78
2015-11-13,3.07,10.43,-2.29,0.07,10.49
2015-11-14,2.45,9.91,-3.7,0.0,12.81
2015-11-15,3.24,9.55,-0.78,0.0,12.65
2015-11-16,2.45,7.85,-1.42,0.86,7.7
2015-11-17,1.95,8.18,-4.52,0.96,4.09
2015-11-18,0.35,7.61,-5.07,0.0,12.22
2015-11-19,1.8,7.08,-1.27,0.0,8.68
2015-11-20,2.12,8.84,-2.65,0.0,11.36
2015-11-21,2.54,8.14,-0.16,0.0,11.88
2015-11-22,2.6,9.97,-2.33,0.0,11.86
2015-11-23,3.87,13.3,-1.4,0.0,11.84
2015-11-24,4.12,13.19,-1.47,0.0,11.66
2015-11-25,4.17,10.15,1.48,0.01,8.03
2015-11-26,2.01,7.34,-0.85,0.22,6.89
2015-11-27,2.27,4.99,-0.61,0.65,3.66
2015-11-28,3.65,8.59,0.79,0.16,6.8
2015-11-29,1.55,4.35,-1.35,9.14,2.17
2015-11-30,1.1,5.05,-2.54,10.6,3.29
2015-12-01,-0.58,3.62,-4.67,7.61,4.96
2015-12-02,-2.28,1.1,-4.7,2.88,4.84
2015-12-03,-6.75,-3.83,-10.29,0.84,4.85
2015-12-04,-7.37,-2.03,-10.46,0.01,10.26
2015-12-05,-7.76,-1.5,-13.13,0.0,10.6
2015-12-06,-6.16,0.53,-11.5,0.0,10.43
2015-12-07,-3.6,3.65,-8.26,0.01,10.57
2015-12-08,-1.46,6.31,-5.6,0.0,10.56
2015-12-09,-1.43,6.64,-5.69,0.0,10.1
2015-12-10,-1.31,5.91,-6.86,0.0,10.25
2015-12-11,0.23,5.38,-2.34,0.0,9.95
2015-12-12,-0.55,4.19,-3.77,0.0,9.73
2015-12-13,-1.99,3.23,-5.53,0.0,9.16
2015-12-14,-0.74,7.01,-5.44,0.0,9.14
2015-12-15,-1.68,4.15,-6.52,0.0,9.71
2015-12-16,-1.9,2.59,-4.91,0.0,9.13
2015-12-17,-1.54,3.24,-4.44,0.0,8.81
2015-12-18,-2.46,3.48,-7.62,0.0,9.75
2015-12-19,-1.7,4.06,-6.08,0.0,9.71
2015-12-20,-3.06,3.78,-7.83,0.0,10.06
2015-12-21,-3.3,4.32,-8.34,0.0,8.48
2015-12-22,-0.8,5.88,-6.55,0.0,10.04
2015-12-23,-0.5,5.86,-4.63,0.0,9.76
2015-12-24,-2.26,5.04,-7.79,0.0,9.69
2015-12-25,-1.55,5.93,-6.57,0.0,10.06
2015-12-26,-1.11,6.29,-6.49,0.0,9.63
2015-12-27,-0.6,5.98,-5.59,0.0,10.2
2015-12-28,0.32,7.01,-4.97,0.0,10.13
2015-12-29,0.02,4.67,-2.54,0.0,8.25
2015-12-30,-2.34,0.98,-5.5,3.86,6.49
2015-12-31,-6.33,-3.68,-8.81,10.36,5.45
2016-01-01,-8.94,-5.88,-12.69,8.32,6.89
2016-01-02,-12.24,-9.25,-15.71,0.93,8.81
2016-01-03,-15.89,-11.38,-19.28,0.01,9.13
2016-01-04,-13.16,-9.05,-18.33,3.44,7.56
2016-01-05,-7.08,-3.49,-10.58,9.07,6.11
2016-01-06,-4.39,-1.04,-7.21,4.83,4.98
2016-01-07,-1.9,-0.53,-4.19,13.72,5.25
2016-01-08,-0.93,-0.61,-1.18,34.08,1.91
2016-01-09,-5.69,-0.65,-14.85,2.9,7.45
2016-01-10,-9.39,-1.26,-17.35,0.0,10.2
2016-01-11,-5.84,-2.36,-8.71,0.0,5.23
2016-01-12,-5.14,-0.91,-10.24,0.0,8.74
2016-01-13,-3.61,-0.69,-6.27,0.71,8.4
2016-01-14,-1.47,-0.48,-2.56,15.69,6.1
2016-01-15,-7.55,-1.06,-13.62,0.22,9.7
2016-01-16,-8.0,-1.46,-12.39,0.0,11.19
2016-01-17,-6.37,-0.49,-9.79,0.0,10.42
2016-01-18,-4.02,-0.39,-10.48,7.35,10.06
2016-01-19,-2.34,-1.17,-3.65,13.33,8.63
2016-01-20,-7.53,-4.53,-10.74,0.79,10.85
2016-01-21,-6.31,-2.51,-9.01,0.0,11.13
2016-01-22,-6.09,-1.47,-8.79,0.02,10.71
2016-01-23,-4.43,-1.07,-8.26,1.27,9.95
2016-01-24,-3.32,-1.66,-6.54,10.82,8.33
2016-01-25,-11.56,-7.53,-14.36,5.96,7.34
2016-01-26,-16.56,-10.93,-27.26,0.12,12.17
2016-01-27,-20.03,-9.68,-27.77,0.01,13.78
2016-01-28,-15.81,-6.16,-25.94,0.0,12.18
2016-01-29,-9.11,-1.0,-17.99,0.0,10.85
2016-01-30,-4.28,-0.24,-8.27,0.01,10.05
2016-01-31,-4.51,-0.6,-7.76,0.0,12.68
2016-02-01,-4.5,-1.21,-7.27,1.37,6.58
2016-02-02,-6.44,-1.09,-17.37,4.49,11.51
2016-02-03,-8.83,-0.34,-17.81,0.0,14.55
2016-02-04,-4.46,-0.01,-8.06,0.0,14.52
2016-02-05,-4.39,-0.44,-6.98,0.06,11.15
2016-02-06,-2.75,-0.38,-5.98,11.46,11.56
2016-02-07,-3.02,-0.9,-8.04,12.72,8.25
2016-02-08,-6.62,-0.49,-13.65,0.43,14.02
2016-02-09,-8.8,-1.59,-14.59,0.0,14.62
2016-02-10,-8.83,-1.63,-14.7,0.0,14.69
2016-02-11,-7.84,-1.77,-14.68,0.0,14.2
2016-02-12,-4.69,-1.14,-8.56,0.0,13.9
2016-02-13,-3.1,-0.15,-6.48,0.24,14.74
2016-02-14,-0.88,-0.04,-2.03,2.52,13.46
2016-02-15,-1.03,1.23,-3.98,0.0,15.23
2016-02-16,-0.71,1.21,-3.28,0.0,14.78
2016-02-17,-0.53,1.71,-2.89,0.0,16.22
2016-02-18,-0.72,2.75,-4.32,0.0,16.87
2016-02-19,-1.23,1.43,-5.77,1.01,15.56
2016-02-20,0.27,1.87,-5.04,3.03,12.29
2016-02-21,-0.39,2.13,-5.2,4.59,2.72
2016-02-22,1.21,1.61,0.86,17.57,6.36
2016-02-23,1.41,3.97,-0.74,3.46,4.24
2016-02-24,0.43,3.79,-1.92,0.1,6.73
2016-02-25,1.15,3.45,-0.7,0.35,3.78
2016-02-26,2.33,6.79,-1.64,0.01,15.28
2016-02-27,3.37,9.96,-1.59,0.3,17.48
2016-02-28,3.89,10.23,-1.9,0.83,16.94
2016-02-29,4.02,12.4,-2.8,0.0,19.34
2016-03-01,5.08,13.78,-1.65,0.0,19.51
2016-03-02,5.52,13.39,-0.28,0.0,19.32
2016-03-03,3.95,9.31,0.9,1.9,13.37
2016-03-04,4.0,8.02,1.49,14.88,8.27
2016-03-05,2.37,6.42,-0.74,9.47,8.2
2016-03-06,0.72,5.13,-3.58,2.25,11.09
2016-03-07,1.7,8.63,-5.06,0.0,20.21
2016-03-08,3.62,9.87,-1.64,0.0,20.31
2016-03-09,5.0,11.47,0.21,0.0,19.82
2016-03-10,5.06,10.03,1.47,2.14,18.1
2016-03-11,4.23,10.0,0.4,2.02,14.88
2016-03-12,4.54,8.58,0.36,0.15,17.9
2016-03-13,4.47,10.9,-1.74,0.0,21.17
2016-03-14,3.33,6.93,0.05,5.86,9.72
2016-03-15,2.08,6.07,-1.93,3.29,15.39
2016-03-16,-0.26,5.63,-5.46,0.11,20.42
2016-03-17,-3.06,3.08,-6.88,0.0,22.47
2016-03-18,-1.46,4.34,-6.01,0.0,22.35
2016-03-19,0.08,4.72,-3.97,1.52,17.11
2016-03-20,-1.41,2.82,-8.05,11.2,8.29
2016-03-21,-2.05,4.98,-8.77,0.0,23.75
2016-03-22,0.05,5.98,-5.61,0.0,22.85
2016-03-23,3.47,9.79,-1.42,0.03,20.86
2016-03-24,5.02,11.04,0.51,0.0,18.53
2016-03-25,4.27,10.09,-0.75,0.27,20.79
2016-03-26,4.05,9.35,-0.23,0.97,18.49
2016-03-27,4.23,7.73,2.18,4.89,14.07
2016-03-28,2.13,5.2,-2.05,15.22,10.09
2016-03-29,-1.24,2.08,-5.51,5.48,12.54
2016-03-30,-0.53,6.0,-7.64,0.0,22.81
2016-03-31,-0.38,4.06,-4.9,0.03,20.62
2016-04-01,2.93,10.86,-5.5,0.0,24.47
2016-04-02,6.39,12.71,1.6,0.01,21.66
2016-04-03,4.3,10.29,-3.24,0.1,18.99
2016-04-04,4.27,12.47,-3.75,0.0,20.86
2016-04-05,7.75,14.11,2.56,0.0,23.58
2016-04-06,9.38,15.14,3.98,0.95,22.35
2016-04-07,9.03,14.77,3.02,4.53,20.46
2016-04-08,10.18,16.87,3.22,0.0,24.6
2016-04-09,11.41,16.21,7.64,0.74,22.56
2016-04-10,9.42,12.88,6.49,10.19,7.42
2016-04-11,7.97,11.33,4.26,8.95,10.73
2016-04-12,7.09,11.93,2.72,2.22,17.91
2016-04-13,6.57,12.19,0.19,0.53,17.5
2016-04-14,7.7,14.29,-0.41,0.2,19.34
2016-04-15,8.81,16.45,0.26,0.58,23.41
2016-04-16,7.9,14.69,0.8,4.91,21.83
2016-04-17,7.21,16.49,-2.68,0.0,26.25
2016-04-18,7.89,16.42,-0.16,0.0,27.13
2016-04-19,9.25,17.35,0.84,0.0,25.09
2016-04-20,11.52,18.74,4.7,0.12,25.06
2016-04-21,9.71,16.33,0.24,0.45,17.53
2016-04-22,5.89,14.88,-3.34,0.01,26.61
2016-04-23,9.23,16.68,0.6,0.0,28.81
2016-04-24,11.37,17.48,5.78,0.0,25.02
2016-04-25,10.69,16.06,6.33,0.28,10.38
2016-04-26,11.12,16.55,5.36,1.57,22.4
2016-04-27,11.93,18.01,7.05,0.77,19.62
2016-04-28,10.28,15.06,5.54,5.04,16.68
2016-04-29,9.57,15.29,2.5,0.09,21.63
2016-04-30,10.08,15.41,6.28,1.34,15.57
2016-05-01,10.59,15.87,4.55,0.59,21.26
2016-05-02,11.68,18.12,3.5,0.15,25.34
2016-05-03,10.92,15.08,6.37,1.66,15.12
2016-05-04,9.9,13.69,4.27,1.51,17.66
2016-05-05,8.81,13.97,3.38,0.47,19.44
2016-05-06,7.5,11.7,3.63,5.64,12.61
2016-05-07,6.17,10.05,2.74,2.13,14.5
2016-05-08,8.39,15.08,-0.12,0.07,21.95
2016-05-09,10.52,16.8,1.76,0.0,25.1
2016-05-10,11.02,16.27,3.92,2.16,21.15
2016-05-11,11.27,16.35,7.43,1.97,18.81
2016-05-12,11.71,16.54,6.46,2.36,22.63
2016-05-13,13.44,17.54,8.69,1.59,12.16
2016-05-14,14.86,19.77,8.87,1.16,24.18
2016-05-15,16.09,20.8,12.6,0.66,17.64
2016-05-16,14.93,19.75,11.53,0.76,25.15
2016-05-17,15.29,21.71,8.15,0.19,28.48
2016-05-18,14.28,20.79,7.16,0.9,23.1
2016-05-19,11.46,16.98,5.96,0.6,21.19
2016-05-20,11.45,18.25,2.67,0.0,27.9
2016-05-21,13.46,20.34,4.33,0.0,27.84
2016-05-22,15.68,21.31,8.92,0.0,28.56
2016-05-23,14.89,21.5,8.13,1.82,18.51
2016-05-24,10.23,15.01,5.2,2.48,19.37
2016-05-25,11.36,18.68,2.8,0.23,30.4
2016-05-26,10.82,15.16,6.68,1.94,16.0
2016-05-27,11.16,14.89,6.95,15.18,8.35
2016-05-28,12.13,17.47,7.04,1.77,18.66
2016-05-29,9.43,13.31,5.54,4.22,18.72
2016-05-30,10.08,15.44,4.83,2.95,18.75
2016-05-31,11.73,19.46,3.5,0.07,27.01
2016-06-01,12.67,19.38,4.53,0.46,21.95
2016-06-02,13.75,21.58,5.19,0.0,30.62
2016-06-03,15.57,21.39,7.73,0.0,28.26
2016-06-04,17.03,22.21,11.86,0.17,27.9
2016-06-05,15.78,21.75,9.83,1.61,21.65
2016-06-06,15.46,22.59,7.1,0.0,28.87
2016-06-07,13.43,17.08,8.41,3.52,9.21
2016-06-08,12.38,17.94,5.61,5.51,19.59
2016-06-09,13.37,18.82,8.28,3.18,14.97
2016-06-10,13.58,19.52,8.52,1.79,25.5
2016-06-11,13.63,20.05,6.14,0.08,26.09
2016-06-12,13.25,21.32,4.37,0.0,33.54
2016-06-13,15.6,22.87,5.74,0.0,32.53
2016-06-14,18.86,25.03,12.35,0.0,30.31
2016-06-15,18.87,25.36,11.97,3.32,23.39
2016-06-16,14.69,20.54,9.48,1.24,18.39
2016-06-17,14.96,21.39,8.81,0.63,14.44
2016-06-18,15.25,19.64,10.42,0.46,19.4
2016-06-19,15.56,21.01,9.9,1.03,22.5
2016-06-20,17.42,24.62,9.55,0.0,26.56
2016-06-21,19.02,25.23,12.93,0.01,26.8
2016-06-22,19.43,26.83,12.51,0.0,29.71
2016-06-23,20.17,27.93,12.73,0.03,28.42
2016-06-24,20.74,28.15,12.8,0.76,27.43
2016-06-25,21.05,27.78,13.1,0.0,29.72
2016-06-26,21.71,29.24,13.72,0.0,29.67
2016-06-27,23.14,30.87,14.22,0.01,28.19
2016-06-28,22.59,29.37,16.82,0.01,30.07
2016-06-29,22.62,29.06,15.55,1.14,28.92
2016-06-30,22.95,29.32,17.54,0.22,29.6
2016-07-01,20.87,28.41,13.06,0.0,26.95
2016-07-02,20.79,28.69,12.98,0.0,29.44
2016-07-03,21.94,29.74,13.89,0.02,28.29
2016-07-04,22.13,29.69,14.36,0.71,27.32
2016-07-05,21.66,28.68,15.07,0.36,24.43
2016-07-06,19.92,25.16,15.23,0.33,23.02
2016-07-07,22.06,29.25,12.94,1.03,28.19
2016-07-08,20.28,26.49,13.35,5.33,22.71
2016-07-09,20.01,28.31,11.13,0.01,28.46
2016-07-10,21.09,29.75,12.48,0.0,29.35
2016-07-11,17.32,25.53,10.07,0.0,31.78
2016-07-12,17.67,26.87,8.33,0.0,32.08
2016-07-13,20.9,30.29,12.09,0.0,29.04
2016-07-14,22.53,31.28,13.33,0.0,31.37
2016-07-15,23.75,32.31,14.15,0.0,26.6
2016-07-16,25.04,33.36,16.27,0.0,28.61
2016-07-17,26.14,34.18,18.47,0.0,25.62
2016-07-18,26.86,35.58,18.43,0.0,23.87
2016-07-19,26.23,33.31,18.61,0.25,24.99
2016-07-20,26.07,34.04,17.64,0.01,27.5
2016-07-21,24.53,32.49,16.57,0.0,29.55
2016-07-22,24.12,31.47,16.79,0.0,28.71
2016-07-23,23.02,32.34,14.6,0.0,30.35
2016-07-24,22.26,32.08,13.65,0.0,28.89
2016-07-25,21.88,31.42,12.22,0.0,30.27
2016-07-26,23.85,32.85,14.26,0.0,27.89
2016-07-27,24.27,32.96,15.14,0.0,27.77
2016-07-28,23.42,32.83,14.25,0.0,28.39
2016-07-29,23.31,32.31,14.45,0.0,28.84
2016-07-30,23.85,32.46,14.54,0.01,26.52
2016-07-31,23.44,31.96,14.28,0.71,26.23
2016-08-01,23.67,31.89,14.82,0.43,26.97
2016-08-02,23.73,32.77,14.01,0.0,29.55
2016-08-03,24.56,33.89,14.39,0.0,28.85
2016-08-04,25.37,34.72,16.34,0.04,28.48
2016-08-05,25.87,35.17,16.67,0.11,22.78
2016-08-06,26.21,34.98,17.16,0.05,27.21
2016-08-07,25.69,32.86,18.98,0.23,22.03
2016-08-08,24.8,33.02,16.86,0.58,23.65
2016-08-09,25.71,34.23,17.2,0.0,27.12
2016-08-10,26.17,34.97,16.79,0.0,27.76
2016-08-11,26.43,34.3,19.46,0.05,25.77
2016-08-12,25.41,33.61,16.14,0.02,24.26
2016-08-13,26.21,34.03,17.67,0.27,23.37
2016-08-14,25.01,32.47,18.08,0.0,26.01
2016-08-15,24.42,32.83,15.29,0.0,24.25
2016-08-16,25.41,33.65,17.3,0.0,21.93
2016-08-17,24.42,30.94,18.74,0.19,18.02
2016-08-18,23.05,31.56,13.24,0.0,23.59
2016-08-19,25.38,34.49,15.59,0.0,25.85
2016-08-20,27.06,35.08,17.26,0.0,23.28
2016-08-21,26.68,35.0,17.8,0.0,24.25
2016-08-22,25.57,33.7,16.47,0.28,22.29
2016-08-23,25.27,32.69,18.13,0.0,26.37
2016-08-24,24.95,33.04,16.45,0.0,26.13
2016-08-25,25.2,33.4,16.3,0.01,20.56
2016-08-26,25.78,32.91,20.29,0.01,20.43
2016-08-27,25.23,33.39,17.68,0.0,22.33
2016-08-28,24.63,32.91,17.6,0.0,24.9
2016-08-29,24.11,32.11,16.39,0.0,25.03
2016-08-30,25.44,33.42,18.99,0.0,22.14
2016-08-31,24.77,32.43,16.68,0.0,24.28
2016-09-01,20.8,29.37,13.97,0.0,23.24
2016-09-02,20.54,29.4,12.71,0.01,24.03
2016-09-03,20.89,27.41,14.21,0.02,20.61
2016-09-04,20.49,26.39,15.61,2.16,16.51
2016-09-05,19.42,25.79,12.82,0.31,20.5
2016-09-06,18.82,26.57,12.53,0.55,23.89
2016-09-07,17.24,26.87,8.39,0.0,24.85
2016-09-08,18.46,27.9,9.64,0.0,23.16
2016-09-09,19.7,29.04,10.55,0.0,23.4
2016-09-10,19.77,29.31,10.36,0.0,24.51
2016-09-11,20.0,29.14,11.51,0.0,23.77
2016-09-12,19.17,28.35,10.7,0.0,23.43
2016-09-13,19.41,28.6,11.33,0.0,22.01
2016-09-14,19.01,25.69,12.95,0.07,20.14
2016-09-15,19.15,25.37,14.28,1.51,18.16
2016-09-16,14.06,18.53,9.56,13.35,6.48
2016-09-17,13.58,20.71,8.35,0.01,17.39
2016-09-18,14.61,23.19,6.43,0.0,23.37
2016-09-19,15.45,24.07,6.86,0.0,22.12
2016-09-20,16.63,24.54,10.28,0.0,20.52
2016-09-21,14.54,18.41,11.01,0.64,8.19
2016-09-22,13.82,19.28,7.97,2.26,10.32
2016-09-23,12.34,18.11,7.36,8.13,7.35
2016-09-24,8.1,15.16,2.97,0.85,18.1
2016-09-25,9.51,17.96,1.19,0.0,21.81
2016-09-26,11.77,18.48,4.69,0.0,21.02
2016-09-27,13.75,20.68,9.19,0.0,20.46
2016-09-28,10.65,19.3,4.49,0.0,18.88
2016-09-29,8.93,17.56,2.56,0.01,17.32
2016-09-30,8.52,15.89,2.0,0.0,13.5
2016-10-01,10.91,21.16,2.78,0.0,19.7
2016-10-02,13.2,22.61,4.09,0.0,20.57
2016-10-03,14.79,22.53,8.14,0.0,20.24
2016-10-04,15.49,22.95,8.27,0.0,19.36
2016-10-05,15.58,23.37,8.42,0.0,19.14
2016-10-06,15.76,23.63,9.25,0.0,18.97
2016-10-07,15.73,22.92,10.5,0.0,18.61
2016-10-08,15.12,22.58,10.28,0.0,18.71
2016-10-09,15.46,22.7,9.08,0.0,18.19
2016-10-10,14.64,22.51,7.83,0.0,17.54
2016-10-11,14.26,20.74,9.69,0.0,14.77
2016-10-12,14.15,21.59,8.62,0.62,15.56
2016-10-13,15.28,21.55,10.9,0.01,14.77
2016-10-14,13.62,20.0,6.73,0.01,12.52
2016-10-15,8.55,16.8,3.18,0.0,15.65
2016-10-16,8.94,18.02,0.2,0.0,17.52
2016-10-17,11.07,18.03,5.33,0.17,12.29
2016-10-18,10.65,17.21,4.72,1.68,11.07
2016-10-19,10.49,15.26,6.39,0.07,11.05
2016-10-20,9.95,17.43,3.27,0.0,13.39
2016-10-21,9.61,17.44,1.5,0.0,15.71
2016-10-22,10.46,17.86,4.51,0.0,15.9
2016-10-23,10.83,18.11,4.63,0.0,15.8
2016-10-24,9.54,16.8,3.29,0.1,10.68
2016-10-25,8.25,15.4,2.24,0.14,11.85
2016-10-26,7.37,13.63,1.87,0.14,12.6
2016-10-27,8.47,14.88,2.62,0.0,13.0
2016-10-28,7.86,10.5,5.51,3.0,6.35
2016-10-29,8.58,15.66,4.32,0.16,8.89
2016-10-30,7.89,13.17,3.76,0.9,6.73
2016-10-31,5.22,8.33,2.9,2.22,6.62
2016-11-01,1.07,4.17,-4.88,24.9,4.31
2016-11-02,-2.87,2.43,-8.49,0.94,10.12
2016-11-03,-0.31,7.56,-8.57,0.0,12.82
2016-11-04,2.98,10.3,-2.47,0.0,13.88
2016-11-05,4.37,12.06,-1.15,0.0,13.54
2016-11-06,3.82,12.05,-1.61,0.0,12.67
2016-11-07,5.13,12.73,-0.97,0.0,12.34
2016-11-08,7.16,13.42,2.68,0.0,12.63
2016-11-09,8.6,15.06,4.36,0.0,10.31
2016-11-10,7.02,13.79,3.89,0.0,9.28
2016-11-11,7.02,13.97,2.0,0.0,12.43
2016-11-12,7.5,14.97,1.51,0.0,11.82
2016-11-13,7.53,13.5,4.25,0.14,9.52
2016-11-14,8.23,14.01,4.81,0.0,10.42
2016-11-15,6.99,10.46,4.89,0.0,8.62
2016-11-16,5.18,8.88,2.09,5.64,5.42
2016-11-17,0.04,6.78,-5.7,0.81,7.56
2016-11-18,-1.75,6.4,-6.17,0.0,10.34
2016-11-19,0.47,9.87,-4.98,0.0,12.05
2016-11-20,0.39,9.01,-3.83,0.0,12.08
2016-11-21,-0.36,8.24,-4.61,0.0,11.9
2016-11-22,-1.38,6.62,-5.08,0.0,11.77
2016-11-23,0.31,9.89,-4.21,0.0,11.52
2016-11-24,-0.25,7.86,-5.23,0.0,11.17
2016-11-25,1.36,8.53,-2.39,0.0,11.42
2016-11-26,0.45,6.13,-2.79,0.0,11.08
2016-11-27,0.11,5.22,-2.51,0.0,10.79
2016-11-28,-0.19,5.07,-2.7,0.0,10.48
2016-11-29,-0.15,4.66,-3.0,0.0,8.06
2016-11-30,-2.2,0.39,-3.62,10.33,1.2
2016-12-01,-1.39,0.57,-3.62,25.68,1.34
2016-12-02,-1.01,0.76,-7.39,20.71,2.44
2016-12-03,-6.84,-1.83,-10.72,0.6,2.93
2016-12-04,-3.65,-0.52,-7.62,0.58,7.62
2016-12-05,-4.42,-0.28,-15.87,0.94,7.43
2016-12-06,-13.1,-5.04,-19.48,0.0,11.15
2016-12-07,-9.41,-2.47,-14.94,0.0,9.63
2016-12-08,-14.22,-8.05,-17.84,0.0,10.83
2016-12-09,-10.17,-2.03,-17.95,0.0,9.72
2016-12-10,-6.72,-1.2,-12.96,0.62,8.03
2016-12-11,-7.16,-1.1,-11.49,0.01,8.18
2016-12-12,-5.19,-0.66,-9.68,0.55,9.36
2016-12-13,-3.65,-1.83,-5.07,13.73,9.35
2016-12-14,-7.55,-4.03,-12.43,31.69,6.37
2016-12-15,-11.12,-6.35,-15.17,0.65,10.7
2016-12-16,-10.63,-6.41,-13.98,1.58,8.5
2016-12-17,-14.81,-5.73,-21.93,0.14,9.94
2016-12-18,-17.93,-7.11,-23.12,0.01,9.97
2016-12-19,-16.86,-6.31,-22.36,0.02,10.54
2016-12-20,-14.03,-5.21,-21.08,0.0,10.72
2016-12-21,-11.48,-6.82,-14.79,0.0,9.42
2016-12-22,-10.16,-2.99,-14.24,0.0,9.4
2016-12-23,-9.28,-2.02,-14.69,0.16,8.64
2016-12-24,-2.55,0.06,-7.04,7.46,5.83
2016-12-25,-1.84,-0.15,-3.37,11.53,6.0
2016-12-26,-3.23,-1.16,-4.75,2.58,6.26
2016-12-27,-3.66,-1.01,-6.8,0.67,6.47
2016-12-28,-5.73,-1.3,-7.99,0.12,6.79
2016-12-29,-5.45,-1.71,-9.89,0.44,5.59
2016-12-30,-8.01,-1.89,-11.33,0.0,8.02
2016-12-31,-6.06,-1.0,-10.9,1.6,9.28
2017-01-01,-6.25,-3.21,-11.76,1.65,8.88
2017-01-02,-11.45,-5.21,-16.44,0.04,10.77
2017-01-03,-8.68,-4.35,-12.55,0.37,7.92
2017-01-04,-9.41,-4.96,-11.8,0.02,9.13
2017-01-05,-9.21,-4.88,-12.2,0.62,8.87
2017-01-06,-6.5,-1.7,-9.81,1.68,9.09
2017-01-07,-6.76,-1.57,-10.26,0.02,10.13
2017-01-08,-5.08,-0.78,-9.69,0.26,8.58
2017-01-09,-4.68,-1.74,-8.23,3.1,9.36
2017-01-10,-7.78,-2.74,-15.12,1.36,10.96
2017-01-11,-9.36,-2.25,-14.87,0.0,10.51
2017-01-12,-9.28,-2.24,-13.97,0.0,11.72
2017-01-13,-9.19,-3.21,-18.2,0.22,9.87
2017-01-14,-12.94,-5.09,-19.34,0.0,10.41
2017-01-15,-8.07,-2.7,-12.99,0.01,10.1
2017-01-16,-7.56,-1.68,-13.29,0.0,10.64
2017-01-17,-5.35,-0.78,-8.27,0.0,10.64
2017-01-18,-4.88,-0.87,-7.64,0.0,9.24
2017-01-19,-6.46,-0.1,-12.51,0.0,11.2
2017-01-20,-7.74,-1.37,-13.05,0.05,11.1
2017-01-21,-10.63,-3.03,-16.14,0.0,12.12
2017-01-22,-12.21,-3.91,-17.07,0.0,12.5
2017-01-23,-11.9,-3.12,-17.37,0.0,12.71
2017-01-24,-10.44,-2.33,-17.16,0.0,13.41
2017-01-25,-6.92,-3.5,-9.42,5.73,10.72
2017-01-26,-5.65,-2.09,-9.23,5.78,10.73
2017-01-27,-7.99,-5.19,-11.29,14.52,9.44
2017-01-28,-11.3,-7.74,-15.09,5.52,10.52
2017-01-29,-15.16,-7.12,-22.48,0.01,13.2
2017-01-30,-14.29,-8.68,-19.05,0.26,13.01
2017-01-31,-11.46,-7.15,-15.27,11.51,11.19
2017-02-01,-12.01,-8.48,-16.62,11.47,8.84
2017-02-02,-14.45,-5.64,-19.94,0.07,14.41
2017-02-03,-11.62,-1.66,-20.25,0.0,14.83
2017-02-04,-9.61,-3.21,-13.1,0.0,13.4
2017-02-05,-7.25,-3.33,-10.35,0.13,10.74
2017-02-06,-7.59,-2.55,-10.68,0.0,9.67
2017-02-07,-6.36,-0.83,-10.7,0.0,11.84
2017-02-08,-5.69,-0.97,-9.93,0.02,13.64
2017-02-09,-4.0,-0.85,-7.98,0.74,11.55
2017-02-10,-5.75,-0.31,-10.71,0.0,13.53
2017-02-11,-9.43,-1.3,-15.41,0.0,14.64
2017-02-12,-9.72,-1.74,-16.41,0.01,15.37
2017-02-13,-9.12,-3.46,-12.93,0.58,15.94
2017-02-14,-9.25,-4.95,-12.56,0.53,14.97
2017-02-15,-11.3,-5.18,-16.9,1.44,14.25
2017-02-16,-14.0,-6.79,-20.24,0.0,15.96
2017-02-17,-16.13,-7.83,-22.08,0.0,16.63
2017-02-18,-13.68,-5.05,-24.03,0.0,17.58
2017-02-19,-7.41,-0.62,-13.9,0.0,17.8
2017-02-20,-5.4,-0.25,-9.85,0.0,17.74
2017-02-21,-5.34,-1.2,-8.97,0.0,17.71
2017-02-22,-3.69,-0.25,-7.34,0.57,14.58
2017-02-23,-3.49,-0.59,-5.61,0.36,16.34
2017-02-24,-3.4,-0.37,-6.2,0.0,18.32
2017-02-25,-2.83,-0.21,-5.97,0.0,17.78
2017-02-26,-2.0,0.89,-5.12,0.0,16.26
2017-02-27,-1.24,2.06,-4.29,0.0,15.53
2017-02-28,-0.15,4.42,-3.13,0.0,17.61
2017-03-01,-0.2,4.12,-4.01,0.0,14.86
2017-03-02,0.56,2.37,-0.82,0.26,13.35
2017-03-03,0.57,3.47,-1.48,2.87,10.95
2017-03-04,0.15,3.53,-4.31,7.89,8.33
2017-03-05,-0.67,5.97,-6.13,0.05,19.0
2017-03-06,0.09,7.42,-4.82,0.0,20.07
2017-03-07,1.67,8.25,-3.7,0.0,19.91
2017-03-08,2.59,8.23,-2.31,0.08,20.01
2017-03-09,3.83,8.89,-0.26,0.0,19.3
2017-03-10,4.1,10.24,-1.2,0.0,18.34
2017-03-11,2.38,7.52,-0.45,2.78,9.41
2017-03-12,1.93,5.93,-0.66,4.12,15.11
2017-03-13,1.59,5.26,-0.41,8.89,8.23
2017-03-14,1.81,5.83,-0.94,6.54,13.23
2017-03-15,-1.11,1.42,-4.57,4.97,15.87
2017-03-16,-1.21,5.0,-5.79,1.48,19.45
2017-03-17,-1.58,1.78,-5.35,6.63,17.46
2017-03-18,-1.83,0.85,-7.42,15.19,14.48
2017-03-19,-2.65,5.02,-11.1,0.51,23.16
2017-03-20,-1.19,3.24,-7.81,1.7,19.52
2017-03-21,-2.86,1.72,-7.64,0.08,19.38
2017-03-22,-1.95,1.03,-5.31,3.57,21.46
2017-03-23,-0.71,6.79,-7.61,0.0,24.18
2017-03-24,2.28,9.76,-4.13,0.0,24.6
2017-03-25,4.34,11.36,-1.05,0.0,24.31
2017-03-26,4.75,10.47,0.75,0.01,22.0
2017-03-27,4.37,9.01,-0.39,0.2,20.58
2017-03-28,3.81,8.0,0.57,0.46,20.97
2017-03-29,4.75,12.76,-3.27,0.0,24.83
2017-03-30,6.24,12.1,1.89,0.24,23.84
2017-03-31,4.91,9.33,1.96,6.86,19.21
2017-04-01,4.04,7.54,1.03,8.6,10.96
2017-04-02,3.41,9.11,-2.13,2.74,15.23
2017-04-03,1.27,4.68,-2.46,8.8,9.77
2017-04-04,4.95,12.67,-3.55,0.0,23.84
2017-04-05,6.51,13.07,0.68,0.0,21.43
2017-04-06,6.21,13.07,0.38,0.01,19.57
2017-04-07,4.04,8.49,0.92,4.65,14.83
2017-04-08,3.94,8.5,0.11,1.19,17.65
2017-04-09,2.08,6.05,-4.12,8.15,18.08
2017-04-10,0.66,7.95,-6.48,0.01,21.83
2017-04-11,2.57,7.92,-3.15,0.0,20.43
2017-04-12,4.46,12.56,-4.82,0.22,23.03
2017-04-13,7.05,10.41,3.18,13.74,9.83
2017-04-14,8.8,12.29,5.33,11.3,13.45
2017-04-15,6.59,9.8,3.74,3.03,14.23
2017-04-16,6.77,13.38,-0.66,0.0,20.68
2017-04-17,7.01,11.91,1.8,2.88,19.24
2017-04-18,5.72,11.51,3.04,7.73,10.98
2017-04-19,6.83,12.18,3.56,0.34,19.03
2017-04-20,7.27,11.93,3.48,0.32,18.8
2017-04-21,8.12,13.84,3.15,0.0,16.11
2017-04-22,9.3,16.23,2.23,0.0,20.88
2017-04-23,9.76,15.82,2.79,2.87,11.91
2017-04-24,5.15,12.63,-2.13,0.22,27.3
2017-04-25,3.7,12.32,-4.15,0.0,28.29
2017-04-26,6.57,15.24,-3.28,0.0,29.42
2017-04-27,9.27,16.29,-0.26,0.0,28.6
2017-04-28,11.02,17.27,3.93,0.01,22.66
2017-04-29,9.8,15.09,3.78,1.84,17.61
2017-04-30,10.53,16.07,3.34,0.0,24.86
2017-05-01,12.42,19.89,4.37,0.07,24.1
2017-05-02,9.19,14.42,6.03,5.43,9.48
2017-05-03,8.93,12.22,6.42,1.44,14.74
2017-05-04,9.87,15.14,4.75,0.47,17.24
2017-05-05,10.17,15.59,4.46,3.76,19.5
2017-05-06,10.32,14.58,6.03,0.63,21.43
2017-05-07,8.96,12.81,5.12,4.87,14.61
2017-05-08,9.0,14.25,2.92,0.36,17.01
2017-05-09,11.19,16.7,5.91,0.26,19.12
2017-05-10,13.33,20.09,6.67,0.04,19.85
2017-05-11,13.46,20.04,5.66,0.09,23.86
2017-05-12,11.14,19.48,2.79,0.0,31.12
2017-05-13,13.66,21.34,3.97,0.0,30.02
2017-05-14,16.59,21.92,11.08,0.72,23.92
2017-05-15,12.88,19.04,6.12,1.54,19.67
2017-05-16,10.58,18.24,3.18,0.08,24.57
2017-05-17,12.26,19.57,2.92,0.0,29.06
2017-05-18,14.35,20.77,8.57,0.15,24.22
2017-05-19,15.18,20.3,10.8,2.34,13.23
2017-05-20,10.81,14.81,7.66,3.58,16.35
2017-05-21,9.36,14.32,5.44,1.87,17.76
2017-05-22,9.93,16.01,3.05,0.48,22.07
2017-05-23,7.95,11.61,5.22,11.28,7.7
2017-05-24,10.04,16.83,4.21,0.73,26.75
2017-05-25,10.85,17.24,2.56,0.0,31.19
2017-05-26,13.13,18.41,7.69,2.79,23.09
2017-05-27,13.47,18.6,6.94,1.13,23.4
2017-05-28,13.44,19.47,5.98,0.7,27.64
2017-05-29,15.57,22.43,8.65,0.0,28.0
2017-05-30,15.04,21.98,8.36,0.0,30.49
2017-05-31,14.07,20.39,7.63,0.16,27.09
2017-06-01,11.53,15.81,6.59,2.11,18.08
2017-06-02,12.09,20.23,3.49,0.0,26.17
2017-06-03,14.15,22.12,3.33,0.0,32.46
2017-06-04,17.0,23.83,7.0,0.0,29.99
2017-06-05,19.16,25.51,11.47,0.0,30.6
2017-06-06,19.3,27.34,10.71,1.38,26.61
2017-06-07,18.0,24.48,11.37,0.0,28.31
2017-06-08,18.2,26.07,9.42,0.0,32.35
2017-06-09,20.04,27.36,10.83,0.0,31.56
2017-06-10,19.54,26.58,12.3,0.02,30.6
2017-06-11,17.09,24.86,8.34,0.0,30.28
2017-06-12,17.17,24.75,8.29,0.0,28.13
2017-06-13,18.5,26.06,8.53,0.0,32.1
2017-06-14,18.47,25.69,11.16,1.03,18.97
2017-06-15,16.28,23.09,9.94,0.47,24.89
2017-06-16,16.41,23.54,9.37,0.06,24.51
2017-06-17,16.01,24.42,6.14,0.0,32.71
2017-06-18,19.2,25.54,12.8,0.0,30.25
2017-06-19,19.04,26.61,12.25,0.02,26.22
2017-06-20,17.07,23.55,11.44,0.48,25.14
2017-06-21,16.14,24.06,7.15,0.16,25.1
2017-06-22,15.39,21.54,9.19,1.13,25.1
2017-06-23,16.48,25.32,6.97,0.01,30.18
2017-06-24,18.71,27.37,9.02,0.0,32.03
2017-06-25,20.11,28.67,10.82,0.0,32.23
2017-06-26,22.42,31.16,11.98,0.0,31.75
2017-06-27,24.67,32.49,15.1,0.0,31.84
2017-06-28,24.56,33.39,14.63,0.0,31.08
2017-06-29,23.81,32.12,14.86,0.01,30.6
2017-06-30,22.62,31.3,14.97,0.0,31.52
2017-07-01,22.35,30.84,14.18,0.0,31.38
2017-07-02,23.38,32.09,14.31,0.0,31.62
2017-07-03,25.38,33.58,15.22,0.0,30.2
2017-07-04,26.92,34.55,18.28,0.0,30.02
2017-07-05,25.06,33.54,15.98,0.04,29.1
2017-07-06,24.88,34.21,15.69,0.0,29.51
2017-07-07,21.8,30.66,14.23,0.01,24.59
2017-07-08,20.83,30.59,11.2,0.0,31.26
2017-07-09,22.29,31.83,11.81,0.0,31.53
2017-07-10,23.32,33.02,12.46,0.0,31.06
2017-07-11,23.96,33.15,14.11,0.0,30.81
2017-07-12,24.72,33.46,15.15,0.0,29.97
2017-07-13,25.05,33.08,16.69,0.02,27.54
2017-07-14,24.31,32.05,16.31,0.0,29.42
2017-07-15,24.24,33.1,15.38,0.0,28.52
2017-07-16,24.92,33.67,14.93,0.01,28.37
2017-07-17,26.62,34.78,16.39,0.0,30.61
2017-07-18,27.15,35.11,18.61,0.0,30.06
2017-07-19,26.83,34.15,19.57,0.0,29.99
2017-07-20,25.45,34.97,15.17,0.0,29.49
2017-07-21,26.14,35.07,16.12,0.0,30.23
2017-07-22,27.21,35.3,18.84,0.0,29.5
2017-07-23,24.95,33.61,16.55,0.0,29.85
2017-07-24,24.4,33.28,15.66,0.48,28.08
2017-07-25,23.56,31.78,15.11,0.54,27.25
2017-07-26,23.77,33.21,14.39,0.0,30.17
2017-07-27,25.19,34.66,14.39,0.0,30.48
2017-07-28,26.38,34.07,19.77,0.0,29.28
2017-07-29,25.56,32.73,18.87,0.0,29.73
2017-07-30,25.13,34.58,15.2,0.0,28.93
2017-07-31,26.33,35.9,16.59,0.01,28.48
2017-08-01,27.74,36.6,17.72,0.12,27.83
2017-08-02,27.79,36.43,17.99,0.31,26.76
2017-08-03,26.98,35.9,17.2,0.0,24.28
2017-08-04,26.29,34.3,18.36,0.0,28.76
2017-08-05,25.2,33.7,16.6,0.0,29.44
2017-08-06,25.32,33.33,16.96,0.0,29.49
2017-08-07,26.14,33.8,18.43,0.0,29.32
2017-08-08,26.28,34.94,18.53,0.0,29.04
2017-08-09,26.6,35.9,16.63,0.0,28.01
2017-08-10,27.76,36.18,18.61,0.0,26.79
2017-08-11,27.2,35.09,18.12,0.0,27.33
2017-08-12,26.82,34.63,18.19,0.0,26.19
2017-08-13,25.47,32.19,18.38,0.0,27.5
2017-08-14,25.8,33.87,17.17,0.0,26.71
2017-08-15,25.19,33.96,16.71,0.01,25.89
2017-08-16,23.92,30.55,17.4,2.47,17.11
2017-08-17,22.79,30.66,15.9,2.16,21.22
2017-08-18,23.57,31.68,14.98,0.02,23.73
2017-08-19,23.77,31.78,14.97,0.0,27.01
2017-08-20,24.36,32.36,16.75,0.0,27.64
2017-08-21,24.61,32.54,18.25,0.0,26.73
2017-08-22,24.33,32.34,16.93,0.0,26.53
2017-08-23,23.84,32.72,15.39,0.0,25.89
2017-08-24,23.32,32.45,14.51,0.0,26.19
2017-08-25,23.57,33.36,14.06,0.0,25.79
2017-08-26,23.68,32.79,14.69,0.0,25.31
2017-08-27,24.17,33.01,16.29,0.0,25.01
2017-08-28,23.82,31.77,16.19,0.0,25.28
2017-08-29,22.39,29.52,14.93,0.0,25.18
2017-08-30,22.84,29.91,17.51,0.0,25.71
2017-08-31,22.27,29.59,15.24,0.0,25.37
2017-09-01,23.12,31.03,15.6,0.0,24.64
2017-09-02,22.01,31.08,13.07,0.0,24.89
2017-09-03,22.0,31.54,12.55,0.0,25.35
2017-09-04,23.87,32.85,15.33,0.0,25.25
2017-09-05,23.7,32.18,15.58,0.0,24.4
2017-09-06,21.88,29.33,15.61,0.0,23.68
2017-09-07,17.58,24.58,10.29,0.15,18.46
2017-09-08,18.56,29.38,7.11,0.0,25.21
2017-09-09,21.87,31.55,12.38,0.0,24.79
2017-09-10,22.84,32.25,14.76,0.0,24.7
2017-09-11,21.29,31.29,11.97,0.0,23.93
2017-09-12,21.78,31.33,12.09,0.0,23.77
2017-09-13,22.99,31.52,15.6,0.0,22.69
2017-09-14,22.91,32.0,13.25,0.0,22.58
2017-09-15,22.83,31.38,13.95,0.0,21.94
2017-09-16,22.44,31.93,13.53,0.0,20.49
2017-09-17,21.9,30.82,13.85,0.0,22.06
2017-09-18,22.79,31.33,13.53,0.0,18.64
2017-09-19,22.71,30.52,15.42,0.0,17.63
2017-09-20,22.53,30.45,15.1,0.0,17.94
2017-09-21,23.01,30.0,18.49,0.0,18.35
2017-09-22,21.82,29.18,15.86,0.0,18.82
2017-09-23,19.44,26.32,13.02,0.0,21.57
2017-09-24,17.5,26.3,8.82,0.0,21.2
2017-09-25,19.39,26.09,14.2,0.0,20.17
2017-09-26,18.56,24.73,12.14,0.0,15.18
2017-09-27,18.05,25.05,12.05,0.0,16.8
2017-09-28,15.42,24.0,8.18,0.0,18.16
2017-09-29,15.06,22.81,7.46,0.0,15.9
2017-09-30,15.79,22.38,8.34,0.15,16.15
2017-10-01,14.92,20.86,9.85,0.32,16.48
2017-10-02,12.37,18.33,7.02,1.78,10.09
2017-10-03,10.22,18.2,3.44,0.18,12.51
2017-10-04,8.44,16.22,2.96,0.0,17.92
2017-10-05,9.08,17.59,1.51,0.0,20.01
2017-10-06,10.1,18.47,1.56,0.0,19.63
2017-10-07,11.99,19.56,6.23,0.0,19.33
2017-10-08,12.7,19.37,7.52,0.0,18.58
2017-10-09,13.3,18.9,8.62,0.92,7.52
2017-10-10,12.66,17.65,7.83,5.03,8.69
2017-10-11,10.82,17.6,4.23,0.15,12.04
2017-10-12,10.19,17.78,2.9,0.01,13.6
2017-10-13,9.65,17.12,1.57,0.13,16.98
2017-10-14,10.49,17.84,5.04,0.0,17.6
2017-10-15,7.69,16.08,0.96,0.0,16.62
2017-10-16,6.81,15.97,0.04,0.02,11.73
2017-10-17,5.58,15.22,-1.49,0.0,16.87
2017-10-18,8.65,17.31,0.62,0.0,16.71
2017-10-19,9.51,17.64,1.28,0.0,16.61
2017-10-20,10.66,17.62,6.05,0.0,16.2
2017-10-21,10.34,17.97,4.65,0.0,15.57
2017-10-22,10.17,16.68,5.74,0.0,15.46
2017-10-23,10.49,17.24,6.36,0.0,15.73
2017-10-24,10.4,17.54,4.57,0.0,14.66
2017-10-25,11.72,18.92,7.13,0.0,10.89
2017-10-26,12.0,18.75,7.2,0.0,14.1
2017-10-27,10.14,17.81,3.56,0.0,13.93
2017-10-28,6.77,14.7,1.8,12.7,5.22
2017-10-29,6.5,10.95,1.66,3.29,4.17
2017-10-30,6.98,10.17,2.98,11.08,3.9
2017-10-31,4.6,8.73,1.41,4.09,8.93
2017-11-01,3.7,9.99,-0.74,0.03,13.65
2017-11-02,2.0,9.34,-4.85,0.0,14.97
2017-11-03,4.68,11.9,-2.09,0.0,14.34
2017-11-04,5.39,10.78,0.85,0.0,11.76
2017-11-05,6.37,12.28,2.67,0.01,6.83
2017-11-06,4.7,8.5,1.36,10.74,2.91
2017-11-07,8.09,12.93,5.18,0.87,8.29
2017-11-08,7.68,12.29,4.21,3.13,7.81
2017-11-09,7.03,10.62,4.36,6.76,7.67
2017-11-10,6.74,12.53,3.2,0.01,10.9
2017-11-11,5.32,11.67,0.89,0.0,11.99
2017-11-12,4.84,10.93,0.92,0.0,12.17
2017-11-13,6.49,13.49,1.73,0.0,12.32
2017-11-14,7.35,13.66,2.27,0.0,10.7
2017-11-15,6.83,14.29,1.14,0.0,11.01
2017-11-16,5.98,13.85,-0.5,0.0,11.91
2017-11-17,5.5,12.68,-0.16,0.0,11.86
2017-11-18,4.99,12.17,0.58,0.0,11.61
2017-11-19,3.63,8.49,0.86,6.19,2.79
2017-11-20,3.59,6.82,0.1,5.29,3.04
2017-11-21,3.97,6.41,-0.07,12.9,2.67
2017-11-22,-1.91,1.59,-5.32,0.65,5.52
2017-11-23,-3.67,0.23,-6.46,1.4,5.54
2017-11-24,-4.5,0.09,-7.28,0.37,10.41
2017-11-25,-3.14,1.73,-5.53,0.0,10.53
2017-11-26,-2.34,2.28,-4.7,0.0,7.79
2017-11-27,-1.4,3.87,-5.42,0.0,8.68
2017-11-28,-0.12,4.12,-2.54,1.99,4.49
2017-11-29,0.0,1.74,-1.24,13.8,2.65
2017-11-30,-0.47,3.35,-4.83,0.58,6.04
2017-12-01,-0.74,7.1,-5.07,0.0,8.71
2017-12-02,1.4,8.8,-2.83,0.0,10.7
2017-12-03,3.45,11.03,-1.18,0.0,10.59
2017-12-04,4.59,10.94,1.13,0.0,10.07
2017-12-05,1.5,6.23,-2.24,0.09,7.72
2017-12-06,-2.31,0.25,-4.85,6.75,3.61
2017-12-07,-4.9,-1.01,-7.56,0.12,8.55
2017-12-08,-3.54,2.82,-8.07,0.01,8.97
2017-12-09,-2.35,2.13,-4.53,0.0,10.67
2017-12-10,-2.36,2.67,-5.15,0.0,10.13
2017-12-11,-1.07,4.47,-4.45,0.06,9.32
2017-12-12,0.46,8.26,-5.16,0.89,10.37
2017-12-13,3.27,9.75,0.31,0.0,9.73
2017-12-14,4.01,9.22,1.62,0.0,9.51
2017-12-15,2.69,7.66,-0.43,0.0,9.76
2017-12-16,1.63,6.42,-0.61,0.05,9.55
2017-12-17,0.71,4.47,-1.27,0.11,7.35
2017-12-18,0.87,4.56,-0.69,0.03,6.47
2017-12-19,0.62,2.94,-0.74,0.28,4.69
2017-12-20,0.82,1.99,-0.42,8.79,1.76
2017-12-21,3.4,6.72,1.36,0.05,8.77
2017-12-22,3.17,6.76,0.79,0.34,6.03
2017-12-23,1.69,4.35,0.06,12.34,5.15
2017-12-24,1.18,2.36,-0.09,8.87,2.5
2017-12-25,-1.84,3.3,-6.73,0.03,7.65
2017-12-26,-1.88,6.04,-6.78,0.0,9.72
2017-12-27,-0.29,6.92,-3.98,0.0,10.09
2017-12-28,-0.44,4.21,-2.76,0.0,9.32
2017-12-29,0.5,5.56,-2.26,0.26,9.04
2017-12-30,1.64,6.98,-0.74,9.31,5.47
2017-12-31,1.09,5.33,-0.94,3.42,4.63
2018-01-01,-0.25,2.72,-4.19,15.9,1.53
2018-01-02,-3.6,1.82,-7.94,0.24,6.95
2018-01-03,-3.98,1.19,-8.0,0.0,9.58
2018-01-04,-2.5,0.5,-4.89,8.75,5.75
2018-01-05,-2.94,0.22,-6.07,3.16,5.25
2018-01-06,-5.02,2.44,-9.7,0.0,9.27
2018-01-07,-4.64,2.83,-8.74,0.0,10.55
2018-01-08,-2.5,5.18,-7.56,0.0,10.12
2018-01-09,-2.89,4.78,-6.87,0.0,10.16
2018-01-10,-2.96,2.52,-9.72,0.0,10.94
2018-01-11,-2.81,0.07,-5.18,0.29,6.65
2018-01-12,-2.57,2.04,-5.75,0.01,8.12
2018-01-13,-1.57,3.38,-4.27,0.02,8.44
2018-01-14,-2.35,1.09,-5.09,1.62,10.35
2018-01-15,-2.56,2.07,-6.74,0.29,9.66
2018-01-16,-2.74,0.59,-5.23,1.1,9.03
2018-01-17,-3.92,0.21,-7.12,5.16,7.91
2018-01-18,-2.47,-0.53,-5.2,17.1,7.38
2018-01-19,-0.39,0.69,-1.77,21.26,2.76
2018-01-20,-5.72,-0.2,-12.3,0.08,9.82
2018-01-21,-6.0,-1.46,-10.48,0.0,10.45
2018-01-22,-5.17,-1.12,-7.92,0.11,6.67
2018-01-23,-4.22,-0.4,-9.73,2.09,12.59
2018-01-24,-1.64,-0.17,-3.89,5.45,6.57
2018-01-25,-0.81,0.03,-1.53,27.67,2.73
2018-01-26,-1.09,0.48,-4.18,8.15,5.52
2018-01-27,-3.51,-0.1,-8.26,1.74,8.87
2018-01-28,-8.02,-0.91,-14.06,0.0,11.9
2018-01-29,-9.49,-1.46,-15.81,0.0,12.41
2018-01-30,-9.72,-1.85,-15.94,0.0,11.78
2018-01-31,-6.79,-1.77,-11.2,0.0,12.17
2018-02-01,-6.4,-1.04,-11.08,0.0,13.46
2018-02-02,-5.8,-0.07,-11.72,0.0,14.07
2018-02-03,-2.95,0.38,-5.98,0.0,12.95
2018-02-04,-1.43,0.77,-4.26,0.0,9.94
2018-02-05,-0.77,1.95,-4.01,0.0,10.59
2018-02-06,-2.02,2.02,-6.24,0.0,13.44
2018-02-07,-4.25,1.8,-8.7,0.0,14.32
2018-02-08,-2.66,3.98,-9.84,0.0,14.02
2018-02-09,0.51,4.12,-2.83,0.13,12.75
2018-02-10,-1.14,4.17,-6.04,0.02,12.96
2018-02-11,1.3,5.51,-1.6,1.16,12.71
2018-02-12,0.94,4.3,-1.11,1.39,11.73
2018-02-13,0.11,2.85,-4.17,4.01,6.22
2018-02-14,-1.3,4.85,-6.31,0.0,15.54
2018-02-15,0.9,5.29,-2.58,0.0,13.6
2018-02-16,1.99,7.29,-2.89,0.31,15.89
2018-02-17,2.34,6.47,-0.37,11.96,13.27
2018-02-18,1.23,4.42,-2.89,24.37,9.42
2018-02-19,0.23,6.82,-6.08,0.09,16.31
2018-02-20,0.36,3.48,-1.79,1.52,12.78
2018-02-21,0.15,4.21,-2.11,3.96,11.81
2018-02-22,0.68,4.34,-2.22,0.83,15.85
2018-02-23,1.66,6.7,-3.12,0.0,17.3
2018-02-24,1.69,6.16,-1.39,0.25,16.65
2018-02-25,0.15,3.03,-2.11,9.79,9.58
2018-02-26,-0.54,3.64,-4.38,1.09,14.45
2018-02-27,0.42,3.24,-1.81,3.96,10.29
2018-02-28,2.02,6.96,-0.77,0.73,16.44
2018-03-01,0.51,3.82,-2.95,6.53,6.84
2018-03-02,-1.33,3.99,-5.46,0.03,12.01
2018-03-03,1.97,5.81,-0.8,1.31,9.25
2018-03-04,3.45,7.26,0.31,3.05,6.39
2018-03-05,4.2,8.91,1.1,0.94,8.82
2018-03-06,4.68,9.34,1.54,1.31,7.91
2018-03-07,5.09,9.18,2.01,0.13,14.97
2018-03-08,4.35,5.68,2.66,8.46,5.88
2018-03-09,2.71,5.12,-4.34,14.06,6.4
2018-03-10,1.36,8.74,-5.46,0.0,14.64
2018-03-11,3.32,8.99,-2.17,0.0,16.23
2018-03-12,4.86,11.3,-1.44,0.0,19.16
2018-03-13,5.43,10.84,1.29,0.02,15.97
2018-03-14,4.25,8.07,0.92,2.13,12.72
2018-03-15,4.05,9.02,0.15,0.42,14.68
2018-03-16,2.71,5.35,-2.18,1.98,14.17
2018-03-17,2.98,10.55,-3.83,0.0,20.63
2018-03-18,6.89,14.88,0.11,0.0,18.32
2018-03-19,7.57,12.96,3.47,0.0,19.64
2018-03-20,7.23,13.58,2.78,0.0,17.31
2018-03-21,6.73,13.15,2.16,0.31,17.66
2018-03-22,6.99,12.93,2.98,0.0,15.38
2018-03-23,6.79,13.58,2.57,0.0,17.46
2018-03-24,6.42,10.73,2.92,3.29,9.31
2018-03-25,4.97,9.88,1.49,0.0,18.51
2018-03-26,6.15,11.37,1.52,0.0,20.11
2018-03-27,7.17,13.33,2.15,0.0,16.3
2018-03-28,8.66,14.62,3.42,0.72,19.88
2018-03-29,8.4,13.32,3.72,7.32,4.18
2018-03-30,4.03,7.59,-0.77,3.9,11.72
2018-03-31,4.42,11.38,-3.18,0.0,19.47
2018-04-01,7.23,13.88,-0.71,0.0,23.1
2018-04-02,7.96,14.01,3.04,0.67,23.49
2018-04-03,5.0,11.93,-2.67,0.74,15.98
2018-04-04,3.26,12.65,-5.12,0.33,22.77
2018-04-05,6.44,15.0,-2.81,0.0,24.79
2018-04-06,8.05,15.24,-0.8,0.0,25.72
2018-04-07,10.59,16.97,4.21,0.0,25.76
2018-04-08,11.73,17.85,5.41,0.0,22.22
2018-04-09,11.78,17.5,6.5,0.0,20.39
2018-04-10,7.71,12.8,3.35,3.95,11.63
2018-04-11,8.53,14.74,3.39,5.33,15.55
2018-04-12,9.35,14.47,2.88,0.57,19.02
2018-04-13,10.93,17.77,4.34,1.24,19.55
2018-04-14,8.34,16.16,1.54,0.14,22.68
2018-04-15,6.34,15.21,-1.44,0.0,27.95
2018-04-16,6.86,15.25,-2.88,0.0,28.02
2018-04-17,8.53,17.04,-1.71,0.0,26.79
2018-04-18,10.28,18.04,1.85,0.0,22.58
2018-04-19,11.93,18.2,6.84,0.1,21.7
2018-04-20,9.18,14.89,3.96,0.19,20.21
2018-04-21,5.4,10.21,1.36,3.24,16.05
2018-04-22,6.2,14.07,-1.58,0.02,24.47
2018-04-23,7.34,16.04,-1.55,0.0,28.16
2018-04-24,9.41,15.98,2.28,0.0,25.15
2018-04-25,11.91,17.42,6.12,0.0,23.71
2018-04-26,12.72,18.96,4.4,0.0,25.01
2018-04-27,10.89,17.1,5.12,16.96,19.99
2018-04-28,10.44,16.1,4.97,2.89,15.27
2018-04-29,11.07,16.57,4.83,2.03,16.21
2018-04-30,11.8,17.47,4.58,0.11,21.49
2018-05-01,11.81,16.85,7.22,0.62,20.29
2018-05-02,12.0,16.63,6.3,0.14,20.67
2018-05-03,12.42,17.16,6.92,1.33,15.81
2018-05-04,12.33,16.2,8.22,3.62,13.98
2018-05-05,11.87,17.03,6.47,2.11,19.01
2018-05-06,11.16,14.74,7.92,2.81,16.52
2018-05-07,9.8,14.33,7.07,13.03,9.3
2018-05-08,9.79,12.81,6.81,13.45,15.53
2018-05-09,7.73,10.89,5.19,9.08,15.7
2018-05-10,8.28,12.15,5.36,9.06,15.8
2018-05-11,9.68,13.84,6.39,2.18,14.69
2018-05-12,9.36,12.39,7.21,7.9,12.5
2018-05-13,9.31,12.95,6.47,4.54,10.47
2018-05-14,10.24,14.51,6.29,3.91,15.64
2018-05-15,10.72,16.06,4.34,1.13,17.15
2018-05-16,12.17,17.54,5.42,0.21,22.11
2018-05-17,13.85,19.65,5.59,7.31,27.15
2018-05-18,15.68,22.31,6.6,0.0,28.28
2018-05-19,16.28,19.53,12.1,2.51,19.33
2018-05-20,15.99,20.2,12.1,4.44,22.78
2018-05-21,15.43,19.55,11.17,2.63,21.69
2018-05-22,14.75,19.97,8.85,5.86,21.72
2018-05-23,13.62,18.49,7.96,0.8,20.07
2018-05-24,13.65,18.22,9.3,3.2,12.49
2018-05-25,15.32,21.27,7.96,0.99,25.07
2018-05-26,16.29,21.09,10.23,0.0,29.55
2018-05-27,16.74,21.86,11.41,0.69,23.73
2018-05-28,14.87,22.2,10.73,1.46,16.22
2018-05-29,15.18,20.59,9.92,5.03,16.85
2018-05-30,14.87,19.35,10.88,8.81,21.37
2018-05-31,13.62,18.92,7.38,0.87,23.84
2018-06-01,14.39,18.3,9.91,8.33,16.33
2018-06-02,12.47,16.2,7.72,2.93,16.53
2018-06-03,13.58,18.8,7.06,0.96,20.13
2018-06-04,14.13,18.53,9.67,3.67,13.53
2018-06-05,14.18,20.38,6.81,0.47,26.52
2018-06-06,17.11,22.1,11.16,0.26,29.04
2018-06-07,17.81,23.13,11.08,0.96,29.26
2018-06-08,16.96,23.17,10.32,0.33,25.92
2018-06-09,16.09,23.39,8.37,0.0,31.14
2018-06-10,16.57,23.66,8.44,0.0,32.15
2018-06-11,17.54,24.61,8.93,0.0,27.1
2018-06-12,17.13,22.77,11.24,0.01,24.67
2018-06-13,17.39,23.84,10.8,0.59,25.28
2018-06-14,16.36,21.12,11.1,2.26,21.54
2018-06-15,17.33,22.14,11.94,4.4,17.4
2018-06-16,16.59,20.77,10.57,4.81,21.25
2018-06-17,17.52,23.93,12.29,0.48,28.43
2018-06-18,17.4,21.73,11.81,3.7,23.36
2018-06-19,18.37,22.94,10.63,0.3,28.8
2018-06-20,18.81,22.87,13.26,0.39,24.93
2018-06-21,18.01,23.97,10.63,0.8,24.55
2018-06-22,18.51,24.69,11.64,0.54,20.68
2018-06-23,18.76,24.7,11.3,1.27,26.66
2018-06-24,19.83,27.04,11.54,0.14,26.82
2018-06-25,21.69,28.5,13.36,0.01,26.98
2018-06-26,22.17,28.25,14.06,0.0,29.89
2018-06-27,22.71,29.47,15.9,0.0,30.69
2018-06-28,23.88,30.92,15.07,0.0,30.38
2018-06-29,24.09,31.03,17.75,0.0,30.92
2018-06-30,21.98,29.3,15.03,0.0,31.98
2018-07-01,22.15,29.6,14.03,0.0,32.29
2018-07-02,23.61,32.89,12.48,0.0,31.38
2018-07-03,26.46,34.66,15.84,0.0,30.31
2018-07-04,26.73,34.44,17.71,0.0,28.1
2018-07-05,25.68,32.84,17.32,0.0,29.28
2018-07-06,23.1,30.53,14.08,0.61,25.09
2018-07-07,22.03,29.29,15.42,0.73,25.55
2018-07-08,22.58,30.24,13.44,0.0,30.19
2018-07-09,24.3,31.14,17.65,0.0,31.33
2018-07-10,25.4,34.2,14.4,0.28,31.37
2018-07-11,26.58,34.95,17.28,0.0,29.66
2018-07-12,27.41,34.86,20.23,0.0,29.63
2018-07-13,25.85,35.6,15.89,0.01,29.06
2018-07-14,24.9,32.98,17.57,0.44,23.62
2018-07-15,19.94,26.7,13.13,2.01,13.7
2018-07-16,19.37,28.25,10.09,0.93,27.67
2018-07-17,20.89,29.09,13.18,0.0,29.81
2018-07-18,22.01,30.86,13.02,0.0,29.66
2018-07-19,22.51,30.54,13.14,0.01,28.98
2018-07-20,22.25,29.92,14.85,0.2,25.47
2018-07-21,22.55,30.34,14.03,0.88,28.21
2018-07-22,22.21,29.63,15.21,2.18,24.31
2018-07-23,22.12,30.34,13.97,0.02,26.82
2018-07-24,23.34,31.13,13.85,0.0,29.91
2018-07-25,24.05,31.43,17.88,0.0,29.93
2018-07-26,23.28,31.33,14.28,0.14,30.64
2018-07-27,25.18,33.5,16.8,0.0,31.05
2018-07-28,24.9,34.47,13.16,0.92,30.2
2018-07-29,25.42,34.49,15.3,0.0,29.74
2018-07-30,25.5,33.84,16.96,0.0,28.91
2018-07-31,26.47,34.84,18.07,0.0,28.23
2018-08-01,25.76,32.93,18.52,1.45,23.35
2018-08-02,24.17,32.2,16.66,0.86,24.61
2018-08-03,23.94,30.9,16.68,0.5,22.9
2018-08-04,23.52,31.47,16.22,1.0,22.12
2018-08-05,23.14,31.4,14.57,0.0,27.07
2018-08-06,24.34,32.88,14.74,0.0,26.88
2018-08-07,24.76,33.51,14.41,0.0,25.96
2018-08-08,23.96,32.88,15.35,0.28,22.86
2018-08-09,22.6,31.28,14.95,0.56,22.39
2018-08-10,22.75,31.44,14.51,0.0,24.36
2018-08-11,23.71,32.62,15.07,0.0,27.04
2018-08-12,23.88,31.54,16.4,0.0,27.4
2018-08-13,22.01,30.95,13.91,0.0,27.57
2018-08-14,22.2,30.91,13.5,0.02,26.77
2018-08-15,24.06,32.26,15.35,0.0,26.15
2018-08-16,25.44,33.63,15.98,0.0,26.13
2018-08-17,25.99,34.06,18.14,0.0,26.81
2018-08-18,24.08,33.47,15.59,0.0,26.78
2018-08-19,23.15,31.55,14.76,0.02,23.37
2018-08-20,22.95,31.09,15.39,0.01,23.88
2018-08-21,23.85,31.99,14.93,0.0,23.56
2018-08-22,24.07,32.4,14.82,0.31,21.04
2018-08-23,24.05,32.15,15.83,0.0,24.89
2018-08-24,25.26,33.03,16.88,0.0,23.97
2018-08-25,25.57,33.97,17.1,0.0,25.77
2018-08-26,24.49,33.56,15.6,0.0,26.04
2018-08-27,24.0,32.97,14.39,0.0,24.79
2018-08-28,24.01,31.35,17.15,0.0,22.39
2018-08-29,24.21,31.89,17.95,0.0,22.93
2018-08-30,23.87,31.35,16.89,0.0,25.58
2018-08-31,24.12,31.76,18.01,0.0,23.91
2018-09-01,23.37,32.06,15.08,0.0,24.45
2018-09-02,23.62,32.32,15.16,0.01,23.96
2018-09-03,23.32,31.9,15.24,0.03,22.33
2018-09-04,22.64,31.08,14.34,0.01,22.45
2018-09-05,23.44,31.04,16.67,0.0,22.26
2018-09-06,22.16,28.8,16.31,0.0,23.22
2018-09-07,19.52,25.79,13.31,0.44,18.27
2018-09-08,19.11,24.31,13.25,2.59,19.73
2018-09-09,18.19,23.77,13.21,0.45,17.32
2018-09-10,17.16,21.25,13.1,3.87,12.28
2018-09-11,16.97,23.15,10.41,0.03,19.19
2018-09-12,18.52,26.09,9.96,0.0,21.89
2018-09-13,20.67,28.89,11.96,0.0,19.49
2018-09-14,20.98,29.19,14.27,0.97,9.64
2018-09-15,18.63,25.63,12.95,0.0,21.04
2018-09-16,17.82,25.74,10.39,0.0,20.29
2018-09-17,17.51,25.87,9.87,0.0,21.29
2018-09-18,18.03,26.02,10.78,0.0,20.33
2018-09-19,18.16,26.64,10.62,0.0,20.86
2018-09-20,19.49,27.58,11.54,0.01,20.26
2018-09-21,20.04,27.17,13.28,0.06,16.37
2018-09-22,19.2,24.7,13.63,0.08,16.37
2018-09-23,17.89,26.1,10.51,0.01,18.07
2018-09-24,17.99,26.33,9.28,0.0,21.81
2018-09-25,19.35,26.83,13.0,0.0,20.69
2018-09-26,17.72,26.7,9.74,0.01,19.25
2018-09-27,17.41,26.38,9.07,0.0,19.98
2018-09-28,18.3,26.64,11.59,0.0,20.38
2018-09-29,18.7,26.29,12.32,0.0,19.42
2018-09-30,17.82,25.51,10.81,0.0,18.13
2018-10-01,17.86,24.51,12.31,1.05,13.94
2018-10-02,17.36,23.37,13.16,0.0,13.89
2018-10-03,16.77,23.83,11.85,0.0,19.27
2018-10-04,16.36,24.11,10.54,0.0,18.11
2018-10-05,12.78,21.16,5.44,0.0,18.61
2018-10-06,11.15,21.31,2.48,0.0,19.64
2018-10-07,14.29,22.61,7.06,0.28,17.09
2018-10-08,15.27,21.21,10.33,0.43,14.14
2018-10-09,14.15,20.14,8.69,2.8,11.3
2018-10-10,14.46,20.19,9.4,0.69,13.8
2018-10-11,14.41,20.26,7.87,0.16,14.75
2018-10-12,14.39,19.07,9.98,2.78,12.29
2018-10-13,13.43,19.92,8.01,0.87,13.71
2018-10-14,14.52,21.64,7.67,0.0,13.29
2018-10-15,15.45,21.13,10.94,0.0,13.9
2018-10-16,15.99,22.83,9.52,0.0,13.4
2018-10-17,14.8,21.62,9.14,0.08,15.18
2018-10-18,13.83,19.83,9.0,0.0,14.16
2018-10-19,13.81,19.08,9.99,1.14,11.38
2018-10-20,10.62,13.4,8.34,3.46,11.41
2018-10-21,9.77,12.39,8.14,7.44,7.13
2018-10-22,9.42,14.18,6.6,2.73,8.96
2018-10-23,9.13,13.13,6.75,3.96,9.47
2018-10-24,9.55,11.95,7.38,14.27,3.39
2018-10-25,9.14,10.44,8.51,25.62,3.41
2018-10-26,5.11,8.35,-1.12,25.42,3.07
2018-10-27,3.53,11.58,-3.64,0.17,13.5
2018-10-28,6.04,15.02,-1.63,0.0,14.7
2018-10-29,7.8,18.06,-0.55,0.0,14.84
2018-10-30,9.7,18.94,2.49,0.0,15.21
2018-10-31,10.15,19.14,3.93,0.0,14.64
2018-11-01,9.96,18.05,2.94,0.0,14.4
2018-11-02,7.85,13.64,4.05,0.0,12.86
2018-11-03,6.33,11.42,1.61,0.41,11.06
2018-11-04,7.12,14.05,2.89,0.02,11.88
2018-11-05,4.48,5.91,3.51,9.38,6.48
2018-11-06,6.18,12.68,1.63,0.39,10.52
2018-11-07,4.52,10.81,-0.96,0.56,12.19
2018-11-08,4.77,10.97,-0.18,0.01,12.02
2018-11-09,4.38,10.87,-0.87,0.0,12.86
2018-11-10,4.39,10.3,-0.81,0.0,10.12
2018-11-11,4.72,9.16,1.25,0.0,9.36
2018-11-12,4.98,11.81,0.27,0.0,10.37
2018-11-13,4.59,11.01,-0.57,0.0,11.65
2018-11-14,2.04,4.9,-0.36,16.79,2.93
2018-11-15,-0.43,3.24,-3.79,5.54,3.45
2018-11-16,0.38,4.42,-4.11,6.29,3.78
2018-11-17,0.19,5.33,-3.75,0.88,7.82
2018-11-18,1.0,6.51,-2.93,0.0,6.84
2018-11-19,2.5,8.97,-1.47,0.0,9.9
2018-11-20,4.01,10.06,0.75,0.0,7.26
2018-11-21,3.17,6.66,0.72,0.96,8.17
2018-11-22,3.2,5.94,2.11,4.47,5.56
2018-11-23,2.81,6.44,-0.72,0.29,4.29
2018-11-24,1.36,6.78,-2.58,0.26,7.34
2018-11-25,1.99,7.58,-2.29,2.86,7.76
2018-11-26,1.62,6.74,-1.75,0.03,9.62
2018-11-27,0.89,3.19,-1.45,2.12,4.12
2018-11-28,3.94,6.93,1.89,0.95,3.27
2018-11-29,4.36,6.56,2.58,10.29,3.86
2018-11-30,2.99,5.42,0.94,21.25,1.72
2018-12-01,2.64,4.65,0.82,37.17,1.95
2018-12-02,1.56,6.89,-3.83,0.16,6.96
2018-12-03,1.18,6.72,-2.93,0.0,8.04
2018-12-04,0.67,4.45,-3.33,5.49,4.22
2018-12-05,2.74,4.95,1.69,15.14,4.92
2018-12-06,1.45,5.75,-2.16,0.23,7.49
2018-12-07,0.5,5.0,-2.8,0.21,7.4
2018-12-08,0.92,3.75,-0.46,5.0,5.78
2018-12-09,-0.23,3.25,-2.25,2.3,6.63
2018-12-10,0.1,1.7,-2.13,7.9,5.39
2018-12-11,0.6,1.52,0.01,32.14,1.76
2018-12-12,0.24,0.95,-0.59,47.14,2.36
2018-12-13,-3.83,0.26,-10.85,2.19,5.36
2018-12-14,-6.89,-1.76,-12.42,0.52,2.94
2018-12-15,-4.59,-0.26,-7.79,0.04,5.17
2018-12-16,-3.99,0.01,-6.81,0.0,7.61
2018-12-17,-2.75,-0.15,-5.51,4.27,4.09
2018-12-18,-1.68,0.03,-4.46,1.56,5.88
2018-12-19,-0.55,0.5,-2.22,5.1,3.86
2018-12-20,-0.58,1.2,-6.0,3.57,2.78
2018-12-21,-3.04,1.69,-6.96,0.01,6.75
2018-12-22,-4.06,1.18,-7.66,0.0,5.45
2018-12-23,-4.56,0.77,-8.46,0.36,7.33
2018-12-24,-4.01,0.11,-8.89,9.55,5.96
2018-12-25,-5.7,-1.36,-10.45,1.6,4.74
2018-12-26,-2.36,-1.23,-4.15,9.53,3.83
2018-12-27,-2.38,-0.33,-4.93,15.02,1.59
2018-12-28,-6.61,-1.72,-17.57,4.8,5.91
2018-12-29,-10.94,-3.25,-18.37,0.19,5.21
2018-12-30,-6.72,-3.27,-8.54,2.55,4.78
2018-12-31,-6.18,-3.46,-8.41,9.38,6.65
2019-01-01,-8.91,-4.55,-13.52,0.31,7.44
2019-01-02,-6.19,-1.37,-9.79,1.5,7.63
2019-01-03,-4.25,-0.81,-6.71,0.8,6.14
2019-01-04,-2.49,-0.63,-5.5,3.29,7.22
2019-01-05,-2.01,-0.69,-5.12,0.58,3.8
2019-01-06,-2.61,-1.36,-5.43,15.03,1.28
2019-01-07,-6.11,-2.28,-10.85,5.58,3.52
2019-01-08,-4.51,-2.67,-8.16,33.63,2.36
2019-01-09,-8.18,-4.19,-19.91,15.19,4.83
2019-01-10,-13.05,-5.64,-19.69,0.0,10.75
2019-01-11,-10.67,-1.33,-17.03,0.0,11.47
2019-01-12,-9.52,-3.62,-13.26,0.0,9.7
2019-01-13,-9.01,-4.01,-13.5,1.4,12.06
2019-01-14,-6.02,-1.6,-9.39,3.27,11.8
2019-01-15,-3.22,-1.34,-6.58,14.49,10.41
2019-01-16,-2.06,-1.42,-3.02,9.17,12.74
2019-01-17,-5.18,-3.08,-9.95,6.34,3.23
2019-01-18,-10.53,-2.29,-17.12,0.0,11.72
2019-01-19,-11.23,-3.36,-17.3,0.0,12.64
2019-01-20,-9.93,-3.44,-14.48,0.0,12.55
2019-01-21,-9.97,-2.75,-14.45,0.0,12.7
2019-01-22,-7.77,-1.73,-11.77,0.0,10.69
2019-01-23,-6.87,-1.68,-11.64,0.01,9.0
2019-01-24,-4.82,-0.76,-8.66,0.36,12.39
2019-01-25,-2.99,-0.57,-4.98,5.87,8.1
2019-01-26,-2.68,-0.41,-6.18,0.42,5.0
2019-01-27,-0.36,0.84,-2.68,5.12,6.19
2019-01-28,-0.8,0.69,-4.22,0.76,7.82
2019-01-29,-4.27,0.3,-9.1,0.04,12.92
2019-01-30,-5.52,-0.92,-10.48,0.27,9.81
2019-01-31,-3.27,-0.89,-5.48,3.53,9.93
2019-02-01,-2.06,-0.56,-4.28,10.85,6.58
2019-02-02,-6.53,-0.93,-13.5,0.11,11.35
2019-02-03,-8.02,0.04,-14.21,0.0,14.21
2019-02-04,-6.94,-0.05,-13.18,0.0,14.18
2019-02-05,-5.87,-0.01,-10.13,0.0,14.81
2019-02-06,-4.26,0.11,-10.66,0.0,13.27
2019-02-07,-2.84,-0.8,-4.94,8.1,11.4
2019-02-08,-3.07,-0.69,-6.97,6.56,13.79
2019-02-09,-2.58,-0.26,-6.08,1.63,10.7
2019-02-10,-1.96,-0.42,-3.55,4.91,7.69
2019-02-11,-4.5,0.01,-9.85,0.07,12.85
2019-02-12,-6.56,-0.98,-11.69,0.0,15.79
2019-02-13,-5.98,-0.9,-10.18,0.0,13.28
2019-02-14,-5.59,-0.74,-12.83,6.4,13.86
2019-02-15,-3.22,-0.56,-8.95,16.98,12.14
2019-02-16,-6.34,-0.46,-12.03,0.0,14.4
2019-02-17,-8.0,-0.83,-13.66,0.0,16.76
2019-02-18,-7.68,-0.21,-14.39,0.0,16.67
2019-02-19,-8.1,-0.86,-14.52,0.0,16.84
2019-02-20,-7.07,-0.97,-14.84,0.0,17.51
2019-02-21,-4.77,-0.58,-8.85,0.0,17.03
2019-02-22,-3.91,-0.92,-7.51,0.45,15.44
2019-02-23,-2.63,-0.24,-7.29,1.25,12.92
2019-02-24,-4.98,0.4,-10.28,0.0,17.41
2019-02-25,-4.11,0.52,-8.86,0.0,18.09
2019-02-26,-2.19,0.69,-5.09,8.45,15.24
2019-02-27,-1.62,0.33,-4.13,2.46,13.21
2019-02-28,-4.23,-1.09,-9.1,16.72,13.42
2019-03-01,-7.56,-0.82,-16.37,0.0,18.83
2019-03-02,-4.01,-0.3,-9.17,0.24,16.34
2019-03-03,-1.58,0.18,-3.26,2.3,16.02
2019-03-04,-1.97,0.07,-4.5,3.69,15.89
2019-03-05,-2.11,0.32,-4.67,0.0,16.8
2019-03-06,-2.34,1.02,-6.65,0.08,19.68
2019-03-07,-1.54,-0.05,-3.77,2.86,14.03
2019-03-08,-3.43,1.02,-7.51,0.0,20.81
2019-03-09,-3.38,1.72,-8.85,0.0,20.85
2019-03-10,0.25,3.56,-3.47,0.0,18.98
2019-03-11,0.45,4.35,-4.37,0.0,19.33
2019-03-12,1.56,4.52,-2.16,0.03,16.99
2019-03-13,2.21,4.49,0.66,0.79,12.64
2019-03-14,0.68,2.85,-1.73,19.73,5.45
2019-03-15,1.36,3.77,-1.14,3.29,5.85
2019-03-16,0.42,2.04,-1.71,7.33,5.87
2019-03-17,-1.31,3.55,-5.45,0.26,8.03
2019-03-18,-2.69,2.18,-8.1,0.0,23.51
2019-03-19,-2.32,2.19,-6.82,0.0,23.57
2019-03-20,-0.16,5.5,-4.68,0.0,22.46
2019-03-21,0.64,6.47,-3.71,0.0,22.4
2019-03-22,0.56,6.28,-4.07,0.0,23.13
2019-03-23,0.82,4.99,-4.13,1.57,20.57
2019-03-24,-0.13,2.56,-4.85,6.69,19.45
2019-03-25,-0.27,5.71,-5.52,6.85,21.38
2019-03-26,2.16,7.05,-1.72,1.28,20.88
2019-03-27,2.69,5.93,0.9,2.53,19.84
2019-03-28,2.2,5.95,-1.14,2.41,22.37
2019-03-29,0.32,2.52,-1.17,13.81,9.3
2019-03-30,0.9,3.03,-0.8,11.68,9.75
2019-03-31,1.81,4.24,0.61,15.94,7.15
2019-04-01,2.45,5.39,-0.94,0.99,9.52
2019-04-02,2.39,5.14,0.31,4.99,14.09
2019-04-03,3.01,6.45,0.19,5.09,10.45
2019-04-04,3.17,6.27,0.8,3.27,10.76
2019-04-05,4.15,8.38,-0.64,0.4,11.66
2019-04-06,5.2,10.75,0.39,1.51,14.74
2019-04-07,5.93,9.49,2.87,0.23,17.58
2019-04-08,6.01,9.42,2.79,1.59,18.12
2019-04-09,6.4,10.92,2.73,1.52,15.09
2019-04-10,6.3,9.54,3.23,23.54,10.04
2019-04-11,4.92,9.14,0.63,6.51,16.16
2019-04-12,5.54,10.04,1.61,0.47,16.41
2019-04-13,7.54,14.12,0.77,0.0,23.68
2019-04-14,7.96,13.43,2.85,0.3,20.16
2019-04-15,6.79,11.67,3.75,5.48,20.79
2019-04-16,5.36,9.2,2.6,9.17,8.36
2019-04-17,2.93,5.5,0.87,15.92,8.12
2019-04-18,2.99,6.24,0.02,3.45,12.68
2019-04-19,2.03,5.03,-1.83,9.39,11.44
2019-04-20,2.04,6.21,-2.47,10.12,17.49
2019-04-21,1.13,3.63,-0.63,13.48,17.41
2019-04-22,1.22,5.93,-3.02,2.04,8.92
2019-04-23,2.44,8.09,-4.34,0.04,11.83
2019-04-24,4.55,11.55,-3.18,0.0,22.51
2019-04-25,5.63,12.12,-2.31,0.0,28.04
2019-04-26,6.34,12.32,-1.21,0.0,25.74
2019-04-27,8.09,13.84,1.89,0.26,23.97
2019-04-28,7.93,12.07,4.47,1.83,20.85
2019-04-29,7.51,10.75,5.2,7.08,14.88
2019-04-30,9.51,15.51,2.56,0.02,23.5
2019-05-01,10.72,15.22,6.43,4.05,20.58
2019-05-02,10.26,12.85,7.44,18.66,7.34
2019-05-03,9.35,13.42,5.49,2.03,21.82
2019-05-04,6.3,9.77,3.57,31.45,5.96
2019-05-05,7.59,13.48,1.04,0.03,23.71
2019-05-06,9.51,13.02,6.18,1.11,21.26
2019-05-07,10.6,15.2,6.12,3.66,20.65
2019-05-08,10.55,15.69,5.52,0.0,23.98
2019-05-09,8.56,14.14,1.55,0.0,27.21
2019-05-10,9.37,14.43,4.3,0.0,24.11
2019-05-11,9.63,13.77,5.11,0.38,23.49
2019-05-12,9.99,13.32,5.61,5.41,12.17
2019-05-13,11.71,18.04,3.91,0.0,28.22
2019-05-14,13.81,20.65,5.33,0.0,29.6
2019-05-15,15.48,22.9,6.01,0.0,29.75
2019-05-16,16.54,23.08,7.88,0.0,29.2
2019-05-17,17.3,23.66,9.46,0.0,27.47
2019-05-18,17.23,22.82,12.05,0.03,26.45
2019-05-19,13.68,18.72,7.49,0.0,28.0
2019-05-20,12.07,17.25,6.93,0.44,19.49
2019-05-21,13.74,20.59,4.73,0.0,29.08
2019-05-22,15.2,19.61,11.59,0.18,21.8
2019-05-23,15.14,20.16,10.46,0.3,18.6
2019-05-24,16.71,21.88,11.16,0.04,23.9
2019-05-25,16.07,21.8,11.22,0.04,23.3
2019-05-26,14.53,19.88,8.07,0.0,27.95
2019-05-27,13.42,20.33,5.19,0.0,30.76
2019-05-28,15.13,22.65,6.44,0.02,31.85
2019-05-29,15.52,23.38,6.42,0.0,32.16
2019-05-30,16.29,23.6,7.5,0.0,32.0
2019-05-31,18.41,24.62,9.86,0.01,30.69
2019-06-01,18.17,22.38,12.99,0.12,21.4
2019-06-02,19.13,25.05,11.46,0.0,28.18
2019-06-03,21.14,26.3,14.39,0.0,29.64
2019-06-04,20.94,25.57,15.32,0.0,25.95
2019-06-05,19.53,24.67,15.07,0.0,28.86
2019-06-06,17.53,21.14,14.12,0.09,17.14
2019-06-07,18.96,23.62,14.39,0.0,28.83
2019-06-08,19.53,24.1,14.58,0.0,27.83
2019-06-09,18.97,25.0,12.8,0.0,29.62
2019-06-10,18.08,24.14,12.77,1.88,17.96
2019-06-11,18.94,25.64,12.18,0.38,25.96
2019-06-12,16.83,22.81,9.01,0.0,32.12
2019-06-13,17.9,22.72,12.14,0.01,26.51
2019-06-14,18.41,23.63,10.74,0.02,25.83
2019-06-15,19.0,24.84,10.52,0.16,28.69
2019-06-16,20.3,25.82,14.03,0.12,26.52
2019-06-17,19.55,26.41,13.34,2.49,26.06
2019-06-18,18.09,22.54,11.33,0.64,26.35
2019-06-19,19.22,24.18,12.31,0.23,26.68
2019-06-20,19.24,23.55,13.19,1.34,23.65
2019-06-21,19.16,23.9,13.98,0.52,22.75
2019-06-22,20.41,26.7,12.84,0.0,28.1
2019-06-23,21.85,27.76,15.46,0.0,29.84
2019-06-24,21.25,27.95,13.73,0.0,30.18
2019-06-25,21.68,28.93,13.19,0.0,30.15
2019-06-26,22.63,30.02,14.67,0.0,29.1
2019-06-27,22.33,29.23,15.01,0.0,30.05
2019-06-28,21.69,29.19,13.78,0.15,28.52
2019-06-29,19.49,26.57,11.95,0.03,22.8
2019-06-30,15.41,23.28,8.44,0.01,29.76
2019-07-01,14.32,22.81,6.5,0.0,32.51
2019-07-02,16.59,26.11,6.52,0.0,32.73
2019-07-03,19.19,27.17,10.41,0.0,27.27
2019-07-04,20.62,28.24,12.43,0.0,26.73
2019-07-05,20.96,28.01,14.09,0.01,26.16
2019-07-06,20.37,27.6,13.54,0.74,25.0
2019-07-07,20.55,28.24,12.07,0.03,28.23
2019-07-08,21.61,28.07,14.45,0.31,24.46
2019-07-09,19.97,27.08,13.32,0.0,30.81
2019-07-10,20.18,28.25,12.23,0.0,31.36
2019-07-11,21.45,28.81,12.89,0.0,29.8
2019-07-12,21.49,27.63,15.16,0.05,28.05
2019-07-13,19.48,26.1,12.91,0.28,28.3
2019-07-14,18.4,26.13,9.41,0.0,31.22
2019-07-15,19.47,26.49,12.18,0.0,29.05
2019-07-16,19.65,26.72,12.2,0.0,28.26
2019-07-17,20.12,28.15,10.53,0.0,28.88
2019-07-18,21.16,27.97,14.71,0.0,24.93
2019-07-19,22.02,29.54,15.42,0.0,28.07
2019-07-20,23.92,33.66,13.84,0.0,30.54
2019-07-21,25.63,34.56,14.63,0.0,29.41
2019-07-22,25.34,33.17,16.94,0.0,27.05
2019-07-23,24.5,32.54,15.55,0.0,27.52
2019-07-24,23.49,31.07,16.75,0.0,29.65
2019-07-25,22.8,29.52,16.73,0.01,26.59
2019-07-26,21.35,29.63,13.64,0.0,28.84
2019-07-27,22.25,31.28,13.71,0.0,29.9
2019-07-28,23.18,32.08,14.05,0.01,29.32
2019-07-29,23.88,31.88,15.4,0.0,29.42
2019-07-30,24.69,32.62,16.49,0.0,29.55
2019-07-31,26.24,33.67,19.38,0.0,28.74
2019-08-01,25.04,34.56,15.23,0.0,28.55
2019-08-02,23.71,32.26,15.62,0.0,27.58
2019-08-03,23.07,31.66,14.24,0.0,27.62
2019-08-04,23.5,32.27,15.36,0.0,28.55
2019-08-05,21.34,30.0,13.94,0.0,27.71
2019-08-06,20.79,29.89,12.33,0.0,28.51
2019-08-07,21.45,31.08,12.72,0.0,28.07
2019-08-08,22.47,32.11,13.47,0.0,28.21
2019-08-09,23.16,31.99,14.6,0.01,28.5
2019-08-10,24.11,33.47,15.38,0.0,27.58
2019-08-11,22.69,32.62,13.73,0.0,28.28
2019-08-12,24.35,34.88,14.79,0.0,26.4
2019-08-13,25.76,35.62,16.28,0.0,27.33
2019-08-14,27.12,36.33,16.63,0.0,28.07
2019-08-15,28.21,35.03,21.76,0.0,23.82
2019-08-16,25.94,32.57,20.59,0.0,23.68
2019-08-17,24.05,31.83,16.05,0.0,26.24
2019-08-18,23.59,31.48,15.58,0.0,26.6
2019-08-19,24.01,31.57,16.63,0.0,25.21
2019-08-20,24.98,32.57,18.64,0.0,25.71
2019-08-21,24.04,32.86,15.53,0.0,23.27
2019-08-22,22.15,29.83,15.08,0.0,26.27
2019-08-23,21.85,29.66,13.66,0.02,19.71
2019-08-24,21.87,29.3,15.28,0.86,17.31
2019-08-25,22.08,30.71,13.39,0.01,25.0
2019-08-26,23.59,32.24,14.1,0.03,22.28
2019-08-27,22.53,30.64,14.5,0.01,24.52
2019-08-28,21.73,29.92,13.14,0.57,23.5
2019-08-29,23.93,31.86,15.47,0.0,23.8
2019-08-30,23.83,29.94,17.62,3.79,6.96
2019-08-31,21.26,28.64,14.81,0.03,23.69
2019-09-01,21.12,29.08,13.1,0.0,22.05
2019-09-02,21.62,29.3,14.85,0.01,22.52
2019-09-03,20.24,29.0,11.74,0.0,25.59
2019-09-04,20.6,29.54,11.72,0.0,23.77
2019-09-05,20.53,29.09,12.12,0.0,23.0
2019-09-06,20.38,28.68,11.95,0.0,21.13
2019-09-07,19.85,27.86,13.6,0.0,22.95
2019-09-08,18.64,27.49,10.87,0.06,22.16
2019-09-09,17.86,25.76,10.58,0.97,18.46
2019-09-10,17.28,24.89,10.02,0.14,18.74
2019-09-11,18.31,25.67,10.98,0.0,20.56
2019-09-12,18.37,25.91,11.43,0.0,20.75
2019-09-13,18.18,25.8,9.94,0.0,22.64
2019-09-14,18.74,26.87,9.51,0.0,20.06
2019-09-15,19.89,27.0,12.87,0.61,13.44
2019-09-16,18.77,25.14,13.38,0.5,15.75
2019-09-17,17.03,22.98,12.61,1.09,15.95
2019-09-18,17.36,26.43,9.16,0.0,22.93
2019-09-19,18.85,26.74,11.85,0.0,22.0
2019-09-20,19.25,26.8,13.49,0.0,21.6
2019-09-21,15.61,23.98,5.53,0.0,17.97
2019-09-22,11.2,21.73,2.28,0.0,23.2
2019-09-23,14.06,24.07,4.82,0.0,22.46
2019-09-24,15.33,23.43,7.14,0.0,22.13
2019-09-25,16.48,23.58,10.75,0.0,20.37
2019-09-26,17.3,24.65,10.97,0.0,17.83
2019-09-27,17.89,25.08,12.32,0.0,19.44
2019-09-28,16.38,24.06,10.05,0.33,13.18
2019-09-29,14.2,24.18,6.13,0.0,20.09
2019-09-30,15.52,25.31,6.18,0.0,20.91
2019-10-01,17.41,25.22,11.77,0.0,20.31
2019-10-02,16.92,25.88,8.05,0.0,20.04
2019-10-03,18.51,26.21,12.64,0.13,14.8
2019-10-04,16.99,25.28,8.87,0.0,18.52
2019-10-05,16.15,22.78,10.48,0.0,15.92
2019-10-06,15.33,21.57,9.37,0.72,14.39
2019-10-07,13.76,19.31,8.54,0.04,12.2
2019-10-08,14.38,21.36,8.77,0.02,14.3
2019-10-09,16.59,23.89,11.66,0.08,15.2
2019-10-10,16.98,25.07,9.13,0.0,16.83
2019-10-11,17.86,24.55,12.39,0.0,16.6
2019-10-12,14.52,22.33,8.24,0.0,17.11
2019-10-13,12.56,22.66,4.15,0.0,18.87
2019-10-14,14.39,24.44,4.71,0.0,18.47
2019-10-15,15.33,24.24,7.28,0.0,17.83
2019-10-16,15.83,23.97,8.02,0.0,17.34
2019-10-17,16.75,22.57,13.1,0.14,12.7
2019-10-18,14.24,20.83,8.25,1.13,13.36
2019-10-19,14.14,19.28,10.27,1.51,11.02
2019-10-20,11.9,16.0,8.2,4.84,8.03
2019-10-21,9.65,13.37,6.62,3.15,9.41
2019-10-22,9.14,13.86,6.38,2.39,6.83
2019-10-23,9.08,14.12,5.22,0.51,13.46
2019-10-24,9.8,16.03,3.41,0.0,14.41
2019-10-25,10.16,16.28,4.47,0.0,13.62
2019-10-26,10.4,16.72,4.79,0.0,12.45
2019-10-27,9.09,17.13,2.08,0.0,13.64
2019-10-28,8.96,14.35,4.03,0.43,10.85
2019-10-29,6.26,8.46,3.96,11.98,3.91
2019-10-30,7.39,13.88,2.67,0.73,10.24
2019-10-31,7.06,14.22,1.78,0.0,13.78
2019-11-01,6.84,10.63,3.81,1.89,7.01
2019-11-02,3.65,9.56,-1.94,6.64,9.94
2019-11-03,3.13,10.7,-3.09,0.0,13.22
2019-11-04,4.41,12.37,-1.76,0.0,13.18
2019-11-05,4.93,12.66,-0.03,0.0,12.35
2019-11-06,7.41,16.09,0.48,0.0,13.1
2019-11-07,8.35,17.17,1.11,0.0,13.54
2019-11-08,8.97,17.98,2.11,0.0,13.78
2019-11-09,8.9,17.42,3.45,0.0,13.51
2019-11-10,7.75,15.78,2.03,0.0,13.35
2019-11-11,7.54,15.73,1.38,0.0,12.66
2019-11-12,7.35,15.9,0.27,0.0,11.6
2019-11-13,7.6,15.14,1.62,0.0,12.4
2019-11-14,7.43,14.96,1.94,0.0,11.86
2019-11-15,7.14,15.42,0.93,0.0,12.28
2019-11-16,5.57,15.67,-0.33,0.0,12.44
2019-11-17,2.51,11.0,-3.24,0.0,12.63
2019-11-18,3.52,11.9,-1.92,0.0,12.19
2019-11-19,3.97,12.93,-1.16,0.0,11.99
2019-11-20,3.94,12.51,-1.26,0.0,11.86
2019-11-21,2.93,10.29,-0.93,0.0,11.89
2019-11-22,2.63,8.5,-0.51,0.0,11.26
2019-11-23,2.65,7.41,-0.58,0.0,9.89
2019-11-24,2.96,8.6,-0.99,0.0,9.55
2019-11-25,2.64,7.89,-0.49,0.0,9.87
2019-11-26,1.63,6.71,-1.75,0.14,4.3
2019-11-27,0.95,2.58,-0.37,6.97,1.07
2019-11-28,2.31,6.69,0.26,1.79,4.34
2019-11-29,1.42,5.48,-0.86,0.31,5.6
2019-11-30,2.61,4.18,1.28,6.01,2.87
2019-12-01,2.85,3.37,1.97,12.24,1.92
2019-12-02,-1.4,2.59,-9.71,26.87,3.42
2019-12-03,-5.11,3.65,-11.23,0.0,6.87
2019-12-04,-1.39,3.33,-5.63,0.65,6.86
2019-12-05,-0.91,2.54,-3.17,7.11,4.38
2019-12-06,-2.5,2.85,-5.9,1.63,8.01
2019-12-07,-2.77,4.26,-6.32,0.0,9.13
2019-12-08,-1.79,4.19,-5.27,0.02,8.88
2019-12-09,-2.06,1.86,-4.05,0.24,8.32
2019-12-10,-1.25,2.6,-4.27,3.54,6.34
2019-12-11,-1.13,2.26,-4.14,0.86,4.97
2019-12-12,-2.04,1.41,-5.08,5.76,4.07
2019-12-13,-1.25,2.0,-2.96,2.52,3.54
2019-12-14,-0.63,1.32,-2.58,5.74,2.72
2019-12-15,-0.05,2.61,-3.17,2.36,2.55
2019-12-16,-2.11,4.56,-5.88,0.0,8.8
2019-12-17,-2.22,5.4,-6.51,0.0,10.11
2019-12-18,-0.22,7.89,-4.48,0.0,10.02
2019-12-19,1.16,9.8,-3.6,0.0,10.11
2019-12-20,3.98,11.57,-0.56,0.0,9.63
2019-12-21,3.79,9.35,0.54,0.0,9.85
2019-12-22,1.14,5.34,-1.11,0.0,8.75
2019-12-23,-0.68,4.02,-4.07,0.0,8.24
2019-12-24,-0.91,4.09,-4.2,0.0,8.38
2019-12-25,-0.29,4.17,-2.54,0.65,6.95
2019-12-26,-0.92,0.87,-2.02,16.77,4.0
2019-12-27,-2.43,0.1,-4.51,10.66,3.99
2019-12-28,-4.69,-1.17,-8.83,2.47,2.45
2019-12-29,-2.22,-0.53,-4.75,10.56,2.96
2019-12-30,-0.69,0.38,-2.47,2.98,6.42
2019-12-31,-2.98,0.33,-7.85,1.16,9.49
2020-01-01,-4.75,-0.51,-9.31,0.99,6.95
2020-01-02,-5.71,-1.69,-9.85,1.14,7.43
2020-01-03,-5.14,-1.86,-8.85,5.38,5.99
2020-01-04,-4.03,-0.95,-7.23,3.13,3.73
2020-01-05,-5.3,-1.4,-8.33,1.27,7.8
2020-01-06,-6.98,-1.69,-10.07,0.36,6.29
2020-01-07,-4.42,-0.65,-8.63,4.29,4.89
2020-01-08,-3.67,-0.88,-8.22,5.65,5.22
2020-01-09,-6.91,-0.57,-10.83,0.99,7.92
2020-01-10,-10.1,-1.85,-14.52,0.02,7.71
2020-01-11,-11.1,-2.19,-17.16,0.0,10.75
2020-01-12,-5.36,-0.24,-11.71,0.65,8.04
2020-01-13,-9.7,-2.93,-17.12,0.05,8.26
2020-01-14,-9.7,-1.2,-17.21,0.0,11.07
2020-01-15,-6.41,0.28,-12.79,0.0,11.32
2020-01-16,-9.87,-1.23,-15.02,0.01,11.1
2020-01-17,-8.64,-1.26,-13.55,0.65,10.93
2020-01-18,-9.01,-1.84,-14.47,0.43,10.73
2020-01-19,-6.62,-1.59,-10.44,1.11,6.8
2020-01-20,-5.08,-0.41,-8.98,3.01,5.7
2020-01-21,-8.17,-1.72,-12.43,0.0,10.18
2020-01-22,-10.01,-2.5,-14.41,0.0,11.69
2020-01-23,-7.75,-1.68,-14.55,0.47,8.09
2020-01-24,-9.63,-5.65,-15.31,0.56,11.29
2020-01-25,-11.31,-2.07,-19.44,0.0,12.45
2020-01-26,-7.43,0.69,-12.61,0.0,12.64
2020-01-27,-6.28,0.35,-12.03,0.0,12.82
2020-01-28,-3.76,0.32,-7.4,0.0,10.76
2020-01-29,-3.64,-0.42,-5.93,0.17,9.38
2020-01-30,-2.65,0.08,-5.96,7.48,4.48
2020-01-31,-2.87,-1.16,-6.95,36.1,4.64
2020-02-01,-9.25,-3.46,-19.34,3.94,12.89
2020-02-02,-9.91,-1.12,-19.24,0.0,10.0
2020-02-03,-7.63,-2.8,-11.14,0.13,8.28
2020-02-04,-6.91,-3.18,-10.06,3.3,9.22
2020-02-05,-4.67,-1.84,-8.92,4.29,5.7
2020-02-06,-2.98,0.62,-6.38,0.18,8.65
2020-02-07,-1.64,-0.9,-2.52,9.4,6.27
2020-02-08,-6.02,-1.73,-13.27,7.8,2.6
2020-02-09,-16.92,-11.93,-26.22,0.13,13.47
2020-02-10,-18.72,-10.78,-26.68,0.0,15.28
2020-02-11,-16.54,-8.98,-24.55,0.16,15.6
2020-02-12,-12.29,-8.82,-16.78,2.51,9.11
2020-02-13,-11.71,-8.0,-16.03,4.8,8.84
2020-02-14,-12.8,-4.5,-19.08,0.02,16.75
2020-02-15,-8.26,-2.08,-15.85,0.02,13.76
2020-02-16,-5.25,0.21,-11.36,0.07,14.65
2020-02-17,-4.63,-0.35,-7.94,2.19,13.19
2020-02-18,-3.75,0.41,-7.85,0.67,13.91
2020-02-19,-1.33,0.79,-5.29,0.81,11.67
2020-02-20,-2.61,0.47,-6.77,0.05,14.59
2020-02-21,-3.08,0.33,-9.13,1.26,14.23
2020-02-22,-0.29,0.33,-1.37,11.26,10.85
2020-02-23,-1.49,0.65,-5.5,1.32,13.4
2020-02-24,-2.05,1.97,-6.22,0.3,12.71
2020-02-25,-2.53,0.27,-10.29,1.38,12.54
2020-02-26,-3.83,3.54,-11.43,0.0,17.89
2020-02-27,0.15,4.73,-3.91,0.0,18.6
2020-02-28,0.54,2.77,-1.51,2.01,13.94
2020-02-29,0.66,1.92,-0.46,22.37,9.22
2020-03-01,0.26,2.74,-2.98,3.79,10.89
2020-03-02,-1.96,4.28,-8.45,0.0,19.39
2020-03-03,-0.46,6.25,-5.19,0.0,19.46
2020-03-04,1.31,8.66,-4.16,0.0,20.3
2020-03-05,4.07,10.51,-1.31,0.0,19.81
2020-03-06,4.07,9.78,0.31,0.0,17.55
2020-03-07,5.13,12.16,-0.17,0.0,15.83
2020-03-08,5.28,13.16,-1.25,0.0,19.17
2020-03-09,5.57,12.98,-1.29,0.0,20.09
2020-03-10,5.86,12.44,-0.15,0.0,19.67
2020-03-11,6.69,11.66,3.41,0.44,16.96
2020-03-12,7.5,13.03,1.64,1.12,19.02
2020-03-13,4.75,6.84,2.47,9.04,13.73
2020-03-14,4.79,9.48,1.54,6.52,6.19
2020-03-15,5.64,12.08,0.56,1.24,14.21
2020-03-16,5.75,9.17,4.04,19.13,8.51
2020-03-17,4.86,8.32,2.15,33.62,3.74
2020-03-18,1.9,4.48,-0.62,28.73,2.07
2020-03-19,0.0,3.47,-3.05,5.97,6.19
2020-03-20,-1.14,1.31,-4.38,14.82,5.67
2020-03-21,-0.41,5.71,-5.5,0.07,21.62
2020-03-22,2.62,9.69,-3.95,0.0,22.45
2020-03-23,3.81,10.35,-2.22,0.0,22.85
2020-03-24,2.98,7.17,-0.89,1.16,19.96
2020-03-25,3.38,7.95,-0.42,2.69,20.02
2020-03-26,3.99,9.52,-0.75,6.62,12.7
2020-03-27,4.17,7.32,0.67,10.0,4.57
2020-03-28,5.26,9.67,2.66,9.74,10.34
2020-03-29,2.7,5.78,0.05,10.34,8.98
2020-03-30,1.86,5.34,-0.7,3.24,12.86
2020-03-31,2.53,6.8,-1.49,1.75,18.0
2020-04-01,1.0,2.84,-0.93,33.76,7.43
2020-04-02,1.22,6.11,-4.87,3.27,10.15
2020-04-03,2.94,4.8,1.5,9.37,8.26
2020-04-04,4.86,10.32,-0.18,0.37,17.94
2020-04-05,4.86,9.81,-0.5,0.02,14.13
2020-04-06,6.64,11.16,1.76,0.22,11.67
2020-04-07,6.79,12.12,2.13,0.01,12.74
2020-04-08,5.42,11.83,-1.29,0.43,21.63
2020-04-09,5.29,10.14,-0.33,2.46,18.17
2020-04-10,4.43,9.54,-1.21,3.73,20.61
2020-04-11,4.65,10.52,-1.98,1.88,21.06
2020-04-12,2.96,10.87,-4.18,0.0,23.71
2020-04-13,3.6,11.43,-5.0,0.0,27.2
2020-04-14,6.34,12.36,1.31,0.0,26.21
2020-04-15,7.41,13.46,2.19,0.28,24.31
2020-04-16,7.51,11.77,3.7,2.03,19.98
2020-04-17,8.03,14.64,1.57,0.01,22.61
2020-04-18,9.65,15.57,3.53,0.08,24.51
2020-04-19,9.75,14.45,5.83,3.22,19.77
2020-04-20,8.98,13.75,3.58,5.07,17.12
2020-04-21,8.91,12.81,6.15,2.19,8.63
2020-04-22,8.26,12.49,4.94,8.85,12.63
2020-04-23,7.09,11.75,1.67,6.23,11.61
2020-04-24,5.14,11.92,-2.09,0.07,22.27
2020-04-25,5.65,10.63,1.45,14.07,10.69
2020-04-26,6.95,13.34,1.47,2.99,24.77
2020-04-27,7.13,12.9,0.86,1.65,23.91
2020-04-28,7.23,11.23,3.8,4.16,18.64
2020-04-29,8.04,13.1,1.64,0.43,21.88
2020-04-30,8.37,13.13,3.11,2.82,20.49
2020-05-01,7.0,9.49,3.91,11.22,8.51
2020-05-02,7.17,10.39,4.62,1.65,15.73
2020-05-03,8.05,12.34,4.38,2.29,15.46
2020-05-04,8.7,13.73,4.99,3.57,11.06
2020-05-05,10.57,15.06,5.3,2.35,18.54
2020-05-06,7.78,12.1,2.86,17.0,4.71
2020-05-07,7.84,14.11,0.53,0.1,26.7
2020-05-08,8.84,12.29,5.09,7.33,11.74
2020-05-09,6.77,9.85,3.46,28.53,3.82
2020-05-10,7.22,13.79,1.73,0.77,20.77
2020-05-11,7.66,14.46,-0.95,0.0,27.1
2020-05-12,11.21,17.62,4.77,0.0,29.82
2020-05-13,13.78,20.84,7.14,1.56,26.53
2020-05-14,12.57,20.3,3.72,0.0,31.16
2020-05-15,14.45,23.12,5.7,0.0,28.68
2020-05-16,16.14,24.11,7.25,0.0,26.36
2020-05-17,14.3,21.63,8.03,0.0,29.55
2020-05-18,15.21,23.92,6.62,0.0,26.19
2020-05-19,13.28,20.98,6.31,0.0,31.11
2020-05-20,13.99,22.33,4.14,0.0,31.22
2020-05-21,17.16,23.98,7.79,0.0,30.4
2020-05-22,17.48,22.12,12.97,0.13,24.46
2020-05-23,13.03,17.51,8.18,1.34,20.85
2020-05-24,8.9,14.9,2.22,24.41,9.67
2020-05-25,6.21,8.59,3.28,6.29,13.88
2020-05-26,10.71,18.64,0.72,0.0,30.41
2020-05-27,14.25,20.83,6.96,0.0,31.1
2020-05-28,16.18,22.64,8.9,0.03,19.57
2020-05-29,13.5,19.61,7.42,0.0,30.45
2020-05-30,12.43,18.02,6.87,0.0,32.25
2020-05-31,13.37,19.37,6.29,0.0,32.41
2020-06-01,14.31,19.51,9.33,0.0,25.62
2020-06-02,14.6,20.16,9.4,0.02,27.79
2020-06-03,13.18,18.73,8.53,0.3,23.73
2020-06-04,12.75,18.29,6.86,0.0,28.34
2020-06-05,14.55,19.64,9.64,0.0,29.13
2020-06-06,16.03,22.48,7.07,0.0,32.58
2020-06-07,17.63,23.5,10.16,0.0,32.65
2020-06-08,18.07,24.5,9.49,0.09,28.43
2020-06-09,18.29,25.31,9.03,0.41,24.69
2020-06-10,19.56,26.08,11.72,0.36,25.33
2020-06-11,18.63,23.99,12.63,0.0,28.68
2020-06-12,17.04,21.82,11.86,0.24,28.53
2020-06-13,15.17,20.64,9.58,0.1,29.5
2020-06-14,14.86,19.73,8.48,0.18,18.99
2020-06-15,16.3,22.36,10.39,1.34,26.94
2020-06-16,18.07,25.08,9.57,0.02,27.98
2020-06-17,19.21,25.93,11.24,0.54,25.32
2020-06-18,18.76,24.55,10.95,1.05,28.04
2020-06-19,17.18,22.59,10.23,0.1,28.56
2020-06-20,15.17,18.66,10.52,1.2,16.07
2020-06-21,14.54,19.19,8.18,5.18,22.57
2020-06-22,17.05,22.82,9.61,0.48,28.65
2020-06-23,19.15,25.26,11.61,0.53,30.9
2020-06-24,19.4,26.0,12.09,0.0,32.31
2020-06-25,18.5,26.49,10.29,0.0,30.49
2020-06-26,20.15,27.81,11.53,0.0,30.43
2020-06-27,19.98,27.07,12.11,0.07,22.8
2020-06-28,19.33,26.11,13.22,0.0,28.72
2020-06-29,18.99,26.19,11.09,0.0,31.9
2020-06-30,19.54,27.03,11.99,0.05,23.04
2020-07-01,16.42,21.31,11.2,0.47,21.24
2020-07-02,18.75,26.18,11.25,0.01,25.81
2020-07-03,20.7,28.05,12.77,0.01,25.44
2020-07-04,21.67,28.79,13.6,1.1,24.91
2020-07-05,20.96,28.11,13.31,0.16,29.3
2020-07-06,21.6,28.89,13.87,0.01,28.54
2020-07-07,23.36,30.1,14.87,0.0,26.82
2020-07-08,23.0,29.46,16.54,0.15,23.92
2020-07-09,21.16,28.3,14.57,0.03,29.29
2020-07-10,20.95,28.37,14.0,0.27,23.52
2020-07-11,21.06,27.69,14.82,1.78,26.59
2020-07-12,21.47,28.87,13.53,0.08,25.71
2020-07-13,19.76,25.16,14.07,3.96,23.8
2020-07-14,20.05,27.08,12.34,0.0,28.61
2020-07-15,21.24,28.88,12.17,0.0,29.52
2020-07-16,22.44,30.04,13.3,0.04,29.36
2020-07-17,23.97,31.24,15.92,0.02,26.92
2020-07-18,24.58,32.28,14.52,0.0,28.96
2020-07-19,26.15,32.97,19.2,0.0,30.0
2020-07-20,26.12,33.93,17.59,0.0,29.16
2020-07-21,24.87,34.05,16.78,0.0,30.28
2020-07-22,23.01,31.84,14.96,0.01,28.08
2020-07-23,24.07,32.4,15.57,0.16,26.44
2020-07-24,25.48,32.68,16.64,0.28,26.73
2020-07-25,25.33,33.73,17.79,0.0,26.7
2020-07-26,24.31,32.07,16.96,0.0,29.61
2020-07-27,25.59,33.54,17.69,0.03,29.05
2020-07-28,24.72,30.89,19.54,1.08,14.62
2020-07-29,24.54,32.71,16.82,1.01,27.5
2020-07-30,23.03,32.21,14.6,0.0,29.96
2020-07-31,24.81,32.89,16.28,0.0,27.19
2020-08-01,24.68,33.13,16.38,0.01,25.98
2020-08-02,22.88,31.1,15.83,0.75,23.97
2020-08-03,21.42,30.13,12.85,0.01,28.63
2020-08-04,23.11,31.51,14.68,0.0,27.59
2020-08-05,23.23,31.81,15.48,0.0,29.43
2020-08-06,22.98,32.07,13.98,0.0,29.38
2020-08-07,23.57,31.7,15.54,0.0,28.3
2020-08-08,23.46,31.35,15.3,0.0,28.04
2020-08-09,23.77,32.36,14.57,0.0,26.96
2020-08-10,23.45,31.06,15.29,0.0,24.47
2020-08-11,22.47,30.29,14.55,1.01,20.23
2020-08-12,22.0,30.41,13.61,0.0,26.9
2020-08-13,22.74,31.41,15.11,0.01,25.63
2020-08-14,21.21,30.08,13.6,0.12,25.32
2020-08-15,20.33,29.44,12.17,0.0,26.35
2020-08-16,21.37,30.92,12.71,0.02,26.52
2020-08-17,21.92,31.13,13.57,0.08,25.3
2020-08-18,22.41,31.15,13.47,0.0,24.58
2020-08-19,22.66,31.71,13.2,0.0,26.0
2020-08-20,23.54,31.9,15.03,0.0,26.89
2020-08-21,23.47,31.16,15.7,0.02,24.14
2020-08-22,18.9,26.02,13.75,1.05,21.66
2020-08-23,17.48,25.51,11.46,0.14,22.13
2020-08-24,17.35,26.74,8.09,0.0,27.54
2020-08-25,19.98,28.29,10.53,0.0,25.9
2020-08-26,21.1,30.02,11.14,0.0,26.77
2020-08-27,21.19,29.84,12.07,0.0,25.16
2020-08-28,21.55,30.48,12.77,0.0,25.13
2020-08-29,22.16,32.22,12.63,0.0,26.15
2020-08-30,23.82,33.07,14.07,0.0,25.58
2020-08-31,24.59,33.43,15.17,0.0,25.26
2020-09-01,24.16,32.87,14.71,0.0,21.55
2020-09-02,22.58,29.77,16.71,0.0,16.61
2020-09-03,22.42,31.53,14.36,0.0,23.82
2020-09-04,22.77,31.93,13.31,0.0,24.38
2020-09-05,23.74,32.36,16.1,0.0,22.35
2020-09-06,23.71,31.41,17.48,0.0,22.79
2020-09-07,22.63,30.52,17.1,0.0,24.21
2020-09-08,21.24,30.82,12.21,0.0,23.45
2020-09-09,20.38,29.78,12.43,0.0,23.44
2020-09-10,21.38,30.21,13.57,0.0,22.42
2020-09-11,22.41,30.93,14.49,0.0,19.92
2020-09-12,22.63,30.8,13.73,0.0,18.37
2020-09-13,23.52,31.6,14.79,0.0,19.65
2020-09-14,24.25,31.39,17.66,0.0,21.74
2020-09-15,22.28,31.13,13.8,0.0,22.3
2020-09-16,22.07,30.55,13.7,0.0,22.11
2020-09-17,22.09,30.81,14.52,0.0,21.75
2020-09-18,21.52,29.42,14.71,0.0,21.39
2020-09-19,19.13,27.15,11.91,0.0,19.94
2020-09-20,19.28,27.78,10.6,0.0,20.1
2020-09-21,19.28,27.3,11.41,0.0,14.5
2020-09-22,20.05,27.06,12.69,0.0,18.21
2020-09-23,19.23,27.69,10.81,0.0,19.01
2020-09-24,20.0,27.44,12.63,0.0,17.87
2020-09-25,19.23,26.24,13.4,2.46,14.92
2020-09-26,17.47,22.52,11.95,4.03,14.55
2020-09-27,17.78,26.17,10.27,0.0,20.29
2020-09-28,18.58,27.45,10.93,0.0,20.19
2020-09-29,18.53,26.52,10.97,0.0,20.0
2020-09-30,17.93,25.35,10.72,0.0,17.02
2020-10-01,16.13,23.09,9.73,0.03,18.71
2020-10-02,15.6,23.28,10.01,0.41,17.6
2020-10-03,15.27,23.41,7.95,0.0,18.95
2020-10-04,14.86,23.22,7.13,0.0,17.97
2020-10-05,13.68,22.71,7.07,0.0,18.34
2020-10-06,12.01,20.93,4.34,0.0,19.1
2020-10-07,11.92,19.83,4.29,0.0,18.57
2020-10-08,12.04,21.58,3.92,0.0,18.96
2020-10-09,12.66,22.31,3.61,0.0,18.48
2020-10-10,14.16,21.93,5.98,0.0,17.85
2020-10-11,15.76,22.76,9.11,0.0,15.08
2020-10-12,15.7,23.39,8.64,0.0,17.54
2020-10-13,16.05,23.91,8.73,0.0,17.72
2020-10-14,16.75,23.27,11.2,0.0,16.01
2020-10-15,16.34,24.46,8.0,0.0,17.29
2020-10-16,15.72,24.09,7.83,0.0,17.19
2020-10-17,15.73,23.59,9.34,0.0,16.86
2020-10-18,15.11,22.52,10.31,0.0,16.42
2020-10-19,14.41,21.04,9.89,0.0,15.69
2020-10-20,13.31,19.17,8.01,0.29,11.87
2020-10-21,11.85,19.96,4.73,0.05,15.7
2020-10-22,13.97,22.24,7.68,0.0,15.86
2020-10-23,13.75,22.94,6.19,0.0,16.48
2020-10-24,13.72,22.81,5.84,0.0,15.26
2020-10-25,13.73,19.11,10.39,0.0,10.86
2020-10-26,13.29,20.27,7.75,0.0,14.38
2020-10-27,13.43,20.3,7.96,0.0,13.91
2020-10-28,12.88,21.12,8.49,0.0,12.98
2020-10-29,13.42,21.41,8.38,0.04,12.98
2020-10-30,13.72,20.32,9.05,0.0,10.6
2020-10-31,12.03,18.0,8.53,0.0,6.31
2020-11-01,10.72,17.09,6.55,0.11,6.88
2020-11-02,7.65,9.01,6.45,6.33,3.31
2020-11-03,8.16,12.19,5.76,1.92,5.21
2020-11-04,8.21,11.1,6.52,13.83,3.06
2020-11-05,8.19,13.8,5.33,11.98,5.17
2020-11-06,6.66,11.23,2.23,5.11,4.68
2020-11-07,4.6,12.3,-0.1,0.0,10.6
2020-11-08,4.33,13.93,-1.88,0.0,13.49
2020-11-09,6.82,13.35,1.14,0.09,10.58
2020-11-10,6.61,13.18,1.65,0.0,10.81
2020-11-11,4.29,12.39,-1.33,0.01,12.78
2020-11-12,4.0,11.42,-2.1,0.0,12.74
2020-11-13,4.56,11.91,-0.54,0.0,13.05
2020-11-14,3.66,9.73,-1.41,0.0,12.15
2020-11-15,3.39,9.22,-1.37,0.0,11.02
2020-11-16,3.12,8.95,-0.15,0.0,9.52
2020-11-17,2.99,9.46,-0.76,0.0,11.61
2020-11-18,2.93,9.26,-2.09,0.0,11.83
2020-11-19,3.0,8.89,-0.86,0.01,11.05
2020-11-20,1.28,4.87,-0.32,5.34,1.53
2020-11-21,1.67,7.97,-3.64,0.69,4.55
2020-11-22,0.47,8.73,-4.61,0.0,10.68
2020-11-23,-1.38,6.4,-5.39,0.0,10.98
2020-11-24,1.55,8.84,-4.13,0.0,11.06
2020-11-25,2.59,8.08,-0.82,0.08,8.45
2020-11-26,0.25,7.58,-5.03,1.02,7.26
2020-11-27,-0.89,7.61,-5.3,0.0,10.56
2020-11-28,0.41,6.53,-3.21,0.63,6.73
2020-11-29,1.93,9.4,-2.35,0.0,9.81
2020-11-30,1.23,6.41,-1.81,0.16,9.21
2020-12-01,1.0,3.5,-0.42,3.15,3.07
2020-12-02,2.11,6.32,-0.38,0.35,4.36
2020-12-03,2.17,7.83,-1.37,0.0,9.26
2020-12-04,1.08,7.08,-3.07,0.0,6.64
2020-12-05,-0.12,6.05,-3.77,0.0,7.87
2020-12-06,-1.69,4.96,-5.75,0.0,9.86
2020-12-07,-2.01,3.24,-5.76,0.0,8.65
2020-12-08,-1.25,1.78,-3.19,0.8,4.06
2020-12-09,-0.35,3.82,-3.85,6.3,2.22
2020-12-10,-1.57,6.05,-6.73,0.0,6.28
2020-12-11,-2.0,2.91,-5.81,0.0,5.14
2020-12-12,-0.96,2.21,-2.86,0.04,4.57
2020-12-13,0.32,3.6,-1.42,1.11,3.76
2020-12-14,0.4,2.23,-0.95,3.05,2.55
2020-12-15,0.41,2.72,-1.16,1.97,2.79
2020-12-16,0.93,5.64,-2.48,0.68,4.7
2020-12-17,-0.19,6.91,-4.58,0.0,8.03
2020-12-18,-1.15,6.24,-6.59,0.0,10.15
2020-12-19,-0.56,4.75,-3.65,0.0,9.81
2020-12-20,-1.77,3.15,-5.59,0.01,9.53
2020-12-21,-1.76,2.53,-4.93,0.11,7.94
2020-12-22,-1.56,0.69,-2.68,8.94,5.11
2020-12-23,-4.02,0.42,-9.77,2.62,5.11
2020-12-24,-7.92,-2.19,-11.6,0.02,7.8
2020-12-25,-7.42,-0.27,-13.39,0.0,9.22
2020-12-26,-4.25,1.91,-8.83,0.0,9.33
2020-12-27,-2.12,5.14,-6.17,0.0,10.21
2020-12-28,-1.6,4.36,-6.84,0.0,9.25
2020-12-29,0.51,6.23,-2.88,0.0,9.7
2020-12-30,-0.06,7.34,-4.58,0.0,9.85
2020-12-31,-0.02,6.82,-3.53,0.0,10.09
2021-01-01,-0.37,5.77,-5.16,0.0,10.02
2021-01-02,0.6,6.41,-3.59,0.0,8.44
2021-01-03,-0.13,6.71,-4.13,0.0,10.2
2021-01-04,-2.03,4.73,-5.81,0.0,10.22
2021-01-05,-0.98,6.03,-6.68,0.0,10.06
2021-01-06,0.86,6.08,-1.75,0.0,9.84
2021-01-07,0.53,6.34,-2.99,0.0,10.54
2021-01-08,0.0,4.79,-4.43,0.0,10.09
2021-01-09,0.94,5.99,-2.51,0.0,10.3
2021-01-10,0.82,5.45,-1.41,0.0,10.05
2021-01-11,1.19,6.7,-1.27,0.01,9.1
2021-01-12,2.64,6.3,0.65,1.45,8.39
2021-01-13,2.01,5.18,0.21,1.29,3.32
2021-01-14,-0.64,1.55,-2.32,12.61,3.39
2021-01-15,-1.97,0.82,-4.24,10.97,9.15
2021-01-16,-0.86,0.25,-1.92,10.93,4.35
2021-01-17,-1.3,-0.52,-2.36,17.14,3.86
2021-01-18,-4.23,-2.03,-9.59,12.75,2.06
2021-01-19,-9.53,-4.22,-13.92,17.06,5.14
2021-01-20,-12.74,-5.35,-19.57,3.21,8.97
2021-01-21,-15.63,-6.0,-21.85,0.0,12.51
2021-01-22,-13.56,-3.82,-22.11,0.0,12.14
2021-01-23,-10.27,-1.79,-15.56,0.0,13.11
2021-01-24,-8.33,-1.55,-13.44,0.0,11.72
2021-01-25,-7.38,-1.42,-11.97,0.0,12.64
2021-01-26,-6.15,-0.7,-11.85,0.0,11.79
2021-01-27,-6.07,-1.06,-11.87,1.04,8.94
2021-01-28,-2.31,-0.23,-6.1,5.64,9.51
2021-01-29,-2.9,-0.67,-6.43,13.97,3.29
2021-01-30,-6.26,-2.04,-13.07,3.22,11.62
2021-01-31,-6.59,-2.8,-12.15,7.13,5.65
2021-02-01,-5.68,-1.08,-9.73,0.0,10.95
2021-02-02,-5.63,0.16,-11.05,0.0,12.66
2021-02-03,-2.31,0.93,-6.14,0.03,12.07
2021-02-04,-0.43,1.23,-3.42,0.45,7.98
2021-02-05,-1.52,1.26,-9.71,0.19,8.83
2021-02-06,-5.58,0.39,-12.27,0.0,14.13
2021-02-07,-1.79,1.0,-4.62,0.0,13.95
2021-02-08,-0.48,1.64,-3.03,0.01,13.34
2021-02-09,0.64,2.29,-1.41,0.27,12.1
2021-02-10,-0.37,2.7,-4.37,2.2,8.34
2021-02-11,-0.69,3.32,-3.76,1.98,14.25
2021-02-12,-0.89,4.52,-5.45,0.1,13.48
2021-02-13,0.38,4.47,-2.7,0.96,12.63
2021-02-14,1.43,6.72,-1.62,0.0,11.83
2021-02-15,2.43,8.39,-1.81,0.14,10.04
2021-02-16,2.2,6.5,-0.08,2.83,8.65
2021-02-17,-0.7,1.98,-5.62,20.12,2.77
2021-02-18,-4.81,-1.65,-8.51,10.67,4.33
2021-02-19,-7.6,-4.58,-11.09,1.31,3.03
2021-02-20,-8.63,-3.82,-14.15,0.31,16.85
2021-02-21,-9.74,-2.68,-15.22,0.0,17.98
2021-02-22,-6.23,1.52,-13.75,0.0,18.23
2021-02-23,-3.16,5.23,-9.72,0.0,17.06
2021-02-24,-2.63,4.89,-8.11,0.0,18.05
2021-02-25,-2.45,3.88,-6.54,0.0,18.26
2021-02-26,-1.04,6.62,-8.49,0.0,18.7
2021-02-27,0.72,6.73,-4.05,0.0,18.92
2021-02-28,1.51,6.74,-1.28,0.36,17.89
2021-03-01,-0.45,3.28,-3.92,5.57,12.84
2021-03-02,-1.14,4.08,-5.41,2.73,16.25
2021-03-03,0.12,5.44,-3.43,0.07,16.41
2021-03-04,0.24,6.84,-5.16,0.77,19.26
2021-03-05,1.69,8.4,-4.47,0.23,20.24
2021-03-06,2.78,8.39,-0.64,0.02,19.41
2021-03-07,1.63,6.32,-1.34,2.56,15.33
2021-03-08,-0.28,4.3,-4.64,5.72,15.22
2021-03-09,-1.13,3.96,-4.88,0.0,20.39
2021-03-10,1.37,5.84,-1.99,1.94,18.51
2021-03-11,3.07,7.59,0.07,11.02,16.41
2021-03-12,-4.01,1.17,-11.55,8.59,19.43
2021-03-13,-2.64,5.82,-12.02,0.0,21.26
2021-03-14,2.48,7.71,-1.69,0.0,20.04
2021-03-15,0.49,2.53,-0.91,11.37,17.3
2021-03-16,2.62,8.27,-1.58,7.16,16.86
2021-03-17,2.8,8.25,-0.99,1.93,20.63
2021-03-18,0.32,3.28,-2.74,3.09,20.03
2021-03-19,-0.7,3.13,-4.05,0.69,19.56
2021-03-20,0.94,5.08,-2.79,0.03,19.03
2021-03-21,2.57,7.7,-1.63,0.13,16.43
2021-03-22,4.97,10.44,0.21,0.84,20.13
2021-03-23,4.64,6.84,3.05,16.23,3.56
2021-03-24,3.89,7.26,0.14,18.85,6.79
2021-03-25,-0.6,1.78,-5.05,4.86,5.01
2021-03-26,-2.78,-0.03,-6.36,6.25,8.1
2021-03-27,-3.35,0.4,-8.15,2.91,21.58
2021-03-28,-2.02,5.92,-9.18,0.0,25.53
2021-03-29,1.05,8.48,-6.2,0.0,25.37
2021-03-30,2.88,9.38,-3.8,0.0,24.8
2021-03-31,5.07,12.64,-2.36,0.0,22.75
2021-04-01,5.25,11.19,0.68,0.36,17.05
2021-04-02,2.12,6.19,-1.41,0.61,19.87
2021-04-03,2.74,7.78,-1.84,0.04,18.19
2021-04-04,4.62,10.12,0.47,0.0,19.22
2021-04-05,4.88,9.14,0.48,0.0,11.81
2021-04-06,6.31,11.41,2.18,0.0,16.24
2021-04-07,8.28,15.6,2.42,0.0,16.85
2021-04-08,10.49,17.14,3.94,0.0,22.89
2021-04-09,10.65,17.18,5.27,0.0,20.22
2021-04-10,6.98,13.93,0.84,0.01,18.41
2021-04-11,4.08,8.55,-0.58,0.15,18.27
2021-04-12,1.5,5.11,-1.52,5.49,16.75
2021-04-13,2.68,7.31,-0.99,3.68,18.82
2021-04-14,3.96,10.55,-2.68,0.09,22.77
2021-04-15,6.0,11.34,1.26,0.46,22.5
2021-04-16,8.11,13.19,1.52,0.01,23.42
2021-04-17,11.01,16.2,6.31,0.01,22.69
2021-04-18,12.66,18.91,7.59,0.0,21.83
2021-04-19,13.77,20.51,8.21,0.02,19.3
2021-04-20,12.25,17.12,8.94,0.72,12.97
2021-04-21,13.81,19.76,8.15,0.62,17.99
2021-04-22,12.05,18.52,5.4,0.0,27.63
2021-04-23,9.97,18.35,0.69,0.02,28.92
2021-04-24,13.17,20.0,5.72,0.0,28.71
2021-04-25,13.33,19.24,8.49,0.01,13.62
2021-04-26,14.93,21.31,9.38,1.43,13.67
2021-04-27,14.56,20.17,7.94,0.01,25.36
2021-04-28,14.47,20.9,7.81,0.0,26.38
2021-04-29,14.12,18.64,9.46,1.29,20.29
2021-04-30,12.58,17.62,7.91,3.68,12.82
2021-05-01,11.18,18.5,5.12,0.78,25.08
2021-05-02,11.18,20.05,2.51,0.0,28.9
2021-05-03,14.63,22.1,5.09,0.0,26.92
2021-05-04,13.79,17.59,8.03,2.65,19.67
2021-05-05,11.3,17.32,4.11,0.81,19.84
2021-05-06,12.28,19.48,3.91,0.49,23.91
2021-05-07,12.15,19.09,7.27,0.19,23.05
2021-05-08,14.16,21.61,5.08,0.0,25.52
2021-05-09,13.7,20.15,1.85,0.64,18.55
2021-05-10,6.87,16.67,-2.39,0.0,31.59
2021-05-11,10.4,19.32,-0.35,0.0,31.62
2021-05-12,13.62,20.76,4.83,0.0,31.2
2021-05-13,16.82,23.25,9.35,0.0,30.28
2021-05-14,18.35,24.5,10.96,0.0,29.67
2021-05-15,18.3,25.24,8.7,0.0,28.91
2021-05-16,17.67,24.61,11.67,0.0,25.48
2021-05-17,15.43,21.12,10.34,0.0,22.64
2021-05-18,15.26,21.44,9.06,0.0,30.14
2021-05-19,17.35,24.02,11.28,0.0,29.38
2021-05-20,18.48,26.06,11.21,0.0,31.23
2021-05-21,20.75,28.6,14.3,0.0,28.84
2021-05-22,18.08,25.47,11.53,0.04,15.54
2021-05-23,15.04,21.54,8.25,0.0,25.97
2021-05-24,15.62,22.56,7.45,0.5,23.84
2021-05-25,15.98,23.72,8.58,0.0,26.9
2021-05-26,14.97,23.52,4.44,0.0,31.96
2021-05-27,17.43,26.3,6.16,0.0,31.72
2021-05-28,19.45,26.71,12.53,0.01,26.51
2021-05-29,17.71,25.13,10.89,0.11,30.65
2021-05-30,16.69,23.49,10.15,0.12,29.5
2021-05-31,18.39,25.6,11.16,0.01,29.14
2021-06-01,18.07,25.74,10.42,0.0,30.47
2021-06-02,15.34,22.83,9.09,0.16,31.04
2021-06-03,13.95,21.75,4.74,0.13,32.55
2021-06-04,14.91,22.42,6.78,0.0,27.21
2021-06-05,15.19,23.15,5.49,0.0,28.41
2021-06-06,14.85,22.34,6.53,0.19,26.94
2021-06-07,15.37,24.19,4.94,0.0,32.05
2021-06-08,17.29,25.09,7.73,0.08,28.08
2021-06-09,18.05,24.91,10.7,1.38,24.47
2021-06-10,18.27,25.03,11.44,0.11,27.16
2021-06-11,18.42,25.71,10.26,0.01,27.98
2021-06-12,19.56,26.71,11.44,0.64,23.72
2021-06-13,18.51,24.98,11.94,0.77,26.42
2021-06-14,19.7,27.34,12.1,0.0,31.67
2021-06-15,21.25,29.25,14.02,0.18,31.72
2021-06-16,20.82,29.76,12.29,0.0,32.2
2021-06-17,18.95,27.7,11.46,0.0,32.45
2021-06-18,21.25,31.46,9.85,0.0,32.57
2021-06-19,23.82,33.39,11.84,0.0,31.82
2021-06-20,23.82,32.24,14.44,0.0,31.57
2021-06-21,23.16,31.1,15.06,0.0,30.89
2021-06-22,23.38,30.27,16.54,0.0,31.42
2021-06-23,23.3,30.41,16.48,0.0,31.98
2021-06-24,23.39,30.88,15.78,0.0,31.92
2021-06-25,24.17,31.63,17.3,0.0,31.7
2021-06-26,24.02,31.07,17.91,0.0,30.74
2021-06-27,24.35,31.71,16.41,0.0,28.66
2021-06-28,25.36,33.14,15.52,0.02,29.34
2021-06-29,24.91,32.61,16.19,0.28,25.88
2021-06-30,25.44,33.44,16.59,0.0,28.72
2021-07-01,26.06,34.2,16.14,0.0,28.78
2021-07-02,25.91,33.98,17.66,0.0,28.7
2021-07-03,25.17,34.24,15.27,0.03,30.37
2021-07-04,23.59,31.28,16.21,0.05,30.14
2021-07-05,20.7,29.06,12.09,0.0,31.46
2021-07-06,22.27,29.38,14.28,0.16,27.56
2021-07-07,22.52,30.03,14.07,0.16,23.48
2021-07-08,23.41,32.04,14.29,0.0,28.44
2021-07-09,24.7,33.49,15.38,0.05,23.49
2021-07-10,24.53,32.53,15.84,0.37,25.65
2021-07-11,24.79,32.35,17.78,0.43,24.6
2021-07-12,25.39,33.3,17.21,0.0,27.4
2021-07-13,25.8,34.37,16.63,0.16,26.75
2021-07-14,25.08,34.33,16.84,0.3,24.94
2021-07-15,21.44,29.33,16.21,0.44,20.31
2021-07-16,23.73,31.71,14.6,0.0,25.34
2021-07-17,25.62,32.58,16.79,0.06,25.23
2021-07-18,27.02,34.24,18.7,0.09,25.36
2021-07-19,28.65,36.18,21.43,0.0,28.45
2021-07-20,29.01,37.66,18.99,0.0,29.8
2021-07-21,28.48,36.6,19.91,0.0,30.13
2021-07-22,26.22,35.14,18.2,0.03,22.98
2021-07-23,23.89,32.52,16.09,0.12,27.18
2021-07-24,23.58,32.57,15.02,0.05,25.88
2021-07-25,24.15,32.27,14.8,0.0,29.24
2021-07-26,26.3,33.34,21.02,0.0,28.6
2021-07-27,24.65,32.3,17.04,0.0,25.98
2021-07-28,23.34,32.63,14.41,0.0,27.76
2021-07-29,24.33,32.86,15.61,0.0,27.33
2021-07-30,24.87,32.98,16.42,0.0,26.67
2021-07-31,25.3,33.05,18.18,0.01,22.39
2021-08-01,24.05,29.99,18.51,0.14,23.61
2021-08-02,25.35,32.84,17.25,0.42,26.14
2021-08-03,26.1,33.6,18.44,0.18,26.82
2021-08-04,26.87,34.89,18.02,0.05,27.79
2021-08-05,26.32,34.33,18.74,0.03,22.98
2021-08-06,26.11,32.66,18.52,0.4,22.01
2021-08-07,24.31,30.4,17.21,3.32,17.93
2021-08-08,24.8,31.82,17.48,0.81,17.96
2021-08-09,23.35,29.82,15.84,0.1,23.26
2021-08-10,23.67,30.52,16.5,0.19,22.52
2021-08-11,22.26,26.57,17.48,0.53,20.01
2021-08-12,23.18,29.7,16.6,0.71,17.45
2021-08-13,22.93,30.73,15.73,1.13,22.36
2021-08-14,22.22,30.41,16.08,0.63,20.45
2021-08-15,22.83,31.38,14.8,0.04,25.2
2021-08-16,23.21,32.06,14.73,0.12,23.61
2021-08-17,24.08,32.77,15.36,0.03,25.11
2021-08-18,24.27,33.02,15.09,0.0,25.53
2021-08-19,24.23,31.34,17.7,0.0,23.33
2021-08-20,23.14,31.3,14.91,0.0,23.99
2021-08-21,23.61,31.93,15.0,0.01,23.87
2021-08-22,24.03,32.03,15.05,0.0,22.1
2021-08-23,24.71,32.04,15.58,0.47,17.8
2021-08-24,24.37,31.83,16.52,0.05,23.36
2021-08-25,24.39,31.44,18.11,0.0,24.53
2021-08-26,24.73,32.11,18.75,0.0,24.06
2021-08-27,25.29,33.64,15.6,0.0,25.81
2021-08-28,26.43,35.26,16.13,0.0,25.28
2021-08-29,26.1,34.9,16.63,0.0,24.9
2021-08-30,26.26,33.39,20.16,0.0,24.29
2021-08-31,24.07,31.41,17.05,0.0,24.87
2021-09-01,23.25,31.53,15.79,0.0,25.48
2021-09-02,21.51,29.78,14.84,0.02,23.53
2021-09-03,17.22,25.08,11.34,0.0,23.1
2021-09-04,18.35,28.14,8.94,0.0,24.64
2021-09-05,19.55,27.86,10.97,0.0,24.92
2021-09-06,20.32,27.27,14.68,0.0,23.63
2021-09-07,19.87,28.74,10.76,0.0,22.68
2021-09-08,20.44,29.79,11.36,0.0,23.29
2021-09-09,20.85,29.9,12.2,0.0,23.0
2021-09-10,21.17,30.28,12.42,0.0,23.29
2021-09-11,20.24,27.5,14.35,0.0,22.67
2021-09-12,18.57,27.03,10.45,0.0,21.79
2021-09-13,20.21,27.4,13.34,0.14,18.07
2021-09-14,20.38,27.52,15.06,0.0,21.02
2021-09-15,19.42,27.21,13.58,0.0,22.81
2021-09-16,17.76,24.59,12.17,0.01,19.07
2021-09-17,16.8,22.79,11.55,0.53,14.78
2021-09-18,16.55,24.7,8.8,0.0,20.78
2021-09-19,17.48,25.62,10.65,0.0,21.49
2021-09-20,17.26,25.42,10.23,0.0,19.01
2021-09-21,17.78,26.76,9.34,0.0,21.54
2021-09-22,17.59,25.58,11.52,0.75,17.42
2021-09-23,15.29,21.51,9.41,8.34,12.12
2021-09-24,11.8,17.52,5.35,3.59,7.75
2021-09-25,10.04,18.45,2.9,0.06,19.38
2021-09-26,11.44,22.33,1.61,0.0,21.78
2021-09-27,14.74,24.67,5.73,0.0,21.29
2021-09-28,14.64,23.76,6.04,0.0,20.83
2021-09-29,14.36,22.97,6.05,0.14,18.84
2021-09-30,14.52,21.8,8.3,0.8,12.63
2021-10-01,14.11,20.89,9.59,0.14,12.9
2021-10-02,15.62,22.59,7.82,0.82,16.1
2021-10-03,16.7,25.33,9.27,0.22,10.67
2021-10-04,12.36,20.92,5.73,0.2,15.8
2021-10-05,10.86,17.89,4.29,1.41,14.12
2021-10-06,8.17,15.72,2.15,2.4,14.03
2021-10-07,9.41,17.68,1.55,0.0,18.72
2021-10-08,11.27,19.86,2.5,0.0,18.79
2021-10-09,13.1,22.05,4.52,0.0,18.88
2021-10-10,14.37,23.03,7.07,0.0,18.28
2021-10-11,14.72,23.86,5.81,0.0,18.47
2021-10-12,14.33,23.22,7.25,0.0,18.08
2021-10-13,12.46,19.2,6.73,0.01,15.12
2021-10-14,13.77,20.83,8.33,0.0,13.37
2021-10-15,15.53,23.02,8.25,0.0,14.67
2021-10-16,15.88,22.96,10.62,0.0,16.01
2021-10-17,12.86,19.42,6.63,0.02,15.95
2021-10-18,10.91,17.12,5.73,0.78,8.92
2021-10-19,8.89,14.61,4.16,0.05,11.73
2021-10-20,7.34,15.81,1.15,0.0,14.81
2021-10-21,8.06,16.88,0.35,0.0,16.7
2021-10-22,9.84,18.12,2.01,0.0,16.33
2021-10-23,10.4,18.77,1.82,0.0,16.2
2021-10-24,9.99,18.75,2.57,0.0,16.17
2021-10-25,7.17,13.63,0.96,0.0,8.05
2021-10-26,4.94,14.71,-2.52,0.0,16.22
2021-10-27,7.32,15.71,-0.72,0.0,15.08
2021-10-28,9.21,16.03,3.58,4.98,13.17
2021-10-29,5.99,8.98,4.31,17.39,2.87
2021-10-30,6.95,10.65,3.38,8.37,5.04
2021-10-31,8.76,13.66,5.26,14.45,3.63
2021-11-01,8.95,13.04,6.02,7.8,6.06
2021-11-02,8.81,11.82,6.84,6.04,3.28
2021-11-03,9.41,14.24,6.75,0.55,7.89
2021-11-04,8.57,16.87,3.39,0.0,13.28
2021-11-05,8.61,17.4,2.08,0.0,13.67
2021-11-06,7.47,16.81,0.69,0.0,13.64
2021-11-07,7.49,16.85,-0.15,0.0,13.77
2021-11-08,8.64,16.57,2.65,0.0,11.96
2021-11-09,9.17,15.77,4.71,0.0,12.99
2021-11-10,5.43,10.35,-0.99,0.01,4.39
2021-11-11,2.13,9.85,-2.4,0.01,10.43
2021-11-12,3.32,11.55,-3.07,0.0,12.79
2021-11-13,4.36,11.81,-1.46,0.0,12.88
2021-11-14,5.97,13.85,-0.07,0.0,12.21
2021-11-15,6.27,12.71,1.61,0.0,11.41
2021-11-16,4.0,13.33,-1.51,0.0,12.35
2021-11-17,3.66,11.27,-2.12,0.0,12.07
2021-11-18,5.6,12.03,1.32,0.0,11.31
2021-11-19,5.04,9.94,1.58,0.01,10.21
2021-11-20,2.77,5.25,-0.17,2.61,5.49
2021-11-21,3.36,9.57,-0.52,0.19,9.24
2021-11-22,3.9,10.57,-1.14,0.0,10.71
2021-11-23,3.81,9.33,0.81,0.0,8.28
2021-11-24,3.09,5.52,0.45,1.24,2.08
2021-11-25,3.26,5.75,1.19,13.29,2.59
2021-11-26,1.81,3.7,0.52,8.8,4.05
2021-11-27,2.48,6.71,-0.05,0.2,3.56
2021-11-28,2.53,3.73,1.55,1.93,3.58
2021-11-29,5.53,11.52,2.4,0.0,8.0
2021-11-30,4.97,8.86,2.39,0.11,4.52
2021-12-01,2.12,4.98,-3.51,7.84,2.22
2021-12-02,-1.69,4.39,-5.94,0.0,7.97
2021-12-03,-0.07,5.79,-3.69,0.0,10.71
2021-12-04,0.2,5.07,-2.79,0.0,10.12
2021-12-05,1.22,6.28,-1.7,0.0,8.76
2021-12-06,1.71,7.46,-1.7,0.0,10.41
2021-12-07,0.78,8.06,-3.1,0.0,9.9
2021-12-08,0.32,2.86,-2.1,10.29,4.04
2021-12-09,0.16,1.99,-3.53,7.76,3.03
2021-12-10,-1.69,3.89,-5.13,0.0,8.45
2021-12-11,0.31,7.21,-3.47,0.0,9.6
2021-12-12,1.54,8.86,-2.55,0.0,8.81
2021-12-13,2.32,8.68,-0.86,0.0,7.4
2021-12-14,2.88,8.97,-1.16,0.0,4.79
2021-12-15,1.01,6.84,-2.27,0.16,7.71
2021-12-16,1.38,4.92,-1.11,5.57,5.76
2021-12-17,1.14,4.04,-1.59,4.23,6.06
2021-12-18,-0.56,1.48,-2.05,11.19,2.61
2021-12-19,-0.91,0.58,-1.81,10.67,2.39
2021-12-20,-2.34,-0.2,-4.74,12.24,0.95
2021-12-21,-6.05,-1.83,-13.29,2.89,3.72
2021-12-22,-13.08,-6.54,-17.97,0.28,8.67
2021-12-23,-13.41,-6.0,-19.24,0.92,7.19
2021-12-24,-15.68,-7.28,-22.54,0.08,10.41
2021-12-25,-10.94,-3.61,-16.77,0.0,9.49
2021-12-26,-8.5,-1.47,-12.63,0.0,10.22
2021-12-27,-8.59,-0.54,-13.58,0.0,9.55
2021-12-28,-7.48,0.07,-12.11,0.0,10.37
2021-12-29,-6.68,-0.61,-10.86,0.0,9.06
2021-12-30,-7.31,-1.03,-11.22,0.01,8.9
2021-12-31,-7.51,-0.52,-12.43,0.03,9.92
2022-01-01,-6.62,-1.76,-10.26,0.46,6.35
2022-01-02,-6.14,-1.92,-9.66,2.03,6.0
2022-01-03,-8.7,-2.09,-14.62,0.01,10.76
2022-01-04,-5.88,-2.3,-8.23,0.02,7.65
2022-01-05,-5.99,0.18,-11.04,0.0,10.5
2022-01-06,-4.68,0.75,-8.55,0.0,9.65
2022-01-07,-3.53,1.62,-7.46,0.0,8.7
2022-01-08,-4.91,1.67,-9.99,0.0,9.93
2022-01-09,-4.41,1.97,-10.11,3.15,8.64
2022-01-10,-3.22,-0.21,-4.78,11.84,5.36
2022-01-11,-2.47,-0.07,-4.37,3.17,4.05
2022-01-12,-0.44,0.41,-2.79,15.57,2.91
2022-01-13,-1.04,0.39,-6.27,6.58,3.43
2022-01-14,-10.11,-4.17,-17.25,0.96,11.35
2022-01-15,-9.95,-2.79,-15.36,0.02,8.93
2022-01-16,-15.09,-6.96,-21.14,0.01,11.71
2022-01-17,-13.77,-6.2,-20.88,0.0,11.95
2022-01-18,-11.51,-7.74,-15.5,7.21,9.81
2022-01-19,-10.06,-7.05,-11.94,20.14,9.45
2022-01-20,-12.54,-7.44,-18.19,1.34,12.2
2022-01-21,-15.03,-7.75,-19.82,0.04,12.74
2022-01-22,-12.38,-6.3,-18.32,0.17,9.71
2022-01-23,-9.37,-5.52,-14.1,6.31,11.43
2022-01-24,-7.11,-4.11,-9.72,13.97,12.14
2022-01-25,-9.88,-4.85,-13.52,0.37,11.55
2022-01-26,-6.11,-2.18,-11.26,9.77,9.08
2022-01-27,-6.84,-3.17,-12.49,7.6,9.64
2022-01-28,-10.23,-4.65,-13.64,0.15,11.53
2022-01-29,-9.77,-4.91,-12.91,1.05,11.8
2022-01-30,-10.25,-5.56,-14.55,0.81,11.18
2022-01-31,-7.14,-3.1,-10.97,4.86,13.82
2022-02-01,-5.56,-1.91,-8.49,2.49,7.52
2022-02-02,-4.86,-1.24,-7.75,0.03,6.16
2022-02-03,-5.21,-1.18,-9.02,0.52,11.78
2022-02-04,-4.14,-1.09,-7.15,1.73,9.5
2022-02-05,-10.42,-5.45,-16.16,0.0,12.21
2022-02-06,-10.29,-3.48,-16.39,0.0,13.06
2022-02-07,-9.55,-2.94,-14.88,0.01,14.4
2022-02-08,-7.1,-1.95,-13.43,1.76,11.59
2022-02-09,-1.03,0.52,-4.06,2.33,10.56
2022-02-10,-0.16,0.45,-3.73,15.98,8.28
2022-02-11,-6.14,0.33,-12.2,0.94,13.09
2022-02-12,-5.3,1.73,-12.12,0.0,16.37
2022-02-13,-5.53,0.59,-11.33,0.0,15.79
2022-02-14,-3.99,0.27,-7.6,0.0,14.28
2022-02-15,-4.95,-0.02,-10.1,0.0,16.33
2022-02-16,-6.62,-0.21,-12.57,0.0,14.76
2022-02-17,-6.27,0.15,-14.1,0.04,15.81
2022-02-18,-2.62,-0.18,-4.87,0.77,11.89
2022-02-19,-2.36,0.88,-5.86,0.06,14.83
2022-02-20,-3.11,1.71,-8.35,0.0,17.02
2022-02-21,-0.24,2.17,-3.53,0.01,12.89
2022-02-22,-0.05,2.03,-2.78,1.98,15.93
2022-02-23,1.77,3.8,0.49,3.63,13.56
2022-02-24,2.02,6.39,-1.45,2.59,16.04
2022-02-25,1.02,3.75,-0.43,14.29,11.78
2022-02-26,0.22,2.64,-2.47,1.81,14.78
2022-02-27,-0.12,5.24,-5.55,0.0,17.17
2022-02-28,0.79,4.78,-2.26,0.39,13.03
2022-03-01,0.52,2.3,-0.6,18.19,9.38
2022-03-02,0.48,1.87,-1.24,20.98,7.07
2022-03-03,0.68,3.19,-1.21,23.85,5.11
2022-03-04,-3.42,-1.22,-6.31,4.09,8.6
2022-03-05,-3.7,0.06,-6.5,0.0,15.63
2022-03-06,-2.2,1.29,-6.06,0.01,14.49
2022-03-07,-0.77,5.06,-7.9,0.0,20.19
2022-03-08,0.06,3.75,-2.77,5.34,15.78
2022-03-09,-0.64,0.38,-2.92,27.52,13.38
2022-03-10,-0.79,0.91,-2.84,12.21,8.65
2022-03-11,-3.38,-0.91,-7.66,10.64,8.42
2022-03-12,-7.65,-3.99,-11.53,2.88,19.05
2022-03-13,-8.11,-5.46,-10.1,7.2,21.04
2022-03-14,-7.76,-2.87,-11.58,6.77,18.33
2022-03-15,-8.93,-3.73,-13.45,0.36,21.54
2022-03-16,-10.38,-3.44,-18.88,0.01,21.55
2022-03-17,-7.92,-3.24,-13.03,0.36,13.26
2022-03-18,-6.46,-3.12,-9.62,3.38,17.34
2022-03-19,-6.23,-2.97,-11.45,10.83,13.61
2022-03-20,-10.77,-4.71,-17.34,0.4,22.87
2022-03-21,-10.71,-2.34,-20.31,0.48,22.73
2022-03-22,-7.08,-0.32,-16.56,2.64,21.5
2022-03-23,-2.34,0.03,-5.3,8.66,16.76
2022-03-24,-3.21,0.45,-6.74,3.12,22.56
2022-03-25,-3.82,-0.12,-7.92,5.27,19.19
2022-03-26,-4.62,0.13,-11.78,0.38,23.73
2022-03-27,-2.73,2.06,-5.92,2.73,22.98
2022-03-28,-1.66,3.83,-7.31,0.0,24.09
2022-03-29,0.48,6.49,-6.1,0.0,24.95
2022-03-30,1.7,5.32,-2.13,0.0,21.21
2022-03-31,4.11,10.92,-2.24,0.0,23.42
2022-04-01,6.0,12.35,-0.39,0.0,19.36
2022-04-02,8.03,14.78,2.69,0.0,16.26
2022-04-03,8.8,16.05,2.37,0.0,21.01
2022-04-04,7.82,13.55,3.36,0.0,20.23
2022-04-05,7.12,11.63,3.45,0.0,19.04
2022-04-06,6.32,11.67,2.85,1.33,14.75
2022-04-07,7.86,14.77,2.37,3.12,16.99
2022-04-08,6.56,9.27,3.7,9.98,11.62
2022-04-09,8.16,14.74,0.69,0.36,19.25
2022-04-10,6.61,12.02,-0.2,0.0,14.7
2022-04-11,8.38,14.97,2.23,0.0,18.46
2022-04-12,4.37,8.68,0.51,11.33,12.55
2022-04-13,-0.72,3.25,-6.16,0.7,9.22
2022-04-14,0.76,8.26,-7.29,0.0,14.84
2022-04-15,4.31,12.1,-3.47,0.0,20.59
2022-04-16,6.52,13.32,-1.81,0.0,25.22
2022-04-17,9.07,15.55,2.26,0.0,27.41
2022-04-18,9.48,13.75,4.9,0.0,18.75
2022-04-19,10.29,15.68,5.36,0.04,18.05
2022-04-20,10.09,15.84,5.44,0.08,23.39
2022-04-21,9.61,15.84,1.85,0.0,24.04
2022-04-22,10.36,17.09,2.27,0.0,22.08
2022-04-23,11.26,18.71,1.75,0.0,25.32
2022-04-24,13.14,19.48,6.33,0.0,25.89
2022-04-25,13.6,20.25,6.74,0.01,24.69
2022-04-26,13.58,19.34,6.97,1.56,17.27
2022-04-27,12.96,16.75,9.0,9.3,19.38
2022-04-28,10.5,13.97,5.79,0.17,16.64
2022-04-29,10.97,14.61,6.1,0.4,18.43
2022-04-30,10.6,14.77,6.6,0.28,20.19
2022-05-01,9.12,13.09,6.29,10.78,6.13
2022-05-02,10.29,16.39,4.81,1.21,16.59
2022-05-03,9.07,11.85,7.04,4.49,14.29
2022-05-04,9.98,14.97,5.69,1.46,17.77
2022-05-05,8.68,12.69,5.5,13.18,8.63
2022-05-06,7.11,10.9,3.45,5.25,13.45
2022-05-07,6.51,11.51,2.4,4.38,15.1
2022-05-08,7.13,12.43,0.95,0.52,18.74
2022-05-09,7.71,11.68,3.5,0.84,17.43
2022-05-10,7.16,12.32,0.81,3.03,19.68
2022-05-11,8.25,14.68,0.94,0.03,26.42
2022-05-12,7.79,12.52,1.47,1.93,19.72
2022-05-13,8.65,16.83,-1.7,0.0,31.27
2022-05-14,11.5,18.26,2.99,0.0,25.86
2022-05-15,11.93,18.56,7.89,14.03,16.18
2022-05-16,9.26,16.52,3.07,11.97,18.88
2022-05-17,10.37,18.08,1.35,0.0,28.86
2022-05-18,11.79,18.01,3.92,0.0,28.98
2022-05-19,13.2,18.4,8.17,1.32,22.36
2022-05-20,8.14,15.04,1.01,0.16,18.66
2022-05-21,9.26,18.35,-2.66,0.0,32.53
2022-05-22,12.54,19.73,4.08,0.0,24.31
2022-05-23,10.29,15.45,5.41,8.55,17.09
2022-05-24,8.46,13.79,2.74,0.84,16.02
2022-05-25,8.41,15.98,-0.28,0.0,28.47
2022-05-26,10.97,19.1,0.68,0.0,32.43
2022-05-27,13.97,21.7,4.29,0.0,30.62
2022-05-28,15.51,22.02,6.5,0.05,28.53
2022-05-29,16.56,21.31,11.5,2.33,26.51
2022-05-30,17.41,24.35,8.51,0.0,29.15
2022-05-31,18.35,24.7,10.93,1.12,24.94
2022-06-01,18.57,24.82,10.38,2.38,26.94
2022-06-02,19.44,26.47,11.05,0.03,25.29
2022-06-03,19.98,27.29,12.83,0.0,26.94
2022-06-04,19.89,27.44,12.85,0.0,28.04
2022-06-05,19.3,25.94,12.07,0.0,31.61
2022-06-06,17.62,23.92,10.6,0.0,28.56
2022-06-07,17.85,22.77,12.16,0.59,26.85
2022-06-08,17.97,23.01,12.0,0.47,25.31
2022-06-09,17.75,22.84,11.85,0.99,21.79
2022-06-10,18.01,23.63,10.25,0.0,27.87
2022-06-11,19.51,25.44,10.77,0.06,27.76
2022-06-12,19.39,24.27,14.03,1.79,22.82
2022-06-13,17.68,22.92,12.59,0.65,26.05
2022-06-14,16.04,19.34,12.55,5.6,17.24
2022-06-15,16.32,20.77,11.4,6.46,23.99
2022-06-16,16.84,23.21,8.96,0.0,27.67
2022-06-17,19.93,25.81,11.73,0.0,30.07
2022-06-18,20.99,27.06,13.27,0.0,30.83
2022-06-19,21.24,28.82,12.21,0.0,30.82
2022-06-20,21.88,28.67,11.89,0.0,31.71
2022-06-21,22.22,28.5,15.57,0.01,29.6
2022-06-22,16.19,21.69,10.84,0.3,17.48
2022-06-23,16.2,23.31,7.31,0.0,28.78
2022-06-24,16.6,23.52,9.45,0.08,22.73
2022-06-25,14.63,17.33,11.35,7.79,11.3
2022-06-26,15.81,21.7,9.39,0.5,18.44
2022-06-27,16.57,23.01,9.71,0.02,27.0
2022-06-28,18.15,24.54,10.98,0.0,29.15
2022-06-29,19.6,25.78,11.73,0.0,29.95
2022-06-30,20.56,27.61,12.2,0.0,30.97
2022-07-01,20.63,28.54,11.4,0.14,30.02
2022-07-02,19.32,26.64,11.36,0.11,26.57
2022-07-03,16.53,25.9,7.57,0.0,32.54
2022-07-04,17.32,26.94,7.71,0.0,31.79
2022-07-05,19.37,27.55,10.83,0.0,31.29
2022-07-06,20.11,28.21,11.93,0.0,30.95
2022-07-07,21.17,28.78,12.8,0.03,29.36
2022-07-08,22.08,29.42,14.55,0.8,25.02
2022-07-09,22.95,30.49,13.86,0.0,28.6
2022-07-10,23.39,31.49,15.95,0.0,28.94
2022-07-11,22.71,30.03,15.87,0.0,30.32
2022-07-12,22.22,30.59,13.38,0.0,29.6
2022-07-13,22.31,31.36,12.77,0.0,29.59
2022-07-14,22.96,32.36,14.25,0.0,27.56
2022-07-15,25.11,34.15,15.68,0.0,28.97
2022-07-16,26.19,34.09,18.84,0.0,28.71
2022-07-17,24.7,34.05,14.76,0.0,27.51
2022-07-18,24.61,34.21,14.97,0.0,27.66
2022-07-19,24.84,33.26,15.96,0.0,27.84
2022-07-20,23.95,32.97,14.72,0.0,29.23
2022-07-21,23.12,32.59,14.56,0.0,28.67
2022-07-22,21.42,30.55,13.02,0.0,28.69
2022-07-23,20.24,30.04,11.51,0.0,31.06
2022-07-24,19.12,28.94,9.86,0.0,29.79
2022-07-25,20.23,29.68,10.05,0.0,29.86
2022-07-26,22.36,31.38,12.34,0.0,27.64
2022-07-27,22.47,32.07,12.67,0.0,29.72
2022-07-28,24.12,33.82,13.79,0.0,30.35
2022-07-29,25.64,35.39,15.38,0.0,30.19
2022-07-30,25.66,34.75,16.63,0.0,26.83
2022-07-31,25.97,33.52,16.79,0.0,27.22
2022-08-01,25.9,34.1,16.23,0.0,28.2
2022-08-02,26.28,33.62,16.65,0.0,28.48
2022-08-03,27.12,35.23,17.68,0.0,26.36
2022-08-04,26.7,35.34,17.68,0.0,26.49
2022-08-05,26.41,35.4,17.62,0.0,25.97
2022-08-06,25.88,34.69,17.4,0.0,27.83
2022-08-07,25.63,34.64,17.15,0.0,26.85
2022-08-08,25.11,32.89,16.56,0.01,22.93
2022-08-09,25.49,33.9,16.86,0.0,24.78
2022-08-10,25.03,33.1,16.09,0.0,27.16
2022-08-11,25.42,33.58,16.33,0.0,25.83
2022-08-12,25.12,34.11,16.22,0.01,25.34
2022-08-13,26.11,35.11,16.84,0.0,27.05
2022-08-14,26.63,35.19,18.53,0.0,27.13
2022-08-15,25.01,32.56,18.66,0.0,26.77
2022-08-16,25.82,34.74,17.48,0.0,26.89
2022-08-17,25.54,35.64,14.81,0.0,27.34
2022-08-18,26.07,34.97,16.38,0.0,27.09
2022-08-19,24.83,33.95,14.13,0.0,25.53
2022-08-20,24.45,31.41,15.89,0.01,24.46
2022-08-21,24.92,32.47,15.84,0.0,21.02
2022-08-22,24.98,32.82,17.94,0.02,18.32
2022-08-23,25.18,32.98,16.85,0.01,21.32
2022-08-24,25.46,33.34,17.25,0.0,21.78
2022-08-25,25.77,33.15,18.56,0.0,22.46
2022-08-26,24.55,32.04,16.9,0.0,23.85
2022-08-27,23.86,32.01,16.64,0.0,24.37
2022-08-28,24.08,32.46,15.51,0.0,26.36
2022-08-29,24.34,33.08,15.43,0.0,25.64
2022-08-30,24.64,33.19,14.76,0.0,24.97
2022-08-31,25.87,33.86,17.04,0.0,23.44
2022-09-01,26.78,33.49,20.95,0.0,21.28
2022-09-02,27.03,34.37,19.86,0.0,19.94
2022-09-03,26.92,34.32,20.09,0.0,20.34
2022-09-04,25.78,33.54,18.52,0.0,22.32
2022-09-05,22.54,32.25,14.39,0.0,23.09
2022-09-06,19.54,28.72,12.78,0.03,19.82
2022-09-07,18.32,27.47,11.01,0.08,20.3
2022-09-08,18.65,28.09,9.86,0.0,24.26
2022-09-09,19.44,28.33,10.02,0.0,24.47
2022-09-10,20.29,29.34,10.7,0.0,24.37
2022-09-11,20.99,29.34,11.7,0.0,23.45
2022-09-12,21.2,30.41,12.14,0.0,22.69
2022-09-13,20.63,28.03,13.33,1.09,21.4
2022-09-14,17.52,24.82,11.34,0.55,21.79
2022-09-15,17.01,26.46,7.68,0.0,23.69
2022-09-16,19.46,29.2,9.83,0.0,22.62
2022-09-17,21.5,30.03,12.34,0.0,21.21
2022-09-18,22.45,31.31,13.67,0.0,21.84
2022-09-19,21.62,29.65,15.45,0.46,21.9
2022-09-20,20.83,28.17,14.03,0.11,18.29
2022-09-21,20.46,26.68,15.4,2.78,11.92
2022-09-22,16.26,19.84,12.44,3.45,14.12
2022-09-23,14.89,20.42,9.93,0.31,16.37
2022-09-24,14.12,20.61,8.19,0.09,11.4
2022-09-25,12.05,21.81,3.82,0.0,22.05
2022-09-26,15.35,25.76,5.3,0.0,21.65
2022-09-27,16.97,26.96,6.7,0.0,20.96
2022-09-28,18.94,26.57,12.39,0.0,20.59
2022-09-29,18.34,26.26,11.15,0.0,19.71
2022-09-30,17.2,26.38,9.52,0.0,20.24
2022-10-01,17.31,26.98,10.4,0.0,20.22
2022-10-02,18.31,27.26,10.12,0.0,19.32
2022-10-03,18.84,26.25,12.53,0.01,15.17
2022-10-04,17.95,25.05,12.06,0.0,15.03
2022-10-05,18.62,26.43,12.5,0.0,13.14
2022-10-06,18.69,25.82,12.47,0.0,18.0
2022-10-07,17.64,25.65,9.29,0.0,17.62
2022-10-08,18.0,25.31,11.54,0.17,8.85
2022-10-09,14.41,20.36,9.2,1.08,9.75
2022-10-10,12.43,20.18,5.2,0.0,15.34
2022-10-11,12.68,20.92,5.14,0.0,17.36
2022-10-12,13.57,22.13,5.06,0.0,17.46
2022-10-13,13.55,17.51,9.9,0.08,11.44
2022-10-14,13.34,18.4,9.34,3.08,9.99
2022-10-15,12.76,17.45,9.44,7.67,8.71
2022-10-16,13.44,18.86,9.42,0.47,14.25
2022-10-17,15.11,21.85,9.91,0.24,10.99
2022-10-18,13.37,20.29,8.11,0.06,14.12
2022-10-19,13.81,21.17,7.32,0.06,10.53
2022-10-20,13.31,19.53,9.31,0.52,12.48
2022-10-21,8.3,13.01,4.6,4.48,9.53
2022-10-22,7.08,13.93,0.28,1.6,12.18
2022-10-23,7.78,15.52,1.13,0.0,15.92
2022-10-24,8.54,16.7,2.4,0.0,14.48
2022-10-25,7.99,16.75,-0.5,0.0,16.05
2022-10-26,8.95,16.6,2.92,0.38,11.68
2022-10-27,8.26,14.52,3.56,0.59,14.31
2022-10-28,7.22,16.89,0.73,0.0,15.19
2022-10-29,7.04,16.27,-0.49,0.0,15.24
2022-10-30,8.31,15.76,2.45,0.0,14.59
2022-10-31,8.15,14.92,4.33,0.01,13.31
2022-11-01,5.37,13.21,-0.21,0.01,11.69
2022-11-02,4.83,14.18,-3.83,0.0,14.85
2022-11-03,6.49,15.25,-0.54,0.0,13.56
2022-11-04,6.03,13.57,-0.71,0.0,13.52
2022-11-05,7.22,13.08,3.68,0.0,12.67
2022-11-06,7.71,14.7,2.73,0.0,12.85
2022-11-07,7.89,14.32,2.94,0.33,8.41
2022-11-08,5.12,9.28,2.09,0.93,5.64
2022-11-09,3.95,8.65,-0.12,0.52,6.81
2022-11-10,4.97,10.24,-0.08,1.82,6.84
2022-11-11,5.11,11.25,-0.83,0.01,9.02
2022-11-12,5.05,12.68,-1.34,0.0,12.5
2022-11-13,5.53,13.74,-0.71,0.0,12.74
2022-11-14,5.09,13.99,-1.62,0.0,12.76
2022-11-15,4.25,11.67,-1.09,0.0,12.6
2022-11-16,2.05,3.83,1.01,7.13,2.66
2022-11-17,2.43,6.41,-0.05,2.36,5.45
2022-11-18,3.43,5.73,1.67,0.54,4.29
2022-11-19,4.94,9.9,1.7,1.07,4.96
2022-11-20,6.42,15.04,0.22,0.0,11.18
2022-11-21,6.01,13.35,0.15,0.01,8.07
2022-11-22,5.11,9.66,1.52,0.18,6.68
2022-11-23,5.02,11.41,2.03,0.52,8.85
2022-11-24,5.12,11.16,-0.06,3.41,5.6
2022-11-25,3.31,5.22,0.97,23.72,1.43
2022-11-26,2.42,4.53,0.79,15.52,3.96
2022-11-27,2.01,8.66,-3.68,0.49,8.13
2022-11-28,2.15,8.3,-2.03,0.0,8.61
2022-11-29,2.27,7.34,-1.68,0.23,3.87
2022-11-30,3.46,8.01,1.16,5.95,2.7
2022-12-01,3.91,9.5,0.09,0.0,6.59
2022-12-02,4.37,8.77,1.53,0.01,4.48
2022-12-03,2.9,9.52,-1.69,0.15,7.15
2022-12-04,1.51,8.21,-2.57,0.01,8.49
2022-12-05,1.58,6.62,-2.14,0.0,7.09
2022-12-06,1.0,4.82,-1.43,0.03,5.85
2022-12-07,-0.04,3.46,-1.69,0.24,2.81
2022-12-08,0.92,4.79,-1.25,0.01,4.21
2022-12-09,1.12,6.25,-3.44,0.0,5.94
2022-12-10,1.19,7.92,-2.85,0.0,8.23
2022-12-11,1.09,7.41,-2.62,0.01,6.78
2022-12-12,-0.44,2.48,-1.7,0.79,2.81
2022-12-13,0.03,2.77,-1.68,0.77,2.22
2022-12-14,1.05,4.0,-1.09,0.51,3.12
2022-12-15,3.08,6.34,1.49,3.13,2.27
2022-12-16,2.97,9.12,-1.85,0.31,5.68
2022-12-17,1.93,10.2,-3.51,0.0,9.59
2022-12-18,2.58,10.88,-2.43,0.0,9.12
2022-12-19,2.17,9.73,-2.16,0.0,9.04
2022-12-20,0.15,6.06,-3.31,0.28,5.53
2022-12-21,0.07,4.94,-2.88,0.0,5.51
2022-12-22,-0.25,5.03,-3.41,0.0,7.44
2022-12-23,-0.73,4.57,-3.87,0.0,7.71
2022-12-24,-0.11,6.53,-5.17,0.0,6.75
2022-12-25,-1.53,3.85,-5.45,0.03,6.84
2022-12-26,-1.12,2.57,-4.04,0.27,6.69
2022-12-27,-0.54,3.81,-3.03,0.0,7.83
2022-12-28,0.02,5.14,-2.74,0.0,7.21
2022-12-29,-0.71,4.59,-4.81,0.0,9.82
2022-12-30,-1.34,4.81,-6.46,0.0,9.89
2022-12-31,-1.26,5.33,-7.24,0.0,10.13
2023-01-01,-0.76,6.52,-6.79,0.0,10.22
2023-01-02,-0.74,7.83,-7.5,0.0,10.08
2023-01-03,0.43,7.53,-5.5,0.0,10.15
2023-01-04,0.88,7.61,-3.9,0.0,10.23
2023-01-05,0.16,6.43,-5.89,0.0,9.61
2023-01-06,-1.68,2.29,-5.09,0.46,6.61
2023-01-07,-1.79,1.77,-3.76,0.52,5.76
2023-01-08,-3.12,1.54,-7.6,0.01,6.3
2023-01-09,-4.24,0.32,-8.58,0.1,9.06
2023-01-10,-4.72,2.44,-11.1,0.0,10.53
2023-01-11,-4.11,3.03,-10.3,0.0,9.83
2023-01-12,-3.28,3.89,-9.52,0.0,9.48
2023-01-13,-2.78,2.14,-6.17,0.04,7.59
2023-01-14,-2.81,0.77,-5.7,2.11,7.13
2023-01-15,-1.44,2.71,-5.01,0.25,6.2
2023-01-16,-1.76,2.98,-6.32,0.18,8.13
2023-01-17,-0.01,3.7,-2.12,0.17,6.48
2023-01-18,-0.09,6.16,-4.43,0.0,9.61
2023-01-19,1.46,9.0,-3.4,0.0,11.04
2023-01-20,2.35,9.46,-1.55,0.0,11.47
2023-01-21,1.51,7.06,-1.85,0.0,11.56
2023-01-22,1.41,6.72,-1.52,0.0,10.71
2023-01-23,0.19,5.51,-3.8,0.0,11.0
2023-01-24,-1.39,4.19,-5.73,0.0,10.72
2023-01-25,-2.14,2.08,-6.83,0.0,8.91
2023-01-26,-2.65,1.68,-8.3,0.0,9.51
2023-01-27,-2.2,3.22,-6.75,0.0,11.61
2023-01-28,-4.01,-2.09,-5.89,38.23,7.87
2023-01-29,-5.43,-1.34,-10.07,5.3,8.08
2023-01-30,-6.65,-1.71,-13.18,1.36,8.46
2023-01-31,-3.62,-1.01,-7.8,6.56,8.33
2023-02-01,-3.58,-1.64,-6.75,8.8,9.14
2023-02-02,-5.68,-2.41,-15.42,30.14,6.91
2023-02-03,-12.86,-3.69,-18.8,0.21,13.37
2023-02-04,-11.66,-6.03,-18.02,5.17,5.36
2023-02-05,-6.35,-2.9,-10.92,14.79,10.01
2023-02-06,-2.79,-0.89,-5.75,30.56,9.72
2023-02-07,-5.48,-1.83,-13.17,12.47,5.96
2023-02-08,-10.12,-4.81,-15.65,1.65,12.65
2023-02-09,-11.44,-3.05,-17.7,0.0,15.22
2023-02-10,-12.91,-3.33,-19.99,0.0,15.35
2023-02-11,-14.11,-4.15,-20.45,0.0,15.9
2023-02-12,-13.84,-4.24,-21.47,0.0,16.18
2023-02-13,-14.77,-5.41,-21.22,0.0,15.59
2023-02-14,-15.51,-5.41,-24.29,0.0,16.92
2023-02-15,-12.44,-5.6,-19.2,0.04,15.36
2023-02-16,-12.57,-6.9,-17.98,0.01,16.54
2023-02-17,-11.56,-4.12,-18.52,0.0,17.12
2023-02-18,-8.85,-2.29,-14.59,0.0,17.03
2023-02-19,-6.85,-2.29,-10.87,0.1,12.57
2023-02-20,-4.4,-0.64,-9.32,1.4,13.86
2023-02-21,-4.27,-0.99,-8.71,1.61,16.42
2023-02-22,-5.62,-0.89,-10.65,0.0,16.84
2023-02-23,-3.21,0.08,-6.97,0.03,15.19
2023-02-24,-8.15,-1.02,-14.84,0.0,19.07
2023-02-25,-5.31,0.19,-14.25,0.0,16.32
2023-02-26,-3.27,0.06,-6.81,0.0,17.94
2023-02-27,-3.89,0.38,-8.17,0.0,18.37
2023-02-28,-2.18,2.39,-8.67,0.0,16.44
2023-03-01,0.8,3.99,-3.54,0.0,14.85
2023-03-02,2.24,4.01,-0.43,1.01,13.52
2023-03-03,0.55,2.38,-1.76,0.07,8.92
2023-03-04,2.1,4.56,-0.71,0.14,14.26
2023-03-05,2.23,5.1,1.1,0.68,6.83
2023-03-06,3.23,6.5,0.87,14.62,8.59
2023-03-07,2.1,8.36,-4.75,0.01,16.51
2023-03-08,3.27,7.3,-0.62,0.0,17.15
2023-03-09,4.1,9.48,-1.38,0.0,15.85
2023-03-10,3.78,7.91,0.88,0.0,14.03
2023-03-11,3.05,7.94,-0.42,0.0,9.32
2023-03-12,4.36,10.5,-1.15,0.19,11.72
2023-03-13,3.11,7.21,0.7,9.47,5.75
2023-03-14,3.94,6.98,0.87,28.03,4.09
2023-03-15,6.53,11.37,2.49,15.27,6.38
2023-03-16,4.79,9.24,1.2,2.3,7.58
2023-03-17,4.88,8.93,2.85,0.14,11.81
2023-03-18,5.0,9.58,1.82,1.43,10.34
2023-03-19,4.08,8.31,1.36,17.09,6.84
2023-03-20,3.02,6.82,0.2,4.05,7.77
2023-03-21,3.13,8.94,-2.82,0.27,11.47
2023-03-22,5.64,12.31,-1.8,0.01,18.02
2023-03-23,5.45,9.63,2.05,0.59,10.99
2023-03-24,5.73,9.44,3.02,1.17,8.63
2023-03-25,4.78,6.54,3.48,32.97,2.98
2023-03-26,7.17,11.42,4.15,7.11,5.3
2023-03-27,7.36,13.26,3.51,7.65,14.19
2023-03-28,6.68,12.11,1.95,0.54,17.04
2023-03-29,4.36,8.61,1.87,17.05,14.1
2023-03-30,-0.14,5.02,-5.07,0.55,5.54
2023-03-31,-2.41,2.0,-6.29,3.02,8.62
2023-04-01,-0.32,7.19,-6.51,0.0,22.16
2023-04-02,3.02,8.29,-2.67,0.17,15.63
2023-04-03,6.07,11.06,2.98,2.38,16.39
2023-04-04,7.45,12.67,3.52,0.0,16.6
2023-04-05,7.17,13.18,2.53,0.02,14.8
2023-04-06,4.84,9.1,2.08,2.69,10.96
2023-04-07,4.07,7.46,1.91,7.06,6.35
2023-04-08,5.49,11.08,0.03,2.64,13.35
2023-04-09,5.42,9.74,1.14,0.35,12.55
2023-04-10,6.53,9.32,3.5,4.2,7.52
2023-04-11,6.36,8.81,3.83,20.5,5.45
2023-04-12,7.44,11.03,3.39,30.42,5.9
2023-04-13,2.83,4.66,1.11,10.43,9.89
2023-04-14,3.37,7.42,-0.39,1.95,14.58
2023-04-15,6.99,13.25,0.89,0.0,21.47
2023-04-16,9.9,16.69,1.16,0.01,24.36
2023-04-17,10.42,15.34,4.76,0.57,20.57
2023-04-18,10.15,15.75,4.15,0.17,21.79
2023-04-19,10.52,15.59,5.94,6.4,17.13
2023-04-20,8.64,12.24,5.01,18.35,8.77
2023-04-21,7.41,12.85,3.56,0.28,20.37
2023-04-22,7.42,11.73,2.52,0.08,21.92
2023-04-23,6.03,11.61,1.73,1.77,10.06
2023-04-24,8.56,13.75,3.84,1.16,20.56
2023-04-25,8.25,13.41,3.19,0.55,25.29
2023-04-26,8.25,12.52,2.53,1.01,16.33
2023-04-27,9.62,14.89,4.24,1.48,16.26
2023-04-28,9.95,15.72,3.54,0.59,15.03
2023-04-29,7.57,12.17,3.78,14.81,12.38
2023-04-30,4.02,7.22,0.66,7.11,13.97
2023-05-01,4.87,9.14,-0.22,2.73,17.26
2023-05-02,5.21,11.26,-2.17,0.05,22.25
2023-05-03,4.68,11.69,-2.42,0.02,24.09
2023-05-04,7.96,16.84,-3.09,0.0,30.17
2023-05-05,11.64,17.26,4.94,0.0,29.71
2023-05-06,12.19,17.81,7.68,0.12,19.81
2023-05-07,11.34,16.67,6.21,0.63,22.04
2023-05-08,9.72,13.89,6.53,1.2,13.91
2023-05-09,10.43,15.28,4.55,0.39,20.08
2023-05-10,11.8,17.45,4.57,0.05,22.54
2023-05-11,13.55,17.87,8.02,0.0,19.89
2023-05-12,11.42,15.31,8.65,1.39,10.6
2023-05-13,10.35,15.06,4.41,6.98,15.04
2023-05-14,8.4,16.33,1.86,0.07,26.04
2023-05-15,7.28,15.18,-1.32,0.0,24.85
2023-05-16,10.53,18.79,0.05,0.0,31.61
2023-05-17,13.9,19.68,8.23,0.0,29.67
2023-05-18,14.56,21.55,7.75,0.0,23.89
2023-05-19,13.68,20.45,9.34,0.0,22.56
2023-05-20,11.12,16.03,7.41,1.97,13.33
2023-05-21,10.03,13.51,6.35,15.96,14.75
2023-05-22,11.72,16.99,5.59,6.03,16.85
2023-05-23,13.49,19.38,8.26,3.04,25.39
2023-05-24,13.54,19.26,8.28,2.01,19.03
2023-05-25,13.23,18.58,6.5,12.78,19.92
2023-05-26,12.71,16.68,8.14,5.92,21.64
2023-05-27,13.25,18.56,5.93,0.06,22.72
2023-05-28,13.95,18.97,9.58,1.28,8.74
2023-05-29,13.7,18.31,9.56,21.73,16.44
2023-05-30,13.76,17.72,9.69,12.26,19.52
2023-05-31,13.83,17.74,9.26,0.95,26.29
2023-06-01,15.19,20.06,8.29,0.05,26.74
2023-06-02,15.09,19.46,9.74,0.75,21.39
2023-06-03,15.54,20.69,9.45,1.2,22.95
2023-06-04,16.6,22.43,11.48,0.48,27.01
2023-06-05,16.8,21.3,11.15,0.0,28.7
2023-06-06,15.42,20.27,8.94,0.13,24.06
2023-06-07,15.71,21.99,8.45,0.0,29.42
2023-06-08,17.76,23.89,8.78,0.0,30.83
2023-06-09,15.6,20.2,12.0,0.64,12.29
2023-06-10,15.94,20.55,9.74,1.8,17.19
2023-06-11,17.47,22.7,11.73,0.58,25.82
2023-06-12,18.05,22.15,13.29,0.03,23.88
2023-06-13,17.91,22.57,12.29,0.0,27.1
2023-06-14,17.3,21.47,11.93,0.31,28.16
2023-06-15,16.0,19.59,10.61,3.17,20.25
2023-06-16,16.7,23.63,8.14,0.0,29.39
2023-06-17,17.4,23.8,9.06,0.0,31.22
2023-06-18,17.34,22.66,12.12,0.03,26.93
2023-06-19,16.72,22.68,9.24,1.05,24.37
2023-06-20,15.48,20.69,10.7,4.87,14.99
2023-06-21,16.31,22.83,8.53,0.75,26.08
2023-06-22,17.0,22.84,12.1,2.13,17.86
2023-06-23,15.9,21.14,10.53,4.92,20.51
2023-06-24,16.24,23.51,8.85,0.0,27.93
2023-06-25,19.3,26.97,10.27,0.0,31.72
2023-06-26,20.92,27.69,11.54,0.02,30.5
2023-06-27,20.31,26.27,14.13,0.6,28.91
2023-06-28,19.77,26.62,11.94,0.02,28.22
2023-06-29,19.79,26.37,11.53,0.0,27.32
2023-06-30,18.32,25.43,11.52,1.17,26.17
2023-07-01,15.95,23.73,8.16,0.0,32.22
2023-07-02,18.89,27.28,8.79,0.0,31.78
2023-07-03,20.6,28.41,11.56,0.0,31.3
2023-07-04,21.38,29.31,12.93,0.36,27.48
2023-07-05,22.03,29.75,14.38,0.0,29.99
2023-07-06,23.15,30.65,15.34,0.0,28.49
2023-07-07,24.51,32.0,15.15,0.04,26.61
2023-07-08,23.11,29.22,15.39,4.26,25.85
2023-07-09,21.84,27.34,15.97,2.05,19.16
2023-07-10,17.92,24.92,12.11,0.9,23.22
2023-07-11,15.33,22.49,10.29,0.54,24.55
2023-07-12,17.04,26.13,8.15,0.0,31.87
2023-07-13,19.54,29.14,10.14,0.0,31.91
2023-07-14,22.39,31.17,14.13,0.0,30.96
2023-07-15,21.66,29.81,14.37,0.0,31.12
2023-07-16,20.51,29.08,13.27,0.0,29.42
2023-07-17,18.67,28.13,10.01,0.0,31.25
2023-07-18,18.91,28.6,8.89,0.0,30.73
2023-07-19,22.21,31.02,12.37,0.0,29.52
2023-07-20,23.88,32.31,13.81,0.0,27.49
2023-07-21,24.68,32.73,16.36,0.0,28.86
2023-07-22,24.4,33.03,15.92,0.0,29.03
2023-07-23,24.69,33.61,16.27,0.0,28.83
2023-07-24,23.63,32.99,15.74,0.73,26.49
2023-07-25,21.14,30.1,14.32,5.37,26.89
2023-07-26,23.72,31.82,15.38,0.0,27.41
2023-07-27,25.8,33.38,17.19,0.0,26.42
2023-07-28,25.6,33.59,16.23,0.0,26.44
2023-07-29,22.96,33.15,13.31,0.0,30.07
2023-07-30,24.22,33.53,14.33,0.0,28.3
2023-07-31,23.58,31.63,14.44,0.0,26.07
2023-08-01,25.05,32.09,18.05,0.0,27.64
2023-08-02,24.86,31.87,18.1,0.0,27.01
2023-08-03,23.57,32.74,14.47,0.0,28.97
2023-08-04,23.68,32.66,14.82,0.0,28.22
2023-08-05,25.02,33.32,16.36,0.02,26.46
2023-08-06,26.72,34.36,18.48,0.45,24.8
2023-08-07,27.31,34.74,19.98,0.0,26.85
2023-08-08,27.85,36.07,18.21,0.0,27.82
2023-08-09,28.21,36.67,18.24,0.0,26.49
2023-08-10,28.83,36.43,20.57,0.0,24.16
2023-08-11,28.44,35.62,22.2,0.0,24.96
2023-08-12,27.83,35.66,20.39,0.0,26.07
2023-08-13,26.62,36.18,16.41,0.0,27.1
2023-08-14,27.6,36.81,18.77,0.0,25.3
2023-08-15,26.91,35.91,18.01,0.0,25.42
2023-08-16,26.29,35.45,15.94,0.0,27.46
2023-08-17,26.4,35.42,16.65,0.0,25.68
2023-08-18,26.38,34.77,18.96,0.02,22.63
2023-08-19,24.84,34.58,15.4,0.0,27.04
2023-08-20,24.88,33.94,15.56,0.0,26.58
2023-08-21,26.35,33.43,20.12,0.0,25.46
2023-08-22,24.65,33.86,15.36,0.0,25.23
2023-08-23,24.47,33.78,15.39,0.0,26.04
2023-08-24,24.05,33.76,14.79,0.0,25.45
2023-08-25,22.27,31.52,14.73,0.0,23.48
2023-08-26,22.26,31.78,13.59,0.0,26.09
2023-08-27,23.62,32.82,14.44,0.0,25.16
2023-08-28,23.41,30.69,17.17,0.19,23.27
2023-08-29,19.1,23.19,14.31,7.21,15.39
2023-08-30,20.08,26.66,12.31,0.0,20.73
2023-08-31,23.13,29.76,17.07,0.0,21.75
2023-09-01,24.0,31.4,15.61,0.0,21.67
2023-09-02,24.87,32.48,16.74,0.0,21.64
2023-09-03,23.81,31.56,16.49,0.0,22.82
2023-09-04,21.36,28.56,14.28,0.0,22.58
2023-09-05,23.49,31.91,16.45,0.0,21.03
2023-09-06,25.51,32.96,20.04,0.0,24.01
2023-09-07,23.6,33.13,13.79,0.0,23.84
2023-09-08,22.23,31.69,13.66,0.11,22.3
2023-09-09,20.14,28.45,12.77,0.03,22.22
2023-09-10,17.29,26.41,9.27,0.0,22.49
2023-09-11,17.39,26.62,9.04,0.01,21.17
2023-09-12,16.72,22.09,11.66,1.01,14.92
2023-09-13,15.8,24.37,7.91,0.04,20.22
2023-09-14,16.51,25.81,7.88,0.0,23.44
2023-09-15,17.94,26.78,9.18,0.0,21.65
2023-09-16,18.61,27.19,10.46,0.0,22.4
2023-09-17,17.88,27.2,9.24,0.0,21.31
2023-09-18,18.1,27.18,10.0,0.09,21.91
2023-09-19,18.35,26.97,10.46,0.0,20.52
2023-09-20,20.27,27.65,12.7,0.0,20.13
2023-09-21,20.29,27.48,13.38,0.0,18.55
2023-09-22,20.41,28.58,12.31,0.0,20.99
2023-09-23,20.83,28.5,12.68,0.0,20.24
2023-09-24,20.78,29.48,12.03,0.0,18.92
2023-09-25,19.9,27.94,12.49,0.03,17.33
2023-09-26,19.11,27.16,10.72,0.0,19.99
2023-09-27,18.96,27.39,10.6,0.0,18.95
2023-09-28,20.12,27.41,12.15,0.0,18.8
2023-09-29,20.12,26.92,14.03,0.0,15.73
2023-09-30,18.56,26.03,11.01,0.17,15.36
2023-10-01,15.67,19.45,11.96,4.06,7.76
2023-10-02,12.48,14.57,10.52,7.34,9.43
2023-10-03,11.1,14.83,8.76,5.54,9.05
2023-10-04,10.15,15.27,6.21,5.68,10.25
2023-10-05,10.99,19.77,2.03,0.0,19.84
2023-10-06,11.96,20.2,4.26,0.0,19.2
2023-10-07,11.89,20.41,3.25,0.0,18.77
2023-10-08,12.76,20.92,5.76,0.0,18.79
2023-10-09,13.34,18.77,9.33,0.0,11.78
2023-10-10,12.84,19.16,8.3,0.03,13.7
2023-10-11,11.53,19.18,5.81,0.58,18.16
2023-10-12,11.29,20.28,2.21,0.0,18.32
2023-10-13,12.11,20.16,4.29,0.0,17.3
2023-10-14,12.45,20.76,3.54,0.0,17.54
2023-10-15,12.61,19.84,4.96,0.56,14.17
2023-10-16,11.2,14.65,7.8,2.53,7.84
2023-10-17,10.97,17.31,4.84,0.05,12.92
2023-10-18,10.4,13.51,7.15,3.94,7.78
2023-10-19,9.58,13.41,5.37,8.86,7.02
2023-10-20,9.27,16.54,1.93,0.0,15.01
2023-10-21,12.0,19.17,6.55,0.0,16.11
2023-10-22,12.44,20.56,4.78,0.0,11.25
2023-10-23,12.73,19.88,5.82,0.08,13.43
2023-10-24,11.25,16.61,6.71,0.72,13.35
2023-10-25,11.49,18.15,6.7,0.0,13.75
2023-10-26,11.86,16.91,8.27,0.0,8.86
2023-10-27,10.94,15.27,7.68,0.01,7.71
2023-10-28,12.19,19.29,6.41,0.0,13.16
2023-10-29,13.32,19.51,8.01,0.0,13.08
2023-10-30,13.13,20.5,6.85,0.0,12.56
2023-10-31,12.87,20.45,6.79,0.0,11.83
2023-11-01,12.73,18.37,8.1,0.76,10.16
2023-11-02,11.25,15.04,8.75,5.45,8.07
2023-11-03,9.55,12.49,7.59,9.51,7.45
2023-11-04,9.93,16.24,6.98,0.34,12.31
2023-11-05,10.23,17.9,4.14,0.0,13.4
2023-11-06,9.46,15.83,4.76,0.0,9.47
2023-11-07,8.89,16.85,2.79,0.0,11.18
2023-11-08,7.61,16.61,-0.24,0.0,13.58
2023-11-09,8.68,15.1,4.0,0.0,10.52
2023-11-10,9.04,14.01,5.8,0.12,9.25
2023-11-11,8.34,14.61,3.95,0.0,9.11
2023-11-12,8.29,14.94,3.21,0.0,8.66
2023-11-13,7.69,14.45,2.56,0.0,9.98
2023-11-14,6.67,8.69,5.78,19.18,3.59
2023-11-15,7.06,11.99,4.05,0.41,7.9
2023-11-16,6.82,10.08,4.19,6.11,5.64
2023-11-17,5.02,10.38,-0.19,5.62,10.46
2023-11-18,4.14,8.08,-1.38,5.35,6.58
2023-11-19,6.23,8.16,3.19,47.56,1.94
2023-11-20,1.33,4.27,-2.63,32.57,1.11
2023-11-21,-2.76,2.01,-7.27,0.2,5.94
2023-11-22,-2.09,2.98,-5.58,0.0,8.62
2023-11-23,0.08,6.03,-4.97,0.0,6.6
2023-11-24,2.67,7.84,-0.32,0.03,6.58
2023-11-25,2.1,6.81,-0.48,1.07,3.12
2023-11-26,3.08,5.93,0.11,11.27,2.91
2023-11-27,1.93,5.97,-4.56,28.69,4.64
2023-11-28,-3.25,2.7,-6.78,0.01,9.22
2023-11-29,-1.2,3.41,-5.43,0.0,7.69
2023-11-30,0.33,4.84,-2.74,0.0,7.12
2023-12-01,2.42,9.23,-1.83,0.0,10.89
2023-12-02,3.3,9.51,-0.25,0.0,9.5
2023-12-03,3.17,9.02,-0.57,0.0,9.8
2023-12-04,3.21,8.66,-0.2,0.0,9.76
2023-12-05,3.93,8.35,1.54,4.47,7.29
2023-12-06,1.42,3.15,-0.12,32.09,2.31
2023-12-07,2.42,5.0,0.56,0.74,3.82
2023-12-08,3.64,5.42,2.36,2.69,2.66
2023-12-09,2.95,3.95,2.33,17.52,2.68
2023-12-10,2.96,4.69,2.14,3.36,4.83
2023-12-11,3.42,6.88,1.07,7.94,4.57
2023-12-12,3.07,6.38,0.65,6.81,5.17
2023-12-13,2.21,5.04,-2.23,3.2,3.89
2023-12-14,0.46,6.39,-3.92,0.0,9.65
2023-12-15,2.58,9.1,-2.2,0.0,8.65
2023-12-16,2.75,8.09,-0.24,0.0,7.14
2023-12-17,-0.46,4.49,-6.28,1.02,4.21
2023-12-18,-2.9,3.05,-7.02,0.0,9.91
2023-12-19,-1.39,3.97,-6.15,0.0,8.87
2023-12-20,-0.42,4.4,-4.11,0.0,9.65
2023-12-21,-0.68,2.96,-3.69,0.2,7.59
2023-12-22,-1.06,0.55,-2.16,9.59,2.67
2023-12-23,-1.66,0.09,-6.94,24.17,2.6
2023-12-24,-3.69,0.12,-9.31,3.26,3.15
2023-12-25,-3.23,0.6,-8.71,0.37,5.61
2023-12-26,-0.94,1.22,-4.08,0.0,7.76
2023-12-27,-0.86,3.24,-4.2,0.0,9.97
2023-12-28,-2.42,3.51,-7.55,0.0,9.01
2023-12-29,-3.05,4.17,-7.81,0.0,10.0
2023-12-30,-1.1,5.2,-4.83,0.0,9.91
2023-12-31,-0.19,4.29,-3.41,0.0,9.34
2024-01-01,-0.48,4.75,-3.93,0.0,9.59
2024-01-02,-0.15,3.23,-1.88,0.0,8.23
2024-01-03,-0.88,1.71,-2.11,0.53,5.96
2024-01-04,-0.91,0.38,-1.58,4.7,5.6
2024-01-05,-1.27,0.31,-6.22,17.5,3.26
2024-01-06,-5.21,1.65,-10.81,0.12,10.7
2024-01-07,-3.24,1.77,-7.04,0.0,9.4
2024-01-08,-1.25,1.85,-3.09,0.0,5.76
2024-01-09,-0.65,2.11,-3.08,0.07,2.96
2024-01-10,-0.67,1.26,-2.49,0.99,3.95
2024-01-11,-1.16,1.49,-3.25,5.29,5.77
2024-01-12,-2.24,-0.3,-3.82,5.81,5.03
2024-01-13,-5.15,-0.61,-8.99,0.08,8.86
2024-01-14,-8.45,-1.66,-15.03,0.02,10.82
2024-01-15,-6.2,-0.84,-10.55,0.25,10.64
2024-01-16,-2.85,0.19,-6.42,4.51,5.88
2024-01-17,-0.84,0.59,-2.34,2.16,4.74
2024-01-18,-0.86,4.08,-4.98,0.01,7.43
2024-01-19,-0.34,2.81,-4.01,0.05,8.25
2024-01-20,0.97,2.46,0.1,0.79,8.3
2024-01-21,1.1,2.14,0.32,11.32,3.15
2024-01-22,-0.4,1.51,-3.11,12.64,3.64
2024-01-23,-1.77,1.13,-3.88,5.62,4.4
2024-01-24,-7.43,-0.53,-13.74,4.36,7.62
2024-01-25,-7.83,-1.11,-14.59,0.06,10.84
2024-01-26,-4.28,-1.45,-6.35,16.57,7.03
2024-01-27,-6.21,-1.93,-13.7,6.03,9.4
2024-01-28,-10.57,-3.4,-17.43,0.05,11.61
2024-01-29,-8.43,-3.24,-13.02,0.62,12.28
2024-01-30,-11.56,-2.52,-18.12,0.0,12.31
2024-01-31,-10.81,-2.38,-17.95,0.0,13.08
2024-02-01,-11.59,-1.71,-18.4,0.0,13.49
2024-02-02,-9.95,-1.8,-17.44,0.0,13.62
2024-02-03,-7.71,-2.54,-12.77,0.32,12.06
2024-02-04,-5.42,-1.6,-8.39,1.36,11.57
2024-02-05,-4.54,-1.47,-7.13,1.03,9.9
2024-02-06,-3.77,0.55,-8.62,0.03,10.98
2024-02-07,-2.13,0.64,-4.57,0.06,13.07
2024-02-08,0.31,1.68,-1.57,0.53,11.12
2024-02-09,0.85,2.08,0.11,4.99,10.05
2024-02-10,0.15,4.1,-2.55,3.61,11.99
2024-02-11,1.32,5.95,-2.15,0.0,13.98
2024-02-12,1.42,6.5,-2.15,0.0,12.33
2024-02-13,2.03,6.78,-0.77,0.37,11.29
2024-02-14,2.21,5.21,0.51,16.8,8.38
2024-02-15,1.59,4.41,-0.26,11.43,10.51
2024-02-16,1.46,4.99,-0.69,1.86,11.35
2024-02-17,0.87,4.12,-1.88,5.77,9.21
2024-02-18,0.5,4.34,-3.1,1.23,12.63
2024-02-19,0.4,4.43,-3.89,0.08,13.37
2024-02-20,1.03,3.82,-0.96,0.38,13.43
2024-02-21,0.75,3.89,-1.17,0.38,13.34
2024-02-22,0.82,3.58,-0.83,1.58,12.21
2024-02-23,0.94,4.27,-1.93,5.3,14.79
2024-02-24,0.12,6.19,-4.35,0.0,17.41
2024-02-25,-0.46,6.4,-4.54,0.0,18.33
2024-02-26,-2.82,2.82,-6.63,0.0,19.11
2024-02-27,-2.82,3.88,-8.37,0.0,19.36
2024-02-28,-1.36,6.18,-9.15,0.0,19.5
2024-02-29,0.77,7.93,-6.68,0.0,19.97
2024-03-01,2.16,8.83,-4.09,0.0,13.59
2024-03-02,1.6,6.55,-1.96,0.0,14.72
2024-03-03,0.43,5.17,-2.36,0.0,13.73
2024-03-04,1.58,5.56,-2.07,0.0,14.21
2024-03-05,1.99,6.96,-1.45,0.22,15.69
2024-03-06,1.51,3.71,-0.51,13.32,6.73
2024-03-07,1.04,3.48,-2.27,4.31,12.5
2024-03-08,-0.29,3.7,-4.35,0.08,13.52
2024-03-09,-0.62,1.64,-2.16,11.4,6.08
2024-03-10,-0.68,2.77,-3.82,2.81,10.07
2024-03-11,-0.49,5.43,-5.95,0.0,16.79
2024-03-12,1.43,8.34,-4.76,0.0,16.54
2024-03-13,2.54,8.67,-2.66,0.0,18.6
2024-03-14,2.89,6.73,-0.7,0.02,12.9
2024-03-15,3.03,7.79,0.34,10.05,8.95
2024-03-16,1.9,5.28,-0.25,1.67,12.01
2024-03-17,2.42,6.2,-0.71,4.38,14.83
2024-03-18,2.87,6.88,0.09,18.6,12.15
2024-03-19,3.16,7.9,-0.5,15.99,5.35
2024-03-20,1.84,6.31,-2.96,2.76,7.34
2024-03-21,2.39,4.92,0.82,24.4,5.76
2024-03-22,1.47,2.89,-0.85,28.11,5.52
2024-03-23,-2.24,0.77,-8.42,15.03,4.85
2024-03-24,-3.48,2.74,-10.03,0.01,11.73
2024-03-25,-1.19,5.54,-8.41,0.43,18.32
2024-03-26,0.81,4.53,-4.0,9.17,14.38
2024-03-27,0.22,5.58,-4.47,0.0,15.49
2024-03-28,5.03,11.4,-0.3,0.02,15.29
2024-03-29,6.74,12.58,-0.28,0.0,20.25
2024-03-30,7.66,15.65,0.92,0.0,22.65
2024-03-31,8.93,17.52,0.26,0.0,21.83
2024-04-01,10.57,17.8,2.54,0.0,22.7
2024-04-02,10.06,16.94,1.69,0.0,21.95
2024-04-03,11.42,17.11,5.52,0.0,22.31
2024-04-04,11.23,17.44,5.18,0.0,19.56
2024-04-05,10.4,15.72,5.07,0.28,21.07
2024-04-06,9.22,14.4,2.35,1.0,17.44
2024-04-07,7.31,10.67,3.93,14.24,10.32
2024-04-08,7.32,10.49,4.68,6.12,12.22
2024-04-09,8.1,13.23,2.74,8.22,14.13
2024-04-10,6.46,10.75,2.62,2.83,13.77
2024-04-11,7.94,11.57,4.04,0.28,12.67
2024-04-12,8.73,14.83,1.56,0.0,18.57
2024-04-13,10.22,17.32,1.41,0.0,25.09
2024-04-14,8.64,13.74,4.69,0.37,20.11
2024-04-15,9.55,15.75,2.99,0.02,25.43
2024-04-16,11.09,18.29,2.82,0.0,26.52
2024-04-17,12.25,18.69,5.52,0.0,25.97
2024-04-18,12.63,18.13,8.0,0.12,21.36
2024-04-19,13.23,19.07,7.07,0.17,21.55
2024-04-20,12.39,18.16,6.3,0.0,21.94
2024-04-21,12.06,16.25,8.6,0.0,22.39
2024-04-22,11.88,18.19,5.56,0.0,26.67
2024-04-23,12.19,19.37,4.41,0.0,20.41
2024-04-24,14.39,21.53,5.81,0.0,21.46
2024-04-25,15.76,21.52,8.76,0.0,23.46
2024-04-26,17.22,20.76,13.9,0.02,23.26
2024-04-27,16.54,21.25,9.89,0.0,19.14
2024-04-28,17.01,23.05,10.12,0.01,24.01
2024-04-29,16.98,23.51,8.36,0.0,26.91
2024-04-30,14.31,18.04,9.19,0.69,22.7
2024-05-01,13.47,17.06,10.29,4.33,16.73
2024-05-02,12.45,15.53,9.78,4.74,11.6
2024-05-03,11.17,16.23,7.38,0.39,19.0
2024-05-04,9.61,14.72,4.75,1.24,17.11
2024-05-05,7.25,10.22,4.25,6.11,7.54
2024-05-06,6.96,10.2,4.59,12.14,9.16
2024-05-07,6.76,10.11,3.98,0.75,14.45
2024-05-08,8.73,15.69,0.55,0.18,28.01
2024-05-09,10.42,17.04,2.15,0.0,28.4
2024-05-10,12.55,16.93,8.29,0.01,20.77
2024-05-11,10.77,15.6,8.02,3.73,6.29
2024-05-12,11.4,16.75,6.31,4.34,18.14
2024-05-13,8.5,11.98,5.73,6.4,12.19
2024-05-14,8.23,12.7,4.24,4.09,17.29
2024-05-15,8.67,11.85,4.83,0.72,21.4
2024-05-16,9.45,13.9,4.19,1.63,19.13
2024-05-17,8.5,15.62,0.0,0.14,29.35
2024-05-18,10.77,18.0,2.01,0.04,30.63
2024-05-19,13.14,17.38,8.41,0.27,21.66
2024-05-20,12.74,19.11,4.23,0.0,25.87
2024-05-21,13.81,19.68,7.21,0.06,26.29
2024-05-22,14.73,20.66,7.36,0.03,28.69
2024-05-23,14.49,20.72,9.25,3.64,19.21
2024-05-24,13.49,19.2,8.58,0.21,17.36
2024-05-25,12.02,16.02,8.2,5.09,14.95
2024-05-26,12.3,15.36,9.33,9.96,15.3
2024-05-27,13.84,19.41,8.11,3.49,20.74
2024-05-28,15.42,22.3,9.5,1.87,23.97
2024-05-29,16.25,22.29,8.96,1.34,28.05
2024-05-30,17.77,23.72,12.29,0.83,23.05
2024-05-31,17.26,22.45,11.83,0.0,29.97
2024-06-01,15.0,20.44,8.47,0.05,25.25
2024-06-02,15.15,23.56,5.24,0.0,32.43
2024-06-03,17.25,24.88,7.99,0.0,31.73
2024-06-04,18.8,25.56,10.23,0.0,31.04
2024-06-05,19.44,25.88,11.77,0.0,30.09
2024-06-06,20.13,26.59,11.54,0.0,30.27
2024-06-07,20.29,26.97,13.22,0.09,27.83
2024-06-08,19.07,25.52,14.41,1.3,21.32
2024-06-09,17.91,24.85,11.31,0.05,25.09
2024-06-10,16.31,23.01,10.94,1.3,23.08
2024-06-11,17.36,24.95,9.25,0.0,30.17
2024-06-12,17.96,26.3,9.14,0.0,32.14
2024-06-13,19.05,26.46,11.17,0.0,30.12
2024-06-14,18.96,26.52,10.67,0.0,31.52
2024-06-15,20.5,26.84,12.46,0.02,26.17
2024-06-16,21.39,27.43,14.36,0.44,29.34
2024-06-17,22.52,28.83,15.34,0.0,30.71
2024-06-18,22.73,29.83,14.25,0.0,30.65
2024-06-19,22.53,29.6,14.05,0.0,30.85
2024-06-20,23.57,31.12,15.29,0.0,29.49
2024-06-21,21.22,28.95,14.48,0.01,31.93
2024-06-22,20.25,28.25,12.72,0.0,32.49
2024-06-23,21.83,30.11,12.96,0.03,31.48
2024-06-24,22.59,30.1,14.1,0.0,30.87
2024-06-25,22.43,30.26,14.18,0.04,30.8
2024-06-26,19.16,27.71,10.23,0.01,27.82
2024-06-27,16.82,26.33,7.09,0.0,32.71
2024-06-28,18.86,27.64,10.05,0.04,32.58
2024-06-29,19.97,28.55,10.6,0.04,31.09
2024-06-30,20.72,29.08,13.57,4.24,25.81
2024-07-01,18.74,25.08,12.55,1.95,19.95
2024-07-02,17.67,23.86,10.78,2.51,25.66
2024-07-03,19.94,26.23,13.31,0.01,29.12
2024-07-04,23.25,29.79,15.71,0.0,29.3
2024-07-05,25.04,31.67,18.66,0.0,31.21
2024-07-06,24.18,33.03,14.35,0.31,26.71
2024-07-07,22.98,30.83,17.54,4.52,23.48
2024-07-08,21.88,28.22,16.16,2.86,21.11
2024-07-09,21.38,27.69,15.52,3.13,21.71
2024-07-10,21.91,28.89,15.3,4.54,24.52
2024-07-11,24.11,31.74,14.48,0.02,28.57
2024-07-12,25.71,32.32,17.98,0.0,28.58
2024-07-13,24.0,31.97,15.64,0.19,27.77
2024-07-14,24.14,31.73,17.37,1.4,20.6
2024-07-15,23.33,28.83,17.97,1.36,19.18
2024-07-16,24.59,31.64,18.0,0.14,24.07
2024-07-17,25.5,33.55,17.15,0.96,24.39
2024-07-18,23.58,31.16,16.62,4.63,21.3
2024-07-19,22.61,30.47,15.96,0.36,25.98
2024-07-20,21.71,28.27,16.5,0.91,24.39
2024-07-21,22.57,30.56,15.29,0.0,28.7
2024-07-22,24.43,32.43,15.98,0.0,28.16
2024-07-23,25.07,33.18,17.17,0.04,29.07
2024-07-24,23.74,32.41,16.48,0.04,28.2
2024-07-25,23.07,32.01,14.14,0.0,28.87
2024-07-26,24.84,32.81,15.76,0.38,25.11
2024-07-27,23.27,30.37,16.67,0.17,22.33
2024-07-28,20.84,28.61,14.33,0.82,25.05
2024-07-29,21.14,30.77,11.76,0.0,29.46
2024-07-30,23.1,32.27,14.17,0.0,29.32
2024-07-31,23.25,31.78,15.22,0.0,26.28
